:020000040800F2
:1000000000040020510300085303000853030008B4
:100010005303000853030008530300085303000868
:10002000530300085303000853030008ED7F000842
:100030005303000853030008530300085303000848
:100040005303000853030008530300085303000838
:100050005303000853030008AD7F0008697F0008C0
:10006000257F0008E17E00089D7E0008657C000871
:10007000517C00083D7C0008297C0008157C0008A4
:10008000017C0008ED7B00085303000853030008BF
:10009000530300085303000853030008B57D00080C
:1000A000857C00087D7C0008817C0008797C000844
:1000B00019790008C9780008B5780008557A000851
:1000C000BD790008530300085303000853030008D8
:1000D00053030008530300085303000853030008A8
:1000E000997C0008530300085303000853030008D9
:1000F000DD78000853030008530300085303000889
:100100005303000853030008530300085303000877
:10011000530300085303000805790008F17800082C
:10012000D97B0008C57B0008B17B00089D7B0008D7
:10013000897B000853030008530300085303000899
:100140005303000853030008530300085303000837
:100150005303000853030008530300085303000827
:10016000530300085303000853030008B175000847
:100170005303000853030008530300085303000807
:1001800053030008530300085303000853030008F7
:1001900053030008530300085303000853030008E7
:0801A00011020008E90100084A
:1001A8000348044B834202D0034B03B118477047FE
:1001B800DC110020DC110020000000000548064981
:1001C8000B1AD90F01EBA301491002D0034B03B15D
:1001D80018477047DC110020DC11002000000000E7
:1001E80010B5064C237843B9FFF7DAFF044B13B177
:1001F8000448AFF300800123237010BDE0110020F4
:1002080000000000F4A0000808B5044B1BB1044925
:100218000448AFF30080BDE80840CFE700000000C5
:10022800E4110020F4A0000872B6394880F3088869
:10023800384880F3098838484EF60851CEF2000154
:10024800086040F20000CCF200004EF63471CEF2A5
:1002580000010860BFF34F8FBFF36F8F40F20000BB
:10026800C0F2F0004EF68851CEF200010860BFF3EC
:100278004F8FBFF36F8F4FF00000E1EE100A4EF67C
:100288003C71CEF200010860062080F31488BFF3A9
:100298006F8F07F02FFF08F0B5FF4FF055301F495B
:1002A8001B4A91423CBF41F8040BFAE71C49194A22
:1002B80091423CBF41F8040BFAE71A491A4A1B4B12
:1002C8009A423EBF51F8040B42F8040BF8E70020AD
:1002D8001749184A91423CBF41F8040BFAE707F066
:1002E800E1FE07F006FF144C144DAC4203DA54F853
:1002F800041B8847F9E707F0FFFE114C114DAC428B
:1003080003DA54F8041B8847F9E707F0F1BE000048
:1003180000040020000C002000000008000000205D
:1003280000040020F4A00008000C0020DC110020CC
:10033800E011002060230020A0010008A4010008AB
:10034800A4010008A80100086EE700F000F8FEE725
:100358002DE9F04F2DED108AC1F80CD0C3689D46E9
:10036800BDEC108ABDE8F08F002383F3118828467E
:10037800A047002007F046FEFEE707F067FE00DF13
:10038800FEE7000000000000F8B52DED028B57ECE9
:10039800106B55EC114B00F0C7F8614BB0EE408A7A
:1003A800F0EE608A93F9003001332AD022462B46BA
:1003B8002046294601F084FC18BB32463B463046AD
:1003C800394601F07DFC002844D100220023304644
:1003D800394601F043FCD8B10022002320462946C3
:1003E80001F03CFC00283DD145EC104B00F0DEFE4E
:1003F80038B1204629460022002301F039FC0028A4
:100408005BD1B0EE480AF0EE680ABDEC028BF8BD8D
:10041800B0EE480AF0EE680A00F0C8FE58B30022B1
:10042800002351EC180B01F019FC0028E9D047EC27
:10043800106B00F0BBFE0028E3D045EC104B00F039
:10044800B5FE0028DDD001F01DFE222303609FEDDC
:100458002C8BD6E7204629460022002301F0FEFB1C
:100468000028CED09FED288BB0EE480AF0EE680A3F
:10047800BDEC028BF8BD47EC106B00F097FE00282E
:10048800CDD045EC104B00F091FE0028C7D053ECBE
:10049800182B18EE100A194601F012FC18BB01F0CF
:1004A800F1FD22230360002200233046394601F083
:1004B800DFFB48B99FED168BA3E701F0E3FD21238D
:1004C80003609FED158B9CE745EC104B00F080FE18
:1004D80022462B4651EC100B01F0C0FB0028E9D155
:1004E8009FED0D8B8DE701F0CDFD0022002321212A
:1004F80001601046194601F073FA41EC180B80E7C9
:100508000000000000000000000000000000F03FB4
:10051800000000000000F07F000000000000F0FF75
:10052800000C0020000000002DE9F04F51EC110BE9
:1005380021F0004555EA000393B03DD059EC108BEB
:10054800694B29F000449C424E4610EE10AA2CDC60
:100558000F4611EE10CA36D09D4226DC624B9D42F2
:1005680020D0002ECDE9000138DB4FF0000BBCF1A4
:10057800000F4ED15C4B9D4200F094805B4B9D4236
:1005880000F0A180B7F1804F00F09E84584B9F4245
:100598003FD1002E3DDB49EC108B13B0BDE8F04F86
:1005A80000F02EBDBCF1000FDBD004F1404404F58F
:1005B800801454EA0A030BD14C49002041EC100B7B
:1005C80013B0BDE8F08FB8F1000F01D1A542C5DD29
:1005D800484813B0BDE8F04F00F0F2BD464B9D42CD
:1005E80077DCA3F154739D420EDD2B15A3F2FF3384
:1005F800142B40F37184C3F134032CFA03F202FA8A
:1006080003F3634500F0B7844FF0000BBCF1000F13
:10061800B4D049EC108B00F0BFFD51EC100BBAF1CF
:10062800000F22D124B1314B26F040429A421CD10E
:10063800002F05DA02460B4600202C4901F0D0F9BC
:10064800002EBBDA04F1404404F5801454EA0B038D
:1006580040F0648402460B461046194600F0DEFE60
:1006680002460B4601F0BCF9A8E7F30F03F1FF3A85
:100678005BEA0A0330D0214B9D4243DD03F104734A
:100688009D4240F3AF831E4B9C4240F33B83002FB7
:1006980040F33B8312A3D3E900231046194601F027
:1006A80075F88BE704F1404303F5801353EA0A0316
:1006B80082D0134B9C4240F35383002FC0F2258312
:1006C800DDE900017AE7002FC0F2F683404649468B
:1006D80074E74FF0020B4AE742464B46BCE700BFBF
:1006E8009C7500883CE4377E0000F07F0000F03FF6
:1006F8000000E03FE8A00008FFFF3F430000E041A2
:10070800FFFFEF3FD24B3340002B40F0D383002252
:10071800D04B01F03BF86FF034060C462315CE4A57
:10072800C4F31304A3F2FF3344F07F559E19944297
:100738000D9645F4401540F3B083C84B9C4240F3F6
:10074800F6839FEDAD7B8DED087B8DED107B9FEDE6
:10075800AC7B8DED067B01360D96A5F580154FF027
:100768000008DDE906232946064600F057FEDDE9C4
:100778000623CDE90A013046294600F051FE02461B
:100788000B460020B64901F02BF903460C46CDE98B
:100798000E3402460B46DDE90A0100F0F7FF6B1044
:1007A80043F0005303F500230A462F46014603EBA6
:1007B80008050023CDE902120293DDE9028900242D
:1007C800CDE904122B4622464046494600F0DEFF9A
:1007D80002460B46DDE90A0100F020FEDDE90623AA
:1007E800CDE90A012046294600F018FE02460B46CC
:1007F8003046394600F012FE42464B4600F0C6FF2E
:1008080002460B46DDE90A0100F008FEDDE90E2389
:1008180000F0BCFFDDE90445CDE9060122462B4680
:100828002046294600F0B2FF77A3D3E90023044607
:100838000D4600F0ABFF76A3D3E9002300F0F0FDEE
:1008480022462B4600F0A2FF73A3D3E9002300F051
:10085800E7FD22462B4600F099FF71A3D3E9002358
:1008680000F0DEFD22462B4600F090FF6EA3D3E990
:10087800002300F0D5FD22462B4600F087FF6CA32D
:10088800D3E9002300F0CCFD224606460F462B464E
:100898002046294600F07AFF02460B463046394684
:1008A80000F074FF424604460D464B46DDE904015C
:1008B80000F0B6FDDDE9062300F068FF22462B466E
:1008C80000F0AEFD424606460F464B4640464946B6
:1008D80000F05CFF0022634BCDE90A0100F0A0FDA7
:1008E80032463B4600F09CFD02980D4604462246DF
:1008F8002B464046494600F049FF0022804689467B
:10090800584B2046294600F089FDDDE90A2300F00E
:1009180085FD02460B463046394600F07FFDDDE98D
:10092800042300F033FF224606460F462B46DDE936
:10093800060100F02BFF02460B463046394600F010
:100948006FFD06460F4602460B464046494600F0F4
:1009580067FD029838A3D3E9002304460D4600F04A
:1009680015FF4246CDE904014B462046294600F0D2
:1009780055FD02460B463046394600F04FFD30A380
:10098800D3E9002300F002FF2FA3D3E90023064692
:100998000F462046294600F0F9FE02460B4630462F
:1009A800394600F03DFDDDE9102300F039FD04462D
:1009B8000D980D4600F080FE224606460F462B464F
:1009C800DDE9040100F02CFDDDE9082300F028FD35
:1009D80032463B4600F024FD029832463B468046AC
:1009E800894600F01BFDDDE9082300F017FDDDE96D
:1009F800042339E0AFF3008000000000000000008D
:100A0800000000000000F03FEF4E454A287ECA3F34
:100A180065DBC9934A86CD3F01411DA96074D13F6A
:100A28004D268F515555D53FFFAB6FDBB66DDB3F7C
:100A3800033333333333E33F000000E009C7EE3FAD
:100A4800FD033ADC09C7EE3FF5015B14E02F3EBE1B
:100A58000000F07F000040438E98030079B60B0039
:100A68000000F03F0000084000F0D8FC0B460246AA
:100A78002946204600F0D2FC0BF1FF3353EA0A0363
:100A8800CDE9020140F067819FEDB97B8DED047BD4
:100A9800DDE9002300261046194632461F4600F0BD
:100AA800BDFC42464B4600F071FEDDE9002382465C
:100AB8008B46DDE9020100F069FE02460B4650460E
:100AC800594600F0ADFC32468B4682463B464046CE
:100AD8004946CDE900AB00F059FE0B460246804678
:100AE80089465046594600F09BFCB94B994204464A
:100AF8000D468B4640F30C8101F13F4303F5E003BB
:100B0800034340F0FD819CA3D3E90023DDE9000104
:100B180000F086FC424606460F464B4620462946CC
:100B280000F07CFC02460B463046394601F0BEF820
:100B3800002840F0E581CBF30A534FF48012A3F26A
:100B4800FE3342FA03F35B44C3F30A52A14DA2F207
:100B5800FF321541C3F3130423EA05010020C2F153
:100B6800140A44F48014BBF1000F02460B4644FA01
:100B78000AFA40464946B8BFCAF1000A00F04EFCDE
:100B8800804689464246DDE900014B4600F048FCB4
:100B98004FEA0A5B0D46002479A3D3E900232046D7
:100BA800294600F0F3FD424606460F464B462046CE
:100BB800294600F033FC02460B46DDE9000100F04F
:100BC8002DFC71A3D3E9002300F0E0FD70A3D3E965
:100BD8000023804689462046294600F0D7FD024674
:100BE8000B464046494600F01BFC804689460246B3
:100BF8000B463046394600F013FC32463B46044665
:100C08000D4600F00BFC02460B464046494600F0F4
:100C180005FC2246804689462B462046294600F098
:100C2800B5FD5DA3D3E9002306460F4600F0AEFDEF
:100C38005BA3D3E9002300F0F1FB32463B4600F00A
:100C4800A5FD59A3D3E9002300F0EAFB32463B4651
:100C580000F09CFD56A3D3E9002300F0DFFB3246E9
:100C68003B4600F093FD54A3D3E9002300F0D8FBE2
:100C780032463B4600F08AFD02460B46204629468E
:100C880000F0CCFB06460F4602460B462046294696
:100C980000F07CFD0022CDE900014FF08043304692
:100CA800394600F0BBFB02460B46DDE9000100F0C7
:100CB80097FE424606460F464B462046294600F018
:100CC80065FD42464B4600F0ABFB02460B463046FC
:100CD800394600F0A3FB22462B4600F09FFB024654
:100CE8000B4600203C4900F099FB8B44BBF5801F64
:100CF80002460B46C0F237815946DDE9042300F06D
:100D080045FD5BE4002FFFF6C5AC0020002155E44B
:100D1800DFF8CCC021F00043634540F3EB802F4B54
:100D28000B4403430AD142464B4600F077FBDDE90A
:100D3800002300F0B1FF00283FF4FDAEDDE9040117
:100D48001FA3D3E9002300F021FD1DA3D3E900234D
:100D580000F01CFD32E49FED1C7B8DED047B97E6D3
:100D6800002FD2DADDE90034184604F1004125E409
:100D7800000000000000F0BFFE822B654715973C7D
:100D880000000000432EE63FEF39FAFE422EE63F10
:100D9800396CA80C615C20BED0A4BE726937663E6F
:100DA800F16BD2C541BDBB3E2CDE25AF6A56113F63
:100DB80093BDBE166CC1663F3E5555555555C53F4A
:100DC80059F3F8C21F6EA501000000000000F03FB3
:100DD800FFFF8F40FFFF0F000000F03F00346F3F20
:100DE800FFCB9040824B9C428CDD824B9C423FF76C
:100DF8004EAC00227F4B00F011FB69A3D3E900231E
:100E080004460D4600F0C2FC67A3D3E9002306465A
:100E18000F462046294600F0B9FC00228046894644
:100E2800754B2046294600F0B1FC02460B4660A1EE
:100E3800D1E9000100F0F2FA22462B4600F0A6FCA8
:100E480002460B4600206D4900F0E8FA2246CDE93B
:100E580002012B462046294600F098FC02460B4624
:100E6800DDE9020100F092FC53A3D3E9002300F06E
:100E78008DFC02460B464046494600F0CFFA024632
:100E88000B4604460D463046394600F0C9FA0020A4
:100E98008046894632463B46E6E59FED497B8DED27
:100EA800087B8DED107B9FED487B4FF000088DEDA2
:100EB800067B56E4002631E442464B4600204D4965
:100EC80000F08EFDFFF77ABB42464B464046494646
:100ED80000F05CFCFFF772BBBCF1000F36D1C3F128
:100EE800140345FA03F202FA03F3AB424DD0E3468A
:100EF800FFF744BB414A93424DDCB346B2464AE64B
:100F0800DDE9040132A3D3E9002300F03FFC30A35C
:100F1800D3E9002300F03AFCFFF750BBBBF1010F07
:100F28007FF44CAB01F100431946FFF747BB9FED37
:100F38002A7B8DED087B9FED2A7B8DED107B9FED45
:100F48002A7B4FF480288DED067B0AE449EC108B50
:100F580000F022F951EC100BBAF1000F7FF4BCAB92
:100F6800D346FFF75FBB504643EC102B00F0C0F9A7
:100F780051EC100BC1E602F00102C2F1020BBCF108
:100F8800000F3FF4FBAAFFF744BB02F00102C2F1D5
:100F9800020BFFF7F3BA1B15CFE500BFAFF30080D4
:100FA800000000604715F73F44DF5DF80BAE543E84
:100FB800555555555555D53FFE822B654715F73F75
:100FC8000000000000000000000000000000F03FEA
:100FD8009C7500883CE4377E0000004003B8E23F7F
:100FE80006D0CF43EBFD4C3E000000000000F83F68
:100FF800FEFFEF3F0000F03F0000D03F0000E03F61
:101008002DE9F041634955EC104BA94300F09F804E
:10101800002D2B4610EE102A52DD5FEA255E00F007
:10102800B180C3F31303AEF2FF3E43F48013D10F34
:101038001EF0010F01EB43034FEA420403D0E40F13
:1010480004EB430394004FF0000C4FEA6E0E664623
:1010580016254FF40012B118994202DC5B1A8E185B
:1010680094445B00013D03EBD4734FEA52024FEA0C
:101078004404F0D12F4620204FF0004209E041D02F
:10108800E10F01384FEA520201EB43034FEA4404EF
:1010980041D0B34202EB0501F1DD002901EB020565
:1010A80009DBB0469B1BA14288BF03F1FF33641ADA
:1010B80017444646E4E7002DF3DB06F10108F1E7A3
:1010C80025F00041214339D0002D50D1D40A153BD9
:1010D80052052146002CF9D0E50256D4002000E044
:1010E80028464900CC0200F10105F9D50C46114605
:1010F800AA40C5F1200521FA05F5A3EB000E45EA43
:1011080004038EE7A142BBD8002901EB0205D2DB1C
:1011180098460023CBE7234312D178084FEA6C01A5
:1011280001F17F511CF0010F01F5001118BF40F0CB
:10113800004001EB0E53024643EC102BBDE8F08152
:101148007B1C16BF781C0CF1010C4008E6E710EE7A
:10115800102A2B4610EE100A294600F017FB2246EB
:101168002B4600F05DF941EC100BBDE8F0812046FC
:10117800294600F053F902460B4600F031FC41ECD9
:10118800100BDBE729467346A8E7114620254FF0E8
:10119800FF30B0E70000F07F51EC100B10EE102A82
:1011A80021F0004343EC102B704700BF10EE903A3B
:1011B80043F0004000F58010C00F704700000000A9
:1011C8009FED010B704700BF000000000000F87F92
:1011D800F0B553EC102BC3F30A56A6F2FF301328D0
:1011E80083B019464FEAD37410EE105A37DC002842
:1011F8002DDB3D4E064103EA060717432BD0760840
:1012080033401D430CD04FF48023132821EA0606EF
:1012180043FA00F141EA06010CBF4FF000450025F2
:10122800324800EBC4042A46D4E900450B46204660
:10123800294600F0F5F8CDE9000122462B46DDE904
:10124800000100F0EBF841EC100B03B0F0BD23F007
:101258000040104322D143EC102B03B0F0BD3328DB
:1012680009DDB0F5806FF6D110EE100A00F0D8F85D
:1012780041EC100BF1E7A6F213464FF0FF30F040B7
:101288000242E8D040080242CAD04FF0804325EA23
:10129800000043FA06F640EA0605C1E7C3F3130067
:1012A800104345420543114800EBC400D0E90067EC
:1012B800590C2D0B490405F4002545EA0103304675
:1012C800394600F0ADF8CDE900013B463246DDE98C
:1012D800000100F0A3F821F0004343EAC47141EC97
:1012E800100B03B0F0BD00BFFFFF0F00889300088C
:1012F80038B553EC102BC3F30A511C46054681BB85
:1013080010EE101A23F00044214329D01946002278
:101318003D4B3E4C10EE100A00F038FAA54202464A
:101328000B4616DB0C46C1F30A513639294440F204
:10133800FE70814221DC002947DC11F1350F34DAD7
:101348004CF250318D4218DC002B27A1D1E9000165
:1013580044DB25A3D3E9002300F018FA41EC100B75
:1013680038BD40F2FF708142E0D110EE100A1946F4
:1013780000F056F841EC100B38BD002B1CA1D1E948
:10138800000107DB1AA3D3E9002300F0FFF941ECC1
:10139800100B38BD18A1D1E9000115A3D3E900232A
:1013A80000F0F4F941EC100BF3E724F0FF4424F4C7
:1013B800E004363144EA0153104619460022144B22
:1013C80000F0E4F941EC100B38BD24F0FF4424F49C
:1013D800E00444EA015343EC102B38BD08A1D1E9DD
:1013E8000001B6E7AFF3008059F3F8C21F6EA501FC
:1013F8009C7500883CE4377E9C7500883CE437FE89
:1014080059F3F8C21F6EA58100005043B03CFFFF9E
:101418000000903C81F0004102E000BF83F00043EF
:1014280030B54FEA41044FEA430594EA050F08BF77
:1014380090EA020F1FBF54EA000C55EA020C7FEA3B
:10144800645C7FEA655C00F0E2804FEA5454D4EBB8
:101458005555B8BF6D420CDD2C4480EA020281EA82
:10146800030382EA000083EA010180EA020281EABA
:101478000303362D88BF30BD11F0004F4FEA01310C
:101488004FF4801C4CEA113102D0404261EB41011B
:1014980013F0004F4FEA03334CEA133302D05242A1
:1014A80063EB430394EA050F00F0A780A4F101045D
:1014B800D5F1200E0DDB02FA0EFC22FA05F2801897
:1014C80041F1000103FA0EF2801843FA05F359417D
:1014D8000EE0A5F120050EF1200E012A03FA0EFCFC
:1014E80028BF4CF0020C43FA05F3C01851EBE37126
:1014F80001F0004507D54FF0000EDCF1000C7EEB43
:1015080000006EEB0101B1F5801F1BD3B1F5001F80
:101518000CD349085FEA30004FEA3C0C04F101049F
:101528004FEA445212F5800F80F09A80BCF1004FC8
:1015380008BF5FEA500C50F1000041EB045141EA4A
:10154800050130BD5FEA4C0C404141EB0101013C13
:1015580028BFB1F5801FE9D291F0000F04BF014602
:101568000020B1FA81F308BF2033A3F10B03B3F1D4
:1015780020020CDA0C3208DD02F1140CC2F10C0264
:1015880001FA0CF021FA02F10CE002F11402D8BFC2
:10159800C2F1200C01FA02F120FA0CFCDCBF41EA8E
:1015A8000C019040E41AA2BF01EB0451294330BD5D
:1015B8006FEA04041F3C1CDA0C340EDC04F114043A
:1015C800C4F1200220FA04F001FA02F340EA030011
:1015D80021FA04F345EA030130BDC4F10C04C4F157
:1015E800200220FA02F001FA04F340EA0300294637
:1015F80030BD21FA04F0294630BD94F0000F83F481
:10160800801306BF81F480110134013D4EE77FEA63
:10161800645C18BF7FEA655C29D094EA050F08BFAF
:1016280090EA020F05D054EA000C04BF1946104690
:1016380030BD91EA030F1EBF0021002030BD5FEAD4
:10164800545C05D14000494128BF41F0004130BDFC
:1016580014F580043CBF01F5801130BD01F0004550
:1016680045F0FE4141F470014FF0000030BD7FEAC3
:10167800645C1ABF194610467FEA655C1CBF0B46BE
:10168800024650EA013406BF52EA033591EA030FD5
:1016980041F4002130BD00BF90F0000F04BF0021CD
:1016A800704730B54FF4806404F132044FF0000500
:1016B8004FF0000150E700BF90F0000F04BF002179
:1016C800704730B54FF4806404F1320410F00045DF
:1016D80048BF40424FF000013EE700BF42004FEADA
:1016E800E2014FEA31014FEA02701FBF12F07F4357
:1016F80093F07F4F81F06051704732F07F4208BF0E
:10170800704793F07F4F04BF41F40021704730B514
:101718004FF4607401F0004521F000411CE700BF60
:1017280050EA010208BF704730B54FF000050AE0E3
:1017380050EA010208BF704730B511F0004502D5E4
:10174800404261EB41014FF4806404F132045FEAE6
:10175800915C3FF4D8AE4FF003025FEADC0C18BF8F
:1017680003325FEADC0C18BF033202EBDC02C2F181
:10177800200300FA03FC20FA02F001FA03FE40EA13
:101788000E0021FA02F11444BDE600BF70B54FF017
:10179800FF0C4CF4E06C1CEA11541DBF1CEA1355F5
:1017A80094EA0C0F95EA0C0F00F0DEF82C4481EA5D
:1017B800030621EA4C5123EA4C5350EA013518BF7D
:1017C80052EA033541F4801143F4801338D0A0FB6A
:1017D80002CE4FF00005E1FB02E506F00042E0FB17
:1017E80003E54FF00006E1FB03569CF0000F18BF1D
:1017F8004EF0010EA4F1FF04B6F5007F64F54074C5
:1018080004D25FEA4E0E6D4146EB060642EAC62157
:1018180041EA55514FEAC52040EA5E504FEACE2EC4
:10182800B4F1FD0C88BFBCF5E06F1ED8BEF1004FC7
:1018380008BF5FEA500E50F1000041EB045170BD43
:1018480006F0004646EA010140EA020081EA030187
:10185800B4EB5C04C2BFD4EB0C0541EA045170BD83
:1018680041F480114FF0000E013C00F3AB8014F1FD
:10187800360FDEBF002001F0004170BDC4F1000446
:10188800203C35DA0C341BDC04F11404C4F12005C7
:1018980000FA05F320FA04F001FA05F240EA020022
:1018A80001F0004221F0004110EBD37021FA04F658
:1018B80042EB06015EEA430E08BF20EAD37070BD12
:1018C800C4F10C04C4F1200500FA04F320FA05F071
:1018D80001FA04F240EA020001F0004110EBD37073
:1018E80041F100015EEA430E08BF20EAD37070BDE3
:1018F800C4F1200500FA05F24EEA020E20FA04F3BC
:1019080001FA05F243EA020321FA04F001F000416A
:1019180021FA04F220EA020000EBD3705EEA430EDB
:1019280008BF20EAD37070BD94F0000F0FD101F00A
:101938000046400041EB010111F4801F08BF013C43
:10194800F7D041EA060195F0000F18BF704703F081
:101958000046520043EB030313F4801F08BF013D08
:10196800F7D043EA0603704794EA0C0F0CEA1355C4
:1019780018BF95EA0C0F0CD050EA410618BF52EA7E
:101988004306D1D181EA030101F000414FF0000084
:1019980070BD50EA410606BF1046194652EA430692
:1019A80019D094EA0C0F02D150EA013613D195EA06
:1019B8000C0F05D152EA03361CBF104619460AD14E
:1019C80081EA030101F0004141F0FE4141F4700158
:1019D8004FF0000070BD41F0FE4141F4780170BD48
:1019E80070B54FF0FF0C4CF4E06C1CEA11541DBFAD
:1019F8001CEA135594EA0C0F95EA0C0F00F0A7F8AF
:101A0800A4EB050481EA030E52EA03354FEA0131DB
:101A180000F088804FEA03334FF0805545EA1313EE
:101A280043EA12634FEA022245EA111545EA1065B6
:101A38004FEA00260EF000419D4208BF964244F14D
:101A4800FD0404F5407402D25B084FEA3202B61A6C
:101A580065EB03055B084FEA32024FF480104FF440
:101A6800002CB6EB020E75EB030E22BFB61A7546B4
:101A780040EA0C005B084FEA3202B6EB020E75EB47
:101A8800030E22BFB61A754640EA5C005B084FEAAF
:101A98003202B6EB020E75EB030E22BFB61A75467C
:101AA80040EA9C005B084FEA3202B6EB020E75EB87
:101AB800030E22BFB61A754640EADC0055EA060E48
:101AC80018D04FEA051545EA16754FEA06164FEA8B
:101AD800C30343EA52734FEAC2025FEA1C1CC0D137
:101AE80011F4801F0BD141EA00014FF000004FF0C4
:101AF800004CB6E711F4801F04BF01430020B4F185
:101B0800FD0C88BFBCF5E06F3FF6AFAEB5EB030C3C
:101B180004BFB6EB020C5FEA500C50F1000041EB39
:101B2800045170BD0EF0004E4EEA113114EB5C0406
:101B3800C2BFD4EB0C0541EA045170BD41F48011D9
:101B48004FF0000E013C90E645EA060E8DE60CEAE1
:101B5800135594EA0C0F08BF95EA0C0F3FF43BAFFE
:101B680094EA0C0F0AD150EA01347FF434AF95EAB5
:101B78000C0F7FF425AF104619462CE795EA0C0F99
:101B880006D152EA03353FF4FDAE1046194622E766
:101B980050EA410618BF52EA43067FF4C5AE50EA40
:101BA80041047FF40DAF52EA43057FF4EBAE12E730
:101BB8004FF0FF3C06E000BF4FF0010C02E000BF11
:101BC8004FF0010C4DF804CD4FEA410C7FEA6C5CF4
:101BD8004FEA430C18BF7FEA6C5C1BD001B050EA97
:101BE800410C0CBF52EA430C91EA030F02BF90EA82
:101BF800020F0020704710F1000F91EA030F58BF41
:101C0800994208BF90422CBFD8176FEAE37040F0A2
:101C1800010070474FEA410C7FEA6C5C02D150EA40
:101C2800013C07D14FEA430C7FEA6C5CD6D152EAFB
:101C3800033CD3D05DF8040B704700BF84461046C0
:101C480062468C461946634600E000BF01B5FFF7BF
:101C5800B7FF002848BF10F1000F01BD4DF808ED8F
:101C6800FFF7F4FF0CBF012000205DF808FB00BF60
:101C78004DF808EDFFF7EAFF34BF012000205DF8BA
:101C880008FB00BF4DF808EDFFF7E0FF94BF012007
:101C980000205DF808FB00BF4DF808EDFFF7CEFF08
:101CA80094BF012000205DF808FB00BF4DF808ED47
:101CB800FFF7C4FF34BF012000205DF808FB00BF18
:101CC8004FEA410C7FEA6C5C02D150EA013C0AD130
:101CD8004FEA430C7FEA6C5C02D152EA033C02D122
:101CE8004FF0000070474FF0010070474FEA410283
:101CF800B2F1E04324BFB3F5001CDCF1FE5C0DD962
:101D080001F0004C4FEAC0024CEA5070B2F1004FAB
:101D180040EB830008BF20F00100704711F0804FAE
:101D280021D113F13872BCBF01F00040704741F473
:101D380080114FEA5252C2F11802C2F1200C10FA77
:101D48000CF320FA02F018BF40F001004FEAC1235B
:101D58004FEAD32303FA0CFC40EA0C0023FA02F3FF
:101D68004FEA4303CCE77FEA625307D150EA0133D5
:101D78001EBF4FF0FE4040F44000704701F00040A5
:101D880040F0FE4040F40000704700BF53B94AB924
:101D9800002908BF00281CBF4FF0FF314FF0FF306B
:101DA80000F06EB9ADF1080C6DE904CE00F006F84C
:101DB800DDF804E0DDE9022304B070472DE9F047BF
:101DC800089D04468C46002B40F083808A421746C3
:101DD80047D9B2FA82F242B1C2F1200024FA00F0E7
:101DE8009140974040EA010C94404FEA1748230C71
:101DF800BCFBF8F61FFA87FE08FB16C143EA01434D
:101E080006FB0EF1994209D9FB1806F1FF3080F064
:101E18001981994240F21681023E3B445B1AA4B2F2
:101E2800B3FBF8F008FB103344EA034400FB0EFE52
:101E3800A64509D93C1900F1FF3380F00581A64574
:101E480040F2028102383C4440EA0640A4EB0E040A
:101E580000261DB1D4400023C5E900433146BDE842
:101E6800F08702B9FFDEB2FA82F2002A50D1CB1B0A
:101E78004FEA174E1FFA87F80126B3FBFEFC210C28
:101E88000EFB1C3341EA034108FB0CF38B4207D9D4
:101E980079180CF1FF3002D28B4200F2E9808446B7
:101EA800C91AA3B2B1FBFEF00EFB101143EA0144BC
:101EB80008FB00F8A04507D93C1900F1FF3302D20E
:101EC800A04500F2D9801846A4EB080440EA0C406B
:101ED800BFE78B4209D9002D00F0B1800026C5E983
:101EE800000130463146BDE8F087B3FA83F6002E8C
:101EF8004AD18B4202D3824200F2B880841A61EB45
:101F0800030101208C46002DA8D0C5E9004CA5E7A7
:101F1800C2F1200320FA03F6974001FA02F04FEAD3
:101F2800174ED9403043030CB1FBFEF61FFA87F871
:101F38000EFB161143EA014306FB08F1994204FA25
:101F480002F409D9FB1806F1FF3C80F08D80994214
:101F580040F28A80023E3B445B1A81B2B3FBFEF03A
:101F68000EFB103341EA034100FB08F38B4207D90B
:101F7800791800F1FF3C73D28B4271D90238394489
:101F8800CB1A40EA064678E7C6F1200C03FA06F4B5
:101F980022FA0CF31C4320FA0CF701FA06F34FEA75
:101FA800144E21FA0CF11F433B0CB1FBFEF91FFA4A
:101FB80084F80EFB191143EA014109FB08FA8A4526
:101FC80002FA06F200FA06F308D9611809F1FF309F
:101FD80048D28A4546D9A9F102092144A1EB0A0150
:101FE800BFB2B1FBFEF00EFB101147EA014700FB40
:101FF80008F8B84507D9E71900F1FF312ED2B845DE
:102008002CD90238274440EA0940A7EB0807A0FB6F
:1020180002894F45C64649461AD317D05DB1B3EB7E
:102028000E0267EB010707FA0CFCF2404CEA0202C9
:10203800F740C5E9002700263146BDE8F0872E465F
:1020480028460BE70646E9E61846FDE64345E5D28D
:10205800B8EB020E69EB04010138DFE70846D2E766
:1020680060468DE78146B9E7664675E730464AE738
:10207800ACF1020C394413E702383C4424E700BFB2
:10208800704700BF014B1868704700BF040C002060
:10209800F0B4860746D0541E002A3CD0CAB2034684
:1020A80002E014F1FF3436D303F8012B9D07F8D171
:1020B800032C29D9CDB245EA05250F2C45EA05455B
:1020C80033D9A4F11006360903F1200707EB0617E8
:1020D80003F1100242E9045542E902551032BA42AE
:1020E800F8D1721C14F00C0F03EB021204F00F0667
:1020F80013D0331F23F003030433134442F8045B63
:102108009342FBD106F003042CB1C9B21C4403F876
:10211800011B9C42FBD1F0BC704734461346002C8F
:10212800F3D1F8E714460346C2E71A462646E0E725
:10213800844641EA000313F003036DD1403A41D3CA
:1021480051F8043B40F8043B51F8043B40F8043B89
:1021580051F8043B40F8043B51F8043B40F8043B79
:1021680051F8043B40F8043B51F8043B40F8043B69
:1021780051F8043B40F8043B51F8043B40F8043B59
:1021880051F8043B40F8043B51F8043B40F8043B49
:1021980051F8043B40F8043B51F8043B40F8043B39
:1021A80051F8043B40F8043B51F8043B40F8043B29
:1021B80051F8043B40F8043B51F8043B40F8043B19
:1021C800403ABDD2303211D351F8043B40F8043BB9
:1021D80051F8043B40F8043B51F8043B40F8043BF9
:1021E80051F8043B40F8043B103AEDD20C3205D3C9
:1021F80051F8043B40F8043B043AF9D2043208D0C1
:10220800D2071CBF11F8013B00F8013B01D30B8832
:1022180003806046704700BF082A13D38B078DD010
:1022280010F003038AD0C3F10403D21ADB071CBFE2
:1022380011F8013B00F8013B80D331F8023B20F84C
:10224800023B7BE7043AD9D3013A11F8013B00F885
:10225800013BF9D20B7803704B7843708B7883700D
:10226800604670472DE9F04F8BB0814616469DF8C1
:1022780050E01598DDE917521C460BB922F0100200
:1022880012F4806A00D00CB312F0200F27460DF12B
:1022980008084FF0000414BF4FF0370B4FF0570BEE
:1022A800B7FBF0FC00FB1C7C5FFA8CF3BCF1090F58
:1022B80094BF30335B44DBB2874208F8013BB7FB7D
:1022C800F0F304F1010401D3202C10D112F0020B19
:1022D8001ED102F001033DB133B1BEF1000F02D1AE
:1022E80012F00C0F00D0013D4FF0300C05E01F46F6
:1022F800D6E702AF07F804C00134169FA74201D9F8
:10230800202CF6D130271BB1A54201D91F2C4AD960
:10231800D70620D5BAF1000F4CD1002C4AD0169B15
:10232800A34201D0AC4245D1631E42D010284BD104
:10233800023C93064AD41F2C18D80AAB23447820B1
:1023480003F8200C01341F2C10D80AAB234430208A
:1023580003F8200C01341F2C08D8BEF1000F3BD025
:102368000AAB23442D2003F8200C0134930750D0E6
:102378003746A24604EB0708A8EB0A02BAF1000F99
:102388004BD1BBF1000F0AD0A8EB06073C46AC4284
:1023980006EB04024CD32E44BD4228BFB04640464B
:1023A8000BB0BDE8F08F0DF1080C0CF80470013487
:1023B800A9E71C461028BCD00228C4D11F2CD5D8A8
:1023C8000AAB23446220BBE71C46F5E71F2CCDD897
:1023D8000AAB23445820B3E7570703D50AAB234475
:1023E8002B20C0E71007C1D50AAB23442020BAE749
:1023F8004FF0FF3320200191C84701990137BD42B2
:1024080008EB0702F4D82F1BA54238BF0027374432
:10241800AFE72746A6EB0408F1E70AF1FF3A02A85E
:102428004FF0FF3310F80A000191C8470199A1E75E
:102438004FF0FF33202001910134C8470199A6E7E6
:10244800C3680122DA625A6100225A621A6142683C
:1024580052681AB1DA6842F00102DA6085221A601D
:10246800704700000C4B1B7893B10C4A013B5BB2E0
:102478000C2101FB032393ED010AB5EEC00AF1EE2E
:1024880010FA05D9064B1B7823B9064A1370704712
:102498009FED050A704700BF201F0020B8220020CA
:1024A80018230020DA210020000000000D498B6A63
:1024B8005B6830B50C6B58684B6862689B68FF288E
:1024C80088BFFF2022F0FF7243EA004322F48032E3
:1024D80094BF00254FF0807513432B4343F480636A
:1024E800636030BD9C1A00204B6843608B68836032
:1024F800CB68C3600B6943614B6903628B694362B4
:102508000B6803607047000000EB810370B5DD685D
:102518002B6803F00303032B5AD0002B0CBF4FF496
:10252800007300232F4A146D6A6904F1804404F58E
:10253800C04404EB01146AB1002262602A8AD0F810
:102548008460013222F001023244C0F8842043F052
:1025580020032660AA69C2B16D8A3E2D05F1FF32BB
:1025680039D942F01F02204E0132521146EA822226
:1025780092B2E260D0F88420013525F001051544B7
:10258800C0F8845043F40053A2608A0002F18042EC
:1025980002F5B84210684404106848BF43F4804309
:1025A800400648BF43F04003194321F4784148F2FC
:1025B800800021F0F001014323F4F163116023F05E
:1025C800070311685B045B0C4B400343136070BD49
:1025D8004FF4C063A6E742F001020132520202F44E
:1025E8007C42C6E7005C00400080FFFF0B4B0C48B4
:1025F8000021802219655964DA644268D2688A42E7
:102608000CBF4FF41C424FF41E421A644023C0F81A
:102618008430044BC360FFF777BF00BF005C004005
:10262800381B0020849E00080E4BDA6942F4000231
:10263800DA610D4ADB69012313640C4BD02183F85E
:102648004A134FF48061C3F888119960E02183F838
:102658004B134FF40061C3F8881199600023136489
:10266800FFF7C4BF00100240005C004000E100E03A
:102678000C4B1B6D03F1804303F5C04303EB0010C3
:1026880011440368426003F1005303F540535B00B3
:10269800002AA1EB020000DC7047008843F8040B15
:1026A800023AF5E7005C0040836970B51A69DD6895
:1026B8001540EAB2D243AE0704461A6103D543680F
:1026C8001B6903B19847680704D563689B690BB118
:1026D80020469847290704D563681B6A0BB1204632
:1026E8009847EA0604D563689B6A0BB12046984769
:1026F800EB0706D563689B681BB12046BDE87040B0
:10270800184770BDC3681969DA680A40D1B2C9436D
:10271800D20719610FD50278042A08D10222027063
:1027280000221A601A61DA6822F0FF02DA60436850
:102738005B6803B1184770472DE9F74FD30902F0DA
:102748000308C2F3411E0193474600224FF00109D6
:102758004FF0030A4FF00F0BCB0732D5019C02F064
:1027680007039B0004FA03FC446809FA02F524EA0B
:1027780005044460856856000AFA06F625EA060547
:102788008560C56825EA060545EA0E050BFA03F3D8
:10279800B8F1020F6FEA0604C5606FEA030317D1A8
:1027A800072A95BF056A456A2B402B4095BF43EA27
:1027B8000C0343EA0C030362436203681C403C4376
:1027C8000460490816D04FEA8E0EBF000132C3E7F5
:1027D80005682C403C43072A046095BF046A446A94
:1027E8002340234095BF43EA0C0343EA0C030362EA
:1027F8004362E6E703B0BDE8F08F000010B4046858
:10280800437B21684268D940126801F00E010A42F0
:102818000FD0827B01FA03F363600132064B53F851
:10282800324034B103EBC203586823465DF8044BC9
:1028380018475DF8044B70473C210020F0B5C46A86
:102848006268136823F00F031360617B22680E230C
:102858008B405360224AA37B15685168012606FA0B
:1028680003F721EA070125EA0705A76851603940FF
:1028780015600DD1E77B07F01F044FEA571CA640EF
:102888000CF1200C174C44F82C603C4484F80013DD
:102898000133002142F8331002EBC3026B0651608A
:1028A80005D1114B5A6922F001025A615B6915F48E
:1028B800786F05D10C4B5A6922F002025A615B69A4
:1028C800816A0C68CA6889680023C36223681A4051
:1028D80003695B6843F001038B4013432360F0BD39
:1028E8003C21002000E100E0001002402DE9F04703
:1028F800D0F804E0C368DEF800505D43836A1A69C3
:102908000B2A00F29780544C0121276891403942E4
:1029180040F09080DFF84881DFF848A1D3F818909C
:102928004FEA021C08EB021601320F4344F832A0AA
:1029380004EBC20211F07F0F27605060474607D0B2
:10294800464AD2F8148048F00108C2F81480526947
:1029580011F4786F07D0414AD2F8148048F0020881
:10296800C2F814805269D4F8048007EB0C0ADAF82C
:10297800082018EA020F1BD19AF80F2002F1604ACA
:102988000AF5614A4FEA09195FFA89F98AF800934A
:1029980002F01F095209920002F1604202F56142F9
:1029A8004FF0010A0AFA09F9C2F88091C2F80090BA
:1029B80041EA0801616007EB0C0457F80C70626883
:1029C800647B116821F00F0111600E21A14079602C
:1029D800002111600469C662A278012A2CD0022A5B
:1029E8002ED02ABB1A68716808325F6802EB87022A
:1029F8008A605A6942F4A06271688068C86042F0CF
:102A08000E024D600A600A681868DEF80C5042F041
:102A180001020A600268D9689B681140626842EA4C
:102A2800C50242F4805242F005029A400A4302600D
:102A3800BDE8F0870026CDE71A6871680C32D4E744
:102A48001A685F687168103202EB870201358A6084
:102A58006D085A69D0E700BF3C21002000100240F1
:102A6800849800082B30000803699B78012B0CD050
:102A7800022B11D0B3B9806A036821B908334168C1
:102A880043F8212070475A617047806A036809B982
:102A98000C33F4E79A617047806A036809B9103308
:102AA800EDE7DA6170470000124B984208BF124BFD
:102AB80070B408BFDA69846A0569266804BF42F001
:102AC8000052DA61E26808BFDB693368A46802EA89
:102AD80003026B6843F0010303FA04F343EA0203B9
:102AE80033602A8808BF012170BC18BF0021FFF796
:102AF800BBBF00BF2C1200200010024038B50C46A6
:102B0800012511460289A5401543058100EB840083
:102B18000025C2685069128A03609A4228BF1A4683
:102B280081604560C56002612046A40004F18044CC
:102B380004F5B844FFF79CFD236823F4F04323F021
:102B4800400383F0300343F4004343F080032360E1
:102B580038BD000010B590F86430142B044636D008
:102B680024D8062B05D001D81BB110BD093B022B78
:102B7800FBD81D490B6823F4F04323F0400383F08E
:102B8800100248F2800002430A600B6823F4904365
:102B980023F0700383F4805303430B6063681B685E
:102BA80013B1062120469847062319E0152BDCD1DE
:102BB8000B2380F86430202383F3118800231A46FE
:102BC8001946FFF79BFF002383F31188CDE7C368FD
:102BD8009B695B68002BC8D1036F03B1984700233A
:102BE80084F86430C1E700BF005C004070B54689D6
:102BF800012404FA01F53543458100EB8100C568DD
:102C0800A8698260002203604260C2602BB16A8AB0
:102C1800013B1344B3FBF2F39CB2890001F18041FC
:102C280001F5B84104820B6823F4904323F0700344
:102C380083F4405343F4004343F080030B6070BDBA
:102C480038B590F864300446002B42D0063BDAB21F
:102C58000F2A38D80F2B36D8DFE803F03B35350874
:102C6800263635353535353535353B3B90F87B10CF
:102C780090F87A20C36E42EA0122934214D2C268C5
:102C8800128AB3FBF2F502FB15356DB9202383F3E5
:102C980011882B462A462946FFF730FF85F311880D
:102CA8000A2384F864300EE0142384F86430202367
:102CB80083F3118800231A4619462046FFF796FF2A
:102CC800002383F3118838BD036F03B198470023AD
:102CD800E7E70E490B6823F4F04323F0400383F041
:102CE800100248F2800002430A600B6823F4904304
:102CF80023F0700383F4805303430B6063681B68FD
:102D080013B10621204698470623CAE7005C004015
:102D180090F87630074A80F87E3043F0800310B58B
:102D2800D36443681B6804460BB101219847032309
:102D3800237010BD005C0040202383F31188022318
:102D48000370C36800221A601A61D96821F0FF0174
:102D5800D96082F31188704730B5202383F3118836
:102D680003784160012B52D13C4B98421AD13C4B1D
:102D7800DA6942F01002DA61DA691A6942F010027F
:102D88001A611A6922F010021A611B69354B702208
:102D980083F836234FF48002C3F884215A60324BFB
:102DA800836034E0314B984218D0314B98422BD194
:102DB8002B4B9A6942F400529A619A69DA6842F494
:102DC8000052DA60DA6822F40052DA60DB68254BD8
:102DD800702283F82C234FF48052DDE7204BDA6908
:102DE80042F02002DA61DA691A6942F020021A61B7
:102DF8001A6922F020021A611B691A4B702283F8A3
:102E080037234FF40002C7E71A4B984215D00A68D7
:102E18008368B3FBF2F3C2688D68013B00249BB260
:102E2800146055609362CB68146123F0FF03D3608C
:102E38000223037084F3118830BD094B9A6942F468
:102E480080329A619A69DA6842F48032DA60DA6824
:102E580022F48032DA60DB68A1E700BF6C1A002038
:102E68000010024000E100E000A24A047C1A0020A1
:102E78008C1A00205C1A002003691960C268013AA4
:102E8800C260C269134482690361934224BF436AE2
:102E9800036100238362036B03B118477047D0E9CD
:102EA80004239A4201D1C26822B9184650F8043B5B
:102EB8000B60704700207047C368C269013BC3605C
:102EC8004369134482694361934224BF436A43615F
:102ED80000238362036B03B118477047202383F3F1
:102EE8001188104B5B6813F4006317D0F1EE103AA9
:102EF800EFF30983683B4FF08072DA610A4AD268BF
:102F08001A6683F30988094A116892698968926880
:102F180091428CBF064A074A9A61704783F3118829
:102F2800704700BF00ED00E030EF00E0241F0020F4
:102F380083030008860300080D4A0E4B516FC268D0
:102F48005B68013230B5C260D0E9044582685B1A1B
:102F58009B1A42688360E41845F1000593420268B1
:102F680088BF43609342C0E9044538BF036030BD61
:102F7800241F0020001000E0014B5B68836070474D
:102F8800001000E0002380F820308268054B1B68A1
:102F980099689142FBD25A68036042601060586099
:102FA800704700BF241F0020F8B5046805460E4688
:102FB8000027AC4200D1F8BDE3683343E3602369DE
:102FC8001E420BD0D4E90103426B134390F8202032
:102FD80043630A2A04D1426A134207D12468E8E706
:102FE8000B2AFBD1426A32EA0303F7D14762FFF7A3
:102FF800C9FFF3E738B504460D462068844200D17E
:1030080038BD036823605C604562FFF7BBFFF4E7E7
:1030180003682BB10022026059621846FFF7B2BF5D
:10302800704738B50D46290704461DD5FFF706FC3D
:10303800FFF704FC43689B6843B105220270002136
:1030480098472378052B04BF022323700025656069
:10305800202383F311884FF0FF3104F11400FFF7A8
:10306800D7FF85F3118838BD6A0703D543685B68C5
:1030780003B19847AB07F6D563685B68002BF2D0BD
:1030880004222270204698472378042B04BF032388
:103098002370E8E7F8B590F86430044613B10023CC
:1030A80080F86430BF4B1B6D03F1804303F5C043C8
:1030B80003EB011104F174008B6803F1005303F56D
:1030C80040535B0003F1100219460433096820F8E5
:1030D800021B9342F8D163689B681BBB94F8743059
:1030E80013F0600546D0AF490B6823F4F04323F092
:1030F800400383F0100248F2800002430A600B6824
:1031080023F4904323F0700383F4805303430B604C
:1031180063681B6813B1062120469847062384F884
:103128006430F8BD204698470028D7D094F87B2013
:1031380094F87A3043EA0223E26E9A4288BFE36643
:1031480094F97430E56E002B4FF0200380F264810F
:10315800002D00F05381092284F8642083F311883C
:103168000021D4E91A232046FFF7C8FC002383F383
:103178001188D6E794F8752003F07F0343EA022309
:1031880040F20232934200F0178121D8B3F5807FD4
:103198004ED00DD8012B45D0022B00F0B680002B65
:1031A800A1D104F17C02A2660222E2662367BDE790
:1031B800B3F5817F00F0C380B3F5407F93D194F8D5
:1031C8007630012B8FD1B4F87C3043F0020338E01D
:1031D800B3F5006F3FD01DD8B3F5A06F37D0A3F576
:1031E800C063012B3FF67FAF94F87920616894F8AB
:1031F80078304E6894F8771043EA0223204694F812
:103208007620B04700283FF46EAF4368A366036892
:10321800E3661AE0B3F5106F22D040F602429342FB
:103228007FF461AF604BA3660223E3660023BDE72A
:1032380094F87630012B7FF456AFB4F87C3023F045
:103248000203C4E91A55A4F87C3025676EE7C4E97F
:103258001A55564BAAE704F17F03A3660123D7E763
:103268002378042B40D1202383F31188A36803F02B
:103278000113A36004F1100604F12C0756F8043B6F
:103288007BB1586920B16FF001010C30FFF7C0FE27
:1032980056F8043C986920B16FF001010C30FFF733
:1032A800B7FEB74246F8045CE8D14023C4F884303E
:1032B800012248F28000930003F1804303F5B843EC
:1032C80001321968082A41EA000119601860F2D130
:1032D800002383F31188032184F87F306368217009
:1032E8001B680BB12046984794F876304BB184F8A8
:1032F8007F300423237063681B6813B102212046C2
:1033080098470023C4E91A3350E794F8783003F05B
:103318000F0213F0800F234B53F8223008D013F01C
:1033280030033FF4E0AE102B14BF214B214B7AE75A
:1033380013F440533FF4D7AEB3F5805FF4E794F845
:103348007630002B7FF4CFAE94F8782012F00F037C
:10335800D7D01BB29B0003F1804303F5B84312F0AA
:10336800800F1A680DD002F03002302AC9D01A68CE
:1033780022F4F04222F0400282F0200242F400429D
:103388000BE002F44052B2F5405FBAD01A6822F45A
:10339800F04222F0400242F4204242F080021A60D9
:1033A800AFE700BF005C0040E4A00008192D00084A
:1033B80044990008509F000894F87630002B7FF459
:1033C80092AE94F8782012F00F039AD01BB29B00AB
:1033D80003F1804303F5B84312F0800F1A6806D052
:1033E80022F4F04222F0400282F01002C6E722F4F2
:1033F800904222F0700282F48052BFE7142284F8CF
:10340800642083F311882B462A4629462046FFF775
:10341800EDFB85F3118884E65DB1152284F86420FC
:1034280083F311880021D4E91A232046FFF7DEFB35
:103438009CE60B2284F8642083F311882B462A46E5
:1034480029462046FFF75AFBE3E700BF08B52023CB
:1034580083F3118890F820200023072A07D8DFE893
:1034680002F00C060604130F0613426A13604FF0AD
:10347800FF334362FFF786FD002383F3118808BDFD
:10348800426A936801339360D0E9003213605A604E
:10349800EDE700001A4902680B4610B553F81C4FB7
:1034A80084420DD041680A60026851609A424FF028
:1034B8000001C16003D0936881680B44936010BD1C
:1034C80000209A42CA615360E06003D14FF0804304
:1034D800D860F4E79368A068896A034493604FF062
:1034E8008042526A501A8342E9D98A1A1A44012A38
:1034F80098BF831C4FF080420B445363DFE700BF43
:10350800241F0020C0E90323294A2DE9F04114466D
:10351800022954F81C3F4FF0804738BF0221A342CC
:103528007E6A9446A6460DD1C2E907009662C0E9B4
:10353800003381600023314479633B610223FB60DF
:10354800BDE8F081956A741B09190A4626D31A4604
:103558004FF0000803E0C2F808801268E41B97687F
:10356800BC42F8D8724505EB040818BF3C1BCCF8E0
:10357800288018BF9460AA1B0A449968914213D303
:1035880059680360416008605860826099688A1AC7
:103598009A604FF0FF33CCF82430D1E799688A421B
:1035A800EBD215447D63E8E71B68521AE5E700BFD4
:1035B800241F002013B504460748C2680B461AB1F9
:1035C8000191FFF767FF019B044A0348214602B0B7
:1035D800BDE81040FFF796BFF421002081380008AD
:1035E800FEE7000030B5202383F31188094C656895
:1035F8002368281A49420840821A9A424FF0000369
:1036080005D3954203D3626083F3118830BD184611
:10361800FAE700BF002100207047704700EB8103E4
:103628002DE9F3419C6A05460E46002C33D0202331
:1036380083F3118805EB86080821201DFFF7B4FCE9
:10364800D8F80C305B691B6804F14407ABB1236DF3
:10365800226E606C01332365A36D1344E26DA3658C
:10366800934224BFA36EA365B84206D0036863647F
:103678005F6000234362FFF785FC01A93846FFF726
:103688000EFC024650B1019B31462846FFF736FA38
:10369800002383F3118802B0BDE8F081D8F80C301C
:1036A8005A691268002AF3D01B8A013B1342EFD1F2
:1036B800E36F1B7E002BEBD105F17402E4E713B531
:1036C800446BE36F1A681178042915D1217A02290D
:1036D80012D11979128901238B4013420CD101A907
:1036E80004F14400FFF7DBFB024628B1E46F019BBD
:1036F80021792068FFF702FA02B010BD38B5C16F12
:103708000C682378042B18D1037A022B15D10A7977
:103718006589012303FA02F22A420ED1D0E907256E
:10372800AA4201D1856955B9836A49792046043B83
:103738000432FFF75BFA002038BD0120FCE7184689
:10374800FAE7113110B550F82140002C2DD0202374
:1037580083F3118804216018FFF726FCE26FE06804
:103768001368527903EB820304F10C01DB689B694F
:103778005A68E3691A60A2690132A261A26A134415
:10378800626AE361934224BF236BE361814206D0FE
:103798000368E360596000234362FFF7F3FB2046A8
:1037A800FFF7ACFF002383F3118810BD406BFFF7D0
:1037B800A5BF80B2400000F1006000F578300078C5
:1037C8007047000037B50C4C8DF8070023780B487C
:1037D800002B50F8D43F4FF00102DD690DF10701CD
:1037E8000CBF4FF4FA730023A847B0FA80F35B09C3
:1037F80040B2237003B030BDB4220020000D002079
:1038080013B5202383F31188094C2178042904D0A7
:10381800002383F3118802B010BDADF8050003231F
:1038280001AA20468DF80410FFF768F9F0E700BFF9
:10383800381B002013B5202383F31188094C217805
:10384800042904D0002383F3118802B010BD032398
:10385800ADF8050001AA20468DF80430FFF74EF9AF
:10386800F0E700BF381B002070470000014B1878B4
:10387800704700BF0822002070B52023064683F356
:1038880011880378042B03D0002383F3118870BDBB
:10389800144B1B78DB09F7D1134C2278002AF3D09C
:1038A800124B1B78002BEFD003899B0704D4104AD6
:1038B80008230121FFF722F90E4B247840F2E73064
:1038C800A4FB034520184FF000014FF47A724FF023
:1038D800000345EB0101FEF759FA31468000FFF776
:1038E80069FED1E72A220020F0210020F40F0020F1
:1038F80009220020A0860100F8B590F8743003F082
:103908007F02212A044672D113F0800F90F87500C7
:103918001FD0022817D003280BD0012867D194F8AC
:103928007830002B56D14D4AA2662022E2662367E2
:1039380008E0B4F87820002A59D10120C4E91B0214
:10394800474BA366F8BD474BA3660120E0660023FA
:10395800EDE70A2842D00B280ED0092847D194F861
:10396800782012F0FD0F42D13F4BA3660223E36695
:103978003E4B23670120E5E7B4F8783053BB94F851
:103988007650374B002D14BF012100211970384B98
:103998001A7861F3C7121A701CD1324B1A78CAB15F
:1039A800202282F311881E78324B40F2E730A6FBC2
:1039B800036730184FF000014FF47A724FF000039C
:1039C80047EB0101FEF7E2F921468000FFF7F2FD1F
:1039D80085F311880023C4E91A33CAE72449214B27
:1039E8000D7894F877201A70ED09F3D1D7E7B4F879
:1039F800741040F28162914208D01F4A92F8B610C2
:103A0800D1B992F80A22BAB900209BE794F8792034
:103A1800616894F878304D6894F8771043EA022387
:103A2800204694F87620A8470028EDD04368A3667E
:103A38000368E36600239CE703F06003202BE3D1CF
:103A480094F87530212B05D81F2BDDD90B4BA366B5
:103A58000723EEE7222BBDD0D6E700BF09220020BE
:103A6800F40F0020F021002088220020893A000865
:103A78002A220020A0860100000D0020F50F00205A
:103A880090F87A10074A0229137807D103F0FB034C
:103A9800012B05D1044B52781A707047024A1370F3
:103AA800704700BF882200200822002010B5084A6D
:103AB800084C117824784B1C03F00F039C421DBF5F
:103AC800054C13706054002018BF012010BD00BFC2
:103AD800D8210020D9210020C821002042EA012253
:103AE800100A032811B214D00CD8012828D00228B3
:103AF8000CD1154A7B231548002AC0E9003208BFBB
:103B08001046704721280DD0222812D000231A46CB
:103B1800F1E7CBB2022BF9D80D4A0E4952F823200F
:103B2800CB5CE8E7032BF1D80B4A52F82320092392
:103B3800E1E7032BEAD8094A094952F82320EFE7BD
:103B4800084A1223D7E700BF8696000834210020D0
:103B58002496000830960008349600084496000819
:103B680082960008239700080020704710B1024B86
:103B78001B681847704700BFA80F0020074B084A6A
:103B88001A60BFF34F8F0749074BCA6802F4E06217
:103B98001343CB60BFF34F8F00BFFDE7FC9F0020AE
:103BA800EFBEADDE00ED00E00400FA0538B52023D5
:103BB80083F311884FF08043596A002383F31188F7
:103BC800074B084C1B68084AC91A4FF47A7000253D
:103BD800E0FB0145002320462946FEF7D7F838BD0B
:103BE800802200209F860100A0860100024B1A78DF
:103BF8000AB100221A70704776220020C0F307230A
:103C080013B500EB83000B4900F00704C0F3C400B0
:103C180000EB800000220144104611F8013BE3400C
:103C280003F00103934001321843052AC0B2F4D1CE
:103C380002B010BDA0220020C0F3072337B500EB67
:103C4800830000F0070301229A40C0F3C4000A4B26
:103C580000EB8000D2B218440024057821FA04F35E
:103C680043F300036B40134001346B40052C00F80C
:103C7800013BF2D103B030BDA0220020054B064A1B
:103C88001B7812789A4200D17047013303F007037A
:103C9800F8E700BF5B2300205A230020054A11885B
:103CA800814205D0044B10801B680BB11B69184773
:103CB800704700BF2C220020A4210020054A11884B
:103CC800814205D0044B10801B680BB1DB68184794
:103CD800704700BF2E220020A4210020024B186844
:103CE80008B1036818477047A4210020520002EB6E
:103CF800C10101EB401108B501F12700FFF759FD9B
:103D0800000283B201F12800FFF753FD184380B287
:103D180008BD82B00328ADF804100AD89DF8051034
:103D2800032906D89DF80420032A02D802B0FFF719
:103D3800DDBF002002B070470B4BDA68D0070CD407
:103D4800DA6851070BD4DA68D2060AD4D86800F0CA
:103D58000100C0F10500C0B2704701207047022081
:103D680070470320704700BF0020024073B5044627
:103D7800FFF7E2FF0025FF2601280FD114B906201E
:103D880002B070BD01950196019B1BB9FFF7D4FFE6
:103D9800013CF1E7019B013B0193F5E7002C08BFCB
:103DA8000620EDE710B50B4C236943F002032361AD
:103DB8006061236943F04003236140F6FF70FFF719
:103DC800D5FF06281EBF236923F00203236134238D
:103DD800E36010BD0020024070B505461F200E4666
:103DE800FFF7C4FF052810D1084C236943F00103ED
:103DF80023611F202E80FFF7B9FF06281EBF236905
:103E080023F0010323613423E36070BD00200240E6
:103E1800B0F5805F2DE9F041884602D30020BDE867
:103E2800F081450005F1006404F578344FF6FF721F
:103E380023889BB293424FEAA02604D12046FFF77D
:103E4800CBFF80B2EBE7F602154F06F1006606F5E8
:103E580078364FF4006231463846FEF769F9237820
:103E68009845DBD040F2FE70284007F8008040F605
:103E7800FF70FFF77BFF052802D13046FFF792FF5E
:103E88000024395D61F0FF014B1C03D089B2301961
:103E9800FFF7A2FF0234B4F5006FF2D1D1E700BFFB
:103EA8005C120020F8B585B26E1CB6B26B007200C9
:103EB80003F1006302F1006203F5783302F578320A
:103EC800AC1CA4B219781078620002F1006202F505
:103ED8007832EF1CBFB213787A0002F1006202F563
:103EE80078321B04127843EA00230B4353EA026337
:103EF80011D000212846FFF78BFF00213046FFF73D
:103F080087FF00212046FFF783FF38460021BDE8E0
:103F1800F840FFF77DBFF8BD10B5A724A0B2002177
:103F28000134FFF775FFB4F5806FF7D110BD0000BD
:103F38002DE9F74FDFF8608000264FF02009F500E3
:103F4800474618E03BF8023B0193190A2046FFF761
:103F58005FFF019B601CD9B280B20AF1010AFFF72A
:103F680057FF0234BAF1040FA4B2EBD10835A945C2
:103F780007F1080706D005F12704A4B2BB464FF0A5
:103F8800000ADFE70436102E09F1200908F120089D
:103F9800D5D103B0BDE8F08F789F000810B5042490
:103FA80040F6FF70FFF7E2FE052808D1C4EB445045
:103FB800C00200F1006000F58020FFF7F3FE013C2D
:103FC800EED110BD10B5FFF7E9FFEA210020FFF799
:103FD8001FFFFE210120FFF71BFF00210220FFF732
:103FE80017FF002103200024FFF712FF1C4B214676
:103FF80004201C60FFF70CFF21462220FFF708FF72
:1040080021460520FFF704FF21460620FFF700FFA1
:10401800FF210720FFF7FCFE0820FFF743FF21469A
:104028000D20FFF7F5FE1820FFF73CFF214617206B
:10403800FFF7EEFE1C20FFF735FF21462020FFF793
:10404800E7FE21462120FFF7E3FE1820FFF72AFFAD
:104058000F20FFF727FFBDE810401320FFF722BF0E
:104068002C210020364BF02893F902200AD193F92D
:10407800031000290CDA0021D97052B9314A002105
:10408800117006E0F1280DD193F903100029F2DC34
:1040980072B11A795B7913435AB2002B4FD12A4B6C
:1040A8001A707047F22806D1002AF1DA00229A70B5
:1040B80093F90320E1E7F32802D1002AF6DCE7E7C9
:1040C800F92893F9041004D10029E1DD00211971C0
:1040D800DEE7FA2802D10029DADAF7E7FB2893F9B4
:1040E800051004D10029D3DA00215971D0E7FC2842
:1040F80002D10029F8DCCBE700F10C01C9B2042990
:1041080007D8F43801218140587820EA0100587016
:10411800BEE7FD2805D10D48017821F001010170A5
:10412800B6E7FE2804D10948017821F00201F6E734
:10413800FF28ADD10548017821F00401EFE7704769
:104148004922002050220020512200204F22002026
:104158000F4B1B78D90710D49A0710D45B0712D4D9
:104168000C4B1B786BB1272B0DD8DB002822B3FB37
:10417800F2F398B24BB1C0B270470220FBE70420BB
:10418800F9E70120F7E70820F5E70120704700BFAD
:104198004F220020512200200E4B1B78D90711D442
:1041A8009A0711D45B0711D40B4B1B7883B1132BDF
:1041B8004FF0320004D813FB00F31420B3FBF0F0E7
:1041C800C0B270470C20FBE71920F9E73220F7E767
:1041D8000520F5E74F22002050220020F02808B5DE
:1041E80005D1FFF7D9FF4042294BD87008BDF12807
:1041F80002D1FFF7D1FFF7E7F22805D1FFF7CCFF8F
:104208004042234B9870F1E7F32802D1FFF7C4FF2F
:10421800F7E7F92804D1FFF79BFF1D4B1871E5E775
:10422800FA2803D1FFF794FF4042F6E7FB2805D1AF
:10423800FFF78EFF4042164B5871D7E7FC2802D192
:10424800FFF786FFF7E700F10C03DBB2042B08D871
:104258000F4A0123F43803FA00F0537818435070DA
:10426800C4E7FD2805D10B4A137843F00103137006
:10427800BCE7FE2804D1074A137843F00203F6E7A7
:10428800FF28B3D1034A137843F00403EFE700BFD4
:10429800492200204F22002007EE900AB8EE677AE4
:1042A800DFED087ADFED086A27EE277AC7EE267A6F
:1042B8009FED067A67EE877AFCEEE77A17EE903A7A
:1042C80098B27047000070420000F04500007A4440
:1042D80008B5202282F31188012100F00F039940CC
:1042E80020F00F00FEF728FA002383F3118808BD99
:1042F800294B1A78510707D500F01801082927D14A
:1043080000F0F70040F00400110707D500F018018D
:10431800182926D100F0E70040F014005B78D9078F
:1043280007D500F01801082924D100F0F70040F063
:104338000100990707D500F01803182B23D100F0C6
:10434800E70040F01100D30648BF00F0E7007047CF
:1043580000F01401042904BF00F0FB0040F008003D
:10436800D2E700F01401142904BF00F0EB0040F07C
:104378001800D3E700F01101012904BF00F0FE0086
:1043880040F00800D5E700F01103112B04BF00F03E
:10439800EE0040F01800D6E72A22002013B5ADF849
:1043A80004100199FFF7B5FCE728044600F286805F
:1043B800DF280ED8312873D015D8292869D02A28A3
:1043C80075D0012C51D0231F9BB2A12B28BF0024EC
:1043D8004BE0A0F1E003072B73D8DFE803F0187275
:1043E800282D3872424939280BD0822809D035281F
:1043F80048D0A72C6FD8A42CE3D9243C44F480449B
:104408008CE07C4B1B789807F3D0E0242DE0794AA8
:104418001378D90700F1E880527812F0010F24D000
:1044280013F0100F08BFE32418BF00241DE0714BE0
:104438001B7813F0040FF2E76E4A1378580700F15F
:10444800D5805278D107E0D413F0100FECE7694B10
:104458005A78920709D51B7813F0100F08BFE72484
:10446800E2E7644B1B781807F6D4204602B010BD6B
:10447800604A1378190700F1BB8052789207E3D598
:10448800E424F2E75B4B1B7813F0200F18BF2924B4
:10449800EBE7584B1B7813F0200F18BF3524E4E7DF
:1044A800544B1B7813F0400F18BF2A24DDE7514BFB
:1044B8001B7813F0400F18BF3124D6E7B0F5A44F8E
:1044C8002ED2B4F5A24F76D2FF2C0BD8EF2C90D970
:1044D80044F4A04422E0BE2C60D9A4F1E1039BB2CD
:1044E800072B73E7B4F5A04F0AD2B4F5804F5DD21D
:1044F800A4F580739BB2B3F5F85F0FD30024B4E73B
:10450800C4F38103C4F3011204F003005B01012426
:1045180043EA022384401C4344F40C44A4B2A4E7B5
:10452800B0F5AC4F1AD2B0F5AA4FC0B249D2B4F523
:10453800A84F0ED28308B4F5A64F00F003004FF041
:10454800010404FA00F040EA4314E5D344F40A44B1
:10455800E4E74AF2F40444EA002486E7B0F5B44FED
:104568000CD2B0F5B24F34D2A0F5B0439BB2FF2BBA
:10457800C4D84AF2F00040EA0424CFE7A0F5C043CB
:104588009BB2B3F5005FB9D2C0F30420FFF7B0FEC9
:10459800000200F4F850E4B2044317E05834164B14
:1045A800E4B233F8144044F488445EE7C4F30B04DF
:1045B80044F4204459E7E4B24AF2F10343EA0424FC
:1045C80053E7FFF795FE000200F4F85444F4005452
:1045D8004BE700F00F00FFF78BFEC4F3031440EA2B
:1045E800042444F4104499E739243EE7E2243CE7E4
:1045F800E6243AE72A220020549600080D4B73B5AA
:104608001E680D4BADF804001B681F241E4326FAD4
:1046180004F3DB07E5B205D4013CF8D200252846AF
:1046280002B070BD01992846FFF7B8FE80B2012894
:10463800F2D0F4E7382200202C21002007B5ADF88D
:1046480004000198FFF7DAFF019903B05DF804EB65
:10465800FFF7A4BE07B5ADF804000198FFF7EEFF19
:10466800C3B2C0F30322C0F3033002380D281DD8AB
:10467800DFE800F007071C1C161C1C1C07071A1C87
:104688001C1AF02B14D006D8E72B8CBF0020012071
:1046980003B05DF804FBF42B14BF00200120F7E7FA
:1046A800E72B05D9F12BF7E7D008F1E70020EFE772
:1046B8000120EDE7030943EA0010C0B2830080102F
:1046C80000F0330003F0CC03034358005B1003F001
:1046D800550300F0AA001843704713B502AB03E96D
:1046E80003009DF80230009873B16AB1FFF786FFA6
:1046F800044601460098FFF79FFA0099204602B049
:10470800BDE81040FFF705BBFFF778FA0446F4E769
:1047180070B500EB810305465069DA600E46144611
:1047280018B114220021FDF7B3FCA06918B11422B6
:104738000021FDF7ADFC31462846BDE87040FDF785
:10474800E3BE0000F8B50546052900F2AF80DFE8B2
:1047580001F0B1AD25B1AE03202686F31188714D65
:104768000024012105F1D800FEF71EFC85F8E84079
:1047780085F8204184F3118886F31188012105F515
:104788000B70FEF711FC85F83C4285F8744284F3FF
:1047980011880520BDE8F840FFF788B9202383F386
:1047A8001188604C604A0121FFF7B2FF5F4A04217B
:1047B8002846FFF7ADFF94F8B41004F144022846E8
:1047C800FFF7A6FF94F8B51004F168022846FFF732
:1047D8009FFF94F8B61021B104F18C022846FFF728
:1047E80097FFD4F8043152480026C4E93C336FF0EF
:1047F8000101C4E94266C4F8EC60FEF7FBFBD4F89B
:104808003831C4F82431D4F83C314A4884F8E86097
:10481800C4E94A336FF00101C4E95066FEF7EAFBC8
:104828000121454884F82061FEF7BEFB4348FEF7A6
:1048380065FF434A94F808122846FFF769FF94F881
:104848000912404A2846FFF763FF94F80A1219B183
:104858003D4A2846FFF75CFFD4F858323B4800250C
:10486800C4E99133C4E99755C4F840526FF0010187
:10487800FEF7C0FBD4F88C32C4F87832D4F8903202
:10488800334884F83C52C4E99F33C4E9A5556FF016
:104898000101FEF7AFFB01212E4884F87452FEF7A0
:1048A80083FB2D48FEF72AFF85F31188F8BD042005
:1048B800FFF7FCF8202787F311881A4C012504F12B
:1048C800D8000221FEF770FB04F1E00084F8E850FC
:1048D8006FF00101FEF78EFB84F820516FF00101A3
:1048E80004F58C70FEF786FB002686F3118887F3A3
:1048F8001188022104F50B70FEF756FB04F50D70C4
:1049080084F83C526FF00101FEF774FB84F874528E
:104918006FF0010104F51B70FEF76CFB86F311883C
:10492800C4E700BF000D0020549F000888A00008BD
:10493800E00D0020180E0020D80D0020D40D002016
:10494800980E0020BC0E0020E00E0020340F00203E
:104958006C0F00202C0F0020280F00202DE9F347B2
:10496800202383F31188324C0025264601274FF473
:10497800AA78A946D4F850311A68117804294CD17C
:1049880094F8DC10022948D11B79128907FA03F33D
:10499800134242D1D4E94A3293423ED108FB056121
:1049A800D1F82421002A38D0D4F84021002A34D064
:1049B800043AD21A31D01A60D1F82421013AC1F848
:1049C8002421D4F83421C4F840911344D4F8302178
:1049D800C4F82831934224BFD4F83C31C4F82831B4
:1049E80001A904F58C70FEF75AFAD4F850311A7EF2
:1049F800824652B101981A690021121A5044FDF7F3
:104A080047FBD4F850311B690193D4F85001019B3E
:104A1800017900685246FEF771F804F5AA742DB1C1
:104A2800002383F3118802B0BDE8F0870125A1E7D0
:104A3800000D0020094A1278831C4AB1084A92F9ED
:104A48000020002A04DA1E2200211846FDF720BBA8
:104A58000022C0F802209A80704700BFF40F00209F
:104A68002A22002030B4164C4162A36981689D68EF
:104A7800A9420246214602D830BCFEF783BA00207C
:104A880083F82000204600688468A542FBD3446868
:104A980018605C602360436001208A6182F820000E
:104AA800EFF30980DC696438844203D972B6054B98
:104AB800CB62FEE730BC19461046FBF749BC00BF85
:104AC800241F0020FC94000810B52023044683F31B
:104AD80011880378022B0CD0FDF7B0FE00230222C8
:104AE80043600270406920B163616FF00101FFF714
:104AF800B9FF002383F3118810BD000008B50E48E4
:104B0800FEF71AF90D48FFF7DFFF40F2FF720021A8
:104B18000A48FDF7A9FF0A48FEF70EF90948FFF70A
:104B2800D3FF084840F2FF720021FDF79DFFBDE862
:104B380008400548FEF700B96C1A0020FC11002057
:104B48007C1A00202C1200208C1A002038B50D4D3C
:104B58002C78B4B90C4B1C70FFF7D0FF0B4B0C49E9
:104B68001C700C4B1C700C4B1C800C4B22460134E7
:104B7800082C1A8059601A8103F10C03F7D101231C
:104B88002B7038BD980C0020201F002077220020B1
:104B9800000080BF7822002046220020B822002092
:104BA800024B1B780BB1FFF7D1BF70475222002090
:104BB800F8B5394E3378002B6CD1384B384A1B780E
:104BC800127843EA02231BB213F58B7F01D0FFF75B
:104BD800F9F9344B34481A78344B1A700022344BA4
:104BE80011460132082A19805860198103F10C0313
:104BF800F7D1032210214FF09040FDF79DFD2023AF
:104C080083F311882B4D2C4B2B612B78012B08D16A
:104C18002A4BDA6942F00052DA612846DB69FDF76F
:104C280043FF02272F70002383F311882449254866
:104C3800FEF792F8032220214FF09040FDF77CFD0B
:104C4800202383F31188204C204B23612378012BE8
:104C580002D12046FDF728FF2770002383F311882F
:104C68001B491C48FEF778F8AB6A1B491A681B48B1
:104C7800136823F002031360A36A1A68136823F405
:104C880000331360FEF768F801233370BDE8F8407D
:104C9800FFF75CBFF8BD00BF221F002000E003083B
:104CA80002E003080EE00308000080BF211F002077
:104CB800B8220020FC110020449E00080010024089
:104CC800C40F00206C1A00202C1200204C9E0008F3
:104CD800D40F00207C1A0020E40F00208C1A00203A
:104CE8002DE9F843494B1B780746D8072DED028B71
:104CF800B0EE408A73D5464B1B780BB9FFF758FFC7
:104D0800444EDFF814813378B5EEC08AF1EE10FA1C
:104D180003F1FF3948BFB1EE488A4D460C22691CA1
:104D280052D10133DBB2082B6ED9082333703A4BCA
:104D3800002503F10C0494E807000135072D83E8EA
:104D480007002346F5D1354A01231370344A1370FE
:104D580033785C1EFEF72AFF0C23634308EB03023B
:104D680028F8030017812F4F82ED018AFEF71EFFF6
:104D78003B78A3B3202686F311882B482B4B8360FE
:104D88004FF480782A4BC0F80C80032543600570E7
:104D98000024FDF7ABFD84F3118886F311882548BC
:104DA800254B0570C0E90238244B4360FDF79EFD92
:104DB80084F3118886F3118821480570FDF740FBBC
:104DC80084F311883C700AE002FB0584D4ED017A73
:104DD800F4EE487AF1EE10FA14D1A94503DCBDECE3
:104DE800028BBDE8F88304F10C0696E8070084E816
:104DF8000700FEF7DBFE0135A08184ED048AA78257
:104E08003446EAE7013D8AE733709CE7211F00201A
:104E1800221F0020201F0020B8220020AA220020E4
:104E280078220020980C0020FC110020449A0008E9
:104E3800549E00082C120020449C0008649E000820
:104E48008C1A0020214B1B78DB0770B504460D46F1
:104E580003D4BDE87040FFF779BE1D4B1B780BB932
:104E6800FFF7A6FE1B4B1B780BB1FFF76FFE1A4B23
:104E7800D4ED017A194E01221A70194A34600023C0
:104E88001370184AFCEEE77A1580174A174D13700D
:104E98002B8017EE903A98B2FFF7FEF994ED000ACE
:104EA800FFF71EFFFEF782FE114B2A881880336831
:104EB80003EBC203D3ED017AFCEEE77A17EE903AE2
:104EC80098B2FFF7E9F90B4B188070BD211F00203D
:104ED800221F002078220020772200207022002044
:104EE8006A2200206C220020742200200821002061
:104EF800342200204622002008B5FFF751FE044B5B
:104F0800044800221A700821BDE80840FFF79ABF3C
:104F1800522200202011002008B5074B19780720DD
:104F280041F001011970FEF773FFBDE8084003481E
:104F38000221FFF787BF00BF211F0020AC0C002013
:104F4800F8B5264DB5EEC00A2B78F1EE10FA2DED26
:104F5800028BB0EE408A48BFB1EE408A002B3AD0AF
:104F68001F4B1B780BB9FFF723FE1E4B072418466F
:104F7800D3ED167AF4EE487AF1EE10FA26D10C2128
:104F88006143002243184252174959601A810F465B
:104F98001646072C0ED1154B01261E70144B1C7893
:104FA800013CE4B21C70B4B9FFF7A8FD114B2C709A
:104FB8001E7010E003F10C0C9CE80700013483E834
:104FC80007009E811F619E826346E2E7013C621CE6
:104FD800A3F10C03CCD1BDEC028BF8BD78220020E4
:104FE800221F0020B8220020000080BFAA22002033
:104FF800201F0020980C00202DE9F84F9C4B9D4F56
:105008001D783B7813B9002D00F02F81FEF7CEFDF7
:105018008046002D7DD100253B786BB1964B974C8F
:105028001B78974F002B18BF1D4600264FF6FD78BA
:105038003B789E42C0F2FF80924B1A78002A00F01B
:10504800118100221A70904CFDF70CFA2046FDF7EA
:1050580073FE012210214FF09040FDF76DFB4FF0D9
:105068009045B5EEC00A1026F1EE10FA2E831CD931
:10507800DFED867A864930EE000A204620EE270AC0
:10508800BCEEC00A81ED000AFDF766FE202383F31B
:10509800118803212170FDF7D3F9002383F31188C8
:1050A8000A4628463146FDF747FB7A4CFDF7DAF900
:1050B8002046FDF741FE012220214FF09040FDF7E8
:1050C8003BFB4FF09046B5EEC00A2025F1EE10FAF2
:1050D800358340F2CA80DFED6D7A6F4930EE000A01
:1050E800204620EE270ABCEEC00A81ED000AFDF733
:1050F80033FE85F3118803212170FDF7A1F9002300
:1051080083F311880A4630462946BDE8F84FFDF773
:1051180013BBDFF8A091614EB9F800A0FEF746FD79
:105128003488A0EB0A039BB29C423FF674AFFEF7AB
:105138003DFDA9F80080DFF88081B8F800B0A244EE
:105148000BF10109A0EB0A001FFA89F984B2A8F84B
:105158000090FEF72BFD524B1988894505D3514B1A
:105168001B7853B30023A8F800304F484F4BB8F8CA
:1051780000A090F800C01A6886464FEACA03BCF13E
:10518800000F1ED102EBCB0902EB030C99ED007A5C
:10519800DCED007AB4EE677AF1EE10FA11D1012352
:1051A80003700220FFF778F89FED410A0446FFF7E5
:1051B80097FDA8F800B034802EE7BDE8F84FFFF758
:1051C800C5BC1344D3ED017AFCEEE77A4FF0000931
:1051D80017EE903A98B28EF80090FFF75DF84B46BC
:1051E8000139844211D80BB1A8F800A08442B8F85C
:1051F80000303ABF001B84B2012402EBC30292EDD7
:10520800000A2046FFF76CFDD5E70AF101098A4537
:105218001FFA89F9E7DA02EBC903D3ED017AFCEE4C
:10522800E77A201A17EE903A84B298B2FFF734F86A
:10523800CA462B46D5E7B4F8089009F1FF339BB26C
:1052480043450CD8B4F800A0FEF7B0FCA0EB0A0068
:1052580080B2814503D894ED010AFFF771FE01364B
:105268000C34E5E6002D7FF4EEAEBDE8F88F00BF04
:105278007722002078220020DA210020B82200209E
:10528800201F0020AA2200206C1A00200000804362
:10529800C40F00207C1A0020D40F002046220020D2
:1052A8006C220020742200206A2200207022002034
:1052B8000000000034220020082100200D4B9969CD
:1052C80010B481F82000186802681A60536001223F
:1052D800986180F82020EFF30982CC69643A9442FF
:1052E80003D972B6044ADA62FEE75DF8044BFBF7AD
:1052F8002FB800BF241F0020FC94000830B54B1CB9
:105308000B4D87B0044610D0AB690A4A01A8FEF7D6
:10531800F9F82046FFF7D2FF049B13B101A8FEF766
:10532800B9F8AB69586A07B030BDFFF7C7FFF8E7AF
:10533800241F00205534000870B5114E04460D4650
:10534800E3683BB123691A1DA262E2691344E36270
:1053580000200EE0237A6BB97DB1B36962681C60E6
:105368005A602946136004206360FFF7C7FF0028CE
:10537800E6DA70BD6FF00100FBE74FF0FF30F8E7A9
:10538800241F00202DE9F84F04460D4691469A4601
:105398004FF0200888F311880026B346A76A4FB952
:1053A80051462046FFF7C8FF20B187F311883046E1
:1053B800BDE8F88FD4E90A073A1AA9EB060797421D
:1053C80028BF1746402F1BD905F1400355F8042B79
:1053D80040F8042B9D42F9D1A36A4033A3624036BA
:1053E800D4E90A239A4204D3E16920460439FDF737
:1053F80043FD8BF311884E45D9D288F31188CDE748
:1054080029463A46FCF794FEA36A3B443D44A3620E
:105418003E44E5E74430FFF7B5BF4FF0FF33443073
:10542800FFF7B0BF70B520230D460446114683F33D
:105438001188866A2EB9FFF77FFF10B186F31188AD
:1054480070BDA36A1D70A36AE26A01339342A36226
:1054580004D3E16920460439FDF70EFD002080F3EE
:105468001188EDE74430FFF7DDBF4FF0FF324430DD
:10547800FFF7D8BF70B5114E04460D46E3683BB13F
:105488006269131D1268A3621344E36200200EE0F0
:10549800237A6BB97DB1B36962681C605A6029468A
:1054A800136004206360FFF729FF0028E6DA70BD67
:1054B8006FF00100FBE74FF0FF30F8E7241F0020F2
:1054C8002DE9F84F04460E4690469946202787F363
:1054D80011880025AA46D4F828B0BBF1000F09D1DD
:1054E80049462046FFF7C6FF20B18BF311882846AE
:1054F800BDE8F88FD4E90A12A8EB050B521A9345B8
:1055080028BF9346BBF1400F1BD9334601F1400237
:1055180051F8040B43F8040B9142F9D1A36A4033C4
:105528004036A3624035D4E90A239A4202D3204682
:10553800FDF7C2FC8AF311884545D8D287F3118854
:10554800C9E730465A46FCF7F3FDA36A5B445E445C
:10555800A3625D44E7E70C30FFF7B2BF4FF0FF33BB
:105568000C30FFF7ADBF70B52023044683F31188D4
:10557800866A3EB9FFF77EFF054618B186F31188A3
:10558800284670BDA36AE26A13F8015BA3629342DE
:1055980002D32046FDF790FC002383F31188EFE740
:1055A8000C30FFF7E0BF4FF0FF310C30FFF7DBBFE7
:1055B80008B50146202383F311880820FFF79EFED3
:1055C800002383F3118808BD08B502210948FFF7B5
:1055D80039FC42F21070FFF7EBFFFFF7B7FA064B02
:1055E80019786FF3000119700720BDE80840C9B2A7
:1055F800FEF70EBC9C0C0020211F002007B52023BD
:10560800024683F31188114B1978042905D0002329
:1056180083F3118803B05DF804FB1989C9060FD517
:10562800DB690B495B69896943F80C1F01904B6280
:1056380003204FF47A71FFF761FE0130019AE6D03A
:10564800024806230421FDF759FAE0E7381B002039
:10565800241F002070B52023044683F31188234DAE
:105668002B78042B2E4628D1214A2B8992F9002029
:10567800002A26DA1F4A12781AB3DA0610D4202331
:10568800224604211948FDF739FA1B4B224604F13A
:10569800200152F8040B43F8040B8A42F9D10CE0BC
:1056A800EB69164A5B69926943F80C2F0320536231
:1056B800FFF704FE2B78042BE1D0002383F3118835
:1056C80070BD9B0703D4082322460121DAE733691A
:1056D8000A4A5B69926943F80C2F03205362FFF76B
:1056E800EDFD3378042BE8D1EDE700BF381B00202F
:1056F8002A220020F40F002009220020241F002065
:105708000FB42DE9F04F8DB016ABDFF82CA453F889
:10571800046B0B9398460024307878B96FF0010237
:10572800A2424FF0FF3328BF22460AA9FEF71EFA0D
:1057380020460DB0BDE8F04F04B07047252806F1AB
:10574800010608D02246651C4FF0FF330AA9FEF770
:105758000DFA2C46E0E7002206E02D2B14D0302B62
:105768000CD142F001020E46314611F8013B2B2BB9
:105778000DD0F2D8202B0DD0232B0ED0A3F1300062
:10578800092827D8002510E042F00202EBE742F092
:105798000402E8E742F00802E5E742F01002E2E717
:1057A8000A2000FB0535303D0E46314611F8013B15
:1057B800A3F130000928F3D933782E2B44D171781E
:1057C800A1F13000092806F1010342F4806233D8C0
:1057D800002711E02A2B08D158F8045B002DBCBF24
:1057E80042F002026D420E46E6E70025E4E70A238E
:1057F80003FB0717303F0346184610F8011BA1F1B9
:105808003006092EF3D91E4616F8011B6C2923D041
:105818001DD8682927D06A292ED01E4616F8010BF4
:1058280078288FD861282AD825288BD0582889D15C
:1058380042F02002102169E02A2906D158F8047B99
:10584800B31C27EAE777DEE733460027DBE77A2948
:10585800E3D142F48072E1E759786C29F9D142F436
:1058680040729E1CDAE75978682902D042F080021B
:10587800D4E742F0C002F4E742F40072CEE7A0F1A8
:105888006203162B3FF65EAF01A151F823F000BF6B
:10589800F5580008B9590008F55800084D57000890
:1058A8004D5700084D5700084D570008F558000897
:1058B8004D5700084D5700084D5700084D57000830
:1058C8004D570008F5580008115B00084D570008AF
:1058D8004D5700083B5A00084D570008F558000876
:1058E8004D5700084D570008F55800087828A1D0F2
:1058F8006F2800F01C81622800F01B81692822F0C3
:1059080010024FF00A0103D0642801D022F00C02E3
:10591800530548BF22F00102692802F4007301D040
:10592800642825D1002B7FF4F7AED30508F10409CC
:1059380013D5D8F80030CDE90117CDE90352002B73
:105948004FEAD3720092B8BF5B4222460AA950467A
:10595800FCF788FCC8460446DEE612F0400FD8F88B
:10596800003001D0DBB2E6E7100648BF1BB2E2E721
:10597800002B7FF4D1AED00508F1040907D5CDE995
:105988000352CDE901170093D8F80030DDE712F093
:10599800400FD8F8003007D0DBB2CDE9035200221F
:1059A800CDE901170092D0E7100648BF9BB2F4E793
:1059B80012F0020728D04FF0010958F8040B4FF0F5
:1059C800FF3322460AA9C0B204F1010BFEF7CEF854
:1059D8006FB34C465A4622E04FF0FF330AA9202005
:1059E800FEF7C4F804EB090209F101094D45F3D8A3
:1059F800002D05F1FF3308BF002305F101091C4400
:105A080008BF4FF00209D8E7B946EBE7571C4FF03B
:105A1800FF330AA92020FEF7A9F801343A46A54227
:105A2800F4D8A5EB09034D4538BF00239B445C46D9
:105A380072E64346002F53F8049B069314BF3B4677
:105A48004FF0FF334B44C84698F8001009B143455E
:105A580011D112F48063A8EB0908079302D0B84566
:105A680028BFB84612F0020308931DD1A8EB04031F
:105A7800224609930BE008F10108E5E702F1010B62
:105A88004FF0FF330AA92020FEF770F85A46099B09
:105A9800D3189D42F2D8A5EB0803454538BF00232B
:105AA80008F101081C449844A4EB090B06E01F46C2
:105AB8004FF0FF3322460AA9FEF758F80BEB09040A
:105AC80019F8010B28B1079B002BF1D07B1E002F82
:105AD800EDD1089BABB12246A8EB040708E002F120
:105AE80001094FF0FF330AA92020FEF73FF84A4684
:105AF800D319AB42F3D3A5EB0803454538BF0023C0
:105B08001C44DDF8188007E642F021020823CDE99D
:105B18000273049200231022CDE900320AA922461A
:105B280058F8043B5046FCF79DFB0446F4E5082171
:105B3800ECE60221EAE600BF753B0008F8B52E4AFC
:105B48002E4B12781B782E4C13432E4A127813438F
:105B58002D4A23701278AAB1134323702B4B1B785C
:105B6800002B3FD02A4B93F90030002BACBF062303
:105B78001E2328490022013BDBB2FF2B34D10AB196
:105B8800FEF734F8244B1B68002B34D01F4A1278D8
:105B980042B11F4A92F90020002ABFBF22786270E2
:105BA800052222701D4D5B68154898472B785807C9
:105BB80021D5D90702D51A48FFF7A2FD194F0026AB
:105BC8002B78DA0703D5A15D3846FFF799FD013632
:105BD800082EF5D12B78DB070DD5BDE8F840124823
:105BE800FFF78EBD0623C4E711F8010B0028C2D0C9
:105BF8000132D2B2BFE7F8BD5C2300207D2200202D
:105C0800C01B00203D22002076220020F40F002037
:105C18002A220020C21B0020A42100200E210020DF
:105C28000B9500081D950008AA95000830B1044A94
:105C3800137823EA00001070FFF780BF704700BF99
:105C48007D22002028B1034B1A7810431870FFF703
:105C580075BF70477D2200200F4A38B55378C3F3CB
:105C680080018142044615D060F382035370158881
:105C780011780420FEF7CCF8290A2220FEF7C8F88C
:105C8800064B1B78DB0705D521460548BDE838409B
:105C9800FFF736BD38BD00BF2A2200200E210020A4
:105CA8002395000810B4184B1B78FBB1174B93F9D8
:105CB8000030002B1ADAEF284FEAD0020CD8144B28
:105CC800134400F0070001218140987820EA010080
:105CD80098705DF8044B70470E4B1B78DB07F8D5BE
:105CE80001465DF8044B0C48FFF70ABD0B4A062332
:105CF800002112F8014B013BA04208BF02F8011C29
:105D080013F0FF03F5D1E4E7F40F00202A22002066
:105D1800C01B00200E21002038950008C21B00205F
:105D280010B41D4B1B78F3B11C4B93F90030002BBA
:105D380019DAEF284FEAD0020BD8194B134400F0B8
:105D48000701012088409978084398705DF8044B52
:105D58007047144B1B78DB07F8D501465DF8044BF8
:105D68001148FFF7CDBC11494FF0FF32002311F85D
:105D7800014BA042EAD0B2F1FF3F02D1002C08BF8C
:105D88001A460133DCB2062C5BB2F0D1531CDDD0CD
:105D9800034B1A449070D9E7F40F00202A22002000
:105DA800C01B00200E21002056950008C21B0020B1
:105DB8002D4B1B7813F0080F10B52C4C39D02C48FC
:105DC800FFF79EFC61782B48FFF79AFC2A48FFF7FB
:105DD80097FC94F902102948FFF792FC2848FFF72E
:105DE8008FFC94F903102548FFF78AFC2448FFF735
:105DF80087FC94F904102148FFF782FC2048FFF73C
:105E08007FFC94F905101D48FFF77AFC1D48FFF741
:105E180077FC1D4B1D481978FFF772FC1C48FFF7EB
:105E28006FFC1C4B19481978FFF76AFC1A48FFF7F2
:105E380067FCFDF7BBFEE378A278134318BF174B46
:105E4800227980B218BF1880637913431CBF144BA2
:105E58001880144B1B6833B1022222709B680348D8
:105E6800BDE81040184710BD0E210020492200202F
:105E780074950008979500089C9500089E95000861
:105E88000E960008A195000850220020A49500084D
:105E9800A79500084F220020A9950008302200206D
:105EA80032220020A4210020842808B50FD1FDF754
:105EB80015FF43073AD54720FFF732FFFFF73EFEAD
:105EC8004720FFF7EFFEBDE80840FFF737BE021F87
:105ED800D2B2A02AF5D900F12002D2B2072A09D8F5
:105EE800134A00F0070301209840137823EA0003BF
:105EF8001370E8E700F15B02D2B2022A04D8BDE8C9
:105F080008400020FDF7DABE00F15802D2B2162A86
:105F180004D8BDE808400020FDF7C0BEEF2805D929
:105F2800FEF7A0F8BDE80840FFF742BF08BD00BF74
:105F38007D22002008B510B382280FD1FDF7CEFED0
:105F480082071CD53920FFF7EBFEFFF7F7FD392054
:105F5800FFF7A8FEBDE80840FFF7F0BD83280AD187
:105F6800FDF7BCFEC3070AD55320FFF7D9FEFFF79C
:105F7800E5FD5320ECE7BDE80840FFF795BF08BDF5
:105F8800842810B5044613D1FDF7A8FE430766D44C
:105F98004720FFF7C5FEFFF7D1FD42F21070FFF76B
:105FA80007FB4720FFF77EFEBDE81040FFF7C6BDA0
:105FB800031FDBB2A02B25D8294B1B7893B1294BA3
:105FC80093F90030002B0DDA274B03EBD00300F0D8
:105FD80007019A7801238B401A420DD12046FFF71A
:105FE8009FFEE1E7214A002312F8011B8C4203D0EF
:105FF8000133062BF8D1F1E72046FFF753FEFFF7F0
:106008009DFDEBE700F12003DBB2072B08D8184B06
:1060180000F007001A780124844014431C70C3E779
:1060280000F15B03DBB2022B05D82438BDE8104031
:1060380080B2FDF743BE00F15803DBB2162B06D839
:106048000C4ABDE8104032F81300FDF727BEEF28D0
:1060580005D9FEF7C3F8BDE81040FFF7A9BE10BD8B
:10606800F40F00202A220020C01B0020C21B0020A1
:106078007D2200205496000808B550B3822813D119
:10608800FDF72CFE820724D43920FFF749FEFFF7DD
:1060980055FD42F21070FFF78BFA3920FFF702FE28
:1060A800BDE80840FFF74ABD83280ED1FDF716FE6C
:1060B800C3070ED45320FFF733FEFFF73FFD42F22C
:1060C8001070FFF775FA5320E8E7BDE80840FFF7BE
:1060D80057BF08BD38B5392805460CBF50240024E1
:1060E800FFF7CAFF24B92846BDE83840FFF722BFAA
:1060F8006420013CFFF75CFAA4B2F3E72DE9F04114
:10610800164682781F460C46234B6AB11970FDF774
:106118004DFD224B04F0070418800120A040C0B2B6
:10612800BDE8F041FFF78EBD1D788D422DD11B4B88
:10613800B3F80080FDF73AFDA0EB080080B2C7284D
:1061480023D806F12004B542E4B210D005F00700C8
:10615800012505FA00F0C0B2FFF768FD072C06D844
:1061680006F0070005FA00F0C0B2FFF76BFD3846ED
:10617800FFF7B0FF072C0DD806F007060120B04046
:10618800BDE8F041C0B2FFF751BD04F0070401209B
:10619800A040F5E7BDE8F081842200208622002097
:1061A80010B50020FDF78AFD0020FDF777FD0A4BAA
:1061B80000241C70094B1C70FFF7C0FC084B1C60C6
:1061C8009C80084B1C70084B1C70084B1C70BDE869
:1061D8001040FFF7EDBD00BF5C2300203D220020EA
:1061E8004922002050220020512200204F22002066
:1061F800064A136803F0060106290CBF43F008039A
:1062080023F008031360FFF7CBBF00BF382200203C
:10621800044901220B6802FA00F023EA00030B602C
:10622800FFF7BEBF3822002010B50B4C94F90020B0
:1062380022EA000040B24107207002D1D2B2824265
:1062480003D1064B5B785B0705D5C0F3C700FFF7A2
:10625800DFFF0023237010BD752200202A220020B2
:10626800044A012303FA00F0136818431060FFF78B
:1062780097BF00BF3822002008B5054B054800220B
:106288001A70FEF7D7FBBDE80840FFF789BF00BFCB
:106298007D220020C01B0020453807EE900AF8EE4A
:1062A800E77AB2EE087AC7EE877A08B517EE900A51
:1062B800FBF714FA9FED080B41EC110BFAF764F8A1
:1062C800074B51EC100B0022FBF760FAFBF70EFDB1
:1062D80000EE100A08BD00BF0000000000000040EA
:1062E80000807B402DE9F84F0024DFF8EC8125463B
:1062F80058F8046B202383F31188012726F00F0038
:1063080006F00F0607FA06F631463A46FCF714FA85
:10631800B6B24683002383F3118800BF00BF00BFD5
:1063280000BF00BF00BF00BF00BF00BF00BF00BF6D
:1063380000BF00BF00BF00BF00BF00BF00BF56487E
:10634800DFF898A107FA04F149B26FEA010E9946FD
:106358001A4606465AF804CB10F801BB2CF00F0376
:106368000CF00F0C1B691F4627FA0CFC4FFA8BF335
:106378001CF0010F0CBF0B430EEA0303DBB2013222
:106388009B45D2B21CBF00F8013C4FF00109042A1A
:10639800E0D158F8040CFDF79BFF01340320FFF708
:1063A80007F9042C45EA0905A2D13C4CCDB10123DB
:1063B8002370FDF7FBFB3A4B1880394B1F88FDF71C
:1063C800F5FBC01B80B205280ED9364B32781A70FF
:1063D80072785A70B2789A70F278DA700023237063
:1063E80002E02378002BE8D12F4F3A782AB92F4EB4
:1063F80034888CB9FDF7DAFB30802D4B1B784BB312
:106408002C4E3488F4B92C4CFDF7D0FB2278308020
:106418002A4E12B3531E22E0FDF7C8FB001B80B2C0
:10642800B0F5967FE9D9264B1B78DB0703D52548BD
:106438000321FEF707FDFDF7B9FB234B1880012365
:106448003B70DAE7FDF7B2FB204B001B1B8880B2DC
:106458008342D8D32846BDE8F88F3378013B1C4FD8
:10646800397881B11B49C85C11F80280FFF714FF25
:10647800FEF766FD3B7833B14046FFF70DFF4FF658
:10648800FF70FEF72DFC237831780133B3FBF1F26E
:1064980001FB12332370DDE7792200200A21002056
:1064A8000C2100203E220020322100203021002033
:1064B8006422002068220020652200206322002038
:1064C800211F0020A411002034220020A011002048
:1064D8005222002053220020FC99000878A00008CE
:1064E8002DE9F04F818803888DB00446ADF80C3053
:1064F800002900F03186BDF80C204FF6FF739A4250
:1065080000F02A8600680122FEF7E7F8A37805461E
:10651800002B00F0A985A0F5BE42123A92B20F2ACC
:1065280000F28A85B14B1B7803BBA0F11205EDB2CE
:10653800A72655BBDFF804A303953046731CFDF767
:1065480038F900228DF80C008DF80D2070B1421E2C
:10655800022A25D88DF80D00012218468DF80C2046
:10656800FDF727F902368DF80E00D0B9A04B1B783D
:10657800580700F0F185A378002B00F0ED85022084
:106588000DB0BDE8F04FFFF74FBEB6F5806FEDD008
:106598003046FDF70EF908B9013DEDB20136C8E7FE
:1065A8001E4603AD2B78002BC7D0012B2FD16B785B
:1065B800A878012B03D10235FFF78CFD04E0022BEC
:1065C80004D10235FFF758FD0135EBE7032B03D162
:1065D8000235FFF7AFFCF7E7042B01D00135F3E7ED
:1065E800844A023500274FF00A0E835C69785B07FE
:1065F80005F1010C05D4013FE6D36420FEF7D8FF6E
:10660800F9E730380EFB070765460846EDE77A4A92
:106618007A4912F803B0DA0803F0070311F8028088
:1066280077491AF8027011F802901F4148FA03F8E6
:1066380017F0010749FA03F308F0010803F001090C
:1066480002D0E120FFF79CFCB8F1000F02D0E62051
:10665800FFF796FC5846FFF73DFDB8F1000F02D052
:10666800E620FFF721FC17B1E120FFF71DFCB9F187
:10667800000FA9D02C209FE70120FFF7F1FDFFF7BD
:10668800B7FD73E70120FFF7C3FDF8E70220F4E741
:106698000220F8E745F61F4295420AD1002B00F088
:1066A800F684584B1B78DA0700F1DA84FEF734FCDD
:1066B8005CE745F62A4295420AD1002B00F0E784B0
:1066C800514B524800221A700421FEF7BBFB4DE7DC
:1066D80045F62B429542F0D045F62642954208D120
:1066E800002B00F0D4844A4B4A4801221A70082132
:1066F800EBE745F62742954205D1002B00F0C78409
:10670800FEF7FAFB32E745F62842954207D1002BFF
:1067180000F0BD843E4B1B78002BF1D1E3E745F632
:106728002C42954208D1002B00F0B1843A4B3B48EB
:1067380001221A700821C8E745F62D42954208D172
:10674800002B00F0A484344B354800221A7008212D
:10675800BBE745F62E42954207D1002B00F09784FF
:106768002D4B1B78002BEED1E0E745F629429542E8
:1067780040F08D84002B00F08A84FEF711FA294A34
:106788001378013303F003031370274A28200521E7
:1067980000FB032099E7A5F5B945743D022D00F2E9
:1067A800DC80DFE815F0DE00E200E600002B65D0B3
:1067B800E02D0CD1FEF7F4F91C4B01221A701C4A8B
:1067C800002313701B4A13701B4A1370CEE6E22D88
:1067D80036D1FEF7E5F9154B1A7812B1144A0121A2
:1067E800117000221A70134B1A70BFE6FEE70308F7
:1067F80075220020999300085699000846990008C8
:1068080046990008211F002018230020BC110020F1
:106818005222002060110020482200203C10002055
:10682800FC0F00207C100020801000206722002030
:10683800662200206422002063220020D6990008E6
:10684800E32D0FD1A3490978C1B1FEF7A9F9A24AEE
:1068580000231370A14A01211170A14A1370A14AA3
:10686800138083E6522D03D19F4A13880A3BF7E72A
:10687800512D03D19C4A13880A33F1E79B490978C3
:1068880001BB6678C6F1040606EB46012678103689
:1068980006EB8106F6B2002B4CD032B13046FFF73A
:1068A800FBFC4FF6FF70FEF71BFA8B4B1B782BB1E6
:1068B8008F4A90491378CE5401331370FE2D00F29D
:1068C800F08353E6012908D16678C6F1040606EB81
:1068D8008606217833310E44DCE7022905D1667833
:1068E800C6F10406C6EBC606F3E7032920D1824E9B
:1068F80003AF06F1200E30687168BC46ACE80300AF
:10690800083676456746F6D13088B1788CF802109B
:10691800ACF80000207866780CA90844C6F1040693
:1069280006EB460110F81D6C06EB81060936B1E747
:106938000C26B0E7002AC1D03046FFF7ADFCFEF7C1
:10694800FFFABBE7E122262311462046FFF7D6FBD4
:106958000CE62723E522E521F7E72623E122E021BB
:10696800F3E72723E522E421EFE72623E122E221CA
:10697800EBE72723E522E621E7E728230122EAE7D8
:10698800A5F5B9437A3B9BB2082B40F2B18345F693
:1069980016439D4240F0D983584B1B7803F0AA0355
:1069A800002B574B15BF01220022352029201A70D1
:1069B800FFF7B6F9FFF7C2F8D8E5A5F5B845033DE6
:1069C800122D1CD8DFE805F020242835393D414731
:1069D8005B5F636773777B7FA2CAB000A5F5B94593
:1069E8007A3DABB2082B00F29583082D00F2928312
:1069F800DFE805F0161B55593C93A8BEC300337851
:106A080043F00103337085E3337843F00203F9E779
:106A1800337843F00403F5E7337843F00803F1E7EC
:106A2800737843F00103737074E3737843F00203DF
:106A3800F9E7337843F01003E4E7337843F02003B1
:106A4800E0E7337843F04003DCE7FFF715FC3378E1
:106A580043F08003D6E7337823F00C0343F00C03AC
:106A6800337028480421FEF7EDF953E3737823F0D7
:106A7800030343F00303737023480421F3E73378D7
:106A88006FF30003BEE733786FF34103BAE7337857
:106A98006FF38203B6E733786FF3C303B2E7737813
:106AA8006FF30003BFE773786FF34103BBE73378F5
:106AB8006FF30413A6E733786FF34513A2E733782F
:106AC8006FF386139EE7FFF7D7FB33786FF3C7138F
:106AD80098E700BF66220020672200206422002079
:106AE8006522002068220020A01100207C100020D0
:106AF8006322002053220020609300087D2200209A
:106B0800DB210020780C0020CC0C0020337823F007
:106B18000C033370B4480221A5E7737823F003030C
:106B28007370B24802219EE73378C3F3800282F083
:106B38000102D2B262F3820362F3C30333701B070C
:106B4800E8D58EE77378DA4302F0010262F30003B6
:106B580062F341039F077370E3D58DE7FFF78CFB62
:106B68003378C3F3C01282F0010262F3C71349E716
:106B780001210E20FDF74CF9CCE20021F9E755D8A8
:106B880045F601439D427DD045F6DE439D4200F027
:106B98008980B5F5B84F5CD02288A378ADF80C2071
:106BA8000398002B00F08180FDF728FD054601467B
:106BB8000398FDF741F828460399FDF7EFFB8C4B46
:106BC80094F806A01F78A67817F0070705464FEA3D
:106BD8001A1A984616D03746A6B1C5F3072303F00C
:106BE800F003402B04D005F12003DBB2072B60D95A
:106BF8000220FFF719FB98F8003013F0070F0CBFBD
:106C080001270027C5F30339B9F10B0F00F28D8076
:106C1800DFE819F051005100B000B00017012F0152
:106C28008B008B0039019801A901A90145F65B5336
:106C38009D420BD045F65C539D42ADD16D4B5878C3
:106C4800C0F3800080F0010000F00100FFF704F8B5
:106C5800A2E7FFF711FBFDF7A3FFFCF7A7FF03214E
:106C680084B26548FEF7EEF8FCF7A0FF031B9BB261
:106C7800F92B03D9FDF76AFFFCF780FF6420FEF7C4
:106C880097FCF1E75D490B78C3F3000282F001023B
:106C980062F30003DD074CBF59485A480B70FEF7F2
:106CA8002FFD63E4FDF78EF960E4FCF7A7FF0546C6
:106CB80081E70027A6E7C5F30723C5F3032A13F0E6
:106CC800F00F18BF4FEA0A1AEDB2B6B1BAF1000FC9
:106CD8000DD005F12003DBB2072B00D95DB94A4A74
:106CE80013784AEA030A82F800A0FEF727FF28462D
:106CF800FFF7C2F919E0454AF2E72846FFF71AF903
:106D0800BAF1000F11D005F12003DBB26FEA0A0ACD
:106D1800072B4FFA8AFA00D955BB3B4B1A780AEA77
:106D2800020A83F800A0FEF709FFA9F10809B9F1E2
:106D3800030F01D8FCF7D2FF97B198F9000010F0C3
:106D480001030DD1A370C0F3C700FFF789FA2046ED
:106D5800FFF7C6FB98F90000C0F3C700FFF758FA21
:106D68002068A18800220DB0BDE8F04FFDF7B5BC42
:106D7800264BD3E7C5F3072303F0F003C5F303203D
:106D8800202BEDB218BF00016DB1012D42D0002EAD
:106D980049D0BAF1000F0DD0A379DE07A7D56FF35C
:106DA8000713A37106E09EB1194B1A781043BAF184
:106DB800000F02D1FEF746FFB7E7BAF1010FF9D18C
:106DC8000C4949784907B0D49042AED01870ACE766
:106DD800BAF1000F04D1FCF709FFFEF727FFA4E77B
:106DE800BAF1010FA1D0F6E7680C0020BC0C002016
:106DF800752200202A220020AC0F00200E2100203E
:106E0800AC950008BD9500087D2200205C23002079
:106E1800762200201EB1BAF1050F86D8CAE7BAF16A
:106E2800040F82D8D9E7BAF1000FD6D0392D0CBF9C
:106E38004FF4FA500120FEF7BBFB2846FFF77AF81B
:106E480073E715F4406FC5F3812308D0012B7FF455
:106E58006CAF66B1C5F30900FCF720FF65E726B102
:106E6800C5F30900FCF72AFF5FE73046FAE730462A
:106E7800F2E7E8B226B1FDF7B1F9FEF799FF54E75A
:106E8800FDF7F0F8F9E715F4407F29D1002E7FF4DB
:106E98004CAFC5F34212E9064FEA8202D2B244BFB0
:106EA8000F269640C5F3812005F00F0348BFF6432F
:106EB800022803FA02F3AA4A0ED003280AD00128AE
:106EC80006D03343166833401360FFF769F92CE79F
:106ED80011680B433343F7E7334316687340F3E70E
:106EE800C5F301220EB302F00103002B3FF41DAFDE
:106EF800C5F342118900CAB215F010011CBF0F2159
:106F08009140C5F3812005F00F0318BFC94302283B
:106F1800944E03FA02F30FD0032811D0012806D0AB
:106F280032680B4313403360CFE75308DDE732681C
:106F38001A430A433260C8E732680B435340F2E70A
:106F48000B43F0E75FFA85FAC5F3032526B1284617
:106F5800FFF786F950462DE75046FEF767FE2846AC
:106F6800FFF756F9E1E65FFA85FBABF1F003042B76
:106F780049D8DFE803F003141B202B0066B1BAF1EF
:106F8800040F3FF6D2AE774BC5F304201A680125EB
:106F9800854055401D6098E7BAF1050FF1E7C5F344
:106FA8000420002EDCD0FFF75BF9BEE6C5F3042011
:106FB800002EF8D0D4E76B4A36B1C5F30425012377
:106FC80003FA05F5156080E716607EE786B1C5F31C
:106FD80004200190FFF744F9634B01985B7813F0A4
:106FE800040FE0D1C30043F0030388F80030DAE768
:106FF8000120FFF719F9BAF1010F7FF696AE0220CA
:10700800FFF712F991E63EB1BAF1000F01D05846E8
:107018006EE6C5F30420C6E7BAF1000F09D0BBF14C
:10702800390F0CBF4FF4FA500120FEF7C1FA584649
:1070380004E7C5F3042093E745F6107290423FF445
:107048001BAB45F6117290423FF420AB45F61D424A
:1070580090423FF42BAB45F61E4290427FF41AABA8
:10706800FEF7B2FAFFF782BA45F6107290423FF483
:1070780009AB45F6117290423FF40AAB45F61D4242
:10708800954204D045F61E4295427FF403AB374A39
:107098001278002A7FF48AAB3549097800297FF4F1
:1070A80085AB45F6F6439D4213D845F6F2439D421B
:1070B8003FF671AB45F6D8439D423FF44AAC45F6DE
:1070C800D9439D423FF459AC45F6D7439D423FF41E
:1070D80039ACA3785BB3274B0020187045F61543ED
:1070E8009D423FF64DAC45F601439D427FF648ADC3
:1070F800214B224A1B7812781B4E43EA0223338025
:1071080045F615439D423FF669AC45F601439D425D
:107118003FF653AC358831780420FCF779FE290A0C
:107128002220FCF775FEFFF7A7F8FFF71FBA45F610
:1071380016439D427FF430AD114B1B78002B14BFD2
:1071480035202920FEF7AEFD34E445F65A539D421A
:107158007FF415AD012079E50DB0BDE8F08F00BFD3
:107168002C210020382200202A2200205222002030
:10717800482200208422002008E0030844E0030895
:10718800DB210020214BF7B59A7912F0F00F0AD1D4
:107198009A7842B11E4A1F4E12781F4D4FF6FF775C
:1071A8003178914201D103B0F0BD98881988ADF8C3
:1071B800041038B389B2B94224D005EBC20493F85D
:1071C80001C061788C451DD193F800C015F83210C4
:1071D8008C4517D1A178A9B9A188091A89B2C729FC
:1071E80010D899790948012262F307119971A37996
:1071F80062F30713A371FFF773F903B0BDE8F0401A
:10720800FCF73CBD013202F00702C9E7AC220020BE
:107218005B2300205A2300201A2300202DE9FF4772
:10722800B34F0446BB88006800903888227861789C
:1072380094F80280B4F804A0ADF808003D46002B8D
:1072480000F0C08080B24FF6FF7C604500F0BA8045
:10725800BE78002E00F0B680AAEB0303B8799BB283
:10726800C72B00F0F00900F28D803B88ADF808309C
:10727800B9F1000F49D16345C14619D08DF80020F6
:107288008DF80110BDF800C09C4511D1B8F1000F70
:1072980040F0F580012363F30710B8713846FFF713
:1072A8001FF9BB79A3710026304604B0BDE8F0870A
:1072B800BAF1000F40F0E780B8F1000FF3D0AB79D6
:1072C80043F00103AB71EEE700EBC30595F801C08D
:1072D8008C4506D110F833C0944502D1AD78002D05
:1072E800E1D1013303F00703E1E010F4706F02D03D
:1072F800002B00F0FB802033DBB2072B40F2F68036
:107308002046FFF7EDF8B146F0E0634513D08DF85D
:1073180000208DF80110BDF800C09C450BD1B8F1D4
:10732800000F08D1A0712046FFF7DAF823683B6008
:1073380063687B60B8E78DF800208DF8011000982D
:10734800FDF788F9D0B1B8F1000F17D0AB791F2B32
:107358000CD92A88ADF8082002A800228DF80A2046
:10736800ADF80CA08DF80E30FFF7BAF823682B6043
:1073780063686B60FFF706FF012695E72046FFF775
:10738800AFF8F9E7B9F1000F07D13846FFF7A8F8C9
:10739800C7F80090C7F80490A8E08DF800208DF891
:1073A80001103B88BDF800C09C45C4D1B8F1000F5E
:1073B800C1D1A0712046FFF793F8C7F80080C7F83D
:1073C800048071E72888ADF80800002B40D086B209
:1073D8004FF6FF7086423BD0AE78002E38D1AAEB2C
:1073E80003039BB2C72B30D84646002EC6D08DF873
:1073F80000208DF801102B88BDF800209A4217D183
:10740800AB79DA070FD413F0F0020CD0F02AA3718D
:1074180006D0DBB2C3F30312013262F30713A37180
:107428002046FFF75DF823682B6063686B603BE7D5
:107438000098FDF70FF9002898D1AB79204643F062
:107448000103AB71FFF74CF82EE72E606E602BE757
:10745800B8F1000F92D08DF800208DF80110009837
:10746800FDF7F8F80646002888D023682B60636883
:1074780028886B60FDF7E2F8FFF784FE14E7BAF19D
:10748800000F3FF41CAF8DF808208DF80910BDF8E7
:1074980008004FF6FF7398423FF40EAFB8F1000FA3
:1074A8007FF40DAF1348144B07781B781348BB4281
:1074B8007FF40AAF8DF800208DF801100098FDF7D1
:1074C800BDF8C0F30332012AC3B27FF60EAF0E3205
:1074D80002F00F02012A3FF613AF10F4706F3FF469
:1074E8000AAFA27912F0F00F7FF405AF4E46DBE643
:1074F800AC2200205A2300205B2300201A230020FE
:10750800F0B587B06F4687E803003846FFF786FE78
:10751800214E224D044628BB97E8030004AB83E8BC
:107528000300BDF80410BDF81020ADF80C20C9B157
:107538001FFA82FC4FF6FF7294453778287811D0ED
:107548007A1C02F0070282420ED0154CADF81410D6
:1075580003CB04EBC70C44F837003270CCF80410A6
:10756800FCF78CFB0E4C11E0FEF786FE0D4B3470D9
:107578002C701C605C60F5E704EBC000FFF74EFE62
:1075880040B12B78013303F007032B702878337848
:107598008342F1D107B0F0BD5A2300205B230020BD
:1075A8001A230020AC2200202DE9F84FB04B5C6C68
:1075B800660534D5AF4D6FF480625A640026022206
:1075C8002A70EE67AE6005F10C0808274FF0200915
:1075D80058F8043BABB189F3118858F8043C586952
:1075E80020B16FF001010C30FBF712FD58F8043C94
:1075F800986920B16FF001010C30FBF709FD86F3A3
:107608001188013F48F8046CE2D185F86470FAF7F4
:10761800EDFF6B681B6813B19648394698472505F6
:1076280014D4E00448D4A20508D592484368DB681E
:1076380003B198478E4B6FF400725A648D4D8E4E8D
:1076480023044FD4BDE8F84FFBF748BC884B894D5D
:107658001A6C42F008021A646FF400625A642B78BC
:1076680085F8803005232B706B681B6813B10421E3
:10767800284698470026AE60804D08274FF020081E
:1076880055F8043BABB188F3118855F8043C5869A8
:1076980020B16FF001010C30FBF7BAFC55F8043C3F
:1076A800986920B16FF001010C30FBF7B1FC86F34B
:1076B8001188013FE4D1B4E76D4B9A6C11040CD4E6
:1076C8001A6C6C4822F008021A6490F88030037033
:1076D80043681B680BB105219847654B6FF48052CE
:1076E8005A64A0E704F00F04A70007F1804707F5E4
:1076F800B84704F10209D7F800A005EB89031AF08E
:10770800800FD3F8048025D03B68D8F814003340A4
:107718004268016943F400433B6003680A449B1ACA
:1077280042602DD0B8F810209A4228BF1A468368C4
:107738000261194481602046FAF79AFF3B6823F4F6
:10774800F04323F0400383F0300343F4004343F055
:1077580080033B601AF4004F0FD03B68334043F07E
:1077680080031AF4006F3B60E1B225D005EB89096C
:107778002846D9F804305B6898473D4B5C6C5FE756
:10778800012303FA04F22B8923EA02032B81D8F898
:10779800083013B1214628469847202383F31188DF
:1077A80005EB890300215B6858690C30FBF730FC56
:1077B800002383F31188CDE72D4BD8F818201B6DD3
:1077C800D2F808C003F1804303F5C04303EB04106B
:1077D800E1468368D0F80CE003F10053CEF30900CA
:1077E800CEF3480E03F540534FEA8E0A0AEB430ADC
:1077F8005B00534509F1020942D16FF0010909FB09
:107808000E09B9F1000F02D01B680CF81E309368FE
:107818000344936053680344536013681B1A13604E
:10782800138A013B9BB21382B8F81220824200D817
:107838007BBB012303FA04F26B89023423EA0203B7
:107848006B8105EB84035B68DB680BB128469847BE
:10785800202383F3118805EB8404636898694168E1
:107868000C30FBF7D5FB002383F3118885E700BFB5
:10787800005C0040381B00200F07FFFF441B00205E
:1078880053F804BB09F802BC4FEA1B2B09F801BCEA
:10789800AFE73B6823F4904323F0700383F440532D
:1078A80043F4004343F080033B6066E708B50348B0
:1078B800FAF7FAFEBDE80840FBF710BBEC1A002007
:1078C80008B50348FAF7F0FEBDE80840FBF706BB29
:1078D800D01A002008B50348FAF714FFBDE808409D
:1078E800FBF7FCBA8C1A002008B50348FAF70AFF20
:1078F800BDE80840FBF7F2BA7C1A002008B5034837
:10790800FAF700FFBDE80840FBF7E8BA6C1A002058
:107918004FF080422DE9F8431369D1680B40D9B282
:10792800C9439B0711613FD5202383F31188204C5D
:107938004FF00008E36904F11C06C1464FF080408F
:10794800A16A426A9F68551ABD421CD307469968C6
:10795800A26A0A44A2621A68B2425660A5EB0105FF
:10796800E261D968C3F80C8008BFC7F80C8089F3B6
:10797800118818698847202383F31188E3699A6876
:107988009542E4D2DAE7E569B5420AD0A262AC686A
:107998002144891AA9609B68022B2CBFD218023295
:1079A8004263002383F31188BDE8F843FBF796BAD6
:1079B800241F002038B5234B196B8A6902F47C50C8
:1079C800C861D96A4C68206820F00F002060487BA5
:1079D8000C680E2101FA00F06060986A45682C680E
:1079E80024F00F042C600468407B81406160D4055A
:1079F80042BF996841F001019960900542BF9968BA
:107A080041F002019960510542BF996841F00801AF
:107A18009960D20499680ED541F02001996020231D
:107A280083F3118808486FF00101FBF7F1FA00238E
:107A380083F3118801E00029F1D1BDE83840FBF754
:107A48004DBA00BF9C1A0020B81A002038B54A4D1C
:107A58002C6BA26902F0FE0312F01000E3612ED035
:107A6800EB6A59680A6822F00F020A605A7B1968A3
:107A78000E2303FA02F24A60AA6A5068016821F0EC
:107A88000F0101601168527B93404B60AB6843F073
:107A98000403AB60636843F480436360236823F0A6
:107AA80046032360202383F311886FF0010105F159
:107AB8001C00FBF7ADFA002383F311881AE01306C4
:107AC8001FD52B78032B19D1EB6A69685B68896825
:107AD8005A68636823F0FF73FF2A23F4803388BF52
:107AE8004FF0807043EA010388BFFF22034343EA53
:107AF80002436360BDE83840FBF7F0B9FAF7D6FCFB
:107B0800F8E75306F6D52978AB6A03295A681BD1DA
:107B1800EB6A5868016821F00F010160587B196809
:107B28000E2383404B605368BBB1FAF7BFFCAB6AC6
:107B38005A68136843F001031360636843F4005301
:107B4800636004232B70D5E7116821F00F011160E1
:107B5800597B1A680E238B405360636843F4804353
:107B68006360236823F040032360202383F3118894
:107B7800024800219DE700BF9C1A0020B81A002087
:107B880008B50348FAF73AFEBDE80840FBF7A6B97E
:107B98003499000808B50348FAF730FEBDE80840F4
:107BA800FBF79CB92499000808B50348FAF726FEA4
:107BB800BDE80840FBF792B91499000808B50348D6
:107BC800FAF71CFEBDE80840FBF788B904990008DD
:107BD80008B50348FAF712FEBDE80840FBF77EB97E
:107BE800F498000808B50348FAF708FEBDE808400D
:107BF800FBF774B9E498000808B50348FAF7FEFDE6
:107C0800BDE80840FBF76AB9D498000808B50348EE
:107C1800FAF7F4FDBDE80840FBF760B9C49800081E
:107C280008B50348FAF7EAFDBDE80840FBF756B97E
:107C3800B498000808B50348FAF7E0FDBDE8084025
:107C4800FBF74CB9A498000808B50348FAF7D6FD25
:107C5800BDE80840FBF742B99498000808B5034806
:107C6800FAF7CCFDBDE80840FBF738B9849800085E
:107C7800FBF734B9FBF732B9FBF730B908B503485D
:107C8800FAF740FDBDE80840FBF728B95C1A002068
:107C98003E4B10B55A691C68144004F47C425A6182
:107CA800620510D53A4AD2F8A83013B1D2F8AC0020
:107CB8009847202383F3118836480021FBF79AF967
:107CC800002383F31188230510D5314AD2F8B83040
:107CD80013B1D2F8BC009847202383F311882E48AB
:107CE8000021FBF787F9002383F31188E00410D5FE
:107CF800274AD2F8C83013B1D2F8CC0098472023CD
:107D080083F3118825480021FBF774F9002383F3D6
:107D18001188A10410D51E4AD2F8D83013B1D2F870
:107D2800DC009847202383F311881D480021FBF7C6
:107D380061F9002383F31188620410D5144AD2F83C
:107D4800E83013B1D2F8EC009847202383F3118868
:107D580014480021FBF74EF9002383F3118823040C
:107D680010D50B4AD2F8F83013B1D2F8FC00984776
:107D7800202383F311880C480021FBF73BF90023EB
:107D880083F31188BDE81040FBF7A8B80004014050
:107D9800201E0020C01E0020D01E0020E01E002053
:107DA800F01E0020001F0020101F0020324B10B5CD
:107DB8005A691C68144004F478725A61A3060ED5F7
:107DC8002E4A936D0BB1D06D9847202383F3118809
:107DD8002B480021FBF70EF9002383F31188600676
:107DE8000ED5264A936E0BB1D06E9847202383F3A5
:107DF800118824480021FBF7FDF8002383F311883C
:107E080021060ED51D4A936F0BB1D06F98472023DA
:107E180083F311881C480021FBF7ECF8002383F357
:107E28001188E20510D5154AD2F8883013B1D2F876
:107E38008C009847202383F3118814480021FBF70E
:107E4800D9F8002383F31188A30510D50B4AD2F87B
:107E5800983013B1D2F89C009847202383F31188F7
:107E68000B480021FBF7C6F8002383F31188BDE80F
:107E78001040FBF733B800BF00040140201E00206B
:107E8800701E0020801E0020901E0020A01E0020D2
:107E9800B01E00200D4A08B5516913680B4003F065
:107EA8001003536173B10A4A936C0BB1D06C9847B5
:107EB800202383F3118807480021FBF79BF8002350
:107EC80083F31188BDE80840FBF708B800040140B7
:107ED800201E0020601E00200D4A08B55169136855
:107EE8000B4003F00803536173B10A4A936B0BB15B
:107EF800D06B9847202383F3118807480021FBF7AC
:107F080079F8002383F31188BDE80840FAF7E6BF43
:107F180000040140201E0020501E00200D4A08B514
:107F2800516913680B4003F00403536173B10A4AA3
:107F3800936A0BB1D06A9847202383F311880748C6
:107F48000021FBF757F8002383F31188BDE80840A8
:107F5800FAF7C4BF00040140201E0020401E002084
:107F68000D4A08B5516913680B4003F002035361C9
:107F780073B10A4A93690BB1D0699847202383F3F8
:107F8800118807480021FBF735F8002383F311888F
:107F9800BDE80840FAF7A2BF00040140201E0020F7
:107FA800301E00200D4A08B5516913680B4003F0D4
:107FB8000103536173B10A4A93680BB1D0689847BB
:107FC800202383F3118806480021FBF713F80023C8
:107FD80083F31188BDE80840FAF780BF0004014028
:107FE800201E0020EFF3098305494A6822F00102A8
:107FF8004A60683383F30988002383F31188704744
:1080080030EF00E038B5202383F311880E4B9C69CC
:10801800606204F12805A06AA8420FD194F82230C2
:108028003BB994F821309B0702BFD4E904321361AD
:108038005A61BDE838400F20FDF740B90368A362D4
:10804800FAF7A0FFE7E700BF241F0020134B1A68C8
:108058009969106810B443601860012082F8200004
:108068009A618868002281F820201A461B689C685B
:108078008442FBD858680B60486001605960EFF390
:108088000983C869643B984203D972B6044BD3622A
:10809800FEE790695DF8044BF8F75AB9241F0020F1
:1080A800FC9400081149F0B508200026D1E90134F4
:1080B8000A681D46043AAC4210D8E21CD21ADD1EEA
:1080C80022F00302AC4238BF00221344CA689A4225
:1080D80009D8013801F11001E8D1F0BD52F8047F48
:1080E80045F8047BE7E743F8046BF0E7F89F0008DE
:1080F800FEE7704770470000B94B9A6A62F4FC02C9
:108108002DE980489A629A6A02F4FC029A624FF05A
:10811800FF319A6A1A6919611A6900221A61186985
:10812800D868D960D968DA60D968D969AD4841F0AA
:108138008051D961D969016841F480710160196A77
:1081480001F44071B1F5007F9B461EBF4FF48033A8
:10815800CBF82030CBF82020DBF820301D048FB07E
:108168000BD4DBF8203043F40073CBF82030DBF875
:10817800203043F40043CBF820309B4A9B4800232F
:10818800C2E9003301214468236042F831300131EB
:108198000D2900F11000F6D1954A4FF0FF335360D6
:1081A800C2F80434934B6022402183F80623C3F8B5
:1081B80080111960802183F807234FF40070C3F8F9
:1081C800801119604FF4807183F80823C3F8801177
:1081D800196083F80923C3F8800118604FF48060A0
:1081E80083F80A23C3F8800118604FF4000083F86D
:1081F8001723C3F88001186083F82823C3F8841173
:10820800702259604FF0807183F81823C3F88011E9
:1082180019604FF0007183F81923C3F880111960B1
:108228004FF0806183F81A23C3F88011196083F82E
:108238001B234FF00062C3F880211A60DBF8183066
:108248006D4A43F00103CBF81830DBF81830136897
:1082580043F0200313600021684A0B4601311029BE
:10826800C2E90022C2E9023302F11002F6D1644ADF
:10827800644C136202F11800C2E906006248634DBB
:1082880001211170C2E90433C2E90A03604A02F10C
:108298001800C2E906005F481170C2E90433C2E958
:1082A8000A0313625C4A5D48D060117053605C4AEF
:1082B80000F58060D060117053605A4A00F5903024
:1082C800D06011705360584A00F54060D06011705A
:1082D8005360564A02F10C00C2E903005448117079
:1082E80053605361C2E90A33D3611063514A29705C
:1082F800042011705360D360107494614E4A6B600F
:1083080010744E4811705360D36090614C4A02F16A
:108318000C00C2E903004B481170C2E9070341F29F
:108328000A0441F21800C2E9013353615362C2E9F9
:108338000A40002205F12C01134641F8043B0132A2
:10834800072A8B61F9D1DBF81C203F49AB6042F06A
:108358000102CBF81C20DBF81C208A683B4C42F059
:1083680001028A604FF0804240F2CF2191620120E1
:108378004FF0FF31D16293615363D3605360506112
:1083880010601C4A802082F81C034FF08050C2F80D
:108398008001106004F11C02C4E907222C4A2D4810
:1083A80010602D4850602D4A2D489360C2E90003A3
:1083B80002F10C00C4E90913A360C4E90044C4E94C
:1083C8000444C2E903005361CDE90613CDE908333B
:1083D800636700220023CDE90A23042642E000BF98
:1083E80000100240007000403C21002084980008E2
:1083F8000000024000E100E000000140201E0020D3
:10840800FC110020000400400C9A0008381B0020D2
:108418002C120020289A00086C1A00200010004036
:108428007C1A00208C1A00205C1A00209C1A00205C
:1084380000540040D01A0020EC1A00200008004028
:10844800081B002000380040002004E0241F002002
:10845800002100206023002000A00020102100201F
:10846800ED35000806A8FAF787FD06A8FAF764FDB7
:10847800013EF7D1069B63678023C4E91A63A363AF
:10848800D74B6269A364D74B6264012784F85160B3
:10849800666684F852702464136103F128026361EC
:1084A800A265A36103F12C02CF4BE364C4E9172250
:1084B80084F850704FF0200888F3118862B6CB4BCF
:1084C800CB4AD96821F4E0610904090C0A43C94977
:1084D800DA60CA6842F08072CA60C7490A684FF019
:1084E80010093A430A6083F81F9083F8228086F3C4
:1084F800118862B688F31188C04B03F1B402C3F83F
:108508002421BF4AC3F83431C3E93D26BD4AC3F824
:1085180014210222A3F83821BB4AC3F8302162692A
:10852800C3F82C2103F58C70C3E95467C3F8207194
:10853800C3F84C6183F83A71C3F82841106103F518
:10854800A072C3F8402103F5A272C3E95122314653
:108558006061FCF787FA86F31188AC4BAC4A1A6065
:10856800AC4BAD4A5A6002F188325A6031464A46ED
:10857800AA48DFF8E892F9F78BFDA94BA9481E70C5
:10858800A94B89F8006003F108029A6503F11C02FF
:10859800C3F8802003F13002C3F8A02003F1D80209
:1085A800C3F8D82003F1E002C3E93822D3F8C42085
:1085B800D3F8D010D3F8BCC083F8DC70043202FBC7
:1085C8000C1EC3E93EE2C3E940C1984AD3F8CCC0C7
:1085D800D3F8B8E0C3F81021C3E93C1103F1D40281
:1085E80003F58C71C3E9461183F8E870C3F8EC60B1
:1085F80083F82071C3E94266C3F8D400C3F8142194
:10860800C3F824E1C3E94ACCD3F8C010043101FB14
:108618000EC7C3E94C718649C3E94EECC3E952124F
:10862800C3E95066D3F8B01088F3118893F8B460A2
:10863800CDF8109001EB8606B26293F8B56011365A
:1086480041F8262093F8B66016B101EB86018A62DC
:10865800784AC3F85021022183F8DC10002686F3FB
:10866800118802F1AC01C3F8AC1102F1C001C3F8E2
:10867800D41102F1D401C3F8F41102F5BE71C3F8A4
:108688002C1202F5C271C3E98D11D3F81812D3F870
:108698001072C3F82802D3F82402C3F840620431E8
:1086A80001FB070EC3E993E16049C3F86412D3F8EC
:1086B8001412D3F80CE2C3F878E2C3E99570D3F842
:1086C8002072C3E99100043102F5BC7002F5DE7234
:1086D8004FF0010CC3E99B2201FB0E72C3E99766B8
:1086E800C3E99F7783F830C283F83CC2C3F86802B5
:1086F80083F874C2C3E9A1214D4AC3E9A3E7C3E9DA
:10870800A720C3E9A566D3F80422202181F31188A4
:1087180093F8081202EB8101886293F8091211316B
:1087280042F8210093F80A1211B102EB810290621B
:10873800414AC3F8A422022783F83072002686F340
:1087480011884FF4805101224FF09040F9F7F4FF5F
:108758004FF090434FF480525A833848FCF728FF73
:10876800202383F31188364B6B602B78012BC5E9E6
:108778000366C5E90566C5E90766C5E9096601D165
:10878800F9F752FF2F70002686F3118840F2027223
:108798004FF480514FF09040F9F7CEFF294B41F24A
:1087A8008830DE60FCF704FF2748FCF7A9FF202388
:1087B80083F311884FF080435A6A86F31188234B5C
:1087C80023481A60FBF784FD4FF09040FBF780FDCB
:1087D8002048FBF77DFD2048FBF77AFD40E000BF0D
:1087E800E6990008541F00200004002000ED00E076
:1087F8000003FA05F0ED00E0001000E0A01F0020E3
:10880800E935000871030008CF950008A80F00207B
:10881800CD3700080020024023016745C821002009
:10882800D8210020BCA00008000D0020B5370008A2
:10883800C7360008B00D0020040F0020F0490200E0
:10884800ACA00008F4210020D49500088022002064
:10885800080400480A00004809000048D9210020FF
:108868008D48FBF735FD8D48FBF732FD8C48FBF74B
:108878002FFD8C48FBF72CFD8B4A8C4B16705670DD
:108888009670D6708A498B4A1E705E709E70DE7034
:108898001278097842EA012212B212F58B7F1E463D
:1088A80001D0FBF78FFB844B1A78844B1A70844BEA
:1088B800844A1B78127843EA0223834A1380FDF71F
:1088C80011FD40F6B830FCF773FEFDF70BFD337869
:1088D800DA0717D5FF212320FBF79AFAFF21242076
:1088E800FBF796FAFF212520FBF792FAFBF756FBD8
:1088F800FF210020FBF78CFAFF210120FBF788FA03
:10890800FBF73CF9714B1A78714B1A60FDF748FC7C
:10891800FCF74EF96F4B1B78212B07D16E4B1B7858
:10892800072B03D16D4B1B78132B13D00021262066
:10893800FBF76EFAFBF7FCFAFBF7EEFA212123208E
:10894800FBF766FA07212420FBF762FA132125209A
:10895800FBF75EFA202204214FF09040F9F7ECFE75
:10896800202202214FF09040F9F7E6FE4FF09043A5
:108978005B4E1A691B695B48C2F3800203F002036D
:1089880013433370584B594A1A60FCF7B9FE0296E4
:108998001AE0049A56481370564B00261E70564B20
:1089A8001E70FCF747F8554B1E609E80544B1E7096
:1089B800544B1E70544B30461E70FBF77FF93046FF
:1089C800FBF76CF9FBF78AF9504B514E1A78514B6B
:1089D8001B7800219A4209D018460133305C0528DB
:1089E80003F00F034FF00101F4D1D2E709B1494B6D
:1089F8001A702B78052B0DD14748484FDFF8248192
:108A0800FCF77EFE00262B78052B31D0FDF796F873
:108A1800FDF7CEF9FDF766FC08B1FBF7C7F8404B48
:108A28000093224B01930026F3B20393019B13F8A2
:108A3800018B0193009B13F8017B0093474573D189
:108A48000136042EF0D1FBF7B1F800234FF6FF7280
:108A580040F00100ADF81E308DF81A30ADF818203E
:108A6800ADF81C0006AB93E80300FEF749FD91E062
:108A7800FCF76CF840F2A460FCF79AFDFDF732FCB5
:108A88000A4A002312F8011B002940F02183013310
:108A9800DBB2042BF6D1B6E705040048070400480A
:108AA8000204004800040048792200203E220020E9
:108AB80002E0030800E0030804E003080E21002098
:108AC80008E0030844E003082A22002006E003081F
:108AD8002C21002046E0030848E003084AE0030888
:108AE800A921002010960008A4210020EC0C0020E9
:108AF800C01B00207D2200205C230020492200208A
:108B080050220020512200204F220020D82100208E
:108B1800C8210020D9210020E5950008005C00400C
:108B28004222002000E100E0A94B1A78930700F1E7
:108B38008B8187EA080700224FF0010919EA070F1D
:108B48005FFA82FA00F0A08119EA080814BF012729
:108B58000027FBF72BF840F0010080B20023B8F1A2
:108B6800000F01D09B4A1370ADF81E30039B8DF89F
:108B780019308DF818A006AB8DF81A70ADF81C00E6
:108B880093E80300FEF7BCFC934A935D89EA030966
:108B980002F806904FF0904390491A691B69C2F396
:108BA800800203F002031343029A127843EA820315
:108BB800029ADBB213708A4A03F00F03D35C0A7877
:108BC80013445BB2032B40F3688186480278013274
:108BD80002700122584200F0030003F0030358BF5B
:108BE80043420B700AB1FAF7E1FFDFF804A29AF8E2
:108BF80000309AF902609AF9037000939AF80130EC
:108C08000193002256EA07039AF904809AF905901D
:108C18008AF802208AF803208AF804208AF80520B6
:108C28003AD0714A12880392FAF7C0FF039A6F4943
:108C3800801A0A7880B2002A00F0DA8232282BD90A
:108C4800FF2A01D001320A7046B1FBF7A5FA002EBF
:108C5800CCBF0122FF2250438AF8020047B1FBF73C
:108C68009BFA002FCCBF0122FF2250438AF8030051
:108C78009AF9021081B19AF903306BB1B5225143C8
:108C8800091202FB03F308BF0121594A8AF80210AE
:108C98001B1208BF0123D37058EA090342D0554B71
:108CA800B3F800A0FAF782FF534A1378A0EB0A0042
:108CB80080B2002B00F09782642833D9FF2B01D0B3
:108CC80001331370DFF828A1B8F1000F09D0FBF7C2
:108CD8003FFAB8F1000FCCBF0123FF2358438AF8AD
:108CE8000400B9F1000F09D0FBF732FAB9F1000F0F
:108CF800CCBF0123FF2358438AF805009AF90410D2
:108D080081B19AF9050068B1B5235943091203FBEB
:108D180000F308BF0121364A8AF804101B1208BF65
:108D280001235371DFF8C8A09AF803109AF80220BB
:108D38000A439AF804100A439AF8051052EA010304
:108D480001D0FDF735F8009B8AF80030019B8AF8BE
:108D580001308AF803708AF80260284F8AF8048084
:108D68008AF80590FAF7BAFF3B78834219D0FAF7E8
:108D7800B5FF3870164F3B780646580711D5D90706
:108D88000FD51F48FCF7BCFC3B78DA0709D51D480E
:108D98003146FCF7B5FC3B78DB0702D51A48FCF7EF
:108DA800AFFC1A4F3846202250F8D43F06A91E6A55
:108DB8000023B047D7F8283220221E6A06A90023CC
:108DC80007F50A70B04700283FF4FEAD20E000BF69
:108DD8000E2100205C23002042220020A821002030
:108DE800749E0008AA210020302200205022002072
:108DF8004922002032220020512200203C2200205B
:108E0800FD95000897950008AA950008000D002018
:108E18009DF81830013BC6B2122B00F28680DFE8BD
:108E280013F044004B00780088009100B1008400E2
:108E38008400840084008400B400B800BD00E00011
:108E4800FF000201040127019948DFF87892DFF852
:108E58007CA2FCF755FC0022114696480592FCF7C7
:108E68004FFC9548FCF74CFC19F8010BFBF722FC6A
:108E780001465046FCF744FC9048FCF741FC059A33
:108E88000132042AE8D154E601324FEA4909042A9A
:108E98005FFA89F97FF452AED2E5DE1C03DA88481E
:108EA8000278013A94E6002294E600238DF81930FE
:108EB80009238DF81A3021E09DF81930022B00F0B3
:108EC8008781032B0DD0012B2FD1FAF76FFE030EEC
:108ED8008DF81A30030C8DF81B3040BAADF81C0021
:108EE8000CE0784B1A788DF81A205A788DF81B20E8
:108EF8009A78DB788DF81C208DF81D30202E7FF4B1
:108F080063ADD7F8283270485B68324606A998479F
:108F18005AE59DF81930022B07D1DDF81A1009BA65
:108F2800C9B22620FAF774FFE8E7FF238DF8183056
:108F3800E4E79DF81B209DF81A109DF81900FAF730
:108F4800D5FECAE79DF81C309DF81D109DF81A80C3
:108F58009DF81B0041EA03219DF819304FEAC80823
:108F680008EB431808EB400808F127000FFA81F9CD
:108F780080B2090AFAF74CFF08F128005FFA89F174
:108F880080B2CFE7FAF7D4FFB8E710238DF819308D
:108F9800B4E703238DF8193059238AE79DF819207F
:108FA8009DF81A309DF81B8043EA022303F1A702BB
:108FB800C3F57F4306A959334FF00009D01880B292
:108FC80040459BD2A2F1A700B0F5567F06DC1046BB
:108FD800FAF7EFFB087101320131EFE781F80490ED
:108FE800F9E79DF819309DF81A809DF81BA048EA0A
:108FF80003284FF000091FFA89F39A457FF67EAFE0
:10900800B8F5567F07DC06AB4B4408F1A700197981
:1090180080B2FAF7FDFE09F1010908F10108EAE753
:10902800FAF77AFF6AE70423B0E79DF819209DF85C
:109038001A309DF81B8043EA022303F12702C3F587
:109048007F4306A9D9334FF00009D01880B24045B4
:10905800BFF454AFA2F127007F2806DC1046FAF7C8
:10906800A8FB087101320131EFE781F80490F9E7B4
:109078009DF819309DF81A809DF81BA048EA03282E
:109088004FF000091FFA89F35345BFF437AFB8F121
:109098007F0F07DC06AB4B4408F12700197980B233
:1090A800FAF7B6FE09F1010908F10108EAE700BF7D
:1090B800E9950008979500080D960008AA950008FC
:1090C800AA2100203E220020280F0020F895000841
:1090D8002B78052B0AD13B6C43F010033B64C82066
:1090E800FCF766FA3B6C23F010033B64202383F300
:1090F80011882B78012B15D04FF48063C8F888307D
:109108004FF4006388F84A63C8F88830032388F866
:109118004B633B64DBF81C3023F40003CBF81C30B2
:10912800DBF81C30DFF8D8906E6001232B704FF00D
:10913800000A59F8043B7BB1586920B16FF001016E
:109148000C30F9F765FF59F8043C986920B16FF0C5
:1091580001010C30F9F75CFF0AF1010ABAF1080FB6
:1091680049F8046CE5D12268A36992689B689A4221
:1091780001D9FEF76BFF86F3118801224FF4805165
:109188004FF09040F9F7D8FA4FF090434FF48052DF
:109198005A83202383F31188184B6B602B78012B9B
:1091A800C5E90366C5E90566C5E90766C5E909664F
:1091B80001D1F9F739FA02232B7086F3118840F2AE
:1091C80002724FF480514FF09040F9F7B5FA1AE463
:1091D8002620FAF7EEFA0023ADF81A308DF81C3085
:1091E8008DF81D008AE6B0F5967F3FF669AD99E5E2
:1091F800B0F5967F3FF626AD4EE500BFACA000085F
:10920800441B0020404A08B552F8041C3F4B9942C1
:109218000DD1002342F8043C83F314883C4B1B68AF
:1092280083F3088862B63B4B1B689847FEE73A4AC7
:109238003A49936A43F4FC039362936A23F4FC0368
:109248009362936A536943F4FC0353614FF090406F
:109258005369F9F749F932493248F9F745F932497A
:109268003248F9F741F932493248F9F73DF93249BC
:109278003248F9F739F932493248F9F735F91368BC
:1092880043F00103136013461A689207FCD55A6825
:1092980022F003025A605A6812F00C02FBD11968D6
:1092A80001F0F90119605A601A6842F480321A60B4
:1092B8001A689003FCD55A6A42F001025A625A6A47
:1092C8009107FCD5204A5A604FF40452DA623022E2
:1092D8001A631A6842F080721A601A689201FCD503
:1092E8001A4A12211160116801F007010229FAD106
:1092F8005A6842F002025A605A6802F00C02082AC0
:10930800FAD11A6B1A6308BD00A00020EFBEADDECB
:1093180000D8FF1F04D8FF1F00100240A89E0008B5
:10932800C49E000800040048E09E000800080048A9
:10933800FC9E0008000C0048189F00080010004818
:10934800349F00080014004800241D00002002403B
:04935800F8B500BFA5
:04935C00F8B500BFA1
:109360000002040507090B0C0E1011131517181A2B
:109370001C1D1F2123242628292B2D2F3032343564
:1093800037393B00000000000000000000003043BF
:1093900000000000000030C30020202020202020FA
:1093A0002020282828282820202020202020202095
:1093B00020202020202020202088101010101010A5
:1093C00010101010101010101004040404040404F1
:1093D000040404101010101010104141414141418B
:1093E000010101010101010101010101010101016D
:1093F000010101011010101010104242424242427D
:10940000020202020202020202020202020202023C
:1094100002020202101010102000000000000000E4
:10942000000000000000000000000000000000003C
:10943000000000000000000000000000000000002C
:10944000000000000000000000000000000000001C
:10945000000000000000000000000000000000000C
:1094600000000000000000000000000000000000FC
:1094700000000000000000000000000000000000EC
:1094800000000000000000000000000000000000DC
:1094900000000000000000000000000000000000CC
:1094A00000000000000000000000000000000000BC
:1094B00000000000000000000000000000000000AC
:1094C000000000000000000000000000000000009C
:1094D000000000000000000000000000000000008C
:1094E000000000000000000000000000000000007C
:1094F00000000000000000000000000073746163C1
:109500006B206F766572666C6F77006B6579626F42
:109510006172645F7265706F72743A200025303238
:109520005820004F6E6573686F743A2061637469E8
:1095300076653A2025640A0064656C5F6B65795F27
:109540006269743A2063616E27742064656C3A2006
:10955000253032580A006164645F6B65795F626927
:10956000743A2063616E2774206164643A20253068
:1095700032580A006D6F7573656B6579205B627494
:109580006E7C782079207620685D287265702F6166
:10959000636C293A205B0025303258007C0025643A
:1095A000005D28002575002F00290A00444542551A
:1095B000473A20656E61626C65642E0A004445423C
:1095C00055473A2064697361626C65642E0A0069CC
:1095D000646C650055534220636F6E6669677572EF
:1095E00065642E0A005B735D000A722F63203031C0
:1095F0003233343536370A0025303862006B6579EE
:10960000626F6172645F7365745F6C65643A2000B9
:109610004B6579626F6172642073746172742E0A93
:1096200000000000759700087997000897970008D8
:10963000041C100098960008B1960008D196000806
:10964000EA96000835970008A9970008CB9700080C
:1096500001970008E200E900EA00B500B600B70093
:10966000CD008301CC008A019201940121022302E2
:1096700024022502260227022A02B300B4006F004A
:1096800070004022B62209027B00040100A0FA0902
:109690000400000103010100092111010001224021
:1096A000000705810308000A090401000203000005
:1096B0000009211101000122220007058203200078
:1096C0000107050303200001090402000103000053
:1096D0000009211101000122B600070584032000C2
:1096E0000A0904030002030000000921110100011E
:1096F000222200070585032000010705060320003C
:10970000010631FF0974A1010975150026FF0095B6
:1097100020750881020976150026FF00952075083E
:109720009102C01201100100000040756F6201013A
:10973000000102000105010906A101050719E02940
:10974000E7150025019508750181029501750881CD
:10975000010507190029FF150026FF009506750869
:1097600081000508190129059505750191029501EA
:1097700075039101C0040309041C033100750070D6
:109780000020004B006500790062006F00610072EC
:10979000006400730000001003530077006500654B
:1097A0000074003100360000000660FF0961A1016D
:1097B0000962150026FF00952075088102096315CE
:1097C0000026FF00952075089102C005010902A13D
:1097D0000185020901A100050919012908150025C3
:1097E00001950875018102050109300931158125AE
:1097F0007F95027508810609381581257F950175C9
:10980000088106050C0A38021581257F9501750827
:109810008106C0C005010980A101850319012AB78D
:1098200000150126B700950175108100C0050C09CF
:1098300001A101850419012AA002150126A00295A3
:109840000175108100C005010906A1018505050704
:1098500019E029E715002501950875018102050722
:10986000190029EF1500250195F075018102050801
:10987000190129059505750191029501750391015D
:10988000C00000000000024008000240010000008B
:109890000000000B000002401C000240020000001B
:1098A0000004010C000002403000024004000000EF
:1098B0000008020D000002404400024008000000C1
:1098C000000C030E0000024058000240100000008F
:1098D0000010040F000002406C0002402000000055
:1098E000001405100000024080000240400000000B
:1098F0000018061100040240080402408000000025
:1099000000000738000402401C040240000100006F
:109910000004083900040240300402400002000044
:109920000008093A00040240440402400004000018
:10993000000C0A3B000402405804024000080000EA
:1099400000100B3C000000000000000000000000C0
:1099500000000000000000000000000000002A2BB2
:1099600028000000000000000000000000000000CF
:109970000029000000002C1E342021222434262738
:10998000252E362D3738271E1F2021222324252659
:109990003333362E37381F0405060708090A0B0C27
:1099A0000D0E0F101112131415161718191A1B1C6F
:1099B0001D2F3130232D350405060708090A0B0C2D
:1099C0000D0E0F101112131415161718191A1B1C4F
:1099D0001D2F3130354C000000007E0F00D4FFFFFA
:1099E000FFC7000000786D61696E00164230040404
:1099F00044080C1014181C20212200000804004800
:109A0000000000480A0000480900004800740040B7
:109A100000000000000000000000FFFF090000003F
:109A2000BE2000000A000000007400400300000097
:109A300010000000FFFF00000A000000BE20000030
:109A40000A000000FF0FFF0FFF0FFF0FFF0FFF0FB8
:109A5000FF0FFF0FFF0FFF0FFF0FFF0FFF0FFF0F96
:109A6000FF0FFF0FFF0FFF0FFF0FFF0FFF0FFF0F86
:109A7000FF0FFF0FFF0FFF0FFF0FFF0FFF0FFF0F76
:109A8000FF0FFF0FFF0FFF0FFF0FFF0FFF0FFF0F66
:109A9000FF0FFF0FFF0FFF0FFF0FFF0FFF0FFF0F56
:109AA000FF0FFF0FFF0FFF0FFF0FFF0FFF0FFF0F46
:109AB000FF0FFF0FFF0FFF0FFF0FFF0FFF0FFF0F36
:109AC000FF0FFF0FFF0FFF0FFF0FFF0FFF0FFF0F26
:109AD000FF0FFF0FFF0FFF0FFF0FFF0FFF0FFF0F16
:109AE000FF0FFF0FFF0FFF0FFF0FFF0FFF0FFF0F06
:109AF000FF0FFF0FFF0FFF0FFF0FFF0FFF0FFF0FF6
:109B0000FF0FFF0FFF0FFF0FFF0FFF0FFF0FFF0FE5
:109B1000FF0FFF0FFF0FFF0FFF0FFF0FFF0FFF0FD5
:109B2000FF0FFF0FFF0FFF0FFF0FFF0FFF0FFF0FC5
:109B3000FF0FFF0FFF0FFF0FFF0FFF0FFF0FFF0FB5
:109B4000FF0FFF0F000000000000000000000000F9
:109B50000000000000000000000000000000000005
:109B600000000000000000000000000000000000F5
:109B700000000000000000000000000000000000E5
:109B800000000000000000000000000000000000D5
:109B900000000000000000000000000000000000C5
:109BA00000000000000000000000000000000000B5
:109BB00000000000000000000000000000000000A5
:109BC0000000000000000000000000000000000095
:109BD0000000000000000000000000000000000085
:109BE0000000000000000000000000000000000075
:109BF0000000000000000000000000000000000065
:109C00000000000000000000000000000000000054
:109C10000000000000000000000000000000000044
:109C20000000000000000000000000000000000034
:109C30000000000000000000000000000000000024
:109C40000000000000000000000000000000000014
:109C50000000000000000000000000000000000004
:109C600000000000000000000000000000000000F4
:109C700000000000000000000000000000000000E4
:109C800000000000000000000000000000000000D4
:109C900000000000000000000000000000000000C4
:109CA00000000000000000000000000000000000B4
:109CB00000000000000000000000000000000000A4
:109CC0000000000000000000000000000000000094
:109CD0000000000000000000000000000000000084
:109CE0000000000000000000000000000000000074
:109CF0000000000000000000000000000000000064
:109D00000000000000000000000000000000000053
:109D10000000000000000000000000000000000043
:109D20000000000000000000000000000000000033
:109D30000000000000000000000000000000000023
:109D400000000000FF0FFF0FFF0FFF0FFF0FFF0FBF
:109D5000FF0FFF0FFF0FFF0FFF0FFF0FFF0FFF0F93
:109D6000FF0FFF0FFF0FFF0FFF0FFF0FFF0FFF0F83
:109D7000FF0FFF0FFF0FFF0FFF0FFF0FFF0FFF0F73
:109D8000FF0FFF0FFF0FFF0FFF0FFF0FFF0FFF0F63
:109D9000FF0FFF0FFF0FFF0FFF0FFF0FFF0FFF0F53
:109DA000FF0FFF0FFF0FFF0FFF0FFF0FFF0FFF0F43
:109DB000FF0FFF0FFF0FFF0FFF0FFF0FFF0FFF0F33
:109DC000FF0FFF0FFF0FFF0FFF0FFF0FFF0FFF0F23
:109DD000FF0FFF0FFF0FFF0FFF0FFF0FFF0FFF0F13
:109DE000FF0FFF0FFF0FFF0FFF0FFF0FFF0FFF0F03
:109DF000FF0FFF0FFF0FFF0FFF0FFF0FFF0FFF0FF3
:109E0000FF0FFF0FFF0FFF0FFF0FFF0FFF0FFF0FE2
:109E1000FF0FFF0FFF0FFF0FFF0FFF0FFF0FFF0FD2
:109E2000FF0FFF0FFF0FFF0FFF0FFF0FFF0FFF0FC2
:109E3000FF0FFF0FFF0FFF0FFF0FFF0FFF0FFF0FB2
:109E4000FF0FFF0FFF07000000000000FF070000EA
:109E50000000000001000000000000000000000001
:109E600000000000010000000000000000000000F1
:109E70000200000000FF0100010000FFFF000001E0
:109E80000001FF00000000009D300008492C000880
:109E90005D2B000840004000AC210020AC210020D8
:109EA00001000000C021002000A8802A000000005E
:109EB00000FCC03C54111564FFFF00000000505529
:109EC00000E00E0080A00000C0000000C0F0000014
:109ED00015055555FFFF000000000044000000007C
:109EE000000A000000000000000000F05555550574
:109EF000FFFF0000000077000000000000000000ED
:109F0000000000000000000055555555FFFF0000FF
:109F10000000000000000000400055550000000057
:109F2000C000FFFF15551501FF00000000000000F4
:109F30000000000000000000000000000F00000012
:109F400050555555FFFF00000000000000000000C4
:109F5000010000000300000000000000213600089E
:109F60000000000008000000DC21002000000000CC
:109F70000200000000000000240025002600250249
:109F800021002200230038001E001F0020002D00A9
:109F90002700280037000151005C0100010001008A
:109FA00001000100010001000100010001000100A9
:109FB0000100010001000100010001000100010099
:109FC0000100010001000100010001000100010089
:109FD0000100010001000100010001000100010079
:109FE0000100010001000100010001000100010069
:109FF0000100010001000100D0A60008602300203C
:10A000006023002060230020D0A60008000000008C
:10A010000000000000000000D0A6000800000000C2
:10A020000000000000000000D0A6000800000000B2
:10A030000000000000000000D0A600080000001092
:10A040000000001000000010D0A600080000000072
:10A050000000000000000000D0A600080000000082
:10A060000000000000000000D0A600080000000072
:10A07000000000000000000005040048070400483C
:10A080000204004800040048030000000000000033
:10A090007138000800000000200000008C22002021
:10A0A0000000000002000000000000004D47000812
:10A0B000E53A000801390008654900080000000081
:10A0C000235400086555000873540008AF55000874
:10A0D0006D540008A95500081D5400085F5500087C
:0CA0E00000000000000000000000000074
:08A0EC00D87CFF7F0100000099
:10A0F400FF000000080C002000000000DC940008B1
:10A10400BC9400089C9400080000000000000000BB
:10A11400000000000000000000000000000000003B
:10A12400000000000000000000000000000000002B
:10A13400000000000000000000000000000000001B
:10A14400000000000000000000000000000000000B
:10A15400000000000000000000005C44000000411A
:10A1640000005C440000004148F176440000C04017
:10A1740000005C440000C04048F176440000C04048
:10A1840000005C440000C040010000000000DC440A
:10A194000000004100005C440000004100005C44F9
:10A1A400000000410000DC440000004100005C4469
:10A1B4000000004100005C440000004148F1764486
:10A1C4000000C04000005C440000C04048F17644F8
:10A1D4000000C04000005C440000C0407538000826
:10A1E4005D560008055600083D3800080938000887
:10A1F4000400000004000000000000000000000053
:10A20400000000000000000000000000000000004A
:10A21400000000000000000000000000000000003A
:10A22400000000000000000000000000000000002A
:10A2340000000000030000000000000025360008B4
:10A2440000000000200000000000000000000000EA
:10A2540002000000000000000300000000000000F5
:10A26400000000004B370008000020000000000040
:10A2740000000000020000000000000003000000D5
:10A284000000000023360008000000000800000061
:10A2940000000000000000000200000000000000B8
:10A2A400381B002005060000040000000400000024
:10A2B400200000002000000001000000E01B00203E
:10A2C400701C0020000000000000000000000000DE
:10A2D400000000000000000000000000000000007A
:10A2E400000000000000000000000000000000006A
:10A2F400000000000000000000000000000000005A
:10A304000000000000000000000000000000000049
:10A314000000000000000000000000000000000039
:10A324000000000000000000000000000000000029
:10A334000000000000000000000000000000000019
:10A344000000000004000000040000000000000001
:10A3540000000000000000000000000000000000F9
:10A3640000000000000000000000000000000000E9
:10A3740000000000000000000000000000000000D9
:10A3840000000000000000000300000000000000C6
:10A394002536000800000000200000000000000036
:10A3A40000000000020000000000000003000000A4
:10A3B40000000000000000004B37000800002000EF
:10A3C4000000000000000000020000000000000087
:10A3D4000300000000000000233600080000000015
:10A3E400080000000000000000000000020000005F
:10A3F40000000000381B00200203000004000000DD
:10A404000400000020000000200000000000000004
:10A41400001D0020901D002000000000000000002E
:10A424000000000000000000000000000000000028
:10A434000000000000000000000000000000000018
:10A444000000000000000000000000000000000008
:10A4540000000000000000000000000000000000F8
:10A4640000000000000000000000000000000000E8
:10A4740000000000000000000000000000000000D8
:10A4840000000000000000000000000000000000C8
:10A494000000000000000000713B000852D0244579
:10A4A400000000410000DC440000004152D0A444FC
:10A4B40000004041004000000000000020000000B7
:10A4C4000000000000400000000000002000000028
:10A4D400000000000A0000000150000820000000F5
:10A4E4000000000001009600000000080000DC44A9
:10A4F400000000410AA7CF44000000415CFFB844BB
:10A504000000004152D0A444000000411FD59244F1
:10A51400000000415C978A440000004148F1764401
:10A524000000004100005C440000004100005C4465
:10A534000000004148F17644000000415C978A44E1
:10A54400000000411FD592440000004152D0A444B1
:10A55400000000415CFFB844000000410AA7CF445A
:10A56400000000410000DC44000000410300000042
:10A5740000005C44000080411F15694400008041D4
:10A5840048F176440000804100D0824400008041BC
:10A594005C978A4400008041A4D024440000804198
:10A5A40000005C44000080411FD5924400008041BB
:10A5B4005CFFC34400008041000000000000000074
:10A5C4005CFF4344000080411FD592440000804159
:10A5D4000000DC440000804152D02445000080414A
:10A5E400000000000000000000005C440000804106
:10A5F40048F17644000080415C978A440000804121
:10A604001FD592440000804152D0A44400008041F0
:10A614000000DC44000000410AA7CF4400000041D0
:10A624005CFFB8440000004152D0A4440000004143
:10A634001FD59244000000415C978A440000004109
:10A6440048F176440000004100005C4400000041F1
:10A6540000005C440000004148F1764400000041E1
:10A664005C978A44000000411FD5924400000041D9
:10A6740052D0A444000000415CFFB84400000041F3
:10A684000AA7CF44000000410000DC440000004160
:10A694006400000052D0A444000000410000DC44E7
:10A6A4000000004152D024450000404100005C44B9
:10A6B400000080415C978A440000804152D0A44449
:0CA6C400000080410000DC4400008041E8
:04000005080003519B
:00000001FF
