:020000040800F2
:1000000000040020510300085303000853030008B4
:100010005303000853030008530300085303000868
:100020005303000853030008530300083D5A000817
:100030005303000853030008530300085303000848
:100040005303000853030008530300085303000838
:100050005303000853030008ED6500082D660008EF
:1000600071660008B5660008F9660008A16B000813
:10007000B56B0008C96B0008DD6B0008F16B000868
:10008000056C0008196C00085303000853030008AE
:100090005303000853030008530300083D6700089A
:1000A0004169000855690008596900085D69000840
:1000B0004D700008C1710008D5710008F16D00088D
:1000C000F96E0008530300085303000853030008A7
:1000D00053030008530300085303000853030008A8
:1000E0002568000853030008530300085303000861
:1000F0001D71000853030008530300085303000850
:100100005303000853030008530300085303000877
:100110005303000853030008F57000080971000834
:100120002D6C0008416C0008556C0008696C0008D3
:100130007D6C0008530300085303000853030008B4
:100140005303000853030008530300085303000837
:100150005303000853030008530300085303000827
:1001600053030008530300085303000821720008DA
:100170005303000853030008530300085303000807
:1001800053030008530300085303000853030008F7
:1001900053030008530300085303000853030008E7
:0801A00011020008E90100084A
:1001A8000348044B834202D0034B03B118477047FE
:1001B800D80E0020D80E002000000000054806498F
:1001C8000B1AD90F01EBA301491002D0034B03B15D
:1001D80018477047D80E0020D80E002000000000F5
:1001E80010B5064C237843B9FFF7DAFF044B13B177
:1001F8000448AFF300800123237010BDD80E0020FF
:10020800000000009089000808B5044B1BB10449A0
:100218000448AFF30080BDE80840CFE700000000C5
:10022800DC0E00209089000872B6394880F30888EF
:10023800384880F3098838484EF60851CEF2000154
:10024800086040F20000CCF200004EF63471CEF2A5
:1002580000010860BFF34F8FBFF36F8F40F20000BB
:10026800C0F2F0004EF68851CEF200010860BFF3EC
:100278004F8FBFF36F8F4FF00000E1EE100A4EF67C
:100288003C71CEF200010860062080F31488BFF3A9
:100298006F8F05F065F804F009FE4FF055301F49DF
:1002A8001B4A91423CBF41F8040BFAE71C49194A22
:1002B80091423CBF41F8040BFAE71A491A4A1B4B12
:1002C8009A423EBF51F8040B42F8040BF8E70020AD
:1002D8001749184A91423CBF41F8040BFAE705F068
:1002E80043F805F03EF8144C144DAC4203DA54F8C8
:1002F800041B8847F9E704F0E7FD114C114DAC42A7
:1003080003DA54F8041B8847F9E705F02BB8000016
:1003180000040020000C002000000008000000205D
:100328000004002090890008000C0020D80E00204E
:10033800D80E0020AC1F0020A0010008A40100086E
:10034800A4010008A80100086EE700F000F8FEE725
:100358002DE9F04F2DED108AC1F80CD0C3689D46E9
:10036800BDEC108ABDE8F08F002383F3118828467E
:10037800A047002005F092FAFEE705F026FA00DF14
:10038800FEE7000053B94AB9002908BF00281CBF7E
:100398004FF0FF314FF0FF3000F06EB9ADF1080CAF
:1003A8006DE904CE00F006F8DDF804E0DDE902238B
:1003B80004B070472DE9F047089D04468C46002B91
:1003C80040F083808A42174647D9B2FA82F242B196
:1003D800C2F1200024FA00F09140974040EA010C55
:1003E80094404FEA1748230CBCFBF8F61FFA87FE27
:1003F80008FB16C143EA014306FB0EF1994209D9ED
:10040800FB1806F1FF3080F01981994240F21681FD
:10041800023E3B445B1AA4B2B3FBF8F008FB10336E
:1004280044EA034400FB0EFEA64509D93C1900F135
:10043800FF3380F00581A64540F2028102383C4432
:1004480040EA0640A4EB0E0400261DB1D440002368
:10045800C5E900433146BDE8F08702B9FFDEB2FACC
:1004680082F2002A50D1CB1B4FEA174E1FFA87F8A9
:100478000126B3FBFEFC210C0EFB1C3341EA0341B1
:1004880008FB0CF38B4207D979180CF1FF3002D224
:100498008B4200F2E9808446C91AA3B2B1FBFEF090
:1004A8000EFB101143EA014408FB00F8A04507D9E8
:1004B8003C1900F1FF3302D2A04500F2D98018465A
:1004C800A4EB080440EA0C40BFE78B4209D9002D91
:1004D80000F0B1800026C5E9000130463146BDE88C
:1004E800F087B3FA83F6002E4AD18B4202D38242B8
:1004F80000F2B880841A61EB030101208C46002DBC
:10050800A8D0C5E9004CA5E7C2F1200320FA03F6FC
:10051800974001FA02F04FEA174ED9403043030CD6
:10052800B1FBFEF61FFA87F80EFB161143EA0143EA
:1005380006FB08F1994204FA02F409D9FB1806F1FE
:10054800FF3C80F08D80994240F28A80023E3B4415
:100558005B1A81B2B3FBFEF00EFB103341EA034194
:1005680000FB08F38B4207D9791800F1FF3C73D2DE
:100578008B4271D902383944CB1A40EA064678E7EB
:10058800C6F1200C03FA06F422FA0CF31C4320FAF5
:100598000CF701FA06F34FEA144E21FA0CF11F4347
:1005A8003B0CB1FBFEF91FFA84F80EFB191143EA64
:1005B800014109FB08FA8A4502FA06F200FA06F335
:1005C80008D9611809F1FF3048D28A4546D9A9F1FE
:1005D80002092144A1EB0A01BFB2B1FBFEF00EFBF8
:1005E800101147EA014700FB08F8B84507D9E71991
:1005F80000F1FF312ED2B8452CD90238274440EA01
:100608000940A7EB0807A0FB02894F45C6464946A3
:100618001AD317D05DB1B3EB0E0267EB010707FAE7
:100628000CFCF2404CEA0202F740C5E9002700261C
:100638003146BDE8F0872E4628460BE70646E9E630
:100648001846FDE64345E5D2B8EB020E69EB040116
:100658000138DFE70846D2E760468DE78146B9E70B
:10066800664675E730464AE7ACF1020C394413E7B1
:1006780002383C4424E700BF704700BF844641EA83
:10068800000313F003036DD1403A41D351F8043B02
:1006980040F8043B51F8043B40F8043B51F8043B54
:1006A80040F8043B51F8043B40F8043B51F8043B44
:1006B80040F8043B51F8043B40F8043B51F8043B34
:1006C80040F8043B51F8043B40F8043B51F8043B24
:1006D80040F8043B51F8043B40F8043B51F8043B14
:1006E80040F8043B51F8043B40F8043B51F8043B04
:1006F80040F8043B51F8043B40F8043B51F8043BF4
:1007080040F8043B51F8043B40F8043B403ABDD262
:10071800303211D351F8043B40F8043B51F8043B04
:1007280040F8043B51F8043B40F8043B51F8043BC3
:1007380040F8043B103AEDD20C3205D351F8043B93
:1007480040F8043B043AF9D2043208D0D2071CBF5F
:1007580011F8013B00F8013B01D30B880380604688
:10076800704700BF082A13D38B078DD010F00303FE
:100778008AD0C3F10403D21ADB071CBF11F8013B6E
:1007880000F8013B80D331F8023B20F8023B7BE7BD
:10079800043AD9D3013A11F8013B00F8013BF9D2E8
:1007A8000B7803704B7843708B7883706046704782
:1007B800F0B4860746D0541E002A3CD0CAB203467D
:1007C80002E014F1FF3436D303F8012B9D07F8D16A
:1007D800032C29D9CDB245EA05250F2C45EA054554
:1007E80033D9A4F11006360903F1200707EB0617E1
:1007F80003F1100242E9045542E902551032BA42A7
:10080800F8D1721C14F00C0F03EB021204F00F065F
:1008180013D0331F23F003030433134442F8045B5B
:100828009342FBD106F003042CB1C9B21C4403F86F
:10083800011B9C42FBD1F0BC704734461346002C88
:10084800F3D1F8E714460346C2E71A462646E0E71E
:10085800012070470120704708B5FFF7FBFF08BD6E
:10086800704708B5FFF7FCFF08BD000013B502ABE1
:1008780003E903000F4B1B78B3B99DF802300098C9
:1008880073B16AB103F026F904460146009803F0F3
:10089800DDF80099204602B0BDE8104001F07ABEAC
:1008A80003F0F8F80446F4E7009803F013F9009908
:1008B800F1E700BF260F002003460A460068998822
:1008C800FFF7D4BF10B500210446FFF7F5FF214616
:1008D800FFF7C7FF10BD10B5012404FA02F204FAAD
:1008E80001F1114304FA03F331EA00020CBF184383
:1008F800984310BD08B513460A46014603480068E8
:10090800FFF7E9FFBDE8084003F052B8780F002070
:1009180008B500F007FBBDE8084000F024BB00F074
:1009280027BB704708B502F0FAFCFFF7FAFF46F25A
:10093800A81004F0B8FFBDE8084003F0B5BB0000FC
:1009480038B501210546FFF7B7FF2946044601F0EF
:10095800D3FC08B9002038BD29462046FFF77CFFA4
:100968000028F7D02946204601F0FAFE0028F1D0E9
:100978002946204601F04EFF0028EBD029462046A4
:1009880002F022F80028E5D0AB787BB145F65A533F
:100998009C4231D00ED845F601439C4218D045F60A
:1009A800DE439C4225D0B4F5B84F0ED02846FFF759
:1009B8004FFFD0E745F65B539C4220D045F65C5389
:1009C8009C42F3D103F026F9F0E7FFF7ABFFC1E74C
:1009D8000C490B78C3F3000282F0010262F30003B2
:1009E8000B70DB0703D5084803F0BAFEB2E70748E7
:1009F800FAE703F08DFAADE703F018F9D6E703F04C
:100A080018F9D3E7A70F00200A7B00081B7B000812
:100A1800F8B5174B17491F5C174BC20800F00700C1
:100A28008D5C16499B5C8E5C0341054113F0010403
:100A380046FA00F005F0010500F0010602D0E120B9
:100A480002F048F915B1E62002F044F9384602F000
:100A580033FA15B1E62002F0C1F914B1E12002F031
:100A6800BDF926B1BDE8F8402C2002F025BAF8BD42
:100A78004D7B00082D7B0008CD7B00083D7B0008DE
:100A88002DE9F041234F04460E464FF00A0820781E
:100A980000283CD0012837D16378012B0ED1A078EB
:100AA800A51C02F009FA2C4601343546013DEDB289
:100AB800FF2DECD0642004F0F6FEF7E7022B04D1FA
:100AC800A078A51C02F006F9EDE7032B04D1A07865
:100AD800A51C02F083F9E6E7042B01D00134E3E713
:100AE8002246002512F8023FD95D4907144605D46D
:100AF800013DD9D3642004F0D6FEF9E7303B08FB6A
:100B0800053512F8013FEFE7FFF782FFCCE7BDE8B4
:100B1800F08100BF897800080021FFF7B1BF030901
:100B280043EA0010C0B28300801000F0330003F0E5
:100B3800CC03034358005B1003F0550300F0AA00F0
:100B480018437047024608B5C0B2FFF7E8FF0146F0
:100B5800100AFFF7E4FF40EA012080B208BD7047A1
:100B680008B5FFF7FCFF08BD0120704708B5FFF77F
:100B7800FBFF08BD10B50446FFF7F2FF2046FFF75C
:100B8800F5FF10BD0020704770470000014B33F897
:100B9800100070470C7C000813B5ADF804100199DB
:100BA80001F0F8FC00F0CCF8B0F5A04F044630D2C4
:100BB800B0F5804F80F08A80E72817D8DF280AD858
:100BC800A7280BD8A4286AD8012804D0031F9BB2F1
:100BD800A12B28BF0024204602B010BDBE2864D92E
:100BE800C03880B21F286AD90024F4E7B0F5405F06
:100BF80009D2B0F5005F60D2FF2854D8EF28F3D9A6
:100C080040F4A04024E00205C3B25CD443F440445D
:100C1800E1E7B0F5AA4F1DD2B0F5A84FC3B275D21F
:100C2800B0F5A64F0AD2B0F5A44F64D2B0F5A24FE2
:100C380051D34AF2F10040EA0324CCE79C08012092
:100C480003F0030300FA03F343EA441040F40A40B4
:100C580084B2C0E7B0F5B44F0FD2B0F5B24F61D24D
:100C6800B0F5AC4F55D3A0F5B0439BB2FF2BBBD822
:100C78004AF2F00040EA0420EAE7A0F5C0439BB23C
:100C8800B3F5005FB0D2C0F3042000F0D9F8000239
:100C980000F4F853E4B21C4344F400549BE7A0F179
:100CA800240444F48044A4B295E75834E4B2234BB6
:100CB80033F8140040F488448DE7C0F30B00FFF7C5
:100CC80065FF044687E743F4484484E7C0F30B0014
:100CD80040F420447FE7C3F38104C0F301106401AA
:100CE80044EA002403F00303012000FA03F31C4341
:100CF80044F40C40ACE79C08012003F0030300FA1D
:100D080003F343EA441040F40C40A1E74AF2F4002C
:100D180091E7C0B200F094F8000200F4F85040F4F3
:100D2800005458E700F00F0000F08AF8C4F30314E9
:100D380040EA042040F410408AE700BFDE7B000848
:100D4800E7284DD8DF2807D8312861D00ED82928C0
:100D580057D02A2863D07047A0F1E003072B3FD86B
:100D6800DFE803F0123E2126303E3A3F392804D00E
:100D7800822802D035283DD07047304B1B7813F0BD
:100D8800030F18BFE02070472C4A1378D9074DD4B9
:100D9800527812F0010F23D013F0100F08BFE32090
:100DA80018BF00207047254B1B7813F0040FF2E79B
:100DB800224A137859073BD45278D2073AD413F011
:100DC800100FEDE71D4B5A78910709D51B7813F0E2
:100DD800100F08BFE720E3E7184B1B781A07F6D473
:100DE8007047164A1378190726D452789207E6D521
:100DF800E420F5E7114B1B7813F0200F18BF2920CA
:100E080070470E4B1B7813F0200F18BF3520704722
:100E18000A4B1B7813F0400F18BF2A207047074B66
:100E28001B7813F0400F18BF3120704739207047E6
:100E3800E2207047E0207047E6207047E412002067
:100E4800294B1A78510707D500F01801082927D12E
:100E580000F0F70040F00400110707D500F0180172
:100E6800182926D100F0E70040F014005B78D90774
:100E780007D500F01801082924D100F0F70040F048
:100E88000100990707D500F01803182B23D100F0AB
:100E9800E70040F01100D30648BF00F0E7007047B4
:100EA80000F01401042904BF00F0FB0040F0080022
:100EB800D2E700F01401142904BF00F0EB0040F061
:100EC8001800D3E700F01101012904BF00F0FE006B
:100ED80040F00800D5E700F01103112B04BF00F023
:100EE800EE0040F01800D6E7E412002001F0E0B967
:100EF80008B500F0D5F84FF47A7004F0D4FC00F08F
:100F0800CFF8002000F038F8C30705D5FFF7EEFF4B
:100F1800BDE8084003F0C8B808BD08B5FFF7E8FF0A
:100F280008BD000008B502F071FF08B902F0F0FF33
:100F380002F076FF084B187002F078FF074B188014
:100F4800FFF7EBFF02F06FFF02F011FD044B18688A
:100F5800BDE8084002F027BDA70F0020E4120020DA
:100F6800780F0020704708B5FFF7FCFF08BD7047F1
:100F780008B5FFF7FCFF08BD014B33F810007047B8
:100F8800EE1200202DE9F0410F48104DDFF84C809B
:100F98000F4F104E03F0E4FB00242146404603F0B7
:100FA800DFFB384603F0DCFB35F8020BFFF7CAFD20
:100FB8000146304603F0D4FB0134074803F0D0FB68
:100FC800042CEAD1BDE8F0810C7C0008EE12002068
:100FD8004D830008287C000865820008237C0008EF
:100FE800032004F060BC00BF00BF00BF00BF00BF0B
:100FF80000BF00BF00BF00BF00BF00BF00BF00BFF1
:1010080000BF00BF00BF00BF00BF704708B5FFF7B3
:10101800E7FF08BD08B5202282F31188012100F0FE
:101028000F03994020F00F0005F03EFE002383F3E4
:10103800118808BD38B51348134DFFF7EBFF134867
:10104800FFF7E8FF1248FFF7E5FF1248FFF7E2FF56
:101058000C2455F8040B013CFFF7DCFF14F0FF04E7
:10106800F7D10D4B0D4A1C800420148054805C80FD
:1010780094809C80D480DC8000F074F8BDE838400F
:10108800FFF746BC04040048307C00080F00004805
:101098000A04004802040048EE120020E61200206C
:1010A8002DE9F74F0025DFF8B8B02A4F04264FF096
:1010B80020094FF00108AA465BF8044B89F3118810
:1010C80024F00F0004F00F0408FA04F4214601226A
:1010D800019005F0E9FD0198A4B244838AF31188D0
:1010E800FFF781FF00211C480C4650F8043B23F011
:1010F8000F0203F00F03126922FA03F3DB075ABF4A
:1011080008FA01F213B20023013123430C299CB2DF
:10111800EBD15BF8040CFFF77DFFFFF777FF3B8807
:10112800013EA3421ABF3C800123002316F0FF06AC
:1011380045EA030507F10207BED1084905482B46D1
:10114800042200F011F8FFF7EAFB284603B0BDE8D7
:10115800F08F00BFE6120020307C0008EE1200205D
:10116800607C000870470000F8B5104C06460F4632
:1011780015462BB10123237002F08AFF0C4B18800F
:1011880023782BB10A4B188802F087FF05280AD864
:10119800F8BD36F8132027F8132001339D42F8DCF8
:1011A80000232370F4E70023F8E700BFF40E0020C3
:1011B800F60E002008B5054803F0D2FABDE808404D
:1011C80003480122052103F0CBBA00BF707C000858
:1011D8006B7D00080138052841D8DFE800F0030ED0
:1011E80018222C361E4A1F4813781944FE29D4BFEA
:1011F800C9B2FF21117003F0B3BA1B4A1B48137818
:101208001944FE29D4BFC9B2FF211170F3E7184A67
:10121800184813781944FE29D4BFC9B2FF211170A8
:10122800E9E7154A154813781944FE29D4BFC9B20D
:10123800FF211170DFE7124A124813781944FE297A
:10124800D4BFC9B2FF211170D5E70F4A0F481378F0
:101258001944FE29D4BFC9B2FF211170CBE77047EA
:10126800000C0020B97D0008010C0020C87D000892
:10127800020C0020DA7D0008030C0020ED7D000838
:10128800060C0020027E0008070C00201B7E0008C8
:101298000138052841D8DFE800F0030E18222C3663
:1012A8001E4A1F4813788B4286BF591AC9B20021BB
:1012B800117003F055BA1B4A1B4813788B4286BF3E
:1012C800591AC9B200211170F3E7184A184813785F
:1012D8008B4286BF591AC9B200211170E9E7154A35
:1012E800154813788B4286BF591AC9B2002111706C
:1012F800DFE7124A124813788B4286BF591AC9B2DF
:1013080000211170D5E70F4A0F4813788B4286BF2A
:10131800591AC9B200211170CBE77047000C0020A0
:10132800B97D0008010C0020C87D0008020C0020CF
:10133800DA7D0008030C0020ED7D0008060C002073
:10134800027E0008070C00201B7E000810B501462D
:101358000446054803F004FA0120A04002F007FB08
:10136800BDE8104001F0DBBF367E00082A2810B522
:1013780058D8042804D8CB4803F0F2F9002054E1E7
:10138800431F252BF7D801A252F823F03516000881
:1013980017160008411600087D1400087F1300087E
:1013A8007F130008131600087F1300087F13000836
:1013B800931600087F130008391700087F130008E8
:1013C8007F1300087F1300087F1300087F130008AD
:1013D800791700087F1300087F13000857170008C3
:1013E8007F1300086B1600087F1300087F1300089E
:1013F800BB170008BB170008BB170008BB1700087D
:10140800BB170008BB170008BB170008BB1700086C
:10141800BB170008AD1700087F1300083516000831
:1014280005160008A0F13503DAB20E2AA3D80E2B50
:10143800A1D801A252F823F0AD1700087F130008C5
:101448007F130008131600087F130008B51700085B
:10145800B5170008B5170008B5170008B517000834
:10146800B5170008B5170008B5170008B517000824
:10147800AD1700088C4803F073F98C4803F070F935
:1014880002F0D1FC01468A4803F06AF9894803F062
:1014980067F902F0C5FC0446874803F061F9214664
:1014A800864803F05DF9834803F05AF9844803F04D
:1014B80057F904F001017E4803F052F97D4803F022
:1014C8004FF9804803F04CF9C4F34001784803F021
:1014D80047F9784803F044F97B4803F041F9C4F32D
:1014E8008001734803F03CF9724803F039F97748F2
:1014F80003F036F9C4F3C0016D4803F031F96D48C3
:1015080003F02EF902F092FC0446714803F028F922
:1015180021466A4803F024F9664803F021F96D482A
:1015280003F01EF904F00101614803F019F961485C
:1015380003F016F9684803F013F9C4F340015C4856
:1015480003F00EF95B4803F00BF9644803F008F95F
:10155800C4F30021564803F003F9564803F000F994
:101568005F4803F0FDF8C4F34021514803F0F8F850
:10157800504803F0F5F85B4803F0F2F8C4F3800133
:101588004B4803F0EDF84B4803F0EAF8564803F0EF
:10159800E7F8C4F3C001464803F0E2F8454803F011
:1015A800DFF8524803F0DCF8C4F30011404803F0B8
:1015B800D7F8404803F0D4F84D4803F0D1F8C4F305
:1015C80040113B4803F0CCF83A4803F0C9F84948C1
:1015D80003F0C6F8C4F38011354803F0C1F8354864
:1015E80003F0BEF8444803F0BBF83148C4F3C01117
:1015F80003F0B6F82F4803F0B3F804E03F4803F0CF
:10160800AFF802F085FC01200FE03D48F3E73D4AC2
:101618003D48137823F00F03137003F0A1F83B48FB
:1016280003F09EF83A4B0120187010BD394803F0BA
:1016380097F8FFF777F9E6E7324C2378C3F300020F
:1016480082F0010262F30003D807237001D5324803
:10165800D1E7324803F084F8237823F00E0323708F
:10166800D1E7284C2378C3F3400282F0010262F3E9
:1016780041039907237006D5294803F071F82378A8
:1016880043F00103EBE72748B5E71E4C2378C3F383
:10169800800282F0010262F382035A07237045D563
:1016A8002148EAE7188300083B7E0008467E0008C8
:1016B800567E000865820008597E0008237C0008D1
:1016C8006C7E0008767E0008807E00088C7E00080C
:1016D800957E0008A97E0008C27E0008D97E000811
:1016E800EB7E0008FD7E00080F7F0008217F0008C0
:1016F8002B7F00083D7F0008597F0008617F0008A4
:10170800727F0008A70F0020158100083C8100089F
:10171800F80E0020408100085C81000868810008FC
:10172800758100088281000890810008224862E7DC
:10173800224C2378C3F3C00282F0010262F3C30390
:1017480023701B0701D51E4897E71E4853E71E481C
:1017580003F006F81D4803F003F81D4803F000F8ED
:101768001C4802F0FDFF1C4802F0FAFF1B4842E744
:101778001B4802F0F5FF01F053F90146194802F041
:10178800EFFF194B1948197802F0EAFF184B19486E
:10179800197802F0E5FF02F05BFC0146164802F0FA
:1017A800DFFF30E70020FFF7D1FD2CE73938C0B262
:1017B800F9E71D38FBE700BF9F810008A70F00204D
:1017C800AF810008BB810008C8810008D7810008E4
:1017D800168200082D82000867820008A38200088C
:1017E800AF820008BD820008B80E0020D78200082A
:1017F80008120020EE8200080183000800207047CC
:10180800002070471E38C0B209289ABF014B185CE7
:1018180000207047B2830008F8B5834E3478012C55
:101828000546374614D0022C43D0002C40F0F880EF
:1018380002F002FA22283AD12846FFF7DFFF18B94A
:101848002846FFF793FD00E0012000F00100F8BDF5
:1018580002F0F2F92228284605D1FFF7CFFF002829
:10186800EED02046F1E7FFF7CBFF00BB142D14D0D4
:1018780008D80B2D0AD0102D12D06C4802F070FF3A
:101888000020E4E7292D08D0382DF6D1684802F069
:1018980067FF684802F064FF2AE000203870D6E746
:1018A800FFF788FC644802F05BFF02233370204690
:1018B800CDE729283DD01DD8132845D006D80728BC
:1018C80000F098800B2831D05848E3E7142830D02E
:1018D800A0F11E05052DF7D8FFF794FF574B187098
:1018E800564B1978002900F09980554802F038FFC6
:1018F8000120ACE7382819D0A0F14B05EBB2072B33
:10190800E2D8072DE0D801A353F825F0F51900080F
:10191800D1180008D1180008F9190008D1180008D2
:10192800D1180008E9190008DD190008FFF742FC82
:10193800D6E7424B1A7812B100221A70D0E73D4818
:1019480002F00EFF0120A9E73E4802F009FF3E48D9
:1019580002F006FF3D4B3E48197802F001FF3D4872
:1019680002F0FEFE3C4802F0FBFE3C4B384819787A
:1019780002F0F6FE374802F0F3FE394802F0F0FEB6
:10198800384B3348197802F0EBFE324802F0E8FE93
:10199800354802F0E5FE354B2D48197802F0E0FE97
:1019A8002C4802F0DDFE324802F0DAFE314B2848BE
:1019B800197802F0D5FE274802F0D2FE2E4802F030
:1019C800CFFE2E4B2248197802F0CAFE214802F0B9
:1019D800C7FE85E70121194B1878FFF7FBFB7FE766
:1019E8000121164B1878FFF753FC79E70A21F2E733
:1019F8000A21F6E7154B22481E221A70174B32228D
:101A08001A70184B0A221A70184B14221A70194BA4
:101A180008221A70194B28221A70D8E7194839E792
:101A28000020307013E700BFF80E0020188300086C
:101A3800158100083C8100081A830008F90E00206F
:101A4800A98300081E8300082C830008000C0020CE
:101A5800567E0008658200083E830008010C0020BD
:101A680050830008020C00205F830008030C00204C
:101A780070830008060C002085830008070C0020EE
:101A88009C830008AF830008194B1B78D90709D538
:101A9800184B187800EB800080087F2824D828B3DA
:101AA800C0B270479A0705D5124B187800EB800032
:101AB8004008F2E75B0704D50E4B187800EB80006E
:101AC800EBE70D4B1B786BB10C4A0A491278087882
:101AD8009342F3D210FB03F000EB8000B0FBF2F06E
:101AE80080B2DAE70520DBE77F20704701207047E6
:101AF800040F0020020C0020050F0020030C00201A
:101B0800154B1B78D90705D5144B1878800800B3F6
:101B1800C0B270479A0703D5104B18784008F6E70B
:101B28005B0705D50D4B18787F28F0D97F207047C3
:101B38000B4B1B785BB10B4A084912780878934223
:101B480036BF10FB03F080B2B0FBF2F0ECE70120E7
:101B5800DEE70120704700BF040F0020060C0020BC
:101B6800060F0020070C0020F02808B505D1FFF764
:101B78008BFF4042294BD87008BDF12802D1FFF7EE
:101B880083FFF7E7F22805D1FFF77EFF4042234B9A
:101B98009870F1E7F32802D1FFF776FFF7E7F92805
:101BA80004D1FFF7ADFF1D4B1871E5E7FA2803D103
:101BB800FFF7A6FF4042F6E7FB2805D1FFF7A0FF95
:101BC8004042164B5871D7E7FC2802D1FFF798FF1F
:101BD800F7E700F10C03DBB2042B08D80F4A012306
:101BE800F43803FA00F0537818435070C4E7FD281E
:101BF80005D10B4A137843F001031370BCE7FE28A4
:101C080004D1074A137843F00203F6E7FF28B3D15B
:101C1800034A137843F00403EFE700BFFE0E0020E9
:101C2800040F0020364BF02893F902200AD193F9CB
:101C3800031000290CDA0021D97052B9314A002169
:101C4800117006E0F1280DD193F903100029F2DC98
:101C580072B11A795B7913435AB2002B4FD12A4BD0
:101C68001A707047F22806D1002AF1DA00229A7019
:101C780093F90320E1E7F32802D1002AF6DCE7E72D
:101C8800F92893F9041004D10029E1DD0021197124
:101C9800DEE7FA2802D10029DADAF7E7FB2893F918
:101CA800051004D10029D3DA00215971D0E7FC28A6
:101CB80002D10029F8DCCBE700F10C01C9B20429F4
:101CC80007D8F43801218140587820EA010058707B
:101CD800BEE7FD2805D10D48017821F0010101700A
:101CE800B6E7FE2804D10948017821F00201F6E799
:101CF800FF28ADD10548017821F00401EFE77047CE
:101D0800FE0E0020050F0020060F0020040F002003
:101D18002A4B1B7813F0080F10B5294C39D02948E5
:101D280002F01EFD6178284802F01AFD274802F0EB
:101D380017FD94F90210264802F012FD254802F01A
:101D48000FFD94F90310224802F00AFD214802F021
:101D580007FD94F904101E4802F002FD1D4802F028
:101D6800FFFC94F905101A4802F0FAFC1A4802F030
:101D7800F7FC1A4B1A48197802F0F2FC194802F0DD
:101D8800EFFC194B1648197802F0EAFC174802F0E4
:101D9800E7FC02F07DF9E378A278134318BF144BEF
:101DA800227918BF18806379134318BF114BBDE817
:101DB800104018BF1880024800F06ABEA70F002024
:101DC800FE0E0020BC830008237C0008DF83000887
:101DD800E18300085A810008E4830008050F002009
:101DE800567E0008E7830008040F00202A820008B6
:101DF800FA0E0020FC0E00202DE9F047564C94F90D
:101E0800028094F9037094F9046094F9055094F8E9
:101E180000A094F801900023A370E370237163710C
:101E280058EA07030AD04D4B188802F036F94C4996
:101E38000B783BB34B4A127890422DDC56EA0503E7
:101E48000BD0494B188802F028F948490B78002B29
:101E58004ED0474A1278904254DCE278A378134374
:101E6800227913436279134301D0FFF751FF84F8B5
:101E780000A084F8019084F80280E77026716571EB
:101E8800BDE8F0873B4A127802EB8202B0EB420FC2
:101E9800D4DD01330B7001E0FF2BFAD1B8F1000F4C
:101EA80008D0FFF7F1FDB8F1000FCCBF0123FF23E5
:101EB8005843A0703FB1FFF7E7FD002FCCBF0123C7
:101EC800FF235843E07094F90220002AB6D094F911
:101ED80003100029B2D0B5235A43121203FB01F3B1
:101EE80008BF01221B1208BF0123A270E370A5E7F7
:101EF800214A127802EB8202B0EB420FADDD0133CA
:101F08000B7001E0FF2BFAD13EB1FFF7F9FD002E6F
:101F1800CCBF0123FF23584320713DB1FFF7F0FDEB
:101F2800002DCCBF0123FF235843607194F904208E
:101F3800002A92D094F9051000298ED0B5235A436F
:101F4800121203FB01F308BF01221B1208BF012371
:101F58002271637181E700BFFE0E0020FA0E002097
:101F6800050F0020010C0020FC0E0020060F0020A9
:101F7800050C0020000C0020040C0020054A00235A
:101F880013609380044A1370044A1370044A137050
:101F9800704700BFFE0E0020050F0020060F00202E
:101FA800040F002008B500F049F940F6FF7008BD9D
:101FB80008B5074800F0FAF8064800F0F7F80648B0
:101FC80000F0F4F8BDE80840044800F0EFB800BF9E
:101FD80000E0030800E8030800F0030800F803081D
:101FE800B0F5805F2DE9F041884602D30020BDE8B6
:101FF800F081450005F1006404F578344FF6FF726E
:1020080023889BB293424FEAA02604D1204600F0D1
:10201800EFF880B2EBE7F602124F06F1006606F51C
:1020280078364FF4006231463846FEF727FB2378AE
:102038009845DBD040F2FE702840002407F8008065
:10204800304600F0B3F8395D61F0FF014B1C03D056
:1020580089B2301900F0CCF80234B4F5006FF2D12F
:10206800D7E700BFF612002080B2400000F1006000
:1020780000F578300078704780B2FFF7B1BF83B2BF
:102088005B0003F1006303F578331A78431C9BB2B5
:102098005B0003F1006303F57833187842EA002007
:1020A800704738B584B20D462046C9B2FFF798FF8D
:1020B800601C290A80B2BDE83840FFF791BFFFF7DE
:1020C800F0BF82B2F8B5571CBFB20C465300790076
:1020D80003F1006301F1006103F5783301F578310C
:1020E800961CB6B2187891F800C0710001F1006131
:1020F80001F57831D51CADB20B78690001F10061AA
:1021080001F578311B04097843EA0C23034343EAB9
:102118000163A34213D0E1B21046FFF761FFC4F395
:1021280007213846FFF75CFFC4F307413046FFF745
:1021380057FF210E2846BDE8F840FFF751BFF8BD0C
:102148000B4BDA68D0070CD4DA6851070BD4DA687D
:10215800D2060AD4D86800F00100C0F10500C0B268
:10216800704701207047022070470320704700BF66
:102178000020024073B50446FFF7E2FF0025FF2662
:1021880001280FD114B9062002B070BD019501963F
:10219800019B1BB9FFF7D4FF013CF1E7019B013B11
:1021A8000193F5E7002C08BF0620EDE738B5054692
:1021B80040F6FF70FFF7DEFF052815D10B4C2369A9
:1021C80043F0020323616561236943F040032361FF
:1021D80040F6FF70FFF7CEFF06281EBF236923F0E5
:1021E800020323613423E36038BD00BF00200240AE
:1021F800104B00F178429A4270B505460E4616D843
:102208001F20FFF7B7FF052810D10B4C236943F0B7
:10221800010323611F202E80FFF7ACFF06281EBF95
:10222800236923F0010323613423E36070BD072091
:10223800FCE700BFFEFF070000200240034B044AF2
:102248005A6002F188325A60704700BF002002408D
:102258002301674508B52320FFF706FF212801D091
:10226800002008BD2420FFF7FFFE0728F8D125200D
:10227800FFF7FAFEA0F1130358425841F1E710B5F1
:10228800041E14BF2121FF212320FFF7F5FE002C97
:1022980014BF0721FF212420FFF7EEFE002C18BFF2
:1022A8001321BDE8104008BFFF212520FFF7E4BE39
:1022B80008B50020FFF7E3FFBDE8084001F09CBD2A
:1022C800704708B52620FFF7CFFE08BDC1B226200B
:1022D800FFF7D2BE08B5FFF7F3FFFFF7BBFF50B912
:1022E800FFF7F4FF00F000F900F09AF9BDE80840A4
:1022F8000120FFF7C4BF08BD10B58C78FCB1A0F56C
:10230800BE43123B0F2B24D81238C0B200F094F908
:102318000024204610BD012001F05EFB03220221AB
:102328000120FEF7E7FAF3E7012001F05FFB032243
:1023380002210120FEF7DEFAEBE70220F5E745F679
:1023480010739842F0D045F611739842F5D00124E5
:10235800DFE745F610739842DDD045F611739842D1
:10236800D7D10220D8E7FF2303707047F8B5037868
:10237800013B04460D46122B58D8DFE803F00A1437
:102388003B444A5457575757575A5E646D76797C81
:102398008500002343700923837029462046BDE841
:1023A800F84002F055BD4378022B0DD0032B0ED018
:1023B800012B1AD101F04CFE030EA370030CE3703D
:1023C800030A23716071E8E7FFF77BFFF4E707462C
:1023D8000026F0B2FEF7D0FD0136030A042EBB70CA
:1023E800F87007F10207F4D1D7E729462046FFF72E
:1023F800BAFFD2E74378022BF7D1D0F8020000BA2F
:10240800FFF764FFC9E7C2788178407800F050F898
:10241800D6E702794379817843EA0223C278407883
:1024280000F054F8B9E700F05FF8B6E7FF2303704F
:10243800B3E700F0C2F86070AFE700F0C0F8030A35
:102448006370A070A9E7A3784078E178221D43EA79
:10245800002000F0B7F8A0E7A3784078E178221DC3
:1024680043EA002000F0C6F897E700F0D9F894E7AF
:1024780000F013F8DFE7A3784078E178221D43EAFB
:10248800002000F05BF888E7A3784078E178221D07
:1024980043EA002000F069F87FE704207047520003
:1024A800182303FB0121602202FB0010273070472C
:1024B80038B5FFF7F4FF0546FFF7D6FD0402681CA0
:1024C800FFF7D2FDA4B2204380B238BD38B51C4610
:1024D800FFF7E5FF210A0546FFF7CEFDE1B2681CCC
:1024E800BDE83840FFF7C8BD2DE9F74F0026DFF8F3
:1024F80048B0344606EB0B0800255FFA84FA0FE073
:10250800FAB239F8023B019150460137FFF7DEFF76
:102518000C2F0199F4D10135042D08F1180803D0C6
:10252800C1460027E9B2EBE70134042C06F1600646
:10253800E0D103B0BDE8F08F8A790008F8B51446F9
:1025480000F1270556180027B44200D1F8BDA5F1BF
:102558002703B3F5C07F06DA2846FFF785FD20700C
:1025680001350134F0E72770FAE7F8B50E4617464B
:1025780000F127040025B54200D1F8BDA4F12703D6
:10258800B3F5C07F03DA795D2046FFF775FD0134A6
:102598000135F0E782B00328ADF804100AD89DF899
:1025A8000510032906D89DF804200B2A02D802B08A
:1025B800FFF77EBF002002B070471020704740F23E
:1025C80059207047F8B5144600F2A7155618002789
:1025D800B44200D1F8BD6FF4D373EB18B3F5167F8E
:1025E80006DC2846FFF740FD207001350134EFE78F
:1025F8002770FAE7F8B50E46174600F2A71400252B
:10260800B54200D1F8BD6FF4D373E318B3F5167F64
:1026180003DC795D2046FFF72FFD01340135EFE734
:1026280010B540F2A714204600210134FFF724FD1D
:10263800B4F5806FF7D110BD0F28F7B5044620D840
:1026480040F2FF30FFF710FDD8B940F2A715D4B912
:10265800019401272846FFF707FD6E1C8DF804003A
:102668008DF8054068B1431E022B17D88DF8050078
:1026780030468DF80470FFF7F7FC02358DF8060038
:1026880068B903B0F0BDB5F5806FFAD02846FFF7FA
:10269800EBFC08B9013CE4B20135D8E7354601A89E
:1026A800FEF73AFAD6E70000F8B5144682789DF8A6
:1026B80018701D46284B92B11C7001F0E9FC274B9D
:1026C800188004F12003DBB2072B44D804F0070478
:1026D8000120A040C0B2BDE8F84000F0F3BB1E786E
:1026E800A6422ED11D4B188801F0D7FCC72828D840
:1026F800AE4205F1200415D006F12003DBB2072B0A
:1027080006D806F007060120B040C0B200F0E3FB8F
:10271800E3B2072B06D805F0070301209840C0B2A2
:1027280000F0D0FB3846E4B200F0C6FB072C12D804
:1027380005F007050120A840BDE8F840C0B200F048
:10274800CABB04F12003DBB2072B04D804F007044A
:102758000120A040F0E7F8BD070F0020080F002077
:1027680013B545F6F64304469C4208460FD845F68D
:10277800F2439C4212D845F6D8439C421DD045F6F8
:10278800D9439C423ED045F6D7439C420FD080782F
:1027980000283BD01E4B00221A701CE0A4F5B94457
:1027A800743C022C0ED8DFE804F0181F26002623FC
:1027B8000093E1231A4621460AE027230093E523E4
:1027C800E522F8E726230093E022E12345F6F341CA
:1027D800FFF76AFF002002B010BD27230093E42210
:1027E800E52345F6F441F3E726230093E222E123AB
:1027F80045F6F541ECE727230093E622E52345F665
:10280800F641E5E7282300930123D9E70120E2E711
:10281800070F002038B505468878002800F0CF80DB
:1028280045F615439D4216D845F601439D4217D9F2
:1028380001F0FCFA634C45F615439D42208021D8EF
:1028480045F601439D420CD8208801F0FBFA00F0C0
:1028580066FD002004E0A5F5B9437A3B082BE7D9CB
:1028680038BDA5F5B845033D122D1AD8DFE805F0A7
:102878001E222633373B3F455155595D696D7175A9
:102888007B978300A5F5B9457A3DABB2082BDBD819
:10289800082DD9D8DFE805F0161B4D51376B7A8D16
:1028A8009100237843F001032370CDE7237843F0A8
:1028B8000203F9E7237843F00403F5E7237843F0AC
:1028C8000803F1E7637843F001036370BCE76378BA
:1028D80043F00203F9E7237843F01003E4E7237891
:1028E80043F02003E0E7237843F04003DCE700F0FF
:1028F80016FD237843F08003D6E7237823F00C03F2
:1029080043F00C03D0E7637823F0030343F0030399
:10291800DBE723786FF30003C6E723786FF34103FF
:10292800C2E723786FF38203BEE723786FF3C3030C
:10293800BAE763786FF30003C7E763786FF341037F
:10294800C3E723786FF30413AEE723786FF34513D7
:10295800AAE723786FF38613A6E700F0E0FC237854
:102968006FF3C713A0E7237823F00C039CE7637881
:1029780023F00303A9E72378C3F3800282F001025E
:10298800D2B262F3820362F3C3038DE76378DA435A
:1029980002F0010262F3000362F3410395E700F0DD
:1029A800BEFC2378C3F3C01282F0010262F3C7139E
:1029B8007AE7012001F0AEFA46E70020FAE70120A5
:1029C8004EE700BFE412002045F61643984210B5C2
:1029D8000C461BD101F030F9A2780D4B72B100F012
:1029E800AA00002815BF01220022352029201A70CC
:1029F80001F0C0F801F092F9002010BD1B78002BFF
:102A080014BF3520292001F0BDF8F3E70120F4E7D1
:102A18000A0F0020014B1860704700BF0C0F002000
:102A2800024B186808B10368184770470C0F00205C
:102A3800F8B5124B1B680646F3B1114C5B68984712
:102A48002378580718D5D90702D50E4801F088FE13
:102A58000D4F00252378DA0703D5715D384601F05C
:102A68007FFE0135082DF5D12378DB0704D5BDE8B5
:102A7800F840064801F074BEF8BD00BF0C0F0020F6
:102A8800A70F0020E9830008FB830008658200087F
:102A9800034A12681AB102210170936818477047F7
:102AA8000C0F0020054A1188814205D0044B108084
:102AB8001B680BB1DB681847704700BF120F002076
:102AC8000C0F0020054A1188814205D0044B108064
:102AD8001B680BB11B691847704700BF100F002017
:102AE8000C0F002008B501F0B3FA024B1860024B36
:102AF800186008BD140F0020180F00207047704799
:102B080008B5FFF7FCFF08BD704708B5FFF7FCFFE5
:102B180008BD000008B5054801F038FEFFF742FA85
:102B2800FFF7ECFFFFF7ECFF08BD00BFFD4D000805
:102B38000120704708B5FFF7FBFF08BD70477047D5
:102B480008B5FFF7FBFFFFF7FAFF08BD08B501F06E
:102B58007DFAFEF76FFAFFF7BDFBFFF7D6FF08BD5A
:102B680038B50E4D2B780446580711D5D9070FD51F
:102B78000B4801F0F5FD2B78DA0709D509482146FD
:102B880001F0EEFD2B78DB0702D5074801F0E8FDE0
:102B98002046BDE83840FDF7EDBF00BFA70F002075
:102BA80001840008237C0008658200082DE9F74F9E
:102BB800FEF776FA08B1FFF795FFDFF8D8A0DFF83F
:102BC800D88000255646EFB23846FEF7D5F93AF8D0
:102BD800024B8442814641D098F800309B0701D5CA
:102BE800FEF7D0F984EA0904A3B2002201242342A3
:102BF8005FFA82FB2DD0FFF79DFFA8B119EA040FF9
:102C080014BF012300238DF802308DF800B08DF831
:102C1800017001F03DFA40F00100ADF8040002AB8C
:102C280013E9030000F03AF836F815305C4026F84E
:102C38001540174CFFF7E0F8FFF7F2FE23788342C0
:102C480022D0FFF7EDFE207003B0BDE8F04FFFF78C
:102C580087BF013264000C2AA4B2C8D10135042D03
:102C6800B1D14FF6FF73ADF8003000238DF8023074
:102C780001F00EFA40F00100ADF8040002AB13E9D0
:102C8800030000F00BF8D4E703B0BDE8F08F00BFF5
:102C98001C0F00201E0F0020A70F00201FB56C4638
:102CA80084E803009DF802300BB100F0F1FF002327
:102CB800ADF80E3094E8030004AB0290ADF80C10A8
:102CC80013E9030004B0BDE8104000F075BD0088AA
:102CD80000F020BF10B5044600287AD0822813D10E
:102CE800FFF79EFE810774D4392000F043FF01F0FE
:102CF80015F842F2107002F0D6FD392000F042FFBC
:102D0800BDE8104001F00AB883280ED1FFF788FE0D
:102D1800C2075ED4532000F02DFF00F0FFFF42F2FF
:102D2800107002F0C0FD5320E8E784280ED1FFF7A9
:102D380077FE43074DD4472000F01CFF00F0EEFF5C
:102D480042F2107002F0AFFD4720D7E7031FDBB255
:102D5800A02B12D8FEF760FD00283AD11D4B214662
:102D6800186801F0E9F820B1204600F00BFF00F0E8
:102D7800D5FF204600F0FEFEC2E700F12003DBB2DB
:102D8800072B07D800F007040120A040C0B200F0CC
:102D980059FFB5E700F15B03DBB2022B05D82438F5
:102DA800BDE8104080B2FFF77DBE00F15803DBB2EA
:102DB800162B06D8084ABDE8104032F81300FFF772
:102DC80081BEEF2805D9FEF7CFFEBDE81040FEF71B
:102DD8009FBF10BD080C00201484000808B5002807
:102DE80058D082280FD1FFF71BFE810752D5392012
:102DF80000F0C0FE00F092FF392000F0C3FEBDE8ED
:102E0800084000F08BBF83280AD1FFF709FEC207EC
:102E180040D5532000F0AEFE00F080FF5320ECE7D1
:102E280084280AD1FFF7FCFD430733D5472000F07B
:102E3800A1FE00F073FF4720DFE7021FD2B2A02AED
:102E4800DBD900F12002D2B2072A07D800F0070325
:102E580001209840C0B200F0FDFED0E700F15B020F
:102E6800D2B2022A04D8BDE808400020FFF71ABEF3
:102E780000F15802D2B2162A04D8BDE80840002052
:102E8800FFF720BEEF2805D9FEF7CCFEBDE80840C5
:102E9800FEF73EBF08BD38B505460C46FFF71AFFDA
:102EA80024B92846BDE83840FFF798BF6420013CA4
:102EB80002F0F9FCA4B2F3E739280CBF5021002135
:102EC800FFF7E9BF08B528B100F0BCFEBDE808402F
:102ED80000F024BF08BD08B528B100F0BBFEBDE86E
:102EE800084000F01BBF08BD2DE9F34786798578B7
:102EF80080460C4600F064FE36090746A0B12F460E
:102F080095B1C4F3072303F0F003402B04D004F178
:102F18002003DBB2072B1ED9022000F04FFF00F080
:102F28004FFE80F00100C7B2C4F30339B9F10F0FA7
:102F38003FD8DFE819F01200120063006300AF0009
:102F4800C6003E003E00D0002C013C013C0191012E
:102F58003E003E009A010027E6E7C4F30723C4F3C6
:102F6800032613F0F00F18BF3601E4B295B156B13D
:102F780004F12003DBB2072B304600D93CB900F03E
:102F880061FE00F0CBFE2046FFF7A4FE11E000F042
:102F98006FFEF6E72046FFF721FF56B104F1200344
:102FA800DBB2072B304600D92CBB00F053FE00F0F3
:102FB800B5FEA9F10809B9F1030F03D8FFF730FDF1
:102FC800FDF7D8FD002F00F0578100F0F1FD10F05B
:102FD800010040F0518188F8020000F0E1FD00F0A6
:102FE800FBFC404600F05EF900F0DAFD02B0BDE8F7
:102FF800F04700F0FBBC00F043FED8E7C4F307231A
:1030080003F0F003C4F3032A202BE4B218BF4FEAFD
:103018000A1A64B1012C28D07DB34EB398F8063053
:10302800D907B0D56FF3071388F8063020E095B1BB
:103038003EB900F049FE40EA0A00C0B2FFF742FF7D
:10304800B7E7012EF5D100F03FFE40EA0A00C0B212
:1030580000F046FEADE72EB900F054FE5046FFF7EB
:103068003AFFA6E7012EA4D0F6E71DB1052EA0D899
:103078005046E3E7042E9CD8F0E7002EEED0392C1A
:103088000CBF4FF4FA50012002F00DFC2046FFF768
:10309800A5FE8EE714F4406FC4F3812307D0012BFB
:1030A80087D165B1C4F30900FFF70CFD81E725B1AD
:1030B800C4F30900FFF7F6FC7BE72846FAE7284641
:1030C800F2E7E0B225B1FEF74FFDFEF721FE70E70B
:1030D800FEF7A8FDF9E714F4407F27D1002D7FF40F
:1030E80068AFC4F34210E2064FEA800048BF0F25DC
:1030F800C0B248BF854004F00F03C4F3812448BF21
:10310800ED438340022C45EA030009D0032C0AD082
:10311800012C02D000F036FC4BE700F02BFC48E70E
:1031280000F038FC45E700F022FC42E7C4F3012236
:1031380015B302F00103002B3FF43BAFC4F3421078
:103148008000C2B204F00F0000FA02F114F010007F
:103158001CBF0F2303FA02F0C4F3812414BFC34336
:103168000346022C43EA01000BD0032C0CD0012C9F
:1031780004D000F059FC1CE75308DCE700F04CFCD5
:1031880017E700F059FC14E700F012FC11E7E6B26B
:10319800C4F3032425B1204600F01EFC30464DE759
:1031A8003046FFF798FE204600F020FC01E75FFA62
:1031B80084FAAAF1F003042B39D8DFE803F0030EF0
:1031C800151A23003DB1042E3FF6F3AEC4F30420D4
:1031D80000F018FCEDE6052EF6E7C4F30420002DF8
:1031E800E2D000F0F9FBE4E6C4F30420002DF8D0A7
:1031F800DAE725B1C4F3042000F0E9FBD9E600F0D2
:10320800E3FBD6E64DB1C4F30420019000F0E4FBE3
:103218000198032100F0AEFDCBE6012000F0CEFDC1
:10322800012E7FF6C6AE022000F0C8FDC1E62DB122
:103238000EB15046A8E6C4F30420D2E74EB1BAF165
:10324800390F0CBF4FF4FA50012002F02CFB504606
:103258001DE7C4F30420A7E7C4F30322E1B2404604
:10326800FDF790FC00F016FBA3E6C4F30322E1B2DD
:103278004046FDF789FC9CE602B0BDE8F08713B52F
:1032880001880446807800F051FC0146019100F065
:10329800DBFB00F06BFB0199204602B0BDE8104053
:1032A800FFF722BE13B583880288ADF804200446D0
:1032B800CBB1BDF804204FF6FF739A4213D0FDF747
:1032C8003FFB50B900F07CFC68B1A3785BB10220E9
:1032D80002B0BDE8104000F071BD2046FFF7CFFFF7
:1032E8002046FDF7EFFA02B010BD08B50020FFF741
:1032F800D9FB0020FFF7E6FB00F0CAFC00F0DEFC7B
:1033080000F00CFDFEF73AFEBDE80840FEF700BDF0
:1033180008B500F03FFCBDE80840FFF7E6BF08B578
:1033280000F0A0FCBDE80840FFF7F2BFC0F303328D
:10333800023AC3B20D2A1CD8DFE802F007071B1BAC
:10334800141B1B1B0707181B1B18F02B13D004D8C2
:10335800E72B8CBF002001207047F42B14BF0020FE
:1033680001207047E72B06D9F12BF7E7C0F3C020FF
:103378007047002070470120704707B5ADF804007A
:10338800019800F0C7FB03B05DF804EBFFF7CEBF70
:1033980082B002AB03E9030002B0704782B002AB0F
:1033A80003E9030002B0704770B5094B094E1C7859
:1033B800094D3378A34200D170BD05EBC40355F81D
:1033C800340059680134FFF7E9FF04F00704F0E717
:1033D800710F0020700F0020300F0020024B18687A
:1033E8005968FFF7DBBF00BF280F0020214BF7B556
:1033F8009A7912F0F00F0AD19A7842B11E4A1F4EFC
:1034080012781F4D4FF6FF773178914201D103B002
:10341800F0BD98881988ADF8041038B389B2B9425C
:1034280024D005EBC20493F801C061788C451DD106
:1034380093F800C015F832108C4517D1A178A9B9B6
:10344800A188091A89B2C72910D89979094801228F
:1034580062F307119971A37962F30713A371FFF758
:1034680021FF03B0BDE8F040FFF79EBF013202F034
:103478000702C9E7280F0020710F0020700F0020F5
:10348800300F00202DE9FF47C74F0446B988006870
:10349800009038882378627894F80280B4F804A001
:1034A800ADF80800EC463D46002900F0D48080B213
:1034B8004FF6FF7E704500F0CE80BE78002E00F0FB
:1034C800CA80AAEB0101B87989B2C72900F0F009CE
:1034D80000F293803988ADF80810B9F1000F4BD18C
:1034E8007145C1461BD08DF800308DF80120BDF81C
:1034F80000C08C4513D1B8F1000F40F01C810123A6
:1035080063F30710B871FFF769FF3846FFF7CAFE83
:10351800BB79A3710026304604B0BDE8F087BAF144
:10352800000F40F00C81B8F1000FF3D0AB7943F0F5
:103538000103AB71EEE700EBC10595F801C09445B6
:1035480006D110F831C09C4502D1AD78002DE1D1EB
:10355800013101F0070106E110F4706F02D0002B71
:1035680000F020812033DBB2072B40F21B8120467C
:10357800FFF798FEB14615E1714515D08DF800307A
:103588008DF80120BDF800C08C450DD1B8F1000FB1
:103598000AD1A0712046FFF785FE23683B60636867
:1035A8007B60FFF71BFFB6E78DF800308DF8012030
:1035B8000098FFF7E2FEE0B1B8F1000F19D0AB793F
:1035C8001F2B0CD92A88ADF8082002A800228DF8F4
:1035D8000A20ADF80CA08DF80E30FFF763FE2368C3
:1035E8002B6063686B60FFF701FFFFF7F7FE0126AA
:1035F80091E72046FFF756FEF9E7B9F1000F15D11C
:103608008DF800308DF801208DF80280ADF804A007
:103618009CE80300FFF7BCFE3846FFF743FEC7F8F7
:103628000090C7F80490FFF7D9FEBBE08DF8003092
:103638008DF801203988BDF800C08C45B4D1B8F1A7
:10364800000FB1D1A0712046FFF72CFEC7F800800B
:10365800C7F804805FE72888ADF80800002951D032
:1036680086B24FF6FF7086424CD0AE78002E49D114
:10367800AAEB010189B2C72935D84646002EB8D031
:103688008DF800308DF801202988BDF800308B4274
:103698001CD1AB79DA0714D413F0F00211D0F02A58
:1036A800A37106D0DBB2C3F30312013262F307132E
:1036B800A3712046FFF7F6FD23682B6063686B60F3
:1036C8006FE723682B6063686B6024E70098FFF757
:1036D80054FE002883D1AB79204643F00103AB7137
:1036E800FFF7E0FD17E78DF80280ADF804A08DF82C
:1036F80000308DF801209CE80300FFF749FE2E609A
:103708006E604EE7B8F1000F3FF473AF8DF80030EC
:103718008DF801200098FFF730FE064600283FF498
:1037280068AF23682B6063681F486B60FFF7CFFAA8
:10373800FFF75CFE35E7BAF1000F3FF4F7AE8DF8FE
:1037480008308DF80920BDF808004FF6FF7188424F
:103758003FF4E9AEB8F1000F7FF4E8AE134814491E
:10376800077809781348B9427FF4E5AE8DF8003040
:103778008DF80120009800F0CDF9C0F30332012A3A
:10378800C3B27FF6E9AE0E3202F00F02012A3FF60D
:10379800EEAE10F4706F3FF4E5AEA27912F0F00FC0
:1037A8007FF4E0AE4E46B6E6280F0020700F0020EA
:1037B800710F0020300F0020F0B587B06D4685E806
:1037C80003002846FFF75EFE2E4F2F4E044688B1B1
:1037D800BDF80430BDF80020ADF8102043B192B216
:1037E8004FF6FF739A4203D095E80300FFF7D6FD22
:1037F800264C41E095E8030004AB83E80300BDF8DC
:103808000410BDF81020ADF80C200029F0D01FFAE4
:1038180082FC4FF6FF7294453D783078E8D06A1CF8
:1038280002F0070282420DD0184CADF8141003CBF9
:1038380004EBC50C44F835003A70CCF80410FFF7D7
:10384800B3FDD5E7FFF76BFD114B3C7034701C607E
:103858005C60CDE704EBC000FFF714FE80B133785D
:1038680004EBC30254F833005168FFF797FD33782F
:10387800013303F00703337030783B788342E9D192
:1038880007B0F0BD700F0020710F0020300F00202E
:10389800280F0020F8B5034660B1002501261C4614
:1038A80014F8010B74283FD00BD802282DD002D869
:1038B800012812D0F8BD031F6F2BFBD8FFF70AFAB7
:1038C8001AE075283AD000F17C03DBB26F2BF1D8EF
:1038D80000F07F00FFF782FA0EE09C1C5B7803F192
:1038E8002002D2B2072A0ED803F007039840C0B2CC
:1038F80000F0D4F900F012FA2F46013FFFB2FF2F73
:103908001FD12346CBE71846D8E758789C1C00F10E
:103918002003DBB2072BDDD800F0070006FA00F021
:10392800C0B200F0C3F9E5E75F789C1C013FFFB225
:10393800FF2FE1D0642001F0B6FFF7E75D789C1C0B
:10394800DAE7642001F0AFFFD7E7704708B5FFF763
:10395800FCFF08BD08B5FFF7F9FF034B1860BDE889
:103968000840FFF7C2BC00BF740F00207047FFF784
:10397800F1BF0000024B1B681843FFF7EBBF00BF05
:10398800740F0020024B1B681840FFF7E3BF00BF0D
:10399800740F0020024B1B685840FFF7DBBF00BFC5
:1039A800740F0020704708B5FFF7FCFF08BD000042
:1039B80008B5FFF7F8FF034B1860BDE80840FFF7AC
:1039C80094BC00BF780F00200020FFF7F1BF01234F
:1039D80003FA00F0FFF7ECBF012303FA00F0024BF3
:1039E8001B681843FFF7E4BF780F0020012303FA90
:1039F80000F0034B1B6823EA0000FFF7D9BF00BFA4
:103A0800780F0020012303FA00F0024B1B6858408E
:103A1800FFF7CEBF780F0020024B1B681843FFF753
:103A2800C7BF00BF780F0020024B1B681840FFF784
:103A3800BFBF00BF780F0020024B1B685840FFF73C
:103A4800B7BF00BF780F002070470000C0F30723FE
:103A580003EB430337B500EB830000F007030122B3
:103A68009A40C0F3C4000A4B00EB8000D2B218445D
:103A78000024057821FA04F343F300036B40134054
:103A880001346B40052C00F8013BF2D103B030BD86
:103A98007C0F0020C0F3072303EB430313B500EBAF
:103AA80083000B4900F00704C0F3C40000EB80005A
:103AB80000220144104611F8013BE34003F00103E2
:103AC800934001321843052AC0B2F4D102B010BDA8
:103AD8007C0F00200D4B73B51E680D4BADF804002C
:103AE8001B681F241E4326FA04F3DB07E5B205D43E
:103AF800013CF8D20025284602B070BD019928463D
:103B0800FDF74AF880B20128F2D0F4E7780F0020D8
:103B1800740F002007B5ADF804000198FFF7DAFF2D
:103B2800019903B05DF804EBFDF736B813B5104BF7
:103B3800ADF804101B782BB1019802B0BDE8104015
:103B4800FFF7E8BF70B10198FFF7C4FF04460146CC
:103B58000198FFF77BFF0199204602B0BDE81040AD
:103B6800FDF71AB80198FFF795FF0446F3E700BF81
:103B7800260F0020024B0146186800F010BA00BF5B
:103B8800080C0020024B0146186800F00ABA00BF72
:103B9800080C0020014B186800F005BA080C00203A
:103BA800024B93F90000C0F3C7007047A30F002031
:103BB800024B187800F00700704700BFA30F0020E1
:103BC800034B187810F0070018BF0120704700BF9A
:103BD800A30F00200C4A5378C3F38001814210B52B
:103BE80004460FD060F382035370108800F02AF95E
:103BF800064B1B78DB0705D521460548BDE8104074
:103C080000F0AEBD10BD00BFE4120020A70F0020D9
:103C180042840008044B5878C0F3800080F001000B
:103C280000F00100FFF7D6BFE41200200120FFF7E3
:103C3800D1BF0020FFF7CEBF014B1878704700BFF7
:103C4800A50F0020024B1A7810431870704700BF68
:103C5800A50F0020024A137823EA0000107070476D
:103C6800A50F0020014B00221A707047A50F0020F5
:103C7800024B1A7810431870704700BFA60F002037
:103C8800024A137823EA000010707047A60F00203C
:103C9800014B00221A707047A60F0020024B1A78B9
:103CA80010431870704700BFA20F0020024A137813
:103CB80023EA000010707047A20F0020014B002279
:103CC8001A707047A20F0020014B1878704700BF88
:103CD800A40F0020704708B5FFF7FCFF08BD0000DF
:103CE800064A5278520708B506D4054A1178814227
:103CF80002D01070FFF7EFFF08BD00BFE4120020EC
:103D0800A40F002008B5044B1A781AB100201870C7
:103D1800FFF7E1FF08BD00BFA40F002010B50D4B51
:103D28000D491B7809780D4C0B430D49206809781B
:103D38000B430C490370097831B10B43037000F051
:103D4800EDF808B1FFF7DEFF2068BDE81040FEF788
:103D58006FBE00BFA50F0020A60F0020080C002092
:103D6800A20F0020A40F0020704708B5FFF7FCFF42
:103D780008BD00000A4A5278520710B50CD4094C05
:103D880041EAC0012170FFF727FE94F90000C0F353
:103D9800C700FFF7EAFF10BDBDE81040FFF71CBEE3
:103DA800E4120020A30F002008B5034B0020187070
:103DB800FFF7DBFF08BD00BFA30F002008B50C4AC2
:103DC80092F9003023EA000040B21070420702D195
:103DD800DBB2834203D1074B5B785B0707D5C0F39F
:103DE800C700FFF703FEBDE80840FFF7DDBF08BDC9
:103DF800A30F0020E412002008B5FEF7D9F8BDE8AB
:103E080008404FF6FF710020FEF759B908B50020A9
:103E1800FEF735F94FF6EA63C31A5842584108BD10
:103E28000220FEF721B90320FEF71EB910B50420C1
:103E3800FEF71AF904462220FEF716F944EA002094
:103E480080B210BD10B5C1B204460420FEF714F9C3
:103E5800210A2220BDE81040FEF70EB901460F20C6
:103E6800FEF72FB901461320FEF72BB90020FFF704
:103E7800F9BF08B50020FFF7F1FFFFF7F7FF08BD0E
:103E880010B5FEF795F84FF6EA610020FEF717F92E
:103E980000210220FEF7F0F8002103200024FEF79D
:103EA800EBF81A4B214604201C60FEF7E5F8214682
:103EB8002220FEF7E1F821460520FEF7DDF821462D
:103EC8000620FEF7D9F8FF210720FEF7D5F821468E
:103ED8000820FEF7F6F821460D20FEF7CDF821461A
:103EE8001820FEF7EEF821461720FEF7C5F8214600
:103EF8001C20FEF7E6F821462020FEF7E0F82146D0
:103F08001820FEF7DEF8FFF7B4FF10BD740F00208D
:103F1800FFF7B6BF01460E20FEF7AEB8821C00F1CF
:103F2800080300209A4200D1704712F8011B0029AB
:103F3800F8D00130C0B2F5E739B1831C083013F866
:103F4800012B8A4203D08342F9D100207047012017
:103F5800704730B54FF0FF32841C002314F8015B22
:103F68008D420ED0B2F1FF3F02D1002D08BF1A4694
:103F78000133DDB2062D5BB2F0D1531C01D01044E1
:103F8800817030BD10B5831C0022083013F8014B36
:103F98008C4208BF03F8012C8342F7D110BDFFF70C
:103FA800D8BFFFF7EFBF0023C0F80230C3807047C7
:103FB800704708B5FFF7FCFF08BD08B50020FCF7FF
:103FC800D9FDFFF7F6FFBDE8084040F2A46001F014
:103FD8006ABC7047704710B5FFF7FBFFFDF760F844
:103FE800FFF7F8FF0024E0B2FCF7C6FF18B9013468
:103FF800042CF8D110BD0120FCE7704708B5FFF785
:10400800FCFF08BD08B5FFF72DFEFFF741FEFFF7DF
:10401800C1FDFDF7B3FF0020FEF744FD0020FEF7C9
:1040280051FDFEF7FDFCFCF7A5FDFFF7E7FF08BD16
:1040380008B5202383F3118801F086FD002383F35C
:104048001188014B186008BDA80F0020FFF7F0BFCA
:1040580038B5202383F3118801F076FD002383F31C
:104068001188084B084C1968084A411A00254FF472
:104078007A70E0FB0145002320462946FCF782F9C7
:1040880038BD00BFA80F00209F860100A086010050
:1040980008B5FFF7DDFF80B208BD10B50446FFF78D
:1040A800D7FF001B80B210BD074B084A1A60BFF348
:1040B8004F8F0749074BCA6802F4E0621343CB608D
:1040C800BFF34F8F00BFFDE7FC9F0020EFBEADDEC2
:1040D80000ED00E00400FA050A4A08B552F8041C8D
:1040E800094B99420DD1002342F8043C83F314880C
:1040F800064B1B6883F3088862B6054B1B68984714
:10410800FEE708BD00A00020EFBEADDE00D8FF1F0F
:1041180004D8FF1F70472DE9F04F8BB01646149C4A
:104128009DF85480169FDDE9185281460CB922F09B
:10413800100212F48060009000D00CB312F0200F2F
:10414800A4460DF1080A4FF0000414BF4FF0370BD6
:104158004FF0570BBCFBF7FE07FB1ECE5FFA8EF045
:10416800BEF1090F94BF30305844C0B2BC450AF8BC
:10417800010BBCFBF7F004F1010401D3202C12D190
:1041880012F0020B23D102F0010E4DB1BEF1000F67
:1041980006D0B8F1000F02D112F00C0F00D0013D8B
:1041A8004FF0300C05E08446D4E702A800F804C0BC
:1041B80001341798A04201D9202CF6D14FF0300CC9
:1041C800BEF1000F03D0A54201D91F2C4AD9D00651
:1041D80020D5009800284BD1002C49D01798A04230
:1041E80001D0AC4244D1601E41D0102F4AD1023CCC
:1041F800900649D41F2C18D80AA82044782700F81C
:10420800207C01341F2C10D80AA82044302700F83D
:10421800207C01341F2C08D8B8F1000F3AD00AA826
:1042280020442D2700F8207C013492074FD03746D0
:10423800A24604EB0708A8EB0A02BAF1000F4AD11C
:10424800BBF1000F0AD0A8EB06042746AF4206EBE5
:1042580007024BD32E44A54228BFB04640460BB0B8
:10426800BDE8F08F02A800F804C00134A8E70446AE
:10427800102FBDD0022FC5D11F2CD6D80AA8204494
:104288006227BCE70446F5E71F2CCED80AA82044CD
:104298005827B4E7570703D50AA820442B27C1E7B6
:1042A8001007C2D50AA820442027BBE72020CDE963
:1042B8000013C847DDE900130137BD4208EB0702C8
:1042C800F4D82F1BA54238BF00273744B0E727464C
:1042D800A6EB0408F1E70AF1FF3A02A8CDE90013BA
:1042E80010F80A00C847DDE90013A2E72020CDE94D
:1042F80000130137C847DDE90013A7E708B100F04C
:104308004BBA70472DE9F04F8FB000291F46189E11
:10431800B74B18BF0346914607930025387860B914
:104328004D45079C2CBF09F1FF322A464B46002019
:10433800A04728460FB0BDE8F08F252807F10107F0
:1043480007D06C1C2A464B46079D0891A84725466E
:1043580024E1002306E02D2A15D0302A0CD143F0A1
:1043680001030746384610F8012B2B2A0ED0F2D845
:10437800202A0ED0232A0FD0A2F13004092C29D8E4
:104388004FF0000811E043F00203EAE743F00403AA
:10439800E7E743F00803E4E743F01003E1E70A2402
:1043A80004FB0828A8F130080746384610F8012B06
:1043B800A2F13004092CF2D93A782E2A4CD1787817
:1043C800A0F13004092C07F1010243F480633AD8C4
:1043D800002414E02A2A0AD156F8048BB8F1000FF9
:1043E800BCBF43F00203C8F100080746E4E74FF0FA
:1043F8000008E1E70A2202FB0404303C3A4617466B
:1044080017F8010BA0F1300CBCF1090FF2D91746CF
:104418003A4612F8010B6C2825D01FD8682829D0F5
:104428006A2830D03A46174617F8010B782888D8FA
:1044380061282BD8252884D0582882D143F020031E
:104448004FF0100C6AE02A2805D156F8044B0237C1
:1044580024EAE474DCE717460024D9E77A28E1D196
:1044680043F48073DFE778786C28F9D143F440731C
:10447800BA1CD8E77878682802D043F08003D2E7DE
:1044880043F0C003F4E743F40073CCE7A0F1620201
:10449800162A3FF656AF0FF2080C5CF822F000BF60
:1044A80005450008C9450008054500084B430008B4
:1044B8004B4300084B4300084B43000805450008E0
:1044C8004B4300084B4300084B4300084B4300088C
:1044D8004B43000805450008334700084B430008D4
:1044E8004B4300085D4600084B430008054500089B
:1044F8004B4300084B4300080545000878289FD027
:104508006F2800F02781622800F02781692823F0AE
:1045180010034FF00A0C03D0642801D023F00C03D9
:104528005A0548BF23F00103692803F4007201D03B
:1045380064281DD1002A7FF4F1AEDA0506F1040AD9
:104548000CD53268CDE902C4CDE90483002A4FEACC
:10455800D2730193B8BF5242009217E013F0400F94
:10456800326801D0D2B2EDE71E0648BF12B2E9E7C1
:10457800002A7FF4D3AED80506F1040A10D5CDE998
:104588000483CDE902C40192336800932A46079850
:1045980008914B46FFF7BFFD564605460899BDE60C
:1045A80013F0400F326807D0D2B2CDE9048300235C
:1045B800CDE902C40193CFE7180648BF92B2F4E7E9
:1045C80013F0020308932ED04FF0010A56F8040B9B
:1045D80009914B46079C2A46C0B2A047DDE908313D
:1045E80005F1010B002B33D054465A4628E000BF92
:1045F8001D4100080991079C4B462020A0470999B6
:104608000AEB05020AF1010AC245F3D3B8F1000F1B
:1046180008F1FF3308BF002308F1010A1D4408BF51
:104628004FF0020AD2E7DDF820A0E9E7531C08930F
:104638000991079D4B462020A847DDE90821013450
:104648004445F3D3A8EB0A03D04538BF00239B4465
:104658005D4663E63246002C52F804AB089214BF5C
:1046680022464FF0FF325244D3469BF8000008B16F
:104678005A4511D113F48062ABEB0A0B099202D0B0
:10468800A34528BFA34613F002030A931DD1ABEB41
:1046980005032A460B930BE00BF1010BE5E7531CCE
:1046A8000C930D91079E4B462020B047DDE90C2165
:1046B8000B9B13444345F2D3A8EB0B03D84538BFF3
:1046C80000230BF1010B1D449B445646A5EB0A0A37
:1046D80006E01C462A460B91079D4B46A8470B99B6
:1046E8000AEB060516F8010B28B1099B002BF1D03F
:1046F800631E002CEDD10A9BABB12A46ABEB050A31
:1047080007E00991079C4B462020561CA0470999B1
:10471800324602EB0A039845F3D8A8EB0B03D845B9
:1047280038BF00231D44089EF8E543F02103059394
:104738000823CDE9034310220023CDE9013256F8BE
:10474800043B00932A46079808914B46FFF7E3FC81
:10475800054623E74FF0080CE0E64FF0020CDDE6D3
:104768000FB41FB506AA02A952F8043B039200929F
:1047780004484FF0FF32FFF7C5FD05B05DF804EBC4
:1047880004B070470543000800207047014B1860CB
:10479800704700BF0C0C0020014B1B68184700BF76
:1047A8000C0C002010B5084A084C117824784B1CD2
:1047B80003F00F039C421DBF054C1370605400208A
:1047C80018BF012010BD00BF061B0020071B0020DA
:1047D800F61A00207047000010B5202383F31188D3
:1047E800064C04F1D40000F0F9FC04F50A7000F05E
:1047F800F5FC002383F3118810BD00BF100C0020C6
:1048080038B5094C104622460D46002142F8041FCF
:1048180040EA0520194600F0A5FB206060680028E2
:1048280018BF204638BD00BFEC11002090F87A1060
:10483800074A0229137807D103F0FB03012B05D19E
:10484800044B52781A707047024A1370704700BFC1
:104858002A1200202012002038B50546052958D80C
:10486800DFE801F05B57185B5803202585F31188B2
:10487800324800F073FC002484F3118885F3118812
:104888002F4800F06BFC84F311880520BDE8384000
:10489800FFF788BF202383F311882A4C2A4A012175
:1048A80001F0A6FB294A0421284601F0A1FB94F84F
:1048B800B41004F14402284601F09AFB94F8B510AC
:1048C80004F16802284601F093FB94F8B61021B170
:1048D80004F18C02284601F08BFB184800F049FCD3
:1048E8001B4A94F80812284601F082FB94F8091232
:1048F800184A284601F07CFB94F80A1219B1164AA6
:10490800284601F075FB0E4800F033FC002383F3C2
:10491800118838BD0420FFF745FF202585F311884D
:10492800064800F003FC002484F3118885F31188FD
:10493800034800F0FBFB84F31188EAE7E40C00204D
:10494800380E0020100C0020588400087C840008D1
:10495800A80D0020CC0D0020F00D002013B5044652
:104968000748C2680B461AB1019100F0C1FD019BCE
:10497800044A0348214602B0BDE8104000F05EBD7D
:104988000C1200209149000870B52023064683F3D5
:1049980011880378042B03D0002383F3118870BD9A
:1049A800124C2278002AF7D0114B1B78002BF3D039
:1049B80003899B0704D40F4A0823012101F06AFBED
:1049C8000D4B247840F2E730A4FB034520184FF044
:1049D80000014FF47A724FF0000345EB0101FBF739
:1049E800D1FC31468000FFF7B9FFD5E70812002057
:1049F800B80E002021120020A0860100F8B590F81A
:104A0800743003F07F02212A044640F0878013F0B7
:104A1800800F90F8750021D0022819D003280ED0F5
:104A280001287BD194F878302BB9514AA266082224
:104A3800E2662367F8BD0023C4E91A33F9E7B4F83E
:104A48007830002B6AD14B4AA2660120E066F0E775
:104A5800494BA3660120E0660023EAE70A283BD019
:104A68000B280ED0092859D194F8783013F0FD0F8F
:104A780054D1424BA3660223E366414B23670120CE
:104A8800D8E7B4F878501DBB94F87630394A003B23
:104A980018BF01231370384B1A78CAB1202282F349
:104AA80011881E78374B40F2E730A6FB03673018B1
:104AB8004FF000014FF47A724FF0000347EB010109
:104AC800FBF760FC21468000FFF748FF85F311885B
:104AD8000023C4E91A33D1E794F87720264B1A70DB
:104AE800002AF5D0202282F311881E78254B40F247
:104AF800E730A6FB036730184FF000014FF47A72D5
:104B08004FF0000347EB0101FBF73CFC2146800016
:104B1800FFF724FF002383F31188D9E7B4F8742042
:104B280040F281639A4208D0174B93F8B620D2B965
:104B380093F80A32BBB900207CE794F879206168C1
:104B480094F878304D6894F8771043EA02232046A9
:104B580094F87620A8470028EDD04368A366036838
:104B6800E36600238AE72046BDE8F84000F018BB5A
:104B780021120020B80E0020081200202A1200205E
:104B880035480008A0860100100C0020704700007E
:104B980008B5102204480021FBF70AFE034A002347
:104BA8001370034A137008BDF61A0020061B002074
:104BB800071B0020F8B50C4C0C4E2546307823789E
:104BC8000B4F0021984202D101B12870F8BD1A4656
:104BD8000133BA5C052A03F00F034FF00101F1D14C
:104BE8002B70FFF70FFAE9E7071B0020061B0020D0
:104BF800F61A002070B5274C04F10803A36504F1E8
:104C08001C03C4F8803004F13003C4F8A03004F168
:104C1800B001054604F1D40000F046FA04F1B001F1
:104C280001F1240000F06AFA04F5AE73C4F8AC315F
:104C380004F5B873C4F8D43104F5C273C4F8F43178
:104C480004F5017104F50A7000F02EFA04F50171FB
:104C580001F124004FF0904400F050FA4FF48056D0
:104C680001224FF480514FF0904002F01DF80A489D
:104C7800668300F018FE0949284601F079F940F2E8
:104C880002723146204602F00FF8054B0022DA6026
:104C980070BD00BF100C0020F0490200A08400087D
:104CA8000C12002070B54FF0904504464FF4805622
:104CB80001F074F901224FF480514FF0904001F057
:104CC800F3FF204605496E8301F052F93146284624
:104CD80040F20272BDE8704001F0E6BFA08400080F
:104CE800014B1878704700BF2012002038B50446E1
:104CF800202383F31188104D2B78042B0DD12B8999
:104D08009B070ED4082322460B48012101F0C2F963
:104D18000A4A2368136063685360002383F3118889
:104D280038BD2B6958694FF0FF310C3000F0C8FDD1
:104D38002B78042BE6D0F0E7241F00202112002056
:104D480007B52023024683F311880F4B19780429ED
:104D580005D0002383F3118803B05DF804FB19899B
:104D6800C9060AD5DB69019058694FF47A710C308D
:104D780000F0A6FD0130019AEBD003480623042178
:104D880001F088F9E5E700BF241F002013B52023B0
:104D980083F31188094C2178042904D0002383F374
:104DA800118802B010BD0323ADF8050001AA204602
:104DB8008DF8043001F06EF9F0E700BF241F0020E1
:104DC80013B5202383F31188094C2178042904D0D2
:104DD800002383F3118802B010BDADF8050003234A
:104DE80001AA20468DF8041001F054F9F0E700BF3D
:104DF800241F002037B50C4C8DF8070023780B488A
:104E0800002B50F8D43F4FF00102DD690DF1070186
:104E18000CBF4FF4FA730023A847B0FA80F35B097C
:104E280040B2237003B030BD40120020100C0020A7
:104E380010B50648D0F8D43088B01C6A2022002368
:104E48006946D430A04708B010BD00BF100C002040
:104E5800202910B40A460AD1064BD3F828124C6808
:104E6800014603F50A7023465DF8044B18475DF8C0
:104E7800044B7047100C002010B50948D0F82832B0
:104E880088B01C6A20220023694600F50A70A047F2
:104E980018B1C1B26846FDF769FA08B010BD00BF85
:104EA800100C0020FFF718B97047704708B5FFF7D6
:104EB800F9FF02F09DFCFFF7F7FF08BD08B502F007
:104EC800D9FCFFF7F2FF08BD70B500F011FE00F045
:104ED80073FAFDF71FFEFFF75BFE1D481C4D1D4EC4
:104EE800FFF788FE41F2883000F0DDFC1A48FFF732
:104EF80037FCFDF72BFE1948FDF78CFD1848FFF726
:104F08002FFC2C46FFF756FE2B78052B09D130468F
:104F1800FFF726FC2378052B0CD0FEF7FFFEFCF7E5
:104F2800F7FEFDF743FEFFF783FFFFF7A5FFFDF749
:104F380007FEE7E7FFF741F8FFF74DF80028E9D04B
:104F4800204601F0B9F82046FFF7ACFEE2E700BFC3
:104F5800241F0020D2840008B0840008BC0E002062
:104F6800C184000810B5040A032C0FD007D8012CFF
:104F780023D0022C07D1124B7B20136010BD212CAB
:104F88000DD0222C12D000200346F6E7C0B202282A
:104F9800F9D80C4B0C4953F82030405CEDE7032955
:104FA800F1D80A4B092053F82130E6E70329EAD85B
:104FB800074B084853F82130EFE7074B1220DCE78E
:104FC8000C850008D8840008E4840008E8840008F8
:104FD800F884000808850008A985000813B5446B03
:104FE800E36F1A681178042915D1217A022912D1A0
:104FF8001979128901238B4013420CD101A904F1BC
:10500800440000F097FE024628B1E46F019B217925
:10501800206801F03FF802B010BD0C3000F01CBE53
:105028004FF0FF330C3000F017BE443000F0EABEFA
:105038004FF0FF33443000F0E5BE0C3000F0EFBD18
:105048004FF0FF310C3000F0EABD443000F0BABE3A
:105058004FF0FF32443000F0B5BE70B5C36F1A6828
:1050680011780429054601D0012070BD017A022972
:10507800FAD1187901238340508913EA0004F3D147
:1050880005F10C0000F086FD02460028ECD0EE6F1A
:10509800AB6A30687179043B00F0EAFF2046E4E728
:1050A800406BFFF7DABF00007FB50346104A43F8AC
:1050B800042B012643600F4B067202900193CB68C4
:1050C80000930D4604464B690A6A0C30314600F0DD
:1050D8003FFD094B0193AB680093EA692B69029481
:1050E800314604F1440000F002FE04B070BD00BF78
:1050F800D0860008A9500008E54F00080B68202258
:1051080082F311880A7903EB820290624A7911329C
:1051180043F822008A7912B103EB820398620223D2
:105128000372C167002383F31188704738B50446BA
:1051380001250221043000F069FC04F10C002575FA
:105148006FF0010100F0EFFB84F84C5004F14400CB
:105158006FF00101BDE8384000F0E5BB10B5012152
:105168000446043000F052FC0023237584F84C30C8
:1051780010BD38B5044600250C3000F000FD04F1E0
:105188004400257500F0CAFD201D84F84C5001210B
:1051980000F03CFC2046BDE83840FFF75EBF000049
:1051A80090F8743003F06003202B07D190F8752035
:1051B800212A4FF0000303D81F2A06D80020704781
:1051C800222AFBD1C0E91A3303E0034A8266072288
:1051D800C266036701207047D00E002073B5C36F05
:1051E8001A6811780429044627D1017A022924D1A2
:1051F8001979158901238B401D401ED100F1440601
:10520800304600F047FEC0B1304601A900F092FDDB
:10521800E36F1A7E06464AB101981A692946121A9E
:105228003044FBF7C5FAE36F1B690193E06F019BFC
:1052380001790068324600F02DFF02B070BDF0B56C
:1052480000EB810385B09E6A04460D46FEB120231B
:1052580083F3118804EB8507301D082100F0D6FB85
:10526800FB685B691B6806F144001BB1019000F004
:105278006EFD019803A900F05DFD024648B1039B4D
:105288002946204600F006FF002383F3118805B065
:10529800F0BDFB685A691268002AF5D01B8A013BE9
:1052A8001342F1D1F36F1B7E002BEDD104F1740290
:1052B800E6E7113110B550F82140C4B1202383F33B
:1052C80011880421601800F0A1FBE26F136852797D
:1052D80003EB820304F10C00DB689B69596800F05A
:1052E80063FC2046FFF7B9FE002383F3118810BD45
:1052F80070470000024B034A1A60034A5A6070471D
:10530800081B0020B01F002000A00020074B10B58C
:105318005C684942201A08401968821A914203D8E9
:10532800944201D35A6010BD0020FCE7081B0020FE
:1053380008B5202383F31188FFF7E8FF002383F3E0
:10534800118808BD0448054B03600023C0E90133F8
:105358000C3000F041BB00BF441200203953000854
:1053680070477047FEE700001149F0B50820002695
:10537800D1E901340A681D46043AAC4210D8E21C4F
:10538800D21ADD1E22F00302AC4238BF00221344B9
:10539800CA689A4209D8013801F11001E8D1F0BD74
:1053A80052F8047F45F8047BE7E743F8046BF0E71D
:1053B800F8860008FEE7000010B5114C00F016F959
:1053C80000F02EF8FFF796FFFFF7BCFF00F0ECFAAD
:1053D8000C498022204600F0FBF90B4BC3610123E6
:1053E80080F8203044F8180C00F034FB002383F3D5
:1053F800118862B60548BDE8104000F01FBA00BF2A
:10540800A01C0020A887000800040020808700084E
:1054180072B6014BD862FEE7701C002000F0A4B8F9
:10542800054B03F11C02C3E907224FF0FF310022AC
:10543800C3E90912704700BF701C0020F8B50D467B
:10544800C0E90323044600F07FFB022D2946274DBF
:105458002A4638BF022152F81C3F93422E4617466F
:105468000AD1A862C5E907440844C4E90033A16029
:10547800BDE8F84000F057BBD5F828C0A0EB0C02F7
:1054880089180D4627D34FF0000E9D68AA421DD8F3
:10549800BB420CEB020EACEB000018BFAA1AC6F810
:1054A80028E001EB000518BF9A60F3699A68AA42E0
:1054B80019D35A682360626014605C60A5609A68BA
:1054C800551B9D604FF0FF337362F8BDC3F808E0C9
:1054D800521B1B68D9E79B689942E6D20CEB010086
:1054E80000F02EFBE1E71B68AD1ADFE7701C002017
:1054F8001C4AD169814238B50368154602F11C047B
:105508000DD04268136003685A60A3424FF000024E
:10551800C26003D09A6881680A449A6038BDD36132
:10552800A3424FF000025C60CA6003D1BDE8384076
:1055380000F001BB9A688968AC6A0A449A6000F076
:1055480003FBEB699B68021B9342E7D91C44201AB2
:105558000128A86A98BF931C1844BDE8384000F099
:10556800EFBA00BF701C00202DE9F84F1E4C002731
:10557800E56904F11C06B84600F0E6FAA36AAA68D1
:10558800A0EB03094A451CD84FF0200AAA68A36A71
:10559800D5F80CB01344A3622B68B3425E60A9EB44
:1055A8000209E361EF6001D100F0C5FA88F31188C0
:1055B8002869D8478AF31188E569AB684B45E5D96E
:1055C800DAE7E269B2420DD09168A0620B441B1A77
:1055D8009360AB68022B2CBFC0180230BDE8F84FAF
:1055E80000F0AEBABDE8F88F701C0020034B002213
:1055F800C3E90033C3E904339A607047701C002084
:10560800002380F820308268054B1B689968914216
:10561800FBD25A680360426010605860704700BF50
:10562800701C002008B5202383F3118890F82020EF
:105638000023072A07D8DFE802F00C060604130F38
:105648000613426A13604FF0FF334362FFF7D8FF37
:10565800002383F3118808BD426A9368013393607D
:10566800D0E9003213605A60EDE70000002380F8AB
:1056780020308268054B1B6899689142FBD85A68AC
:105688000360426010605860704700BF701C0020C3
:1056980038B50D4CA569226885F82000116821608D
:1056A8004C600121A26182F82010EFF30982E969B8
:1056B800643A914202D90548FFF7AAFEA069294633
:1056C800BDE83840FAF744BE701C002098870008EF
:1056D80030B54B1C0B4D87B0044610D0AB690A4A55
:1056E80001A8FFF7ABFE2046FFF7D2FF049B13B1DA
:1056F80001A8FFF7FDFEAB69586A07B030BDFFF798
:10570800C7FFF8E7701C00202D56000870B5114E31
:105718004162B36981689A689142044603D8BDE83A
:105728007040FFF76DBF1846FFF7A0FF012305463D
:10573800B46184F82030EFF30983C269643B9A426C
:1057480002D90548FFF764FE29462046BDE87040A7
:10575800FAF7FEBD701C002098870008044B1A68F1
:105768009B6990689B68984294BF0020012070470D
:10577800701C002038B50E4C2368A0691A68226096
:105788005460012283F82020A361FFF76FFF0546CC
:10579800EFF30983C269643B9A4202D90548FFF7CF
:1057A80037FEA0692946BDE83840FAF7D1BD00BFE9
:1057B800701C00209887000808B5FFF7CFFF18B1C4
:1057C800BDE80840FFF7D6BF08BDFFF7D3BF00000C
:1057D8008260C2630022C0E90D22022202840122F3
:1057E80080F82220074A816151690261416108619C
:1057F800506100F12802826200F12C02C0E90B22FC
:10580800704700BF701C0020D0E9012343F82C2CFE
:10581800A3F1AC0243F83C2C026943F86C2C4269B2
:1058280043F8682C044A016843F84C2CC268A3F179
:105838004800FFF7CDBF00BF7103000810B5202353
:1058480083F31188FFF7E0FF00210446FFF75EFFAE
:10585800002383F31188204610BD000038B50E4B95
:105868009C69606204F12805A06AA8420FD194F8E7
:1058780022303BB994F821309B0702BFD4E90432A7
:1058880013615A61BDE838400F20FFF701BF036874
:10589800A362FFF7B5FEE7E7701C0020202383F31F
:1058A8001188FFF7DBBF08B50146202383F3118871
:1058B8000820FFF70DFF002383F3118808BD0000BF
:1058C800054B9B6921B1036058620320FFF700BFB5
:1058D8004FF0FF30704700BF701C002003682BB1E9
:1058E8000022026059621846FFF78ABE704700001E
:1058F80049B1064B42689B6918605A60136043605F
:105908000420FFF7E5BE4FF0FF307047701C002001
:105918000368984206D01A680260506059621846B7
:10592800FFF76EBE704738B504460D4620688442BE
:1059380000D138BD036823605C604562FFF760FEF4
:10594800F4E700234FF0FF32C0E90023C0E9023337
:1059580000220023C0E9042370470000014B5B6864
:1059680083607047001000E00D4A0E4B516FC2680B
:105978005B68013230B5C260D0E9044582685B1AC1
:105988009B1A42688360E41845F100059342026857
:1059980088BF43609342C0E9044538BF036030BD07
:1059A800701C0020001000E030B50A4C87B00023BE
:1059B80068466367FFF7C5FF04256846FFF7CEFF13
:1059C8006846FFF7D1FF013DF7D1009B636707B039
:1059D80030BD00BF701C00200023C0E900008360B8
:1059E8007047436B194390F8203041630A2B03D169
:1059F800436A194205D170470B2B06D1436A8B4382
:105A080003D100234362FFF7FBBD704770B50468FC
:105A180006460D46B44200D170BDE3682B43E360EF
:105A280015B123691D4203D0D4E90101FFF7D9FF5D
:105A38002468EFE7EFF3098305494A6822F0010279
:105A48004A60683383F30988002383F31188704719
:105A580030EF00E0202080F3118862B60B4B0C4A2F
:105A6800D96821F4E0610904090C0A430949DA609C
:105A7800CA6842F08072CA6007490A6842F00102A7
:105A88000A601022DA7783F82200704700ED00E000
:105A98000003FA05F0ED00E0001000E010B5202347
:105AA80083F311880E4B5B6813F4006314D0F1EE96
:105AB800103AEFF30984683C4FF08073E361094BB7
:105AC800DB68236684F30988FFF748FE10B1064BAC
:105AD800A36110BD054BFBE783F31188F9E700BF0D
:105AE80000ED00E030EF00E08303000886030008C3
:105AF80008B500F061FF01F0C7F800F0E9F900F01F
:105B0800F1F900F0F6F900F0FDF900F005FA00F0FF
:105B18001EFA00F000FAFFF7D1F9BDE8084000F0DE
:105B280000B801F057BA4FF08043002258631A6159
:105B38000222DA6070474FF080430022DA60704733
:105B48004FF08043586370474FF08043586A70475E
:105B580030B5039C0172043304FB0325C0E90653E6
:105B6800049B03630021059BC160C0E90000C0E9F4
:105B78000422C0E90842C0E90A11436330BD416A02
:105B88000022C0E90411C0E90A22C2606FF00101D5
:105B9800FFF7C9BED0E90432934201D1C2680AB9FD
:105BA800181D70470020704703691960C2680132E8
:105BB800C260C269134482690361934224BF436A85
:105BC80003610021FFF7A4BE38B504460D46E3681B
:105BD8003BB16269131D1268A3621344E36200209B
:105BE80007E0237A33B929462046FFF781FE0028CB
:105BF800EDDA38BD6FF00100FBE7C368C269013B0D
:105C0800C3604369134482694361934224BF436A72
:105C1800436100238362036B03B11847704770B573
:105C28002023044683F31188866A3EB9FFF7CCFF28
:105C3800054618B186F31188284670BDA36AE26A42
:105C480013F8015BA362934202D32046FFF7D5FF06
:105C5800002383F31188EFE72DE9F84F04460E4639
:105C680090469946202787F311880025AA46D4F83C
:105C780028B0BBF1000F09D149462046FFF7A4FF21
:105C880020B18BF311882846BDE8F88FD4E90A12B1
:105C9800A8EB050B521A934528BF9346BBF1400F5A
:105CA8001BD9334601F1400251F8040B43F8040BA9
:105CB8009142F9D1A36A40334036A3624035D4E912
:105CC8000A239A4202D32046FFF797FF8AF31188E6
:105CD8004545D8D287F31188C9E730465A46FAF7BE
:105CE800CDFCA36A5B445E44A3625D44E7E710B55C
:105CF800029C0172043304FB0321C0E9061300234C
:105D0800C0E90A33039B0363049BC460C0E9000035
:105D1800C0E90422C0E90842436310BD026AC260B8
:105D2800426AC0E904220022C0E90A226FF0010198
:105D3800FFF7F9BDD0E904239A4201D1C26822B91C
:105D4800184650F8043B0B60704700207047C36842
:105D5800C2690133C3604369134482694361934252
:105D680024BF436A43610021FFF7D2BD38B504461A
:105D78000D46E3683BB123691A1DA262E269134428
:105D8800E362002007E0237A33B929462046FFF76B
:105D9800AFFD0028EDDA38BD6FF00100FBE70369BD
:105DA8001960C268013AC260C2691344826903611A
:105DB800934224BF436A036100238362036B03B1E8
:105DC8001847704770B520230D460446114683F3E3
:105DD8001188866A2EB9FFF7C9FF10B186F31188BA
:105DE80070BDA36A1D70A36AE26A01339342A3627D
:105DF80004D3E16920460439FFF7D1FF002080F37E
:105E08001188EDE72DE9F84F04460D4691469A466C
:105E18004FF0200888F311880026B346A76A4FB9C7
:105E280051462046FFF7A2FF20B187F3118830467C
:105E3800BDE8F88FD4E90A073A1AA9EB0607974292
:105E480028BF1746402F1BD905F1400355F8042BEE
:105E580040F8042B9D42F9D1A36A4033A36240362F
:105E6800D4E90A239A4204D3E16920460439FFF7AA
:105E780096FF8BF311884E45D9D288F31188CDE768
:105E880029463A46FAF7FAFBA36A3B443D44A36223
:105E98003E44E5E7D0E904239A4217D1C3689BB191
:105EA800836A8BB1043B9B1A0ED01360C368013B15
:105EB800C360C3691A44836902619A4224BF436A72
:105EC8000361002383620123184670470023FBE720
:105ED80000F00ABE012303700023C0E90433183020
:105EE800FFF77ABD01F0B6B80123037000234360C1
:105EF800704701F049B801230370002343600C3058
:105F0800FFF76ABD01F010B9012303700023436055
:105F1800C36003747047704701F046B801230370EB
:105F28000023C0E901330C30FFF756BD10B5044615
:105F380090F8763080F87E3001F0ACFA63681B6820
:105F480013B10121204698470323237010BD01F0A7
:105F58007FBA012303700023436000F12C0200F193
:105F6800480142F8043B8A429361FAD18360704742
:105F780038B50446202383F311880025C0E903556A
:105F8800C0E90555C0E90755C0E90955416001F068
:105F98001BFB0223237085F3118838BD70B52023BD
:105FA800044683F31188254601F058FA0026012398
:105FB800666005F80C3B2C3455F8043B7BB15869F6
:105FC80020B16FF001010C30FFF788FC55F8043C54
:105FD800986920B16FF001010C30FFF77FFCA542F2
:105FE80045F8046CE8D1FFF7E7FB86F3118870BD2C
:105FF80070B500EB810305465069DA600E46144619
:1060080018B114220021FAF7D3FBA06918B11422A1
:106018000021FAF7CDFB31462846BDE8704001F073
:1060280043BAF8B5836803F001130446836000F1AE
:10603800100500F12C06002755F8043B7BB1586980
:1060480020B16FF001010C30FFF748FC55F8043C13
:10605800986920B16FF001010C30FFF73FFCB542A1
:1060680045F8047CE8D12046BDE8F84001F0D2BAF2
:10607800F0B400EB81044789E4680125A4698D40E8
:106088003D43458123600023A2606360E360F0BC68
:1060980001F00ABBF0B400EB81040789E46801252C
:1060A80064698D403D43058123600023A2606360DD
:1060B800E360F0BC01F01ABB10B50378052B0BD1D7
:1060C800064C236C43F010032364C820FFF7EBFB56
:1060D800236C23F01003236410BD00BF005C004054
:1060E8002DE9F0410223002504460370C567856049
:1060F80000F10C0600F12C074FF0200856F8043B7D
:10610800ABB188F3118856F8043C586920B16FF098
:1061180001010C30FFF7E2FB56F8043C986920B106
:106128006FF001010C30FFF7D9FB85F31188BE42EF
:1061380046F8045CE2D184F86450204601F026FA5F
:1061480063681B6823B120460021BDE8F041184769
:10615800BDE8F081F8B5037880F880300523037036
:1061680043681B6804460BB1042198470026A660C3
:1061780004F10C0520272C3455F8043BABB187F308
:10618800118855F8043C586920B16FF001010C30B2
:10619800FFF7A4FB55F8043C986920B16FF00101A2
:1061A8000C30FFF79BFB86F31188A542E4D1F8BDBC
:1061B80090F88020436802701B680BB105211847CE
:1061C8007047000070B590F86430044613B100239E
:1061D80080F8643004F17402204601F04BFA6368D9
:1061E8009B68B3B994F8743013F0600539D0002176
:1061F800204601F0AFFA0021204601F099FA6368C1
:106208001B6813B1062120469847062384F864309A
:1062180070BD204698470028E4D094F87B2094F875
:106228007A3043EA0223E26E9A4288BFE36694F921
:106238007430E56E002B4FF0200380F2F580002DBE
:1062480000F0E480092284F8642083F31188002197
:10625800D4E91A232046FFF71DFF002383F3118892
:10626800D6E794F8752003F07F0343EA022340F24F
:106278000232934200F0B78021D8B3F5807F4DD029
:106288000DD8012B44D0022B00F08580002BAED115
:1062980004F17C02A2660222E2662367BDE7B3F539
:1062A800817F00F08D80B3F5407FA0D194F87630DF
:1062B800012B9CD1B4F87C3043F0020337E0B3F5EE
:1062C800006F3ED01CD8B3F5A06F36D0A3F5C063DD
:1062D800012B8CD894F87920616894F878304E684E
:1062E80094F8771043EA0223204694F87620B047C2
:1062F80000283FF47CAF4368A3660368E3661AE0AE
:10630800B3F5106F22D040F6024293427FF46FAF8C
:10631800524BA3660223E3660023BEE794F8763067
:10632800012B7FF464AFB4F87C3023F00203C4E996
:106338001A55A4F87C3025676FE7C4E91A55484B0D
:10634800ABE704F17F03A3660123D7E72378042B87
:1063580010D1202383F311882046FFF762FE85F3CE
:1063680011880321636884F87F5021701B680BB182
:106378002046984794F876304BB184F87F30042350
:10638800237063681B6813B10221204698470023D5
:10639800C4E91A3381E794F878301D0603F00F0139
:1063A80020460AD501F058F9012804D002287FF4C4
:1063B8001EAF2C4BADE72C4BABE701F03FF9F3E7F1
:1063C80094F87630002B7FF412AF94F8783013F0FD
:1063D8000F01DCD01A06204602D501F0E3F9D6E712
:1063E80001F0CAF9D3E794F87630002B7FF4FFAEBA
:1063F80094F8783013F00F01C9D01B06204602D557
:1064080001F0A8F9C3E701F093F9C0E7142284F872
:10641800642083F311882B462A4629462046FFF735
:1064280027FE85F31188F3E65DB1152284F8642010
:1064380083F311880021D4E91A232046FFF718FEB8
:106448000BE70B2284F8642083F311882B462A4635
:1064580029462046FFF71EFEE3E700BFC287000873
:10646800355F0008BE870008C087000838B590F877
:1064780064300446002B42D0063BDAB20F2A38D8E3
:106488000F2B36D8DFE803F03B353508263635358F
:106498003535353535353B3B90F87B1090F87A200B
:1064A800C36E42EA0122934214D2C268128AB3FB35
:1064B800F2F502FB15356DB9202383F311882B46BD
:1064C8002A462946FFF7E6FD85F311880A2384F852
:1064D80064300EE0142384F86430202383F3118899
:1064E80000231A4619462046FFF7C2FD002383F30E
:1064F800118838BD036F03B198470023E7E70021EF
:10650800204601F027F90021204601F011F96368BF
:106518001B6813B10621204698470623D7E710B514
:1065280090F86430142B044629D017D8062B05D0D0
:1065380001D81BB110BD093B022BFBD80021204616
:1065480001F008F90021204601F0F2F863681B68A1
:1065580013B1062120469847062319E0152BE9D1E7
:106568000B2380F86430202383F3118800231A4614
:106578001946FFF78FFD002383F31188DAE7C36814
:106588009B695B68002BD5D1036F03B19847002343
:1065980084F86430CEE700F1604303F561430901F4
:1065A800C9B283F80013012200F01F039A4043097F
:1065B8009B0003F1604303F56143C3F880211A602F
:1065C8007047000000F01F03012142099940044B65
:1065D8002032184443F82210002380F80033704713
:1065E80000E100E00D4A08B5516913680B4003F05B
:1065F8000103536173B10A4A93680BB1D068984795
:10660800202383F3118806480021FFF78CF9002323
:1066180083F31188BDE80840FFF740BA0004014041
:10662800481D00200D4A08B5516913680B4003F056
:106638000203536173B10A4A93690BB1D069984751
:10664800202383F3118807480021FFF76CF9002302
:1066580083F31188BDE80840FFF720BA0004014021
:10666800481D0020581D00200D4A08B551691368BF
:106678000B4003F00403536173B10A4A936A0BB1E8
:10668800D06A9847202383F3118807480021FFF731
:106698004AF9002383F31188BDE80840FFF7FEB9E3
:1066A80000040140481D0020681D00200D4A08B55F
:1066B800516913680B4003F00803536173B10A4A28
:1066C800936B0BB1D06B9847202383F3118807484D
:1066D8000021FFF728F9002383F31188BDE808405B
:1066E800FFF7DCB900040140481D0020781D002098
:1066F8000D4A08B5516913680B4003F01003536144
:1067080073B10A4A936C0BB1D06C9847202383F37A
:10671800118807480021FFF706F9002383F3118841
:10672800BDE80840FFF7BAB900040140481D002041
:10673800881D0020324B10B55A691C68144004F4B7
:1067480078725A61A3060ED52E4A936D0BB1D06D9F
:106758009847202383F311882B480021FFF7E3F89B
:10676800002383F3118860060ED5264A936E0BB179
:10677800D06E9847202383F3118824480021FFF71F
:10678800D2F8002383F3118821060ED51D4A936F92
:106798000BB1D06F9847202383F311881C48002140
:1067A800FFF7C1F8002383F31188E20510D5154AD5
:1067B800D2F8883013B1D2F88C009847202383F39D
:1067C800118814480021FFF7AEF8002383F31188DD
:1067D800A30510D50B4AD2F8983013B1D2F89C0013
:1067E8009847202383F311880B480021FFF79BF873
:1067F800002383F31188BDE81040FFF74FB900BFAD
:1068080000040140481D0020981D0020A81D0020FC
:10681800B81D0020C81D0020D81D00203E4B10B513
:106828005A691C68144004F47C425A61620510D508
:106838003A4AD2F8A83013B1D2F8AC0098472023CE
:1068480083F3118836480021FFF76DF8002383F39E
:106858001188230510D5314AD2F8B83013B1D2F8CF
:10686800BC009847202383F311882E480021FFF7A6
:106878005AF8002383F31188E00410D5274AD2F888
:10688800C83013B1D2F8CC009847202383F311887D
:1068980025480021FFF747F8002383F31188A10456
:1068A80010D51E4AD2F8D83013B1D2F8DC00984778
:1068B800202383F311881D480021FFF734F80023B3
:1068C80083F31188620410D5144AD2F8E83013B162
:1068D800D2F8EC009847202383F31188144800214C
:1068E800FFF721F8002383F31188230410D50B4AFE
:1068F800D2F8F83013B1D2F8FC009847202383F37C
:1069080011880C480021FFF70EF8002383F3118843
:10691800BDE81040FFF7C2B800040140481D002040
:10692800E81D0020F81D0020081E0020181E002069
:10693800281E0020381E002008B5034800F0BBFBC5
:10694800BDE80840FFF7AAB8CC1E0020FFF7A6B89C
:10695800FFF7A4B8FFF7A2B8062108B50846FFF765
:106968001AFE06210720FFF716FE06210820FFF76A
:1069780012FE06210920FFF70EFE06210A20FFF766
:106988000AFE06211720FFF706FE06212820FFF73A
:1069980002FE07211820FFF7FEFD07211920FFF747
:1069A800FAFD07211A20FFF7F6FDBDE80840072188
:1069B8001B20FFF7F0BD000010B5224CA26A62F45C
:1069C800FC02A262A26A02F4FC02A2624FF0FF314A
:1069D800A26A226921612269002222612069E06895
:1069E800E160E168E260E168E169174841F08051DF
:1069F800E161E169016841F480710160216A01F493
:106A08004071B1F5007F1EBF4FF4803323622262CC
:106A1800236A1B0407D4236A43F400732362236A9E
:106A280043F40043236200F079F8FFF795FFA36968
:106A3800064A43F00103A361A369136843F02003E6
:106A4800136010BD001002400070004000000140BB
:106A5800224B1A6842F001021A601A689207FCD5A4
:106A68005A6822F003025A605A6812F00C02FBD1ED
:106A7800196801F0F90119605A601A6842F4803205
:106A88001A601A689003FCD55A6A42F001025A62E9
:106A98005A6A9107FCD5124A5A604FF40452DA62D6
:106AA80030221A631A6842F080721A601A689201DA
:106AB800FCD50C4A12211160116801F00701022966
:106AC800FAD15A6842F002025A605A6802F00C027F
:106AD800082AFAD11A6B1A63704700BF00100240E7
:106AE80000241D000020024038B5084C2046FFF75E
:106AF800F1F90025064BA362E562064C2046FFF734
:106B0800E9F9054BC4E90A3538BD00BFE81C002087
:106B1800C4870008181D0020E08700080B4A0C48AD
:106B2800002310B5C2E9003301214468236042F80C
:106B3800313001310D2900F11000F6D1054A4FF02E
:106B4800FF335360C2F8043410BD00BF6012002048
:106B5800FC8700080000024010B40468437B2168E9
:106B68004268D940126801F00E010A420FD0827BB8
:106B780001FA03F363600132064B53F8324034B133
:106B880003EBC203586823465DF8044B18475DF8C9
:106B9800044B70476012002008B50348FFF7DCFF7C
:106BA800BDE80840FEF77ABFFC87000808B503482F
:106BB800FFF7D2FFBDE80840FEF770BF0C88000859
:106BC80008B50348FFF7C8FFBDE80840FEF766BFF1
:106BD8001C88000808B50348FFF7BEFFBDE8084059
:106BE800FEF75CBF2C88000808B50348FFF7B4FF20
:106BF800BDE80840FEF752BF3C88000808B50348C6
:106C0800FFF7AAFFBDE80840FEF748BF4C88000818
:106C180008B50348FFF7A0FFBDE80840FEF73EBFF0
:106C28005C88000808B50348FFF796FFBDE80840F0
:106C3800FEF734BF6C88000808B50348FFF78CFFDF
:106C4800BDE80840FEF72ABF7C88000808B503485D
:106C5800FFF782FFBDE80840FEF720BF8C880008D8
:106C680008B50348FFF778FFBDE80840FEF716BFF0
:106C78009C88000808B50348FFF76EFFBDE8084088
:106C8800FEF70CBFAC8800080022064B1146013203
:106C9800102AC3E90033C3E9021103F11003F6D146
:106CA800704700BF481D00202DE9F74FC2F3C313FA
:106CB80002F0030AC2F38009C2F3C108C2F3411EFD
:106CC8000193574600224FF00F0BCB0737D5019C95
:106CD80002F007039B0004FA03FC01254468954071
:106CE80024EA050444EA090444608568032456003C
:106CF80004FA06F625EA060545EA08058560C5682A
:106D080025EA060545EA0E050BFA03F3BAF1020F68
:106D18006FEA0604C5606FEA03031BD1072A95BF13
:106D2800056A456A2B402B4095BF43EA0C0343EAAA
:106D38000C030362436203681C403C430460490837
:106D48001AD04FEA49094FEA88084FEA8E0EBF0069
:106D58000132BAE705682C403C43072A046095BF16
:106D6800046A446A2340234095BF43EA0C0343EA7C
:106D78000C0303624362E2E703B0BDE8F08F836A65
:106D88005B6830B5046B5968436862689B68FF2983
:106D980088BFFF2122F0FF7243EA014322F48032C8
:106DA80094BF00254FF0807513432B4343F4806351
:106DB800636030BDD0E90B315B6840685A684B6846
:106DC800806810B523F0FF73FF2A23F4803394BF43
:106DD80000244FF0807443EA000388BFFF22234356
:106DE80043EA02434B6010BD3F4838B5046BA369C2
:106DF80003F0FE02D906E2612DD5C36A59680A6814
:106E080022F00F020A605A7B19680E2303FA02F275
:106E18004A60826A5568296821F00F012960116863
:106E2800527B93404B60836843F00403836063683C
:106E380043F480436360236823F0460323602023E0
:106E480083F311886FF001011C30FEF747FD002322
:106E580083F3118806E01A060BD50378032B05D1B6
:106E6800FFF7A8FFBDE83840FEF718BEFFF787FF19
:106E7800F8E75B06F6D50178836A03295A681BD1BF
:106E8800C36A5D68296821F00F0129605D7B196874
:106E98000E23AB404B605368BBB1FFF770FF836AAA
:106EA8005A68136843F001031360636843F400539E
:106EB800636004230370D5E7116821F00F011160A6
:106EC800597B1A680E238B405360636843F48043F0
:106ED8006360236823F040032360202383F3118831
:106EE80002480021B1E700BF481E0020641E0020B0
:106EF80038B5234B196B8A6902F47C50C861D96A8A
:106F08004C68206820F00F002060487B0C680E2138
:106F180001FA00F06060986A45682C6824F00F0454
:106F28002C600468407B81406160D40542BF996849
:106F380041F001019960900542BF996841F0020152
:106F48009960510542BF996841F008019960D204DF
:106F580099680ED541F020019960202383F31188A8
:106F680008486FF00101FEF7B9FC002383F311888C
:106F780001E00029F1D1BDE83840FEF78FBD00BF20
:106F8800481E0020641E002010B5054C2046FEF760
:106F9800B2FF0023034AE361C4E90A33226310BD48
:106FA800481E00200054004010B5084C2046FEF74B
:106FB800B5FF074A0023C4E90723636241F20A01C7
:106FC80041F21803C4E90A1310BD00BF7C1E00205B
:106FD800003800400F4BDA6942F00102DA610E4ACC
:106FE800DB69936843F0010393604FF0804340F2FC
:106FF800CF229A624FF0FF32DA6200229A615A6316
:10700800DA605A6001225A6108211A601C20FFF7D1
:10701800C2BA00BF00100240002004E04FF08042D6
:1070280008B51169D3680B40D9B2C9439B071161F0
:1070380007D5202383F31188FEF7F0F9002383F3A3
:10704800118808BD08B5FFF7E9FFBDE80840FEF75D
:1070580025BD00000B4808B50B4BC360FEF744FF85
:107068000A480B4BC360FEF73FFF0A480A4BC36050
:10707800FEF73AFF09480A4BC360BDE80840FEF72F
:1070880033BF00BFAC1E002000100040DC1E0020F3
:1070980000140040BC1E002000340140CC1E00201B
:1070A80000400140C36800221A601A61DA6822F0C1
:1070B800FF02DA607047C26810B51469D3682340CC
:1070C800DCB2E443DB07014614610DD50378042BD9
:1070D80003D102230370FFF7E5FF4B685B681BB120
:1070E800BDE810400846184710BD000008B5034821
:1070F800FFF7E1FFBDE80840FEF7D0BCAC1E00205A
:1071080008B50348FFF7D7FFBDE80840FEF7C6BC3F
:10711800DC1E002008B50348FFF7CDFFBDE8084096
:10712800FEF7BCBCBC1E002038B5084C2046FEF754
:10713800EBFE0425064BA3612574064C2046FEF79A
:10714800E3FE054B2574A36138BD00BF081F00206E
:1071580000040040EC1E002000080040836970B560
:107168001A69DD681540EAB2D243AE0704461A61CF
:1071780003D543681B6903B19847680704D563685A
:107188009B690BB120469847290704D563681B6A99
:107198000BB120469847EA0604D563689B6A0BB191
:1071A80020469847EB0706D563689B681BB12046C5
:1071B800BDE87040184770BD08B50348FFF7CEFF1B
:1071C800BDE80840FEF76ABC081F002008B5034860
:1071D800FFF7C4FFBDE80840FEF760BCEC1E0020C6
:1071E8000C4B1B6D03F1804303F5C04303EB001008
:1071F80011440368426003F1005303F540535B00F8
:10720800002AA1EB020000DC7047008843F8040B59
:10721800023AF5E7005C00402DE9F84F894D6C6CA7
:10722800670505D56FF4806387486B64FEF758FFE0
:10723800260509D52B6C844843F008032B646FF4AA
:1072480000636B64FEF786FFE0040DD57D4DAB6CE3
:10725800190406D42B6C7C4823F008032B64FEF732
:10726800A7FF6FF480536B64A20508D5764843687E
:10727800DB6803B19847734B6FF400725A64724D20
:10728800724E230403D4BDE8F84FFEF707BC04F0A0
:107298000F04A70007F1804707F5B84704F1020972
:1072A800D7F800A005EB89031AF0800FD3F8048003
:1072B80025D03A68D8F81430324042F400423A6097
:1072C80019695A6818680A44801A5A602DD0B8F8A3
:1072D8001020824228BF024698681A6101449960CA
:1072E8002046FFF77DFF3B6823F4F04323F040037B
:1072F80083F0300343F4004343F080033B601AF407
:10730800004F0FD03B68334043F080031AF4006FFE
:107318003B60E1B225D005EB89092846D9F804304D
:107328005B689847474B5C6CABE7012303FA04F2B0
:107338002B8923EA02032B81D8F8083013B12146A0
:1073480028469847202383F3118805EB89030021F9
:107358005B6858690C30FEF7C1FA002383F3118883
:10736800CDE7384BD8F818201B6DD2F808C003F1C8
:10737800804303F5C04303EB0410E1468368D0F86B
:107388000CE003F10053CEF30900CEF3480E03F5E9
:1073980040534FEA8E0A0AEB430A5B00534509F152
:1073A800020939D16FF0010909FB0E09B9F1000F83
:1073B80002D01B680CF81E3093680344936053682E
:1073C8000344536013681B1A1360138A013B9BB272
:1073D8001382B8F81220824200D833BB012303FA83
:1073E80004F26B89023423EA02036B8105EB840300
:1073F8005B68DB680BB128469847202383F3118824
:1074080005EB84046368986941680C30FEF766FAF6
:10741800002383F3118885E753F804BB09F802BCFD
:107428004FEA1B2B09F801BCB8E73B6823F49043EB
:1074380023F0700383F4405343F4004343F0800384
:107448003B606FE7005C0040241F00200F07FFFF30
:107458000148FEF77EBD00BF241F002008B5037851
:10746800012B12D0094B98420FD14A20FFF7AAF8F6
:107478004B20FFF7A7F8064B03221A6403F5DA330B
:10748800DA6922F40002DA61DB6908BD241F0020F2
:10749800005C004090F87E30024A43F08003D364D9
:1074A800704700BF005C004000EB810370B5DD68E9
:1074B8002B6803F00303032B5AD0002B0CBF4FF4A7
:1074C800007300232F4A146D6A6904F1804404F59F
:1074D800C04404EB01146AB1002262602A8AD0F821
:1074E8008460013222F001023244C0F8842043F063
:1074F80020032660AA69C2B16D8A3E2D05F1FF32CC
:1075080039D942F01F02204E0132521146EA822236
:1075180092B2E260D0F88420013525F001051544C7
:10752800C0F8845043F40053A2608A0002F18042FC
:1075380002F5B84210684404106848BF43F4804319
:10754800400648BF43F04003194321F4784148F20C
:10755800800021F0F001014323F4F163116023F06E
:10756800070311685B045B0C4B400343136070BD59
:107578004FF4C063A6E742F001020132520202F45E
:107588007C42C6E7005C00400080FFFF0C4A10B454
:107598000021802411655164D4644468E4688C42F5
:1075A8000CBF4FF41C444FF41E4414644022C0F82E
:1075B8008420044A5DF8044BC260FFF775BF00BF22
:1075C800005C0040BC88000838B5017801290446F1
:1075D80019D10D4B984211D10C4B0D4DDA6942F47B
:1075E8000002DA61DB6929644A200D21FEF7D3FF26
:1075F8000E214B20FEF7CFFF00232B642046BDE869
:107608003840FFF7C3BF38BD241F002000100240D8
:10761800005C00404023C0F88430012248F280001A
:10762800930003F1804303F5B84301321968082A2F
:1076380041EA000119601860F2D17047054B53F810
:10764800210010F4405004D0B0F5805F14BF022030
:1076580001207047005C0040054B53F8210010F0F2
:10766800300003D0102814BF02200120704700BF4B
:10767800005C00400B4B1B6D03F1804303F5C043D6
:1076880003EB011102F108008B6803F1005303F5C5
:1076980040535B00196822F8021B904203F104036F
:1076A800F8D17047005C004000EB810010B5C3685A
:1076B80098690268C2B15C8A1319013BB3FBF4F301
:1076C8009BB2890001F1804101F5B84103820B6842
:1076D80023F4904323F0700383F4405343F40043AE
:1076E80043F080030B6010BD0123EAE700EB810043
:1076F80010B50C46C1684B690A8A186899688242B5
:1077080028BF02461A612046FFF76AFDA00000F173
:10771800804000F5B840036823F4F04323F04003A9
:1077280083F0300343F4004343F08003036010BD4B
:10773800890001F1804101F5B8410B6823F49043B9
:1077480023F0700383F4805343F4004343F0800331
:107758000B607047890001F1804101F5B8410B6861
:1077680023F4F04323F0400383F0100343F4004371
:1077780043F080030B607047890001F1804101F5F7
:10778800B8410B6803F44053B3F5405F09D00B6868
:1077980023F4F04323F0400343F4204343F08003F1
:1077A8000B607047890001F1804101F5B8410B6811
:1077B80003F03003302B0BD00B6823F4F04323F095
:1077C800400383F0200343F4004343F080030B603D
:1077D80070474B6843608B688360CB68C3600B69F4
:1077E80043614B6903628B6943620B6803607047AE
:1077F80008B5194B9A6A42F4FC029A629A6A22F412
:10780800FC029A629A6A5A6942F4FC025A61134A63
:107818005B6911464FF09040FFF7DBFF104802F11B
:107828001C01FFF7D6FF0F4802F13801FFF7D1FF1F
:107838000D4802F15401FFF7CCFF0C4802F170012A
:10784800FFF7C7FF0A4802F18C01FFF7C2FFBDE846
:107858000840FFF7FDB800BF00100240E0880008AC
:107868000004004800080048000C004800100048C8
:06787800001400487047F7
:04788000F8B500BF98
:04788400F8B500BF94
:1078880000202020202020202020282828282820E8
:1078980020202020202020202020202020202020E0
:1078A8002088101010101010101010101010101048
:1078B8001004040404040404040404101010101038
:1078C8001010414141414141010101010101010102
:1078D8000101010101010101010101011010101054
:1078E80010104242424242420202020202020202D4
:1078F8000202020202020202020202021010101028
:10790800200000000000000000000000000000004F
:10791800000000000000000000000000000000005F
:10792800000000000000000000000000000000004F
:10793800000000000000000000000000000000003F
:10794800000000000000000000000000000000002F
:10795800000000000000000000000000000000001F
:10796800000000000000000000000000000000000F
:1079780000000000000000000000000000000000FF
:1079880000002B0014001A000800150017001C0046
:1079980018000C00120013002A0029000400160029
:1079A800070009000A000B000D000E000F0033004D
:1079B8003400E1001D001B0006001900050011003D
:1079C80010003600370038002800E000E200E3002D
:1079D8000100105F2C002C00115F50005100520074
:1079E8004F0035021E021F0220022102220223023A
:1079F80024022502260227022A004C003A003B00F6
:107A08003C003D003E003F002D022E022F023002B6
:107A1800310201004000410042004300440045009B
:107A2800BF5CBE5CBD5C01000100010001000100FB
:107A380001000100010001000100AB00AA00A9003B
:107A4800AE0035001E001F00200021002200230088
:107A580024002500260027002A004C003A003B009D
:107A68003C003D003E003F002D002E002F0030005E
:107A7800310001004000410042004300440045003D
:107A88003200640001000100010001000100010052
:107A980001000100010001000100AB00AA00A900DB
:107AA800AE000100005C01000100010001000100BE
:107AB80001000100010001004C000100010001006B
:107AC80001000100010001000100010001000100A6
:107AD800010001000100C25CC35C0100010001005B
:107AE800010001000100010001000100BF5CBE5C53
:107AF800BD5C01000100010001000100010001005E
:107B0800010044454255473A20656E61626C6564E0
:107B18002E0A0044454255473A2064697361626CF5
:107B280065642E0A0000000000000000000000004C
:107B3800000000000000000000000000000000003D
:107B4800000000000000000000000000002A2B28B0
:107B5800000000000000000000000000000000001D
:107B680029000000002C1E34202122243426272539
:107B78002E362D3738271E1F202122232425263371
:107B880033362E37381F0405060708090A0B0C0D73
:107B98000E0F101112131415161718191A1B1C1D85
:107BA8002F3130232D350405060708090A0B0C0D63
:107BB8000E0F101112131415161718191A1B1C1D65
:107BC8002F3130354C000000007E0F00D4FFFFFF3E
:107BD800C70000007800E200E900EA00B500B6003E
:107BE800B700CD008301CC008A01920194012102E3
:107BF800230224022502260227022A02B300B40027
:107C08006F0070000A722F632030313233343536FA
:107C18003738394142434445460A00253032580036
:107C28002530313662000000010400480C04004889
:107C3800010000480700004805000048040000480B
:107C48000300004802000048000000480F080048F0
:107C58000E0800480D080048040400480F000048BA
:107C68000A040048020400480A092D204D6F757364
:107C7800656B6579202D0A4553432F713A09717553
:107C880069740A313A0964656C6179282A31306D62
:107C980073290A323A09696E74657276616C286DC7
:107CA80073290A333A096D61785F73706565640AF0
:107CB800343A0974696D655F746F5F6D61780A3570
:107CC8003A09776865656C5F6D61785F73706565A3
:107CD800640A363A09776865656C5F74696D655F33
:107CE800746F5F6D61780A0A703A097072696E7410
:107CF8002076616C7565730A643A0973657420644B
:107D0800656661756C74730A75703A092B310A647B
:107D18006F776E3A092D310A706775703A092B3101
:107D2800300A7067646F776E3A092D31300A0A732A
:107D380070656564203D2064656C7461202A206D3F
:107D480061785F7370656564202A202872657065A4
:107D58006174202F2074696D655F746F5F6D617841
:107D6800290A0077686572652064656C74613A2039
:107D7800637572736F723D25642C20776865656C36
:107D88003D25640A53656520687474703A2F2F6521
:107D98006E2E77696B6970656469612E6F72672FE3
:107DA80077696B692F4D6F7573655F6B6579730ABA
:107DB800006D6B5F64656C6179203D2025640A0065
:107DC8006D6B5F696E74657276616C203D20256409
:107DD8000A006D6B5F6D61785F7370656564203D47
:107DE8002025640A006D6B5F74696D655F746F5F51
:107DF8006D6178203D2025640A006D6B5F776865AA
:107E0800656C5F6D61785F7370656564203D2025E2
:107E1800640A006D6B5F776865656C5F74696D6592
:107E28005F746F5F6D6178203D2025640A004C25E2
:107E3800640A006565636F6E6669673A0A0064657F
:107E48006661756C745F6C617965723A200025759E
:107E58000064656275675F636F6E6669672E72613D
:107E6800773A20002E656E61626C653A20002E6DAF
:107E780061747269783A20002E6B6579626F61725D
:107E8800643A20002E6D6F7573653A20006B657932
:107E98006D61705F636F6E6669672E7261773A20F5
:107EA800002E737761705F636F6E74726F6C5F63BF
:107EB8006170736C6F636B3A20002E636170736C32
:107EC8006F636B5F746F5F636F6E74726F6C3A2071
:107ED800002E737761705F6C63746C5F6C67756993
:107EE8003A20002E737761705F7263746C5F7267FB
:107EF80075693A20002E737761705F6C616C745FEE
:107F08006C6775693A20002E737761705F72616CD7
:107F1800745F726775693A20002E6E6F5F677569C6
:107F28003A20002E737761705F67726176655F65CE
:107F380073633A20002E737761705F6261636B73BD
:107F48006C6173685F6261636B73706163653A202B
:107F5800002E6E6B726F3A2000436C656172696E19
:107F68006720454550524F4D0A000A092D204D61A2
:107F7800676963202D0A443A094465627567204D94
:107F880065737361676520546F67676C650A583A53
:107F9800094D6174726978204465627567204D6F78
:107FA800646520546F67676C65202D2053686F7770
:107FB800206B65797072657373657320696E206DC7
:107FC800617472697820677269640A4B3A094B6573
:107FD80079626F61726420446562756720546F67C7
:107FE800676C65202D2053686F77206B65797072F8
:107FF800657373207265706F72740A4D3A0944652F
:10800800627567204D6F75736520546F67676C657F
:108018000A563A0956657273696F6E0A533A0953DC
:1080280074617475730A433A0941637469766174BB
:108038006520436F6E736F6C65204D6F64650A46EB
:10804800312D4631303A0953776974636820746F6B
:10805800204C6179657220302D3920284631302036
:108068003D204C30290A302D393A09537769746319
:108078006820746F204C6179657220302D390A4769
:10808800524156453A0953776974636820746F20E2
:108098004C6179657220302028616C7465726E615C
:1080A8007465290A423A094A756D7020746F204236
:1080B8006F6F746C6F616465720A4553433A094A7D
:1080C800756D7020746F20426F6F746C6F6164659A
:1080D800722028616C7465726E617465290A453A6C
:1080E800095072696E7420454550524F4D205365B2
:1080F8007474696E67730A4253504143453A0943A1
:108108006C65617220454550524F4D0A000A092D91
:1081180020436F6E736F6C65202D0A4553432F7192
:108128003A09717569740A6D3A096D6F7573656BF3
:1081380065790A00433E20000A0A4A756D70696E27
:108148006720746F20626F6F746C6F616465722E44
:108158002E2E20000A64656275673A206F6E0A0049
:108168000A64656275673A206F66660A000A6D617F
:10817800747269783A206F6E0A000A6D61747269C8
:10818800783A206F66660A000A6B6579626F6172D9
:10819800643A206F6E0A000A6B6579626F617264D7
:1081A8003A206F66660A000A6D6F7573653A206F2C
:1081B8006E0A000A6D6F7573653A206F66660A006D
:1081C8000A092D2056657273696F6E202D0A0056B4
:1081D80049443A2030784143313128416368657217
:1081E8006F6E50726F6A65637429205049443A2053
:1081F80030783533363828536861726B50434229DA
:10820800205645523A203078303030310A004255F5
:10821800494C443A2020284A756C203133203230AA
:108228003231290A0043484942494F533A202262D1
:108238007265616B696E675F323032315F7131220E
:108248002C20434F4E545249423A202262726561B3
:108258006B696E675F323032315F7131220A004FCD
:108268005054494F4E533A204D4F5553454B45595D
:108278002045585452414B455920434F4E534F4C7B
:108288004520434F4D4D414E4420424F4F544C4F93
:10829800414445525F53495A450A004743433A20EF
:1082A800392E322E310A000A092D20537461747553
:1082B80073202D0A00686F73745F6B6579626F6154
:1082C80072645F6C65647328293A2025580A006B2C
:1082D8006579626F6172645F70726F746F636F6CDF
:1082E8003A2025580A006B6579626F6172645F698C
:1082F800646C653A2025580A0074696D65725F726E
:10830800656164333228293A202530346C580A00D4
:108318003F004D3E20000A092D2056616C7565739B
:10832800202D0A00313A2064656C6179282A3130A1
:108338006D73293A2000323A20696E74657276614D
:108348006C286D73293A2000333A206D61785F7389
:10835800706565643A2000343A2074696D655F740D
:108368006F5F6D61783A2000353A20776865656CF3
:108378005F6D61785F73706565643A2000363A20F6
:10838800776865656C5F74696D655F746F5F6D6153
:10839800783A20007365742064656661756C740AA8
:1083A800004D25643E20004D3E00010203040506F1
:1083B800070809006D6F7573656B6579205B6274DA
:1083C8006E7C782079207620685D287265702F6130
:1083D800636C293A205B007C002564005D28002F2F
:1083E800006B6579626F6172645F7265706F727439
:1083F8003A20002530325820006B6579626F61722F
:10840800645F7365745F6C65643A2000E200E9009C
:10841800EA00B500B600B700CD008301CC008A01A0
:108428009201940121022302240225022602270236
:108438002A02B300B4006F0070004F6E6573686F56
:10844800743A206163746976653A2025640A0000ED
:108458000300000000000000DD47000800000000E5
:1084680008000000F41100200000000002000000D5
:10847800000000000300000000000000954B000809
:1084880000000000200000002C1200200000000066
:1084980002000000000000006148000809480008C8
:1084A800054A0008E147000855534220636F6E668D
:1084B8006967757265642E0A004B6579626F61722F
:1084C800642073746172742E0A005B735D0000008F
:1084D800FB850008FF8500081F860008041E12009F
:1084E8001E85000837850008578500087085000834
:1084F800BB85000833860008558600088785000874
:1085080040227B2209027B00040100A0FA09040032
:1085180000010301010009211101000122400007A7
:1085280005810308000A090401000203000000098C
:108538002111010001222200070582032000010702
:1085480005030320000109040200010300000009DB
:108558002111010001227B000705840320000A097C
:108568000403000203000000092111010001222276
:108578000007058503200001070506032000010602
:1085880031FF0974A1010975150026FF00952075B2
:108598000881020976150026FF00952075089102CA
:1085A800C0120110010000004011AC685301000125
:1085B80002000105010906A101050719E029E715CF
:1085C800002501950875018102950175088101054D
:1085D80007190029FF150026FF0095067508810078
:1085E800050819012905950575019102950175037D
:1085F8009101C0040309041E03410063006800657B
:108608000072006F006E00500072006F006A006513
:1086180000630074000000120353006800610072D8
:10862800006B0050004300420000000660FF096133
:10863800A1010962150026FF00952075088102092D
:1086480063150026FF00952075089102C0050109F1
:1086580002A10185020901A10005091901290815CE
:1086680000250195087501810205010930093115B8
:1086780081257F95027508810609381581257F9522
:108688000175088106050C0A38021581257F9501B8
:1086980075088106C0C005010980A101850319017B
:1086A8002AB700150126B700950175108100C0058D
:1086B8000C0901A101850419012AA002150126A0AF
:1086C80002950175108100C00000000039500008B3
:1086D8002950000859500008495000085350000814
:1086E80043500008335000082350000800000000E1
:1086F800688C0008AC1F0020AC1F0020AC1F0020B5
:10870800688C000800000000000000000000000065
:10871800688C000800000000000000000000000055
:10872800688C000800000000000000000000000045
:10873800688C000800000010000000100000001005
:10874800688C000800000000000000000000000025
:10875800688C000800000000000000000000000015
:10876800688C000800000000000000000000000005
:1087780069646C650000000078870008101B002001
:10878800701C002001000000BD530008000000001C
:10879800737461636B206F766572666C6F77000027
:1087A8006D61696E00164230040444080C101418F8
:1087B8001C2021220000000001000000007400407D
:1087C80000000000000000000000FFFF090000009A
:1087D800BE2000000A0000000074004003000000F2
:1087E80010000000FFFF00000A000000BE2000008B
:1087F8000A000000000002400800024001000000DA
:108808000000000B000002401C00024002000000B3
:108818000004010C00000240300002400400000087
:108828000008020D00000240440002400800000059
:10883800000C030E00000240580002401000000027
:108848000010040F000002406C00024020000000ED
:1088580000140510000002408000024040000000A3
:1088680000180611000402400804024080000000BD
:1088780000000738000402401C0402400001000008
:1088880000040839000402403004024000020000DD
:108898000008093A000402404404024000040000B1
:1088A800000C0A3B00040240580402400008000083
:1088B80000100B3C00000000CD6100087564000842
:1088C8002765000840004000C8120020C812002098
:1088D80001000000DC12002000A8802A000000002F
:1088E80000FCC03C54111564FFFF00000000505507
:1088F80000E00E0080A00000C0000000C0F00000F2
:1089080015055555FFFF0000000000440000000059
:10891800000A000000000000000000F05555550551
:10892800FFFF0000000077000000000000000000CA
:10893800000000000000000055555555FFFF0000DD
:108948000000000000000000400055550000000035
:10895800C000FFFF15551501FF00000000000000D2
:108968000000000000000000000000000F000000F0
:1089780050555555FFFF00000000000000000000A2
:08898800347AFF7F01000000BA
:108990001E320A141E6408289A0F0020914700080E
:1089A00004000000040000000000000000000000BF
:1089B00000000000000000000000000000000000B7
:1089C00000000000000000000000000000000000A7
:1089D0000000000000000000000000000000000097
:1089E00000000000030000000000000047520008E3
:1089F0000000000020000000000000000000000057
:108A00000200000000000000030000000000000061
:108A100000000000BB520008000020000000000021
:108A20000000000002000000000000000300000041
:108A300000000000F95200080000000008000000DB
:108A40000000000000000000020000000000000024
:108A5000241F0020050600000400000004000000A0
:108A6000200000002000000001000000AC0F0020EA
:108A70003C1000200000000000000000000000008A
:108A800000000000000000000000000000000000E6
:108A900000000000000000000000000000000000D6
:108AA00000000000000000000000000000000000C6
:108AB00000000000000000000000000000000000B6
:108AC00000000000000000000000000000000000A6
:108AD0000000000000000000000000000000000096
:108AE0000000000000000000000000000000000086
:108AF000000000000400000004000000000000006E
:108B00000000000000000000000000000000000065
:108B10000000000000000000000000000000000055
:108B20000000000000000000000000000000000045
:108B30000000000000000000030000000000000032
:108B40004752000800000000200000000000000064
:108B50000000000002000000000000000300000010
:108B60000000000000000000BB52000800002000D0
:108B700000000000000000000200000000000000F3
:108B80000300000000000000F9520008000000008F
:108B900008000000000000000000000002000000CB
:108BA00000000000241F0020020300000400000059
:108BB0000400000020000000200000000000000071
:108BC000CC1000205C11002000000000000000001C
:108BD0000000000000000000000000000000000095
:108BE0000000000000000000000000000000000085
:108BF0000000000000000000000000000000000075
:108C00000000000000000000000000000000000064
:108C10000000000000000000000000000000000054
:108C20000000000000000000000000000000000044
:108C30000000000000000000000000000000000034
:108C4000000000000000000001000000E94C0008E6
:108C5000F54C0008494D0008954D0008C94D000825
:088C600000960000000008006E
:04000005080003519B
:00000001FF
