:020000040800F2
:100000000004002031020008BB6100083302000830
:1000100033020008330200083302000833020008EC
:1000200033020008330200083302000833020008DC
:1000300033020008330200083302000833020008CC
:1000400033020008330200083302000833020008BC
:1000500033020008330200083302000833020008AC
:1000600033020008956F0008916D0008B16D00081B
:10007000330200083302000833020008217300082D
:10008000ED74000833020008330200083302000850
:10009000330200083302000833020008F970000838
:1000A000330200083302000833020008330200085C
:1000B0003302000833020008330200083D750008CF
:0800C0003D01000811010008D8
:1000C8000448054B10B5834203D0044B002B00D0E5
:1000D800984710BD100F0020100F002000000000EE
:1000E80006480749091A8B10C90FC91810B54910D5
:1000F80003D0044B002B00D0984710BD100F0020F0
:10010800100F00200000000010B5074C2378002BCA
:1001180009D1FFF7D5FF054B002B02D0044800E0BA
:1001280000BF0123237010BD100F00200000000045
:10013800BC8F0008054B10B5002B03D004490548B7
:1001480000E000BFFFF7CCFF10BDC0460000000074
:10015800140F0020BC8F000872B6244880F308886A
:10016800234880F30988022080F31488BFF36F8F37
:1001780005F076FD05F036FB1E481F491B4A9142E3
:1001880002DA08600431FAE71C49194A914202DA96
:1001980008600431FAE71A491A4A1B4B9A4204DAF2
:1001A8000868106004310432F8E700201749184A3B
:1001B800914202DA08600431FAE705F055FD05F0CE
:1001C80050FD144C144DAC4203DA216888470434BE
:1001D800F9E705F015FB114C114DAC4203DA216823
:1001E80088470434F9E70F49084700000004002055
:1001F800000C002055555555000000200004002033
:10020800BC8F0008000C0020100F0020100F0020E9
:10021800AC1D0020C0000008C4000008C40000088D
:10022800C80000086D5C000896E700F000F8FEE7DB
:10023800F0B544464D4656465F46F0B46B46CB6033
:10024800C3689D46F0BCA046A946B246BB46F0BD71
:1002580062B6281CA047002005F026FFFEE705F03F
:10026800E9FE024A024B1360FEE7C04604ED00E0D7
:100278000000008002B47146490849000956490047
:100288008E4402BC7047C04602B471464908490012
:10029800095C49008E4402BC7047C04603B47146ED
:1002A800490840004900095A49008E4403BC704778
:1002B800002243088B4274D303098B425FD3030A9D
:1002C8008B4244D3030B8B4228D3030C8B420DD3B0
:1002D800FF22090212BA030C8B4202D3121209023E
:1002E80065D0030B8B4219D300E0090AC30B8B427C
:1002F80001D3CB03C01A5241830B8B4201D38B032A
:10030800C01A5241430B8B4201D34B03C01A5241CE
:10031800030B8B4201D30B03C01A5241C30A8B4211
:1003280001D3CB02C01A5241830A8B4201D38B02FC
:10033800C01A5241430A8B4201D34B02C01A5241A0
:10034800030A8B4201D30B02C01A5241CDD2C30912
:100358008B4201D3CB01C01A524183098B4201D38E
:100368008B01C01A524143098B4201D34B01C01A79
:10037800524103098B4201D30B01C01A5241C308F1
:100388008B4201D3CB00C01A524183088B4201D360
:100398008B00C01A524143088B4201D34B00C01A4C
:1003A8005241411A00D20146524110467047FFE7B8
:1003B80001B5002000F0F0F802BDC0460029F7D0D2
:1003C80076E7704703460B437FD4002243088B42ED
:1003D80074D303098B425FD3030A8B4244D3030BC4
:1003E8008B4228D3030C8B420DD3FF22090212BA89
:1003F800030C8B4202D31212090265D0030B8B4205
:1004080019D300E0090AC30B8B4201D3CB03C01AEE
:100418005241830B8B4201D38B03C01A5241430BC9
:100428008B4201D34B03C01A5241030B8B4201D3B9
:100438000B03C01A5241C30A8B4201D3CB02C01A24
:100448005241830A8B4201D38B02C01A5241430A9C
:100458008B4201D34B02C01A5241030A8B4201D38B
:100468000B02C01A5241CDD2C3098B4201D3CB0132
:10047800C01A524183098B4201D38B01C01A5241E1
:1004880043098B4201D34B01C01A524103098B42E5
:1004980001D30B01C01A5241C3088B4201D3CB00D0
:1004A800C01A524183088B4201D38B00C01A5241B3
:1004B80043088B4201D34B00C01A5241411A00D263
:1004C80001465241104670475DE0CA0F00D04942CC
:1004D800031000D34042534000229C4603098B423C
:1004E8002DD3030A8B4212D3FC22890112BA030AC4
:1004F8008B420CD3890192118B4208D38901921146
:100508008B4204D389013AD0921100E08909C309CA
:100518008B4201D3CB01C01A524183098B4201D3CC
:100528008B01C01A524143098B4201D34B01C01AB7
:10053800524103098B4201D30B01C01A5241C3082F
:100548008B4201D3CB00C01A524183088B4201D39E
:100558008B00C01A5241D9D243088B4201D34B00B9
:10056800C01A5241411A00D20146634652415B10FB
:10057800104601D34042002B00D5494270476346DC
:100588005B1000D3404201B5002000F005F802BD21
:100598000029F8D016E770477047C046002B11D1E4
:1005A800002A0FD1002900D1002802D00021C94318
:1005B800081C07B4024802A14018029003BDC046B7
:1005C800D9FFFFFF03B4684601B5029800F02EF882
:1005D800019B9E4602B00CBC7047C046F0B515049E
:1005E8002D0C0F0001002E00C64684460004140C92
:1005F800000C090C46434D43604361434019340CD9
:10060800241800B5A54203D9802040028046414401
:10061800250C6D18614659437A433004491924045E
:10062800000C2018891804BC9046F0BDF0B5574658
:100638004E464546DE46E0B504000D009246994612
:1006480083B08B4230D82DD04946504600F0BAF8D6
:1006580029000600200000F0B5F8331A9846203B20
:100668009B4633D45A465346934042461F0053464E
:1006780093401E00AF423AD8AF4200D178E05B46C3
:10068800A41BBD41002B00DA75E000220023009274
:10069800019301235A469340019301234246934014
:1006A800009328E08242CFD90022002300920193D0
:1006B8000C9B002B01D01C605D600098019903B071
:1006C8003CBC90469946A246AB46F0BD4246202324
:1006D8009B1A5246DA40414613004A468A401700A0
:1006E80042461F43534693401E00AF42C4D90022DE
:1006F8000023009201934346002BD9D0FB077208D0
:100708001A4346467B080EE0AB4201D1A2420CD800
:10071800A41A9D41012024196D410021013E24188D
:100728004D41002E06D0AB42EED9013E24196D4151
:10073800002EF8D1009801995B4600196941002BF9
:1007480024DB2B005A464446D3402A00E2401C00D2
:100758005B461500002B2ADB26009E40330026004E
:100768004746BE403200801A9941009001919FE7A8
:10077800A342BCD883E74246202300219B1A0022CB
:10078800009101920122DA40019286E74246202335
:100798009B1A2A0046469A402300F34044461343D6
:1007A8002A00E2401C005B461500002BD4DA4246C2
:1007B8002F002023260097409B1ADE403B0033433E
:1007C800CDE7C04610B5002903D100F007F8203066
:1007D80002E0081C00F002F810BDC0461C210123ED
:1007E8001B04984201D3000C10391B0A984201D30C
:1007F800000A08391B09984201D30009043902A2EA
:10080800105C40187047C046040302020101010150
:100818000000000000000000F0B5C64600B50F2A31
:1008280043D90B00032603431E400C000300002E8F
:1008380040D11500103D2D09AC462D01A846804435
:1008480000E03B00676825685F60E7681D60DF605F
:100858001F00A56810379D6010344345F1D16546E7
:100868000F230C2401352D01491913404519144251
:1008780023D08C59AC5104369C1B032CF9D8032483
:10088800043B9B0801339B002240ED18C918561EF3
:10089800002A07D0002300E02300CA5C5C1CEA544D
:1008A8009E42F9D104BC9046F0BD0500561E002AB0
:1008B800F0D1F7E7561E0500ECE71A00F6E7C04648
:1008C800F0B5050083074AD0541E002A44D0CEB2A2
:1008D8000300032202E00135013C3DD301332E70B1
:1008E8001342F8D1032C2FD9FF220A4015021543D1
:1008F8002A0415430F2C35D92700103F3F093E0124
:10090800B4461E001A00103666441560556095609E
:10091800D5601032B242F8D10F260C2201373F01C0
:100928002640DB193700224217D03E1FB608B40014
:10093800A4461A001C1D644420C2A242FCD1032410
:100948000136B6009B193C40002C05D0C9B21C19D1
:10095800197001339C42FBD1F0BD3400F4E7140058
:100968000300BFE72700E0E710B590240122E40563
:100978001100200006F017FB20000122022106F0DA
:1009880012FB01220421200006F00DFB02F0ADFC51
:1009980010BD10B5041C00F0CEF9002810D090232B
:1009A8000422E1B2DB05E0070CD51A83012288078F
:1009B8000AD51A8390230222DB05490706D51A8334
:1009C800012010BD5A83F1E75A83F3E75A83F7E70A
:1009D800012070470120704710B5FFF7FBFF10BDDD
:1009E800704710B5FFF7FCFF10BD000013B5104BA2
:1009F80000901B78002B16D16B469B78002B0DD0EE
:100A0800002A0BD003F06EFC04000100009803F0EC
:100A180023FC2000009902F092F916BD009803F01B
:100A280041FC0400F5E7009803F05CFC0099F2E74C
:100A3800740F0020030010B50A00018840880004E4
:100A480008439988FFF7D2FF10BD10B504000021B4
:100A5800FFF7F0FF2100FFF7C4FF10BD30B50124F8
:100A680005002000884001002000904002009C40C2
:100A780028002B000A431340A043934201D12000D1
:100A8800284330BD10B513000A0001000348006870
:100A9800FFF7E4FF03F086FB10BDC046C40F00203B
:100AA80010B500F031FB01F041FF00F04EFB10BD26
:100AB80010B500F04FFB10BD7047000010B503F0F3
:100AC8001DF8FFF7F9FF034805F0F3FA03F0A2FF5A
:100AD80010BDC046C409000070B501210500FFF72C
:100AE800A9FF2900040001F09DFF002801D1002082
:100AF80070BD29002000FFF76FFF0028F7D02900FC
:100B0800200001F04DFE0028F1D02900200002F05D
:100B180007FA0028EBD02900200002F063FA002829
:100B2800E5D02900200002F029FB0028DFD0AB78AF
:100B3800002B0CD01B4B9C422DD00CD81A4B9C423E
:100B480015D01A4B9C4223D0DE3B9C420CD0280087
:100B5800FFF73EFFCCE7164B9C421FD0154B9C423B
:100B6800F5D103F065FCF2E7FFF7A8FFBFE7012125
:100B780011480278D307DB0F4B400B408A431343DD
:100B880003700E480B4200D00D4804F081FAAEE71E
:100B980003F0DCFDABE703F057FCD8E703F059FCA2
:100BA800D5E7C0465A5D0000015C0000DE5C00002D
:100BB8005B5D00005C5D0000381000208F7F00083E
:100BC8007E7F0008F8B5184BC1081D5C0723184044
:100BD800164B174C5A5C174F0241645C7F5C01232B
:100BE8001600044107411E401C401F401A4202D013
:100BF800E12002F05DFC002C02D0E62002F058FC57
:100C0800280002F03EFD002C02D0E62002F0D0FCC5
:100C1800002E02D0E12002F0CBFC002F02D02C20C5
:100C280002F02FFDF8BDC046C17F000841800008D2
:100C3800A17F0008B17F0008F7B5040004270A2641
:100C48000191207800283CD0012837D16378012B06
:100C58000ED1A078A51C02F014FD2C00019D0134D2
:100C6800013DEDB2FF2DECD0300005F022FAF7E798
:100C7800022B04D1A078A51C02F01AFCEDE7032B87
:100C880004D1A078A51C02F093FCE6E7042B01D060
:100C98000134E3E700250B49A3780234CA5C601CE1
:100CA8003A4205D1013DD9D3300005F002FAF9E7FF
:100CB8007543303B5D1963780400EFE7FFF782FF67
:100CC800CCE7F7BDD17B000810B50021FFF7B4FFD2
:100CD80010BD030033221B0900011843C0B2830072
:100CE8008010104093430343DBB2223258005B105C
:100CF800904313401843C0B2704770B50500C0B2A6
:100D0800FFF7E7FF0400280AFFF7E3FF2402204368
:100D180080B270BD70B5050080B2FFF7EEFF040029
:100D2800280CFFF7EAFF2404204370BD704710B574
:100D3800FFF7FCFF10BD0120704710B50400FFF756
:100D4800F6FF201CFFF725FE10BD002070477047F6
:100D5800014B4000185A70478080000837B501AB36
:100D68001980019901F0EBFF00F0E6F80400A020DB
:100D7800C001844239D28023DB019C4200D393E036
:100D8800E72C1AD8DF2C16D8A72C0AD8A42C00D9FF
:100D980074E0012C0FD0231F9BB2A02B0BD9002489
:100DA80009E0BE2C00D86DE02000C03880B20024D5
:100DB8001F2800D870E0201C3EBDC0239B019C4228
:100DC8000ED280239B019C4264D2FF2C03D8EF2CC7
:100DD800E5D9044354E0200A80B20002E4B2F8E7FF
:100DE800E3B222055CD4C0245BE0AA23DB019C4269
:100DF8001DD2A822E3B2D201944270D2013AFF3A3E
:100E080094420BD2013AFF3A944260D2013AFF3A37
:100E180094424ED33E481C020443CCE7032498086E
:100E28002340023C9C40400120433A4CD1E7B42384
:100E3800DB019C420FD2013BFF3B9C425CD2AC23BE
:100E4800DB019C424ED3344BE3189BB2FF2BA6D850
:100E58002002324CBDE78025314BAD01E3189BB22F
:100E6800AB429CD2E004C00E00F0E0F8F823000288
:100E78005B011840E4B204432C439CE7243C1C4328
:100E8800A4B298E75834274BE4B26400E05A8824A7
:100E9800E401C1E72005000DFFF75AFF04008AE7C7
:100EA800C82424021C4386E71F482040A0242402AB
:100EB800B2E7200903249A08204022401C4001235D
:100EC800A3400002520110431843184C81E7032441
:100ED80098082340023C9C4040012043F5E7144C0D
:100EE8001B02DFE7E0B200F0A1F8F8240002640179
:100EF80020400134FF348FE70F252000284000F000
:100F080095F824092C40240204430A4861E7C046A6
:100F1800F1A00000008AFFFF00A8FFFFF0A0FFFF7C
:100F280000A0FFFF52800008FF0F0000008CFFFFA9
:100F3800F4A000000090FFFF030010B5E72808D8D0
:100F4800DF2808D831285CD00ED8292853D02A2881
:100F58005DD0180010BDE0380728FAD8FFF78AF9E5
:100F680016F9232836F93D42392809D0822807D0B6
:100F78003528EED12C4A12789206EAD52923E8E7DB
:100F8800294A12789207E4D0E023E2E701212648B3
:100F980002780A4241D140780842DAD0E323D206E7
:100FA800D7D50023D5E7204A12785107F6D4D0E7E1
:100FB8001D490A78500732D44978C907E4D410216A
:100FC8000A4051424A4152421340C2E7164A5178F8
:100FD8008907BED51278E723E1E7134A127811078B
:100FE800F9D4B6E710490A7810071AD4497889075E
:100FF800E5D5E423ADE70C4A12789206A9D5352346
:10100800A7E7094A12785206A3D52A23A1E7064A78
:10101800127852069DD531239BE7392399E7E223BD
:1010280097E7E62395E7C0464C13002030B5042423
:1010380027490A78224205D018230340082B27D1D4
:1010480098432043130708D5182405001423254086
:10105800A54225D1A843C0B21843012449782142AA
:1010680006D018230340082B21D19843C0B220434F
:101078008B0708D51821040011230C408C421FD17E
:10108800A043C0B21843D30601D5E723184030BDAA
:1010980014230340042BD5D1984304331843D1E7D4
:1010A8000340142BD9D19843C0B22043D5E711236C
:1010B8000340012BDCD19843C0B207331843D7E76C
:1010C8000340112BDFD19843C0B20843DBE7C04689
:1010D8004C13002010B501F080FC10BD10B500F0D5
:1010E800CDF8642004F0E5FF00F0C8F8002000F017
:1010F80035F8C30703D5FFF7EDFF03F08BFC10BDF0
:1011080010B5FFF7EBFF10BD10B503F08FFA0028FC
:1011180001D103F01BFB03F095FA084B187003F09C
:101128009BFA074B1880FFF7EBFF03F090FA03F0E8
:1011380010F8044B186803F030F810BD3810002080
:101148004C130020C40F0020704710B5FFF7FCFFB8
:1011580010BD704710B5FFF7FCFF10BD014B8000B4
:10116800C05870476813002010B50D4803F090FF71
:10117800002421000B4803F08BFF0B4803F088FF85
:101188000A4AA300D058FFF7C5FD0100084803F03C
:101198007FFF0134074803F07BFF062CE9D110BD1F
:1011A80080800008A7800008548800086813002081
:1011B800AC8000083A87000810B5012004F079FFD8
:1011C80010BDC046C046C046C046C046C046C04620
:1011D800C046C046C046C046C046704710B5FFF777
:1011E800EBFF10BD10B572B60F23020001211A40A3
:1011F80091409843202205F0D6FE62B610BD00004B
:1012080070B51548FFF7EEFF1448FFF7EBFF1448D9
:10121800FFF7E8FF1348FFF7E5FF1348FFF7E2FF82
:101228001248FFF7DFFF124C25004C3501CCFFF7C1
:10123800D9FFA542FAD100231A000E4C0E481919FD
:101248000A60191804330A60182BF8D1062000F038
:101258006BF8FFF725FC70BD0D0800480400004836
:101268000700004800040048010400480204004840
:10127800B48000085013002068130020F7B5002739
:10128800244C254D236872B60F2101261A000B4005
:101298009E408A43019231000122019805F083FEA5
:1012A800019BB6B25E8362B6FFF78BFF00231B4A31
:1012B8001E00944661469A0052580F211000884338
:1012C80000690A40D04002000E3900200A4201D1CC
:1012D8000800984001330643132BEBD12068FFF731
:1012E80081FFFFF77BFF2A680023964201D02E601A
:1012F80001331F430A4B043404359C42C2D13B00DE
:1013080006220849044800F011F8FFF7D1FB38001D
:10131800FEBDC0460081000850130020B4800008BC
:10132800188100086813002070470000F8B506000F
:101338000F0014000E4D002B05D001232B7003F075
:101348005DFB0C4B18802B78002B0BD0094B1888B1
:1013580003F059FB052805D90023A400A34202D1B4
:1013680000232B70F8BDF258FA500433F6E7C04654
:101378002C0F00202E0F002010B5044803F088FE23
:1013880001220521024803F083FE10BD18810008E0
:1013980013820008013810B505280FD8FEF774FF2E
:1013A800030F19232D371F4A13785B18FF21FE2BD3
:1013B80000DCD9B21C48117003F06AFE10BD1B4A4C
:1013C80013785B18FF21FE2B00DCD9B21848117086
:1013D800F2E7184A13785B18FF21FE2B00DCD9B21C
:1013E80015481170E8E7154A13785B18FF21FE2BA2
:1013F80000DCD9B212481170DEE7124A13785B1884
:10140800FF21FE2B00DCD9B20F481170D4E70F4A38
:1014180013785B18FF21FE2B00DCD9B20C48117041
:10142800CAE7C046000C002061820008010C0020B9
:1014380070820008020C002082820008030C002041
:1014480095820008060C0020AA820008070C0020DC
:10145800C382000801380B0010B505280FD8FEF725
:1014680013FF030F19232D371E48002102789A42D3
:1014780001D9D31AD9B201701B4803F009FE10BD77
:101488001A48002102789A4201D9D31AD9B20170B8
:101498001748F2E71748002102789A4201D9D31A6F
:1014A800D9B201701448E8E71448002102789A423A
:1014B80001D9D31AD9B201701148DEE711480021C9
:1014C80002789A4201D9D31AD9B201700E48D4E7EA
:1014D8000E48002102789A4201D9D31AD9B2017074
:1014E8000B48CAE7000C002061820008010C0020AC
:1014F80070820008020C002082820008030C002081
:1015080095820008060C0020AA820008070C00201B
:10151800C382000810B501000400054803F0B8FDB7
:101528000120A04002F015FE02F0E8FA10BDC04606
:10153800DE820008F8B5030005383E2800D9E5E149
:10154800FEF7ACFE4201320148013F00E401E4012C
:101558003001E401E4017001E4018101C801E40102
:10156800E401E401E401A801E401E4019701E401D4
:101578005D01E401E401E201E201E201E201E201CC
:10158800E201E201E201E201DB01E4014201290199
:10159800E401E401E401E401E401E401E401E4011B
:1015A800E401E401DB01E401E4013001E401DF01CD
:1015B800DF01DF01DF01DF01DF01DF01DF01DF0123
:1015C800DB01D54803F064FDD44803F061FD03F066
:1015D8003EF8D34D0100280003F05AFDD14C2000FD
:1015E80003F056FD03F02EF80600CF4803F050FD37
:1015F800CE4F3100380003F04BFD200003F048FDCA
:10160800CB4803F045FDF107C90F280003F040FD62
:10161800200003F03DFDC74803F03AFDB107C90FAC
:10162800280003F035FD200003F032FDC24803F026
:101638002FFD7107C90F280003F02AFD200003F0D1
:1016480027FDBE4803F024FD3107C90F280003F029
:101658001FFD200003F01CFD02F0FEFF0600B84845
:1016680003F016FD3100380003F012FD200003F0EE
:101678000FFDB44803F00CFDF107C90F280003F073
:1016880007FD200003F004FDAF4803F001FDB1079A
:10169800C90F280003F0FCFC200003F0F9FCAB485C
:1016A80003F0F6FCF105C90F280003F0F1FC200057
:1016B80003F0EEFCA64803F0EBFCB105C90F2800C7
:1016C80003F0E6FC200003F0E3FCA24803F0E0FC92
:1016D8007107C90F280003F0DBFC200003F0D8FCD9
:1016E8009D4803F0D5FC3107C90F280003F0D0FC52
:1016F800200003F0CDFC994803F0CAFCF106C90F9D
:10170800280003F0C5FC200003F0C2FC944803F055
:10171800BFFCB106C90F280003F0BAFC200003F093
:10172800B7FC904803F0B4FC7106C90F280003F019
:10173800AFFC200003F0ACFC8B4803F0A9FC310699
:10174800C90F280003F0A4FC200003F0A1FC00F05E
:101758007DFE0600854803F09BFC3100380003F04D
:1017680097FC200003F094FC714803F091FCF1070A
:10177800C90F280003F08CFC200003F089FC7C488A
:1017880003F086FC31062800C90E03F081FC200016
:1017980003F07EFC04E0774803F07AFC02F0D6FF01
:1017A80001240FE07448F3E70F210124734A7448B9
:1017B80013788B43137003F06BFC724803F068FCDA
:1017C800714B1C702000F8BD704803F061FCFFF7F6
:1017D80075F9E5E70124694D6D482A78D307DB0FD1
:1017E80063402340A24313432B70234217D1694817
:1017F80003F04EFC0E222B7893432B70E2E7012472
:101808005E4D02212A7864489307DB0F634023402A
:10181800A3408A4313432B700B4223D15F4803F044
:1018280037FCCFE701240421544D5D482A7853073B
:10183800DB0F634023409B008A4313432B700B420A
:1018480010D15848EBE7012408214C4D2A7813079A
:10185800DB0F63402340DB008A4313432B700B42AA
:1018680005D0514803F014FC2B782343C5E74F48B3
:10187800D5E74F4803F00CFC4E4803F009FC4E48EE
:1018880003F006FC4D4803F003FC4D4803F000FC50
:101898004C487DE74C4803F0FBFB01F09FFC01003E
:1018A8004A4803F0F5FB4A4B4A48197803F0F0FB25
:1018B800494B4A48197803F0EBFB494B49481978DA
:1018C800C90903F0E5FB03F07BF80100464803F083
:1018D800DFFB65E7012402F011F97F2040490A780F
:1018E800D3096340DB01024013430B70DBB2834230
:1018F80001D93E4893E73E4891E70020FFF70AFEEA
:101908004EE7393BD8B2F9E71D3BFBE7394803F00E
:10191800BFFB002456E7C046E3820008EE820008B9
:10192800FE8200083A87000801830008A7800008A3
:10193800148300081E8300082883000834830008E5
:101948003D830008518300086A83000881830008EA
:1019580093830008A5830008B7830008C98300089B
:10196800D3830008E583000801840008098400087F
:1019780020840008298400083A84000838100020D0
:10198800EC85000813860008300F00201786000831
:10199800338600083F8600084C86000859860008F0
:1019A8006786000876860008868600089286000802
:1019B8009F860008AE860008EB86000802870008AC
:1019C8003C8700087D8700088987000897870008FA
:1019D800F00E0020B18700089C120020C88700087C
:1019E8004C130020DB870008F38700080A880008EA
:1019F800148800081F8800080020704700207047DE
:101A08001E38C3B20020092B01D8014AD05C7047A8
:101A1800B988000870B57F4E05003478012C18D0BD
:101A2800022C43D00023002C00D07EE002F016FDEB
:101A3800230022280BD12800FFF7DEFF012300280E
:101A480003D12800FFF776FD0300012003401800AA
:101A580070BD02F003FD2228EDD02800FFF7CEFF6D
:101A6800002816D1142D16D008D80B2D0AD0102D09
:101A780014D0694803F00CFB00240AE0292D0AD091
:101A8800382DF6D1654803F003FB654803F000FBE9
:101A980001242300DBE700243470FAE7FFF76CFC2D
:101AA800604803F0F5FA02233370F2E7292831D0B1
:101AB8001FD813283BD008D8072800D193E00B285B
:101AC80025D0554803F0E4FA11E0142822D0030089
:101AD8001E3B052BF5D8FFF793FF534B1870524B5D
:101AE8001978002900D192E0504803F0D1FA012377
:101AF800ADE738280BD04B38C3B2072BE1D80728FD
:101B0800DFD8FEF7B7FB68DEDE6CDEDE625CFFF76F
:101B180033FCE4E7444B1A78002A02D000221A70FA
:101B2800DDE73F4803F0B4FA012333708FE74048FC
:101B380003F0AEFA3F4803F0ABFA3F4D3F4B2800A5
:101B4800197803F0A5FA3E4C200003F0A1FA3D48AD
:101B580003F09EFA3C4B2800197803F099FA20000C
:101B680003F096FA394803F093FA394B28001978AC
:101B780003F08EFA200003F08BFA364803F088FA57
:101B8800354B2800197803F083FA200003F080FA17
:101B9800324803F07DFA324B2800197803F078FABE
:101BA800200003F075FA2F4803F072FA2E4B280034
:101BB800197803F06DFA200003F06AFA8FE7012123
:101BC800194B1878FFF7E6FB89E70121164B1878BF
:101BD800FFF740FC83E7144B0A211878F2E7124B11
:101BE8000A211878F4E71E22144B20481A70164B65
:101BF80014321A70164B283A1A70174B0A321A7098
:101C0800174B0C3A1A70184B20321A70D4E7184840
:101C180058E7C046300F00201F880008EC850008F0
:101C28001386000821880008310F0020B0880008BA
:101C38002588000833880008FE820008000C002070
:101C48003A87000845880008010C002057880008DA
:101C5800020C002066880008030C00207788000822
:101C6800060C00208C880008070C0020A3880008B8
:101C7800B688000810B5184B1A78D3070CD5174B3F
:101C88001878052343439B087F20834203D87E3876
:101C9800002B00D0D8B210BD930705D50F4B18788C
:101CA800052343435B08EFE70523520703D50B4A97
:101CB80010784343E8E70A4A1278002AEAD009492B
:101CC8000648097800788A42F3D250435843FEF711
:101CD80079FB83B2D8E7C0463C0F0020020C0020F5
:101CE8003D0F0020030C002010B5154B1A78012376
:101CF8001A4207D0134B1B789B080120002B0ED0EB
:101D0800D8B20CE0910703D50E4B1B785B08F4E7BB
:101D1800520705D50B4B1B787F208342EDD910BDA8
:101D2800094A1278002AEBD0084B1978054B187825
:101D38008A4201D383B2EFE75043FEF743FBF9E74A
:101D48003C0F0020060C00203E0F0020070C00204E
:101D580010B5F02805D1FFF78DFF4042274BD8700A
:101D680010BDF12802D1FFF785FFF7E7F22805D16A
:101D7800FFF780FF4042214B9870F1E7F32802D12A
:101D8800FFF778FFF7E7F92804D1FFF7ADFF1B4B02
:101D98001871E5E7FA2803D1FFF7A6FF4042F6E7F6
:101DA800FB2805D1FFF7A0FF4042144B5871D7E735
:101DB800FC2802D1FFF798FFF7E703000C33DBB2EA
:101DC800042B07D80123F43883400C4A51780B437D
:101DD8005370C5E7FD2805D10123094A11780B4343
:101DE8001370BDE7FE2803D1054A02231178F6E7F0
:101DF800FF28B5D1024A04231178F0E7360F0020F6
:101E08003C0F0020022210B5364B9A56F0280AD112
:101E1800D9787F290DD90021D9708A420BD10021A8
:101E2800314A117007E0F1280ED1032159560029D3
:101E3800F1DC002A0ED01A795B7913435AB2002BD1
:101E480001D12A4B1A7010BDF22808D1002AF0DA05
:101E580000229A7003229A56002AECD1DFE7F32871
:101E680002D1002AF4DCE4E704215956F92804D108
:101E78000029DEDD00211971DBE7FA2802D10029EB
:101E8800D7DAF7E705215956FB2804D10029D0DA1B
:101E980000215971CDE7FC2802D10029F8DCC8E7F8
:101EA80001000C31C9B2042907D80121F438814056
:101EB8000800597881435970BBE7FD2805D10124F2
:101EC8000B480178A1430170B3E7FE2803D1084805
:101ED80002240178F6E7FF28ABD1054804240178ED
:101EE800F0E7C046360F00203D0F00203E0F0020CF
:101EF8003C0F00202A4B70B51B782A4C1B073CD599
:101F0800294803F0C5F86178284803F0C1F8284843
:101F180003F0BEF80221274D6156280003F0B8F8F7
:101F2800254E300003F0B4F803212800615603F071
:101F3800AFF8300003F0ACF804212800615603F034
:101F4800A7F8300003F0A4F805212800615603F033
:101F58009FF81A4803F09CF8194B1A4D1978280075
:101F680003F096F8184803F093F8184B28001978EE
:101F780003F08EF8164803F08BF802F03FFDA378C3
:101F8800E278134301D0134B188023796279134305
:101F980001D0114B1880200001F06AF970BDC046CD
:101FA80038100020360F0020C3880008A7800008DA
:101FB800E6880008E888000831860008EB880008F1
:101FC8003D0F0020FE820008EE8800083C0F00202C
:101FD800FF860008320F0020340F0020F0B55E4B5A
:101FE80085B01A78022702925A78032603920522AE
:101FF80004259A569E57DF575D57019200229A7022
:10200800DA701A715A713B00334393420BD0534B29
:10201800188802F0F8FC52490B78002B28D0514A56
:10202800127890422DDC019B2B430BD04E4B188825
:1020380002F0E9FC4D490B78002B51D04C4A12783C
:10204800904256DC444CE278A37813432279134338
:102058006279134301D0FFF74DFF029BA7702370ED
:10206800039BE6706370019B2571637105B0F0BD39
:10207800404A14780A2262439042D4DD01330B703F
:1020880001E0FF2BFAD1344C002F07D0FFF7F2FD07
:102098000123002F00DCFE334343A370002E07D03A
:1020A800FFF7E8FD0123002E00DCFE334343E37015
:1020B800022161560029B6D0032020560028B2D04C
:1020C800B5235943091206D0A1704343224A1B1273
:1020D80004D0D370A7E70122A270F6E70123F8E73E
:1020E800254A14780A2262439042ABDD01330B7013
:1020F80001E0FF2BFAD1184C002D07D0FFF7F4FDB3
:102108000123002D00DCFE3343432371019B002B88
:1021180008D0FFF7E9FD019A0123002A00DCFE330D
:102128004343637104216156002900D18AE70520E1
:102138002056002800D185E7B5235943091206D057
:1021480021714343044A1B1204D053717AE70122D8
:102158002271F6E70123F8E7360F0020320F00203E
:102168003D0F0020010C0020340F00203E0F0020FE
:10217800050C0020000C0020040C0020062210B5DD
:1021880000210548FEF79CFB0023044A1370044A0B
:102198001370044A137010BD360F00203D0F002045
:1021A8003E0F00203C0F002010B500F043F9014815
:1021B80010BDC046FF0F000010B5064800F0F6F845
:1021C800054800F0F3F8054800F0F0F8044800F07E
:1021D800EDF810BD00E0010800E8010800F0010872
:1021E80000F801088023F7B55B010D00984201D380
:1021F8000020FEBD194A43009F1801933A88184BE6
:1022080084129A4205D1380089B200F0EFF880B202
:10221800EFE78022114B134EE402E418210030004E
:102228001201FEF7F9FA3B789D42E1D00E48019B76
:10223800802703402000F55400F0B8F800253F013E
:10224800735D0A4919434B1C03D089B2601900F029
:10225800CDF80235BD42F3D1D9E7C04600E0010808
:10226800FFFF000080130020FE07000000FFFFFFB3
:10227800034B80B24000C0180078C0B27047C04617
:1022880000E0010810B580B2FFF7ACFF10BD0000F8
:10229800064983B25B005B1801301A7883B25B0091
:1022A8005B181878000210437047C04600E0010828
:1022B80070B50D0084B22000C9B20134FFF792FF57
:1022C800290AA0B2FFF78EFF70BD10B5FFF7F0FF27
:1022D80010BD0000F7B51A4D80B243005B191B789A
:1022E800471C861CBFB2B6B2019372007B005B1913
:1022F80052191B7812780C0094462900C51CADB2FF
:102308006A00521861461B0209040B4312780199AE
:1023180012060B431343A34210D0E1B2FFF762FF4A
:10232800210AC9B23800FFF75DFF210CC9B230009D
:10233800FFF758FF2800210EFFF754FFF7BDC046EE
:1023480000E001080122094B1000D96811420CD1A4
:10235800D9689018490708D4D9688018C90604D4E0
:10236800D86802400520801AC0B270470020024099
:1023780037B50400FF25FFF7E5FF012811D1002C30
:1023880001D105303EBD002301930195019B002B2F
:1023980003D1FFF7D7FF013CEFE7019B013B019316
:1023A800F4E7002CEED10620ECE7000070B506003B
:1023B8000C48FFF7DDFF052813D102250A4C094810
:1023C80023692B43236140236661226913432361F8
:1023D800FFF7CEFF062802D02369AB4323613423DD
:1023E800E36070BDFF0F000000200240F8B5F8233D
:1023F8001B06C2180D4B05000E0007209A4214D880
:102408001830FFF7B5FF05280FD10127084C1A30FF
:1024180023693B4323612E80FFF7AAFF062802D0D9
:102428002369BB4323613423E360F8BDFEFF070043
:1024380000200240024B034A5A60034A5A60704720
:102448000020024023016745AB89EFCD10B5062077
:10245800FFF70EFF10BD10B501000620FFF712FFB1
:1024680010BD000010B5024B1878FFF7F4FF10BD3F
:10247800801B00200423054A10B510780340312042
:1024880018431070FFF7E7FF10BDC046801B0020FF
:10249800014B1878C0087047801B00200220094BA8
:1024A80010B51A7802420CD110431870FFF7D3FF09
:1024B800054B1B78DB0702D5044802F0E9FD00F064
:1024C80027FA10BD801B002038100020F088000873
:1024D800094B10B5187882070DD502229043187061
:1024E800FFF7B9FF054B1B78DB0702D5044802F05C
:1024F800CFFD00F037FA10BD801B002038100020F7
:102508000C8900080A4B10B51C780A4BA4071B78E5
:10251800E40FDB0703D52100074802F0B9FD002CC2
:1025280002D0FFF7D5FF10BDFFF7B8FFFBE7C046A5
:10253800801B00203810002029890008024B1878D9
:102548008007C00F7047C046801B0020014B1878D9
:102558007047C046080C002010B502F067F8002844
:1025680003D102F0F3F8FFF785FFFFF76FFF094B80
:102578001870372804D907221040293210431870E0
:102588001B78012218001040134200D0D80800F030
:1025980089F910BD801B002070B5104C2378DA082B
:1025A8002F2B07D81F2101320A401839D2000B40BF
:1025B800134323700125207828432070FFF74BFF31
:1025C800074B1B782B4204D021780648C90802F033
:1025D8005FFD2078C00800F065F970BD801B002001
:1025E800381000204989000810B5114C07222378BB
:1025F800190091430DD0083BDBB2190091430A0042
:1026080001218B43501E8241180010432070FFF7B0
:1026180022FF084B1B78DB0704D521780648C90838
:1026280002F036FD2078C00800F03CF910BDC04625
:10263800801B00203810002061890008012310B594
:102648000C4C22781A4213D113432370012B01D169
:10265800083323702078FFF7FEFE074B1B78DB0753
:1026680002D5064802F014FD2078C00800F01AF9D7
:1026780010BDC046801B0020381000207989000852
:102688000A4B10B51878C2070ED50124A04318705C
:10269800FFF7E1FE064B1B78234202D0054802F003
:1026A800F7FC002000F0FEF810BDC046801B00209B
:1026B800381000208B8900080A4B10B51C780A4B8B
:1026C800E4071B78E40FDB0703D52100074802F075
:1026D800DFFC002C02D0FFF7D3FF10BDFFF7AEFFE1
:1026E800FBE7C046801B0020381000209E890008A8
:1026F8001F2170B5144C2378DA0801320A401839C2
:10270800062A1FD8D2000B401343237023780722D0
:102718001900012591430A00AB43501E824118005D
:1027280010432070FFF797FE084B1B782B4204D00C
:1027380021780748C90802F0ABFC2078C00800F0EF
:10274800B1F870BD0B40E0E7801B00203810002076
:10275800B489000810B5031C062800D906230722EF
:102768000949D8B20B78C40013402343DBB21C00DC
:1027780094432200541EA2410124A34313430B7027
:1027880000F090F810BDC046801B002010B5FFF780
:10279800E1FF024B1878FFF75EFE10BD801B00209A
:1027A80010B58B78002B20D0114A8018062809D83C
:1027B800FDF76AFD040A0C0F121518000620FFF732
:1027C800E5FF0023180010BD0020F8E7FFF70CFF15
:1027D800F7E7FFF7E1FEF4E7FFF76EFFF1E7FFF732
:1027E80087FFEEE7FFF78EFEEBE70123EAE7C04637
:1027F80045A3FFFF70B50400FFF7A8FE0500224EB1
:10280800290230886D000130FDF7C2FE88B23080A1
:10281800A9B2FDF74DFD7F2318401C4B0621185C1B
:102828000002FDF745FD85B2FFF732FE6843184BFD
:1028380080B2984215D80921FDF73AFD83B272B6E5
:102848000122E1680A43E260124A1349906858433A
:10285800FDF72EFD00210200200004F0EDFD62B618
:1028680070BD0E4B0E49C0180002FDF721FD030094
:1028780080224343434352021B0A934201D09BB236
:10288800DDE7054BDBE7C046400F0020C88900089C
:102898007B140000081D0020FFFF0000F628000040
:1028A800F528010010B50100144C062805D80028A9
:1028B80004D1200003F0B8FE10BD06210804401A18
:1028C8000621FDF7F5FC0E4B0E49C0180002FDF776
:1028D800EFFC0300434358438023000A5B029842FD
:1028E80000D10948A36808495843FDF7E1FC0021D5
:1028F8000200200003F08DFEDEE7C046081D002020
:10290800F6280000F5280100FFFF000070470000CE
:1029180010B5034B034A04489A6003F090FE10BDBB
:102928000C0C0020FD270008081D0020902010B581
:1029380082224021C00504F036FB012307490848DC
:10294800CB6003F058FEFFF7A3FDFFF7ABFFFFF7DF
:10295800F5FD002801D0FFF7DBFF10BD0C0C0020AF
:10296800081D0020002210B5044B05489A6003F0AA
:102978006CFEFFF78DFDFFF795FF10BD0C0C0020D6
:10298800081D002010B52320FFF772FC212801D074
:10299800002010BD2420FFF76BFC0728F8D11E305B
:1029A800FFF766FC133843425841F2E710B521217E
:1029B800041E00D1DE312320FFF764FC0721002C20
:1029C80000D1F8312420FFF75DFC1321002C00D141
:1029D800EC312520FFF756FC10BD10B50020FFF79D
:1029E800E5FF01F019FE10BD704710B52620FFF76E
:1029F8003FFC10BD10B5C1B22620FFF743FC10BD47
:102A080010B5FFF7F1FFFFF7BDFF002808D1FFF76A
:102A1800F1FF00F045F900F0DFF90120FFF7C6FFEC
:102A280010BD000010B58C78002C1ED0174BC318B1
:102A38000F2B22D81238C0B200F0DCF90024200095
:102A480010BD012001F0C4FB032202210120FEF782
:102A580019F8F3E7012001F0C7FB03220221012046
:102A6800FEF710F8EBE70220F5E7094B9842F1D0A2
:102A7800084B9842F7D00124E1E7054B9842E0D093
:102A8800044B9842DBD10220DCE7C046EEA0FFFFF2
:102A9800105F0000115F0000FF230370704710B53E
:102AA80003780400092B02D00A2B09D010BDFFF7C8
:102AB800EFFCFF2306215843FDF784FC6070F5E71F
:102AC800FFF73CFDFAE710B50378092B02D00A2B73
:102AD8000AD010BD43780620FF215843FDF772FC49
:102AE800C0B2FFF737FEF4E74378002B02D1FFF7B7
:102AF800EFFCEEE7FFF7D2FCEBE7F8B50400431C68
:102B080000780D000138122800D9A0E0FDF7BCFBC1
:102B18000A133C4D535D6064689F9F6B6F757E8799
:102B28008A8D9600002363700933A3702900200062
:102B380002F028FEF8BD6378022B0DD0032B0ED0CF
:102B4800012B1CD101F03CFF030EA370030CE370B2
:102B5800030A23716071E9E7FFF747FFF4E70026EE
:102B6800A71C3000FEF7FAFA0136030C3B70F6B2E8
:102B7800030A7B70B8700337062EF2D1D6E7290016
:102B88002000FFF789FFD1E76378022BF7D1E378BC
:102B9800A0781B02034320790004034360790006F0
:102BA800184300BAFFF726FFC0E7E278A1786078FB
:102BB80000F05BF8CCE72279637912021343A1781D
:102BC800E278607800F05FF8B0E700F069F8ADE708
:102BD8001800FFF778FFA9E71800FFF760FFA5E7DF
:102BE800FFF740FCA2E700F0BBF860709EE700F03A
:102BF800B9F8030A6370A07098E76378A0781B029D
:102C0800E178221D184300F0B1F88FE76378A078C7
:102C18001B02E178221D184300F0C4F886E700F093
:102C2800DBF883E700F016F8DFE76378A0781B028B
:102C3800E178221D184300F055F877E76378A0780B
:102C48001B02E178221D184300F064F86EE7FF23A9
:102C580023706BE70320704726234B4352009B18D1
:102C6800E422504318182730704770B5FFF7F4FF77
:102C78000500FFF7FDFA0402681CFFF7F9FAA4B291
:102C8800204380B270BD70B51D00FFF7E5FF04005A
:102C9800290AFFF7F7FAE9B2601CFFF7F3FA70BDEB
:102CA800F7B5002637000E4B0025F318019310E006
:102CB800019A6300D35AE9B2E2B2F8B20134FFF7DD
:102CC800E2FF132CF4D1019B013526330193062D25
:102CD80001D00024ECE70137E436032FE3D1F7BD38
:102CE800D27C0008F8B52730AB2714000500561829
:102CF800BF00B44200D1F8BD2B00273BBB4206DA27
:102D08002800FFF7B5FA207001350134F1E70023F8
:102D18002370F9E7F8B52730AB27140005005618DB
:102D2800BF00B44200D1F8BD2B00273BBB4203DAF9
:102D380028002178FFF7A6FA01340135F1E707B535
:102D480001AA030011800020022B08D85178052918
:102D580005D81278122A02D81800FFF786FF0EBD90
:102D6800102070472E20FF3070470000F8B59627D6
:102D780014000A4B5618C5187F00B44200D1F8BD9C
:102D8800074BEB18BB4206DC2800FFF771FA2070EE
:102D980001350134F1E700232370F9E7D30200007D
:102DA8002DFDFFFFF8B596271400094B5618C518D6
:102DB8007F00B44200D1F8BD064BEB18BB4203DCE0
:102DC80028002178FFF75EFA01340135F1E7C046A3
:102DD800D30200002DFDFFFF70B58025044CED00E7
:102DE800200000210134FFF74DFAAC42F8D170BD44
:102DF800D3020000F7B505000F2821D81948FFF7BE
:102E080037FA00281CD18026174CF600002D18D15F
:102E1800012701952000FFF72BFA002301AD661C5E
:102E280028706B7098420BD0431E022B14D8687020
:102E380030002F70FFF71CFA0234A87000280CD15C
:102E4800F7BDB442FCD02000FFF712FA002801D1E8
:102E5800013DEDB20134D9E734002800FDF734FF15
:102E6800D8E7C046FF030000D3020000F8B51400FD
:102E780082781D0006AB1F78274B002A11D01C70E2
:102E880001F0BCFD254B188023002033DBB2072B53
:102E980006D8072201201440A040C0B200F0F9FB78
:102EA800F8BD1E78A6422DD11C4B188801F0ABFD49
:102EB800C72827D82C002034AE4215D03300203341
:102EC800DBB2072B06D8072301201E40B040C0B252
:102ED80000F0E7FBE3B2072B06D8072301202B40BD
:102EE8009840C0B200F0D5FB3800E4B200F0C9FB4E
:102EF800072CD5D8072301201D40A840C0B200F0F8
:102F0800D0FBCDE723002033DBB2072BC8D807223C
:102F180001201440A040F1E7420F0020440F002098
:102F2800264B13B50C0098420BD8254B98420FD866
:102F3800244B98421AD0244B984237D0234B9842BE
:102F48000ED0A078002836D00022214B1A701AE043
:102F5800204BC01802280DD8FDF796F9161C220040
:102F680026230093BB331A00010008E027230093AF
:102F7800BE33F8E72623E02217490093BB3320002D
:102F8800FFF774FF002016BD2723E422009313499E
:102F9800BE33F4E72623E22200931149BB33EEE760
:102FA8002723E62200930549BE33E8E72823E522D4
:102FB8000093273BD8E70120E5E7C046F65C000010
:102FC800F25C0000D85C0000D95C0000D75C00000F
:102FD800420F00200CA3FFFFF35C0000F45C00002C
:102FE800F55C000070B505008878002800D1B9E0CC
:102FF8005D4EB54212D85D4B9D4213D901F02CFBB2
:103008005B4C2080B5421ED8584B9D420BD8208877
:1030180001F02EFB00F072FD002003E0554BEB1889
:10302800082BEBD970BD544BE818122819D8FDF7B6
:103038002BF91D20232E3134373D45494C4F595C1F
:103048005F6268896E004B4BE81883B2082BDED8A4
:103058000828DCD8FDF718F913183F432E58698063
:1030680084000123227813432370D0E702232278B7
:10307800F9E704232278F6E708232278F3E7012307
:10308800627813436370C2E702236278F9E710237A
:103098002278E8E720232278E5E740232278E2E750
:1030A80000F02CFD802322785B42DCE70C23227899
:1030B8009A43D8E7032362789A43E2E70122237808
:1030C8009343D1E702222378FAE704222378F7E72B
:1030D80008222378F4E7012263789343D2E7022297
:1030E8006378FAE710222378EAE720222378E7E7D3
:1030F80040222378E4E700F001FD7F222378134083
:10310800B2E70C222378DBE703226378E5E70121A5
:10311800042023785A07D20F4A400A40910083437B
:103128000B430821D2008B439DE701216378DA071E
:10313800D20F4A400A408B43134351000222934363
:103148000B439FE700F0DAFC01222378D9094A40B3
:103158007F21D2010B4086E7012001F0FBFA56E7F8
:103168000020FAE701205DE7155C0000015C000023
:103178004C13002006A3FFFFFDA3FFFF124A10B562
:1031880001230C00904215D101F068F9A1780300E1
:103198000E4A002910D0AA2003401900481E814178
:1031A80035201170002B00D10C3801F0E9F801F03E
:1031B800C7F90023180010BD13783520002B00D163
:1031C8000C3801F0E7F8F2E7165C0000460F002023
:1031D800014B18607047C046480F0020034B10B5DC
:1031E8001B68181E01D01B68984710BD480F0020A7
:1031F800F8B5184B04001B68002B2AD0164A127821
:10320800002A07D0154A12787F2A03D9027842701B
:10321800052202705B6820009847114D2B785A07E9
:1032280017D5DB0702D50F4801F032FF260001272A
:1032380008362B783B4203D021780B4801F028FF51
:103248000134B442F5D12B78DB0702D5074801F0E9
:103258001FFFF8BD480F0020F00E00204C1300207F
:1032680038100020488A00085A8A00083A8700085F
:10327800044B10B51B68002B03D0022202709B6818
:10328800984710BD480F0020064B10B51A88824297
:1032980006D01880044B1B68002B01D0DB689847C8
:1032A80010BDC0464E0F0020480F0020064B10B539
:1032B8001A88824206D01880044B1B68002B01D064
:1032C8001B69984710BDC0464C0F0020480F0020CE
:1032D80010B501F075FB024B1860024B186010BD69
:1032E800500F0020540F002070477047704710B5EA
:1032F800FFF7FCFF10BD000010B5054801F0DCFE2B
:10330800FEF752FFFFF7F0FFFDF72EFB10BDC0469A
:10331800415700080120704710B5FFF7FBFF10BDAB
:103328007047704710B5FFF7FBFFFFF7FAFF10BDB6
:1033380010B501F041FBFDF763FFFFF761FBFFF7F5
:103348000BF9FFF7D4FF10BD70B50E4E04003378AB
:103358005A0712D501252B420FD00B4801F098FED1
:1033680033782B4209D02100084801F091FE3378C8
:103378002B4202D0064801F08BFE2000FDF7DDFC51
:1033880070BDC04638100020608A0008A780000879
:103398003A870008F0B585B0FDF770FF002801D026
:1033A800FFF796FF0025EBB2E8B20193FDF7D6FED2
:1033B8002D4BAF00FC580090844240D002222B4B8A
:1033C8001B78134201D0FDF7CFFE009B0126634016
:1033D80000241E422ED0FFF79FFF002813D000982C
:1033E800019A02AB30405A701C70431E984102ABE0
:1033F800987001F003FB012302AA0343938002980B
:10340800039900F037F8184BDB595E400093164BD0
:10341800DE51FFF77BFAFEF7E1FDFFF7DFFE144C04
:103428002378834204D0FFF7D9FE2070FFF78CFF82
:1034380005B0F0BD0134E4B27600132CC9D10135D2
:10344800062DB0D1012302AA5B421380002393709A
:1034580001F0D4FA012302AA034393800298039946
:1034680000F008F8D5E7C0465C0F002038100020AF
:10347800580F00201FB5030CDBB200900191002B00
:1034880001D001F017F80E2200216A441180009A39
:1034980002AB02926A4692889A800098039900F0DB
:1034A8007FFD05B000BD10B5008800F03DFF10BDE0
:1034B80010B5041E13D0822812D1FFF78FFE8307A0
:1034C8000DD4392000F05CFF01F03AF8FA208000B2
:1034D80002F0EFFD392000F05DFF01F031F810BD7A
:1034E80083280ED1FFF77AFEC307F8D4532000F0E3
:1034F80047FF01F025F8FA20800002F0DAFD53209A
:10350800E9E784280ED1FFF769FE4307E7D447208F
:1035180000F036FF01F014F8FA20800002F0C9FD2F
:103528004720D8E7031FDBB2A02B13D8FEF772FAA7
:103538000028D4D11C4B2100186801F02FF900286D
:1035480004D0200000F026FF00F0FAFF200000F071
:1035580017FFC2E703002033DBB2072B07D8072089
:1035680004400638A040C0B200F07EFFB5E7030073
:103578005B33DBB2022B04D8243880B2FFF784FE19
:10358800ADE703005833DBB2162B05D8074A5B00BA
:10359800985AFFF78BFEA2E7EF28A0D9FEF7D8FBD1
:1035A800FEF7A8FC9BE7C046400C0020748A000880
:1035B80010B500280FD082280ED1FFF70FFE830721
:1035C80009D5392000F0DCFE00F0BAFF392000F000
:1035D800E1FE00F0B5FF10BD83280AD1FFF7FEFD1C
:1035E800C307F8D5532000F0CBFE00F0A9FF532005
:1035F800EDE784280AD1FFF7F1FD4307EBD5472013
:1036080000F0BEFE00F09CFF4720E0E7031FDBB29E
:10361800A02BDCD903002033DBB2072B07D8072304
:10362800034001209840C0B200F026FFD1E7030014
:103638005B33DBB2022B03D80020FFF725FECAE775
:1036480003005833DBB2162B03D80020FFF72EFEF9
:10365800C1E7EF28BFD9FEF7D5FBFEF74BFCBAE769
:1036680070B505000C00FFF723FF002C03D12800DC
:10367800FFF79EFF70BD0A20013C02F01AFDA4B2BC
:10368800F3E7502110B5392800D00021FFF7E8FFF3
:1036980010BD10B5002803D000F0E6FE00F050FF82
:1036A80010BD10B5002803D000F0E6FE00F048FF7A
:1036B80010BDF0B585B086790C1C8578019000F0B6
:1036C8008BFE2304360902900393002818D0029534
:1036D800002D15D00F2223041B0E9343402B06D038
:1036E800230000222033DBB20292072B08D90220E4
:1036F80000F076FF00F070FE01234340DBB2029336
:1037080023041B0F18000393FCF7C8FD10001000DA
:1037180065006500B500C90041004100D4002B01D7
:103728003C013C01970141004100A0010F22230404
:1037380026051B0E360F934300D03601E4B2002D48
:1037480014D0002E0BD023002033DBB23000072B1F
:1037580001D9002C07D100F087FE00F0F1FE20000F
:10376800FFF7A6FE13E000F095FEF6E72000FFF74E
:103778001FFF002E0BD023002033DBB23000072BB5
:1037880001D9002C24D100F077FE00F0D9FE039B6C
:10379800083B032B03D8FFF721FDFDF7CEFA029B68
:1037A800002B13D000F010FE012302001A4018422B
:1037B8000CD1019B9A7000F0FFFD00F009FD019803
:1037C80000F05CF900F0F8FD00F00EFD05B0F0BD6A
:1037D80000F068FED9E70F22230427051B0E3F0FD0
:1037E8009343202B00D03F01E4B2002C0ED0012CD3
:1037F8002BD0002D32D0002E2BD0019B9B79DA07DD
:10380800ADD50F221340019A937122E0002D11D0FB
:10381800002E06D100F06AFE3843C0B2FFF739FF28
:10382800B5E7012EF6D100F061FE3843C0B200F0D2
:1038380069FEACE7002E05D100F076FE3800FFF7F0
:1038480030FFA4E7012EA2D0F6E7002D03D0052E05
:103858009DD83800E2E7042E99D8EFE7002EEDD086
:103868000120392C01D1C820800002F022FC200060
:10387800FFF79EFE8BE723059B0F09D0012B00D095
:1038880085E7281E01D0A005800DFFF70FFD7EE714
:10389800281E01D0A005800DFFF7F6FC77E7E0B2FF
:1038A800002D04D0FEF754FAFEF724FB6FE7FEF76D
:1038B800A9FAF9E723049B019B0F23D1002D00D01F
:1038C80065E723065B0F9B002007DBB2000F9840DB
:1038D800E20602D50F359D40ED432405A40F284389
:1038E800022C09D0032C0AD0012C02D000F040FC95
:1038F8004DE700F033FC4AE700F044FC47E700F0EE
:1039080028FC44E7A205920F0123D1B2002D1CD058
:103918001340002B00D13AE72206520F92002007ED
:10392800D2B2000F90400023E10602D50F33934036
:10393800DB432405A40F1843022C0CD0032C0DD014
:10394800012C05D000F072FC21E749080B40E0E7A4
:1039580000F062FC1BE700F073FC18E700F022FCA3
:1039680015E7E6B22405240F002D04D0200000F04E
:103978002FFC300052E73000FFF793FE200000F0E4
:1039880033FC04E7E7B23800F03804283ED8FCF7E7
:103998007BFC0311181D2700002D07D0042E00D929
:1039A800F5E6E004C00E00F02BFCF0E6052E00D989
:1039B800EDE6F6E7E004C00E002DE0D000F008FCCC
:1039C800E5E6E004C00E002DF8D0D8E7002D04D0BD
:1039D800E004C00E00F0F5FBD9E600F0EDFBD6E6FA
:1039E800002D09D0E404E40E200000F0F1FB0321CF
:1039F800200000F0D1FDCAE6012000F0F1FD012E03
:103A080000D8C4E6022000F0EBFDC0E6002D06D089
:103A1800002E01D03800A3E6E004C00ECEE7002E49
:103A280008D00120392F01D1C820800002F041FBC5
:103A380038001DE7E004C00EA1E72205120FE1B22D
:103A48000198FDF782F900F01BFBA0E6220501981A
:103A5800120FE1B2FDF77BF999E670B504008078A2
:103A6800218800F06BFC051C00F0F4FB00F070FBF3
:103A7800291C2000FFF71DFE70BD000073B5868865
:103A880001AD0400010002222800FCF7C5FE002E4B
:103A980012D02A880C4B9A420ED02000FDF71CF851
:103AA80000280AD100F098FC002805D0A378002B44
:103AB80002D0022000F094FD73BD2000FFF7CDFF77
:103AC8002000FCF7C2FFF7E7FFFF000010B5002059
:103AD800FFF7DAFB0020FFF7E9FB00F0EBFC00F052
:103AE800FFFC00F02DFDFEF749FBFEF703FA10BDC1
:103AF80010B500F059FCFFF7E9FF10BD10B500F054
:103B0800C3FCFFF7F5FF10BD031CC2B21804000F79
:103B1800023800B50D2821D8FCF7B6FB070720208E
:103B28001620202007071D20201D0120F02A05D07F
:103B380005D80020E72393424041C0B200BDF43AC3
:103B4800100043425841F8E70120E72AF6D9F13A34
:103B580050425041F1E71805C00FEFE70020EDE7AC
:103B680007B501AB1880019800F0DEFBFFF7CCFF2A
:103B78000EBD82B002B0704782B002B0704700003C
:103B880070B507250B4B1C780B4B1B78A34200D153
:103B980070BD0A4BE200D15A9B1858889A880004D5
:103BA8000843D988013409041143FFF7E5FF2C4085
:103BB800EAE7C046BF0F0020BE0F00207E0F00209E
:103BC800064B10B558881A88D988000410439A887B
:103BD80009041143FFF7D0FF10BDC046760F00203F
:103BE800F7B50F221E488379934334D18378002B8D
:103BF80031D01C4B01A91B781B4A12789A422AD053
:103C0800028884880A80002C26D0184D92B2AA42D5
:103C180022D04778164DBC46DE00AA195778BC4515
:103C28001AD10778755DAF4216D19578002D13D15A
:103C380095882C1BA4B2C72C0ED80F241021837989
:103C480023400B4383719379234019439171FFF704
:103C580015FFFFF795FFF7BD072201331340CBE7A8
:103C6800760F0020BF0F0020BE0F0020FFFF0000CE
:103C78007E0F0020F0B504008BB00100062206A8D4
:103C8800FCF7CAFDA178C14E0191A1883088029144
:103C9800B18803908C4608A908806046237862782A
:103CA800002800D1CBE00888B94DA84200D1C6E071
:103CB800B578002D00D1C2E0B1790F200F00049132
:103CC800614687430298401A80B2C72800D98AE023
:103CD800002F49D10199059106A90B704A700888EF
:103CE8000399884212D10199002900D017E10F23C6
:103CF8000499194001331943B171FFF761FF30008E
:103D0800FFF7BCFEB379A37100253CE102990029B5
:103D180000D008E1019B002BF6D001239B4A917942
:103D28000B439371F0E79B48CF00C6197078904217
:103D380006D198483F5C9F4202D1B678002EE3D165
:103D4800072001310140FFE0000E014202D0002BA4
:103D580000D117E12033DBB2072B00D812E1200095
:103D6800FFF78CFE05950DE106A90B704A700888CF
:103D7800039988420FD1019900290CD1049B200096
:103D8800A371FFF77BFE082221003000FCF744FDF9
:103D9800FFF716FFF7E006A90B704A700698FFF7C1
:103DA800DFFE00281BD0019B002B18D0774A93799F
:103DB8001F2B09D9128808A8028000228270029A53
:103DC80083718280FFF75AFE082221006F48FCF7B2
:103DD80023FDFFF705FFFFF7F3FE0125D3E02000E1
:103DE800FFF74CFEF9E706A9002F14D101980B70D4
:103DF800887002984A70888007990698FFF7B9FE7C
:103E08003000FFF73BFE082239003000FCF758FD70
:103E1800FFF7D6FE78E70B704A7008880399884246
:103E2800B9D101990029B6D1049B2000A371FFF7ED
:103E380025FE082230000199FCF742FDA3E0654603
:103E4800524F38880880002D51D0514985B28D4293
:103E58004DD0BD78002D4AD166460299891B89B29A
:103E6800C72933D8019D002DB9D006A90B704A7017
:103E78000B8883421DD1BA79D30714D40F211300BC
:103E88008B4310D0A271F02B06D0D3B21A0901329D
:103E980012010B401343A3712000FFF7EFFD082226
:103EA8002100380072E7082221003800FCF7B4FC32
:103EB80069E00698FFF754FE002885D10123BA79F6
:103EC80020001343BB71FFF7D9FD5CE0019806A9F8
:103ED800887002980B704A70888006980799FFF7D7
:103EE80048FE082229003800FCF7EAFC50E701994F
:103EF800002900D173E706A90B704A700698FFF7EE
:103F08002FFE051E00D16AE7082221003000FCF7C9
:103F180083FC3000FFF7C7FAFFF762FE38E7029923
:103F2800002900D1F9E608A90B704A7009881848D9
:103F3800814200D1EEE60199002900D0EDE616484D
:103F480016490078097801900198814200D0EAE684
:103F580006A90B704A70069800F0E6F9C3B200048F
:103F68000F21020F012A00D8EEE60E320A40012A7C
:103F780000D9F4E6000E014200D1EBE6A2798A43AB
:103F880000D0E7E6059D28000BB0F0BD760F0020B5
:103F9800FFFF00007E0F0020BE0F0020BF0F002093
:103FA800F0B587B06C46009020006160FFF762FEB4
:103FB80004A9051E0DD02288A3880A80002B06D0EC
:103FC8002A4B92B29A4202D003CCFFF7D5FD0726BE
:103FD80044E00B00220041CA41C30888A38803AA11
:103FE8001080002BF3D0224F224E3C783078A44624
:103FF80014881E4A9442EAD00722441C144064459F
:104008000AD08B801C4BC00018180132FCF704FC46
:104018003470FFF7B5FDDAE7FFF770FD08222900D5
:10402800164835703D70FCF74BFCD0E7124CC000C9
:104038002018FFF71FFE002816D02B78DB001A5B2C
:10404800E4186088E188A388000409041943104330
:10405800FFF792FD2B78013333402B70044D054B4D
:1040680028781B788342E1D107B0F0BDFFFF00003C
:10407800BF0F0020BE0F00207E0F0020760F00200B
:10408800F8B5031E0BD00026072718785C1C742887
:104098003DD00BD802282CD002D8012812D0F8BD68
:1040A800031F6F2BFBD8FFF703FA19E0752838D0E8
:1040B80003007C33DBB26F2BF1D87F231840FFF766
:1040C80077FA0DE09C1C5B781A002032D2B2072ADE
:1040D8000DD83B409840C0B200F0F2F900F030FA39
:1040E8003500013DEDB2FF2D1ED12300CDE71800AC
:1040F800D9E758789C1C03002033DBB2072BDED8A5
:10410800012338408340D8B200F0E2F9E6E75D7851
:104118009C1C013DEDB2FF2DE2D00A2001F0C9FF41
:10412800F7E75E789C1CDBE70A2001F0C2FFD8E7BE
:10413800704710B5FFF7FCFF10BD000010B5FFF782
:10414800F8FF024B1860FFF7C1FC10BDC00F00203C
:10415800704710B5FFF7F2FF10BD000010B5034B14
:104168001B681843FFF7EAFF10BDC046C00F0020C8
:1041780010B5034B1B681840FFF7E0FF10BDC046A1
:10418800C00F002010B5034B1B685840FFF7D6FF3F
:1041980010BDC046C00F0020704710B5FFF7FCFFE8
:1041A80010BD000010B5FFF7F8FF024B1860FFF7CD
:1041B8008DFC10BDC40F002010B50020FFF7F2FFE2
:1041C80010BD0123834010B51800FFF7EBFF10BDA9
:1041D8000123834010B5034A10681843FFF7E2FF34
:1041E80010BDC046C40F00200123834010B5034A08
:1041F80010689843FFF7D6FF10BDC046C40F0020D3
:104208000123834010B5034A10685840FFF7CAFFDE
:1042180010BDC046C40F002010B5034B1B681843DF
:10422800FFF7C0FF10BDC046C40F002010B5034BF8
:104238001B681840FFF7B6FF10BDC046C40F00202A
:1042480010B5034B1B685840FFF7ACFF10BDC046C4
:10425800C40F00207047000073B501AC021C0304B2
:104268002080132001251B0E584307232E00801899
:10427800C2B21840D3080522864000205A43084B92
:10428800F6B29A180B00C34014782B405B42634087
:10429800334063400130137001320528F2D173BDF9
:1042A800C80F002037B501A9021C03040880132099
:1042B8001B0E58430721801800220524C3B2014071
:1042C80001251000DB085C43054B1C19A35CCB409F
:1042D8002B40934001321843C0B2052AF6D13EBDA7
:1042E800C80F0020F7B51F2401270D4B01AE1A682F
:1042F8000C4B30801B681A430092009BE5B2E340E8
:104308003B4204D1013CF8D200252800FEBD28001C
:104318003168FCF723FD80B20128F3D0F5E7C046E9
:10432800C40F0020C00F002007B501AB188001980A
:10433800FFF7D8FF0199FCF711FD0EBD37B50F4BFC
:1043480001AD1B782980002B03D00198FFF7ECFF03
:104358003EBD00280CD02868FFF7C4FF0400010008
:104368002868FFF779FF20000199FCF7F7FCEFE7D1
:104378002868FFF797FF0400F5E7C046740F002090
:1043880010B5034B0100186800F08AFA10BDC0464A
:10439800400C002010B5034B0100186800F094FA97
:1043A80010BDC046400C002010B5024B186800F044
:1043B8009FFA10BD400C00200020024B1856C01078
:1043C800C0B2704734100020024B187807231840F9
:1043D8007047C04634100020034B18780723184054
:1043E800431E9841C0B27047341000200D4A70B582
:1043F800537804005907C90F814212D001000125E2
:1044080004202940890083430B435370108800F02F
:104418002FF9054B1B782B4203D02100034800F0ED
:1044280037FE70BD4C13002038100020A28A000807
:10443800044B10B5587801234007C00F5840FFF7C8
:10444800D5FF10BD4C13002010B50120FFF7CEFF9B
:1044580010BD10B50020FFF7C9FF10BD014B18783B
:104468007047C04636100020024B1A781043187067
:104478007047C04636100020024A137883431370F1
:104488007047C046361000200022014B1A70704752
:1044980036100020024B1A78104318707047C04637
:1044A80037100020024A1378834313707047C046C0
:1044B800371000200022014B1A7070473710002077
:1044C800024B1A78104318707047C046331000200A
:1044D800024A1378834313707047C0463310002094
:1044E8000022014B1A70704733100020014B1878D6
:1044F8007047C04635100020704710B5FFF7FCFF25
:1045080010BD0000064B10B55B785B0706D4054B61
:104518001A78824202D01870FFF7EFFF10BDC0462C
:104528004C1300203510002010B5044B1A78002ACF
:1045380003D000201870FFF7E0FF10BD35100020F1
:1045480010B50D4B0D4A1B7812780D4C13430D4ACC
:104558002068127813430C4A03701278002A07D097
:104568001343037000F0FCF8002801D0FFF7DCFFCC
:104578002068FEF73DFE10BD3610002037100020E1
:10458800400C00203310002035100020704710B573
:10459800FFF7FCFF10BD00000A4A0B00527810B567
:1045A80052070CD4084CC10019432170FFF710FEC4
:1045B80000202056C010C0B2FFF7E9FF10BDFFF77A
:1045C80007FEFBE74C13002034100020002010B534
:1045D800024B1870FFF7DBFF10BDC04634100020F7
:1045E800002310B50A4AD3561900814348B2107007
:1045F800420702D1DBB2834203D1064B5B785B07EB
:1046080005D5C010C0B2FFF7EFFDFFF7DFFF10BD03
:10461800341000204C13002010B5FDF7CDFD00200C
:104628000149FDF752FE10BDFFFF000010B5002044
:10463800FDF72EFE024BC01843425841C0B210BDD0
:104648001601FFFF10B50220FDF712FE10BD10B5D0
:104658000320FDF70DFE10BD10B50420FDF708FE80
:1046680004002220FDF704FE0002204380B210BDA2
:1046780010B50400C1B20420FDF704FE2220210A6F
:10468800FDF700FE10BD10B501000F20FDF722FE5A
:1046980010BD10B501001320FDF71CFE10BD10B5AC
:1046A8000020FFF7F6FF10BD10B50020FFF7EBFF65
:1046B800FFF7F5FF10BD000010B50024FDF77CFDE5
:1046C80000202049FDF701FE00210220FDF7DAFD58
:1046D80000210320FDF7D6FD1B4B210004201C60A0
:1046E800FDF7D0FD21002220FDF7CCFD210005209B
:1046F800FDF7C8FD21000620FDF7C4FDFF210720B6
:10470800FDF7C0FD21000820FDF7E4FD21000D2084
:10471800FDF7B8FD21001820FDF7DCFD210017206A
:10472800FDF7B0FD21001C20FDF7D4FD210020205D
:10473800FDF7CBFD21001820FDF7CCFDFFF7B4FFF6
:1047480010BDC046EAFE0000C00F002010B5FFF7FC
:10475800B3FF10BD10B501000E20FDF793FD10BD8D
:104768000C4A030011780622002904D00A49097866
:104778007F2900D9183200200233013AD2B2FF2A29
:1047880000D170471978002901D00130C0B2013337
:10479800F3E7C046F00E00204C130020030010B5CC
:1047A800081E15D0114A1278002A12D0104A127821
:1047B8007F2A0ED90020CC08EF2909D807221140FA
:1047C800063A8A401B1998781040431E9841C0B297
:1047D80010BD9A1C08331078884204D001329A42DE
:1047E800F9D10020F4E70120F2E7C046F00E0020DE
:1047F8004C13002001220023F0B55242851CEC5CCA
:104808005EB28C420BD0571C02D1002C00D1320072
:104818000133062BF3D1531C01D080188170F0BDF1
:10482800002210B5831C08301C788C4200D11A7005
:1048380001338342F8D110BD10B5CB08EF2908D851
:10484800C01807231940063B8B40827813438370B6
:1048580010BD044B1B78DB07FAD5034800F018FCA1
:10486800F6E7C04638100020B78A000810B5CB0814
:10487800EF2908D8C0180723012219408A408378F5
:104888009343837010BD044B1B78DB07FAD50348AC
:1048980000F0FEFBF6E7C04638100020D58A000875
:1048A80010B5074B1B78002B06D0064B1B787F2BC7
:1048B80002D9FFF7C1FF10BDFFF79CFFFBE7C04619
:1048C800F00E00204C13002010B5074B1B78002B6E
:1048D80006D0064B1B787F2B02D9FFF7C7FF10BD08
:1048E800FFF79EFFFBE7C046F00E00204C130020A8
:1048F80010B5074B02301B78002B04D0054B1E2245
:104908001B787F2B00D806220021FBF7D9FF10BDAA
:10491800F00E00204C130020704710B5FFF7FCFF85
:1049280010BD10B50020FDF7BDFF0020FCF705FA0B
:10493800FFF7F3FFAA2001F0BCFB10BD70477047DA
:1049480010B5FFF7FBFF0024FCF798FCFFF7F7FF13
:104958002000FCF703FC002804D10134E4B2062C43
:10496800F6D110BD0120FCE7704710B5FFF7FCFF3A
:1049780010BD10B5FFF788FDFFF79CFDFFF714FD8C
:10498800FDF7FCFB0020FEF77FFC0020FEF78EFC05
:10499800FDF7E2FDFEF722FCFCF7CFF9FFF7E5FF94
:1049A80010BD000010B572B601F053FC62B6014BA1
:1049B800186010BD3C10002010B5FFF7F3FF10BDC4
:1049C80010B572B601F045FC62B6FA22084B9200A7
:1049D8001B680021C01A0023FBF700FE0023054ACC
:1049E800801859410023044AFBF7D8FD10BDC04682
:1049F8003C1000200F2700001027000010B5FFF71B
:104A0800DFFF80B210BD10B50400FFF7D9FF001B0F
:104A180080B210BD054B064A1A60BFF34F8F054B95
:104A2800054ADA60BFF34F8FC046FDE7FC3F002020
:104A3800EFBEADDE00ED00E00400FA050A4B0B4ABC
:104A4800043B196810B591420CD100221A6082F318
:104A58001488074B1B6883F3088862B6054B1B68EC
:104A68009847FEE710BDC04600400020EFBEADDE0F
:104A780000C8FF1F04C8FF1F7047F0B591B004932A
:104A880016AB10CB1A9F1B781B9E029003910092C5
:104A98000593002C01D110239E4380233200DB00B4
:104AA8001A4006921E4201D0002C20D06123B20683
:104AB80000D5412300222500DBB20A3B019207936F
:104AC80028001899FBF77AFC079BCAB2D318DBB207
:104AD800092902D813003033DBB2019A0199541C1A
:104AE80008AA8B54189B9D4201D3202C14D1022371
:104AF80032001A4007921E4220D1013B3340002F5A
:104B080008D0002B06D0059A002A02D10C32164292
:104B180000D0013F302205E005000194D0E708A944
:104B2800625401341999A14201D9202CF7D13022BD
:104B3800002B03D0A74201D91F2C1AD9F30651D54F
:104B4800069B002B1AD1002C18D0199BA34201D028
:104B5800BC4213D1631E012C0FD0189A023C102AB4
:104B68000FD01C00189B022B36D11F2C0ED86223A5
:104B78002FE008A962540134DAE71C00189B102BB7
:104B8800F0D1B30622D478231F2C22D9B3074DD0F5
:104B9800009B26000193019BE518AA1B002E47D114
:104BA800079B002B0FD0009BEB1A1C000193009B66
:104BB8001A19BC4244D3019B00229F4202D3009B96
:104BC800DA19521BAD18280011B0F0BD58231F2C5C
:104BD800DCD808AA135501341F2CD7D8302308AACB
:104BE800135501341F2CD1D8059B002B04D02D233D
:104BF80008AA13550134C9E7730701D52B23F7E732
:104C08003307C3D52023F3E72020049B0399029E92
:104C1800B0470135009B1A1B5219AF42F4D8002344
:104C2800A74200D33B1B009A9B18B2E72500F1E787
:104C380008AB013EF05C0399049B029DA847AAE7D4
:104C48002020049B0399029EB0470134AFE710B5BA
:104C5800002801D000F036FA10BD0000F0B591B080
:104C6800169C09900A9108920693002901D1AB4B32
:104C78000993002617E1069B01330693252807D0E0
:104C88003200751C089B0A99099EB0472E000AE15C
:104C980000230120082505E02D2A15D0302A0CD143
:104CA80003430691069A0699127801312B2A0ED0F1
:104CB800F2D8202A0DD0232A0DD010003038092828
:104CC8002AD800270A250CE002221343E9E7042228
:104CD800FBE72B43E5E71022F7E76F43303FCF1997
:104CE8000690069A1178501C0A00303A092AF4D91D
:104CF8000021069A079112782E2A26D18021C90010
:104D08000B430699069A4978013208003038092879
:104D180038D80A218C4611E000272A2AE8D180CC0D
:104D2800002F02DA283A13437F420691E0E76046F3
:104D3800079A4243303A8A1807922A001178551C7C
:104D4800080030380928F2D90692069A11780132FB
:104D58006C2928D022D868292FD06A2936D0069AFB
:104D6800157801320692782D00D983E1612D30D86B
:104D7800252D00D17EE1582D00D07BE12022134360
:104D8800102153E02A29DFD104CC0792D243079996
:104D9800D2171140069A07910232D5E77A29DED157
:104DA800802149000EE0069949786C29F8D1C02283
:104DB80092001343069A0232D2E706994978682985
:104DC80002D080210B43CBE7C022F2E78021890083
:104DD800F8E728006238162800D94BE1FBF75EFA9D
:104DE8001700850017004A014A014A014A011700C5
:104DF8004A014A014A014A014A01170035014A019C
:104E08004A01CA004A0117004A014A011700782DD1
:104E1800B6D06F2D00D136E1622D00D135E11022D8
:104E28000A219343692D03D0642D01D00C229343AA
:104E38005A0501D501229343802292001A40692D18
:104E480001D0642D1AD1002A2DD1251DDA050CD5E3
:104E580022680593079B04970393D30F0193D317F5
:104E6800D21802915A40009215E02268580601D5DE
:104E7800D2B2EEE71806ECD512B2EAE7002A12D150
:104E8800251DD80521D50593079B04970393029107
:104E98000192236800933200089B0A990998FFF74A
:104EA800ECFD2C000600069B1878002800D0E2E6EE
:104EB800089B32009E4200D35A1E0020089B0A9984
:104EC800099CA047300011B0F0BD2268580608D5EB
:104ED800D2B20593079B0497039300230291019391
:104EE800C1E71806F5D592B2F3E702221A400C92F0
:104EF8000222134229D001230793230001CB320059
:104F08000B930A99089B751CC0B2099EB0470C9B6D
:104F1800002B2DD02A00079E22E0C046814A0008B7
:104F28002020089B0A99099DA847079A531C0793B4
:104F38009B1BBB42F4D300239F4200D07B1EF61874
:104F48000223002FD8D07B1CD6E73200EEE7531C93
:104F58000C932020089B0A99099CA0470C9A0136BB
:104F6800BE42F4D3079A0023974200D3BB1AED1828
:104F78000B9C8BE6220002CA0C92079A0B91002A1E
:104F880001D1012252420B990C008A18217800297C
:104F980001D0A24214D10B9A1900A41A8022D2007F
:104FA80011400D91134203D0079A944200D914007E
:104FB80002221A400E920222134216D1320009E050
:104FC8000134E3E7531C0F932020089B0A99099D9D
:104FD800A8470F9AA31B9B189F42F3D80023A74208
:104FE80000D33B1B0134F6181C19350008E0079361
:104FF8006B1C2A000F93099D089B0A99A8470F9DCF
:105008000B9B9B1B585D002807D00D9B002BEFD0F6
:10501800079B079A013B002AE9D10E9B002B12D06F
:105028002A0007E0531C07932020089B0A99099E31
:10503800B047079A631BD318BB42F3D30023A74298
:1050480000D33B1BED180C9C20E62122134305934B
:1050580008230493079B3200039310230293002331
:10506800019308CC0A9900930998089BFFF705FD5E
:10507800060018E732002800089B0A99099D771C4A
:10508800A8473E000FE70821D0E60221CEE6C04639
:105098000FB41FB5012206A908C952420391009115
:1050A800034802A9FFF7DAFD05B008BC04B01847A9
:1050B800574C000800207047014B18607047C046E5
:1050C800440C002010B5024B1B68984710BDC04621
:1050D800440C002002000F2030B507490C78631CEF
:1050E80003400648057800209D4203D004480B7011
:1050F8000255012030BDC046911B0020921B0020A4
:10510800811B00207047000010B572B6034800F0FC
:105118000FFD034800F00CFD62B610BD1C0D002009
:10512800700E002070B50D0019002D020023280014
:10513800064C10436360231D1A0000F0ADFB20608D
:105148006068002800D0200070BDC0468012002092
:105158007A30084A01781378022907D102318B4343
:10516800012B02D15278044B1A707047024A13700F
:10517800FBE7C046D6120020B412002070B5040028
:105188000800052911D8FBF77FF854101154510372
:1051980072B62D4800F08BFC62B672B62B4800F050
:1051A80086FC62B60520FFF795FF70BD72B6012137
:1051B8002000274A01F0BFFA04212000254A01F007
:1051C800BAFA254D20002B00B4331978234A01F090
:1051D800B2FA2B00B53319782000214A01F0ABFA56
:1051E8002B00B6331978002903D020001D4A01F09E
:1051F800A2FA154800F066FC82239B00E95C2000B7
:10520800194A01F098FA194B2000E95C184A01F094
:1052180092FA184BE95C002903D02000164A01F0E5
:105228008AFA0A4800F04EFC62B6BEE70420FFF78F
:1052380051FF72B6044800F022FC62B672B6034809
:1052480000F01DFCF0E7C0461C0D0020700E002089
:10525800F48A0008188B0008480C00208C0C0020E9
:10526800B00C0020D40C0020E00D00200902000042
:10527800040E00200A020000280E002070B5084C19
:105288000500E3680E00002B02D0200000F096FD18
:10529800330029002000034A00F03CFD70BDC046E1
:1052A800A0120020B152000870B5040072B603784D
:1052B800042B01D062B670BD134B1B78DB09F9D102
:1052C800124D2B78002BF5D0114B1B78002BF1D009
:1052D80003899B0704D4082301210E4A01F081FAAF
:1052E800002328780C4A0021FBF778F900230B4AA1
:1052F80080185941FA2200239200FBF74FF9210048
:105308008000FFF7BBFFD5E74C1300209C1200205C
:10531800F00E0020B512002010270000E70300005F
:10532800020070B57432117804000B007F2003402E
:10533800212B00D07AE0230049B27533002925DA01
:10534800187802281CD0032810D0012800D06DE05E
:1053580003331B78002B05D14B4AA2662022E26654
:10536800236770BD0023A366E366F9E7230078335B
:105378001B88002B5AD10120444AE066A266EFE759
:105388000120434BE066A3660023E9E71B780A2B5C
:1053980042D00B2B0ED0092B48D1230002217833A1
:1053A8001B788B4342D13B4BE166A3663A4B012005
:1053B8002367D6E7230078331B88002B28D12300E6
:1053C80076331978354D0A00531E9A41D3B22F4AC5
:1053D80013702A78DB01024013432B70002917D180
:1053E8002B4B1A78002A13D072B62D4A187800234E
:1053F800FBF7F4F800232B4A80185941FA220023BE
:105408009200FBF7CBF821008000FFF737FF62B668
:105418000023A366E366CAE72300204977331A7896
:1054280009781B4BC9091A70F2D1DBE71E4B1288A9
:105438009A420BD01D4B1A00B6321278002A1ED1A0
:105448001B4A9B5C002B1AD100208AE72300793382
:105458001A78013B1B78120221001343220060686E
:10546800763277314568127820000978A8470028F5
:10547800EAD04368A3660368E366002397E7200041
:1054880000F036FB6DE7C046B5120020F00E002094
:105498009C120020D6120020595100084C130020FD
:1054A80010270000E703000081060000480C0020D8
:1054B8000A02000070470000102210B500210448BD
:1054C800FBF7FEF90023034A1370034A137010BD5B
:1054D800811B0020911B0020921B0020F8B50F248F
:1054E800012500200A4B0B4A1E780B4F13789E4269
:1054F80003D1002800D01670F8BD1900795C01337B
:10550800280023400529F2D11370FFF732FAE8E7A3
:10551800911B0020921B0020811B0020F8B51F4C16
:105528001F4B204AA365231DDA6723001E4F1F4A1D
:105538001F4EA033050039001A60300000F060FAF1
:105548003900300000F084FAD6231A4A5B00E25092
:10555800194A2833E250194A2033194EE250194C9F
:105568003100200000F04CFA2000174C310000F008
:105578006FFAA36D154A16481340A36500F099FD0C
:105588002800144901F09CF88023A26D1B021343E4
:105598000022A365104BDA60F8BDC046480C002015
:1055A800500C0020640C0020F80C0020780C00201F
:1055B8001C0D0020A40D0020B80D0020CC0D0020EB
:1055C8004C0E0020700E0020005C0040FF7FFFFFA3
:1055D800983A00003C8B0008A012002070B5050026
:1055E800084C01F080F8A36D074A28001340A36512
:1055F800064901F065F88023A26D1B021343A365D9
:1056080070BDC046005C0040FF7FFFFF3C8B000878
:10561800014B18787047C046B412002070B50500D9
:1056280072B61C4C2378042B20D11B4A238912788C
:105638007F2A1DD9194A1278002A19D0DB060BD403
:1056480020232A000421200001F0CBF82022290081
:105658001348FBF7E1F809E00121E3694942586979
:105668000C3000F02FFD2378042BE9D062B670BD12
:105678009B0703D408232A000121E4E701212369B9
:10568800494258690C3000F01DFD2378042BEDD1F8
:10569800F0E7C046241D00204C130020F00E002027
:1056A800B512002070B5050072B60C4C2378042B97
:1056B80001D062B670BD2389DB0607D5E369642192
:1056C80058690C3000F0FEFC431CF2D006232A0077
:1056D8000421200001F085F8EBE7C046241D0020D6
:1056E80037B5040072B608480178042901D062B6BB
:1056F80037BD6D46032301AA6C71240A1370AC717F
:1057080001F06FF8F3E7C046241D0020030013B52D
:1057180072B608480178042901D062B613BD6C46F8
:1057280063711B0A01AAA3710323117001F059F8D0
:10573800F3E7C046241D002037B56B46D91D00236A
:10574800074C087022789A4200D132330548026823
:10575800D5690122A8474342434140B223703EBD68
:10576800EC1200201C0D002010B5054888B0036815
:1057780020221C6A69460023A04708B010BDC04615
:105788001C0D00200A0010B5202907D18A230449DE
:105798009B00CB5801005B680248984710BDC04683
:1057A800480C0020700E00208A2310B5084A9B0080
:1057B800D35888B01C6A2022002369460548A047B0
:1057C800002803D0C1B26846FDF797F908B010BDAC
:1057D800480C0020700E002010B5FFF72FF910BDFF
:1057E8007047704710B5FFF7F7FF02F0A1F9FFF710
:1057F800F7FF10BD10B502F0E1F9FFF7F2FF10BD99
:1058080010B500F0FFFC00F053FAFDF775FDFFF747
:1058180053FE1C4C2000FFF781FEFA20400000F0E8
:1058280048FC1948FFF734FCFDF782FD1748FDF7DF
:10583800CFFC1748FFF72CFCFFF750FE2378052B09
:1058480009D11448FFF724FC2378052B0CD0FEF768
:1058580077FEFCF74FFBFDF79DFDFFF785FFFFF790
:10586800A3FFFDF75FFDE7E7FFF75BF8FFF768F8D1
:105878000028E9D0200000F0C7FF2000FFF7AEFEA7
:10588800E2E7C046241D00204C8B0008F40E0020DF
:105898005D8B00086E8B000810B5040AE3B2032C78
:1058A80010D0032B07D8012B23D0022B07D17B2044
:1058B800114B136010BD212B0DD0222B12D00020CC
:1058C8000300F6E7C0B20228F9D80C4B8100CB5888
:1058D8000B49405CEDE70329F1D80A4B8900092000
:1058E800CB58E6E70329EAD8074B8800C35807488E
:1058F800EFE71220064BDCE7A88B0008748B000842
:10590800808B0008848B0008948B0008A48B000807
:10591800458C000813B5446BE36F1A6811780429A5
:1059280015D1217A022912D1197901238B401289C4
:105938001A420CD1200001A9443000F079FD021E62
:1059480005D0E06F019B0179006800F04AFF13BDA4
:1059580010B50C3000F009FD10BD012310B50C3056
:105968005B4200F002FD10BD10B5443000F0CBFDE5
:1059780010BD012310B544305B4200F0C4FD10BDDA
:1059880010B50C3000F0D9FC10BD012110B50C3059
:10599800494200F0D2FC10BD10B5443000F095FD2E
:1059A80010BD012210B54430524200F08EFD10BDEA
:1059B800C36F70B51A6804001178042901D001205A
:1059C80070BD017A0229FAD11979012352898B40D5
:1059D80015001D401A42F2D10C3000F063FC021E83
:1059E800EDD0E06FA36A4179043B006800F0E6FE61
:1059F8002800E5E710B5406BFFF7DAFF10BD00009F
:105A08007FB50300040001260E4A0D0004C343605D
:105A18000D4B067202940193CB680C3000934B69CE
:105A28000A6A310000F019FC2000084B310001938C
:105A3800AB68EA69009344302B69029400F0D2FC09
:105A48007FBDC046A48D0008FD5900081D590008F7
:105A58000A6872B60B7909339B00D31858604B79E2
:105A680011339B0098508B79002B03D009339B008E
:105A7800D31858600223C167037262B6704770B5C5
:105A8800040002210430022500F07EFB01262000DC
:105A98006D42290026750C3000F04DFB23002000D4
:105AA8004C3329001E70443000F045FB70BD10B522
:105AB80001210400043000F067FB002323754C34F7
:105AC800237010BD70B504000C3000F0DEFB00251B
:105AD80020002575443000F09DFC23004C331D70D8
:105AE8000121201D00F050FB2000FFF761FF70BD71
:105AF800020060217432127803000A400020202A34
:105B080006D11A0075321278212A02D81F2A05D820
:105B18007047222AFCD19866D86603E0034A9A6641
:105B28000722DA6618670120F2E7C046080F00204E
:105B3800C36F73B51A680400117804292BD1017A50
:105B4800022928D11979012312898B4016001E4099
:105B58001A4220D105004435280000F013FD002822
:105B680019D0280001A900F063FCE36F05001A7E34
:105B7800002A09D001981A693100121A2818FAF770
:105B88009FFEE36F1B690193E06F2A000179019B77
:105B9800006800F026FE73BD0B00F0B509339B00CA
:105BA800C3185E6804000D0085B0002E2CD072B6B4
:105BB8000821301D00F0E8FA3300AF004433E7193C
:105BC8000193FB685B691B68002B02D0019800F009
:105BD8003BFC019803A900F02BFC039B021E0ED18D
:105BE800FB685A691268002A0DD01B8A013B1A42C9
:105BF80009D1F36F1B7E002B05D1220074322900D6
:105C0800200000F0EEFD62B605B0F0BD113189004C
:105C180010B50C58002C15D072B60421201D00F0C8
:105C2800B3FA2000E36F0C301A685B7902339B00EB
:105C3800D3185B689B69596800F03EFB2000FFF7AA
:105C4800B7FE62B610BD7047024B034A1A60034A9A
:105C58005A607047941B0020B01D002000400020AF
:105C680070477047FEE70000F0B5082400250E4A8B
:105C78005368166819009068884210D8DE1E002103
:105C8800B04203D30330C11A890889005B18D16870
:105C9800994207D8013C1032002CE9D1F0BD80CEE2
:105CA80080C1E9E720C3F3E7CC8D000830BFFDE7EA
:105CB80010B500F0F5F800F01FF8FFF7C5FF8022D7
:105CC8000749084800F0BAF9074B18610123037423
:105CD80000F076FA62B6054800F0D0F910BDC0466B
:105CE8004C8E0008801C0020581C0020588E00088C
:105CF80010B500F09BF810BD044B054A5A619A6133
:105D080001225242DA6100221A627047581C0020B0
:105D18006C1C0020F7B50361C2600C00050000F0A0
:105D280098FA022C00D20224224E234A7369934225
:105D380009D130627561B56120182B606B60AC6069
:105D480000F076FAF7BD376AC21BA418944226D22F
:105D580000218C46996801918A421AD8B918316293
:105D680015498B4202D001998A1A9A60381A241868
:105D780073699A68A24219D35A682B606A601560E1
:105D88005D60AC609A68141B9C6001235B42F36100
:105D9800D8E70199521A614699601B68DAE79B684F
:105DA8009C42E5D2381900F050FAE1E71B68A41AC2
:105DB800DFE7C046581C00206C1C002070B5194D48
:105DC80003686A69184982420CD042681360036804
:105DD8005A600022C2608B4203D0826899688A1890
:105DE8009A6070BD00206B615960D0608B4202D10F
:105DF80000F026FAF5E7996892682C6A8A189A6082
:105E080000F027FA6B69021B9B689342E9D9E418F2
:105E1800201A012800D8931C286A181800F015FACF
:105E2800DFE7C046581C00206C1C0020F7B51A4D4F
:105E38006C6900F00EFA2B6AA268184FC61AB242B3
:105E480019D8A2682B6AB61A9B18E2682B620192CD
:105E5800002223685F606B61E260BB4201D100F001
:105E6800EFF962B62069019B984772B66C69A3681E
:105E7800B342E6D9DDE76A69BA420BD09168286275
:105E88005B181B1A9360A368022B00D20223181810
:105E980000F0DBF9F7BDC046581C00206C1C002040
:105EA8000022024B1B605B609A607047581C002000
:105EB8004B680160436018604860704703000068E1
:105EC80002681A60536070474268036813605A603A
:105ED80070470000002382680374054B1B689968AB
:105EE8009142FBD25A680360426010605860704764
:105EF800581C002010B5040072B6007C052807D88D
:105F0800FAF7C2F90C060603120E002263691A603A
:105F180001235B4220006361FFF7DCFF62B610BD1E
:105F280062699368013393602000FFF7CDFFEFE7C4
:105F3800002382680374054B1B6899689142FBD85B
:105F48005A6803604260106058607047581C00200F
:105F5800064B10B5196908741868026853601A600E
:105F6800186101230374FAF763F910BD581C002067
:105F780030B504000C4D87B04B1C11D02B690B4A6F
:105F880001A8FFF7C7FE2000FFF7E2FF049B002BE4
:105F980002D001A8FFF712FF2B69586907B030BD7E
:105FA800FFF7D6FFF8E7C046581C0020FD5E000842
:105FB80070B504000A4DA36828696161826893423C
:105FC80003D82000FFF786FF70BDFFF7B1FF01235C
:105FD80001002C6120002374FAF72AF9F4E7C0467F
:105FE800581C0020044B1A69196890688B689842FD
:105FF800804140427047C046581C002010B5084CEC
:10600800236820691A6854602260012223611A7487
:10601800FFF78EFF01002069FAF70AF910BDC046A4
:10602800581C002010B5FFF7DDFF002801D0FFF74E
:10603800E5FF10BD10B5FFF7E1FF10BD0223038295
:10604800002382600262C361836170478368020033
:106058001800116928384C3BC36019615169D2682E
:10606800596105491962022303740023826043744D
:106078000262C361836170475902000810B572B6A5
:10608800FFF7E4FF00210400FFF792FF62B620004B
:1060980010BD000010B5034B1B6958610F20FFF7B6
:1060A80057FF10BD581C002010B572B6FFF7F2FF5D
:1060B80010BD10B5010072B60820FFF759FF62B68F
:1060C80010BD0000064B10B51B69002905D0036000
:1060D80058610320FFF74CFF10BD01204042FBE749
:1060E800581C00200300006810B5002804D00022C6
:1060F8001A604161FFF7EEFE10BD000010B50C1EDE
:1061080009D0064B01001869FFF7D2FE21000420D0
:10611800FFF72EFF10BD01204042FBE7581C00206E
:10612800036810B50C00984204D0FFF7C7FE44611D
:10613800FFF7D0FE10BD70B504000D0023689C4227
:1061480000D170BD2000FFF7B9FE4561FFF7C2FE20
:10615800F4E70023006040608360704710B58369EE
:106168001943037C81610A2B03D143690B4206D191
:1061780010BD0B2BFCD1436919408B42F8D1002389
:106188004361FFF7A7FEF3E770B506000D0004684A
:10619800B44200D170BDE3682B43E360002D02D008
:1061A80023692B4203D0A1686068FFF7D7FF2468F2
:1061B800EEE7EFF30983203383F3098862B670476B
:1061C800024A0349136A0B401362704700ED00E06E
:1061D800FFFF00FF10B50F300FD072B6EFF3098440
:1061E800203C84F3098880235B04E361FFF7FAFE0F
:1061F800024B002800D1024BA36110BD67020008C2
:106208006A02000810B500F0E9FD00F0CBFE00F0CE
:10621800DAF900F0E5F900F01EFA00F03EFAFFF7AF
:10622800E9FA00F001F810BD10B501F041F810BD11
:1062380080230022DB0558631A610232DA60704756
:1062480080230022DB05DA6070478023DB05586372
:1062580070478023DB05586A704730B5039D01728B
:106268002C00002104335C43C361049B14190363AD
:10627800059B056200604060C16042610261846103
:1062880042628162C162436330BD0023022110B5BE
:10629800426AC360426102618362C3624942FFF796
:1062A8004AFF10BD03694269934203D1C2680020C6
:1062B800824200D1181D7047036910B51960C26881
:1062C8000132C260C2699B1882690361934201D39B
:1062D800436A03610021FFF723FF10BD70B5040076
:1062E8000D00E368002B07D062690020131D1268B7
:1062F800A3629B18E36208E0237A002B06D12900E9
:106308002000FFF7FBFE0028EBDA70BD02204042B8
:10631800FBE7C368C269013BC360436910B59B18BA
:1063280082694361934201D3436A436100238362D4
:10633800036B002B00D0984710BD70B5040072B6EF
:10634800836A002B06D1FFF7C9FF051E02D062B68B
:10635800280070BDA36AE26A1D780133A3629342E4
:10636800F5D32000FFF7D5FFF1E7F7B504000D00DE
:106378000092019372B60026A36A002B08D1200070
:106388000199FFF7ABFF002802D062B63000FEBDCE
:10639800A16AE36A009A5B1A971B9F4200D91F0003
:1063A800402F15D928004022FAF736FAA36A40355B
:1063B8004033A3624036A36AE26A934202D32000C4
:1063C800FFF7A7FF62B6009B9E42DFD272B6D3E703
:1063D80028003A00FAF720FAA36AED19DB19A3623C
:1063E800F619E8E710B5029C0172210004335943FD
:1063F800C36100238362C362039B51180363049B38
:1064080000604060C460426102618161046242626E
:10641800436310BD036A0221C360436A10B5436138
:106428000361002349428362C362FFF784FE10BD03
:10643800436902699A4203D1C2680020824202D1AC
:10644800180008C80B607047C368C2690133C3608D
:10645800436910B59B1882694361934201D3436A2B
:1064680043610021FFF75CFE10BD70B504000D000C
:10647800E368002B07D0236900201A1DA262E26995
:106488009B18E36208E0237A002B06D1290020003C
:10649800FFF734FE0028EBDA70BD02204042FBE72C
:1064A800036910B51960C268013AC260C2699B18D5
:1064B80082690361934201D3436A036100238362C3
:1064C800036B002B00D0984710BD70B50D00040079
:1064D800110072B6836A002B05D1FFF7C6FF0028AA
:1064E80001D062B670BDA36A1D70A36AE26A013367
:1064F800A362934204D3E3692000191FFFF7D0FF7A
:1065080062B60020EEE7F7B504000D000092019393
:1065180072B60026A36A002B08D120000199FFF764
:10652800A4FF002802D062B63000FEBDA06AE36A6C
:10653800009A1B1A971B9F4200D91F00402F17D99A
:1065480029004022FAF768F9A36A40354033A3626C
:106558004036A36AE26A934204D3E3692000191F14
:10656800FFF79EFF62B6009B9E42DDD272B6D1E76E
:1065780029003A00FAF750F9A36AED19DB19A3626A
:10658800F619E6E7030002695969002010B58A4246
:1065980018D1D968814215D0996A814212D004393C
:1065A8008C1A91420ED01460D9680139D960D96922
:1065B800521899691A618A4201D35A6A1A610022EB
:1065C80001209A6210BD10B500F04AFE10BD0123EB
:1065D80010B50370002343600C30FFF7BAFD10BDFF
:1065E80010B500F0A1FE10BD012303700023436025
:1065F800C3600374704710B5040072B64B684160FD
:10660800836000F09FFE0023E3600233237062B6CC
:1066180010BD10B572B601238B40C4682343C36014
:1066280000F00AFF62B610BD10B572B601238B40A8
:10663800C2689A43C26000F005FF62B610BD10B58B
:1066480072B600F00CFF62B610BD10B572B600F05D
:1066580011FF62B610BD10B500F012FE10BD012387
:1066680010B503700023436083600C30FFF771FDA1
:1066780010BD0200030010B50400763212787E3394
:106688001A7001F095F863681B68002B02D001218D
:10669800200098470323237010BD10B501F064F85B
:1066A80010BD012302000100037000232C32436057
:1066B80048311360D36104328A42FAD1836070474B
:1066C80010B5040072B600234160C36003614361E2
:1066D8008361C36103624362836201F007F90223A5
:1066E800237062B610BD70B5040072B601F044F8AC
:1066F8000023250002266360013323700C352C34F7
:1067080076422B68002B0ED05869002803D0310040
:106718000C30FFF7E7FC2B689869002803D031009C
:106728000C30FFF7DFFC002308C5A542E9D1FFF7CD
:1067380079FC62B670BD8B1C9B0070B5C318050050
:1067480050690E0014005A60002803D0142200215A
:10675800FAF7B6F8A069002803D014220021FAF746
:10676800AFF83100280001F02DF870BDF8B505002C
:1067780007000226040082680F4B1035134083601F
:106788002C3776422B68002B0ED05869002803D08E
:1067980031000C30FFF7A6FC2B689869002803D05D
:1067A80031000C30FFF79EFC002308C5BD42E9D13B
:1067B800200001F0BDF8F8BD0100010070B5012509
:1067C8008D4044892C4344818C1CA40004196468BE
:1067D800A46923600023A2606360E36001F0FAF813
:1067E80070BD70B501258D4004892C4304818C1C33
:1067F800A40004196468646923600023A2606360CC
:10680800E36001F00DF970BD037870B5052B0AD16E
:106818001025054C1420236C2B432364FFF749FCF7
:10682800236CAB43236470BD005C00400223F7B5C2
:1068380003700023C3678360030005000227040078
:106848002C330C3501937F422B68002B11D072B684
:106858002B685869002803D039000C30FFF742FC38
:106868002B689869002803D039000C30FFF73AFCF0
:1068780062B60026019B40C59D42E5D123006433E2
:106888001E70200001F014F863681B68B34202D040
:10689800310020009847F7BD03000278803370B5B7
:1068A8001A7005230370436804001B68002B01D08D
:1068B80004219847250000230226A3600C352C34B8
:1068C80076422B68002B11D072B62B6858690028C5
:1068D80003D031000C30FFF705FC2B6898690028BD
:1068E80003D031000C30FFF7FDFB62B60435A5423A
:1068F800E7D170BD030010B580331B78037043687F
:106908001B68002B01D00521984710BDF7B506007C
:10691800643633780400002B01D00023337027003D
:1069280074373A002000019701F03EF863689B68CD
:10693800002B18D1019B1A78602315001D401A42BC
:1069480033D00021200001F0A3F80021200001F03D
:106958008BF863681B68002B02D00621200098473B
:1069680006233370F7BD200098470028E2D02300A3
:106978007B331A78013B1B7812021343E26E9A426A
:1069880000D9E366019BE16E1B787F2B00D808E1F4
:10699800002900D1FBE00923337072B60021E36EB1
:1069A800A26E2000FFF71DFFF9E023007F21753359
:1069B8001B780A401B021343814A934200D1CEE060
:1069C80026D880225200934259D00DD8012B50D09E
:1069D800022B00D194E0002BB3D122007C32A266B6
:1069E8000222E2662367C2E781225200934200D165
:1069F8009DE0FF32FF329342A3D1230076331B7808
:106A0800012B9ED122007C32118801330B4341E0D7
:106A180080221201934246D023D8A022D20093426A
:106A28003DD0684A9B18012B00D98AE72300220031
:106A380079331B78783212781B0221001343220025
:106A4800606876324068773107001278200009784C
:106A5800B847002800D174E74368A3660368E36673
:106A68001BE090221201934222D0574A934200D051
:106A780067E7564BA3660223E3660023B2E72300C9
:106A880076331B78012B00D05BE7220002217C3291
:106A980013888B431380A566E566256767E74C4B2B
:106AA800A566E5669EE723007F33A3660123D6E744
:106AB8002378042B0FD172B62000FFF757FE62B679
:106AC800230003217F331D70636821701B68002B2E
:106AD80001D020009847230076331B78002B0BD079
:106AE80022007F3213700423237063681B68002B15
:106AF80002D00221200098470023A366E36671E7CD
:106B080023000F2178331B78200019405BB2002B3B
:106B18000ADA00F037FF012804D0022800D010E775
:106B28002C4BA7E72C4BA5E700F016FFF3E7230053
:106B380076331B78002B00D003E7230078331B78CB
:106B48000F22190011401342D6D05BB22000002B4F
:106B580002DA00F0C5FFCFE700F0ACFFCCE7230076
:106B680076331B78002B00D0EBE6230078331B78B4
:106B78000F22190011401342BED05BB22000002B37
:106B880002DA00F085FFB7E700F06EFFB4E71423E0
:106B9800337072B60B000A002000FFF70FFE62B6D2
:106BA800E0E6002906D01523337072B60021E36EA3
:106BB800A26EF1E70B23337072B60B000A00F0E601
:106BC8000203000000FAFFFF020C0000748E0008A8
:106BD8007B660008708E0008728E000870B505008C
:106BE80064350400287800283BD00638C3B20F2B40
:106BF8002FD80F282DD8F9F747FB342C2C08222D35
:106C08002C2C2C2C2C2C2C2C343423007B331A7851
:106C1800013B1B78E06E1202134398420FD2E368DF
:106C2800198AF9F7CBFB002909D172B60B000A00C3
:106C38002000FFF7D6FD62B60A232B7009E0142363
:106C48002B7072B6002320001A001900FFF7B6FD5A
:106C580062B670BD236F002B01D020009847002337
:106C6800EBE70021200000F013FF0021200000F0D6
:106C7800FBFE63681B68002B02D0062120009847A2
:106C88000623DAE770B5050064352B780400142B69
:106C980026D019D8062B06D002D8002B03D070BDF9
:106CA800093B022BFBD80021200000F0F1FE002157
:106CB800200000F0D9FE63681B68002B02D0062173
:106CC80020009847062315E0152BE8D10A3B2B70C6
:106CD80072B600231A001900FFF783FD62B6DEE7DB
:106CE800C3689B695B68002BD9D1036F002B00D068
:106CF800984700232B70D2E70322F0B5FF26C02562
:106D08000240D2009640890191400A4F83089B00B7
:106D1800DB19AD005C591F22B4430C435C510123BD
:106D280002409340C02240098000C019520083509D
:106D38000360F0BD00E100E01F21012201408A400C
:106D48004309094920339B0010B55A5083089B001A
:106D58005B18032108408840C024FC318140A4000E
:106D68001A598A431A5110BD00E100E010B50321F9
:106D78000520FFF7C1FF03210620FFF7BDFF032110
:106D88000720FFF7B9FF10BD10B57446044800F09E
:106D9800E1F8044800F0DEF82000FFF71BFA10BD08
:106DA800888E0008988E000810B57446074800F0D1
:106DB800D1F8074800F0CEF8064800F0CBF80648AE
:106DC80000F0C8F82000FFF705FA10BDA88E0008EB
:106DD800B88E0008C88E0008D88E0008234B244AB5
:106DE800996A10B50A43FC219A629A6AC9030A4053
:106DF8009A629A6A1A690122002152421A611A6932
:106E080019611A69D8681B4A02438020DA60DA6877
:106E1800C0030240DA60DA688022D869520502436A
:106E2800DA61DA6980221448520004682243026059
:106E3800C0201A6A800002400138FF38824203D01D
:106E4800802252021A6219628022196A12021142C1
:106E580007D18021186A890001431962196A0A4317
:106E68001A6200F05DF8FFF781FF10BD00100240C4
:106E7800FFFF81FFFFFFBFFF007000400122264B8C
:106E880019680A431A60022219681142FCD00321CA
:106E98005A688A435A600C22596808001040114207
:106EA800FAD1F9211A680A401A6001225860596B10
:106EB8000A435A630222596B1142FCD00122596AD3
:106EC8000A435A620222596A1142FCD0A0210022C8
:106ED8008903DA6259601A638022196852040A43E6
:106EE8001A608022920419681142FCD011210B4AC1
:106EF8001160103910680842FCD0022259680A4310
:106F08000C215A605A680A40082AFBD19969073A45
:106F18000A439A619B6970470010024000200240B2
:106F2800002301220848094910B5036043604C68F2
:106F380010312360D40001320351082AF7D1044BE1
:106F4800093A5A6010BDC046F0120020788E000839
:106F58000000024010B50268447B11680E23E1402E
:106F6800194043681B6819420CD0837B0800A04075
:106F780001335060044ADB009C58002C02D0D3181F
:106F88005868A04710BDC046F012002010B57446DE
:106F98000348FFF7DFFF2000FFF71CF910BDC046CC
:106FA800788E00087047F0B51300032501278BB0D1
:106FB8002B40059393083B400193D3082B400F26A1
:106FC800029353092B409C460023D2093240059C6A
:106FD8000792069708950996069A11422ED0072619
:106FE800069F1E409F40079DB2000392954042684D
:106FF800019EBA433243089E5F00BE403700F64305
:10700800426082680496029EBA43324366468260B2
:10701800C268BA433243C260039E099AB240059ED1
:10702800D243022E1DD1072B16D8066A32402A43B6
:1070380002620268049D2A4022430260490821D066
:10704800019AA40052000192029A0133920002921E
:10705800624692009446BFE7466A32402A4342623B
:10706800E7E70668049F3E4026430660072B04D8DE
:10707800066A32402A430262E0E7466A32402A43FF
:107088004262DBE70BB0F0BD836A10B55B68002491
:107098005B68016BFF2B02D98024FF2364044068DE
:1070A8001B0480684A680343044802401343802253
:1070B8002343D20013434B6010BDC046FFFF00FEC0
:1070C800C36A30B55B6800245A68016BFF2A02D98D
:1070D8008024FF22640440684B68044D80682B407C
:1070E80003432343120413434B6030BDFFFF00FEEC
:1070F800FC22F8B5584C9201256B7646AB69EB61DA
:1071080013423AD00F25E26A50680168A94301602A
:10711800507B11680E22170087404F60A16A4F68A4
:107128003868A84338600868497B8A404260DA05B5
:1071380003D50122A1680A43A2609A0503D5022259
:10714800A1680A43A2605A0503D50822A1680A4328
:10715800A260A268DB040AD520231343A36072B699
:10716800022149423D48FEF7BDFF62B601E0002A10
:10717800F5D13000FFF72EF8F8BDFE221342F8D003
:10718800DA0622D50F20E36A59680A6882430A6042
:10719800597B1A680E231F008F405760A26A5768F0
:1071A8003968814339601168527B93404B600423EE
:1071B800A2681343A36080236A68DB011343462255
:1071C8006B602B6893432B60C9E71A0609D52378AF
:1071D8002000032B02D1FFF773FFCAE7FFF754FF24
:1071E800C7E75B06C5D5A36A21780F205A6803292B
:1071F8001DD1E36A5F68396881433960587B196833
:107208000E2383404B605368002B18D02000FFF7F3
:107218003BFFA36A5A68012311680B43136080235C
:107228006A689B0113436B6004232370A1E711680C
:1072380081431160597B1A680E238B405360802369
:107248006A68DB01134340226B602B6893432B6011
:1072580072B6002186E7C046A41C0020C01C00208E
:1072680010B5054C2000FFF7B2F90023034AE3618B
:107278002263A362E36210BDA41C002000540040F6
:1072880010B5074C2000FFF7EAF9064BE36100232D
:1072980023626362044BA362044BE36210BDC046E1
:1072A800D81C0020003800400A1000001810000008
:1072B80001220E4B10B5D9690F201143D9610C4931
:1072C800DB698B6813438B6080230A49DB0599626D
:1072D80001214942D962002199615963D9605960F5
:1072E8005A6102311A60FFF707FD10BD0010024015
:1072F80000580140BF1200008022D2051369D168EE
:1073080010B50B40D9B2C94311619B0703D572B6BA
:10731800FEF7EEFC62B610BD10B57446FFF7ECFF41
:107328002000FEF757FF10BD10B5044C2000FFF7F2
:107338005BF904232374024BA36110BD081D0020D0
:1073480000040040037870B50400012B61D1364B6E
:10735800984212D10221354B1020DA690A43DA61CA
:10736800DA691A690A431A611A698A431A6101318A
:107378001B69FFF7C1FC2E4B6361A3692D4A9A6113
:10738800DA61656860692968F8F792FF0F21A368D8
:10739800A269013B01389062D362EB6A5360EB68E3
:1073A800194001293ED00023022901D101230B43B2
:1073B8000F2168690140012903D0022903D11E3138
:1073C8000B4310210B430F21E8690140012904D028
:1073D800022905D1FF31FF310B43802149000B43BE
:1073E8000F21686A0140012904D0022905D18021B2
:1073F80089010B43802149010B4313620123536127
:107408000023FF2113612B6B8B43D360852313600B
:1074180070BD002283691A605A639A63DA631A643A
:107428005A62AEE70021C1E7081D002000100240A3
:10743800006CDC026868000083690C318900591807
:107448004A6070470B00826900200C339B00D318F8
:10745800586002308840D3688343D3607047012363
:107468008269D168194204D102200B43404210615D
:10747800D360704701218269D3688B43D36070471A
:10748800836970B51D69DA6804001540EAB2D24311
:107498001A61AB0704D543681B69002B00D09847D5
:1074A8006B0705D563689B69002B01D020009847BE
:1074B8002B0705D563681B6A002B01D0200098476D
:1074C800EB0605D563689B6A002B01D0200098471E
:1074D800EB0705D563689B68002B01D0200098470F
:1074E80070BD000010B574460348FFF7C9FF2000BF
:1074F800FEF770FE10BDC046081D00200B4B30B5CE
:107508001B6D0B4CC0001B19C018038889181B1968
:1075180094B244808C1A002A00DC30BD607825784B
:10752800000228431880023A0233F3E7005C004067
:10753800006000407346F0B5804C87B0656C0593D9
:107548006B0504D57E4B7F486364FFF76FF92B0505
:1075580008D50823226C7B48134323647A4B636461
:10756800FFF79AF9EB040BD5A36C1B0406D4082289
:10757800236C744893432364FFF7BCF9734B63642B
:10758800AB0507D56F484368DB68002B00D09847E8
:107598006F4B636480231B021D4204D10598FEF7DC
:1075A80019FE07B0F0BD0F27644B2F40BD00ED1842
:1075B8002B68644E0293BB1C9B00F3185B68019315
:1075C800029B1B0626D52A686249019B0A40802136
:1075D8005B6909020A432A601A69186894465A685E
:1075E800196862445A60801A91422DD0019A128A11
:1075F800824200D9020099681A6161449960F8B220
:10760800FFF77CFF2A68544B1A4030235A40534BEB
:1076180013432B608022029B1202134212D02B6864
:107628004C4A1A40802313432B60FBB29C46029BB2
:107638001B0521D54348BB1C9B00C3185B686146EA
:107648005B689847656CA5E70122BA403389934384
:107658003381019B9B68002B02D03000F9B2984718
:1076680072B6BB1C9B00F6187368002158690C3071
:10767800FEF738FD62B6CDE7019B39489A69F900F3
:1076880093680393236D1B185B1899880918049154
:10769800DB8802919B059B0D19000398012938D8B6
:1076A8000499039E5808400009183618834201D0EF
:1076B800098831709168C91891605168C91851607A
:1076C8001168C91A1160118A013989B21182019AA7
:1076D800528A9A4201D8002926D10122BA40194D6E
:1076E800BE1C6B8993436B81B300EB185B68DB6846
:1076F800002B02D061462800984772B6B600AD1933
:107708006B689B69180059680C30FEF7EBFC62B691
:1077180098E7029E023936880670360A4670029E3D
:10772800023002360296B9E72A680E4B1A40C02387
:107738009B015A40094B13432B6083E7005C0040D0
:10774800FFFBFFFF241D0020FFF7FFFFFFEFFFFFF8
:10775800FFFDFFFF0F07FFFFBF87FFFF80800000CF
:10776800006000408FB7FFFF10B50248FEF799FF91
:1077780010BDC046241D0020037810B5012B0ED083
:10778800074B98420BD11F20FFF7D6FA0322054B6F
:1077980005491A64054BDA690A40DA61DB6910BDEC
:1077A800241D0020005C0040FFFF7FFF0010024006
:1077B80080227E3003781343014AD3647047C04661
:1077C800005C00408B1C9B00C318F7B55C68032362
:1077D80022681340032B56D05A4253415B022E4A6B
:1077E8002E4E126DCD009219AD186269002A13D081
:1077F8000700002208376A80FA6F0192228A013254
:107808001600012296433200019E9219FA676A46D1
:10781800968820222E801343A269002A18D0648AF1
:10782800661E3E2C32D91F22324301325211960273
:107838001B4A3243012692B20830EA800134C26FF3
:10784800B443A41892B2C467AA8080229201134359
:1078580011488A00121880201468C001044200D020
:10786800034340201468044200D003430D481943E1
:1078780001400D480D4C01431160116823404B40F5
:1078880003431360F7BDC023DB00A8E7012232439E
:10789800013252109202CDE7005C004000600040C7
:1078A8000080FFFF0F07FFFF808000007078000056
:1078B800002180230B4A10B511655164D3644368D5
:1078C800DB685C4263419E245B4224025B021B1915
:1078D8001364030040220833DA67034BC360FFF7E1
:1078E80071FF10BD005C0040E88E0008017870B59B
:1078F8000400012914D10B4B98420ED180220A4B67
:107908001204D869094D0243DA61DB691F20296432
:107918000231FFF7F1F900232B642000FFF7C8FFBD
:1079280070BDC046241D002000100240005C0040CD
:10793800402301220830C3670548064993005B18B5
:1079480019680132014319601860082AF5D1704797
:1079580080800000005C0040084B8900C958C022A4
:107968000B00920113401800114205D0044A9B18DD
:107978001800431E984101307047C046005C004023
:1079880000F0FFFF074B8900C95830220B00134055
:107998001800114204D0103B1800431E98410130D2
:1079A8007047C046005C0040084B09481B6DC90081
:1079B8001B18C9188B881B18100008301988023347
:1079C800118002329042F9D17047C046005C0040F5
:1079D800006000408B1C9B00C018426870B5956918
:1079E8000C0028680123002805D0518A4018013866
:1079F800F8F75EFC83B22B82064BA400E4182268D9
:107A0800054B1A40C0239B015A40044B1343236083
:107A180070BDC046005C00408FB7FFFF808000004B
:107A28008B1C9B0010B5C01842680C005369128A61
:107A380019688A4200D90A00200099681A61FFF77C
:107A48005DFD064BA400E4182268054B1A4030235C
:107A58005A40044B1343236010BDC046005C0040ED
:107A6800BF87FFFF80800000064B8900C9180A689D
:107A7800054B1A4080235B015A40044B13430B60AB
:107A88007047C046005C00408FB7FFFF8080000051
:107A9800054B8900C9180A68044B1A4010235A403C
:107AA800034B13430B607047005C0040BF87FFFF28
:107AB80080800000C022074B8900C9180B6892011A
:107AC8001340934205D00B68034A1A40034B1343F3
:107AD8000B607047005C0040BF87FFFF80A000007C
:107AE8003022084B8900C9180B681340934207D00D
:107AF8000A68054B1A4020235A40044B13430B6075
:107B08007047C046005C0040BF87FFFF80800000D0
:107B18004B6843608B688360CB68C3600B694361C3
:107B28004B6903628B6943620B680360704700000E
:107B3800FC22154BD203996A10B511439962996AD0
:107B48001248014090209962996A5969C0050A4310
:107B58005A610F495B69FFF7DBFF0E490E48FFF7D3
:107B6800D7FF0E490E48FFF7D3FF0E490E48FFF71F
:107B7800CFFF0E490E48FFF7CBFF0E490E48FFF71F
:107B8800C7FFFFF77BF910BD00100240FFFF81FF20
:107B98000C8F0008288F000800040048448F000854
:107BA80000080048608F0008000C00487C8F00081F
:0E7BB80000100048988F000800140048704725
:047BC800F8B5C04606
:047BCC00F8B5C04602
:107BD000002020202020202020202828282828209D
:107BE0002020202020202020202020202020202095
:107BF00020881010101010101010101010101010FD
:107C000010040404040404040404041010101010EC
:107C100010104141414141410101010101010101B6
:107C20000101010101010101010101011010101008
:107C30001010424242424242020202020202020288
:107C400002020202020202020202020210101010DC
:107C50002000000000000000000000000000000004
:107C60000000000000000000000000000000000014
:107C70000000000000000000000000000000000004
:107C800000000000000000000000000000000000F4
:107C900000000000000000000000000000000000E4
:107CA00000000000000000000000000000000000D4
:107CB00000000000000000000000000000000000C4
:107CC00000000000000000000000000000000000B4
:107CD000000029003A003B003C003D003E003F0010
:107CE0004000410042004300440045004600470078
:107CF00048004A004D004C0035001E001F002000C7
:107D000021002200230024002500260027002D004A
:107D10002E002A002A0049005300540055002B0071
:107D200014001A000800150017001C0018000C00B1
:107D3000120013002F00300031004B005F00600084
:107D400061000000390004001600070009000A0065
:107D50000B000D000E000F0033003400280000005F
:107D60004E005C005D005E005700E100E1001D0078
:107D70001B00060019000500110010003600370036
:107D80003800E5005200000059005A005B0058001E
:107D9000E000E300E200000000002C000000000012
:107DA0000000E600E4005000510000004F006200B7
:107DB00062006300560001000100010001000100A3
:107DC00001000100010001000100010001000100AB
:107DD000010001000100010001000100010001009B
:107DE000010001000100010001000100010001008B
:107DF000010001000100010001000100010001007B
:107E0000010001000100010001000100010001006A
:107E1000010001000100010001000100010001005A
:107E2000010001000100000001000100010001004B
:107E3000010001000100010001000100010001003A
:107E4000010000000100010001000100010001002B
:107E5000010001000100010001000100010001001A
:107E6000010001000100010001000000010001000B
:107E700001000100010001000100000000000100FC
:107E800000000000000001000100010001000000EE
:107E900001000100010001000100010001000100DA
:107EA00001000100010001000100010001000100CA
:107EB00001000100010001000100010001000100BA
:107EC00001000100010001000100010001000100AA
:107ED000010001000100010001000100010001009A
:107EE000010001000100010001000100010001008A
:107EF000010001000100010001000100010001007A
:107F0000010001000100010001000000010001006A
:107F10000100010001000100010001000100010059
:107F2000010001000100000001000100010001004A
:107F30000100010001000100010001000100010039
:107F4000010001000100010001000100010000002A
:107F5000010001000100010001000100010000001A
:107F6000000001000000000000000100010001000D
:107F70000100000001000100010001000100444572
:107F80004255473A20656E61626C65642E0A004472
:107F9000454255473A2064697361626C65642E0AF4
:107FA00000000000000000000000000000000000D1
:107FB00000000000000000000000000000000000C1
:107FC0000000000000000000002A2B280000000034
:107FD0000000000000000000000000002900000078
:107FE000002C1E3420212224342627252E362D371E
:107FF00038271E1F202122232425263333362E37EF
:10800000381F0405060708090A0B0C0D0E0F101186
:1080100012131415161718191A1B1C1D2F31302393
:108020002D350405060708090A0B0C0D0E0F10115B
:1080300012131415161718191A1B1C1D2F31303561
:108040004C000000007E0F00D4FFFFFFC7000000BF
:108050007800E200E900EA00B500B600B700CD0004
:108060008301CC008A01920194012102230224029F
:108070002502260227022A02B300B4006F00700016
:108080000A722F6320303132333435363738394174
:10809000424344454630313233343536373839413E
:1080A00042434445460A00253032580025303332D9
:1080B0006C6200000A0400480B0400480C040048ED
:1080C0000D0400480E0400480F0400480800004852
:1080D000090000480A000048050000480F00004859
:1080E000030400480404004805040048080400484C
:1080F000030000480F0800480E080048011400481B
:108100000D0800480400004807000048000400482B
:1081100001040048020400480A092D204D6F7573C0
:10812000656B6579202D0A4553432F713A097175A6
:1081300069740A313A0964656C6179282A31306DB5
:1081400073290A323A09696E74657276616C286D1A
:1081500073290A333A096D61785F73706565640A43
:10816000343A0974696D655F746F5F6D61780A35C3
:108170003A09776865656C5F6D61785F73706565F6
:10818000640A363A09776865656C5F74696D655F86
:10819000746F5F6D61780A0A703A097072696E7463
:1081A0002076616C7565730A643A0973657420649E
:1081B000656661756C74730A75703A092B310A64CF
:1081C0006F776E3A092D310A706775703A092B3155
:1081D000300A7067646F776E3A092D31300A0A737E
:1081E00070656564203D2064656C7461202A206D93
:1081F00061785F7370656564202A202872657065F8
:108200006174202F2074696D655F746F5F6D617894
:10821000290A0077686572652064656C74613A208C
:10822000637572736F723D25642C20776865656C89
:108230003D25640A53656520687474703A2F2F6574
:108240006E2E77696B6970656469612E6F72672F36
:1082500077696B692F4D6F7573655F6B6579730A0D
:10826000006D6B5F64656C6179203D2025640A00B8
:108270006D6B5F696E74657276616C203D2025645C
:108280000A006D6B5F6D61785F7370656564203D9A
:108290002025640A006D6B5F74696D655F746F5FA4
:1082A0006D6178203D2025640A006D6B5F776865FD
:1082B000656C5F6D61785F7370656564203D202536
:1082C000640A006D6B5F776865656C5F74696D65E6
:1082D0005F746F5F6D6178203D2025640A004C2536
:1082E000640A006565636F6E6669673A0A006465D3
:1082F0006661756C745F6C617965723A20002575F2
:108300000064656275675F636F6E6669672E726190
:10831000773A20002E656E61626C653A20002E6D02
:1083200061747269783A20002E6B6579626F6172B0
:10833000643A20002E6D6F7573653A20006B657985
:108340006D61705F636F6E6669672E7261773A2048
:10835000002E737761705F636F6E74726F6C5F6312
:108360006170736C6F636B3A20002E636170736C85
:108370006F636B5F746F5F636F6E74726F6C3A20C4
:10838000002E737761705F6C63746C5F6C677569E6
:108390003A20002E737761705F7263746C5F72674E
:1083A00075693A20002E737761705F6C616C745F41
:1083B0006C6775693A20002E737761705F72616C2B
:1083C000745F726775693A20002E6E6F5F6775691A
:1083D0003A20002E737761705F67726176655F6522
:1083E00073633A20002E737761705F6261636B7311
:1083F0006C6173685F6261636B73706163653A207F
:10840000002E6E6B726F3A20006261636B6C69675D
:1084100068745F636F6E6669672E7261773A2000D9
:108420002E6C6576656C3A2000436C656172696EEE
:108430006720454550524F4D0A000A092D204D61D5
:10844000676963202D0A443A094465627567204DC7
:1084500065737361676520546F67676C650A583A86
:10846000094D6174726978204465627567204D6FAB
:10847000646520546F67676C65202D2053686F77A3
:10848000206B65797072657373657320696E206DFA
:10849000617472697820677269640A4B3A094B65A6
:1084A00079626F61726420446562756720546F67FA
:1084B000676C65202D2053686F77206B657970722B
:1084C000657373207265706F72740A4D3A09446562
:1084D000627567204D6F75736520546F67676C65B3
:1084E0000A563A0956657273696F6E0A533A095310
:1084F00074617475730A433A0941637469766174EF
:108500006520436F6E736F6C65204D6F64650A461E
:10851000312D4631303A0953776974636820746F9E
:10852000204C6179657220302D3920284631302069
:108530003D204C30290A302D393A0953776974634C
:108540006820746F204C6179657220302D390A479C
:10855000524156453A0953776974636820746F2015
:108560004C6179657220302028616C7465726E618F
:108570007465290A423A094A756D7020746F204269
:108580006F6F746C6F616465720A4553433A094AB0
:10859000756D7020746F20426F6F746C6F616465CD
:1085A000722028616C7465726E617465290A453A9F
:1085B000095072696E7420454550524F4D205365E5
:1085C0007474696E67730A4253504143453A0943D4
:1085D0006C65617220454550524F4D0A4E3A094E26
:1085E0004B524F20546F67676C650A000A092D20B3
:1085F000436F6E736F6C65202D0A4553432F713A9C
:1086000009717569740A6D3A096D6F7573656B65EB
:10861000790A00433E20000A0A4A756D70696E6748
:1086200020746F20626F6F746C6F616465722E2EA0
:108630002E20000A64656275673A206F6E0A000A90
:1086400064656275673A206F66660A000A6D617438
:108650007269783A206F6E0A000A6D6174726978E7
:108660003A206F66660A000A6B6579626F61726410
:108670003A206F6E0A000A6B6579626F6172643A24
:10868000206F66660A000A6D6F7573653A206F6E1B
:108690000A000A6D6F7573653A206F66660A000AF4
:1086A000092D2056657273696F6E202D0A00564998
:1086B000443A203078414331312844726966744D20
:1086C000656368616E69637329205049443A2030BC
:1086D00078343137352841757374696E29205645D1
:1086E000523A203078303030310A004255494C44FB
:1086F0003A2020284A756C2031332032303231291B
:108700000A0043484942494F533A20226272656148
:108710006B696E675F323032315F7131222C2043DA
:108720004F4E545249423A2022627265616B696E23
:10873000675F323032315F7131220A004F50544945
:108740004F4E533A204D4F5553454B4559204558B0
:108750005452414B455920434F4E534F4C452043B3
:108760004F4D4D414E44204E4B524F20424F4F549F
:108770004C4F414445525F53495A450A00474343D1
:108780003A20392E322E310A000A092D2053746105
:10879000747573202D0A00686F73745F6B6579625E
:1087A0006F6172645F6C65647328293A2025580AEA
:1087B000006B6579626F6172645F70726F746F6372
:1087C0006F6C3A2025580A006B6579626F6172649C
:1087D0005F69646C653A2025580A006B65796D61A4
:1087E000705F636F6E6669672E6E6B726F3A2025DD
:1087F000580A0074696D65725F726561643332286E
:10880000293A202530346C580A004E4B524F3A20FA
:108810006F6E0A004E4B524F3A206F66660A003F59
:10882000004D3E20000A092D2056616C75657320AD
:108830002D0A00313A2064656C6179282A31306D47
:1088400073293A2000323A20696E74657276616C41
:10885000286D73293A2000333A206D61785F737078
:108860006565643A2000343A2074696D655F746F01
:108870005F6D61783A2000353A20776865656C5FF6
:108880006D61785F73706565643A2000363A2077D1
:108890006865656C5F74696D655F746F5F6D617845
:1088A0003A20007365742064656661756C740A0013
:1088B0004D25643E20004D3E0001020304050607DD
:1088C0000809006D6F7573656B6579205B62746E66
:1088D0007C782079207620685D287265702F61632E
:1088E0006C293A205B007C002564005D28002F0085
:1088F0006261636B6C696768742062726561746839
:10890000696E6720656E61626C650A006261636B07
:108910006C6967687420627265617468696E67204B
:1089200064697361626C650A006261636B6C69679C
:10893000687420627265617468696E6720746F671D
:10894000676C653A2025750A006261636B6C696724
:10895000687420696E6372656173653A2025750AD3
:10896000006261636B6C696768742064656372653B
:108970006173653A2025750A006261636B6C6967F3
:10898000687420656E61626C650A006261636B6C7D
:10899000696768742064697361626C650A0062616A
:1089A000636B6C6967687420746F67676C653A20E5
:1089B00025750A006261636B6C6967687420737463
:1089C00065703A2025750A000000000000000000D4
:1089D00000000001010203040506080A0C0F11142F
:1089E000181C2024292E33393F464C535B626A7190
:1089F00079818A929AA2AAB2B9C1C8CFD5DCE1E73F
:108A0000EBF0F4F7FAFCFDFEFFFEFDFCFAF7F4F0E4
:108A1000EBE7E1DCD5CFC8C1B9B2AAA29A928A81AC
:108A200079716A625B534C463F39332E2924201CEE
:108A30001814110F0C0A08060504030201010000B6
:108A400000000000000000006B6579626F617264D5
:108A50005F7265706F72743A2000253032582000C2
:108A60006B6579626F6172645F7365745F6C656476
:108A70003A200000E200E900EA00B500B600B700C5
:108A8000CD008301CC008A019201940121022302CE
:108A900024022502260227022A02B300B4006F0036
:108AA00070004F6E6573686F743A20616374697605
:108AB000653A2025640A006164645F6B65795F62D2
:108AC00069743A2063616E2774206164643A2025DA
:108AD0003032580A0064656C5F6B65795F62697457
:108AE0003A2063616E27742064656C3A2025303229
:108AF000580A000003000000000000000D510008AB
:108B000000000000080000008812002000000000A3
:108B10000200000000000000030000000000000050
:108B2000BD5400080000000020000000D812002002
:108B30000000000002000000000000008551000855
:108B40002D510008295300081151000855534220A7
:108B5000636F6E666967757265642E0A004B65798E
:108B6000626F6172642073746172742E0A005B73A9
:108B70005D000000978C00089B8C0008BB8C0008EF
:108B8000041E0E00BA8B0008D38B0008F38B00087C
:108B90000C8C0008578C0008CB8C0008ED8C00086A
:108BA000238C00084022B62209027B00040100A0A9
:108BB000FA0904000001030101000921110100016B
:108BC0002240000705810308000A0904010002038E
:108BD0000000000921110100012222000705820383
:108BE000200001070503032000010904020001031E
:108BF00000000009211101000122B60007058403CD
:108C000020000A09040300020300000009211101E9
:108C10000001222200070585032000010705060345
:108C20002000010631FF0974A1010975150026FF16
:108C3000009520750881020976150026FF00952011
:108C400075089102C0120110010000004011AC75BE
:108C50004101000102000105010906A101050719F2
:108C6000E029E71500250195087501810295017538
:108C70000881010507190029FF150026FF00950648
:108C800075088100050819012905950575019102EE
:108C9000950175039101C0040309041E0344007289
:108CA000006900660074004D0065006300680061A3
:108CB000006E0069006300730000000E0341007540
:108CC000007300740069006E0000000660FF096117
:108CD000A1010962150026FF00952075088102098F
:108CE00063150026FF00952075089102C005010953
:108CF00002A10185020901A1000509190129081530
:108D00000025019508750181020501093009311519
:108D100081257F95027508810609381581257F9583
:108D20000175088106050C0A38021581257F950119
:108D300075088106C0C005010980A10185031901DC
:108D40002AB700150126B700950175108100C005EE
:108D50000C0901A101850419012AA002150126A010
:108D600002950175108100C005010906A101850564
:108D7000050719E029E7150025019508750181020D
:108D80000507190029EF1500250195F075018102ED
:108D900005081901290595057501910295017503CD
:108DA0009101C000000000007B59000863590008D1
:108DB000AB59000893590008A159000889590008C7
:108DC000715900085959000800000000CC920008B1
:108DD000AC1D0020AC1D0020AC1D0020CC92000872
:108DE000000000000000000000000000CC9200081D
:108DF000000000000000000000000000CC9200080D
:108E0000000000000000000000000000CC920008FC
:108E1000000000000000000000000000CC920008EC
:108E2000000000000000000000000000CC920008DC
:108E3000000000000000000000000000CC920008CC
:108E40000000000000000000000000006D61696E7D
:108E50000069646C65000000518E0008A01B0020B2
:108E6000581C002001000000B55C00080000000054
:108E70000000010000000000000002400800024065
:108E80000100000000000009000002401C00024038
:108E9000060000000004010A000002403000024009
:108EA000060000000008020A0000024044000240E0
:108EB00078000000000C030B000002405800024044
:108EC000780000000010040B000002406C0002401B
:108ED000780000000014050B0000024080000240F2
:108EE000780000000018060B00000000156900085B
:108EF000E56B00088D6C0008400040003013002036
:108F0000301300200100000044130020A0040028BA
:108F1000000000005FF7FFFF05515565DFFF00000F
:108F200000110000000000008000000000000000B0
:108F3000FFFFFFFF55555555FFFF000000000000E3
:108F4000000000000000000000000000FFFFFFFF25
:108F500055555501FFFF0000000000000000000013
:108F60000000000000000000FFFFFFFF55555555B1
:108F7000FFFF0000000000000000000000000000F3
:108F800000000000FFFFFFFF55555555FFFF000093
:108F900000000000000000000000000000000000D1
:108FA000FFFFFFFF50555555FFFF00000000000078
:048FB00000000000BD
:088FB4008076FF7F0100000040
:108FBC001E320A141E64082806000000FFFF000081
:108FCC000001000000000000000000000000000094
:108FDC000000000000000000000000000000000085
:108FEC000000000000000000000000000000000075
:108FFC0013100020BD500008040000000400000005
:10900C000000000000000000000000000000000054
:10901C000000000000000000000000000000000044
:10902C000000000000000000000000000000000034
:10903C000000000000000000000000000300000021
:10904C0000000000A15B00080000000020000000F0
:10905C000000000000000000020000000000000002
:10906C00030000000000000000000000155C000878
:10907C0000002000000000000000000002000000C2
:10908C000000000003000000000000004F5C00081E
:10909C0000000000080000000000000000000000BC
:1090AC000200000000000000241D00200506000046
:1090BC00040000000400000020000000200000005C
:1090CC000100000040100020D01000200000000023
:1090DC000000000000000000000000000000000084
:1090EC000000000000000000000000000000000074
:1090FC000000000000000000000000000000000064
:10910C000000000000000000000000000000000053
:10911C000000000000000000000000000000000043
:10912C000000000000000000000000000000000033
:10913C000000000000000000000000000000000023
:10914C00000000000000000000000000040000000F
:10915C0004000000000000000000000000000000FF
:10916C0000000000000000000000000000000000F3
:10917C0000000000000000000000000000000000E3
:10918C0000000000000000000000000000000000D3
:10919C000300000000000000A15B000800000000BC
:1091AC002000000000000000000000000200000091
:1091BC0000000000030000000000000000000000A0
:1091CC00155C0008000020000000000000000000FA
:1091DC00020000000000000003000000000000007E
:1091EC004F5C0008000000000800000000000000B8
:1091FC00000000000200000000000000241D002000
:10920C000203000004000000040000002000000025
:10921C00200000000000000060110020F011002070
:10922C000000000000000000000000000000000032
:10923C000000000000000000000000000000000022
:10924C000000000000000000000000000000000012
:10925C000000000000000000000000000000000002
:10926C0000000000000000000000000000000000F2
:10927C0000000000000000000000000000000000E2
:10928C0000000000000000000000000000000000D2
:10929C0000000000000000000000000000000000C2
:1092AC00010000001956000825560008AD560008AC
:1092BC00E956000815570008009600000000080049
:0400000508000231BC
:00000001FF
