:020000040800F2
:1000000000040020310200084B760008330200088B
:1000100033020008330200083302000833020008EC
:1000200033020008330200083302000833020008DC
:1000300033020008330200083302000833020008CC
:100040003302000833020008258A00083302000842
:1000500033020008330200083302000833020008AC
:10006000330200082D85000891820008B182000843
:10007000330200083302000833020008E18D000853
:10008000D58F00083302000833020008330200084D
:10009000330200083302000833020008FD8600081E
:1000A000330200083302000833020008330200085C
:1000B00033020008330200083302000825900008CC
:0800C0003D01000811010008D8
:1000C8000448054B10B5834203D0044B002B00D0E5
:1000D800984710BD5011002050110020000000006A
:1000E80006480749091A8B10C90FC91810B54910D5
:1000F80003D0044B002B00D0984710BD50110020AE
:10010800501100200000000010B5074C2378002B88
:1001180009D1FFF7D5FF054B002B02D0044800E0BA
:1001280000BF0123237010BD501100200000000003
:1001380004B40008054B10B5002B03D0044905484A
:1001480000E000BFFFF7CCFF10BDC0460000000074
:100158005411002004B4000872B6244880F30888BB
:10016800234880F30988022080F31488BFF36F8F37
:1001780006F0AAFF06F069FD1E481F491B4A914276
:1001880002DA08600431FAE71C49194A914202DA96
:1001980008600431FAE71A491A4A1B4B9A4204DAF2
:1001A8000868106004310432F8E700201749184A3B
:1001B800914202DA08600431FAE706F089FF06F096
:1001C80084FF144C144DAC4203DA21688847043488
:1001D800F9E706F049FD114C114DAC4203DA2168EC
:1001E80088470434F9E70F49084700000004002055
:1001F800000C002055555555000000200004002033
:1002080004B40008000C00205011002050110020F8
:1002180004220020C0000008C4000008C400000830
:10022800C8000008D570000896E700F000F8FEE75F
:10023800F0B544464D4656465F46F0B46B46CB6033
:10024800C3689D46F0BCA046A946B246BB46F0BD71
:1002580062B6281CA047002007F06EF9FEE707F0F9
:1002680031F9024A024B1360FEE7C04604ED00E094
:100278000000008002B47146490849000956490047
:100288008E4402BC7047C04602B471464908490012
:10029800095C49008E4402BC7047C04603B47146ED
:1002A800490840004900095A49008E4403BC704778
:1002B800002243088B4274D303098B425FD3030A9D
:1002C8008B4244D3030B8B4228D3030C8B420DD3B0
:1002D800FF22090212BA030C8B4202D3121209023E
:1002E80065D0030B8B4219D300E0090AC30B8B427C
:1002F80001D3CB03C01A5241830B8B4201D38B032A
:10030800C01A5241430B8B4201D34B03C01A5241CE
:10031800030B8B4201D30B03C01A5241C30A8B4211
:1003280001D3CB02C01A5241830A8B4201D38B02FC
:10033800C01A5241430A8B4201D34B02C01A5241A0
:10034800030A8B4201D30B02C01A5241CDD2C30912
:100358008B4201D3CB01C01A524183098B4201D38E
:100368008B01C01A524143098B4201D34B01C01A79
:10037800524103098B4201D30B01C01A5241C308F1
:100388008B4201D3CB00C01A524183088B4201D360
:100398008B00C01A524143088B4201D34B00C01A4C
:1003A8005241411A00D20146524110467047FFE7B8
:1003B80001B5002000F0F0F802BDC0460029F7D0D2
:1003C80076E7704703460B437FD4002243088B42ED
:1003D80074D303098B425FD3030A8B4244D3030BC4
:1003E8008B4228D3030C8B420DD3FF22090212BA89
:1003F800030C8B4202D31212090265D0030B8B4205
:1004080019D300E0090AC30B8B4201D3CB03C01AEE
:100418005241830B8B4201D38B03C01A5241430BC9
:100428008B4201D34B03C01A5241030B8B4201D3B9
:100438000B03C01A5241C30A8B4201D3CB02C01A24
:100448005241830A8B4201D38B02C01A5241430A9C
:100458008B4201D34B02C01A5241030A8B4201D38B
:100468000B02C01A5241CDD2C3098B4201D3CB0132
:10047800C01A524183098B4201D38B01C01A5241E1
:1004880043098B4201D34B01C01A524103098B42E5
:1004980001D30B01C01A5241C3088B4201D3CB00D0
:1004A800C01A524183088B4201D38B00C01A5241B3
:1004B80043088B4201D34B00C01A5241411A00D263
:1004C80001465241104670475DE0CA0F00D04942CC
:1004D800031000D34042534000229C4603098B423C
:1004E8002DD3030A8B4212D3FC22890112BA030AC4
:1004F8008B420CD3890192118B4208D38901921146
:100508008B4204D389013AD0921100E08909C309CA
:100518008B4201D3CB01C01A524183098B4201D3CC
:100528008B01C01A524143098B4201D34B01C01AB7
:10053800524103098B4201D30B01C01A5241C3082F
:100548008B4201D3CB00C01A524183088B4201D39E
:100558008B00C01A5241D9D243088B4201D34B00B9
:10056800C01A5241411A00D20146634652415B10FB
:10057800104601D34042002B00D5494270476346DC
:100588005B1000D3404201B5002000F005F802BD21
:100598000029F8D016E770477047C046002B11D1E4
:1005A800002A0FD1002900D1002802D00021C94318
:1005B800081C07B4024802A14018029003BDC046B7
:1005C800D9FFFFFF03B4684601B5029800F02EF882
:1005D800019B9E4602B00CBC7047C046F0B515049E
:1005E8002D0C0F0001002E00C64684460004140C92
:1005F800000C090C46434D43604361434019340CD9
:10060800241800B5A54203D9802040028046414401
:10061800250C6D18614659437A433004491924045E
:10062800000C2018891804BC9046F0BDF0B5574658
:100638004E464546DE46E0B504000D009246994612
:1006480083B08B4230D82DD04946504600F0BAF8D6
:1006580029000600200000F0B5F8331A9846203B20
:100668009B4633D45A465346934042461F0053464E
:1006780093401E00AF423AD8AF4200D178E05B46C3
:10068800A41BBD41002B00DA75E000220023009274
:10069800019301235A469340019301234246934014
:1006A800009328E08242CFD90022002300920193D0
:1006B8000C9B002B01D01C605D600098019903B071
:1006C8003CBC90469946A246AB46F0BD4246202324
:1006D8009B1A5246DA40414613004A468A401700A0
:1006E80042461F43534693401E00AF42C4D90022DE
:1006F8000023009201934346002BD9D0FB077208D0
:100708001A4346467B080EE0AB4201D1A2420CD800
:10071800A41A9D41012024196D410021013E24188D
:100728004D41002E06D0AB42EED9013E24196D4151
:10073800002EF8D1009801995B4600196941002BF9
:1007480024DB2B005A464446D3402A00E2401C00D2
:100758005B461500002B2ADB26009E40330026004E
:100768004746BE403200801A9941009001919FE7A8
:10077800A342BCD883E74246202300219B1A0022CB
:10078800009101920122DA40019286E74246202335
:100798009B1A2A0046469A402300F34044461343D6
:1007A8002A00E2401C005B461500002BD4DA4246C2
:1007B8002F002023260097409B1ADE403B0033433E
:1007C800CDE7C04610B5002903D100F007F8203066
:1007D80002E0081C00F002F810BDC0461C210123ED
:1007E8001B04984201D3000C10391B0A984201D30C
:1007F800000A08391B09984201D30009043902A2EA
:10080800105C40187047C046040302020101010150
:100818000000000000000000F0B5C64600B50F2A31
:1008280043D90B00032603431E400C000300002E8F
:1008380040D11500103D2D09AC462D01A846804435
:1008480000E03B00676825685F60E7681D60DF605F
:100858001F00A56810379D6010344345F1D16546E7
:100868000F230C2401352D01491913404519144251
:1008780023D08C59AC5104369C1B032CF9D8032483
:10088800043B9B0801339B002240ED18C918561EF3
:10089800002A07D0002300E02300CA5C5C1CEA544D
:1008A8009E42F9D104BC9046F0BD0500561E002AB0
:1008B800F0D1F7E7561E0500ECE71A00F6E7C04648
:1008C800F0B5050083074AD0541E002A44D0CEB2A2
:1008D8000300032202E00135013C3DD301332E70B1
:1008E8001342F8D1032C2FD9FF220A4015021543D1
:1008F8002A0415430F2C35D92700103F3F093E0124
:10090800B4461E001A00103666441560556095609E
:10091800D5601032B242F8D10F260C2201373F01C0
:100928002640DB193700224217D03E1FB608B40014
:10093800A4461A001C1D644420C2A242FCD1032410
:100948000136B6009B193C40002C05D0C9B21C19D1
:10095800197001339C42FBD1F0BD3400F4E7140058
:100968000300BFE72700E0E710B5830727D0037827
:10097800002B26D00300032102E01A78002A1CD09D
:1009880001330B42F9D119680F4A104C8A188A436F
:1009980022420FD1043319680B4A8A188A4322422B
:1009A80008D104331968084A8A188A432242F1D0C8
:1009B80000E001331A78002AFBD1181A10BD030091
:1009C800E1E70020FAE7C046FFFEFEFE8080808057
:1009D80070B5040000041821001BFFF769FC184AD1
:1009E800030080B290420BD80921FFF761FC80B266
:1009F800144D002C15D12100280007F08DF870BD8A
:100A080098B2114B1149C0180002FFF751FC0300BE
:100A1800434358438023000A5B029842E7D10C48BD
:100A2800E6E70C4B6A689A42E9D0AB680849584334
:100A3800FFF73EFC00210200280007F062F8DEE71D
:100A48007B14000060210020F6280000F528010032
:100A5800FFFF0000380C002010B50020FFF7B8FF9A
:100A680010BD000010B50E4C200007F03EF8200025
:100A78000C4907F02CF872B6200007F058F801234B
:100A8800E26809491343E360A3681804C01AFFF732
:100A98000FFC00210200200008F048FA62B610BDE1
:100AA80060210020380C0020FFFF000010B5044C26
:100AB800200007F01AF82000024907F008F810BDD6
:100AC80060210020040C002070B5284B284D1C78AC
:100AD800288821020130FFF75BFD88B22880610079
:100AE800FFF7E6FB7F24234B04401B78022B04D13D
:100AF800402C06D1FFF7DAFF03E0012B01D17F2C50
:100B0800F8D01D4B1821185D0002FFF7D1FB1B4BD5
:100B18001B789B0858431A4B80B2984215D8092174
:100B2800FFF7C6FB80B272B60123164C1649E2687D
:100B38001343E360A3685843FFF7BAFB00210200A0
:100B4800200008F0F3F962B670BD104B1049C018C8
:100B58000002FFF7ADFB0300434358438023000A1C
:100B68005B029842DED10848DDE7C046000C002051
:100B78006C1100206E110020BD9700086E0C00203B
:100B88007B14000060210020FFFF0000F628000011
:100B9800F5280100002310B5034A1380034A137097
:100BA800FFF760FF10BDC0466C1100206E110020D9
:100BB80090208222402110B5C00507F0F6FC0A48B3
:100BC8000A4906F084FF0A4B01221B7818001040DE
:100BD800134205D09A0702D5FFF7DCFF10BD98082D
:100BE800FFF7F6FEFAE7C04660210020040C00205B
:100BF8006E0C0020084B01221B7810B5180010401D
:100C0800134205D09A0702D5FFF7C4FF10BD980814
:100C1800FFF7DEFEFAE7C0466E0C002010B5FFF7BE
:100C280045FF034B18788008FFF7D2FE10BDC04679
:100C38006E0C00201FB51B4B1B78092B2CD11A4BAF
:100C480002AA1B780F2013703C22184B1B785BB24A
:100C58005A43174B00215B5E1F21D218154B5A438C
:100C6800154B52011B7852090B4014491B04097893
:100C78000140090202980B43114901400B430293BA
:100C8800039B10480193DB0EDB06134302A9039371
:100C980006F058FF05B000BD042BFBD100F0ACFEF8
:100CA800F8E7C0467111002082110020721100205F
:100CB8007A11002060EA0000701100207C110020E9
:100CC800FFF0E0FF2821002010B5124B1B78092BFC
:100CD8001ED1114B3C211C882000FFF7E9FA0F4B6D
:100CE8003C2118702000FFF769FB0D4A0D4B198055
:100CF80011780D4B197053780C491B071B0F0B709B
:100D080093780B4ADB06DB0E13700022094B1A702E
:100D180010BDC0467111002074110020721100200E
:100D28008C1700207A110020821100207C110020ED
:100D3800701100208111002070B50400FFF77AFFC0
:100D48000E4A1378002B01D11F3313701678012037
:100D580007220B490B78002C0BD0002B0CD0013B41
:100D6800DBB235001D410542F5D00B70FFF7ACFF33
:100D780070BD01331340F4E71300F2E76C0C002058
:100D880071110020002170B5354A06001078354BE6
:100D980001385956032803D8FFF776FA0F1C1F2D80
:100DA8000020314C182120568019FFF7F1FB00294B
:100DB80001DB217070BD1831FBE72C4C3C2100236E
:100DC800E05E8019FFF7E4FB002901DB2180F1E7F1
:100DD8003C31FBE789191970ECE70020244C0C2101
:100DE8002056FFF7D5FB8919CBB249B20029E0DCC0
:100DF8000C332370DEE71E4B02221B781E245BB2E5
:100E08001800904309281BD0042819D00134022B5C
:100E180016D1184B033CC9188DB28B0710D1642129
:100E28002800FFF7CBFA89B20134002908D19131A3
:100E38002800FF31FFF7C2FA89B24C424C411C34FA
:100E480000200D4D21002856FFF7A2FB8919CBB2CF
:100E580049B2002901DD2970ACE71C192C70A9E7FB
:100E68008111002082110020721100207A110020C7
:100E78007C110020BC0700007011002070B506240A
:100E8800444349002A346418200002F033FB00026E
:100E980085B2601C02F02EFB284380B270BD0000B2
:100EA80010B5234B1878013808283ED8FFF7ECF91D
:100EB800050728092A2F323D3500AB2010BDFA203E
:100EC800FCE73F211B4C23789A0801320A403C3941
:100ED800182A12D892000B401343237020788008F8
:100EE800FFF776FD22780323110000209943814201
:100EF800E4D0012313432370E0E760220B40EBE7C3
:100F0800BD20DBE700210800FFF7B8FFD6E7002186
:100F18000120F9E700210220F6E70120FFF732FF60
:100F28000122054B00201A70C8E7A920C6E7C04671
:100F3800711100206E0C00208011002010B5214B8B
:100F48001878013808283BD8FFF79EF905072409C7
:100F5800262B2E3A3100AC2010BDF920FCE71A4CA4
:100F6800032123781A008A4305D09A08013A92008F
:100F78000B401343237020788008FFF729FD23785E
:100F880003221900002091438142E5D101229343B5
:100F98002370E1E7BE20DFE701210020FFF76EFFA5
:100FA800DAE701210800F9E701210220F6E701202C
:100FB8004042FFF7E7FE0122044B00201A70CBE7FE
:100FC800AA20C9E7711100206E0C002080110020B2
:100FD80010B51C4B1878092808D8FFF755F90507EC
:100FE800091A0B1F2427072AA82010BDAE20FCE7EA
:100FF800F620FAE70124144A13789807C00F4440F2
:101008000220610083430B431370002C03D1FFF7C8
:1010180005FE0020E9E7FFF7BDFDFAE70221002001
:10102800FFF72CFFE1E702210120F9E70221080080
:10103800F6E7064C052120780130FFF7A9FA217060
:10104800E7E7C046711100206E0C002081110020D6
:1010580070B506241500444349002A34641820005A
:10106800110A02F051FAE9B2601C02F04DFA70BDA3
:1010780073B5CEB2B51C0400EDB2C3B2002A2CD0B1
:101088000133D8B20023290001930093144A013395
:1010980003F052F8E4B20023200001930136013333
:1010A800163015220093F1B20833C0B202F062FF85
:1010B8000C4B0D4A1B78013BDBB2082B02D80B4ABC
:1010C8009B009A582000002318300193013329000F
:1010D800C0B2009303F030F873BD163B5CB2D9E799
:1010E80041980008711100203D9800088C9800086C
:1010F800F7B5CDB2AE1C0400F6B2C0B2002A24D0B7
:1011080000230130019300933100114AC0B201332A
:1011180003F012F8E4B22000013501270923E9B2EF
:10112800002520301A0001950097C0B202F022FF76
:10113800084B22341A78310030323B000195009771
:10114800D2B2E0B202F048FFF7BD203844B2E1E77E
:101158004598000896170020F0B5A94B87B01C8861
:10116800A84B1B78092B00D120E13C212000FFF778
:101178009FF83C21C3B220000293FFF71FF98DB2FC
:101188000C210298FFF71AF9CCB2002C00D10C34CC
:1011980009209D4B02221F7802AB0021C0181F7244
:1011A800FFF78EFB0D2002ABC0180222002105AE0E
:1011B8003770FFF785FB954F2200390004A805F02A
:1011C80099F92A003900300005F094F904F06AFB17
:1011D8000021012204000800FFF78AFF01220021F4
:1011E8002D20FFF745FF142501272B000026143B6F
:1011F800DBB20393039801F01BF93A00B2401040A8
:10120800C217121AB01C00232900D20FC0B201362F
:1012180002F0D4FD102EEDD10135EDB21A2DE4D136
:10122800002509231322122128000195009702F0B6
:1012380060FE0123032214210E200195009702F07D
:1012480099FE02222300724E1340144200D1B3E0EB
:101258000B2312211A001E200195009702F08AFE26
:101268002B000195009532001421212002F064FF23
:1012780001232200674E1A401C4200D1A0E000253D
:1012880000930A331A0012212820019502F072FEF9
:101298002B0001950095320014212B2002F04CFF01
:1012A800042223005C4E1340144200D18BE001233A
:1012B800002500930A331A0012213220019502F00A
:1012C80059FE2B000195009532001421352002F0BB
:1012D80033FF08222300514D1340144200D176E019
:1012E8000123002400930A331A0012213C200194A0
:1012F80002F040FE2300019400942A0014213F20AC
:1013080002F01AFF464B1A78D5B2012A63D100249D
:1013180009232100163264200194009502F02AFE68
:10132800230029003F4A01940094672002F004FF3B
:101338003D4B1A78D1B2012A57D1002409230091D4
:1013480064200B210194163202F014FE230001944C
:1013580000940C216720354A02F0EEFE0024012398
:101368001621522004AA0194009402F0E5FE0123FC
:1013780016215D202E4A0194009402F0DDFE01231F
:10138800162161200194009405AA02F0D5FE029B63
:10139800019400940B2B30D90123264A16216D2085
:1013A80002F0CAFE02F07CFC07B0F0BD224B1B78AD
:1013B8000293224B1D88E3E601930093012352E731
:1013C8000192009267E70193009301237CE7019360
:1013D8000093012391E71A78D3B2002AA8D1019388
:1013E800009301230F4A19009FE71A78D3B2002A05
:1013F800B4D1019300930123ABE70123104ACDE751
:101408007411002071110020B89600084B9800084C
:101418006C980008439800085098000852980008F3
:101428007611002054980008781100205898000878
:101438005C9800085E980008721100207A1100205C
:1014480061980008964BF0B51F88964B8FB05D7871
:101458009C781E78944B2D071B78E4062D0FE40E1C
:10146800092B00D1BBE03C213800FEF721FF3C21CD
:1014780043B238000293FEF7A1FF0BB204938B4BE3
:10148800F31805936BB2069363B20C210298079385
:10149800FFF77EF84BB20393002B01D10C33039373
:1014A8000920834B02221E7806AB0021C0181E7249
:1014B800FFF706FA0D2006AB02220021C01800240F
:1014C8001E73FFF7FDF9112006AB0CAD02222100B7
:1014D800C0181E742C710C94FFF7F2F9152006AB96
:1014E800C0180BAF022221003E70FFF7E9F9714ED8
:1014F800039A310008A804F0FDFF3100049A09A8F6
:1015080004F0F8FF2800059A6B4904F0F3FF310056
:10151800069A0AA804F0EEFF3100079A380004F092
:10152800E9FF2A000123210006200194009402F01B
:1015380003FE624D01232A0021001F20019400941C
:1015480002F0FAFD0123210025200AAA0194009443
:1015580002F0F2FD2A000125012321003220019426
:10156800009402F0E9FD01233A002100382001949B
:10157800009402F0E1FD2B000E21062008AA019537
:10158800009402F0D9FD2B000E2117204C4A01953A
:10159800009402F0D1FD2B000E211F20019500942C
:1015A80009AA02F0C9FD029B019500940B2B2DDDC1
:1015B8002B00444A0E212F2002F0BEFD424B1B781F
:1015C800002B34D0414B187800230138032820D849
:1015D800012201930092FEF757FE244E51563C4BD0
:1015E8001B785BB202933B4B00229B5E2F4A04930D
:1015F800394B1B785BB29B181BB20593374B1B7892
:101608005BB20693364B1B785BB23EE72B00354A3C
:10161800D0E701930123162200931E3319000620F8
:1016280003E01F232F221900180002F0F1FB01220A
:1016380000215020FFF71CFD01220B215020FFF74D
:1016480057FD294B1A78D1B2012A21D10024092348
:1016580000915620162101941C3202F08BFC2300C5
:101668000194009417215920204A02F065FD02F0E8
:1016780017FB0FB0F0BD09231D22CFE70923312244
:1016880019002520D1E70923432219003820CCE787
:101698001A78D3B2002AEAD1019300930123E1E733
:1016A800741100208C17002071110020BC07000065
:1016B800B89600084B9800086498000867980008D6
:1016C8005C9800085E9800086F11002081110020C6
:1016D800721100207A110020821100207C11002054
:1016E80070110020619800087611002069980008A0
:1016F80010B502F0CBFA04F09DFB0C4B1880AF201C
:1017080002F07AFA0A4B1B78002B02D0FFF79AFEF8
:1017180007E0084B1B78012BF8D0022B02D0FFF70B
:101728001BFD10BDAE2002F067FAFAE794170020FF
:101738006F1100207D1100208022054B12051968C9
:101748000A431A601A6803490A401A607047C0467B
:1017580000000140FFFFFFFE10B503780400092BCD
:1017680002D00A2B0AD010BDFF20074B18211B7886
:101778009B085843FEF726FE6070F4E7024B1B787F
:101788009B07DB0F4370EEE76E0C002010B5037863
:10179800092B02D00A2B11D010BD43781820FF2145
:1017A8005843FEF70FFE03240D4A81001378C0B298
:1017B80023400B431370FFF70BF9EDE74178022242
:1017C800074B002905D1197891431970FFF726FABC
:1017D800E2E719780A431A70FFF7DCF9DCE7C0463C
:1017E8006E0C002010B502F0FDFE01220100174B1F
:1017F800114010421AD01978002900D11A7002221B
:101808000100134B1140104215D01A78002A01D15B
:1018180001321A70042201000E4B114010420FD001
:101828001A78002A01D101321A7010BD1A78012ADB
:10183800E5D11970E3E71A78012AEBD11970E9E7C5
:101848001A78012AF1D11970EFE7C0467711002004
:10185800761100207811002010B503F0C9FE0400AD
:1018680000F091FB0122034B1870034B20001A7003
:1018780010BDC04696170020801100200122F8B53F
:10188800294B1A70294B984230D0294B984219D0CD
:10189800023B984244D18B78002B17D0FFF798FB76
:1018A800040004F0C7FA0500002C0FD0200000F057
:1018B800C9F9280004F0C3FA0928FAD9200000F071
:1018C800D7F903E01B4B1C78002C01D000240BE057
:1018D8008B78002BFAD0184D032128780130FEF7B9
:1018E80057FE2970FFF704FF2000F8BD8B78002B06
:1018F800ECD0104E114D3478114F002C08D0002434
:10190800FFF798F93B7834702B70FFF7DDF9EBE7B8
:101918002B783B70FFF78EF9012333700833F3E718
:1019280000F0BEF90400DFE780110020815F0000AD
:10193800825F00006F1100207D11002071110020CE
:101948007F11002070B506000C0001F0C1FE051ED5
:101958002DD01E4A01211378002C00D102395B18C2
:101968001B490B4004D54021013B49420B4301333D
:1019780001201370174B1870002E18D1164B1B78C6
:10198800002B19D1002C14D0FFF78AFA040004F0B8
:1019980051FA0600002C0AD0200000F053F930005C
:1019A80004F04DFA0928FAD9200000F061F928005E
:1019B80070BDFFF7C3FAE9E7002C04D03000FFF749
:1019C800BBF92500F3E7FFF7B7F9F0E76D0C002046
:1019D8003F000080801100209617002010B52724B2
:1019E80020000021013401F08FFD3C2CF8D11F218B
:1019F800272001F089FD10BD10B5034B2820197868
:101A080001F082FD10BDC0466E0C002070B5431C6D
:101A180004000078023807282FD8FEF735FC043177
:101A28002E2E2E52565A60788038032825D8FEF775
:101A38002BFC0B020D07292001F05CFDA07070BD86
:101A4800254B1B78A370FAE7244BFAE7A578002109
:101A58002800FFF713FA030A0121E3702071280018
:101A6800FFF70CFA030A6371A07102212800FFF73F
:101A780005FA030AE3712072E1E7FF232370DEE72A
:101A8800607880380328F8D8A378FEF7FDFB0C02AD
:101A980011071900292001F037FDD0E70E4A13700D
:101AA800FFF726FECBE70D4A190027201370F2E74F
:101AB8002179627909020A431800E178FFF7C8FA28
:101AC800BDE71800FFF762FEB9E71800FFF744FE0C
:101AD800B5E7FFF791FFB2E77D1100206C0C0020FD
:101AE80010B5282001F006FD064B1870292001F0DA
:101AF80001FD054B1870272001F0FCFC034B187002
:101B080010BDC0466E0C00207D1100206C0C00201A
:101B180010B501F047FE002802D0FFF7E1FF10BD25
:101B2800FFF75CFFFBE7000010B50649064806F022
:101B38000DF80122054B1A70FFF73AF800F072FC15
:101B480010BDC0468C1700202821002080110020DD
:101B580070B51C4C1C48210005F0F8FF60681B4953
:101B680040014009FEF72EFC194B80B21A88194C27
:101B7800824213D01880184B1B78002B0ED10133EA
:101B88002370164B1B78022B0BD00025124B1D70AF
:101B9800FFF728FEFFF7ACFD257002E02378002B45
:101BA800EFD10F4B188804F04AF9084B984208D92E
:101BB800094C2378002B04D1AE2002F01DF8012334
:101BC800237070BD8C1700202821002060EA0000D7
:101BD80074110020801100207E1100207D1100204A
:101BE80094170020F82203000138FF3870B552011D
:101BF800904219D280208022802440001840920010
:101C0800451EA8411A40E400DD040ED50001002A53
:101C180001D020221043234201D0402210431B054B
:101C280001D580231843884770BDC0B2002A01D06F
:101C380002221043234201D0042210431B05F2D58F
:101C48000823EFE70300E03B10B50400072B02D997
:101C58000549002800D105492000FFF7C3FFE0B27D
:101C680002F042FE10BDC0460D4F0008D34A0008DE
:101C780010B50400C0B202F0B7FE2300E03B072B0A
:101C880002D90449002C00D103492000FFF7AAFF1C
:101C980010BDC0461D4F0008E34A000801207047E8
:101CA80001207047704710B5FFF7FCFF10BD00001A
:101CB80013B5104B00901B78002B16D16B469B7800
:101CC800002B0DD0002A0BD003F030FD04000100DA
:101CD800009803F0E9FC2000009901F0FAFE16BD17
:101CE800009803F005FD0400F5E7009803F01EFDD9
:101CF8000099F2E7C2130020030010B50A0001881A
:101D08004088000408439988FFF7D2FF10BD10B53A
:101D180004000021FFF7F0FF2100FFF7C4FF10BD0A
:101D280030B50124050020008840010020009040C3
:101D380002009C4028002B000A431340A043934212
:101D480001D12000284330BD10B513000A0001005E
:101D580003480068FFF7E4FF03F04CFC10BDC046E1
:101D68001414002010B500F03DFBFFF7DDFE10BD98
:101D780010B500F059FB10BD7047000010B503F016
:101D8800E9F8FFF7F9FF034805F0DBFB04F05EF81C
:101D980010BDC046C409000070B501210500FFF759
:101DA800ABFF2900040001F04BFD002801D1002001
:101DB80070BD29002000FFF761FD0028F7D0290039
:101DC800200002F03FFA0028F1D02900200002F09C
:101DD8009BFA0028EBD02900200002F061FB0028C4
:101DE800E5D0AB78002B0CD01B4B9C422DD00CD8E7
:101DF8001A4B9C4215D01A4B9C4223D0DE3B9C4286
:101E08000CD02800FFF74AFFD2E7164B9C421FD0A0
:101E1800154B9C42F5D103F02FFDF2E7FFF7AEFF1B
:101E2800C5E7012111480278D307DB0F4B400B406F
:101E38008A43134303700E480B4200D00D4804F048
:101E480047FBB4E703F0A6FEB1E703F021FDD8E7AE
:101E580003F023FDD5E7C0465A5D0000015C000091
:101E6800DE5C00005B5D00005C5D00007914002012
:101E7800419A0008309A0008F8B5184BC1081D5C53
:101E880007231840164B174C5A5C174F0241645CE5
:101E98007F5C01231600044107411E401C401F407F
:101EA8001A4202D0E12002F01FFD002C02D0E620E9
:101EB80002F01AFD280002F000FE002C02D0E620F5
:101EC80002F092FD002E02D0E12002F08DFD002FDD
:101ED80002D02C2002F0F1FDF8BDC046739A00082C
:101EE800F39A0008539A0008639A0008F7B50400AB
:101EF80004270A260191207800283CD0012837D1F0
:101F08006378012B0ED1A078A51C02F0D6FD2C0019
:101F1800019D0134013DEDB2FF2DECD0300005F0FC
:101F280010FBF7E7022B04D1A078A51C02F0DCFC1B
:101F3800EDE7032B04D1A078A51C02F055FDE6E7D8
:101F4800042B01D00134E3E700250B49A3780234C0
:101F5800CA5C601C3A4205D1013DD9D3300005F076
:101F6800F0FAF9E77543303B5D1963780400EFE751
:101F7800FFF782FFCCE7F7BDBD96000810B500213A
:101F8800FFF7B4FF10BD0300020C0020824201D00D
:101F9800130010301A0A02D013000830C0B21A0910
:101FA80002D013000430C0B29A0802D013000230E5
:101FB800C0B25B0801D00130C0B2704703003322C1
:101FC8001B0900011843C0B28300801010409343DE
:101FD8000343DBB2223258005B109043134018438E
:101FE800C0B2704770B50500C0B2FFF7E7FF040044
:101FF800280AFFF7E3FF2402204380B270BD704730
:1020080010B5FFF7FCFF10BD0120704710B5FFF7B2
:10201800FBFF10BD10B50400FFF7F2FF201CFFF70F
:10202800F5FF10BD0020704770470000014B4000CD
:10203800185A7047329B000837B501AB19800199CF
:1020480001F047FD00F0E6F80400A020C00184423A
:1020580039D28023DB019C4200D393E0E72C1AD8C5
:10206800DF2C16D8A72C0AD8A42C00D974E0012C90
:102078000FD0231F9BB2A02B0BD9002409E0BE2C44
:1020880000D86DE02000C03880B200241F2800D896
:1020980070E0201C3EBDC0239B019C420ED28023D1
:1020A8009B019C4264D2FF2C03D8EF2CE5D9044352
:1020B80054E0200A80B20002E4B2F8E7E3B2220555
:1020C8005CD4C0245BE0AA23DB019C421DD2A82279
:1020D800E3B2D201944270D2013AFF3A94420BD251
:1020E800013AFF3A944260D2013AFF3A94424ED301
:1020F8003E481C020443CCE7032498082340023CD2
:102108009C40400120433A4CD1E7B423DB019C4278
:102118000FD2013BFF3B9C425CD2AC23DB019C42CB
:102128004ED3344BE3189BB2FF2BA6D82002324C77
:10213800BDE78025314BAD01E3189BB2AB429CD281
:10214800E004C00E00F0E0F8F82300025B0118403C
:10215800E4B204432C439CE7243C1C43A4B298E714
:102168005834274BE4B26400E05A8824E401C1E7FC
:102178002005000DFFF75AFF04008AE7C82424024F
:102188001C4386E71F482040A0242402B2E7200908
:1021980003249A08204022401C400123A340000247
:1021A800520110431843184C81E703249808234030
:1021B800023C9C4040012043F5E7144C1B02DFE73A
:1021C800E0B200F0A1F8F8240002640120400134D4
:1021D800FF348FE70F252000284000F095F82409E8
:1021E8002C40240204430A4861E7C046F1A00000DD
:1021F800008AFFFF00A8FFFFF0A0FFFF00A0FFFF7D
:10220800049B0008FF0F0000008CFFFFF4A00000F3
:102218000090FFFF030010B5E72808D8DF2808D88A
:1022280031285CD00ED8292853D02A285DD0180030
:1022380010BDE0380728FAD8FEF71CF816F923284D
:1022480036F93D42392809D0822807D03528EED101
:102258002C4A12789206EAD52923E8E7294A127807
:102268009207E4D0E023E2E70121264802780A42F7
:1022780041D140780842DAD0E323D206D7D50023EB
:10228800D5E7204A12785107F6D4D0E71D490A78D5
:10229800500732D44978C907E4D410210A40514282
:1022A8004A4152421340C2E7164A51788907BED5BF
:1022B8001278E723E1E7134A12781107F9D4B6E751
:1022C80010490A7810071AD449788907E5D5E42314
:1022D800ADE70C4A12789206A9D53523A7E7094A33
:1022E80012785206A3D52A23A1E7064A1278520685
:1022F8009DD531239BE7392399E7E22397E7E62326
:1023080095E7C0469817002030B5042427490A7875
:10231800224205D018230340082B27D19843204395
:10232800130708D51824050014232540A54225D1F4
:10233800A843C0B2184301244978214206D0182383
:102348000340082B21D19843C0B220438B0708D5FE
:102358001821040011230C408C421FD1A043C0B2A5
:102368001843D30601D5E723184030BD1423034092
:10237800042BD5D1984304331843D1E70340142BD9
:10238800D9D19843C0B22043D5E711230340012B8C
:10239800DCD19843C0B207331843D7E70340112B69
:1023A800DFD19843C0B20843DBE7C0469817002046
:1023B80010B501F022FA10BD10B500F0C9F864207C
:1023C80005F0BFF800F0C4F8002000F031F8C307AA
:1023D80003D5FFF7EDFF03F039FD10BD10B5FFF78A
:1023E800EBFF10BD10B503F045FB002801D103F049
:1023F800D1FB03F04BFB084B187003F051FB074B64
:102408001880FFF7EBFF03F046FB03F0CEF8044B10
:102418001868FFF721FA10BD7914002098170020DA
:10242800141400207047704710B5FFF7FCFF10BD6B
:10243800014B4000185A7047A617002010B50D48E8
:1024480004F046F8002421000B4804F041F80B483A
:1024580004F03EF80A4A6300D05AFFF7C3FD0100B2
:10246800084804F035F80134074804F031F8062C20
:10247800E9D110BD329B0008499B0008CCA2000896
:10248800A61700204E9B0008B2A1000810B5012035
:1024980005F057F810BDC046C046C046C046C04605
:1024A800C046C046C046C046C046C046C046704743
:1024B80010B5FFF7EBFF10BD10B572B60F23020081
:1024C80001211A4091409843202206F06EF862B626
:1024D80010BD000070B51648FFF7EEFF1548FFF76E
:1024E800EBFF9020C005FFF7E7FF1348FFF7E4FF75
:1024F8001248FFF7E1FF1248FFF7DEFF114C2500F5
:10250800403501CCFFF7D8FFA542FAD100231A00C5
:102518000D4C0E4819190A80191802330A800C2B21
:10252800F8D1062000F06AF8FFF71CFC70BDC04621
:10253800030400480404004802000048040000485E
:1025480003000048549B00089A170020A617002093
:10255800F7B50025244C254F236872B60F210126B4
:102568001A000B409E408A430192310001220198D3
:1025780006F01BF8019BB6B25E8362B6FFF78BFFCD
:1025880000231B4A1E00944661469A0052580F21A8
:102598001000884300690A40D0400E3900220842E2
:1025A80002D10A009A4012B216430133B6B2102B78
:1025B800EAD12068FFF780FFFFF77AFF3A88002307
:1025C800B24201D03E8001331D430A4B0434023726
:1025D8009C42C1D12B0006220749044800F010F89C
:1025E800FFF7C6FB2800FEBD949B00089A17002041
:1025F800549B0008AC9B0008A617002070470000F9
:10260800F8B506000F0014000E4D002B05D001236D
:102618002B7003F00FFC0C4B18802B78002B0BD081
:10262800094B188803F00BFC052805D90023640022
:10263800A34202D100232B70F8BDF25AFA5202339A
:10264800F6E7C046831100208411002010B5044825
:1026580003F03EFF01220521024803F039FF10BDB7
:10266800AC9B0008A79C0008013810B505280FD8B6
:10267800FDF70AFE030F19232D371F4A13785B183D
:10268800FF21FE2B00DCD9B21C48117003F020FF9B
:1026980010BD1B4A13785B18FF21FE2B00DCD9B252
:1026A80018481170F2E7184A13785B18FF21FE2BBF
:1026B80000DCD9B215481170E8E7154A13785B18A1
:1026C800FF21FE2B00DCD9B212481170DEE7124A56
:1026D80013785B18FF21FE2B00DCD9B20F4811706C
:1026E800D4E70F4A13785B18FF21FE2B00DCD9B220
:1026F8000C481170CAE7C0466F0C0020F59C000812
:10270800700C0020049D0008710C0020169D000824
:10271800720C0020299D0008750C00203E9D0008C1
:10272800760C0020579D000801380B0010B50528CD
:102738000FD8FDF7A9FD030F19232D371E480021D7
:1027480002789A4201D9D31AD9B201701B4803F012
:10275800BFFE10BD1A48002102789A4201D9D31A47
:10276800D9B201701748F2E71748002102789A4257
:1027780001D9D31AD9B201701448E8E714480021E6
:1027880002789A4201D9D31AD9B201701148DEE70A
:102798001148002102789A4201D9D31AD9B201709E
:1027A8000E48D4E70E48002102789A4201D9D31A7C
:1027B800D9B201700B48CAE76F0C0020F59C0008DD
:1027C800700C0020049D0008710C0020169D000864
:1027D800720C0020299D0008750C00203E9D000801
:1027E800760C0020579D000810B50100040005482C
:1027F80003F06EFE0120A04002F0D7FE02F0AAFB13
:1028080010BDC046729D0008F8B5030005383E2883
:1028180000D9C2E1FDF742FD1F010F0125013F006C
:10282800C101C1010D01C101C1014D01C1015E011B
:10283800A501C101C101C101C1018501C101C101D8
:102848007401C1013A01C101C101BF01BF01BF014A
:10285800BF01BF01BF01BF01BF01BF01B801C10175
:102868001F010601C101C101C101C101C101C101AD
:10287800C101C101C101C101B801C101C1010D01FD
:10288800C101BC01BC01BC01BC01BC01BC01BC0153
:10289800BC01BC01B801C34803F01AFEC24803F0EA
:1028A80017FE03F0F8F8C14E0100300003F010FEE7
:1028B800BF4C200003F00CFE03F0E8F80500BD480B
:1028C80003F006FEBC4F2900380003F001FE20008B
:1028D80003F0FEFDB94803F0FBFDE907C90F30001E
:1028E80003F0F6FD200003F0F3FDB54803F0F0FD1A
:1028F800A907C90F300003F0EBFD200003F0E8FD45
:10290800B04803F0E5FD6907C90F300003F0E0FDAA
:10291800200003F0DDFDAC4803F0DAFD2907C90FFC
:10292800300003F0D5FD200003F0D2FD03F0B8F825
:102938000500A64803F0CCFD2900380003F0C8FDC7
:10294800200003F0C5FDA24803F0C2FDE907C90F46
:10295800300003F0BDFD200003F0BAFD9D4803F0F0
:10296800B7FDA907C90F300003F0B2FD200003F03E
:10297800AFFD994803F0ACFDE905C90F300003F03D
:10298800A7FD200003F0A4FD944803F0A1FDA905CC
:10299800C90F300003F09CFD200003F099FD90481A
:1029A80003F096FD6907C90F300003F091FD200080
:1029B80003F08EFD8B4803F08BFD2907C90F30000B
:1029C80003F086FD200003F083FD874803F080FDB7
:1029D800E906C90F300003F07BFD200003F078FD05
:1029E800824803F075FDA906C90F300003F070FD99
:1029F800200003F06DFD7E4803F06AFD6906C90FEB
:102A0800300003F065FD200003F062FD794803F013
:102A18005FFD29063000C90F03F05AFD200003F0BE
:102A280057FD04E0744803F053FD03F0B3F80124A4
:102A38000FE07248F3E70F210124714A71481378B7
:102A48008B43137003F044FD6F4803F041FD6F4B57
:102A58001C702000F8BD6E4803F03AFDFFF78EF9B0
:102A6800E5E70124664D6B482A78D307DB0F6340FE
:102A78002340A24313432B70234217D1664803F027
:102A880027FD0E222B7893432B70E2E701245C4D3F
:102A980002212A7861489307DB0F63402340A34053
:102AA8008A4313432B700B4223D15D4803F010FD7A
:102AB800CFE701240421524D5A482A785307DB0FE7
:102AC800634023409B008A4313432B700B4210D171
:102AD8005548EBE701240821494D2A781307DB0FF5
:102AE80063402340DB008A4313432B700B4205D01D
:102AF8004E4803F0EDFC2B782343C5E74C48D5E757
:102B08004C4803F0E5FC4C4803F0E2FC4B4803F06A
:102B1800DFFC4B4803F0DCFC4A4803F0D9FC4A4888
:102B28007DE74A4803F0D4FC01F05CFD0100484809
:102B380003F0CEFC474B4848197803F0C9FC474BD3
:102B48004748197803F0C4FC464B47481978C90927
:102B580003F0BEFC03F050F90100444803F0B8FC50
:102B680065E7012402F0F6F97F203E490A78D30987
:102B78006340DB01024013430B70DBB2834201D98F
:102B88003B4893E73B4891E70020FFF72DFE4EE7CF
:102B9800393BD8B2F9E71D3BFBE7374803F098FC0F
:102BA800002456E7779D0008829D0008929D000842
:102BB800B2A10008959D0008499B0008A89D00083F
:102BC800B29D0008BC9D0008C89D0008D19D000862
:102BD800E59D0008FE9D0008159E0008279E000838
:102BE800399E00084B9E00085D9E0008679E0008FD
:102BF800799E0008959E00089D9E0008AE9E0008DC
:102C08007914002060A0000887A000088611002021
:102C18008BA00008A7A00008B3A00008C0A0000867
:102C2800CDA00008DBA00008EAA00008FAA0000870
:102C380006A1000813A1000822A1000863A100084A
:102C48007AA10008B4A10008F5A1000801A20008B3
:102C58000FA200083011002029A20008DC1600206D
:102C680040A200089817002053A200086BA2000891
:102C780082A200088CA2000897A2000800207047D2
:102C8800002070471E38C3B20020092B01D8014A22
:102C9800D05C704731A3000870B57F4E05003478CA
:102CA800012C18D0022C43D00023002C00D07EE049
:102CB80002F0F8FD230022280BD12800FFF7DEFFE1
:102CC8000123002803D12800FFF79EFD03000120FF
:102CD8000340180070BD02F0E5FD2228EDD0280061
:102CE800FFF7CEFF002816D1142D16D008D80B2DCB
:102CF8000AD0102D14D0694803F0EAFB00240AE03A
:102D0800292D0AD0382DF6D1654803F0E1FB654836
:102D180003F0DEFB01242300DBE700243470FAE72C
:102D2800FFF794FC604803F0D3FB02233370F2E70B
:102D3800292831D01FD813283BD008D8072800D11C
:102D480093E00B2825D0554803F0C2FB11E0142866
:102D580022D003001E3B052BF5D8FFF793FF534BFA
:102D68001870524B1978002900D192E0504803F0AE
:102D7800AFFB0123ADE738280BD04B38C3B2072B84
:102D8800E1D80728DFD8FDF775FA68DEDE6CDEDEED
:102D9800625CFFF75BFCE4E7444B1A78002A02D038
:102DA80000221A70DDE73F4803F092FB01233370DD
:102DB8008FE7404803F08CFB3F4803F089FB3F4D09
:102DC8003F4B2800197803F083FB3E4C200003F0AA
:102DD8007FFB3D4803F07CFB3C4B2800197803F04F
:102DE80077FB200003F074FB394803F071FB394B83
:102DF8002800197803F06CFB200003F069FB3648C3
:102E080003F066FB354B2800197803F061FB2000BE
:102E180003F05EFB324803F05BFB324B2800197865
:102E280003F056FB200003F053FB2F4803F050FB40
:102E38002E4B2800197803F04BFB200003F048FBC9
:102E48008FE70121194B1878FFF70EFC89E701215C
:102E5800164B1878FFF768FC83E7144B0A2118789B
:102E6800F2E7124B0A211878F4E71E22144B204887
:102E78001A70164B14321A70164B283A1A70174BE0
:102E88000A321A70174B0C3A1A70184B20321A7003
:102E9800D4E7184858E7C0468611002097A20008D2
:102EA80060A0000887A0000899A2000887110020E8
:102EB80028A300089DA20008ABA20008929D000864
:102EC8006F0C0020B2A10008BDA20008700C002001
:102ED800CFA20008710C0020DEA20008720C0020AE
:102EE800EFA20008750C002004A30008760C00204F
:102EF8001BA300082EA3000810B5184B1A78D30797
:102F08000CD5174B1878052343439B087F20834231
:102F180003D87E38002B00D0D8B210BD930705D552
:102F28000F4B1878052343435B08EFE70523520747
:102F380003D50B4A10784343E8E70A4A1278002A77
:102F4800EAD009490648097800788A42F3D2504302
:102F58005843FDF737FA83B2D8E7C04692110020EC
:102F6800710C002093110020720C002010B5154B35
:102F78001A7801231A4207D0134B1B789B080120AB
:102F8800002B0ED0D8B20CE0910703D50E4B1B785E
:102F98005B08F4E7520705D50B4B1B787F2083426B
:102FA800EDD910BD094A1278002AEBD0084B1978E0
:102FB800054B18788A4201D383B2EFE75043FDF7F7
:102FC80001FAF9E792110020750C002094110020F5
:102FD800760C002010B5F02805D1FFF78DFF404290
:102FE800274BD87010BDF12802D1FFF785FFF7E70E
:102FF800F22805D1FFF780FF4042214B9870F1E796
:10300800F32802D1FFF778FFF7E7F92804D1FFF793
:10301800ADFF1B4B1871E5E7FA2803D1FFF7A6FFB0
:103028004042F6E7FB2805D1FFF7A0FF4042144BCA
:103038005871D7E7FC2802D1FFF798FFF7E703009C
:103048000C33DBB2042B07D80123F43883400C4A35
:1030580051780B435370C5E7FD2805D10123094A70
:1030680011780B431370BDE7FE2803D1054A0223EC
:103078001178F6E7FF28B5D1024A04231178F0E762
:103088008C11002092110020022210B5364B9A565E
:10309800F0280AD1D9787F290DD90021D9708A4220
:1030A8000BD10021314A117007E0F1280ED103211C
:1030B80059560029F1DC002A0ED01A795B7913439E
:1030C8005AB2002B01D12A4B1A7010BDF22808D130
:1030D800002AF0DA00229A7003229A56002AECD1CC
:1030E800DFE7F32802D1002AF4DCE4E7042159568B
:1030F800F92804D10029DEDD00211971DBE7FA285F
:1031080002D10029D7DAF7E705215956FB2804D15F
:103118000029D0DA00215971CDE7FC2802D1002915
:10312800F8DCC8E701000C31C9B2042907D801212D
:10313800F43881400800597881435970BBE7FD286D
:1031480005D101240B480178A1430170B3E7FE289B
:1031580003D1084802240178F6E7FF28ABD10548D7
:1031680004240178F0E7C0468C1100209311002058
:1031780094110020921100202A4B70B51B782A4C1C
:103188001B073CD5294803F0A3F96178284803F0C8
:103198009FF9284803F09CF90221274D6156280021
:1031A80003F096F9254E300003F092F90321280028
:1031B800615603F08DF9300003F08AF904212800E4
:1031C800615603F085F9300003F082F905212800E3
:1031D800615603F07DF91A4803F07AF9194B1A4D34
:1031E8001978280003F074F9184803F071F9184B9E
:1031F8002800197803F06CF9164803F069F902F011
:1032080019FEA378E278134301D0134B1880237971
:103218006279134301D0114B1880200001F02CFA79
:1032280070BDC046791400208C1100203BA3000813
:10323800499B00085EA3000864980008A5A0000840
:1032480060A3000893110020929D000863A3000862
:103258009211002077A10008881100208A1100200F
:10326800F0B55E4B85B01A78022702925A78032689
:103278000392052204259A569E57DF575D570192FF
:1032880000229A70DA701A715A713B0033439342E4
:103298000BD0534B188802F0D2FD52490B78002B03
:1032A80028D0514A127890422DDC019B2B430BD039
:1032B8004E4B188802F0C3FD4D490B78002B51D0B6
:1032C8004C4A1278904256DC444CE278A378134377
:1032D800227913436279134301D0FFF74DFF029B14
:1032E800A7702370039BE6706370019B257163715F
:1032F80005B0F0BD404A14780A2262439042D4DDFA
:1033080001330B7001E0FF2BFAD1344C002F07D0AA
:10331800FFF7F2FD0123002F00DCFE334343A370C7
:10332800002E07D0FFF7E8FD0123002E00DCFE3356
:103338004343E370022161560029B6D0032020568A
:103348000028B2D0B5235943091206D0A1704343CF
:10335800224A1B1204D0D370A7E70122A270F6E715
:103368000123F8E7254A14780A2262439042ABDD2C
:1033780001330B7001E0FF2BFAD1184C002D07D058
:10338800FFF7F4FD0123002D00DCFE3343432371D6
:10339800019B002B08D0FFF7E9FD019A0123002AC1
:1033A80000DCFE334343637104216156002900D1D8
:1033B8008AE705202056002800D185E7B523594320
:1033C800091206D021714343044A1B1204D05371D9
:1033D8007AE701222271F6E70123F8E78C11002031
:1033E8008811002093110020700C00208A11002001
:1033F80094110020740C00206F0C0020730C002026
:10340800062210B500210548FDF75AFA0023044AA0
:103418001370044A1370044A137010BD8C110020F5
:1034280093110020941100209211002010B500F093
:1034380043F9014810BDC046FF0F000010B506480B
:1034480000F0F6F8054800F0F3F8054800F0F0F849
:10345800044800F0EDF810BD00E0010800E801089C
:1034680000F0010800F801088023F7B55B010D00A2
:10347800984201D30020FEBD194A43009F180193CA
:103488003A88184B84129A4205D1380089B200F064
:10349800EFF880B2EFE78022114B134EE402E418F4
:1034A800210030001201FDF7B7F93B789D42E1D0C9
:1034B8000E48019B802703402000F55400F0B8F81F
:1034C80000253F01735D0A4919434B1C03D089B29B
:1034D800601900F0CDF80235BD42F3D1D9E7C046F6
:1034E80000E00108FFFF0000B2170020FE070000FF
:1034F80000FFFFFF034B80B24000C0180078C0B245
:103508007047C04600E0010810B580B2FFF7ACFF75
:1035180010BD0000064983B25B005B1801301A78C1
:1035280083B25B005B181878000210437047C046EE
:1035380000E0010870B50D0084B22000C9B2013462
:10354800FFF792FF290AA0B2FFF78EFF70BD10B5F2
:10355800FFF7F0FF10BD0000F7B51A4D80B2430029
:103568005B191B78471C861CBFB2B6B20193720068
:103578007B005B1952191B7812780C0094462900BD
:10358800C51CADB26A00521861461B0209040B4300
:103598001278019912060B431343A34210D0E1B2EB
:1035A800FFF762FF210AC9B23800FFF75DFF210C5F
:1035B800C9B23000FFF758FF2800210EFFF754FF6B
:1035C800F7BDC04600E001080122094B1000D96888
:1035D80011420CD1D9689018490708D4D9688018C5
:1035E800C90604D4D86802400520801AC0B27047C2
:1035F8000020024037B50400FF25FFF7E5FF01284A
:1036080011D1002C01D105303EBD00230193019555
:10361800019B002B03D1FFF7D7FF013CEFE7019B8C
:10362800013B0193F4E7002CEED10620ECE7000003
:1036380070B506000C48FFF7DDFF052813D10225F9
:103648000A4C094823692B43236140236661226998
:1036580013432361FFF7CEFF062802D02369AB434B
:1036680023613423E36070BDFF0F00000020024097
:10367800F8B5F8231B06C2180D4B05000E000720ED
:103688009A4214D81830FFF7B5FF05280FD1012743
:10369800084C1A3023693B4323612E80FFF7AAFFA9
:1036A800062802D02369BB4323613423E360F8BDB5
:1036B800FEFF070000200240024B034A5A60034AFB
:1036C8005A6070470020024023016745AB89EFCD5F
:1036D80001207047802110B50B4C20222000890062
:1036E80004F063FF802120222000490004F05DFFE0
:1036F8000221226923699205DB090B40D20F13438B
:10370800024A137010BDC0460004004896110020FC
:10371800022170B501241D4B1D4D1A691B69520AFF
:10372800DB090B401B49224013430A780020920012
:1037380013430F22DBB20B701340174AD35C2A786D
:103748009B185BB22B70A34207DD144A0100137863
:103758001B191370FEF7F6F820000023EB5601330F
:1037680008DA0E4A012113780020013B1370FEF796
:10377800E9F8012000230A4AEB56134004D5022237
:10378800013B5242134301332B7070BD00040048C3
:10379800951100209611002065A3000897110020BC
:1037A8000100008010B52320FFF7A4FE212801D0D6
:1037B800002010BD2420FFF79DFE0728F8D11E30F9
:1037C800FFF798FE133843425841F2E710B521211C
:1037D800041E00D1DE312320FFF796FE0721002CBE
:1037E80000D1F8312420FFF78FFE1321002C00D1DF
:1037F800EC312520FFF788FE10BD10B50020FFF73B
:10380800E5FF02F02DF910BD10B52620FFF772FE76
:1038180010BD10B5C1B22620FFF776FE10BD10B559
:10382800FEF776F9FFF7BEFF002808D1FFF7F1FF92
:1038380000F004F900F092F90120FFF7C7FF10BD6E
:1038480010B58C78002C1ED0174BC3180F2B22D81C
:103858001238C0B200F090F90024200010BD0120F9
:1038680001F0DEFE032202210120FEF76DFAF3E7E4
:10387800012001F0E1FE032202210120FEF764FA93
:10388800EBE70220F5E7094B9842F1D0084B984244
:10389800F7D00124E1E7054B9842E0D0044B984269
:1038A800DBD10220DCE7C046EEA0FFFF105F00007E
:1038B800115F0000F8B5040000780D0001381228E7
:1038C80000D993E0FCF7E0FC0A133A4B515B35351D
:1038D8003592925E6268717A7D80890000236370F8
:1038E8000933A3702900200003F080F9F8BD63783C
:1038F800022B0DD0032B0ED0012B1AD102F07CFA2B
:10390800030EA370030CE370030A23716071E9E7E7
:10391800FFF77AFFF4E70026A71C3000FEF788FDC2
:103928000136030AF6B23B7078700237062EF4D1DE
:10393800D8E729002000FEF769F8D3E76378022B5F
:10394800F7D1E378A0781B020343207900040343EE
:1039580060790006184300BAFFF75BFFC2E7E27818
:10396800A178607800F04FF8CEE7227963791202E7
:103978001343A178E278607800F053F8B2E700F0DA
:103988005DF8AFE700F0B6F86070ABE700F0B4F8A8
:10399800030A6370A070A5E76378A0781B02E1783A
:1039A800221D184300F0AAF89CE76378A0781B0250
:1039B800E178221D184300F0BBF893E700F0CEF839
:1039C80090E700F016F8DFE76378A0781B02E1784B
:1039D800221D184300F050F884E76378A0781B0292
:1039E800E178221D184300F05FF87BE7FF2323707E
:1039F80078E704207047520049018918C0225043D3
:103A080008183C30704770B5FFF7F5FF0500FFF761
:103A180071FD0402681CFFF76DFDA4B2204380B25B
:103A280070BD70B51D00FFF7E6FF0400290AFFF717
:103A38006BFDE9B2601CFFF767FD70BDF8B50025A6
:103A4800C0246C430B4B0027E4180DE07300F2B25E
:103A5800E35AF9B2E8B20136FFF7E3FF102EF5D1C9
:103A680001372034062F01D00026EFE70135042D59
:103A7800E6D1F8BDB0980008F8B53C30C02714006E
:103A880005005618BF00B44200D1F8BD2B003C3BDE
:103A9800BB4206DA2800FFF72DFD207001350134FE
:103AA800F1E700232370F9E7F8B53C30C02714008C
:103AB80005005618BF00B44200D1F8BD2B003C3BAE
:103AC800BB4203DA28002178FFF71EFD01340135D7
:103AD800F1E707B501AA030011800020032B08D8DD
:103AE8005178052905D812780F2A02D81800FFF74F
:103AF8008AFF0EBD10207047C4207047CF2370B5D1
:103B080014009B00C5185618B44200D170BD074B6D
:103B1800EB18C32B06DC2800FFF7ECFC20700135FE
:103B28000134F1E700232370F9E7C046C4FCFFFF26
:103B3800CF2370B514009B00C5185618B44200D1A5
:103B480070BD054BEB18C32B03DC28002178FFF769
:103B5800DBFC01340135F1E7C4FCFFFF70B5CF246D
:103B68008025A400ED00200000210134FFF7CCFCE3
:103B7800AC42F8D170BD0000F7B505000F2822D877
:103B88001948FFF7B7FC00281DD1CF248026A400D0
:103B9800F600002D18D1012701952000FFF7AAFC97
:103BA800002301AD661C28706B7098420BD0431E31
:103BB800022B14D8687030002F70FFF79BFC02347A
:103BC800A87000280CD1F7BDB442FCD02000FFF744
:103BD80091FC002801D1013DEDB20134D9E7340050
:103BE8002800FEF7CBF9D8E7FF03000010B500F076
:103BF8008FF810BD70470000002310B50449022259
:103C08000B7048706433782000F0B0FC10BDC046DB
:103C1800BB1F0020402310B5044902220B704870D6
:103C28002433782000F0A2FC10BDC046BB1F002042
:103C3800B02310B51843FFF7DFFF10BD10B5030917
:103C4800040010201843FFF7D7FF0F202040FFF78C
:103C5800D3FF10BD70B50025E8B2FFF7E9FF0020DB
:103C6800FFF7ECFF80240020013CFFF7D3FF002C76
:103C7800F9D10135082DEFD18022210092000248A8
:103C8800FCF71EFE70BDC04698110020802210B5BA
:103C9800002102489200FCF713FE10BD800C0020A2
:103CA800F0B5FF23002785B0FAB2174D0192174AE5
:103CB800FC016519A418FF220026029229782278AF
:103CC800701C0390914214D0019A934202D01000C4
:103CD800FFF7AEFF029BB34205D06B461B7B30005B
:103CE8000293FFF7ABFF2878FFF794FF2B78237038
:103CF800019B6A46167B01350134802EDED10137DF
:103D0800042FD1D105B0F0BD800C002098110020FF
:103D180010B500F0F7FB3C2000F018FCAE20FFF7D0
:103D28006BFFD520FFF768FF8020FFF765FFA8200D
:103D3800FFF762FF1F20FFF75FFFD320FFF75CFF4D
:103D48000020FFF759FF4020FFF756FF8D20FFF7AF
:103D580053FF1420FFF750FFA620FFF74DFFA420C4
:103D6800FFF74AFFA120FFF747FFC820FFF744FFEE
:103D78002020FFF741FF0220FFF73EFFDA20FFF780
:103D88003BFF0220FFF738FF8120FFF735FF8F2028
:103D9800FFF732FFD920FFF72FFFF120FFF72CFFA5
:103DA800DB20FFF729FF4020FFF726FFAF20FFF7B2
:103DB80023FFFFF74FFFFFF773FF10BD30B5040077
:103DC80040B200280FDB1F290DD8012B0CD1012A86
:103DD80009D10633C80819408A40C00100190B4CA4
:103DE800235C5A40225430BD0723C8081940063BBB
:103DF8008B40C0010019054C5BB22556012A02D13F
:103E08002B432354EFE79D432554ECE7800C002017
:103E1800F0B5160089B00EAA12780D0005920FAA07
:103E28001278040006925A1AD11752184A40019281
:103E3800321AD11752184A4002920299019A8A42BC
:103E480004DD32002C001E0005001300B44205D921
:103E58002A001D001300220034001600321BD2B2C3
:103E680003925A1BD11752184A40D2B20792039AAA
:103E78005708012204929D4202D301235B42049316
:103E8800B44201D309B0F0BD019B029A934214DDFC
:103E980021002800069B059AFFF790FF079BFA1A56
:103EA800D3B257B2120605D5049AAD18039AEDB2EB
:103EB8009B185FB20134E4B2E2E729002000069BB8
:103EC800059AE9E713B504AC247882180093D2B2B6
:103ED8000B000194FFF79CFF13BD13B504AC2478C5
:103EE8008A18D2B20093019413000200FFF790FFE2
:103EF80013BDF0B50C0087B005930CAB1D780DAB66
:103F08001B78461C0293029B971EF6B2FFB20390E1
:103F1800049230003A0000932B00FFF7D3FF059B73
:103F28003000591E029B611800933A002B00C9B259
:103F3800FFF7C8FF059B9E1EF6B2002E18D06B1E19
:103F48009D410134029BE4B2EDB232002100039896
:103F580000932B00FFF7C1FF0498039B0138181842
:103F6800029B3200009321002B00C0B2FFF7B5FF7F
:103F780007B0F0BDF0B505000E00040087B01F00C3
:103F88000CAB1B78059203930DAB1B780493059B30
:103F98005B19A34201DC07B0F0BDE0B2AC4202D02D
:103FA800013BA3420FD1039B711C5A1E9341DBB204
:103FB8009C46049BBA1E00936346D2B2C9B2FFF76F
:103FC8008CFF0134E3E7039B31005A1E9341049AA6
:103FD800DBB200923A00F2E7F0B58DB0029312AB73
:103FE8001B780700039313AB1B7806910493012BEE
:103FF80068D899004F4BCB589C78A24262D3D978A5
:10400800091991425EDD19785D78141B0191E4B2BB
:104018000F2D2CD964211A795B794A439B18180013
:1040280001990593FCF7CEF901002000FCF7B0FADE
:10403800059BED086B43019A43435143069C5B186B
:104048000834E4B2ED009BB265190793EBB20B9309
:104058000B9BA34236D02300083BDBB20A93019B9B
:104068003D00FB18DBB20993079B069351E0019BC7
:104078005C43A31D00240793069B0833DBB205931A
:10408800019B0026A34206D0049B9A00294BD358D3
:10409800079A1B199E5C069D01231E4214D0039BA0
:1040A800029A29003800FFF789FE0135059BEDB219
:1040B80076089D42F0D10134019B0137E4B2FFB28A
:1040C800A342DDD20DB0F0BD029A53425A41039B80
:1040D800D2B2E6E7049B0A9E9A00164BD358069A7A
:1040E8009B189B7908930122089B13421CD0039BC1
:1040F800029A31002800FFF761FE089B01365B0831
:10410800F6B20893A642EED1069B01350133EDB213
:104118000693099B9D42DDD1059A079B9446083476
:1041280063440793E4B293E7029A53425A41039BCC
:10413800D2B2DEE7780C0020F0B587B004930CAB60
:104148001B78040005930DAB1F7816000391012F0F
:104158000AD800250D4BBA00D3581B7802933000BB
:10416800FCF702FCA84201D807B0F0BD059B20006F
:10417800725D00930399049B0197FFF72DFF029B43
:104188000135581C2418E4B2E9E7C046780C002031
:10419800F8B5140082781D0006AB1F78274B002A5B
:1041A80011D01C7001F046FE254B188023002033E7
:1041B800DBB2072B06D8072201201440A040C0B26A
:1041C80000F083FCF8BD1E78A6422DD11C4B188840
:1041D80001F035FEC72827D82C002034AE4215D070
:1041E80033002033DBB2072B06D8072301201E40FB
:1041F800B040C0B200F071FCE3B2072B06D8072329
:1042080001202B409840C0B200F05FFC3800E4B2B7
:1042180000F053FC072CD5D8072301201D40A840E7
:10422800C0B200F05AFCCDE723002033DBB2072BE5
:10423800C8D8072201201440A040F1E798130020B5
:104248009A130020264B13B50C0098420BD8254B27
:1042580098420FD8244B98421AD0244B984237D012
:10426800234B98420ED0A078002836D00022214B4C
:104278001A701AE0204BC01802280DD8FCF704F871
:10428800161C220026230093BB331A00010008E005
:1042980027230093BE33F8E72623E022174900932B
:1042A800BB332000FFF774FF002016BD2723E4224C
:1042B80000931349BE33F4E72623E2220093114901
:1042C800BB33EEE72723E62200930549BE33E8E730
:1042D8002823E5220093273BD8E70120E5E7C046DD
:1042E800F65C0000F25C0000D85C0000D95C0000BD
:1042F800D75C0000981300200CA3FFFFF35C0000BC
:10430800F45C0000F55C000070B5050088780028B2
:1043180000D1B9E05D4EB54212D85D4B9D4213D92C
:1043280001F0BEFB5B4C2080B5421ED8584B9D4225
:104338000BD8208801F0C0FB00F00CFE002003E041
:10434800554BEB18082BEBD970BD544BE8181228C5
:1043580019D8FBF799FF1D20232E3134373D4549E5
:104368004C4F595C5F6268896E004B4BE81883B20A
:10437800082BDED80828DCD8FBF786FF13183F4344
:104388002E58698084000123227813432370D0E7D4
:1043980002232278F9E704232278F6E70823227813
:1043A800F3E70123627813436370C2E7022362785C
:1043B800F9E710232278E8E720232278E5E740236D
:1043C8002278E2E700F0C6FD802322785B42DCE732
:1043D8000C2322789A43D8E7032362789A43E2E7CA
:1043E800012223789343D1E702222378FAE70422B3
:1043F8002378F7E708222378F4E7012263789343C8
:10440800D2E702226378FAE710222378EAE720222B
:104418002378E7E740222378E4E700F09BFD7F223A
:1044280023781340B2E70C222378DBE70322637872
:10443800E5E70121042023785A07D20F4A400A40B1
:10444800910083430B430821D2008B439DE7012150
:104458006378DA07D20F4A400A408B43134351006E
:10446800022293430B439FE700F074FD0122237857
:10447800D9094A407F21D2010B4086E7012001F08B
:104488008DFB56E70020FAE701205DE7155C000088
:10449800015C00009817002006A3FFFFFDA3FFFFA3
:1044A800124A10B501230C00904215D101F0FAF917
:1044B800A17803000E4A002910D0AA200340190051
:1044C800481E814135201170002B00D10C3801F0B5
:1044D8007BF901F059FA0023180010BD1378352034
:1044E800002B00D10C3801F079F9F2E7165C0000D6
:1044F8009C130020031E04D0203B1800431E984143
:10450800023870470F4B10B51C78002C18D10122C7
:1045180040211A700C48220004F047F8220080213C
:10452800094804F042F8642003F00BF88622402181
:10453800054804F03AF886228021034804F035F84B
:1045480010BDC0469E1300200004004810B5044B5F
:1045580004491870044803F08DFA002010BDC046C5
:104568009D1300207CAE0008F4200020F0B5154D06
:10457800154C87B0049128701449200016001F00BC
:1045880003F078FA2B7800255B08059338000023A0
:1045980029000F4AFCF722F800230E4A80185941D7
:1045A800FA2200239200FBF7F9FF3300049A0599D9
:1045B800029001952000009503F066FAFFF79AFF34
:1045C80007B0F0BD9D130020F42000207CAE000849
:1045D80010270000E7030000014B18607047C04631
:1045E800A0130020034B10B51B68181E01D01B68D0
:1045F800984710BDA0130020F8B5184B04001B689D
:10460800002B2AD0164A1278002A07D0154A1278A9
:104618007F2A03D902784270052202705B68200065
:104628009847114D2B785A0717D5DB0702D50F4845
:1046380001F04EFF2600012708362B783B4203D0B5
:1046480021780B4801F044FF0134B442F5D12B78AE
:10465800DB0702D5074801F03BFFF8BDA013002097
:1046680030110020981700207914002088AE000827
:104678009AAE0008B2A10008044B10B51B68002BC5
:1046880003D0022202709B68984710BDA013002037
:10469800064B10B51A88824206D01880044B1B6856
:1046A800002B01D0DB68984710BDC046A613002038
:1046B800A0130020064B10B51A88824206D0188035
:1046C800044B1B68002B01D01B69984710BDC046DE
:1046D800A4130020A013002010B501F08DFB024B9D
:1046E8001860024B186010BDAC130020B0130020F6
:1046F80010B501F081FB024B1860024B186010BD29
:10470800AC130020A81300207047704710B5FFF7BE
:10471800FCFF10BD704710B5FFF7FCFF10BD00008F
:1047280010B5054801F0FCFEFEF780FEFFF7ECFF30
:10473800FFF7ECFF10BDC046A96B000801207047C9
:1047480010B5FFF7FBFF10BD704710B5FDF700FA75
:10475800FFF7FAFF10BD10B501F04AFBFDF7BAFEEE
:10476800FFF75DF8FFF742FAFEF7B4FFFFF7D3FF54
:1047780010BD000070B50E4E040033785A0712D5EC
:1047880001252B420FD00B4801F0A2FE33782B42B3
:1047980009D02100084801F09BFE33782B4202D053
:1047A800064801F095FE2000FDF734FC70BDC046B8
:1047B80079140020A0AE0008499B0008B2A10008A7
:1047C800F0B585B0FDF7C4FE002801D0FFF784FFDF
:1047D8000026F3B2F0B20193FDF72AFE304B7700C2
:1047E800FC5A0090844247D002222E4B1B78134279
:1047F80001D0FDF723FE009B00255C40A3B20124F5
:104808001C4233D0FFF79CFF002813D00098019A70
:1048180002AB20405A701D70431E984102AB98703D
:1048280001F008FB012302AA03439380029803992D
:1048380000F03CF81A4BDB5B5C40194BDC53FEF78D
:1048480067FF002801D0FFF753FFFFF7D3F9FEF702
:1048580007FDFFF7C7FE144C2378834204D0FFF707
:10486800C1FE2070FFF786FF05B0F0BD013564007A
:10487800EDB2A4B2102DC3D10136062EA9D1012361
:1048880002AA5B4213800023937001F0D3FA01233C
:1048980002AA034393800298039900F007F8CEE731
:1048A800B613002079140020B41300201FB5030CA0
:1048B800DBB200900191002B01D001F01FF80E220D
:1048C80000216A441180009A02AB02926A469288DB
:1048D8009A800098039900F08FFD05B000BD10B5CF
:1048E800008800F045FF10BD10B5041E13D08228C3
:1048F80012D1FFF777FE83070DD4392000F064FF4B
:1049080001F042F8FA20800002F01BFE392000F086
:1049180065FF01F039F810BD83280ED1FFF762FE5C
:10492800C307F8D4532000F04FFF01F02DF8FA2008
:10493800800002F006FE5320E9E784280ED1FFF735
:1049480051FE4307E7D4472000F03EFF01F01CF872
:10495800FA20800002F0F5FD4720D8E7031FDBB2FC
:10496800A02B13D8FEF798F90028D4D11C4B2100AE
:10497800186801F037F9002804D0200000F02EFF55
:1049880001F002F8200000F01FFFC2E70300203307
:10499800DBB2072B07D8072004400638A040C0B276
:1049A80000F086FFB5E703005B33DBB2022B04D8C7
:1049B800243880B2FFF76CFEADE703005833DBB252
:1049C800162B05D8074A5B00985AFFF773FEA2E733
:1049D800EF28A0D9FEF7FEFAFEF7CEFB9BE7C0460C
:1049E800800E0020B4AE000810B500280FD0822831
:1049F8000ED1FFF7F7FD830709D5392000F0E4FE53
:104A080000F0C2FF392000F0E9FE00F0BDFF10BD44
:104A180083280AD1FFF7E6FDC307F8D5532000F035
:104A2800D3FE00F0B1FF5320EDE784280AD1FFF749
:104A3800D9FD4307EBD5472000F0C6FE00F0A4FFE0
:104A48004720E0E7031FDBB2A02BDCD903002033AB
:104A5800DBB2072B07D80723034001209840C0B2D8
:104A680000F02EFFD1E703005B33DBB2022B03D843
:104A78000020FFF70DFECAE703005833DBB2162B00
:104A880003D80020FFF716FEC1E7EF28BFD9FEF7CD
:104A9800FBFAFEF771FBBAE770B505000C00FFF7EB
:104AA80023FF002C03D12800FFF79EFF70BD0A20CA
:104AB800013C02F046FDA4B2F3E7502110B53928B5
:104AC80000D00021FFF7E8FF10BD10B5002803D083
:104AD80000F0EEFE00F058FF10BD10B5002803D01E
:104AE80000F0EEFE00F050FF10BDF0B585B08679FD
:104AF8000C1C8578019000F093FE2304360902907F
:104B08000393002818D00295002D15D00F222304F6
:104B18001B0E9343402B06D0230000222033DBB228
:104B28000292072B08D9022000F07EFF00F078FEE1
:104B380001234340DBB2029323041B0F18000393A5
:104B4800FBF7ACFB1000100065006500B500C9005C
:104B580041004100D4002B013C013C019701410078
:104B68004100A0010F22230426051B0E360F934394
:104B780000D03601E4B2002D14D0002E0BD0230053
:104B88002033DBB23000072B01D9002C07D100F00D
:104B98008FFE00F0F9FE2000FFF7A6FE13E000F0FC
:104BA8009DFEF6E72000FFF71FFF002E0BD0230025
:104BB8002033DBB23000072B01D9002C24D100F0C0
:104BC8007FFE00F0E1FE039B083B032B03D8FFF7B1
:104BD80009FDFDF71FFA029B002B13D000F018FE09
:104BE800012302001A4018420CD1019B9A7000F070
:104BF80007FE00F015FD019800F05CF900F000FEDA
:104C080000F01AFD05B0F0BD00F070FED9E70F22E4
:104C1800230427051B0E3F0F9343202B00D03F0191
:104C2800E4B2002C0ED0012C2BD0002D32D0002E57
:104C38002BD0019B9B79DA07ADD50F221340019A3F
:104C4800937122E0002D11D0002E06D100F072FEE3
:104C58003843C0B2FFF739FFB5E7012EF6D100F0AF
:104C680069FE3843C0B200F071FEACE7002E05D1F2
:104C780000F07EFE3800FFF730FFA4E7012EA2D037
:104C8800F6E7002D03D0052E9DD83800E2E7042E64
:104C980099D8EFE7002EEDD00120392C01D1C8209A
:104CA800800002F04EFC2000FFF79EFE8BE72305F4
:104CB8009B0F09D0012B00D085E7281E01D0A00545
:104CC800800DFFF7F7FC7EE7281E01D0A005800DB8
:104CD800FFF7DEFC77E7E0B2002D04D0FEF77AF9A3
:104CE800FEF74AFA6FE7FEF7CFF9F9E723049B01CD
:104CF8009B0F23D1002D00D065E723065B0F9B0097
:104D08002007DBB2000F9840E20602D50F359D4020
:104D1800ED432405A40F2843022C09D0032C0AD004
:104D2800012C02D000F050FC4DE700F043FC4AE7AC
:104D380000F054FC47E700F038FC44E7A205920F66
:104D48000123D1B2002D1CD01340002B00D13AE72B
:104D58002206520F92002007D2B2000F9040002383
:104D6800E10602D50F339340DB432405A40F184313
:104D7800022C0CD0032C0DD0012C05D000F07EFCA9
:104D880021E749080B40E0E700F06EFC1BE700F064
:104D98007FFC18E700F02EFC15E7E6B22405240F87
:104DA800002D04D0200000F03BFC300052E730001A
:104DB800FFF793FE200000F03FFC04E7E7B238005D
:104DC800F03804283ED8FBF75FFA0311181D2700B6
:104DD800002D07D0042E00D9F5E6E004C00E00F03F
:104DE80037FCF0E6052E00D9EDE6F6E7E004C00E44
:104DF800002DE0D000F014FCE5E6E004C00E002D24
:104E0800F8D0D8E7002D04D0E004C00E00F001FC73
:104E1800D9E600F0F9FBD6E6002D09D0E404E40E4B
:104E2800200000F0FDFB0321200000F0D9FDCAE6B8
:104E3800012000F0F9FD012E00D8C4E6022000F0A0
:104E4800F3FDC0E6002D06D0002E01D03800A3E601
:104E5800E004C00ECEE7002E08D00120392F01D182
:104E6800C820800002F06DFB38001DE7E004C00E8A
:104E7800A1E72205120FE1B20198FDF7D3F800F07F
:104E88002BFBA0E622050198120FE1B2FDF7CCF842
:104E980099E670B504008078218800F073FC051C41
:104EA80000F000FC00F080FB291C2000FFF71DFE2D
:104EB80070BD000073B5868801AD040001000222B0
:104EC8002800FBF7A9FC002E12D02A880C4B9A4226
:104ED8000ED02000FCF760FF00280AD100F0A0FCEB
:104EE800002805D0A378002B02D0022000F09CFDFA
:104EF80073BD2000FFF7CDFF2000FCF708FFF7E7A0
:104F0800FFFF000010B5002803D000F0E7FC00F018
:104F18003BFD10BD10B5002803D000F0E7FC00F001
:104F280033FD10BD10B50020FFF7B2FB0020FFF7DE
:104F3800C1FB00F0E3FC00F0F7FC00F025FDFEF7F4
:104F48005FFAFEF719F910BD10B500F051FCFFF734
:104F5800E9FF10BD10B500F0BBFCFFF7F5FF10BD71
:104F6800031CC2B21804000F023800B50D2821D85E
:104F7800FBF78AF9070720201620202007071D20A5
:104F8800201D0120F02A05D005D80020E7239342F0
:104F98004041C0B200BDF43A100043425841F8E71E
:104FA8000120E72AF6D9F13A50425041F1E71805B5
:104FB800C00FEFE70020EDE707B501AB18800198B7
:104FC80000F0D6FBFFF7CCFF0EBD82B002B07047F1
:104FD80082B002B07047000070B507250B4B1C78F3
:104FE8000B4B1B78A34200D170BD0A4BE200D15A8B
:104FF8009B1858889A8800040843D9880134090402
:105008001143FFF7E5FF2C40EAE7C0460D140020E6
:105018000C140020CC130020064B10B558881A88B1
:10502800D988000410439A8809041143FFF7D0FF78
:1050380010BDC046C4130020F7B50F221E4883795F
:10504800934334D18378002B31D01C4B01A91B78B2
:105058001B4A12789A422AD0028884880A80002C37
:1050680026D0184D92B2AA4222D04778164DBC4697
:10507800DE00AA195778BC451AD10778755DAF428A
:1050880016D19578002D13D195882C1BA4B2C72C66
:105098000ED80F241021837923400B438371937911
:1050A800234019439171FFF705FFFFF795FFF7BDFF
:1050B800072201331340CBE7C41300200D1400204E
:1050C8000C140020FFFF0000CC130020F0B50400F2
:1050D8008BB00100062206A8FBF79EFBA178C14E03
:1050E8000191A18830880291B18803908C4608A963
:1050F8000880604623786278002800D1CBE00888D1
:10510800B94DA84200D1C6E0B578002D00D1C2E063
:10511800B1790F200F000491614687430298401A25
:1051280080B2C72800D98AE0002F49D1019905919A
:1051380006A90B704A7008880399884212D1019910
:10514800002900D017E10F230499194001331943AE
:10515800B171FFF761FF3000FFF7ACFEB379A371BF
:1051680000253CE10299002900D008E1019B002BB1
:10517800F6D001239B4A91790B439371F0E79B4842
:10518800CF00C6197078904206D198483F5C9F427C
:1051980002D1B678002EE3D1072001310140FFE0AB
:1051A800000E014202D0002B00D117E12033DBB200
:1051B800072B00D812E12000FFF77CFE05950DE1D2
:1051C80006A90B704A700888039988420FD1019983
:1051D80000290CD1049B2000A371FFF76BFE082265
:1051E80021003000FBF718FBFFF716FFF7E006A9D0
:1051F8000B704A700698FFF7DFFE00281BD0019B52
:10520800002B18D0774A93791F2B09D9128808A840
:10521800028000228270029A83718280FFF74AFE20
:10522800082221006F48FBF7F7FAFFF705FFFFF7A1
:10523800F3FE0125D3E02000FFF73CFEF9E706A9BD
:10524800002F14D101980B70887002984A708880DA
:1052580007990698FFF7B9FE3000FFF72BFE0822E2
:1052680039003000FBF72CFBFFF7D6FE78E70B7010
:105278004A70088803998842B9D101990029B6D1A2
:10528800049B2000A371FFF715FE08223000019946
:10529800FBF716FBA3E06546524F38880880002DBF
:1052A80051D0514985B28D424DD0BD78002D4AD19B
:1052B80066460299891B89B2C72933D8019D002DFA
:1052C800B9D006A90B704A700B8883421DD1BA79F0
:1052D800D30714D40F2113008B4310D0A271F02BE5
:1052E80006D0D3B21A09013212010B401343A3713D
:1052F8002000FFF7DFFD08222100380072E70822AE
:1053080021003800FBF788FA69E00698FFF754FE99
:10531800002885D10123BA7920001343BB71FFF718
:10532800C9FD5CE0019806A9887002980B704A7064
:10533800888006980799FFF748FE08222900380058
:10534800FBF7BEFA50E70199002900D173E706A9D7
:105358000B704A700698FFF72FFE051E00D16AE70A
:10536800082221003000FBF757FA3000FFF7B7FAA0
:10537800FFF762FE38E70299002900D1F9E608A98B
:105388000B704A7009881848814200D1EEE60199ED
:10539800002900D0EDE616481649007809780190F2
:1053A8000198814200D0EAE606A90B704A70069877
:1053B80000F0DEF9C3B200040F21020F012A00D861
:1053C800EEE60E320A40012A00D9F4E6000E014248
:1053D80000D1EBE6A2798A4300D0E7E6059D2800D4
:1053E8000BB0F0BDC4130020FFFF0000CC13002059
:1053F8000C1400200D140020F0B587B06C46009006
:1054080020006160FFF762FE04A9051E0DD0228806
:10541800A3880A80002B06D02A4B92B29A4202D067
:1054280003CCFFF7D5FD072644E00B00220041CA54
:1054380041C30888A38803AA1080002BF3D0224F09
:10544800224E3C783078A44614881E4A9442EAD00A
:105458000722441C144064450AD08B801C4BC000B2
:1054680018180132FBF7D8F93470FFF7B5FDDAE701
:10547800FFF770FD08222900164835703D70FBF7CC
:105488001FFAD0E7124CC0002018FFF71FFE0028B3
:1054980016D02B78DB001A5BE4186088E188A388B3
:1054A8000004090419431043FFF792FD2B780133D8
:1054B80033402B70044D054B28781B788342E1D18B
:1054C80007B0F0BDFFFF00000D1400200C140020F1
:1054D800CC130020C4130020F8B5031E0BD00026FF
:1054E800072718785C1C74283DD00BD802282CD0CC
:1054F80002D8012812D0F8BD031F6F2BFBD8FFF785
:10550800F3F919E0752838D003007C33DBB26F2B30
:10551800F1D87F231840FFF767FA0DE09C1C5B78F1
:105528001A002032D2B2072A0DD83B409840C0B2A8
:1055380000F0EAF900F028FA3500013DEDB2FF2D40
:105548001ED12300CDE71800D9E758789C1C03002A
:105558002033DBB2072BDED8012338408340D8B292
:1055680000F0DAF9E6E75D789C1C013DEDB2FF2D0D
:10557800E2D00A2001F0E5FFF7E75E789C1CDBE744
:105588000A2001F0DEFFD8E7704710B5FFF7FCFFEF
:1055980010BD000010B5FFF7F8FF024B1860FFF7C9
:1055A800C1FC10BD10140020704710B5FFF7F2FFC2
:1055B80010BD000010B5034B1B681843FFF7EAFF46
:1055C80010BDC0461014002010B5034B1B681840CE
:1055D800FFF7E0FF10BDC0461014002010B5034BC4
:1055E8001B685840FFF7D6FF10BDC04610140020B6
:1055F8007047000010B5FCF72FF9024B1860FFF751
:1056080091FC10BD1414002010B50020FFF7F2FF24
:1056180010BD0123834010B51800FFF7EBFF10BD44
:105628000123834010B5034A10681843FFF7E2FFCF
:1056380010BDC046141400200123834010B5034A4E
:1056480010689843FFF7D6FF10BDC0461414002019
:105658000123834010B5034A10685840FFF7CAFF7A
:1056680010BDC0461414002010B5034B1B68184326
:10567800FFF7C0FF10BDC0461414002010B5034B3F
:105688001B681840FFF7B6FF10BDC0461414002071
:1056980010B5034B1B685840FFF7ACFF10BDC04660
:1056A800141400207047000073B5012503041B0E75
:1056B80001AA1B011080181807232E00C2B2184037
:1056C800D3080522864000205A43084BF6B29A18A0
:1056D8000B00C34014782B405B4263403340634067
:1056E8000130137001320528F2D173BD181400205F
:1056F80037B503041B0E01AA1B01108000211818DE
:1057080007230524C2B2034001250800D2085443E8
:10571800054A1419625CDA402A408A400131104374
:10572800C0B20529F6D13EBD18140020F7B51F24D4
:1057380001270D4B01AE1A680C4B30801B681A43C9
:105748000092009BE5B2E3403B4204D1013CF8D211
:1057580000252800FEBD28003168FCF76DFC80B2EA
:105768000128F3D0F5E7C0461414002010140020D7
:1057780007B501AB18800198FFF7D8FF0199FCF72E
:105788005BFC0EBD37B50F4B01AD1B782980002B94
:1057980003D00198FFF7ECFF3EBD00280CD0286825
:1057A800FFF7C4FF040001002868FFF77DFF200011
:1057B8000199FCF741FCEFE72868FFF799FF04001F
:1057C800F5E7C046C213002010B5034B0100186866
:1057D80000F08AFA10BDC046800E002010B5034BB9
:1057E8000100186800F094FA10BDC046800E002031
:1057F80010B5024B186800F09FFA10BD800E00200B
:105808000020024B1856C010C0B270477514002013
:10581800024B1878072318407047C04675140020BB
:10582800034B187807231840431E9841C0B27047AD
:10583800751400200D4A70B5537804005907C90F34
:10584800814212D0010001250420294089008343A8
:105858000B435370108800F02FF9054B1B782B422F
:1058680003D02100034800F033FE70BD98170020D4
:1058780079140020E2AE0008044B10B558780123D3
:105888004007C00F5840FFF7D5FF10BD98170020FC
:1058980010B50120FFF7CEFF10BD10B50020FFF7AF
:1058A800C9FF10BD014B18787047C0467714002017
:1058B800024B1A78104318707047C04677140020BE
:1058C800024A1378834313707047C0467714002048
:1058D8000022014B1A70704777140020024B1A7887
:1058E800104318707047C04678140020024A137895
:1058F800834313707047C046781400200022014B80
:105908001A70704778140020024B1A7810431870E8
:105918007047C04674140020024A137883431370FA
:105928007047C046741400200022014B1A7070475B
:1059380074140020014B18787047C0467614002074
:10594800704710B5FFF7FCFF10BD0000064B10B5FF
:105958005B785B0706D4054B1A78824202D0187030
:10596800FFF7EFFF10BDC0469817002076140020FF
:1059780010B5044B1A78002A03D000201870FFF7DE
:10598800E0FF10BD7614002010B50D4B0D4A1B78B2
:1059980012780D4C13430D4A2068127813430C4AB1
:1059A80003701278002A07D01343037000F0FCF844
:1059B800002801D0FFF7DCFF2068FEF71DFE10BDB0
:1059C8007714002078140020800E00207414002022
:1059D80076140020704710B5FFF7FCFF10BD0000DB
:1059E8000A4A0B00527810B552070CD4084CC10073
:1059F80019432170FFF714FE00202056C010C0B2D2
:105A0800FFF7E9FF10BDFFF70BFEFBE79817002033
:105A180075140020002010B5024B1870FFF7DBFF4B
:105A280010BDC04675140020002310B50A4AD3568D
:105A38001900814348B21070420702D1DBB2834299
:105A480003D1064B5B785B0705D5C010C0B2FFF7E2
:105A5800F3FDFFF7DFFF10BD751400209817002035
:105A680010B5FDF7EBFC00200149FDF770FD10BDF6
:105A7800FFFF000010B50020FDF74CFD024BC018D9
:105A880043425841C0B210BD1601FFFF10B50220B5
:105A9800FDF730FD10BD10B50320FDF72BFD10BD3F
:105AA80010B50420FDF726FD04002220FDF722FD95
:105AB8000002204380B210BD10B50400C1B204201A
:105AC800FDF722FD2220210AFDF71EFD10BD10B5AD
:105AD80001000F20FDF740FD10BD10B50100132097
:105AE800FDF73AFD10BD10B50020FFF7F6FF10BD19
:105AF80010B50020FFF7EBFFFFF7F5FF10BD000022
:105B080010B50024FDF79AFC00202049FDF71FFD81
:105B180000210220FDF7F8FC00210320FDF7F4FC2A
:105B28001B4B210004201C60FDF7EEFC2100222005
:105B3800FDF7EAFC21000520FDF7E6FC2100062020
:105B4800FDF7E2FCFF210720FDF7DEFC210008201D
:105B5800FDF702FD21000D20FDF7D6FC21001820DD
:105B6800FDF7FAFC21001720FDF7CEFC21001C20D0
:105B7800FDF7F2FC21002020FDF7E9FC21001820A8
:105B8800FDF7EAFCFFF7B4FF10BDC046EAFE0000CF
:105B98001014002010B5FFF7B3FF10BD10B50100B9
:105BA8000E20FDF7B1FC10BD0C4A03001178062247
:105BB800002904D00A4909787F2900D91832002021
:105BC8000233013AD2B2FF2A00D17047197800296E
:105BD80001D00130C0B20133F3E7C04630110020D4
:105BE80098170020030010B5081E15D0114A127826
:105BF800002A12D0104A12787F2A0ED90020CC0829
:105C0800EF2909D807221140063A8A401B199878CB
:105C18001040431E9841C0B210BD9A1C083310783A
:105C2800884204D001329A42F9D10020F4E70120D9
:105C3800F2E7C04630110020981700200122002307
:105C4800F0B55242851CEC5C5EB28C420BD0571CFE
:105C580002D1002C00D132000133062BF3D1531CA2
:105C680001D080188170F0BD002210B5831C083067
:105C78001C788C4200D11A7001338342F8D110BDD0
:105C880010B5CB08EF2908D8C01807231940063BE0
:105C98008B4082781343837010BD044B1B78DB075D
:105CA800FAD5034800F014FCF6E7C0467914002042
:105CB800F7AE000810B5CB08EF2908D8C01807239D
:105CC800012219408A4083789343837010BD044BA6
:105CD8001B78DB07FAD5034800F0FAFBF6E7C04665
:105CE8007914002015AF000810B5074B1B78002B5E
:105CF80006D0064B1B787F2B02D9FFF7C1FF10BDDA
:105D0800FFF79CFFFBE7C0463011002098170020E2
:105D180010B5074B1B78002B06D0064B1B787F2B42
:105D280002D9FFF7C7FF10BDFFF79EFFFBE7C0468C
:105D3800301100209817002010B5074B02301B784F
:105D4800002B04D0054B1E221B787F2B00D806227F
:105D58000021FAF7B5FD10BD30110020981700207A
:105D680010B5FAF779FE10BD10B50020FCF752F90E
:105D7800FFF7F6FFAA2001F0E4FB10BD704770475B
:105D880010B5FFF7FBFF0024FCF7E2FBFFF7F7FF76
:105D98002000FCF74DFB002804D10134E4B2062CA6
:105DA800F6D110BD0120FCE710B5FAF723FF10BDAE
:105DB80010B5FFF78DFDFFF7A1FDFFF719FDFDF702
:105DC8001FFB0020FEF764FC0020FEF773FCFEF7C3
:105DD80009FCFCF71FF9FFF7E7FF10BD10B572B615
:105DE80001F081FC62B6014B186010BD7C140020E4
:105DF80010B5FFF7F3FF10BD10B572B601F073FCD4
:105E080062B6FA22084B92001B680021C01A0023D0
:105E1800FAF7E4FB0023054A801859410023044A95
:105E2800FAF7BCFB10BDC0467C1400200F27000009
:105E38001027000010B5FFF7DFFF80B210BD10B5C6
:105E48000400FFF7D9FF001B80B210BD054B064ABE
:105E58001A60BFF34F8F054B054ADA60BFF34F8FC7
:105E6800C046FDE7FC3F0020EFBEADDE00ED00E0E0
:105E78000400FA050A4B0B4A043B196810B5914215
:105E88000CD100221A6082F31488074B1B6883F335
:105E9800088862B6054B1B689847FEE710BDC046E8
:105EA80000400020EFBEADDE00C8FF1F04C8FF1F82
:105EB8009A4200D2885470477047F0B591B0049365
:105EC80016AB10CB1A9F1B781B9E02900391009271
:105ED8000593002C01D110239E4380233200DB0060
:105EE8001A4006921E4201D0002C20D06123B2062F
:105EF80000D5412300222500DBB20A3B019207931B
:105F080028001899FAF75AFA079BCAB2D318DBB2D5
:105F1800092902D813003033DBB2019A0199541CC5
:105F280008AA8B54189B9D4201D3202C14D102231C
:105F380032001A4007921E4220D1013B3340002F05
:105F480008D0002B06D0059A002A02D10C3216423E
:105F580000D0013F302205E005000194D0E708A9F0
:105F6800625401341999A14201D9202CF7D1302269
:105F7800002B03D0A74201D91F2C1AD9F30651D5FB
:105F8800069B002B1AD1002C18D0199BA34201D0D4
:105F9800BC4213D1631E012C0FD0189A023C102A60
:105FA8000FD01C00189B022B36D11F2C0ED8622351
:105FB8002FE008A962540134DAE71C00189B102B63
:105FC800F0D1B30622D478231F2C22D9B3074DD0A1
:105FD800009B26000193019BE518AA1B002E47D1C0
:105FE800079B002B0FD0009BEB1A1C000193009B12
:105FF8001A19BC4244D3019B00229F4202D3009B42
:10600800DA19521BAD18280011B0F0BD58231F2C07
:10601800DCD808AA135501341F2CD7D8302308AA76
:10602800135501341F2CD1D8059B002B04D02D23E8
:1060380008AA13550134C9E7730701D52B23F7E7DD
:106048003307C3D52023F3E72020049B0399029E3E
:10605800B0470135009B1A1B5219AF42F4D80023F0
:10606800A74200D33B1B009A9B18B2E72500F1E733
:1060780008AB013EF05C0399049B029DA847AAE780
:106088002020049B0399029EB0470134AFE710B566
:10609800002801D000F04AFA10BD0000F0B591B018
:1060A800169C09900A9108920693002901D1AB4BDE
:1060B8000993002617E1069B01330693252807D08C
:1060C8003200751C089B0A99099EB0472E000AE108
:1060D80000230120082505E02D2A15D0302A0CD1EF
:1060E80003430691069A0699127801312B2A0ED09D
:1060F800F2D8202A0DD0232A0DD0100030380928D4
:106108002AD800270A250CE002221343E9E70422D3
:10611800FBE72B43E5E71022F7E76F43303FCF1942
:106128000690069A1178501C0A00303A092AF4D9C8
:106138000021069A079112782E2A26D18021C900BB
:106148000B430699069A4978013208003038092825
:1061580038D80A218C4611E000272A2AE8D180CCB9
:10616800002F02DA283A13437F420691E0E760469F
:10617800079A4243303A8A1807922A001178551C28
:10618800080030380928F2D90692069A11780132A7
:106198006C2928D022D868292FD06A2936D0069AA7
:1061A800157801320692782D00D983E1612D30D817
:1061B800252D00D17EE1582D00D07BE1202213430C
:1061C800102153E02A29DFD104CC0792D243079942
:1061D800D2171140069A07910232D5E77A29DED103
:1061E800802149000EE0069949786C29F8D1C0222F
:1061F80092001343069A0232D2E706994978682931
:1062080002D080210B43CBE7C022F2E7802189002E
:10621800F8E728006238162800D94BE1FAF73EF86B
:106228001700850017004A014A014A014A01170070
:106238004A014A014A014A014A01170035014A0147
:106248004A01CA004A0117004A014A011700782D7D
:10625800B6D06F2D00D136E1622D00D135E1102284
:106268000A219343692D03D0642D01D00C22934356
:106278005A0501D501229343802292001A40692DC4
:1062880001D0642D1AD1002A2DD1251DDA050CD58F
:1062980022680593079B04970393D30F0193D317A1
:1062A800D21802915A40009215E02268580601D58A
:1062B800D2B2EEE71806ECD512B2EAE7002A12D1FC
:1062C800251DD80521D50593079B049703930291B3
:1062D8000192236800933200089B0A990998FFF7F6
:1062E800ECFD2C000600069B1878002800D0E2E69A
:1062F800089B32009E4200D35A1E0020089B0A9930
:10630800099CA047300011B0F0BD2268580608D596
:10631800D2B20593079B049703930023029101933C
:10632800C1E71806F5D592B2F3E702221A400C929B
:106338000222134229D001230793230001CB320004
:106348000B930A99089B751CC0B2099EB0470C9B19
:10635800002B2DD02A00079E22E0C046C15E00080F
:106368002020089B0A99099DA847079A531C079360
:106378009B1BBB42F4D300239F4200D07B1EF61820
:106388000223002FD8D07B1CD6E73200EEE7531C3F
:106398000C932020089B0A99099CA0470C9A013667
:1063A800BE42F4D3079A0023974200D3BB1AED18D4
:1063B8000B9C8BE6220002CA0C92079A0B91002ACA
:1063C80001D1012252420B990C008A182178002928
:1063D80001D0A24214D10B9A1900A41A8022D2002B
:1063E80011400D91134203D0079A944200D914002A
:1063F80002221A400E920222134216D1320009E0FC
:106408000134E3E7531C0F932020089B0A99099D48
:10641800A8470F9AA31B9B189F42F3D80023A742B3
:1064280000D33B1B0134F6181C19350008E007930C
:106438006B1C2A000F93099D089B0A99A8470F9D7A
:106448000B9B9B1B585D002807D00D9B002BEFD0A2
:10645800079B079A013B002AE9D10E9B002B12D01B
:106468002A0007E0531C07932020089B0A99099EDD
:10647800B047079A631BD318BB42F3D30023A74244
:1064880000D33B1BED180C9C20E6212213430593F7
:1064980008230493079B32000393102302930023DD
:1064A800019308CC0A9900930998089BFFF705FD0A
:1064B800060018E732002800089B0A99099D771CF6
:1064C800A8473E000FE70821D0E60221CEE6C046E5
:1064D8000FB41FB5012206A908C9524203910091C1
:1064E800034802A9FFF7DAFD05B008BC04B0184755
:1064F800976000080EB4012210B585B007AC08CC2F
:1065080001000094524204480394FFF7C7FD05B008
:1065180010BC08BC03B01847B95E000800207047DB
:10652800014B18607047C046840E002010B5024B1E
:106538001B68984710BDC046840E002002000F203B
:1065480030B507490C78631C0340064805780020DD
:106558009D4203D004480B700255012030BDC0464F
:10656800E21F0020E31F0020D21F00207047000018
:1065780010B572B6034800F00FFD034800F00CFD9B
:1065880062B610BD5C0F0020B010002070B50D0081
:1065980019002D0200232800064C10436360231DB8
:1065A8001A0000F0ADFB20606068002800D02000D1
:1065B80070BDC046C01600207A30084A01781378AA
:1065C800022907D102318B43012B02D15278044BA7
:1065D8001A707047024A1370FBE7C046161700206E
:1065E800F416002070B504000800052911D8F9F741
:1065F8004BFE54101154510372B62D4800F08BFC19
:1066080062B672B62B4800F086FC62B60520FFF72A
:1066180095FF70BD72B601212000274A01F00AFBE0
:1066280004212000254A01F005FB254D20002B0000
:10663800B4331978234A01F0FDFA2B00B5331978E1
:106648002000214A01F0F6FA2B00B6331978002908
:1066580003D020001D4A01F0EDFA154800F066FC51
:1066680082239B00E95C2000194A01F0E3FA194BE8
:106678002000E95C184A01F0DDFA184BE95C0029B2
:1066880003D02000164A01F0D5FA0A4800F04EFC63
:1066980062B6BEE70420FFF751FF72B6044800F067
:1066A80022FC62B672B6034800F01DFCF0E7C04653
:1066B8005C0F0020B010002034AF000858AF00086D
:1066C800880E0020CC0E0020F00E0020140F0020B1
:1066D8002010002009020000441000200A020000D7
:1066E8006810002070B5084C0500E3680E00002B08
:1066F80002D0200000F0AAFD330029002000034A40
:1067080000F050FD70BDC046E01600201967000873
:1067180070B5040072B60378042B01D062B670BD60
:10672800134B1B78DB09F9D1124D2B78002BF5D0D0
:10673800114B1B78002BF1D003899B0704D4082345
:1067480001210E4A01F0CDFA002328780C4A0021D5
:10675800F9F744FF00230B4A80185941FA22002315
:106768009200F9F71BFF21008000FFF7BBFFD5E778
:1067780098170020DC16002030110020F5160020A4
:1067880010270000E7030000020070B5743211788A
:1067980004000B007F200340212B00D07AE0230067
:1067A80049B27533002925DA187802281CD0032845
:1067B80010D0012800D06DE003331B78002B05D1E1
:1067C8004B4AA2662022E266236770BD0023A366B7
:1067D800E366F9E7230078331B88002B5AD10120A0
:1067E800444AE066A266EFE70120434BE066A366F1
:1067F8000023E9E71B780A2B42D00B2B0ED0092B7C
:1068080048D12300022178331B788B4342D13B4B7C
:10681800E166A3663A4B01202367D6E72300783365
:106828001B88002B28D1230076331978354D0A00B0
:10683800531E9A41D3B22F4A13702A78DB010240C3
:1068480013432B70002917D12B4B1A78002A13D029
:1068580072B62D4A18780023F9F7C0FE00232B4A98
:1068680080185941FA2200239200F9F797FE210077
:106878008000FFF737FF62B60023A366E366CAE726
:106888002300204977331A7809781B4BC9091A70F5
:10689800F2D1DBE71E4B12889A420BD01D4B1A002F
:1068A800B6321278002A1ED11B4A9B5C002B1AD1E3
:1068B80000208AE7230079331A78013B1B781202FB
:1068C80021001343220060687632773145681278D8
:1068D80020000978A8470028EAD04368A36603681F
:1068E800E366002397E7200000F036FB6DE7C0461B
:1068F800F516002030110020DC16002016170020A5
:10690800C16500089817002010270000E703000061
:1069180081060000880E00200A020000704700006F
:10692800102210B500210448F9F7CAFF0023034AD2
:106938001370034A137010BDD21F0020E21F0020FD
:10694800E31F0020F8B50F24012500200A4B0B4A4D
:106958001E780B4F13789E4203D1002800D0167082
:10696800F8BD1900795C0133280023400529F2D1CC
:106978001370FFF71DFAE8E7E21F0020E31F00206D
:10698800D21F0020F8B51F4C1F4B204AA365231DBA
:10699800DA6723001E4F1F4A1F4EA0330500390037
:1069A8001A60300000F060FA3900300000F084FA14
:1069B800D6231A4A5B00E250194A2833E250194A92
:1069C8002033194EE250194C3100200000F04CFAE7
:1069D8002000174C310000F06FFAA36D154A1648D5
:1069E8001340A36500F0ADFD2800144901F0E7F855
:1069F8008023A26D1B0213430022A365104BDA60AB
:106A0800F8BDC046880E0020900E0020A40E00207D
:106A1800380F0020B80E00205C0F0020E40F002083
:106A2800F80F00200C1000208C100020B01000205F
:106A3800005C0040FF7FFFFF983A00007CAF000831
:106A4800E016002070B50500084C01F0CBF8A36DE6
:106A5800074A28001340A365064901F0B0F88023CF
:106A6800A26D1B021343A36570BDC046005C0040C5
:106A7800FF7FFFFF7CAF0008014B18787047C046C6
:106A8800F416002070B5050072B61C4C2378042B50
:106A980020D11B4A238912787F2A1DD9194A1278D6
:106AA800002A19D0DB060BD420232A000421200059
:106AB80001F017F9202229001348F9F7ADFE09E083
:106AC8000121E369494258690C3000F043FD2378FD
:106AD800042BE9D062B670BD9B0703D408232A00B3
:106AE8000121E4E701212369494258690C3000F08B
:106AF80031FD2378042BEDD1F0E7C0467C2100203E
:106B08009817002030110020F516002070B50500F8
:106B180072B60C4C2378042B01D062B670BD238961
:106B2800DB0607D5E369642158690C3000F012FDD3
:106B3800431CF2D006232A000421200001F0D1F8DA
:106B4800EBE7C0467C21002037B5040072B6084840
:106B58000178042901D062B637BD6D46032301AA26
:106B68006C71240A1370AC7101F0BBF8F3E7C046EE
:106B78007C210020030013B572B608480178042967
:106B880001D062B613BD6C4663711B0A01AAA371DA
:106B98000323117001F0A5F8F3E7C0467C2100201B
:106BA80037B56B46D91D0023074C087022789A42E6
:106BB80000D1323305480268D5690122A84743420B
:106BC800434140B223703EBD2C1700205C0F0020CB
:106BD80010B5054888B0036820221C6A694600235E
:106BE800A04708B010BDC0465C0F00200A0010B5D1
:106BF800202907D18A2304499B00CB5801005B68F0
:106C08000248984710BDC046880E0020B0100020EA
:106C18008A2310B5084A9B00D35888B01C6A2022E2
:106C2800002369460548A047002803D0C1B268463A
:106C3800FCF740FE08B010BD880E0020B010002000
:106C480010B5FFF717F910BD704710B5FFF7F8FF3B
:106C580002F0E2FCFFF7F8FF10BD10B502F022FDCC
:106C6800FAF76AFD10BD000010B500F013FD00F042
:106C780053FAFDF755FDFFF753FE1C4C2000FFF7B4
:106C880081FEFA20400000F05CFC1948FFF720FC68
:106C9800FDF761FD1748FDF79FFC1748FFF718FC43
:106CA800FFF750FE2378052B09D11448FFF710FC95
:106CB8002378052B0CD0FEF767FEFCF75DFAFDF78D
:106CC8007FFDFFF785FFFFF7A3FFFDF73EFDE7E731
:106CD800FFF74AF8FFF754F80028E9D0200001F040
:106CE80013F82000FFF7AEFEE2E7C0467C21002043
:106CF8008CAF0008341100209DAF0008AEAF00082B
:106D080010B5040AE3B2032C10D0032B07D8012BCB
:106D180023D0022B07D17B20114B136010BD212BF0
:106D28000DD0222B12D000200300F6E7C0B20228B3
:106D3800F9D80C4B8100CB580B49405CEDE703298F
:106D4800F1D80A4B89000920CB58E6E70329EAD88D
:106D5800074B8800C3580748EFE71220064BDCE7CB
:106D6800E8AF0008B4AF0008C0AF0008C4AF00081F
:106D7800D4AF0008E4AF000885B0000813B5446B31
:106D8800E36F1A681178042915D1217A022912D1E2
:106D9800197901238B4012891A420CD1200001A9CC
:106DA800443000F08FFD021E05D0E06F019B017991
:106DB800006800F096FF13BD10B50C3000F01FFD01
:106DC80010BD012310B50C305B4200F018FD10BD5A
:106DD80010B5443000F0E1FD10BD012310B544307A
:106DE8005B4200F0DAFD10BD10B50C3000F0EFFC8E
:106DF80010BD012110B50C30494200F0E8FC10BD6F
:106E080010B5443000F0ABFD10BD012210B5443080
:106E1800524200F0A4FD10BDC36F70B51A6804009B
:106E28001178042901D0012070BD017A0229FAD114
:106E38001979012352898B4015001D401A42F2D15D
:106E48000C3000F079FC021EEDD0E06FA36A4179A6
:106E5800043B006800F032FF2800E5E710B5406BFE
:106E6800FFF7DAFF10BD00007FB50300040001261C
:106E78000E4A0D0004C343600D4B06720294019341
:106E8800CB680C3000934B690A6A310000F02FFC84
:106E98002000084B31000193AB68EA690093443045
:106EA8002B69029400F0E8FC7FBDC046ECB10008F5
:106EB800656E0008856D00080A6872B60B7909339B
:106EC8009B00D31858604B7911339B0098508B79ED
:106ED800002B03D009339B00D31858600223C167E5
:106EE800037262B6704770B50400022104300225AF
:106EF80000F092FB012620006D42290026750C3017
:106F080000F061FB230020004C3329001E70443040
:106F180000F059FB70BD10B501210400043000F0E9
:106F28007BFB002323754C34237010BD70B504001F
:106F38000C3000F0F4FB002520002575443000F0EB
:106F4800B3FC23004C331D700121201D00F064FBAD
:106F58002000FFF761FF70BD0200602174321278D3
:106F680003000A400020202A06D11A007532127840
:106F7800212A02D81F2A05D87047222AFCD19866F0
:106F8800D86603E0034A9A660722DA661867012082
:106F9800F2E7C04648110020C36F73B51A680400B1
:106FA800117804292BD1017A022928D119790123D2
:106FB80012898B4016001E401A4220D10500443524
:106FC800280000F029FD002819D0280001A900F0A8
:106FD80079FCE36F05001A7E002A09D001981A6926
:106FE8003100121A2818F9F76BFCE36F1B6901933B
:106FF800E06F2A000179019B006800F072FE73BD02
:107008000B00F0B509339B00C3185E6804000D003F
:1070180085B0002E2CD072B60821301D00F0FCFA85
:107028003300AF004433E7190193FB685B691B68C1
:10703800002B02D0019800F051FC019803A900F040
:1070480041FC039B021E0ED1FB685A691268002A94
:107058000DD01B8A013B1A4209D1F36F1B7E002B0E
:1070680005D1220074322900200000F03AFE62B6F1
:1070780005B0F0BD1131890010B50C58002C15D0A1
:1070880072B60421201D00F0C7FA2000E36F0C300F
:107098001A685B7902339B00D3185B689B6959684F
:1070A80000F054FB2000FFF7B7FE62B610BD704732
:1070B800024B034A1A60034A5A607047E41F0020D3
:1070C800082200200040002070477047FEE70000BB
:1070D800F0B5082400250E4A536816681900906810
:1070E800884210D8DE1E0021B04203D30330C11AF3
:1070F800890889005B18D168994207D8013C103289
:10710800002CE9D1F0BD80CE80C1E9E720C3F3E7C8
:1071180014B2000830BFFDE710B500F009F900F01F
:1071280033F8FFF7C5FF80220749084800F0CEF979
:10713800074B18610123037400F08AFA62B6054808
:1071480000F0E4F910BDC04694B20008D020002039
:10715800A8200020A0B2000810B500F0AFF810BDBC
:10716800EFF31080C30702D4EFF3058372B67047BC
:1071780010B5C30704D4EFF30583DB0501D062B66D
:1071880010BD00F097F9FAE7044B054A5A619A6175
:1071980001225242DA6100221A627047A8200020B8
:1071A800BC200020F7B50361C2600C00050000F0A8
:1071B8009AFA022C00D20224224E234A736993427F
:1071C80009D130627561B56120182B606B60AC60C5
:1071D80000F078FAF7BD376AC21BA418944226D289
:1071E80000218C46996801918A421AD8B9183162EF
:1071F80015498B4202D001998A1A9A60381A2418C4
:1072080073699A68A24219D35A682B606A6015603C
:107218005D60AC609A68141B9C6001235B42F3615B
:10722800D8E70199521A614699601B68DAE79B68AA
:107238009C42E5D2381900F052FAE1E71B68A41A1B
:10724800DFE7C046A8200020BC20002070B5194DFB
:1072580003686A69184982420CD04268136003685F
:107268005A600022C2608B4203D0826899688A18EB
:107278009A6070BD00206B615960D0608B4202D16A
:1072880000F028FAF5E7996892682C6A8A189A60DB
:1072980000F029FA6B69021B9B689342E9D9E4184C
:1072A800201A012800D8931C286A181800F017FA29
:1072B800DFE7C046A8200020BC200020F7B51A4D03
:1072C8006C6900F010FA2B6AA268184FC61AB2420D
:1072D80019D8A2682B6AB61A9B18E2682B62019229
:1072E800002223685F606B61E260BB4201D100F05D
:1072F800F1F962B62069019B984772B66C69A36878
:10730800B342E6D9DDE76A69BA420BD091682862D0
:107318005B181B1A9360A368022B00D2022318186B
:1073280000F0DDF9F7BDC046A8200020BC200020F1
:107338000022024B1B605B609A607047A820002007
:107348004B6801604360186048607047030000683C
:1073580002681A60536070474268036813605A6095
:1073680070470000002382680374054B1B68996806
:107378009142FBD25A6803604260106058607047BF
:10738800A820002010B5040072B6007C052807D894
:10739800F8F77AFF0C060603120E002263691A60DA
:1073A80001235B4220006361FFF7DCFF62B610BD7A
:1073B80062699368013393602000FFF7CDFFEFE720
:1073C800002382680374054B1B6899689142FBD8B7
:1073D8005A6803604260106058607047A820002017
:1073E800064B10B5196908741868026853601A606A
:1073F800186101230374F8F71BFF10BDA8200020B3
:1074080030B504000C4D87B04B1C11D02B690B4ACA
:1074180001A8FFF7C7FE2000FFF7E2FF049B002B3F
:1074280002D001A8FFF712FF2B69586907B030BDD9
:10743800FFF7D6FFF8E7C046A82000208D730008A4
:1074480070B504000A4DA368286961618268934297
:1074580003D82000FFF786FF70BDFFF7B1FF0123B7
:1074680001002C6120002374F8F7E2FEF4E7C0461F
:10747800A8200020044B1A69196890688B68984204
:10748800804140427047C046A820002010B5084CF3
:10749800236820691A6854602260012223611A74E3
:1074A800FFF78EFF01002069F8F7C2FE10BDC04645
:1074B800A820002010B5FFF7DDFF002801D0FFF756
:1074C800E5FF10BD10B5FFF7E1FF10BD02230382F1
:1074D800002382600262C36183617047836802008F
:1074E8001800116928384C3BC36019615169D2688A
:1074F80059610549196202230374002382604374A9
:107508000262C361836170475902000810B572B600
:10751800FFF7E4FF00210400FFF792FF62B62000A6
:1075280010BD000010B5034B1B6958610F20FFF711
:1075380057FF10BDA820002010B572B6FFF7F2FF64
:1075480010BD10B5010072B60820FFF759FF62B6EA
:1075580010BD0000064B10B51B69002905D003605B
:1075680058610320FFF74CFF10BD01204042FBE7A4
:10757800A82000200300006810B5002804D00022CD
:107588001A604161FFF7EEFE10BD000010B50C1E39
:1075980009D0064B01001869FFF7D2FE210004202C
:1075A800FFF72EFF10BD01204042FBE7A820002076
:1075B800036810B50C00984204D0FFF7C7FE446179
:1075C800FFF7D0FE10BD70B504000D0023689C4283
:1075D80000D170BD2000FFF7B9FE4561FFF7C2FE7C
:1075E800F4E70023006040608360704710B583694A
:1075F8001943037C81610A2B03D143690B4206D1ED
:1076080010BD0B2BFCD1436919408B42F8D10023E4
:107618004361FFF7A7FEF3E770B506000D000468A5
:10762800B44200D170BDE3682B43E360002D02D063
:1076380023692B4203D0A1686068FFF7D7FF24684D
:10764800EEE7EFF30983203383F3098862B67047C6
:10765800024A0349136A0B401362704700ED00E0C9
:10766800FFFF00FF10B50F300FD072B6EFF309849B
:10767800203C84F3098880235B04E361FFF7FAFE6A
:10768800024B002800D1024BA36110BD670200081D
:107698006A02000810B500F021FE00F085FF00F036
:1076A800DCF900F009FA00F055FA00F075FA00F07C
:1076B80044FAFFF7D2FA00F001F810BD10B501F056
:1076C80057FB10BD80230022DB0558631A61023284
:1076D800DA60704780230022DB05DA607047802378
:1076E800DB05586370478023DB05586A704730B55F
:1076F800039D01722C00002104335C43C361049B89
:1077080014190363059B056200604060C160426113
:107718000261846142628162C162436330BD0023B9
:10772800022110B5426AC360426102618362C3628A
:107738004942FFF748FF10BD03694269934203D1EC
:10774800C2680020824200D1181D7047036910B535
:107758001960C2680132C260C2699B1882690361FC
:10776800934201D3436A03610021FFF721FF10BD53
:1077780070B504000D00E368002B07D06269002093
:10778800131D1268A3629B18E36208E0237A002B9A
:1077980006D129002000FFF7F9FE0028EBDA70BDBA
:1077A80002204042FBE7C368C269013BC3604369EA
:1077B80010B59B1882694361934201D3436A4361C0
:1077C80000238362036B002B00D0984710BD70B56F
:1077D800040072B6836A002B06D1FFF7C9FF051EA5
:1077E80002D062B6280070BDA36AE26A1D78013330
:1077F800A3629342F5D32000FFF7D5FFF1E7F7B571
:1078080004000D000092019372B60026A36A002BB3
:1078180008D120000199FFF7ABFF002802D062B61B
:107828003000FEBDA16AE36A009A5B1A971B9F426B
:1078380000D91F00402F15D928004022F8F7ECFF87
:10784800A36A40354033A3624036A36AE26A934292
:1078580002D32000FFF7A7FF62B6009B9E42DFD24B
:1078680072B6D3E728003A00F8F7D6FFA36AED19F5
:10787800DB19A362F619E8E710B5029C0172210032
:1078880004335943C36100238362C362039B5118C5
:107898000363049B00604060C460426102618161CF
:1078A80004624262436310BD036A0221C360436AF3
:1078B80010B543610361002349428362C362FFF745
:1078C80082FE10BD436902699A4203D1C268002052
:1078D800824202D1180008C80B607047C368C269A9
:1078E8000133C360436910B59B18826943619342B1
:1078F80001D3436A43610021FFF75AFE10BD70B5FA
:1079080004000D00E368002B07D0236900201A1D2E
:10791800A262E2699B18E36208E0237A002B06D191
:1079280029002000FFF732FE0028EBDA70BD0220A4
:107938004042FBE7036910B51960C268013AC260AA
:10794800C2699B1882690361934201D3436A036148
:1079580000238362036B002B00D0984710BD70B5DD
:107968000D000400110072B6836A002B05D1FFF7E1
:10797800C6FF002801D062B670BDA36A1D70A36A55
:10798800E26A0133A362934204D3E3692000191F1A
:10799800FFF7D0FF62B60020EEE7F7B504000D0050
:1079A8000092019372B60026A36A002B08D120002A
:1079B8000199FFF7A4FF002802D062B63000FEBD8F
:1079C800A06AE36A009A1B1A971B9F4200D91F00FE
:1079D800402F17D929004022F8F71EFFA36A403527
:1079E8004033A3624036A36AE26A934204D3E36950
:1079F8002000191FFFF79EFF62B6009B9E42DDD252
:107A080072B6D1E729003A00F8F706FFA36AED1924
:107A1800DB19A362F619E6E7030002695969002039
:107A280010B58A4218D1D968814215D0996A814225
:107A380012D004398C1A91420ED01460D9680139D9
:107A4800D960D969521899691A618A4201D35A6A68
:107A58001A61002201209A6210BD10B500F002FFE1
:107A680010BD012310B50370002343600C30FFF7ED
:107A7800B8FD10BD10B5040072B6416000F002FFF9
:107A88000223237062B610BD1FB5040072B6002031
:107A9800A06003302070089802900798019006981B
:107AA8000090200000F046FF0223421C00D103335F
:107AB800237062B604B010BD10B501F095F910BD81
:107AC8000123037000234360C3600374704710B53B
:107AD800040072B64B684160836001F093F900239B
:107AE800E3600233237062B610BD10B5040072B6AD
:107AF80001F002FA0023E36063600133237062B689
:107B080010BD10B572B601238B40C4682343C3600F
:107B180001F00CFA62B610BD10B572B601238B40A5
:107B2800C2689A43C26001F007FA62B610BD10B588
:107B380072B601F00EFA62B610BD10B500F0B6FFCD
:107B480010BD704710B500F0E5FF10BD10B501F08D
:107B580073F810BD10B501F0F3F810BD012310B58E
:107B680003700023436083600C30FFF73AFD10BDBB
:107B78000200030010B50400763212787E331A70C2
:107B880001F08AFB63681B68002B02D001212000EA
:107B980098470323237010BD10B501F059FB10BDA1
:107BA800012302000100037000232C324360483196
:107BB8001360D36104328A42FAD18360704710B5EA
:107BC800040072B600234160C360036143618361AE
:107BD800C36103624362836201F0FCFB02232370EA
:107BE80062B610BD70B5040072B601F039FB00230F
:107BF800250002266360013323700C352C3476424D
:107C08002B68002B0ED05869002803D031000C30A7
:107C1800FFF7B0FC2B689869002803D031000C30BE
:107C2800FFF7A8FC002308C5A542E9D1FFF742FCED
:107C380062B670BD8B1C9B0070B5C31805005069F7
:107C48000E0014005A60002803D014220021F8F70F
:107C580037FEA069002803D014220021F8F730FE6F
:107C68003100280001F022FB70BD0000F8B50500C6
:107C780007000226040082680F4B1035134083600A
:107C88002C3776422B68002B0ED05869002803D079
:107C980031000C30FFF76EFC2B689869002803D080
:107CA80031000C30FFF766FC002308C5BD42E9D15E
:107CB800200001F0B1FBF8BD0100010070B50125FD
:107CC8008D4044892C4344818C1CA40004196468A9
:107CD800A46923600023A2606360E36001F0EEFB07
:107CE80070BD70B501258D4004892C4304818C1C1E
:107CF800A40004196468646923600023A2606360B7
:107D0800E36001F001FC70BD037870B5052B0AD162
:107D18001025054C1420236C2B432364FFF711FC1A
:107D2800236CAB43236470BD005C00400223F7B5AD
:107D380003700023C3678360030005000227040063
:107D48002C330C3501937F422B68002B11D072B66F
:107D58002B685869002803D039000C30FFF70AFC5B
:107D68002B689869002803D039000C30FFF702FC13
:107D780062B60026019B40C59D42E5D123006433CD
:107D88001E70200001F008FB63681B68B34202D034
:107D9800310020009847F7BD03000278803370B5A2
:107DA8001A7005230370436804001B68002B01D078
:107DB80004219847250000230226A3600C352C34A3
:107DC80076422B68002B11D072B62B6858690028B0
:107DD80003D031000C30FFF7CDFB2B6898690028E1
:107DE80003D031000C30FFF7C5FB62B60435A5425D
:107DF800E7D170BD030010B580331B78037043686A
:107E08001B68002B01D00521984710BDF7B5060067
:107E1800643633780400002B01D000233370270028
:107E280074373A002000019701F032FB63689B68C1
:107E3800002B18D1019B1A78602315001D401A42A7
:107E480033D00021200001F097FB0021200001F031
:107E58007FFB63681B68002B02D00621200098472F
:107E680006233370F7BD200098470028E2D023008E
:107E78007B331A78013B1B7812021343E26E9A4255
:107E880000D9E366019BE16E1B787F2B00D808E1DF
:107E9800002900D1FBE00923337072B60021E36E9C
:107EA800A26E2000FFF71DFFF9E023007F21753344
:107EB8001B780A401B021343814A934200D1CEE04B
:107EC80026D880225200934259D00DD8012B50D089
:107ED800022B00D194E0002BB3D122007C32A266A1
:107EE8000222E2662367C2E781225200934200D150
:107EF8009DE0FF32FF329342A3D1230076331B78F3
:107F0800012B9ED122007C32118801330B4341E0C2
:107F180080221201934246D023D8A022D200934255
:107F28003DD0684A9B18012B00D98AE7230022001C
:107F380079331B78783212781B0221001343220010
:107F48006068763240687731070012782000097837
:107F5800B847002800D174E74368A3660368E3665E
:107F68001BE090221201934222D0574A934200D03C
:107F780067E7564BA3660223E3660023B2E72300B4
:107F880076331B78012B00D05BE7220002217C327C
:107F980013888B431380A566E566256767E74C4B16
:107FA800A566E5669EE723007F33A3660123D6E72F
:107FB8002378042B0FD172B62000FFF757FE62B664
:107FC800230003217F331D70636821701B68002B19
:107FD80001D020009847230076331B78002B0BD064
:107FE80022007F3213700423237063681B68002B00
:107FF80002D00221200098470023A366E36671E7B8
:1080080023000F2178331B78200019405BB2002B26
:108018000ADA01F02BFA012804D0022800D010E770
:108028002C4BA7E72C4BA5E701F00AFAF3E723004E
:1080380076331B78002B00D003E7230078331B78B6
:108048000F22190011401342D6D05BB22000002B3A
:1080580002DA01F0B9FACFE701F0A0FACCE7230081
:1080680076331B78002B00D0EBE6230078331B789F
:108078000F22190011401342BED05BB22000002B22
:1080880002DA01F079FAB7E701F062FAB4E71423EB
:10809800337072B60B000A002000FFF70FFE62B6BD
:1080A800E0E6002906D01523337072B60021E36E8E
:1080B800A26EF1E70B23337072B60B000A00F0E6EC
:1080C8000203000000FAFFFF020C0000BCB2000827
:1080D800797B0008B8B20008BAB2000870B505008C
:1080E80064350400287800283BD00638C3B20F2B2B
:1080F8002FD80F282DD8F8F7C7F8342C2C08222DA4
:108108002C2C2C2C2C2C2C2C343423007B331A783C
:10811800013B1B78E06E1202134398420FD2E368CA
:10812800198AF8F74BF9002909D172B60B000A0031
:108138002000FFF7D6FD62B60A232B7009E014234E
:108148002B7072B6002320001A001900FFF7B6FD45
:1081580062B670BD236F002B01D020009847002322
:10816800EBE70021200001F007FA0021200001F0D0
:10817800EFF963681B68002B02D00621200098479E
:108188000623DAE770B5050064352B780400142B54
:1081980026D019D8062B06D002D8002B03D070BDE4
:1081A800093B022BFBD80021200001F0E5F9002152
:1081B800200001F0CDF963681B68002B02D006216E
:1081C80020009847062315E0152BE8D10A3B2B70B1
:1081D80072B600231A001900FFF783FD62B6DEE7C6
:1081E800C3689B695B68002BD9D1036F002B00D053
:1081F800984700232B70D2E70322F0B5FF26C0254D
:108208000240D2009640890191400A4F83089B00A2
:10821800DB19AD005C591F22B4430C435C510123A8
:1082280002409340C02240098000C0195200835088
:108238000360F0BD00E100E01F21012201408A40F7
:108248004309094920339B0010B55A5083089B0005
:108258005B18032108408840C024FC318140A400F9
:108268001A598A431A5110BD00E100E010B50321E4
:108278000520FFF7C1FF03210620FFF7BDFF0321FB
:108288000720FFF7B9FF10BD10B57446044800F089
:108298002DF9044800F02AF92000FFF7E3F910BD92
:1082A800D0B20008E0B2000810B57446074800F0E4
:1082B8001DF9074800F01AF9064800F017F90648B2
:1082C80000F014F92000FFF7CDF910BDF0B2000856
:1082D80000B3000810B3000820B30008264B274A53
:1082E800996A10B50A43FC219A629A6AC9030A403E
:1082F8009A629A6A1A690122002152421A611A691D
:1083080019611A69D8681E4A1E4C02438020DA6037
:10831800DA68C0030240DA60DA688022D869520558
:1083280002438020DA61DA69226840000243226051
:10833800C0241A6AA4002240824203D0802252023A
:108348001A6219621922196A0A431A620222196A00
:108358001142FCD08022196A1202114207D18021F1
:10836800186A490001431962196A0A431A6200F03F
:108378005DF8FFF77BFF10BD00100240FFFF81FF93
:10838800FFFFBFFF007000400122264B19680A4317
:108398001A60022219681142FCD003215A688A43E4
:1083A8005A600C225968080010401142FAD1F9218C
:1083B8001A680A401A6001225860596B0A435A63C6
:1083C8000222596B1142FCD00122596A0A435A62AF
:1083D8000222596A1142FCD0A02100228903DA62E4
:1083E80059601A638022196852040A431A6080226D
:1083F800920419681142FCD011210B4A11601039FE
:1084080010680842FCD0022259680A430C215A60BD
:108418005A680A40082AFBD19969073A0A439A61BF
:108428009B6970470010024000200240002301228F
:108438000848094910B5036043604C68103123604F
:10844800D40001320351082AF7D1044B093A5A6083
:1084580010BDC04630170020C0B20008000002401E
:10846800F7B50024019100921900062835D81C4B55
:1084780001271C688740A446654600243D422CD14C
:1084880005010130C000C250181841606046012142
:10849800384318601348144E426974190A434261FC
:1084A8004269009A002A0BD05B68A2681A4203D17D
:1084B800E07B0199FFF7A0FE094B5A6817435F60FC
:1084C8000F2071194B68497B1A6882431A600E2283
:1084D8008A407059426000221A602000FEBDC046E2
:1084E8003017002000100240C0B2000810B5026822
:1084F800447B11680E23E140194043681B68194208
:108508000CD0837B0800A04001335060044ADB0094
:108518009C58002C02D0D3185868A04710BDC046FC
:108528003017002010B574460348FFF7DFFF20001E
:10853800FFF798F810BDC046C0B20008C24310B596
:10854800184B8C070DD119681140196059681140F2
:108558005960996811409960D9680A40DA60586191
:1085680010BDCC0710D59C6804439C608C070ED5C1
:10857800DC680443DC6049070CD4196808431860B8
:1085880059680A405A60EBE79C681440EDE7DC68DC
:108598001440EFE759680843586019680A401A60A0
:1085A800DEE7C046000401407047F0B5130003251C
:1085B80001278BB02B40059393083B400193D308C8
:1085C8002B400F26029353092B409C460023D209C7
:1085D8003240059C0792069708950996069A11421B
:1085E8002ED00726069F1E409F40079DB20003928B
:1085F80095404268019EBA433243089E5F00BE40E0
:108608003700F643426082680496029EBA433243BA
:1086180066468260C268BA433243C260039E099AC2
:10862800B240059ED243022E1DD1072B16D8066AEA
:1086380032402A4302620268049D2A4022430260B3
:10864800490821D0019AA40052000192029A0133EC
:1086580092000292624692009446BFE7466A324010
:108668002A434262E7E70668049F3E4026430660C5
:10867800072B04D8066A32402A430262E0E7466ABA
:1086880032402A434262DBE70BB0F0BD836A10B583
:108698005B6800245B68016BFF2B02D98024FF23F1
:1086A800640440681B0480684A6803430448024025
:1086B800134380222343D20013434B6010BDC046AE
:1086C800FFFF00FEC36A30B55B6800245A68016B7F
:1086D800FF2A02D98024FF22640440684B68044DB5
:1086E80080682B4003432343120413434B6030BD7F
:1086F800FFFF00FEFC22F8B5584C9201256B764628
:10870800AB69EB6113423AD00F25E26A5068016801
:10871800A9430160507B11680E22170087404F6003
:10872800A16A4F683868A84338600868497B8A405E
:108738004260DA0503D50122A1680A43A2609A05BE
:1087480003D50222A1680A43A2605A0503D508226C
:10875800A1680A43A260A268DB040AD52023134358
:10876800A36072B6022149423D48FEF703FF62B694
:1087780001E0002AF5D13000FEF774FFF8BDFE22B3
:108788001342F8D0DA0622D50F20E36A59680A683E
:1087980082430A60597B1A680E231F008F40576076
:1087A800A26A57683968814339601168527B9340DF
:1087B8004B600423A2681343A36080236A68DB012B
:1087C800134346226B602B6893432B60C9E71A0654
:1087D80009D523782000032B02D1FFF773FFCAE7DE
:1087E800FFF754FFC7E75B06C5D5A36A21780F20BA
:1087F8005A6803291DD1E36A5F6839688143396083
:10880800587B19680E2383404B605368002B18D09F
:108818002000FFF73BFFA36A5A68012311680B4346
:10882800136080236A689B0113436B6004232370E1
:10883800A1E7116881431160597B1A680E238B40A8
:10884800536080236A68DB01134340226B602B6806
:1088580093432B6072B6002186E7C046F4200020BF
:108868001021002010B5054C2000FFF7FAF800236E
:10887800034AE3612263A362E36210BDF42000208F
:1088880000540040012270B5056B04002B68934327
:108898002B60037893422FD19A234362103B0362E3
:1088A800204B984228D180221F4B920319691F48F8
:1088B800114319611969014019611969D9690620BB
:1088C8000A43DA6103210022DB692300FFF7C8FDB0
:1088D800230000220321A0620520FFF7C1FD8023A9
:1088E800226A5B011A432262626AE062134303212F
:1088F80017206362FFF780FC2A00A36A24325B68B2
:108908009A60E36A04325B689A606268084B51684F
:108918000B432B6013682B6101232A6813432B60D8
:1089280070BDC046F420002000100240FFFFDFFFAA
:1089380090C00000F7B50E0000210400056B8160AF
:1089480062B6C16A406A4968FA270860CA604B6023
:10895800A36A226A5B687F001A60089ADA60099A3B
:108968005A60FEF7C0FE019072B68022AB6912020F
:10897800134207D0FEF7B7FE019BC01AB8423CD29B
:1089880062B6F1E76268236B9268120500D476003C
:1089980020005E60FFF796FEE36A20005A68012314
:1089A80011681C300B43136040232A680A9913434B
:1089B8002B6080236A689B0113436B60FEF7CAFD36
:1089C800431C19D180236A68DB0113436B600F25B0
:1089D800A36A59680A68AA430A60597B1A680E2371
:1089E8001E008E405660E26A54682168A9432160DF
:1089F8001168527B93404B60FEBD01204042FBE76B
:108A08008022054B1B68D9680A43DA604022D9687E
:108A18001142FCD07047C04628210020D021F8B56B
:108A28001F4C204A23684903DD6877462A40DA60EC
:108A38001D4A51616268002A2DD09E68730404D5CE
:108A48006B0502D5072120009047F30405D5EB05F7
:108A580003D5002120006368984733040BD52B0504
:108A680003D50221200063689847EB0403D503214E
:108A7800200063689847042123681B6C0B420AD0C6
:108A8800AB0402D52000636898476B0403D5052121
:108A98002000636898473800FEF7E4FDF8BDC0463B
:108AA80028210020FF02FFFF0004014070B5164C8A
:108AB8002000FFF746F8CA22144B23605A62773A1F
:108AC8005A62D968433A0D001540114218D1FFF790
:108AD80097FF802123680E4A9D601D64D9601A6142
:108AE8001A61DA688A43D020DA6000230121400342
:108AF8006360FFF723FD03210220FFF77DFB70BDB4
:108B08002021DA68EEE7C04628210020002800402E
:108B1800FF031F00F0B54B680C00FA2185B00390E5
:108B2800580189004009F7F74DFC0A210600F7F7BC
:108B3800BFFB06210500F7F741FC30000F010A21B1
:108B4800F7F73CFC28000F430621F7F7B1FB0A2191
:108B58000500F7F733FC090228000F430A21F7F74D
:108B6800A7FB06210500F7F729FC090328000F4396
:108B78000621F7F79DFB0A210500F7F71FFC0904FA
:108B88000F4328000A21F7F793FB23780005009389
:108B98003843637802900A21009801931F07F7F77A
:108BA8000DFC3F0F38000E040A21F7F707FCA578E3
:108BB8000902ED06ED0E28000E430A21F7F7FEFB29
:108BC80038000E430A21F7F773FB00030A21064316
:108BD8002800F7F76DFB019B00015B095B030A2185
:108BE800064300981E43F7F763FB0A21F7F7E6FBF5
:108BF80009050E43FEF7B4FA0500FFF701FF039BD2
:108C08000B481A68029B1360637856609168DB060C
:108C1800DB0F01409B040B4380219360054B280028
:108C28001A68D3688B43D360FEF7A2FA05B0F0BD8B
:108C3800FFFFFBFF28210020F0B5040085B00E00DF
:108C4800FEF78EFA20212368DA680A42FCD09A6A75
:108C58001C6801925D689A68FA270292DA68BF0078
:108C68008A43DA60FEF784FA0322230D2C49134065
:108C7800944659430C32200C2A4B104043435B184E
:108C8800210011404F430721200B08402649DB19DA
:108C98004143200A5B182549104041430A20802798
:108CA8005B1803932B0D13404343290C11405B18A9
:108CB8003370EB04DB0F4343290A11405B18029918
:108CC80013407F0189091B0239401943E023674695
:108CD8001B022B400B4329093940414315404919D0
:108CE8001F252940090432680B431149114F1140CF
:108CF8000B433360072324091C406743039B0E4C36
:108D0800FF18019B5C430D4BE418C44073683F197E
:108D18007F01DB0EDB067F091F43776005B0F0BDDE
:108D28000051250280EE3600C027090060EA0000E5
:108D3800FF00E0FF1027000018FCFFFF189C0F0041
:108D480010B5074C2000FEF709FF064BE36100232E
:108D580023626362044BA362044BE36210BDC04606
:108D680030210020003800400A10000018100000D0
:108D780001220E4B10B5D9690F201143D9610C4956
:108D8800DB698B6813438B6080230A49DB05996292
:108D980001214942D962002199615963D96059601A
:108DA8005A6102311A60FFF727FA10BD001002401D
:108DB80000580140BF1200008022D2051369D16813
:108DC80010B50B40D9B2C94311619B0703D572B6E0
:108DD800FEF7C2F962B610BD10B57446FFF7ECFF96
:108DE8002000FEF73FFC10BD10B5044C2000FEF734
:108DF80067FE04232374024BA36110BD6021002089
:108E080000040040037870B50400012B61D1364B93
:108E1800984212D10221354B1020DA690A43DA61EF
:108E2800DA691A690A431A611A698A431A610131AF
:108E38001B69FFF7E1F92E4B6361A3692D4A9A611B
:108E4800DA61656860692968F7F732FA0F21A36863
:108E5800A269013B01389062D362EB6A5360EB6808
:108E6800194001293ED00023022901D101230B43D7
:108E78000F2168690140012903D0022903D11E315D
:108E88000B4310210B430F21E8690140012904D04D
:108E9800022905D1FF31FF310B43802149000B43E3
:108EA8000F21686A0140012904D0022905D18021D7
:108EB80089010B43802149010B431362012353614C
:108EC8000023FF2113612B6B8B43D3608523136031
:108ED80070BD002283691A605A639A63DA631A6460
:108EE8005A62AEE70021C1E760210020001002406D
:108EF800006CDC026868000010B50478022C0FD101
:108F0800002283691A60DA601A61064B984207D119
:108F18001020FFF791F9044BDA69A243DA61DB69A3
:108F280010BDC046602100200010024083690C314A
:108F3800890059184A6070470B00826900200C3379
:108F48009B00D318586002308840D3688343D360AD
:108F5800704701238269D168194204D102200B436A
:108F680040421061D3607047836970B51D69DA6843
:108F780004001540EAB2D2431A61AB0704D543682E
:108F88001B69002B00D098476B0705D563689B6960
:108F9800002B01D0200098472B0705D563681B6A72
:108FA800002B01D020009847EB0605D563689B6A23
:108FB800002B01D020009847EB0705D563689B6814
:108FC800002B01D02000984770BD000010B57446F2
:108FD8000348FFF7C9FF2000FEF744FB10BDC04659
:108FE800602100200B4B30B51B6D0B4CC0001B19CA
:108FF800C018038889181B1994B244808C1A002A57
:1090080000DC30BD60782578000228431880023AD9
:109018000233F3E7005C0040006000407346F0B59F
:10902800804C87B0656C05936B0504D57E4B7F48F3
:109038006364FEF77BFE2B0508D50823226C7B486A
:10904800134323647A4B6364FEF7A6FEEB040BD547
:10905800A36C1B0406D40822236C7448934323642E
:10906800FEF7C8FE734B6364AB0507D56F484368CA
:10907800DB68002B00D098476F4B636480231B028A
:109088001D4204D10598FEF7EDFA07B0F0BD0F2791
:10909800644B2F40BD00ED182B68644E0293BB1C37
:1090A8009B00F3185B680193029B1B0626D52A6870
:1090B8006249019B0A4080215B6909020A432A60D0
:1090C8001A69186894465A68196862445A60801A7E
:1090D80091422DD0019A128A824200D902009968E1
:1090E8001A6161449960F8B2FFF77CFF2A68544B13
:1090F8001A4030235A40534B13432B608022029B63
:109108001202134212D02B684C4A1A408023134390
:109118002B60FBB29C46029B1B0521D54348BB1C18
:109128009B00C3185B6861465B689847656CA5E758
:109138000122BA40338993433381019B9B68002BFA
:1091480002D03000F9B2984772B6BB1C9B00F618E3
:109158007368002158690C30FEF70CFA62B6CDE747
:10916800019B39489A69F90093680393236D1B188A
:109178005B18998809180491DB8802919B059B0D5F
:1091880019000398012938D80499039E580840000B
:1091980009183618834201D0098831709168C918B6
:1091A80091605168C91851601168C91A1160118A13
:1091B800013989B21182019A528A9A4201D800294A
:1091C80026D10122BA40194DBE1C6B8993436B818D
:1091D800B300EB185B68DB68002B02D061462800FF
:1091E800984772B6B600AD196B689B691800596844
:1091F8000C30FEF7BFF962B698E7029E023936884E
:109208000670360A4670029E023002360296B9E7A8
:109218002A680E4B1A40C0239B015A40094B13433E
:109228002B6083E7005C0040FFFBFFFF7C210020F0
:10923800FFF7FFFFFFEFFFFFFFFDFFFF0F07FFFF38
:10924800BF87FFFF80800000006000408FB7FFFFEE
:1092580010B50248FEF7A4FC10BDC0467C210020D2
:10926800037810B5012B0ED0074B98420BD11F2065
:10927800FEF7E2FF0322054B05491A64054BDA693C
:109288000A40DA61DB6910BD7C210020005C0040E7
:10929800FFFF7FFF0010024080227E3003781343D7
:1092A800014AD3647047C046005C00408B1C9B0099
:1092B800C318F7B55C68032322681340032B56D004
:1092C8005A4253415B022E4A2E4E126DCD0092191E
:1092D800AD186269002A13D00700002208376A8097
:1092E800FA6F0192228A0132160001229643320057
:1092F800019E9219FA676A46968820222E801343A7
:10930800A269002A18D0648A661E3E2C32D91F2210
:1093180032430132521196021B4A3243012692B25D
:109328000830EA800134C26FB443A41892B2C4670B
:10933800AA8080229201134311488A0012188020C3
:109348001468C001044200D003434020146804425A
:1093580000D003430D48194301400D480D4C01430B
:109368001160116823404B4003431360F7BDC023CD
:10937800DB00A8E701223243013252109202CDE706
:10938800005C0040006000400080FFFF0F07FFFF07
:109398008080000070780000002180230B4A10B5FF
:1093A80011655164D3644368DB685C4263419E2461
:1093B8005B4224025B021B1913640300402208333A
:1093C800DA67034BC360FFF771FF10BD005C004014
:1093D80030B30008017870B50400012914D10B4B93
:1093E80098420ED180220A4B1204D869094D0243D3
:1093F800DA61DB691F2029640231FEF7FDFE0023D4
:109408002B642000FFF7C8FF70BDC0467C210020F8
:1094180000100240005C0040402301220830C3676E
:109428000548064993005B18196801320143196021
:109438001860082AF5D1704780800000005C004061
:10944800084B8900C958C0220B009201134018002C
:10945800114205D0044A9B181800431E9841013058
:109468007047C046005C004000F0FFFF074B8900D2
:10947800C95830220B0013401800114204D0103B89
:109488001800431E984101307047C046005C0040F8
:10949800084B09481B6DC9001B18C9188B881B1875
:1094A8001000083019880233118002329042F9D135
:1094B8007047C046005C0040006000408B1C9B0069
:1094C800C018426870B595690C0028680123002807
:1094D80005D0518A40180138F6F7EAFE83B22B828C
:1094E800064BA400E4182268054B1A40C0239B01D0
:1094F8005A40044B1343236070BDC046005C0040D3
:109508008FB7FFFF808000008B1C9B0010B5C01830
:1095180042680C005369128A19688A4200D90A0005
:10952800200099681A61FFF75DFD064BA400E41856
:109538002268054B1A4030235A40044B13432360DA
:1095480010BDC046005C0040BF87FFFF8080000060
:10955800064B8900C9180A68054B1A4080235B012D
:109568005A40044B13430B607047C046005C0040F0
:109578008FB7FFFF80800000054B8900C9180A6873
:10958800044B1A4010235A40034B13430B60704797
:10959800005C0040BF87FFFF80800000C022074BAF
:1095A8008900C9180B6892011340934205D00B68D3
:1095B800034A1A40034B13430B607047005C00409A
:1095C800BF87FFFF80A000003022084B8900C91820
:1095D8000B681340934207D00A68054B1A402023B2
:1095E8005A40044B13430B607047C046005C004070
:1095F800BF87FFFF808000004B6843608B688360F3
:10960800CB68C3600B6943614B6903628B69436232
:109618000B68036070470000FC22154BD203996A5F
:1096280010B511439962996A1248014090209962D5
:10963800996A5969C0050A435A610F495B69FFF77E
:10964800DBFF0E490E48FFF7D7FF0E490E48FFF71C
:10965800D3FF0E490E48FFF7CFFF0E490E48FFF71C
:10966800CBFF0E490E48FFF7C7FFFEF78DFE10BD72
:1096780000100240FFFF81FF54B3000870B30008D8
:10968800000400488CB3000800080048A8B300088C
:10969800000C0048C4B3000800100048E0B30008FC
:0696A800001400487047A9
:0496B000F8B5C04603
:0496B400F8B5C046FF
:1096B8000000000000202020202020202020282832
:1096C800282828202020202020202020202020207A
:1096D80020202020208810101010101010101010BA
:1096E80010101010100404040404040404040410EA
:1096F8001010101010104141414141410101010178
:109708000101010101010101010101010101010141
:10971800101010101010424242424242020202024D
:109728000202020202020202020202020202020211
:1097380010101010200000000000000000000000C1
:109748000000000000000000000000000000000011
:109758000000000000000000000000000000000001
:1097680000000000000000000000000000000000F1
:1097780000000000000000000000000000000000E1
:1097880000000000000000000000000000000000D1
:1097980000000000000000000000000000000000C1
:1097A80000000000000000000000000000000000B1
:1097B80000000000000000000000000000000000A1
:1097C80001010203040506080A0C0F1114181C20D5
:1097D80024292E33393F464C535B626A7179818A5A
:1097E800929AA2AAB2B9C1C8CFD5DCE1E7EBF0F4EE
:1097F800F7FAFCFDFEFFFEFDFCFAF7F4F0EBE7E1FB
:10980800DCD5CFC8C1B9B2AAA29A928A8179716A05
:10981800625B534C463F39332E2924201C181411FF
:109828000F0C0A08060504030201010000000000ED
:109838000000000000564F4C00454E43004C415973
:109848004552002530326400410047004341500032
:10985800534352003A00706D00616D002564002D7D
:109868000043415053004D45440042525400424B7E
:109878004C00435330004353310043533200434CB0
:109888004B0000006E98000858980008729800086D
:10989800769800087A9800087E9800088298000850
:1098A8003D98000886980008290000003A003B000F
:1098B8003C003D003E003F004000410042004300A4
:1098C800440045000000000035001E001F00200075
:1098D80021002200230024002500260027002D0057
:1098E8002E002A004C00805F2B0014001A0008008C
:1098F800150017001C0018000C00120013002F00A0
:109908003000310000004C00390004001600070048
:1099180009000A000B000D000E000F003300340090
:109928003200280000004B00E10064001D001B000D
:109938000600190005001100100036003700380035
:10994800E500520000004E00E000E300E2002C00B9
:1099580000002C0000002C000000E6000151E4008B
:109968005000510000004F000100000001000100FC
:1099780001000100010001000100010001000100D7
:1099880001000100000000000100010001000100C9
:1099980001000100010001000100010001000100B7
:1099A800010001000100825F0100010001000100C7
:1099B8000100010001000100010001000100010097
:1099C800010001000000815F0100010001000100A9
:1099D8000100010001000100010001000100010077
:1099E8000100010000000100010001000100010068
:1099F8000100010001000100010001000100010057
:109A08000100010000000100005C010001000100EC
:109A18000000010000000100000001000100010039
:109A2800010001000000010044454255473A206505
:109A38006E61626C65642E0A0044454255473A20BF
:109A480064697361626C65642E0A0000000000009E
:109A580000000000000000000000000000000000FE
:109A680000000000000000000000000000000000EE
:109A78000000002A2B280000000000000000000061
:109A880000000000000029000000002C1E342021E6
:109A98002224342627252E362D3738271E1F20212D
:109AA80022232425263333362E37381F040506078C
:109AB80008090A0B0C0D0E0F1011121314151617A6
:109AC80018191A1B1C1D2F3130232D3504050607C4
:109AD80008090A0B0C0D0E0F101112131415161786
:109AE80018191A1B1C1D2F3130354C000000007E40
:109AF8000F00D4FFFFFFC70000007800E200E90074
:109B0800EA00B500B600B700CD008301CC008A0199
:109B1800920194012102230224022502260227022F
:109B28002A02B300B4006F0070000A722F6320305D
:109B38003132333435363738394142434445460AA1
:109B480000253032580025303136620001040048C3
:109B5800020400480A0400480B0400480C040048AA
:109B68000D0400480E040048080000480900004899
:109B78000A000048000400480700004805000048A3
:109B8800050400480F00004801000048030400488D
:109B9800040400480000004802000048040000488F
:109BA800030000480A092D204D6F7573656B6579B0
:109BB800202D0A4553432F713A09717569740A318A
:109BC8003A0964656C6179282A31306D73290A3243
:109BD8003A09696E74657276616C286D73290A3367
:109BE8003A096D61785F73706565640A343A09747F
:109BF800696D655F746F5F6D61780A353A097768DA
:109C080065656C5F6D61785F73706565640A363A87
:109C180009776865656C5F74696D655F746F5F6D02
:109C280061780A0A703A097072696E742076616CFC
:109C38007565730A643A09736574206465666175AD
:109C48006C74730A75703A092B310A646F776E3A2F
:109C5800092D310A706775703A092B31300A70671F
:109C6800646F776E3A092D31300A0A73706565643E
:109C7800203D2064656C7461202A206D61785F73D3
:109C880070656564202A2028726570656174202FCC
:109C98002074696D655F746F5F6D6178290A00775C
:109CA800686572652064656C74613A2063757273C7
:109CB8006F723D25642C20776865656C3D25640AC4
:109CC80053656520687474703A2F2F656E2E776916
:109CD8006B6970656469612E6F72672F77696B694C
:109CE8002F4D6F7573655F6B6579730A006D6B5FD8
:109CF80064656C6179203D2025640A006D6B5F699D
:109D08006E74657276616C203D2025640A006D6B67
:109D18005F6D61785F7370656564203D2025640A16
:109D2800006D6B5F74696D655F746F5F6D6178203E
:109D38003D2025640A006D6B5F776865656C5F6D13
:109D480061785F7370656564203D2025640A006D45
:109D58006B5F776865656C5F74696D655F746F5F6D
:109D68006D6178203D2025640A004C25640A006551
:109D780065636F6E6669673A0A0064656661756C4B
:109D8800745F6C617965723A2000257500646562BC
:109D980075675F636F6E6669672E7261773A200038
:109DA8002E656E61626C653A20002E6D6174726971
:109DB800783A20002E6B6579626F6172643A2000F0
:109DC8002E6D6F7573653A20006B65796D61705FF4
:109DD800636F6E6669672E7261773A20002E73771B
:109DE80061705F636F6E74726F6C5F636170736CC8
:109DF8006F636B3A20002E636170736C6F636B5FE7
:109E0800746F5F636F6E74726F6C3A20002E737795
:109E180061705F6C63746C5F6C6775693A20002EC3
:109E2800737761705F7263746C5F726775693A20EB
:109E3800002E737761705F6C616C745F6C67756915
:109E48003A20002E737761705F72616C745F72677D
:109E580075693A20002E6E6F5F6775693A20002E8B
:109E6800737761705F67726176655F6573633A20C7
:109E7800002E737761705F6261636B736C617368E6
:109E88005F6261636B73706163653A20002E6E6B6D
:109E9800726F3A2000436C656172696E67204545B0
:109EA80050524F4D0A000A092D204D616769632001
:109EB8002D0A443A094465627567204D65737361DC
:109EC800676520546F67676C650A583A094D617475
:109ED800726978204465627567204D6F6465205407
:109EE8006F67676C65202D2053686F77206B6579E5
:109EF8007072657373657320696E206D6174726921
:109F08007820677269640A4B3A094B6579626F6118
:109F1800726420446562756720546F67676C6520BA
:109F28002D2053686F77206B657970726573732085
:109F38007265706F72740A4D3A09446562756720DC
:109F48004D6F75736520546F67676C650A563A09DB
:109F580056657273696F6E0A533A09537461747562
:109F6800730A433A09416374697661746520436FE3
:109F78006E736F6C65204D6F64650A46312D4631EE
:109F8800303A0953776974636820746F204C61799B
:109F9800657220302D392028463130203D204C3044
:109FA800290A302D393A0953776974636820746F28
:109FB800204C6179657220302D390A475241564547
:109FC8003A0953776974636820746F204C61796526
:109FD8007220302028616C7465726E617465290A7C
:109FE800423A094A756D7020746F20426F6F746C25
:109FF8006F616465720A4553433A094A756D70206A
:10A00800746F20426F6F746C6F6164657220286191
:10A018006C7465726E617465290A453A09507269F3
:10A028006E7420454550524F4D2053657474696EC7
:10A0380067730A4253504143453A09436C6561725C
:10A0480020454550524F4D0A4E3A094E4B524F202B
:10A05800546F67676C650A000A092D20436F6E7399
:10A068006F6C65202D0A4553432F713A0971756944
:10A07800740A6D3A096D6F7573656B65790A0043EB
:10A088003E20000A0A4A756D70696E6720746F2059
:10A09800626F6F746C6F616465722E2E2E20000AD9
:10A0A80064656275673A206F6E0A000A64656275B6
:10A0B800673A206F66660A000A6D61747269783AB9
:10A0C800206F6E0A000A6D61747269783A206F66B3
:10A0D800660A000A6B6579626F6172643A206F6E76
:10A0E8000A000A6B6579626F6172643A206F66666E
:10A0F8000A000A6D6F7573653A206F6E0A000A6D63
:10A108006F7573653A206F66660A000A092D205636
:10A11800657273696F6E202D0A005649443A2030E3
:10A1280078434130342843616E6E6F6E4B657973A6
:10A1380029205049443A203078353746352853612C
:10A1480074697366616374696F6E37352920564583
:10A15800523A203078303030310A004255494C4468
:10A168003A2020284A756C20313320323032312988
:10A178000A0043484942494F533A202262726561B6
:10A188006B696E675F323032315F7131222C204348
:10A198004F4E545249423A2022627265616B696E91
:10A1A800675F323032315F7131220A004F505449B3
:10A1B8004F4E533A204D4F5553454B45592045581E
:10A1C8005452414B455920434F4E534F4C45204321
:10A1D8004F4D4D414E44204E4B524F20424F4F540D
:10A1E8004C4F414445525F53495A450A004743433F
:10A1F8003A20392E322E310A000A092D2053746173
:10A20800747573202D0A00686F73745F6B657962CB
:10A218006F6172645F6C65647328293A2025580A57
:10A22800006B6579626F6172645F70726F746F63DF
:10A238006F6C3A2025580A006B6579626F61726409
:10A248005F69646C653A2025580A006B65796D6111
:10A25800705F636F6E6669672E6E6B726F3A20254A
:10A26800580A0074696D65725F72656164333228DB
:10A27800293A202530346C580A004E4B524F3A2068
:10A288006F6E0A004E4B524F3A206F66660A003FC7
:10A29800004D3E20000A092D2056616C756573201B
:10A2A8002D0A00313A2064656C6179282A31306DB5
:10A2B80073293A2000323A20696E74657276616CAF
:10A2C800286D73293A2000333A206D61785F7370E6
:10A2D8006565643A2000343A2074696D655F746F6F
:10A2E8005F6D61783A2000353A20776865656C5F64
:10A2F8006D61785F73706565643A2000363A20773F
:10A308006865656C5F74696D655F746F5F6D6178B2
:10A318003A20007365742064656661756C740A0080
:10A328004D25643E20004D3E00010203040506074A
:10A338000809006D6F7573656B6579205B62746ED3
:10A348007C782079207620685D287265702F61639B
:10A358006C293A205B007C005D28002F0000FF017B
:10A3680000010000FFFF0000010001FF00050800D8
:10A37800FF0C4B00000000003E5B4F5B3E3E6B4F06
:10A388006B3E1C3E7C3E1C183C7E3C181C577D577F
:10A398001C1C5E7F5E1C00183C1800FFE7C3E7FF2B
:10A3A8000018241800FFE7DBE7FF30483A060E26BE
:10A3B80029792926407F050507407F05253F5A3C16
:10A3C800E73C5A7F3E1C1C08081C1C3E7F14227F59
:10A3D80022145F5F005F5F06097F017F0066899531
:10A3E8006A606060606094A2FFA29408047E04081A
:10A3F80010207E201008082A1C08081C2A08081E9D
:10A40800101010100C1E0C1E0C30383E3830060E82
:10A418003E0E06000000000000005F00000007007C
:10A428000700147F147F14242A7F2A122313086438
:10A438006236495620500008070300001C224100DC
:10A448000041221C002A1C7F1C2A08083E0808001C
:10A4580080703000080808080800006060002010BC
:10A468000804023E5149453E00427F400072494976
:10A4780049462141494D331814127F102745454557
:10A48800393C4A4949314121110907364949493678
:10A49800464949291E00001400000040340000000D
:10A4A800081422411414141414004122140802013F
:10A4B8005909063E415D594E7C1211127C7F49496B
:10A4C80049363E414141227F4141413E7F49494908
:10A4D800417F090909013E414151737F0808087FFE
:10A4E80000417F41002040413F017F081422417F05
:10A4F800404040407F021C027F7F0408107F3E419D
:10A5080041413E7F090909063E4151215E7F0919F3
:10A518002946264949493203017F01033F4040400B
:10A528003F1F2040201F3F4038403F6314081463FA
:10A5380003047804036159494D43007F41414102B6
:10A5480004081020004141417F04020102044040F8
:10A55800404040000307080020545478407F2844B6
:10A5680044383844444428384444287F38545454A0
:10A578001800087E090218A4A49C787F08040478AF
:10A5880000447D40002040403D007F1028440000EA
:10A59800417F40007C047804787C080404783844BF
:10A5A800444438FC1824241818242418FC7C080473
:10A5B8000408485454542404043F44243C40402094
:10A5C8007C1C2040201C3C4030403C44281028443F
:10A5D8004C9090907C4464544C44000836410000F0
:10A5E80000770000004136080002010204023C2600
:10A5F80023263C1EA1A161123A4040207A385454C7
:10A60800555921555579412154547841215554784B
:10A618004020545579400C1E5272123955555559DF
:10A62800395454545939555454580000457C410004
:10A6380002457D420001457C40F0292429F0F0289C
:10A648002528F07C545545002054547C547C0A0934
:10A658007F4932494949323248484832324A4848A3
:10A66800303A4141217A3A42402078009DA0A07DAD
:10A6780039444444393D4040403D3C24FF2424486B
:10A688007E4943662B2FFC2F2BFF0929F620C08813
:10A698007E090320545479410000447D41304848E4
:10A6A8004A32384040227A007A0A0A727D0D1931FE
:10A6B8007D2629292F28262929292630484D40205A
:10A6C800380808080808080808382F10C8ACBA2F36
:10A6D800102834FA00007B000008142A14222214DF
:10A6E8002A1408AA005500AAAA55AA55AA000000CB
:10A6F800FF00101010FF00141414FF001010FF00CA
:10A70800FF1010F010F0141414FC001414F700FFDC
:10A718000000FF00FF1414F404FC141417101F1099
:10A72800101F101F1414141F00101010F000000048
:10A73800001F101010101F10101010F01000000053
:10A74800FF101010101010101010FF10000000FF64
:10A75800140000FF00FF00001F10170000FC04F4A5
:10A7680014141710171414F404F40000FF00F7145D
:10A77800141414141414F700F714141417141010E4
:10A788001F101F141414F4141010F010F000001F00
:10A79800101F0000001F14000000FC140000F0103F
:10A7A800F01010FF10FF141414FF141010101F00E5
:10A7B800000000F010FFFFFFFFFFF0F0F0F0F0FFE7
:10A7C800FFFF0000000000FFFF0F0F0F0F0F3844BE
:10A7D8004438447C2A2A3E147E02020606027E027F
:10A7E8007E0263554941633844443C04407E201E40
:10A7F8002006027E020299A5E7A5991C2A492A1C6F
:10A808004C7201724C304A4D4D303048784830BC5B
:10A81800625A463D3E494949007E0101017E2A2A85
:10A828002A2A2A44445F444440514A444040444A06
:10A8380051400000FF0103E080FF000008086B6B37
:10A84800083612362436060F090F060000181800BD
:10A8580000001010003040FF0101001F01011E0020
:10A86800191D1712003C3C3C3C0000000000081079
:10A87800206002380000000000000000000000FE18
:10A888000000000000000E000E00000000D0BE9086
:10A89800D0BE9000001C62FFC28000000C12924CD7
:10A8A800B0880600807C62B21CC0000000000E0E5A
:10A8B8000000000000E01804020200000002020488
:10A8C80018E000000024187E18240000808080F022
:10A8D8008080800000000000000000000080808070
:10A8E8008000000000000000000000000000806000
:10A8F80018060000F804C2320CF80000000404FE38
:10A908000000000000028242221C000000022222F5
:10A9180022DC0000C0A09884FE808000001E121275
:10A9280022C20000F844222222C00000000202C213
:10A93800320A0600008C5222528C00003C424242ED
:10A9480026F8000000003030000000000000303021
:10A95800000000008080404020201000404040401F
:10A9680040400000102020404080800000028242C9
:10A97800221C00000000000000000000000000058C
:10A9880000000000000000000000000000070000B8
:10A99800070000000004040F040300000402010380
:10A9A8000404030003040404050304000000000079
:10A9B8000000000000030608101000000010100836
:10A9C800060300000000000000000000000000076F
:10A9D800000000000000160E00000000000000004B
:10A9E800000000000000060600000000040201004C
:10A9F8000000000001030404020100000004040731
:10AA08000404000000070404040400000004040413
:10AA18000403000000000000070000000004040414
:10AA280004030000010204040403000000000700FE
:10AA380000000000000304040403000000040404F0
:10AA48000201000000000606000000000000160ECB
:10AA580000000000000001010202040001010101E0
:10AA680001010000040202010100000000000500CD
:10AA780000000000F804728AFA84780000C03806E2
:10AA880038C0000000FE222222DC0000F804020286
:10AA980002020000FE02020204F8000000FE222268
:10AAA8002222000000FE222222220000F8040202D4
:10AAB80022E20000FE20202020FE0000000202FE0C
:10AAC800020200000000000202FE0000FE40B00882
:10AAD8000402000000FE000000000000FE0C708070
:10AAE800700CFE00FE0C30C000FE0000F8040202EC
:10AAF80004F80000FE424242221C0000F804020250
:10AB080004F8000000FE4242A21C0000001C224281
:10AB180042800000020202FE02020200FE00000063
:10AB280000FE00000638C000C03806003EC0F00E27
:10AB3800F0C03E000006986098060000000618E085
:10AB4800180600000202C2320A0600000000FE02D7
:10AB580002020200000618608000000002020202E1
:10AB6800FE00000040300C0C3040000000000000E7
:10AB780000000000010204040400000006010101B5
:10AB88000101060000070404040300000102040494
:10AB98000404000007040404020100000007040480
:10ABA8000404000000070000000000000102040483
:10ABB8000407000007000000000700000004040765
:10ABC800040400000004040404030000070000015A
:10ABD8000204000000070404040400000700000148
:10ABE800000007000700000003070000010204043A
:10ABF8000201000007000000000000000102040C30
:10AC080012111000000700000106000000040404EF
:10AC1800040300000000000700000000030404040F
:10AC28000403000000000106010000000007000006
:10AC380000070000000601000106000000000007F0
:10AC480000000000060504040404000000001F10B2
:10AC58001010100000000000010204001010101075
:10AC68001F0000000000000000000000080808089D
:10AC780008080000000002040000000000E01010B6
:10AC880010F0000000FE201010E0000000E010109E
:10AC98001010000000E0101010FE000000E090907E
:10ACA80090E000000020FC222222020000E01010A8
:10ACB80010F0000000FE201010E000001010F2005C
:10ACC8000000000000101010F200000000FE80409C
:10ACD80020100000000202FE00000000F02010F02A
:10ACE8002010F00000F0201010E0000000E010102C
:10ACF80010E0000000F0201010E0000000E010104C
:10AD080010F0000000F0201010700000006090901B
:10AD180090200000002020FC2020200000F00000EF
:10AD280000F000000070800080700000F000C0306B
:10AD3800C000F0000030C0C0300000000030C0008B
:10AD48008070000000101090503000000080807E5D
:10AD580002020000000000FE000000000002027E67
:10AD6800808000000080800000008000000000005B
:10AD780000000000000000000000000000030404C0
:10AD88000207000000070404040300000003040491
:10AD98000404000000030404020700000003040484
:10ADA8000404000000000700000000000033242411
:10ADB800221F000000070000000700000000070431
:10ADC80004000000202020201F00000000070001D0
:10ADD8000204000000000007040400000700000748
:10ADE800000007000007000000070000000304043B
:10ADF80004030000003F04040403000000030404EB
:10AE0800023F0000000700000000000000020404E8
:10AE18000403000000000003040404000003040409
:10AE280002070000000003040300000001060100FF
:10AE38000106010000060101060000002020310E75
:10AE48000300000000060504040400000000001FC1
:10AE58001010000000000007000000000010101F84
:10AE680000000000010000010101000000000000D6
:10AE7800000000000903310000000000000000008D
:10AE88006B6579626F6172645F7265706F72743A34
:10AE980020002530325820006B6579626F6172643A
:10AEA8005F7365745F6C65643A200000E200E90036
:10AEB800EA00B500B600B700CD008301CC008A01D6
:10AEC800920194012102230224022502260227026C
:10AED8002A02B300B4006F0070004F6E6573686F8C
:10AEE800743A206163746976653A2025640A0061C2
:10AEF80064645F6B65795F6269743A2063616E2789
:10AF080074206164643A20253032580A0064656C04
:10AF18005F6B65795F6269743A2063616E2774209C
:10AF280064656C3A20253032580A0000030000009E
:10AF3800000000007565000800000000080000001F
:10AF4800C8160020000000000200000000000000F9
:10AF58000300000000000000256900080000000050
:10AF68002000000018170020000000000200000068
:10AF780000000000ED65000895650008916700086D
:10AF88007965000855534220636F6E66696775726C
:10AF980065642E0A004B6579626F61726420737470
:10AFA8006172742E0A005B735D000000D7B0000860
:10AFB800DBB00008F3B0000804161E00FAAF000862
:10AFC80013B0000833B000084CB0000897B0000870
:10AFD80013B1000835B1000863B000084022B6225A
:10AFE80009027B00040100A0FA0904000001030122
:10AFF8000100092111010001224000070581030811
:10B00800000A0904010002030000000921110100DF
:10B0180001222200070582032000010705030320FF
:10B0280000010904020001030000000921110100C8
:10B038000122B6000705840320000A090403000260
:10B0480003000000092111010001222200070585E3
:10B0580003200001070506032000010631FF0974DB
:10B06800A1010975150026FF0095207508810209C0
:10B0780076150026FF00952075089102C012011070
:10B08800010000004004CAF5570100010200010553
:10B09800010906A101050719E029E7150025019511
:10B0A80008750181029501750881010507190029B4
:10B0B800FF150026FF00950675088100050819018F
:10B0C8002905950575019102950175039101C00443
:10B0D8000309041603430061006E006E006F006EE2
:10B0E800004B0065007900730000001E03530061E7
:10B0F80000740069007300660061006300740069F1
:10B10800006F006E003700350000000660FF09611F
:10B11800A1010962150026FF009520750881020922
:10B1280063150026FF00952075089102C0050109E6
:10B1380002A10185020901A10005091901290815C3
:10B1480000250195087501810205010930093115AD
:10B1580081257F95027508810609381581257F9517
:10B168000175088106050C0A38021581257F9501AD
:10B1780075088106C0C005010980A1018503190170
:10B188002AB700150126B700950175108100C00582
:10B198000C0901A101850419012AA002150126A0A4
:10B1A80002950175108100C005010906A1018505F8
:10B1B800050719E029E715002501950875018102A1
:10B1C8000507190029EF1500250195F07501810281
:10B1D8000508190129059505750191029501750361
:10B1E8009101C00000000000E36D0008CB6D00086D
:10B1F800136E0008FB6D0008096E0008F16D000869
:10B20800D96D0008C16D00080000000054B900089D
:10B2180004220020042200200422002054B900083F
:10B2280000000000000000000000000054B9000801
:10B2380000000000000000000000000054B90008F1
:10B2480000000000000000000000000054B90008E1
:10B2580000000000000000000000000054B90008D1
:10B2680000000000000000000000000054B90008C1
:10B2780000000000000000000000000054B90008B1
:10B288000000000000000000000000006D61696E11
:10B298000069646C6500000099B20008F01F002086
:10B2A800A8200020010000001D7100080000000017
:10B2B80000000100000000000000024008000240F9
:10B2C8000100000000000009000002401C000240CC
:10B2D800060000000004010A00000240300002409D
:10B2E800060000000008020A000002404400024074
:10B2F80078000000000C030B0000024058000240D8
:10B30800780000000010040B000002406C000240AE
:10B31800780000000014050B000002408000024085
:10B32800780000000018060B00000000157E0008D9
:10B33800E58000088D81000840004000701700205B
:10B34800701700200100000084170020A0040028C6
:10B35800000000005FF7FFFF05515565DFFF0000A3
:10B368000011000000000000800000000000000044
:10B37800FFFFFFFF55555555FFFF00000000000077
:10B38800000000000000000000000000FFFFFFFFB9
:10B3980055555501FFFF00000000000000000000A7
:10B3A8000000000000000000FFFFFFFF5555555545
:10B3B800FFFF000000000000000000000000000087
:10B3C80000000000FFFFFFFF55555555FFFF000027
:10B3D8000000000000000000000000000000000065
:10B3E800FFFFFFFF50555555FFFF0000000000000C
:04B3F8000000000051
:08B3FC003852FF7F0100000040
:10B4040006000000FFFF0000000100000000000033
:10B414000100000000000000000000000000000027
:10B424000000000000000000000000000000000018
:10B434000000000000000000FFFF00000001000009
:10B44400D10A000801000000000000000000000014
:10B4540000000000000000000000000000000000E8
:10B464000000000000000000000000001F20631E18
:10B47400320A141E6408280075A3000876A8000880
:10B4840000000000000000000000000000000000B8
:10B49400000000000080C0E0E0FCFCE0FCFCE0F008
:10B4A400FCE0E0FCE0E0FCFCE0E0C00000000000A8
:10B4B400000000000000000000000000000000F098
:10B4C400101030E000008080808080000080000048
:10B4D4000080000000800000808000800000008068
:10B4E400808000008080008000000080808080F0E8
:10B4F4000000000000000000000000000000000048
:10B504000000000000000000000000000000000037
:10B51400000012B2B2FFFFFFFFFF0103FFFFFF03B2
:10B5240001FFFFFFFF0103FFFFFFFFB7B2B20000FF
:10B534000000000000000000000000000000001FE8
:10B544000202030100061F1010101F0600031E183C
:10B554000F010F181E01000F1F1202121300001F0B
:10B564000000000E1F1202121300001F1010101F03
:10B5740000000000000000000000000000000000C7
:10B5840000000000000000000000000000000000B7
:10B594000000484D4DFFFFFFFFFFFEF8F9F3F3C035
:10B5A40080F3F3F3F9FCFFFFFFFFFFED4D4D0000C7
:10B5B4000000000000000000000000000000000087
:10B5C40000FE201010E0C00070C000807000000079
:10B5D4000000F00C040404041CF00000FC0C38E02F
:10B5E4000000C0380CFC0000FCFC60900C0400005F
:10B5F4000000000000000000000000000000000047
:10B604000000000000000000000000000000000036
:10B614000000000000010307073F3F073F3F070FFB
:10B624003F07073F07073F3F0707030000000000ED
:10B634000000000000000000000000000000000006
:10B64400000706040407010000131E0300000000A5
:10B654000000010604040404070D080007000001AB
:10B6640007070000000700000707000103060000A9
:10B6740000000000000000000000000000000000C6
:10B684005414002025650008040000000400000094
:10B6940000000000000000000000000000000000A6
:10B6A4000000000000000000000000000000000096
:10B6B4000000000000000000000000000000000086
:10B6C4000000000000000000000000000300000073
:10B6D40000000000097000080000000020000000C5
:10B6E4000000000000000000020000000000000054
:10B6F4000300000000000000000000007D7000084E
:10B704000000200000000000000000000200000013
:10B71400000000000300000000000000B7700008F3
:10B72400000000000800000000000000000000000D
:10B7340002000000000000007C210020050600003B
:10B7440004000000040000002000000020000000AD
:10B7540001000000801400201015002000000000EB
:10B7640000000000000000000000000000000000D5
:10B7740000000000000000000000000000000000C5
:10B7840000000000000000000000000000000000B5
:10B7940000000000000000000000000000000000A5
:10B7A4000000000000000000000000000000000095
:10B7B4000000000000000000000000000000000085
:10B7C4000000000000000000000000000000000075
:10B7D4000000000000000000000000000400000061
:10B7E4000400000000000000000000000000000051
:10B7F4000000000000000000000000000000000045
:10B804000000000000000000000000000000000034
:10B814000000000000000000000000000000000024
:10B824000300000000000000097000080000000090
:10B8340020000000000000000000000002000000E2
:10B8440000000000030000000000000000000000F1
:10B854007D700008000020000000000000000000CF
:10B8640002000000000000000300000000000000CF
:10B87400B77000080000000008000000000000008D
:10B884000000000002000000000000007C210020F5
:10B894000203000004000000040000002000000077
:10B8A4002000000000000000A01500203016002039
:10B8B4000000000000000000000000000000000084
:10B8C4000000000000000000000000000000000074
:10B8D4000000000000000000000000000000000064
:10B8E4000000000000000000000000000000000054
:10B8F4000000000000000000000000000000000044
:10B904000000000000000000000000000000000033
:10B914000000000000000000000000000000000023
:10B924000000000000000000000000000000000013
:10B9340001000000816A00088D6A0008156B000888
:10B94400516B00087D6B00080096000000000800A1
:0400000508000231BC
:00000001FF
