:020000040800F2
:1020000000040020C9220008CB220008CB220008CF
:10201000CB220008CB220008CB220008CB220008EC
:10202000CB220008CB220008CB220008B99E000872
:10203000CB220008CB220008CB220008D59D000847
:10204000CB220008CB220008CB220008CB220008BC
:10205000CB220008CB220008CB220008CB220008AC
:10206000CB220008CB220008CB220008A59E000846
:10207000919E00087D9E0008699E0008559E0008FC
:10208000419E00082D9E0008CB220008CB220008AC
:10209000699A0008CB220008CB220008CB22000856
:1020A000CB2200086D9D0008CB220008D19D0008BE
:1020B000CB220008CB220008CB220008CB2200084C
:1020C000CB220008CB220008CB220008CB2200083C
:1020D000CB220008CB220008CB220008CB2200082C
:1020E000CB220008CB220008CB220008CB2200081C
:1020F000CB220008CB220008CB220008CB2200080C
:10210000CB220008CB220008CB220008CB220008FB
:10211000CB220008CB220008CB220008CB220008EB
:10212000CB220008CB220008CB220008CB220008DB
:10213000CB220008CB220008CB220008CB220008CB
:10214000CB220008CB220008CB220008CB220008BB
:10215000CB220008CB220008CB220008CB220008AB
:08216000D1210008A9210008AB
:102168000348044B834202D0034B03B1184770471E
:10217800780F0020780F002000000000054806496D
:102188000B1AD90F01EBA301491002D0034B03B17D
:1021980018477047780F0020780F002000000000D3
:1021A80010B5064C237843B9FFF7DAFF044B13B197
:1021B8000448AFF300800123237010BD780F00207E
:1021C8000000000054CD000808B5044B1BB10449B9
:1021D8000448AFF30080BDE80840CFE700000000E6
:1021E8007C0F002054CD000872B6274880F3088879
:1021F800264880F3098826484EF60851CEF2000199
:102208000860022080F31488BFF36F8F07F0ACFEDC
:1022180009F0CAF84FF055301E491B4A91423CBF9D
:1022280041F8040BFAE71C49184A91423CBF41F8AF
:10223800040BFAE719491A4A1A4B9A423EBF51F859
:10224800040B42F8040BF8E700201749174A91429B
:102258003CBF41F8040BFAE707F05EFE07F083FE87
:10226800134C144DAC4203DA54F8041B8847F9E7C1
:1022780007F07CFE104C114DAC4203DA54F8041BF5
:102288008847F9E707F06EBE00040020000C002024
:1022980000200008000000200004002054CD0008A1
:1022A800000C0020780F0020780F00205C1B002015
:1022B80060210008642100086421000868210008E2
:1022C80092E700F000F8FEE72DE9F04FC1F80CD0D6
:1022D800C3689D46BDE8F08F002383F31188284624
:1022E800A047002007F0EEFDFEE707F0F7FD00DF4E
:1022F800FEE70000014B1868704700BF000C002083
:10230800F0B4860746D0541E002A3CD0CAB2034611
:1023180002E014F1FF3436D303F8012B9D07F8D1FE
:10232800032C29D9CDB245EA05250F2C45EA0545E8
:1023380033D9A4F11006360903F1200707EB061775
:1023480003F1100242E9045542E902551032BA423B
:10235800F8D1721C14F00C0F03EB021204F00F06F4
:1023680013D0331F23F003030433134442F8045BF0
:102378009342FBD106F003042CB1C9B21C4403F804
:10238800011B9C42FBD1F0BC704734461346002C1D
:10239800F3D1F8E714460346C2E71A462646E0E7B3
:1023A80038B5124B05461C68A06B18B10023C0E96C
:1023B800045338BD182000F0B5F8A06378B10122A5
:1023C8000023C0E904230A4B0B2483600023094936
:1023D800094A8481C0E90012C0E9045338BD0246A5
:1023E800064B4221064800F055F800BF000C0020BB
:1023F800ECDE05000E33CDAB34126DE684CC00085C
:102408009CCC000838B51A4B1C68A26B92B11469B1
:102418001849536901FB04F1174800FB0313A4FB97
:102428000045611C1D4445F1000323F00040C2E94A
:10243800041338BD182000F075F80246A06388B16F
:10244800012400250B21C0E904450C4B0948136001
:1024580003460B4D0B4C91810B49C2E90154C2E96B
:10246800041338BD094B4E21094800F013F800BF8A
:10247800000C00202DF451582D7F954C0E33CDAB18
:1024880034126DE6ECDE05002E7F954C84CC0008F6
:102498009CCC000800B50A4C0546206885B01C464F
:1024A800C06852B1074BCDE9013200912B46224654
:1024B800054900F023F800F06DFD044B1A46F2E7D9
:1024C800000C0020D0CC0008E0CC0008DCCC0008D0
:1024D80008B513460022FFF7DDFF00BF0CB410B5A6
:1024E80082B004AC54F8042B2346019400F024F97C
:1024F80002B0BDE8104002B0704700BF0EB430B55E
:1025080082B005AC54F8042B054D014623462868D3
:10251800019400F011F902B0BDE8304003B07047F3
:10252800000C0020024B0146186800F05FB800BF9D
:10253800000C0020024B0146186800F003B800BFE9
:10254800000C002000293AD038B551F8043C0C1F83
:10255800002BB8BFE418054601F06AFA224B1A6846
:102568002AB1A2420DD921686018824221D0626046
:1025780028461C60BDE8384001F05CBAA34203D885
:102588001A465368002BF9D111685018A04217D089
:1025980022D821686018834203BFD3E900030918D1
:1025A800C4E90013636054602846BDE8384001F070
:1025B80041BAD2E900020144C4E90012D8E77047E1
:1025C80020680144501883421160EDD1D3E900031B
:1025D8000144C2E90013E7E70C2328462B60BDE855
:1025E800384001F027BA00BF940F0020F8B5CD1C81
:1025F80025F0030508350C2D38BF0C25002D06469F
:1026080033DBA94231D82A4F01F012FA3A6852B1A5
:1026180013685B1B04D43FE023685B1B29D5224663
:102628005468002CF8D1796800293BD029463046F7
:1026380007F0ECF9431C28D0C41C24F00304A04282
:1026480005D0211A304607F0E1F901301DD0256088
:10265800304601F0EFF904F10B0020F00700231DCC
:10266800C21A01D01B1AA350F8BD0C2200203260F8
:10267800F8BD0B2B05D8A242636811D05360E7E779
:10268800144623601C442560E2E70C23304633607F
:1026980001F0D0F90020F8BD0B2BF1D8144653688F
:1026A8003B60D5E7304607F0B1F97860BEE700BF78
:1026B800940F00209368013B002B93600FDA10B44D
:1026C8009469A34208DB0A2906D01368581C1060D5
:1026D8001970084610BC704710BC00F07BBB13682B
:1026E800581C106019700846704700BF9BB1F8B5B8
:1026F80013440F4606465D1E541E01E0AC4208D046
:102708003A4614F8011F3046FFF7D4FF431CF5D1B1
:10271800F8BD0020F8BD0020704700BF936810B5D1
:10272800144613B95360184610BD00F01BFE002371
:10273800C4E9013310BD00BF2DE9F04F9FB08B46AF
:1027480090461C46039018B18369002B00F0B980AD
:10275800A34B9B4500F0BB80A24B9B4500F0C98072
:10276800A14B9B4504BF039BD3F80CB0BBF80C30BE
:10277800180740F1B480DBF81030002B00F0AF8070
:102788003023002120228DF8323098F8003005944B
:102798000B918DF83120954E0127002B00F0898090
:1027A800252B00F01781454603E0252B00F0A58076
:1027B80025466B786C1C002BF7D1B4EB080A78D04F
:1027C8004246534659460398FFF790FF013070D0B0
:1027D8000B9B6A7853440B93002A6AD000234FF06E
:1027E800FF3201340693CDE908338DF85B301C9332
:1027F800079206E02C46069B801B07FA00F0184358
:1028080006902546052215F8011B304600F0EEFF1C
:10281800AA460028EED1069BD90644BF20228DF88F
:102828005B201A0748BF2B22217848BF8DF85B2010
:102838002A2967D1059A1168043200290592C0F245
:102848009E8009916178A51C2E2974D0684C0322BA
:10285800204600F0CBFF002800F087804022069B2E
:10286800001B02FA00F00343069305F101082B78D8
:10287800062219465F488DF8303000F0B7FF00286F
:1028880000F083805C4B002B72D005AB00935A4656
:102898005A4B06A90398AFF300808146B9F1FF3F70
:1028A80007D00B9B4B440B9398F80030002B7FF418
:1028B80077AFBBF80C305B0618D40B981FB0BDE897
:1028C800F08F00F02FFD464B9B457FF445AF039BEF
:1028D800D3F804B0BBF80C3018073FF54CAF594695
:1028E800039800F0D7FA00283FF44AAF4FF0FF30C2
:1028F800E4E7039BD3F808B038E7B4EB080A3FF4E1
:102908006DAF5DE7A1F13002092A88BFA2469BD8C6
:10291800099B01E02C460135297803EB830302EB80
:102928004303A1F13002092AAA46F3D92E2904F15A
:10293800020509938AD19AF801102A292FD1059BFB
:102948000AF102001A680433002A079205939AF8DC
:1029580002100AF1030538DB254C82460322204683
:1029680000F044FF00287FF479AFA84655467EE77B
:10297800059B073323F007030833059391E7494282
:1029880043F00203099106935CE705AB00935A46AE
:102998001A4B06A9039800F0D3F881467EE7002376
:1029A800A1F13002092A079301D915E05546697843
:1029B80003EB830302EB4303A1F13002092A05F17B
:1029C800010AF3D90235079340E74FF0FF338246F7
:1029D80007933BE7444601E7AA46013536E700BFBF
:1029E800ACB500088CB500086CB5000810CD00081F
:1029F80018CD00081CCD000800000000F5260008CE
:102A080010B4044C13460A460146206810BCFFF770
:102A180093BE00BF000C00202DE9F0470C46096961
:102A2800A56891468D42B8BF0D46156094F84310CD
:102A380006461F46DDF8208011B16A1CC9F800203F
:102A4800236899065CD5D9F800200232C9F800201D
:102A5800236813F0060F19461DD1E1688A1A002A67
:102A6800D8BF194617DD002504F1190A05E0E36807
:102A7800D9F800209B1AAB420CDD01235246394697
:102A88003046C047013005F10105F0D14FF0FF3065
:102A9800BDE8F087216894F84330003318BF01235C
:102AA8008A060AD53021E21882F8431094F84510B6
:102AB8005A1C224482F84310023304F14302394677
:102AC8003046C0470130E1D02368A26803F006030E
:102AD800042B21691DD08A4226DD4FF00009521AC5
:102AE800914400251A3401E04D451DDA01232246A0
:102AF80039463046C047013005F10105F4D1C5E734
:102B080013F0060F13D094F84330003318BF012395
:102B1800D3E7D9F80000E3688A42A3EB000323EA6D
:102B2800E379DCDC002BDCDC0020BDE8F087E16821
:102B3800D9F800208A1A002AD8BF194693DCAAE7D8
:102B48002DE9F0430C46097E85B06E2906461746E6
:102B5800984604F1430C0C986DD039D9732900F0CC
:102B6800F48044D9752900F00281782940F00F815A
:102B780078232268DFF854E284F8453001681506A6
:102B880051F8043B016040F1A180D10744BF42F0F5
:102B980020022260002B00F093801022002184F88C
:102BA800431060680028A060C0F2C680216821F048
:102BB80004012160002B40F0A280002840F0BE8074
:102BC8006546082A00F0AB80ACEB0503236141E0C1
:102BD800632900F0E3801AD8002938D0582940F03A
:102BE800D68084F845102268DFF8E4E1C6E76F294B
:102BF80000F0BD80702940F0CA8078232268DFF891
:102C0800CCE142F02002226084F84530B6E764291E
:102C180002D0692940F0BB8022680368110603F1DD
:102C2800040557D5196805600B46002959DB0A22A7
:102C3800DFF89CE1B5E7036822681D1D616905603E
:102C480015061B6802D4500600F1BB8019600023EA
:102C580065462361CDF800803B4603AA21463046ED
:102C6800FFF7DAFE013020D02A462369394630467C
:102C7800C047013019D0226803989207E36819D534
:102C88001A1A002A16DD002504F1190904E0E36880
:102C980003981A1AAA420DDD01234A4639463046DE
:102CA800C047013005F10105F1D14FF0FF3005B003
:102CB800BDE8F0839842B8BF184605B0BDE8F08378
:102CC8002168102221F02001216067E7500648BFE3
:102CD8009BB25AE75106A5D5B3F9003005601946ED
:102CE800A3E72D2061685B42002984F84300A160B6
:102CF80002DB22F0040222600A22DFF8D4E06546F3
:102D080000E00B46B3FBF2F102FB11301EF80000A5
:102D1800934205F8010DF4D2082A7FF455AF2368D1
:102D2800DB077FF551AF626823699A423FF74CAFE2
:102D38003023013D2B7047E7002BE0D19EF800308F
:102D480004F1420584F842303BE703686268191DC4
:102D580001601D680021284600F048FD002832D097
:102D6800401B60602061002384F8433072E72268CA
:102D7800036812F0800F03F104051AD01B68056080
:102D88006F290CBF08220A22DFF844E006E7012376
:102D980084F84210236104F14205E4E70122036844
:102DA80004F14205191D1B68016084F84230226154
:102DB800D9E712F0400F0DBF1B6805601B8805603E
:102DC800DEE7198043E76068CCE700BF38CD00082C
:102DD80024CD0008F8B50D461446064608B18369A7
:102DE80043B3254B9C422AD0244B9C4229D0244BE8
:102DF8009C4208BFF468A269A389A2601A0722D579
:102E0800236903B322686169D31AEDB299422F4648
:102E180029DD0133A168501C0139A16020601570BB
:102E280062699A4216D0A389DB0701D50A2D11D011
:102E38003846F8BD00F076FA0F4B9C42D4D174683E
:102E4800D9E7B468D7E72146304600F023F838B907
:102E58002369D7E72146304600F03AF90028E7D041
:102E68004FF0FF37E4E72146304600F031F90028FB
:102E7800F6D101232268CDE7ACB500088CB500086F
:102E88006CB50008024B0A4601461868FFF7A2BF56
:102E9800000C00203B4B70B51D6806460C460DB172
:102EA800AB69DBB1384B9C421ED0384B9C424AD0B0
:102EB800374B9C4208BFEC68B4F90C2093B2190751
:102EC80018D5206908B313F001022CD000226369D9
:102ED800A2605B42A36160B3002070BD284600F089
:102EE80021FA294B9C42E0D16C68B4F90C2093B2CA
:102EF8001907E6D4DD063CD5580726D4206942F0E8
:102F08000803A3819BB20028DDD103F42072B2F537
:102F1800007FD8D03046214600F01EFCA3892069E6
:102F280013F00102D2D1990758BF6269A260002844
:102F3800D2D1B4F90C301A06CFD543F04003A3819F
:102F48004FF0FF3070BDAC68B6E7616B51B104F16A
:102F58004403994204D03046FFF7F4FAB4F90C2040
:102F6800002363630023206922F02402C4E90003DC
:102F7800C5E7092342F0400233604FF0FF30A281D9
:102F880070BD00BF000C0020ACB500088CB500086F
:102F98006CB5000808B5062000F0FAFD012006F01F
:102FA8001BFD00BF2DE9F0418F890C463A0780468A
:102FB80041D44B68002B59DDE66A002E53D000231C
:102FC80017F48052D8F80050216AC8F8003051D15F
:102FD80001234046B047431C5FD0A789E66A216AAF
:102FE8007F0705D56268636B801A0BB1236CC01A22
:102FF800024600234046B047461C45D1D8F8003069
:10300800B4F90C20002B55D01D2B01D0162B5AD10A
:1030180000222369C4E90032616BC8F8005011B37B
:1030280004F14403994202D04046FFF78BFA00208E
:103038006063BDE8F0810E69AEB10D680E60B90736
:1030480014BF00236369AD1BA3600AE02B46324618
:10305800A76A216A4046B8470028A5EB0005064440
:103068000ADD002DF2DC0020BDE8F0810B6C002B9E
:10307800A2DCF8E7606DB3E7A3894FF0FF3043F0B7
:103088004003A381BDE8F081002322696360A3891E
:103098002260DA04C0D56065BEE7D8F80030002B9E
:1030A8009BD01D2B0CD0162B0AD0A38943F04003CC
:1030B800A381D9E72169C4E90013D304ACD5EAE7B1
:1030C800C8F80050CFE742F04002A281CCE700BF29
:1030D8000B6923B310B5044682B008B18369BBB14C
:1030E800104B994212D0104B994216D00F4B99426F
:1030F80008BFE168B1F90C302BB1204602B0BDE839
:103108001040FFF74FBF002002B010BD6168F1E723
:10311800019100F007F90199E2E7A168EAE70020C8
:10312800704700BFACB500088CB500086CB5000846
:1031380020B1054B01461868FFF7CABF034B044985
:10314800186800F0B3BA00BF000C002068B500088A
:10315800D930000800207047014900F0A7BA00BF25
:10316800D93000080020704770B568254A1E05FB55
:1031780002F50E4605F17401FFF738FA044640B12E
:1031880000210C30666005F168022160A060FFF73D
:10319800B7F8204670BD00BF1E4B70B51D680646C7
:1031A800AB6943B34835D5E90134013B05D51EE089
:1031B800013B5A1C04F1680419D0B4F90C20002A08
:1031C800F6D10025144B6566C4E90055A560C4E92D
:1031D8000455A5612946E360082204F15C00FFF765
:1031E8008FF8C4E90D55C4E91255204670BD2C6806
:1031F8002CB12546D7E7284600F010F8D2E704217D
:103208003046FFF7B1FF044628600028F1D10C23AF
:103218003360EAE768B500080100FFFF2DE9F84FC1
:103228000023334AC0E9123312680365904208BF8D
:103238000123304908BF836181620546FFF7ACFF6F
:1032480068602846FFF7A8FFA86028460024FFF713
:10325800A3FF04236E68E8602146F3607466C6E93C
:103268000044B460C6E90444B46106F15C00082275
:10327800FFF746F8DFF888B0AF68DFF888A0DFF816
:103288008890DFF888801C4BC6E9086BC6E90AA954
:10329800C6F830802146FB6008227C66C7E90044F6
:1032A800BC60C7E90444BC6107F15C00FFF728F87B
:1032B800EE68124BC7E9087BC7E90AA9C7F830804E
:1032C8002146F3607466C6E90044B460C6E9044464
:1032D800B46106F15C000822FFF712F80123C6E981
:1032E800086BC6E90AA9C6F83080AB61BDE8F88F5B
:1032F80068B50008613100080900010012000200E9
:10330800093C0008313C0008713C0008913C000869
:10331800024B0349186800F0C9B900BF68B5000836
:10332800D9300008836903B978E77047704700BF50
:10333800704700BF704700BF704700BF024B03498A
:10334800186800F08FB900BF000C00205D3100083C
:10335800024B0349186800F085B900BF000C002033
:103368006D3100089368002B00F0FC802DE9F04FC8
:10337800B1F90C300C469BB2190783B082469046CF
:103388002BD522694AB313F00202D8F8006033D073
:1033980000273D46D4F828B0216ADFF8C492C5B1A9
:1033A8004D452B463A4628BF4B465046D84700283D
:1033B80040F3CE80D8F8083007441B1A2D1AC8F8F5
:1033C8000830002B00F0B380D4F828B0216A002D13
:1033D800E6D1D6E900750836E1E721465046FFF701
:1033E80059FD002840F03781B4F90C30D8F8006056
:1033F8009BB213F00202CBD113F0010940F0B48064
:103408004D46A7682068002D55D09A0540F1C08028
:10341800AF42BB4600F2EE8013F4906F2FD0D4E990
:10342800041707EB4707A0EB010B07EBD777681CDE
:103438007F105844B8423A4684BF07463A465B056F
:1034480040F1F08011465046FFF7D0F8002800F010
:10345800FC805A462169019000F00EFAA289019B6E
:1034680022F4906242F08002A281A7EB0B0203EBE8
:103478000B006761AB462F4623612060A2605A4665
:10348800494600F06FFA2368A2685B44AB46002502
:10349800D71BA7602360D8F80870D944A7EB0B079F
:1034A800C8F80870002F42D0B4F90C30A7689BB256
:1034B8002068002DA9D1D6E900950836A3E70BF1BD
:1034C800080353F8047C9B4653F8086C0833002F14
:1034D800F7D03A460A21304600F088F9002854D03F
:1034E8000130A0EB06094B4620682169BB4228BF82
:1034F8003B468842626903D9A5681544AB421ADC89
:103508009A4200F381801346A56A3246216A5046E2
:10351800A847051E1CDDB9EB05096ED00120D8F8B7
:1035280008302E445B1B7F1BC8F8083013BB0020F3
:1035380003B0BDE8F08F31462A4600F013FA23683D
:1035480021462B4423605046FFF7C2FD0028E2D0F5
:10355800B4F90C304FF0FF3043F04003A38103B0BF
:10356800BDE8F08F00207047334691461046174655
:103578004E469B46002FA2D00028B4D13A460A21D5
:10358800304600F033F90028AAD17B1C9946ABE7F6
:103598002369834217D36269AA4214D82F4BA76ABA
:1035A8009D4294BF2B466FF0004393FBF2F3216AD0
:1035B80002FB03F350464A46B847B0F1000BC7DD9B
:1035C800A5EB0B0567E7AF4228BF2F4649463A46A9
:1035D80000F0C8F9A3682268DB1B3A44BB46A36025
:1035E8002260002BECD121465046FFF771FD0028E0
:1035F800E6D0ADE72F46AB4641E721465046FFF7F8
:1036080067FD00288BD0A3E71A4631461D46019373
:1036180000F0A8F9A1682268019BC91A1344A160A7
:10362800236078E7504600F007FA034600287FF445
:103638001CAF21695046FEF785FF0C22B4F90C3007
:10364800CAF8002023F0800384E70C22B4F90C3078
:10365800CAF800207EE74FF0FF3069E7FEFFFF7FE2
:1036680000FCFF7F2DE9F04110F148071AD0884689
:103678000026D7E90154013D0ED4A389013D012B51
:1036880006D9B4F90E30013302D02046C0470643AC
:103698006B1C04F16804F0D13F68002FE9D1304673
:1036A800BDE8F0813E463046BDE8F0812DE9F8439B
:1036B80010F148061ED0884607464FF00009D6E9A3
:1036C8000154013D10D4A389013D012B08D9B4F957
:1036D8000E30013304D021463846C04749EA000974
:1036E8006B1C04F16804EED13668002EE7D1484619
:1036F800BDE8F883B1464846BDE8F88370B50C4686
:10370800B1F90E1096B0002916461D4613DB6A461D
:1037180006F06FF900280EDB019A4FF4806302F47B
:103728007042A2F50052B2FA82F2002052092A60D1
:10373800336016B070BD0022A3892A601B0604D529
:1037480040230020336016B070BD4FF48063002022
:10375800336016B070BD00BF8A890B46920706D544
:10376800012103F1470259611A601A61704770B567
:1037780082B001AB6A460C460646FFF7BFFF0099C8
:1037880005463046FEF732FFB4F90C3070B1164AE0
:103798000099B262019A43F08003A3812060C4E9D2
:1037A80004018AB92B43A38102B070BD9A05FBD4EA
:1037B800012123F0030304F1470243F00203A3812C
:1037C800616122602261EFE73046B4F90E1006F01D
:1037D8000EF910B9B4F90C30E4E7A38923F0030318
:1037E80043F001031BB2DDE761310008830770B4C1
:1037F800CDB23DD0541E0AB30378AB421FD0431C50
:1038080005E014F1FF3419D30278AA4217D013F057
:10381800030F184603F10103F3D1032C11D84CB35D
:103828000378AB420BD00444431C02E00278AA425E
:1038380005D09C42184603F10103F7D1002070BC63
:10384800704702460E02B6B22E4346EA0646136891
:1038580010467340A3F1013121EA030313F0803FBE
:1038680002F10402DCD1043C032C1046EFD8D6E761
:103878001446D2E72046E2E7844641EA000313F003
:10388800030349D1403A23D30B6803604B68436074
:103898008B688360CB68C3600B6903614B694361C4
:1038A8008B698361CB69C3610B6A03624B6A4362AC
:1038B8008B6A8362CB6AC3620B6B03634B6B436394
:1038C8008B6B8363CB6BC36340304031403ADBD2B0
:1038D80030320BD30B6803604B6843608B6883609E
:1038E800CB68C36010301031103AF3D20C3205D3D4
:1038F80051F8043B40F8043B043AF9D2043208D0AA
:10390800D2071CBF11F8013B00F8013B01D30B881B
:1039180003806046704700BF082A13D38B07B1D0D5
:1039280010F00303AED0C3F10403D21ADB071CBFA7
:1039380011F8013B00F8013BA4D331F8023B20F811
:10394800023B9FE7043AD9D3013A11F8013B00F84A
:10395800013BF9D20B7803704B7843708B788370F6
:10396800604670478842F0B40DD98B1883420AD953
:10397800841832B1224613F8014D994202F8014DDC
:10398800F9D1F0BC70470F2A0ED80346541E002AFE
:10399800F7D001340C44013B11F8012BA14203F884
:1039A800012FF9D1F0BC704740EA01039B073AD1D7
:1039B800A2F110073F0901F1200606EB071601F1F5
:1039C800100300F1100453F8105C103344F8105C35
:1039D80053F81C5C103444F81C5C53F8185C44F829
:1039E800185C53F8145CB34244F8145CEBD17B1CAC
:1039F8001B0112F00C0F194402F00F05034415D0F7
:103A08000E46043DAD0803EB850C1C1F56F8047BDD
:103A180044F8047F6445F9D10135AD002B442944AD
:103A280002F00302B2E7541E0346B2E72A46ADE7A6
:103A3800704700BF704700BF09B3F8B51446CAB154
:103A480006460D4600F024F9A04202D32F46384618
:103A5800F8BD21463046FEF7C9FD07460028F6D0D6
:103A680022462946FFF708FF30462946FEF76AFD39
:103A78003846F8BD2746FEF765FD3846F8BD1146BD
:103A8800FEF7B4BD10B580210446FEF7AFFD6064B3
:103A980040B10022031F7C3043F8042F8342FBD13E
:103AA800002010BD4FF0FF3010BD00BF436C0BB1BC
:103AB80000207047E6E700BF1F2970B5054608D803
:103AC800436C16460C464BB153F8240043F8246067
:103AD80070BD16224FF0FF302A6070BDFFF7D2FF8D
:103AE80008B96B6CF0E74FF0FF3070BD1F2938B58F
:103AF800054620D8426C0C466AB152F8213053B1C1
:103B0800012B16D0591C10D00025204642F824500D
:103B18009847284638BD284600F070F822460146E6
:103B28002846BDE8384000F055B8162301202B6020
:103B380038BD002038BD16234FF0FF302B6038BD4C
:103B48001F2921D838B5436C05460C4683B153F874
:103B5800242003EB84034AB1511C10D0012A0CD055
:103B6800002520461D609047284638BD012038BDF5
:103B7800FFF788FF28B96B6CE9E7032038BD0220FE
:103B880038BD4FF0FF3038BD4FF0FF30704700BFF1
:103B9800024B01461868FFF7A9BF00BF000C0020C0
:103BA800024B0A4601461868FFF786BF000C002042
:103BB800034B1868436C0BB10020704762E700BFE5
:103BC800000C0020024B01461868FFF7B9BF00BF80
:103BD800000C002070B50D460023074C0646114620
:103BE8002846236005F0FBFE431C00D070BD236807
:103BF800002BFBD0336070BD581B002005F0EDBED4
:103C080010B50C46B1F90E1005F024FF002803DBAF
:103C1800636D0344636510BDA38923F48053A381B6
:103C280010BD00BF002070472DE9F041B1F90C40EC
:103C38009846E3050D461746B1F90E10064609D415
:103C480024F48054AC8143463A463046BDE8F041FE
:103C580005F0FCBE0223002205F0FAFEB5F90C407F
:103C6800B5F90E10ECE700BF10B50C46B1F90E100F
:103C780005F0EEFEA389421C0EBF23F4805343F4E3
:103C880080536065A38110BDB1F90E1005F0DCBE4C
:103C980051F8043C181F002BBCBF0B58C0187047C4
:103CA80053B94AB9002908BF00281CBF4FF0FF319B
:103CB8004FF0FF3000F06EB9ADF1080C6DE904CE9D
:103CC80000F006F8DDF804E0DDE9022304B07047EF
:103CD8002DE9F047089E0D4604468E46002B40F01D
:103CE80083808A42174647D9B2FA82F34BB1C3F1AF
:103CF800200105FA03FE20FA01F19F4041EA0E0E69
:103D08009C404FEA1748BEFBF8FC1FFA87F908FBEE
:103D18001CE20CFB09F0210C41EA024290420AD94C
:103D2800BA180CF1FF3180F01881904240F21581E9
:103D3800ACF1020C3A44121AB2FBF8F008FB10225C
:103D480000FB09F1A4B244EA0244A14209D93C1992
:103D580000F1FF3280F00381A14240F20081023875
:103D68003C44641A002140EA0C401EB10022DC40A9
:103D7800C6E90042BDE8F08702B9FFDEB2FA82F375
:103D8800002B4FD18D1A01214FEA124E1FFA82F8EB
:103D9800B5FBFEFC0EFB1C5508FB0CF0220C42EA9E
:103DA8000545A84207D97D190CF1FF3202D2A84275
:103DB80000F2E98094462D1AB5FBFEF00EFB105573
:103DC80008FB00F8A4B244EA0544A04507D93C1909
:103DD80000F1FF3202D2A04500F2D9801046A4EBD0
:103DE800080440EA0C40C0E78B4208D9002E00F0D6
:103DF800B1800021C6E900050846BDE8F087B3FA9E
:103E080083F100294BD1AB4202D3824200F2B98040
:103E1800841A65EB030301209E46002EAAD0C6E94A
:103E2800004EA7E79F40C3F12002D1404FEA174E4A
:103E3800B1FBFEF01FFA87F80EFB101124FA02F20C
:103E48009D4000FB08FC2A43150C45EA0145AC459A
:103E580004FA03F409D97D1900F1FF3180F08F804D
:103E6800AC4540F28C8002383D44A5EB0C05B5FB0F
:103E7800FEF10EFB115C01FB08F995B245EA0C4511
:103E8800A94507D97D1901F1FF3274D2A94572D924
:103E980002393D44A5EB090541EA004178E7C1F143
:103EA80020078B4022FA07FC4CEA030C25FA07F49A
:103EB8004FEA1C4EB4FBFEF91FFA8CF80EFB1944AE
:103EC80020FA07F309FB08FA8D401D432B0C43EA3F
:103ED8000444A24502FA01F200FA01F309D91CEBE5
:103EE800040409F1FF3048D2A24546D9A9F10209D4
:103EF8006444A4EB0A04B4FBFEF00EFB104400FB80
:103F080008FAADB245EA0444A24508D91CEB0404FA
:103F180000F1FF352DD2A2452BD90238644440EA7E
:103F28000940A0FB0289A4EB0A044C45C6464D464D
:103F380019D316D05EB1B3EB0E0264EB050404FA94
:103F480007F722FA01F31F43CC40C6E900740021A9
:103F5800BDE8F087314630460CE78C46EBE6104664
:103F6800FFE64345E6D2B8EB020E69EB0C050138D3
:103F7800E0E72846D3E711468CE78146B9E70846CB
:103F880073E7084649E7ACF1020C3D4413E70238F1
:103F98003C4424E7704700BF2DE9F04F8BB08146C1
:103FA8008B461646DDE917521C469DF850101598A9
:103FB8000BB922F0100212F4806A00D014B312F088
:103FC800200F274618BF4FF0370E4FF0000408BFE8
:103FD8004FF0570E0DF10808B7FBF0FC00FB1C7CF6
:103FE8005FFA8CF3BCF1090F94BF30337344DBB232
:103FF800874208F8013B04F10104B7FBF0F301D351
:10400800202C0FD112F0020301931CD102F00103FE
:104018002DB123B111B912F00C0F00D0013D4FF0B2
:10402800300C05E01F46D7E702AF07F804C001349B
:10403800169FA74201D9202CF6D130271BB1A542E3
:1040480001D91F2C48D9D30620D5BAF1000F4AD17F
:10405800002C48D0169BA34201D0AC4243D1631E2A
:1040680040D0102849D1023C970648D41F2C17D8B5
:1040780078200AAB234403F8200C01341F2C0FD8F6
:1040880030200AAB234403F8200C01341F2C07D836
:1040980000293AD02D200AAB234403F8200C013420
:1040A80093074ED03746A24604EB0708A8EB0A024E
:1040B800BAF1000F49D1019B53B1A8EB06073C4662
:1040C800AC4206EB04024AD32E44BD4228BFB04698
:1040D80040460BB0BDE8F08F0DF1080C0CF80470E9
:1040E8000134ABE71C461028BED00228C6D11F2CCD
:1040F800D6D80AAB62202344BDE71C46F5E71F2C3F
:10410800CED80AAB58202344B5E7500703D50AABED
:104118002B202344C1E71107C2D50AAB2020234432
:10412800BBE74FF0FF3359462020C8470137BD424F
:1041380008EB0702F5D82F1BA54238BF00273744E4
:10414800B1E72746A6EB0408F1E70AF1FF3A02A80F
:104158004FF0FF33594610F80A00C847A4E74FF05C
:10416800FF3359462020C8470134A9E7F0B5012597
:10417800244A05FA00F4176803463C428C463FD1AE
:104188002B4442F833C0DFF888C002EBC303C3F8FE
:1041980004C027431C4B17605F691C492F435F61AC
:1041A800060101EB00105B69D2F804C083681CEAC1
:1041B800030F14D14FF0A00EC37B03F1604707F53E
:1041C800614787F800E303F01F075B099B0003F1D1
:1041D8006043BD4003F56143C3F880511D6044EA64
:1041E8000C0454608C196368647B1A68895922F03E
:1041F8000F021A600E22A2404A6000221A60F0BD27
:104208000020FCE7FC1700200010024050C6000800
:10421800B8130020064B07481A78997804331B789E
:1042280000781B0443EA0123134343EA0060704704
:1042380010F8010816F8010800EB8103F0B5DE68F4
:10424800336803F00303032B5DD0002B0CBF4FF43E
:1042580000730023314A4FEA011C146D726904F19E
:10426800804404F5C04404EB011572B100226A6071
:10427800328AD0F88470013222F001023A44C0F840
:10428800842043F020034CF80470B269C2B1748AE8
:104298003E2C04F1FF3239D942F01F02204E013280
:1042A800521146EA822292B2EA60D0F884200134A0
:1042B80024F001041444C0F8844043F40053AA6075
:1042C8008A0002F1804202F5B8421068440410687E
:1042D80048BF43F48043400648F2800048BF43F09B
:1042E8004003194321F4784121F0F001014323F4FC
:1042F800F163116023F0070311685B045B0C4B400A
:1043080003431360F0BD4FF4C063A3E742F001021A
:104318000132520202F47C42C6E700BF005C004052
:104328000080FFFF002180220A4B0B481965596461
:10433800DA644268D2688A420CBF4FF41C424FF4D8
:104348001E421A644023C0F88430044BC360FFF750
:1043580073BF00BF005C0040E813002024C80008B9
:104368000E4BD021DA6942F40002DA61DB690123DD
:104378000B4A13640B4B83F813134FF40021C3F853
:1043880080111960E02183F814134FF48011C3F8E9
:104398008011196000231364FFF7C4BF00100240A6
:1043A800005C004000E100E00D4B10B51B6D0401FE
:1043B80003F1804303F5C04303EB0010E3581144B5
:1043C80003F1005303F540535B004260002AA1EB60
:1043D800020000DC10BD0088023A43F8040BF5E740
:1043E800005C00400B0704D572B6024B024A5A62C1
:1043F800FEE77047DC160020CCB50008032AF0B5AC
:1044080028D10161154B9F5C002308221D461C46DC
:104418001E4611F0800F4FEA04144FEA03134FEAC7
:1044280006164FEA05150CBF44F00F043B4311F480
:10443800004F0CBF46F00F063D43013A4FEA4101D9
:10444800E7D1426832402A4342600268224013435F
:104458000360F0BD042A08BF4161D3E7E2C7000842
:1044680010B40468437B21684268D940126801F09F
:104478000E010A420ED0827B01FA03F36360064BF9
:10448800013253F832402CB103EBC203586823467B
:1044980010BC184710BC7047FC17002038B50C46F4
:1044A800012511460289A5401543058100EB8400CA
:1044B800C26800255069128A03609A4228BF1A46CA
:1044C80081604560C56002612046A40004F1804413
:1044D80004F5B844FFF768FF236823F4F04323F09A
:1044E800400383F0300343F4004343F08003236028
:1044F80038BD000010B590F864300446142B36D04F
:1045080024D8062B05D001D81BB110BD093B022BBE
:10451800FBD848F280001C490B6823F4F04323F0D1
:10452800400383F0100202430A600B6823F49043AF
:1045380023F0700383F4805303430B6063681B68A4
:1045480013B1062120469847062319E0152BDCD124
:104558000B2380F86430202383F3118800231A4644
:104568001946FFF79BFF002383F31188CDE7C36843
:104578009B695B68002BC8D1036F03B19847002380
:1045880084F86430C1E700BF005C004070B50124C6
:10459800468904FA01F53543458100EB8100C56879
:1045A800A8698260002203604260C2602BB16A8AF7
:1045B800013B1344B3FBF2F39CB2890001F1804143
:1045C80001F5B8410B68048223F4904323F070038B
:1045D80083F4405343F4004343F080030B6070BD01
:1045E80038B590F864300446002B42D0063BDAB266
:1045F8000F2A38D80F2B36D8DFE803F03B353508BB
:10460800263635353535353535353B3B90F87B1015
:1046180090F87A20C36E42EA0122934214D2C2680B
:10462800128AB3FBF2F502FB15356DB9202383F32B
:1046380011882B462A462946FFF730FF85F3118853
:104648000A2384F864300EE0142384F864302023AD
:1046580083F31188002320461A461946FFF796FF70
:10466800002383F3118838BD036F03B198470023F3
:10467800E7E748F280000D490B6823F4F04323F084
:10468800400383F0100202430A600B6823F490434E
:1046980023F0700383F4805303430B6063681B6843
:1046A80013B10621204698470623CAE7005C00405C
:1046B80090F87630074A80F87E3043F0800310B5D2
:1046C800D364436804461B680BB101219847032350
:1046D800237010BD005C004003691960C268013A8C
:1046E800C260C269134482690361934224BF436A6A
:1046F800036100238362036B03B1184770470346C5
:10470800D0E90420824201D1DB681BB950F8043B90
:104718000B60704700207047C368C269013BC360E3
:104728004369134482694361934224BF436A4361E6
:1047380000238362036B03B118477047202383F378
:1047480011880D4B5B6813F4006312D0EFF30983F3
:104758004FF08072203BDA6183F30988074A1168B9
:1047680012698968926891428CBF054A054A9A6124
:10477800704783F31188704700ED00E0DC160020D5
:10478800F3220008F62200080B4610B51B68994270
:1047980003D09C6882689442F8D25A6803604260E9
:1047A8001060586010BD0000002382680374054B38
:1047B8001B6899689142FBD25A6803604260106096
:1047C80058607047DC16002038B504466FF00105C4
:1047D8002068844200D138BD036823605C6045616D
:1047E800FFF7E2FFF4E7F8B505460E460027046830
:1047F800AC4200D1F8BDE3683343E36023691E424D
:104808000AD0D4E9010382691343027C83610A2A2E
:1048180004D14269134207D12468E9E70B2AFBD186
:10482800426932EA0303F7D14761FFF7BDFFF3E7B7
:104838000346006820B100221A604161FFF7B4BF47
:104848007047000070B50E0704460D4604D572B6D1
:10485800234B244A5A62FEE7426813789BB16907E2
:1048680002D5536803B19847AB070BD563685B68FB
:1048780043B104222046227098472378042B01D1A3
:104888000323237070BD436A5D68296821F00F0116
:104898002960597B1D680E2303FA01F16960016ADA
:1048A8004E68356825F00F0535600D68497B8B40EB
:1048B8006B6053682BB10422027098472378042B4D
:1048C80001D102232370202383F31188002104F1EE
:1048D8000800FFF7ADFF002383F31188D2E700BF7C
:1048E800DC160020CCB50008F8B590F86430044612
:1048F80013B1002380F86430BE4B04F174001B6DC3
:1049080003F1804303F5C04303EB01139B6803F1F4
:10491800005303F540535B0003F1100219460433BA
:104928000968934220F8021BF8D163689B681BBB97
:1049380094F8743013F0600546D048F28000AD4911
:104948000B6823F4F04323F0400383F01002024382
:104958000A600B6823F4904323F0700383F48053B8
:1049680003430B6063681B6813B106212046984710
:10497800062384F86430F8BD204698470028D7D02D
:1049880094F87B2094F87A3043EA0223E26E9A4244
:1049980088BFE36694F97430E56E002B4FF020036E
:1049A80080F26181002D00F05081092284F8642092
:1049B80083F311880021D4E91A232046FFF76EFDFE
:1049C800002383F31188D6E794F8752003F07F035A
:1049D80043EA022340F20232934200F0158121D8C3
:1049E800B3F5807F4ED00DD8012B45D0022B00F0B7
:1049F800B580002BA1D104F17C02A2660222E266F6
:104A08002367BDE7B3F5817F00F0C280B3F5407F2F
:104A180093D194F87630012B8FD1B4F87C3043F0E1
:104A2800020338E0B3F5006F3FD01DD8B3F5A06F8F
:104A380037D0A3F5C063012B3FF67FAF94F87920F8
:104A4800616894F878304E6843EA0223204694F867
:104A5800762094F87710B04700283FF46EAF43688B
:104A6800A3660368E3661AE0B3F5106F22D040F638
:104A7800024293427FF461AF5F4BA3660223E36671
:104A88000023BDE794F87630012B7FF456AFB4F8D5
:104A98007C3023F00203C4E91A55A4F87C3025675A
:104AA8006EE7C4E91A55554BAAE704F17F03A366DC
:104AB8000123D7E72378042B3FD1202383F31188E0
:104AC800A36804F1100603F00113A36004F12C0796
:104AD80056F8043B7BB1586920B16FF001010C30E6
:104AE800FFF7A6FE56F8043C986920B16FF0010163
:104AF8000C30FFF79DFEB74246F8045CE8D140232E
:104B0800012248F28000C4F88430930003F1804306
:104B180003F5B843196801320143082A196018607F
:104B2800F3D1002383F31188032184F87F3063686D
:104B380021701B680BB12046984794F876304BB12A
:104B480084F87F300423237063681B6813B1022143
:104B5800204698470023C4E91A3351E794F878307F
:104B680003F00F0213F0800F224B53F8223008D0C5
:104B780013F030033FF4E1AE102B14BF204B214B50
:104B88007BE713F440533FF4D8AEB3F5805FF4E706
:104B980094F87630002B7FF4D0AE94F8782012F099
:104BA8000F03D7D09B0003F1804312F0800F03F569
:104BB800B8431A680DD002F03002302ACAD01A68F9
:104BC80022F4F04222F0400282F0200242F4004235
:104BD8000BE002F44052B2F5405FBBD01A6822F4F1
:104BE800F04222F0400242F4204242F080021A6071
:104BF800B0E700BF005C004080CC0008B946000860
:104C0800C0C6000848C8000894F87630002B7FF426
:104C180094AE94F8782012F00F039BD09B0003F118
:104C2800804312F0800F03F5B8431A6806D022F4C7
:104C3800F04222F0400282F01002C7E722F49042CC
:104C480022F0700282F48052C0E7142284F86420B3
:104C580083F311882B462A4629462046FFF796FCFF
:104C680085F3118887E65DB1152284F8642083F303
:104C780011880021D4E91A232046FFF787FC9FE614
:104C88000B2284F8642083F311882B462A46294690
:104C98002046FFF703FCE3E708B5202383F31188D8
:104CA800027C0023052A06D8DFE802F00B0505037D
:104CB800120E426913604FF0FF334361FFF774FD32
:104CC800002383F3118808BD426993680133936018
:104CD800D0E9003213605A60EDE7000010B5C0E972
:104CE80003230A4A53699C688C420CD35C680360AE
:104CF80044602060586081609868411A99604FF05C
:104D0800FF33D36110BD1B68091BECE7DC160020DC
:104D18000C4A0B46D16830B471B1116895688C683B
:104D28002C448C605468216011684C600021D1606B
:104D38004FF0FF31044AD161014630BC034A0148B3
:104D4800FFF7CCBF8C180020DC160020E54F0008C8
:104D580030BFFDE77047704700EB81032DE9F34151
:104D68009C6A05460E46002C33D0202383F3118815
:104D78000821201D05EB8608FFF735FDD8F80C3013
:104D880004F144075B691B68ABB1236D226E0133E4
:104D98002365A36D606C1344E26DA365934224BF41
:104DA800A36EA365B84206D0036863645F600023FE
:104DB8004361FFF7F9FC384601A9FFF7A0FC02465A
:104DC80050B1019B31462846FFF768FB002383F367
:104DD800118802B0BDE8F081D8F80C305A69126821
:104DE800002AF3D01B8A013B1342EFD1E36F1B7EED
:104DF800002BEBD105F17402E4E713B5446BE36FC4
:104E08001A681178042915D1217A022912D1197941
:104E1800012312898B4013420CD101A904F14400EB
:104E2800FFF76DFC024628B1E06F019B017900682D
:104E3800FFF734FB02B010BD38B5C16F03460C68EC
:104E48002278042A18D1027A022A15D101200A7977
:104E5800658900FA02F22A420DD1D3E90725AA4250
:104E680001D19D693DB99B6A20464979043B0432CA
:104E7800FFF78CFB002038BD0120FCE7113110B58D
:104E880050F82140002C2DD0202383F311880421D1
:104E98006018FFF7A8FCE26FE0681368527904F124
:104EA8000C0103EB8203DB689B695A68E3691A60AB
:104EB800A2690132A261A26A1344626AE361934261
:104EC80024BF236BE361814206D00368E360596025
:104ED80000234361FFF768FC2046FFF7ADFF00237E
:104EE80083F3118810BD406BFFF7A6BF7047000021
:104EF800202383F311880021064BDA6822F001028F
:104F0800DA609B695963DA6822F00202DA6081F399
:104F1800118870479C13002080B2400000F10060A7
:104F280000F5FC300078704737B50C4C8DF8070059
:104F380023780B48002B50F8D43F4FF00102DD696D
:104F48000DF107010CBF4FF4FA730023A847B0FA1C
:104F580080F340B25B09237003B030BDDC19002038
:104F6800780C002007B50346202282F311880948EF
:104F78000178042905D0002383F3118803B05DF874
:104F880004FBADF8053001AA03238DF80410FFF7E0
:104F980085FAF0E7E813002007B52023024683F3DB
:104FA800118809480178042905D0002383F3118862
:104FB80003B05DF804FB0323ADF8052001AA8DF8C2
:104FC8000430FFF76BFAF0E7E813002070470000A1
:104FD800014B1878704700BFA018002070B5202337
:104FE800064683F311880378042B03D0002383F348
:104FF800118870BD144B1B78DB09F7D1134C22784C
:10500800002AF3D0124B1B78002BEFD003899B07A3
:1050180004D4082301210F4AFFF740FA40F2E73091
:1050280000210D4B24784FF47A72A4FB0345201815
:105038004FF0000345EB0101FEF732FE31468000D8
:10504800FFF766FED2E700BFC218002088180020CC
:10505800280F0020A1180020A0860100F8B590F8BC
:105068007430044603F07F02212A71D113F0800FB7
:1050780090F875001FD0022817D003280BD00128FC
:1050880066D194F87830002B55D14C4AA26620227C
:10509800E266236708E0B4F87820002A58D1012096
:1050A800474BC4E91B02A366F8BD0120454BE066E7
:1050B800A3660023EDE70A2841D00B280ED0092863
:1050C80046D194F8782012F0FD0F41D13E4BA366EB
:1050D8000223E3663D4B01202367E5E7B4F8783007
:1050E8004BBB94F87650364B002D14BF012100219C
:1050F8001970374B1A7861F3C7121A701BD1314BEC
:105108001A78C2B1202282F3118840F2E7300021D8
:105118001E78304B4FF47A72A6FB036730184FF0B5
:10512800000347EB0101FEF7BBFD21468000FFF7B6
:10513800EFFD85F311880023C4E91A33CBE724492E
:1051480094F877200D781F4BED091A70F3D1D8E742
:1051580040F28162B4F87410914208D01E4A92F865
:10516800B610D1B992F80A22BAB900209CE794F88F
:105178007920616894F878304D6843EA0223204624
:1051880094F8762094F87710A8470028EDD0436863
:10519800A3660368E36600239DE703F06003202B02
:1051A800E3D194F87530212B05D81F2BDDD90B4B93
:1051B800A3660723EEE7222BBDD0D6E7A11800206F
:1051C800280F00208818002096190020E9510008AF
:1051D800C2180020A0860100780C0020290F0020AA
:1051E80090F87A10074A0229137807D103F0FB03D5
:1051F800012B05D15278044B1A707047024A13707C
:10520800704700BF96190020A018002010B5084A62
:10521800084C117824784B1C03F00F039C421DBFE7
:10522800054C13706054002018BF012010BD00BF4A
:1052380070180020711800206018002042EA01222E
:10524800100A032811B214D00CD8012828D002283B
:105258000CD17B23144A1548002AC0E9003208BF44
:105268001046704721280DD0222812D000231A4654
:10527800F1E7CBB2022BF9D80D4A0E4952F8232098
:10528800CB5CE8E7032BF1D80B4A52F8232009231B
:10529800E1E7032BEAD8094A094952F82320EFE746
:1052A8001223084AD7E700BF54C40008F4170020A7
:1052B800E8C30008F4C30008F8C3000808C40008DD
:1052C80046C40008F1C400080020704710B1024B22
:1052D8001B681847704700BF200F0020074B084A7B
:1052E8001A60BFF34F8F0749074BCA6802F4E062A0
:1052F8001343CB60BFF34F8F00BFFDE7FC4F002087
:10530800EFBEADDE00ED00E00400FA0538B520235D
:1053180083F311880A4B196A002383F311884FF429
:105328007A700025074B084C1B68084AC91AE0FB2D
:105338000145002320462946FEF7B2FC38BD00BFD0
:10534800DC160020841900209F860100A086010039
:10535800064B187802331B7840EA032000B210F598
:105368008B7F14BF00200120704700BF00F80108A0
:10537800024B1A780AB100221A707047741900207B
:105388000022C0F3072303EB430313B500EB8300AC
:105398000A4900F00704C0F3C40000EB8000014490
:1053A800104611F8013BE34003F00103934001323A
:1053B8001843052AC0B2F4D102B010BDAC190020C0
:1053C80037B501220024C0F3072303EB430300EBA6
:1053D800830000F007039A40C0F3C400094B00EBB8
:1053E8008000D2B21844057821FA04F343F300038D
:1053F8006B40134001346B40052C00F8013BF2D19F
:1054080003B030BDAC190020054B064A1B78127852
:105418009A4200D17047013303F00703F8E700BF51
:10542800531B0020521B0020054A1188814205D0D9
:10543800044B10801B680BB11B691847704700BFED
:10544800C41800203C180020054A1188814205D064
:10545800044B10801B680BB1DB681847704700BF0E
:10546800C61800203C180020024B186808B10368D1
:10547800184770473C18002008B51823520003FB52
:105488000121782202FB001101F12700FFF744FDFA
:10549800030201F128009BB2FFF73EFD184380B2DA
:1054A80008BD82B00328ADF804100AD89DF805108D
:1054B800042906D89DF804200B2A02D802B0FFF769
:1054C800DBBF002002B07047C1F10301490040FA78
:1054D80001F3022213F0010F14BF0E23082302FA6E
:1054E80001F101421ABFA3F12000C0B243F08000CD
:1054F8007047000010B54FF4C06422490B885A1C4D
:10550800B2FBF4F304FB13230C229BB20B80B3FB16
:10551800F2F31D4AD35C06221B02B3FBF2F21B4BCB
:105528001B78DB08534341F27B429BB2934216D867
:105538000922B3FBF2F3202282F31188C26842F0F9
:105548000102C260124A926853434FF6FF72B3FBDE
:10555800F2F382695363002383F3118810BD03F5C6
:1055680023530C4A36331B02B3FBF2F303FB03F25B
:1055780053431B0AB3F5803F0CBF4FF6FF739BB232
:10558800D9E700BFD816002062C70008D616002049
:105598009C130020F52801000A4B0B4A9A6020232F
:1055A80083F31188094B9A69D368D9075FBF6FF0F5
:1055B800010143F001031161D360002383F31188D3
:1055C800704700BF380F0020FD5400089C130020CE
:1055D800062802D810B9FFF78BBC06200623C0EBBB
:1055E8000040B0FBF3F303F52353104A36331B0294
:1055F800B3FBF2F34FF6FF7003FB03F253431B0AAE
:10560800B3F5803F08BF034609498A6853432022FF
:10561800B3FBF0F382F31188CA6842F00102CA6052
:105628008A695363002383F311887047F5280100C2
:105638009C130020064A137860F3C70313F0F80F91
:1056480014BF0121002161F300031370FFF7C0BFED
:10565800D616002000B1104708470000064A137804
:1056680013F0FE0F04D1012161F347031370704753
:10567800552BFCD92A21F7E78819002070B5254C4D
:10568800A45C002943D00626FF224643551AB6FBE0
:10569800F2F66FF05402724302EB400202EB420250
:1056A800D2B202FB01F0C2F1FF024A430012121209
:1056B800C0F1FF00C2F1FF02654360436243C5F3D6
:1056C8000725C0F30720C2F30722062E1CD8DFE8FF
:1056D80006F006040C11161B060022460446214655
:1056E800144659701C709D7070BD114622462C4698
:1056F8000D46F4E722462C4615460246EFE71146CA
:105708002A4625460C46EAE72A460546E7E725469F
:105718002146E6E7E5C200080B4BDA68D0070CD44F
:10572800DA6851070BD4DA68D2060AD4D86800F0D0
:105738000100C0F10500C0B2704701207047022087
:1057480070470320704700BF0020024073B504462D
:105758000025FFF7E1FFFF2601280FD114B9062025
:1057680002B070BD01950196019B1BB9FFF7D4FFEC
:10577800013CF1E7019B013B0193F5E7002C08BFD1
:105788000620EDE710B50B4C236943F002032361B3
:105798006061236940F6FF7043F040032361FFF71F
:1057A800D5FF06281EBF236923F002032361342393
:1057B800E36010BD0020024070B505461F200E466C
:1057C800FFF7C4FF052810D1084C1F20236943F0B8
:1057D800010323612E80FFF7B9FF06281EBF236946
:1057E80023F0010323613423E36070BD00200240ED
:1057F800B0F5806F2DE9F041884602D30020BDE85E
:10580800F0814FF6FF72450005F1006404F5FC34A1
:10581800238846129BB2934204D12046FFF7CCFF5F
:1058280080B2ECE7B602154F06F1006606F5FC36C5
:105838004FF4806231463846FEF71EF823789845C3
:10584800DCD040F2FE30284007F8008040F6FF70B8
:10585800FFF77CFF052802D13046FFF793FF0024AD
:10586800395D61F0FF014B1C03D089B23019FFF795
:10587800A3FF0234B4F5806FF2D1D1E79C0F00206A
:1058880001460620FFF7B4BF10B540F20724A0B2C6
:1058980000210134FFF7ACFFB4F5806FF7D110BDDC
:1058A8002DE9F84F00254FF07808164B2E465F1962
:1058B80019E03AF802BB20464FEA1B21FFF798FF90
:1058C800601C5FFA8BF180B209F10109FFF790FFC4
:1058D8000234B9F10C0F0B4BA4B2EAD11836B0451B
:1058E80007F1180706D006F12704BA464FF0000959
:1058F800A4B2DEE77835B5F5F07F08F17808D5D1A0
:10590800BDE8F88F70C80008F8B50C4680B2471C8F
:10591800BFB243007A0003F1006302F10062861C03
:1059280003F5FC3302F5FC32B6B2197892F800C0E0
:10593800720002F10062C51C02F5FC32ADB21378A8
:105948006A0002F1006202F5FC321B04127843EA95
:105958000C230B4343EA0263A34212D0E1B2FFF7E0
:1059680047FFC4F307213846FFF742FFC4F3074156
:105978003046FFF73DFF2846210EBDE8F840FFF707
:1059880037BFF8BD08B5FFF769FEBDE80840014616
:105998000820FFF7B9BF0000044B1A791868022ADB
:1059A8009CBF01321A71FFF7EDBF00BF88190020B4
:1059B800034B1A790AB1013A1A711868FFF7E2BF66
:1059C800881900200022034B03481A711860FFF75A
:1059D800D9BF00BF881900200300FFFF40F6FF7001
:1059E80008B5FFF7B3FE052802D10748FFF7CAFE3E
:1059F80040F6FF70FFF7AAFE052804D1BDE808406D
:105A08000248FFF7BFBE08BD00F8010800FC010806
:105A180010B50024FFF7E2FFEA210020FFF7E8FEB7
:105A2800FE210120FFF7E4FE00210220FFF7E0FE3F
:105A380000210320FFF7DCFE1F4B214604201C60D9
:105A4800FFF7D6FE21462220FFF7D2FE2146052089
:105A5800FFF7CEFE21460620FFF7CAFEFF210720EA
:105A6800FFF7C6FE21460820FFF74EFF21460D200E
:105A7800FFF7BEFE21461820FFF746FF21461720F4
:105A8800FFF7B6FE21461C20FFF73EFF21462020E7
:105A9800FFF7AEFE21462120FFF7AAFE2146182077
:105AA800FFF732FF21460F20FFF72EFF2146BDE802
:105AB80010401320FFF728BFF017002010B5FFF79C
:105AC80047FC104C48B9FFF7A3FF207800F004000A
:105AD80040F031002070FFF7D3FE0B4B1B78DBB290
:105AE800372B88BF0622237084BF62F3C703237055
:105AF8002378BDE8104013F0010018BFD808FFF75D
:105B080067BD00BFD61600200CF80108364BF028F8
:105B180093F902200AD193F9031000290CDA002125
:105B2800D97052B90021314A117006E0F1280DD11F
:105B380093F903100029F2DC72B11A795B791343E7
:105B48005AB2002B4FD12A4B1A707047F22806D14F
:105B5800002AF1DA00229A7093F90320E1E7F3288A
:105B680002D1002AF6DCE7E7F92893F9041004D1FA
:105B78000029E1DD00211971DEE7FA2802D10029A8
:105B8800DADAF7E7FB2893F9051004D10029D3DA0C
:105B980000215971D0E7FC2802D10029F8DCCBE7B5
:105BA80000F10C01C9B2042907D80121F438814059
:105BB800587820EA01005870BEE7FD2805D10D4845
:105BC800017821F001010170B6E7FE2804D10948E7
:105BD800017821F00201F6E7FF28ADD105480178E8
:105BE80021F00401EFE770476919002071190020BE
:105BF800721900206F190020144B1B78D90705D59E
:105C0800134B18788008F8B1C0B270479A0703D5CB
:105C18000F4B18784008F6E75B0705D50C4B18784A
:105C28007F28F0D97F2070470A4B1B7853B10A4A66
:105C3800074912780878934236BF584380B2B0FBC0
:105C4800F2F0EDE70120DFE7012070476F1900202F
:105C5800340F002072190020350F0020194B1B78D3
:105C6800D90709D5184B187800EB800080087F28E1
:105C780023D820B3C0B270479A0705D5124B1878BD
:105C880000EB80004008F2E75B0704D50E4B18785C
:105C980000EB8000EBE70D4B1B7863B10C4A0A4917
:105CA800127808789342F3D2584300EB8000B0FB97
:105CB800F2F080B2DBE70520DCE77F2070470120A7
:105CC800704700BF6F190020320F002071190020A3
:105CD800330F0020F02808B505D1FFF7BFFF404279
:105CE800294BD87008BDF12802D1FFF7B7FFF7E7B5
:105CF800F22805D1FFF7B2FF4042234B9870F1E735
:105D0800F32802D1FFF7AAFFF7E7F92804D1FFF734
:105D180073FF1D4B1871E5E7FA2803D1FFF76CFFF5
:105D28004042F6E7FB2805D1FFF766FF4042164BD5
:105D38005871D7E7FC2802D1FFF75EFFF7E700F1BB
:105D48000C03DBB2042B08D801230F4AF43803FAFA
:105D580000F0537818435070C4E7FD2805D10B4A6A
:105D6800137843F001031370BCE7FE2804D1074AF7
:105D7800137843F00203F6E7FF28B3D1034A1378F8
:105D880043F00403EFE700BF691900206F190020F2
:105D980008B5202383F31188012100F00F039940EF
:105DA800032220F00F00FEF729FB002383F311885C
:105DB80008BD0000294B1A78510707D500F01801D3
:105DC800082927D100F0F70040F00400110707D593
:105DD80000F01801182926D100F0E70040F014005F
:105DE8005B78D90707D500F01801082924D100F0FD
:105DF800F70040F00100990707D500F01803182BA9
:105E080023D100F0E70040F01100D30648BF00F0AE
:105E1800E700704700F01401042904BF00F0FB00FC
:105E280040F00800D2E700F01401142904BF00F084
:105E3800EB0040F01800D3E700F01101012904BF7E
:105E480000F0FE0040F00800D5E700F01103112B28
:105E580004BF00F0EE0040F01800D6E7C21800209A
:105E680013B5ADF804100199FFF71BFBE7280446AA
:105E780000F28680DF280ED8312873D015D829285B
:105E880069D02A2875D0012C51D0231F9BB2A12B91
:105E980028BF00244BE0A0F1E003072B73D8DFE80C
:105EA80003F01872282D3872424939280BD08228FD
:105EB80009D0352848D0A72C6FD8A42CE3D9243C86
:105EC80044F480448CE07D4B1B789807F3D0E024A1
:105ED8002DE07A4A1378D90700F1E980527812F058
:105EE800010F24D013F0100F08BFE32418BF0024BB
:105EF8001DE0724B1B7813F0040FF2E76F4A13781A
:105F0800580700F1D6805278D107E0D413F0100F6B
:105F1800ECE76A4B5A78920709D51B7813F0100FF3
:105F280008BFE724E2E7654B1B781807F6D420463C
:105F380002B010BD614A1378190700F1BC8052788D
:105F48009207E3D5E424F2E75C4B1B7813F0200FAB
:105F580018BF2924EBE7594B1B7813F0200F18BF03
:105F68003524E4E7554B1B7813F0400F18BF2A245B
:105F7800DDE7524B1B7813F0400F18BF3124D6E7EA
:105F8800B0F5A44F2ED2B4F5A24F77D2FF2C0BD880
:105F9800EF2C90D944F4A04422E0BE2C61D9A4F19E
:105FA800E1039BB2072B73E7B4F5A04F0AD2B4F50F
:105FB800804F5ED2A4F580739BB2B3F5F85F0FD320
:105FC8000024B4E7C4F30112C4F3810304F003000E
:105FD80001245B0143EA022384401C4344F40C443B
:105FE800A4B2A4E7B0F5AC4F1BD2B0F5AA4FC0B22B
:105FF8004AD2B4F5A84F0FD2B4F5A64F4FF001041A
:106008004FEA900300F0030004FA00F040EA43145A
:10601800E4D344F40A44E3E74AF2F40444EA0024EB
:1060280085E7B0F5B44F0CD2B0F5B24F34D2A0F535
:10603800B0439BB2FF2BC3D84AF2F00040EA0424D5
:10604800CEE7A0F5C0439BB2B3F5005FB8D2C0F36A
:106058000420FFF7AFFE030203F4F853E4B21C4335
:1060680017E0174B5834E4B233F8144044F488442A
:106078005DE7C4F30B0444F4204458E74AF2F10303
:10608800E4B243EA042452E7FFF794FE040204F45E
:10609800F85444F400544AE700F00F00FFF78AFE72
:1060A800C4F3031440EA042444F4104498E7392460
:1060B8003DE7E2243BE7E62439E700BFC2180020A9
:1060C80018C4000873B51F240C4BADF804001E68F3
:1060D8000B4B1B681E4326FA04F3DB07E5B205D415
:1060E800013CF8D20025284602B070BD2846019927
:1060F800FFF7B6FE80B20128F2D0F4E7CC180020F2
:10610800F017002007B5ADF804000198FFF7DAFF93
:10611800019903B05DF804EBFFF7A2BE07B5ADF82F
:1061280004000198FFF7EEFF0346C3F30322C3F30D
:106138000333023BC0B20D2B1DD8DFE803F007077D
:106148001C1C161C1C1C07071A1C1C1AF02814D02F
:1061580006D8E7288CBF0020012003B05DF804FBB7
:10616800F42814BF00200120F7E7E72805D9F12813
:10617800F7E7D008F1E70020EFE70120EDE7030992
:1061880043EA0010C0B28300801000F0330003F02F
:10619800CC03034358005B1003F0550300F0AA003A
:1061A8001843704713B502AB03E903009DF80230AA
:1061B800009873B16AB1FFF785FF0446014600985D
:1061C800FFF7FEF82046009902B0BDE81040FFF73F
:1061D80068B9FFF7D5F80446F4E770B500EB81031A
:1061E800054650690E461446DA6018B1142200219B
:1061F800FCF786F8A06918B114220021FCF780F892
:1062080031462846BDE87040FEF716B8F8B5054691
:10621800052900F2A780DFE801F0A9A525A9A603B2
:10622800202686F311880024684D012105F1D80045
:10623800FEF7D9FA85F8E84085F8204184F31188FB
:1062480086F31188012105F50B70FEF7CCFA85F865
:106258003C4285F8744284F311880520BDE8F84073
:10626800FEF7D4BF202383F31188584C0121584AE4
:10627800FFF7B3FF04212846564AFFF7AEFF28462A
:1062880094F8B41004F14402FFF7A7FF94F8B5108E
:10629800284604F16802FFF7A0FF94F8B61021B170
:1062A800284604F18C02FFF798FF0026D4F8043141
:1062B8004948C4E93C33C4E94266C4F8EC60FEF7D7
:1062C80083FAD4F838314548C4F82431D4F83C313D
:1062D800C4E95066C4E94A3384F8E860FEF774FA02
:1062E80001213F4884F82061FEF77DFA3D48FEF71A
:1062F800A3FD28463C4A94F80812FFF76EFF94F86D
:1063080009122846394AFFF768FF94F80A1219B1AA
:106318002846374AFFF761FF0025D4F85832C4E908
:106328009755C4E991333348C4F84052FEF74CFA04
:10633800D4F88C32C4E9A555C4F87832D4F8903230
:106348002D48C4E99F3384F83C52FEF73DFA0121F9
:106358002A4884F87452FEF746FA2948FEF76CFD7D
:1063680085F31188F8BD0420FEF750FF202787F336
:1063780011880125154C022104F1D800FEF733FAE3
:1063880004F1E00084F8E850FEF71EFA84F8205182
:1063980004F58C70FEF718FA002686F3118887F347
:1063A8001188022104F50B70FEF71DFA04F50D7033
:1063B80084F83C52FEF708FA84F8745204F51B700E
:1063C800FEF702FA86F31188CCE700BF780C0020AC
:1063D8004CC8000810CC0008580D0020900D002073
:1063E800500D00204C0D0020100E0020340E00200F
:1063F800580E0020AC0E0020E40E0020A40E002051
:10640800A00E00202DE9F347202383F311880025EF
:10641800324C012726464FF4AA78A946D4F85031C1
:106428001A68117804294DD194F8DC10022949D151
:106438001B79128907FA03F3134243D1D4E94A328C
:1064480093423FD108FB0561D1F82421002A39D0B5
:10645800D4F84021002A35D0043AD21A32D01A6032
:10646800D1F8242104F58C70013AC1F82421D4F81C
:10647800342101A91344D4F83021C4F828319342B7
:1064880028BFD4F83C31C4F8409128BFC4F828315B
:10649800FEF735F9D4F8503182461A7E52B1019888
:1064A8001A690021121A5044FBF72AFFD4F8503118
:1064B8001B690193D4F8500152460179019B006889
:1064C800FDF7ECFF04F5AA742DB1002383F31188BE
:1064D80002B0BDE8F0870125A0E700BF780C0020D6
:1064E800094A03461278023042B1084A92F900205C
:1064F800002A03DA1E220021FBF702BF0022C3F89C
:1065080002208280704700BF280F0020C218002098
:10651800054B196908741868026853601A60186195
:1065280001230374FBF7D0BEDC16002030B54B1CEA
:106538000546104C87B019D023690F4A01A8FEF709
:10654800CDFB2846FFF7E4FF049B5BB1019B039951
:106558009A680A449A60029A1360019B5A604FF045
:10656800FF33E3612369586907B030BDFFF7D0FFF7
:10657800F8E700BFDC160020A14C000870B50446FF
:106588000D46104EE3683BB1236900201A1DA26234
:10659800E2691344E3620EE0237A6BB97DB1336993
:1065A80062681C605A602946136004206360FFF724
:1065B800BDFF0028E6DA70BD6FF00100FBE74FF081
:1065C800FF30F8E7DC1600202DE9F84F04460D46A9
:1065D80091469A464FF0200888F311880026B34662
:1065E800A76A4FB951462046FFF7C8FF20B187F385
:1065F80011883046BDE8F88FD4E90A073A1AA9EBA2
:106608000607974228BF1746402F1BD905F14003BC
:1066180055F8042B9D4240F8042BF9D1A36A403663
:106628004033A362D4E90A239A4204D3E16920469D
:106638000439FEF751F88BF311884E45D9D288F307
:106648001188CDE729463A46FDF716F9A36A3D4475
:106658003B44A3623E44E5E74430FFF7B5BF4FF043
:10666800FF334430FFF7B0BF70B520230D46044612
:10667800114683F31188866A2EB9FFF77FFF10B1A0
:1066880086F3118870BDA36A1D70A36AE26A01339C
:106698009342A36204D3E16920460439FEF71CF84B
:1066A800002080F31188EDE74430FFF7DDBF4FF09D
:1066B800FF324430FFF7D8BF70B504460D46104E80
:1066C800E3683BB162690020131D1268A36213449A
:1066D800E3620EE0237A6BB97DB1336962681C60AE
:1066E8005A602946136004206360FFF71FFF0028E3
:1066F800E6DA70BD6FF00100FBE74FF0FF30F8E716
:10670800DC1600202DE9F84F04460E4690469946BF
:10671800202787F311880025AA46D4F828B0BBF1B2
:10672800000F09D149462046FFF7C6FF20B18BF379
:1067380011882846BDE8F88FA8EB050BD4E90A12A2
:10674800521A934528BF9346BBF1400F1BD93346D5
:1067580001F1400251F8040B914243F8040BF9D1BE
:10676800A36A40364033A3624035D4E90A239A42EB
:1067780002D32046FDF7D0FF8AF311884545D8D2C9
:1067880087F31188C9E730465A46FDF775F8A36ABA
:106798005E445B44A3625D44E7E70C30FFF7B2BF99
:1067A8004FF0FF330C30FFF7ADBF70B52023044620
:1067B80083F31188866A3EB9FFF77EFF054618B154
:1067C80086F31188284670BDA36AE26A13F8015B54
:1067D8009342A36202D32046FDF79EFF002383F372
:1067E8001188EFE70C30FFF7E0BF4FF0FF310C30B6
:1067F800FFF7DBBF08B50146202383F31188082083
:10680800FFF794FE002383F3118808BD2DE9F84FA4
:106818000025DFF80C81052746464FF00109AA46F6
:10682800DFF800B15BF8044B202383F3118824F0D0
:106838000F0004F00F0409FA04F406222146FDF7BC
:10684800DDFD44618AF3118800BF00BF00BF00BFAF
:1068580000BF00BF00BF00BF00BF00BF00BF00BF38
:1068680000BF00BF00BF00BF00BF00BF00210C4633
:10687800274850F8043B23F00F02926803F00F03F7
:1068880022FA03F3DB074EBF002309FA01F213B221
:10689800013123430C299CB2EBD15BF8040CFFF7C0
:1068A80077FA0320FFF7A6FFB8F80030013FA342AC
:1068B80016BF01230023A8F8004017F0FF0745EA98
:1068C800030508F10208ADD1124CDDB10123237094
:1068D800FEF71CFD104B18800F4B1F88FEF716FDA6
:1068E800C01B80B2052810D90C4B32881A807288D8
:1068F8005A80B2889A80F288DA8032891A81002315
:10690800237002E02378002BE6D12846BDE8F88FF3
:10691800F4C70008E9170020EA17002054190020DE
:1069280076190020FCCB000810B52023044683F319
:106938001188104B1A78042A03D0002383F3118896
:1069480010BD1A89D2060DD5DB690B4A5B6912693D
:106958004FF47A7143F80C2F03205361FFF7E6FDDB
:106968000130EAD00623224604210248FDF796FDAD
:10697800E3E700BFE8130020DC1600202DE9F84FFC
:10698800844B1B7813F0010319D0834D2B78002B0F
:1069980040F0A28010224FF400418048FDF72EFD00
:1069A800202383F311887E4C7E4B60691E69F8B9F9
:1069B800F3696661A36104F10C03F3612BE01946E6
:1069C800794A0133102B51701170917002F1030252
:1069D800F7D1DAE78360037C7BB1062B13D1D0E9CA
:1069E8000032416913605A60FDF7CEFE436998682A
:1069F800B36882689342EDD805E0D0E900321360AD
:106A08005A60FDF7D1FE30466849FDF7BDFE062005
:106A18007161FFF77DFD002383F31188202383F341
:106A28001188634B63602378012B16D161490320D9
:106A3800FDF79CFB604920620420FDF797FB5F4B44
:106A48006062DA6942F48042DA61DB69236A5A6873
:106A5800E3690C339360426893606068A26A018AB4
:106A6800E36A0E0522F4706223F4706344BF42F4B3
:106A7800A06243F4A063067854BFA262A262E362F4
:106A8800D4E90A23002E7FD042F02402A26243F008
:106A98002403E362E36941F441711A6822F0400279
:106AA8001A60428A196042F007025A601A68002187
:106AB80042F040021A600223237081F311882023D8
:106AC80083F31188012263689868DB6802FA03F38C
:106AD800436181F311882A700827334D384C00260A
:106AE80095F800B095F801A095F80290A4F108086F
:106AF80031465846FEF7E8FC0136042E08F8010B2B
:106B0800F6D10026A4F1040831465046FEF7DCFC15
:106B18000136042E08F8010BF6D1A04600263146AE
:106B28004846FEF7D1FC0136042E08F8010BF6D1D1
:106B38000C37C82F05F1030504F10C04CFD120232D
:106B480083F3118803234FF49A7015491D4C0B7079
:106B58000B6A5A681C4BD3608B6A506013604B6A8F
:106B6800C96A5B6841F08001DC605860196011688F
:106B780041F0010111601A6842F001021A60002315
:106B880083F31188BDE8F88F22F02402A26223F073
:106B980024037EE78819002092190020000C014088
:106BA800B8130020DC160020D0180020C4130020E1
:106BB80034CC00084D480008ED430008001002409E
:106BC800E9190020DD1900204018002070B504469E
:106BD80000250E4B0E4E2079F2782844B178C0B2C9
:106BE800FEF74CFD0F35EDB2F02D03F10303F2D1A2
:106BF800FFF7C4FEA37813F0010F237914BF013304
:106C080003F1FF335BB2237170BD00BFD0180020C1
:106C1800881900202DE9F84F8378DFF8A0A013F039
:106C2800010F0CBF4FF001094FF0FF390026554600
:106C3800214BDFF88C80002427465C701C709C7008
:106C48005FFA89FB9AF800202244D1B252B2102A86
:106C580025DD02F00F02B2420CD198F80310C7F1FB
:106C680004024A4398F8010098F80210C2F3870218
:106C7800FEF704FD01375C44042FE4B2E2D101368B
:106C8800102E03F10303D6D1FFF778FEB9F1010FF7
:106C98002B780CD14BB90F232B70BDE8F88F002A45
:106CA800BCBF01F1100252B2D5E7013BF4E7013352
:106CB80003F00F03F0E700BFD0180020751900207B
:106CC800881900200021F8B51D4B08461A460131E5
:106CD800102950701070907002F10302F7D1194E0C
:106CE80000243546184F96F90020944222DB97F984
:106CF800002094421EDC1548C27881784078FEF75F
:106D0800BDFC0134102C03F10303ECD1FFF736FE70
:106D18000D4C0F48227801782B780A4452B20B4464
:106D28005BB2002A2B70227001DD0E2B01DD494277
:106D38000170F8BD00225A701A709A70E1E700BF1E
:106D4800D018002051190020240F00208819002095
:106D5800250F00202DE9F84355250379064603FB46
:106D680003F25A43C3F1200303FB03F1554303FB2A
:106D78000123B5FBF3F5EDB2292D85BFC5F1550407
:106D880004EB440405EB450404EBD47494BF6FEAA8
:106D980054046FEA64040027C5F15508114BDFF865
:106DA8004C90E4B25FFA88F8BA0754BF40462846C8
:106DB800224699F80210FEF761FC0137102F03F103
:106DC8000303F1D1FFF7DAFD3379074A33B901211B
:106DD8001170127813443371BDE8F883202BF8D171
:106DE800FF21F5E7D0180020260F00208819002081
:106DF80070B5044600250E4B0E4E072D7078B178FD
:106E0800227910DC8AB1F278FEF738FC0135102DB2
:106E180003F10303F1D1FFF7B1FD2379013303F047
:106E28000103237170BD002AEDD00022ECE700BFFA
:106E3800D01800208819002010B40024054B013414
:106E4800102C587019709A7003F10303F7D110BC15
:106E5800FFF794BDD018002007B501ABFEF70EFC74
:106E6800074B1B78DB0707D59DF806209DF8041013
:106E78009DF80500FFF7E0FF03B05DF804FB00BFD5
:106E880088190020084B10B51A780446D20706D591
:106E98000279064958788A5C9978FFF7DDFF2379EB
:106EA8000133237110BD00BF88190020FCCA0008F7
:106EB800074B10B51A780446D20704D5DA789978C2
:106EC8000079FFF7C9FF23790133237110BD00BF93
:106ED8008819002037B5184C0546207838B9FF22A4
:106EE80001AB1146FEF7CAFB9DF8053023702979DE
:106EF800012915D0022917D0D1B90A4620780F4B9D
:106F08001B78DB0701D5FFF797FF03222B790133A5
:106F1800B3FBF2F202EB42029B1A2B7103B030BDB5
:106F2800002221781046EAE7002022780146E6E7A9
:106F3800002210461146E2E768190020881900204F
:106F480070B52023044683F31188234D2B782E46F1
:106F5800042B28D1214A2B8992F90020002A26DA0D
:106F68001F4A12781AB3DA0610D4202322460421C5
:106F78001948FDF793FA20461A4B04F1200250F8FD
:106F8800041B904243F8041BF9D10CE0EB69164A44
:106F98005B691269032043F80C2F5361FFF7B8FAB5
:106FA8002B78042BE1D0002383F3118870BD9B0755
:106FB80003D4082322460121DAE733690A4A5B69C8
:106FC8001269032043F80C2F5361FFF7A1FA3378B5
:106FD800042BE8D1EDE700BFE8130020C218002019
:106FE800280F0020A1180020DC16002001232DE91D
:106FF800F047002690F80280344C354DDFF8D4A0D5
:10700800DFF8D49007790371B8F1020F9FBF6B784E
:107018002370AB7863708FB9E770A77006EB4603EF
:10702800A27861784B4414F8050B0136FEF726FB6D
:10703800102EE9D1BDE8F047FFF7A0BCE378BBB15B
:10704800013B2279DBB2E370C3EB0323B3FBF2F31A
:10705800BB22DBB21AF80330223BDBB2C3EB0323BB
:10706800B3FBF2F3EA78DBB253431B12A370D5E704
:10707800FBF7C8F9EB785B0803F17F024FF4017363
:107088005343C3F307239842C8DAB8F1020F10D963
:10709800FBF7B8F9FF2390FBF3F303442370FBF7E6
:1070A800B1F9AB785B0890FBF3F202FB13021344CF
:1070B80063700023A370EB78C82B28BFC823142B58
:1070C80038BF14232371E370A8E700BF011900201B
:1070D80088190020FCCA0008D01800200FB42DE938
:1070E800F04F8DB016AB53F8046B00249846DFF8C8
:1070F80020A40B93307878B96FF00102A2424FF0C8
:10710800FF3328BF22460AA9FEF7E0F820460DB053
:10711800BDE8F04F04B07047252806F1010608D0F5
:1071280022464FF0FF33651C0AA9FEF7CFF82C461C
:10713800E0E7002206E02D2B14D0302B0CD142F0D2
:1071480001020E46314611F8013B2B2B0DD0F2D827
:10715800202B0DD0232B0ED0A3F13000092826D8E0
:10716800002510E042F00202EBE742F00402E8E7F3
:1071780042F00802E5E742F01002E2E70A200E4674
:1071880000FB0535303D314611F8013BA3F13000D5
:107198000928F3D933782E2B43D17178731CA1F1C8
:1071A8003000092842F4806233D8002711E02A2BE6
:1071B80008D158F8045B0E46002DBCBF42F002020D
:1071C8006D42E7E70025E5E70A2303FB07170346B7
:1071D800303F184610F8011BA1F13006092EF3D9EB
:1071E8001E4616F8011B6C2923D01DD8682927D004
:1071F8006A292ED01E4616F8010B782890D86128E7
:107208002AD825288CD058288AD142F0200210216B
:1072180068E02A2906D158F8047BB31C27EAE777E7
:10722800DEE733460027DBE77A29E3D142F48072B0
:10723800E1E759786C29F9D142F440729E1CDAE7EB
:107248005978682902D042F08002D4E742F0C0029F
:10725800F4E742F40072CEE7A0F16203162B3FF682
:107268005FAF01A151F823F0CD72000891730008B7
:10727800CD720008297100082971000829710008D9
:1072880029710008CD7200082971000829710008C9
:10729800297100082971000829710008CD720008B9
:1072A800E97400082971000829710008137400089E
:1072B80029710008CD720008297100082971000899
:1072C800CD7200087828A2D06F2800F01C816228AF
:1072D80000F01B8169284FF00A0122F0100203D048
:1072E800642801D022F00C02530548BF22F00102A5
:1072F800692802F4007301D0642825D1002B7FF49B
:10730800F9AED30508F1040913D5D8F80030CDE952
:107318000117CDE90352002B4FEAD3720092B8BF90
:107328005B42224650460AA9FCF736FEC846044688
:10733800E0E612F0400FD8F8003001D0DBB2E6E703
:10734800100648BF1BB2E2E7002B7FF4D3AED0058E
:1073580008F1040907D5CDE90352CDE901170093D7
:10736800D8F80030DDE712F0400FD8F8003007D029
:10737800DBB2CDE903520022CDE901170092D0E734
:10738800100648BF9BB2F4E712F0020728D04FF06E
:10739800010958F8040B4FF0FF3322460AA9C0B27E
:1073A80004F1010BFDF792FF6FB34C465A4622E0F9
:1073B8004FF0FF3320200AA9FDF788FF04EB0902EC
:1073C80009F101094D45F3D8002D05F1FF3308BF38
:1073D800002305F101091C4408BF4FF00209D8E752
:1073E800B946EBE7571C4FF0FF3320200AA9FDF7F9
:1073F8006DFF3A460134A542F4D8A5EB09034D4583
:1074080038BF00239B445C4674E6434653F8049B0C
:10741800002F069314BF3B464FF0FF33C8464B443A
:1074280098F8001009B1434511D112F48063A8EB14
:107438000908079302D0B84528BFB84612F00203DE
:1074480008931DD1A8EB0403224609930BE008F129
:107458000108E5E702F1010B4FF0FF3320200AA9EC
:10746800FDF734FF5A46099BD3189D42F2D8A5EB85
:107478000803454538BF002308F101081C44984417
:10748800A4EB090B06E01F464FF0FF3322460AA97A
:10749800FDF71CFF0BEB090419F8010B28B1079B3A
:1074A800002BF1D07B1E002FEDD1089BABB12246FB
:1074B800A8EB040708E002F101094FF0FF33202090
:1074C8000AA9FDF703FF4A46D319AB42F3D3A5EB4C
:1074D8000803454538BF00231C44DDF8188009E639
:1074E800082342F02102CDE90273049200231022FE
:1074F800CDE900325046224658F8043B0AA9FCF769
:107508004BFD0446F6E50821ECE60221EAE600BF59
:10751800D5520008F8B52E4A2E4B12781B782E4CFF
:1075280013432E4A127813432D4A23701278AAB1B6
:10753800134323702B4B1B78002B3FD02A4B93F916
:107548000030002BACBF06231E2300222749013B35
:10755800DBB2FF2B34D10AB1FDF70AFF244B1B68BD
:10756800002B34D01F4A127842B11F4A92F90020EA
:10757800002ABFBF22786270052222701D4D5B6809
:10758800154898472B78580721D5D90702D51A48A6
:10759800FFF7A4FD0026194F2B78DA0703D53846E4
:1075A800A15DFFF79BFD0136082EF5D12B78DB078F
:1075B8000DD5BDE8F8401248FFF790BD0623C4E793
:1075C80011F8010B0028C2D00132D2B2BFE7F8BDD2
:1075D800541B00208019002070140020521900202C
:1075E80074190020280F0020C218002072140020EF
:1075F8003C180020EC170020D8B50008EAB50008B0
:10760800DCC0000830B1044A137823EA0000107087
:10761800FFF780BF704700BF8019002028B1034BD7
:107628001A7810431870FFF775BF7047801900204B
:107638000F4A38B553780446C3F38001814215D008
:1076480060F382035370158811780420FEF7D0F890
:107658002220290AFEF7CCF8064B1B78DB0705D554
:107668002146BDE838400448FFF738BD38BD00BFA3
:10767800C2180020EC170020F0B5000810B4174B12
:1076880001461B78E3B1164B93F90030002B17DA4B
:10769800EF284FEAD0020BD800F007010120114B68
:1076A80088401344997821EA0001997010BC70470A
:1076B8000D4B1B78DB07F9D50C4810BCFFF70EBD46
:1076C800062300200A4A12F8014B013BA14208BFD9
:1076D80002F8010C13F0FF03F5D1E7E7280F0020AB
:1076E800C218002070140020EC17002005B600080E
:1076F8007214002010B41C4B01461B78DBB11B4BE5
:1077080093F90030002B16DAEF284FEAD0020AD896
:107718000121174B00F0070013449A788140114368
:10772800997010BC7047134B1B78DB07F9D51248CA
:1077380010BCFFF7D3BC4FF0FF3200230F4810F8FE
:10774800014BA142EDD0B2F1FF3F02D1002C08BF9E
:107758001A460133DCB2062C5BB2F0D1531CE0D0E0
:10776800034B1A449170DCE7280F0020C218002050
:1077780070140020EC17002023B6000872140020B3
:1077880010B5114C20786FF341002070C0B2FEF79D
:1077980077F80E4B1B78DB0702D50D48FFF79EFCE8
:1077A80000220C4B9A60202383F311880A4B9969B5
:1077B800CB6823F00103CB6082F311882078BDE801
:1077C8001040C008FDF704BFD6160020EC170020B3
:1077D80041B60008380F00209C13002008B5094B5B
:1077E800187840F002001870FEF74AF8064B1B782C
:1077F800DB0702D50548FFF771FCBDE80840FDF737
:10780800CBBE00BFD6160020EC1700205EB60008DD
:107818000022054B5A70054B1B78DB0702D504483C
:10782800FFF75CBC704700BF90190020EC170020E0
:107838007AB600082DE9F04F434C89B02678074600
:10784800F5078946904605932ED5404D7308ED5CA3
:10785800DFF814C106F0FE06022E8CF8005026D17F
:1078680007ABFDF70BFF2378DA0707D59DF81E2035
:107878009DF81C109DF81D00FFF7DEFA344B677069
:107888001D78059B84F8029084F8038005F00105B3
:10789800002B51D02068FEF775F82DB1E378A27857
:1078A80061782C48FFF71AFC09B0BDE8F08F022D6B
:1078B80002D194F80380E1E7062D01D16778DDE76E
:1078C800092DFBD0192DD9D14FF0100A0026193BEC
:1078D80003F00102039282F0010204921E4AC3F3EC
:1078E800460312F803B00BFB06F5039BC5F3071517
:1078F80003BB3D44164BEDB21B78DB0707D52A4680
:107908003146049B1548CDF800B0FFF7E7FB144A51
:1079180006EB46031344494642462846FDF7AEFEA9
:107928000AF1FF33013613F0FF0AF6B2DBD1FFF795
:1079380025F8A3E77D1BDDE7002DB5D043464A4671
:1079480039460848AEE700BF8819002050CA000829
:10795800EC170020BAB6000867C5000893B60008FF
:10796800D0180020DFB60008901900200548012330
:10797800C2788178113A22EAE2724078D2B2FFF7EF
:1079880059BF00BF8819002005480123C2788178B3
:107998001132FF2A28BFFF224078D2B2FFF74ABF30
:1079A80088190020054801238178C278113921EA15
:1079B800E1714078C9B2FFF73DBF00BF88190020C8
:1079C800054801238178C2781131FF2928BFFF219A
:1079D8004078C9B2FFF72EBF881900200449012357
:1079E8004878CA7808388978C0B2FFF723BF00BF43
:1079F80088190020044901234878CA780830897812
:107A0800C0B2FFF717BF00BF881900202D4B10B573
:107A18001B782D4C13F0080F39D02C48FFF75EFB6C
:107A280061782B48FFF75AFB2A48FFF757FB94F970
:107A380002102948FFF752FB2848FFF74FFB94F93B
:107A480003102548FFF74AFB2448FFF747FB94F942
:107A580004102148FFF742FB2048FFF73FFB94F949
:107A680005101D48FFF73AFB1D48FFF737FB1D4B74
:107A78001D481978FFF732FB1C48FFF72FFB1C4BFA
:107A880019481978FFF72AFB1A48FFF727FBFDF773
:107A98003DFCE378A27880B2134318BF164B2279D5
:107AA80018BF1880637913431CBF144B1880144BFC
:107AB8001B6833B102229B6822700348BDE810405E
:107AC800184710BDEC1700206919002006B70008F8
:107AD80029B700082EB7000830B7000863BC0008B3
:107AE80033B700087119002036B7000839B7000805
:107AF8006F19002027BD0008C8180020CA180020E8
:107B08003C180020842808B50FD1FDF7ADFC4307C9
:107B18003AD54720FFF7EEFDFFF7FCFC4720FFF7BB
:107B2800ADFDBDE80840FFF7F5BC021FD2B2A02AA0
:107B3800F5D900F12002D2B2072A09D800F00703CC
:107B48000120124A9840137823EA00031370E8E7EB
:107B580000F15B02D2B2022A04D8BDE80840002036
:107B6800FDF772BC00F15802D2B2162A04D8BDE85B
:107B780008400020FDF758BCEF2805D9FDF7C6FFDF
:107B8800BDE80840FFF742BF08BD00BF80190020CC
:107B980008B510B382280FD1FDF766FC82071CD503
:107BA8003920FFF7A7FDFFF7B5FC3920FFF766FD81
:107BB800BDE80840FFF7AEBC83280AD1FDF754FCA6
:107BC800C3070AD55320FFF795FDFFF7A3FC532001
:107BD800ECE7BDE80840FFF795BF08BD10B50024E5
:107BE8000020FDF731FC0020FDF71EFC094B1C703E
:107BF800094B1C70FFF78EFC084B1C609C80084BDF
:107C08001C70084B1C70084B1C70BDE81040FFF737
:107C1800FDBE00BF541B0020521900206919002026
:107C280071190020721900206F190020064A136884
:107C380003F0060106290CBF43F0080323F00803EC
:107C48001360FFF7CBBF00BFCC1800200123044A04
:107C580003FA00F0136823EA00031360FFF7BEBFBE
:107C6800CC18002010B50B4C94F9002022EA000033
:107C780040B24107207002D1D2B2824203D1064BF2
:107C88005B785B0705D5C0F3C700FFF7DFFF00236C
:107C9800237010BD73190020C21800200123034A65
:107CA8008340106803431360FFF798BFCC18002087
:107CB800002208B5044B05481A70FEF711FCBDE810
:107CC8000840FFF78BBF00BF801900207014002008
:107CD80010B5014604460648FFF700FA0120054B97
:107CE800A0401860FFF77AFFBDE81040FFF7E0BF3B
:107CF8003BB70008F017002008B50548FFF7EEF974
:107D0800BDE80840012205210248FFF7E7B900BF96
:107D180040B700083BB800080138052841D8DFE81B
:107D280000F0030E18222C361E4A1F4813788B4287
:107D380092BF0021591AC9B21170FFF7CFB91B4A77
:107D48001B4813788B4292BF0021591AC9B211708F
:107D5800F3E7184A184813788B4292BF0021591A42
:107D6800C9B21170E9E7154A154813788B4292BFDA
:107D78000021591AC9B21170DFE7124A1248137864
:107D88008B4292BF0021591AC9B21170D5E70F4A28
:107D98000F4813788B4292BF0021591AC9B211704B
:107DA800CBE77047300F002089B80008310F00205A
:107DB80098B80008320F0020AAB80008330F002036
:107DC800BDB80008340F0020D2B80008350F0020D5
:107DD800EBB800080138052841D8DFE800F0030EA9
:107DE80018222C361E4A1F4813781944FE29CCBF86
:107DF800FF21C9B21170FFF771B91B4A1B481378EC
:107E08001944FE29CCBFFF21C9B21170F3E7184A03
:107E1800184813781944FE29CCBFFF21C9B2117044
:107E2800E9E7154A154813781944FE29CCBFFF2104
:107E3800C9B21170DFE7124A124813781944FE29B3
:107E4800CCBFFF21C9B21170D5E70F4A0F4813788C
:107E58001944FE29CCBFFF21C9B21170CBE7704786
:107E6800300F002089B80008310F002098B80008AA
:107E7800320F0020AAB80008330F0020BDB8000850
:107E8800340F0020D2B80008350F0020EBB80008E6
:107E9800431F10B53E2B00F24682DFE813F0450180
:107EA80036015001460044024402340144024402AF
:107EB8007901440288012B0244024402440244022C
:107EC8000B024402440297014402650144023F0048
:107ED800420242024202420242024202420242027A
:107EE80042023B02440245012E014402440244027C
:107EF80044024402440244024402440244023B0253
:107F080044024402340144023F023F023F023F025E
:107F18003F023F023F023F023F023B02B448FFF7E5
:107F2800DDF8FDF7A1FA0120FDE0B248FFF7D6F829
:107F3800B148FFF7D3F8B14BB1481978FFF7CEF83D
:107F4800B048FFF7CBF8B04BB0481C78FFF7C6F83D
:107F5800E4B22146AE48FFF7C1F8AA48FFF7BEF8D9
:107F6800AC48FFF7BBF804F00101A548FFF7B6F8E5
:107F7800A448FFF7B3F8A848FFF7B0F8C4F34001E6
:107F88009F48FFF7ABF89F48FFF7A8F8A348FFF70B
:107F9800A5F8C4F380019A48FFF7A0F89948FFF7BD
:107FA8009DF89F48FFF79AF8C4F3C0019448FFF77B
:107FB80095F89448FFF792F89A4B9B481C783C3305
:107FC8001B7844EA0324FFF789F821469048FFF715
:107FD80085F88C48FFF782F89448FFF77FF804F09B
:107FE80001018748FFF77AF88648FFF777F8904845
:107FF800FFF774F8C4F340018148FFF76FF8814830
:10800800FFF76CF88B48FFF769F8C4F300217C4848
:10801800FFF764F87B48FFF761F88748FFF75EF8D9
:10802800C4F340217648FFF759F87648FFF756F829
:108038008248FFF753F8C4F380017148FFF74EF800
:108048007048FFF74BF87E48FFF748F8C4F3C001C3
:108058006B48FFF743F86B48FFF740F87948FFF79C
:108068003DF8C4F300116648FFF738F86548FFF794
:1080780035F87548FFF732F8C4F340116048FFF748
:108088002DF86048FFF72AF87048FFF727F8C4F37F
:1080980080115B48FFF722F85A48FFF71FF86C4831
:1080A800FFF71CF8C4F3C0115548FFF717F85548F7
:1080B800FFF714F8674B68481C78FFF70FF8E4B22D
:1080C80021465348FFF70AF84E48FFF707F851488A
:1080D800FFF704F804F001014948FEF7FFFF49489B
:1080E800FEF7FCFF5D48FEF7F9FF4548E108FEF79B
:1080F800F5FF4448FEF7F2FF15E75948FEF7EEFF93
:10810800FDF786FC0FE75748F4E7574A57481378B6
:1081180023F00F031370FEF7E1FF5548FEF7DEFF6B
:108128000120544B187010BD5348FEF7D7FFFFF7D6
:10813800BFFD46F2A810FEF75DFBFDF7CFF84A4CED
:108148002378C3F3000282F0010262F30003237074
:10815800DB0701D54948CDE74948FEF7BFFF23783B
:1081680023F00E032370DEE63F4C2378C3F340026E
:1081780082F0010262F341039807237006D5414853
:10818800FEF7ACFF237843F00103EBE73E48B1E785
:10819800354C2378C3F3800282F0010262F3820334
:1081A8005907237001D53948EAE73948A2E72E4C28
:1081B8002378C3F3C00282F0010262F3C3031A07F3
:1081C800237001D53348DBE7334893E73348FEF79C
:1081D80085FF3348FEF782FF3248FEF77FFF3248BB
:1081E800FEF77CFF3148FEF779FF314882E700BF90
:1081F8000EBC000806B9000811B9000806F8010805
:1082080036B70008DCC0000804F8010821B90008E6
:1082180029B7000834B900083EB9000848B9000871
:1082280054B9000808F801085DB9000871B90008D8
:108238008AB90008A1B90008B3B90008C5B900088F
:10824800D7B90008E9B90008F3B9000805BA000869
:1082580021BA00080CF8010829BA000840BA000839
:1082680049BA00085ABA0008EC1700201EBC0008DA
:1082780045BC0008E817002049BC000865BC000898
:1082880071BC00087EBC00088BBC000899BC0008C3
:10829800A8BC0008B8BC0008C4BC0008D1BC0008D1
:1082A800E0BC000813BD00082ABD000864BD000832
:1082B800A9BD00081E48FEF711FFFDF7D5F80146D5
:1082C8001C48FEF70BFF1C4B1C481978FEF706FFED
:1082D8001B4B1C481978FEF701FF1B4B1B481978EC
:1082E800C909FEF7FBFEFDF711F801461848FEF72D
:1082F800F5FE18E6FFF7DCFC13490B78C3F3C01250
:1083080082F0010262F3C7130B701B064CBF1148C1
:108318001148EFE60020FFF7DBFC04E63938C0B26D
:10832800F9E71D38FBE70D48FEF7D8FE0020FAE60E
:10833800B5BD0008C3BD0008280F0020DDBD00083A
:1083480088180020F4BD0008C218002007BE0008E5
:108358001FBE000836BE000840BE00084BBE00081D
:108368008428F8B5044614D1FDF77EF8430700F1D8
:10837800A0804720FFF7BEF9FFF7CCF842F2107053
:10838800FEF738FA4720FFF779F9BDE8F840FFF71C
:10839800C1B8031FDBB2A02B00F22081A64E3578AE
:1083A8003746012D10D0022D35D0002D40F0EE803B
:1083B800A24B1B78222B40F0EB802046FFF768FD8C
:1083C8000546002D75D1E3E09C4B1B78222BF4D099
:1083D800142815D008D80B280AD0102813D098488C
:1083E800FEF77CFE0025ECE7292809D03828F6D1CD
:1083F8009448FEF773FE9448FEF770FE0125E0E707
:1084080000253D70DDE7FFF777FC9048FEF766FE34
:1084180002233370D5E7292841D018D8132849D02A
:1084280009D8072800F09C800B282DD08448BDE887
:10843800F840FEF753BE142831D0A0F11E04E4B270
:10844800052CF3D8824B1A5D824B1A701EE038282F
:108458001AD0A0F14B04E3B2072BE7D8072CE5D8D4
:1084680001A353F824F000BF618500083584000893
:1084780035840008658500083584000835840008BF
:108488005585000849850008FFF736FC714B1978B7
:10849800002979D0BDE8F8406F48FEF71FBE6D4B44
:1084A8001A780AB10022D0E76748FEF717FE0123C1
:1084B8003B70F8BD6948FEF711FE6948FEF70EFEED
:1084C800684B69481978FEF709FE6848FEF706FE0A
:1084D8006748FEF703FE674B63481978FEF7FEFD11
:1084E8006248FEF7FBFD6448FEF7F8FD634B5E4803
:1084F8001978FEF7F3FD5D48FEF7F0FD6048FEF7DA
:10850800EDFD604B58481978FEF7E8FD5748FEF72F
:10851800E5FD5D48FEF7E2FD5C4B53481978FEF730
:10852800DDFD5248FEF7DAFD5948FEF7D7FD594BF5
:108538004D481978FEF7D2FD4C48FEF7CFFDA5E768
:108548000121444B1878FFF745FC9FE70121414B77
:108558001878FFF7E1FB99E70A21F2E70A21F6E725
:108568001E22404B4C481A703222424B1A700A2283
:10857800424B1A701422434B1A700822434B1A704C
:108588002822444B1A70D8E7444850E70023337038
:10859800434B1B784BB90023424A12F8011B8C420B
:1085A80016D00133062BF8D10EE03F4B93F900307B
:1085B800002BF0DA3D4B04F0070103EBD4039A7863
:1085C80001238B401A4203D12046FFF793F8DCE6DB
:1085D8002046FFF753F8FEF79DFFF5E700F120036B
:1085E800DBB2072B08D80124144B00F007001A78D7
:1085F800844014431C70C8E600F15B03DBB2022B15
:1086080005D8BDE8F840243880B2FCF71DBF00F15A
:108618005803DBB2162B06D8254A32F81300BDE8FA
:10862800F840FCF701BFEF287FF643AFFDF752FB98
:10863800BDE8F840FFF7EAB9E817002080190020E4
:108648004BBE00081EBC000845BC00084DBE000813
:108658004AC4000870190020DCBE000851BE00089A
:108668005FBE0008300F002036B70008DCC00008E5
:1086780071BE0008310F002083BE0008320F0020B1
:1086880092BE0008330F0020A3BE0008340F00205C
:10869800B8BE0008350F0020CFBE0008E2BE0008B3
:1086A800280F002072140020C21800207014002027
:1086B80018C4000808B550B3822813D1FCF7D4FEBB
:1086C800820724D43920FFF715F8FEF723FF42F27A
:1086D8001070FEF78FF83920FEF7D0FFBDE808408C
:1086E800FEF718BF83280ED1FCF7BEFEC3070ED4D1
:1086F8005320FEF7FFFFFEF70DFF42F21070FEF762
:1087080079F85320E8E7BDE80840FFF729BE08BD1F
:1087180038B5392805460CBF50240024FFF7CAFF96
:1087280024B92846BDE83840FFF732BA6420013C36
:10873800FEF760F8A4B2F3E72DE9F0411646827817
:108748001F460C46234B6AB11970FCF7DFFD224B1C
:1087580004F0070418800120A040C0B2BDE8F04131
:10876800FEF75CBF1D788D422DD11B4BB3F80080FE
:10877800FCF7CCFDA0EB080080B2C72823D806F18F
:108788002004B542E4B210D005F00700012505FA2F
:1087980000F0C0B2FEF736FF072C06D806F0070037
:1087A80005FA00F0C0B2FEF739FF3846FFF7B0FF10
:1087B800072C0DD8012006F00706B040C0B2BDE86E
:1087C800F041FEF71FBF012004F00704A040F5E7C1
:1087D800BDE8F081931900209419002070B5234C4E
:1087E8002378DA0740D528BB012262F34703204EDD
:1087F8002370357805F0010519B32068FDF7C2F834
:1088080025B121781B484908FEF768FC21780B221E
:1088180019484908FAF7EAFF184DC0B1FEF7F8FF02
:108828000123E278EB70A17860780023BDE87040FE
:10883800FFF700B82A2801D92A22D6E760F34703B0
:10884800D5E7002DE2D021780D484908DCE7012260
:108858000C4B5A70FCF75AFD33782880DB07DFD5BC
:108868000948FEF73BFCDBE770BD00BF8819002014
:10887800EC170020E5BE00086C0F0020D016002081
:1088880001BF0008901900201FBF0008054B0121F7
:108898001878C0F34600013810F0FF0008BF2A20FE
:1088A800FFF79CBF881900200121044B1878400865
:1088B80001302B2828BF0846FFF790BF88190020F1
:1088C800074B1B78DA0708D5B0EB530F4FEA530272
:1088D80003D8914201D9FFF7E7BF0121FFF77EBF17
:1088E800881900202DE9F04F0388818885B0044657
:1088F800ADF80C30002900F04D864FF6FF73BDF837
:108908000C209A4200F0468601220068FDF74AFCD6
:10891800A1780346002900F0B385A0F5BE42123ABB
:1089280092B20F2A00F28385B44A12780ABB40F249
:108938000726A0F11203DBB253BBDFF8F8A20393BA
:108948003046731CFCF7E8FA00228DF80C008DF80D
:108958000D2070B1421E022A25D801228DF80D0083
:1089680018468DF80C20FCF7D7FA02368DF80E0061
:10897800D0B9A34B1B785E0700F00C86A378002BB8
:1089880000F00886022005B0BDE8F04FFFF76AB98D
:10899800B6F5806FEDD03046FCF7BEFA08B9013B5A
:1089A800DBB20136C8E71E4603AD2B78002BC7D0D3
:1089B800012B2FD16B78A878012B03D10235FFF753
:1089C800A7FE04E0022B04D10235FFF773FE013540
:1089D800EBE7032B03D10235FFF7DAF8F7E7042BAF
:1089E80001D00135F3E700274FF00A0E854A02351A
:1089F800835C69785B0705F1010C05D4013FE6D378
:108A08006420FDF7F7FEF9E730380EFB07076546E7
:108A18000846EDE77C4A7D4912F803B0DA0811F8F8
:108A280002807B491AF8027003F0070311F80290DC
:108A38001F4148FA03F817F0010749FA03F308F051
:108A4800010803F0010902D0E120FFF789FCB8F121
:108A5800000F02D0E620FFF783FC5846FFF758FEC8
:108A6800B8F1000F02D0E620FFF74CF817B1E1206B
:108A7800FFF748F8B9F1000FA9D02C209FE7012093
:108A8800FFF70CF9FFF7D2F873E70120FFF7DEF8DC
:108A9800F8E70220F4E70220F8E70620FCF7CAFD11
:108AA8005C4B1878FCF7ECFE63E70020F6E7594DBD
:108AB800287810F0F80F0BD0083810F0F80F14BF12
:108AC8000123002363F300002870C0B2FCF7D8FE2E
:108AD800514B1B78D90740F13D8529784F48C90883
:108AE800FEF7FCFA00F036BD4A4D2B782F2B4FEAE3
:108AF800D3029EBF013262F3C7032B70287840F07F
:108B080001002870FCF7BCFE434B1B78DA0740F1E4
:108B1800218529784248C908E2E73F4F3D4D3B7817
:108B28002E78DB0706F0010640F1FA8431463D480D
:108B3800FEF7D4FA002E00F0F6842B78D8077FF5DC
:108B480018AF28786FF300002870C0B2FCF798FEC1
:108B58003B78D90702D53448FEF7C0FAFCF7C8F9C4
:108B680007E72C4D2B78C3F3C402013202F01F0231
:108B7800062A94BF62F3C7036FF3C7032B702878E4
:108B880010F0F80F14BF0123002363F300002870CE
:108B9800C0B2FCF775FE204B1B78DE0740F1DA8483
:108BA80029782248C9089BE71B4B1A4E1B78357851
:108BB80013F0010F3746C5F3400500F0D18429466C
:108BC8001B48FEF78BFA002D00F0CD843378980708
:108BD8007FF5CFAEFEF7D4FDCBE6A3F5B943743BE2
:108BE800022B2DD8DFE803F030343800E1222623A9
:108BF80011462046FFF7A0FDBBE600BFFEFF0108B7
:108C08007319002065B40008D2C60008C2C600085F
:108C1800C2C60008D6160020EC17002038BF00088E
:108C280050BF000868BF00087EBF0008A3BF000847
:108C3800B7BF000852C700082723E522E521D8E777
:108C48002623E122E021D4E72723E522E421D0E707
:108C58002623E122E221CCE72723E522E621C8E703
:108C680028230122EAE7A3F5B9427A3A92B2082A00
:108C780040F2378445F61642934240F0C480754B63
:108C88001B7803F0AA03002B14BF01220022724BA9
:108C980014BF352029201A70FEF72CFDFEF73AFC88
:108CA80067E6A3F5B843033B122B1CD8DFE803F0B3
:108CB800212529363A3E424854585C606C707478D5
:108CC8007E9A8600A3F5B9437A3B9AB2082A00F245
:108CD8001A84082B00F21784DFE803F0171C4E52A1
:108CE800386C7B8E93002B7843F001032B7000F0D7
:108CF8000ABC2B7843F00203F8E72B7843F004030F
:108D0800F4E72B7843F00803F0E76B7843F00103AE
:108D18006B70F8E36B7843F00203F9E72B7843F0C4
:108D28001003E3E72B7843F02003DFE72B7843F0C9
:108D38004003DBE7FEF7BCFF2B7843F08003D5E761
:108D48002B7823F00C0343F00C03CFE76B7823F068
:108D5800030343F00303DBE72B786FF30003C5E756
:108D68002B786FF34103C1E72B786FF38203BDE7DC
:108D78002B786FF3C303B9E76B786FF30003C7E78A
:108D88006B786FF34103C3E72B786FF30413ADE7F8
:108D98002B786FF34513A9E72B786FF38613A5E7B4
:108DA800FEF786FF2B786FF3C7139FE72B7823F026
:108DB8000C039BE76B7823F00303A9E72B78C3F335
:108DC800800282F00102D2B262F3820362F3C3032B
:108DD8008CE76B78DA4302F0010262F3000362F376
:108DE800410395E7FEF764FF2B78C3F3C01282F0C6
:108DF800010262F3C71379E701210E20FCF7F8FCA2
:108E080081E30021F9E7134A107845F6D5429342E9
:108E180000F0220022D845F6C14293422AD9A3F590
:108E2800B943433B122B7ED8DFE813F0B400B900F6
:108E3800BC00BF00C200C500C800CB00CE00D100F6
:108E4800D400D700DC00DF00E200E500E800EB001A
:108E5800EE0000BF801900207218002045F65D5210
:108E6800934200F0D48045F65A52934200F00181B3
:108E780000F2D08045F60142934200F0E78045F6C3
:108E8800DE42934200F0F280B3F5B84F00F0D6808E
:108E98002288A378ADF80C200398002B00F0ED8011
:108EA800FDF710F9054601460398FCF789FA2846AC
:108EB8000399FCF7D5FFAE4F94F806903E78054627
:108EC80016F00706A1784FEA191918D00E46B1B165
:108ED800C5F3072303F0F003402B05D005F1200369
:108EE800DBB2072B40F2CD8002200191FEF7BAFEDB
:108EF8003B78019913F0070F0CBF01260026C5F334
:108F08000338B8F10B0F00F2F480DFE818F0BC006A
:108F1800BC00170117019601AE01F200F200B8017A
:108F2800180229022902934E934D327812F0010F4C
:108F380006D029789148C94301F00101FEF7CEF81F
:108F48002B783678DA0706F0010615D56FF300039B
:108F58002B702868FCF716FD2EB12978884801F097
:108F68000101FEF7BBF8FEF753FC41F28830FDF72C
:108F780041FCFDF703FDFCE443F001032B701EB137
:108F880001218048FEF7AAF801212878C840FFF798
:108F980025FCEEE47C4A7D49FCF75CFBE9E47B4A6E
:108FA8007949F9E77A4A7B49F6E77A4A7849F3E753
:108FB800794A7A49F0E7794A7749EDE7784A794971
:108FC800EAE7784A7649E7E7774A7849E4E7774A6B
:108FD8007549E1E701210846D9E705210220FFF795
:108FE8006FFCC6E408210620F9E70E210920F6E700
:108FF80014210F20F3E717211520F0E7012118208D
:10900800C5E722211920EAE701212320BFE72A2109
:109018002520E4E745F65B5293422CD045F65C5296
:1090280093427FF435AF624B5878C0F3800080F0EC
:10903800010000F00100FEF7FBFA29E7FEF738FE11
:1090480046F2A810FDF7D6FBFCF748F949490B781A
:10905800C3F3000282F0010262F30003DF074CBF92
:10906800544855480B70FEF739F882E4FCF7D0FCF9
:109078007FE40120DFE70020DDE7FCF781F9054602
:1090880015E700263BE7C5F30723C5F3032913F0CB
:10909800F00F18BF4FEA0919EDB2A9B1B9F1000FE5
:1090A8000CD005F12003DBB2072B00D955B9434A90
:1090B800137849EA03031370FEF72CFA2846FFF7E2
:1090C800F9FA16E03E4AF3E72846FEF761FDB9F1E2
:1090D800000F0ED06FEA090305F12002D2B2072A69
:1090E8005BB200D945BB354A11780B401370FEF7C7
:1090F80011FAA8F10808B8F1030F01D8FCF7B4F980
:1091080096B197F9000010F001030DD1A370C0F3D8
:10911800C700FEF7C3FD2046FFF7E4FB97F9000000
:10912800C0F3C700FEF792FD00222068A18805B0B1
:10913800BDE8F04FFDF736B8214AD5E7C5F3072358
:1091480003F0F003C5F30320202BEDB218BF000194
:10915800002D37D0012D57D0002960D0B9F1000F6C
:1091680037D0A379D907A9D56FF30713A37130E0D6
:1091780073190020EC17002088190020D7BF0008B9
:109188000EC0000846C0000895880008B18800088D
:10919800E5790008FD790008AD790008C97900086B
:1091A8007579000891790008B9590008A159000893
:1091B800C21800207DC000088EC000088019002059
:1091C800541B002099B1AA4B1A781043B9F1000F2B
:1091D80002D1FEF723FA8CE7B9F1010FF9D1A549BD
:1091E80049784D0785D4824283D0187081E7B9F158
:1091F800000F04D1FCF7BCF8FEF704FA79E7B9F1DF
:10920800010F3FF476AFF5E721B1B9F1050F3FF64D
:1092180070AFDEE7B9F1040F3FF66BAFECE7B9F1D9
:10922800000FE9D0392D0CBF4FF4FA500120FDF79B
:10923800E1FA2846FEF7ACFC5BE715F4406FC5F38E
:10924800812308D0012B7FF454AF61B1C5F3090025
:10925800FCF7EAF84DE721B1C5F30900FCF7F4F88B
:1092680047E70846FAE70846F2E7E8B221B1FCF713
:1092780031FDFEF7CBFB3CE7FCF748FCF9E715F4BA
:10928800407F29D100297FF434AFC5F34212920000
:10929800D0B205F00F0202FA00F3EA0644BF0F222B
:1092A8008240C5F3812054BF0A46D243022872493E
:1092B8000ED003280AD0012806D013430A681340A9
:1092C8000B60FEF78BFC14E7086803431343F7E7CA
:1092D80013430A685340F3E7C5F3012211B302F0C0
:1092E8000103002B3FF405AFC5F342118900CAB250
:1092F80015F0100118BF0F21C5F3812018BF914048
:1093080005F00F0318BFC94302285C4D03FA02F3A6
:109318000FD0032811D0012806D02A680B43134028
:109328002B60CEE75308DCE72A681A430A432A6011
:10933800C7E72A680B435340F2E70B43F0E75FFAAD
:1093480085F9C5F3032521B12846FEF7A7FC484651
:109358003FE74846FEF756F92846FEF777FCC8E689
:109368005FFA85FAAAF1F003042B47D8DFE803F087
:1093780003141B202B0061B1B9F1040F3FF6B9AEFD
:10938800C5F3042001253D4B85401A6855401D60F2
:1093980097E7B9F1050FF1E7C5F304200029DCD000
:1093A800FEF77CFCA5E6C5F304200029F8D0D4E735
:1093B800324A31B10123C5F3042503FA05F51560D6
:1093C8007FE711607DE771B1C5F304252846FEF7F4
:1093D80065FC284B28465B785B075EBFEB0043F0D3
:1093E80003033B70DCE70120FEF73CFCB9F1010FF9
:1093F8007FF67FAE0220FEF735FC7AE639B1B9F187
:10940800000F01D050465AE6C5F30420C8E7B9F169
:10941800000F09D0BAF1390F0CBF4FF4FA500120F0
:10942800FDF7E8F9504605E7C5F3042095E745F64A
:10943800107290423FF423AB45F6117290423FF40C
:1094480028ABA3F5B9423B3A062A23D801A050F825
:1094580022F000BFA38A0008B38A0008B78A000870
:10946800F18A0008238B00086B8B0008B18B000879
:1094780074190020C2180020F0170020CC18002012
:1094880045F6107290423FF400AB45F611729042D7
:109498003FF401AB45F6F642934213D845F6F24243
:1094A80093423FF69AAB45F6D84293423FF4C4AB99
:1094B80045F6D94293423FF4D3AB45F6D74293429F
:1094C8003FF494AB002956D00021344A117045F678
:1094D800154293423FF6C7AB45F6014293427FF6E9
:1094E80092AC2F4A2F49127809782F4D42EA01226F
:1094F8002A8045F6154293423FF6E4AB45F6014211
:1095080093423FF6CEAB2E8829780420FCF770F9F9
:10951800310A2220FCF76CF9FEF7CAFBFFF729BADB
:10952800002E7FF40EAB2B78DA073FF522AA43F022
:109538000103012B04BF1A4663F3C7022B7008BF4F
:109548002A702878FCF79CF93B78DF0702D5174882
:10955800FDF7C4FD2878C008FCF73AF8FFF709BA08
:10956800002D7FF437AB3B7899073FF502AAFEF749
:1095780035F9FFF7FEB945F6164293427FF488ACF9
:109588000B4B1B78002B14BF35202920FEF776F8EB
:10959800FFF784BB05B0BDE8F08F00BF931900202A
:1095A80008F8010844F80108C218002091BF000813
:1095B80072180020214BF7B59A7912F0F00F0AD1F2
:1095C8009A7842B14FF6FF771D4A1E4E12781E4D0B
:1095D8003178914201D103B0F0BD19889888ADF86F
:1095E800041038B389B2B94224D005EBC20493F809
:1095F80001C061788C451DD193F800C015F8321070
:109608008C4517D1A178A9B9A188091A89B2C729A7
:1096180010D801229979094862F307119971A37941
:1096280062F30713A371FFF75DF903B0BDE8F040DB
:10963800FBF7EABE013202F00702C9E7D41900209D
:10964800531B0020521B0020121B00202DE9FF474E
:109658000446B34F0068BB88009038883D4622789E
:10966800617894F80280B4F804A0ADF80800002BE3
:1096780000F0C0804FF6FF7C80B2604500F0BA80F1
:10968800BE78002E00F0B680AAEB0303B8799BB22F
:10969800C72B00F0F00900F28D803B88ADF8083048
:1096A800B9F1000F49D16345C14619D08DF80020A2
:1096B8008DF80110BDF800C09C4511D1B8F1000F1C
:1096C80040F0F580012363F30710B8713846FFF7BF
:1096D80009F9BB79A3710026304604B0BDE8F087CC
:1096E800BAF1000F40F0E780B8F1000FF3D0AB7982
:1096F80043F00103AB71EEE700EBC30595F801C039
:109708008C4506D110F833C0944502D1AD78002DB0
:10971800E1D1013303F00703E1E010F4706F02D0E8
:10972800002B00F0FB802033DBB2072B40F2F680E1
:109738002046FFF7D7F8B146F0E0634513D08DF81F
:1097480000208DF80110BDF800C09C450BD1B8F180
:10975800000F08D1A0712046FFF7C4F823683B60CA
:1097680063687B60B8E78DF800208DF801100098D9
:10977800FCF7D4FCD0B1B8F1000F17D0AB791F2B90
:109788000CD92A8802A8ADF808200022ADF80CA050
:109798008DF80A208DF80E30FFF7A4F823682B60A7
:1097A80063686B60FFF706FF012695E72046FFF721
:1097B80099F8F9E7B9F1000F07D13846FFF792F8A1
:1097C800C7F80090C7F80490A8E08DF800208DF83D
:1097D80001103B88BDF800C09C45C4D1B8F1000F0A
:1097E800C1D1A0712046FFF77DF8C7F80080C7F8FF
:1097F800048071E72888ADF80800002B40D086B2B5
:109808004FF6FF7086423BD0AE78002E38D1AAEBD7
:1098180003039BB2C72B30D84646002EC6D08DF81E
:1098280000208DF801102B88BDF800209A4217D12E
:10983800AB79DA070FD413F0F0020CD0F02AA37139
:1098480006D0DBB2C3F30312013262F30713A3712C
:109858002046FFF747F823682B6063686B603BE797
:109868000098FCF75BFC002898D1AB79204643F0C0
:109878000103AB71FFF736F82EE72E606E602BE719
:10988800B8F1000F92D08DF800208DF801100098E3
:10989800FCF744FC0646002888D023682B606368E0
:1098A80028886B60FCF72EFCFFF784FE14E7BAF1FA
:1098B800000F3FF41CAF4FF6FF738DF808208DF8AA
:1098C8000910BDF8080098423FF40EAFB8F1000F38
:1098D8007FF40DAF1348144B07781B781348BB422D
:1098E8007FF40AAF8DF800208DF801100098FCF77E
:1098F80009FCC0F30332012AC3B27FF60EAF0E3261
:1099080002F00F02012A3FF613AF10F4706F3FF414
:109918000AAFA27912F0F00F7FF405AF4E46DBE6EE
:10992800D4190020521B0020531B0020121B0020BA
:10993800F0B587B06F4687E803003846FFF786FE24
:10994800214E0446214D28BB97E8030004AB83E869
:109958000300BDF80410BDF81020ADF80C20C9B103
:109968001FFA82FC4FF6FF7294453778287811D099
:109978007A1C02F0070282420ED0154CADF8141082
:1099880004EBC70C03CB327044F83700CCF8041052
:10999800FBF73AFD0E4C11E0FEF78AF90D4B3470D7
:1099A8002C701C605C60F5E704EBC000FFF74EFE0E
:1099B80040B12B78013303F007032B7028783378F4
:1099C8008342F1D107B0F0BD521B0020531B002089
:1099D800121B0020D4190020FEE70120704708B5AB
:1099E800F8F788FC012303604FF0FF3008BD012021
:1099F800704708B51346002158221846F8F780FC2E
:109A08004FF400524260002008BD000003462022A7
:109A180010B582F311880B4C2068626801449142AA
:109A28004FF0000206D982F311880C224FF0FF3064
:109A38001A6006E08842F6D8216082F3118800286F
:109A4800F3D010BDE017002000207047184670477B
:109A580000207047162303604FF0FF307047000066
:109A68002DE9F84FB04B5C6C660534D56FF4806215
:109A780000265A64022208274FF02009AB4D2A70AD
:109A8800EE67AE6005F10C0858F8043BABB189F3FA
:109A9800118858F8043C586920B16FF001010C3066
:109AA800FAF7C6FE58F8043C986920B16FF0010136
:109AB8000C30FAF7BDFE86F31188013F48F8046CB4
:109AC800E2D185F86470FAF72DFC6B681B6813B156
:109AD800394696489847250514D4E00448D4A20589
:109AE80008D592484368DB6803B198476FF4007261
:109AF8008D4B5A648D4D8E4E23044FD4BDE8F84FDC
:109B0800FAF71CBE884B894D1A6C42F008021A6499
:109B18006FF400625A642B7885F8803005232B7027
:109B28006B681B6813B1042128469847002608274C
:109B38004FF02008AE607F4D55F8043BABB188F379
:109B4800118855F8043C586920B16FF001010C30B8
:109B5800FAF76EFE55F8043C986920B16FF00101E0
:109B68000C30FAF765FE86F31188013FE4D1B4E7BB
:109B78006D4B9A6C11040CD41A6C6C4822F00802D4
:109B88001A6490F88030037043681B680BB1052194
:109B980098476FF48052644B5A64A0E704F00F04AE
:109BA800A70007F1804707F5B847D7F800A004F1E8
:109BB800020905EB89031AF0800FD3F8048025D039
:109BC8003B68D8F814003340426843F40043016905
:109BD8003B6003680A449B1A42602ED0B8F81020F4
:109BE8009A4228BF1A468368026119448160204658
:109BF800FAF7DAFB3B6823F4F04323F0400383F0E1
:109C0800300343F4004343F080033B601AF4004FF1
:109C180010D03B681AF4006F03EA060343F0800390
:109C28003B60E1B225D005EB8909D9F80430284614
:109C38005B6898473C4B5C6C5EE7012303FA04F2CF
:109C48002B8923EA02032B81D8F8083013B1214667
:109C580028469847202383F3118805EB89035B681E
:109C6800002158690C30FAF7E3FD002383F31188CB
:109C7800CCE7D8F818202C4BD2F808C01B6DE14669
:109C880003F1804303F5C04303EB04108368D0F865
:109C98000CE003F10053CEF30900CEF3480E03F5B0
:109CA80040534FEA8E0A0AEB430A5B00534509F119
:109CB800020941D16FF0010909FB0E09B9F1000F42
:109CC80002D01B680CF81E309368034493605368F5
:109CD8000344536013681B1A1360138A013B9BB239
:109CE8001382B8F81220824200D873BB012303FA0A
:109CF80004F26B89023423EA02036B8105EB8403C7
:109D08005B68DB680BB128469847202383F31188EA
:109D180005EB84046368986941680C30FAF788FD9C
:109D2800002383F3118885E7005C0040E8130020D6
:109D38000F07FFFFF413002053F804BB09F802BC17
:109D48004FEA1B2B09F801BCB0E73B6823F49043AA
:109D580023F0700383F4405343F4004343F080033B
:109D68003B6067E738B5174CA3691D69DA68154089
:109D7800EAB2D2431A61AB0704D563681B690BB119
:109D880020469847680704D563689B690BB10D485E
:109D98009847290704D563681B6A0BB10948984797
:109DA800EA0604D563689B6A0BB106489847EB0737
:109DB80004D563689B680BB102489847BDE83840F2
:109DC800FAF7BCBC9C130020FFF7CCBF2022F8B5E3
:109DD80082F31188124E336A01333362334653F8E3
:109DE800140F98421C4606D1002383F31188BDE85E
:109DF800F840FAF7A3BC15468368013B8360736992
:109E08009A68002AF0D11968DF68DA604C607161DD
:109E180082F311881869B84785F31188EFE700BF06
:109E2800DC16002008B50348FAF71AFBBDE808401D
:109E3800FAF784BCB0C6000808B50348FAF710FB67
:109E4800BDE80840FAF77ABCA0C6000808B5034880
:109E5800FAF706FBBDE80840FAF770BC90C60008A0
:109E680008B50348FAF7FCFABDE80840FAF766BCFB
:109E780080C6000808B50348FAF7F2FABDE80840BA
:109E8800FAF75CBC70C6000808B50348FAF7E8FAA8
:109E9800BDE80840FAF752BC60C6000808B5034898
:109EA800FAF7DEFABDE80840FAF748BC50C60008E1
:109EB800EFF30983203383F30988002383F31188A0
:109EC80070470000202383F31188034B1B695861F6
:109ED8000F20FCF71DBB00BFDC1600200D4B10B493
:109EE8001A68196910684360186001201A611074B3
:109EF800002218460A748A681B689C689442FBD83A
:109F08005A680B604A6011605960006910BCF8F724
:109F1800DBB900BFDC160020F0B508200026104988
:109F2800D1E901341D460A68043AAC4210D8E21C53
:109F3800D21ADD1E22F00302AC4238BF00221344BD
:109F4800CA689A4209D8013801F11001E8D1F0BD78
:109F580052F8047F45F8047BE7E743F8046BF0E721
:109F68007CCA0008FEE7704770470000C34C002019
:109F780023694FF0FF332DE980482361226920616E
:109F88002269E268E360E368E060E368E369BC4A89
:109F980043F08053E361E369E369BA4943F000633E
:109FA800E361E36913688FB043F48073136001229F
:109FB800B54BC3E900004D681031286043F8320002
:109FC8000132082AF7D14FF0FF3660224021AF4B0B
:109FD8004FF400755E60AE4BAE4F83F80623C3F8AE
:109FE80080111960802183F80723C3F88011196054
:109FF8004FF4807183F80823C3F88011196083F83F
:10A008000923C3F880511D604FF4806583F80A2343
:10A01800C3F880511D604FF4000583F81723C3F877
:10A0280080511D6083F82823C3F884115960A369FF
:10A03800994A43F07D03A361A369984BFE607B6056
:10A04800A3F56453303B3B6003F56053D66053601F
:10A058004FF0883305F17E551360914A05F5883530
:10A068009049EE606A60904A2B60D6605360116038
:10A07800C2F80C64C2F80434C2F8003404238B4AD2
:10A0880041F20A0C13748A4B01219361894B506089
:10A0980003F10C06C3E90366874EC3E90100C3E96F
:10A0A800076041F21806C3E90AC6844E586158622F
:10A0B800D060706000201970A8469346034611705E
:10A0C8003170019706F12C01013041F8043B072853
:10A0D8008B61F9D17A49B3604A687A4D42F00072CF
:10A0E8004A6044F24C21784A784F916240F2CF217D
:10A0F800774A516080219360106005F1140082F85E
:10A10800131DC5E905004FF0FF30C5E9113129637A
:10A1180005F1280129610121E8616E4802F54F62C5
:10A1280007606D4FC5E900554760AB6020202B6282
:10A138002B64298780F3118862B64FF6FF0CD76825
:10A1480007EA0C0C654F4CEA0707DFF8C0C1D76077
:10A15800DCF80C7047F08077CCF80C70DFF8B0C1F1
:10A16800DCF800700F43CCF800701027D77782F81E
:10A17800220083F3118862B680F31188584800F1F1
:10A188006C02C0F89C20574AC0E92B31C0E91B2358
:10A19800554AC0F89810C0F88C2002222969A0F806
:10A1A800A020C0F8A830C0F8A4308B680746002B60
:10A1B80000F0E6819030FAF7F7FA002787F3118864
:10A1C8004A4B4B4A39461A604A4B4B4A4B485A60ED
:10A1D80002F188325A601022F8F792F84FF0010E17
:10A1E800474BDFF830A103F108029A6503F11C021E
:10A1F800C3F8802003F13002C3F8A020414AD3F805
:10A20800D010C3F8D42003F1D802C3F8D82003F142
:10A21800E002C3E93822D3F8C420D3F8BC000432E2
:10A2280000FB021CC3E93EC2374AD3F8B8C0C3E9F1
:10A238004001DFF8E490D3F8CC00C3E93C11C3F83F
:10A24800102103F58C7103F1D402C3E9461183F898
:10A25800DCE083F8E8E0C3F8EC7083F820E1C3E9B8
:10A2680042778AF8007089F80070C3F81421C3F89F
:10A2780024C1C3E94A00D3F8C0104FE000100240DF
:10A288000070004050C60008FC1700200000024083
:10A2980000E100E000080140000C0140B884888813
:10A2A8008888388844888888001401409C130020D6
:10A2B800002C0140B813002000380040E8130020AB
:10A2C80000000140DC160020006C0040601B0020EC
:10A2D80010E000E0E0170020005000200003FA051D
:10A2E80028170020594D0008E1220008200F0020FF
:10A2F800314F000800200240230167456018002004
:10A30800780C002058CC0008EF4E0008F0ED00E073
:10A31800001000E07018002071180020C3E94EC03A
:10A32800043101FB0C0EC3E94CE19F492020C3E92D
:10A338005212C3E95077D3F8B01080F3118893F81C
:10A34800B400CDE903A901EB8000826293F8B5005F
:10A35800113041F8202093F8B60010B101EB8001CC
:10A368008A620221914A83F8DC10C3F85021002147
:10A3780081F311884FF0010E02F1AC00C3F8AC0173
:10A3880002F1C000C3F8D40102F1D400C3F8F4010B
:10A398008748D3F82472C3F8280202F5BE70C3F8C0
:10A3A8002C0202F5C270C3E98D00D3F81802D3F865
:10A3B80010C2043000FB0C79C3E993907D48D3F8B0
:10A3C8000C92C3F86402D3F81402C3E995C7D3F812
:10A3D80020C2C3E99177043002F5BC7702F5DE723A
:10A3E800C3E99B2200FB09C2C3F84012C3E99711D5
:10A3F800C3E99FCC83F830E283F83CE2C3F8687283
:10A4080083F874E2C3F87892C3E9A120664AC3E9E5
:10A41800A511C3E9A7272021C3E9A39CD3F80422E7
:10A4280081F3118893F8081202EB81018F6293F887
:10A438000912113142F8217093F80A1211B102EB96
:10A448008102976202275C4A4FF00009C3F8A422F0
:10A4580083F8307289F311884FF4805106225748E7
:10A46800F9F7CCFF4FF48053019A55485361FCF734
:10A47800C1F9202383F31188524BC6E9039973600D
:10A488003378C6E90599012BC6E90799C6E9099900
:10A4980001D1F9F765FF3770002787F31188022289
:10A4A8004FF480514548F9F7A9FF474B41F28830EE
:10A4B800DF60FCF79FF94548FCF710FE202383F383
:10A4C80011882A6A87F31188414B42481A60FBF7C2
:10A4D8005FFC4148FBF75CFC4048FBF759FC4048EF
:10A4E800FBF756FC3F48FBF753FC0C253E4F57F84B
:10A4F800040B013DFBF74CFC15F0FF05F7D13B4B76
:10A508003B4F1D803D805D807D809D80BD80DD80CE
:10A51800FD801D813D81FAF71BFF08B9FBF778FA2A
:10A52800344B354D1B78354A2B70354B1B781278D8
:10A5380043EA0223334A1380FCF768F94FF47A7030
:10A54800FCF758F9FCF762F93F8817F001075DD06E
:10A55800FF212320FBF74CF9FF212420FBF748F9C2
:10A56800FF212520FBF744F9FBF738FAFF210020EB
:10A57800FBF73EF9FF210120FBF73AF9FAF7AEFEA7
:10A588000B742B461B689A68002AFBD15A680B602B
:10A598004A601160596001231B4887F8A030286180
:10A5A800F7F792FE09E600BF034E0008280D0020C9
:10A5B80058CC0008EF4E00087C0E0020000801402F
:10A5C800F049020048CC00088C180020A0C0000800
:10A5D80084190020030C0140040C0140050C0140C3
:10A5E800060C0140070C0140F4C70008761900204A
:10A5F8005419002004F80108EC17002044F8010859
:10A6080008F80108C2180020B8170020B64B1A78BD
:10A61800B64B1A60FDF7E2FA10224FF48071B44885
:10A62800F9F7ECFE0123B34AD360202383F31188A2
:10A638009BF800305068012BCBF80420CBF80800B9
:10A6480040F0A681A369702143F40063A361A36964
:10A65800E36843F40063E360E36823F40063E360C2
:10A66800E3684FF00074A44B83F81913C3F88041D2
:10A678001C6083F81B134FF00061C3F88011196048
:10A6880046F668019D4BCBF81430DBF81830996119
:10A69800D961DBF8143011680138B3FBF1F3DBF84A
:10A6A8001810013B8B62D36AC8624B60D36803F011
:10A6B8000F03012B00F07581022B40F0748143F0E9
:10A6C8000103506900F00F00012803D0022803D1CC
:10A6D80043F0200343F01003D06900F00F00012875
:10A6E80003D0022803D143F4007343F48073506A03
:10A6F80000F00F00012803D0022803D143F40053CF
:10A7080043F480530B6201234B610023126B0B61EE
:10A7180022F0FF02CA604FF400424A6485220A60B0
:10A728000222CBF80C308BF8002083F31188744C8C
:10A738002078C008FAF74CFF23789F0701D5FAF76D
:10A748002BFF4FF400544CF25030C8F81440FCF77B
:10A7580051F86C4BC8F810401B78212B07D16A4B75
:10A768001B78072B03D1694B1B78132B13D00021BF
:10A778002620FBF73DF8FBF793F8FBF785F8212136
:10A788002320FBF735F807212420FBF731F81321A4
:10A798002520FBF72DF85E4FFBF790F93B78002B4F
:10A7A8006AD12B78DC0708D55A48FCF797FC2B7838
:10A7B800D80702D55848FCF791FCFAF7C9FD48B903
:10A7C8002B78D90702D55548FCF788FCFBF720F908
:10A7D800FBF7F8F8F9F71EFD514C10F0FE0F20605A
:10A7E8000AD12B78DA0702D54E48FCF777FCFBF73D
:10A7F800E9F8F9F70FFD2060FAF730FF2B78DB074F
:10A808002FD54948FCF76AFC2B78D80729D5217839
:10A81800464801F00101FCF761FC2B78D90720D5E7
:10A82800217843484908FCF759FC2B78DA0718D5F2
:10A8380061784048FCF752FC2B78DB0711D5A178EA
:10A848003D48FCF74BFC2B78D8070AD5E1783B4804
:10A85800FCF744FC2B78D90703D521793848FCF755
:10A868003DFC00212078374BC207597002D54008BB
:10A87800FDF7B4FF01233B70334B344A34481A6068
:10A88800FCF72CFC334C344F25460021039B1A78E7
:10A8980023789A4200F08B80F85C0133042803F097
:10A8A8000F0300F0828005284FF00101F1D14FF02D
:10A8B8000008049A29481370294B83F80080294B13
:10A8C80083F80080FBF70CFE274B4046C3F8008056
:10A8D800A3F80480254B83F80080254B83F800807B
:10A8E800244B83F8008047E006F80108F0170020A1
:10A8F80000080140380F002000E100E000A24A04EF
:10A90800D616002046F8010848F801084AF8010858
:10A9180073180020B1C00008C8C00008DEC00008D5
:10A928008819002006C100084FC1000868C1000846
:10A9380085C10008A0C10008BAC10008D4C1000838
:10A94800EEC10008901900203C180020640C00207B
:10A958000AC2000871180020601800207014002036
:10A9680080190020541B002069190020711900204B
:10A97800721900206F190020FAF766FD4046FAF7B1
:10A9880053FDFBF79BF8FAF76FFDFAF76DFD7CE7CF
:10A99800DBF818301F605F639F63DF631F645F62CB
:10A9A80077E600238BE600238BE62B706DE701B179
:10A9B80022703378052B2ED12C48FCF78FFB00240E
:10A9C800202521E085F31188DBF80C3023F0010302
:10A9D800CBF80C30DBF818305C63DA6822F002023E
:10A9E800DA6084F3118840F2A460FBF703FFFBF7F9
:10A9F8000DFF00231E4A32F8021B002940F0338461
:10AA08000133DBB2052BF6D13378052BDAD0FCF70E
:10AA180081FDFCF7FBFFFBF7F9FE08B1FAF776FCBE
:10AA28000024134BDFF84CA00193E3B20293019B7F
:10AA38003AF8027B33F8025BAF4201931CD1013430
:10AA4800052CF2D1FAF762FC00234FF6FF7240F0B2
:10AA58000100ADF81E30ADF818208DF81A30ADF8A9
:10AA68001C00DDE90601FEF763FF38E01BC20008A1
:10AA7800541900205E190020B44B1B789B0700F185
:10AA8800358100234FF001086F4017EA080F5FFA7D
:10AA980083F900F0528115EA080514BF0127002741
:10AAA800FAF734FC40F00100002380B20DB1A84A47
:10AAB8001370ADF81E30029B8DF818908DF8193080
:10AAC8008DF81A70ADF81C00DDE90601FEF730FFBD
:10AAD800A04A32F8143088EA030822F814809E4B02
:10AAE8005A782AB31A789D4B9D4C1B78022AC2EBE0
:10AAF8005303DBB2A37040F057819A4A9A4DD75C52
:10AB0800E37843B14FF0000884F80380FAF7FEFBBE
:10AB1800A4F804802080FAF7F9FB47F6FE72238830
:10AB2800C01A80B2904203D81F448D482780A84796
:10AB38000022DFF84CA29AF800309AF902409AF9FC
:10AB4800035001939AF801309AF90470029354EA79
:10AB580005039AF905808AF802208AF803208AF802
:10AB680004208AF8052011D0804AB2F80090FAF73C
:10AB7800CDFB7F4BA0EB09001A7880B2002A00F0C9
:10AB88004F817C490978884200F3568157EA0803C7
:10AB98003ED0794AB2F80090FAF7B8FB7749A0EBB3
:10ABA80009000A7880B2002A00F0E78364282FD9C8
:10ABB800FF2A01D001320A70DFF8C49147B1FBF7D0
:10ABC8001BF8002FCCBF0122FF22424389F8042042
:10ABD800B8F1000F09D0FBF70FF8B8F1000FCCBFA0
:10ABE8000122FF22424389F805209AF9041079B11D
:10ABF8009AF9050060B1B52251434243091208BFD2
:10AC08000121121208BF01228AF804105C494A7116
:10AC18009AF803109AF802200A439AF804100A4393
:10AC28009AF8051052EA010301D0FCF7EFFE019BE8
:10AC38008AF803508AF80030029B8AF802408AF8A2
:10AC480001308AF804708AF80580FAF70DFC4D4D3A
:10AC58002B78834219D0FAF707FC28703B4D04463D
:10AC68002B785F0711D5D8070FD54748FCF736FA78
:10AC78002B78D90709D521464448FCF72FFA2B78B9
:10AC8800DA0702D54248FCF729FA424D2022284625
:10AC980050F8D43F06A91C6A0023A047D5F82832EB
:10ACA80020221C6A06A9002305F50A70A04700287F
:10ACB8003FF4E8AD9DF81830C4B2013B122B00F206
:10ACC8003181DFE813F0E700EE00230133013C0196
:10ACD8005B015E01030235022F012F013E02420291
:10ACE80047026B0289028C028E02B2022A48FCF7E4
:10ACF800F5F90023DFF8A880DFF8A8901946234863
:10AD08000593FCF7EBF92548FCF7E8F938F8022B2E
:10AD1800D0B2FBF734FA0146100AFBF730FA40EAE2
:10AD2800012189B24846FCF7D9F91948FCF7D6F948
:10AD3800059B0133052BE1D1A3E601334FEA48080F
:10AD48000C2B1FFA88F87FF4A0AE78E6EC170020E9
:10AD5800541B00205E19002090190020881900203B
:10AD6800D016002063C500088D6E0008C8180020A2
:10AD780071190020310F0020CA1800207219002014
:10AD880069190020001900203CC2000829B70008F2
:10AD9800DCC00008780C00201FC2000880BE000834
:10ADA8005419002036C20008062A03D1AF4AB04D14
:10ADB800D75CA5E6092A04D1AE4A5B08D75CAE4D3C
:10ADC8009EE60F2A04D1AD4A5B08D75CAC4D97E6E6
:10ADD800152A03D1AB4AAC4DD75C91E6182A10D09E
:10ADE800232A11D0242A13D0252A15D10322B3FBF4
:10ADF800F2F202EB42029B1AA44ADBB2D75CA44DE2
:10AE08007EE62827A34D7BE64FF48067A24D77E6C0
:10AE18004FF4FA77A14D73E64FF4FA67A04D6FE649
:10AE2800A04991F800E00A2101FB0EF188427FF762
:10AE3800ADAE01321A7001E0FF2AFAD144B1FAF737
:10AE48000DFF002CCCBF0122FF2242438AF80220CA
:10AE580045B1FAF703FF002DCCBF0122FF22424380
:10AE68008AF803209AF9021000293FF48FAE9AF964
:10AE7800030000283FF48AAEB52251434243091229
:10AE880008BF0121121208BF01228AF80210864960
:10AE9800CA707BE600238DF8193009238DF81A3023
:10AEA80029E09DF81930022B00F05C82032B0DD0AD
:10AEB800012B37D1FAF72AFA030E8DF81A30030C52
:10AEC8008DF81B3040BAADF81C0014E0774B1A8897
:10AED80052BAADF81A205A8852BAADF81C209A888E
:10AEE80052BAADF81E20DA881B8952BA5BBAADF89F
:10AEF8002020ADF82230202C7FF4C4ACD5F82832BD
:10AF080022465B6806A96A489847BBE49DF8193051
:10AF1800022B07D12620DDF81A1009BAC9B2FAF7B0
:10AF280067FCE8E7FF238DF81830E4E79DF81B205D
:10AF38009DF81A109DF81900FAF79EFAC2E79DF8D5
:10AF48001C309DF81D109DF81A2041EA0321182392
:10AF5800534378229DF819009DF81B8002FB0030AE
:10AF680000EB480808F127000FB280B2090AFAF787
:10AF78003FFC08F12800F9B280B2D0E7FAF790FC5C
:10AF8800B9E79DF81930092B0AD00A2B13D09DF880
:10AF98001930803B032BAED8DFE803F01C25525F45
:10AFA80006209DF81A305843FF23B0FBF3F0C0B2D7
:10AFB800FAF740FBEBE73F4B9DF81A201B7822B9C4
:10AFC8009B07E4D5FCF7DCFBE1E79F07DFD4FCF740
:10AFD80005FCDCE7002338489DF81A208178407882
:10AFE800FCF728FC87E700219DF81A00FDF7F6FB1F
:10AFF800314F9DF81A10314A3B7889B961F3000343
:10B008003B701378D80702D52D48FCF767F8FCF792
:10B01800FFFB41F28830FBF7EDFBFBF7AFFC6AE77B
:10B0280043F001033B701378DA0703D50121254863
:10B03800FCF754F8387800214008FDF7CFFB5AE7B1
:10B048001D4B9DF81A1019711C4B1B78DB077FF5F7
:10B0580052AF1D48FCF742F84DE7174A0023D27853
:10B068009DF81B109DF81A00BAE700BF6FC50008CD
:10B07800B96E000872C50008D56B000872C50008D3
:10B088001D6C00086CC50008CD6C000875C500086B
:10B09800F56F00085D6D0008DD6E0008F96D0008A9
:10B0A800F54E0008300F00206919002054190020BF
:10B0B800A00E0020D616002088190020EC170020CA
:10B0C8004FC2000889C20008C2C200089DF81930A2
:10B0D800092B09D00A2B10D0803B032B3FF60BAF6E
:10B0E800DFE803F010131B1E0622A64B1B78DB08B3
:10B0F800C3EB0323B3FBF2F3D0E6A24B1B78C3F3F5
:10B108004003CBE6A04BDB78C8E69F4B1A7812F0D9
:10B1180001033FF4C3AE5308C0E69B4B1B79BDE661
:10B12800994B5A789B788DF81A208DF81B30E2E6F7
:10B13800944B1878FAF7A4FB934B1868FAF722FC9B
:10B14800D9E610238DF81930D5E601238DF819308A
:10B15800F923A3E64FF000089DF819209DF81A304E
:10B168009DF81B7043EA022303F20722C3F57D43CF
:10B1780006A9F933D01880B287427FF6BCAEA2F296
:10B188000720B0F5FC7F06DC1046F9F7C5FE08710C
:10B1980001320131EEE781F80480F9E74FF0000849
:10B1A8009DF819309DF81A709DF81B9047EA0327FF
:10B1B8001FFA88F399457FF69EAEB7F5FC7F07DC4A
:10B1C80006AB07F207204344197980B2FAF710FB5F
:10B1D80008F101080137EBE7FAF756FB8BE6042381
:10B1E800B0E74FF000089DF819209DF81A309DF837
:10B1F8001B7043EA022303F12702C3F57F4306A924
:10B20800D933D01880B287427FF675AEA2F12700F5
:10B21800B0F5F07F06DA1046F9F77EFE08710132C4
:10B228000131EEE781F80480F9E74FF000089DF856
:10B2380019309DF81A709DF81B9047EA03271FFAEA
:10B2480088F34B45BFF457AEB7F5F07F07DA06AB86
:10B2580007F127004344197980B2FAF7C9FA08F1CF
:10B2680001080137EBE73378052B0BD1474DC82090
:10B278002B6C43F010032B64FBF7BCFA2B6C23F008
:10B2880010032B64202383F311883378012B15D006
:10B298004FF400223E4BC3F880204FF4801283F80D
:10B2A8001343C3F88020032283F81443374B1A64EE
:10B2B800384AD36923F40003D361D369364D012397
:10B2C8002F464FF000086C6007F80C3B57F8043B1A
:10B2D8007BB1586920B16FF001010C30F9F7A8FA79
:10B2E80057F8043C986920B16FF001010C30F9F768
:10B2F8009FFA08F10108B8F1080F47F8044CE5D1A6
:10B30800264B1A681B6992689B689A4201D9FEF716
:10B31800E5FD84F3118806224FF480512048F9F79F
:10B328006DF84FF480531E4A5361202383F311882C
:10B338001C4BC5E903446B602B78C5E90544012B18
:10B34800C5E90744C5E9094401D1F9F709F802221A
:10B358002A7084F311884FF480511148F9F74EF898
:10B36800FFF72EBB2620F9F7D7FD00238DF81D0027
:10B37800ADF81A308DF81C30BDE5B0F5967F3FF674
:10B3880019AC45E4D616002088190020005C00405E
:10B3980000E100E000100240E8130020DC16002065
:10B3A8000008014048CC0008244A08B552F8041C9B
:10B3B800234B99420ED1002342F8043C83F31488AE
:10B3C8004FF000431B6883F3088862B61D4B1B6867
:10B3D8009847FEE71C4B1A6842F001021A601A6887
:10B3E8009007FCD51A6802F0F9021A6000225A6028
:10B3F8005A6812F00C0FFBD11A6842F480321A60B6
:10B408001A689103FCD55A6842F4E8125A601A681F
:10B4180042F080721A601A689201FCD512210B4A18
:10B428005A600B4A11605A6842F002025A605A6820
:10B4380002F00C02082AFAD108BD00BF0050002013
:10B44800EFBEADDE040000800010024000641D0065
:04B45800002002408E
:04B45C00F8B500BF80
:04B46000F8B500BF7C
:10B4640000202020202020202020282828282820D0
:10B4740020202020202020202020202020202020C8
:10B484002088101010101010101010101010101030
:10B494001004040404040404040404101010101020
:10B4A40010104141414141410101010101010101EA
:10B4B400010101010101010101010101101010103C
:10B4C40010104242424242420202020202020202BC
:10B4D4000202020202020202020202021010101010
:10B4E4002000000000000000000000000000000038
:10B4F4000000000000000000000000000000000048
:10B504000000000000000000000000000000000037
:10B514000000000000000000000000000000000027
:10B524000000000000000000000000000000000017
:10B534000000000000000000000000000000000007
:10B5440000000000000000000000000000000000F7
:10B5540000000000000000000000000000000000E7
:10B5640000000000040C00200000000000000000A7
:10B5740000000000000000000000000000000000C7
:10B5840000000000000000000000000000000000B7
:10B5940000000000000000000000000000000000A7
:10B5A4000000000000000000000000000000000097
:10B5B4000000000000000000000000000000000087
:10B5C4000000000000000000444D41206661696CE9
:10B5D400757265006B6579626F6172645F72657024
:10B5E4006F72743A20002530325820004F6E657314
:10B5F400686F743A206163746976653A2025640A39
:10B604000064656C5F6B65795F6269743A2063619D
:10B614006E27742064656C3A20253032580A006124
:10B6240064645F6B65795F6269743A2063616E2755
:10B6340074206164643A20253032580A00626163E0
:10B644006B6C6967687420627265617468696E679F
:10B654002064697361626C650A006261636B6C6982
:10B6640067687420627265617468696E6720656ECC
:10B6740061626C650A007267626C69676874207441
:10B68400696D65722064697361626C652E0A00726B
:10B6940067626C69676874207261696E626F772093
:10B6A400736574206873763A2025642C25642C25F0
:10B6B400642C25750A007267626C6967687420736C
:10B6C400657420687376205B454550524F4D5D3A52
:10B6D4002025752C25752C25750A007267626C6906
:10B6E4006768742073657420687376205B4E4F45D9
:10B6F4004550524F4D5D3A2025752C25752C2575E6
:10B704000A006D6F7573656B6579205B62746E7C7E
:10B71400782079207620685D287265702F61636CCB
:10B72400293A205B0025303258007C002564005DF6
:10B7340028002575002F004C25640A000A092D20D5
:10B744004D6F7573656B6579202D0A4553432F71D1
:10B754003A09717569740A313A0964656C6179282A
:10B764002A31306D73290A323A09696E746572762A
:10B77400616C286D73290A333A096D61785F7370BF
:10B784006565640A343A0974696D655F746F5F6D49
:10B7940061780A353A09776865656C5F6D61785F31
:10B7A40073706565640A363A09776865656C5F7419
:10B7B400696D655F746F5F6D61780A0A703A09702C
:10B7C40072696E742076616C7565730A643A0973E4
:10B7D40065742064656661756C74730A75703A09E2
:10B7E4002B310A646F776E3A092D310A70677570D0
:10B7F4003A092B31300A7067646F776E3A092D313C
:10B80400300A0A7370656564203D2064656C746158
:10B81400202A206D61785F7370656564202A202872
:10B82400726570656174202F2074696D655F746F33
:10B834005F6D6178290A0077686572652064656CBC
:10B8440074613A20637572736F723D25642C20779E
:10B854006865656C3D25640A536565206874747079
:10B864003A2F2F656E2E77696B6970656469612E56
:10B874006F72672F77696B692F4D6F7573655F6B97
:10B884006579730A006D6B5F64656C6179203D2096
:10B8940025640A006D6B5F696E74657276616C2055
:10B8A4003D2025640A006D6B5F6D61785F73706580
:10B8B4006564203D2025640A006D6B5F74696D65C5
:10B8C4005F746F5F6D6178203D2025640A006D6BA5
:10B8D4005F776865656C5F6D61785F7370656564DB
:10B8E400203D2025640A006D6B5F776865656C5F99
:10B8F40074696D655F746F5F6D6178203D202564A8
:10B904000A006565636F6E6669673A0A0064656676
:10B9140061756C745F6C617965723A20006465626C
:10B9240075675F636F6E6669672E7261773A200090
:10B934002E656E61626C653A20002E6D61747269C9
:10B94400783A20002E6B6579626F6172643A200048
:10B954002E6D6F7573653A20006B65796D61705F4C
:10B96400636F6E6669672E7261773A20002E737773
:10B9740061705F636F6E74726F6C5F636170736C20
:10B984006F636B3A20002E636170736C6F636B5F3F
:10B99400746F5F636F6E74726F6C3A20002E7377EE
:10B9A40061705F6C63746C5F6C6775693A20002E1C
:10B9B400737761705F7263746C5F726775693A2044
:10B9C400002E737761705F6C616C745F6C6775696E
:10B9D4003A20002E737761705F72616C745F7267D6
:10B9E40075693A20002E6E6F5F6775693A20002EE4
:10B9F400737761705F67726176655F6573633A2020
:10BA0400002E737761705F6261636B736C6173683E
:10BA14005F6261636B73706163653A20002E6E6BC5
:10BA2400726F3A20006261636B6C696768745F636C
:10BA34006F6E6669672E7261773A20002E6C6576A8
:10BA4400656C3A2000436C656172696E67204545F8
:10BA540050524F4D0A000A092D204D616769632039
:10BA64002D0A443A094465627567204D6573736114
:10BA7400676520546F67676C650A583A094D6174AD
:10BA8400726978204465627567204D6F646520543F
:10BA94006F67676C65202D2053686F77206B65791D
:10BAA4007072657373657320696E206D6174726959
:10BAB4007820677269640A4B3A094B6579626F6151
:10BAC400726420446562756720546F67676C6520F3
:10BAD4002D2053686F77206B6579707265737320BE
:10BAE4007265706F72740A4D3A0944656275672015
:10BAF4004D6F75736520546F67676C650A563A0914
:10BB040056657273696F6E0A533A0953746174759A
:10BB1400730A433A09416374697661746520436F1B
:10BB24006E736F6C65204D6F64650A46312D463126
:10BB3400303A0953776974636820746F204C6179D3
:10BB4400657220302D392028463130203D204C307C
:10BB5400290A302D393A0953776974636820746F60
:10BB6400204C6179657220302D390A47524156457F
:10BB74003A0953776974636820746F204C6179655E
:10BB84007220302028616C7465726E617465290AB4
:10BB9400423A094A756D7020746F20426F6F746C5D
:10BBA4006F616465720A4553433A094A756D7020A2
:10BBB400746F20426F6F746C6F61646572202861CA
:10BBC4006C7465726E617465290A453A095072692C
:10BBD4006E7420454550524F4D2053657474696E00
:10BBE40067730A4253504143453A09436C65617295
:10BBF40020454550524F4D0A4E3A094E4B524F2064
:10BC0400546F67676C650A5A3A09536C656570200E
:10BC14004C454420546573740A000A092D20436F6F
:10BC24006E736F6C65202D0A4553432F713A097169
:10BC34007569740A6D3A096D6F7573656B65790A78
:10BC440000433E20000A0A4A756D70696E672074CD
:10BC54006F20626F6F746C6F616465722E2E2E207C
:10BC6400000A64656275673A206F6E0A000A6465AB
:10BC74006275673A206F66660A000A6D61747269BC
:10BC8400783A206F6E0A000A6D61747269783A20FE
:10BC94006F66660A000A6B6579626F6172643A20A6
:10BCA4006F6E0A000A6B6579626F6172643A206F85
:10BCB40066660A000A6D6F7573653A206F6E0A0036
:10BCC4000A6D6F7573653A206F66660A000A092D5E
:10BCD4002056657273696F6E202D0A005649443AE6
:10BCE4002030784341303428514D4B292050494469
:10BCF4003A20307834463630284F7274686F3630C4
:10BD040029205645523A203078303030310A0042EA
:10BD140055494C443A2020284A756C20313320324E
:10BD2400303231290A0043484942494F533A2022CC
:10BD3400627265616B696E675F323032315F713197
:10BD4400222C20434F4E545249423A2022627265BB
:10BD5400616B696E675F323032315F7131220A0084
:10BD64004F5054494F4E533A204D4F5553454B4530
:10BD7400592045585452414B455920434F4E534F37
:10BD84004C4520434F4D4D414E44204E4B524F2085
:10BD94004C544F20424F4F544C4F414445525F53F3
:10BDA400495A450A004743433A20392E322E310A74
:10BDB400000A092D20537461747573202D0A0068DC
:10BDC4006F73745F6B6579626F6172645F6C6564D5
:10BDD4007328293A2025580A006B6579626F6172CD
:10BDE400645F70726F746F636F6C3A2025580A0039
:10BDF4006B6579626F6172645F69646C653A202572
:10BE0400580A006B65796D61705F636F6E66696770
:10BE14002E6E6B726F3A2025580A0074696D657234
:10BE24005F72656164333228293A202530346C58B6
:10BE34000A004E4B524F3A206F6E0A004E4B524F3F
:10BE44003A206F66660A003F004D3E20000A092D25
:10BE54002056616C756573202D0A00313A206465A3
:10BE64006C6179282A31306D73293A2000323A20E6
:10BE7400696E74657276616C286D73293A2000339B
:10BE84003A206D61785F73706565643A2000343AD6
:10BE94002074696D655F746F5F6D61783A20003559
:10BEA4003A20776865656C5F6D61785F737065656E
:10BEB400643A2000363A20776865656C5F74696D72
:10BEC400655F746F5F6D61783A20007365742064F8
:10BED400656661756C740A004D25643E20004D3E14
:10BEE400007267626C69676874206D6F6465205BBB
:10BEF400454550524F4D5D3A2025750A00726762E0
:10BF04006C69676874206D6F6465205B4E4F4545AE
:10BF140050524F4D5D3A2025750A007267626C6974
:10BF24006768742074696D657220656E61626C6502
:10BF3400642E0A006261636B6C69676874206465CF
:10BF44006372656173653A2025750A006261636BEB
:10BF54006C6967687420696E6372656173653A2001
:10BF640025750A006261636B6C6967687420746F7D
:10BF740067676C653A2025750A006261636B6C69BA
:10BF84006768742064697361626C650A0062616346
:10BF94006B6C6967687420656E61626C650A006227
:10BFA40061636B6C6967687420737465703A2025EB
:10BFB400750A006261636B6C6967687420627265FC
:10BFC400617468696E6720746F67676C653A2025D1
:10BFD400750A007267626C6967687420746F6767BA
:10BFE4006C65205B454550524F4D5D3A2072676247
:10BFF4006C696768745F636F6E6669672E656E61EE
:10C00400626C65203D2025750A007267626C696761
:10C0140068742064697361626C65205B45455052A5
:10C024004F4D5D3A207267626C696768745F636F35
:10C034006E6669672E656E61626C65203D202575AC
:10C044000A007267626C6967687420656E61626C6D
:10C0540065205B454550524F4D5D3A207267626CD6
:10C06400696768745F636F6E6669672E656E616287
:10C074006C65203D2025750A0044454255473A2009
:10C08400656E61626C65642E0A0044454255473A08
:10C094002064697361626C65642E0A005553422002
:10C0A400636F6E666967757265642E0A00726762F3
:10C0B4006C696768745F696E69742063616C6C6530
:10C0C400642E0A007267626C696768745F696E69DE
:10C0D40074207374617274210A007267626C6967F8
:10C0E40068745F696E6974206565636F6E666967FD
:10C0F400206973206E6F7420656E61626C65642EB6
:10C104000A007267626C696768745F696E6974209B
:10C114007267626C696768745F636F6E6669672EC5
:10C124006D6F6465203D20302E2057726974652040
:10C1340064656661756C742076616C7565732074D2
:10C144006F20454550524F4D2E0A007267626C694C
:10C154006768745F636F6E66696720454550524F28
:10C164004D3A0A007267626C696768745F636F6E48
:10C174006669672E656E61626C65203D2025640AE0
:10C18400007267686C696768745F636F6E6669677D
:10C194002E6D6F6465203D2025640A007267626C11
:10C1A400696768745F636F6E6669672E687565207A
:10C1B4003D2025640A007267626C696768745F6376
:10C1C4006F6E6669672E736174203D2025640A00D2
:10C1D4007267626C696768745F636F6E6669672E05
:10C1E40076616C203D2025640A007267626C696781
:10C1F40068745F636F6E6669672E7370656564202B
:10C204003D2025640A004B6579626F617264207376
:10C21400746172742E0A005B735D000A722F6320CE
:10C224003031323334353637383941424344454668
:10C234000A002530313662006B6579626F61726481
:10C244005F7365745F6C65643A20007267626C6941
:10C254006768742064697361626C65205B4E4F4546
:10C264004550524F4D5D3A207267626C696768743D
:10C274005F636F6E6669672E656E61626C65203DF3
:10C284002025750A007267626C6967687420656EA0
:10C2940061626C65205B4E4F454550524F4D5D3A8F
:10C2A400207267626C696768745F636F6E66696742
:10C2B4002E656E61626C65203D2025750A007267EB
:10C2C400626C696768742073657420737065656453
:10C2D400205B4E4F454550524F4D5D3A2025750A1F
:10C2E4000000010101010101010101020202020237
:10C2F400020202020303030303030303040404040A
:10C3040004040405050505050606060606070707D1
:10C31400070708080808090909090A0A0A0B0B0B88
:10C324000C0C0C0D0D0D0E0E0E0F0F0F1010111125
:10C3340011121213131414151516161717181819A9
:10C34400191A1A1B1B1C1D1D1E1E1F202021222210
:10C35400232424252626272829292A2B2C2D2D2E53
:10C364002F30313232333435363738393A3B3C3D6D
:10C374003E3F404142434445464748494A4C4D4E5E
:10C384004F50515354555658595A5B5D5E5F616224
:10C3940064656668696B6C6D6F7072737577787AB3
:10C3A4007B7D7E8082838587888A8C8E8F9193950E
:10C3B40096989A9C9EA0A2A3A5A7A9ABADAFB1B332
:10C3C400B5B7BABCBEC0C2C4C6C9CBCDCFD1D4D612
:10C3D400D8DBDDDFE2E4E7E9EBEEF0F3F5F8FAFDB4
:10C3E400FF00000043C5000847C5000851C5000808
:10C3F4000408100066C400087FC400089FC4000835
:10C40400B8C4000803C5000878C500089AC5000828
:10C41400CFC40008E200E900EA00B500B600B700A6
:10C42400CD008301CC008A019201940121022302F0
:10C4340024022502260227022A02B300B4006F0058
:10C4440070004022B6220102030405060708090011
:10C4540009027B00040100A0FA09040000010301A1
:10C464000100092111010001224000070581030890
:10C47400000A09040100020300000009211101005F
:10C48400012222000705820320000107050303207F
:10C494000001090402000103000000092111010048
:10C4A4000122B6000705840320000A0904030002E0
:10C4B4000300000009211101000122220007058563
:10C4C40003200001070506032000010631FF09745B
:10C4D400A1010975150026FF009520750881020940
:10C4E40076150026FF00952075089102C0120110F0
:10C4F400010000004004CA604F0100010200010570
:10C50400010906A101050719E029E7150025019590
:10C514000875018102950175088101050719002933
:10C52400FF150026FF00950675088100050819010E
:10C534002905950575019102950175039101C004C2
:10C54400030904080351004D004B00000010034F81
:10C55400007200740068006F003600300000001E96
:10C56400140A05FFAA7F55407F3F1F783C1E6432A2
:10C57400141E0F050660FF0961A10109621500265A
:10C58400FF009520750881020963150026FF0095B8
:10C594002075089102C005010902A1018502090163
:10C5A400A10005091901290815002501950875013F
:10C5B40081020501093009311581257F950275082D
:10C5C400810609381581257F950175088106050CBA
:10C5D4000A38021581257F950175088106C0C005BA
:10C5E400010980A101850319012AB700150126B7A5
:10C5F40000950175108100C0050C0901A101850495
:10C6040019012AA002150126A002950175108100C6
:10C61400C005010906A1018505050719E029E715EB
:10C624000025019508750181020507190029EF15F8
:10C6340000250195F0750181020508190129059568
:10C644000575019102950175039101C00000024036
:10C6540008000240010000000000000B000002403E
:10C664001C000240020000000004010C0000024013
:10C6740030000240040000000008020D00000240E7
:10C684004400024008000000000C030E00000240B9
:10C6940058000240100000000010040F0000024087
:10C6A4006C0002402000000000140510000002404D
:10C6B4008000024040000000001806110000000045
:10C6C4000000000000000000000000000000000066
:10C6D4000000000000002A2B2800000000000000D9
:10C6E40000000000000000000029000000002C1ED3
:10C6F4003420212224342627252E362D3738271E90
:10C704001F202122232425263333362E37381F04B5
:10C7140005060708090A0B0C0D0E0F10111213144D
:10C7240015161718191A1B1C1D2F3130232D35040B
:10C7340005060708090A0B0C0D0E0F10111213142D
:10C7440015161718191A1B1C1D2F3130354C0000F3
:10C7540000007E0F00D4FFFFFFC700000078000038
:10C7640000000000000000000001010203040506AF
:10C77400080A0C0F1114181C2024292E33393F46A3
:10C784004C535B626A7179818A929AA2AAB2B9C146
:10C79400C8CFD5DCE1E7EBF0F4F7FAFCFDFEFFFED1
:10C7A400FDFCFAF7F4F0EBE7E1DCD5CFC8C1B9B290
:10C7B400AAA29A928A8179716A625B534C463F3984
:10C7C400332E2924201C1814110F0C0A0806050402
:10C7D4000302010100000000000000000000040248
:10C7E40004080800030708080808080808080B0FCD
:10C7F4000B0C01400A0C0140010C0140000C0140EB
:10C8040007080140060801400508014004080140EA
:10C8140003080140020801400108014000080140EA
:10C8240000000000F1480008E9450008FD44000844
:10C83400400040004418002044180020010000007B
:10C844005818002001000000030000000000000050
:10C854005D4D00080000000008000000741800206E
:10C8640000000000020000000000000035001E006F
:10C874001F002000210022002300240025002600A0
:10C8840027002A002B0014001A00080015001700C6
:10C894001C0018000C00120013004C0029000400B6
:10C8A4001600070009000A000B000D000E000F001F
:10C8B40033003400E1001D001B00060019000500D0
:10C8C400110010003600370038002800BF5CE0007B
:10C8D400E200E30001512C002C00025150005100F1
:10C8E40052004F0035021E021F02200221022202C2
:10C8F400230224022502260227022A0035021E02F0
:10C904001F022002210222022302240225022602FF
:10C9140027024C004C003A003B003C003D003E0026
:10C924003F002D022E022F0230023102010040008E
:10C9340041004200430044004500320264024A00C0
:10C944004D000100005C0100010001000100010034
:10C9540001000100AB00AA00A900AE0035001E00D2
:10C964001F002000210022002300240025002600AF
:10C9740027002A0035001E001F002000210022008D
:10C98400230024002500260027004C004C003A0018
:10C994003B003C003D003E003F002D002E002F00D8
:10C9A40030003100010040004100420043004400D7
:10C9B4004500320064004B004E000100C25CC35CC1
:10C9C400BE5CBD5C0100010001000100AB00AA00D7
:10C9D400A900AE00010001000100010001000100F6
:10C9E400010001000100010001000100010001003B
:10C9F400010001000100010001000100010001002B
:10CA0400010001000100010001000100010001001A
:10CA1400010001000100010001000100010001000A
:10CA240001000100010001000100010001000100FA
:10CA340001000100010001000100010001000100EA
:10CA440001000100010001000100010000010202D7
:10CA540002020606060909090909090F0F0F0F0F3B
:10CA64000F1515151819191919191919191919233F
:10CA74002425252525252500CCD000085C1B002075
:10CA84005C1B00205C1B0020CCD0000800000000D0
:10CA94000000000000000000CCD0000800000000EE
:10CAA4000000000000000000CCD0000800000000DE
:10CAB4000000000000000000CCD0000800000000CE
:10CAC4000000000000000000CCD0000800000000BE
:10CAD4000000000000000000CCD0000800000000AE
:10CAE4000000000000000000CCD00008000000009E
:10CAF40000000000000000002223252628292A2CFB
:10CB04002D2F3032333536383A3B3D3E4042434593
:10CB140047494A4C4E5051535557595A5C5E6062CE
:10CB2400646668696B6D6F71737577797B7D7F81DE
:10CB3400838587898A8C8E90929496989A9C9E9FDE
:10CB4400A1A3A5A7A8AAACAEAFB1B3B4B6B8B9BBFC
:10CB5400BCBEBFC1C2C3C5C6C7C9CACBCCCDCED06B
:10CB6400D1D2D2D3D4D5D6D7D7D8D9D9DADADBDB58
:10CB7400DBDCDCDCDCDCDDDDDDDDDCDCDCDCDCDBEF
:10CB8400DBDBDADAD9D9D8D7D7D6D5D4D3D2D2D138
:10CB9400D0CECDCCCBCAC9C7C6C5C3C2C1BFBEBC2B
:10CBA400BBB9B8B6B4B3B1AFAEACAAA8A7A5A3A19C
:10CBB4009F9E9C9A98969492908E8C8A898785835E
:10CBC400817F7D7B79777573716F6D6B696866643E
:10CBD40062605E5C5A5957555351504E4C4A49470E
:10CBE400454342403E3D3B3A3836353332302F2DB3
:10CBF4002C2A292826252322030C0140040C014059
:10CC0400050C0140060C0140070C01400300000024
:10CC140000000000D54F00080000000020000000C4
:10CC2400981900200000000002000000000000002D
:10CC34000000000000000000000C01400F00000094
:10CC440018000000156200084552000865500008ED
:10CC54000D6400080000000067660008A96700086A
:10CC6400B7660008F3670008B1660008ED670008BE
:10CC740061660008A36700080000000000000000CF
:10CC84005245454E54206D616C6C6F63207375631F
:10CC940063656564656400002E2E2F2E2E2F2E2EC4
:10CCA4002F2E2E2F2E2E2F2E2E2F2E2E2F2E2E2F9A
:10CCB4006E65776C69622F6C6962632F7374646C40
:10CCC40069622F72616E642E630000002C20667509
:10CCD4006E6374696F6E3A200000000061737365BF
:10CCE4007274696F6E2022257322206661696C65F7
:10CCF400643A2066696C6520222573222C206C69B5
:10CD04006E65202564257325730A0000232D302BBE
:10CD140020000000686C4C006566674546470000CB
:10CD2400303132333435363738394142434445465D
:10CD3400000000003031323334353637383961621F
:08CD4400636465660000000055
:08CD4C008C6FFF7F0100000065
:10CD5400040C002000000000ACB500088CB50008ED
:10CD64006CB5000800000000000000000000000096
:10CD740000000000000000000000000000000000AF
:10CD8400000000000000000000000000000000009F
:10CD9400000000000000000000000000000000008F
:10CDA400000000000000000000000000000000007F
:10CDB40000000000D94F0008496F000831690008DD
:10CDC400A14F00086D4F000804000000040000009B
:10CDD400000000000000000000000000000000004F
:10CDE400000000000000000000000000000000003F
:10CDF400000000000000000000000000000000002F
:10CE0400000000000000000000000000030000001B
:10CE140000000000614D0008000000002000000038
:10CE240000000000000000000200000000000000FC
:10CE3400030000000000000000000000854E000810
:10CE440000002000000000000000000002000000BC
:10CE54000000000003000000000000005F4D000817
:10CE640000000000080000000000000000000000B6
:10CE74000200000000000000E81300200506000086
:10CE84000400000004000000200000002000000056
:10CE94000100000090140020201500200000000074
:10CEA400000000000000000000000000000000007E
:10CEB400000000000000000000000000000000006E
:10CEC400000000000000000000000000000000005E
:10CED400000000000000000000000000000000004E
:10CEE400000000000000000000000000000000003E
:10CEF400000000000000000000000000000000002E
:10CF0400000000000000000000000000000000001D
:10CF14000000000000000000000000000400000009
:10CF240004000000000000000000000000000000F9
:10CF340000000000000000000000000000000000ED
:10CF440000000000000000000000000000000000DD
:10CF540000000000000000000000000000000000CD
:10CF64000300000000000000614D00080000000004
:10CF7400200000000000000000000000020000008B
:10CF8400000000000300000000000000000000009A
:10CF9400854E000800002000000000000000000092
:10CFA4000200000000000000030000000000000078
:10CFB4005F4D0008000000000800000000000000B1
:10CFC400000000000200000000000000E813002040
:10CFD4000203000004000000040000002000000020
:10CFE4002000000000000000B015002040160020C2
:10CFF400000000000000000000000000000000002D
:10D00400000000000000000000000000000000001C
:10D01400000000000000000000000000000000000C
:10D0240000000000000000000000000000000000FC
:10D0340000000000000000000000000000000000EC
:10D0440000000000000000000000000000000000DC
:10D0540000000000000000000000000000000000CC
:10D0640000000000000000000000000000000000BC
:10D07400D1520008020101000100960000000008DE
:10D084001E320A1408280000FFFF000000010000FF
:10D09400000000000000000000000000000000008C
:10D0A400000000000000000000000000000000007C
:10D0B40000000000000000000000000001191A1B1D
:08D0C4001C1D1E1F202122008B
:04000005080022C904
:00000001FF
