:020000040800F2
:1000000000040020310200087F8D00083302000840
:1000100033020008330200083302000833020008EC
:1000200033020008330200083302000833020008DC
:1000300033020008330200083302000833020008CC
:1000400033020008330200083302000833020008BC
:1000500033020008330200083302000833020008AC
:1000600033020008299C000899990008B9990008F2
:1000700033020008330200083302000869A10008B7
:1000800035A30008330200083302000833020008D9
:100090003302000833020008330200088D9D000877
:1000A000330200083302000833020008330200085C
:1000B00033020008330200083302000885A3000859
:0800C0003D01000811010008D8
:1000C8000448054B10B5834203D0044B002B00D0E5
:1000D800984710BD840F0020840F00200000000006
:1000E80006480749091A8B10C90FC91810B54910D5
:1000F80003D0044B002B00D0984710BD840F00207C
:10010800840F00200000000010B5074C2378002B56
:1001180009D1FFF7D5FF054B002B02D0044800E0BA
:1001280000BF0123237010BD880F002000000000CD
:10013800E8C30008054B10B5002B03D00449054857
:1001480000E000BFFFF7CCFF10BDC0460000000074
:100158008C0F0020E8C3000872B6244880F3088892
:10016800234880F30988022080F31488BFF36F8F37
:1001780008F00EFB08F0B2F81E481F491B4A9142CE
:1001880002DA08600431FAE71C49194A914202DA96
:1001980008600431FAE71A491A4A1B4B9A4204DAF2
:1001A8000868106004310432F8E700201749184A3B
:1001B800914202DA08600431FAE708F0EDFA08F033
:1001C800E8FA144C144DAC4203DA21688847043429
:1001D800F9E708F091F8114C114DAC4203DA2168A7
:1001E80088470434F9E70F49084700000004002055
:1001F800000C002055555555000000200004002033
:10020800E8C30008000C0020840F0020880F00209D
:10021800901F0020C0000008C4000008C4000008A7
:10022800C80000089D87000896E700F000F8FEE780
:10023800F0B544464D4656465F46F0B46B46CB6033
:10024800C3689D46F0BCA046A946B246BB46F0BD71
:1002580062B6281CA047002008F0D2FCFEE708F090
:1002680095FC024A024B1360FEE7C04604ED00E02D
:100278000000008002B47146490849000956490047
:100288008E4402BC7047C04602B471464908490012
:10029800095C49008E4402BC7047C04603B47146ED
:1002A800490840004900095A49008E4403BC704778
:1002B800002243088B4274D303098B425FD3030A9D
:1002C8008B4244D3030B8B4228D3030C8B420DD3B0
:1002D800FF22090212BA030C8B4202D3121209023E
:1002E80065D0030B8B4219D300E0090AC30B8B427C
:1002F80001D3CB03C01A5241830B8B4201D38B032A
:10030800C01A5241430B8B4201D34B03C01A5241CE
:10031800030B8B4201D30B03C01A5241C30A8B4211
:1003280001D3CB02C01A5241830A8B4201D38B02FC
:10033800C01A5241430A8B4201D34B02C01A5241A0
:10034800030A8B4201D30B02C01A5241CDD2C30912
:100358008B4201D3CB01C01A524183098B4201D38E
:100368008B01C01A524143098B4201D34B01C01A79
:10037800524103098B4201D30B01C01A5241C308F1
:100388008B4201D3CB00C01A524183088B4201D360
:100398008B00C01A524143088B4201D34B00C01A4C
:1003A8005241411A00D20146524110467047FFE7B8
:1003B80001B5002000F0F0F802BDC0460029F7D0D2
:1003C80076E7704703460B437FD4002243088B42ED
:1003D80074D303098B425FD3030A8B4244D3030BC4
:1003E8008B4228D3030C8B420DD3FF22090212BA89
:1003F800030C8B4202D31212090265D0030B8B4205
:1004080019D300E0090AC30B8B4201D3CB03C01AEE
:100418005241830B8B4201D38B03C01A5241430BC9
:100428008B4201D34B03C01A5241030B8B4201D3B9
:100438000B03C01A5241C30A8B4201D3CB02C01A24
:100448005241830A8B4201D38B02C01A5241430A9C
:100458008B4201D34B02C01A5241030A8B4201D38B
:100468000B02C01A5241CDD2C3098B4201D3CB0132
:10047800C01A524183098B4201D38B01C01A5241E1
:1004880043098B4201D34B01C01A524103098B42E5
:1004980001D30B01C01A5241C3088B4201D3CB00D0
:1004A800C01A524183088B4201D38B00C01A5241B3
:1004B80043088B4201D34B00C01A5241411A00D263
:1004C80001465241104670475DE0CA0F00D04942CC
:1004D800031000D34042534000229C4603098B423C
:1004E8002DD3030A8B4212D3FC22890112BA030AC4
:1004F8008B420CD3890192118B4208D38901921146
:100508008B4204D389013AD0921100E08909C309CA
:100518008B4201D3CB01C01A524183098B4201D3CC
:100528008B01C01A524143098B4201D34B01C01AB7
:10053800524103098B4201D30B01C01A5241C3082F
:100548008B4201D3CB00C01A524183088B4201D39E
:100558008B00C01A5241D9D243088B4201D34B00B9
:10056800C01A5241411A00D20146634652415B10FB
:10057800104601D34042002B00D5494270476346DC
:100588005B1000D3404201B5002000F005F802BD21
:100598000029F8D016E770477047C046002B11D1E4
:1005A800002A0FD1002900D1002802D00021C94318
:1005B800081C07B4024802A14018029003BDC046B7
:1005C800D9FFFFFF03B4684601B5029800F02EF882
:1005D800019B9E4602B00CBC7047C046F0B515049E
:1005E8002D0C0F0001002E00C64684460004140C92
:1005F800000C090C46434D43604361434019340CD9
:10060800241800B5A54203D9802040028046414401
:10061800250C6D18614659437A433004491924045E
:10062800000C2018891804BC9046F0BDF0B5574658
:100638004E464546DE46E0B504000D009246994612
:1006480083B08B4230D82DD04946504600F0BAF8D6
:1006580029000600200000F0B5F8331A9846203B20
:100668009B4633D45A465346934042461F0053464E
:1006780093401E00AF423AD8AF4200D178E05B46C3
:10068800A41BBD41002B00DA75E000220023009274
:10069800019301235A469340019301234246934014
:1006A800009328E08242CFD90022002300920193D0
:1006B8000C9B002B01D01C605D600098019903B071
:1006C8003CBC90469946A246AB46F0BD4246202324
:1006D8009B1A5246DA40414613004A468A401700A0
:1006E80042461F43534693401E00AF42C4D90022DE
:1006F8000023009201934346002BD9D0FB077208D0
:100708001A4346467B080EE0AB4201D1A2420CD800
:10071800A41A9D41012024196D410021013E24188D
:100728004D41002E06D0AB42EED9013E24196D4151
:10073800002EF8D1009801995B4600196941002BF9
:1007480024DB2B005A464446D3402A00E2401C00D2
:100758005B461500002B2ADB26009E40330026004E
:100768004746BE403200801A9941009001919FE7A8
:10077800A342BCD883E74246202300219B1A0022CB
:10078800009101920122DA40019286E74246202335
:100798009B1A2A0046469A402300F34044461343D6
:1007A8002A00E2401C005B461500002BD4DA4246C2
:1007B8002F002023260097409B1ADE403B0033433E
:1007C800CDE7C04610B5002903D100F007F8203066
:1007D80002E0081C00F002F810BDC0461C210123ED
:1007E8001B04984201D3000C10391B0A984201D30C
:1007F800000A08391B09984201D30009043902A2EA
:10080800105C40187047C046040302020101010150
:100818000000000000000000014B18687047C04647
:10082800000C002070B5CDB2830734D0531E002AC7
:100838001BD00278AA4219D0032404E0013B14D348
:100848000278AA4212D001302042F7D1032B0ED8E9
:10085800002B0AD00278AA4208D0C31802E0027816
:10086800AA4203D001308342F9D1002070BDFF2293
:100878000C06240C114021430C04084E0C4302685A
:1008880007496240511891433142E3D1043B043097
:10089800032BF4D8DCE71300D8E7C04680808080BB
:1008A800FFFEFEFEF0B5C64600B50F2A43D90B0081
:1008B800032603431E400C000300002E40D1150000
:1008C800103D2D09AC462D01A846804400E03B00B0
:1008D800676825685F60E7681D60DF601F00A568BE
:1008E80010379D6010344345F1D165460F230C2421
:1008F80001352D01491913404519144223D08C594B
:10090800AC5104369C1B032CF9D80324043B9B08E8
:1009180001339B002240ED18C918561E002A07D043
:10092800002300E02300CA5C5C1CEA549E42F9D113
:1009380004BC9046F0BD0500561E002AF0D1F7E72A
:10094800561E0500ECE71A00F6E7C046F0B50500AC
:1009580083074AD0541E002A44D0CEB20300032293
:1009680002E00135013C3DD301332E701342F8D12A
:10097800032C2FD9FF220A40150215432A041543D8
:100988000F2C35D92700103F3F093E01B4461E0001
:100998001A0010366644156055609560D5601032AF
:1009A800B242F8D10F260C2201373F012640DB194D
:1009B8003700224217D03E1FB608B400A4461A00DA
:1009C8001C1D644420C2A242FCD103240136B60097
:1009D8009B193C40002C05D0C9B21C191970013371
:1009E8009C42FBD1F0BD3400F4E714000300BFE7DC
:1009F8002700E0E7114B70B51C680500A06B0028C4
:100A080003D000230561436170BD183000F0AAF8D7
:100A1800A06300280CD00A4B01220360094B4360F5
:100A2800094B83600B238381002302614361E8E75C
:100A3800064B00224221064800F050F8000C002026
:100A48000E33CDAB34126DE6ECDE050018C300089A
:100A580030C30008184B70B51D68AC6B002C0ED065
:100A680020696169154A164BFFF7B8FD012200237A
:100A780012184B41580040082261636170BD18206C
:100A880000F070F8041EA8630FD00E4B012203601B
:100A98000D4B43600D4B83600B2383810023026160
:100AA800436107480A4A064BE6E70A4B00224E21F3
:100AB800094800F013F8C046000C00202D7F954C23
:100AC8002DF451580E33CDAB34126DE6ECDE050033
:100AD8002E7F954C18C3000830C3000830B51C00A1
:100AE8000A4B05001B6885B0D868002A0AD0084B55
:100AF8000292019300912B002200064900F020F891
:100B080000F0AAFD044B1A00F2E7C046000C0020D2
:100B180064C3000874C3000870C30008130010B54C
:100B28000022FFF7DBFFC0460CB400B583B004AB6E
:100B380004CB019300F01EF903B008BC02B01847BB
:100B48000EB400B582B003AB0100054804CB0068C1
:100B5800019300F00FF902B008BC03B01847C04673
:100B6800000C002010B5034B0100186800F064F871
:100B780010BDC046000C002010B5034B01001868DA
:100B880000F004F810BDC046000C002070B5050048
:100B9800002915D00C1F2368002B27DB280001F043
:100BA80005FA244B1A68002A05D0A2420CD92168FC
:100BB8006018824224D0626028001C6001F0F8F9B5
:100BC80070BDA34203D81A005368002BF9D11168ED
:100BD8005018A0421BD027D821686018834207D03C
:100BE80063605460280001F0E3F9E9E7E418D5E709
:100BF80018685B6884466144216063605460F1E76B
:100C0800106852688446614421606260D4E72068B5
:100C18000918501811608342E4D118685B6884464B
:100C2800614411605360DDE70C2328002B6001F05C
:100C3800BFF9C5E7A40F0020F8B50323CD1C9D43D9
:100C4800083506000C2D2AD20C25A94229D83000D7
:100C580001F0ACF92A4F3A68002A0AD013685B1BE6
:100C680004D441E023685B1B1FD522005468002C84
:100C7800F8D17B68002B3DD02900300009F0CEFE6A
:100C8800431C2AD00323C41C9C43A04205D0211A2C
:100C9800300009F0C3FE431C1FD0256010E0002D72
:100CA800D3DA0C2300203360F8BD0B2B05D863681A
:100CB800A2421DD0536003E014002360E4182560AD
:100CC800300001F075F9200007220B30231D9043F6
:100CD800C21AE9D01B1AA350E6E70C233000336090
:100CE80001F066F90020DFE70B2BE5D81400536804
:100CF8003B60E5E70021300009F090FE7860BBE733
:100D0800A40F0020936810B5013B9360002B04DA10
:100D18009469A34207DB0A2905D01368581C1060A0
:100D28000800197010BD00F09BFBFBE7F8B5060042
:100D38000F00002B0DD01400D51802E00134AC428E
:100D480007D021783A003000FFF7DCFF431CF5D1CB
:100D5800F8BD0020FCE7C046936810B51400002BCE
:100D680002D10020536010BD00F07AFE0023A3607A
:100D78006360F8E7F0B54E46DE4657464546E0B5AF
:100D8800A1B00490039191461C00002804D0836907
:100D98000593002B00D1BEE0AD4B039A9A4200D1D7
:100DA800C0E0AC4B039A9A4200D1CDE0AA4B039A1B
:100DB8009A4200D147E1039A93891B0700D4B9E00E
:100DC80013690593002B00D1B4E0002308AD6B61D3
:100DD80020336B761033AB762F3B98464B461B7807
:100DE80007949E4F002B00D189E0252B00D125E1E7
:100DF8004E4603E0252B00D1AAE026007378741C28
:100E0800002BF7D14B46E31A9A4678D053464A4608
:100E180003990498FFF78AFF431C70D06B69534409
:100E28006B617378002B6AD00122002352426A60FA
:100E3800443201342B60EB60AB60AB54AB6506E029
:100E48004346C01B834034002A6813432B60217833
:100E580005223800FFF7E6FC661C0028F0D12B6855
:100E6800B246DA0602D543222021A9541A0702D530
:100E780043222B21A95421782A2900D06EE0079A11
:100E8800111D12680791002A00DABAE0EA60617859
:100E9800A61C2E2900D17AE0714B0322180099462E
:100EA800FFF7C0FC002800D18FE04B46C01A402352
:100EB80083402A68317813432B600622731C6948E3
:100EC80099462976FFF7AEFC002800D188E0664BEA
:100ED800002B00D18EE007AB0093039A634B2900E7
:100EE800049800E000BF83465B46013307D06B6976
:100EF8005B446B614B461B78002B00D075E7039B66
:100F08009B895B061DD4686921B03CBC9046994614
:100F1800A246AB46F0BD00F07BFD4D4B039A9A42CA
:100F280000D03EE7049B5B680393039A93891B07F1
:100F380000D545E70399049800F008FB002800D184
:100F480043E701204042DFE7049B9B68039332E7B5
:100F58004B46E31A9A4600D166E757E70A00303A4B
:100F6800A246092A95D8EB68180001E0340001363A
:100F780083001B1831785B0098180A00303A092A58
:100F8800F4D9B246E860A61C2E2900D084E753465F
:100F980059782A293BD1079B1A1D07925246917806
:100FA800D61C022294461B68E2446B60002B00DBCF
:100FB80072E701235B426B60294B032218009946B4
:100FC800FFF730FC002800D06FE7B146564631786D
:100FD800062224482976FFF725FC002800D076E76A
:100FE80007AB0093039A214B2900049800F0E4F81A
:100FF800834679E70722079B073393430833079310
:1010080075E75242EA60022213432B603FE70A0069
:101018000023303A6B601800092A01D910E01E003D
:1010280083001B1871785B0098180A00303A731C0B
:10103800092AF4D99A46023668602DE74C46F3E649
:10104800B246013628E7049BDB680393B3E6C04643
:10105800C0AB0008A0AB000880AB0008A4C3000820
:10106800ACC30008B0C3000800000000350D00083C
:1010780010B504001300034A10680A002100FFF7A6
:1010880079FE10BD000C0020F0B54F464646D64606
:10109800C0B51F00089B914698468A680B690600F0
:1010A8000C00934200DA13004A4613604322A25C04
:1010B800002A02D04A460133136023689A065AD59B
:1010C8004B461B6806209A1C4B461A602368190079
:1010D800184208D1E16800258A1A19218A461900A0
:1010E800A244002A3FDC4323E35C5A1E93418A064C
:1010F8000AD53020E1184331087045215A1C615C3B
:10110800A2184332023311702200390043323000F2
:10111800C047431C19D006232068A26821690340F0
:10112800042B30D08A423ADD00239946521A914462
:101138001A34002502E001354D4530DA012322003A
:1011480039003000C047431CF5D1012040421CBC87
:1011580090469946A246F0BD4B46E2681B680135A9
:10116800D31AAB4220DD0123524639003000C04774
:10117800431CF1D1E9E706221A4212D04323E35C6B
:101188005A1E9341C0E74B46E0681B68C31AD84310
:10119800C017184081468A42C8DC002BC8DC0020F2
:1011A800D5E74A46126895E743232168E35C5A1E4F
:1011B80093418A069DD4A7E7F0B557469A4643233C
:1011C8009C464E464546DE468C446346E0B587B0AD
:1011D80003930B7E914680460C00109A6E2B00D12B
:1011E800D8E000D871E0732B00D11AE100D881E073
:1011F800752B00D1FFE0782B00D00BE10B6878202D
:101208004521605494498B46116840C911601806FD
:1012180003D4580601D53604360CDA0702D5202245
:10122800134323601027002E00D1C2E0432300227D
:10123800E2546368A360002B00DAC5E00422216849
:1012480091432160002E00D083E0002B00D0BDE048
:10125800039D082F00D18CE0039B5B1B2361534641
:1012680005AA009321004B464046FFF70DFF431C9B
:1012780022D023692A0049464046D047431C1BD048
:1012880022680598E368920700D47FE01A1A002ABA
:1012980000DC7BE026000025193606E0E3680598A7
:1012A80001351A1AAA4200DC70E0012332004946CF
:1012B8004046D047431CF1D10120404207B03CBC16
:1012C80090469946A246AB46F0BD632B00D184E018
:1012D8001FD8002B69D0582B00D09BE045216354C0
:1012E8005E4923688B46116840C91160180600D40E
:1012F8008FE792E76F2B7ED0702B00D08AE02023F7
:10130800096878200B4345212360605452498B4675
:101318007AE7642B01D0692B7CD111682368081DFA
:1013280010601D064AD50A681600002A03DB4B4BDD
:101338000A279B467DE743222D21A1546268764205
:10134800A260002A02DB042293432360434B0A274E
:101358009B46039D00E0060039003000FFF72EF899
:101368005B465B5C013D2B70BE42F4D2082F00D077
:1013780072E72368DB0700D46EE76368226993424B
:1013880000DD69E73023013D2B7065E7984295DA67
:10139800180093E7136809681D1D606915601B68CC
:1013A8000E0601D449064BD418600023039D23611F
:1013B80055E7202322689A43226037E75D06B2D5B5
:1013C80000228E5E3200B0E7002EC2D15B462500B7
:1013D8001A7842234235E2543BE713682500191D69
:1013E80011601A684223E254413B4235236143238A
:1013F8000022E25433E7116820680D1D15600606C7
:1014080001D440061ED40E686F2B1DD0134B0A273B
:101418009B460BE742222500A35401234235236152
:10142800E5E71368191D11601D686268002128002E
:10143800FFF7F8F900280BD0401B60602061D6E761
:101448001880B2E70E88DFE7044B08279B46EDE6D5
:1014580060682061CBE7C046CCC30008B8C3000869
:10146800F8B505000E001400002802D08369002B8F
:1014780029D02D4B9C422BD02C4B9C4246D02C4B38
:101488009C424ED0A369A360A3891B0726D5236974
:10149800002B23D0FF22F7B2616916402268D31AC5
:1014A80099422ADD0133A1680139A160511C2160EC
:1014B800177062699A422BD0A389DB0701D50A2EDF
:1014C80026D03000F8BD00F0A3FA174B9C42D3D1C8
:1014D8006C68A369A360A3891B07D8D421002800DE
:1014E80000F034F8002819D1FF222369F7B26169A6
:1014F80016402268D31A9942D4DC2100280000F053
:101508004DF900280AD122680123CCE7AC68B9E775
:101518002100280000F042F90028D2D001267642A6
:10152800CFE7EC68AEE7C046C0AB0008A0AB000848
:1015380080AB000810B5044B0A001B6801001800B6
:10154800FFF78EFF10BDC046000C00203E4B70B563
:101558001D6806000C00002D02D0AB69002B1BD0C3
:101568003A4B9C421ED03A4B9C424CD0394B9C4241
:1015780060D00C23E25E93B2190719D521690029BE
:1015880021D0DA072ED50023A360636900205B42CF
:10159800A36100292ED070BD280000F039FA2B4B2A
:1015A8009C42E0D16C680C23E25E93B21907E5D443
:1015B800D90641D55B0728D4216908231343A381A1
:1015C8009BB20029DDD1A0228020920080001A4021
:1015D8008242D6D02100300000F042FCA389216964
:1015E800DA07D0D400229B0700D46269A2600020E9
:1015F8000029D0D10C22A35E1A06CCD54022134371
:10160800A3810138C7E7AC68B3E7616B00290AD04A
:1016180023004433994204D03000FFF7B7FA0C2373
:10162800E25E0023636324239A43002321696360F5
:101638002160C2E7EC689CE709233360402301205E
:101648001A43A2814042A6E7000C0020C0AB000864
:10165800A0AB000880AB000810B5062000F060FDC4
:10166800012009F0FFF9C046F0B5C64600B58B89E0
:1016780080460C001A0745D44A68002A63DDE56AEB
:10168800002D3BD042464146166800220A60216A76
:10169800DA045CD4012300224046A847431C61D0E9
:1016A800A389E56A216A5B0706D56368C01A636B7C
:1016B800002B01D0236CC01A002302004046A84723
:1016C800431C46D143461B680C21625E002B56D052
:1016D8001D2B01D0162B5DD1002363602369236085
:1016E8004346616B1E60002908D0230044339942A9
:1016F80002D04046FFF74AFA00236363002004BC87
:101708009046F0BD0E69002EF8D00A680E60951B51
:1017180000229B0700D14A69A260002D04DCEDE796
:1017280036182D1A002DE9DD2B003200216A4046BB
:10173800A76AB8470028F3DC40220120A389404269
:101748001343A381DBE70A6C002A98DCD6E7606DB7
:10175800A9E70023636023692360A389DB04BFD55D
:101768006065BDE743461B68002B99D01D2B0DD043
:10177800162B0BD04022A3891343A381BFE76360D4
:1017880023692360D304ABD56065A9E743460020ED
:101798001E60B4E740231A43A281B0E70B6970B515
:1017A80005000C00002B16D0002802D08369002BFE
:1017B80015D00E4B9C4210D00D4B9C4212D00D4BB5
:1017C8009C4211D00C22A35E002B04D021002800DB
:1017D800FFF74AFF00E0002070BD6C68F2E700F0F8
:1017E80017F9E6E7AC68EDE7EC68EBE7C0AB000893
:1017F800A0AB000880AB000810B5011E04D0054B53
:101808001868FFF7CBFF10BD034B0449186800F0B8
:10181800D9FAF8E7000C00207CAB0008A5170008EF
:101828000020704710B5024900F0CCFA10BDC04640
:10183800A51700080020704770B568244A1E544355
:101848000E0021007431FFF7F7F9051E09D00023B7
:101858002200036046600C30A86068320021FFF760
:1018680075F8280070BDC0461E4B70B51D6806008F
:10187800AB69002B27D048356B68AC68013B03D5B2
:101888001CE06834013B19D30C21625E002AF8D1B0
:1018980000252000144B656625606560A560E3603F
:1018A80025616561A561082200215C30FFF74EF8CB
:1018B8006563A563A564E564200070BD2C68002CF1
:1018C80005D02500D8E7280000F010F8D3E7042158
:1018D8003000FFF7B1FF041E2860F2D10C233360FB
:1018E800EAE7C0467CAB00080100FFFFF0B5D6462A
:1018F8004F464646384BC0B5836200238364C364B1
:101908000365364B82B01B6805000193984260D08E
:101918002800FFF7A9FF68602800FFF7A5FFA86067
:101928002800FFF7A1FF6E680024E8600423300058
:10193800746634607460B460F36034617461B46177
:10194800082200215C30FFF701F8254B254F9A4605
:101958007362254B37639946B362244B3662F36250
:10196800AE6898463000224B746634607460B46088
:10197800F36034617461B461082200215C30FEF7C1
:10198800E5FF534673624B46B36243463763F362DF
:101998003662EE68174B3000F3607466346074602A
:1019A800B46034617461B461082200215C30FEF7D0
:1019B800CDFF534673624B46B3624346F36201233D
:1019C80036623763AB6102B01CBC90469946A246AA
:1019D800F0BD012383619BE72D1800087CAB00084C
:1019E800B52100084D220008E12100082122000845
:1019F800090001001200020010B5034B03491868E2
:101A080000F0E0F910BDC0467CAB0008A51700083F
:101A1800836910B5002B01D1FFF768FF10BDC046E0
:101A28007047C0467047C0467047C0467047C046BA
:101A380010B5034B0349186800F0A2F910BDC04661
:101A4800000C00202918000810B5034B034918683A
:101A580000F096F910BDC046000C00203D180008A3
:101A6800F0B54546DE4657464E46E0B5936883B026
:101A780000900C009046002B6DD08B891A0700D47B
:101A880071E00A69002A00D16DE0424616689A079B
:101A980000D475E0A36A00279A46B54B00259946FD
:101AA800216A002D16D02B004D4500D9B04B3A00C5
:101AB8000098D047002800DCD5E043469B683F18D3
:101AC8002D1A181A4346986045D0A36A216A9A4687
:101AD800002DE8D1376875680836E2E74B461B6881
:101AE8009A464B465F6808239C46E144002FF5D090
:101AF8003A000A215046FEF795FE002800D1CEE0B4
:101B080053460130C61A3300BB469F4200D99B4654
:101B1800206822696369904204D9A2689D18AB4580
:101B280000DD92E05B4500DDF9E0A56A5246216AD6
:101B38000098A847051E00DC95E0761B0120002EC2
:101B480000D1E4E043469B68AA447F1B5D1B4346E3
:101B58009D6000D095E0002003B03CBC90469946BB
:101B6800A246AB46F0BD21000098FFF7EFFC002825
:101B780000D0F9E04246A38916689A0700D589E79C
:101B8800DA0778D4002291468022920000279346F3
:101B9800A5682068002F53D05A46134200D181E02F
:101BA800AA46BD4200D9AFE09022D20013422ED0FF
:101BB8002169451AAC466069019542001218D00F98
:101BC8008218781C521060449246904201D982468D
:101BD80002005B0500D4AFE011000098FFF72CF875
:101BE800051E00D1BAE0019A2169FEF75BFEA389C0
:101BF800604A134080221343A3815246019B25610A
:101C0800E818BA463D00D31A20606261A3605246C4
:101C1800494600F06DF9A3685D1BA5603D000027EB
:101C280023685344236043469B68A9445D1B43468D
:101C38009D6000D18FE7A5682068A389002FABD1EC
:101C48003268776891460836A4E751462A0000F0C2
:101C58004FF9236821005B1923600098FFF79EFD68
:101C6800002800D169E70C22A35E4022012013431B
:101C7800A381404270E70023B14600209A4600271E
:101C88001E00002F00D129E7002800D03BE73A00CA
:101C98000A215046FEF7C6FD002800D030E77B1C1D
:101CA8001E0031E72369834217D363699A46BB4212
:101CB80013D8314B38009F4200D930485146FEF7BF
:101CC80081FB53464A464343216A0098A56AA847C0
:101CD8000028C8DD05007F1BA5E7BD4200D93D00EF
:101CE8002A00494600F004F9A36822685B1B5219D0
:101CF800A3602260002BEED121000098FFF74EFD73
:101D08000028B0D17F1B8EE73D00BA467FE721004F
:101D18000098FFF743FD002800D113E7A3E75A46D0
:101D2800514600F0E5F85A46A3685D469B1AA36041
:101D380023685B44236000E7009800F03BF9051E28
:101D480000D05AE7009D21692800FEF71FFF802276
:101D5800A3899343743A1BB22A6086E70C23009A3E
:101D680013600C22A35E80E701204042F4E6C046DF
:101D780000FCFF7F7FFBFFFFFEFFFF7FFFFFFF7F72
:101D8800F0B5C646483000B588460700002600284A
:101D980013D07B68BC685D1E0CD4A389012B06D9BF
:101DA8000E22A35E013302D02000C04706436834E8
:101DB800013DF2D23F68002FEBD1300004BC9046C1
:101DC800F0BDC046F8B54746CE4680B5070048374F
:101DD800804689460026002F14D07B68BC685D1EAB
:101DE8000DD4A389012B07D90E22A35E013303D09A
:101DF80021004046C84706436834013DF1D23F6898
:101E0800002FEAD130000CBC90469946F8BDC04678
:101E180070B50C001D000E23C95E96B0160000298F
:101E280014DB6A4608F007FE00280FDBF022019B4E
:101E380012021340094A944663445A4253412B60A4
:101E48008023DB003360002016B070BD00232B60B8
:101E5800A3891B06F4D540233360F4E700E0FFFFB5
:101E680070B58B8982B006000C009B0707D523004C
:101E78004733236023610123636102B070BD01AB66
:101E88006A46FFF7C5FF009905003000FEF7D4FE4B
:101E9800002810D08022154BB362A3892060134319
:101EA800009A1BB26261019AA3812061002A0CD1B9
:101EB8002B43A381E1E70C22A35E9A05DDD403221C
:101EC800934302221343A381D1E70E23E15E30003E
:101ED80008F0BDFD002802D10C22A35EE8E703222A
:101EE800A3899343012213431BB2E1E72D1800088D
:101EF800F0B5C64600B588420CD98B18984209D26D
:101F0800531E002A03D0CA5CC254013BFBD204BC56
:101F18009046F0BD0F2A0CD80500561E002AF6D0B0
:101F2800002300E02300CA5C5C1CEA549E42F9D1FD
:101F3800EDE70B00032603431E400C000300002EB0
:101F48002ED11500103D2D09AC462D01A846804420
:101F580000E02B001D00276810351F6067685F6070
:101F6800A7689F60E7681034DF604345F1D1654694
:101F78000F230C2401352D0149191340451914422A
:101F880011D08C59AC5104369C1B032CF9D803246E
:101F9800043B9B0801339B00ED18C9182240BCE79D
:101FA800561E0500BCE71A00B7E7C0467047C04692
:101FB8007047C046F8B507000C00150000291BD073
:101FC800002A15D000F044F92600A84201D33000B9
:101FD800F8BD29003800FEF72FFE061EF7D02100B5
:101FE8002A00FEF75FFC21003800FEF7CFFDEEE780
:101FF800FEF7CCFD0026EAE71100FEF71DFE0600FD
:10200800E5E7C04610B580210400FEF715FE6064C0
:10201800002807D002000023803208C09042FCD17B
:10202800002010BD01204042FBE7C046426C10B5BD
:102038000023002A01D0180010BDFFF7E3FF0300BA
:10204800F9E7C04670B505000C0016001F2907D82F
:10205800436C002B09D0A4001B1918681E6070BDC2
:102068001623036001204042F9E7FFF7CBFF002861
:1020780001D16B6CEFE701204042F0E770B5050035
:102088000C001F2920D8436C002B0ED08A009B1807
:102098001A68002A09D0012A14D0511C0ED0002138
:1020A800200019609047002070BD280000F07AF8E1
:1020B80022000100280000F061F8F5E7162303600C
:1020C8000120F1E70020EFE71623036001204042DA
:1020D800EAE7C04670B505000C001F291DD8436CFF
:1020E800002B10D0A2009B181A68002A09D0511C96
:1020F80011D0012A0DD0002120001960904700203E
:1021080070BD0120FCE7FFF77DFF002805D16B6C4F
:10211800E8E70320F4E70220F2E701204042EFE776
:1021280010B5034B01001868FFF7A8FF10BDC046A3
:10213800000C002010B5044B0A001B6801001800B1
:10214800FFF780FF10BDC046000C0020054B10B5FE
:102158001B6800205A6C002A00D010BD1800FFF739
:1021680051FFFAE7000C002010B5034B0100186876
:10217800FFF7B0FF10BDC046000C0020002370B56B
:10218800074C050008001100236008F062FC431C9E
:1021980000D070BD2368002BFBD02B60F9E7C04648
:1021A8008C1F002010B508F05BFC10BD70B50C004A
:1021B8000E25495F08F027FC002803DB636D1B1818
:1021C800636570BDA389024A1340A381F9E7C0463D
:1021D800FFEFFFFF00207047F8B516001F000C2224
:1021E8008B5E0C0005000E22895EDA0508D4094AC8
:1021F80028001340A38132003B0008F00BFCF8BD17
:102208000022022308F004FC0C22A35E0E22A15E29
:10221800EDE7C046FFEFFFFF70B50C000E25495FE4
:1022280008F0F6FB431C06D08023A2895B01134308
:10223800A381606570BDA389014A1340A381F9E7B2
:10224800FFEFFFFF10B50E23C95E08F0E5FB10BDD8
:102258000B1F1B68181F002B00DB70470B58C0189A
:10226800FBE7C046012070470120704710B5FFF713
:10227800FBFF10BD704710B5FFF7FCFF10BD000055
:1022880013B5104B00901B78002B16D16B469B782A
:10229800002B0DD0002A0BD004F0A0FD0400010093
:1022A800009804F055FD2000009903F0BCFA16BD13
:1022B800009804F073FD0400F5E7009804F08EFD23
:1022C8000099F2E754110020030010B50A000188B4
:1022D8004088000408439988FFF7D2FF10BD10B565
:1022E80004000021FFF7F0FF2100FFF7C4FF10BD35
:1022F80030B50124050020008840010020009040EE
:1023080002009C4028002B000A431340A04393423C
:1023180001D12000284330BD10B513000A00010088
:1023280003480068FFF7E4FF04F0B8FC10BDC0469E
:10233800A411002010B500F02FFB02F095FF00F06B
:102348004CFB10BD10B500F04DFB10BD70470000F0
:1023580010B504F04FF9FFF7F9FF034806F055FCF4
:1023680005F0D4F810BDC046C409000070B50121BD
:102378000500FFF7A9FF2900040003F079F80028F9
:1023880001D1002070BD29002000FFF76FFF002851
:10239800F7D02900200002F0A1FE0028F1D0290082
:1023A800200003F031FB0028EBD02900200003F0C7
:1023B8008DFB0028E5D02900200003F053FC0028FD
:1023C800DFD02900200002F059FC0028D9D0AB78D2
:1023D800002B0CD01B4B9C422DD00CD81A4B9C4286
:1023E80015D01A4B9C4223D0DE3B9C420CD02800CF
:1023F800FFF738FFC6E7164B9C421FD0154B9C428F
:10240800F5D104F091FDF2E7FFF7A2FFB9E701214A
:1024180011480278D307DB0F4B400B408A43134324
:1024280003700E480B4200D00D4805F0ADFBA8E73D
:1024380004F008FFA5E704F083FDD8E704F085FD64
:10244800D5E7C0465A5D0000015C0000DE5C000074
:102458005B5D00005C5D0000FF1100201DAD000801
:102468000CAD0008F8B5184BC1081D5C07231840CF
:10247800164B174C5A5C174F0241645C7F5C012372
:102488001600044107411E401C401F401A4202D05A
:10249800E12003F089FD002C02D0E62003F084FD42
:1024A800280003F06AFE002C02D0E62003F0FCFDB1
:1024B800002E02D0E12003F0F7FD002F02D02C20DF
:1024C80003F05BFEF8BDC0464FAD0008CFAD000875
:1024D8002FAD00083FAD0008F7B5040004270A2611
:1024E8000191207800283CD0012837D16378012B4E
:1024F8000ED1A078A51C03F040FE2C00019D0134EC
:10250800013DEDB2FF2DECD0300006F07EFBF7E781
:10251800022B04D1A078A51C03F046FDEDE7032BA0
:1025280004D1A078A51C03F0BFFDE6E7042B01D079
:102538000134E3E700250B49A3780234CA5C601C28
:102548003A4205D1013DD9D3300006F05EFBF9E7E8
:102558007543303B5D1963780400EFE7FFF782FFAE
:10256800CCE7F7BD79AA000810B50021FFF7B4FF42
:1025780010BD030033221B0900011843C0B28300B9
:102588008010104093430343DBB2223258005B10A3
:10259800904313401843C0B2704770B50500C0B2ED
:1025A800FFF7E7FF0400280AFFF7E3FF24022043B0
:1025B80080B270BD704710B5FFF7FCFF10BD012059
:1025C800704710B5FFF7FBFF10BD10B50400FFF70B
:1025D800F2FF201CFFF7F5FF10BD00207047704781
:1025E800014B4000185A70470EAE000837B501ABD2
:1025F8001980019903F017F900F0E6F80400A0200B
:10260800C001844239D28023DB019C4200D393E08D
:10261800E72C1AD8DF2C16D8A72C0AD8A42C00D956
:1026280074E0012C0FD0231F9BB2A02B0BD90024E0
:1026380009E0BE2C00D86DE02000C03880B200242C
:102648001F2800D870E0201C3EBDC0239B019C427F
:102658000ED280239B019C4264D2FF2C03D8EF2C1E
:10266800E5D9044354E0200A80B20002E4B2F8E756
:10267800E3B222055CD4C0245BE0AA23DB019C42C0
:102688001DD2A822E3B2D201944270D2013AFF3A95
:1026980094420BD2013AFF3A944260D2013AFF3A8F
:1026A80094424ED33E481C020443CCE703249808C6
:1026B8002340023C9C40400120433A4CD1E7B423DC
:1026C800DB019C420FD2013BFF3B9C425CD2AC2316
:1026D800DB019C424ED3344BE3189BB2FF2BA6D8A8
:1026E8002002324CBDE78025314BAD01E3189BB287
:1026F800AB429CD2E004C00E00F0E0F8F8230002E0
:102708005B011840E4B204432C439CE7243C1C437F
:10271800A4B298E75834274BE4B26400E05A8824FE
:10272800E401C1E72005000DFFF75AFF04008AE71E
:10273800C82424021C4386E71F482040A024240202
:10274800B2E7200903249A08204022401C400123B4
:10275800A3400002520110431843184C81E7032498
:1027680098082340023C9C4040012043F5E7144C64
:102778001B02DFE7E0B200F0A1F8F82400026401D0
:1027880020400134FF348FE70F252000284000F057
:1027980095F824092C40240204430A4861E7C046FE
:1027A800F1A00000008AFFFF00A8FFFFF0A0FFFFD4
:1027B80000A0FFFFE0AD0008FF0F0000008CFFFF46
:1027C800F4A000000090FFFF030010B5E72808D828
:1027D800DF2808D831285CD00ED8292853D02A28D9
:1027E8005DD0180010BDE0380728FAD8FDF742FD83
:1027F80016F9232836F93D42392809D0822807D00E
:102808003528EED12C4A12789206EAD52923E8E732
:10281800294A12789207E4D0E023E2E7012126480A
:1028280002780A4241D140780842DAD0E323D2063E
:10283800D7D50023D5E7204A12785107F6D4D0E738
:102848001D490A78500732D44978C907E4D41021C1
:102858000A4051424A4152421340C2E7164A51784F
:102868008907BED51278E723E1E7134A12781107E2
:10287800F9D4B6E710490A7810071AD449788907B5
:10288800E5D5E423ADE70C4A12789206A9D535239D
:10289800A7E7094A12785206A3D52A23A1E7064AD0
:1028A800127852069DD531239BE7392399E7E22315
:1028B80097E7E62395E7C0461415002030B50424B1
:1028C80027490A78224205D018230340082B27D12C
:1028D80098432043130708D51824050014232540DE
:1028E800A54225D1A843C0B2184301244978214202
:1028F80006D018230340082B21D19843C0B22043A7
:102908008B0708D51821040011230C408C421FD1D5
:10291800A043C0B21843D30601D5E723184030BD01
:1029280014230340042BD5D1984304331843D1E72B
:102938000340142BD9D19843C0B22043D5E71123C3
:102948000340012BDCD19843C0B207331843D7E7C3
:102958000340112BDFD19843C0B20843DBE7C046E0
:102968001415002010B502F05EFD10BD10B500F082
:10297800CBF8642006F049F900F0C6F8002000F012
:1029880035F8C30703D5FFF7EDFF04F0BFFD10BD11
:1029980010B5FFF7EBFF10BD10B504F0C3FB00281E
:1029A80001D104F04FFC04F0C9FB084B187004F087
:1029B800CFFB074B1880FFF7EBFF04F0C4FB04F0D4
:1029C80044F9044B186804F064F910BDFF110020A5
:1029D80014150020A4110020704710B5FFF7FCFF64
:1029E80010BD704710B5FFF7FCFF10BD014B40004C
:1029F800185A70472015002010B50D4805F0C4F886
:102A0800002421000B4805F0BFF80B4805F0BCF87E
:102A18000A4A6300D05AFFF7C0FD0100084805F0D4
:102A2800B3F80134074805F0AFF8052CE9D110BD1B
:102A38000EAE000825AE0008BBB500082015002022
:102A48002AAE000898B8000810B5012006F0DDF895
:102A580010BDC046C046C046C046C046C046C04677
:102A6800C046C046C046C046C046704710B5FFF7CE
:102A7800EBFF10BD10B572B60F23020001211A40FA
:102A880091409843202207F0D8F862B610BD0000A4
:102A980070B51548FFF7EEFF1448FFF7EBFF144831
:102AA800FFF7E8FF1348FFF7E5FF1348FFF7E2FFDA
:102AB800124C25003C3501CCFFF7DCFFA542FAD1CA
:102AC80000230F490F4A05200B8013804B80538049
:102AD8008B809380CB80D3800B81138100F06AF8C0
:102AE800FFF728FC70BDC0460104004800040048F8
:102AF80007000048050000480400004830AE000800
:102B08001615002020150020F7B50025244C254F68
:102B1800236872B60F2101261A000B409E408A4393
:102B2800019231000122019807F087F8019BB6B2A3
:102B38005E8362B6FFF78DFF00231B4A1E00944692
:102B480061469A0052580F211000884300690A40D4
:102B5800D0400E390022084202D10A009A4012B22F
:102B680016430133B6B20F2BEAD12068FFF782FF74
:102B7800FFF77CFF3A880023B24201D03E80013340
:102B88001D430A4B043402379C42C1D12B00052255
:102B98000749044800F010F8FFF7D4FB2800FEBDF1
:102BA8006CAE00081615002030AE000880AE000894
:102BB8002015002070470000F8B506000F0014002B
:102BC8000E4D002B05D001232B7004F093FC0C4B09
:102BD80018802B78002B0BD0094B188804F08FFC39
:102BE800052805D900236400A34202D100232B70D5
:102BF800F8BDF25AFA520233F6E7C046AC0F00208D
:102C0800AE0F002010B5044804F0BEFF01220521D4
:102C1800024804F0B9FF10BD80AE00087BAF000881
:102C2800013810B505280FD8FDF72EFB030F19231F
:102C38002D371F4A13785B18FF21FE2B00DCD9B211
:102C48001C48117004F0A0FF10BD1B4A13785B18D4
:102C5800FF21FE2B00DCD9B218481170F2E7184AA0
:102C680013785B18FF21FE2B00DCD9B215481170D0
:102C7800E8E7154A13785B18FF21FE2B00DCD9B270
:102C880012481170DEE7124A13785B18FF21FE2BF9
:102C980000DCD9B20F481170D4E70F4A13785B18DB
:102CA800FF21FE2B00DCD9B20C481170CAE7C046E0
:102CB800640C0020C9AF0008650C0020D8AF0008DC
:102CC800660C0020EAAF0008670C0020FDAF000882
:102CD8006A0C002012B000086B0C00202BB0000812
:102CE80001380B0010B505280FD8FDF7CDFA030FF2
:102CF80019232D371E48002102789A4201D9D31A88
:102D0800D9B201701B4804F03FFF10BD1A480021DA
:102D180002789A4201D9D31AD9B201701748F2E75A
:102D28001748002102789A4201D9D31AD9B2017002
:102D38001448E8E71448002102789A4201D9D31AC6
:102D4800D9B201701148DEE71148002102789A4291
:102D580001D9D31AD9B201700E48D4E70E48002120
:102D680002789A4201D9D31AD9B201700B48CAE73E
:102D7800640C0020C9AF0008650C0020D8AF00081B
:102D8800660C0020EAAF0008670C0020FDAF0008C1
:102D98006A0C002012B000086B0C00202BB0000851
:102DA80010B501000400054804F0EEFE0120A04023
:102DB80003F04BFF03F01EFC10BDC04646B00008F0
:102DC800F8B5030005383E2800D9E5E1FDF766FAB5
:102DD8004201320148013F00E401E4013001E4010D
:102DE800E4017001E4018101C801E401E401E401A6
:102DF800E401A801E401E4019701E4015D01E401B3
:102E0800E401E201E201E201E201E201E201E201A0
:102E1800E201E201DB01E40142012901E401E401EC
:102E2800E401E401E401E401E401E401E401E40172
:102E3800DB01E401E4013001E401DF01DF01DF012E
:102E4800DF01DF01DF01DF01DF01DF01DB01D54841
:102E580004F09AFED44804F097FE04F074F9D34DB8
:102E68000100280004F090FED14C200004F08CFEF4
:102E780004F064F90600CF4804F086FECE4F310016
:102E8800380004F081FE200004F07EFECB4804F0F8
:102E98007BFEF107C90F280004F076FE200004F03D
:102EA80073FEC74804F070FEB107C90F280004F08C
:102EB8006BFE200004F068FEC24804F065FE71074E
:102EC800C90F280004F060FE200004F05DFEBE4833
:102ED80004F05AFE3107C90F280004F055FE2000FF
:102EE80004F052FE04F034F90600B84804F04CFE31
:102EF8003100380004F048FE200004F045FEB448D4
:102F080004F042FEF107C90F280004F03DFE20003E
:102F180004F03AFEAF4804F037FEB107C90F2800A5
:102F280004F032FE200004F02FFEAB4804F02CFE23
:102F3800F105C90F280004F027FE200004F024FE44
:102F4800A64804F021FEB105C90F280004F01CFEB4
:102F5800200004F019FEA24804F016FE7107C90FFC
:102F6800280004F011FE200004F00EFE9D4804F035
:102F78000BFE3107C90F280004F006FE200004F0FC
:102F880003FE994804F000FEF106C90F280004F07A
:102F9800FBFD200004F0F8FD944804F0F5FDB106AF
:102FA800C90F280004F0F0FD200004F0EDFD904862
:102FB80004F0EAFD7106C90F280004F0E5FD2000C1
:102FC80004F0E2FD8B4804F0DFFD3106C90F28004C
:102FD80004F0DAFD200004F0D7FD01F0D5FE06006C
:102FE800854804F0D1FD3100380004F0CDFD200003
:102FF80004F0CAFD714804F0C7FDF107C90F2800A5
:1030080004F0C2FD200004F0BFFD7C4804F0BCFDC4
:1030180031062800C90E04F0B7FD200004F0B4FD05
:1030280004E0774804F0B0FD04F00CF901240FE047
:103038007448F3E70F210124734A744813788B43CB
:10304800137004F0A1FD724804F09EFD714B1C70D2
:103058002000F8BD704804F097FDFFF779F9E5E71F
:103068000124694D6D482A78D307DB0F634023405C
:10307800A24313432B70234217D1694804F084FDFF
:103088000E222B7893432B70E2E701245E4D022138
:103098002A7864489307DB0F63402340A3408A43A0
:1030A80013432B700B4223D15F4804F06DFDCFE72B
:1030B80001240421544D5D482A785307DB0F6340EF
:1030C80023409B008A4313432B700B4210D158486E
:1030D800EBE7012408214C4D2A781307DB0F6340E6
:1030E8002340DB008A4313432B700B4205D0514821
:1030F80004F04AFD2B782343C5E74F48D5E74F48EE
:1031080004F042FD4E4804F03FFD4E4804F03CFDFB
:103118004D4804F039FD4D4804F036FD4C487DE734
:103128004C4804F031FD02F0CDFD01004A4804F09E
:103138002BFD4A4B4A48197804F026FD494B4A486A
:10314800197804F021FD494B49481978C90904F058
:103158001BFD04F0B1F90100464804F015FD65E7D0
:10316800012403F047FA7F2040490A78D3096340D5
:10317800DB01024013430B70DBB2834201D93E48A6
:1031880093E73E4891E70020FFF70AFE4EE7393BF8
:10319800D8B2F9E71D3BFBE7394804F0F5FC0024F9
:1031A80056E7C0464BB0000856B0000866B00008A5
:1031B80098B8000869B0000825AE00087CB000087F
:1031C80086B0000890B000089CB00008A5B00008C0
:1031D800B9B00008D2B00008E9B00008FBB0000898
:1031E8000DB100081FB1000831B100083BB100085B
:1031F8004DB1000869B1000871B1000888B1000834
:1032080091B10008A2B10008FF11002054B30008D2
:103218007BB30008B00F00207FB300089BB3000801
:10322800A7B30008B4B30008C1B30008CFB30008BF
:10323800DEB30008EEB30008FAB3000807B40008CC
:1032480016B4000852B4000869B40008A3B4000812
:10325800E4B40008F0B40008FEB40008640F0020CD
:1032680018B50008601400202FB5000814150020B8
:1032780042B500085AB5000871B500087BB50008CA
:1032880086B5000800207047002070471E38C3B27A
:103298000020092B01D8014AD05C704720B60008ED
:1032A80070B57F4E05003478012C18D0022C43D01D
:1032B8000023002C00D07EE003F04CFE23002228DF
:1032C8000BD12800FFF7DEFF0123002803D12800D7
:1032D800FFF776FD030001200340180070BD03F0DE
:1032E80039FE2228EDD02800FFF7CEFF002816D19E
:1032F800142D16D008D80B2D0AD0102D14D06948DB
:1033080004F042FC00240AE0292D0AD0382DF6D119
:10331800654804F039FC654804F036FC01242300B4
:10332800DBE700243470FAE7FFF76CFC604804F030
:103338002BFC02233370F2E7292831D01FD8132839
:103348003BD008D8072800D193E00B2825D0554852
:1033580004F01AFC11E0142822D003001E3B052BB0
:10336800F5D8FFF793FF534B1870524B1978002983
:1033780000D192E0504804F007FC0123ADE738285B
:103388000BD04B38C3B2072BE1D80728DFD8FCF79E
:1033980071FF68DEDE6CDEDE625CFFF733FCE4E7BB
:1033A800444B1A78002A02D000221A70DDE73F4801
:1033B80004F0EAFB012333708FE7404804F0E4FB94
:1033C8003F4804F0E1FB3F4D3F4B2800197804F0DB
:1033D800DBFB3E4C200004F0D7FB3D4804F0D4FB57
:1033E8003C4B2800197804F0CFFB200004F0CCFBFC
:1033F800394804F0C9FB394B2800197804F0C4FB9C
:10340800200004F0C1FB364804F0BEFB354B280011
:10341800197804F0B9FB200004F0B6FB324804F038
:10342800B3FB324B2800197804F0AEFB200004F0FF
:10343800ABFB2F4804F0A8FB2E4B2800197804F0AA
:10344800A3FB200004F0A0FB8FE70121194B18789B
:10345800FFF7E6FB89E70121164B1878FFF740FCD8
:1034680083E7144B0A211878F2E7124B0A211878DF
:10347800F4E71E22144B20481A70164B14321A70A7
:10348800164B283A1A70174B0A321A70174B0C3A17
:103498001A70184B20321A70D4E7184858E7C046FB
:1034A800B00F002086B5000854B300087BB30008AD
:1034B80088B50008B10F002017B600088CB50008C1
:1034C8009AB5000866B00008640C002098B8000897
:1034D800ACB50008650C0020BEB50008660C0020DD
:1034E800CDB50008670C0020DEB500086A0C002086
:1034F800F3B500086B0C00200AB600081DB60008DA
:1035080010B5184B1A78D3070CD5174B1878052324
:1035180043439B087F20834203D87E38002B00D08A
:10352800D8B210BD930705D50F4B18780523434330
:103538005B08EFE70523520703D50B4A107843438E
:10354800E8E70A4A1278002AEAD0094906480978C1
:1035580000788A42F3D250435843FCF733FF83B2D2
:10356800D8E7C046BC0F0020660C0020BD0F002025
:10357800670C002010B5154B1A7801231A4207D0A2
:10358800134B1B789B080120002B0ED0D8B20CE0FF
:10359800910703D50E4B1B785B08F4E7520705D556
:1035A8000B4B1B787F208342EDD910BD094A127856
:1035B800002AEBD0084B1978054B18788A4201D3BA
:1035C80083B2EFE75043FCF7FDFEF9E7BC0F00209C
:1035D8006A0C0020BE0F00206B0C002010B5F028EC
:1035E80005D1FFF78DFF4042274BD87010BDF12859
:1035F80002D1FFF785FFF7E7F22805D1FFF780FF33
:103608004042214B9870F1E7F32802D1FFF778FF89
:10361800F7E7F92804D1FFF7ADFF1B4B1871E5E771
:10362800FA2803D1FFF7A6FF4042F6E7FB2805D1A9
:10363800FFF7A0FF4042144B5871D7E7FC2802D18E
:10364800FFF798FFF7E703000C33DBB2042B07D82A
:103658000123F43883400C4A51780B435370C5E773
:10366800FD2805D10123094A11780B431370BDE7E2
:10367800FE2803D1054A02231178F6E7FF28B5D1C1
:10368800024A04231178F0E7B60F0020BC0F00208F
:10369800022210B5364B9A56F0280AD1D9787F29DC
:1036A8000DD90021D9708A420BD10021314A1170FD
:1036B80007E0F1280ED1032159560029F1DC002A30
:1036C8000ED01A795B7913435AB2002B01D12A4BD9
:1036D8001A7010BDF22808D1002AF0DA00229A7078
:1036E80003229A56002AECD1DFE7F32802D1002AF8
:1036F800F4DCE4E704215956F92804D10029DEDD79
:1037080000211971DBE7FA2802D10029D7DAF7E797
:1037180005215956FB2804D10029D0DA0021597116
:10372800CDE7FC2802D10029F8DCC8E701000C31FC
:10373800C9B2042907D80121F43881400800597812
:1037480081435970BBE7FD2805D101240B48017856
:10375800A1430170B3E7FE2803D108480224017889
:10376800F6E7FF28ABD1054804240178F0E7C04606
:10377800B60F0020BD0F0020BE0F0020BC0F002098
:103788002A4B70B51B782A4C1B073CD5294804F0F6
:10379800FBF96178284804F0F7F9284804F0F4F9AF
:1037A8000221274D6156280004F0EEF9254E30001D
:1037B80004F0EAF903212800615604F0E5F9300025
:1037C80004F0E2F904212800615604F0DDF9300024
:1037D80004F0DAF905212800615604F0D5F91A48F1
:1037E80004F0D2F9194B1A4D1978280004F0CCF9D5
:1037F800184804F0C9F9184B2800197804F0C4F9DE
:10380800164804F0C1F903F075FEA378E278134373
:1038180001D0134B188023796279134301D0114BDF
:103828001880200002F098FA70BDC046FF110020F1
:10383800B60F00202AB6000825AE00084DB60008CD
:103848004FB6000899B3000852B60008BD0F002013
:1038580066B0000855B60008BC0F002066B4000822
:10386800B20F0020B40F0020F0B55E4B85B01A7877
:10387800022702925A7803260392052204259A56B3
:103888009E57DF575D57019200229A70DA701A71BD
:103898005A713B00334393420BD0534B188803F0C3
:1038A8002EFE52490B78002B28D0514A12789042AC
:1038B8002DDC019B2B430BD04E4B188803F01FFEC9
:1038C8004D490B78002B51D04C4A1278904256DC67
:1038D800444CE278A3781343227913436279134363
:1038E80001D0FFF74DFF029BA7702370039BE67082
:1038F8006370019B2571637105B0F0BD404A14786F
:103908000A2262439042D4DD01330B7001E0FF2BA1
:10391800FAD1344C002F07D0FFF7F2FD0123002F16
:1039280000DCFE334343A370002E07D0FFF7E8FD09
:103938000123002E00DCFE334343E370022161566D
:103948000029B6D0032020560028B2D0B523594309
:10395800091206D0A1704343224A1B1204D0D37027
:10396800A7E70122A270F6E70123F8E7254A1478B1
:103978000A2262439042ABDD01330B7001E0FF2B5A
:10398800FAD1184C002D07D0FFF7F4FD0123002DC4
:1039980000DCFE3343432371019B002B08D0FFF763
:1039A800E9FD019A0123002A00DCFE3343436371D9
:1039B80004216156002900D18AE7052020560028F5
:1039C80000D185E7B5235943091206D02171434335
:1039D800044A1B1204D053717AE701222271F6E7D8
:1039E8000123F8E7B60F0020B20F0020BD0F00201A
:1039F800650C0020B40F0020BE0F0020690C0020C9
:103A0800640C0020680C0020062210B5002105482F
:103A1800FCF79CFF0023044A1370044A1370044AFD
:103A2800137010BDB60F0020BD0F0020BE0F002080
:103A3800BC0F002010B500F061F9014810BDC04668
:103A4800FF0F000010B5064800F014F9054800F013
:103A580011F9054800F00EF9044800F00BF910BD03
:103A680000E0010800E8010800F0010800F801087A
:103A78008023F7B55B010D00984201D30020FEBDFD
:103A8800194A43009F1801933A88184B84129A42A6
:103A980005D1380089B200F00DF980B2EFE7802235
:103AA800114B134EE402E418210030001201FCF718
:103AB800F9FE3B789D42E1D00E48019B80270340E8
:103AC8002000F55400F0D6F800253F01735D0A493F
:103AD80019434B1C03D089B2601900F0EBF802358A
:103AE800BD42F3D1D9E7C04600E00108FFFF00005E
:103AF8002A150020FE07000000FFFFFF034B80B2DD
:103B08004000C0180078C0B27047C04600E0010805
:103B180010B580B2FFF7ACFF10BD0000064983B2B4
:103B28005B005B1801301A7883B25B005B18187869
:103B3800000210437047C04600E0010870B50D0050
:103B480084B22000C9B20134FFF792FF290AA0B25B
:103B5800FFF78EFF70BD10B5FFF7F0FF10BD000036
:103B680010B583B2591C0C4C89B258004900001991
:103B7800091902780878991C89B249000333091990
:103B88009BB209785B001B191B78090400020843E3
:103B980010431B06184310BD00E00108F7B51A4D85
:103BA80080B243005B191B78471C861CBFB2B6B2B3
:103BB800019372007B005B1952191B7812780C0074
:103BC80094462900C51CADB26A00521861461B0212
:103BD80009040B431278019912060B431343A342BD
:103BE80010D0E1B2FFF744FF210AC9B23800FFF74D
:103BF8003FFF210CC9B23000FFF73AFF2800210E21
:103C0800FFF736FFF7BDC04600E001080122094B67
:103C18001000D96811420CD1D9689018490708D406
:103C2800D9688018C90604D4D86802400520801ACB
:103C3800C0B270470020024037B50400FF25FFF7E7
:103C4800E5FF012811D1002C01D105303EBD00232C
:103C580001930195019B002B03D1FFF7D7FF013C8E
:103C6800EFE7019B013B0193F4E7002CEED106201E
:103C7800ECE7000070B506000C48FFF7DDFF0528EB
:103C880013D102250A4C094823692B432361402399
:103C98006661226913432361FFF7CEFF062802D02D
:103CA8002369AB4323613423E36070BDFF0F000039
:103CB80000200240F8B5F8231B06C2180D4B05007A
:103CC8000E0007209A4214D81830FFF7B5FF0528D0
:103CD8000FD10127084C1A3023693B4323612E80FA
:103CE800FFF7AAFF062802D02369BB4323613423C8
:103CF800E360F8BDFEFF070000200240024B034AC4
:103D08005A60034A5A607047002002402301674501
:103D1800AB89EFCDF0B5050A85B0030CEDB2019083
:103D280003AED8B2002D0FD1002901D0284B185C62
:103D380030707070B07072783078B37812021B04EB
:103D48001043184305B0F0BD01AB1F7884B20029B9
:103D580001D01F4B1C5C0620FF217843FCF732FB87
:103D680055235B4243437F00FF1803235F43FF2132
:103D7800FFB23B00CF1B4A1B6B437D431B122D1226
:103D8800CB1A491B62436343614312121B12091287
:103D9800D2B2DBB2C9B2E4B2062814D8FCF774FA7E
:103DA80004060C0A0F13040023000C00347073700F
:103DB800B270C0E721001C0013000A00F6E70B00F0
:103DC80021001400F9E7210014001A000B00EDE7A8
:103DD800A0BC00081FB50121FFF79CFFFF210300CD
:103DE800020A0A400B4012021343000C034A08401F
:103DF80013400004184305B000BDC046FFFF00FF94
:103E0800704700001FB5FFF7E5FFFF210300020A16
:103E18000A400B4012021343000C034A08401340A7
:103E28000004184305B000BDFFFF00FF13B51C00D8
:103E38006B4659709A7018700098FFF7E3FF0204F8
:103E480003021B0E120E62702070A37013BD0000D7
:103E5800074A012113781800884304D10B404918F8
:103E68000B4313707047552BFCD90B405421F7E7CF
:103E78002C1D002010B50820FFF772FE10BD10B5EC
:103E88000400FFF7E5FF21000820FFF787FE10BDBB
:103E980010B5024B1868FFF7F2FF10BD2C1D00206B
:103EA800002210B5034B04481A711860FFF7E7FFAA
:103EB80010BDC0462C1D00200300FFFF70B5012473
:103EC8001A4D2B78234230D0194803F05DFE2B7829
:103ED80023422AD0174E18483178C907C90F03F072
:103EE80053FE2B78234220D031781448E14003F068
:103EF8004BFE2B78234218D07178114803F044FE0A
:103F08002B78234211D0B1780E4803F03DFE2B7870
:103F180023420AD0F1780C4803F036FE2B7823426E
:103F280003D03179094803F02FFE70BDFF1100203E
:103F380057B600082C1D002070B600088DB6000882
:103F4800A8B60008C2B60008DCB60008F6B6000835
:103F5800034B1B78DA07D00F002A00D058087047A7
:103F68002C1D002010B5064A1379022B01D8013305
:103F78001371002802D01068FFF781FF10BDC046FA
:103F88002C1D002010B50120FFF7ECFF10BD00002C
:103F980010B5064A1379002B01D0013B1371002894
:103FA80002D01068FFF76BFF10BDC0462C1D002023
:103FB80010B50120FFF7ECFF10BD0000014B187988
:103FC8007047C0462C1D002070B50B4C0B4D20715E
:103FD80000290AD02068FFF752FF2B78DB0703D5AA
:103FE8002179074803F0D0FD70BD2B78DB07FBD59E
:103FF80001000448F6E7C0462C1D0020FF110020F0
:1040080012B7000833B7000810B50021FFF7DCFF2E
:1040180010BD0000014B58787047C0462C1D002089
:10402800014B98787047C0462C1D0020014BD8786A
:104038007047C0462C1D002010B501F077F910BD5F
:1040480070B50F4B0F4D1B786978DB070E48DC0FF6
:10405800002B06D003232A785343C018FFF7ECFF40
:1040680070BD0323AA78EE785343C3189642F1D95A
:1040780001325C701C709C70D2B20333F6E7C04604
:104088002C1D00206F0C0020341D00200B4B70B538
:104098001B78DB070AD50A4B0A4E9C78DD78032388
:1040A80063439B19AC4202D3FFF7CAFF70BD0134CA
:1040B800587019709A70E4B20333F3E72C1D00208E
:1040C8006F0C0020341D0020074B13B51B78DB074D
:1040D80008D501AC2300FFF7A9FEA2782178607803
:1040E800FFF7D4FF13BDC0462C1D002010B50400F7
:1040F8000379054AD25C054B99785878FFF7E4FFB5
:1041080023790133237110BD33BA00082C1D002018
:1041180010B50400044B0079DA789978FFF7D4FFDA
:1041280023790133237110BD2C1D002073B5154D63
:1041380004002878002807D1FF2201AE33001100BF
:10414800FFF774FE73782B70217901290ED00229AC
:1041580010D0002912D10A002878FFF797FF20799C
:1041680003210130FCF714FA217173BD002229786C
:104178001000F2E700202A780100EEE70022100084
:104188001100EAE70E100020F0B515000122424E9A
:10419800040030788BB002910693104228D03F4932
:1041A8004308C95C3E4F90433970022822D109AEBA
:1041B8002A00200002993300FFF738FEB2783178E0
:1041C8007078FFF763FF344E029B364FB370069B3F
:1041D8007470F570002B57D03068FFF750FE3B78AD
:1041E800DB0705D5F378B27871782F4803F0CCFC5B
:1041F8000BB0F0BD022901D1F578E4E7062902D118
:10420800254B5C78DFE70929FAD01929DBD1193B5E
:1042180018001040059010000027D9B298434B08A9
:1042280022490490CB5C07920393214B1979B94238
:1042380002D8FFF705FFC6E703987843FCF7C2F8F2
:10424800059BC0B2261AF6B2002B01D12018C6B2BF
:10425800144B079A1B78134207D0039B3200009334
:104268003900049B134803F08FFC0322104B3000E5
:104278009B780299DB1953430F4A01379B182A0090
:10428800FFF7D4FDFFB2D0E73B78DB07B0D52B00B2
:104298002100029A0948A9E72C1D002008BA000845
:1042A80010100020FF1100207DB70008F1B90008A8
:1042B8006F0C002056B70008341D0020A2B7000874
:1042C80010B5030004484478C27808348178E0B215
:1042D800FFF75AFF10BDC0462C1D002010B5012065
:1042E800FFF7EEFF10BD000010B503000448447846
:1042F800C278083C8178E0B2FFF746FF10BDC0469F
:104308002C1D002010B50120FFF7EEFF10BD0000A6
:1043180010B5030006488478C2781134211CFF2C9C
:1043280000D9FF214078C9B2FFF72EFF10BDC04663
:104338002C1D002010B50120FFF7EAFF10BD00007A
:1043480010B5030006488478C278113C24B2211CB9
:10435800002C00DA00214078C9B2FFF715FF10BD24
:104368002C1D002010B50120FFF7EAFF10BD00004A
:1043780010B503000648C17811310A1CFF2900D97D
:10438800FF228178D2B24078FFF7FEFE10BDC0460A
:104398002C1D002010B50120FFF7EAFF10BD00001A
:1043A80010B503000648C178113909B20A1C002962
:1043B80000DA00228178D2B24078FFF7E5FE10BD1E
:1043C8002C1D002010B50120FFF7EAFF10BD10B525
:1043D8000023FFF7D9FE10BDF7B506000024144BE3
:1043E8001979A14209D8FFF72BFEB2783379D207A1
:1043F8001CD501335BB23371F7BD9D7803232D19AA
:104408005D430C4BFF20ED180B4BDA7801929F7837
:10441800FBF7D8FF604333793900C018019A2B00A5
:10442800C0B20134FFF702FDE4B2D8E7013BE1E78F
:104438006F0C0020341D00202C1D0020F7B5012230
:1044480083780092134202D001235B420093002636
:10445800274C2379B3420CD8FFF7F2FD009B254D7A
:10446800012B3DD12B78002B00D12379013B2B70F8
:10447800F7BD0323A5780024AD195D431E4B270023
:10448800ED186B461B786C702C70AC700193194B4F
:1044980018782018C1B240B20E281ADD0E21FCF798
:1044A80077F848B286420BD10422144BD21BD97834
:1044B80058784A4392109978D2B22B00FFF7B6FC8D
:1044C800019B0137E418E4B2042FE0D10136F6B2BB
:1044D800BEE70028E6DA064B1879081840B2E1E78B
:1044E800287821790130FCF753F82970C0E7C046D5
:1044F8006F0C00200F100020341D00202C1D002000
:10450800F8B503230021264D264EAA78E8785343B0
:104518009B1990421AD800242979234FA1421CD80C
:10452800FFF78EFD214C22483B7801782278CB1882
:104538008A185BB252B23B702270002A03DD2A79D6
:10454800013A934201DB49420170F8BD01325970CA
:1045580019709970D2B20333DBE72000FCF718F822
:104568000022AB78BA56CB18DBB2944210DB0F4A64
:10457800127852B294420BDC032253430D48F318CD
:10458800C27881784078FFF751FC0134E4B2C3E780
:10459800032253430022F1184A70F2548A70F4E758
:1045A8006F0C0020341D00200D1000206C0C002022
:1045B8006D0C00202C1D0020F8B502792023110075
:1045C800552551439B1A51431A00060028005A43A7
:1045D800534348435918FBF76BFEC7B20324C0B2D4
:1045E800292F17D844436410E4430025E4B2164B3E
:1045F8001A79AA4213D8FFF723FD33790121134A08
:10460800002B02D0202B01D1FF21117012789B18AA
:104618003371F8BD2D1A6C43E00F0419E3E7022249
:104628003800154202D15332D01BC0B29A78032306
:1046380052195343064A01359B18064AEDB2917840
:104648002200FFF7F3FBD2E76F0C00206E0C00206E
:10465800341D00202C1D0020F8B504000025032679
:10466800124B1A79AA4207DCFFF7EAFC01222379E8
:10467800013313402371F8BD9B780D495B197343CF
:104688000C4F5B18217978788C465208B978AA4281
:1046980007DD6246002A07D0FA78FFF7C7FB013525
:1046A800DEE76246002AF7D00022F6E76F0C00200A
:1046B800341D00202C1D0020F0B5837885B00293AE
:1046C800037900240193012305250371444B1B79C9
:1046D800A34203D8FFF7B4FC05B0F0BD029B414EDE
:1046E800022B07D82B00404A63435178F154927843
:1046F800F3185A70019B002B18D12B006343F6184E
:10470800019BF370B370364B2E009A7803236643EF
:10471800121953433348354A81199B18305C8A78FB
:1047280001344978FFF782FBE4B2CFE72B006343FB
:10473800F718F8780393002817D0FF260138C0B27D
:104748003979F8707043FBF73DFE294B3040185C0F
:10475800BB212238C0B27043FBF734FE224B3040F5
:10476800DE7846433612BE70CDE7FCF773F9812236
:104778001D4B9200DB785B087F335343063A1B12CC
:10478800FF3A13409842BEDA029B022B10D9FCF77D
:1047980061F9FF21FBF7FCFE039BF154FCF75AF982
:1047A800114B9E7876083100FBF7F2FE76187E7082
:1047B8002A00002162430B4B9A1891700A4AD1785B
:1047C8000A1CC82907D90B4A1278290061435B18CB
:1047D8001A71DA7097E7C9B21429F6D21422F4E7ED
:1047E8006F0C0020C70F00202C1D0020341D002056
:1047F80033BA0008C9B700080C4B10B519780B225A
:104808000B484908FCF70EF8002802D10122094B91
:104818005A7002F06FFE084B1880084B1B78DB07B4
:1048280002D5074803F0B0F910BDC0462C1D002082
:10483800740C002010100020C00F0020FF11002071
:10484800CAB700080022054B10B55A70044B1B78F4
:10485800DB0702D5034803F097F910BD10100020BC
:10486800FF110020E3B7000870B51F4C2378DA0762
:1048780026D50122002824D11340921813431B4D3A
:104888002370002926D02068FFF7F9FA2B78DB0778
:1048980004D521781648490803F076F921780B22C7
:1048A80014484908FBF7BEFF00281AD0FFF7CAFFD3
:1048B8000122114BDA70E278A1786078FFF787FD62
:1048C80070BD2A2802D913405422D7E7400013406C
:1048D8000343D4E72B78DB07E0D52178074849085C
:1048E800DAE7FFF789FFE3E72C1D0020FF1100201E
:1048F800FCB70008740C0020C00F002018B800088E
:10490800054B0100187810B5400801302A2800D955
:104918000120FFF7A9FF10BD2C1D002010B50120B4
:10492800FFF7EEFF10BD0000064B0100187810B528
:1049380040080138C0B2002800D12A30FFF794FFA0
:1049480010BDC0462C1D002010B50120FFF7ECFF5C
:1049580010BD10B50121FFF787FF10BD012110B56B
:10496800074C23780B432370064B1B780B4202D06D
:10497800054803F009F920784008FFF7EAFF10BD61
:104988002C1D0020FF11002036B8000810B50021AA
:10499800FFF76AFF10BD000070B5224E3378002B78
:1049A8003ED10125204C23782B4208D01F4803F024
:1049B800EBF823782B4202D01D4803F0E5F802F00B
:1049C800B1FB002809D12378DB0702D5194803F089
:1049D800DBF802F037FCFFF763FAFFF74BFA012325
:1049E800154D28609843C0B200280AD122781A428F
:1049F80002D0124803F0C8F8FFF752FAFFF73AFA64
:104A08002860FFF725FAFFF759FA00220C4B28789F
:104A18005A70C30702D54008FFF7B8FF0123337067
:104A280070BDC046C60F0020FF1100206DB80008F9
:104A380084B800089AB800082C1D0020C2B80008E5
:104A480010100020012110B5074C23780B43237068
:104A5800064B1B780B4202D0054803F095F82078E6
:104A68004008FFF793FF10BD2C1D0020FF11002008
:104A78000BB9000870B501250C4C2378AB432370A3
:104A88002068FFF7FCF90A4B1B782B4205D02178E8
:104A98000848C907C90F03F077F8FFF7D3FEFA20D3
:104AA800400004F0B2F8FFF7CBFA70BD2C1D0020CF
:104AB800FF11002044B900080B4B10B51A780123E8
:104AC8000A4C1A4206D021780948C907C90F59402B
:104AD80003F05AF82378DB0702D5FFF7CBFF10BDA8
:104AE800FFF73CFFFBE7C046FF1100202C1D00200C
:104AF8007CB9000801220B4910B50B7893430B7061
:104B0800094B1B78134203D00021084803F03CF8F6
:104B1800FFF798FEFA20400004F077F8FFF790FAC4
:104B280010BDC0462C1D0020FF110020B3B900089D
:104B3800F8B5304B5A78002A21D02F4A1B781078C4
:104B48002E4C4008C01AC0B2A070022B18D12C4BB2
:104B58002C4D1E5CE378002B05D00027E77002F08F
:104B6800C9FCA780208002F0C5FC2388264AC01A09
:104B780080B2904203D89E1920002680A847F8BD2D
:104B8800062B03D1214B224D1E5CE3E7092B04D1F0
:104B9800204B40081E5C204DDCE70F2B04D11F4B37
:104BA80040081E5C1E4DD5E7152B03D11D4B1E4D2D
:104BB8001E5CCFE7182B11D0232B03D11B4B1C4DA8
:104BC8001E88C7E7242B0CD0252B0ED10321FBF719
:104BD800F5FB184BC9B25E5C174DBBE72826174D8D
:104BE800B8E7FA26164D7600B4E7FA26154DF60012
:104BF800B0E7C046101000202C1D0020C00F002078
:104C0800EDB90008F5400008FE7F0000F9B900087A
:104C180019410008FCB90008E143000802BA00087D
:104C280045440008F6B900080945000800BA00081C
:104C38003541000805BA0008C1460008C14500080A
:104C480061460008093E000810B5002801D09047C9
:104C580010BD8847FCE770B504000D00FFF778F930
:104C6800A04206D3FFF774F9A84202D2FFF756FE16
:104C780070BD2000FFF76DFEFAE7000070B58C7874
:104C88000500002C62D002F065F92223304A034067
:104C9800954212D82F4A954212D92F4AA81812289D
:104CA80010D8FBF7F1FA13191C1F2225282B2E31D7
:104CB80034383D404346494B4E00284B9D4242D034
:104CC800200070BDFFF7F8FE0024F9E7244A2549C3
:104CD8001800FFF7B9FFF7E7224A2149F8E7224A07
:104CE8002249F5E7214A2049F2E7214A2149EFE71D
:104CF800204A1F49ECE7204A2049E9E71F4A1E4994
:104D0800E6E71F4A1F49E3E71E4A1D49E0E701207D
:104D1800FFF71FFED8E705210220FFF79CFFD3E726
:104D280008210620F9E70E210920F6E714210F20B3
:104D3800F3E717211520F0E71820E9E722211920C9
:104D4800EBE72320E4E72A212520E6E70124B7E75B
:104D5800D55C0000C15C00003DA3FFFF5D5D000065
:104D680051490008254900080D430008E54200089C
:104D78006D4300083D430008CD4300089D430008EB
:104D8800B93F00088D3F000810B50620FEF7B6FEB3
:104D980010BD10B501000620FEF7BAFE10BD0000D8
:104DA80010B5024B1878FFF7F4FF10BD5E1D002008
:104DB8000423054A10B510780340312018431070B9
:104DC800FFF7E7FF10BDC0465E1D0020014B1878B5
:104DD800C00870475E1D00200220094B10B51A78E4
:104DE80002420CD110431870FFF7D3FF054B1B7814
:104DF800DB0702D5044802F0C7FE00F027FA10BD11
:104E08005E1D0020FF11002033BB0008094B10B5C0
:104E1800187882070DD5022290431870FFF7B9FF62
:104E2800054B1B78DB0702D5044802F0ADFE00F005
:104E380037FA10BD5E1D0020FF1100204FBB00088F
:104E48000A4B10B51C780A4BA4071B78E40FDB0744
:104E580003D52100074802F097FE002C02D0FFF787
:104E6800D5FF10BDFFF7B8FFFBE7C0465E1D002069
:104E7800FF1100206CBB0008024B18788007C00F98
:104E88007047C0465E1D0020014B18787047C04629
:104E98007F0C002010B502F045F9002803D102F07C
:104EA800D1F9FFF785FFFFF76FFF094B1870372817
:104EB80004D9072210402932104318701B780122A8
:104EC80018001040134200D0D80800F089F910BD2E
:104ED8005E1D002070B5104C2378DA082F2B07D8F8
:104EE8001F2101320A401839D2000B4013432370A6
:104EF8000125207828432070FFF74BFF074B1B78CC
:104F08002B4204D021780648C90802F03DFE2078DB
:104F1800C00800F065F970BD5E1D0020FF1100207B
:104F28008CBB000810B5114C072223781900914357
:104F38000DD0083BDBB2190091430A0001218B43D5
:104F4800501E8241180010432070FFF722FF084BC3
:104F58001B78DB0704D521780648C90802F014FE3F
:104F68002078C00800F03CF910BDC0465E1D002046
:104F7800FF110020A4BB0008012310B50C4C2278B7
:104F88001A4213D113432370012B01D10833237024
:104F98002078FFF7FEFE074B1B78DB0702D5064893
:104FA80002F0F2FD2078C00800F01AF910BDC046E2
:104FB8005E1D0020FF110020BCBB00080A4B10B585
:104FC8001878C2070ED50124A0431870FFF7E1FE38
:104FD800064B1B78234202D0054802F0D5FD00207D
:104FE80000F0FEF810BDC0465E1D0020FF11002035
:104FF800CEBB00080A4B10B51C780A4BE4071B7897
:10500800E40FDB0703D52100074802F0BDFD002CA3
:1050180002D0FFF7D3FF10BDFFF7AEFFFBE7C04696
:105028005E1D0020FF110020E1BB00081F2170B5A4
:10503800144C2378DA0801320A401839062A1FD896
:10504800D2000B401343237023780722190001254F
:1050580091430A00AB43501E824118001043207050
:10506800FFF797FE084B1B782B4204D0217807489E
:10507800C90802F089FD2078C00800F0B1F870BDB9
:105088000B40E0E75E1D0020FF110020F7BB000881
:1050980010B5031C062800D9062307220949D8B2EF
:1050A8000B78C40013402343DBB21C009443220056
:1050B800541EA2410124A34313430B7000F090F83F
:1050C80010BDC0465E1D002010B5FFF7E1FF024B82
:1050D8001878FFF75EFE10BD5E1D002010B58B78B6
:1050E800002B20D0114A8018062809D8FBF7CCF8E5
:1050F800040A0C0F121518000620FFF7E5FF00231D
:10510800180010BD0020F8E7FFF70CFFF7E7FFF7DE
:10511800E1FEF4E7FFF76EFFF1E7FFF787FFEEE741
:10512800FFF78EFEEBE70123EAE7C04645A3FFFF42
:1051380070B50400FFF7A8FE0500224E290230884A
:105148006D000130FBF724FA88B23080A9B2FBF772
:10515800AFF87F2318401C4B0621185C0002FBF7B0
:10516800A7F885B2FFF732FE6843184B80B2984221
:1051780015D80921FBF79CF883B272B60122E168C1
:105188000A43E260124A134990685843FBF790F8C3
:1051980000210200200005F073F862B670BD0E4BC6
:1051A8000E49C0180002FBF783F80300802243432E
:1051B800434352021B0A934201D09BB2DDE7054BE1
:1051C800DBE7C046121000200BBC00087B1400006F
:1051D800E81E0020FFFF0000F6280000F528010067
:1051E80010B50100144C062805D8002804D1200069
:1051F80003F0FCFF10BD06210804401A0621FBF746
:1052080057F80E4B0E49C0180002FBF751F803007F
:10521800434358438023000A5B02984200D109485F
:10522800A36808495843FBF743F80021020020000F
:1052380003F0D1FFDEE7C046E81E0020F628000094
:10524800F5280100FFFF00007047000010B5034B70
:10525800034A04489A6003F0D4FF10BD800C002074
:1052680039510008E81E0020902010B58222402104
:10527800C00504F0E2FC012307490848CB6003F0AD
:105288009CFFFFF7A3FDFFF7ABFFFFF7F5FD002835
:1052980001D0FFF7DBFF10BD800C0020E81E0020C6
:1052A800002210B5044B05489A6003F0B0FFFFF7E1
:1052B8008DFDFFF795FF10BD800C0020E81E002033
:1052C80003230200591A49000A4110B50B330400A0
:1052D800D20700D4063B022218008A408038C0B2A8
:1052E800144201D0203BD8B210BD0000802110B577
:1052F8000B4C02222000090204F09FFC80210222AC
:105308002000890104F099FC064C200003F0AFFF4F
:105318002000054903F08FFF200003F096FF10BD21
:1053280000040048B81E00208CBC0008F0B5254CCD
:1053380087B0237801900491002B03D1FFF7D6FFA3
:10534800012323700024049B9C4207D38E211E4A0C
:105358001E48490003F083FF07B0F0BD03220C2765
:1053680000256243019B01999B1867438E5C5A781C
:105378009B7803920293144BFF183B1D0593290059
:105388003000FFF79DFF059B58550135042DF6D1D8
:105398003E000025083629000398FFF791FF705555
:1053A8000135042DF7D13E0000250C36290002985E
:1053B800FFF786FF70550135042DF7D10134E4B2AB
:1053C800C1E7C0461410002015100020B81E0020A8
:1053D80010B52320FEF792FB212801D0002010BD34
:1053E8002420FEF78BFB0728F8D11E30FEF786FB3A
:1053F800133843425841F2E710B52121041E00D169
:10540800DE312320FEF784FB0721002C00D1F83180
:105418002420FEF77DFB1321002C00D1EC31252040
:10542800FEF776FB10BD10B50020FFF7E5FF01F091
:105438006FFE10BD704710B52620FEF75FFB10BD4C
:1054480010B5C1B22620FEF763FB10BD10B5FFF7FB
:10545800F1FFFFF7BDFF002808D1FFF7F1FF00F0CB
:1054680093F900F02DFA0120FFF7C6FF10BD0000E8
:1054780010B58C78002C1ED0174BC3180F2B22D8D0
:105488001238C0B200F02AFA0024200010BD012012
:1054980001F01AFC032202210120FCF73DFFF3E78B
:1054A800012001F01DFC032202210120FCF734FF3A
:1054B800EBE70220F5E7094B9842F1D0084B9842F8
:1054C800F7D00124E1E7054B9842E0D0044B98421D
:1054D800DBD10220DCE7C046EEA0FFFF105F000032
:1054E800115F0000FF230370704710B503780400B4
:1054F800092B02D00A2B09D010BDFFF767FCFF2348
:1055080006215843FAF75EFF6070F5E7FFF7B4FC31
:10551800FAE710B50378092B02D00A2B0AD010BD80
:1055280043780620FF215843FAF74CFFC0B2FFF733
:10553800AFFDF4E74378002B02D1FFF767FCEEE7F5
:10554800FFF74AFCEBE710B5040000788038032821
:1055580006D8FAF799FE0206090CFEF767FD607097
:1055680010BDFEF7F5FCFAE7FEF728FDF7E7FEF7B2
:1055780051FD6070FEF754FDA070F1E770B50400AE
:1055880000788038032816D8FAF77EFE020D191D18
:10559800FEF740FD0500FEF743FD01006278280094
:1055A800FEF715FF07E06078FFF7F0F96378002B46
:1055B80002D1FFF79FFA70BDFFF744FAFBE7607866
:1055C800FEF722FDF7E76578A478FEF72FFD2100A6
:1055D8000200E4E7F8B50400461C00780D00013825
:1055E800122800D9A6E0FAF74FFE0A133A4B515B8E
:1055F8005E656CA5A571757B848D90939C000023D6
:1056080063700933A3702900200002F037FEF8BD4B
:105618006378022B0DD0032B0ED0012B1AD101F089
:105628004BFF030EA370030CE370030A2371607130
:10563800E9E7FFF700FFF4E70026A71C3000FDF7B5
:10564800D5F90136030AF6B23B7078700237052E99
:10565800F4D1D8E729002000FFF744FFD3E76378A7
:10566800022BF7D1E378A0781B02034320790004CA
:10567800034360790006184300BAFFF7E1FEC2E76A
:10568800E278A178607800F063F8CEE72279637950
:1056980012021343A178E278607800F067F8B2E765
:1056A80000F072F8AFE73000FFF733FF3000FFF784
:1056B80065FFA8E73000FFF718FF3000FFF743FF4A
:1056C800A1E7FFF76DFBFEF7E3FB9CE700F0BCF8F2
:1056D800607098E700F0BAF8030A6370A07092E768
:1056E8006378A0781B02E178221D184300F0B2F815
:1056F80089E76378A0781B02E178221D184300F03F
:10570800C5F880E700F0DCF87DE700F016F8DFE781
:105718006378A0781B02E178221D184300F056F840
:1057280071E76378A0781B02E178221D184300F026
:1057380065F868E7FF23237065E7042070471E2398
:105748004B4352009B189622504318182730704735
:1057580070B5FFF7F4FF0500FEF7D0F90402681CE6
:10576800FEF7CCF9A4B2204380B270BD70B51D001D
:10577800FFF7E5FF0400290AFEF7CAF9E9B2601C41
:10578800FEF7C6F970BD0000F7B5002637000E4BCE
:105798000025F318019310E0019A6300D35AE9B287
:1057A800E2B2F8B20134FFF7E1FF0F2CF4D1019B0C
:1057B80001351E330193052D01D00024ECE7013794
:1057C8009636042FE3D1F7BDE0AB0008F8B52730D3
:1057D8009627140005005618BF00B44200D1F8BD42
:1057E8002B00273BBB4206DA2800FEF787F920701A
:1057F80001350134F1E700232370F9E7F8B52730C4
:105808009627140005005618BF00B44200D1F8BD11
:105818002B00273BBB4203DA28002178FEF778F9F2
:1058280001340135F1E707B501AA03001180002012
:10583800032B08D85178042905D812780E2A02D8E3
:105848001800FFF785FF0EBD102070478220FF303B
:1058580070470000F8B5C02714000A4B5618C51841
:105868007F00B44200D1F8BD074BEB18BB4206DC01
:105878002800FEF743F9207001350134F1E70023D1
:105888002370F9E77F02000081FDFFFFF8B5C0270C
:105898001400094B5618C5187F00B44200D1F8BD52
:1058A800064BEB18BB4203DC28002178FEF730F9E1
:1058B80001340135F1E7C0467F02000081FDFFFF9A
:1058C80070B58025044CED00200000210134FEF75E
:1058D8001FF9AC42F8D170BD7F020000F7B5050092
:1058E8000F2821D81948FEF709F900281CD180266D
:1058F800174CF600002D18D1012701952000FEF75E
:10590800FDF8002301AD661C28706B7098420BD01F
:10591800431E022B14D8687030002F70FEF7EEF883
:105928000234A87000280CD1F7BDB442FCD0200086
:10593800FEF7E4F8002801D1013DEDB20134D9E7C2
:1059480034002800FCF710FED8E7C046FF0300002B
:105958007F020000F8B5140082781D0006AB1F789E
:10596800274B002A11D01C7001F0C4FD254B18806C
:1059780023002033DBB2072B06D80722012014406E
:10598800A040C0B200F001FCF8BD1E78A6422DD19F
:105998001C4B188801F0B3FDC72827D82C002034E9
:1059A800AE4215D033002033DBB2072B06D80723CD
:1059B80001201E40B040C0B200F0EFFBE3B2072B5D
:1059C80006D8072301202B409840C0B200F0DDFB29
:1059D8003800E4B200F0D1FB072CD5D8072301200A
:1059E8001D40A840C0B200F0D8FBCDE7230020330B
:1059F800DBB2072BC8D8072201201440A040F1E7EA
:105A08003111002032110020264B13B50C009842AA
:105A18000BD8254B98420FD8244B98421AD0244BC8
:105A2800984237D0234B98420ED0A078002836D021
:105A38000022214B1A701AE0204BC01802280DD8FA
:105A4800FAF722FC161C220026230093BB331A0007
:105A5800010008E027230093BE33F8E72623E0225D
:105A680017490093BB332000FFF774FF002016BDD1
:105A78002723E42200931349BE33F4E72623E222C6
:105A880000931149BB33EEE72723E622009305492B
:105A9800BE33E8E72823E5220093273BD8E7012017
:105AA800E5E7C046F65C0000F25C0000D85C000048
:105AB800D95C0000D75C0000311100200CA3FFFF67
:105AC800F35C0000F45C0000F55C000070B50500B4
:105AD8008878002800D1B9E05D4EB54212D85D4BF8
:105AE8009D4213D901F034FB5B4C2080B5421ED88F
:105AF800584B9D420BD8208801F036FB00F07AFD08
:105B0800002003E0554BEB18082BEBD970BD544B24
:105B1800E818122819D8FAF7B7FB1D20232E3134BC
:105B2800373D45494C4F595C5F6268896E004B4B65
:105B3800E81883B2082BDED80828DCD8FAF7A4FBCB
:105B480013183F432E586980840001232278134399
:105B58002370D0E702232278F9E704232278F6E7B6
:105B680008232278F3E70123627813436370C2E7BE
:105B780002236278F9E710232278E8E720232278C5
:105B8800E5E740232278E2E700F034FD802322781D
:105B98005B42DCE70C2322789A43D8E70323627838
:105BA8009A43E2E7012223789343D1E7022223783C
:105BB800FAE704222378F7E708222378F4E701229A
:105BC80063789343D2E702226378FAE710222378B6
:105BD800EAE720222378E7E740222378E4E700F089
:105BE80009FD7F2223781340B2E70C222378DBE7F4
:105BF80003226378E5E70121042023785A07D20FAE
:105C08004A400A40910083430B430821D2008B434A
:105C18009DE701216378DA07D20F4A400A408B4397
:105C280013435100022293430B439FE700F0E2FC29
:105C380001222378D9094A407F21D2010B4086E707
:105C4800012001F003FB56E70020FAE701205DE799
:105C5800155C0000015C00001415002006A3FFFF7E
:105C6800FDA3FFFF124A10B501230C00904215D185
:105C780001F070F9A17803000E4A002910D0AA207B
:105C880003401900481E814135201170002B00D1B6
:105C98000C3801F0F1F801F0CFF90023180010BD1D
:105CA80013783520002B00D10C3801F0EFF8F2E71B
:105CB800165C000034110020014B18607047C04684
:105CC80038110020034B10B51B68181E01D01B6843
:105CD800984710BD38110020F8B5184B04001B6810
:105CE800002B2AD0164A1278002A07D0154A1278B3
:105CF8007F2A03D902784270052202705B6820006F
:105D08009847114D2B785A0717D5DB0702D50F484E
:105D180001F03AFF2600012708362B783B4203D0D2
:105D280021780B4801F030FF0134B442F5D12B78CB
:105D3800DB0702D5074801F027FFF8BD381100201E
:105D4800640F002014150020FF110020A0BD0008DA
:105D5800B2BD000898B80008044B10B51B68002BAA
:105D680003D0022202709B68984710BD38110020AA
:105D7800064B10B51A88824206D01880044B1B685F
:105D8800002B01D0DB68984710BDC0463E110020AB
:105D980038110020064B10B51A88824206D01880A8
:105DA800044B1B68002B01D01B69984710BDC046E7
:105DB8003C1100203811002010B501F07DFB024B8A
:105DC8001860024B186010BD4011002044110020DB
:105DD8007047704710B5FFF7FCFF10BD704710B54E
:105DE800FFF7FCFF10BD000010B5054801F0E0FE0C
:105DF800FDF720FEFFF7ECFFFFF7ECFF10BDC046F4
:105E0800398200080120704710B5FFF7FBFF10BD6D
:105E18007047704710B5FFF7FBFFFFF7FAFF10BD9B
:105E280010B501F045FBFCF733FEFFF70FFBFFF75A
:105E380031F8FEF7B1FDFFF7D2FF10BD70B50E4E79
:105E4800040033785A0712D501252B420FD00B488E
:105E580001F09AFE33782B4209D02100084801F05E
:105E680093FE33782B4202D0064801F08DFE2000C5
:105E7800FCF7ABFB70BDC046FF110020B8BD0008A1
:105E880025AE000898B80008F0B585B0FCF73CFED0
:105E9800002801D0FFF790FF0026F3B2F0B201937B
:105EA800FCF7A4FD2E4B7700FC5A0090844243D0A7
:105EB80002222C4B1B78134201D0FCF79DFD009B5E
:105EC80000255C40A3B201241C422FD0FFF79CFFA1
:105ED800002813D00098019A02AB20405A701D7018
:105EE800431E984102AB987001F004FB012302AAFB
:105EF800034393800298039900F038F8184BDB5B52
:105F08005C40174BDC53FEF713FEFFF79DF9FDF7D6
:105F1800ABFCFFF7D7FE144C2378834204D0FFF77D
:105F2800D1FE2070FFF78AFF05B0F0BD013564008F
:105F3800EDB2A4B20F2DC7D10136052EADD1012384
:105F480002AA5B4213800023937001F0D3FA012365
:105F580002AA034393800298039900F007F8D2E756
:105F68004A110020FF110020481100201FB5030C22
:105F7800DBB200900191002B01D001F017F80E223E
:105F880000216A441180009A02AB02926A46928804
:105F98009A800098039900F07FFD05B000BD10B508
:105FA800008800F03DFF10BD10B5041E13D08228F4
:105FB80012D1FFF787FE83070DD4392000F05CFF6C
:105FC80001F03AF8FA20800002F01FFE392000F0B4
:105FD8005DFF01F031F810BD83280ED1FFF772FE86
:105FE800C307F8D4532000F047FF01F025F8FA2042
:105FF800800002F00AFE5320E9E784280ED1FFF75B
:1060080061FE4307E7D4472000F036FF01F014F89B
:10601800FA20800002F0F9FD4720D8E7031FDBB221
:10602800A02B13D8FDF73CF90028D4D11C4B210034
:10603800186801F02FF9002804D0200000F026FF8E
:1060480000F0FAFF200000F017FFC2E7030020333A
:10605800DBB2072B07D8072004400638A040C0B29F
:1060680000F07EFFB5E703005B33DBB2022B04D8F8
:10607800243880B2FFF77CFEADE703005833DBB26B
:10608800162B05D8074A5B00985AFFF783FEA2E74C
:10609800EF28A0D9FDF7A2FAFDF772FB9BE7C046EF
:1060A800B40C0020CCBD000810B500280FD0822801
:1060B8000ED1FFF707FE830709D5392000F0DCFE73
:1060C80000F0BAFF392000F0E1FE00F0B5FF10BD86
:1060D80083280AD1FFF7F6FDC307F8D5532000F04F
:1060E800CBFE00F0A9FF5320EDE784280AD1FFF783
:1060F800E9FD4307EBD5472000F0BEFE00F09CFF0A
:106108004720E0E7031FDBB2A02BDCD903002033D4
:10611800DBB2072B07D80723034001209840C0B201
:1061280000F026FFD1E703005B33DBB2022B03D874
:106138000020FFF71DFECAE703005833DBB2162B19
:1061480003D80020FFF726FEC1E7EF28BFD9FDF7E7
:106158009FFAFDF715FBBAE770B505000C00FFF7CD
:1061680023FF002C03D12800FFF79EFF70BD0A20F3
:10617800013C02F04AFDA4B2F3E7502110B53928DA
:1061880000D00021FFF7E8FF10BD10B5002803D0AC
:1061980000F0E6FE00F050FF10BD10B5002803D057
:1061A80000F0E6FE00F048FF10BDF0B585B0867936
:1061B8000C1C8578019000F08BFE230436090290B0
:1061C8000393002818D00295002D15D00F22230420
:1061D8001B0E9343402B06D0230000222033DBB252
:1061E8000292072B08D9022000F076FF00F070FE1B
:1061F80001234340DBB2029323041B0F18000393CF
:10620800FAF74CF81000100065006500B500C900E9
:1062180041004100D4002B013C013C0197014100A1
:106228004100A0010F22230426051B0E360F9343BD
:1062380000D03601E4B2002D14D0002E0BD023007C
:106248002033DBB23000072B01D9002C07D100F036
:1062580087FE00F0F1FE2000FFF7A6FE13E000F035
:1062680095FEF6E72000FFF71FFF002E0BD0230056
:106278002033DBB23000072B01D9002C24D100F0E9
:1062880077FE00F0D9FE039B083B032B03D8FFF7EA
:1062980019FDFCF79AF9029B002B13D000F010FEB1
:1062A800012302001A4018420CD1019B9A7000F099
:1062B800FFFD00F009FD019800F05CF900F0F8FD21
:1062C80000F00EFD05B0F0BD00F068FED9E70F2222
:1062D800230427051B0E3F0F9343202B00D03F01BB
:1062E800E4B2002C0ED0012C2BD0002D32D0002E81
:1062F8002BD0019B9B79DA07ADD50F221340019A69
:10630800937122E0002D11D0002E06D100F06AFE14
:106318003843C0B2FFF739FFB5E7012EF6D100F0D8
:1063280061FE3843C0B200F069FEACE7002E05D12B
:1063380000F076FE3800FFF730FFA4E7012EA2D068
:10634800F6E7002D03D0052E9DD83800E2E7042E8D
:1063580099D8EFE7002EEDD00120392C01D1C820C3
:10636800800002F052FC2000FFF79EFE8BE7230519
:106378009B0F09D0012B00D085E7281E01D0A0056E
:10638800800DFFF707FD7EE7281E01D0A005800DD0
:10639800FFF7EEFC77E7E0B2002D04D0FDF71EF919
:1063A800FDF7EEF96FE7FDF773F9F9E723049B01B1
:1063B8009B0F23D1002D00D065E723065B0F9B00C0
:1063C8002007DBB2000F9840E20602D50F359D404A
:1063D800ED432405A40F2843022C09D0032C0AD02E
:1063E800012C02D000F040FC4DE700F033FC4AE7F6
:1063F80000F044FC47E700F028FC44E7A205920FB0
:106408000123D1B2002D1CD01340002B00D13AE754
:106418002206520F92002007D2B2000F90400023AC
:10642800E10602D50F339340DB432405A40F18433C
:10643800022C0CD0032C0DD0012C05D000F072FCDE
:1064480021E749080B40E0E700F062FC1BE700F099
:1064580073FC18E700F022FC15E7E6B22405240FC8
:10646800002D04D0200000F02FFC300052E730004F
:10647800FFF793FE200000F033FC04E7E7B2380092
:10648800F03804283ED8F9F7FFFE0311181D27003D
:10649800002D07D0042E00D9F5E6E004C00E00F068
:1064A8002BFCF0E6052E00D9EDE6F6E7E004C00E79
:1064B800002DE0D000F008FCE5E6E004C00E002D59
:1064C800F8D0D8E7002D04D0E004C00E00F0F5FBAA
:1064D800D9E600F0EDFBD6E6002D09D0E404E40E81
:1064E800200000F0F1FB0321200000F0D1FDCAE6F6
:1064F800012000F0F1FD012E00D8C4E6022000F0D2
:10650800EBFDC0E6002D06D0002E01D03800A3E632
:10651800E004C00ECEE7002E08D00120392F01D1AB
:10652800C820800002F071FB38001DE7E004C00EAF
:10653800A1E72205120FE1B20198FCF74EF800F02E
:106548001BFBA0E622050198120FE1B2FCF747F801
:1065580099E670B504008078218800F06BFC051C72
:1065680000F0F4FB00F070FB291C2000FFF71DFE73
:1065780070BD000073B5868801AD040001000222D9
:106588002800FAF78FF9002E12D02A880C4B9A426D
:106598000ED02000FBF7EAFE00280AD100F098FC94
:1065A800002805D0A378002B02D0022000F094FD2B
:1065B80073BD2000FFF7CDFF2000FBF790FEF7E743
:1065C800FFFF000010B50020FFF7D2FB0020FFF707
:1065D800E1FB00F0EBFC00F0FFFC00F02DFDFDF707
:1065E80013FAFDF7CDF810BD10B500F059FCFFF710
:1065F800E9FF10BD10B500F0C3FCFFF7F5FF10BDB3
:10660800031CC2B21804000F023800B50D2821D8A7
:10661800F9F73AFE070720201620202007071D203B
:10662800201D0120F02A05D005D80020E723934239
:106638004041C0B200BDF43A100043425841F8E767
:106648000120E72AF6D9F13A50425041F1E71805FE
:10665800C00FEFE70020EDE707B501AB1880019800
:1066680000F0DEFBFFF7CCFF0EBD82B002B0704732
:1066780082B002B07047000070B507250B4B1C783C
:106688000B4B1B78A34200D170BD0A4BE200D15AD4
:106698009B1858889A8800040843D988013409044B
:1066A8001143FFF7E5FF2C40EAE7C0469F110020A1
:1066B8009E1100205E110020064B10B558881A88DC
:1066C800D988000410439A8809041143FFF7D0FFC2
:1066D80010BDC04656110020F7B50F221E48837919
:1066E800934334D18378002B31D01C4B01A91B78FC
:1066F8001B4A12789A422AD0028884880A80002C81
:1067080026D0184D92B2AA4222D04778164DBC46E0
:10671800DE00AA195778BC451AD10778755DAF42D3
:1067280016D19578002D13D195882C1BA4B2C72CAF
:106738000ED80F241021837923400B43837193795A
:10674800234019439171FFF715FFFFF795FFF7BD38
:10675800072201331340CBE7561100209F11002078
:106768009E110020FFFF00005E110020F0B504001C
:106778008BB00100062206A8FAF794F8A178C14E5A
:106788000191A18830880291B18803908C4608A9AC
:106798000880604623786278002800D1CBE008881A
:1067A800B94DA84200D1C6E0B578002D00D1C2E0AD
:1067B800B1790F200F000491614687430298401A6F
:1067C80080B2C72800D98AE0002F49D101990591E4
:1067D80006A90B704A7008880399884212D101995A
:1067E800002900D017E10F230499194001331943F8
:1067F800B171FFF761FF3000FFF7BCFEB379A371F9
:1068080000253CE10299002900D008E1019B002BFA
:10681800F6D001239B4A91790B439371F0E79B488B
:10682800CF00C6197078904206D198483F5C9F42C5
:1068380002D1B678002EE3D1072001310140FFE0F4
:10684800000E014202D0002B00D117E12033DBB249
:10685800072B00D812E12000FFF78CFE05950DE10B
:1068680006A90B704A700888039988420FD10199CC
:1068780000290CD1049B2000A371FFF77BFE08229E
:1068880021003000FAF70EF8FFF716FFF7E006A927
:106898000B704A700698FFF7DFFE00281BD0019B9B
:1068A800002B18D0774A93791F2B09D9128808A88A
:1068B800028000228270029A83718280FFF75AFE5A
:1068C800082221006F48F9F7EDFFFFF705FFFFF7F2
:1068D800F3FE0125D3E02000FFF74CFEF9E706A9F7
:1068E800002F14D101980B70887002984A70888024
:1068F80007990698FFF7B9FE3000FFF73BFE08221C
:1069080039003000FAF722F8FFF7D6FE78E70B7067
:106918004A70088803998842B9D101990029B6D1EB
:10692800049B2000A371FFF725FE0822300001997F
:10693800FAF70CF8A3E06546524F38880880002D16
:1069480051D0514985B28D424DD0BD78002D4AD1E4
:1069580066460299891B89B2C72933D8019D002D43
:10696800B9D006A90B704A700B8883421DD1BA7939
:10697800D30714D40F2113008B4310D0A271F02B2E
:1069880006D0D3B21A09013212010B401343A37186
:106998002000FFF7EFFD08222100380072E70822E7
:1069A80021003800F9F77EFF69E00698FFF754FEEA
:1069B800002885D10123BA7920001343BB71FFF762
:1069C800D9FD5CE0019806A9887002980B704A709E
:1069D800888006980799FFF748FE082229003800A2
:1069E800F9F7B4FF50E70199002900D173E706A928
:1069F8000B704A700698FFF72FFE051E00D16AE754
:106A0800082221003000F9F74DFF3000FFF7C7FAE0
:106A1800FFF762FE38E70299002900D1F9E608A9D4
:106A28000B704A7009881848814200D1EEE6019936
:106A3800002900D0EDE6164816490078097801903B
:106A48000198814200D0EAE606A90B704A700698C0
:106A580000F0E6F9C3B200040F21020F012A00D8A2
:106A6800EEE60E320A40012A00D9F4E6000E014291
:106A780000D1EBE6A2798A4300D0E7E6059D28001D
:106A88000BB0F0BD56110020FFFF00005E11002082
:106A98009E1100209F110020F0B587B06C46009031
:106AA80020006160FFF762FE04A9051E0DD0228850
:106AB800A3880A80002B06D02A4B92B29A4202D0B1
:106AC80003CCFFF7D5FD072644E00B00220041CA9E
:106AD80041C30888A38803AA1080002BF3D0224F53
:106AE800224E3C783078A44614881E4A9442EAD054
:106AF8000722441C144064450AD08B801C4BC000FC
:106B080018180132F9F7CEFE3470FFF7B5FDDAE751
:106B1800FFF770FD08222900164835703D70F9F717
:106B280015FFD0E7124CC0002018FFF71FFE002801
:106B380016D02B78DB001A5BE4186088E188A388FC
:106B48000004090419431043FFF792FD2B78013321
:106B580033402B70044D054B28781B788342E1D1D4
:106B680007B0F0BDFFFF00009F1100209E1100201C
:106B78005E11002056110020F8B5031E0BD0002628
:106B8800072718785C1C74283DD00BD802282CD015
:106B980002D8012812D0F8BD031F6F2BFBD8FFF7CE
:106BA80003FA19E0752838D003007C33DBB26F2B69
:106BB800F1D87F231840FFF777FA0DE09C1C5B782B
:106BC8001A002032D2B2072A0DD83B409840C0B2F2
:106BD80000F0F2F900F030FA3500013DEDB2FF2D7A
:106BE8001ED12300CDE71800D9E758789C1C030074
:106BF8002033DBB2072BDED8012338408340D8B2DC
:106C080000F0E2F9E6E75D789C1C013DEDB2FF2D4E
:106C1800E2D00A2001F0F9FFF7E75E789C1CDBE779
:106C28000A2001F0F2FFD8E7704710B5FFF7FCFF24
:106C380010BD000010B5FFF7F8FF024B1860FFF712
:106C4800C1FC10BDA0110020704710B5FFF7F2FF7E
:106C580010BD000010B5034B1B681843FFF7EAFF8F
:106C680010BDC046A011002010B5034B1B6818408A
:106C7800FFF7E0FF10BDC046A011002010B5034B80
:106C88001B685840FFF7D6FF10BDC046A011002072
:106C9800704710B5FFF7FCFF10BD000010B5FFF7F7
:106CA800F8FF024B1860FFF78DFC10BDA4110020FF
:106CB80010B50020FFF7F2FF10BD0123834010B587
:106CC8001800FFF7EBFF10BD0123834010B5034AFE
:106CD80010681843FFF7E2FF10BDC046A41100205A
:106CE8000123834010B5034A10689843FFF7D6FF85
:106CF80010BDC046A41100200123834010B5034AEB
:106D080010685840FFF7CAFF10BDC046A411002004
:106D180010B5034B1B681843FFF7C0FF10BDC046F2
:106D2800A411002010B5034B1B681840FFF7B6FFED
:106D380010BDC046A411002010B5034B1B68584075
:106D4800FFF7ACFF10BDC046A4110020704700003B
:106D580073B501AC021C030420800F2001251B0E13
:106D6800584307232E008018C2B21840D3080522C2
:106D7800864000205A43084BF6B29A180B00C340CD
:106D880014782B405B4263403340634001301370FA
:106D980001320528F2D173BDA811002037B501A929
:106DA800021C030408800F201B0E5843072180187B
:106DB80000220524C3B2014001251000DB085C4312
:106DC800054B1C19A35CCB402B4093400132184360
:106DD800C0B2052AF6D13EBDA8110020F7B51F2480
:106DE80001270D4B01AE1A680C4B30801B681A4303
:106DF8000092009BE5B2E3403B4204D1013CF8D24B
:106E080000252800FEBD28003168FBF7EFFB80B2A3
:106E18000128F3D0F5E7C046A4110020A0110020F6
:106E280007B501AB18800198FFF7D8FF0199FBF768
:106E3800DDFB0EBD37B50F4B01AD1B782980002B4C
:106E480003D00198FFF7ECFF3EBD00280CD028685E
:106E5800FFF7C4FF040001002868FFF779FF20004E
:106E68000199FBF7C3FBEFE72868FFF797FF0400DA
:106E7800F5E7C0465411002010B5034B010018680F
:106E880000F08AFA10BDC046B40C002010B5034BC0
:106E98000100186800F094FA10BDC046B40C002038
:106EA80010B5024B186800F09FFA10BDB40C002012
:106EB8000020024B1856C010C0B27047FB110020CA
:106EC800024B1878072318407047C046FB11002072
:106ED800034B187807231840431E9841C0B27047E7
:106EE800FB1100200D4A70B5537804005907C90FEB
:106EF800814212D0010001250420294089008343E2
:106F08000B435370108800F02FF9054B1B782B4268
:106F180003D02100034800F037FE70BD141500208F
:106F2800FF110020FABD0008044B10B55878012362
:106F38004007C00F5840FFF7D5FF10BD14150020BB
:106F480010B50120FFF7CEFF10BD10B50020FFF7E8
:106F5800C9FF10BD014B18787047C046FD110020CD
:106F6800024B1A78104318707047C046FD11002074
:106F7800024A1378834313707047C046FD110020FE
:106F88000022014B1A707047FD110020024B1A783D
:106F9800104318707047C046FE110020024A13784B
:106FA800834313707047C046FE1100200022014B36
:106FB8001A707047FE110020024B1A78104318709F
:106FC8007047C046FA110020024A137883431370B1
:106FD8007047C046FA1100200022014B1A70704712
:106FE800FA110020014B18787047C046FC110020A8
:106FF800704710B5FFF7FCFF10BD0000064B10B539
:107008005B785B0706D4054B1A78824202D0187069
:10701800FFF7EFFF10BDC04614150020FC1100203B
:1070280010B5044B1A78002A03D000201870FFF717
:10703800E0FF10BDFC11002010B50D4B0D4A1B7868
:1070480012780D4C13430D4A2068127813430C4AEA
:1070580003701278002A07D01343037000F0FCF87D
:10706800002801D0FFF7DCFF2068FEF735FE10BDD1
:10707800FD110020FE110020B40C0020FA110020A0
:10708800FC110020704710B5FFF7FCFF10BD000091
:107098000A4A0B00527810B552070CD4084CC100AC
:1070A80019432170FFF710FE00202056C010C0B20F
:1070B800FFF7E9FF10BDFFF707FEFBE714150020F7
:1070C800FB110020002010B5024B1870FFF7DBFF02
:1070D80010BDC046FB110020002310B50A4AD35644
:1070E8001900814348B21070420702D1DBB28342D3
:1070F80003D1064B5B785B0705D5C010C0B2FFF71C
:10710800EFFDFFF7DFFF10BDFB1100201415002075
:1071180010B5FCF797FC00200149FCF71CFD10BDD9
:10712800FFFF000010B50020FCF7F8FC024BC01868
:1071380043425841C0B210BD1601FFFF10B50220EE
:10714800FCF7DCFC10BD10B50320FCF7D7FC10BD24
:1071580010B50420FCF7D2FC04002220FCF7CEFC7A
:107168000002204380B210BD10B50400C1B2042053
:10717800FCF7CEFC2220210AFCF7CAFC10BD10B592
:1071880001000F20FCF70AFD10BD10B50100132007
:10719800FCF704FD10BD10B50020FFF7F6FF10BD89
:1071A80010B50020FFF7EBFFFFF7F5FF10BD00005B
:1071B80010B50024FCF746FC00202049FCF7CBFC66
:1071C80000210220FCF7A4FC00210320FCF7A0FC0E
:1071D8001B4B210004201C60FCF79AFC2100222094
:1071E800FCF796FC21000520FCF792FC2100062004
:1071F800FCF78EFCFF210720FCF78AFC2100082001
:10720800FCF7CCFC21000D20FCF782FC21001820A3
:10721800FCF7C4FC21001720FCF77AFC21001C2095
:10722800FCF7BCFC21002020FCF795FC210018206D
:10723800FCF7B4FCFFF7B4FF10BDC046EAFE00003F
:10724800A011002010B5FFF7B3FF10BD10B5010065
:107258000E20FCF75DFC10BD0C4A030011780622D5
:10726800002904D00A4909787F2900D9183200205A
:107278000233013AD2B2FF2A00D1704719780029A7
:1072880001D00130C0B20133F3E7C046640F0020DB
:1072980014150020030010B5081E15D0114A1278E5
:1072A800002A12D0104A12787F2A0ED90020CC0862
:1072B800EF2909D807221140063A8A401B19987805
:1072C8001040431E9841C0B210BD9A1C0833107874
:1072D800884204D001329A42F9D10020F4E7012013
:1072E800F2E7C046640F0020141500200122002395
:1072F800F0B55242851CEC5C5EB28C420BD0571C38
:1073080002D1002C00D132000133062BF3D1531CDB
:1073180001D080188170F0BD002210B5831C0830A0
:107328001C788C4200D11A7001338342F8D110BD09
:1073380010B5CB08EF2908D8C01807231940063B19
:107348008B4082781343837010BD044B1B78DB0796
:10735800FAD5034800F018FCF6E7C046FF110020F4
:107368000FBE000810B5CB08EF2908D8C0180723AE
:10737800012219408A4083789343837010BD044BDF
:107388001B78DB07FAD5034800F0FEFBF6E7C0469A
:10739800FF1100202DBE000810B5074B1B78002BED
:1073A80006D0064B1B787F2B02D9FFF7C1FF10BD13
:1073B800FFF79CFFFBE7C046640F00201415002070
:1073C80010B5074B1B78002B06D0064B1B787F2B7C
:1073D80002D9FFF7C7FF10BDFFF79EFFFBE7C046C6
:1073E800640F00201415002010B5074B02301B78DD
:1073F800002B04D0054B1E221B787F2B00D80622B9
:107408000021F9F7A3FA10BD640F0020141500201D
:10741800704710B5FFF7FCFF10BD10B50020FDF751
:10742800DFFE0020FBF7D1F8FFF7F3FFAA2001F0F9
:10743800ECFB10BD7047704710B5FFF7FBFF002449
:10744800FBF762FBFFF7F7FF2000FBF7CFFA0028F6
:1074580004D10134E4B2052CF6D110BD0120FCE7BB
:10746800704710B5FFF7FCFF10BD10B5FFF788FD9A
:10747800FFF79CFDFFF714FDFCF7C6FA0020FEF7A6
:1074880077FC0020FEF786FCFDF704FDFEF71AFCEA
:10749800FBF79BF8FFF7E5FF10BD000010B572B6CB
:1074A80001F0B9FC62B6014B186010BD0012002053
:1074B80010B5FFF7F3FF10BD10B572B601F0ABFCC5
:1074C80062B6FA22084B92001B680021C01A0023FA
:1074D800F9F784F80023054A801859410023044A23
:1074E800F9F75CF810BDC046001200200F27000015
:1074F8001027000010B5FFF7DFFF80B210BD10B5F0
:107508000400FFF7D9FF001B80B210BD054B064AE7
:107518001A60BFF34F8F054B054ADA60BFF34F8FF0
:10752800C046FDE7FC3F0020EFBEADDE00ED00E009
:107538000400FA050A4B0B4A043B196810B591423E
:107548000CD100221A6082F31488074B1B6883F35E
:10755800088862B6054B1B689847FEE710BDC04611
:1075680000400020EFBEADDE00C8FF1F04C8FF1FAB
:107578007047F0B591B0049316AB10CB1A9F1B78E7
:107588001B9E0290039100920593002C01D11023B9
:107598009E4380233200DB001A4006921E4201D02F
:1075A800002C20D06123B20600D5412300222500FB
:1075B800DBB20A3B0192079328001899F8F7FEFE00
:1075C800079BCAB2D318DBB2092902D8130030339B
:1075D800DBB2019A0199541C08AA8B54189B9D424E
:1075E80001D3202C14D1022332001A4007921E42E4
:1075F80020D1013B3340002F08D0002B06D0059A3C
:10760800002A02D10C32164200D0013F302205E098
:1076180005000194D0E708A9625401341999A142E0
:1076280001D9202CF7D13022002B03D0A74201D951
:107638001F2C1AD9F30651D5069B002B1AD1002C02
:1076480018D0199BA34201D0BC4213D1631E012C50
:107658000FD0189A023C102A0FD01C00189B022B3E
:1076680036D11F2C0ED862232FE008A962540134AA
:10767800DAE71C00189B102BF0D1B30622D478232C
:107688001F2C22D9B3074DD0009B26000193019BE4
:10769800E518AA1B002E47D1079B002B0FD0009B93
:1076A800EB1A1C000193009B1A19BC4244D3019B9E
:1076B80000229F4202D3009BDA19521BAD18280002
:1076C80011B0F0BD58231F2CDCD808AA135501347B
:1076D8001F2CD7D8302308AA135501341F2CD1D812
:1076E800059B002B04D02D2308AA13550134C9E7A4
:1076F800730701D52B23F7E73307C3D52023F3E717
:107708002020049B0399029EB0470135009B1A1B59
:107718005219AF42F4D80023A74200D33B1B009A6A
:107728009B18B2E72500F1E708AB013EF05C03992E
:10773800049B029DA847AAE72020049B0399029E68
:10774800B0470134AFE710B5002801D000F036FA91
:1077580010BD0000F0B591B0169C09900A910892EE
:107768000693002901D1AB4B0993002617E1069B2C
:1077780001330693252807D03200751C089B0A9907
:10778800099EB0472E000AE100230120082505E0E4
:107798002D2A15D0302A0CD103430691069A069952
:1077A800127801312B2A0ED0F2D8202A0DD0232AA4
:1077B8000DD01000303809282AD800270A250CE0F7
:1077C80002221343E9E70422FBE72B43E5E71022F3
:1077D800F7E76F43303FCF190690069A1178501C8F
:1077E8000A00303A092AF4D90021069A079112783A
:1077F8002E2A26D18021C9000B430699069A49787A
:10780800013208003038092838D80A218C4611E09E
:1078180000272A2AE8D180CC002F02DA283A13431D
:107828007F420691E0E76046079A4243303A8A1859
:1078380007922A001178551C080030380928F2D917
:107848000692069A117801326C2928D022D8682924
:107858002FD06A2936D0069A157801320692782DEB
:1078680000D983E1612D30D8252D00D17EE1582D36
:1078780000D07BE120221343102153E02A29DFD1D5
:1078880004CC0792D2430799D2171140069A079160
:107898000232D5E77A29DED1802149000EE0069927
:1078A80049786C29F8D1C02292001343069A023213
:1078B800D2E706994978682902D080210B43CBE7A3
:1078C800C022F2E780218900F8E7280062381628EC
:1078D80000D94BE1F8F7E2FC1700850017004A01D0
:1078E8004A014A014A0117004A014A014A014A016C
:1078F8004A01170035014A014A01CA004A01170026
:107908004A014A011700782DB6D06F2D00D136E113
:10791800622D00D135E110220A219343692D03D04D
:10792800642D01D00C2293435A0501D501229343BB
:10793800802292001A40692D01D0642D1AD1002AA4
:107948002DD1251DDA050CD522680593079B0497D0
:107958000393D30F0193D317D21802915A40009280
:1079680015E02268580601D5D2B2EEE71806ECD524
:1079780012B2EAE7002A12D1251DD80521D50593B0
:10798800079B0497039302910192236800933200A6
:10799800089B0A990998FFF7ECFD2C000600069B46
:1079A8001878002800D0E2E6089B32009E4200D3F7
:1079B8005A1E0020089B0A99099CA047300011B064
:1079C800F0BD2268580608D5D2B20593079B0497E4
:1079D8000393002302910193C1E71806F5D592B2EB
:1079E800F3E702221A400C920222134229D0012303
:1079F8000793230001CB32000B930A99089B751C4F
:107A0800C0B2099EB0470C9B002B2DD02A00079EC0
:107A180022E0C046797500082020089B0A99099D34
:107A2800A847079A531C07939B1BBB42F4D3002318
:107A38009F4200D07B1EF6180223002FD8D07B1C53
:107A4800D6E73200EEE7531C0C932020089B0A99D6
:107A5800099CA0470C9A0136BE42F4D3079A00232A
:107A6800974200D3BB1AED180B9C8BE6220002CA82
:107A78000C92079A0B91002A01D1012252420B99CC
:107A88000C008A182178002901D0A24214D10B9A3F
:107A98001900A41A8022D20011400D91134203D07C
:107AA800079A944200D9140002221A400E92022228
:107AB800134216D1320009E00134E3E7531C0F9357
:107AC8002020089B0A99099DA8470F9AA31B9B1879
:107AD8009F42F3D80023A74200D33B1B0134F6187A
:107AE8001C19350008E007936B1C2A000F93099DA9
:107AF800089B0A99A8470F9D0B9B9B1B585D002864
:107B080007D00D9B002BEFD0079B079A013B002A5B
:107B1800E9D10E9B002B12D02A0007E0531C0793D3
:107B28002020089B0A99099EB047079A631BD3181F
:107B3800BB42F3D30023A74200D33B1BED180C9C98
:107B480020E621221343059308230493079B320060
:107B58000393102302930023019308CC0A990093FE
:107B68000998089BFFF705FD060018E73200280072
:107B7800089B0A99099D771CA8473E000FE7082132
:107B8800D0E60221CEE6C0460FB41FB5012206A9F1
:107B980008C9524203910091034802A9FFF7DAFD90
:107BA80005B008BC04B018474F770008002070479C
:107BB800014B18607047C046B80C002010B5024B46
:107BC8001B68984710BDC046B80C002002000F2063
:107BD80030B507490C78631C034006480578002037
:107BE8009D4203D004480B700255012030BDC046A9
:107BF8006F1D0020701D00205F1D002070470000D1
:107C080010B572B6034800F00FFD034800F00CFDF4
:107C180062B610BD900D0020E40E002070B50D0076
:107C280019002D0200232800064C10436360231D11
:107C38001A0000F0ADFB20606068002800D020002A
:107C480070BDC046441400207A30084A0178137881
:107C5800022907D102318B43012B02D15278044B00
:107C68001A707047024A1370FBE7C0469A14002046
:107C78007814002070B504000800052911D8F8F719
:107C880003FB54101154510372B62D4800F08BFCBD
:107C980062B672B62B4800F086FC62B60520FFF784
:107CA80095FF70BD72B601212000274A01F046FBFE
:107CB80004212000254A01F041FB254D20002B001E
:107CC800B4331978234A01F039FB2B00B5331978FE
:107CD8002000214A01F032FB2B00B6331978002925
:107CE80003D020001D4A01F029FB154800F066FC6E
:107CF80082239B00E95C2000194A01F01FFB194B05
:107D08002000E95C184A01F019FB184BE95C0029CE
:107D180003D02000164A01F011FB0A4800F04EFC7F
:107D280062B6BEE70420FFF751FF72B6044800F0C0
:107D380022FC62B672B6034800F01DFCF0E7C046AC
:107D4800900D0020E40E00204CBE000870BE000814
:107D5800BC0C0020000D0020240D0020480D002040
:107D6800540E002009020000780E00200A020000CC
:107D78009C0E002070B5084C0500E3680E00002B2F
:107D880002D0200000F0B8FD330029002000034A8B
:107D980000F05EFD70BDC04664140020A97D000897
:107DA80070B5040072B60378042B01D062B670BDBA
:107DB800134B1B78DB09F9D1124D2B78002BF5D02A
:107DC800114B1B78002BF1D003899B0704D408239F
:107DD80001210E4A01F009FB002328780C4A0021F2
:107DE800F8F7FCFB00230B4A80185941FA220023BC
:107DF8009200F8F7D3FB21008000FFF7BBFFD5E71F
:107E08001415002060140020640F0020791400204D
:107E180010270000E7030000020070B574321178E3
:107E280004000B007F200340212B00D07AE02300C0
:107E380049B27533002925DA187802281CD003289E
:107E480010D0012800D06DE003331B78002B05D13A
:107E58004B4AA2662022E266236770BD0023A36610
:107E6800E366F9E7230078331B88002B5AD10120F9
:107E7800444AE066A266EFE70120434BE066A3664A
:107E88000023E9E71B780A2B42D00B2B0ED0092BD5
:107E980048D12300022178331B788B4342D13B4BD6
:107EA800E166A3663A4B01202367D6E723007833BF
:107EB8001B88002B28D1230076331978354D0A000A
:107EC800531E9A41D3B22F4A13702A78DB0102401D
:107ED80013432B70002917D12B4B1A78002A13D083
:107EE80072B62D4A18780023F8F778FB00232B4A3E
:107EF80080185941FA2200239200F8F74FFB21001D
:107F08008000FFF737FF62B60023A366E366CAE77F
:107F18002300204977331A7809781B4BC9091A704E
:107F2800F2D1DBE71E4B12889A420BD01D4B1A0088
:107F3800B6321278002A1ED11B4A9B5C002B1AD13C
:107F480000208AE7230079331A78013B1B78120254
:107F58002100134322006068763277314568127831
:107F680020000978A8470028EAD04368A366036878
:107F7800E366002397E7200000F036FB6DE7C04674
:107F880079140020640F0020601400209A14002047
:107F9800517C00081415002010270000E70300009A
:107FA80081060000BC0C00200A0200007047000097
:107FB800102210B500210448F8F7C8FC0023034A32
:107FC8001370034A137010BD5F1D00206F1D002041
:107FD800701D0020F8B50F24012500200A4B0B4A1C
:107FE8001E780B4F13789E4203D1002800D01670DC
:107FF800F8BD1900795C0133280023400529F2D126
:108008001370FFF732FAE8E76F1D0020701D00209B
:108018005F1D0020F8B51F4C1F4B204AA365231D88
:10802800DA6723001E4F1F4A1F4EA0330500390090
:108038001A60300000F060FA3900300000F084FA6D
:10804800D6231A4A5B00E250194A2833E250194AEB
:108058002033194EE250194C3100200000F04CFA40
:108068002000174C310000F06FFAA36D154A16482E
:108078001340A36500F0C9FD2800144901F023F955
:108088008023A26D1B0213430022A365104BDA6004
:10809800F8BDC046BC0C0020C40C0020D80C002041
:1080A8006C0D0020EC0C0020900D0020180E002014
:1080B8002C0E0020400E0020C00E0020E40E0020F0
:1080C800005C0040FF7FFFFF983A000094BE000864
:1080D8006414002070B50500084C01F007F9A36D81
:1080E800074A28001340A365064901F0ECF88023ED
:1080F800A26D1B021343A36570BDC046005C00401F
:10810800FF7FFFFF94BE0008014B18787047C046F8
:108118007814002070B5050072B61C4C2378042B27
:1081280020D11B4A238912787F2A1DD9194A12782F
:10813800002A19D0DB060BD420232A0004212000B2
:1081480001F053F9202229001348F8F7ABFB09E0A6
:108158000121E369494258690C3000F05FFD23783A
:10816800042BE9D062B670BD9B0703D408232A000C
:108178000121E4E701212369494258690C3000F0E4
:108188004DFD2378042BEDD1F0E7C046041F0020F5
:1081980014150020640F00207914002070B5050024
:1081A80072B60C4C2378042B01D062B670BD2389BB
:1081B800DB0607D5E369642158690C3000F02EFD11
:1081C800431CF2D006232A000421200001F00DF9F7
:1081D800EBE7C046041F002037B5040072B6084814
:1081E8000178042901D062B637BD6D46032301AA80
:1081F8006C71240A1370AC7101F0F7F8F3E7C0460C
:10820800041F0020030013B572B60848017804293A
:1082180001D062B613BD6C4663711B0A01AAA37133
:108228000323117001F0E1F8F3E7C046041F0020B2
:1082380037B56B46D91D0023074C087022789A423F
:1082480000D1323305480268D5690122A847434264
:10825800434140B223703EBDB0140020900D002071
:1082680010B5054888B0036820221C6A69460023B7
:10827800A04708B010BDC046900D00200A0010B5F8
:10828800202907D18A2304499B00CB5801005B6849
:108298000248984710BDC046BC0C0020E40E0020E0
:1082A8008A2310B5084A9B00D35888B01C6A20223C
:1082B800002369460548A047002803D0C1B2684694
:1082C800FDF788F908B010BDBC0C0020E40E0020B2
:1082D80010B5FFF72FF910BD7047704710B5FFF7BD
:1082E800F7FF02F049FBFFF7F7FF10BD10B502F0EA
:1082F80089FBFFF7F2FF10BD10B500F065FD00F037
:108308006FFAFDF771FDFFF753FE1C4C2000FFF7D5
:1083180081FEFA20400000F078FC1948FFF734FC91
:10832800FDF77EFD1748FDF7C7FC1748FFF72CFC43
:10833800FFF750FE2378052B09D11448FFF724FCDA
:108348002378052B0CD0FEF777FEFBF719FAFDF71B
:108358009BFDFFF785FFFFF7A3FFFDF75BFDE7E751
:10836800FFF75BF8FFF768F80028E9D0200001F074
:108378004FF82000FFF7AEFEE2E7C046041F0020DA
:10838800A4BE0008680F0020B5BE0008C6BE0008DD
:1083980010B5040AE3B2032C10D0032B07D8012B25
:1083A80023D0022B07D17B20114B136010BD212B4A
:1083B8000DD0222B12D000200300F6E7C0B202280D
:1083C800F9D80C4B8100CB580B49405CEDE70329E9
:1083D800F1D80A4B89000920CB58E6E70329EAD8E7
:1083E800074B8800C3580748EFE71220064BDCE725
:1083F80000BF0008CCBE0008D8BE0008DCBE0008DC
:10840800ECBE0008FCBE00089DBF000813B5446B15
:10841800E36F1A681178042915D1217A022912D13B
:10842800197901238B4012891A420CD1200001A925
:10843800443000F0DFFD021E05D0E06F019B01799A
:10844800006800F0D2FF13BD10B50C3000F06FFDCE
:1084580010BD012310B50C305B4200F068FD10BD63
:1084680010B5443000F031FE10BD012310B5443082
:108478005B4200F02AFE10BD10B50C3000F03FFD45
:1084880010BD012110B50C30494200F038FD10BD77
:1084980010B5443000F0FBFD10BD012210B544308A
:1084A800524200F0F4FD10BDC36F70B51A680400A5
:1084B8001178042901D0012070BD017A0229FAD16E
:1084C8001979012352898B4015001D401A42F2D1B7
:1084D8000C3000F0C9FC021EEDD0E06FA36A4179B0
:1084E800043B006800F06EFF2800E5E710B5406B1C
:1084F800FFF7DAFF10BD00007FB503000400012676
:108508000E4A0D0004C343600D4B0672029401939A
:10851800CB680C3000934B690A6A310000F07FFC8D
:108528002000084B31000193AB68EA69009344309E
:108538002B69029400F038FD7FBDC046FCC00008DE
:10854800F5840008158400080A6872B60B790933A7
:108558009B00D31858604B7911339B0098508B7946
:10856800002B03D009339B00D31858600223C1673E
:10857800037262B6704770B5040002210430022508
:1085880000F0E4FB012620006D42290026750C301E
:1085980000F07DFB230020004C3329001E7044307E
:1085A80000F075FB70BD10B501210400043000F027
:1085B800CDFB002323754C34237010BD70B5040027
:1085C8000C3000F044FC002520002575443000F0F4
:1085D80003FD23004C331D700121201D00F0B6FB64
:1085E8002000FFF761FF70BD02006021743212782D
:1085F80003000A400020202A06D11A00753212789A
:10860800212A02D81F2A05D87047222AFCD1986649
:10861800D86603E0034A9A660722DA6618670120DB
:10862800F2E7C0467C0F0020C36F73B51A680400D8
:10863800117804292BD1017A022928D1197901232B
:1086480012898B4016001E401A4220D1050044357D
:10865800280000F079FD002819D0280001A900F0B1
:10866800C9FCE36F05001A7E002A09D001981A692F
:108678003100121A2818F8F769F9E36F1B6901939A
:10868800E06F2A000179019B006800F0AEFE73BD1F
:108698000B00F0B509339B00C3185E6804000D0099
:1086A80085B0002E2CD072B60821301D00F04EFB8C
:1086B8003300AF004433E7190193FB685B691B681B
:1086C800002B02D0019800F0A1FC019803A900F04A
:1086D80091FC039B021E0ED1FB685A691268002A9E
:1086E8000DD01B8A013B1A4209D1F36F1B7E002B68
:1086F80005D1220074322900200000F076FE62B60F
:1087080005B0F0BD1131890010B50C58002C15D0FA
:1087180072B60421201D00F019FB2000E36F0C3015
:108728001A685B7902339B00D3185B689B695968A8
:1087380000F0A4FB2000FFF7B7FE62B610BD70473B
:10874800024B034A1A60034A5A607047741D00209E
:10875800901F00200040002030B5094C4B1E2568B2
:10876800AA18D3184A421A4063681018834204D3DF
:10877800854202D82060100030BD0022FBE7C046C9
:10878800741D002010B572B6FFF7E6FF62B610BD83
:1087980070477047FEE70000F0B5082400250E4A30
:1087A8005368166819009068884210D8DE1E0021A8
:1087B800B04203D30330C11A890889005B18D16815
:1087C800994207D8013C1032002CE9D1F0BD80CE87
:1087D80080C1E9E720C3F3E724C1000830BFFDE703
:1087E80010B500F0FBF800F025F8FFF7A9FF80228C
:1087F8000749084800F0CEF9074B186101230374B4
:1088080000F0C0FA62B6054800F0E4F910BDC046B1
:10881800A4C10008601E0020381E0020B0C1000856
:1088280072B6014B5862FEE7381E002010B500F002
:108838009BF810BD044B054A5A619A6101225242C5
:10884800DA6100221A627047381E00204C1E002090
:10885800F7B50361C2600C00050000F0DCFA022CD9
:1088680000D20224224E234A7369934209D130620E
:108878007561B56120182B606B60AC6000F0BAFAC6
:10888800F7BD376AC21BA418944226D200218C4631
:10889800996801918A421AD8B918316215498B42F0
:1088A80002D001998A1A9A60381A241873699A684A
:1088B800A24219D35A682B606A6015605D60AC608B
:1088C8009A68141B9C6001235B42F361D8E7019905
:1088D800521A614699601B68DAE79B689C42E5D2A8
:1088E800381900F094FAE1E71B68A41ADFE7C046DC
:1088F800381E00204C1E002070B5194D03686A69A7
:10890800184982420CD04268136003685A600022FA
:10891800C2608B4203D0826899688A189A6070BDD9
:1089280000206B615960D0608B4202D100F06AFA76
:10893800F5E7996892682C6A8A189A6000F06BFAD1
:108948006B69021B9B689342E9D9E418201A012835
:1089580000D8931C286A181800F059FADFE7C046B7
:10896800381E00204C1E0020F7B51A4D6C6900F027
:1089780052FA2B6AA268184FC61AB24219D8A268CE
:108988002B6AB61A9B18E2682B62019200222368B0
:108998005F606B61E260BB4201D100F033FA62B6FE
:1089A8002069019B984772B66C69A368B342E6D9FF
:1089B800DDE76A69BA420BD0916828625B181B1A16
:1089C8009360A368022B00D20223181800F01FFA44
:1089D800F7BDC046381E00204C1E00200022024B66
:1089E8001B605B609A607047381E00200B001B6894
:1089F800994204D09A68944682689445F7D25A6896
:108A0800036042601060586070474B6801604360C3
:108A18001860486070470300006802681A60536075
:108A280070474268036813605A6070470023826881
:108A38000374054B1B6899689142FBD25A6803601E
:108A48004260106058607047381E002010B504005E
:108A580072B6007C052807D8F7F716FC0C06060343
:108A6800120E002263691A6001235B4220006361D1
:108A7800FFF7DCFF62B610BD62699368013393604B
:108A88002000FFF7CEFFEFE7002382680374054B51
:108A98001B6899689142FBD85A680360426010606D
:108AA80058607047381E0020064B10B519690874C5
:108AB8001868026853601A60186101230374F7F795
:108AC800B7FB10BD381E002030B504000C4D87B030
:108AD8004B1C11D02B690B4A01A8FFF7B9FE2000E7
:108AE800FFF7E2FF049B002B02D001A8FFF704FF69
:108AF8002B69586907B030BDFFF7D6FFF8E7C046C5
:108B0800381E0020558A000870B504000A4DA36875
:108B1800286961618268934203D82000FFF786FFC5
:108B280070BDFFF7B1FF012301002C612000237401
:108B3800F7F77EFBF4E7C046381E0020044B1A699D
:108B4800196890688B689842804140427047C046D7
:108B5800381E002010B5084C236820691A68546034
:108B68002260012223611A74FFF78EFF0100206939
:108B7800F7F75EFB10BDC046381E002010B5FFF7A2
:108B8800DDFF002801D0FFF7E5FF10BD10B5FFF7A6
:108B9800E1FF10BD02230382002382600262C361E9
:108BA80083617047836802001800116928384C3BBC
:108BB800C36019615169D268596105491962022374
:108BC80003740023826043740262C3618361704747
:108BD8005902000810B572B6FFF7E4FF002104003F
:108BE800FFF792FF62B6200010BD000010B5034BDE
:108BF8001B6958610F20FFF757FF10BD381E002072
:108C080010B572B6FFF7F2FF10BD10B5010072B6CD
:108C18000820FFF759FF62B610BD0000064B10B5DB
:108C28001B69002905D0036058610320FFF74CFF3A
:108C380010BD01204042FBE7381E002003000068F9
:108C480010B5002804D000221A604161FFF7EEFE3B
:108C580010BD000010B50C1E09D0064B01001869A4
:108C6800FFF7D3FE21000420FFF72EFF10BD0120DF
:108C78004042FBE7381E0020036810B50C009842FC
:108C880004D0FFF7C8FE4461FFF7D0FE10BD70B5F1
:108C980004000D0023689C4200D170BD2000FFF73E
:108CA800BAFE4561FFF7C2FEF4E7002300604060AA
:108CB8008360704770B5164B846805001E69002CE8
:108CC80012D1F3698660C360F0611FE0A360237C62
:108CD800002B0ED0062B11D12000FFF7A2FE6169F0
:108CE800FFF784FE63699C68B368A2689A42EDD373
:108CF80004E02000FFF795FEFFF798FE30002900FA
:108D0800FFF774FE06207561FFF7CEFE70BDC04602
:108D1800381E002010B572B6FFF7CCFF62B610BD42
:108D280010B583691943037C81610A2B03D1436918
:108D38000B4206D110BD0B2BFCD1436919408B4265
:108D4800F8D100234361FFF771FEF3E770B5060021
:108D58000D000468B44200D170BDE3682B43E360A2
:108D6800002D02D023692B4203D0A1686068FFF769
:108D7800D7FF2468EEE7EFF30983203383F30988EC
:108D880062B67047024A0349136A0B401362704780
:108D980000ED00E0FFFF00FF10B50F300FD072B6F6
:108DA800EFF30984203C84F3098880235B04E361A2
:108DB800FFF7C4FE024B002800D1024BA36110BD8F
:108DC800670200086A02000810B500F00BFE00F008
:108DD80033FF00F0DAF900F0E5F900F01EFA00F0D0
:108DE8005FFAFFF783FA00F001F810BD10B501F043
:108DF80083F910BD80230022DB0558631A61023213
:108E0800DA60704780230022DB05DA607047802330
:108E1800DB05586370478023DB05586A704730B517
:108E2800039D01722C00002104335C43C361049B41
:108E380014190363059B056200604060C1604261CC
:108E48000261846142628162C162436330BD002372
:108E5800022110B5426AC360426102618362C36243
:108E68004942FFF714FF10BD03694269934203D1D9
:108E7800C2680020824200D1181D7047036910B5EE
:108E88001960C2680132C260C2699B1882690361B5
:108E9800934201D3436A03610021FFF7EDFE10BD41
:108EA80070B504000D00E368002B07D0626900204C
:108EB800131D1268A3629B18E36208E0237A002B53
:108EC80006D129002000FFF7C5FE0028EBDA70BDA7
:108ED80002204042FBE7C368C269013BC3604369A3
:108EE80010B59B1882694361934201D3436A436179
:108EF80000238362036B002B00D0984710BD70B528
:108F0800040072B6836A002B06D1FFF7C9FF051E5D
:108F180002D062B6280070BDA36AE26A1D780133E8
:108F2800A3629342F5D32000FFF7D5FFF1E7F7B529
:108F380004000D000092019372B60026A36A002B6C
:108F480008D120000199FFF7ABFF002802D062B6D4
:108F58003000FEBDA16AE36A009A5B1A971B9F4224
:108F680000D91F00402F15D928004022F7F79AFC96
:108F7800A36A40354033A3624036A36AE26A93424B
:108F880002D32000FFF7A7FF62B6009B9E42DFD204
:108F980072B6D3E728003A00F7F784FCA36AED1904
:108FA800DB19A362F619E8E710B5029C01722100EB
:108FB80004335943C36100238362C362039B51187E
:108FC8000363049B00604060C46042610261816188
:108FD80004624262436310BD036A0221C360436AAC
:108FE80010B543610361002349428362C362FFF7FE
:108FF8004EFE10BD436902699A4203D1C26800203F
:10900800824202D1180008C80B607047C368C26961
:109018000133C360436910B59B1882694361934269
:1090280001D3436A43610021FFF726FE10BD70B5E6
:1090380004000D00E368002B07D0236900201A1DE7
:10904800A262E2699B18E36208E0237A002B06D14A
:1090580029002000FFF7FEFD0028EBDA70BD022092
:109068004042FBE7036910B51960C268013AC26063
:10907800C2699B1882690361934201D3436A036101
:1090880000238362036B002B00D0984710BD70B596
:109098000D000400110072B6836A002B05D1FFF79A
:1090A800C6FF002801D062B670BDA36A1D70A36A0E
:1090B800E26A0133A362934204D3E3692000191FD3
:1090C800FFF7D0FF62B60020EEE7F7B504000D0009
:1090D8000092019372B60026A36A002B08D12000E3
:1090E8000199FFF7A4FF002802D062B63000FEBD48
:1090F800A06AE36A009A1B1A971B9F4200D91F00B7
:10910800402F17D929004022F7F7CCFBA36A403536
:109118004033A3624036A36AE26A934204D3E36908
:109128002000191FFFF79EFF62B6009B9E42DDD20A
:1091380072B6D1E729003A00F7F7B4FBA36AED1934
:10914800DB19A362F619E6E70300026959690020F2
:1091580010B58A4218D1D968814215D0996A8142DE
:1091680012D004398C1A91420ED01460D968013992
:10917800D960D969521899691A618A4201D35A6A21
:109188001A61002201209A6210BD10B500F0B2FEEB
:1091980010BD012310B50370002343600C30FFF7A6
:1091A80084FD10BD10B500F0E3FF10BD012303706E
:1091B80000234360C3600374704710B5040072B69F
:1091C8004B684160836000F0E1FF0023E3600233F5
:1091D800237062B610BD10B572B601238B40C46807
:1091E8002343C36001F04CF862B610BD10B572B6E7
:1091F80001238B40C2689A43C26001F047F862B607
:1092080010BD10B572B601F04EF862B610BD10B5BB
:1092180072B601F053F862B610BD10B500F0D2FE78
:1092280010BD012310B503700023436083600C3028
:10923800FFF73BFD10BD10B5040072B6416000F0A9
:10924800D9FE0223237062B610BD72B64368D9688E
:109258009A6801238B409BB2538362B6704710B55E
:1092680072B60323037000F02DFF62B610BD10B56F
:109278000C30FFF74FFD10BD0200030010B50400CD
:10928800763212787E331A7001F0B6F963681B687B
:10929800002B02D00121200098470323237010BD22
:1092A80010B501F085F910BD01230200010003701B
:1092B80000232C32436048311360D36104328A4260
:1092C800FAD18360704710B5040072B6002341607C
:1092D800C360036143618361C36103624362836264
:1092E80001F028FA0223237062B610BD70B504009D
:1092F80072B601F065F90023250002266360013388
:1093080023700C352C3476422B68002B0ED058690C
:10931800002803D031000C30FFF790FC2B689869C7
:10932800002803D031000C30FFF788FC002308C563
:10933800A542E9D1FFF722FC62B670BD8B1C9B00E9
:1093480070B5C318050050690E0014005A60002853
:1093580003D014220021F7F7F9FAA069002803D0F6
:1093680014220021F7F7F2FA3100280001F04EF933
:1093780070BD0000F8B505000700022604008268E9
:109388000F4B1035134083602C3776422B68002B27
:109398000ED05869002803D031000C30FFF74EFC7E
:1093A8002B689869002803D031000C30FFF746FC81
:1093B800002308C5BD42E9D1200001F0DDF9F8BD60
:1093C8000100010070B501258D4044892C4344817A
:1093D8008C1CA40004196468A46923600023A2609B
:1093E8006360E36001F01AFA70BD70B501258D4025
:1093F80004892C4304818C1CA400041964686469E2
:1094080023600023A2606360E36001F02DFA70BD61
:10941800037870B5052B0AD11025054C1420236C50
:109428002B432364FFF7F1FB236CAB43236470BD2C
:10943800005C00400223F7B503700023C367836014
:1094480003000500022704002C330C3501937F42EA
:109458002B68002B11D072B62B685869002803D0EE
:1094680039000C30FFF7EAFB2B689869002803D015
:1094780039000C30FFF7E2FB62B60026019B40C5BD
:109488009D42E5D1230064331E70200001F034F9B9
:1094980063681B68B34202D0310020009847F7BDCB
:1094A80003000278803370B51A700523037043688F
:1094B80004001B68002B01D00421984725000023D5
:1094C8000226A3600C352C3476422B68002B11D071
:1094D80072B62B685869002803D031000C30FFF7AA
:1094E800ADFB2B689869002803D031000C30FFF7DA
:1094F800A5FB62B60435A542E7D170BD030010B5DF
:1095080080331B78037043681B68002B01D005214A
:10951800984710BDF7B50600643633780400002B71
:1095280001D000233370270074373A0020000197D8
:1095380001F05EF963689B68002B18D1019B1A78CB
:10954800602315001D401A4233D00021200001F08D
:10955800C3F90021200001F0ABF963681B68002BF8
:1095680002D006212000984706233370F7BD20005B
:1095780098470028E2D023007B331A78013B1B78F8
:1095880012021343E26E9A4200D9E366019BE16E30
:109598001B787F2B00D808E1002900D1FBE00923C4
:1095A800337072B60021E36EA26E2000FFF71DFF34
:1095B800F9E023007F2175331B780A401B0213430F
:1095C800814A934200D1CEE026D8802252009342AD
:1095D80059D00DD8012B50D0022B00D194E0002B8C
:1095E800B3D122007C32A2660222E2662367C2E778
:1095F80081225200934200D19DE0FF32FF32934214
:10960800A3D1230076331B78012B9ED122007C3214
:10961800118801330B4341E080221201934246D066
:1096280023D8A022D20093423DD0684A9B18012B30
:1096380000D98AE72300220079331B787832127820
:109648001B0221001343220060687632406877319C
:109658000700127820000978B847002800D174E77D
:109668004368A3660368E3661BE0902212019342F5
:1096780022D0574A934200D067E7564BA36602238D
:10968800E3660023B2E7230076331B78012B00D072
:109698005BE7220002217C3213888B431380A56686
:1096A800E566256767E74C4BA566E5669EE72300F8
:1096B8007F33A3660123D6E72378042B0FD172B634
:1096C8002000FFF757FE62B6230003217F331D7089
:1096D800636821701B68002B01D020009847230085
:1096E80076331B78002B0BD022007F3213700423B3
:1096F800237063681B68002B02D002212000984762
:109708000023A366E36671E723000F2178331B78F3
:10971800200019405BB2002B0ADA01F057F8012843
:1097280004D0022800D010E72C4BA7E72C4BA5E764
:1097380001F036F8F3E7230076331B78002B00D0CE
:1097480003E7230078331B780F22190011401342D6
:10975800D6D05BB22000002B02DA01F0E5F8CFE7A3
:1097680001F0CCF8CCE7230076331B78002B00D02F
:10977800EBE6230078331B780F22190011401342BF
:10978800BED05BB22000002B02DA01F0A5F8B7E7E3
:1097980001F08EF8B4E71423337072B60B000A0098
:1097A8002000FFF70FFE62B6E0E6002906D0152379
:1097B800337072B60021E36EA26EF1E70B233370AB
:1097C80072B60B000A00F0E60203000000FAFFFF81
:1097D800020C0000CCC1000881920008C8C1000832
:1097E800CAC1000870B5050064350400287800284F
:1097F8003BD00638C3B20F2B2FD80F282DD8F6F739
:1098080043FD342C2C08222D2C2C2C2C2C2C2C2CCD
:10981800343423007B331A78013B1B78E06E120244
:10982800134398420FD2E368198AF6F7C7FD002957
:1098380009D172B60B000A002000FFF7D6FD62B608
:109848000A232B7009E014232B7072B60023200022
:109858001A001900FFF7B6FD62B670BD236F002B22
:1098680001D0200098470023EBE70021200001F0F9
:1098780033F80021200001F01BF863681B68002BF7
:1098880002D00621200098470623DAE770B50500C4
:1098980064352B780400142B26D019D8062B06D053
:1098A80002D8002B03D070BD093B022BFBD8002146
:1098B800200001F011F80021200000F0F9FF636892
:1098C8001B68002B02D0062120009847062315E0CC
:1098D800152BE8D10A3B2B7072B600231A00190029
:1098E800FFF783FD62B6DEE7C3689B695B68002B00
:1098F800D9D1036F002B00D0984700232B70D2E7F3
:109908000322F0B5FF26C0250240D2009640890107
:1099180091400A4F83089B00DB19AD005C591F2258
:10992800B4430C435C51012302409340C0224009D8
:109938008000C019520083500360F0BD00E100E0D0
:109948001F21012201408A404309094920339B0015
:1099580010B55A5083089B005B18032108408840C3
:10996800C024FC318140A4001A598A431A5110BD01
:1099780000E100E010B503210520FFF7C1FF032136
:109988000620FFF7BDFF03210720FFF7B9FF10BD31
:1099980010B57446044800F027F9044800F024F98B
:1099A8002000FFF7F9F910BDE0C10008F0C1000878
:1099B80010B57446074800F017F9074800F014F985
:1099C800064800F011F9064800F00EF92000FFF7EC
:1099D800E3F910BD00C2000810C2000820C2000848
:1099E80030C20008234B244A996A10B50A43FC2167
:1099F8009A629A6AC9030A409A629A6A1A690122A3
:109A0800002152421A611A6919611A69D8681B4AF9
:109A180002438020DA60DA68C0030240DA60DA685C
:109A28008022D86952050243DA61DA698022144833
:109A38005200046822430260C0201A6A8000024073
:109A48000138FF38824203D0802252021A6219621A
:109A58008022196A1202114207D18021186A8900EE
:109A680001431962196A0A431A6200F05DF8FFF7A8
:109A780081FF10BD00100240FFFF81FFFFFFBFFF05
:109A8800007000400122264B19680A431A6002221E
:109A980019681142FCD003215A688A435A600C2283
:109AA8005968080010401142FAD1F9211A680A4091
:109AB8001A6001225860596B0A435A630222596B93
:109AC8001142FCD00122596A0A435A620222596A99
:109AD8001142FCD0A02100228903DA6259601A637E
:109AE8008022196852040A431A6080229204196875
:109AF8001142FCD011210B4A11601039106808423C
:109B0800FCD0022259680A430C215A605A680A405C
:109B1800082AFBD19969073A0A439A619B697047F9
:109B28000010024000200240002301220848094991
:109B380010B5036043604C6810312360D4000132D3
:109B48000351082AF7D1044B093A5A6010BDC046A0
:109B5800B4140020D0C1000800000240F7B500246A
:109B6800019100921900062835D81C4B01271C6862
:109B78008740A446654600243D422CD105010130AA
:109B8800C000C2501818416060460121384318606F
:109B98001348144E426974190A4342614269009A93
:109BA800002A0BD05B68A2681A4203D1E07B0199B6
:109BB800FFF7A6FE094B5A6817435F600F2071191B
:109BC8004B68497B1A6882431A600E228A40705992
:109BD800426000221A602000FEBDC046B414002076
:109BE80000100240D0C1000810B50268447B11681B
:109BF8000E23E140194043681B6819420CD0837B4F
:109C08000800A04001335060044ADB009C58002C37
:109C180002D0D3185868A04710BDC046B41400201D
:109C280010B574460348FFF7DFFF2000FFF7B4F8CC
:109C380010BDC046D0C100087047F0B51300032519
:109C480001278BB02B40059393083B400193D30821
:109C58002B400F26029353092B409C460023D20920
:109C68003240059C0792069708950996069A114274
:109C78002ED00726069F1E409F40079DB2000392E4
:109C880095404268019EBA433243089E5F00BE4039
:109C98003700F643426082680496029EBA43324314
:109CA80066468260C268BA433243C260039E099A1C
:109CB800B240059ED243022E1DD1072B16D8066A44
:109CC80032402A4302620268049D2A40224302600D
:109CD800490821D0019AA40052000192029A013346
:109CE80092000292624692009446BFE7466A32406A
:109CF8002A434262E7E70668049F3E40264306601F
:109D0800072B04D8066A32402A430262E0E7466A13
:109D180032402A434262DBE70BB0F0BD836A10B5DC
:109D28005B6800245B68016BFF2B02D98024FF234A
:109D3800640440681B0480684A680343044802407E
:109D4800134380222343D20013434B6010BDC04607
:109D5800FFFF00FEC36A30B55B6800245A68016BD8
:109D6800FF2A02D98024FF22640440684B68044D0E
:109D780080682B4003432343120413434B6030BDD8
:109D8800FFFF00FEFC22F8B5584C9201256B764681
:109D9800AB69EB6113423AD00F25E26A506801685B
:109DA800A9430160507B11680E22170087404F605D
:109DB800A16A4F683868A84338600868497B8A40B8
:109DC8004260DA0503D50122A1680A43A2609A0518
:109DD80003D50222A1680A43A2605A0503D50822C6
:109DE800A1680A43A260A268DB040AD520231343B2
:109DF800A36072B6022149423D48FEF71FFF62B6D2
:109E080001E0002AF5D13000FEF7C6FFF8BDFE22BA
:109E18001342F8D0DA0622D50F20E36A59680A6897
:109E280082430A60597B1A680E231F008F405760CF
:109E3800A26A57683968814339601168527B934038
:109E48004B600423A2681343A36080236A68DB0184
:109E5800134346226B602B6893432B60C9E71A06AD
:109E680009D523782000032B02D1FFF773FFCAE737
:109E7800FFF754FFC7E75B06C5D5A36A21780F2013
:109E88005A6803291DD1E36A5F68396881433960DC
:109E9800587B19680E2383404B605368002B18D0F9
:109EA8002000FFF73BFFA36A5A68012311680B43A0
:109EB800136080236A689B0113436B60042323703B
:109EC800A1E7116881431160597B1A680E238B4002
:109ED800536080236A68DB01134340226B602B6860
:109EE80093432B6072B6002186E7C046841E00208B
:109EF800A01E002010B5054C2000FFF74AF90023EA
:109F0800034AE3612263A362E36210BD841E00205A
:109F18000054004010B50B0702D50248FEF780FC3C
:109F280010BDC04640C2000870B504000D000B0704
:109F380002D52348FEF774FC62681378002B16D00C
:109F48006B0704D55368002B01D020009847AB0756
:109F58000CD563685B68002B08D0042220002270AF
:109F680098472378042B01D1013B237070BD0F253E
:109F7800636A58680168A9430160587B19680E2311
:109F88001E0086404E60216A4E683068A8433060E3
:109F98000868497B8B4043605368002B06D0042235
:109FA8002000227098472378042B01D102232370C4
:109FB80072B6200000210830FEF740FE62B6D5E7F1
:109FC80040C2000810B5074C2000FFF72AF9064BDD
:109FD800E361002323626362044BA362044BE362E0
:109FE80010BDC046B81E0020003800400A1000000E
:109FF80018100000037870B50400012B1FD12B4BFB
:10A00800984214D103000221294A0320FFF7A6FD34
:10A0180023000221274A20620420FFF79FFD8022A7
:10A02800254BD201D96960620A43DA61DB69236A88
:10A038005A68E3690C339360626A526893601F4DF3
:10A04800E26AA36AE0262B401540F02261681201FB
:10A05800488AF6000240B2421BD8A362E5620E7835
:10A068002423A26AE56A002E1AD01A432B43A2625F
:10A07800E3624022E3691C6894431C600C8A042153
:10A08800214319600E490843586019680A431A6049
:10A0980070BDA022D20013432A43A362E262DEE726
:10A0A8009A439D43A262E562E3E7C046B81E0020DA
:10A0B800319F00081D9F000800100240FFF0FFFFBD
:10A0C80007100000036A10B55C680A4BE360836AF6
:10A0D80061602360436A5B68DA6080225960C16A04
:10A0E8000A431A60012221681143216019680A4352
:10A0F8001A6010BDF414002001220E4B10B5D96966
:10A108000F201143D9610C49DB698B6813438B60BD
:10A1180080230A49DB05996201214942D96200215D
:10A1280099615963D96059605A6102311A60FFF721
:10A13800E7FB10BD0010024000580140BF120000AC
:10A148008022D2051369D16810B50B40D9B2C94332
:10A1580011619B0703D572B6FEF768FB62B610BDA6
:10A1680010B57446FFF7ECFF2000FEF715FE10BD92
:10A1780010B5044C2000FFF719F804232374024B90
:10A18800A36110BDE81E002000040040037870B5EC
:10A198000400012B61D1364B984212D10221354B74
:10A1A8001020DA690A43DA61DA691A690A431A611E
:10A1B8001A698A431A6101311B69FFF7A1FB2E4B0B
:10A1C8006361A3692D4A9A61DA61656860692968E3
:10A1D800F6F76EF80F21A368A269013B0138906277
:10A1E800D362EB6A5360EB68194001293ED0002323
:10A1F800022901D101230B430F216869014001297C
:10A2080003D0022903D11E310B4310210B430F2128
:10A21800E8690140012904D0022905D1FF31FF3145
:10A228000B43802149000B430F21686A0140012933
:10A2380004D0022905D1802189010B4380214901DD
:10A248000B431362012353610023FF2113612B6B1E
:10A258008B43D3608523136070BD002283691A6025
:10A268005A639A63DA631A645A62AEE70021C1E757
:10A27800E81E002000100240006CDC026868000044
:10A2880083690C31890059184A6070470B0082694C
:10A2980000200C339B00D318586002308840D368E4
:10A2A8008343D360704701238269D168194204D17E
:10A2B80002200B4340421061D3607047012182693C
:10A2C800D3688B43D3607047836970B51D69DA68BA
:10A2D80004001540EAB2D2431A61AB0704D54368BB
:10A2E8001B69002B00D098476B0705D563689B69ED
:10A2F800002B01D0200098472B0705D563681B6AFF
:10A30800002B01D020009847EB0605D563689B6AAF
:10A31800002B01D020009847EB0705D563689B68A0
:10A32800002B01D02000984770BD000010B574467E
:10A338000348FFF7C9FF2000FEF72EFD10BDC046F9
:10A34800E81E00200B4B30B51B6D0B4CC0001B19D1
:10A35800C018038889181B1994B244808C1A002AE3
:10A3680000DC30BD60782578000228431880023A66
:10A378000233F3E7005C0040006000407346F0B52C
:10A38800804C87B0656C05936B0504D57E4B7F4880
:10A398006364FFF74FF82B0508D50823226C7B4828
:10A3A800134323647A4B6364FFF77AF8EB040BD505
:10A3B800A36C1B0406D40822236C744893432364BB
:10A3C800FFF79CF8734B6364AB0507D56F48436888
:10A3D800DB68002B00D098476F4B636480231B0217
:10A3E8001D4204D10598FEF7D7FC07B0F0BD0F2732
:10A3F800644B2F40BD00ED182B68644E0293BB1CC4
:10A408009B00F3185B680193029B1B0626D52A68FC
:10A418006249019B0A4080215B6909020A432A605C
:10A428001A69186894465A68196862445A60801A0A
:10A4380091422DD0019A128A824200D9020099686D
:10A448001A6161449960F8B2FFF77CFF2A68544B9F
:10A458001A4030235A40534B13432B608022029BEF
:10A468001202134212D02B684C4A1A40802313431D
:10A478002B60FBB29C46029B1B0521D54348BB1CA5
:10A488009B00C3185B6861465B689847656CA5E7E5
:10A498000122BA40338993433381019B9B68002B87
:10A4A80002D03000F9B2984772B6BB1C9B00F61870
:10A4B8007368002158690C30FEF7C0FB62B6CDE71F
:10A4C800019B39489A69F90093680393236D1B1817
:10A4D8005B18998809180491DB8802919B059B0DEC
:10A4E80019000398012938D80499039E5808400098
:10A4F80009183618834201D0098831709168C91843
:10A5080091605168C91851601168C91A1160118A9F
:10A51800013989B21182019A528A9A4201D80029D6
:10A5280026D10122BA40194DBE1C6B8993436B8119
:10A53800B300EB185B68DB68002B02D0614628008B
:10A54800984772B6B600AD196B689B6918005968D0
:10A558000C30FEF773FB62B698E7029E0239368824
:10A568000670360A4670029E023002360296B9E735
:10A578002A680E4B1A40C0239B015A40094B1343CB
:10A588002B6083E7005C0040FFFBFFFF041F0020F7
:10A59800FFF7FFFFFFEFFFFFFFFDFFFF0F07FFFFC5
:10A5A800BF87FFFF80800000006000408FB7FFFF7B
:10A5B80010B50248FEF778FE10BDC046041F002003
:10A5C800037810B5012B0ED0074B98420BD11F20F2
:10A5D800FFF7B6F90322054B05491A64054BDA69FA
:10A5E8000A40DA61DB6910BD041F0020005C0040EE
:10A5F800FFFF7FFF0010024080227E300378134364
:10A60800014AD3647047C046005C00408B1C9B0025
:10A61800C318F7B55C68032322681340032B56D090
:10A628005A4253415B022E4A2E4E126DCD009219AA
:10A63800AD186269002A13D00700002208376A8023
:10A64800FA6F0192228A01321600012296433200E3
:10A65800019E9219FA676A46968820222E80134333
:10A66800A269002A18D0648A661E3E2C32D91F229D
:10A6780032430132521196021B4A3243012692B2EA
:10A688000830EA800134C26FB443A41892B2C46798
:10A69800AA8080229201134311488A001218802050
:10A6A8001468C001044200D00343402014680442E7
:10A6B80000D003430D48194301400D480D4C014398
:10A6C8001160116823404B4003431360F7BDC0235A
:10A6D800DB00A8E701223243013252109202CDE793
:10A6E800005C0040006000400080FFFF0F07FFFF94
:10A6F8008080000070780000002180230B4A10B58C
:10A7080011655164D3644368DB685C4263419E24ED
:10A718005B4224025B021B191364030040220833C6
:10A72800DA67034BC360FFF771FF10BD005C0040A0
:10A738004CC20008017870B50400012914D10B4BF4
:10A7480098420ED180220A4B1204D869094D02435F
:10A75800DA61DB691F2029640231FFF7D1F8002391
:10A768002B642000FFF7C8FF70BDC046041F0020FF
:10A7780000100240005C0040402301220830C367FB
:10A788000548064993005B181968013201431960AE
:10A798001860082AF5D1704780800000005C0040EE
:10A7A800084B8900C958C0220B00920113401800B9
:10A7B800114205D0044A9B181800431E98410130E5
:10A7C8007047C046005C004000F0FFFF074B89005F
:10A7D800C95830220B0013401800114204D0103B16
:10A7E8001800431E984101307047C046005C004085
:10A7F800084B09481B6DC9001B18C9188B881B1802
:10A808001000083019880233118002329042F9D1C1
:10A818007047C046005C0040006000408B1C9B00F5
:10A82800C018426870B595690C0028680123002893
:10A8380005D0518A40180138F5F73AFD83B22B82CA
:10A84800064BA400E4182268054B1A40C0239B015C
:10A858005A40044B1343236070BDC046005C00405F
:10A868008FB7FFFF808000008B1C9B0010B5C018BD
:10A8780042680C005369128A19688A4200D90A0092
:10A88800200099681A61FFF75DFD064BA400E418E3
:10A898002268054B1A4030235A40044B1343236067
:10A8A80010BDC046005C0040BF87FFFF80800000ED
:10A8B800064B8900C9180A68054B1A4080235B01BA
:10A8C8005A40044B13430B607047C046005C00407D
:10A8D8008FB7FFFF80800000054B8900C9180A6800
:10A8E800044B1A4010235A40034B13430B60704724
:10A8F800005C0040BF87FFFF80800000C022074B3C
:10A908008900C9180B6892011340934205D00B685F
:10A91800034A1A40034B13430B607047005C004026
:10A92800BF87FFFF80A000003022084B8900C918AC
:10A938000B681340934207D00A68054B1A4020233E
:10A948005A40044B13430B607047C046005C0040FC
:10A95800BF87FFFF808000004B6843608B6883607F
:10A96800CB68C3600B6943614B6903628B694362BF
:10A978000B68036070470000FC22154BD203996AEC
:10A9880010B511439962996A124801409020996262
:10A99800996A5969C0050A435A610F495B69FFF70B
:10A9A800DBFF0E490E48FFF7D7FF0E490E48FFF7A9
:10A9B800D3FF0E490E48FFF7CFFF0E490E48FFF7A9
:10A9C800CBFF0E490E48FFF7C7FFFFF75BF810BD36
:10A9D80000100240FFFF81FF70C200088CC200080F
:10A9E80000040048A8C2000800080048C4C20008C3
:10A9F800000C0048E0C2000800100048FCC2000833
:10AA08000014004870471623036001204042704735
:10AA180000207047180070470020704710B50022CA
:10AA2800040008000121FDF7ADFE002802D10C2327
:10AA38000138236010BD10B51400002158222000F1
:10AA4800F5F784FF80239B010020636010BD01207F
:10AA5800704710B5F5F7E0FE01230360584210BDBA
:06AA680001207047FEE72B
:04AA7000F8B5C0462F
:04AA7400F8B5C0462B
:10AA780000202020202020202020282828282820C6
:10AA880020202020202020202020202020202020BE
:10AA98002088101010101010101010101010101026
:10AAA8001004040404040404040404101010101016
:10AAB80010104141414141410101010101010101E0
:10AAC8000101010101010101010101011010101032
:10AAD80010104242424242420202020202020202B2
:10AAE8000202020202020202020202021010101006
:10AAF800200000000000000000000000000000002E
:10AB0800000000000000000000000000000000003D
:10AB1800000000000000000000000000000000002D
:10AB2800000000000000000000000000000000001D
:10AB3800000000000000000000000000000000000D
:10AB480000000000000000000000000000000000FD
:10AB580000000000000000000000000000000000ED
:10AB680000000000000000000000000000000000DD
:10AB780000000000040C002000000000000000009D
:10AB880000000000000000000000000000000000BD
:10AB980000000000000000000000000000000000AD
:10ABA800000000000000000000000000000000009D
:10ABB800000000000000000000000000000000008D
:10ABC800000000000000000000000000000000007D
:10ABD8000000000000000000165C1E001F0020009E
:10ABE80021002200230024002500260027002D0034
:10ABF8002E0031004C002B0014001A00080015002C
:10AC080017001C0018000C00120013002F00300061
:10AC180000002A00390004001600070009000A0095
:10AC28000B000D000E000F00330034000000000080
:10AC38002800E1001D001B00060019000500110096
:10AC48001000360037003800E50000000000015110
:10AC5800E000E300E200000000002C00000000001B
:10AC68000000E600E700015100000000E4003500A4
:10AC78003A003B003C003D003E003F0040004100E0
:10AC880042004300440045004C000100C25CC35C24
:10AC98005200010001000100010001000100010053
:10ACA80001000100010000000100C15C50005100DA
:10ACB8004F00010001000100010001000100010036
:10ACC8000100000000000100BE5CBD5CBF5C01002B
:10ACD8000100010001000100010001000100010064
:10ACE8000000000001000100010001000000000058
:10ACF8000100000000000000010001000100000048
:10AD08000000005C44454255473A20656E61626C1C
:10AD180065642E0A0044454255473A2064697361C8
:10AD2800626C65642E0A000000000000000000004C
:10AD3800000000000000000000000000000000000B
:10AD48000000000000000000000000000000002AD1
:10AD58002B28000000000000000000000000000098
:10AD6800000029000000002C1E3420212224342653
:10AD780027252E362D3738271E1F2021222324254C
:10AD8800263333362E37381F0405060708090A0B01
:10AD98000C0D0E0F101112131415161718191A1B73
:10ADA8001C1D2F3130232D350405060708090A0B11
:10ADB8000C0D0E0F101112131415161718191A1B53
:10ADC8001C1D2F3130354C000000007E0F00D4FFD1
:10ADD800FFFFC70000007800E200E900EA00B500C4
:10ADE800B600B700CD008301CC008A01920194011E
:10ADF8002102230224022502260227022A02B30086
:10AE0800B4006F0070000A722F632030313233347F
:10AE180035363738394142434445460A00253032F1
:10AE28005800253031366200020400480A04004800
:10AE38000B040048090000480F00004803040048BC
:10AE480004040048050400480604004807040048B4
:10AE580008040048090400480D0800480E08004886
:10AE68000F08004801040048000400480700004893
:10AE780005000048040000480A092D204D6F75732D
:10AE8800656B6579202D0A4553432F713A09717511
:10AE980069740A313A0964656C6179282A31306D20
:10AEA80073290A323A09696E74657276616C286D85
:10AEB80073290A333A096D61785F73706565640AAE
:10AEC800343A0974696D655F746F5F6D61780A352E
:10AED8003A09776865656C5F6D61785F7370656561
:10AEE800640A363A09776865656C5F74696D655FF1
:10AEF800746F5F6D61780A0A703A097072696E74CE
:10AF08002076616C7565730A643A09736574206408
:10AF1800656661756C74730A75703A092B310A6439
:10AF28006F776E3A092D310A706775703A092B31BF
:10AF3800300A7067646F776E3A092D31300A0A73E8
:10AF480070656564203D2064656C7461202A206DFD
:10AF580061785F7370656564202A20287265706562
:10AF68006174202F2074696D655F746F5F6D6178FF
:10AF7800290A0077686572652064656C74613A20F7
:10AF8800637572736F723D25642C20776865656CF4
:10AF98003D25640A53656520687474703A2F2F65DF
:10AFA8006E2E77696B6970656469612E6F72672FA1
:10AFB80077696B692F4D6F7573655F6B6579730A78
:10AFC800006D6B5F64656C6179203D2025640A0023
:10AFD8006D6B5F696E74657276616C203D202564C7
:10AFE8000A006D6B5F6D61785F7370656564203D05
:10AFF8002025640A006D6B5F74696D655F746F5F0F
:10B008006D6178203D2025640A006D6B5F77686567
:10B01800656C5F6D61785F7370656564203D2025A0
:10B02800640A006D6B5F776865656C5F74696D6550
:10B038005F746F5F6D6178203D2025640A004C25A0
:10B04800640A006565636F6E6669673A0A0064653D
:10B058006661756C745F6C617965723A200025755C
:10B068000064656275675F636F6E6669672E7261FB
:10B07800773A20002E656E61626C653A20002E6D6D
:10B0880061747269783A20002E6B6579626F61721B
:10B09800643A20002E6D6F7573653A20006B6579F0
:10B0A8006D61705F636F6E6669672E7261773A20B3
:10B0B800002E737761705F636F6E74726F6C5F637D
:10B0C8006170736C6F636B3A20002E636170736CF0
:10B0D8006F636B5F746F5F636F6E74726F6C3A202F
:10B0E800002E737761705F6C63746C5F6C67756951
:10B0F8003A20002E737761705F7263746C5F7267B9
:10B1080075693A20002E737761705F6C616C745FAB
:10B118006C6775693A20002E737761705F72616C95
:10B12800745F726775693A20002E6E6F5F67756984
:10B138003A20002E737761705F67726176655F658C
:10B1480073633A20002E737761705F6261636B737B
:10B158006C6173685F6261636B73706163653A20E9
:10B16800002E6E6B726F3A20006261636B6C6967C8
:10B1780068745F636F6E6669672E7261773A200044
:10B188002E6C6576656C3A2000436C656172696E59
:10B198006720454550524F4D0A000A092D204D6140
:10B1A800676963202D0A443A094465627567204D32
:10B1B80065737361676520546F67676C650A583AF1
:10B1C800094D6174726978204465627567204D6F16
:10B1D800646520546F67676C65202D2053686F770E
:10B1E800206B65797072657373657320696E206D65
:10B1F800617472697820677269640A4B3A094B6511
:10B2080079626F61726420446562756720546F6764
:10B21800676C65202D2053686F77206B6579707295
:10B22800657373207265706F72740A4D3A094465CC
:10B23800627567204D6F75736520546F67676C651D
:10B248000A563A0956657273696F6E0A533A09537A
:10B2580074617475730A433A094163746976617459
:10B268006520436F6E736F6C65204D6F64650A4689
:10B27800312D4631303A0953776974636820746F09
:10B28800204C6179657220302D39202846313020D4
:10B298003D204C30290A302D393A095377697463B7
:10B2A8006820746F204C6179657220302D390A4707
:10B2B800524156453A0953776974636820746F2080
:10B2C8004C6179657220302028616C7465726E61FA
:10B2D8007465290A423A094A756D7020746F2042D4
:10B2E8006F6F746C6F616465720A4553433A094A1B
:10B2F800756D7020746F20426F6F746C6F61646538
:10B30800722028616C7465726E617465290A453A09
:10B31800095072696E7420454550524F4D2053654F
:10B328007474696E67730A4253504143453A09433E
:10B338006C65617220454550524F4D0A4E3A094E90
:10B348004B524F20546F67676C650A000A092D201D
:10B35800436F6E736F6C65202D0A4553432F713A06
:10B3680009717569740A6D3A096D6F7573656B6556
:10B37800790A00433E20000A0A4A756D70696E67B3
:10B3880020746F20626F6F746C6F616465722E2E0B
:10B398002E20000A64656275673A206F6E0A000AFB
:10B3A80064656275673A206F66660A000A6D6174A3
:10B3B8007269783A206F6E0A000A6D617472697852
:10B3C8003A206F66660A000A6B6579626F6172647B
:10B3D8003A206F6E0A000A6B6579626F6172643A8F
:10B3E800206F66660A000A6D6F7573653A206F6E86
:10B3F8000A000A6D6F7573653A206F66660A000A5F
:10B40800092D2056657273696F6E202D0A00564902
:10B41800443A203078434130342843616E6E6F6E71
:10B428004B65797329205049443A203078313630B9
:10B438003028496E7374616E74363029205645522F
:10B448003A203078303030310A004255494C443A7D
:10B458002020284A756C2031332032303231290AB5
:10B468000043484942494F533A2022627265616B52
:10B47800696E675F323032315F7131222C20434F61
:10B488004E545249423A2022627265616B696E6776
:10B498005F323032315F7131220A004F5054494FC8
:10B4A8004E533A204D4F5553454B45592045585416
:10B4B80052414B455920434F4E534F4C4520434F23
:10B4C8004D4D414E44204E4B524F20424F4F544C0D
:10B4D8004F414445525F53495A450A004743433A4E
:10B4E80020392E322E310A000A092D205374617436
:10B4F8007573202D0A00686F73745F6B6579626FCE
:10B508006172645F6C65647328293A2025580A00C3
:10B518006B6579626F6172645F70726F746F636F6D
:10B528006C3A2025580A006B6579626F6172645F16
:10B5380069646C653A2025580A006B65796D6170FD
:10B548005F636F6E6669672E6E6B726F3A2025585F
:10B558000A0074696D65725F726561643332282907
:10B568003A202530346C580A004E4B524F3A206F1F
:10B578006E0A004E4B524F3A206F66660A003F0033
:10B588004D3E20000A092D2056616C756573202DEB
:10B598000A00313A2064656C6179282A31306D736C
:10B5A800293A2000323A20696E74657276616C28F7
:10B5B8006D73293A2000333A206D61785F737065A6
:10B5C80065643A2000343A2074696D655F746F5F72
:10B5D8006D61783A2000353A20776865656C5F6D53
:10B5E80061785F73706565643A2000363A20776841
:10B5F80065656C5F74696D655F746F5F6D61783ADE
:10B6080020007365742064656661756C740A004D6A
:10B6180025643E20004D3E0001020304050607088C
:10B6280009006D6F7573656B6579205B62746E7C5C
:10B63800782079207620685D287265702F61636CA8
:10B64800293A205B007C002564005D28002F0072E9
:10B6580067626C696768745F636F6E6669672045C7
:10B668004550524F4D3A0A007267626C69676874B8
:10B678005F636F6E6669672E656E61626C65203DFB
:10B688002025640A007267686C696768745F636F75
:10B698006E6669672E6D6F6465203D2025640A001B
:10B6A8007267626C696768745F636F6E6669672E3C
:10B6B800687565203D2025640A007267626C6967B9
:10B6C80068745F636F6E6669672E736174203D20CE
:10B6D80025640A007267626C696768745F636F6EDD
:10B6E8006669672E76616C203D2025640A007267C2
:10B6F800626C696768745F636F6E6669672E7370E2
:10B70800656564203D2025640A007267626C69677C
:10B71800687420736574207370656564205B4545A3
:10B7280050524F4D5D3A2025750A007267626C6968
:10B7380067687420736574207370656564205B4E58
:10B748004F454550524F4D5D3A2025750A007267A6
:10B75800626C69676874207261696E626F772073C2
:10B768006574206873763A2025642C25642C25643A
:10B778002C25750A007267626C69676874207365A6
:10B788007420687376205B454550524F4D5D3A20D2
:10B7980025752C25752C25750A007267626C6967FA
:10B7A80068742073657420687376205B4E4F454536
:10B7B80050524F4D5D3A2025752C25752C25750A5C
:10B7C80000C87267626C696768742074696D657215
:10B7D80020656E61626C65642E0A007267626C692E
:10B7E8006768742074696D65722064697361626C3E
:10B7F800652E0A007267626C69676874206D6F64F1
:10B8080065205B454550524F4D5D3A2025750A002D
:10B818007267626C69676874206D6F6465205B4E3F
:10B828004F454550524F4D5D3A2025750A007267C5
:10B83800626C6967687420656E61626C65205B453F
:10B848004550524F4D5D3A207267626C6967687463
:10B858005F636F6E6669672E656E61626C65203D19
:10B868002025750A007267626C696768745F696E83
:10B8780069742063616C6C65642E0A007267626C7F
:10B88800696768745F696E69742073746172742182
:10B898000A007267626C696768745F696E69742010
:10B8A8006565636F6E666967206973206E6F7420C3
:10B8B800656E61626C65642E0A007267626C696706
:10B8C80068745F696E6974207267626C696768740E
:10B8D8005F636F6E6669672E6D6F6465203D20300B
:10B8E8002E2057726974652064656661756C7420D2
:10B8F80076616C75657320746F20454550524F4DC5
:10B908002E0A007267626C6967687420656E6162EE
:10B918006C65205B4E4F454550524F4D5D3A207245
:10B9280067626C696768745F636F6E6669672E65C6
:10B938006E61626C65203D2025750A007267626C35
:10B94800696768742064697361626C65205B45454A
:10B9580050524F4D5D3A207267626C696768745F38
:10B96800636F6E6669672E656E61626C65203D2047
:10B9780025750A007267626C6967687420746F675E
:10B98800676C65205B454550524F4D5D3A207267A4
:10B99800626C696768745F636F6E6669672E656E4F
:10B9A80061626C65203D2025750A007267626C69CA
:10B9B8006768742064697361626C65205B4E4F45EB
:10B9C8004550524F4D5D3A207267626C69676874E2
:10B9D8005F636F6E6669672E656E61626C65203D98
:10B9E8002025750A001E140A05FFAA7F55407F3FCF
:10B9F8001F783C1E6432140000046432141E0F05C4
:10BA08000001020202020606060909090909090FCE
:10BA18000F0F0F0F0F1515151819191919191919CD
:10BA280019191923242525252525252223252628E6
:10BA3800292A2C2D2F3032333536383A3B3D3E40BB
:10BA480042434547494A4C4E5051535557595A5C01
:10BA58005E6062646668696B6D6F71737577797B18
:10BA68007D7F81838587898A8C8E90929496989A17
:10BA78009C9E9FA1A3A5A7A8AAACAEAFB1B3B4B62C
:10BA8800B8B9BBBCBEBFC1C2C3C5C6C7C9CACBCC87
:10BA9800CDCED0D1D2D2D3D4D5D6D7D7D8D9D9DA5A
:10BAA800DADBDBDBDCDCDCDCDCDDDDDDDDDCDCDCCF
:10BAB800DCDCDBDBDBDADAD9D9D8D7D7D6D5D4D3F7
:10BAC800D2D2D1D0CECDCCCBCAC9C7C6C5C3C2C1CC
:10BAD800BFBEBCBBB9B8B6B4B3B1AFAEACAAA8A729
:10BAE800A5A3A19F9E9C9A98969492908E8C8A89E1
:10BAF800878583817F7D7B79777573716F6D6B69BE
:10BB080068666462605E5C5A5957555351504E4C92
:10BB18004A4947454342403E3D3B3A383635333241
:10BB2800302F2D2C2A2928262523226261636B6C4D
:10BB38006967687420627265617468696E672065F8
:10BB48006E61626C650A006261636B6C6967687438
:10BB580020627265617468696E67206469736162E6
:10BB68006C650A006261636B6C6967687420627255
:10BB780065617468696E6720746F67676C653A20E1
:10BB880025750A006261636B6C6967687420696E69
:10BB98006372656173653A2025750A006261636B9B
:10BBA8006C696768742064656372656173653A20BF
:10BBB80025750A006261636B6C6967687420656E3D
:10BBC80061626C650A006261636B6C696768742006
:10BBD80064697361626C650A006261636B6C6967B2
:10BBE800687420746F67676C653A2025750A00626F
:10BBF80061636B6C6967687420737465703A20259B
:10BC0800750A0000000000000000000000000101AB
:10BC18000203040506080A0C0F1114181C20242915
:10BC28002E33393F464C535B626A7179818A929A06
:10BC3800A2AAB2B9C1C8CFD5DCE1E7EBF0F4F7FAB4
:10BC4800FCFDFEFFFEFDFCFAF7F4F0EBE7E1DCD5C6
:10BC5800CFC8C1B9B2AAA29A928A8179716A625B85
:10BC6800534C463F39332E2924201C1814110F0C2D
:10BC78000A08060504030201010000000000000094
:10BC88000000000000000000000000000004004860
:10BC98000F0000001800000000010101010101016E
:10BCA8000101020202020202020202030303030369
:10BCB8000303030404040404040405050505050638
:10BCC80006060606070707070708080808090909F6
:10BCD800090A0A0A0B0B0B0C0C0C0D0D0D0E0E0E9F
:10BCE8000F0F0F1010111111121213131414151530
:10BCF80016161717181819191A1A1B1B1C1D1D1EA2
:10BD08001E1F2020212222232424252626272829F5
:10BD1800292A2B2C2D2D2E2F303132323334353623
:10BD28003738393A3B3C3D3E3F4041424344454623
:10BD38004748494A4C4D4E4F5051535455565859FF
:10BD48005A5B5D5E5F616264656668696B6C6D6FA6
:10BD58007072737577787A7B7D7E80828385878819
:10BD68008A8C8E8F91939596989A9C9EA0A2A3A553
:10BD7800A7A9ABADAFB1B3B5B7BABCBEC0C2C4C654
:10BD8800C9CBCDCFD1D4D6D8DBDDDFE2E4E7E9EB10
:10BD9800EEF0F3F5F8FAFDFF6B6579626F61726496
:10BDA8005F7265706F72743A200025303258200037
:10BDB8006B6579626F6172645F7365745F6C6564EB
:10BDC8003A200000E200E900EA00B500B600B7003A
:10BDD800CD008301CC008A01920194012102230243
:10BDE80024022502260227022A02B300B4006F00AB
:10BDF80070004F6E6573686F743A2061637469767A
:10BE0800653A2025640A006164645F6B65795F6246
:10BE180069743A2063616E2774206164643A20254E
:10BE28003032580A0064656C5F6B65795F626974CB
:10BE38003A2063616E27742064656C3A202530329D
:10BE4800580A00000300000000000000057C0008FC
:10BE580000000000080000004C1400200000000052
:10BE680002000000000000000300000000000000C5
:10BE7800B57F000800000000200000009C1400208E
:10BE88000000000002000000000000007D7C0008A7
:10BE9800257C0008217E0008097C000855534220B3
:10BEA800636F6E666967757265642E0A004B657903
:10BEB800626F6172642073746172742E0A005B731E
:10BEC8005D000000EFBF0008F3BF00080BC00008CA
:10BED8000416140012BF00082BBF00084BBF00084F
:10BEE80064BF0008AFBF000821C0000843C00008B5
:10BEF8007BBF00084022B62209027B00040100A093
:10BF0800FA090400000103010100092111010001DF
:10BF18002240000705810308000A09040100020302
:10BF280000000009211101000122220007058203F7
:10BF38002000010705030320000109040200010392
:10BF480000000009211101000122B6000705840341
:10BF580020000A090403000203000000092111015E
:10BF680000012222000705850320000107050603BA
:10BF78002000010631FF0974A1010975150026FF8B
:10BF8800009520750881020976150026FF00952086
:10BF980075089102C0120110010000004004CA0097
:10BFA8001601000102000105010906A10105071992
:10BFB800E029E715002501950875018102950175AD
:10BFC8000881010507190029FF150026FF009506BD
:10BFD8007508810005081901290595057501910263
:10BFE800950175039101C004030904160343006118
:10BFF800006E006E006F006E004B006500790073E4
:10C00800000000140349006E007300740061006EA4
:10C018000074003600300000000660FF0961A101CD
:10C028000962150026FF009520750881020963152D
:10C038000026FF00952075089102C005010902A19C
:10C048000185020901A10005091901290815002522
:10C05800019508750181020501093009311581250D
:10C068007F95027508810609381581257F95017528
:10C07800088106050C0A38021581257F9501750887
:10C088008106C0C005010980A101850319012AB7ED
:10C0980000150126B700950175108100C0050C092F
:10C0A80001A101850419012AA002150126A0029503
:10C0B8000175108100C005010906A1018505050764
:10C0C80019E029E715002501950875018102050782
:10C0D800190029EF1500250195F075018102050861
:10C0E80019012905950575019102950175039101BD
:10C0F800C000000000000000738400085B84000892
:10C10800A38400088B8400089984000881840008AF
:10C118006984000851840008000000006CC700080A
:10C12800901F0020901F0020901F00206CC700085F
:10C138000000000000000000000000006CC70008BC
:10C148000000000000000000000000006CC70008AC
:10C158000000000000000000000000006CC700089C
:10C168000000000000000000000000006CC700088C
:10C178000000000000000000000000006CC700087C
:10C188000000000000000000000000006CC700086C
:10C198000000000000000000000000006D61696EF2
:10C1A8000069646C65000000A9C10008801D0020BA
:10C1B800381E002001000000E5870008000000008C
:10C1C80000000100000000000000024008000240DA
:10C1D8000100000000000009000002401C000240AD
:10C1E800060000000004010A00000240300002407E
:10C1F800060000000008020A000002404400024055
:10C2080078000000000C030B0000024058000240B8
:10C21800780000000010040B000002406C0002408F
:10C22800780000000014050B000002408000024066
:10C23800780000000018060B444D41206661696CC7
:10C2480075726500000000001D950008ED97000854
:10C258009598000840004000F8140020F8140020C9
:10C26800010000000C150020A004002800000000B8
:10C278005FF7FFFF05515565DFFF00000011000063
:10C28800000000008000000000000000FFFFFFFF2A
:10C2980055555555FFFF0000000000000000000044
:10C2A8000000000000000000FFFFFFFF555555018A
:10C2B800FFFF000000000000000000000000000078
:10C2C80000000000FFFFFFFF55555555FFFF000018
:10C2D8000000000000000000000000000000000056
:10C2E800FFFFFFFF55555555FFFF000000000000F8
:10C2F800000000000000000000000000FFFFFFFF3A
:10C3080050555555FFFF00000000000000000000D8
:10C318005245454E54206D616C6C6F632073756394
:10C3280063656564656400002E2E2F2E2E2F2E2E39
:10C338002F2E2E2F2E2E2F2E2E2F2E2E2F2E2E2F0F
:10C348006E65776C69622F6C6962632F7374646CB5
:10C3580069622F72616E642E630000002C2066757E
:10C368006E6374696F6E3A20000000006173736534
:10C378007274696F6E2022257322206661696C656C
:10C38800643A2066696C6520222573222C206C692A
:10C398006E65202564257325730A0000232D302B34
:10C3A80020000000686C4C00656667454647000041
:10C3B80030313233343536373839414243444546D3
:10C3C8000000000030313233343536373839616295
:08C3D8006364656600000000CB
:08C3E0005442FF7F0100000040
:10C3E800040C002000000000C0AB0008A0AB00084F
:10C3F80080AB000800000000000000000000000002
:10C408000000000000000000000000000000000024
:10C418000000000000000000000000000000000014
:10C428000000000000000000000000000000000004
:10C4380000000000000000000000000000000000F4
:10C44800000000001E320A141E64082802010100C0
:10C458000E000E0E01191A1B1C1D1E1F202122067C
:10C46800FFFF0000000100000000000000000000C5
:10C4780000000000000000000000000000000000B4
:10C4880000000000000000000000000000000000A4
:10C4980000000000DA110020B57B0008040000004D
:10C4A8000400000000000000000000000000000080
:10C4B8000000000000000000000000000000000074
:10C4C8000000000000000000000000000000000064
:10C4D8000000000000000000000000000000000054
:10C4E800030000000000000099860008000000001A
:10C4F8002000000000000000000000000200000012
:10C508000000000003000000000000000000000020
:10C518000D87000800002000000000000000000057
:10C5280002000000000000000300000000000000FE
:10C538004787000800000000080000000000000015
:10C54800000000000200000000000000041F00209E
:10C5580005060000040000000400000020000000A0
:10C5680020000000010000000412002094120020A6
:10C5780000000000000000000000000000000000B3
:10C5880000000000000000000000000000000000A3
:10C598000000000000000000000000000000000093
:10C5A8000000000000000000000000000000000083
:10C5B8000000000000000000000000000000000073
:10C5C8000000000000000000000000000000000063
:10C5D8000000000000000000000000000000000053
:10C5E8000000000000000000000000000000000043
:10C5F800040000000400000000000000000000002B
:10C608000000000000000000000000000000000022
:10C618000000000000000000000000000000000012
:10C628000000000000000000000000000000000002
:10C6380000000000030000000000000099860008C8
:10C6480000000000200000000000000000000000C2
:10C6580002000000000000000300000000000000CD
:10C66800000000000D870008000020000000000006
:10C6780000000000020000000000000003000000AD
:10C6880000000000478700080000000008000000C4
:10C698000000000000000000020000000000000090
:10C6A800041F002002030000040000000400000032
:10C6B80020000000200000000000000024130020DB
:10C6C800B41300200000000000000000000000007B
:10C6D8000000000000000000000000000000000052
:10C6E8000000000000000000000000000000000042
:10C6F8000000000000000000000000000000000032
:10C708000000000000000000000000000000000021
:10C718000000000000000000000000000000000011
:10C728000000000000000000000000000000000001
:10C7380000000000000000000000000000000000F1
:10C748000000000001000000118100081D810008A0
:10C75800A5810008E18100080D820008009600000C
:04C7680000000800C5
:0400000508000231BC
:00000001FF
