:020000040800F2
:1020000000040020C9220008CB220008CB220008CF
:10201000CB220008CB220008CB220008CB220008EC
:10202000CB220008CB220008CB220008CD9E00085E
:10203000CB220008CB220008CB220008E99D000833
:10204000CB220008CB220008CB220008CB220008BC
:10205000CB220008CB220008CB220008CB220008AC
:10206000CB220008CB220008CB220008B99E000832
:10207000A59E0008919E00087D9E0008699E0008AC
:10208000559E0008419E0008CB220008CB22000884
:102090007D9A0008CB220008CB220008CB22000842
:1020A000CB220008819D0008CB220008E59D000896
:1020B000CB220008CB220008CB220008CB2200084C
:1020C000CB220008CB220008CB220008CB2200083C
:1020D000CB220008CB220008CB220008CB2200082C
:1020E000CB220008CB220008CB220008CB2200081C
:1020F000CB220008CB220008CB220008CB2200080C
:10210000CB220008CB220008CB220008CB220008FB
:10211000CB220008CB220008CB220008CB220008EB
:10212000CB220008CB220008CB220008CB220008DB
:10213000CB220008CB220008CB220008CB220008CB
:10214000CB220008CB220008CB220008CB220008BB
:10215000CB220008CB220008CB220008CB220008AB
:08216000D1210008A9210008AB
:102168000348044B834202D0034B03B1184770471E
:10217800780F0020780F002000000000054806496D
:102188000B1AD90F01EBA301491002D0034B03B17D
:1021980018477047780F0020780F002000000000D3
:1021A80010B5064C237843B9FFF7DAFF044B13B197
:1021B8000448AFF300800123237010BD780F00207E
:1021C80000000000F8CC000808B5044B1BB1044916
:1021D8000448AFF30080BDE80840CFE700000000E6
:1021E8007C0F0020F8CC000872B6274880F30888D6
:1021F800264880F3098826484EF60851CEF2000199
:102208000860022080F31488BFF36F8F07F0B6FED2
:1022180009F0CEF84FF055301E491B4A91423CBF99
:1022280041F8040BFAE71C49184A91423CBF41F8AF
:10223800040BFAE719491A4A1A4B9A423EBF51F859
:10224800040B42F8040BF8E700201749174A91429B
:102258003CBF41F8040BFAE707F068FE07F08DFE73
:10226800134C144DAC4203DA54F8041B8847F9E7C1
:1022780007F086FE104C114DAC4203DA54F8041BEB
:102288008847F9E707F078BE00040020000C00201A
:10229800002000080000002000040020F8CC0008FE
:1022A800000C0020780F0020780F0020BC1A0020B6
:1022B80060210008642100086421000868210008E2
:1022C80092E700F000F8FEE72DE9F04FC1F80CD0D6
:1022D800C3689D46BDE8F08F002383F31188284624
:1022E800A047002007F0F8FDFEE707F001FE00DF39
:1022F800FEE70000014B1868704700BF000C002083
:10230800F0B4860746D0541E002A3CD0CAB2034611
:1023180002E014F1FF3436D303F8012B9D07F8D1FE
:10232800032C29D9CDB245EA05250F2C45EA0545E8
:1023380033D9A4F11006360903F1200707EB061775
:1023480003F1100242E9045542E902551032BA423B
:10235800F8D1721C14F00C0F03EB021204F00F06F4
:1023680013D0331F23F003030433134442F8045BF0
:102378009342FBD106F003042CB1C9B21C4403F804
:10238800011B9C42FBD1F0BC704734461346002C1D
:10239800F3D1F8E714460346C2E71A462646E0E7B3
:1023A80038B5124B05461C68A06B18B10023C0E96C
:1023B800045338BD182000F0B5F8A06378B10122A5
:1023C8000023C0E904230A4B0B2483600023094936
:1023D800094A8481C0E90012C0E9045338BD0246A5
:1023E800064B4221064800F055F800BF000C0020BB
:1023F800ECDE05000E33CDAB34126DE628CC0008B8
:1024080040CC000838B51A4B1C68A26B92B114690D
:102418001849536901FB04F1174800FB0313A4FB97
:102428000045611C1D4445F1000323F00040C2E94A
:10243800041338BD182000F075F80246A06388B16F
:10244800012400250B21C0E904450C4B0948136001
:1024580003460B4D0B4C91810B49C2E90154C2E96B
:10246800041338BD094B4E21094800F013F800BF8A
:10247800000C00202DF451582D7F954C0E33CDAB18
:1024880034126DE6ECDE05002E7F954C28CC000852
:1024980040CC000800B50A4C0546206885B01C46AB
:1024A800C06852B1074BCDE9013200912B46224654
:1024B800054900F023F800F06DFD044B1A46F2E7D9
:1024C800000C002074CC000884CC000880CC0008E4
:1024D80008B513460022FFF7DDFF00BF0CB410B5A6
:1024E80082B004AC54F8042B2346019400F024F97C
:1024F80002B0BDE8104002B0704700BF0EB430B55E
:1025080082B005AC54F8042B054D014623462868D3
:10251800019400F011F902B0BDE8304003B07047F3
:10252800000C0020024B0146186800F05FB800BF9D
:10253800000C0020024B0146186800F003B800BFE9
:10254800000C002000293AD038B551F8043C0C1F83
:10255800002BB8BFE418054601F06AFA224B1A6846
:102568002AB1A2420DD921686018824221D0626046
:1025780028461C60BDE8384001F05CBAA34203D885
:102588001A465368002BF9D111685018A04217D089
:1025980022D821686018834203BFD3E900030918D1
:1025A800C4E90013636054602846BDE8384001F070
:1025B80041BAD2E900020144C4E90012D8E77047E1
:1025C80020680144501883421160EDD1D3E900031B
:1025D8000144C2E90013E7E70C2328462B60BDE855
:1025E800384001F027BA00BF940F0020F8B5CD1C81
:1025F80025F0030508350C2D38BF0C25002D06469F
:1026080033DBA94231D82A4F01F012FA3A6852B1A5
:1026180013685B1B04D43FE023685B1B29D5224663
:102628005468002CF8D1796800293BD029463046F7
:1026380007F0F6F9431C28D0C41C24F00304A04278
:1026480005D0211A304607F0EBF901301DD025607E
:10265800304601F0EFF904F10B0020F00700231DCC
:10266800C21A01D01B1AA350F8BD0C2200203260F8
:10267800F8BD0B2B05D8A242636811D05360E7E779
:10268800144623601C442560E2E70C23304633607F
:1026980001F0D0F90020F8BD0B2BF1D8144653688F
:1026A8003B60D5E7304607F0BBF97860BEE700BF6E
:1026B800940F00209368013B002B93600FDA10B44D
:1026C8009469A34208DB0A2906D01368581C1060D5
:1026D8001970084610BC704710BC00F07BBB13682B
:1026E800581C106019700846704700BF9BB1F8B5B8
:1026F80013440F4606465D1E541E01E0AC4208D046
:102708003A4614F8011F3046FFF7D4FF431CF5D1B1
:10271800F8BD0020F8BD0020704700BF936810B5D1
:10272800144613B95360184610BD00F01BFE002371
:10273800C4E9013310BD00BF2DE9F04F9FB08B46AF
:1027480090461C46039018B18369002B00F0B980AD
:10275800A34B9B4500F0BB80A24B9B4500F0C98072
:10276800A14B9B4504BF039BD3F80CB0BBF80C30BE
:10277800180740F1B480DBF81030002B00F0AF8070
:102788003023002120228DF8323098F8003005944B
:102798000B918DF83120954E0127002B00F0898090
:1027A800252B00F01781454603E0252B00F0A58076
:1027B80025466B786C1C002BF7D1B4EB080A78D04F
:1027C8004246534659460398FFF790FF013070D0B0
:1027D8000B9B6A7853440B93002A6AD000234FF06E
:1027E800FF3201340693CDE908338DF85B301C9332
:1027F800079206E02C46069B801B07FA00F0184358
:1028080006902546052215F8011B304600F0EEFF1C
:10281800AA460028EED1069BD90644BF20228DF88F
:102828005B201A0748BF2B22217848BF8DF85B2010
:102838002A2967D1059A1168043200290592C0F245
:102848009E8009916178A51C2E2974D0684C0322BA
:10285800204600F0CBFF002800F087804022069B2E
:10286800001B02FA00F00343069305F101082B78D8
:10287800062219465F488DF8303000F0B7FF00286F
:1028880000F083805C4B002B72D005AB00935A4656
:102898005A4B06A90398AFF300808146B9F1FF3F70
:1028A80007D00B9B4B440B9398F80030002B7FF418
:1028B80077AFBBF80C305B0618D40B981FB0BDE897
:1028C800F08F00F02FFD464B9B457FF445AF039BEF
:1028D800D3F804B0BBF80C3018073FF54CAF594695
:1028E800039800F0D7FA00283FF44AAF4FF0FF30C2
:1028F800E4E7039BD3F808B038E7B4EB080A3FF4E1
:102908006DAF5DE7A1F13002092A88BFA2469BD8C6
:10291800099B01E02C460135297803EB830302EB80
:102928004303A1F13002092AAA46F3D92E2904F15A
:10293800020509938AD19AF801102A292FD1059BFB
:102948000AF102001A680433002A079205939AF8DC
:1029580002100AF1030538DB254C82460322204683
:1029680000F044FF00287FF479AFA84655467EE77B
:10297800059B073323F007030833059391E7494282
:1029880043F00203099106935CE705AB00935A46AE
:102998001A4B06A9039800F0D3F881467EE7002376
:1029A800A1F13002092A079301D915E05546697843
:1029B80003EB830302EB4303A1F13002092A05F17B
:1029C800010AF3D90235079340E74FF0FF338246F7
:1029D80007933BE7444601E7AA46013536E700BFBF
:1029E800B4B5000894B5000874B50008B4CC000864
:1029F800BCCC0008C0CC000800000000F526000888
:102A080010B4044C13460A460146206810BCFFF770
:102A180093BE00BF000C00202DE9F0470C46096961
:102A2800A56891468D42B8BF0D46156094F84310CD
:102A380006461F46DDF8208011B16A1CC9F800203F
:102A4800236899065CD5D9F800200232C9F800201D
:102A5800236813F0060F19461DD1E1688A1A002A67
:102A6800D8BF194617DD002504F1190A05E0E36807
:102A7800D9F800209B1AAB420CDD01235246394697
:102A88003046C047013005F10105F0D14FF0FF3065
:102A9800BDE8F087216894F84330003318BF01235C
:102AA8008A060AD53021E21882F8431094F84510B6
:102AB8005A1C224482F84310023304F14302394677
:102AC8003046C0470130E1D02368A26803F006030E
:102AD800042B21691DD08A4226DD4FF00009521AC5
:102AE800914400251A3401E04D451DDA01232246A0
:102AF80039463046C047013005F10105F4D1C5E734
:102B080013F0060F13D094F84330003318BF012395
:102B1800D3E7D9F80000E3688A42A3EB000323EA6D
:102B2800E379DCDC002BDCDC0020BDE8F087E16821
:102B3800D9F800208A1A002AD8BF194693DCAAE7D8
:102B48002DE9F0430C46097E85B06E2906461746E6
:102B5800984604F1430C0C986DD039D9732900F0CC
:102B6800F48044D9752900F00281782940F00F815A
:102B780078232268DFF854E284F8453001681506A6
:102B880051F8043B016040F1A180D10744BF42F0F5
:102B980020022260002B00F093801022002184F88C
:102BA800431060680028A060C0F2C680216821F048
:102BB80004012160002B40F0A280002840F0BE8074
:102BC8006546082A00F0AB80ACEB0503236141E0C1
:102BD800632900F0E3801AD8002938D0582940F03A
:102BE800D68084F845102268DFF8E4E1C6E76F294B
:102BF80000F0BD80702940F0CA8078232268DFF891
:102C0800CCE142F02002226084F84530B6E764291E
:102C180002D0692940F0BB8022680368110603F1DD
:102C2800040557D5196805600B46002959DB0A22A7
:102C3800DFF89CE1B5E7036822681D1D616905603E
:102C480015061B6802D4500600F1BB8019600023EA
:102C580065462361CDF800803B4603AA21463046ED
:102C6800FFF7DAFE013020D02A462369394630467C
:102C7800C047013019D0226803989207E36819D534
:102C88001A1A002A16DD002504F1190904E0E36880
:102C980003981A1AAA420DDD01234A4639463046DE
:102CA800C047013005F10105F1D14FF0FF3005B003
:102CB800BDE8F0839842B8BF184605B0BDE8F08378
:102CC8002168102221F02001216067E7500648BFE3
:102CD8009BB25AE75106A5D5B3F9003005601946ED
:102CE800A3E72D2061685B42002984F84300A160B6
:102CF80002DB22F0040222600A22DFF8D4E06546F3
:102D080000E00B46B3FBF2F102FB11301EF80000A5
:102D1800934205F8010DF4D2082A7FF455AF2368D1
:102D2800DB077FF551AF626823699A423FF74CAFE2
:102D38003023013D2B7047E7002BE0D19EF800308F
:102D480004F1420584F842303BE703686268191DC4
:102D580001601D680021284600F048FD002832D097
:102D6800401B60602061002384F8433072E72268CA
:102D7800036812F0800F03F104051AD01B68056080
:102D88006F290CBF08220A22DFF844E006E7012376
:102D980084F84210236104F14205E4E70122036844
:102DA80004F14205191D1B68016084F84230226154
:102DB800D9E712F0400F0DBF1B6805601B8805603E
:102DC800DEE7198043E76068CCE700BFDCCC000889
:102DD800C8CC0008F8B50D461446064608B1836904
:102DE80043B3254B9C422AD0244B9C4229D0244BE8
:102DF8009C4208BFF468A269A389A2601A0722D579
:102E0800236903B322686169D31AEDB299422F4648
:102E180029DD0133A168501C0139A16020601570BB
:102E280062699A4216D0A389DB0701D50A2D11D011
:102E38003846F8BD00F076FA0F4B9C42D4D174683E
:102E4800D9E7B468D7E72146304600F023F838B907
:102E58002369D7E72146304600F03AF90028E7D041
:102E68004FF0FF37E4E72146304600F031F90028FB
:102E7800F6D101232268CDE7B4B5000894B500085F
:102E880074B50008024B0A4601461868FFF7A2BF4E
:102E9800000C00203B4B70B51D6806460C460DB172
:102EA800AB69DBB1384B9C421ED0384B9C424AD0B0
:102EB800374B9C4208BFEC68B4F90C2093B2190751
:102EC80018D5206908B313F001022CD000226369D9
:102ED800A2605B42A36160B3002070BD284600F089
:102EE80021FA294B9C42E0D16C68B4F90C2093B2CA
:102EF8001907E6D4DD063CD5580726D4206942F0E8
:102F08000803A3819BB20028DDD103F42072B2F537
:102F1800007FD8D03046214600F01EFCA3892069E6
:102F280013F00102D2D1990758BF6269A260002844
:102F3800D2D1B4F90C301A06CFD543F04003A3819F
:102F48004FF0FF3070BDAC68B6E7616B51B104F16A
:102F58004403994204D03046FFF7F4FAB4F90C2040
:102F6800002363630023206922F02402C4E90003DC
:102F7800C5E7092342F0400233604FF0FF30A281D9
:102F880070BD00BF000C0020B4B5000894B500085F
:102F980074B5000808B5062000F0FAFD012006F017
:102FA80025FD00BF2DE9F0418F890C463A07804680
:102FB80041D44B68002B59DDE66A002E53D000231C
:102FC80017F48052D8F80050216AC8F8003051D15F
:102FD80001234046B047431C5FD0A789E66A216AAF
:102FE8007F0705D56268636B801A0BB1236CC01A22
:102FF800024600234046B047461C45D1D8F8003069
:10300800B4F90C20002B55D01D2B01D0162B5AD10A
:1030180000222369C4E90032616BC8F8005011B37B
:1030280004F14403994202D04046FFF78BFA00208E
:103038006063BDE8F0810E69AEB10D680E60B90736
:1030480014BF00236369AD1BA3600AE02B46324618
:10305800A76A216A4046B8470028A5EB0005064440
:103068000ADD002DF2DC0020BDE8F0810B6C002B9E
:10307800A2DCF8E7606DB3E7A3894FF0FF3043F0B7
:103088004003A381BDE8F081002322696360A3891E
:103098002260DA04C0D56065BEE7D8F80030002B9E
:1030A8009BD01D2B0CD0162B0AD0A38943F04003CC
:1030B800A381D9E72169C4E90013D304ACD5EAE7B1
:1030C800C8F80050CFE742F04002A281CCE700BF29
:1030D8000B6923B310B5044682B008B18369BBB14C
:1030E800104B994212D0104B994216D00F4B99426F
:1030F80008BFE168B1F90C302BB1204602B0BDE839
:103108001040FFF74FBF002002B010BD6168F1E723
:10311800019100F007F90199E2E7A168EAE70020C8
:10312800704700BFB4B5000894B5000874B500082E
:1031380020B1054B01461868FFF7CABF034B044985
:10314800186800F0B3BA00BF000C002070B5000882
:10315800D930000800207047014900F0A7BA00BF25
:10316800D93000080020704770B568254A1E05FB55
:1031780002F50E4605F17401FFF738FA044640B12E
:1031880000210C30666005F168022160A060FFF73D
:10319800B7F8204670BD00BF1E4B70B51D680646C7
:1031A800AB6943B34835D5E90134013B05D51EE089
:1031B800013B5A1C04F1680419D0B4F90C20002A08
:1031C800F6D10025144B6566C4E90055A560C4E92D
:1031D8000455A5612946E360082204F15C00FFF765
:1031E8008FF8C4E90D55C4E91255204670BD2C6806
:1031F8002CB12546D7E7284600F010F8D2E704217D
:103208003046FFF7B1FF044628600028F1D10C23AF
:103218003360EAE770B500080100FFFF2DE9F84FB9
:103228000023334AC0E9123312680365904208BF8D
:103238000123304908BF836181620546FFF7ACFF6F
:1032480068602846FFF7A8FFA86028460024FFF713
:10325800A3FF04236E68E8602146F3607466C6E93C
:103268000044B460C6E90444B46106F15C00082275
:10327800FFF746F8DFF888B0AF68DFF888A0DFF816
:103288008890DFF888801C4BC6E9086BC6E90AA954
:10329800C6F830802146FB6008227C66C7E90044F6
:1032A800BC60C7E90444BC6107F15C00FFF728F87B
:1032B800EE68124BC7E9087BC7E90AA9C7F830804E
:1032C8002146F3607466C6E90044B460C6E9044464
:1032D800B46106F15C000822FFF712F80123C6E981
:1032E800086BC6E90AA9C6F83080AB61BDE8F88F5B
:1032F80070B50008613100080900010012000200E1
:10330800093C0008313C0008713C0008913C000869
:10331800024B0349186800F0C9B900BF70B500082E
:10332800D9300008836903B978E77047704700BF50
:10333800704700BF704700BF704700BF024B03498A
:10334800186800F08FB900BF000C00205D3100083C
:10335800024B0349186800F085B900BF000C002033
:103368006D3100089368002B00F0FC802DE9F04FC8
:10337800B1F90C300C469BB2190783B082469046CF
:103388002BD522694AB313F00202D8F8006033D073
:1033980000273D46D4F828B0216ADFF8C492C5B1A9
:1033A8004D452B463A4628BF4B465046D84700283D
:1033B80040F3CE80D8F8083007441B1A2D1AC8F8F5
:1033C8000830002B00F0B380D4F828B0216A002D13
:1033D800E6D1D6E900750836E1E721465046FFF701
:1033E80059FD002840F03781B4F90C30D8F8006056
:1033F8009BB213F00202CBD113F0010940F0B48064
:103408004D46A7682068002D55D09A0540F1C08028
:10341800AF42BB4600F2EE8013F4906F2FD0D4E990
:10342800041707EB4707A0EB010B07EBD777681CDE
:103438007F105844B8423A4684BF07463A465B056F
:1034480040F1F08011465046FFF7D0F8002800F010
:10345800FC805A462169019000F00EFAA289019B6E
:1034680022F4906242F08002A281A7EB0B0203EBE8
:103478000B006761AB462F4623612060A2605A4665
:10348800494600F06FFA2368A2685B44AB46002502
:10349800D71BA7602360D8F80870D944A7EB0B079F
:1034A800C8F80870002F42D0B4F90C30A7689BB256
:1034B8002068002DA9D1D6E900950836A3E70BF1BD
:1034C800080353F8047C9B4653F8086C0833002F14
:1034D800F7D03A460A21304600F088F9002854D03F
:1034E8000130A0EB06094B4620682169BB4228BF82
:1034F8003B468842626903D9A5681544AB421ADC89
:103508009A4200F381801346A56A3246216A5046E2
:10351800A847051E1CDDB9EB05096ED00120D8F8B7
:1035280008302E445B1B7F1BC8F8083013BB0020F3
:1035380003B0BDE8F08F31462A4600F013FA23683D
:1035480021462B4423605046FFF7C2FD0028E2D0F5
:10355800B4F90C304FF0FF3043F04003A38103B0BF
:10356800BDE8F08F00207047334691461046174655
:103578004E469B46002FA2D00028B4D13A460A21D5
:10358800304600F033F90028AAD17B1C9946ABE7F6
:103598002369834217D36269AA4214D82F4BA76ABA
:1035A8009D4294BF2B466FF0004393FBF2F3216AD0
:1035B80002FB03F350464A46B847B0F1000BC7DD9B
:1035C800A5EB0B0567E7AF4228BF2F4649463A46A9
:1035D80000F0C8F9A3682268DB1B3A44BB46A36025
:1035E8002260002BECD121465046FFF771FD0028E0
:1035F800E6D0ADE72F46AB4641E721465046FFF7F8
:1036080067FD00288BD0A3E71A4631461D46019373
:1036180000F0A8F9A1682268019BC91A1344A160A7
:10362800236078E7504600F007FA034600287FF445
:103638001CAF21695046FEF785FF0C22B4F90C3007
:10364800CAF8002023F0800384E70C22B4F90C3078
:10365800CAF800207EE74FF0FF3069E7FEFFFF7FE2
:1036680000FCFF7F2DE9F04110F148071AD0884689
:103678000026D7E90154013D0ED4A389013D012B51
:1036880006D9B4F90E30013302D02046C0470643AC
:103698006B1C04F16804F0D13F68002FE9D1304673
:1036A800BDE8F0813E463046BDE8F0812DE9F8439B
:1036B80010F148061ED0884607464FF00009D6E9A3
:1036C8000154013D10D4A389013D012B08D9B4F957
:1036D8000E30013304D021463846C04749EA000974
:1036E8006B1C04F16804EED13668002EE7D1484619
:1036F800BDE8F883B1464846BDE8F88370B50C4686
:10370800B1F90E1096B0002916461D4613DB6A461D
:1037180006F079F900280EDB019A4FF4806302F471
:103728007042A2F50052B2FA82F2002052092A60D1
:10373800336016B070BD0022A3892A601B0604D529
:1037480040230020336016B070BD4FF48063002022
:10375800336016B070BD00BF8A890B46920706D544
:10376800012103F1470259611A601A61704770B567
:1037780082B001AB6A460C460646FFF7BFFF0099C8
:1037880005463046FEF732FFB4F90C3070B1164AE0
:103798000099B262019A43F08003A3812060C4E9D2
:1037A80004018AB92B43A38102B070BD9A05FBD4EA
:1037B800012123F0030304F1470243F00203A3812C
:1037C800616122602261EFE73046B4F90E1006F01D
:1037D80018F910B9B4F90C30E4E7A38923F003030E
:1037E80043F001031BB2DDE761310008830770B4C1
:1037F800CDB23DD0541E0AB30378AB421FD0431C50
:1038080005E014F1FF3419D30278AA4217D013F057
:10381800030F184603F10103F3D1032C11D84CB35D
:103828000378AB420BD00444431C02E00278AA425E
:1038380005D09C42184603F10103F7D1002070BC63
:10384800704702460E02B6B22E4346EA0646136891
:1038580010467340A3F1013121EA030313F0803FBE
:1038680002F10402DCD1043C032C1046EFD8D6E761
:103878001446D2E72046E2E7844641EA000313F003
:10388800030349D1403A23D30B6803604B68436074
:103898008B688360CB68C3600B6903614B694361C4
:1038A8008B698361CB69C3610B6A03624B6A4362AC
:1038B8008B6A8362CB6AC3620B6B03634B6B436394
:1038C8008B6B8363CB6BC36340304031403ADBD2B0
:1038D80030320BD30B6803604B6843608B6883609E
:1038E800CB68C36010301031103AF3D20C3205D3D4
:1038F80051F8043B40F8043B043AF9D2043208D0AA
:10390800D2071CBF11F8013B00F8013B01D30B881B
:1039180003806046704700BF082A13D38B07B1D0D5
:1039280010F00303AED0C3F10403D21ADB071CBFA7
:1039380011F8013B00F8013BA4D331F8023B20F811
:10394800023B9FE7043AD9D3013A11F8013B00F84A
:10395800013BF9D20B7803704B7843708B788370F6
:10396800604670478842F0B40DD98B1883420AD953
:10397800841832B1224613F8014D994202F8014DDC
:10398800F9D1F0BC70470F2A0ED80346541E002AFE
:10399800F7D001340C44013B11F8012BA14203F884
:1039A800012FF9D1F0BC704740EA01039B073AD1D7
:1039B800A2F110073F0901F1200606EB071601F1F5
:1039C800100300F1100453F8105C103344F8105C35
:1039D80053F81C5C103444F81C5C53F8185C44F829
:1039E800185C53F8145CB34244F8145CEBD17B1CAC
:1039F8001B0112F00C0F194402F00F05034415D0F7
:103A08000E46043DAD0803EB850C1C1F56F8047BDD
:103A180044F8047F6445F9D10135AD002B442944AD
:103A280002F00302B2E7541E0346B2E72A46ADE7A6
:103A3800704700BF704700BF09B3F8B51446CAB154
:103A480006460D4600F024F9A04202D32F46384618
:103A5800F8BD21463046FEF7C9FD07460028F6D0D6
:103A680022462946FFF708FF30462946FEF76AFD39
:103A78003846F8BD2746FEF765FD3846F8BD1146BD
:103A8800FEF7B4BD10B580210446FEF7AFFD6064B3
:103A980040B10022031F7C3043F8042F8342FBD13E
:103AA800002010BD4FF0FF3010BD00BF436C0BB1BC
:103AB80000207047E6E700BF1F2970B5054608D803
:103AC800436C16460C464BB153F8240043F8246067
:103AD80070BD16224FF0FF302A6070BDFFF7D2FF8D
:103AE80008B96B6CF0E74FF0FF3070BD1F2938B58F
:103AF800054620D8426C0C466AB152F8213053B1C1
:103B0800012B16D0591C10D00025204642F824500D
:103B18009847284638BD284600F070F822460146E6
:103B28002846BDE8384000F055B8162301202B6020
:103B380038BD002038BD16234FF0FF302B6038BD4C
:103B48001F2921D838B5436C05460C4683B153F874
:103B5800242003EB84034AB1511C10D0012A0CD055
:103B6800002520461D609047284638BD012038BDF5
:103B7800FFF788FF28B96B6CE9E7032038BD0220FE
:103B880038BD4FF0FF3038BD4FF0FF30704700BFF1
:103B9800024B01461868FFF7A9BF00BF000C0020C0
:103BA800024B0A4601461868FFF786BF000C002042
:103BB800034B1868436C0BB10020704762E700BFE5
:103BC800000C0020024B01461868FFF7B9BF00BF80
:103BD800000C002070B50D460023074C0646114620
:103BE8002846236005F005FF431C00D070BD2368FC
:103BF800002BFBD0336070BDB81A002005F0F7BE6B
:103C080010B50C46B1F90E1005F02EFF002803DBA5
:103C1800636D0344636510BDA38923F48053A381B6
:103C280010BD00BF002070472DE9F041B1F90C40EC
:103C38009846E3050D461746B1F90E10064609D415
:103C480024F48054AC8143463A463046BDE8F041FE
:103C580005F006BF0223002205F004FFB5F90C4069
:103C6800B5F90E10ECE700BF10B50C46B1F90E100F
:103C780005F0F8FEA389421C0EBF23F4805343F4D9
:103C880080536065A38110BDB1F90E1005F0E6BE42
:103C980051F8043C181F002BBCBF0B58C0187047C4
:103CA80053B94AB9002908BF00281CBF4FF0FF319B
:103CB8004FF0FF3000F06EB9ADF1080C6DE904CE9D
:103CC80000F006F8DDF804E0DDE9022304B07047EF
:103CD8002DE9F047089E0D4604468E46002B40F01D
:103CE80083808A42174647D9B2FA82F34BB1C3F1AF
:103CF800200105FA03FE20FA01F19F4041EA0E0E69
:103D08009C404FEA1748BEFBF8FC1FFA87F908FBEE
:103D18001CE20CFB09F0210C41EA024290420AD94C
:103D2800BA180CF1FF3180F01881904240F21581E9
:103D3800ACF1020C3A44121AB2FBF8F008FB10225C
:103D480000FB09F1A4B244EA0244A14209D93C1992
:103D580000F1FF3280F00381A14240F20081023875
:103D68003C44641A002140EA0C401EB10022DC40A9
:103D7800C6E90042BDE8F08702B9FFDEB2FA82F375
:103D8800002B4FD18D1A01214FEA124E1FFA82F8EB
:103D9800B5FBFEFC0EFB1C5508FB0CF0220C42EA9E
:103DA8000545A84207D97D190CF1FF3202D2A84275
:103DB80000F2E98094462D1AB5FBFEF00EFB105573
:103DC80008FB00F8A4B244EA0544A04507D93C1909
:103DD80000F1FF3202D2A04500F2D9801046A4EBD0
:103DE800080440EA0C40C0E78B4208D9002E00F0D6
:103DF800B1800021C6E900050846BDE8F087B3FA9E
:103E080083F100294BD1AB4202D3824200F2B98040
:103E1800841A65EB030301209E46002EAAD0C6E94A
:103E2800004EA7E79F40C3F12002D1404FEA174E4A
:103E3800B1FBFEF01FFA87F80EFB101124FA02F20C
:103E48009D4000FB08FC2A43150C45EA0145AC459A
:103E580004FA03F409D97D1900F1FF3180F08F804D
:103E6800AC4540F28C8002383D44A5EB0C05B5FB0F
:103E7800FEF10EFB115C01FB08F995B245EA0C4511
:103E8800A94507D97D1901F1FF3274D2A94572D924
:103E980002393D44A5EB090541EA004178E7C1F143
:103EA80020078B4022FA07FC4CEA030C25FA07F49A
:103EB8004FEA1C4EB4FBFEF91FFA8CF80EFB1944AE
:103EC80020FA07F309FB08FA8D401D432B0C43EA3F
:103ED8000444A24502FA01F200FA01F309D91CEBE5
:103EE800040409F1FF3048D2A24546D9A9F10209D4
:103EF8006444A4EB0A04B4FBFEF00EFB104400FB80
:103F080008FAADB245EA0444A24508D91CEB0404FA
:103F180000F1FF352DD2A2452BD90238644440EA7E
:103F28000940A0FB0289A4EB0A044C45C6464D464D
:103F380019D316D05EB1B3EB0E0264EB050404FA94
:103F480007F722FA01F31F43CC40C6E900740021A9
:103F5800BDE8F087314630460CE78C46EBE6104664
:103F6800FFE64345E6D2B8EB020E69EB0C050138D3
:103F7800E0E72846D3E711468CE78146B9E70846CB
:103F880073E7084649E7ACF1020C3D4413E70238F1
:103F98003C4424E7704700BF2DE9F04F8BB08146C1
:103FA8008B461646DDE917521C469DF850101598A9
:103FB8000BB922F0100212F4806A00D014B312F088
:103FC800200F274618BF4FF0370E4FF0000408BFE8
:103FD8004FF0570E0DF10808B7FBF0FC00FB1C7CF6
:103FE8005FFA8CF3BCF1090F94BF30337344DBB232
:103FF800874208F8013B04F10104B7FBF0F301D351
:10400800202C0FD112F0020301931CD102F00103FE
:104018002DB123B111B912F00C0F00D0013D4FF0B2
:10402800300C05E01F46D7E702AF07F804C001349B
:10403800169FA74201D9202CF6D130271BB1A542E3
:1040480001D91F2C48D9D30620D5BAF1000F4AD17F
:10405800002C48D0169BA34201D0AC4243D1631E2A
:1040680040D0102849D1023C970648D41F2C17D8B5
:1040780078200AAB234403F8200C01341F2C0FD8F6
:1040880030200AAB234403F8200C01341F2C07D836
:1040980000293AD02D200AAB234403F8200C013420
:1040A80093074ED03746A24604EB0708A8EB0A024E
:1040B800BAF1000F49D1019B53B1A8EB06073C4662
:1040C800AC4206EB04024AD32E44BD4228BFB04698
:1040D80040460BB0BDE8F08F0DF1080C0CF80470E9
:1040E8000134ABE71C461028BED00228C6D11F2CCD
:1040F800D6D80AAB62202344BDE71C46F5E71F2C3F
:10410800CED80AAB58202344B5E7500703D50AABED
:104118002B202344C1E71107C2D50AAB2020234432
:10412800BBE74FF0FF3359462020C8470137BD424F
:1041380008EB0702F5D82F1BA54238BF00273744E4
:10414800B1E72746A6EB0408F1E70AF1FF3A02A80F
:104158004FF0FF33594610F80A00C847A4E74FF05C
:10416800FF3359462020C8470134A9E7F0B5012597
:10417800244A05FA00F4176803463C428C463FD1AE
:104188002B4442F833C0DFF888C002EBC303C3F8FE
:1041980004C027431C4B17605F691C492F435F61AC
:1041A800060101EB00105B69D2F804C083681CEAC1
:1041B800030F14D14FF0A00EC37B03F1604707F53E
:1041C800614787F800E303F01F075B099B0003F1D1
:1041D8006043BD4003F56143C3F880511D6044EA64
:1041E8000C0454608C196368647B1A68895922F03E
:1041F8000F021A600E22A2404A6000221A60F0BD27
:104208000020FCE7FC1700200010024058C60008F8
:10421800B8130020064B07481A78997804331B789E
:1042280000781B0443EA0123134343EA0060704704
:1042380010F8010816F8010800EB8103F0B5DE68F4
:10424800336803F00303032B5DD0002B0CBF4FF43E
:1042580000730023314A4FEA011C146D726904F19E
:10426800804404F5C04404EB011572B100226A6071
:10427800328AD0F88470013222F001023A44C0F840
:10428800842043F020034CF80470B269C2B1748AE8
:104298003E2C04F1FF3239D942F01F02204E013280
:1042A800521146EA822292B2EA60D0F884200134A0
:1042B80024F001041444C0F8844043F40053AA6075
:1042C8008A0002F1804202F5B8421068440410687E
:1042D80048BF43F48043400648F2800048BF43F09B
:1042E8004003194321F4784121F0F001014323F4FC
:1042F800F163116023F0070311685B045B0C4B400A
:1043080003431360F0BD4FF4C063A3E742F001021A
:104318000132520202F47C42C6E700BF005C004052
:104328000080FFFF002180220A4B0B481965596461
:10433800DA644268D2688A420CBF4FF41C424FF4D8
:104348001E421A644023C0F88430044BC360FFF750
:1043580073BF00BF005C0040E81300202CC80008B1
:104368000E4BD021DA6942F40002DA61DB690123DD
:104378000B4A13640B4B83F813134FF40021C3F853
:1043880080111960E02183F814134FF48011C3F8E9
:104398008011196000231364FFF7C4BF00100240A6
:1043A800005C004000E100E00D4B10B51B6D0401FE
:1043B80003F1804303F5C04303EB0010E3581144B5
:1043C80003F1005303F540535B004260002AA1EB60
:1043D800020000DC10BD0088023A43F8040BF5E740
:1043E800005C00400B0704D572B6024B024A5A62C1
:1043F800FEE77047DC160020D4B50008032AF0B5A4
:1044080028D10161154B9F5C002308221D461C46DC
:104418001E4611F0800F4FEA04144FEA03134FEAC7
:1044280006164FEA05150CBF44F00F043B4311F480
:10443800004F0CBF46F00F063D43013A4FEA4101D9
:10444800E7D1426832402A4342600268224013435F
:104458000360F0BD042A08BF4161D3E7EAC700083A
:1044680010B40468437B21684268D940126801F09F
:104478000E010A420ED0827B01FA03F36360064BF9
:10448800013253F832402CB103EBC203586823467B
:1044980010BC184710BC7047FC17002038B50C46F4
:1044A800012511460289A5401543058100EB8400CA
:1044B800C26800255069128A03609A4228BF1A46CA
:1044C80081604560C56002612046A40004F1804413
:1044D80004F5B844FFF768FF236823F4F04323F09A
:1044E800400383F0300343F4004343F08003236028
:1044F80038BD000010B590F864300446142B36D04F
:1045080024D8062B05D001D81BB110BD093B022BBE
:10451800FBD848F280001C490B6823F4F04323F0D1
:10452800400383F0100202430A600B6823F49043AF
:1045380023F0700383F4805303430B6063681B68A4
:1045480013B1062120469847062319E0152BDCD124
:104558000B2380F86430202383F3118800231A4644
:104568001946FFF79BFF002383F31188CDE7C36843
:104578009B695B68002BC8D1036F03B19847002380
:1045880084F86430C1E700BF005C004070B50124C6
:10459800468904FA01F53543458100EB8100C56879
:1045A800A8698260002203604260C2602BB16A8AF7
:1045B800013B1344B3FBF2F39CB2890001F1804143
:1045C80001F5B8410B68048223F4904323F070038B
:1045D80083F4405343F4004343F080030B6070BD01
:1045E80038B590F864300446002B42D0063BDAB266
:1045F8000F2A38D80F2B36D8DFE803F03B353508BB
:10460800263635353535353535353B3B90F87B1015
:1046180090F87A20C36E42EA0122934214D2C2680B
:10462800128AB3FBF2F502FB15356DB9202383F32B
:1046380011882B462A462946FFF730FF85F3118853
:104648000A2384F864300EE0142384F864302023AD
:1046580083F31188002320461A461946FFF796FF70
:10466800002383F3118838BD036F03B198470023F3
:10467800E7E748F280000D490B6823F4F04323F084
:10468800400383F0100202430A600B6823F490434E
:1046980023F0700383F4805303430B6063681B6843
:1046A80013B10621204698470623CAE7005C00405C
:1046B80090F87630074A80F87E3043F0800310B5D2
:1046C800D364436804461B680BB101219847032350
:1046D800237010BD005C004003691960C268013A8C
:1046E800C260C269134482690361934224BF436A6A
:1046F800036100238362036B03B1184770470346C5
:10470800D0E90420824201D1DB681BB950F8043B90
:104718000B60704700207047C368C269013BC360E3
:104728004369134482694361934224BF436A4361E6
:1047380000238362036B03B118477047202383F378
:1047480011880D4B5B6813F4006312D0EFF30983F3
:104758004FF08072203BDA6183F30988074A1168B9
:1047680012698968926891428CBF054A054A9A6124
:10477800704783F31188704700ED00E0DC160020D5
:10478800F3220008F62200080B4610B51B68994270
:1047980003D09C6882689442F8D25A6803604260E9
:1047A8001060586010BD0000002382680374054B38
:1047B8001B6899689142FBD25A6803604260106096
:1047C80058607047DC16002038B504466FF00105C4
:1047D8002068844200D138BD036823605C6045616D
:1047E800FFF7E2FFF4E7F8B505460E460027046830
:1047F800AC4200D1F8BDE3683343E36023691E424D
:104808000AD0D4E9010382691343027C83610A2A2E
:1048180004D14269134207D12468E9E70B2AFBD186
:10482800426932EA0303F7D14761FFF7BDFFF3E7B7
:104838000346006820B100221A604161FFF7B4BF47
:104848007047000070B50E0704460D4604D572B6D1
:10485800234B244A5A62FEE7426813789BB16907E2
:1048680002D5536803B19847AB070BD563685B68FB
:1048780043B104222046227098472378042B01D1A3
:104888000323237070BD436A5D68296821F00F0116
:104898002960597B1D680E2303FA01F16960016ADA
:1048A8004E68356825F00F0535600D68497B8B40EB
:1048B8006B6053682BB10422027098472378042B4D
:1048C80001D102232370202383F31188002104F1EE
:1048D8000800FFF7ADFF002383F31188D2E700BF7C
:1048E800DC160020D4B50008F8B590F8643004460A
:1048F80013B1002380F86430BE4B04F174001B6DC3
:1049080003F1804303F5C04303EB01139B6803F1F4
:10491800005303F540535B0003F1100219460433BA
:104928000968934220F8021BF8D163689B681BBB97
:1049380094F8743013F0600546D048F28000AD4911
:104948000B6823F4F04323F0400383F01002024382
:104958000A600B6823F4904323F0700383F48053B8
:1049680003430B6063681B6813B106212046984710
:10497800062384F86430F8BD204698470028D7D02D
:1049880094F87B2094F87A3043EA0223E26E9A4244
:1049980088BFE36694F97430E56E002B4FF020036E
:1049A80080F26181002D00F05081092284F8642092
:1049B80083F311880021D4E91A232046FFF76EFDFE
:1049C800002383F31188D6E794F8752003F07F035A
:1049D80043EA022340F20232934200F0158121D8C3
:1049E800B3F5807F4ED00DD8012B45D0022B00F0B7
:1049F800B580002BA1D104F17C02A2660222E266F6
:104A08002367BDE7B3F5817F00F0C280B3F5407F2F
:104A180093D194F87630012B8FD1B4F87C3043F0E1
:104A2800020338E0B3F5006F3FD01DD8B3F5A06F8F
:104A380037D0A3F5C063012B3FF67FAF94F87920F8
:104A4800616894F878304E6843EA0223204694F867
:104A5800762094F87710B04700283FF46EAF43688B
:104A6800A3660368E3661AE0B3F5106F22D040F638
:104A7800024293427FF461AF5F4BA3660223E36671
:104A88000023BDE794F87630012B7FF456AFB4F8D5
:104A98007C3023F00203C4E91A55A4F87C3025675A
:104AA8006EE7C4E91A55554BAAE704F17F03A366DC
:104AB8000123D7E72378042B3FD1202383F31188E0
:104AC800A36804F1100603F00113A36004F12C0796
:104AD80056F8043B7BB1586920B16FF001010C30E6
:104AE800FFF7A6FE56F8043C986920B16FF0010163
:104AF8000C30FFF79DFEB74246F8045CE8D140232E
:104B0800012248F28000C4F88430930003F1804306
:104B180003F5B843196801320143082A196018607F
:104B2800F3D1002383F31188032184F87F3063686D
:104B380021701B680BB12046984794F876304BB12A
:104B480084F87F300423237063681B6813B1022143
:104B5800204698470023C4E91A3351E794F878307F
:104B680003F00F0213F0800F224B53F8223008D0C5
:104B780013F030033FF4E1AE102B14BF204B214B50
:104B88007BE713F440533FF4D8AEB3F5805FF4E706
:104B980094F87630002B7FF4D0AE94F8782012F099
:104BA8000F03D7D09B0003F1804312F0800F03F569
:104BB800B8431A680DD002F03002302ACAD01A68F9
:104BC80022F4F04222F0400282F0200242F4004235
:104BD8000BE002F44052B2F5405FBBD01A6822F4F1
:104BE800F04222F0400242F4204242F080021A6071
:104BF800B0E700BF005C004024CC0008B9460008BC
:104C0800C8C6000850C8000894F87630002B7FF416
:104C180094AE94F8782012F00F039BD09B0003F118
:104C2800804312F0800F03F5B8431A6806D022F4C7
:104C3800F04222F0400282F01002C7E722F49042CC
:104C480022F0700282F48052C0E7142284F86420B3
:104C580083F311882B462A4629462046FFF796FCFF
:104C680085F3118887E65DB1152284F8642083F303
:104C780011880021D4E91A232046FFF787FC9FE614
:104C88000B2284F8642083F311882B462A46294690
:104C98002046FFF703FCE3E708B5202383F31188D8
:104CA800027C0023052A06D8DFE802F00B0505037D
:104CB800120E426913604FF0FF334361FFF774FD32
:104CC800002383F3118808BD426993680133936018
:104CD800D0E9003213605A60EDE7000010B5C0E972
:104CE80003230A4A53699C688C420CD35C680360AE
:104CF80044602060586081609868411A99604FF05C
:104D0800FF33D36110BD1B68091BECE7DC160020DC
:104D18000C4A0B46D16830B471B1116895688C683B
:104D28002C448C605468216011684C600021D1606B
:104D38004FF0FF31044AD161014630BC034A0148B3
:104D4800FFF7CCBF8C180020DC160020E54F0008C8
:104D580030BFFDE77047704700EB81032DE9F34151
:104D68009C6A05460E46002C33D0202383F3118815
:104D78000821201D05EB8608FFF735FDD8F80C3013
:104D880004F144075B691B68ABB1236D226E0133E4
:104D98002365A36D606C1344E26DA365934224BF41
:104DA800A36EA365B84206D0036863645F600023FE
:104DB8004361FFF7F9FC384601A9FFF7A0FC02465A
:104DC80050B1019B31462846FFF768FB002383F367
:104DD800118802B0BDE8F081D8F80C305A69126821
:104DE800002AF3D01B8A013B1342EFD1E36F1B7EED
:104DF800002BEBD105F17402E4E713B5446BE36FC4
:104E08001A681178042915D1217A022912D1197941
:104E1800012312898B4013420CD101A904F14400EB
:104E2800FFF76DFC024628B1E06F019B017900682D
:104E3800FFF734FB02B010BD38B5C16F03460C68EC
:104E48002278042A18D1027A022A15D101200A7977
:104E5800658900FA02F22A420DD1D3E90725AA4250
:104E680001D19D693DB99B6A20464979043B0432CA
:104E7800FFF78CFB002038BD0120FCE7113110B58D
:104E880050F82140002C2DD0202383F311880421D1
:104E98006018FFF7A8FCE26FE0681368527904F124
:104EA8000C0103EB8203DB689B695A68E3691A60AB
:104EB800A2690132A261A26A1344626AE361934261
:104EC80024BF236BE361814206D00368E360596025
:104ED80000234361FFF768FC2046FFF7ADFF00237E
:104EE80083F3118810BD406BFFF7A6BF7047000021
:104EF800202383F311880021064BDA6822F001028F
:104F0800DA609B695963DA6822F00202DA6081F399
:104F1800118870479C13002080B2400000F10060A7
:104F280000F5FC300078704737B50C4C8DF8070059
:104F380023780B48002B50F8D43F4FF00102DD696D
:104F48000DF107010CBF4FF4FA730023A847B0FA1C
:104F580080F340B25B09237003B030BD9219002082
:104F6800780C002007B50346202282F311880948EF
:104F78000178042905D0002383F3118803B05DF874
:104F880004FBADF8053001AA03238DF80410FFF7E0
:104F980085FAF0E7E813002007B52023024683F3DB
:104FA800118809480178042905D0002383F3118862
:104FB80003B05DF804FB0323ADF8052001AA8DF8C2
:104FC8000430FFF76BFAF0E7E813002070470000A1
:104FD800014B1878704700BFA018002070B5202337
:104FE800064683F311880378042B03D0002383F348
:104FF800118870BD144B1B78DB09F7D1134C22784C
:10500800002AF3D0124B1B78002BEFD003899B07A3
:1050180004D4082301210F4AFFF740FA40F2E73091
:1050280000210D4B24784FF47A72A4FB0345201815
:105038004FF0000345EB0101FEF732FE31468000D8
:10504800FFF766FED2E700BFC218002088180020CC
:10505800280F0020A1180020A0860100F8B590F8BC
:105068007430044603F07F02212A71D113F0800FB7
:1050780090F875001FD0022817D003280BD00128FC
:1050880066D194F87830002B55D14C4AA26620227C
:10509800E266236708E0B4F87820002A58D1012096
:1050A800474BC4E91B02A366F8BD0120454BE066E7
:1050B800A3660023EDE70A2841D00B280ED0092863
:1050C80046D194F8782012F0FD0F41D13E4BA366EB
:1050D8000223E3663D4B01202367E5E7B4F8783007
:1050E8004BBB94F87650364B002D14BF012100219C
:1050F8001970374B1A7861F3C7121A701BD1314BEC
:105108001A78C2B1202282F3118840F2E7300021D8
:105118001E78304B4FF47A72A6FB036730184FF0B5
:10512800000347EB0101FEF7BBFD21468000FFF7B6
:10513800EFFD85F311880023C4E91A33CBE724492E
:1051480094F877200D781F4BED091A70F3D1D8E742
:1051580040F28162B4F87410914208D01E4A92F865
:10516800B610D1B992F80A22BAB900209CE794F88F
:105178007920616894F878304D6843EA0223204624
:1051880094F8762094F87710A8470028EDD0436863
:10519800A3660368E36600239DE703F06003202B02
:1051A800E3D194F87530212B05D81F2BDDD90B4B93
:1051B800A3660723EEE7222BBDD0D6E7A11800206F
:1051C800280F00208818002056190020E9510008EF
:1051D800C2180020A0860100780C0020290F0020AA
:1051E80090F87A10074A0229137807D103F0FB03D5
:1051F800012B05D15278044B1A707047024A13707C
:10520800704700BF56190020A018002010B5084AA2
:10521800084C117824784B1C03F00F039C421DBFE7
:10522800054C13706054002018BF012010BD00BF4A
:1052380070180020711800206018002042EA01222E
:10524800100A032811B214D00CD8012828D002283B
:105258000CD17B23144A1548002AC0E9003208BF44
:105268001046704721280DD0222812D000231A4654
:10527800F1E7CBB2022BF9D80D4A0E4952F8232098
:10528800CB5CE8E7032BF1D80B4A52F8232009231B
:10529800E1E7032BEAD8094A094952F82320EFE746
:1052A8001223084AD7E700BF5CC40008F41700209F
:1052B800F0C30008FCC3000800C4000810C40008BC
:1052C8004EC40008F9C400080020704710B1024B12
:1052D8001B681847704700BF200F0020074B084A7B
:1052E8001A60BFF34F8F0749074BCA6802F4E062A0
:1052F8001343CB60BFF34F8F00BFFDE7FC4F002087
:10530800EFBEADDE00ED00E00400FA0538B520235D
:1053180083F311880A4B196A002383F311884FF429
:105328007A700025074B084C1B68084AC91AE0FB2D
:105338000145002320462946FEF7B2FC38BD00BFD0
:10534800DC160020441900209F860100A086010079
:10535800064B187802331B7840EA032000B210F598
:105368008B7F14BF00200120704700BF00F80108A0
:10537800024B1A780AB100221A70704738190020B7
:105388000022C0F3072303EB430313B500EB8300AC
:105398000A4900F00704C0F3C40000EB8000014490
:1053A800104611F8013BE34003F00103934001323A
:1053B8001843052AC0B2F4D102B010BD6C19002000
:1053C80037B501220024C0F3072303EB430300EBA6
:1053D800830000F007039A40C0F3C400094B00EBB8
:1053E8008000D2B21844057821FA04F343F300038D
:1053F8006B40134001346B40052C00F8013BF2D19F
:1054080003B030BD6C190020054B064A1B78127892
:105418009A4200D17047013303F00703F8E700BF51
:10542800B51A0020B41A0020054A1188814205D017
:10543800044B10801B680BB11B691847704700BFED
:10544800C41800203C180020054A1188814205D064
:10545800044B10801B680BB1DB681847704700BF0E
:10546800C61800203C180020024B186808B10368D1
:10547800184770473C18002008B51823520003FB52
:105488000121602202FB001101F12700FFF744FD12
:10549800030201F128009BB2FFF73EFD184380B2DA
:1054A80008BD82B00328ADF804100AD89DF805108D
:1054B800032906D89DF804200B2A02D802B0FFF76A
:1054C800DBBF002002B07047C1F10301490040FA78
:1054D80001F3022213F0010F14BF0E23082302FA6E
:1054E80001F101421ABFA3F12000C0B243F08000CD
:1054F8007047000010B54FF4C06422490B885A1C4D
:10550800B2FBF4F304FB13230C229BB20B80B3FB16
:10551800F2F31D4AD35C06221B02B3FBF2F21B4BCB
:105528001B78DB08534341F27B429BB2934216D867
:105538000922B3FBF2F3202282F31188C26842F0F9
:105548000102C260124A926853434FF6FF72B3FBDE
:10555800F2F382695363002383F3118810BD03F5C6
:1055680023530C4A36331B02B3FBF2F303FB03F25B
:1055780053431B0AB3F5803F0CBF4FF6FF739BB232
:10558800D9E700BFD81600206AC70008D616002041
:105598009C130020F52801000A4B0B4A9A6020232F
:1055A80083F31188094B9A69D368D9075FBF6FF0F5
:1055B800010143F001031161D360002383F31188D3
:1055C800704700BF380F0020FD5400089C130020CE
:1055D800062802D810B9FFF78BBC06200623C0EBBB
:1055E8000040B0FBF3F303F52353104A36331B0294
:1055F800B3FBF2F34FF6FF7003FB03F253431B0AAE
:10560800B3F5803F08BF034609498A6853432022FF
:10561800B3FBF0F382F31188CA6842F00102CA6052
:105628008A695363002383F311887047F5280100C2
:105638009C130020064A137860F3C70313F0F80F91
:1056480014BF0121002161F300031370FFF7C0BFED
:10565800D616002000B1104708470000064A137804
:1056680013F0FE0F04D1012161F347031370704753
:10567800552BFCD92A21F7E74819002070B5254C8D
:10568800A45C002943D00626FF224643551AB6FBE0
:10569800F2F66FF05402724302EB400202EB420250
:1056A800D2B202FB01F0C2F1FF024A430012121209
:1056B800C0F1FF00C2F1FF02654360436243C5F3D6
:1056C8000725C0F30720C2F30722062E1CD8DFE8FF
:1056D80006F006040C11161B060022460446214655
:1056E800144659701C709D7070BD114622462C4698
:1056F8000D46F4E722462C4615460246EFE71146CA
:105708002A4625460C46EAE72A460546E7E725469F
:105718002146E6E7EDC200080B4BDA68D0070CD447
:10572800DA6851070BD4DA68D2060AD4D86800F0D0
:105738000100C0F10500C0B2704701207047022087
:1057480070470320704700BF0020024073B504462D
:105758000025FFF7E1FFFF2601280FD114B9062025
:1057680002B070BD01950196019B1BB9FFF7D4FFEC
:10577800013CF1E7019B013B0193F5E7002C08BFD1
:105788000620EDE710B50B4C236943F002032361B3
:105798006061236940F6FF7043F040032361FFF71F
:1057A800D5FF06281EBF236923F002032361342393
:1057B800E36010BD0020024070B505461F200E466C
:1057C800FFF7C4FF052810D1084C1F20236943F0B8
:1057D800010323612E80FFF7B9FF06281EBF236946
:1057E80023F0010323613423E36070BD00200240ED
:1057F800B0F5806F2DE9F041884602D30020BDE85E
:10580800F0814FF6FF72450005F1006404F5FC34A1
:10581800238846129BB2934204D12046FFF7CCFF5F
:1058280080B2ECE7B602154F06F1006606F5FC36C5
:105838004FF4806231463846FEF71EF823789845C3
:10584800DCD040F2FE30284007F8008040F6FF70B8
:10585800FFF77CFF052802D13046FFF793FF0024AD
:10586800395D61F0FF014B1C03D089B23019FFF795
:10587800A3FF0234B4F5806FF2D1D1E79C0F00206A
:1058880001460620FFF7B4BF10B540F2A714A0B236
:1058980000210134FFF7ACFFB4F5806FF7D110BDDC
:1058A8002DE9F84F00254FF06008164B2E465F197A
:1058B80019E03AF802BB20464FEA1B21FFF798FF90
:1058C800601C5FFA8BF180B209F10109FFF790FFC4
:1058D8000234B9F10C0F0B4BA4B2EAD11836B0451B
:1058E80007F1180706D006F12704BA464FF0000959
:1058F800A4B2DEE76035B5F5C07F08F16008D5D100
:10590800BDE8F88F78C80008F8B50C4680B2471C87
:10591800BFB243007A0003F1006302F10062861C03
:1059280003F5FC3302F5FC32B6B2197892F800C0E0
:10593800720002F10062C51C02F5FC32ADB21378A8
:105948006A0002F1006202F5FC321B04127843EA95
:105958000C230B4343EA0263A34212D0E1B2FFF7E0
:1059680047FFC4F307213846FFF742FFC4F3074156
:105978003046FFF73DFF2846210EBDE8F840FFF707
:1059880037BFF8BD08B5FFF769FEBDE80840014616
:105998000820FFF7B9BF0000034B1A790AB1013A92
:1059A8001A711868FFF7EEBF48190020044B1A79DE
:1059B8001868022A9CBF01321A71FFF7E3BF00BFC3
:1059C800481900200022034B03481A711860FFF79A
:1059D800D9BF00BF481900200300FFFF40F6FF7041
:1059E80008B5FFF7B3FE052802D10748FFF7CAFE3E
:1059F80040F6FF70FFF7AAFE052804D1BDE808406D
:105A08000248FFF7BFBE08BD00F8010800FC010806
:105A180010B50024FFF7E2FFEA210020FFF7E8FEB7
:105A2800FE210120FFF7E4FE00210220FFF7E0FE3F
:105A380000210320FFF7DCFE1F4B214604201C60D9
:105A4800FFF7D6FE21462220FFF7D2FE2146052089
:105A5800FFF7CEFE21460620FFF7CAFEFF210720EA
:105A6800FFF7C6FE21460820FFF74EFF21460D200E
:105A7800FFF7BEFE21461820FFF746FF21461720F4
:105A8800FFF7B6FE21461C20FFF73EFF21462020E7
:105A9800FFF7AEFE21462120FFF7AAFE2146182077
:105AA800FFF732FF21460F20FFF72EFF2146BDE802
:105AB80010401320FFF728BFF017002010B5FFF79C
:105AC80047FC104C48B9FFF7A3FF207800F004000A
:105AD80040F031002070FFF7D3FE0B4B1B78DBB290
:105AE800372B88BF0622237084BF62F3C703237055
:105AF8002378BDE8104013F0010018BFD808FFF75D
:105B080067BD00BFD61600200CF80108364BF028F8
:105B180093F902200AD193F9031000290CDA002125
:105B2800D97052B90021314A117006E0F1280DD11F
:105B380093F903100029F2DC72B11A795B791343E7
:105B48005AB2002B4FD12A4B1A707047F22806D14F
:105B5800002AF1DA00229A7093F90320E1E7F3288A
:105B680002D1002AF6DCE7E7F92893F9041004D1FA
:105B78000029E1DD00211971DEE7FA2802D10029A8
:105B8800DADAF7E7FB2893F9051004D10029D3DA0C
:105B980000215971D0E7FC2802D10029F8DCCBE7B5
:105BA80000F10C01C9B2042907D80121F438814059
:105BB800587820EA01005870BEE7FD2805D10D4845
:105BC800017821F001010170B6E7FE2804D10948E7
:105BD800017821F00201F6E7FF28ADD105480178E8
:105BE80021F00401EFE770472D1900203519002036
:105BF8003619002033190020144B1B78D90705D516
:105C0800134B18788008F8B1C0B270479A0703D5CB
:105C18000F4B18784008F6E75B0705D50C4B18784A
:105C28007F28F0D97F2070470A4B1B7853B10A4A66
:105C3800074912780878934236BF584380B2B0FBC0
:105C4800F2F0EDE70120DFE701207047331900206B
:105C5800340F002036190020350F0020194B1B780F
:105C6800D90709D5184B187800EB800080087F28E1
:105C780023D820B3C0B270479A0705D5124B1878BD
:105C880000EB80004008F2E75B0704D50E4B18785C
:105C980000EB8000EBE70D4B1B7863B10C4A0A4917
:105CA800127808789342F3D2584300EB8000B0FB97
:105CB800F2F080B2DBE70520DCE77F2070470120A7
:105CC800704700BF33190020320F0020351900201B
:105CD800330F0020F02808B505D1FFF7BFFF404279
:105CE800294BD87008BDF12802D1FFF7B7FFF7E7B5
:105CF800F22805D1FFF7B2FF4042234B9870F1E735
:105D0800F32802D1FFF7AAFFF7E7F92804D1FFF734
:105D180073FF1D4B1871E5E7FA2803D1FFF76CFFF5
:105D28004042F6E7FB2805D1FFF766FF4042164BD5
:105D38005871D7E7FC2802D1FFF75EFFF7E700F1BB
:105D48000C03DBB2042B08D801230F4AF43803FAFA
:105D580000F0537818435070C4E7FD2805D10B4A6A
:105D6800137843F001031370BCE7FE2804D1074AF7
:105D7800137843F00203F6E7FF28B3D1034A1378F8
:105D880043F00403EFE700BF2D190020331900206A
:105D980008B5202383F31188012100F00F039940EF
:105DA800032220F00F00FEF729FB002383F311885C
:105DB80008BD0000294B1A78510707D500F01801D3
:105DC800082927D100F0F70040F00400110707D593
:105DD80000F01801182926D100F0E70040F014005F
:105DE8005B78D90707D500F01801082924D100F0FD
:105DF800F70040F00100990707D500F01803182BA9
:105E080023D100F0E70040F01100D30648BF00F0AE
:105E1800E700704700F01401042904BF00F0FB00FC
:105E280040F00800D2E700F01401142904BF00F084
:105E3800EB0040F01800D3E700F01101012904BF7E
:105E480000F0FE0040F00800D5E700F01103112B28
:105E580004BF00F0EE0040F01800D6E7C21800209A
:105E680013B5ADF804100199FFF71BFBE7280446AA
:105E780000F28680DF280ED8312873D015D829285B
:105E880069D02A2875D0012C51D0231F9BB2A12B91
:105E980028BF00244BE0A0F1E003072B73D8DFE80C
:105EA80003F01872282D3872424939280BD08228FD
:105EB80009D0352848D0A72C6FD8A42CE3D9243C86
:105EC80044F480448CE07D4B1B789807F3D0E024A1
:105ED8002DE07A4A1378D90700F1E980527812F058
:105EE800010F24D013F0100F08BFE32418BF0024BB
:105EF8001DE0724B1B7813F0040FF2E76F4A13781A
:105F0800580700F1D6805278D107E0D413F0100F6B
:105F1800ECE76A4B5A78920709D51B7813F0100FF3
:105F280008BFE724E2E7654B1B781807F6D420463C
:105F380002B010BD614A1378190700F1BC8052788D
:105F48009207E3D5E424F2E75C4B1B7813F0200FAB
:105F580018BF2924EBE7594B1B7813F0200F18BF03
:105F68003524E4E7554B1B7813F0400F18BF2A245B
:105F7800DDE7524B1B7813F0400F18BF3124D6E7EA
:105F8800B0F5A44F2ED2B4F5A24F77D2FF2C0BD880
:105F9800EF2C90D944F4A04422E0BE2C61D9A4F19E
:105FA800E1039BB2072B73E7B4F5A04F0AD2B4F50F
:105FB800804F5ED2A4F580739BB2B3F5F85F0FD320
:105FC8000024B4E7C4F30112C4F3810304F003000E
:105FD80001245B0143EA022384401C4344F40C443B
:105FE800A4B2A4E7B0F5AC4F1BD2B0F5AA4FC0B22B
:105FF8004AD2B4F5A84F0FD2B4F5A64F4FF001041A
:106008004FEA900300F0030004FA00F040EA43145A
:10601800E4D344F40A44E3E74AF2F40444EA0024EB
:1060280085E7B0F5B44F0CD2B0F5B24F34D2A0F535
:10603800B0439BB2FF2BC3D84AF2F00040EA0424D5
:10604800CEE7A0F5C0439BB2B3F5005FB8D2C0F36A
:106058000420FFF7AFFE030203F4F853E4B21C4335
:1060680017E0174B5834E4B233F8144044F488442A
:106078005DE7C4F30B0444F4204458E74AF2F10303
:10608800E4B243EA042452E7FFF794FE040204F45E
:10609800F85444F400544AE700F00F00FFF78AFE72
:1060A800C4F3031440EA042444F4104498E7392460
:1060B8003DE7E2243BE7E62439E700BFC2180020A9
:1060C80020C4000873B51F240C4BADF804001E68EB
:1060D8000B4B1B681E4326FA04F3DB07E5B205D415
:1060E800013CF8D20025284602B070BD2846019927
:1060F800FFF7B6FE80B20128F2D0F4E7CC180020F2
:10610800F017002007B5ADF804000198FFF7DAFF93
:10611800019903B05DF804EBFFF7A2BE07B5ADF82F
:1061280004000198FFF7EEFF0346C3F30322C3F30D
:106138000333023BC0B20D2B1DD8DFE803F007077D
:106148001C1C161C1C1C07071A1C1C1AF02814D02F
:1061580006D8E7288CBF0020012003B05DF804FBB7
:10616800F42814BF00200120F7E7E72805D9F12813
:10617800F7E7D008F1E70020EFE70120EDE7030992
:1061880043EA0010C0B28300801000F0330003F02F
:10619800CC03034358005B1003F0550300F0AA003A
:1061A8001843704713B502AB03E903009DF80230AA
:1061B800009873B16AB1FFF785FF0446014600985D
:1061C800FFF7FEF82046009902B0BDE81040FFF73F
:1061D80068B9FFF7D5F80446F4E770B500EB81031A
:1061E800054650690E461446DA6018B1142200219B
:1061F800FCF786F8A06918B114220021FCF780F892
:1062080031462846BDE87040FEF716B8F8B5054691
:10621800052900F2A780DFE801F0A9A525A9A603B2
:10622800202686F311880024684D012105F1D80045
:10623800FEF7D9FA85F8E84085F8204184F31188FB
:1062480086F31188012105F50B70FEF7CCFA85F865
:106258003C4285F8744284F311880520BDE8F84073
:10626800FEF7D4BF202383F31188584C0121584AE4
:10627800FFF7B3FF04212846564AFFF7AEFF28462A
:1062880094F8B41004F14402FFF7A7FF94F8B5108E
:10629800284604F16802FFF7A0FF94F8B61021B170
:1062A800284604F18C02FFF798FF0026D4F8043141
:1062B8004948C4E93C33C4E94266C4F8EC60FEF7D7
:1062C80083FAD4F838314548C4F82431D4F83C313D
:1062D800C4E95066C4E94A3384F8E860FEF774FA02
:1062E80001213F4884F82061FEF77DFA3D48FEF71A
:1062F800A3FD28463C4A94F80812FFF76EFF94F86D
:1063080009122846394AFFF768FF94F80A1219B1AA
:106318002846374AFFF761FF0025D4F85832C4E908
:106328009755C4E991333348C4F84052FEF74CFA04
:10633800D4F88C32C4E9A555C4F87832D4F8903230
:106348002D48C4E99F3384F83C52FEF73DFA0121F9
:106358002A4884F87452FEF746FA2948FEF76CFD7D
:1063680085F31188F8BD0420FEF750FF202787F336
:1063780011880125154C022104F1D800FEF733FAE3
:1063880004F1E00084F8E850FEF71EFA84F8205182
:1063980004F58C70FEF718FA002686F3118887F347
:1063A8001188022104F50B70FEF71DFA04F50D7033
:1063B80084F83C52FEF708FA84F8745204F51B700E
:1063C800FEF702FA86F31188CCE700BF780C0020AC
:1063D80054C80008B4CB0008580D0020900D0020C8
:1063E800500D00204C0D0020100E0020340E00200F
:1063F800580E0020AC0E0020E40E0020A40E002051
:10640800A00E00202DE9F347202383F311880025EF
:10641800324C012726464FF4AA78A946D4F85031C1
:106428001A68117804294DD194F8DC10022949D151
:106438001B79128907FA03F3134243D1D4E94A328C
:1064480093423FD108FB0561D1F82421002A39D0B5
:10645800D4F84021002A35D0043AD21A32D01A6032
:10646800D1F8242104F58C70013AC1F82421D4F81C
:10647800342101A91344D4F83021C4F828319342B7
:1064880028BFD4F83C31C4F8409128BFC4F828315B
:10649800FEF735F9D4F8503182461A7E52B1019888
:1064A8001A690021121A5044FBF72AFFD4F8503118
:1064B8001B690193D4F8500152460179019B006889
:1064C800FDF7ECFF04F5AA742DB1002383F31188BE
:1064D80002B0BDE8F0870125A0E700BF780C0020D6
:1064E800094A03461278023042B1084A92F900205C
:1064F800002A03DA1E220021FBF702BF0022C3F89C
:1065080002208280704700BF280F0020C218002098
:10651800054B196908741868026853601A60186195
:1065280001230374FBF7D0BEDC16002030B54B1CEA
:106538000546104C87B019D023690F4A01A8FEF709
:10654800CDFB2846FFF7E4FF049B5BB1019B039951
:106558009A680A449A60029A1360019B5A604FF045
:10656800FF33E3612369586907B030BDFFF7D0FFF7
:10657800F8E700BFDC160020A14C000870B50446FF
:106588000D46104EE3683BB1236900201A1DA26234
:10659800E2691344E3620EE0237A6BB97DB1336993
:1065A80062681C605A602946136004206360FFF724
:1065B800BDFF0028E6DA70BD6FF00100FBE74FF081
:1065C800FF30F8E7DC1600202DE9F84F04460D46A9
:1065D80091469A464FF0200888F311880026B34662
:1065E800A76A4FB951462046FFF7C8FF20B187F385
:1065F80011883046BDE8F88FD4E90A073A1AA9EBA2
:106608000607974228BF1746402F1BD905F14003BC
:1066180055F8042B9D4240F8042BF9D1A36A403663
:106628004033A362D4E90A239A4204D3E16920469D
:106638000439FEF751F88BF311884E45D9D288F307
:106648001188CDE729463A46FDF716F9A36A3D4475
:106658003B44A3623E44E5E74430FFF7B5BF4FF043
:10666800FF334430FFF7B0BF70B520230D46044612
:10667800114683F31188866A2EB9FFF77FFF10B1A0
:1066880086F3118870BDA36A1D70A36AE26A01339C
:106698009342A36204D3E16920460439FEF71CF84B
:1066A800002080F31188EDE74430FFF7DDBF4FF09D
:1066B800FF324430FFF7D8BF70B504460D46104E80
:1066C800E3683BB162690020131D1268A36213449A
:1066D800E3620EE0237A6BB97DB1336962681C60AE
:1066E8005A602946136004206360FFF71FFF0028E3
:1066F800E6DA70BD6FF00100FBE74FF0FF30F8E716
:10670800DC1600202DE9F84F04460E4690469946BF
:10671800202787F311880025AA46D4F828B0BBF1B2
:10672800000F09D149462046FFF7C6FF20B18BF379
:1067380011882846BDE8F88FA8EB050BD4E90A12A2
:10674800521A934528BF9346BBF1400F1BD93346D5
:1067580001F1400251F8040B914243F8040BF9D1BE
:10676800A36A40364033A3624035D4E90A239A42EB
:1067780002D32046FDF7D0FF8AF311884545D8D2C9
:1067880087F31188C9E730465A46FDF775F8A36ABA
:106798005E445B44A3625D44E7E70C30FFF7B2BF99
:1067A8004FF0FF330C30FFF7ADBF70B52023044620
:1067B80083F31188866A3EB9FFF77EFF054618B154
:1067C80086F31188284670BDA36AE26A13F8015B54
:1067D8009342A36202D32046FDF79EFF002383F372
:1067E8001188EFE70C30FFF7E0BF4FF0FF310C30B6
:1067F800FFF7DBBF08B50146202383F31188082083
:10680800FFF794FE002383F3118808BD2DE9F84FA4
:1068180000253F4F0426B8464FF00109AA46DFF885
:1068280004B15BF8044B202383F3118824F00F0094
:1068380004F00F0409FA04F406222146FDF7DEFDF0
:1068480044618AF3118800BF00BF00BF00BF00BFCA
:1068580000BF00BF00BF00BF00BF00BF00BF00BF38
:1068680000BF00BF00BF00BF00BF00210C46294881
:1068780050F8043B23F00F02926803F00F0322FA4A
:1068880003F3DB074EBF002309FA01F213B201310B
:1068980023430C299CB2EBD15BF8040CFFF778FA80
:1068A8000320FFF7A7FF3B88013EA34216BF012341
:1068B80000233C8016F0FF0645EA030507F10207AE
:1068C800AFD1154CEDB101232370FEF71FFD134B1B
:1068D8001880124B1E88FEF719FD801B80B2052810
:1068E80012D90F4BB8F800201A80B8F802205A8045
:1068F800B8F804209A80B8F80620DA8000232370BC
:1069080002E02378002BE4D12846BDE8F88F00BFC9
:106918003A190020FCC70008E9170020EA170020F0
:106928001C190020A4CB000810B52023044683F3CB
:106938001188104B1A78042A03D0002383F3118896
:1069480010BD1A89D2060DD5DB690B4A5B6912693D
:106958004FF47A7143F80C2F03205361FFF7E6FDDB
:106968000130EAD00623224604210248FDF796FDAD
:10697800E3E700BFE8130020DC1600202DE9F84FFC
:10698800844B1B7813F0010319D0834D2B78002B0F
:1069980040F0A28010224FF400418048FDF72EFD00
:1069A800202383F311887E4C7E4B60691E69F8B9F9
:1069B800F3696661A36104F10C03F3612BE01946E6
:1069C800794A0133092B51701170917002F1030259
:1069D800F7D1DAE78360037C7BB1062B13D1D0E9CA
:1069E8000032416913605A60FDF7CEFE436998682A
:1069F800B36882689342EDD805E0D0E900321360AD
:106A08005A60FDF7D1FE30466849FDF7BDFE062005
:106A18007161FFF77DFD002383F31188202383F341
:106A28001188634B63602378012B16D161490320D9
:106A3800FDF79CFB604920620420FDF797FB5F4B44
:106A48006062DA6942F48042DA61DB69236A5A6873
:106A5800E3690C339360426893606068A26A018AB4
:106A6800E36A0E0522F4706223F4706344BF42F4B3
:106A7800A06243F4A063067854BFA262A262E362F4
:106A8800D4E90A23002E7ED042F02402A26243F009
:106A98002403E362E36941F441711A6822F0400279
:106AA8001A60428A196042F007025A601A68002187
:106AB80042F040021A600223237081F311882023D8
:106AC80083F31188012263689868DB6802FA03F38C
:106AD800436181F311882A700827334D384C00260A
:106AE80095F800B095F801A095F80290A4F108086F
:106AF80031465846FEF7E8FC0136042E08F8010B2B
:106B0800F6D10026A4F1040831465046FEF7DCFC15
:106B18000136042E08F8010BF6D1A04600263146AE
:106B28004846FEF7D1FC0136042E08F8010BF6D1D1
:106B38000C37742F05F1030504F10C04CFD1202381
:106B480083F311880323E02015491E4C0B700B6A50
:106B58005A681D4BD3608B6A506013604B6AC96AD0
:106B68005B6841F08001DC6058601960116841F091
:106B7800010111601A6842F001021A60002383F3D0
:106B88001188BDE8F88F22F02402A26223F02403C2
:106B98007FE700BF4819002052190020000C01406F
:106BA800B8130020DC160020D0180020C4130020E1
:106BB800D8CB00084D480008ED43000800100240FB
:106BC8009F190020931900204018002070B5044632
:106BD80000250E4B0E4E2079F2782844B178C0B2C9
:106BE800FEF74CFD1C35EDB2FC2D03F10303F2D189
:106BF800FFF7C4FEA37813F0010F237914BF013304
:106C080003F1FF335BB2237170BD00BFD0180020C1
:106C1800481900202DE9F84F8378DFF8B0A013F069
:106C2800010F0CBF4FF001094FF0FF390025564600
:106C3800254BDFF89C80002427465C701C709C70F4
:106C48005FFA89FB9AF800202244D1B252B2092A8D
:106C58002ADD092192FBF1F101EBC101521A52B26E
:106C6800AA420CD198F80310C7F104024A4398F8D5
:106C7800010098F80210C2F38702FEF7FFFC013703
:106C88005C44042FE4B2DDD10135092D03F103037F
:106C9800D1D1FFF773FEB9F1010F33780BD143B9A6
:106CA80008233370BDE8F88F002AD9DA01F1090208
:106CB800D5E7013BF5E70133B3FBF5F505EBC50572
:106CC8005D1B3570EEE700BFD01800203919002091
:106CD800481900200021F8B51D4B08461A46013115
:106CE800092950701070907002F10302F7D1194E03
:106CF80000243546184F96F90020A24222DC97F965
:106D08000020A2421EDB1548C27881784078FEF741
:106D1800B5FC0134092C03F10303ECD1FFF72EFE77
:106D28000D4C0F48227801782B780A4452B20B4454
:106D38005BB2002A2B70227001DD072B01DD49426E
:106D48000170F8BD00225A701A709A70E1E700BF0E
:106D5800D018002019190020240F002048190020FD
:106D6800250F00202DE9F84355250379064603FB36
:106D780003F25A43C3F1200303FB03F1554303FB1A
:106D88000123B5FBF3F5EDB2292D85BFC5F15504F7
:106D980004EB440405EB450404EBD47494BF6FEA98
:106DA80054046FEA64040027C5F15508114BDFF855
:106DB8004C90E4B25FFA88F8BA0754BF40462846B8
:106DC800224699F80210FEF759FC0137092F03F102
:106DD8000303F1D1FFF7D2FD3379074A33B9012113
:106DE8001170127813443371BDE8F883202BF8D161
:106DF800FF21F5E7D0180020260F002048190020B1
:106E080070B5044600250E4B0E4E032D7078B178F0
:106E1800227910DC8AB1F278FEF730FC0135092DB1
:106E280003F10303F1D1FFF7A9FD2379013303F03F
:106E38000103237170BD002AEDD00022ECE700BFEA
:106E4800D01800204819002010B40024054B013444
:106E5800092C587019709A7003F10303F7D110BC0C
:106E6800FFF78CBDD018002007B501ABFEF706FC74
:106E7800074B1B78DB0707D59DF806209DF8041003
:106E88009DF80500FFF7E0FF03B05DF804FB00BFC5
:106E980048190020084B10B51A780446D20706D5C1
:106EA8000279064958788A5C9978FFF7DDFF2379DB
:106EB8000133237110BD00BF48190020A4CA00087F
:106EC800074B10B51A780446D20704D5DA789978B2
:106ED8000079FFF7C9FF23790133237110BD00BF83
:106EE8004819002037B5184C0546207838B9FF22D4
:106EF80001AB1146FEF7C2FB9DF8053023702979D6
:106F0800012915D0022917D0D1B90A4620780F4B8C
:106F18001B78DB0701D5FFF797FF03222B79013395
:106F2800B3FBF2F202EB42029B1A2B7103B030BDA5
:106F3800002221781046EAE7002022780146E6E799
:106F4800002210461146E2E72C19002048190020BB
:106F580070B52023044683F31188234D2B782E46E1
:106F6800042B28D1214A2B8992F90020002A26DAFD
:106F78001F4A12781AB3DA0610D4202322460421B5
:106F88001948FDF78BFA20461A4B04F1200250F8F5
:106F9800041B904243F8041BF9D10CE0EB69164A34
:106FA8005B691269032043F80C2F5361FFF7B0FAAD
:106FB8002B78042BE1D0002383F3118870BD9B0745
:106FC80003D4082322460121DAE733690A4A5B69B8
:106FD8001269032043F80C2F5361FFF799FA3378AD
:106FE800042BE8D1EDE700BFE8130020C218002009
:106FF800280F0020A1180020DC16002001232DE90D
:10700800F047002690F80280344C354DDFF8D4A0C4
:10701800DFF8D49007790371B8F1020F9FBF6B783E
:107028002370AB7863708FB9E770A77006EB4603DF
:10703800A27861784B4414F8050B0136FEF71EFB65
:10704800092EE9D1BDE8F047FFF798BCE378BBB15A
:10705800013B2279DBB2E370C3EB0323B3FBF2F30A
:10706800BB22DBB21AF80330223BDBB2C3EB0323AB
:10707800B3FBF2F3EA78DBB253431B12A370D5E7F4
:10708800FBF7C0F9EB785B0803F17F024FF401735B
:107098005343C3F307239842C8DAB8F1020F10D953
:1070A800FBF7B0F9FF2390FBF3F303442370FBF7DE
:1070B800A9F9AB785B0890FBF3F202FB13021344C7
:1070C80063700023A370EB78C82B28BFC823142B48
:1070D80038BF14232371E370A8E700BFEC18002021
:1070E80048190020A4CA0008D01800200FB42DE9C0
:1070F800F04F8DB016AB53F8046B00249846DFF8B8
:1071080020A40B93307878B96FF00102A2424FF0B7
:10711800FF3328BF22460AA9FEF7D8F820460DB04B
:10712800BDE8F04F04B07047252806F1010608D0E5
:1071380022464FF0FF33651C0AA9FEF7C7F82C4614
:10714800E0E7002206E02D2B14D0302B0CD142F0C2
:1071580001020E46314611F8013B2B2B0DD0F2D817
:10716800202B0DD0232B0ED0A3F13000092826D8D0
:10717800002510E042F00202EBE742F00402E8E7E3
:1071880042F00802E5E742F01002E2E70A200E4664
:1071980000FB0535303D314611F8013BA3F13000C5
:1071A8000928F3D933782E2B43D17178731CA1F1B8
:1071B8003000092842F4806233D8002711E02A2BD6
:1071C80008D158F8045B0E46002DBCBF42F00202FD
:1071D8006D42E7E70025E5E70A2303FB07170346A7
:1071E800303F184610F8011BA1F13006092EF3D9DB
:1071F8001E4616F8011B6C2923D01DD8682927D0F4
:107208006A292ED01E4616F8010B782890D86128D6
:107218002AD825288CD058288AD142F0200210215B
:1072280068E02A2906D158F8047BB31C27EAE777D7
:10723800DEE733460027DBE77A29E3D142F48072A0
:10724800E1E759786C29F9D142F440729E1CDAE7DB
:107258005978682902D042F08002D4E742F0C0028F
:10726800F4E742F40072CEE7A0F16203162B3FF672
:107278005FAF01A151F823F0DD720008A173000887
:10728800DD72000839710008397100083971000889
:1072980039710008DD720008397100083971000879
:1072A800397100083971000839710008DD72000869
:1072B800F97400083971000839710008237400084E
:1072C80039710008DD720008397100083971000849
:1072D800DD7200087828A2D06F2800F01C8162288F
:1072E80000F01B8169284FF00A0122F0100203D038
:1072F800642801D022F00C02530548BF22F0010295
:10730800692802F4007301D0642825D1002B7FF48A
:10731800F9AED30508F1040913D5D8F80030CDE942
:107328000117CDE90352002B4FEAD3720092B8BF80
:107338005B42224650460AA9FCF72EFEC846044680
:10734800E0E612F0400FD8F8003001D0DBB2E6E7F3
:10735800100648BF1BB2E2E7002B7FF4D3AED0057E
:1073680008F1040907D5CDE90352CDE901170093C7
:10737800D8F80030DDE712F0400FD8F8003007D019
:10738800DBB2CDE903520022CDE901170092D0E724
:10739800100648BF9BB2F4E712F0020728D04FF05E
:1073A800010958F8040B4FF0FF3322460AA9C0B26E
:1073B80004F1010BFDF78AFF6FB34C465A4622E0F1
:1073C8004FF0FF3320200AA9FDF780FF04EB0902E4
:1073D80009F101094D45F3D8002D05F1FF3308BF28
:1073E800002305F101091C4408BF4FF00209D8E742
:1073F800B946EBE7571C4FF0FF3320200AA9FDF7E9
:1074080065FF3A460134A542F4D8A5EB09034D457A
:1074180038BF00239B445C4674E6434653F8049BFC
:10742800002F069314BF3B464FF0FF33C8464B442A
:1074380098F8001009B1434511D112F48063A8EB04
:107448000908079302D0B84528BFB84612F00203CE
:1074580008931DD1A8EB0403224609930BE008F119
:107468000108E5E702F1010B4FF0FF3320200AA9DC
:10747800FDF72CFF5A46099BD3189D42F2D8A5EB7D
:107488000803454538BF002308F101081C44984407
:10749800A4EB090B06E01F464FF0FF3322460AA96A
:1074A800FDF714FF0BEB090419F8010B28B1079B32
:1074B800002BF1D07B1E002FEDD1089BABB12246EB
:1074C800A8EB040708E002F101094FF0FF33202080
:1074D8000AA9FDF7FBFE4A46D319AB42F3D3A5EB45
:1074E8000803454538BF00231C44DDF8188009E629
:1074F800082342F02102CDE90273049200231022EE
:10750800CDE900325046224658F8043B0AA9FCF758
:1075180043FD0446F6E50821ECE60221EAE600BF51
:10752800D5520008F8B52E4A2E4B12781B782E4CEF
:1075380013432E4A127813432D4A23701278AAB1A6
:10754800134323702B4B1B78002B3FD02A4B93F906
:107558000030002BACBF06231E2300222749013B25
:10756800DBB2FF2B34D10AB1FDF702FF244B1B68B5
:10757800002B34D01F4A127842B11F4A92F90020DA
:10758800002ABFBF22786270052222701D4D5B68F9
:10759800154898472B78580721D5D90702D51A4896
:1075A800FFF7A4FD0026194F2B78DA0703D53846D4
:1075B800A15DFFF79BFD0136082EF5D12B78DB077F
:1075C8000DD5BDE8F8401248FFF790BD0623C4E783
:1075D80011F8010B0028C2D00132D2B2BFE7F8BDC2
:1075E800B61A002042190020701400201A19002031
:1075F80038190020280F0020C2180020721400201B
:107608003C180020EC170020E0B50008F2B500088F
:10761800E4C0000830B1044A137823EA000010706F
:10762800FFF780BF704700BF4219002028B1034B05
:107638001A7810431870FFF775BF70474219002079
:107648000F4A38B553780446C3F38001814215D0F8
:1076580060F382035370158811780420FEF7C8F888
:107668002220290AFEF7C4F8064B1B78DB0705D54C
:107678002146BDE838400448FFF738BD38BD00BF93
:10768800C2180020EC170020F8B5000810B4174BFA
:1076980001461B78E3B1164B93F90030002B17DA3B
:1076A800EF284FEAD0020BD800F007010120114B58
:1076B80088401344997821EA0001997010BC7047FA
:1076C8000D4B1B78DB07F9D50C4810BCFFF70EBD36
:1076D800062300200A4A12F8014B013BA14208BFC9
:1076E80002F8010C13F0FF03F5D1E7E7280F00209B
:1076F800C218002070140020EC1700200DB60008F6
:107708007214002010B41C4B01461B78DBB11B4BD4
:1077180093F90030002B16DAEF284FEAD0020AD886
:107728000121174B00F0070013449A788140114358
:10773800997010BC7047134B1B78DB07F9D51248BA
:1077480010BCFFF7D3BC4FF0FF3200230F4810F8EE
:10775800014BA142EDD0B2F1FF3F02D1002C08BF8E
:107768001A460133DCB2062C5BB2F0D1531CE0D0D0
:10777800034B1A449170DCE7280F0020C218002040
:1077880070140020EC1700202BB60008721400209B
:1077980010B5114C20786FF341002070C0B2FEF78D
:1077A8006FF80E4B1B78DB0702D50D48FFF79EFCE0
:1077B80000220C4B9A60202383F311880A4B9969A5
:1077C800CB6823F00103CB6082F311882078BDE8F1
:1077D8001040C008FDF7FCBED6160020EC170020AC
:1077E80049B60008380F00209C13002008B5094B43
:1077F800187840F002001870FEF742F8064B1B7824
:10780800DB0702D50548FFF771FCBDE80840FDF726
:10781800C3BE00BFD6160020EC17002066B60008CD
:107828000022054B5A70054B1B78DB0702D504482C
:10783800FFF75CBC704700BF50190020EC17002010
:1078480082B600082DE9F04F444D89B02E780746DE
:10785800F4078946904605932ED5414C7308E45C9D
:10786800DFF818C106F0FE06022E8CF8004026D17B
:1078780007ABFDF703FF2B78DA0707D59DF81E2025
:107888009DF81C109DF81D00FFF7DEFA354B6F7050
:107898001C78059B85F8029085F8038004F00104A4
:1078A800002B53D02868FEF76DF82CB1EB78AA7836
:1078B80069782D48FFF71AFC09B0BDE8F08F022C53
:1078C80002D195F80380E1E7062C01D16F78DDE756
:1078D800092CFBD0192CD9D14FF0090A0026193BE5
:1078E80003F00102039282F0010204921F4AC3F3DB
:1078F800460312F803B009230BFB06F4B4FBF3F4B8
:10790800039BE4B203BB3C44164BE4B21B78DB0791
:1079180007D522463146049B1548CDF800B0FFF73D
:10792800E5FB144A06EB4603134449464246204603
:10793800FDF7A4FE0AF1FF33013613F0FF0AF6B291
:10794800D9D1FFF71BF8A1E73C1BDDE7002CB3D02A
:1079580043464A4639460848ACE700BF4819002064
:10796800F8C90008EC170020C2B600086FC5000867
:107978009BB60008D0180020E7B600085019002070
:1079880005480123C2788178113A22EAE2724078E8
:10799800D2B2FFF757BF00BF48190020054801239E
:1079A800C27881781132FF2A28BFFF224078D2B2EC
:1079B800FFF748BF48190020054801238178C2789D
:1079C800113921EAE1714078C9B2FFF73BBF00BF26
:1079D80048190020054801238178C2781131FF2910
:1079E80028BFFF214078C9B2FFF72CBF48190020F3
:1079F800044901234878CA7808388978C0B2FFF763
:107A080021BF00BF48190020044901234878CA78DB
:107A180008308978C0B2FFF715BF00BF48190020A9
:107A28002D4B10B51B782D4C13F0080F39D02C486E
:107A3800FFF75CFB61782B48FFF758FB2A48FFF7F4
:107A480055FB94F902102948FFF750FB2848FFF727
:107A58004DFB94F903102548FFF748FB2448FFF72E
:107A680045FB94F904102148FFF740FB2048FFF735
:107A78003DFB94F905101D48FFF738FB1D48FFF73B
:107A880035FB1D4B1D481978FFF730FB1C48FFF7E5
:107A98002DFB1C4B19481978FFF728FB1A48FFF7EC
:107AA80025FBFDF733FCE378A27880B2134318BFB7
:107AB800164B227918BF1880637913431CBF144BE7
:107AC8001880144B1B6833B102229B68227003484C
:107AD800BDE81040184710BDEC1700202D190020F4
:107AE8000EB7000831B7000836B7000838B70008E5
:107AF8006BBC00083BB70008351900203EB70008EA
:107B080041B70008331900202FBD0008C81800200D
:107B1800CA1800203C180020842808B50FD1FDF7AA
:107B2800A3FC43073AD54720FFF7ECFDFFF7FAFC23
:107B38004720FFF7ABFDBDE80840FFF7F3BC021F85
:107B4800D2B2A02AF5D900F12002D2B2072A09D868
:107B580000F007030120124A9840137823EA000333
:107B68001370E8E700F15B02D2B2022A04D8BDE83C
:107B780008400020FDF768BC00F15802D2B2162A6E
:107B880004D8BDE808400020FDF74EBCEF2805D911
:107B9800FDF7BCFFBDE80840FFF742BF08BD00BFC6
:107BA8004219002008B510B382280FD1FDF75CFCFC
:107BB80082071CD53920FFF7A5FDFFF7B3FC392054
:107BC800FFF764FDBDE80840FFF7ACBC83280AD185
:107BD800FDF74AFCC3070AD55320FFF793FDFFF7CB
:107BE800A1FC5320ECE7BDE80840FFF795BF08BDAE
:107BF80010B500240020FDF727FC0020FDF714FC39
:107C0800094B1C70094B1C70FFF78CFC084B1C605F
:107C18009C80084B1C70084B1C70084B1C70BDE8FE
:107C28001040FFF7FDBE00BFB61A00201A19002049
:107C38002D1900203519002036190020331900208D
:107C4800064A136803F0060106290CBF43F008032F
:107C580023F008031360FFF7CBBF00BFCC18002048
:107C68000123044A03FA00F0136823EA00031360AF
:107C7800FFF7BEBFCC18002010B50B4C94F90020BC
:107C880022EA000040B24107207002D1D2B28242FB
:107C980003D1064B5B785B0705D5C0F3C700FFF738
:107CA800DFFF0023237010BD37190020C218002001
:107CB8000123034A8340106803431360FFF798BF0A
:107CC800CC180020002208B5044B05481A70FEF7AE
:107CD80007FCBDE80840FFF78BBF00BF4219002032
:107CE8007014002010B5014604460648FFF7FEF957
:107CF8000120054BA0401860FFF77AFFBDE810404F
:107D0800FFF7E0BF43B70008F017002008B50548A3
:107D1800FFF7ECF9BDE80840012205210248FFF70A
:107D2800E5B900BF48B7000843B80008013805287E
:107D380041D8DFE800F0030E18222C361E4A1F48EF
:107D480013788B4292BF0021591AC9B21170FFF7FC
:107D5800CDB91B4A1B4813788B4292BF0021591A90
:107D6800C9B21170F3E7184A184813788B4292BFCA
:107D78000021591AC9B21170E9E7154A1548137854
:107D88008B4292BF0021591AC9B21170DFE7124A1B
:107D9800124813788B4292BF0021591AC9B2117048
:107DA800D5E70F4A0F4813788B4292BF0021591A22
:107DB800C9B21170CBE77047300F002091B80008A6
:107DC800310F0020A0B80008320F0020B2B8000818
:107DD800330F0020C5B80008340F0020DAB80008B7
:107DE800350F0020F3B800080138052841D8DFE82E
:107DF80000F0030E18222C361E4A1F481378194427
:107E0800FE29CCBFFF21C9B21170FFF76FB91B4A19
:107E18001B4813781944FE29CCBFFF21C9B2117041
:107E2800F3E7184A184813781944FE29CCBFFF21F4
:107E3800C9B21170E9E7154A154813781944FE29A3
:107E4800CCBFFF21C9B21170DFE7124A124813787C
:107E58001944FE29CCBFFF21C9B21170D5E70F4ADA
:107E68000F4813781944FE29CCBFFF21C9B21170FD
:107E7800CBE77047300F002091B80008310F002081
:107E8800A0B80008320F0020B2B80008330F002055
:107E9800C5B80008340F0020DAB80008350F0020F4
:107EA800F3B80008431F10B53E2B00F24682DFE806
:107EB80013F04501360150014600440244023401E2
:107EC800440244027901440288012B02440244021C
:107ED800440244020B024402440297014402650131
:107EE80044023F004202420242024202420242026D
:107EF8004202420242023B02440245012E01440270
:107F08004402440244024402440244024402440239
:107F180044023B0244024402340144023F023F024D
:107F28003F023F023F023F023F023F023F023B0245
:107F3800B448FFF7DBF8FDF797FA0120FDE0B248F7
:107F4800FFF7D4F8B148FFF7D1F8B14BB148197829
:107F5800FFF7CCF8B048FFF7C9F8B04BB0481C7829
:107F6800FFF7C4F8E4B22146AE48FFF7BFF8AA48C5
:107F7800FFF7BCF8AC48FFF7B9F804F00101A548D1
:107F8800FFF7B4F8A448FFF7B1F8A848FFF7AEF830
:107F9800C4F340019F48FFF7A9F89F48FFF7A6F8E8
:107FA800A348FFF7A3F8C4F380019A48FFF79EF8A7
:107FB8009948FFF79BF89F48FFF798F8C4F3C0016A
:107FC8009448FFF793F89448FFF790F89A4B9B482A
:107FD8001C783C331B7844EA0324FFF787F82146D2
:107FE8009048FFF783F88C48FFF780F89448FFF72C
:107FF8007DF804F001018748FFF778F88648FFF715
:1080080075F89048FFF772F8C4F340018148FFF70C
:108018006DF88148FFF76AF88B48FFF767F8C4F3F3
:1080280000217C48FFF762F87B48FFF75FF8874834
:10803800FFF75CF8C4F340217648FFF757F8764815
:10804800FFF754F88248FFF751F8C4F380017148EC
:10805800FFF74CF87048FFF749F87E48FFF746F8F5
:10806800C4F3C0016B48FFF741F86B48FFF73EF8CF
:108078007948FFF73BF8C4F300116648FFF736F874
:108088006548FFF733F87548FFF730F8C4F3401137
:108098006048FFF72BF86048FFF728F87048FFF7AB
:1080A80025F8C4F380115B48FFF720F85A48FFF71A
:1080B8001DF86C48FFF71AF8C4F3C0115548FFF7CC
:1080C80015F85548FFF712F8674B68481C78FFF712
:1080D8000DF8E4B221465348FFF708F84E48FFF779
:1080E80005F85148FFF702F804F001014948FEF786
:1080F800FDFF4948FEF7FAFF5D48FEF7F7FF4548E0
:10810800E108FEF7F3FF4448FEF7F0FF15E759488A
:10811800FEF7ECFFFDF77CFC0FE75748F4E7574AFA
:108128005748137823F00F031370FEF7DFFF554805
:10813800FEF7DCFF0120544B187010BD5348FEF7C2
:10814800D5FFFFF7BFFD46F2A810FEF753FBFDF77A
:10815800C5F84A4C2378C3F3000282F0010262F3A7
:1081680000032370DB0701D54948CDE74948FEF7EE
:10817800BDFF237823F00E032370DEE63F4C2378FF
:10818800C3F3400282F0010262F3410398072370AF
:1081980006D54148FEF7AAFF237843F00103EBE731
:1081A8003E48B1E7354C2378C3F3800282F00102E0
:1081B80062F382035907237001D53948EAE7394841
:1081C800A2E72E4C2378C3F3C00282F0010262F3C7
:1081D800C3031A07237001D53348DBE7334893E715
:1081E8003348FEF783FF3348FEF780FF3248FEF737
:1081F8007DFF3248FEF77AFF3148FEF777FF3148B6
:1082080082E700BF16BC00080EB9000819B90008BB
:1082180006F801083EB70008E4C0000804F80108A1
:1082280029B9000831B700083CB9000846B9000868
:1082380050B900085CB9000808F8010865B90008D9
:1082480079B9000892B90008A9B90008BBB90008B3
:10825800CDB90008DFB90008F1B90008FBB900087A
:108268000DBA000829BA00080CF8010831BA00084C
:1082780048BA000851BA000862BA0008EC17002092
:1082880026BC00084DBC0008E817002051BC0008B7
:108298006DBC000879BC000886BC000893BC0008C7
:1082A800A1BC0008B0BC0008C0BC0008CCBC0008D9
:1082B800D9BC0008E8BC00081BBD000832BD000896
:1082C8006CBD0008B1BD00081E48FEF70FFFFDF7A2
:1082D800CBF801461C48FEF709FF1C4B1C481978CF
:1082E800FEF704FF1B4B1C481978FEF7FFFE1B4BDB
:1082F8001B481978C909FEF7F9FEFDF707F801468A
:108308001848FEF7F3FE18E6FFF7DCFC13490B7874
:10831800C3F3C01282F0010262F3C7130B701B068D
:108328004CBF11481148EFE60020FFF7DBFC04E6DC
:108338003938C0B2F9E71D38FBE70D48FEF7D6FE1D
:108348000020FAE6BDBD0008CBBD0008280F0020BC
:10835800E5BD000888180020FCBD0008C2180020F0
:108368000FBE000827BE00083EBE000848BE000831
:1083780053BE00088428F8B5044614D1FDF774F8F4
:10838800430700F1A0804720FFF7BCF9FFF7CAF8C0
:1083980042F21070FEF72EFA4720FFF777F9BDE892
:1083A800F840FFF7BFB8031FDBB2A02B00F2208113
:1083B800A64E35783746012D10D0022D35D0002D28
:1083C80040F0EE80A24B1B78222B40F0EB80204639
:1083D800FFF768FD0546002D75D1E3E09C4B1B783F
:1083E800222BF4D0142815D008D80B280AD010282E
:1083F80013D09848FEF77AFE0025ECE7292809D023
:108408003828F6D19448FEF771FE9448FEF76EFEC0
:108418000125E0E700253D70DDE7FFF777FC904890
:10842800FEF764FE02233370D5E7292841D018D817
:10843800132849D009D8072800F09C800B282DD094
:108448008448BDE8F840FEF751BE142831D0A0F1A9
:108458001E04E4B2052CF3D8824B1A5D824B1A70C5
:108468001EE038281AD0A0F14B04E3B2072BE7D856
:10847800072CE5D801A353F824F000BF7585000840
:10848800498400084984000879850008498400085F
:1084980049840008698500085D850008FFF736FCF7
:1084A800714B1978002979D0BDE8F8406F48FEF77C
:1084B8001DBE6D4B1A780AB10022D0E76748FEF757
:1084C80015FE01233B70F8BD6948FEF70FFE6948A9
:1084D800FEF70CFE684B69481978FEF707FE6848F6
:1084E800FEF704FE6748FEF701FE674B63481978FC
:1084F800FEF7FCFD6248FEF7F9FD6448FEF7F6FD5D
:10850800634B5E481978FEF7F1FD5D48FEF7EEFD16
:108518006048FEF7EBFD604B58481978FEF7E6FD1A
:108528005748FEF7E3FD5D48FEF7E0FD5C4B534816
:108538001978FEF7DBFD5248FEF7D8FD5948FEF7DB
:10854800D5FD594B4D481978FEF7D0FD4C48FEF73C
:10855800CDFDA5E70121444B1878FFF745FC9FE7BF
:108568000121414B1878FFF7E1FB99E70A21F2E76F
:108578000A21F6E71E22404B4C481A703222424B21
:108588001A700A22424B1A701422434B1A7008229E
:10859800434B1A702822444B1A70D8E7444850E7D6
:1085A80000233370434B1B784BB90023424A12F81F
:1085B800011B8C4216D00133062BF8D10EE03F4B3D
:1085C80093F90030002BF0DA3D4B04F0070103EB80
:1085D800D4039A7801238B401A4203D12046FFF72F
:1085E80091F8DCE62046FFF751F8FEF79BFFF5E728
:1085F80000F12003DBB2072B08D80124144B00F04C
:1086080007001A78844014431C70C8E600F15B0325
:10861800DBB2022B05D8BDE8F840243880B2FCF75D
:1086280013BF00F15803DBB2162B06D8254A32F8DF
:108638001300BDE8F840FCF7F7BEEF287FF643AF1C
:10864800FDF748FBBDE8F840FFF7EAB9E817002056
:108658004219002053BE000826BC00084DBC000883
:1086680055BE000852C4000834190020E4BE0008B2
:1086780059BE000867BE0008300F00203EB700084A
:10868800E4C0000879BE0008310F00208BBE000846
:10869800320F00209ABE0008330F0020ABBE00083E
:1086A800340F0020C0BE0008350F0020D7BE0008D8
:1086B800EABE0008280F002072140020C21800200B
:1086C8007014002020C4000808B550B3822813D1C4
:1086D800FCF7CAFE820724D43920FFF713F8FEF707
:1086E80021FF42F21070FEF785F83920FEF7CEFF21
:1086F800BDE80840FEF716BF83280ED1FCF7B4FE8C
:10870800C3070ED45320FEF7FDFFFEF70BFF42F21E
:108718001070FEF76FF85320E8E7BDE80840FFF750
:1087280029BE08BD38B5392805460CBF5024002499
:10873800FFF7CAFF24B92846BDE83840FFF732BA28
:108748006420013CFEF756F8A4B2F3E72DE9F041A6
:10875800164682781F460C46234B6AB11970FCF7FF
:10876800D5FD224B04F0070418800120A040C0B2B8
:10877800BDE8F041FEF75ABF1D788D422DD11B4B45
:10878800B3F80080FCF7C2FDA0EB080080B2C72850
:1087980023D806F12004B542E4B210D005F0070052
:1087A800012505FA00F0C0B2FEF734FF072C06D801
:1087B80006F0070005FA00F0C0B2FEF737FF3846AA
:1087C800FFF7B0FF072C0DD8012006F00706B040D0
:1087D800C0B2BDE8F041FEF71DBF012004F0070458
:1087E800A040F5E7BDE8F081531900205419002096
:1087F80070B5234C2378DA0740D528BB012262F3F1
:108808004703204E2370357805F0010519B3206819
:10881800FDF7B8F825B121781B484908FEF766FC32
:1088280021780B2219484908FAF7E0FF184DC0B122
:10883800FEF7F6FF0123E278EB70A1786078002359
:10884800BDE87040FEF7FEBF2A2801D92A22D6E7E4
:1088580060F34703D5E7002DE2D021780D48490899
:10886800DCE701220C4B5A70FCF750FD3378288066
:10887800DB07DFD50948FEF739FCDBE770BD00BF31
:1088880048190020EC170020EDBE00086C0F0020EE
:10889800D016002009BF00085019002027BF000883
:1088A800054B01211878C0F34600013810F0FF008D
:1088B80008BF2A20FFF79CBF481900200121044B5C
:1088C8001878400801302B2828BF0846FFF790BFCA
:1088D80048190020074B1B78DA0708D5B0EB530F6F
:1088E8004FEA530203D8914201D9FFF7E7BF0121AC
:1088F800FFF77EBF481900202DE9F04F03888188D3
:1089080085B00446ADF80C30002900F04D864FF6CE
:10891800FF73BDF80C209A4200F0468601220068D9
:10892800FDF740FCA1780346002900F0B385A0F5C7
:10893800BE42123A92B20F2A00F28385B44A1278E4
:108948000ABB40F2A716A0F11203DBB253BBDFF853
:10895800F8A203933046731CFCF7DEFA00228DF868
:108968000C008DF80D2070B1421E022A25D8012274
:108978008DF80D0018468DF80C20FCF7CDFA02365C
:108988008DF80E00D0B9A34B1B785E0700F00C865B
:10899800A378002B00F00886022005B0BDE8F04F50
:1089A800FFF76AB9B6F5806FEDD03046FCF7B4FA38
:1089B80008B9013BDBB20136C8E71E4603AD2B7888
:1089C800002BC7D0012B2FD16B78A878012B03D1AE
:1089D8000235FFF7A7FE04E0022B04D10235FFF7AA
:1089E80073FE0135EBE7032B03D10235FFF7DAF805
:1089F800F7E7042B01D00135F3E700274FF00A0E03
:108A0800854A0235835C69785B0705F1010C05D45A
:108A1800013FE6D36420FDF7EDFEF9E730380EFBA1
:108A2800070765460846EDE77C4A7D4912F803B01A
:108A3800DA0811F802807B491AF8027003F007037C
:108A480011F802901F4148FA03F817F0010749FA94
:108A580003F308F0010803F0010902D0E120FFF751
:108A680089FCB8F1000F02D0E620FFF783FC5846D6
:108A7800FFF758FEB8F1000F02D0E620FFF74CF8D8
:108A880017B1E120FFF748F8B9F1000FA9D02C2061
:108A98009FE70120FFF70CF9FFF7D2F873E70120F1
:108AA800FFF7DEF8F8E70220F4E70220F8E70620EF
:108AB800FCF7C0FD5C4B1878FCF7E2FE63E700208A
:108AC800F6E7594D287810F0F80F0BD0083810F059
:108AD800F80F14BF0123002363F300002870C0B20D
:108AE800FCF7CEFE514B1B78D90740F13D8529781C
:108AF8004F48C908FEF7FAFA00F036BD4A4D2B7800
:108B08002F2B4FEAD3029EBF013262F3C7032B70AB
:108B1800287840F001002870FCF7B2FE434B1B7820
:108B2800DA0740F1218529784248C908E2E73F4F32
:108B38003D4D3B782E78DB0706F0010640F1FA84BC
:108B480031463D48FEF7D2FA002E00F0F6842B7825
:108B5800D8077FF518AF28786FF300002870C0B2E7
:108B6800FCF78EFE3B78D90702D53448FEF7BEFAEB
:108B7800FCF7BEF907E72C4D2B78C3F3C40201328A
:108B880002F01F02062A94BF62F3C7036FF3C703FC
:108B98002B70287810F0F80F14BF0123002363F31B
:108BA80000002870C0B2FCF76BFE204B1B78DE0774
:108BB80040F1DA8429782248C9089BE71B4B1A4EF2
:108BC8001B78357813F0010F3746C5F3400500F0E0
:108BD800D18429461B48FEF789FA002D00F0CD8480
:108BE800337898077FF5CFAEFEF7D2FDCBE6A3F535
:108BF800B943743B022B2DD8DFE803F0303438003A
:108C0800E122262311462046FFF7A0FDBBE600BF60
:108C1800FEFF0108371900206DB40008DAC6000805
:108C2800CAC60008CAC60008D6160020EC170020DD
:108C380040BF000858BF000870BF000886BF000882
:108C4800ABBF0008BFBF00085AC700082723E522AA
:108C5800E521D8E72623E122E021D4E72723E522EE
:108C6800E421D0E72623E122E221CCE72723E522ED
:108C7800E621C8E728230122EAE7A3F5B9427A3AB0
:108C880092B2082A40F2378445F61642934240F0E1
:108C9800C480754B1B7803F0AA03002B14BF012274
:108CA8000022724B14BF352029201A70FEF72AFDC6
:108CB800FEF738FC67E6A3F5B843033B122B1CD834
:108CC800DFE803F0212529363A3E424854585C60D3
:108CD8006C7074787E9A8600A3F5B9437A3B9AB291
:108CE800082A00F21A84082B00F21784DFE803F040
:108CF800171C4E52386C7B8E93002B7843F001037F
:108D08002B7000F00ABC2B7843F00203F8E72B78AD
:108D180043F00403F4E72B7843F00803F0E76B789B
:108D280043F001036B70F8E36B7843F00203F9E753
:108D38002B7843F01003E3E72B7843F02003DFE7B9
:108D48002B7843F04003DBE7FEF7BCFF2B7843F0BA
:108D58008003D5E72B7823F00C0343F00C03CFE70F
:108D68006B7823F0030343F00303DBE72B786FF3FF
:108D78000003C5E72B786FF34103C1E72B786FF346
:108D88008203BDE72B786FF3C303B9E76B786FF302
:108D98000003C7E76B786FF34103C3E72B786FF3E2
:108DA8000413ADE72B786FF34513A9E72B786FF31E
:108DB8008613A5E7FEF786FF2B786FF3C7139FE7A7
:108DC8002B7823F00C039BE76B7823F00303A9E7C8
:108DD8002B78C3F3800282F00102D2B262F38203DD
:108DE80062F3C3038CE76B78DA4302F0010262F3A3
:108DF800000362F3410395E7FEF764FF2B78C3F3A2
:108E0800C01282F0010262F3C71379E701210E2034
:108E1800FCF7EEFC81E30021F9E7134A107845F6E8
:108E2800D542934200F0220022D845F6C14293422F
:108E38002AD9A3F5B943433B122B7ED8DFE813F0B8
:108E4800B400B900BC00BF00C200C500C800CB0018
:108E5800CE00D100D400D700DC00DF00E200E5003E
:108E6800E800EB00EE0000BF421900207218002055
:108E780045F65D52934200F0D48045F65A5293422B
:108E880000F0018100F2D08045F60142934200F0E3
:108E9800E78045F6DE42934200F0F280B3F5B84F22
:108EA80000F0D6802288A378ADF80C200398002B18
:108EB80000F0ED80FDF706F9054601460398FCF73A
:108EC8007FFA28460399FCF7CBFFAE4F94F806903B
:108ED8003E78054616F00706A1784FEA191918D00A
:108EE8000E46B1B1C5F3072303F0F003402B05D0BC
:108EF80005F12003DBB2072B40F2CD80022001915F
:108F0800FEF7BAFE3B78019913F0070F0CBF012654
:108F18000026C5F30338B8F10B0F00F2F480DFE840
:108F280018F0BC00BC00170117019601AE01F20051
:108F3800F200B801180229022902934E934D3278A3
:108F480012F0010F06D029789148C94301F00101B8
:108F5800FEF7CCF82B783678DA0706F0010615D537
:108F68006FF300032B702868FCF70CFD2EB12978ED
:108F7800884801F00101FEF7B9F8FEF751FC41F20B
:108F88008830FDF737FCFDF7F9FCFCE443F00103FA
:108F98002B701EB101218048FEF7A8F8012128781E
:108FA800C840FFF725FCEEE47C4A7D49FCF752FBFC
:108FB800E9E47B4A7949F9E77A4A7B49F6E77A4A4C
:108FC8007849F3E7794A7A49F0E7794A7749EDE74A
:108FD800784A7949EAE7784A7649E7E7774A784963
:108FE800E4E7774A7549E1E701210846D9E7052111
:108FF8000220FFF76FFCC6E408210620F9E70E21DE
:109008000920F6E714210F20F3E717211520F0E7D0
:1090180001211820C5E722211920EAE70121232090
:10902800BFE72A212520E4E745F65B5293422CD07E
:1090380045F65C5293427FF435AF624B5878C0F3E3
:10904800800080F0010000F00100FEF7F9FA29E73E
:10905800FEF738FE46F2A810FDF7CCFBFCF73EF908
:1090680049490B78C3F3000282F0010262F300035E
:10907800DF074CBF544855480B70FEF737F882E4B9
:10908800FCF7C6FC7FE40120DFE70020DDE7FCF702
:1090980077F9054615E700263BE7C5F30723C5F32F
:1090A800032913F0F00F18BF4FEA0919EDB2A9B15F
:1090B800B9F1000F0CD005F12003DBB2072B00D962
:1090C80055B9434A137849EA03031370FEF72AFA9D
:1090D8002846FFF7F9FA16E03E4AF3E72846FEF776
:1090E80061FDB9F1000F0ED06FEA090305F1200206
:1090F800D2B2072A5BB200D945BB354A11780B407A
:109108001370FEF70FFAA8F10808B8F1030F01D899
:10911800FCF7AAF996B197F9000010F001030DD1F8
:10912800A370C0F3C700FEF7C3FD2046FFF7E4FBBA
:1091380097F90000C0F3C700FEF792FD00222068EF
:10914800A18805B0BDE8F04FFDF72CB8214AD5E756
:10915800C5F3072303F0F003C5F30320202BEDB27A
:1091680018BF0001002D37D0012D57D0002960D03D
:10917800B9F1000F37D0A379D907A9D56FF3071331
:10918800A37130E037190020EC170020481900209F
:10919800DFBF000816C000084EC00008A9880008F4
:1091A800C5880008F9790008117A0008C179000813
:1091B800DD79000889790008A5790008A159000817
:1091C800B5590008C218002085C0000896C00008DC
:1091D80042190020B61A002099B1AA4B1A781043F8
:1091E800B9F1000F02D1FEF721FA8CE7B9F1010FAE
:1091F800F9D1A54949784D0785D4824283D01870A2
:1092080081E7B9F1000F04D1FCF7B2F8FEF702FAD2
:1092180079E7B9F1010F3FF476AFF5E721B1B9F17C
:10922800050F3FF670AFDEE7B9F1040F3FF66BAFFD
:10923800ECE7B9F1000FE9D0392D0CBF4FF4FA5023
:109248000120FDF7D7FA2846FEF7ACFC5BE715F4DA
:10925800406FC5F3812308D0012B7FF454AF61B16F
:10926800C5F30900FCF7E0F84DE721B1C5F30900A3
:10927800FCF7EAF847E70846FAE70846F2E7E8B2F3
:1092880021B1FCF727FDFEF7CBFB3CE7FCF73EFCE2
:10929800F9E715F4407F29D100297FF434AFC5F3ED
:1092A80042129200D0B205F00F0202FA00F3EA0669
:1092B80044BF0F228240C5F3812054BF0A46D243DF
:1092C800022872490ED003280AD0012806D0134379
:1092D8000A6813400B60FEF78BFC14E70868034329
:1092E8001343F7E713430A685340F3E7C5F3012232
:1092F80011B302F00103002B3FF405AFC5F342118F
:109308008900CAB215F0100118BF0F21C5F38120DA
:1093180018BF914005F00F0318BFC94302285C4DE0
:1093280003FA02F30FD0032811D0012806D02A68C7
:109338000B4313402B60CEE75308DCE72A681A4337
:109348000A432A60C7E72A680B435340F2E70B43F6
:10935800F0E75FFA85F9C5F3032521B12846FEF742
:10936800A7FC48463FE74846FEF754F92846FEF76B
:1093780077FCC8E65FFA85FAAAF1F003042B47D810
:10938800DFE803F003141B202B0061B1B9F1040FCF
:109398003FF6B9AEC5F3042001253D4B85401A6858
:1093A80055401D6097E7B9F1050FF1E7C5F30420B3
:1093B8000029DCD0FEF77CFCA5E6C5F304200029D3
:1093C800F8D0D4E7324A31B10123C5F3042503FAB2
:1093D80005F515607FE711607DE771B1C5F30425D8
:1093E8002846FEF765FC284B28465B785B075EBF7E
:1093F800EB0043F003033B70DCE70120FEF73CFC85
:10940800B9F1010F7FF67FAE0220FEF735FC7AE650
:1094180039B1B9F1000F01D050465AE6C5F304201E
:10942800C8E7B9F1000F09D0BAF1390F0CBF4FF4F2
:10943800FA500120FDF7DEF9504605E7C5F3042090
:1094480095E745F6107290423FF423AB45F611724A
:1094580090423FF428ABA3F5B9423B3A062A23D8F9
:1094680001A050F822F000BFB78A0008C78A000898
:10947800CB8A0008058B0008378B00087F8B000813
:10948800C58B000838190020C2180020F0170020EA
:10949800CC18002045F6107290423FF400AB45F618
:1094A800117290423FF401AB45F6F642934213D84D
:1094B80045F6F24293423FF69AAB45F6D8429342BC
:1094C8003FF4C4AB45F6D94293423FF4D3AB45F6DB
:1094D800D74293423FF494AB002956D00021344A36
:1094E800117045F6154293423FF6C7AB45F6014267
:1094F80093427FF692AC2F4A2F49127809782F4D64
:1095080042EA01222A8045F6154293423FF6E4AB2F
:1095180045F6014293423FF6CEAB2E8829780420C7
:10952800FCF766F9310A2220FCF762F9FEF7CAFB5C
:10953800FFF729BA002E7FF40EAB2B78DA073FF538
:1095480022AA43F00103012B04BF1A4663F3C702A2
:109558002B7008BF2A702878FCF792F93B78DF0750
:1095680002D51748FDF7C2FD2878C008FCF730F887
:10957800FFF709BA002D7FF437AB3B7899073FF521
:1095880002AAFEF733F9FFF7FEB945F616429342F1
:109598007FF488AC0B4B1B78002B14BF3520292097
:1095A800FEF774F8FFF784BB05B0BDE8F08F00BF85
:1095B8005319002008F8010844F80108C2180020CF
:1095C80099BF000872180020214BF7B59A7912F05C
:1095D800F00F0AD19A7842B14FF6FF771D4A1E4E16
:1095E80012781E4D3178914201D103B0F0BD19882F
:1095F8009888ADF8041038B389B2B94224D005EB85
:10960800C20493F801C061788C451DD193F800C05D
:1096180015F832108C4517D1A178A9B9A188091A73
:1096280089B2C72910D801229979094862F307112C
:109638009971A37962F30713A371FFF75DF903B07A
:10964800BDE8F040FBF7E0BE013202F00702C9E7CF
:109658008A190020B51A0020B41A0020741A0020B4
:109668002DE9FF470446B34F0068BB88009038884F
:109678003D462278617894F80280B4F804A0ADF8E9
:109688000800002B00F0C0804FF6FF7C80B26045D8
:1096980000F0BA80BE78002E00F0B680AAEB030373
:1096A800B8799BB2C72B00F0F00900F28D803B8897
:1096B800ADF80830B9F1000F49D16345C14619D05A
:1096C8008DF800208DF80110BDF800C09C4511D11F
:1096D800B8F1000F40F0F580012363F30710B8716B
:1096E8003846FFF709F9BB79A3710026304604B064
:1096F800BDE8F087BAF1000F40F0E780B8F1000F3D
:10970800F3D0AB7943F00103AB71EEE700EBC3058F
:1097180095F801C08C4506D110F833C0944502D1A4
:10972800AD78002DE1D1013303F00703E1E010F437
:10973800706F02D0002B00F0FB802033DBB2072BC8
:1097480040F2F6802046FFF7D7F8B146F0E06345CF
:1097580013D08DF800208DF80110BDF800C09C458D
:109768000BD1B8F1000F08D1A0712046FFF7C4F85B
:1097780023683B6063687B60B8E78DF800208DF84C
:1097880001100098FCF7CAFCD0B1B8F1000F17D04F
:10979800AB791F2B0CD92A8802A8ADF80820002223
:1097A800ADF80CA08DF80A208DF80E30FFF7A4F85C
:1097B80023682B6063686B60FFF706FF012695E757
:1097C8002046FFF799F8F9E7B9F1000F07D13846B5
:1097D800FFF792F8C7F80090C7F80490A8E08DF852
:1097E80000208DF801103B88BDF800C09C45C4D10D
:1097F800B8F1000FC1D1A0712046FFF77DF8C7F876
:109808000080C7F8048071E72888ADF80800002BAD
:1098180040D086B24FF6FF7086423BD0AE78002E1D
:1098280038D1AAEB03039BB2C72B30D84646002E8B
:10983800C6D08DF800208DF801102B88BDF80020C7
:109848009A4217D1AB79DA070FD413F0F0020CD093
:10985800F02AA37106D0DBB2C3F30312013262F31C
:109868000713A3712046FFF747F823682B60636846
:109878006B603BE70098FCF751FC002898D1AB7966
:10988800204643F00103AB71FFF736F82EE72E6050
:109898006E602BE7B8F1000F92D08DF800208DF89C
:1098A80001100098FCF73AFC0646002888D0236887
:1098B8002B60636828886B60FCF724FCFFF784FE44
:1098C80014E7BAF1000F3FF41CAF4FF6FF738DF8A1
:1098D80008208DF80910BDF8080098423FF40EAF33
:1098E800B8F1000F7FF40DAF1348144B07781B78BD
:1098F8001348BB427FF40AAF8DF800208DF80110A1
:109908000098FCF7FFFBC0F30332012AC3B27FF6CD
:109918000EAF0E3202F00F02012A3FF613AF10F419
:10992800706F3FF40AAFA27912F0F00F7FF405AF21
:109938004E46DBE68A190020B41A0020B51A00202A
:10994800741A0020F0B587B06F4687E803003846E0
:10995800FFF786FE214E0446214D28BB97E80300F9
:1099680004AB83E80300BDF80410BDF81020ADF87F
:109978000C20C9B11FFA82FC4FF6FF729445377864
:10998800287811D07A1C02F0070282420ED0154CBA
:10999800ADF8141004EBC70C03CB327044F8370051
:1099A800CCF80410FBF730FD0E4C11E0FEF78AF9F5
:1099B8000D4B34702C701C605C60F5E704EBC00044
:1099C800FFF74EFE40B12B78013303F007032B70ED
:1099D800287833788342F1D107B0F0BDB41A00205B
:1099E800B51A0020741A00208A190020FEE7012009
:1099F800704708B5F8F77EFC012303604FF0FF308D
:109A080008BD0120704708B51346002158221846A2
:109A1800F8F776FC4FF400524260002008BD0000C1
:109A28000346202210B582F311880B4C2068626827
:109A3800014491424FF0000206D982F311880C22AA
:109A48004FF0FF301A6006E08842F6D8216082F3B2
:109A580011880028F3D010BDE017002000207047BF
:109A68001846704700207047162303604FF0FF30F8
:109A7800704700002DE9F84FB04B5C6C660534D593
:109A88006FF4806200265A64022208274FF02009EA
:109A9800AB4D2A70EE67AE6005F10C0858F8043B30
:109AA800ABB189F3118858F8043C586920B16FF0BC
:109AB80001010C30FAF7BCFE58F8043C986920B153
:109AC8006FF001010C30FAF7B3FE86F31188013FFD
:109AD80048F8046CE2D185F86470FAF723FC6B68E7
:109AE8001B6813B1394696489847250514D4E004F5
:109AF80048D4A20508D592484368DB6803B1984763
:109B08006FF400728D4B5A648D4D8E4E23044FD4E2
:109B1800BDE8F84FFAF712BE884B894D1A6C42F02F
:109B280008021A646FF400625A642B7885F8803052
:109B380005232B706B681B6813B1042128469847CE
:109B4800002608274FF02008AE607F4D55F8043BEB
:109B5800ABB188F3118855F8043C586920B16FF00F
:109B680001010C30FAF764FE55F8043C986920B1FD
:109B78006FF001010C30FAF75BFE86F31188013FA4
:109B8800E4D1B4E76D4B9A6C11040CD41A6C6C4890
:109B980022F008021A6490F88030037043681B684A
:109BA8000BB1052198476FF48052644B5A64A0E7C3
:109BB80004F00F04A70007F1804707F5B847D7F866
:109BC80000A004F1020905EB89031AF0800FD3F80D
:109BD800048025D03B68D8F814003340426843F429
:109BE800004301693B6003680A449B1A42602ED017
:109BF800B8F810209A4228BF1A46836802611944AF
:109C080081602046FAF7D0FB3B6823F4F04323F049
:109C1800400383F0300343F4004343F080033B6088
:109C28001AF4004F10D03B681AF4006F03EA0603D9
:109C380043F080033B60E1B225D005EB8909D9F8F0
:109C4800043028465B6898473C4B5C6C5EE7012310
:109C580003FA04F22B8923EA02032B81D8F808308F
:109C680013B1214628469847202383F3118805EB32
:109C780089035B68002158690C30FAF7D9FD002385
:109C880083F31188CCE7D8F818202C4BD2F808C0F9
:109C98001B6DE14603F1804303F5C04303EB041059
:109CA8008368D0F80CE003F10053CEF30900CEF33B
:109CB800480E03F540534FEA8E0A0AEB430A5B004D
:109CC800534509F1020941D16FF0010909FB0E0959
:109CD800B9F1000F02D01B680CF81E3093680344DA
:109CE800936053680344536013681B1A1360138A04
:109CF800013B9BB21382B8F81220824200D873BB92
:109D0800012303FA04F26B89023423EA02036B810C
:109D180005EB84035B68DB680BB128469847202372
:109D280083F3118805EB84046368986941680C30F3
:109D3800FAF77EFD002383F3118885E7005C004075
:109D4800E81300200F07FFFFF413002053F804BBAB
:109D580009F802BC4FEA1B2B09F801BCB0E73B68C5
:109D680023F4904323F0700383F4405343F40043F7
:109D780043F080033B6067E738B5174CA3691D695A
:109D8800DA681540EAB2D2431A61AB0704D56368B2
:109D98001B690BB120469847680704D563689B691F
:109DA8000BB10D489847290704D563681B6A0BB1A6
:109DB80009489847EA0604D563689B6A0BB10648C8
:109DC8009847EB0704D563689B680BB1024898472E
:109DD800BDE83840FAF7B2BC9C130020FFF7CCBFAF
:109DE8002022F8B582F31188124E336A01333362A8
:109DF800334653F8140F98421C4606D1002383F3C8
:109E08001188BDE8F840FAF799BC15468368013B0C
:109E1800836073699A68002AF0D11968DF68DA608C
:109E28004C60716182F311881869B84785F311880D
:109E3800EFE700BFDC16002008B50348FAF710FB6F
:109E4800BDE80840FAF77ABCB8C6000808B5034868
:109E5800FAF706FBBDE80840FAF770BCA8C6000888
:109E680008B50348FAF7FCFABDE80840FAF766BCFB
:109E780098C6000808B50348FAF7F2FABDE80840A2
:109E8800FAF75CBC88C6000808B50348FAF7E8FA90
:109E9800BDE80840FAF752BC78C6000808B5034880
:109EA800FAF7DEFABDE80840FAF748BC68C60008C9
:109EB80008B50348FAF7D4FABDE80840FAF73EBCFB
:109EC80058C60008EFF30983203383F30988002379
:109ED80083F3118870470000202383F31188034B14
:109EE8001B6958610F20FCF713BB00BFDC1600206C
:109EF8000D4B10B41A681969106843601860012086
:109F08001A611074002218460A748A681B689C68D3
:109F18009442FBD85A680B604A6011605960006926
:109F280010BCF8F7D1B900BFDC160020F0B5082046
:109F380000261049D1E901341D460A68043AAC42AA
:109F480010D8E21CD21ADD1E22F00302AC4238BF40
:109F580000221344CA689A4209D8013801F1100155
:109F6800E8D1F0BD52F8047F45F8047BE7E743F8F1
:109F7800046BF0E724CA0008FEE77047704700004A
:109F8800C34C002023694FF0FF332DE9804823613B
:109F9800226920612269E268E360E368E060E368BF
:109FA800E369BC4A43F08053E361E369E369BA4972
:109FB80043F00063E361E36913688FB043F480738F
:109FC80013600122B54BC3E900004D6810312860C9
:109FD80043F832000132082AF7D14FF0FF366022E9
:109FE8004021AF4B4FF400755E60AE4BAE4F83F827
:109FF8000623C3F880111960802183F80723C3F86A
:10A00800801119604FF4807183F80823C3F8801118
:10A01800196083F80923C3F880511D604FF48065E7
:10A0280083F80A23C3F880511D604FF4000583F8B4
:10A038001723C3F880511D6083F82823C3F88411BF
:10A048005960A369994A43F07D03A361A369984BBA
:10A05800FE607B60A3F56453303B3B6003F56053BF
:10A06800D66053604FF0883305F17E551360914AEE
:10A0780005F588359049EE606A60904A2B60D66095
:10A0880053601160C2F80C64C2F80434C2F800349A
:10A0980004238B4A41F20A0C13748A4B0121936101
:10A0A800894B506003F10C06C3E90366874EC3E988
:10A0B8000100C3E9076041F21806C3E90AC6844EE5
:10A0C80058615862D060706000201970A8469346A5
:10A0D800034611703170019706F12C01013041F8E7
:10A0E800043B07288B61F9D17A49B3604A687A4DF5
:10A0F80042F000724A6044F24C21784A784F9162EB
:10A1080040F2CF21774A516080219360106005F1B9
:10A11800140082F8131DC5E905004FF0FF30C5E9AA
:10A128001131296305F1280129610121E8616E488F
:10A1380002F54F6207606D4FC5E900554760AB6097
:10A1480020202B622B64298780F3118862B64FF692
:10A15800FF0CD76807EA0C0C654F4CEA0707DFF8D5
:10A16800C0C1D760DCF80C7047F08077CCF80C7071
:10A17800DFF8B0C1DCF800700F43CCF8007010278E
:10A18800D77782F8220083F3118862B680F31188AA
:10A19800584800F16C02C0F89C20574AC0E92B319E
:10A1A800C0E91B23554AC0F89810C0F88C20022239
:10A1B8002969A0F8A020C0F8A830C0F8A4308B689E
:10A1C8000746002B00F0E2819030FAF7EDFA0027FD
:10A1D80087F311884A4B4B4A39461A604A4B4B4A17
:10A1E8004B485A6002F188325A601022F8F788F812
:10A1F8004FF0010E474BDFF830A103F108029A65D2
:10A2080003F11C02C3F8802003F13002C3F8A02038
:10A21800414AD3F8D010C3F8D42003F1D802C3F8C8
:10A22800D82003F1E002C3E93822D3F8C420D3F8D8
:10A23800BC00043200FB021CC3E93EC2374AD3F813
:10A24800B8C0C3E94001DFF8E490D3F8CC00C3E913
:10A258003C11C3F8102103F58C7103F1D402C3E952
:10A26800461183F8DCE083F8E8E0C3F8EC7083F883
:10A2780020E1C3E942778AF8007089F80070C3F8D2
:10A288001421C3F824C1C3E94A00D3F8C0104FE031
:10A29800001002400070004058C60008FC1700205B
:10A2A8000000024000E100E000080140000C01400D
:10A2B800B884888888883888448888880014014049
:10A2C8009C130020002C0140B813002000380040E7
:10A2D800E813002000000140DC160020006C00405C
:10A2E800C01A002010E000E0E01700200050002015
:10A2F8000003FA0528170020594D0008E12200083C
:10A30800200F0020314F000800200240230167453C
:10A3180060180020780C0020FCCB0008EF4E0008E5
:10A32800F0ED00E0001000E0701800207118002027
:10A33800C3E94EC0043101FB0C0EC3E94CE19D4951
:10A348002020C3E95212C3E95077D3F8B01080F344
:10A35800118893F8B400CDE903A901EB800082626B
:10A3680093F8B500113041F8202093F8B60010B1E9
:10A3780001EB80018A6202218F4A83F8DC10C3F85E
:10A388005021002181F311884FF0010E02F1AC0039
:10A39800C3F8AC0102F1C000C3F8D40102F1D40043
:10A3A800C3F8F4018548D3F82472C3F8280202F5EB
:10A3B800BE70C3F82C0202F5C270C3E98D00D3F851
:10A3C8001802D3F810C2043000FB0C79C3E993904B
:10A3D8007B48D3F80C92C3F86402D3F81402C3E99B
:10A3E80095C7D3F820C2C3E99177043002F5BC774A
:10A3F80002F5DE72C3E99B2200FB09C2C3F84012D2
:10A40800C3E99711C3E99FCC83F830E283F83CE2B3
:10A41800C3F8687283F874E2C3F87892C3E9A1209C
:10A42800644AC3E9A511C3E9A7272021C3E9A39C6E
:10A43800D3F8042281F3118893F8081202EB810102
:10A448008F6293F80912113142F8217093F80A12B9
:10A4580011B102EB8102976202275A4A4FF00009B4
:10A46800C3F8A42283F8307289F311884FF480511D
:10A4780006225548F9F7C2FF4FF48053019A534812
:10A488005361FCF7B7F9202383F31188504BC6E9D1
:10A49800039973603378C6E90599012BC6E90799D2
:10A4A800C6E9099901D1F9F75BFF3770002787F3EF
:10A4B800118802224FF480514348F9F79FFF454B1A
:10A4C80041F28830DF60FCF795F94348FCF70EFE4F
:10A4D800202383F311882A6A87F311883F4B404869
:10A4E8001A60FBF755FC3F48FBF752FC3E48FBF768
:10A4F8004FFC3E48FBF74CFCDFF814917D1C59F8E3
:10A50800040BEFB2FBF744FC0C2FF7D100233849BA
:10A51800384F0B803B804B807B808B80BB80CB800F
:10A52800FB80FAF715FF08B9FBF772FA324B334D87
:10A538001B78334A2B70334B1B78127843EA02237B
:10A54800314A1380FCF762F94FF47A70FCF752F93C
:10A55800FCF75CF93F8817F001075BD0FF21232047
:10A56800FBF746F9FF212420FBF742F9FF212520BC
:10A57800FBF73EF9FBF732FAFF210020FBF738F929
:10A58800FF210120FBF734F9FAF7A8FE0B742B46DC
:10A598001B689A68002AFBD15A680B604A601160F0
:10A5A80059600123194887F8A0302861F7F78CFE15
:10A5B8000DE600BF034E0008280D0020FCCB000864
:10A5C800EF4E00087C0E002000080140F049020010
:10A5D800ECCB00088C180020A8C000084419002003
:10A5E8000C0C01400D100140020801400108014017
:10A5F8003A1900201C19002004F80108EC17002063
:10A6080044F8010808F80108C2180020B81700200B
:10A61800FCC70008B64B1A78B64B1A60FDF7E8FA83
:10A6280010224FF48071B448F9F7E8FE0123B34AC9
:10A63800D360202383F311889BF800305068012BE6
:10A64800CBF80420CBF8080040F0A681A36970215C
:10A6580043F40063A361A369E36843F40063E36020
:10A66800E36823F40063E360E3684FF00074A44BED
:10A6780083F81913C3F880411C6083F81B134FF04B
:10A688000061C3F88011196046F668019D4BCBF84C
:10A698001430DBF818309961D961DBF8143011688F
:10A6A8000138B3FBF1F3DBF81810013B8B62D36A76
:10A6B800C8624B60D36803F00F03012B00F075816B
:10A6C800022B40F0748143F00103506900F00F0041
:10A6D800012803D0022803D143F0200343F01003DC
:10A6E800D06900F00F00012803D0022803D143F4F9
:10A6F800007343F48073506A00F00F00012803D000
:10A70800022803D143F4005343F480530B6201231E
:10A718004B610023126B0B6122F0FF02CA604FF4F9
:10A7280000424A6485220A600222CBF80C308BF87A
:10A73800002083F31188744C2078C008FAF748FF8A
:10A7480023789A0701D5FAF727FF4FF400544CF203
:10A758005030C8F81440FCF74DF86C4BC8F810405E
:10A768001B78212B07D16A4B1B78072B03D1694B28
:10A778001B78132B13D000212620FBF739F8FBF7A1
:10A788008FF8FBF781F821212320FBF731F8072107
:10A798002420FBF72DF813212520FBF729F85E4F1D
:10A7A800FBF78CF93B78002B6AD12B78DB0708D5AF
:10A7B8005A48FCF79BFC2B78DC0702D55848FCF775
:10A7C80095FCFAF7C5FD48B92B78D80702D5554846
:10A7D800FCF78CFCFBF71CF9FBF7F4F8F9F71AFD0A
:10A7E800514C10F0FE0F20600AD12B78D90702D502
:10A7F8004E48FCF77BFCFBF7E5F8F9F70BFD20600A
:10A80800FAF72CFF2B78DA072FD54948FCF76EFCAE
:10A818002B78DB0729D52178464801F00101FCF7A0
:10A8280065FC2B78D80720D5217843484908FCF7E0
:10A838005DFC2B78D90718D561784048FCF756FCA1
:10A848002B78DA0711D5A1783D48FCF74FFC2B7817
:10A85800DB070AD5E1783B48FCF748FC2B78DD0795
:10A8680003D521793848FCF741FC00212078374B83
:10A87800C407597002D54008FDF7BAFF01233B70A1
:10A88800334B344A34481A60FCF730FC334C344FAD
:10A8980025460021039B1A7823789A4200F08B8082
:10A8A800F85C0133042803F00F0300F082800528C8
:10A8B8004FF00101F1D14FF00008049A29481370B4
:10A8C800294B83F80080294B83F80080FBF708FEAA
:10A8D800274B4046C3F80080A3F80480254B83F833
:10A8E8000080254B83F80080244B83F8008047E0E4
:10A8F80006F80108F017002000080140380F002072
:10A9080000E100E000A24A04D616002046F801083B
:10A9180048F801084AF8010873180020B9C000086F
:10A92800D0C00008E6C00008481900200EC1000881
:10A9380057C1000870C100088DC10008A8C10008EF
:10A94800C2C10008DCC10008F6C100085019002087
:10A958003C180020640C002012C200087118002066
:10A96800601800207014002042190020B61A002038
:10A978002D19002035190020361900203319002020
:10A98800FAF762FD4046FAF74FFDFBF797F8FAF73A
:10A998006BFDFAF769FD7CE7DBF818301F605F6331
:10A9A8009F63DF631F645F6277E600238BE6002303
:10A9B8008BE62B706DE701B122703378052B2ED111
:10A9C800BA48FCF793FB0024202521E085F3118881
:10A9D800DBF80C3023F00103CBF80C30DBF818302F
:10A9E8005C63DA6822F00202DA6084F3118840F2CC
:10A9F800A460FBF7FFFEFBF709FF0023AC4A32F81F
:10AA0800021B002940F036840133DBB2042BF6D157
:10AA18003378052BDAD0FCF785FDFDF701F8FBF755
:10AA2800F5FE08B1FAF772FC0024A14BDFF88CA2FE
:10AA38000193E3B20293019B3AF8027B33F8025B7D
:10AA4800AF42019316D10134042CF2D1FAF75EFC1F
:10AA580000234FF6FF7240F00100ADF81E30ADF84C
:10AA680018208DF81A30ADF81C00DDE90601FEF754
:10AA780069FF32E08F4B1B78990700F1B6800023FD
:10AA88004FF001086F4018EA070F5FFA83F900F0EA
:10AA9800D38018EA050514BF01270027FAF736FC0A
:10AAA80040F00100002380B20DB1834A1370ADF865
:10AAB8001E30029B8DF818908DF819308DF81A7099
:10AAC800ADF81C00DDE90601FEF73CFF7B4A32F8D1
:10AAD800143088EA030822F81480794B5A782AB38C
:10AAE8001A78784B784C1B78022AC2EB5303DBB2F6
:10AAF800A37040F0AA80754A754DD75CE37843B1DE
:10AB08004FF0000884F80380FAF700FCA4F80480EA
:10AB18002080FAF7FBFB47F6FE722388C01A80B242
:10AB2800904203D81F4468482780A8470022DFF8CE
:10AB3800B0A19AF800309AF902409AF903500193AB
:10AB48009AF801309AF90470029354EA05039AF9C5
:10AB580005808AF802208AF803208AF804208AF8F7
:10AB6800052000F0F4805B4AB2F80090FAF7CEFBBB
:10AB7800594BA0EB09001A7880B2002A00F0DE8059
:10AB880056490978884240F3E280FF2A01D0013211
:10AB98001A7044B1FBF762F8002CCCBF0122FF22E7
:10ABA80042438AF8022045B1FBF758F8002DCCBF84
:10ABB8000122FF2242438AF803209AF90210002951
:10ABC80000F0C5809AF90300002800F0C080B52283
:10ABD80051434243091208BF0121121208BF012242
:10ABE8008AF802103E49CA70B1E03E48FCF77EFA86
:10ABF8000023DFF8BC80DFF8289119463A4805930E
:10AC0800FCF774FA3948FCF771FA38F8022BD0B21D
:10AC1800FBF7B5FA0146100AFBF7B1FA40EA012141
:10AC280089B24846FCF762FA3148FCF75FFA059B9F
:10AC38000133042BE1D122E701334FEA48080C2BFA
:10AC48001FFA88F87FF41FAFFDE6062A03D1294AC8
:10AC5800294DD75C52E7092A04D1284A5B08D75CFA
:10AC6800274D4BE70F2A04D1264A5B08D75C264DAF
:10AC780044E7152A03D1254A254DD75C3EE7182A13
:10AC880010D0232A4ED0242A50D0252A52D103226C
:10AC9800B3FBF2F202EB42029B1A1E4ADBB2D75C0C
:10ACA8001D4D2BE728271D4D28E700BF23C20008AC
:10ACB8001C190020EC170020B61A002024190020C7
:10ACC8005019002048190020D01600206BC5000834
:10ACD8009D6E0008C818002035190020310F00208B
:10ACE8002D19002027C2000831B7000888BE0008C7
:10ACF800E4C0000877C50008C96E00087AC50008D6
:10AD0800D56B00087AC500081D6C000874C50008DA
:10AD1800DD6C00087DC50008057000086D6D000831
:10AD28003EC200084FF48067B34DE7E64FF4FA7768
:10AD3800B24DE3E64FF4FA67B14DDFE6B14991F859
:10AD480000E00A2101FB0EF188423FF720AF57EAE5
:10AD580008033ED0AC4AB2F80090FAF7D7FAAB49EC
:10AD6800A0EB09000A7880B2002A00F00D8364285D
:10AD78002FD9FF2A01D001320A70DFF8949247B127
:10AD8800FAF73AFF002FCCBF0122FF22424389F88D
:10AD98000420B8F1000F09D0FAF72EFFB8F1000F20
:10ADA800CCBF0122FF22424389F805209AF90410FA
:10ADB80079B19AF9050060B1B522514342430912AD
:10ADC80008BF0121121208BF01228AF80410904915
:10ADD8004A719AF803109AF802200A439AF8041064
:10ADE8000A439AF8051052EA010301D0FCF718FE4D
:10ADF800019B8AF803508AF80030029B8AF80240C7
:10AE08008AF801308AF804708AF80580FAF72CFB72
:10AE1800804D2B78834219D0FAF726FB28707E4D97
:10AE280004462B785A0711D5DB070FD57B48FCF76A
:10AE38005DF92B78DF0709D521467948FCF756F9E3
:10AE48002B78DC0702D57748FCF750F9764D20229D
:10AE5800284650F8D43F06A91C6A0023A047D5F815
:10AE6800283220221C6A06A9002305F50A70A0478B
:10AE780000283FF40BAD9DF81830C4B2013B122BEB
:10AE880058D8DFE813F013001A004B005B00640089
:10AE9800830086001D014F015700570058015C01CF
:10AEA80061018601A401A701A901CD0100238DF844
:10AEB800193009238DF81A3025E09DF81930022B36
:10AEC80000F05782032B0DD0012B33D1FAF71EFA6D
:10AED800030E8DF81A30030C8DF81B3040BAADF80C
:10AEE8001C0010E0514B1A8852BAADF81A205A8843
:10AEF80052BAADF81C209A88DB8852BA5BBAADF812
:10AF08001E20ADF82030202C7FF4C0ACD5F82832B4
:10AF180022465B6806A946489847B7E49DF8193069
:10AF2800022B07D12620DDF81A1009BAC9B2FAF7A0
:10AF38005FFCE8E7FF238DF81830E4E79DF81B2055
:10AF48009DF81A109DF81900FAF796FAC6E79DF8C9
:10AF58001C309DF81D109DF81A2041EA0321182382
:10AF6800534360229DF819009DF81B8002FB0030B6
:10AF780000EB480808F127000FB280B2090AFAF777
:10AF880037FC08F12800F9B280B2D0E7FAF788FC5C
:10AF9800B9E79DF81930092B0AD00A2B13D09DF870
:10AFA8001930803B032BAED8DFE803F01C487582CC
:10AFB80006209DF81A305843FF23B0FBF3F0C0B2C7
:10AFC800FAF738FBEBE71B4B9DF81A201B7822B9E0
:10AFD8009807E4D5FCF7DCFBE1E79907DFD4FCF739
:10AFE80005FCDCE7002314489DF81A208178407896
:10AFF800FCF728FC87E700BFED6E0008096E000823
:10B00800F54E0008300F0020CA180020361900201D
:10B018002D190020EB180020EC17002044C200086E
:10B0280031B70008E4C00008780C00201C19002083
:10B03800A00E0020D61600204819002000219DF8F7
:10B048001A00FDF7D5FB854F9DF81A10844A3B7806
:10B0580089B961F300033B701378DA0702D5814898
:10B06800FCF744F8FCF7DCFB41F28830FBF7C2FB45
:10B07800FBF784FC47E743F001033B701378DB07D9
:10B0880003D501217848FCF731F8387800214008C9
:10B09800FDF7AEFB37E7714B9DF81A101971704B2D
:10B0A8001B78DF077FF52FAF7048FCF71FF82AE7FA
:10B0B8006A4A0023D2789DF81B109DF81A0097E77A
:10B0C8009DF81930092B09D00A2B10D0803B032B8F
:10B0D8003FF619AFDFE803F010131B1E0622644B7E
:10B0E8001B78DB08C3EB0323B3FBF2F3E2E6604B08
:10B0F8001B78C3F34003DDE6584BDB78DAE6574BA1
:10B108001A7812F001033FF4D5AE5308D2E6534B38
:10B118001B79CFE6514B5A789B788DF81A208DF819
:10B128001B30F0E6524B1878FAF7AAFB4B4B18681D
:10B13800FAF728FCE7E610238DF81930E3E6022336
:10B148008DF819305923B5E64FF000089DF81920FD
:10B158009DF81A309DF81B7043EA022303F2A712E8
:10B16800C3F57E4306A95933D01880B2B842BFF45C
:10B17800CAAE6FF4D3701018B0F5167F06DC10460F
:10B18800F9F7CAFE087101320131EDE781F8048050
:10B19800F9E74FF000089DF819309DF81A709DF8EE
:10B1A8001B9047EA03271FFA88F34B45BFF4ABAE61
:10B1B800B7F5167F07DC06AB07F2A71043441979E9
:10B1C80080B2FAF715FB08F101080137EBE7FAF747
:10B1D8005BFB98E60423AFE74FF000089DF81920C1
:10B1E8009DF81A309DF81B7043EA022303F12702E9
:10B1F800C3F57F4306A9D933D01880B2B842BFF44B
:10B2080082AEA2F12700B0F5C07F06DA1046F9F742
:10B2180083FE087101320131EEE781F80480F9E715
:10B228004FF000089DF819309DF81A709DF81B9092
:10B2380047EA03271FFA88F399457FF664AEB7F506
:10B24800C07F07DA06AB07F127004344197980B2BB
:10B25800FAF7CEFA08F101080137EBE748190020A0
:10B26800EC17002057C2000891C20008CAC20008A3
:10B27800D61600203378052B0BD1464DC8202B6CF1
:10B2880043F010032B64FBF7B5FA2B6C23F0100383
:10B298002B64202383F311883378012B15D04FF4C6
:10B2A80000223D4BC3F880204FF4801283F81343EB
:10B2B800C3F88020032283F81443364B1A64374AB4
:10B2C800D36923F40003D361D369354D01232F4695
:10B2D8004FF000086C6007F80C3B57F8043B7BB153
:10B2E800586920B16FF001010C30F9F7A1FA57F84D
:10B2F800043C986920B16FF001010C30F9F798FA15
:10B3080008F10108B8F1080F47F8044CE5D1254BBE
:10B318001A681B6992689B689A4201D9FEF7E8FD92
:10B3280084F3118806224FF480511F48F9F766F814
:10B338004FF480531C4A5361202383F311881B4B1D
:10B34800C5E903446B602B78C5E90544012BC5E9C1
:10B358000744C5E9094401D1F9F702F802222A7025
:10B3680084F311884FF480510F48F9F747F8FFF735
:10B378002BBB2620F9F7D0FD00238DF81D00ADF872
:10B388001A308DF81C30BEE5B0F5967F3FF6F3AC69
:10B398001FE500BF005C004000E100E00010024033
:10B3A800E8130020DC16002000080140ECCB000860
:10B3B800244A08B552F8041C234B99420ED10023A5
:10B3C80042F8043C83F314884FF000431B6883F36E
:10B3D800088862B61D4B1B689847FEE71C4B1A6825
:10B3E80042F001021A601A689007FCD51A6802F048
:10B3F800F9021A6000225A605A6812F00C0FFBD149
:10B408001A6842F480321A601A689103FCD55A68A7
:10B4180042F4E8125A601A6842F080721A601A6898
:10B428009201FCD512210B4A5A600B4A11605A68E6
:10B4380042F002025A605A6802F00C02082AFAD155
:10B4480008BD00BF00500020EFBEADDE0400008044
:0CB458000010024000641D0000200240B3
:04B46400F8B500BF78
:04B46800F8B500BF74
:10B46C0000202020202020202020282828282820C8
:10B47C0020202020202020202020202020202020C0
:10B48C002088101010101010101010101010101028
:10B49C001004040404040404040404101010101018
:10B4AC0010104141414141410101010101010101E2
:10B4BC000101010101010101010101011010101034
:10B4CC0010104242424242420202020202020202B4
:10B4DC000202020202020202020202021010101008
:10B4EC002000000000000000000000000000000030
:10B4FC000000000000000000000000000000000040
:10B50C00000000000000000000000000000000002F
:10B51C00000000000000000000000000000000001F
:10B52C00000000000000000000000000000000000F
:10B53C0000000000000000000000000000000000FF
:10B54C0000000000000000000000000000000000EF
:10B55C0000000000000000000000000000000000DF
:10B56C0000000000040C002000000000000000009F
:10B57C0000000000000000000000000000000000BF
:10B58C0000000000000000000000000000000000AF
:10B59C00000000000000000000000000000000009F
:10B5AC00000000000000000000000000000000008F
:10B5BC00000000000000000000000000000000007F
:10B5CC000000000000000000444D41206661696CE1
:10B5DC00757265006B6579626F6172645F7265701C
:10B5EC006F72743A20002530325820004F6E65730C
:10B5FC00686F743A206163746976653A2025640A31
:10B60C000064656C5F6B65795F6269743A20636195
:10B61C006E27742064656C3A20253032580A00611C
:10B62C0064645F6B65795F6269743A2063616E274D
:10B63C0074206164643A20253032580A00626163D8
:10B64C006B6C6967687420627265617468696E6797
:10B65C002064697361626C650A006261636B6C697A
:10B66C0067687420627265617468696E6720656EC4
:10B67C0061626C650A007267626C69676874207439
:10B68C00696D65722064697361626C652E0A007263
:10B69C0067626C69676874207261696E626F77208B
:10B6AC00736574206873763A2025642C25642C25E8
:10B6BC00642C25750A007267626C69676874207364
:10B6CC00657420687376205B454550524F4D5D3A4A
:10B6DC002025752C25752C25750A007267626C69FE
:10B6EC006768742073657420687376205B4E4F45D1
:10B6FC004550524F4D5D3A2025752C25752C2575DE
:10B70C000A006D6F7573656B6579205B62746E7C76
:10B71C00782079207620685D287265702F61636CC3
:10B72C00293A205B0025303258007C002564005DEE
:10B73C0028002575002F004C25640A000A092D20CD
:10B74C004D6F7573656B6579202D0A4553432F71C9
:10B75C003A09717569740A313A0964656C61792822
:10B76C002A31306D73290A323A09696E7465727622
:10B77C00616C286D73290A333A096D61785F7370B7
:10B78C006565640A343A0974696D655F746F5F6D41
:10B79C0061780A353A09776865656C5F6D61785F29
:10B7AC0073706565640A363A09776865656C5F7411
:10B7BC00696D655F746F5F6D61780A0A703A097024
:10B7CC0072696E742076616C7565730A643A0973DC
:10B7DC0065742064656661756C74730A75703A09DA
:10B7EC002B310A646F776E3A092D310A70677570C8
:10B7FC003A092B31300A7067646F776E3A092D3134
:10B80C00300A0A7370656564203D2064656C746150
:10B81C00202A206D61785F7370656564202A20286A
:10B82C00726570656174202F2074696D655F746F2B
:10B83C005F6D6178290A0077686572652064656CB4
:10B84C0074613A20637572736F723D25642C207796
:10B85C006865656C3D25640A536565206874747071
:10B86C003A2F2F656E2E77696B6970656469612E4E
:10B87C006F72672F77696B692F4D6F7573655F6B8F
:10B88C006579730A006D6B5F64656C6179203D208E
:10B89C0025640A006D6B5F696E74657276616C204D
:10B8AC003D2025640A006D6B5F6D61785F73706578
:10B8BC006564203D2025640A006D6B5F74696D65BD
:10B8CC005F746F5F6D6178203D2025640A006D6B9D
:10B8DC005F776865656C5F6D61785F7370656564D3
:10B8EC00203D2025640A006D6B5F776865656C5F91
:10B8FC0074696D655F746F5F6D6178203D202564A0
:10B90C000A006565636F6E6669673A0A006465666E
:10B91C0061756C745F6C617965723A200064656264
:10B92C0075675F636F6E6669672E7261773A200088
:10B93C002E656E61626C653A20002E6D61747269C1
:10B94C00783A20002E6B6579626F6172643A200040
:10B95C002E6D6F7573653A20006B65796D61705F44
:10B96C00636F6E6669672E7261773A20002E73776B
:10B97C0061705F636F6E74726F6C5F636170736C18
:10B98C006F636B3A20002E636170736C6F636B5F37
:10B99C00746F5F636F6E74726F6C3A20002E7377E6
:10B9AC0061705F6C63746C5F6C6775693A20002E14
:10B9BC00737761705F7263746C5F726775693A203C
:10B9CC00002E737761705F6C616C745F6C67756966
:10B9DC003A20002E737761705F72616C745F7267CE
:10B9EC0075693A20002E6E6F5F6775693A20002EDC
:10B9FC00737761705F67726176655F6573633A2018
:10BA0C00002E737761705F6261636B736C61736836
:10BA1C005F6261636B73706163653A20002E6E6BBD
:10BA2C00726F3A20006261636B6C696768745F6364
:10BA3C006F6E6669672E7261773A20002E6C6576A0
:10BA4C00656C3A2000436C656172696E67204545F0
:10BA5C0050524F4D0A000A092D204D616769632031
:10BA6C002D0A443A094465627567204D657373610C
:10BA7C00676520546F67676C650A583A094D6174A5
:10BA8C00726978204465627567204D6F6465205437
:10BA9C006F67676C65202D2053686F77206B657915
:10BAAC007072657373657320696E206D6174726951
:10BABC007820677269640A4B3A094B6579626F6149
:10BACC00726420446562756720546F67676C6520EB
:10BADC002D2053686F77206B6579707265737320B6
:10BAEC007265706F72740A4D3A094465627567200D
:10BAFC004D6F75736520546F67676C650A563A090C
:10BB0C0056657273696F6E0A533A09537461747592
:10BB1C00730A433A09416374697661746520436F13
:10BB2C006E736F6C65204D6F64650A46312D46311E
:10BB3C00303A0953776974636820746F204C6179CB
:10BB4C00657220302D392028463130203D204C3074
:10BB5C00290A302D393A0953776974636820746F58
:10BB6C00204C6179657220302D390A475241564577
:10BB7C003A0953776974636820746F204C61796556
:10BB8C007220302028616C7465726E617465290AAC
:10BB9C00423A094A756D7020746F20426F6F746C55
:10BBAC006F616465720A4553433A094A756D70209A
:10BBBC00746F20426F6F746C6F61646572202861C2
:10BBCC006C7465726E617465290A453A0950726924
:10BBDC006E7420454550524F4D2053657474696EF8
:10BBEC0067730A4253504143453A09436C6561728D
:10BBFC0020454550524F4D0A4E3A094E4B524F205C
:10BC0C00546F67676C650A5A3A09536C6565702006
:10BC1C004C454420546573740A000A092D20436F67
:10BC2C006E736F6C65202D0A4553432F713A097161
:10BC3C007569740A6D3A096D6F7573656B65790A70
:10BC4C0000433E20000A0A4A756D70696E672074C5
:10BC5C006F20626F6F746C6F616465722E2E2E2074
:10BC6C00000A64656275673A206F6E0A000A6465A3
:10BC7C006275673A206F66660A000A6D61747269B4
:10BC8C00783A206F6E0A000A6D61747269783A20F6
:10BC9C006F66660A000A6B6579626F6172643A209E
:10BCAC006F6E0A000A6B6579626F6172643A206F7D
:10BCBC0066660A000A6D6F7573653A206F6E0A002E
:10BCCC000A6D6F7573653A206F66660A000A092D56
:10BCDC002056657273696F6E202D0A005649443ADE
:10BCEC002030784341303428514D4B292050494461
:10BCFC003A20307834463438284F7274686F3438B0
:10BD0C0029205645523A203078303030310A0042E2
:10BD1C0055494C443A2020284A756C203133203246
:10BD2C00303231290A0043484942494F533A2022C4
:10BD3C00627265616B696E675F323032315F71318F
:10BD4C00222C20434F4E545249423A2022627265B3
:10BD5C00616B696E675F323032315F7131220A007C
:10BD6C004F5054494F4E533A204D4F5553454B4528
:10BD7C00592045585452414B455920434F4E534F2F
:10BD8C004C4520434F4D4D414E44204E4B524F207D
:10BD9C004C544F20424F4F544C4F414445525F53EB
:10BDAC00495A450A004743433A20392E322E310A6C
:10BDBC00000A092D20537461747573202D0A0068D4
:10BDCC006F73745F6B6579626F6172645F6C6564CD
:10BDDC007328293A2025580A006B6579626F6172C5
:10BDEC00645F70726F746F636F6C3A2025580A0031
:10BDFC006B6579626F6172645F69646C653A20256A
:10BE0C00580A006B65796D61705F636F6E66696768
:10BE1C002E6E6B726F3A2025580A0074696D65722C
:10BE2C005F72656164333228293A202530346C58AE
:10BE3C000A004E4B524F3A206F6E0A004E4B524F37
:10BE4C003A206F66660A003F004D3E20000A092D1D
:10BE5C002056616C756573202D0A00313A2064659B
:10BE6C006C6179282A31306D73293A2000323A20DE
:10BE7C00696E74657276616C286D73293A20003393
:10BE8C003A206D61785F73706565643A2000343ACE
:10BE9C002074696D655F746F5F6D61783A20003551
:10BEAC003A20776865656C5F6D61785F7370656566
:10BEBC00643A2000363A20776865656C5F74696D6A
:10BECC00655F746F5F6D61783A20007365742064F0
:10BEDC00656661756C740A004D25643E20004D3E0C
:10BEEC00007267626C69676874206D6F6465205BB3
:10BEFC00454550524F4D5D3A2025750A00726762D8
:10BF0C006C69676874206D6F6465205B4E4F4545A6
:10BF1C0050524F4D5D3A2025750A007267626C696C
:10BF2C006768742074696D657220656E61626C65FA
:10BF3C00642E0A006261636B6C69676874206465C7
:10BF4C006372656173653A2025750A006261636BE3
:10BF5C006C6967687420696E6372656173653A20F9
:10BF6C0025750A006261636B6C6967687420746F75
:10BF7C0067676C653A2025750A006261636B6C69B2
:10BF8C006768742064697361626C650A006261633E
:10BF9C006B6C6967687420656E61626C650A00621F
:10BFAC0061636B6C6967687420737465703A2025E3
:10BFBC00750A006261636B6C6967687420627265F4
:10BFCC00617468696E6720746F67676C653A2025C9
:10BFDC00750A007267626C6967687420746F6767B2
:10BFEC006C65205B454550524F4D5D3A207267623F
:10BFFC006C696768745F636F6E6669672E656E61E6
:10C00C00626C65203D2025750A007267626C696759
:10C01C0068742064697361626C65205B454550529D
:10C02C004F4D5D3A207267626C696768745F636F2D
:10C03C006E6669672E656E61626C65203D202575A4
:10C04C000A007267626C6967687420656E61626C65
:10C05C0065205B454550524F4D5D3A207267626CCE
:10C06C00696768745F636F6E6669672E656E61627F
:10C07C006C65203D2025750A0044454255473A2001
:10C08C00656E61626C65642E0A0044454255473A00
:10C09C002064697361626C65642E0A0055534220FA
:10C0AC00636F6E666967757265642E0A00726762EB
:10C0BC006C696768745F696E69742063616C6C6528
:10C0CC00642E0A007267626C696768745F696E69D6
:10C0DC0074207374617274210A007267626C6967F0
:10C0EC0068745F696E6974206565636F6E666967F5
:10C0FC00206973206E6F7420656E61626C65642EAE
:10C10C000A007267626C696768745F696E69742093
:10C11C007267626C696768745F636F6E6669672EBD
:10C12C006D6F6465203D20302E2057726974652038
:10C13C0064656661756C742076616C7565732074CA
:10C14C006F20454550524F4D2E0A007267626C6944
:10C15C006768745F636F6E66696720454550524F20
:10C16C004D3A0A007267626C696768745F636F6E40
:10C17C006669672E656E61626C65203D2025640AD8
:10C18C00007267686C696768745F636F6E66696775
:10C19C002E6D6F6465203D2025640A007267626C09
:10C1AC00696768745F636F6E6669672E6875652072
:10C1BC003D2025640A007267626C696768745F636E
:10C1CC006F6E6669672E736174203D2025640A00CA
:10C1DC007267626C696768745F636F6E6669672EFD
:10C1EC0076616C203D2025640A007267626C696779
:10C1FC0068745F636F6E6669672E73706565642023
:10C20C003D2025640A004B6579626F61726420736E
:10C21C00746172742E0A005B735D000A722F6320C6
:10C22C003031323334353637383941424344454660
:10C23C000A002530313662006B6579626F61726479
:10C24C005F7365745F6C65643A20007267626C6939
:10C25C006768742064697361626C65205B4E4F453E
:10C26C004550524F4D5D3A207267626C6967687435
:10C27C005F636F6E6669672E656E61626C65203DEB
:10C28C002025750A007267626C6967687420656E98
:10C29C0061626C65205B4E4F454550524F4D5D3A87
:10C2AC00207267626C696768745F636F6E6669673A
:10C2BC002E656E61626C65203D2025750A007267E3
:10C2CC00626C69676874207365742073706565644B
:10C2DC00205B4E4F454550524F4D5D3A2025750A17
:10C2EC00000001010101010101010102020202022F
:10C2FC000202020203030303030303030404040402
:10C30C0004040405050505050606060606070707C9
:10C31C00070708080808090909090A0A0A0B0B0B80
:10C32C000C0C0C0D0D0D0E0E0E0F0F0F101011111D
:10C33C0011121213131414151516161717181819A1
:10C34C00191A1A1B1B1C1D1D1E1E1F202021222208
:10C35C00232424252626272829292A2B2C2D2D2E4B
:10C36C002F30313232333435363738393A3B3C3D65
:10C37C003E3F404142434445464748494A4C4D4E56
:10C38C004F50515354555658595A5B5D5E5F61621C
:10C39C0064656668696B6C6D6F7072737577787AAB
:10C3AC007B7D7E8082838587888A8C8E8F91939506
:10C3BC0096989A9C9EA0A2A3A5A7A9ABADAFB1B32A
:10C3CC00B5B7BABCBEC0C2C4C6C9CBCDCFD1D4D60A
:10C3DC00D8DBDDDFE2E4E7E9EBEEF0F3F5F8FAFDAC
:10C3EC00FF0000004BC500084FC5000859C50008E8
:10C3FC00040810006EC4000887C40008A7C4000815
:10C40C00C0C400080BC5000880C50008A2C5000800
:10C41C00D7C40008E200E900EA00B500B600B70096
:10C42C00CD008301CC008A019201940121022302E8
:10C43C0024022502260227022A02B300B4006F0050
:10C44C0070004022B6220102030405060708090009
:10C45C0009027B00040100A0FA0904000001030199
:10C46C000100092111010001224000070581030888
:10C47C00000A090401000203000000092111010057
:10C48C000122220007058203200001070503032077
:10C49C000001090402000103000000092111010040
:10C4AC000122B6000705840320000A0904030002D8
:10C4BC00030000000921110100012222000705855B
:10C4CC0003200001070506032000010631FF097453
:10C4DC00A1010975150026FF009520750881020938
:10C4EC0076150026FF00952075089102C0120110E8
:10C4FC00010000004004CA484F0100010200010580
:10C50C00010906A101050719E029E7150025019588
:10C51C00087501810295017508810105071900292B
:10C52C00FF150026FF009506750881000508190106
:10C53C002905950575019102950175039101C004BA
:10C54C00030904080351004D004B00000010034F79
:10C55C00007200740068006F003400380000001E88
:10C56C00140A05FFAA7F55407F3F1F783C1E64329A
:10C57C00141E0F050660FF0961A101096215002652
:10C58C00FF009520750881020963150026FF0095B0
:10C59C002075089102C005010902A101850209015B
:10C5AC00A100050919012908150025019508750137
:10C5BC0081020501093009311581257F9502750825
:10C5CC00810609381581257F950175088106050CB2
:10C5DC000A38021581257F950175088106C0C005B2
:10C5EC00010980A101850319012AB700150126B79D
:10C5FC0000950175108100C0050C0901A10185048D
:10C60C0019012AA002150126A002950175108100BE
:10C61C00C005010906A1018505050719E029E715E3
:10C62C000025019508750181020507190029EF15F0
:10C63C0000250195F0750181020508190129059560
:10C64C000575019102950175039101C0000002402E
:10C65C0008000240010000000000000B0000024036
:10C66C001C000240020000000004010C000002400B
:10C67C0030000240040000000008020D00000240DF
:10C68C004400024008000000000C030E00000240B1
:10C69C0058000240100000000010040F000002407F
:10C6AC006C00024020000000001405100000024045
:10C6BC00800002404000000000180611000000003D
:10C6CC00000000000000000000000000000000005E
:10C6DC000000000000002A2B2800000000000000D1
:10C6EC0000000000000000000029000000002C1ECB
:10C6FC003420212224342627252E362D3738271E88
:10C70C001F202122232425263333362E37381F04AD
:10C71C0005060708090A0B0C0D0E0F101112131445
:10C72C0015161718191A1B1C1D2F3130232D350403
:10C73C0005060708090A0B0C0D0E0F101112131425
:10C74C0015161718191A1B1C1D2F3130354C0000EB
:10C75C0000007E0F00D4FFFFFFC700000078000030
:10C76C0000000000000000000001010203040506A7
:10C77C00080A0C0F1114181C2024292E33393F469B
:10C78C004C535B626A7179818A929AA2AAB2B9C13E
:10C79C00C8CFD5DCE1E7EBF0F4F7FAFCFDFEFFFEC9
:10C7AC00FDFCFAF7F4F0EBE7E1DCD5CFC8C1B9B288
:10C7BC00AAA29A928A8179716A625B534C463F397C
:10C7CC00332E2924201C1814110F0C0A08060504FA
:10C7DC000302010100000000000000000000040240
:10C7EC0004080800030708080808080808080B0FC5
:10C7FC000B0C01400A0C0140010C0140000C0140E3
:10C80C000708014006080140050801400E0C0140D4
:10C81C000F080140000801400F1001400E100140AC
:10C82C0000000000F1480008E9450008FD4400083C
:10C83C004000400044180020441800200100000073
:10C84C005818002001000000030000000000000048
:10C85C005D4D000800000000080000007418002066
:10C86C000000000002000000000000002B0014007B
:10C87C001A000800150017001C0018000C0012000C
:10C88C0013002A00290004001600070009000A0002
:10C89C000B000D000E000F0033003400E1001D00F2
:10C8AC001B000600190005001100100036003700AF
:10C8BC0038002800BF5CE000E200E30001512C00CE
:10C8CC002C0002515000510052004F0035021E0244
:10C8DC001F02200221022202230224022502260228
:10C8EC0027022A004C003A003B003C003D003E0071
:10C8FC003F002D022E022F023002310201004000B7
:10C90C0041004200430044004500320264024A00E8
:10C91C004D000100005C010001000100010001005C
:10C92C0001000100AB00AA00A900AE0035001E00FA
:10C93C001F002000210022002300240025002600D7
:10C94C0027002A004C003A003B003C003D003E0012
:10C95C003F002D002E002F00300031000100400060
:10C96C0041004200430044004500320064004B008B
:10C97C004E000100C25CC35CBE5CBD5C01000100EA
:10C98C0001000100AB00AA00A900AE0001000100EB
:10C99C000100010001000100010001000100010083
:10C9AC000100010001000100010001000100010073
:10C9BC000100010001000100010001000100010063
:10C9CC000100010001000100010001000100010053
:10C9DC000100010001000100010001000100010043
:10C9EC000100010001000100010001000001020230
:10C9FC0002020606060909090909090F0F0F0F0F94
:10CA0C000F15151518191919191919191919192397
:10CA1C00242525252525250070D00008BC1A0020CA
:10CA2C00BC1A0020BC1A002070D0000800000000C6
:10CA3C00000000000000000070D0000800000000A2
:10CA4C00000000000000000070D000080000000092
:10CA5C00000000000000000070D000080000000082
:10CA6C00000000000000000070D000080000000072
:10CA7C00000000000000000070D000080000000062
:10CA8C00000000000000000070D000080000000052
:10CA9C0000000000000000002223252628292A2C53
:10CAAC002D2F3032333536383A3B3D3E40424345EC
:10CABC0047494A4C4E5051535557595A5C5E606227
:10CACC00646668696B6D6F71737577797B7D7F8137
:10CADC00838587898A8C8E90929496989A9C9E9F37
:10CAEC00A1A3A5A7A8AAACAEAFB1B3B4B6B8B9BB55
:10CAFC00BCBEBFC1C2C3C5C6C7C9CACBCCCDCED0C4
:10CB0C00D1D2D2D3D4D5D6D7D7D8D9D9DADADBDBB0
:10CB1C00DBDCDCDCDCDCDDDDDDDDDCDCDCDCDCDB47
:10CB2C00DBDBDADAD9D9D8D7D7D6D5D4D3D2D2D190
:10CB3C00D0CECDCCCBCAC9C7C6C5C3C2C1BFBEBC83
:10CB4C00BBB9B8B6B4B3B1AFAEACAAA8A7A5A3A1F4
:10CB5C009F9E9C9A98969492908E8C8A89878583B6
:10CB6C00817F7D7B79777573716F6D6B6968666496
:10CB7C0062605E5C5A5957555351504E4C4A494766
:10CB8C00454342403E3D3B3A3836353332302F2D0B
:10CB9C002C2A2928262523220C0C01400D1001409B
:10CBAC0002080140010801400300000000000000E1
:10CBBC00D54F00080000000020000000581900208C
:10CBCC000000000002000000000000000000000057
:10CBDC0000000000000C01400F00000018000000D5
:10CBEC001562000845520008655000080D640008E5
:10CBFC000000000067660008A9670008B766000817
:10CC0C00F3670008B1660008ED670008616600086C
:10CC1C00A367000800000000000000005245454ECC
:10CC2C0054206D616C6C6F63207375636365656410
:10CC3C00656400002E2E2F2E2E2F2E2E2F2E2E2FF3
:10CC4C002E2E2F2E2E2F2E2E2F2E2E2F6E65776CF6
:10CC5C0069622F6C6962632F7374646C69622F72E2
:10CC6C00616E642E630000002C2066756E6374691F
:10CC7C006F6E3A2000000000617373657274696F07
:10CC8C006E2022257322206661696C65643A2066E9
:10CC9C00696C6520222573222C206C696E65202519
:10CCAC0064257325730A0000232D302B200000000F
:10CCBC00686C4C006566674546470000303132337E
:10CCCC00343536373839414243444546000000007C
:10CCDC0030313233343536373839616263646566E6
:04CCEC000000000044
:08CCF000E86FFF7F0100000066
:10CCF800040C002000000000B4B5000894B500083A
:10CD080074B50008000000000000000000000000EA
:10CD1800000000000000000000000000000000000B
:10CD280000000000000000000000000000000000FB
:10CD380000000000000000000000000000000000EB
:10CD480000000000000000000000000000000000DB
:10CD580000000000D94F0008596F00083169000829
:10CD6800A14F00086D4F00080400000004000000F7
:10CD780000000000000000000000000000000000AB
:10CD8800000000000000000000000000000000009B
:10CD9800000000000000000000000000000000008B
:10CDA8000000000000000000000000000300000078
:10CDB80000000000614D0008000000002000000095
:10CDC8000000000000000000020000000000000059
:10CDD800030000000000000000000000854E00086D
:10CDE8000000200000000000000000000200000019
:10CDF8000000000003000000000000005F4D000874
:10CE08000000000008000000000000000000000012
:10CE18000200000000000000E813002005060000E2
:10CE280004000000040000002000000020000000B2
:10CE380001000000901400202015002000000000D0
:10CE480000000000000000000000000000000000DA
:10CE580000000000000000000000000000000000CA
:10CE680000000000000000000000000000000000BA
:10CE780000000000000000000000000000000000AA
:10CE8800000000000000000000000000000000009A
:10CE9800000000000000000000000000000000008A
:10CEA800000000000000000000000000000000007A
:10CEB8000000000000000000000000000400000066
:10CEC8000400000000000000000000000000000056
:10CED800000000000000000000000000000000004A
:10CEE800000000000000000000000000000000003A
:10CEF800000000000000000000000000000000002A
:10CF08000300000000000000614D00080000000060
:10CF180020000000000000000000000002000000E7
:10CF280000000000030000000000000000000000F6
:10CF3800854E0008000020000000000000000000EE
:10CF480002000000000000000300000000000000D4
:10CF58005F4D00080000000008000000000000000D
:10CF6800000000000200000000000000E81300209C
:10CF7800020300000400000004000000200000007C
:10CF88002000000000000000B0150020401600201E
:10CF98000000000000000000000000000000000089
:10CFA8000000000000000000000000000000000079
:10CFB8000000000000000000000000000000000069
:10CFC8000000000000000000000000000000000059
:10CFD8000000000000000000000000000000000049
:10CFE8000000000000000000000000000000000039
:10CFF8000000000000000000000000000000000029
:10D008000000000000000000000000000000000018
:10D01800D15200080201010001009600000000083A
:10D028001E320A1408280000FFFF0000000100005B
:10D0380000000000000000000000000000000000E8
:10D0480000000000000000000000000000000000D8
:10D0580000000000000000000000000001191A1B79
:08D068001C1D1E1F20212200E7
:04000005080022C904
:00000001FF
