:020000040800F2
:1000000000040020510300085303000853030008B4
:100010005303000853030008530300085303000868
:100020005303000853030008530300081579000820
:100030005303000853030008530300085303000848
:100040005303000853030008530300085303000838
:100050005303000853030008530300085303000828
:10006000530300085303000853030008F178000805
:10007000DD780008C9780008B5780008A178000884
:100080008D780008797800085303000853030008AE
:1000900053030008530300085303000853030008E8
:1000A00009790008117900080D7900080579000820
:1000B0007177000853030008530300085303000836
:1000C00053030008530300085303000853030008B8
:1000D00053030008530300085303000853030008A8
:1000E0005303000853030008530300085303000898
:1000F0003577000853030008530300085303000832
:100100005303000853030008530300085303000877
:1001100053030008530300085D770008497700087F
:1001200065780008517800083D78000829780008B3
:100130001578000853030008530300085303000810
:100140005303000853030008530300085303000837
:100150005303000853030008530300085303000827
:1001600053030008530300085303000831740008C8
:100170005303000853030008530300085303000807
:1001800053030008530300085303000853030008F7
:1001900053030008530300085303000853030008E7
:0801A00011020008E90100084A
:1001A8000348044B834202D0034B03B118477047FE
:1001B800DC110020DC110020000000000548064981
:1001C8000B1AD90F01EBA301491002D0034B03B15D
:1001D80018477047DC110020DC11002000000000E7
:1001E80010B5064C237843B9FFF7DAFF044B13B177
:1001F8000448AFF300800123237010BDE0110020F4
:10020800000000003C9B000808B5044B1BB10449E2
:100218000448AFF30080BDE80840CFE700000000C5
:10022800E41100203C9B000872B6394880F3088826
:10023800384880F3098838484EF60851CEF2000154
:10024800086040F20000CCF200004EF63471CEF2A5
:1002580000010860BFF34F8FBFF36F8F40F20000BB
:10026800C0F2F0004EF68851CEF200010860BFF3EC
:100278004F8FBFF36F8F4FF00000E1EE100A4EF67C
:100288003C71CEF200010860062080F31488BFF3A9
:100298006F8F07F0C3FB08F0C7FB4FF055301F49BD
:1002A8001B4A91423CBF41F8040BFAE71C49194A22
:1002B80091423CBF41F8040BFAE71A491A4A1B4B12
:1002C8009A423EBF51F8040B42F8040BF8E70020AD
:1002D8001749184A91423CBF41F8040BFAE707F066
:1002E80075FB07F09AFB144C144DAC4203DA54F832
:1002F800041B8847F9E707F093FB114C114DAC42FA
:1003080003DA54F8041B8847F9E707F085BB0000B7
:1003180000040020000C002000000008000000205D
:10032800000400203C9B0008000C0020DC11002089
:10033800E0110020E4210020A0010008A401000829
:10034800A4010008A80100086EE700F000F8FEE725
:100358002DE9F04F2DED108AC1F80CD0C3689D46E9
:10036800BDEC108ABDE8F08F002383F3118828467E
:10037800A047002007F0DAFAFEE707F0FBFA00DFF3
:10038800FEE7000000000000F8B52DED028B57ECE9
:10039800106B55EC114B00F0C7F8614BB0EE408A7A
:1003A800F0EE608A93F9003001332AD022462B46BA
:1003B8002046294601F084FC18BB32463B463046AD
:1003C800394601F07DFC002844D100220023304644
:1003D800394601F043FCD8B10022002320462946C3
:1003E80001F03CFC00283DD145EC104B00F0DEFE4E
:1003F80038B1204629460022002301F039FC0028A4
:100408005BD1B0EE480AF0EE680ABDEC028BF8BD8D
:10041800B0EE480AF0EE680A00F0C8FE58B30022B1
:10042800002351EC180B01F019FC0028E9D047EC27
:10043800106B00F0BBFE0028E3D045EC104B00F039
:10044800B5FE0028DDD001F01DFE222303609FEDDC
:100458002C8BD6E7204629460022002301F0FEFB1C
:100468000028CED09FED288BB0EE480AF0EE680A3F
:10047800BDEC028BF8BD47EC106B00F097FE00282E
:10048800CDD045EC104B00F091FE0028C7D053ECBE
:10049800182B18EE100A194601F012FC18BB01F0CF
:1004A800F1FD22230360002200233046394601F083
:1004B800DFFB48B99FED168BA3E701F0E3FD21238D
:1004C80003609FED158B9CE745EC104B00F080FE18
:1004D80022462B4651EC100B01F0C0FB0028E9D155
:1004E8009FED0D8B8DE701F0CDFD0022002321212A
:1004F80001601046194601F073FA41EC180B80E7C9
:100508000000000000000000000000000000F03FB4
:10051800000000000000F07F000000000000F0FF75
:10052800000C0020000000002DE9F04F51EC110BE9
:1005380021F0004555EA000393B03DD059EC108BEB
:10054800694B29F000449C424E4610EE10AA2CDC60
:100558000F4611EE10CA36D09D4226DC624B9D42F2
:1005680020D0002ECDE9000138DB4FF0000BBCF1A4
:10057800000F4ED15C4B9D4200F094805B4B9D4236
:1005880000F0A180B7F1804F00F09E84584B9F4245
:100598003FD1002E3DDB49EC108B13B0BDE8F04F86
:1005A80000F02EBDBCF1000FDBD004F1404404F58F
:1005B800801454EA0A030BD14C49002041EC100B7B
:1005C80013B0BDE8F08FB8F1000F01D1A542C5DD29
:1005D800484813B0BDE8F04F00F0F2BD464B9D42CD
:1005E80077DCA3F154739D420EDD2B15A3F2FF3384
:1005F800142B40F37184C3F134032CFA03F202FA8A
:1006080003F3634500F0B7844FF0000BBCF1000F13
:10061800B4D049EC108B00F0BFFD51EC100BBAF1CF
:10062800000F22D124B1314B26F040429A421CD10E
:10063800002F05DA02460B4600202C4901F0D0F9BC
:10064800002EBBDA04F1404404F5801454EA0B038D
:1006580040F0648402460B461046194600F0DEFE60
:1006680002460B4601F0BCF9A8E7F30F03F1FF3A85
:100678005BEA0A0330D0214B9D4243DD03F104734A
:100688009D4240F3AF831E4B9C4240F33B83002FB7
:1006980040F33B8312A3D3E900231046194601F027
:1006A80075F88BE704F1404303F5801353EA0A0316
:1006B80082D0134B9C4240F35383002FC0F2258312
:1006C800DDE900017AE7002FC0F2F683404649468B
:1006D80074E74FF0020B4AE742464B46BCE700BFBF
:1006E8009C7500883CE4377E0000F07F0000F03FF6
:1006F8000000E03F309B0008FFFF3F430000E0415F
:10070800FFFFEF3FD24B3340002B40F0D383002252
:10071800D04B01F03BF86FF034060C462315CE4A57
:10072800C4F31304A3F2FF3344F07F559E19944297
:100738000D9645F4401540F3B083C84B9C4240F3F6
:10074800F6839FEDAD7B8DED087B8DED107B9FEDE6
:10075800AC7B8DED067B01360D96A5F580154FF027
:100768000008DDE906232946064600F057FEDDE9C4
:100778000623CDE90A013046294600F051FE02461B
:100788000B460020B64901F02BF903460C46CDE98B
:100798000E3402460B46DDE90A0100F0F7FF6B1044
:1007A80043F0005303F500230A462F46014603EBA6
:1007B80008050023CDE902120293DDE9028900242D
:1007C800CDE904122B4622464046494600F0DEFF9A
:1007D80002460B46DDE90A0100F020FEDDE90623AA
:1007E800CDE90A012046294600F018FE02460B46CC
:1007F8003046394600F012FE42464B4600F0C6FF2E
:1008080002460B46DDE90A0100F008FEDDE90E2389
:1008180000F0BCFFDDE90445CDE9060122462B4680
:100828002046294600F0B2FF77A3D3E90023044607
:100838000D4600F0ABFF76A3D3E9002300F0F0FDEE
:1008480022462B4600F0A2FF73A3D3E9002300F051
:10085800E7FD22462B4600F099FF71A3D3E9002358
:1008680000F0DEFD22462B4600F090FF6EA3D3E990
:10087800002300F0D5FD22462B4600F087FF6CA32D
:10088800D3E9002300F0CCFD224606460F462B464E
:100898002046294600F07AFF02460B463046394684
:1008A80000F074FF424604460D464B46DDE904015C
:1008B80000F0B6FDDDE9062300F068FF22462B466E
:1008C80000F0AEFD424606460F464B4640464946B6
:1008D80000F05CFF0022634BCDE90A0100F0A0FDA7
:1008E80032463B4600F09CFD02980D4604462246DF
:1008F8002B464046494600F049FF0022804689467B
:10090800584B2046294600F089FDDDE90A2300F00E
:1009180085FD02460B463046394600F07FFDDDE98D
:10092800042300F033FF224606460F462B46DDE936
:10093800060100F02BFF02460B463046394600F010
:100948006FFD06460F4602460B464046494600F0F4
:1009580067FD029838A3D3E9002304460D4600F04A
:1009680015FF4246CDE904014B462046294600F0D2
:1009780055FD02460B463046394600F04FFD30A380
:10098800D3E9002300F002FF2FA3D3E90023064692
:100998000F462046294600F0F9FE02460B4630462F
:1009A800394600F03DFDDDE9102300F039FD04462D
:1009B8000D980D4600F080FE224606460F462B464F
:1009C800DDE9040100F02CFDDDE9082300F028FD35
:1009D80032463B4600F024FD029832463B468046AC
:1009E800894600F01BFDDDE9082300F017FDDDE96D
:1009F800042339E0AFF3008000000000000000008D
:100A0800000000000000F03FEF4E454A287ECA3F34
:100A180065DBC9934A86CD3F01411DA96074D13F6A
:100A28004D268F515555D53FFFAB6FDBB66DDB3F7C
:100A3800033333333333E33F000000E009C7EE3FAD
:100A4800FD033ADC09C7EE3FF5015B14E02F3EBE1B
:100A58000000F07F000040438E98030079B60B0039
:100A68000000F03F0000084000F0D8FC0B460246AA
:100A78002946204600F0D2FC0BF1FF3353EA0A0363
:100A8800CDE9020140F067819FEDB97B8DED047BD4
:100A9800DDE9002300261046194632461F4600F0BD
:100AA800BDFC42464B4600F071FEDDE9002382465C
:100AB8008B46DDE9020100F069FE02460B4650460E
:100AC800594600F0ADFC32468B4682463B464046CE
:100AD8004946CDE900AB00F059FE0B460246804678
:100AE80089465046594600F09BFCB94B994204464A
:100AF8000D468B4640F30C8101F13F4303F5E003BB
:100B0800034340F0FD819CA3D3E90023DDE9000104
:100B180000F086FC424606460F464B4620462946CC
:100B280000F07CFC02460B463046394601F0BEF820
:100B3800002840F0E581CBF30A534FF48012A3F26A
:100B4800FE3342FA03F35B44C3F30A52A14DA2F207
:100B5800FF321541C3F3130423EA05010020C2F153
:100B6800140A44F48014BBF1000F02460B4644FA01
:100B78000AFA40464946B8BFCAF1000A00F04EFCDE
:100B8800804689464246DDE900014B4600F048FCB4
:100B98004FEA0A5B0D46002479A3D3E900232046D7
:100BA800294600F0F3FD424606460F464B462046CE
:100BB800294600F033FC02460B46DDE9000100F04F
:100BC8002DFC71A3D3E9002300F0E0FD70A3D3E965
:100BD8000023804689462046294600F0D7FD024674
:100BE8000B464046494600F01BFC804689460246B3
:100BF8000B463046394600F013FC32463B46044665
:100C08000D4600F00BFC02460B464046494600F0F4
:100C180005FC2246804689462B462046294600F098
:100C2800B5FD5DA3D3E9002306460F4600F0AEFDEF
:100C38005BA3D3E9002300F0F1FB32463B4600F00A
:100C4800A5FD59A3D3E9002300F0EAFB32463B4651
:100C580000F09CFD56A3D3E9002300F0DFFB3246E9
:100C68003B4600F093FD54A3D3E9002300F0D8FBE2
:100C780032463B4600F08AFD02460B46204629468E
:100C880000F0CCFB06460F4602460B462046294696
:100C980000F07CFD0022CDE900014FF08043304692
:100CA800394600F0BBFB02460B46DDE9000100F0C7
:100CB80097FE424606460F464B462046294600F018
:100CC80065FD42464B4600F0ABFB02460B463046FC
:100CD800394600F0A3FB22462B4600F09FFB024654
:100CE8000B4600203C4900F099FB8B44BBF5801F64
:100CF80002460B46C0F237815946DDE9042300F06D
:100D080045FD5BE4002FFFF6C5AC0020002155E44B
:100D1800DFF8CCC021F00043634540F3EB802F4B54
:100D28000B4403430AD142464B4600F077FBDDE90A
:100D3800002300F0B1FF00283FF4FDAEDDE9040117
:100D48001FA3D3E9002300F021FD1DA3D3E900234D
:100D580000F01CFD32E49FED1C7B8DED047B97E6D3
:100D6800002FD2DADDE90034184604F1004125E409
:100D7800000000000000F0BFFE822B654715973C7D
:100D880000000000432EE63FEF39FAFE422EE63F10
:100D9800396CA80C615C20BED0A4BE726937663E6F
:100DA800F16BD2C541BDBB3E2CDE25AF6A56113F63
:100DB80093BDBE166CC1663F3E5555555555C53F4A
:100DC80059F3F8C21F6EA501000000000000F03FB3
:100DD800FFFF8F40FFFF0F000000F03F00346F3F20
:100DE800FFCB9040824B9C428CDD824B9C423FF76C
:100DF8004EAC00227F4B00F011FB69A3D3E900231E
:100E080004460D4600F0C2FC67A3D3E9002306465A
:100E18000F462046294600F0B9FC00228046894644
:100E2800754B2046294600F0B1FC02460B4660A1EE
:100E3800D1E9000100F0F2FA22462B4600F0A6FCA8
:100E480002460B4600206D4900F0E8FA2246CDE93B
:100E580002012B462046294600F098FC02460B4624
:100E6800DDE9020100F092FC53A3D3E9002300F06E
:100E78008DFC02460B464046494600F0CFFA024632
:100E88000B4604460D463046394600F0C9FA0020A4
:100E98008046894632463B46E6E59FED497B8DED27
:100EA800087B8DED107B9FED487B4FF000088DEDA2
:100EB800067B56E4002631E442464B4600204D4965
:100EC80000F08EFDFFF77ABB42464B464046494646
:100ED80000F05CFCFFF772BBBCF1000F36D1C3F128
:100EE800140345FA03F202FA03F3AB424DD0E3468A
:100EF800FFF744BB414A93424DDCB346B2464AE64B
:100F0800DDE9040132A3D3E9002300F03FFC30A35C
:100F1800D3E9002300F03AFCFFF750BBBBF1010F07
:100F28007FF44CAB01F100431946FFF747BB9FED37
:100F38002A7B8DED087B9FED2A7B8DED107B9FED45
:100F48002A7B4FF480288DED067B0AE449EC108B50
:100F580000F022F951EC100BBAF1000F7FF4BCAB92
:100F6800D346FFF75FBB504643EC102B00F0C0F9A7
:100F780051EC100BC1E602F00102C2F1020BBCF108
:100F8800000F3FF4FBAAFFF744BB02F00102C2F1D5
:100F9800020BFFF7F3BA1B15CFE500BFAFF30080D4
:100FA800000000604715F73F44DF5DF80BAE543E84
:100FB800555555555555D53FFE822B654715F73F75
:100FC8000000000000000000000000000000F03FEA
:100FD8009C7500883CE4377E0000004003B8E23F7F
:100FE80006D0CF43EBFD4C3E000000000000F83F68
:100FF800FEFFEF3F0000F03F0000D03F0000E03F61
:101008002DE9F041634955EC104BA94300F09F804E
:10101800002D2B4610EE102A52DD5FEA255E00F007
:10102800B180C3F31303AEF2FF3E43F48013D10F34
:101038001EF0010F01EB43034FEA420403D0E40F13
:1010480004EB430394004FF0000C4FEA6E0E664623
:1010580016254FF40012B118994202DC5B1A8E185B
:1010680094445B00013D03EBD4734FEA52024FEA0C
:101078004404F0D12F4620204FF0004209E041D02F
:10108800E10F01384FEA520201EB43034FEA4404EF
:1010980041D0B34202EB0501F1DD002901EB020565
:1010A80009DBB0469B1BA14288BF03F1FF33641ADA
:1010B80017444646E4E7002DF3DB06F10108F1E7A3
:1010C80025F00041214339D0002D50D1D40A153BD9
:1010D80052052146002CF9D0E50256D4002000E044
:1010E80028464900CC0200F10105F9D50C46114605
:1010F800AA40C5F1200521FA05F5A3EB000E45EA43
:1011080004038EE7A142BBD8002901EB0205D2DB1C
:1011180098460023CBE7234312D178084FEA6C01A5
:1011280001F17F511CF0010F01F5001118BF40F0CB
:10113800004001EB0E53024643EC102BBDE8F08152
:101148007B1C16BF781C0CF1010C4008E6E710EE7A
:10115800102A2B4610EE100A294600F017FB2246EB
:101168002B4600F05DF941EC100BBDE8F0812046FC
:10117800294600F053F902460B4600F031FC41ECD9
:10118800100BDBE729467346A8E7114620254FF0E8
:10119800FF30B0E70000F07F51EC100B10EE102A82
:1011A80021F0004343EC102B704700BF10EE903A3B
:1011B80043F0004000F58010C00F704700000000A9
:1011C8009FED010B704700BF000000000000F87F92
:1011D800F0B553EC102BC3F30A56A6F2FF301328D0
:1011E80083B019464FEAD37410EE105A37DC002842
:1011F8002DDB3D4E064103EA060717432BD0760840
:1012080033401D430CD04FF48023132821EA0606EF
:1012180043FA00F141EA06010CBF4FF000450025F2
:10122800324800EBC4042A46D4E900450B46204660
:10123800294600F0F5F8CDE9000122462B46DDE904
:10124800000100F0EBF841EC100B03B0F0BD23F007
:101258000040104322D143EC102B03B0F0BD3328DB
:1012680009DDB0F5806FF6D110EE100A00F0D8F85D
:1012780041EC100BF1E7A6F213464FF0FF30F040B7
:101288000242E8D040080242CAD04FF0804325EA23
:10129800000043FA06F640EA0605C1E7C3F3130067
:1012A800104345420543114800EBC400D0E90067EC
:1012B800590C2D0B490405F4002545EA0103304675
:1012C800394600F0ADF8CDE900013B463246DDE98C
:1012D800000100F0A3F821F0004343EAC47141EC97
:1012E800100B03B0F0BD00BFFFFF0F00B08B00086C
:1012F80038B553EC102BC3F30A511C46054681BB85
:1013080010EE101A23F00044214329D01946002278
:101318003D4B3E4C10EE100A00F038FAA54202464A
:101328000B4616DB0C46C1F30A513639294440F204
:10133800FE70814221DC002947DC11F1350F34DAD7
:101348004CF250318D4218DC002B27A1D1E9000165
:1013580044DB25A3D3E9002300F018FA41EC100B75
:1013680038BD40F2FF708142E0D110EE100A1946F4
:1013780000F056F841EC100B38BD002B1CA1D1E948
:10138800000107DB1AA3D3E9002300F0FFF941ECC1
:10139800100B38BD18A1D1E9000115A3D3E900232A
:1013A80000F0F4F941EC100BF3E724F0FF4424F4C7
:1013B800E004363144EA0153104619460022144B22
:1013C80000F0E4F941EC100B38BD24F0FF4424F49C
:1013D800E00444EA015343EC102B38BD08A1D1E9DD
:1013E8000001B6E7AFF3008059F3F8C21F6EA501FC
:1013F8009C7500883CE4377E9C7500883CE437FE89
:1014080059F3F8C21F6EA58100005043B03CFFFF9E
:101418000000903C81F0004102E000BF83F00043EF
:1014280030B54FEA41044FEA430594EA050F08BF77
:1014380090EA020F1FBF54EA000C55EA020C7FEA3B
:10144800645C7FEA655C00F0E2804FEA5454D4EBB8
:101458005555B8BF6D420CDD2C4480EA020281EA82
:10146800030382EA000083EA010180EA020281EABA
:101478000303362D88BF30BD11F0004F4FEA01310C
:101488004FF4801C4CEA113102D0404261EB41011B
:1014980013F0004F4FEA03334CEA133302D05242A1
:1014A80063EB430394EA050F00F0A780A4F101045D
:1014B800D5F1200E0DDB02FA0EFC22FA05F2801897
:1014C80041F1000103FA0EF2801843FA05F359417D
:1014D8000EE0A5F120050EF1200E012A03FA0EFCFC
:1014E80028BF4CF0020C43FA05F3C01851EBE37126
:1014F80001F0004507D54FF0000EDCF1000C7EEB43
:1015080000006EEB0101B1F5801F1BD3B1F5001F80
:101518000CD349085FEA30004FEA3C0C04F101049F
:101528004FEA445212F5800F80F09A80BCF1004FC8
:1015380008BF5FEA500C50F1000041EB045141EA4A
:10154800050130BD5FEA4C0C404141EB0101013C13
:1015580028BFB1F5801FE9D291F0000F04BF014602
:101568000020B1FA81F308BF2033A3F10B03B3F1D4
:1015780020020CDA0C3208DD02F1140CC2F10C0264
:1015880001FA0CF021FA02F10CE002F11402D8BFC2
:10159800C2F1200C01FA02F120FA0CFCDCBF41EA8E
:1015A8000C019040E41AA2BF01EB0451294330BD5D
:1015B8006FEA04041F3C1CDA0C340EDC04F114043A
:1015C800C4F1200220FA04F001FA02F340EA030011
:1015D80021FA04F345EA030130BDC4F10C04C4F157
:1015E800200220FA02F001FA04F340EA0300294637
:1015F80030BD21FA04F0294630BD94F0000F83F481
:10160800801306BF81F480110134013D4EE77FEA63
:10161800645C18BF7FEA655C29D094EA050F08BFAF
:1016280090EA020F05D054EA000C04BF1946104690
:1016380030BD91EA030F1EBF0021002030BD5FEAD4
:10164800545C05D14000494128BF41F0004130BDFC
:1016580014F580043CBF01F5801130BD01F0004550
:1016680045F0FE4141F470014FF0000030BD7FEAC3
:10167800645C1ABF194610467FEA655C1CBF0B46BE
:10168800024650EA013406BF52EA033591EA030FD5
:1016980041F4002130BD00BF90F0000F04BF0021CD
:1016A800704730B54FF4806404F132044FF0000500
:1016B8004FF0000150E700BF90F0000F04BF002179
:1016C800704730B54FF4806404F1320410F00045DF
:1016D80048BF40424FF000013EE700BF42004FEADA
:1016E800E2014FEA31014FEA02701FBF12F07F4357
:1016F80093F07F4F81F06051704732F07F4208BF0E
:10170800704793F07F4F04BF41F40021704730B514
:101718004FF4607401F0004521F000411CE700BF60
:1017280050EA010208BF704730B54FF000050AE0E3
:1017380050EA010208BF704730B511F0004502D5E4
:10174800404261EB41014FF4806404F132045FEAE6
:10175800915C3FF4D8AE4FF003025FEADC0C18BF8F
:1017680003325FEADC0C18BF033202EBDC02C2F181
:10177800200300FA03FC20FA02F001FA03FE40EA13
:101788000E0021FA02F11444BDE600BF70B54FF017
:10179800FF0C4CF4E06C1CEA11541DBF1CEA1355F5
:1017A80094EA0C0F95EA0C0F00F0DEF82C4481EA5D
:1017B800030621EA4C5123EA4C5350EA013518BF7D
:1017C80052EA033541F4801143F4801338D0A0FB6A
:1017D80002CE4FF00005E1FB02E506F00042E0FB17
:1017E80003E54FF00006E1FB03569CF0000F18BF1D
:1017F8004EF0010EA4F1FF04B6F5007F64F54074C5
:1018080004D25FEA4E0E6D4146EB060642EAC62157
:1018180041EA55514FEAC52040EA5E504FEACE2EC4
:10182800B4F1FD0C88BFBCF5E06F1ED8BEF1004FC7
:1018380008BF5FEA500E50F1000041EB045170BD43
:1018480006F0004646EA010140EA020081EA030187
:10185800B4EB5C04C2BFD4EB0C0541EA045170BD83
:1018680041F480114FF0000E013C00F3AB8014F1FD
:10187800360FDEBF002001F0004170BDC4F1000446
:10188800203C35DA0C341BDC04F11404C4F12005C7
:1018980000FA05F320FA04F001FA05F240EA020022
:1018A80001F0004221F0004110EBD37021FA04F658
:1018B80042EB06015EEA430E08BF20EAD37070BD12
:1018C800C4F10C04C4F1200500FA04F320FA05F071
:1018D80001FA04F240EA020001F0004110EBD37073
:1018E80041F100015EEA430E08BF20EAD37070BDE3
:1018F800C4F1200500FA05F24EEA020E20FA04F3BC
:1019080001FA05F243EA020321FA04F001F000416A
:1019180021FA04F220EA020000EBD3705EEA430EDB
:1019280008BF20EAD37070BD94F0000F0FD101F00A
:101938000046400041EB010111F4801F08BF013C43
:10194800F7D041EA060195F0000F18BF704703F081
:101958000046520043EB030313F4801F08BF013D08
:10196800F7D043EA0603704794EA0C0F0CEA1355C4
:1019780018BF95EA0C0F0CD050EA410618BF52EA7E
:101988004306D1D181EA030101F000414FF0000084
:1019980070BD50EA410606BF1046194652EA430692
:1019A80019D094EA0C0F02D150EA013613D195EA06
:1019B8000C0F05D152EA03361CBF104619460AD14E
:1019C80081EA030101F0004141F0FE4141F4700158
:1019D8004FF0000070BD41F0FE4141F4780170BD48
:1019E80070B54FF0FF0C4CF4E06C1CEA11541DBFAD
:1019F8001CEA135594EA0C0F95EA0C0F00F0A7F8AF
:101A0800A4EB050481EA030E52EA03354FEA0131DB
:101A180000F088804FEA03334FF0805545EA1313EE
:101A280043EA12634FEA022245EA111545EA1065B6
:101A38004FEA00260EF000419D4208BF964244F14D
:101A4800FD0404F5407402D25B084FEA3202B61A6C
:101A580065EB03055B084FEA32024FF480104FF440
:101A6800002CB6EB020E75EB030E22BFB61A7546B4
:101A780040EA0C005B084FEA3202B6EB020E75EB47
:101A8800030E22BFB61A754640EA5C005B084FEAAF
:101A98003202B6EB020E75EB030E22BFB61A75467C
:101AA80040EA9C005B084FEA3202B6EB020E75EB87
:101AB800030E22BFB61A754640EADC0055EA060E48
:101AC80018D04FEA051545EA16754FEA06164FEA8B
:101AD800C30343EA52734FEAC2025FEA1C1CC0D137
:101AE80011F4801F0BD141EA00014FF000004FF0C4
:101AF800004CB6E711F4801F04BF01430020B4F185
:101B0800FD0C88BFBCF5E06F3FF6AFAEB5EB030C3C
:101B180004BFB6EB020C5FEA500C50F1000041EB39
:101B2800045170BD0EF0004E4EEA113114EB5C0406
:101B3800C2BFD4EB0C0541EA045170BD41F48011D9
:101B48004FF0000E013C90E645EA060E8DE60CEAE1
:101B5800135594EA0C0F08BF95EA0C0F3FF43BAFFE
:101B680094EA0C0F0AD150EA01347FF434AF95EAB5
:101B78000C0F7FF425AF104619462CE795EA0C0F99
:101B880006D152EA03353FF4FDAE1046194622E766
:101B980050EA410618BF52EA43067FF4C5AE50EA40
:101BA80041047FF40DAF52EA43057FF4EBAE12E730
:101BB8004FF0FF3C06E000BF4FF0010C02E000BF11
:101BC8004FF0010C4DF804CD4FEA410C7FEA6C5CF4
:101BD8004FEA430C18BF7FEA6C5C1BD001B050EA97
:101BE800410C0CBF52EA430C91EA030F02BF90EA82
:101BF800020F0020704710F1000F91EA030F58BF41
:101C0800994208BF90422CBFD8176FEAE37040F0A2
:101C1800010070474FEA410C7FEA6C5C02D150EA40
:101C2800013C07D14FEA430C7FEA6C5CD6D152EAFB
:101C3800033CD3D05DF8040B704700BF84461046C0
:101C480062468C461946634600E000BF01B5FFF7BF
:101C5800B7FF002848BF10F1000F01BD4DF808ED8F
:101C6800FFF7F4FF0CBF012000205DF808FB00BF60
:101C78004DF808EDFFF7EAFF34BF012000205DF8BA
:101C880008FB00BF4DF808EDFFF7E0FF94BF012007
:101C980000205DF808FB00BF4DF808EDFFF7CEFF08
:101CA80094BF012000205DF808FB00BF4DF808ED47
:101CB800FFF7C4FF34BF012000205DF808FB00BF18
:101CC8004FEA410C7FEA6C5C02D150EA013C0AD130
:101CD8004FEA430C7FEA6C5C02D152EA033C02D122
:101CE8004FF0000070474FF0010070474FEA410283
:101CF800B2F1E04324BFB3F5001CDCF1FE5C0DD962
:101D080001F0004C4FEAC0024CEA5070B2F1004FAB
:101D180040EB830008BF20F00100704711F0804FAE
:101D280021D113F13872BCBF01F00040704741F473
:101D380080114FEA5252C2F11802C2F1200C10FA77
:101D48000CF320FA02F018BF40F001004FEAC1235B
:101D58004FEAD32303FA0CFC40EA0C0023FA02F3FF
:101D68004FEA4303CCE77FEA625307D150EA0133D5
:101D78001EBF4FF0FE4040F44000704701F00040A5
:101D880040F0FE4040F40000704700BF53B94AB924
:101D9800002908BF00281CBF4FF0FF314FF0FF306B
:101DA80000F06EB9ADF1080C6DE904CE00F006F84C
:101DB800DDF804E0DDE9022304B070472DE9F047BF
:101DC800089D04468C46002B40F083808A421746C3
:101DD80047D9B2FA82F242B1C2F1200024FA00F0E7
:101DE8009140974040EA010C94404FEA1748230C71
:101DF800BCFBF8F61FFA87FE08FB16C143EA01434D
:101E080006FB0EF1994209D9FB1806F1FF3080F064
:101E18001981994240F21681023E3B445B1AA4B2F2
:101E2800B3FBF8F008FB103344EA034400FB0EFE52
:101E3800A64509D93C1900F1FF3380F00581A64574
:101E480040F2028102383C4440EA0640A4EB0E040A
:101E580000261DB1D4400023C5E900433146BDE842
:101E6800F08702B9FFDEB2FA82F2002A50D1CB1B0A
:101E78004FEA174E1FFA87F80126B3FBFEFC210C28
:101E88000EFB1C3341EA034108FB0CF38B4207D9D4
:101E980079180CF1FF3002D28B4200F2E9808446B7
:101EA800C91AA3B2B1FBFEF00EFB101143EA0144BC
:101EB80008FB00F8A04507D93C1900F1FF3302D20E
:101EC800A04500F2D9801846A4EB080440EA0C406B
:101ED800BFE78B4209D9002D00F0B1800026C5E983
:101EE800000130463146BDE8F087B3FA83F6002E8C
:101EF8004AD18B4202D3824200F2B880841A61EB45
:101F0800030101208C46002DA8D0C5E9004CA5E7A7
:101F1800C2F1200320FA03F6974001FA02F04FEAD3
:101F2800174ED9403043030CB1FBFEF61FFA87F871
:101F38000EFB161143EA014306FB08F1994204FA25
:101F480002F409D9FB1806F1FF3C80F08D80994214
:101F580040F28A80023E3B445B1A81B2B3FBFEF03A
:101F68000EFB103341EA034100FB08F38B4207D90B
:101F7800791800F1FF3C73D28B4271D90238394489
:101F8800CB1A40EA064678E7C6F1200C03FA06F4B5
:101F980022FA0CF31C4320FA0CF701FA06F34FEA75
:101FA800144E21FA0CF11F433B0CB1FBFEF91FFA4A
:101FB80084F80EFB191143EA014109FB08FA8A4526
:101FC80002FA06F200FA06F308D9611809F1FF309F
:101FD80048D28A4546D9A9F102092144A1EB0A0150
:101FE800BFB2B1FBFEF00EFB101147EA014700FB40
:101FF80008F8B84507D9E71900F1FF312ED2B845DE
:102008002CD90238274440EA0940A7EB0807A0FB6F
:1020180002894F45C64649461AD317D05DB1B3EB7E
:102028000E0267EB010707FA0CFCF2404CEA0202C9
:10203800F740C5E9002700263146BDE8F0872E465F
:1020480028460BE70646E9E61846FDE64345E5D28D
:10205800B8EB020E69EB04010138DFE70846D2E766
:1020680060468DE78146B9E7664675E730464AE738
:10207800ACF1020C394413E702383C4424E700BFB2
:10208800704700BF014B1868704700BF040C002060
:10209800F0B4860746D0541E002A3CD0CAB2034684
:1020A80002E014F1FF3436D303F8012B9D07F8D171
:1020B800032C29D9CDB245EA05250F2C45EA05455B
:1020C80033D9A4F11006360903F1200707EB0617E8
:1020D80003F1100242E9045542E902551032BA42AE
:1020E800F8D1721C14F00C0F03EB021204F00F0667
:1020F80013D0331F23F003030433134442F8045B63
:102108009342FBD106F003042CB1C9B21C4403F876
:10211800011B9C42FBD1F0BC704734461346002C8F
:10212800F3D1F8E714460346C2E71A462646E0E725
:10213800844641EA000313F003036DD1403A41D3CA
:1021480051F8043B40F8043B51F8043B40F8043B89
:1021580051F8043B40F8043B51F8043B40F8043B79
:1021680051F8043B40F8043B51F8043B40F8043B69
:1021780051F8043B40F8043B51F8043B40F8043B59
:1021880051F8043B40F8043B51F8043B40F8043B49
:1021980051F8043B40F8043B51F8043B40F8043B39
:1021A80051F8043B40F8043B51F8043B40F8043B29
:1021B80051F8043B40F8043B51F8043B40F8043B19
:1021C800403ABDD2303211D351F8043B40F8043BB9
:1021D80051F8043B40F8043B51F8043B40F8043BF9
:1021E80051F8043B40F8043B103AEDD20C3205D3C9
:1021F80051F8043B40F8043B043AF9D2043208D0C1
:10220800D2071CBF11F8013B00F8013B01D30B8832
:1022180003806046704700BF082A13D38B078DD010
:1022280010F003038AD0C3F10403D21ADB071CBFE2
:1022380011F8013B00F8013B80D331F8023B20F84C
:10224800023B7BE7043AD9D3013A11F8013B00F885
:10225800013BF9D20B7803704B7843708B7883700D
:10226800604670472DE9F04F8BB0814616469DF8C1
:1022780050E01598DDE917521C460BB922F0100200
:1022880012F4806A00D00CB312F0200F27460DF12B
:1022980008084FF0000414BF4FF0370B4FF0570BEE
:1022A800B7FBF0FC00FB1C7C5FFA8CF3BCF1090F58
:1022B80094BF30335B44DBB2874208F8013BB7FB7D
:1022C800F0F304F1010401D3202C10D112F0020B19
:1022D8001ED102F001033DB133B1BEF1000F02D1AE
:1022E80012F00C0F00D0013D4FF0300C05E01F46F6
:1022F800D6E702AF07F804C00134169FA74201D9F8
:10230800202CF6D130271BB1A54201D91F2C4AD960
:10231800D70620D5BAF1000F4CD1002C4AD0169B15
:10232800A34201D0AC4245D1631E42D010284BD104
:10233800023C93064AD41F2C18D80AAB23447820B1
:1023480003F8200C01341F2C10D80AAB234430208A
:1023580003F8200C01341F2C08D8BEF1000F3BD025
:102368000AAB23442D2003F8200C0134930750D0E6
:102378003746A24604EB0708A8EB0A02BAF1000F99
:102388004BD1BBF1000F0AD0A8EB06073C46AC4284
:1023980006EB04024CD32E44BD4228BFB04640464B
:1023A8000BB0BDE8F08F0DF1080C0CF80470013487
:1023B800A9E71C461028BCD00228C4D11F2CD5D8A8
:1023C8000AAB23446220BBE71C46F5E71F2CCDD897
:1023D8000AAB23445820B3E7570703D50AAB234475
:1023E8002B20C0E71007C1D50AAB23442020BAE749
:1023F8004FF0FF3320200191C84701990137BD42B2
:1024080008EB0702F4D82F1BA54238BF0027374432
:10241800AFE72746A6EB0408F1E70AF1FF3A02A85E
:102428004FF0FF3310F80A000191C8470199A1E75E
:102438004FF0FF33202001910134C8470199A6E7E6
:10244800C3680122DA625A6100225A621A6142683C
:1024580052681AB1DA6842F00102DA6085221A601D
:10246800704700000C4B1B7893B10C4A013B5BB2E0
:102478000C2101FB032393ED010AB5EEC00AF1EE2E
:1024880010FA05D9064B1B7823B9064A1370704712
:102498009FED050A704700BF741D00203C210020F5
:1024A8009C21002026200020000000004B6843608B
:1024B8008B688360CB68C3600B6943614B690362B7
:1024C8008B6943620B6803607047000000EB81036F
:1024D80070B5DD682B6803F00303032B5AD0002B7B
:1024E8000CBF4FF4007300232F4A146D6A6904F17E
:1024F800804404F5C04404EB01146AB10022626010
:102508002A8AD0F88460013222F001023244C0F8ED
:10251800842043F020032660AA69C2B16D8A3E2D4B
:1025280005F1FF3239D942F01F02204E0132521113
:1025380046EA822292B2E260D0F88420013525F082
:1025480001051544C0F8845043F40053A2608A0082
:1025580002F1804202F5B84210684404106848BF8E
:1025680043F48043400648BF43F04003194321F435
:10257800784148F2800021F0F001014323F4F1632F
:10258800116023F0070311685B045B0C4B400343A5
:10259800136070BD4FF4C063A6E742F00102013238
:1025A800520202F47C42C6E7005C00400080FFFF54
:1025B8000B4B0C480021802219655964DA64426883
:1025C800D2688A420CBF4FF41C424FF41E421A6470
:1025D8004023C0F88430044BC360FFF777BF00BFC7
:1025E800005C00408C1A0020B49600080E4BDA6993
:1025F80042F40002DA610D4ADB69012313640C4BD3
:10260800D02183F84A134FF48061C3F88811996088
:10261800E02183F84B134FF40061C3F888119960E7
:1026280000231364FFF7C4BF00100240005C0040A1
:1026380000E100E00C4B1B6D03F1804303F5C04340
:1026480003EB001011440368426003F1005303F5E3
:1026580040535B00002AA1EB020000DC70470088B1
:1026680043F8040B023AF5E7005C0040C3681969B7
:10267800DA680A40D1B2C943D20719610FD5027886
:10268800042A08D10222027000221A601A61DA684C
:1026980022F0FF02DA6043685B6803B118477047AD
:1026A8002DE9F74FD30902F00308C2F3411E019345
:1026B800474600224FF001094FF0030A4FF00F0B75
:1026C800CB0732D5019C02F007039B0004FA03FCF8
:1026D800446809FA02F524EA05044460856856004E
:1026E8000AFA06F625EA06058560C56825EA06059C
:1026F80045EA0E050BFA03F3B8F1020F6FEA060478
:10270800C5606FEA030317D1072A95BF056A456AB2
:102718002B402B4095BF43EA0C0343EA0C030362AA
:10272800436203681C403C430460490816D04FEAE2
:102738008E0EBF000132C3E705682C403C43072AD0
:10274800046095BF046A446A2340234095BF43EA66
:102758000C0343EA0C0303624362E6E703B0BDE8F7
:10276800F08F000010B40468437B21684268D940A8
:10277800126801F00E010A420FD0827B01FA03F3BE
:1027880063600132064B53F8324034B103EBC203A5
:10279800586823465DF8044B18475DF8044B7047AA
:1027A8008C1F0020F0B5C46A6268136823F00F0319
:1027B8001360617B22680E238B405360224AA37BFF
:1027C80015685168012606FA03F721EA070125EA88
:1027D8000705A7685160394015600DD1E77B07F000
:1027E8001F044FEA571CA6400CF1200C174C44F864
:1027F8002C603C4484F800130133002142F8331064
:1028080002EBC3026B06516005D1114B5A6922F0E5
:1028180001025A615B6915F4786F05D10C4B5A694E
:1028280022F002025A615B69816A0C68CA68896889
:102838000023C36223681A4003695B6843F00103FD
:102848008B4013432360F0BD8C1F002000E100E0A3
:10285800001002402DE9F047D0F804E0C368DEF824
:1028680000505D43836A1A690B2A00F29780544C22
:10287800012127689140394240F09080DFF8488173
:10288800DFF848A1D3F818904FEA021C08EB0216AB
:1028980001320F4344F832A004EBC20211F07F0F5B
:1028A80027605060474607D0464AD2F8148048F05F
:1028B8000108C2F81480526911F4786F07D0414AB0
:1028C800D2F8148048F00208C2F814805269D4F88B
:1028D800048007EB0C0ADAF8082018EA020F1BD16B
:1028E8009AF80F2002F1604A0AF5614A4FEA09197D
:1028F8005FFA89F98AF8009302F01F0952099200D9
:1029080002F1604202F561424FF0010A0AFA09F940
:10291800C2F88091C2F8009041EA0801616007EBB3
:102928000C0457F80C706268647B116821F00F0181
:1029380011600E21A1407960002111600469C6620E
:10294800A278012A2CD0022A2ED02ABB1A687168D4
:1029580008325F6802EB87028A605A6942F4A06213
:1029680071688068C86042F00E024D600A600A68AB
:102978001868DEF80C5042F001020A600268D96853
:102988009B681140626842EAC50242F4805242F0F4
:1029980005029A400A430260BDE8F0870026CDE7A9
:1029A8001A6871680C32D4E71A685F687168103267
:1029B80002EB870201358A606D085A69D0E700BFCB
:1029C8008C1F002000100240B4900008692F0008F6
:1029D80003699B78012B0CD0022B11D0B3B9806A04
:1029E800036821B90833416843F8212070475A61C8
:1029F8007047806A036809B90C33F4E79A61704735
:102A0800806A036809B91033EDE7DA61704700009E
:102A1800124B984208BF124B70B408BFDA69846A37
:102A28000569266804BF42F00052DA61E26808BF0F
:102A3800DB693368A46802EA03026B6843F00103A8
:102A480003FA04F343EA020333602A8808BF01212A
:102A580070BC18BF0021FFF7BBBF00BF2C120020BD
:102A68000010024038B50C46012511460289A540E0
:102A78001543058100EB84000025C2685069128A5D
:102A880003609A4228BF1A4681604560C5600261AA
:102A98002046A40004F1804404F5B844FFF7CAFDB9
:102AA800236823F4F04323F0400383F0300343F416
:102AB800004343F08003236038BD000010B590F850
:102AC8006430142B044636D024D8062B05D001D800
:102AD8001BB110BD093B022BFBD81D490B6823F421
:102AE800F04323F0400383F0100248F280000243D1
:102AF8000A600B6823F4904323F0700383F4805337
:102B080003430B6063681B6813B10621204698478E
:102B1800062319E0152BDCD10B2380F86430202321
:102B280083F3118800231A461946FFF79BFF0023F9
:102B380083F31188CDE7C3689B695B68002BC8D114
:102B4800036F03B19847002384F86430C1E700BFDE
:102B5800005C004070B54689012404FA01F535434C
:102B6800458100EB8100C568A86982600022036086
:102B78004260C2602BB16A8A013B1344B3FBF2F393
:102B88009CB2890001F1804101F5B84104820B68CB
:102B980023F4904323F0700383F4405343F4004339
:102BA80043F080030B6070BD38B590F8643004467C
:102BB800002B42D0063BDAB20F2A38D80F2B36D872
:102BC800DFE803F03B3535082636353535353535FC
:102BD80035353B3B90F87B1090F87A20C36E42EA7B
:102BE8000122934214D2C268128AB3FBF2F502FBA7
:102BF80015356DB9202383F311882B462A462946BB
:102C0800FFF730FF85F311880A2384F864300EE05B
:102C1800142384F86430202383F3118800231A4690
:102C280019462046FFF796FF002383F3118838BD25
:102C3800036F03B198470023E7E70E490B6823F4B5
:102C4800F04323F0400383F0100248F2800002436F
:102C58000A600B6823F4904323F0700383F48053D5
:102C680003430B6063681B6813B10621204698472D
:102C78000623CAE7005C004090F87630074A80F8DF
:102C88007E3043F0800310B5D36443681B68044664
:102C98000BB1012198470323237010BD005C00404D
:102CA800202383F3118802230370C36800221A606B
:102CB8001A61D96821F0FF01D96082F31188704741
:102CC80030B5202383F3118803784160012B1CD190
:102CD800324B98422FD1324BDA6942F01002DA6156
:102CE800DA691A6942F010021A611A6922F01002B0
:102CF8001A611B692B4B702283F836234FF480022C
:102D0800C3F884215A60284B83600A688368B3FB40
:102D1800F2F3C2688D68013B00249BB214605560D1
:102D28009362CB68146123F0FF03D360022303701E
:102D380084F3118830BD1D4B984218D01C4B984223
:102D4800E3D1174B9A6942F400529A619A69DA689A
:102D580042F40052DA60DA6822F40052DA60DB6882
:102D6800104B702283F82C234FF48052C8E70C4B89
:102D7800DA6942F02002DA61DA691A6942F020025F
:102D88001A611A6922F020021A611B69054B702228
:102D980083F837234FF40002B2E700BF5C1A002023
:102DA8000010024000E100E000A24A046C1A002072
:102DB8007C1A002003691960C268013AC260C269BE
:102DC800134482690361934224BF436A0361002369
:102DD8008362036B03B118477047D0E904239A4212
:102DE80001D1C26822B9184650F8043B0B607047FD
:102DF80000207047C368C269013BC360436913443C
:102E080082694361934224BF436A4361002383621A
:102E1800036B03B118477047202383F31188104BC5
:102E28005B6813F4006317D0F1EE103AEFF30983EF
:102E3800683B4FF08072DA610A4AD2681A6683F3F7
:102E48000988094A116892698968926891428CBF19
:102E5800064A074A9A61704783F31188704700BF92
:102E680000ED00E030EF00E0781D0020830300084B
:102E7800860300080D4A0E4B516FC2685B68013229
:102E880030B5C260D0E9044582685B1A9B1A426873
:102E98008360E41845F100059342026888BF4360E7
:102EA8009342C0E9044538BF036030BD781D002057
:102EB800001000E0014B5B6883607047001000E081
:102EC800002380F820308268054B1B68996891427E
:102ED800FBD25A680360426010605860704700BFB8
:102EE800781D002038B504466FF00105206884423B
:102EF80000D138BD036823605C604562FFF7E0FFDE
:102F0800F4E7F8B5046805460E460027AC4200D140
:102F1800F8BDE3683343E36023691E420BD0D4E96C
:102F28000103426B134390F8202043630A2A04D11B
:102F3800426A134207D12468E8E70B2AFBD1426AA8
:102F480032EA0303F7D14762FFF7BAFFF3E70368F2
:102F58002BB10022026059621846FFF7B1BF7047D3
:102F680038B50D46290704461DD5FFF71BFCFFF7AA
:102F780019FC43689B6843B10522027000219847F9
:102F88002378052B04BF02232370002565602023C6
:102F980083F311884FF0FF3104F11400FFF7D7FFD6
:102FA80085F3118838BD6A0703D543685B6803B1A8
:102FB8009847AB07F6D563685B68002BF2D004220C
:102FC8002270204698472378042B04BF03232370DC
:102FD800E8E70000F8B590F86430044613B1002320
:102FE80080F86430BF4B1B6D03F1804303F5C04389
:102FF80003EB011104F174008B6803F1005303F52E
:1030080040535B0003F1100219460433096820F8A5
:10301800021B9342F8D163689B681BBB94F8743019
:1030280013F0600546D0AF490B6823F4F04323F052
:10303800400383F0100248F2800002430A600B68E4
:1030480023F4904323F0700383F4805303430B600D
:1030580063681B6813B1062120469847062384F845
:103068006430F8BD204698470028D7D094F87B20D4
:1030780094F87A3043EA0223E26E9A4288BFE36604
:1030880094F97430E56E002B4FF0200380F26481D0
:10309800002D00F05381092284F8642083F31188FD
:1030A8000021D4E91A232046FFF7DCFC002383F330
:1030B8001188D6E794F8752003F07F0343EA0223CA
:1030C80040F20232934200F0178121D8B3F5807F95
:1030D8004ED00DD8012B45D0022B00F0B680002B26
:1030E800A1D104F17C02A2660222E2662367BDE751
:1030F800B3F5817F00F0C380B3F5407F93D194F896
:103108007630012B8FD1B4F87C3043F0020338E0DD
:10311800B3F5006F3FD01DD8B3F5A06F37D0A3F536
:10312800C063012B3FF67FAF94F87920616894F86B
:1031380078304E6894F8771043EA0223204694F8D2
:103148007620B04700283FF46EAF4368A366036853
:10315800E3661AE0B3F5106F22D040F602429342BC
:103168007FF461AF604BA3660223E3660023BDE7EB
:1031780094F87630012B7FF456AFB4F87C3023F006
:103188000203C4E91A55A4F87C3025676EE7C4E940
:103198001A55564BAAE704F17F03A3660123D7E724
:1031A8002378042B40D1202383F31188A36803F0EC
:1031B8000113A36004F1100604F12C0756F8043B30
:1031C8007BB1586920B16FF001010C30FFF7BFFEE9
:1031D80056F8043C986920B16FF001010C30FFF7F4
:1031E800B6FEB74246F8045CE8D14023C4F8843000
:1031F800012248F28000930003F1804303F5B843AD
:1032080001321968082A41EA000119601860F2D1F0
:10321800002383F31188032184F87F3063682170C9
:103228001B680BB12046984794F876304BB184F868
:103238007F300423237063681B6813B10221204682
:1032480098470023C4E91A3350E794F8783003F01C
:103258000F0213F0800F234B53F8223008D013F0DD
:1032680030033FF4E0AE102B14BF214B214B7AE71B
:1032780013F440533FF4D7AEB3F5805FF4E794F806
:103288007630002B7FF4CFAE94F8782012F00F033D
:10329800D7D01BB29B0003F1804303F5B84312F06B
:1032A800800F1A680DD002F03002302AC9D01A688F
:1032B80022F4F04222F0400282F0200242F400425E
:1032C8000BE002F44052B2F5405FBAD01A6822F41B
:1032D800F04222F0400242F4204242F080021A609A
:1032E800AFE700BF005C00402C9B0008812C000861
:1032F800749100088097000894F87630002B7FF4CA
:1033080092AE94F8782012F00F039AD01BB29B006B
:1033180003F1804303F5B84312F0800F1A6806D012
:1033280022F4F04222F0400282F01002C6E722F4B2
:10333800904222F0700282F48052BFE7142284F88F
:10334800642083F311882B462A4629462046FFF736
:1033580001FC85F3118884E65DB1152284F86420A8
:1033680083F311880021D4E91A232046FFF7F2FBE2
:103378009CE60B2284F8642083F311882B462A46A6
:1033880029462046FFF76EFBE3E700BF08B5202378
:1033980083F3118890F820200023072A07D8DFE854
:1033A80002F00C060604130F0613426A13604FF06E
:1033B800FF334362FFF784FD002383F3118808BDC0
:1033C800426A936801339360D0E9003213605A600F
:1033D800EDE700001A4902680B4610B553F81C4F78
:1033E80084420DD041680A60026851609A424FF0E9
:1033F8000001C16003D0936881680B44936010BDDD
:1034080000209A42CA615360E06003D14FF08043C4
:10341800D860F4E79368A068896A034493604FF022
:103428008042526A501A8342E9D98A1A1A44012AF8
:1034380098BF831C4FF080420B445363DFE700BF03
:10344800781D0020C0E90323294A2DE9F0411446DC
:10345800022954F81C3F4FF0804738BF0221A3428D
:103468007E6A9446A6460DD1C2E907009662C0E975
:10347800003381600023314479633B610223FB60A0
:10348800BDE8F081956A741B09190A4626D31A46C5
:103498004FF0000803E0C2F808801268E41B976840
:1034A800BC42F8D8724505EB040818BF3C1BCCF8A1
:1034B800288018BF9460AA1B0A449968914213D3C4
:1034C80059680360416008605860826099688A1A88
:1034D8009A604FF0FF33CCF82430D1E799688A42DC
:1034E800EBD215447D63E8E71B68521AE5E700BF95
:1034F800781D002013B504460748C2680B461AB168
:103508000191FFF767FF019B044A0348214602B077
:10351800BDE81040FFF796BF40200020C1370008E3
:10352800FEE7000030B5202383F31188094C656855
:103538002368281A49420840821A9A424FF0000329
:1035480005D3954203D3626083F3118830BD1846D2
:10355800FAE700BF501F00207047704700EB810357
:103568002DE9F3419C6A05460E46002C33D02023F2
:1035780083F3118805EB86080821201DFFF7C1FC9D
:10358800D8F80C305B691B6804F14407ABB1236DB4
:10359800226E606C01332365A36D1344E26DA3654D
:1035A800934224BFA36EA365B84206D00368636440
:1035B8005F6000234362FFF783FC01A93846FFF7E9
:1035C8000CFC024650B1019B31462846FFF74AFAE7
:1035D800002383F3118802B0BDE8F081D8F80C30DD
:1035E8005A691268002AF3D01B8A013B1342EFD1B3
:1035F800E36F1B7E002BEBD105F17402E4E713B5F2
:10360800446BE36F1A681178042915D1217A0229CD
:1036180012D11979128901238B4013420CD101A9C7
:1036280004F14400FFF7D9FB024628B1E46F019B7F
:1036380021792068FFF716FA02B010BD38B5C16FBE
:103648000C682378042B18D1037A022B15D10A7938
:103658006589012303FA02F22A420ED1D0E907252F
:10366800AA4201D1856955B9836A49792046043B44
:103678000432FFF76FFA002038BD0120FCE7184636
:10368800FAE7113110B550F82140002C2DD0202335
:1036980083F3118804216018FFF733FCE26FE068B8
:1036A8001368527903EB820304F10C01DB689B6910
:1036B8005A68E3691A60A2690132A261A26A1344D6
:1036C800626AE361934224BF236BE361814206D0BF
:1036D8000368E360596000234362FFF7F1FB20466B
:1036E800FFF7ACFF002383F3118810BD406BFFF791
:1036F800A5BF80B2400000F1006000F57830007886
:103708007047000037B50C4C8DF8070023780B483C
:10371800002B50F8D43F4FF00102DD690DF107018D
:103728000CBF4FF4FA730023A847B0FA80F35B0983
:1037380040B2237003B030BD38210020000D0020B6
:1037480013B5202383F31188094C2178042904D068
:10375800002383F3118802B010BDADF805000323E0
:1037680001AA20468DF80410FFF77CF9F0E700BFA6
:103778008C1A002013B5202383F31188094C217873
:10378800042904D0002383F3118802B010BD032359
:10379800ADF8050001AA20468DF80430FFF762F95C
:1037A800F0E700BF8C1A002070470000014B187822
:1037B800704700BF5420002070B52023064683F3CD
:1037C80011880378042B03D0002383F3118870BD7C
:1037D800144B1B78DB09F7D1134C2278002AF3D05D
:1037E800124B1B78002BEFD003899B0704D4104A97
:1037F80008230121FFF736F90E4B247840F2E73011
:10380800A4FB034520184FF000014FF47A724FF0E3
:10381800000345EB0101FEF7B9FA31468000FFF7D6
:1038280069FED1E7762000203C200020F40F00201C
:1038380055200020A0860100F8B590F8743003F0F8
:103848007F02212A044672D113F0800F90F8750088
:103858001FD0022817D003280BD0012867D194F86D
:103868007830002B56D14D4AA2662022E2662367A3
:1038780008E0B4F87820002A59D10120C4E91B02D5
:10388800474BA366F8BD474BA3660120E0660023BB
:10389800EDE70A2842D00B280ED0092847D194F822
:1038A800782012F0FD0F42D13F4BA3660223E36656
:1038B8003E4B23670120E5E7B4F8783053BB94F812
:1038C8007650374B002D14BF012100211970384B59
:1038D8001A7861F3C7121A701CD1324B1A78CAB120
:1038E800202282F311881E78324B40F2E730A6FB83
:1038F800036730184FF000014FF47A724FF000035D
:1039080047EB0101FEF742FA21468000FFF7F2FD7E
:1039180085F311880023C4E91A33CAE72449214BE7
:103928000D7894F877201A70ED09F3D1D7E7B4F839
:10393800741040F28162914208D01F4A92F8B61082
:10394800D1B992F80A22BAB900209BE794F87920F5
:10395800616894F878304D6894F8771043EA022348
:10396800204694F87620A8470028EDD04368A3663F
:103978000368E36600239CE703F06003202BE3D190
:1039880094F87530212B05D81F2BDDD90B4BA36676
:103998000723EEE7222BBDD0D6E700BF5520002035
:1039A800F40F00203C200020E4200020C939000842
:1039B80076200020A0860100000D0020F50F0020D1
:1039C80090F87A10074A0229137807D103F0FB030D
:1039D800012B05D1044B52781A707047024A1370B4
:1039E800704700BFE42000205420002010B5084A8A
:1039F800084C117824784B1C03F00F039C421DBF20
:103A0800054C13706054002018BF012010BD00BF82
:103A180024200020252000201420002042EA012232
:103A2800110A032910B214D00CD8012929D002296F
:103A38000CD1154A7B231548002AC0E9003208BF7B
:103A48001046704721290DD0222912D000231A468A
:103A5800F1E7C3B2022BF9D80D4A52F823201B0113
:103A68000433E8E7032BF1D80A4A52F82320092344
:103A7800E1E7032BEAD8084A084952F82320CB5C2F
:103A8800D9E7074A1223D6E7AA8E0008841F002028
:103A98004C8E0008588E0008688E0008788E000842
:103AA800478F00080020704710B1024B1B68184769
:103AB800704700BFA80F0020074B084A1A60BFF3E1
:103AC8004F8F0749074BCA6802F4E0621343CB6083
:103AD800BFF34F8F00BFFDE7FC9F0020EFBEADDEB8
:103AE80000ED00E00400FA0538B5202383F31188BF
:103AF8004FF08043596A002383F31188074B084C21
:103B08001B68084AC91A4FF47A700025E0FB014582
:103B1800002320462946FEF739F938BDDC2000206D
:103B28009F860100A0860100024B1A780AB1002284
:103B38001A707047CE200020C0F3072300EBC303A0
:103B48000B4AC3F3C40313B503EB8303002100F04E
:103B580007041344084613F8012BE24002F001025F
:103B68008A40013110430529C0B2F4D102B010BD1A
:103B7800FC200020C0F3072337B500EBC303012264
:103B880000F007008240C3F3C4000A4B00EB80003A
:103B9800D2B218440024057821FA04F343F3000351
:103BA8006B40134001346B40052C00F8013BF2D107
:103BB80003B030BDFC200020054B064A1B78127864
:103BC8009A4200D17047013303F00703F8E700BFBA
:103BD800DF210020DE210020054A1188814205D01E
:103BE800044B10801B680BB11B691847704700BF56
:103BF80078200020F41F0020054A1188814205D052
:103C0800044B10801B680BB1DB681847704700BF76
:103C18007A200020F41F0020024B186808B10368BE
:103C280018477047F41F0020520002EB0111A02230
:103C380002FB001208B502F12700FFF75AFD030244
:103C480002F128009BB2FFF754FD184380B208BD6B
:103C580082B00328ADF804100AD89DF80510092988
:103C680006D89DF80420072A02D802B0FFF7DCBF67
:103C7800002002B0704700000B4BDA68D0070CD464
:103C8800DA6851070BD4DA68D2060AD4D86800F08B
:103C98000100C0F10500C0B2704701207047022042
:103CA80070470320704700BF0020024073B50446E8
:103CB800FFF7E2FF0025FF2601280FD114B90620DF
:103CC80002B070BD01950196019B1BB9FFF7D4FFA7
:103CD800013CF1E7019B013B0193F5E7002C08BF8C
:103CE8000620EDE710B50B4C236943F0020323616E
:103CF8006061236943F04003236140F6FF70FFF7DA
:103D0800D5FF06281EBF236923F00203236134234D
:103D1800E36010BD0020024070B505461F200E4626
:103D2800FFF7C4FF052810D1084C236943F00103AD
:103D380023611F202E80FFF7B9FF06281EBF2369C5
:103D480023F0010323613423E36070BD00200240A7
:103D5800B0F5805F2DE9F041884602D30020BDE828
:103D6800F081450005F1006404F578344FF6FF72E0
:103D780023889BB293424FEAA02604D12046FFF73E
:103D8800CBFF80B2EBE7F602154F06F1006606F5A9
:103D980078364FF4006231463846FEF7C9F9237881
:103DA8009845DBD040F2FE70284007F8008040F6C6
:103DB800FF70FFF77BFF052802D13046FFF792FF1F
:103DC8000024395D61F0FF014B1C03D089B2301922
:103DD800FFF7A2FF0234B4F5006FF2D1D1E700BFBC
:103DE8005C120020F8B585B26E1CB6B26B0072008A
:103DF80003F1006302F1006203F5783302F57832CB
:103E0800AC1CA4B219781078620002F1006202F5C5
:103E18007832EF1CBFB213787A0002F1006202F523
:103E280078321B04127843EA00230B4353EA0263F7
:103E380011D000212846FFF78BFF00213046FFF7FD
:103E480087FF00212046FFF783FF38460021BDE8A1
:103E5800F840FFF77DBFF8BD10B540F2A724A0B227
:103E680000210134FFF774FFB4F5806FF7D110BD5E
:103E78002DE9F74FDFF8608000264FF0A0093501E3
:103E8800474618E03BF8023B0193190A2046FFF722
:103E98005FFF019B601CD9B280B20AF1010AFFF7EB
:103EA80057FF0234BAF1080FA4B2EBD11035A94577
:103EB80007F1100706D005F12704A4B2BB464FF05E
:103EC800000ADFE70A36282E09F1A00908F1A00840
:103ED800D5D103B0BDE8F08FA897000810B5042429
:103EE80040F6FF70FFF7E2FE052808D1C4EB445006
:103EF800C00200F1006000F58020FFF7F3FE013CEE
:103F0800EED110BD10B5FFF7E9FFEA210020FFF759
:103F18001FFFFE210120FFF71BFF00210220FFF7F2
:103F280017FF002103200024FFF712FF1C4B214636
:103F380004201C60FFF70CFF21462220FFF708FF32
:103F480021460520FFF704FF21460620FFF700FF62
:103F5800FF210720FFF7FCFE0820FFF743FF21465B
:103F68000D20FFF7F5FE1820FFF73CFF214617202C
:103F7800FFF7EEFE1C20FFF735FF21462020FFF754
:103F8800E7FE21462120FFF7E3FE1820FFF72AFF6E
:103F98000F20FFF727FFBDE810401320FFF722BFCF
:103FA8007C1F0020364BF02893F902200AD193F9A0
:103FB800031000290CDA0021D97052B9314A0021C6
:103FC800117006E0F1280DD193F903100029F2DCF5
:103FD80072B11A795B7913435AB2002B4FD12A4B2D
:103FE8001A707047F22806D1002AF1DA00229A7076
:103FF80093F90320E1E7F32802D1002AF6DCE7E78A
:10400800F92893F9041004D10029E1DD0021197180
:10401800DEE7FA2802D10029DADAF7E7FB2893F974
:10402800051004D10029D3DA00215971D0E7FC2802
:1040380002D10029F8DCCBE700F10C01C9B2042950
:1040480007D8F43801218140587820EA01005870D7
:10405800BEE7FD2805D10D48017821F00101017066
:10406800B6E7FE2804D10948017821F00201F6E7F5
:10407800FF28ADD10548017821F00401EFE770472A
:10408800A1200020A8200020A9200020A72000208F
:104098000F4B1B78D90710D49A0710D45B0712D49A
:1040A8000C4B1B786BB1272B0DD8DB002822B3FBF8
:1040B800F2F398B24BB1C0B270470220FBE704207C
:1040C800F9E70120F7E70820F5E70120704700BF6E
:1040D800A7200020A92000200E4B1B78D90711D457
:1040E8009A0711D45B0711D40B4B1B7883B1132BA0
:1040F8004FF0320004D813FB00F31420B3FBF0F0A8
:10410800C0B270470C20FBE71920F9E73220F7E727
:104118000520F5E7A7200020A8200020F02808B5F2
:1041280005D1FFF7D9FF4042294BD87008BDF128C7
:1041380002D1FFF7D1FFF7E7F22805D1FFF7CCFF4F
:104148004042234B9870F1E7F32802D1FFF7C4FFF0
:10415800F7E7F92804D1FFF79BFF1D4B1871E5E736
:10416800FA2803D1FFF794FF4042F6E7FB2805D170
:10417800FFF78EFF4042164B5871D7E7FC2802D153
:10418800FFF786FFF7E700F10C03DBB2042B08D832
:104198000F4A0123F43803FA00F05378184350709B
:1041A800C4E7FD2805D10B4A137843F001031370C7
:1041B800BCE7FE2804D1074A137843F00203F6E768
:1041C800FF28B3D1034A137843F00403EFE700BF95
:1041D800A1200020A720002007EE900AB8EE677AF9
:1041E800DFED087ADFED086A27EE277AC7EE267A30
:1041F8009FED067A67EE877AFCEEE77A17EE903A3B
:1042080098B27047000070420000F04500007A4400
:1042180008B5202282F31188012100F00F0399408C
:1042280020F00F00FEF73CFA002383F3118808BD45
:10423800294B1A78510707D500F01801082927D10A
:1042480000F0F70040F00400110707D500F018014E
:10425800182926D100F0E70040F014005B78D90750
:1042680007D500F01801082924D100F0F70040F024
:104278000100990707D500F01803182B23D100F087
:10428800E70040F01100D30648BF00F0E700704790
:1042980000F01401042904BF00F0FB0040F00800FE
:1042A800D2E700F01401142904BF00F0EB0040F03D
:1042B8001800D3E700F01101012904BF00F0FE0047
:1042C80040F00800D5E700F01103112B04BF00F0FF
:1042D800EE0040F01800D6E77620002013B5ADF8C0
:1042E80004100199FFF7B4FCE728044600F2868021
:1042F800DF280ED8312873D015D8292869D02A2864
:1043080075D0012C51D0231F9BB2A12B28BF0024AC
:104318004BE0A0F1E003072B73D8DFE803F0187235
:10432800282D3872424939280BD0822809D03528DF
:1043380048D0A72C6FD8A42CE3D9243C44F480445B
:104348008CE07C4B1B789807F3D0E0242DE0794A69
:104358001378D90700F1E880527812F0010F24D0C1
:1043680013F0100F08BFE32418BF00241DE0714BA1
:104378001B7813F0040FF2E76E4A1378580700F120
:10438800D5805278D107E0D413F0100FECE7694BD1
:104398005A78920709D51B7813F0100F08BFE72445
:1043A800E2E7644B1B781807F6D4204602B010BD2C
:1043B800604A1378190700F1BB8052789207E3D559
:1043C800E424F2E75B4B1B7813F0200F18BF292475
:1043D800EBE7584B1B7813F0200F18BF3524E4E7A0
:1043E800544B1B7813F0400F18BF2A24DDE7514BBC
:1043F8001B7813F0400F18BF3124D6E7B0F5A44F4F
:104408002ED2B4F5A24F76D2FF2C0BD8EF2C90D930
:1044180044F4A04422E0BE2C60D9A4F1E1039BB28D
:10442800072B73E7B4F5A04F0AD2B4F5804F5DD2DD
:10443800A4F580739BB2B3F5F85F0FD30024B4E7FB
:10444800C4F38103C4F3011204F003005B010124E7
:1044580043EA022384401C4344F40C44A4B2A4E776
:10446800B0F5AC4F1AD2B0F5AA4FC0B249D2B4F5E4
:10447800A84F0ED28308B4F5A64F00F003004FF002
:10448800010404FA00F040EA4314E5D344F40A4472
:10449800E4E74AF2F40444EA002486E7B0F5B44FAE
:1044A8000CD2B0F5B24F34D2A0F5B0439BB2FF2B7B
:1044B800C4D84AF2F00040EA0424CFE7A0F5C0438C
:1044C8009BB2B3F5005FB9D2C0F30420FFF7B0FE8A
:1044D800000200F4F850E4B2044317E05834164BD5
:1044E800E4B233F8144044F488445EE7C4F30B04A0
:1044F80044F4204459E7E4B24AF2F10343EA0424BD
:1045080053E7FFF795FE000200F4F85444F4005412
:104518004BE700F00F00FFF78BFEC4F3031440EAEB
:10452800042444F4104499E739243EE7E2243CE7A4
:10453800E6243AE7762000207C8E00080D4B73B500
:104548001E680D4BADF804001B681F241E4326FA95
:1045580004F3DB07E5B205D4013CF8D20025284670
:1045680002B070BD01992846FFF7B8FE80B2012855
:10457800F2D0F4E7842000207C1F002007B5ADF8B6
:1045880004000198FFF7DAFF019903B05DF804EB26
:10459800FFF7A4BE07B5ADF804000198FFF7EEFFDA
:1045A800C3B2C0F30322C0F3033002380D281DD86C
:1045B800DFE800F007071C1C161C1C1C07071A1C48
:1045C8001C1AF02B14D006D8E72B8CBF0020012032
:1045D80003B05DF804FBF42B14BF00200120F7E7BB
:1045E800E72B05D9F12BF7E7D008F1E70020EFE733
:1045F8000120EDE7030943EA0010C0B283008010F0
:1046080000F0330003F0CC03034358005B1003F0C1
:10461800550300F0AA001843704713B502AB03E92D
:1046280003009DF80230009873B16AB1FFF786FF66
:10463800044601460098FFF79DFA0099204602B00B
:10464800BDE81040FFF704BBFFF776FA0446F4E72D
:10465800124A10F0010F4FF4005114BF1183518317
:10466800C3B24FF0904113F0020F0C4A4FF0010013
:1046780015BF088348834FF480414FF4804114BF2D
:104688001183518313F0040F4FF090434FF480725D
:1046980014BF1A835A830120704700BF00040048E2
:1046A80070B500EB810305465069DA600E46144682
:1046B80018B114220021FDF7EBFCA06918B11422EF
:1046C8000021FDF7E5FC31462846BDE87040FDF7BE
:1046D800FDBE0000F8B50546052900F2A780DFE811
:1046E80001F0A9A525A9A603202686F31188694DFE
:1046F8000024012105F1D800FEF703FC85F8E84005
:1047080085F8204184F3118886F31188012105F585
:104718000B70FEF7F6FB85F83C4285F8744284F38B
:1047280011880520BDE8F840FFF760B9202383F31E
:104738001188584C584A0121FFF7B2FF574A042103
:104748002846FFF7ADFF94F8B41004F14402284658
:10475800FFF7A6FF94F8B51004F168022846FFF7A2
:104768009FFF94F8B61021B104F18C022846FFF798
:1047780097FFD4F804314A480026C4E93C33C4E919
:104788004266C4F8EC60FEF7ADFBD4F83831C4F8E3
:104798002431D4F83C31434884F8E860C4E94A330A
:1047A800C4E95066FEF79EFB01213F4884F820616A
:1047B800FEF7A7FB3D48FEF741FF3D4A94F8081273
:1047C8002846FFF76DFF94F809123A4A2846FFF782
:1047D80067FF94F80A1219B1374A2846FFF760FFB5
:1047E800D4F8583235480025C4E99133C4E99755BF
:1047F800C4F84052FEF776FBD4F88C32C4F878320D
:10480800D4F890322E4884F83C52C4E99F33C4E966
:10481800A555FEF767FB01212A4884F87452FEF774
:1048280070FB2948FEF70AFF85F31188F8BD0420BC
:10483800FFF7DCF8202787F31188164C022104F1D2
:10484800D8000125FEF75DFB04F1E00084F8E8508C
:10485800FEF748FB84F8205104F58C70FEF742FB04
:10486800002686F3118887F31188022104F50B705E
:10487800FEF747FB04F50D7084F83C52FEF732FB57
:1048880084F8745204F51B70FEF72CFB86F311882C
:10489800CCE700BF000D002084970008D09A0008DC
:1048A800E00D0020180E0020D80D0020D40D0020A7
:1048B800980E0020BC0E0020E00E0020340F0020CF
:1048C8006C0F00202C0F0020280F00202DE9F34743
:1048D800202383F31188324C0025264601274FF404
:1048E800AA78A946D4F850311A68117804294CD10D
:1048F80094F8DC10022948D11B79128907FA03F3CE
:10490800134242D1D4E94A3293423ED108FB0561B1
:10491800D1F82421002A38D0D4F84021002A34D0F4
:10492800043AD21A31D01A60D1F82421013AC1F8D8
:104938002421D4F83421C4F840911344D4F8302108
:10494800C4F82831934224BFD4F83C31C4F8283144
:1049580001A904F58C70FEF740FAD4F850311A7E9C
:10496800824652B101981A690021121A5044FDF783
:104978008FFBD4F850311B690193D4F85001019B87
:10498800017900685246FEF76DF804F5AA742DB156
:10499800002383F3118802B0BDE8F0870125A1E761
:1049A800000D0020094A1278831C4AB1084A92F97E
:1049B8000020002A04DA1E2200211846FDF768BBF1
:1049C8000022C0F802209A80704700BFF40F002030
:1049D8007620002030B4164C4162A36981689D6836
:1049E800A9420246214602D830BCFEF769BA002027
:1049F80083F82000204600688468A542FBD34468F9
:104A080018605C602360436001208A6182F820009E
:104A1800EFF30980DC696438844203D972B6054B28
:104A2800CB62FEE730BC19461046FBF791BC00BFCD
:104A3800781D0020248D000810B52023044683F338
:104A480011880378022B0CD0FDF7ACFE002302225C
:104A580043600270406920B163616FF00101FFF7A4
:104A6800B9FF002383F3118810BD000008B50E4874
:104A7800FEF716F90D48FFF7DFFF40F2FF7200213D
:104A88000A48FDF7A5FF0A48FEF70AF90948FFF7A3
:104A9800D3FF084840F2FF720021FDF799FFBDE8F7
:104AA80008400548FEF7FCB85C1A0020FC110020FD
:104AB8006C1A00202C1200207C1A002038B50D4DED
:104AC8002C78B4B90C4B1C70FFF7D0FF0B4B0C497A
:104AD8001C700C4B1C700C4B1C800C4B2246013478
:104AE800082C1A8059601A8103F10C03F7D10123AD
:104AF8002B7038BD980C0020741D0020CF2000209A
:104B0800000080BFD02000209E2000203C210020F3
:104B1800024B1B780BB1FFF7D1BF7047AA200020CA
:104B2800F8B5394E3378002B6CD1384B384A1B789E
:104B3800127843EA02231BB213F58B7F01D0FFF7EB
:104B4800E1F9344B34481A78344B1A700022344B4C
:104B580011460132082A19805860198103F10C03A3
:104B6800F7D1032210214FF09040FDF799FD202343
:104B780083F311882B4D2C4B2B612B78012B08D1FB
:104B88002A4BDA6942F00052DA612846DB69FDF700
:104B98003FFF02272F70002383F3118824492548FB
:104BA800FEF78EF8032220214FF09040FDF778FDA4
:104BB800202383F31188204C204B23612378012B79
:104BC80002D12046FDF724FF2770002383F31188C4
:104BD8001B491C48FEF774F8AB6A1B491A681B4846
:104BE800136823F002031360A36A1A68136823F496
:104BF80000331360FEF764F801233370BDE8F84012
:104C0800FFF75CBFF8BD00BF761D002000E0030879
:104C180002E003080EE00308000080BF751D0020B5
:104C28003C210020FC11002084960008001002405E
:104C3800C40F00205C1A00202C1200208C9600085B
:104C4800D40F00206C1A0020E40F00207C1A0020EA
:104C58002DE9F843494B1B780746D8072DED028B01
:104C6800B0EE408A73D5464B1B780BB9FFF758FF57
:104C7800444EDFF814813378B5EEC08AF1EE10FAAD
:104C880003F1FF3948BFB1EE488A4D460C22691C32
:104C980052D10133DBB2082B6ED9082333703A4B5B
:104CA800002503F10C0494E807000135072D83E87B
:104CB80007002346F5D1354A01231370344A13708F
:104CC80033785C1EFEF710FF0C23634308EB0302E6
:104CD80028F8030017812F4F82ED018AFEF704FFA1
:104CE8003B78A3B3202686F311882B482B4B83608F
:104CF8004FF480782A4BC0F80C8003254360057078
:104D08000024FDF7A7FD84F3118886F31188254850
:104D1800254B0570C0E90238244B4360FDF79AFD26
:104D280084F3118886F3118821480570FDF788FB04
:104D380084F311883C700AE002FB0584D4ED017A03
:104D4800F4EE487AF1EE10FA14D1A94503DCBDEC73
:104D5800028BBDE8F88304F10C0696E8070084E8A6
:104D68000700FEF7C1FE0135A08184ED048AA78201
:104D78003446EAE7013D8AE733709CE7751D002059
:104D8800761D0020741D00203C2100202E210020CB
:104D9800D0200020980C0020FC11002084920008EC
:104DA800949600082C12002084940008A496000809
:104DB8007C1A0020214B1B78DB0770B504460D4692
:104DC80003D4BDE87040FFF779BE1D4B1B780BB9C3
:104DD800FFF7A6FE1B4B1B780BB1FFF76FFE1A4BB4
:104DE800D4ED017A194E01221A70194A3460002351
:104DF8001370184AFCEEE77A1580174A174D13709E
:104E08002B8017EE903A98B2FFF7E6F994ED000A76
:104E1800FFF71EFFFEF768FE114B2A8818803368DB
:104E280003EBC203D3ED017AFCEEE77A17EE903A72
:104E380098B2FFF7D1F90B4B188070BD751D002093
:104E4800761D0020D0200020CF200020C820002080
:104E5800C2200020C4200020CC200020581F0020A1
:104E6800802000209E20002008B5FFF751FE044B4B
:104E7800044800221A700821BDE80840FFF79ABFCD
:104E8800AA2000202011002008B5074B1978072018
:104E980041F001011970FEF75BFFBDE808400348C7
:104EA8000221FFF787BF00BF751D0020AC0C002052
:104EB800F8B5264DB5EEC00A2B78F1EE10FA2DEDB7
:104EC800028BB0EE408A48BFB1EE408A002B3AD040
:104ED8001F4B1B780BB9FFF723FE1E4B0724184600
:104EE800D3ED167AF4EE487AF1EE10FA26D10C21B9
:104EF8006143002243184252174959601A810F46EC
:104F08001646072C0ED1154B01261E70144B1C7823
:104F1800013CE4B21C70B4B9FFF7A8FD114B2C702A
:104F28001E7010E003F10C0C9CE80700013483E8C4
:104F380007009E811F619E826346E2E7013C621C76
:104F4800A3F10C03CCD1BDEC028BF8BDD02000201E
:104F5800761D00203C210020000080BF2E2100206B
:104F6800741D0020980C00202DE9F84F9C4B9D4F94
:104F78001D783B7813B9002D00F02F81FEF7B4FDA2
:104F88008046002D7DD100253B786BB1964B974C20
:104F98001B78974F002B18BF1D4600264FF6FD784B
:104FA8003B789E42C0F2FF80924B1A78002A00F0AC
:104FB800118100221A70904CFDF754FA2046FDF733
:104FC8006FFE012210214FF09040FDF769FB4FF072
:104FD8009045B5EEC00A1026F1EE10FA2E831CD9C2
:104FE800DFED867A864930EE000A204620EE270A51
:104FF800BCEEC00A81ED000AFDF762FE202383F3B0
:10500800118803212170FDF71BFA002383F311880F
:105018000A4628463146FDF743FB7A4CFDF722FA4B
:105028002046FDF73DFE012220214FF09040FDF77C
:1050380037FB4FF09046B5EEC00A2025F1EE10FA86
:10504800358340F2CA80DFED6D7A6F4930EE000A91
:10505800204620EE270ABCEEC00A81ED000AFDF7C3
:105068002FFE85F3118803212170FDF7E9F900234C
:1050780083F311880A4630462946BDE8F84FFDF704
:105088000FBBDFF8A091614EB9F800A0FEF72CFD28
:105098003488A0EB0A039BB29C423FF674AFFEF73C
:1050A80023FDA9F80080DFF88081B8F800B0A24499
:1050B8000BF10109A0EB0A001FFA89F984B2A8F8DC
:1050C8000090FEF711FD524B1988894505D3514BC5
:1050D8001B7853B30023A8F800304F484F4BB8F85B
:1050E80000A090F800C01A6886464FEACA03BCF1CF
:1050F800000F1ED102EBCB0902EB030C99ED007AED
:10510800DCED007AB4EE677AF1EE10FA11D10123E2
:1051180003700220FFF760F89FED410A0446FFF78D
:1051280097FDA8F800B034802EE7BDE8F84FFFF7E8
:10513800C5BC1344D3ED017AFCEEE77A4FF00009C1
:1051480017EE903A98B28EF80090FFF745F84B4664
:105158000139844211D80BB1A8F800A08442B8F8EC
:1051680000303ABF001B84B2012402EBC30292ED67
:10517800000A2046FFF76CFDD5E70AF101098A45C8
:105188001FFA89F9E7DA02EBC903D3ED017AFCEEDD
:10519800E77A201A17EE903A84B298B2FFF71CF813
:1051A800CA462B46D5E7B4F8089009F1FF339BB2FD
:1051B80043450CD8B4F800A0FEF796FCA0EB0A0013
:1051C80080B2814503D894ED010AFFF771FE0136DC
:1051D8000C34E5E6002D7FF4EEAEBDE8F88F00BF95
:1051E800CF200020D0200020262000203C210020B5
:1051F800741D00202E2100205C1A0020000080432E
:10520800C40F00206C1A0020D40F00209E2000201C
:10521800C4200020CC200020C2200020C82000206C
:105228000000000080200020581F00200D4B9969C5
:1052380010B481F82000186802681A6053600122CF
:10524800986180F82020EFF30982CC69643A94428F
:1052580003D972B6044ADA62FEE75DF8044BFBF73D
:1052680077B800BF781D0020248D000830B54B1C8E
:105278000B4D87B0044610D0AB690A4A01A8FEF767
:10528800E1F82046FFF7D2FF049B13B101A8FEF70F
:10529800A1F8AB69586A07B030BDFFF7C7FFF8E758
:1052A800781D00209533000870B5114E04460D4650
:1052B800E3683BB123691A1DA262E2691344E36201
:1052C80000200EE0237A6BB97DB1B36962681C6077
:1052D8005A602946136004206360FFF7C7FF00285F
:1052E800E6DA70BD6FF00100FBE74FF0FF30F8E73A
:1052F800781D00202DE9F84F04460D4691469A4640
:105308004FF0200888F311880026B346A76A4FB9E2
:1053180051462046FFF7C8FF20B187F31188304671
:10532800BDE8F88FD4E90A073A1AA9EB06079742AD
:1053380028BF1746402F1BD905F1400355F8042B09
:1053480040F8042B9D42F9D1A36A4033A36240364A
:10535800D4E90A239A4204D3E16920460439FDF7C7
:1053680029FD8BF311884E45D9D288F31188CDE7F2
:1053780029463A46FCF7DCFEA36A3B443D44A36257
:105388003E44E5E74430FFF7B5BF4FF0FF33443004
:10539800FFF7B0BF70B520230D460446114683F3CE
:1053A8001188866A2EB9FFF77FFF10B186F311883E
:1053B80070BDA36A1D70A36AE26A01339342A362B7
:1053C80004D3E16920460439FDF7F4FC002080F39A
:1053D8001188EDE74430FFF7DDBF4FF0FF3244306E
:1053E800FFF7D8BF70B5114E04460D46E3683BB1D0
:1053F8006269131D1268A3621344E36200200EE081
:10540800237A6BB97DB1B36962681C605A6029461A
:10541800136004206360FFF729FF0028E6DA70BDF7
:105428006FF00100FBE74FF0FF30F8E7781D002030
:105438002DE9F84F04460E4690469946202787F3F3
:1054480011880025AA46D4F828B0BBF1000F09D16D
:1054580049462046FFF7C6FF20B18BF3118828463E
:10546800BDE8F88FD4E90A12A8EB050B521A934548
:1054780028BF9346BBF1400F1BD9334601F14002C8
:1054880051F8040B43F8040B9142F9D1A36A403355
:105498004036A3624035D4E90A239A4202D3204613
:1054A800FDF7A8FC8AF311884545D8D287F31188FF
:1054B800C9E730465A46FCF73BFEA36A5B445E44A4
:1054C800A3625D44E7E70C30FFF7B2BF4FF0FF334C
:1054D8000C30FFF7ADBF70B52023044683F3118865
:1054E800866A3EB9FFF77EFF054618B186F3118834
:1054F800284670BDA36AE26A13F8015BA36293426F
:1055080002D32046FDF776FC002383F31188EFE7EA
:105518000C30FFF7E0BF4FF0FF310C30FFF7DBBF77
:1055280008B50146202383F311880820FFF79EFE63
:10553800002383F3118808BD08B502210948FFF745
:1055480039FC42F21070FFF7EBFFFFF7B7FA064B92
:1055580019786FF3000119700720BDE80840C9B237
:10556800FEF7F6BB9C0C0020751D002007B5202314
:10557800024683F31188114B1978042905D00023BA
:1055880083F3118803B05DF804FB1989C9060FD5A8
:10559800DB690B495B69896943F80C1F01904B6211
:1055A80003204FF47A71FFF761FE0130019AE6D0CB
:1055B800024806230421FDF755FAE0E78C1A00207B
:1055C800781D002070B52023044683F31188234DED
:1055D8002B78042B2E4628D1214A2B8992F90020BA
:1055E800002A26DA1F4A12781AB3DA0610D42023C2
:1055F800224604211948FDF735FA1B4B224604F1CF
:10560800200152F8040B43F8040B8A42F9D10CE04C
:10561800EB69164A5B69926943F80C2F03205362C1
:10562800FFF704FE2B78042BE1D0002383F31188C5
:1056380070BD9B0703D4082322460121DAE73369AA
:105648000A4A5B69926943F80C2F03205362FFF7FB
:10565800EDFD3378042BE8D1EDE700BF8C1A00206C
:1056680076200020F40F002055200020781D00200F
:105678000FB42DE9F04F8DB016ABDFF82CA453F81A
:10568800046B0B9398460024307878B96FF00102C8
:10569800A2424FF0FF3328BF22460AA9FEF704FAB8
:1056A80020460DB0BDE8F04F04B07047252806F13C
:1056B800010608D02246651C4FF0FF330AA9FEF701
:1056C800F3F92C46E0E7002206E02D2B14D0302B0E
:1056D8000CD142F001020E46314611F8013B2B2B4A
:1056E8000DD0F2D8202B0DD0232B0ED0A3F13000F3
:1056F800092827D8002510E042F00202EBE742F023
:105708000402E8E742F00802E5E742F01002E2E7A7
:105718000A2000FB0535303D0E46314611F8013BA5
:10572800A3F130000928F3D933782E2B44D17178AE
:10573800A1F13000092806F1010342F4806233D850
:10574800002711E02A2B08D158F8045B002DBCBFB4
:1057580042F002026D420E46E6E70025E4E70A231E
:1057680003FB0717303F0346184610F8011BA1F149
:105778003006092EF3D91E4616F8011B6C2923D0D2
:105788001DD8682927D06A292ED01E4616F8010B85
:1057980078288FD861282AD825288BD0582889D1ED
:1057A80042F02002102169E02A2906D158F8047B2A
:1057B800B31C27EAE777DEE733460027DBE77A29D9
:1057C800E3D142F48072E1E759786C29F9D142F4C7
:1057D80040729E1CDAE75978682902D042F08002AC
:1057E800D4E742F0C002F4E742F40072CEE7A0F139
:1057F8006203162B3FF65EAF01A151F823F000BFFC
:10580800655800082959000865580008BD56000861
:10581800BD560008BD560008BD560008655800086A
:10582800BD560008BD560008BD560008BD56000804
:10583800BD56000865580008815A0008BD56000882
:10584800BD560008AB590008BD5600086558000849
:10585800BD560008BD560008655800087828A1D034
:105868006F2800F01C81622800F01B81692822F053
:1058780010024FF00A0103D0642801D022F00C0274
:10588800530548BF22F00102692802F4007301D0D1
:10589800642825D1002B7FF4F7AED30508F104095D
:1058A80013D5D8F80030CDE90117CDE90352002B04
:1058B8004FEAD3720092B8BF5B4222460AA950460B
:1058C800FCF7D0FCC8460446DEE612F0400FD8F8D4
:1058D800003001D0DBB2E6E7100648BF1BB2E2E7B2
:1058E800002B7FF4D1AED00508F1040907D5CDE926
:1058F8000352CDE901170093D8F80030DDE712F024
:10590800400FD8F8003007D0DBB2CDE903520022AF
:10591800CDE901170092D0E7100648BF9BB2F4E723
:1059280012F0020728D04FF0010958F8040B4FF085
:10593800FF3322460AA9C0B204F1010BFEF7B4F8FE
:105948006FB34C465A4622E04FF0FF330AA9202095
:10595800FEF7AAF804EB090209F101094D45F3D84D
:10596800002D05F1FF3308BF002305F101091C4490
:1059780008BF4FF00209D8E7B946EBE7571C4FF0CC
:10598800FF330AA92020FEF78FF801343A46A542D2
:10599800F4D8A5EB09034D4538BF00239B445C466A
:1059A80072E64346002F53F8049B069314BF3B4608
:1059B8004FF0FF334B44C84698F8001009B14345EF
:1059C80011D112F48063A8EB0908079302D0B845F7
:1059D80028BFB84612F0020308931DD1A8EB0403B0
:1059E800224609930BE008F10108E5E702F1010BF3
:1059F8004FF0FF330AA92020FEF756F85A46099BB4
:105A0800D3189D42F2D8A5EB0803454538BF0023BB
:105A180008F101081C449844A4EB090B06E01F4652
:105A28004FF0FF3322460AA9FEF73EF80BEB0904B4
:105A380019F8010B28B1079B002BF1D07B1E002F12
:105A4800EDD1089BABB12246A8EB040708E002F1B0
:105A580001094FF0FF330AA92020FEF725F84A462E
:105A6800D319AB42F3D3A5EB0803454538BF002350
:105A78001C44DDF8188007E642F021020823CDE92E
:105A88000273049200231022CDE900320AA92246AB
:105A980058F8043B5046FCF7E5FB0446F4E50821BA
:105AA800ECE60221EAE600BFB13A000810B4174A52
:105AB80012780B46EAB1164A92F90020002A18DA41
:105AC800EF294FEAD1020BD8104401F00703012156
:105AD8009940837823EA010383705DF8044B70478B
:105AE8000C4B1B78DB07F8D50B485DF8044BFFF728
:105AF800BFBD821C0021083012F8014BA34208BF29
:105B080002F8011C8242F7D1E7E700BFF40F00203A
:105B1800762000205E1F0020338D000830B41B4A19
:105B280012780B46D2B11A4A92F90020002A15DAE7
:105B3800EF294FEAD10209D8024401F007010123F5
:105B48008B4091780B43937030BC7047114B1B7896
:105B5800DB07F9D530BC1048FFF78ABD841C4FF02D
:105B6800FF32002114F8015BAB42EDD0B2F1FF3FE8
:105B780002D1002D08BF0A460131CDB2062D49B227
:105B8800F0D1511CE0D00244DDE700BFF40F002043
:105B9800762000205E1F0020518D0008F8B52E4A9F
:105BA8002E4B12781B782E4C13432E4A127813432F
:105BB8002D4A23701278AAB1134323702B4B1B78FC
:105BC800002B3FD02A4B93F90030002BACBF0623A3
:105BD8001E2328490022013BDBB2FF2B34D10AB136
:105BE800FDF7A2FF244B1B68002B34D01F4A127804
:105BF80042B11F4A92F90020002ABFBF2278627082
:105C0800052222701D4D5B68154898472B78580768
:105C180021D5D90702D51A48FFF72AFD194F0026C2
:105C28002B78DA0703D5A15D3846FFF721FD013649
:105C3800082EF5D12B78DB070DD5BDE8F8401248C2
:105C4800FFF716BD0623C4E711F8010B0028C2D0E0
:105C58000132D2B2BFE7F8BDE0210020DB200020EE
:105C6800141B002089200020CE200020F40F0020E3
:105C780076200020161B0020F41F00205E1F002045
:105C88006F8D0008818D0008D28D000830B1044A5C
:105C9800137823EA00001070FFF780BF704700BF39
:105CA800DB20002028B1034B1A7810431870FFF747
:105CB80075BF7047DB2000200F4A38B55378C3F30F
:105CC80080018142044615D060F382035370158821
:105CD80011780420FEF73CF8290A2220FEF738F84C
:105CE800064B1B78DB0705D521460548BDE838403B
:105CF800FFF7BEBC38BD00BF762000205E1F002025
:105D0800878D00082D4B1B7813F0080F10B52C4C0D
:105D180039D02C48FFF7ACFC61782B48FFF7A8FC7A
:105D28002A48FFF7A5FC94F902102948FFF7A0FCC0
:105D38002848FFF79DFC94F903102548FFF798FCC5
:105D48002448FFF795FC94F904102148FFF790FCCC
:105D58002048FFF78DFC94F905101D48FFF788FCD3
:105D68001D48FFF785FC1D4B1D481978FFF780FC7F
:105D78001C48FFF77DFC1C4B19481978FFF778FC85
:105D88001A48FFF775FCFDF7AFFEE378A2781343D6
:105D980018BF174B227980B218BF18806379134354
:105DA8001CBF144B1880144B1B6833B1022222709D
:105DB8009B680348BDE81040184710BD5E1F0020CF
:105DC800A12000209C8D0008BF8D0008C48D00080C
:105DD800C68D0008478E0008C98D0008A82000203D
:105DE800CC8D0008CF8D0008A7200020D18D000899
:105DF8007C2000207E200020F41F002010B5002009
:105E0800FDF7FAFE0020FDF7E7FE0A4B00241C70A0
:105E1800094B1C70FFF7C2FE084B1C609C80084BA6
:105E28001C70084B1C70084B1C70BDE81040FFF735
:105E380069BF00BFE021002089200020A1200020A8
:105E4800A8200020A9200020A7200020064A1368C7
:105E580003F0060106290CBF43F0080323F00803EA
:105E68001360FFF7CBBF00BF842000200449012244
:105E78000B6802FA00F023EA00030B60FFF7BEBFCD
:105E88008420002010B50B4C94F9002022EA000071
:105E980040B24107207002D1D2B2824203D1064BF0
:105EA8005B785B0705D5C0F3C700FFF7DFFF00236A
:105EB800237010BDCD20002076200020044A012345
:105EC80003FA00F0136818431060FFF797BF00BF8C
:105ED8008420002008B5054B054800221A70FEF7FB
:105EE80061FDBDE80840FFF789BF00BFDB20002047
:105EF800141B002008B50146A8B3031FDBB2A02B72
:105F080006D81948FFF7D2FDBDE80840FFF746BE9E
:105F180000F12003DBB2072B09D8144B00F007016E
:105F280001208840197821EA00011970ECE700F196
:105F38005B03DBB2022B04D8BDE808400020FDF764
:105F48005BBE00F15803DBB2162B04D8BDE808404D
:105F58000020FDF741BEEF2805D9FEF723F8BDE87C
:105F68000840FFF7CFBE08BD141B0020DB2000202F
:105F780010B5044600285AD0031FDBB2A02B29D83D
:105F88002B4B1B78ABB12B4B93F90030002B10DA5D
:105F9800294B03EBD00300F007019A7801238B40CB
:105FA8001A420FD024482146FFF780FDFFF7F6FD7F
:105FB80008E0224A002312F8011B8C42F2D0013378
:105FC800062BF8D11C482146FFF7A8FDBDE8104074
:105FD800FFF7E4BD00F12003DBB2072B08D8184B0C
:105FE80000F007001978012484400C431C70EDE789
:105FF80000F15B03DBB2022B05D82438BDE8104062
:1060080080B2FDF7F9BD00F15803DBB2162B06D8B4
:106018000C4ABDE8104032F81300FDF7DDBDEF284B
:1060280005D9FEF77BF8BDE81040FFF76BBE10BD41
:10603800F40F002076200020141B0020161B0020DF
:10604800DB2000207C8E000838B5392805460CBFB7
:1060580050240024FFF78CFF24B92846BDE83840B7
:10606800FFF748BF6420013CFFF75AFAA4B2F3E7F0
:106078002DE9F041164682781F460C46234B6AB13B
:106088001970FDF731FD224B04F007041880012038
:10609800A040C0B2BDE8F041FFF704BE1D788D42B4
:1060A8002DD11B4BB3F80080FDF71EFDA0EB0800B7
:1060B80080B2C72823D806F12004B542E4B210D034
:1060C80005F00700012505FA00F0C0B2FFF7DEFD74
:1060D800072C06D806F0070005FA00F0C0B2FFF753
:1060E800E1FD3846FFF7B0FF072C0DD806F007068C
:1060F8000120B040BDE8F041C0B2FFF7C7BD04F0D1
:1061080007040120A040F5E7BDE8F081E020002069
:10611800E220002000000000453807EE900AF8EE63
:10612800E77AB2EE087AC7EE877A08B517EE900AD2
:10613800FBF7D4FA9FED080B41EC110BFAF724F9A1
:10614800074B51EC100B0022FBF720FBFBF7CEFDB1
:1061580000EE100A08BD00BF00000000000000406B
:1061680000807B402DE9F84FDFF8DC81DFF8DCA107
:10617800002547462E464FF00109AB465AF8044B16
:10618800202383F3118824F00F0004F00F0409FA88
:1061980004F421460122FCF783FAA4B244838BF36A
:1061A800118800BF00BF00BF00BF00BF00BF00BF15
:1061B80000BF00BF00BF00BF00BF00BF00BF00BFDF
:1061C80000BF00BF00BF00204F4B044653F8042B0C
:1061D80022F00F0102F00F02096921FA02F2D20738
:1061E8005ABF09FA00F14AB20022013022430828B6
:1061F800D4B2EBD15AF8040CFEF70AF80320FFF7E3
:106208008FF93A780135A242EDB21ABF3C700122EB
:1062180000220A2D46EA020607F10107AED13B4CDF
:10622800BEB101232370FDF75FFC394B1880384B52
:106238001D88FDF759FC401B80B205280CD9354A4A
:106248000A2318F8011B02F8011B013BF9D123703E
:1062580002E02378002BEAD12F4F3A782AB92F4D44
:106268002C888CB9FDF740FC28802D4B1B784BB34C
:106278002C4D2C88F4B92C4CFDF736FC227828805C
:106288002A4D12B3531E22E0FDF72EFC001B80B2EC
:10629800B0F5967FE9D9264B1B78DB0703D525484F
:1062A8000321FEF787FDFDF71FFC234B1880012310
:1062B8003B70DAE7FDF718FC204B001B1B8880B207
:1062C8008342D8D33046BDE8F88F2B78013B1C4F6A
:1062D800397881B11B49C85C11F80280FFF71CFFAF
:1062E800FEF7E6FD3B7833B14046FFF715FF4FF662
:1062F800FF70FEF7ADFC237829780133B3FBF1F288
:1063080001FB12332370DDE72C9200085A1F00208E
:106318005C1F00208A200020821F0020801F002090
:10632800BC200020C0200020BD200020BB20002071
:10633800751D0020A411002080200020A01100203D
:10634800AA200020AB200020D1200020A89A000815
:106358002DE9F04F818803888DB00446ADF80C30E4
:10636800002900F03886BDF80C204FF6FF739A42DA
:1063780000F0318600680122FEF74FF9A378054640
:10638800002B00F0AF85A0F5BE42123A92B20F2A58
:1063980000F29085B24B1B780BBBA0F11205EDB251
:1063A80040F2A72655BBDFF808A303953046731CB7
:1063B800FDF79FF900228DF80C008DF80D2070B1C3
:1063C800421E022A25D88DF80D00012218468DF8A4
:1063D8000C20FDF78EF902368DF80E00D0B9A14BCE
:1063E8001B78580700F0F785A378002B00F0F38599
:1063F80002200DB0BDE8F04FFFF744BDB6F5806F41
:10640800EDD03046FDF775F908B9013DEDB201361A
:10641800C8E71E4603AD2B78002BC7D0012B2FD120
:106428006B78A878012B03D10235FFF70DFE04E045
:10643800022B04D10235FFF79BFD0135EBE7032B57
:1064480003D10235FFF756FDF7E7042B01D00135DC
:10645800F3E7854A023500274FF00A0E835C697816
:106468005B0705F1010C05D4013FE6D36420FFF773
:1064780057F8F9E730380EFB070765460846EDE799
:106488007A4A7B4912F803B0DA0803F0070311F8D7
:10649800028078491AF8027011F802901F4148FAF0
:1064A80003F817F0010749FA03F308F0010803F0AD
:1064B800010902D0E120FFF75BFDB8F1000F02D01F
:1064C800E620FFF755FD5846FFF7BEFDB8F1000F6F
:1064D80002D0E620FFF70EFD17B1E120FFF70AFD15
:1064E800B9F1000FA9D02C209FE70120FFF7E6FCA7
:1064F800FFF7ACFC73E70120FFF7B8FCF8E70220D0
:10650800F4E70220F8E745F61F4295420AD1002B2E
:1065180000F0FB84584B1B78DA0700F1DF84FEF7A4
:10652800B3FC5CE745F62A4295420AD1002B00F0FD
:10653800EC84524B524800221A700421FEF73AFCB0
:106548004DE745F62B429542F0D045F62642954256
:1065580008D1002B00F0D9844A4B4B4801221A700D
:106568000821EBE745F62742954205D1002B00F0BC
:10657800CC84FEF779FC32E745F62842954207D1EC
:10658800002B00F0C2843F4B1B78002BF1D1E3E7CE
:1065980045F62C42954208D1002B00F0B6843B4BBF
:1065A8003B4801221A700821C8E745F62D4295425A
:1065B80008D1002B00F0A984344B364800221A7009
:1065C8000821BBE745F62E42954207D1002B00F083
:1065D8009C842E4B1B78002BEED1E0E745F6294230
:1065E800954240F09284002B00F08F84FEF790FAD9
:1065F800294A1378013303F003031370274A28202C
:10660800052100FB032099E7A5F5B945743D022D46
:1066180000F2DD80DFE815F0DF00E300E700002B83
:1066280066D0E02D0CD1FEF773FA1D4B01221A70CB
:106638001C4A002313701C4A13701C4A1370CEE6C0
:10664800E22D37D1FEF764FA154B1A7812B1154AC4
:106658000121117000221A70134B1A70BFE600BF97
:10666800FEE70308CD200020C18B000886910008B2
:106678007691000876910008751D00209C21002065
:10668800BC110020AA20002060110020A0200020BA
:106698003C100020FC0F00207C10002080100020FF
:1066A800BF200020BE200020BC200020BB200020EE
:1066B80006920008E32D0FD1A3490978C1B1FEF76E
:1066C80027FAA24A00231370A14A01211170A14A96
:1066D8001370A14A138082E6522D03D19F4A138872
:1066E8000A3BF7E7512D03D19C4A13880A33F1E797
:1066F8009B49097801BB6678C6F10A0606EB460194
:106708002678103606EB8106F6B2002B4CD032B153
:106718003046FFF701FD4FF6FF70FEF799FA8B4BF5
:106728001B782BB18F4A90491378CE5401331370DC
:10673800FE2D00F2F48352E6012908D16678C6F1ED
:106748000A0606EB8606217833310E44DCE7022977
:1067580005D16678C6F10A06C6EBC606F3E7032933
:1067680020D1824E03AF06F1200E30687168BC4616
:10677800ACE80300083676456746F6D13088B1782C
:106788008CF80210ACF80000207866780CA9084450
:10679800C6F10A0606EB460110F81D6C06EB8106E9
:1067A8000936B1E70C26B0E7002AC1D03046FFF71A
:1067B800B3FCFEF77DFBBBE7E1222623114620460A
:1067C800FFF756FC0BE62723E522E521F7E726230A
:1067D800E122E021F3E72723E522E421EFE726235E
:1067E800E122E221EBE72723E522E621E7E7282358
:1067F8000122EAE7A5F5B9437A3B9BB2082B40F2A0
:10680800B58345F616439D4240F0DE83584B594800
:106818001B7803F0AA03002B574B15BF0122002257
:10682800352129211A70FFF779F9FFF7B7F9D6E56D
:10683800A5F5B845033D122D1CD8DFE805F0202446
:106848002835393D41475B5F636773777B7FA3CB0F
:10685800B100A5F5B9457A3DABB2082B00F2988393
:10686800082D00F29583DFE805F0161B55593C9476
:10687800A9BFC400337843F00103337088E3337849
:1068880043F00203F9E7337843F00403F5E733787C
:1068980043F00803F1E7737843F00103737077E37B
:1068A800737843F00203F9E7337843F01003E4E721
:1068B800337843F02003E0E7337843F04003DCE724
:1068C800FFF708FB337843F08003D6E7337823F0EB
:1068D8000C0343F00C03337028480421FEF76AFACE
:1068E80056E3737823F0030343F0030373702448DB
:1068F8000421F3E733786FF30003BEE733786FF3CF
:106908004103BAE733786FF38203B6E733786FF35E
:10691800C303B2E773786FF30003BFE773786FF3CD
:106928004103BBE733786FF30413A6E733786FF3BB
:106938004513A2E733786FF386139EE7FFF7CAFA89
:1069480033786FF3C71398E7BE200020BF200020DC
:10695800BC200020BD200020C0200020A011002065
:106968007C100020BB200020AB200020888B000872
:10697800DB200020141B002027200020780C00209A
:10698800CC0C0020337823F00C033370B548022177
:10699800A4E7737823F003037370B34802219DE7DB
:1069A8003378C3F3800282F00102D2B262F3820329
:1069B80062F3C30333701B07E8D58DE77378DA43B6
:1069C80002F0010262F3000362F341039F07737050
:1069D800E3D58CE7FFF77EFA3378C3F3C01282F071
:1069E800010262F3C71348E701210E20FDF7B0F951
:1069F800CEE20021F9E755D845F601439D427DD006
:106A080045F6DE439D4200F08980B5F5B84F5CD06D
:106A18002288A378ADF80C200398002B00F0818021
:106A2800FDF78CFD054601460398FDF7A3F82846B7
:106A38000399FDF753FC8D4B94F806A01F78A678B0
:106A480017F0070705464FEA1A1A984616D0374630
:106A5800A6B1C5F3072303F0F003402B04D005F1DA
:106A68002003DBB2072B60D90220FFF70BFA98F856
:106A7800003013F0070F0CBF01270027C5F30339B7
:106A8800B9F10B0F00F28D80DFE819F051005100C9
:106A9800B200B200190131018B008B003B019A0151
:106AA800AB01AB0145F65B539D420BD045F65C53F9
:106AB8009D42ADD16E4B5878C0F3800080F0010044
:106AC80000F00100FFF7F8F8A2E7FFF703FAFEF776
:106AD8001FF8FDF709F8032184B26648FEF76AF942
:106AE800FDF702F8031B9BB2F92B03D9FDF7E6FF6C
:106AF800FCF7E2FF6420FEF713FDF1E75E490B782F
:106B0800C3F3000282F0010262F30003DD074CBF09
:106B18005A485B480B70FEF7ABFD60E4FDF7F2F9ED
:106B28005DE4FDF709F8054681E70027A6E7C5F308
:106B38000723C5F3032A13F0F00F18BF4FEA0A1A08
:106B4800EDB2B6B1BAF1000F0DD005F12003DBB2FA
:106B5800072B00D95DB94B4A13784AEA030A82F831
:106B680000A0FFF71BF82846FFF702FA19E0464A8B
:106B7800F2E72846FFF7BEF9BAF1000F11D005F188
:106B88002003DBB26FEA0A0A072B4FFA8AFA00D908
:106B980065BB3C4B1A780AEA020A83F800A0FEF7A4
:106BA800FDFFA9F10809B9F1030F03D8FDF734F87F
:106BB800FDF74EFD97B198F9000010F001030DD1D3
:106BC800A370C0F3C700FFF779F92046FFF7C0FBB1
:106BD80098F90000C0F3C700FFF748F92068A188BA
:106BE80000220DB0BDE8F04FFDF717BD264BD1E7E9
:106BF800C5F3072303F0F003C5F30320202BEDB200
:106C080018BF00016DB1012D42D0002E49D0BAF154
:106C1800000F0DD0A379DE07A5D56FF30713A37175
:106C280006E09EB1194B1A781043BAF1000F02D151
:106C3800FFF738F8B5E7BAF1010FF9D10C494978EF
:106C48004907AED49042ACD01870AAE7BAF1000F49
:106C580004D1FCF769FFFFF719F8A2E7BAF1010FB1
:106C68009FD0F6E7680C0020BC0C0020CD20002047
:106C780076200020AC0F00205E1F0020D48D000875
:106C8800E58D0008DB200020E0210020CE20002038
:106C98001EB1BAF1050F84D8CAE7BAF1040F80D83B
:106CA800D9E7BAF1000FD6D0392D0CBF4FF4FA50FE
:106CB8000120FEF735FC2846FFF71CF971E715F4AB
:106CC800406FC5F3812308D0012B7FF46AAF66B10A
:106CD800C5F30900FCF780FF63E726B1C5F3090097
:106CE800FCF78AFF5DE73046FAE73046F2E7E8B29C
:106CF80026B1FDF713FAFFF705F852E7FDF752F949
:106D0800F9E715F4407F29D1002E7FF44AAFC5F387
:106D18004212E9064FEA8202D2B244BF0F269640D9
:106D2800C5F3812005F00F0348BFF643022803FA94
:106D380002F3AA4A0ED003280AD0012806D033430A
:106D4800166833401360FFF759F82AE711680B43B8
:106D58003343F7E7334316687340F3E7C5F301227B
:106D68000EB302F00103002B3FF41BAFC5F3421131
:106D78008900CAB215F010011CBF0F219140C5F35C
:106D8800812005F00F0318BFC9430228944E03FA67
:106D980002F30FD0032811D0012806D032680B4324
:106DA80013403360CFE75308DDE732681A430A43DC
:106DB8003260C8E732680B435340F2E70B43F0E711
:106DC8005FFA85FAC5F3032526B12846FFF776F85A
:106DD80050462DE75046FEF759FF2846FFF746F87C
:106DE800DFE65FFA85FBABF1F003042B49D8DFE857
:106DF80003F003141B202B0066B1BAF1040F3FF611
:106E0800D0AE774BC5F304201A680125854055405C
:106E18001D6098E7BAF1050FF1E7C5F30420002ECD
:106E2800DCD0FFF74BF8BCE6C5F30420002EF8D001
:106E3800D4E76B4A36B1C5F30425012303FA05F5F7
:106E4800156080E716607EE786B1C5F304200190DF
:106E5800FFF734F8634B01985B7813F0040FE0D127
:106E6800C30043F0030388F80030DAE70120FFF796
:106E780009F8BAF1010F7FF694AE0220FFF702F885
:106E88008FE63EB1BAF1000F01D058466CE6C5F363
:106E98000420C6E7BAF1000F09D0BBF1390F0CBFC7
:106EA8004FF4FA500120FEF73BFB584604E7C5F3C0
:106EB800042093E745F6107290423FF416AB45F66E
:106EC800117290423FF41BAB45F61D4290423FF4CD
:106ED80026AB45F61E4290427FF415ABFEF72CFB1D
:106EE800FFF77DBA45F6107290423FF404AB45F6C1
:106EF800117290423FF405AB45F61D42954204D00D
:106F080045F61E4295427FF4FEAA374A1278002AB7
:106F18007FF485AB3549097800297FF480AB45F6C5
:106F2800F6439D4213D845F6F2439D423FF66CABBB
:106F380045F6D8439D423FF446AC45F6D9439D42B9
:106F48003FF455AC45F6D7439D423FF435ACA378A2
:106F58005BB3274B0020187045F615439D423FF65A
:106F680049AC45F601439D427FF646AD214B224A86
:106F78001B7812781B4E43EA0223338045F61543EB
:106F88009D423FF666AC45F601439D423FF650AC44
:106F9800358831780420FCF7DBFE290A2220FCF72B
:106FA800D7FEFEF797FFFFF71ABA45F616439D423C
:106FB8007FF42EAD114B12481B78002B14BF3521DE
:106FC8002921FEF773FD30E445F65A539D427FF4BC
:106FD80012AD012076E50DB0BDE8F08F7C1F0020D2
:106FE8008420002076200020AA200020A020002055
:106FF800E020002008E0030844E0030827200020E0
:10700800141B0020214BF7B59A7912F0F00F0AD122
:107018009A7842B11E4A1F4E12781F4D4FF6FF77DD
:107028003178914201D103B0F0BD98881988ADF844
:10703800041038B389B2B94224D005EBC20493F8DE
:1070480001C061788C451DD193F800C015F8321045
:107058008C4517D1A178A9B9A188091A89B2C7297D
:1070680010D899790948012262F307119971A37917
:1070780062F30713A371FFF76BF903B0BDE8F040A3
:10708800FCF79ABD013202F00702C9E7302100205F
:10709800DF210020DE2100209E2100202DE9FF476E
:1070A800B34F0446BB88006800903888227861781E
:1070B80094F80280B4F804A0ADF808003D46002B0F
:1070C80000F0C08080B24FF6FF7C604500F0BA80C7
:1070D800BE78002E00F0B680AAEB0303B8799BB205
:1070E800C72B00F0F00900F28D803B88ADF808301E
:1070F800B9F1000F49D16345C14619D08DF8002078
:107108008DF80110BDF800C09C4511D1B8F1000FF1
:1071180040F0F580012363F30710B8713846FFF794
:1071280017F9BB79A3710026304604B0BDE8F08793
:10713800BAF1000F40F0E780B8F1000FF3D0AB7957
:1071480043F00103AB71EEE700EBC30595F801C00E
:107158008C4506D110F833C0944502D1AD78002D86
:10716800E1D1013303F00703E1E010F4706F02D0BE
:10717800002B00F0FB802033DBB2072B40F2F680B7
:107188002046FFF7E5F8B146F0E0634513D08DF8E7
:1071980000208DF80110BDF800C09C450BD1B8F156
:1071A800000F08D1A0712046FFF7D2F823683B6092
:1071B80063687B60B8E78DF800208DF801100098AF
:1071C800FDF7E8F9D0B1B8F1000F17D0AB791F2B54
:1071D8000CD92A88ADF8082002A800228DF80A20C8
:1071E800ADF80CA08DF80E30FFF7B2F823682B60CD
:1071F80063686B60FFF706FF012695E72046FFF7F7
:10720800A7F8F9E7B9F1000F07D13846FFF7A0F85A
:10721800C7F80090C7F80490A8E08DF800208DF812
:1072280001103B88BDF800C09C45C4D1B8F1000FDF
:10723800C1D1A0712046FFF78BF8C7F80080C7F8C6
:10724800048071E72888ADF80800002B40D086B28A
:107258004FF6FF7086423BD0AE78002E38D1AAEBAD
:1072680003039BB2C72B30D84646002EC6D08DF8F4
:1072780000208DF801102B88BDF800209A4217D104
:10728800AB79DA070FD413F0F0020CD0F02AA3710F
:1072980006D0DBB2C3F30312013262F30713A37102
:1072A8002046FFF755F823682B6063686B603BE75F
:1072B8000098FDF76FF9002898D1AB79204643F084
:1072C8000103AB71FFF744F82EE72E606E602BE7E1
:1072D800B8F1000F92D08DF800208DF801100098B9
:1072E800FDF758F90646002888D023682B606368A4
:1072F80028886B60FDF742F9FFF784FE14E7BAF1BE
:10730800000F3FF41CAF8DF808208DF80910BDF868
:1073180008004FF6FF7398423FF40EAFB8F1000F24
:107328007FF40DAF1348144B07781B781348BB4202
:107338007FF40AAF8DF800208DF801100098FDF752
:107348001DF9C0F30332012AC3B27FF60EAF0E3225
:1073580002F00F02012A3FF613AF10F4706F3FF4EA
:107368000AAFA27912F0F00F7FF405AF4E46DBE6C4
:1073780030210020DE210020DF2100209E21002076
:10738800F0B587B06F4687E803003846FFF786FEFA
:10739800214E224D044628BB97E8030004AB83E83E
:1073A8000300BDF80410BDF81020ADF80C20C9B1D9
:1073B8001FFA82FC4FF6FF7294453778287811D06F
:1073C8007A1C02F0070282420ED0154CADF8141058
:1073D80003CB04EBC70C44F837003270CCF8041028
:1073E800FCF7EAFB0E4C11E0FEF774FD0D4B347010
:1073F8002C701C605C60F5E704EBC000FFF74EFEE4
:1074080040B12B78013303F007032B7028783378C9
:107418008342F1D107B0F0BDDE210020DF2100203A
:107428009E210020302100202DE9F84FB04B5C6CE4
:10743800660534D5AF4D6FF480625A640026022287
:107448002A70EE67AE6005F10C0808274FF0200996
:1074580058F8043BABB189F3118858F8043C5869D3
:1074680020B16FF001010C30FBF771FD58F8043CB6
:10747800986920B16FF001010C30FBF768FD86F3C5
:107488001188013F48F8046CE2D185F86470FBF775
:107498008FF86B681B6813B19648394698472505DD
:1074A80014D4E00448D4A20508D592484368DB68A0
:1074B80003B198478E4B6FF400725A648D4D8E4E0F
:1074C80023044FD4BDE8F84FFBF7A6BC884B894D81
:1074D8001A6C42F008021A646FF400625A642B783E
:1074E80085F8803005232B706B681B6813B1042165
:1074F800284698470026AE60804D08274FF02008A0
:1075080055F8043BABB188F3118855F8043C586929
:1075180020B16FF001010C30FBF719FD55F8043C60
:10752800986920B16FF001010C30FBF710FD86F36C
:107538001188013FE4D1B4E76D4B9A6C11040CD467
:107548001A6C6C4822F008021A6490F880300370B4
:1075580043681B680BB105219847654B6FF480524F
:107568005A64A0E704F00F04A70007F1804707F565
:10757800B84704F10209D7F800A005EB89031AF00F
:10758800800FD3F8048025D03B68D8F81400334026
:107598004268016943F400433B6003680A449B1A4C
:1075A80042602DD0B8F810209A4228BF1A46836846
:1075B8000261194481602046FBF73CF83B6823F4DC
:1075C800F04323F0400383F0300343F4004343F0D7
:1075D80080033B601AF4004F0FD03B68334043F000
:1075E80080031AF4006F3B60E1B225D005EB8909EE
:1075F8002846D9F804305B6898473D4B5C6C5FE7D8
:10760800012303FA04F22B8923EA02032B81D8F819
:10761800083013B1214628469847202383F3118860
:1076280005EB890300215B6858690C30FBF78FFC78
:10763800002383F31188CDE72D4BD8F818201B6D54
:10764800D2F808C003F1804303F5C04303EB0410EC
:10765800E1468368D0F80CE003F10053CEF309004B
:10766800CEF3480E03F540534FEA8E0A0AEB430A5D
:107678005B00534509F1020942D16FF0010909FB8A
:107688000E09B9F1000F02D01B680CF81E30936880
:107698000344936053680344536013681B1A1360D0
:1076A800138A013B9BB21382B8F81220824200D899
:1076B8007BBB012303FA04F26B89023423EA020339
:1076C8006B8105EB84035B68DB680BB12846984740
:1076D800202383F3118805EB840463689869416863
:1076E8000C30FBF734FC002383F3118885E700BFD7
:1076F800005C00408C1A00200F07FFFF981A00203A
:1077080053F804BB09F802BC4FEA1B2B09F801BC6B
:10771800AFE73B6823F4904323F0700383F44053AE
:1077280043F4004343F080033B6066E708B5034831
:10773800FAF79CFFBDE80840FBF76EBB7C1A0020F7
:1077480008B50348FAF792FFBDE80840FBF764BBA9
:107758006C1A002008B50348FAF788FFBDE808400E
:10776800FBF75ABB5C1A00204FF080422DE9F84322
:107778001369D1680B40D9B2C9439B0711613FD542
:10778800202383F31188204C4FF00008E36904F1AB
:107798001C06C1464FF08040A16A426A9F68551A8C
:1077A800BD421CD307469968A26A0A44A2621A68B5
:1077B800B2425660A5EB0105E261D968C3F80C80B6
:1077C80008BFC7F80C8089F31188186988472023F7
:1077D80083F31188E3699A689542E4D2DAE7E569A8
:1077E800B5420AD0A262AC682144891AA9609B6894
:1077F800022B2CBFD21802324263002383F3118874
:10780800BDE8F843FBF708BB781D002008B503481E
:10781800FAF7A8FFBDE80840FBF7FEBA6491000834
:1078280008B50348FAF79EFFBDE80840FBF7F4BA2D
:107838005491000808B50348FAF794FFBDE80840DA
:10784800FBF7EABA4491000808B50348FAF78AFF3B
:10785800BDE80840FBF7E0BA3491000808B50348D2
:10786800FAF780FFBDE80840FBF7D6BA2491000874
:1078780008B50348FAF776FFBDE80840FBF7CCBA2D
:107888001491000808B50348FAF76CFFBDE80840F2
:10789800FBF7C2BA0491000808B50348FAF762FF7B
:1078A800BDE80840FBF7B8BAF490000808B50348EB
:1078B800FAF758FFBDE80840FBF7AEBAE4900008B5
:1078C80008B50348FAF74EFFBDE80840FBF7A4BA2D
:1078D800D490000808B50348FAF744FFBDE808400B
:1078E800FBF79ABAC490000808B50348FAF73AFFBC
:1078F800BDE80840FBF790BAB4900008FBF78CBAD3
:10790800FBF78ABAFBF788BAFBF786BAEFF3098365
:1079180005494A6822F001024A60683383F30988FE
:10792800002383F31188704730EF00E038B5202337
:1079380083F311880E4B9C69606204F12805A06AE4
:10794800A8420FD194F822303BB994F821309B0714
:1079580002BFD4E9043213615A61BDE838400F20F0
:10796800FDF764BC0368A362FBF7AAFAE7E700BF68
:10797800781D0020134B1A689969106810B4436089
:107988001860012082F820009A618868002281F836
:1079980020201A461B689C688442FBD858680B60F4
:1079A800486001605960EFF30983C869643B9842F5
:1079B80003D972B6044BD362FEE790695DF8044BB5
:1079C800F8F7C6BC781D0020248D00081149F0B5D1
:1079D80008200026D1E901340A681D46043AAC4261
:1079E80010D8E21CD21ADD1E22F00302AC4238BFC6
:1079F80000221344CA689A4209D8013801F11001DB
:107A0800E8D1F0BD52F8047F45F8047BE7E743F876
:107A1800046BF0E7289A0008FEE7704770470000FB
:107A2800B84B9A6A62F4FC022DE980489A629A6A15
:107A380002F4FC029A629A6A1A694FF0FF321A61DC
:107A48001969002119611869D868DA60DA68D9609B
:107A5800DA68DA69AC4842F08052DA61DA690268B9
:107A680042F4807202601A6A02F44072B2F5007F32
:107A78001A461EBF4FF4803313621162136A18044A
:107A88008FB007D4136A43F400731362136A43F484
:107A9800004313629D4B9E4C0021C3E90011012055
:107AA8006568296043F8301001300D2804F110048E
:107AB800F6D198484FF0FF334360C0F80434964B32
:107AC8006020402483F80603C3F880411C608024AA
:107AD80083F807034FF40075C3F880411C604FF426
:107AE800807483F80803C3F880411C6083F8090395
:107AF800C3F880511D604FF4806583F80A03C3F80A
:107B080080511D604FF4000583F81703C3F88051B6
:107B18001D6083F82803C3F8844170205C604FF02F
:107B2800807483F81803C3F880411C604FF0007418
:107B380083F81903C3F880411C604FF0806483F810
:107B48001A03C3F880411C6083F81B034FF00060E0
:107B5800C3F88001186093697048714D43F00103C0
:107B680093619369036843F0200303606D4B03F14D
:107B78001804C3E906446C4C196201201870C3E963
:107B88000A41C3E90411694B03F11804C3E9064427
:107B9800674C1870C3E90A41C3E904111962654BBF
:107BA800654CDC6018705960644B04F58064DC60D7
:107BB80018705960624B04F5903418705960DC6095
:107BC80028706960002105F12C000B4640F8043B41
:107BD800013107298361F9D1D169AB6041F0010115
:107BE800D1615849D2698A68574C42F001028A60CB
:107BF8004FF0804240F2CF21916201204FF0FF31D7
:107C0800D16293615363D360536050611060424AFC
:107C1800802082F81C034FF08050C2F88001106069
:107C280004F11C02C4E90722484A4948106049483F
:107C38005060494A49489360C2E9000302F10C00C8
:107C4800C4E90913A360C4E90044C4E90444C2E9CF
:107C580003005361CDE90613CDE9083363670022B9
:107C68000023CDE90A23042706AE3046FBF722F9A4
:107C7800FBF700F9013FF8D1069B63678023C4E94D
:107C88001A73A363364B6269A364364B62644FF080
:107C9800010884F85170676684F85280246413617F
:107CA80003F128026361A265A36103F12C022E4B44
:107CB800E364C4E9172284F850804FF0200989F35F
:107CC800118862B6294B2A4AD96821F4E06109046F
:107CD800090C0A432749DA60CA6842F08072CA6010
:107CE80025490A684FF0100A42EA08020A6083F838
:107CF8001FA083F8229087F3118862B689F3118850
:107D08003CE000BF00100240007000408C1F0020C3
:107D1800B49000080000024000E100E000000140CB
:107D28008C1A0020FC1100204C9200082C12002014
:107D3800689200085C1A0020001000406C1A0020AD
:107D48007C1A0020002004E0781D0020501F00202D
:107D5800E821002000A00020601F00202D35000829
:107D680016920008A81D00200004002000ED00E085
:107D78000003FA05F0ED00E0001000E0D64B03F137
:107D8800B402C3F82421D54AC3F83431C3E93D27E6
:107D9800D34AC3F814210222A3F83821D14AC3F8E0
:107DA80030216269C3F82C2103F58C70C3E954783B
:107DB800C3F82081C3F84C7183F83A81C3F828418D
:107DC800106103F5A072C3F8402103F5A272C3E95C
:107DD800512239466061FCF7FDFD87F31188C24BDB
:107DE800C24A1A60C24BC34A5A6002F188325A60CA
:107DF80039465246C048FAF74BF9C04BDFF850E312
:107E08001F70BF4BBF48D3F8D010D3F8BCC083F85D
:107E1800DC8003F108029A6503F11C02C3F8802094
:107E280003F13002C3F8A02003F1D802C3F8D82028
:107E380003F1E002C3E93822D3F8C42083F8E880CC
:107E4800043202FB0C1AC3E93EA2C3E940C1AE4AA0
:107E5800D3F8CCC0D3F8B8A0C3F81021C3E93C11BB
:107E680003F58C7203F1D401C3E94622C3F8EC7020
:107E780083F82081C3E942778EF80070C3F8D400F4
:107E8800C3F81411C3F824A1C3E94ACCD3F8C0201D
:107E9800043202FB0AC8C3E94C829C4AC3E94EACCF
:107EA800C3E95221C3E95077D3F8B02089F3118888
:107EB80093F8B470CDF80CE002EB87078446B962FA
:107EC80093F8B570113742F8271093F8B67017B1C8
:107ED80002EB870291628E4AC3F85021022183F88F
:107EE800DC10002080F3118802F1AC01C3F8AC115A
:107EF80002F1C001C3F8D41102F1D401C3F8F4119E
:107F080002F5BE71C3F82C1202F5C271C3E98D11D6
:107F1800D3F81812D3F82472C3F828C2D3F810C2C1
:107F2800C3F84002043101FB0C78C3E99381764918
:107F3800C3F86412D3F81412D3F80C82C3F8788209
:107F4800C3E995C7D3F820C2C3E99177043102F594
:107F5800BC7702F5DE724FF0010EC3E99B2201FBEC
:107F680008C2C3E99700C3E99FCC83F830E283F8DD
:107F78003CE2C3F8687283F874E2C3E9A121634A5A
:107F8800C3E9A38CC3E9A727C3E9A500D3F8042252
:107F9800202181F3118893F8081202EB81018F6286
:107FA80093F80912113142F8217093F80A1211B1AD
:107FB80002EB81029762574AC3F8A4224FF00208E5
:107FC80083F83082002787F311884FF4805101220B
:107FD8004FF09040FAF764FB4FF090434FF4805213
:107FE8005A834D48FDF79CFA202383F311884B4BA5
:107FF8006B602B78012BC5E90377C5E90577C5E9DF
:108008000777C5E9097701D1FAF7F0FA85F8008012
:10801800002787F3118840F202724FF480514FF025
:108028009040FAF73DFB3E4B41F28830DF60FDF7A8
:1080380077FA3C48FDF71CFB202383F311884FF0A7
:1080480080435A6A87F31188374BDFF808811A6032
:10805800013758F8040BFFB2FCF7DAF80A2FF7D10A
:10806800DFF8F4800027013758F8040BFFB2FCF75B
:10807800CFF8082FF7D12D4A2D4800231746194667
:108088000133DBB20A2B00F8011B02F8011BF7D100
:10809800284B294A1B78127843EA02231BB213F5AE
:1080A8008B7F01D0FBF72EFF244B1A78244B1A70D4
:1080B800244B254A1B78127843EA0223234A13806B
:1080C800FEF750F84FF47A70FDF72AFAFEF74AF8EF
:1080D8003B78D9075AD541E0F01D00202935000822
:1080E80071030008F78D0008A80F00200D3700085D
:1080F800002002402301674514200020242000208E
:10810800000D0020049B0008F5360008073600081B
:10811800B00D0020040F0020F0490200F49A000876
:1081280040200020FC8D0008DC2000208A20002050
:10813800D120002000E0030802E0030804E003085F
:108148005E1F002008E0030844E0030876200020B2
:1081580025200020A89A00082C920008FF2123203F
:10816800FBF7F6FDFF212420FBF7F2FDFF21252078
:10817800FBF7EEFDFBF7B2FEFF210020FBF7E8FD61
:10818800FF210120FBF7E4FDFBF796FC6E4B1A7804
:108198006E4B1A60FDF732FEFCF7C2FC6C480122F8
:1081A8004FF40051FAF77CFA4FF40053438301224D
:1081B8004FF48041FAF774FA4FF480434383012265
:1081C8004FF480714FF09040FAF76AFA4FF0904000
:1081D8004FF48073012243831146FAF761FA0123B1
:1081E80043835C4B1B78212B07D15B4B1B78072BF8
:1081F80003D15A4B1B78132B13D000212620FBF7F1
:10820800A7FDFBF735FEFBF727FE21212320FBF70F
:108218009FFD07212420FBF79BFD13212520FBF759
:1082280097FD4F4B4F4A50481A60FDF721FADFF887
:1082380068B1DFF86891DFF8688199F8002098F84C
:1082480000304A4F00219A4226D018460133385C44
:10825800052803F00F034FF00101F4D1039A4448B5
:108268001370444B00271F70434B1F70FCF79AFB99
:10827800424B1F609F80424B1F70424B1F70424B06
:1082880038461F70FBF7B8FC3846FBF7A5FCFBF730
:10829800C3FCFCF7DDF9D0E709B188F800202B789A
:1082A800052B24D13948DFF8FC80FDF7E1F94FF0C0
:1082B800000715E03846FCF7CBF9FCF7FFFB40F266
:1082C800A460FDF72DF9FDF74DFF314A002312F8A0
:1082D800011B002940F0FD820133DBB20A2BF6D1E5
:1082E8002B78052BE6D0FDF759FCFDF70BFDFDF7C4
:1082F80039FF08B1FBF7F8FB264B0193244B009399
:108308000027009AFBB2029312F8013B0092019AEF
:1083180012F8018B0192984546D101370A2FF0D106
:10832800FBF7E2FB00234FF6FF7240F00100ADF8C7
:108338001E30ADF818208DF81A30ADF81C0096E8FC
:108348000300FFF71DF866E006E003087C1F002025
:108358000004004846E0030848E003084AE0030830
:10836800F41F0020EC0C00200D8E000814200020C3
:10837800141B0020DB200020E0210020A120002089
:10838800A8200020A9200020A72000201E8E000879
:108398008A200020942000208C1A0020242000200D
:1083A8002520002000100240B04A1278920700F100
:1083B800398188EA030800224FF0010919EA080FF9
:1083C8005FFA82FA00F0748119EA0302009214BF7E
:1083D8004FF001084FF00008FBF786FB009A40F0C9
:1083E800010080B200230AB1A14A1370ADF81E3013
:1083F800029B8DF819308DF818A08DF81A80ADF809
:108408001C0096E80300FEF7BBFF9A4AD35D89EA91
:10841800030902F80790984F3B7801937B7897F906
:108428000380029397F902300093002253EA08036D
:1084380097F9049097F905A0BA70FA703A717A71B1
:108448003CD08E4A12880492FBF74EFB049A8C4962
:10845800801A0A7880B2002A00F0D58232282DD9F5
:10846800FF2A01D001320A70009B43B1FBF734FEAA
:10847800009B002BCCBF0122FF225043B870B8F1FB
:10848800000F08D0FBF728FEB8F1000FCCBF01227F
:10849800FF225043F87097F9021079B197F9033029
:1084A80063B1B5225143091202FB03F308BF01214E
:1084B800714AB9701B1208BF0123D37059EA0A0325
:1084C8003CD0704B1F88FBF70FFB6F4A1378C01B1B
:1084D80080B2002B00F0928264282FD9FF2B01D0A4
:1084E80001331370644FB9F1000F08D0FBF7D0FDCA
:1084F800B9F1000FCCBF0123FF2358433871BAF1FB
:10850800000F08D0FBF7C4FDBAF1000FCCBF012360
:10851800FF235843787197F9041079B197F905004A
:1085280060B1B5235943091203FB00F308BF0121C9
:10853800514A39711B1208BF012353714E4FF97804
:10854800BA780A4339790A43797952EA010301D0A2
:10855800FDF7D8FB019B3B70029B7B70009BBB70B7
:1085680087F8038087F80490DFF8348187F805A03E
:10857800FBF752FB98F80030834221D0FBF74CFB05
:1085880088F80000DFF8E48098F8003007465807BC
:1085980013D5D90711D53D48FDF76AF898F800308A
:1085A800DA070AD53A483946FDF762F898F80030F4
:1085B800DB0702D53748FDF75BF83846FCF748F883
:1085C800DFF8E0804046202250F8D43F31461F6A49
:1085D8000023B847D8F8283220221F6A31460023E2
:1085E80008F50A70B84700283FF423AE9DF8183004
:1085F800013BC7B2122B00F2A380DFE813F0620040
:1086080069009500A500AE00D000A100A100A1005E
:10861800A100A100D300D700DC00FF002001230146
:10862800250149011C480493DFF87C90DFF87CA001
:10863800FDF71EF8049B0022114615480593049285
:10864800FDF716F81548FDF713F819F8010BFBF7B5
:10865800D1FF01465046FDF70BF80E48FDF708F824
:10866800049A059B01320A2AE6D1A2E65E1F002081
:10867800E021002094200020A12000207C20002060
:10868800A82000207E200020A9200020368E000887
:10869800BF8D0008D28D0008228E0008468E000883
:1086A80088200020000D00208A200020318E00083C
:1086B80001324FEA4909082A5FFA89F97FF47EAE48
:1086C8002BE600238DF8193009238DF81A3020E0A5
:1086D8009DF81930022B00F08681032B0DD0012B59
:1086E8002ED1FBF701FA030E8DF81A30030C8DF822
:1086F8001B3040BAADF81C000BE0C5490DF119025A
:1087080000230133DBB211F8010B02F8010F0A2B29
:10871800F7D1202F7FF48DADD8F82832BD485B689B
:108728003A463146984784E59DF81930022B07D11F
:10873800DDF81A1009BAC9B22620FBF709FBE8E7E9
:10874800FF238DF81830E4E79DF81B209DF81A10D8
:108758009DF81900FBF768FACBE79DF81C309DF8E7
:108768001A909DF81D109DF8192041EA03214FEA3F
:1087780009109DF81B304FF0A00919FB020909EBFD
:10878800430909F127000FFA81FA80B2090AFBF7B9
:10879800DFFA09F128005FFA8AF180B2CDE7FBF72A
:1087A80067FBB6E710238DF81930B2E701238DF87F
:1087B8001930592389E79DF819209DF81A309DF83A
:1087C8001B9043EA022303F2A722C3F57D433146F7
:1087D80059334FF0000AD01880B2484599D2A2F216
:1087E800A720B0F5AC7F06DC1046FAF782FF0871C7
:1087F80001320131EFE781F804A0F9E79DF819305B
:108808009DF81A909DF81B2049EA03294FF0000AA9
:108818001FFA8AF39342BFF47CAFB9F5AC7F09DC49
:1088280006AB534409F2A7201979009280B2FBF7EE
:108838008FFA009A0AF1010A09F10109E8E7FBF742
:108848000BFB66E70423AEE79DF819209DF81A3064
:108858009DF81B9043EA022303F12702C3F57F43E7
:108868003146D9334FF0000AD01880B281457FF6DF
:1088780050AFA2F12700B0F5207F06DA1046FAF7CC
:1088880038FF087101320131EEE781F804A0F9E7F9
:108898009DF819309DF81A909DF81B2049EA032984
:1088A8004FF0000A1FFA8AF39A427FF632AFB9F501
:1088B800207F09DA06AB534409F1270019790092A1
:1088C80080B2FBF745FA009A0AF1010A09F1010999
:1088D800E8E72B78052B0BD14F4F3B6C43F0100387
:1088E8003B64C820FCF71CFE3B6C23F010033B6480
:1088F800202383F311882B78012B18D0474B4FF492
:108908008062C3F888204FF40061002283F84A236C
:10891800C3F8881083F84B233F4B03221A64D8F816
:108928001C3023F40003C8F81C30D8F81C30DFF8DA
:10893800F4A0002301226B602A7099461F465AF85A
:10894800043B7BB1586920B16FF001010C30FAF794
:10895800FEFA5AF8043C986920B16FF001010C3016
:10896800FAF7F5FA09F10109B9F1080F4AF8047C98
:10897800E5D12268A36992689B689A4201D9FEF7FB
:10898800F9FF002787F3118801224FF480514FF037
:108998009040F9F785FE4FF090434FF480525A8388
:1089A800202383F311881E4BCBF804309BF800304A
:1089B800012BCBE90377CBE90577CBE90777CBE93F
:1089C800097701D1F9F712FE02238BF80030002352
:1089D80083F3118840F202724FF480514FF09040B7
:1089E800F9F75EFE63E42620FAF783FE0023ADF86C
:1089F8001A308DF81C308DF81D008AE6B0F5967F88
:108A08003FF66EAD9AE5B0F5967F3FF62BAD55E58E
:108A18008A200020280F0020005C004000E100E0D0
:108A2800F49A0008981A0020404A08B552F8041C25
:108A38003F4B99420DD1002342F8043C83F314883C
:108A48003C4B1B6883F3088862B63B4B1B6898470E
:108A5800FEE73A4A3A49936A43F4FC039362936AFD
:108A680023F4FC039362936A536943F4FC03536150
:108A78004FF090405369F9F719FD32493248F9F738
:108A880015FD32493248F9F711FD32493248F9F7F4
:108A98000DFD32493248F9F709FD32493248F9F7F4
:108AA80005FD136843F00103136013461A68920723
:108AB800FCD55A6822F003025A605A6812F00C0278
:108AC800FBD1196801F0F90119605A601A6842F47B
:108AD80080321A601A689003FCD55A6A42F0010283
:108AE8005A625A6A9107FCD5204A5A604FF40452D8
:108AF800DA6230221A631A6842F080721A601A68C1
:108B08009201FCD51A4A12211160116801F007017F
:108B18000229FAD15A6842F002025A605A6802F0F1
:108B28000C02082AFAD11A6B1A6308BD00A00020AB
:108B3800EFBEADDE00D8FF1F04D8FF1F00100240B3
:108B4800D8960008F496000800040048109700081A
:108B5800000800482C970008000C004848970008B7
:108B680000100048649700080014004800241D0005
:048B78000020024097
:048B7C00F8B500BF89
:048B8000F8B500BF85
:108B88000002040507090B0C0E1011131517181A0B
:108B98001C1D1F2123242628292B2D2F3032343544
:108BA80037393B000000000000000000000030439F
:108BB80000000000000030C30020202020202020DA
:108BC8002020282828282820202020202020202075
:108BD8002020202020202020208810101010101085
:108BE80010101010101010101004040404040404D1
:108BF800040404101010101010104141414141416B
:108C0800010101010101010101010101010101014C
:108C1800010101011010101010104242424242425C
:108C2800020202020202020202020202020202021C
:108C380002020202101010102000000000000000C4
:108C4800000000000000000000000000000000001C
:108C5800000000000000000000000000000000000C
:108C680000000000000000000000000000000000FC
:108C780000000000000000000000000000000000EC
:108C880000000000000000000000000000000000DC
:108C980000000000000000000000000000000000CC
:108CA80000000000000000000000000000000000BC
:108CB80000000000000000000000000000000000AC
:108CC800000000000000000000000000000000009C
:108CD800000000000000000000000000000000008C
:108CE800000000000000000000000000000000007C
:108CF800000000000000000000000000000000006C
:108D0800000000000000000000000000000000005B
:108D180000000000000000000000000073746163A0
:108D28006B206F766572666C6F770064656C5F6B3D
:108D380065795F6269743A2063616E27742064659F
:108D48006C3A20253032580A006164645F6B65799B
:108D58005F6269743A2063616E2774206164643AC3
:108D680020253032580A006B6579626F6172645F42
:108D78007265706F72743A20002530325820004FA7
:108D88006E6573686F743A206163746976653A201A
:108D980025640A006D6F7573656B6579205B627475
:108DA8006E7C782079207620685D287265702F6146
:108DB800636C293A205B0025303258007C0025641A
:108DC800005D28002575002F00290A0044454255FA
:108DD800473A20656E61626C65642E0A004445421C
:108DE80055473A2064697361626C65642E0A0069AC
:108DF800646C650055534220636F6E6669677572CF
:108E080065642E0A004B6579626F61726420737421
:108E18006172742E0A005B735D000A722F63203042
:108E2800313233343536370A0025303862006B6505
:108E380079626F6172645F7365745F6C65643A2010
:108E480000000000998F00089D8F0008B38F00086C
:108E5800BC8E0008D58E0008F58E00080E8F00081D
:108E6800598F0008D98F0008FB8F0008258F00084C
:108E78004022B622E200E900EA00B500B600B700D9
:108E8800CD008301CC008A019201940121022302C2
:108E980024022502260227022A02B300B4006F002A
:108EA800700009027B00040100A0FA090400000117
:108EB8000301010009211101000122400007058179
:108EC8000308000A09040100020300000009211137
:108ED8000100012222000705820320000107050383
:108EE8000320000109040200010300000009211108
:108EF80001000122B6000705840320000A090403C3
:108F080000020300000009211101000122220007CC
:108F1800058503200001070506032000010631FF2F
:108F28000974A1010975150026FF009520750881AF
:108F3800020976150026FF00952075089102C012D7
:108F480001100100000040EDC19023010001020062
:108F58000105010906A101050719E029E715002502
:108F680001950875018102950175088101050719A8
:108F78000029FF150026FF009506750881000508E1
:108F8800190129059505750191029501750391014E
:108F9800C004030904140343006C007500650062F3
:108FA800006F006100720064000000240363006C1D
:108FB800007500650062006F006100720064002F98
:108FC80000360036002F007200650076003400007D
:108FD800000660FF0961A1010962150026FF0095DE
:108FE80020750881020963150026FF009520750881
:108FF8009102C005010902A10185020901A100052C
:10900800091901290815002501950875018102052E
:1090180001093009311581257F95027508810609F6
:10902800381581257F950175088106050C0A3802D7
:109038001581257F950175088106C0C00501098045
:10904800A101850319012AB700150126B70095016A
:1090580075108100C0050C0901A101850419012AB8
:10906800A002150126A002950175108100C0050116
:109078000906A1018505050719E029E7150025015D
:109088009508750181020507190029EF15002501CA
:1090980095F07501810205081901290595057501E5
:1090A8009102950175039101C00000000000024083
:1090B80008000240010000000000000B0000024010
:1090C8001C000240020000000004010C00000240E5
:1090D80030000240040000000008020D00000240B9
:1090E8004400024008000000000C030E000002408B
:1090F80058000240100000000010040F0000024059
:109108006C0002402000000000140510000002401E
:1091180080000240400000000018061100040240D0
:1091280008040240800000000000073800040240E4
:109138001C04024000010000000408390004024039
:1091480030040240000200000008093A000402400E
:109158004404024000040000000C0A3B00040240E2
:10916800580402400008000000100B3C00000000FA
:1091780000000000000000000000000000000000E7
:109188000000000000002A2B28000000000000005A
:1091980000000000000000000029000000002C1E54
:1091A8003420212224342627252E362D3738271E11
:1091B8001F202122232425263333362E37381F0437
:1091C80005060708090A0B0C0D0E0F1011121314CF
:1091D80015161718191A1B1C1D2F3130232D35048D
:1091E80005060708090A0B0C0D0E0F1011121314AF
:1091F80015161718191A1B1C1D2F3130354C000075
:1092080000007E0F00D4FFFFFFC7000000786D61EB
:10921800696E00164230040444080C1014181C200F
:10922800212200000A040048020400480104004802
:1092380000040048070000480404004803040048EC
:109248000504004800740040000000000000000011
:109258000000FFFF09000000BE2000000A00000017
:10926800007400400300000010000000FFFF000031
:109278000A000000BE2000000A000000FF0FFF0FD8
:10928800FF0FFF0FFF0FFF0FFF0FFF0FFF0FFF0F66
:10929800FF0FFF0FFF0FFF0FFF0FFF0FFF0FFF0F56
:1092A800FF0FFF0FFF0FFF0FFF0FFF0FFF0FFF0F46
:1092B800FF0FFF0FFF0FFF0FFF0FFF0FFF0FFF0F36
:1092C800FF0FFF0FFF0FFF0FFF0FFF0FFF0FFF0F26
:1092D800FF0FFF0FFF0FFF0FFF0FFF0FFF0FFF0F16
:1092E800FF0FFF0FFF0FFF0FFF0FFF0FFF0FFF0F06
:1092F800FF0FFF0FFF0FFF0FFF0FFF0FFF0FFF0FF6
:10930800FF0FFF0FFF0FFF0FFF0FFF0FFF0FFF0FE5
:10931800FF0FFF0FFF0FFF0FFF0FFF0FFF0FFF0FD5
:10932800FF0FFF0FFF0FFF0FFF0FFF0FFF0FFF0FC5
:10933800FF0FFF0FFF0FFF0FFF0FFF0FFF0FFF0FB5
:10934800FF0FFF0FFF0FFF0FFF0FFF0FFF0FFF0FA5
:10935800FF0FFF0FFF0FFF0FFF0FFF0FFF0FFF0F95
:10936800FF0FFF0FFF0FFF0FFF0FFF0FFF0FFF0F85
:10937800FF0FFF0FFF0FFF0FFF0FFF0F0000000091
:1093880000000000000000000000000000000000D5
:1093980000000000000000000000000000000000C5
:1093A80000000000000000000000000000000000B5
:1093B80000000000000000000000000000000000A5
:1093C8000000000000000000000000000000000095
:1093D8000000000000000000000000000000000085
:1093E8000000000000000000000000000000000075
:1093F8000000000000000000000000000000000065
:109408000000000000000000000000000000000054
:109418000000000000000000000000000000000044
:109428000000000000000000000000000000000034
:109438000000000000000000000000000000000024
:109448000000000000000000000000000000000014
:109458000000000000000000000000000000000004
:1094680000000000000000000000000000000000F4
:1094780000000000000000000000000000000000E4
:1094880000000000000000000000000000000000D4
:1094980000000000000000000000000000000000C4
:1094A80000000000000000000000000000000000B4
:1094B80000000000000000000000000000000000A4
:1094C8000000000000000000000000000000000094
:1094D8000000000000000000000000000000000084
:1094E8000000000000000000000000000000000074
:1094F8000000000000000000000000000000000064
:109508000000000000000000000000000000000053
:109518000000000000000000000000000000000043
:109528000000000000000000000000000000000033
:109538000000000000000000000000000000000023
:109548000000000000000000000000000000000013
:109558000000000000000000000000000000000003
:1095680000000000000000000000000000000000F3
:10957800000000000000000000000000FF0FFF0FC7
:10958800FF0FFF0FFF0FFF0FFF0FFF0FFF0FFF0F63
:10959800FF0FFF0FFF0FFF0FFF0FFF0FFF0FFF0F53
:1095A800FF0FFF0FFF0FFF0FFF0FFF0FFF0FFF0F43
:1095B800FF0FFF0FFF0FFF0FFF0FFF0FFF0FFF0F33
:1095C800FF0FFF0FFF0FFF0FFF0FFF0FFF0FFF0F23
:1095D800FF0FFF0FFF0FFF0FFF0FFF0FFF0FFF0F13
:1095E800FF0FFF0FFF0FFF0FFF0FFF0FFF0FFF0F03
:1095F800FF0FFF0FFF0FFF0FFF0FFF0FFF0FFF0FF3
:10960800FF0FFF0FFF0FFF0FFF0FFF0FFF0FFF0FE2
:10961800FF0FFF0FFF0FFF0FFF0FFF0FFF0FFF0FD2
:10962800FF0FFF0FFF0FFF0FFF0FFF0FFF0FFF0FC2
:10963800FF0FFF0FFF0FFF0FFF0FFF0FFF0FFF0FB2
:10964800FF0FFF0FFF0FFF0FFF0FFF0FFF0FFF0FA2
:10965800FF0FFF0FFF0FFF0FFF0FFF0FFF0FFF0F92
:10966800FF0FFF0FFF0FFF0FFF0FFF0FFF0FFF0F82
:10967800FF0FFF0FFF0FFF0FFF0FFF0FFF07000088
:1096880000000000FF0700000000000001000000CB
:1096980000000000000000000000000001000000C1
:1096A80000000000000000000200000000000000B0
:1096B800DD2F0008B12B0008C52A00084000400033
:1096C800F81F0020F81F0020010000000C200020D7
:1096D80000A8802A0000000000FCC03C541115645A
:1096E800FFFF00000000505500E00E0080A00000C1
:1096F800C0000000C0F0000015055555FFFF000030
:109708000000004400000000000A00000000000003
:10971800000000F055555505FFFF000000007700D8
:109728000000000000000000000000000000000031
:1097380055555555FFFF00000000000000000000CF
:109748004000555500000000C000FFFF15551501E9
:10975800FF00000000000000000000000000000002
:10976800000000000F00000050555555FFFF000095
:1097780000000000000000000100000003000000DD
:10978800000000006135000800000000080000002B
:109798002820002000000000020000000000000057
:1097A800165C1E001F002000210022002300240058
:1097B8002B0014001A000800150017001C001800E0
:1097C800390004001600070009000A000B000D000C
:1097D800E10000001D001B00060019000500110033
:1097E800E000E300E2000000000000002C000000A0
:1097F8002500260027002D002E0000002A004B001F
:109808000C00120013002F003000310000004E0041
:109818000E000F0033003400000028000000000094
:1098280010003600370038000000E5005200000044
:1098380000000000E6000151E400500051004F0014
:1098480035003A003B003C003D003E003F00400030
:1098580001000100010001000100010001000100F8
:109868000100010002510100010001000100010096
:1098780001000000010001000100010001000100D9
:1098880001000100010000000000000001000000CC
:109898004100420043004400450000004C00A9007C
:1098A8000100AC00AE00AB000100A8000000AA0057
:1098B800010001000100010000000100000000009B
:1098C8000100010001000100000001004B00000040
:1098D800000000000100015101004A004E004D0047
:1098E800C05CCD5CCE5CCF5CD05CD15CD25CD35C20
:1098F8000100010001000100005C010001000100FD
:1099080001000100025101000100010001000100F5
:109918000100000001000100010001000100010038
:10992800010001000100000000000000C35C00000D
:10993800D45C01000100010001000000C25CC95CA8
:109948000100010001000100010001000000CA5CE3
:1099580001000100010001000000010000000000FA
:10996800010001000100010000000100C75C0000C7
:1099780000000000010001510100C65CC85CC55C24
:1099880001000100010001000100010001000100C7
:1099980001000100010001000100010001000100B7
:1099A80001000100010001000100010001000100A7
:1099B8000100000001000100010001000100010098
:1099C800010001000100000000000000010000008B
:1099D8000100010001000100010000000100010078
:1099E8000100010001000100010001000000010068
:1099F800010001000100010000000100000000005A
:109A08000100010001000100000001000100000048
:109A18000000000001000100010001000100010038
:109A280018A10008E4210020E4210020E4210020FE
:109A380018A100080000000000000000000000005D
:109A480018A100080000000000000000000000004D
:109A580018A100080000000000000000000000003D
:109A680018A10008000000100000001000000010FD
:109A780018A100080000000000000000000000001D
:109A880018A100080000000000000000000000000D
:109A980018A10008000000000000000000000000FD
:109AA8000B04004806000048030000480200004874
:109AB8000100004807040048060400480F08004851
:109AC8000E0800480D0800480300000000000000D0
:109AD800B13700080000000020000000E820002046
:109AE800000000000200000000000000DD46000841
:109AF800253A000841380008D54800080000000051
:109B080093530008D5540008E35300081F55000874
:109B1800DD530008195500088D530008CF5400087C
:0C9B280000000000000000000000000031
:089B34009082FF7F0100000098
:109B3C00FF000000080C002000000000048D00084D
:109B4C00E48C0008C48C0008000000000000000039
:109B5C0000000000000000000000000000000000F9
:109B6C0000000000000000000000000000000000E9
:109B7C0000000000000000000000000000000000D9
:109B8C0000000000000000000000000000000000C9
:109B9C00000000000000000000005C4400000041D8
:109BAC0000005C440000004148F176440000C040D5
:109BBC0000005C440000C04048F176440000C04006
:109BCC0000005C440000C040010000000000DC44C8
:109BDC000000004100005C440000004100005C44B7
:109BEC00000000410000DC440000004100005C4427
:109BFC000000004100005C440000004148F1764444
:109C0C000000C04000005C440000C04048F17644B5
:109C1C000000C04000005C440000C040B5370008A4
:109C2C00CD550008755500087D37000849370008E8
:109C3C000400000004000000000000000000000010
:109C4C000000000000000000000000000000000008
:109C5C0000000000000000000000000000000000F8
:109C6C0000000000000000000000000000000000E8
:109C7C000000000003000000000000006535000833
:109C8C0000000000200000000000000000000000A8
:109C9C0002000000000000000300000000000000B3
:109CAC00000000008B3600080000200000000000BF
:109CBC000000000002000000000000000300000093
:109CCC0000000000633500080000000008000000E0
:109CDC000000000000000000020000000000000076
:109CEC008C1A00200506000004000000040000008F
:109CFC00200000002000000001000000341B0020A8
:109D0C00C41B002000000000000000000000000048
:109D1C000000000000000000000000000000000037
:109D2C000000000000000000000000000000000027
:109D3C000000000000000000000000000000000017
:109D4C000000000000000000000000000000000007
:109D5C0000000000000000000000000000000000F7
:109D6C0000000000000000000000000000000000E7
:109D7C0000000000000000000000000000000000D7
:109D8C0000000000040000000400000000000000BF
:109D9C0000000000000000000000000000000000B7
:109DAC0000000000000000000000000000000000A7
:109DBC000000000000000000000000000000000097
:109DCC000000000000000000030000000000000084
:109DDC0065350008000000002000000000000000B5
:109DEC000000000002000000000000000300000062
:109DFC0000000000000000008B360008000020006E
:109E0C000000000000000000020000000000000044
:109E1C000300000000000000633500080000000093
:109E2C00080000000000000000000000020000001C
:109E3C00000000008C1A0020020300000400000047
:109E4C0004000000200000002000000000000000C2
:109E5C00541C0020E41C0020000000000000000046
:109E6C0000000000000000000000000000000000E6
:109E7C0000000000000000000000000000000000D6
:109E8C0000000000000000000000000000000000C6
:109E9C0000000000000000000000000000000000B6
:109EAC0000000000000000000000000000000000A6
:109EBC000000000000000000000000000000000096
:109ECC000000000000000000000000000000000086
:109EDC000000000000000000AD3A000852D02445FC
:109EEC00000000410000DC440000004152D0A444BA
:109EFC000000404100400000000000002000000075
:109F0C0000000000004000000000000020000000E5
:109F1C00000000000A000000714F00082000000043
:109F2C000000000001009600000000080000DC4466
:109F3C00000000410AA7CF44000000415CFFB84478
:109F4C000000004152D0A444000000411FD59244AF
:109F5C00000000415C978A440000004148F17644BF
:109F6C000000004100005C440000004100005C4423
:109F7C000000004148F17644000000415C978A449F
:109F8C00000000411FD592440000004152D0A4446F
:109F9C00000000415CFFB844000000410AA7CF4418
:109FAC00000000410000DC44000000410300000000
:109FBC0000005C44000080411F1569440000804192
:109FCC0048F176440000804100D08244000080417A
:109FDC005C978A4400008041A4D024440000804156
:109FEC0000005C44000080411FD592440000804179
:109FFC005CFFC34400008041000000000000000032
:10A00C005CFF4344000080411FD592440000804116
:10A01C000000DC440000804152D024450000804107
:10A02C00000000000000000000005C4400008041C3
:10A03C0048F17644000080415C978A4400008041DE
:10A04C001FD592440000804152D0A44400008041AE
:10A05C000000DC44000000410AA7CF44000000418E
:10A06C005CFFB8440000004152D0A4440000004101
:10A07C001FD59244000000415C978A4400000041C7
:10A08C0048F176440000004100005C4400000041AF
:10A09C0000005C440000004148F17644000000419F
:10A0AC005C978A44000000411FD592440000004197
:10A0BC0052D0A444000000415CFFB84400000041B1
:10A0CC000AA7CF44000000410000DC44000000411E
:10A0DC006400000052D0A444000000410000DC44A5
:10A0EC000000004152D024450000404100005C4477
:10A0FC00000080415C978A440000804152D0A44407
:0CA10C00000080410000DC4400008041A5
:04000005080003519B
:00000001FF
