:020000040800F2
:1000000000040020310200088F8800083302000835
:1000100033020008330200083302000833020008EC
:1000200033020008330200083302000833020008DC
:1000300033020008330200083302000833020008CC
:1000400033020008330200083302000833020008BC
:1000500033020008330200083302000833020008AC
:1000600033020008D1950008CD930008ED930008F5
:1000700033020008330200083302000865970008C5
:10008000330200083302000833020008330200087C
:10009000330200083302000833020008330200086C
:1000A000330200083302000833020008330200085C
:1000B000330200083302000833020008AD9700083D
:0800C0003D01000811010008D8
:1000C8000448054B10B5834203D0044B002B00D0E5
:1000D800984710BD500F0020500F0020000000006E
:1000E80006480749091A8B10C90FC91810B54910D5
:1000F80003D0044B002B00D0984710BD500F0020B0
:10010800500F00200000000010B5074C2378002B8A
:1001180009D1FFF7D5FF054B002B02D0044800E0BA
:1001280000BF0123237010BD500F00200000000005
:100138006CB80008054B10B5002B03D004490548DE
:1001480000E000BFFFF7CCFF10BDC0460000000074
:10015800540F00206CB8000872B6244880F3088851
:10016800234880F30988022080F31488BFF36F8F37
:1001780008F0BAF807F05EFE1E481F491B4A914274
:1001880002DA08600431FAE71C49194A914202DA96
:1001980008600431FAE71A491A4A1B4B9A4204DAF2
:1001A8000868106004310432F8E700201749184A3B
:1001B800914202DA08600431FAE708F099F808F089
:1001C80094F8144C144DAC4203DA2168884704347F
:1001D800F9E707F03DFE114C114DAC4203DA2168F6
:1001E80088470434F9E70F49084700000004002055
:1001F800000C002055555555000000200004002033
:100208006CB80008000C0020500F0020500F002090
:10021800481E0020C0000008C4000008C4000008F0
:10022800C8000008F582000896E700F000F8FEE72D
:10023800F0B544464D4656465F46F0B46B46CB6033
:10024800C3689D46F0BCA046A946B246BB46F0BD71
:1002580062B6281CA047002008F090FAFEE708F0D4
:1002680033FA024A024B1360FEE7C04604ED00E091
:100278000000008002B47146490849000956490047
:100288008E4402BC7047C04602B471464908490012
:10029800095C49008E4402BC7047C04603B47146ED
:1002A800490840004900095A49008E4403BC704778
:1002B800002243088B4274D303098B425FD3030A9D
:1002C8008B4244D3030B8B4228D3030C8B420DD3B0
:1002D800FF22090212BA030C8B4202D3121209023E
:1002E80065D0030B8B4219D300E0090AC30B8B427C
:1002F80001D3CB03C01A5241830B8B4201D38B032A
:10030800C01A5241430B8B4201D34B03C01A5241CE
:10031800030B8B4201D30B03C01A5241C30A8B4211
:1003280001D3CB02C01A5241830A8B4201D38B02FC
:10033800C01A5241430A8B4201D34B02C01A5241A0
:10034800030A8B4201D30B02C01A5241CDD2C30912
:100358008B4201D3CB01C01A524183098B4201D38E
:100368008B01C01A524143098B4201D34B01C01A79
:10037800524103098B4201D30B01C01A5241C308F1
:100388008B4201D3CB00C01A524183088B4201D360
:100398008B00C01A524143088B4201D34B00C01A4C
:1003A8005241411A00D20146524110467047FFE7B8
:1003B80001B5002000F0F0F802BDC0460029F7D0D2
:1003C80076E7704703460B437FD4002243088B42ED
:1003D80074D303098B425FD3030A8B4244D3030BC4
:1003E8008B4228D3030C8B420DD3FF22090212BA89
:1003F800030C8B4202D31212090265D0030B8B4205
:1004080019D300E0090AC30B8B4201D3CB03C01AEE
:100418005241830B8B4201D38B03C01A5241430BC9
:100428008B4201D34B03C01A5241030B8B4201D3B9
:100438000B03C01A5241C30A8B4201D3CB02C01A24
:100448005241830A8B4201D38B02C01A5241430A9C
:100458008B4201D34B02C01A5241030A8B4201D38B
:100468000B02C01A5241CDD2C3098B4201D3CB0132
:10047800C01A524183098B4201D38B01C01A5241E1
:1004880043098B4201D34B01C01A524103098B42E5
:1004980001D30B01C01A5241C3088B4201D3CB00D0
:1004A800C01A524183088B4201D38B00C01A5241B3
:1004B80043088B4201D34B00C01A5241411A00D263
:1004C80001465241104670475DE0CA0F00D04942CC
:1004D800031000D34042534000229C4603098B423C
:1004E8002DD3030A8B4212D3FC22890112BA030AC4
:1004F8008B420CD3890192118B4208D38901921146
:100508008B4204D389013AD0921100E08909C309CA
:100518008B4201D3CB01C01A524183098B4201D3CC
:100528008B01C01A524143098B4201D34B01C01AB7
:10053800524103098B4201D30B01C01A5241C3082F
:100548008B4201D3CB00C01A524183088B4201D39E
:100558008B00C01A5241D9D243088B4201D34B00B9
:10056800C01A5241411A00D20146634652415B10FB
:10057800104601D34042002B00D5494270476346DC
:100588005B1000D3404201B5002000F005F802BD21
:100598000029F8D016E770477047C046002B11D1E4
:1005A800002A0FD1002900D1002802D00021C94318
:1005B800081C07B4024802A14018029003BDC046B7
:1005C800D9FFFFFF03B4684601B5029800F02EF882
:1005D800019B9E4602B00CBC7047C046F0B515049E
:1005E8002D0C0F0001002E00C64684460004140C92
:1005F800000C090C46434D43604361434019340CD9
:10060800241800B5A54203D9802040028046414401
:10061800250C6D18614659437A433004491924045E
:10062800000C2018891804BC9046F0BDF0B5574658
:100638004E464546DE46E0B504000D009246994612
:1006480083B08B4230D82DD04946504600F0BAF8D6
:1006580029000600200000F0B5F8331A9846203B20
:100668009B4633D45A465346934042461F0053464E
:1006780093401E00AF423AD8AF4200D178E05B46C3
:10068800A41BBD41002B00DA75E000220023009274
:10069800019301235A469340019301234246934014
:1006A800009328E08242CFD90022002300920193D0
:1006B8000C9B002B01D01C605D600098019903B071
:1006C8003CBC90469946A246AB46F0BD4246202324
:1006D8009B1A5246DA40414613004A468A401700A0
:1006E80042461F43534693401E00AF42C4D90022DE
:1006F8000023009201934346002BD9D0FB077208D0
:100708001A4346467B080EE0AB4201D1A2420CD800
:10071800A41A9D41012024196D410021013E24188D
:100728004D41002E06D0AB42EED9013E24196D4151
:10073800002EF8D1009801995B4600196941002BF9
:1007480024DB2B005A464446D3402A00E2401C00D2
:100758005B461500002B2ADB26009E40330026004E
:100768004746BE403200801A9941009001919FE7A8
:10077800A342BCD883E74246202300219B1A0022CB
:10078800009101920122DA40019286E74246202335
:100798009B1A2A0046469A402300F34044461343D6
:1007A8002A00E2401C005B461500002BD4DA4246C2
:1007B8002F002023260097409B1ADE403B0033433E
:1007C800CDE7C04610B5002903D100F007F8203066
:1007D80002E0081C00F002F810BDC0461C210123ED
:1007E8001B04984201D3000C10391B0A984201D30C
:1007F800000A08391B09984201D30009043902A2EA
:10080800105C40187047C046040302020101010150
:100818000000000000000000014B18687047C04647
:10082800000C002070B5CDB2830734D0531E002AC7
:100838001BD00278AA4219D0032404E0013B14D348
:100848000278AA4212D001302042F7D1032B0ED8E9
:10085800002B0AD00278AA4208D0C31802E0027816
:10086800AA4203D001308342F9D1002070BDFF2293
:100878000C06240C114021430C04084E0C4302685A
:1008880007496240511891433142E3D1043B043097
:10089800032BF4D8DCE71300D8E7C04680808080BB
:1008A800FFFEFEFEF0B5C64600B50F2A43D90B0081
:1008B800032603431E400C000300002E40D1150000
:1008C800103D2D09AC462D01A846804400E03B00B0
:1008D800676825685F60E7681D60DF601F00A568BE
:1008E80010379D6010344345F1D165460F230C2421
:1008F80001352D01491913404519144223D08C594B
:10090800AC5104369C1B032CF9D80324043B9B08E8
:1009180001339B002240ED18C918561E002A07D043
:10092800002300E02300CA5C5C1CEA549E42F9D113
:1009380004BC9046F0BD0500561E002AF0D1F7E72A
:10094800561E0500ECE71A00F6E7C046F0B50500AC
:1009580083074AD0541E002A44D0CEB20300032293
:1009680002E00135013C3DD301332E701342F8D12A
:10097800032C2FD9FF220A40150215432A041543D8
:100988000F2C35D92700103F3F093E01B4461E0001
:100998001A0010366644156055609560D5601032AF
:1009A800B242F8D10F260C2201373F012640DB194D
:1009B8003700224217D03E1FB608B400A4461A00DA
:1009C8001C1D644420C2A242FCD103240136B60097
:1009D8009B193C40002C05D0C9B21C191970013371
:1009E8009C42FBD1F0BD3400F4E714000300BFE7DC
:1009F8002700E0E7114B70B51C680500A06B0028C4
:100A080003D000230561436170BD183000F0AAF8D7
:100A1800A06300280CD00A4B01220360094B4360F5
:100A2800094B83600B238381002302614361E8E75C
:100A3800064B00224221064800F050F8000C002026
:100A48000E33CDAB34126DE6ECDE05009CB7000822
:100A5800B4B70008184B70B51D68AC6B002C0ED0ED
:100A680020696169154A164BFFF7B8FD012200237A
:100A780012184B41580040082261636170BD18206C
:100A880000F070F8041EA8630FD00E4B012203601B
:100A98000D4B43600D4B83600B2383810023026160
:100AA800436107480A4A064BE6E70A4B00224E21F3
:100AB800094800F013F8C046000C00202D7F954C23
:100AC8002DF451580E33CDAB34126DE6ECDE050033
:100AD8002E7F954C9CB70008B4B7000830B51C00B1
:100AE8000A4B05001B6885B0D868002A0AD0084B55
:100AF8000292019300912B002200064900F020F891
:100B080000F0AAFD044B1A00F2E7C046000C0020D2
:100B1800E8B70008F8B70008F4B70008130010B5E4
:100B28000022FFF7DBFFC0460CB400B583B004AB6E
:100B380004CB019300F01EF903B008BC02B01847BB
:100B48000EB400B582B003AB0100054804CB0068C1
:100B5800019300F00FF902B008BC03B01847C04673
:100B6800000C002010B5034B0100186800F064F871
:100B780010BDC046000C002010B5034B01001868DA
:100B880000F004F810BDC046000C002070B5050048
:100B9800002915D00C1F2368002B27DB280001F043
:100BA80005FA244B1A68002A05D0A2420CD92168FC
:100BB8006018824224D0626028001C6001F0F8F9B5
:100BC80070BDA34203D81A005368002BF9D11168ED
:100BD8005018A0421BD027D821686018834207D03C
:100BE80063605460280001F0E3F9E9E7E418D5E709
:100BF80018685B6884466144216063605460F1E76B
:100C0800106852688446614421606260D4E72068B5
:100C18000918501811608342E4D118685B6884464B
:100C2800614411605360DDE70C2328002B6001F05C
:100C3800BFF9C5E76C0F0020F8B50323CD1C9D4311
:100C4800083506000C2D2AD20C25A94229D83000D7
:100C580001F0ACF92A4F3A68002A0AD013685B1BE6
:100C680004D441E023685B1B1FD522005468002C84
:100C7800F8D17B68002B3DD02900300009F0E2F85C
:100C8800431C2AD00323C41C9C43A04205D0211A2C
:100C9800300009F0D7F8431C1FD0256010E0002D64
:100CA800D3DA0C2300203360F8BD0B2B05D863681A
:100CB800A2421DD0536003E014002360E4182560AD
:100CC800300001F075F9200007220B30231D9043F6
:100CD800C21AE9D01B1AA350E6E70C233000336090
:100CE80001F066F90020DFE70B2BE5D81400536804
:100CF8003B60E5E70021300009F0A4F87860BBE725
:100D08006C0F0020936810B5013B9360002B04DA48
:100D18009469A34207DB0A2905D01368581C1060A0
:100D28000800197010BD00F09BFBFBE7F8B5060042
:100D38000F00002B0DD01400D51802E00134AC428E
:100D480007D021783A003000FFF7DCFF431CF5D1CB
:100D5800F8BD0020FCE7C046936810B51400002BCE
:100D680002D10020536010BD00F07AFE0023A3607A
:100D78006360F8E7F0B54E46DE4657464546E0B5AF
:100D8800A1B00490039191461C00002804D0836907
:100D98000593002B00D1BEE0AD4B039A9A4200D1D7
:100DA800C0E0AC4B039A9A4200D1CDE0AA4B039A1B
:100DB8009A4200D147E1039A93891B0700D4B9E00E
:100DC80013690593002B00D1B4E0002308AD6B61D3
:100DD80020336B761033AB762F3B98464B461B7807
:100DE80007949E4F002B00D189E0252B00D125E1E7
:100DF8004E4603E0252B00D1AAE026007378741C28
:100E0800002BF7D14B46E31A9A4678D053464A4608
:100E180003990498FFF78AFF431C70D06B69534409
:100E28006B617378002B6AD00122002352426A60FA
:100E3800443201342B60EB60AB60AB54AB6506E029
:100E48004346C01B834034002A6813432B60217833
:100E580005223800FFF7E6FC661C0028F0D12B6855
:100E6800B246DA0602D543222021A9541A0702D530
:100E780043222B21A95421782A2900D06EE0079A11
:100E8800111D12680791002A00DABAE0EA60617859
:100E9800A61C2E2900D17AE0714B0322180099462E
:100EA800FFF7C0FC002800D18FE04B46C01A402352
:100EB80083402A68317813432B600622731C6948E3
:100EC80099462976FFF7AEFC002800D188E0664BEA
:100ED800002B00D18EE007AB0093039A634B2900E7
:100EE800049800E000BF83465B46013307D06B6976
:100EF8005B446B614B461B78002B00D075E7039B66
:100F08009B895B061DD4686921B03CBC9046994614
:100F1800A246AB46F0BD00F07BFD4D4B039A9A42CA
:100F280000D03EE7049B5B680393039A93891B07F1
:100F380000D545E70399049800F008FB002800D184
:100F480043E701204042DFE7049B9B68039332E7B5
:100F58004B46E31A9A4600D166E757E70A00303A4B
:100F6800A246092A95D8EB68180001E0340001363A
:100F780083001B1831785B0098180A00303A092A58
:100F8800F4D9B246E860A61C2E2900D084E753465F
:100F980059782A293BD1079B1A1D07925246917806
:100FA800D61C022294461B68E2446B60002B00DBCF
:100FB80072E701235B426B60294B032218009946B4
:100FC800FFF730FC002800D06FE7B146564631786D
:100FD800062224482976FFF725FC002800D076E76A
:100FE80007AB0093039A214B2900049800F0E4F81A
:100FF800834679E70722079B073393430833079310
:1010080075E75242EA60022213432B603FE70A0069
:101018000023303A6B601800092A01D910E01E003D
:1010280083001B1871785B0098180A00303A731C0B
:10103800092AF4D99A46023668602DE74C46F3E649
:10104800B246013628E7049BDB680393B3E6C04643
:10105800E89F0008C89F0008A89F000828B8000853
:1010680030B8000834B8000800000000350D00084A
:1010780010B504001300034A10680A002100FFF7A6
:1010880079FE10BD000C0020F0B54F464646D64606
:10109800C0B51F00089B914698468A680B690600F0
:1010A8000C00934200DA13004A4613604322A25C04
:1010B800002A02D04A460133136023689A065AD59B
:1010C8004B461B6806209A1C4B461A602368190079
:1010D800184208D1E16800258A1A19218A461900A0
:1010E800A244002A3FDC4323E35C5A1E93418A064C
:1010F8000AD53020E1184331087045215A1C615C3B
:10110800A2184332023311702200390043323000F2
:10111800C047431C19D006232068A26821690340F0
:10112800042B30D08A423ADD00239946521A914462
:101138001A34002502E001354D4530DA012322003A
:1011480039003000C047431CF5D1012040421CBC87
:1011580090469946A246F0BD4B46E2681B680135A9
:10116800D31AAB4220DD0123524639003000C04774
:10117800431CF1D1E9E706221A4212D04323E35C6B
:101188005A1E9341C0E74B46E0681B68C31AD84310
:10119800C017184081468A42C8DC002BC8DC0020F2
:1011A800D5E74A46126895E743232168E35C5A1E4F
:1011B80093418A069DD4A7E7F0B557469A4643233C
:1011C8009C464E464546DE468C446346E0B587B0AD
:1011D80003930B7E914680460C00109A6E2B00D12B
:1011E800D8E000D871E0732B00D11AE100D881E073
:1011F800752B00D1FFE0782B00D00BE10B6878202D
:101208004521605494498B46116840C911601806FD
:1012180003D4580601D53604360CDA0702D5202245
:10122800134323601027002E00D1C2E0432300227D
:10123800E2546368A360002B00DAC5E00422216849
:1012480091432160002E00D083E0002B00D0BDE048
:10125800039D082F00D18CE0039B5B1B2361534641
:1012680005AA009321004B464046FFF70DFF431C9B
:1012780022D023692A0049464046D047431C1BD048
:1012880022680598E368920700D47FE01A1A002ABA
:1012980000DC7BE026000025193606E0E3680598A7
:1012A80001351A1AAA4200DC70E0012332004946CF
:1012B8004046D047431CF1D10120404207B03CBC16
:1012C80090469946A246AB46F0BD632B00D184E018
:1012D8001FD8002B69D0582B00D09BE045216354C0
:1012E8005E4923688B46116840C91160180600D40E
:1012F8008FE792E76F2B7ED0702B00D08AE02023F7
:10130800096878200B4345212360605452498B4675
:101318007AE7642B01D0692B7CD111682368081DFA
:1013280010601D064AD50A681600002A03DB4B4BDD
:101338000A279B467DE743222D21A1546268764205
:10134800A260002A02DB042293432360434B0A274E
:101358009B46039D00E0060039003000FFF72EF899
:101368005B465B5C013D2B70BE42F4D2082F00D077
:1013780072E72368DB0700D46EE76368226993424B
:1013880000DD69E73023013D2B7065E7984295DA67
:10139800180093E7136809681D1D606915601B68CC
:1013A8000E0601D449064BD418600023039D23611F
:1013B80055E7202322689A43226037E75D06B2D5B5
:1013C80000228E5E3200B0E7002EC2D15B462500B7
:1013D8001A7842234235E2543BE713682500191D69
:1013E80011601A684223E254413B4235236143238A
:1013F8000022E25433E7116820680D1D15600606C7
:1014080001D440061ED40E686F2B1DD0134B0A273B
:101418009B460BE742222500A35401234235236152
:10142800E5E71368191D11601D686268002128002E
:10143800FFF7F8F900280BD0401B60602061D6E761
:101448001880B2E70E88DFE7044B08279B46EDE6D5
:1014580060682061CBE7C04650B800083CB8000877
:10146800F8B505000E001400002802D08369002B8F
:1014780029D02D4B9C422BD02C4B9C4246D02C4B38
:101488009C424ED0A369A360A3891B0726D5236974
:10149800002B23D0FF22F7B2616916402268D31AC5
:1014A80099422ADD0133A1680139A160511C2160EC
:1014B800177062699A422BD0A389DB0701D50A2EDF
:1014C80026D03000F8BD00F0A3FA174B9C42D3D1C8
:1014D8006C68A369A360A3891B07D8D421002800DE
:1014E80000F034F8002819D1FF222369F7B26169A6
:1014F80016402268D31A9942D4DC2100280000F053
:101508004DF900280AD122680123CCE7AC68B9E775
:101518002100280000F042F90028D2D001267642A6
:10152800CFE7EC68AEE7C046E89F0008C89F000810
:10153800A89F000810B5044B0A001B68010018009A
:10154800FFF78EFF10BDC046000C00203E4B70B563
:101558001D6806000C00002D02D0AB69002B1BD0C3
:101568003A4B9C421ED03A4B9C424CD0394B9C4241
:1015780060D00C23E25E93B2190719D521690029BE
:1015880021D0DA072ED50023A360636900205B42CF
:10159800A36100292ED070BD280000F039FA2B4B2A
:1015A8009C42E0D16C680C23E25E93B21907E5D443
:1015B800D90641D55B0728D4216908231343A381A1
:1015C8009BB20029DDD1A0228020920080001A4021
:1015D8008242D6D02100300000F042FCA389216964
:1015E800DA07D0D400229B0700D46269A2600020E9
:1015F8000029D0D10C22A35E1A06CCD54022134371
:10160800A3810138C7E7AC68B3E7616B00290AD04A
:1016180023004433994204D03000FFF7B7FA0C2373
:10162800E25E0023636324239A43002321696360F5
:101638002160C2E7EC689CE709233360402301205E
:101648001A43A2814042A6E7000C0020E89F000848
:10165800C89F0008A89F000810B5062000F060FD8C
:10166800012008F013FCC046F0B5C64600B58B89CA
:1016780080460C001A0745D44A68002A63DDE56AEB
:10168800002D3BD042464146166800220A60216A76
:10169800DA045CD4012300224046A847431C61D0E9
:1016A800A389E56A216A5B0706D56368C01A636B7C
:1016B800002B01D0236CC01A002302004046A84723
:1016C800431C46D143461B680C21625E002B56D052
:1016D8001D2B01D0162B5DD1002363602369236085
:1016E8004346616B1E60002908D0230044339942A9
:1016F80002D04046FFF74AFA00236363002004BC87
:101708009046F0BD0E69002EF8D00A680E60951B51
:1017180000229B0700D14A69A260002D04DCEDE796
:1017280036182D1A002DE9DD2B003200216A4046BB
:10173800A76AB8470028F3DC40220120A389404269
:101748001343A381DBE70A6C002A98DCD6E7606DB7
:10175800A9E70023636023692360A389DB04BFD55D
:101768006065BDE743461B68002B99D01D2B0DD043
:10177800162B0BD04022A3891343A381BFE76360D4
:1017880023692360D304ABD56065A9E743460020ED
:101798001E60B4E740231A43A281B0E70B6970B515
:1017A80005000C00002B16D0002802D08369002BFE
:1017B80015D00E4B9C4210D00D4B9C4212D00D4BB5
:1017C8009C4211D00C22A35E002B04D021002800DB
:1017D800FFF74AFF00E0002070BD6C68F2E700F0F8
:1017E80017F9E6E7AC68EDE7EC68EBE7E89F000877
:1017F800C89F0008A89F000810B5011E04D0054B1B
:101808001868FFF7CBFF10BD034B0449186800F0B8
:10181800D9FAF8E7000C0020A49F0008A5170008D3
:101828000020704710B5024900F0CCFA10BDC04640
:10183800A51700080020704770B568244A1E544355
:101848000E0021007431FFF7F7F9051E09D00023B7
:101858002200036046600C30A86068320021FFF760
:1018680075F8280070BDC0461E4B70B51D6806008F
:10187800AB69002B27D048356B68AC68013B03D5B2
:101888001CE06834013B19D30C21625E002AF8D1B0
:1018980000252000144B656625606560A560E3603F
:1018A80025616561A561082200215C30FFF74EF8CB
:1018B8006563A563A564E564200070BD2C68002CF1
:1018C80005D02500D8E7280000F010F8D3E7042158
:1018D8003000FFF7B1FF041E2860F2D10C233360FB
:1018E800EAE7C046A49F00080100FFFFF0B5D6460E
:1018F8004F464646384BC0B5836200238364C364B1
:101908000365364B82B01B6805000193984260D08E
:101918002800FFF7A9FF68602800FFF7A5FFA86067
:101928002800FFF7A1FF6E680024E8600423300058
:10193800746634607460B460F36034617461B46177
:10194800082200215C30FFF701F8254B254F9A4605
:101958007362254B37639946B362244B3662F36250
:10196800AE6898463000224B746634607460B46088
:10197800F36034617461B461082200215C30FEF7C1
:10198800E5FF534673624B46B36243463763F362DF
:101998003662EE68174B3000F3607466346074602A
:1019A800B46034617461B461082200215C30FEF7D0
:1019B800CDFF534673624B46B3624346F36201233D
:1019C80036623763AB6102B01CBC90469946A246AA
:1019D800F0BD012383619BE72D180008A49F000830
:1019E800B52100084D220008E12100082122000845
:1019F800090001001200020010B5034B03491868E2
:101A080000F0E0F910BDC046A49F0008A517000823
:101A1800836910B5002B01D1FFF768FF10BDC046E0
:101A28007047C0467047C0467047C0467047C046BA
:101A380010B5034B0349186800F0A2F910BDC04661
:101A4800000C00202918000810B5034B034918683A
:101A580000F096F910BDC046000C00203D180008A3
:101A6800F0B54546DE4657464E46E0B5936883B026
:101A780000900C009046002B6DD08B891A0700D47B
:101A880071E00A69002A00D16DE0424616689A079B
:101A980000D475E0A36A00279A46B54B00259946FD
:101AA800216A002D16D02B004D4500D9B04B3A00C5
:101AB8000098D047002800DCD5E043469B683F18D3
:101AC8002D1A181A4346986045D0A36A216A9A4687
:101AD800002DE8D1376875680836E2E74B461B6881
:101AE8009A464B465F6808239C46E144002FF5D090
:101AF8003A000A215046FEF795FE002800D1CEE0B4
:101B080053460130C61A3300BB469F4200D99B4654
:101B1800206822696369904204D9A2689D18AB4580
:101B280000DD92E05B4500DDF9E0A56A5246216AD6
:101B38000098A847051E00DC95E0761B0120002EC2
:101B480000D1E4E043469B68AA447F1B5D1B4346E3
:101B58009D6000D095E0002003B03CBC90469946BB
:101B6800A246AB46F0BD21000098FFF7EFFC002825
:101B780000D0F9E04246A38916689A0700D589E79C
:101B8800DA0778D4002291468022920000279346F3
:101B9800A5682068002F53D05A46134200D181E02F
:101BA800AA46BD4200D9AFE09022D20013422ED0FF
:101BB8002169451AAC466069019542001218D00F98
:101BC8008218781C521060449246904201D982468D
:101BD80002005B0500D4AFE011000098FFF72CF875
:101BE800051E00D1BAE0019A2169FEF75BFEA389C0
:101BF800604A134080221343A3815246019B25610A
:101C0800E818BA463D00D31A20606261A3605246C4
:101C1800494600F06DF9A3685D1BA5603D000027EB
:101C280023685344236043469B68A9445D1B43468D
:101C38009D6000D18FE7A5682068A389002FABD1EC
:101C48003268776891460836A4E751462A0000F0C2
:101C58004FF9236821005B1923600098FFF79EFD68
:101C6800002800D169E70C22A35E4022012013431B
:101C7800A381404270E70023B14600209A4600271E
:101C88001E00002F00D129E7002800D03BE73A00CA
:101C98000A215046FEF7C6FD002800D030E77B1C1D
:101CA8001E0031E72369834217D363699A46BB4212
:101CB80013D8314B38009F4200D930485146FEF7BF
:101CC80081FB53464A464343216A0098A56AA847C0
:101CD8000028C8DD05007F1BA5E7BD4200D93D00EF
:101CE8002A00494600F004F9A36822685B1B5219D0
:101CF800A3602260002BEED121000098FFF74EFD73
:101D08000028B0D17F1B8EE73D00BA467FE721004F
:101D18000098FFF743FD002800D113E7A3E75A46D0
:101D2800514600F0E5F85A46A3685D469B1AA36041
:101D380023685B44236000E7009800F03BF9051E28
:101D480000D05AE7009D21692800FEF71FFF802276
:101D5800A3899343743A1BB22A6086E70C23009A3E
:101D680013600C22A35E80E701204042F4E6C046DF
:101D780000FCFF7F7FFBFFFFFEFFFF7FFFFFFF7F72
:101D8800F0B5C646483000B588460700002600284A
:101D980013D07B68BC685D1E0CD4A389012B06D9BF
:101DA8000E22A35E013302D02000C04706436834E8
:101DB800013DF2D23F68002FEBD1300004BC9046C1
:101DC800F0BDC046F8B54746CE4680B5070048374F
:101DD800804689460026002F14D07B68BC685D1EAB
:101DE8000DD4A389012B07D90E22A35E013303D09A
:101DF80021004046C84706436834013DF1D23F6898
:101E0800002FEAD130000CBC90469946F8BDC04678
:101E180070B50C001D000E23C95E96B0160000298F
:101E280014DB6A4608F01BF800280FDBF022019B40
:101E380012021340094A944663445A4253412B60A4
:101E48008023DB003360002016B070BD00232B60B8
:101E5800A3891B06F4D540233360F4E700E0FFFFB5
:101E680070B58B8982B006000C009B0707D523004C
:101E78004733236023610123636102B070BD01AB66
:101E88006A46FFF7C5FF009905003000FEF7D4FE4B
:101E9800002810D08022154BB362A3892060134319
:101EA800009A1BB26261019AA3812061002A0CD1B9
:101EB8002B43A381E1E70C22A35E9A05DDD403221C
:101EC800934302221343A381D1E70E23E15E30003E
:101ED80007F0D1FF002802D10C22A35EE8E7032215
:101EE800A3899343012213431BB2E1E72D1800088D
:101EF800F0B5C64600B588420CD98B18984209D26D
:101F0800531E002A03D0CA5CC254013BFBD204BC56
:101F18009046F0BD0F2A0CD80500561E002AF6D0B0
:101F2800002300E02300CA5C5C1CEA549E42F9D1FD
:101F3800EDE70B00032603431E400C000300002EB0
:101F48002ED11500103D2D09AC462D01A846804420
:101F580000E02B001D00276810351F6067685F6070
:101F6800A7689F60E7681034DF604345F1D1654694
:101F78000F230C2401352D0149191340451914422A
:101F880011D08C59AC5104369C1B032CF9D803246E
:101F9800043B9B0801339B00ED18C9182240BCE79D
:101FA800561E0500BCE71A00B7E7C0467047C04692
:101FB8007047C046F8B507000C00150000291BD073
:101FC800002A15D000F044F92600A84201D33000B9
:101FD800F8BD29003800FEF72FFE061EF7D02100B5
:101FE8002A00FEF75FFC21003800FEF7CFFDEEE780
:101FF800FEF7CCFD0026EAE71100FEF71DFE0600FD
:10200800E5E7C04610B580210400FEF715FE6064C0
:10201800002807D002000023803208C09042FCD17B
:10202800002010BD01204042FBE7C046426C10B5BD
:102038000023002A01D0180010BDFFF7E3FF0300BA
:10204800F9E7C04670B505000C0016001F2907D82F
:10205800436C002B09D0A4001B1918681E6070BDC2
:102068001623036001204042F9E7FFF7CBFF002861
:1020780001D16B6CEFE701204042F0E770B5050035
:102088000C001F2920D8436C002B0ED08A009B1807
:102098001A68002A09D0012A14D0511C0ED0002138
:1020A800200019609047002070BD280000F07AF8E1
:1020B80022000100280000F061F8F5E7162303600C
:1020C8000120F1E70020EFE71623036001204042DA
:1020D800EAE7C04670B505000C001F291DD8436CFF
:1020E800002B10D0A2009B181A68002A09D0511C96
:1020F80011D0012A0DD0002120001960904700203E
:1021080070BD0120FCE7FFF77DFF002805D16B6C4F
:10211800E8E70320F4E70220F2E701204042EFE776
:1021280010B5034B01001868FFF7A8FF10BDC046A3
:10213800000C002010B5044B0A001B6801001800B1
:10214800FFF780FF10BDC046000C0020054B10B5FE
:102158001B6800205A6C002A00D010BD1800FFF739
:1021680051FFFAE7000C002010B5034B0100186876
:10217800FFF7B0FF10BDC046000C0020002370B56B
:10218800074C050008001100236007F076FE431C89
:1021980000D070BD2368002BFBD02B60F9E7C04648
:1021A800441E002010B507F06FFE10BD70B50C007E
:1021B8000E25495F07F03BFE002803DB636D1B1803
:1021C800636570BDA389024A1340A381F9E7C0463D
:1021D800FFEFFFFF00207047F8B516001F000C2224
:1021E8008B5E0C0005000E22895EDA0508D4094AC8
:1021F80028001340A38132003B0007F01FFEF8BD02
:102208000022022307F018FE0C22A35E0E22A15E14
:10221800EDE7C046FFEFFFFF70B50C000E25495FE4
:1022280007F00AFE431C06D08023A2895B011343F2
:10223800A381606570BDA389014A1340A381F9E7B2
:10224800FFEFFFFF10B50E23C95E07F0F9FD10BDC3
:102258000B1F1B68181F002B00DB70470B58C0189A
:10226800FBE7C04670B506000D0002F029FE041E0B
:1022780007D0002E05D1002D05D0A92003F02FFD91
:102288002C00200070BDAA2003F029FDF9E70120E9
:1022980070470120704710B5FFF7FBFF10BD70476E
:1022A80010B5FFF7FCFF10BD13B5104B00901B785D
:1022B800002B16D16B469B78002B0DD0002A0BD033
:1022C80004F03AFB04000100009804F0F3FA20003F
:1022D800009903F050F816BD009804F00FFB0400B5
:1022E800F5E7009804F028FB0099F2E712100020A7
:1022F800030010B50A000188408800040843998843
:10230800FFF7D2FF10BD10B504000021FFF7F0FF62
:102318002100FFF7C5FF10BD30B5012405002000DE
:10232800884001002000904002009C4028002B00BB
:102338000A431340A043934201D12000284330BDF3
:1023480010B513000A00010003480068FFF7E4FF16
:1023580004F056FA10BDC0466410002010B500F015
:1023680027FB00F046FB10BD10B500F047FB10BD81
:102378007047000010B503F0EFFEFFF7F9FF0348C0
:1023880006F001FA04F06EFE10BDC046C409000054
:1023980070B501210500FFF7ABFF2900040002F02A
:1023A8004BFE002801D1002070BD29002000FFF756
:1023B80072FF0028F7D02900200003F0C7F8002892
:1023C800F1D02900200003F023F90028EBD02900E0
:1023D800200003F0E9F90028E5D02900200002F0E8
:1023E8006FFC0028DFD0AB78002B0CD01B4B9C4235
:1023F8002DD00CD81A4B9C4215D01A4B9C4223D096
:10240800DE3B9C420CD02800FFF741FFCCE7164B7F
:102418009C421FD0154B9C42F5D104F033FBF2E7E8
:10242800FFF7A8FFBFE7012111480278D307DB0FA8
:102438004B400B408A43134303700E480B4200D0B5
:102448000D4805F04DF9AEE704F0AAFCABE704F03F
:1024580025FBD8E704F027FBD5E7C0465A5D000006
:10246800015C0000DE5C00005B5D00005C5D00005C
:10247800C910002019A3000808A30008F8B5184BD4
:10248800C1081D5C07231840164B174C5A5C174FA0
:102498000241645C7F5C01231600044107411E4031
:1024A8001C401F401A4202D0E12003F02FFB002CF1
:1024B80002D0E62003F02AFB280003F010FC002CD1
:1024C80002D0E62003F0A2FB002E02D0E12003F0A8
:1024D8009DFB002F02D02C2003F001FCF8BDC04664
:1024E8004BA30008CBA300082BA300083BA30008BC
:1024F800F7B5040004270A260191207800283CD06B
:10250800012837D16378012B0ED1A078A51C03F0E0
:10251800E6FB2C00019D0134013DEDB2FF2DECD00E
:10252800300006F030F9F7E7022B04D1A078A51C9B
:1025380003F0ECFAEDE7032B04D1A078A51C03F017
:1025480065FBE6E7042B01D00134E3E700250B49DE
:10255800A3780234CA5C601C3A4205D1013DD9D344
:10256800300006F010F9F9E77543303B5D196378E0
:102578000400EFE7FFF782FFCCE7F7BDA19E000854
:1025880010B50021FFF7B4FF10BD030033221B096B
:1025980000011843C0B283008010104093430343E6
:1025A800DBB2223258005B10904313401843C0B28C
:1025B800704770B50500C0B2FFF7E7FF0400280AAE
:1025C800FFF7E3FF2402204380B270BD704710B5C7
:1025D800FFF7FCFF10BD0120704710B5FFF7FBFFA8
:1025E80010BD10B50400FFF7F2FF201CFFF7F5FF40
:1025F80010BD002070477047014B4000185A7047C3
:102608000AA4000837B501AB1980019902F0B3FE9E
:1026180000F0E6F80400A020C001844239D28023EB
:10262800DB019C4200D393E0E72C1AD8DF2C16D8A4
:10263800A72C0AD8A42C00D974E0012C0FD0231F92
:102648009BB2A02B0BD9002409E0BE2C00D86DE06A
:102658002000C03880B200241F2800D870E0201C59
:102668003EBDC0239B019C420ED280239B019C420D
:1026780064D2FF2C03D8EF2CE5D9044354E0200A98
:1026880080B20002E4B2F8E7E3B222055CD4C024C9
:102698005BE0AA23DB019C421DD2A822E3B2D2014F
:1026A800944270D2013AFF3A94420BD2013AFF3A6F
:1026B800944260D2013AFF3A94424ED33E481C02FB
:1026C8000443CCE7032498082340023C9C40400183
:1026D80020433A4CD1E7B423DB019C420FD2013BA3
:1026E800FF3B9C425CD2AC23DB019C424ED3344B73
:1026F800E3189BB2FF2BA6D82002324CBDE78025F9
:10270800314BAD01E3189BB2AB429CD2E004C00E42
:1027180000F0E0F8F82300025B011840E4B204433B
:102728002C439CE7243C1C43A4B298E75834274B1D
:10273800E4B26400E05A8824E401C1E72005000DF2
:10274800FFF75AFF04008AE7C82424021C4386E7DF
:102758001F482040A0242402B2E7200903249A0835
:10276800204022401C400123A34000025201104394
:102778001843184C81E7032498082340023C9C40E6
:1027880040012043F5E7144C1B02DFE7E0B200F0FC
:10279800A1F8F8240002640120400134FF348FE7D7
:1027A8000F252000284000F095F824092C40240229
:1027B80004430A4861E7C046F1A00000008AFFFF11
:1027C80000A8FFFFF0A0FFFF00A0FFFFDCA30008A8
:1027D800FF0F0000008CFFFFF4A000000090FFFF37
:1027E800030010B5E72808D8DF2808D831285CD0BE
:1027F8000ED8292853D02A285DD0180010BDE038FB
:102808000728FAD8FDF736FD16F9232836F93D4290
:10281800392809D0822807D03528EED12C4A1278D9
:102828009206EAD52923E8E7294A12789207E4D0E4
:10283800E023E2E70121264802780A4241D14078A4
:102848000842DAD0E323D206D7D50023D5E7204AB9
:1028580012785107F6D4D0E71D490A78500732D4C8
:102868004978C907E4D410210A4051424A415242EA
:102878001340C2E7164A51788907BED51278E72374
:10288800E1E7134A12781107F9D4B6E710490A7834
:1028980010071AD449788907E5D5E423ADE70C4A2F
:1028A80012789206A9D53523A7E7094A1278520665
:1028B800A3D52A23A1E7064A127852069DD53123CB
:1028C8009BE7392399E7E22397E7E62395E7C04694
:1028D800DC13002030B5042427490A78224205D0A9
:1028E80018230340082B27D198432043130708D502
:1028F8001824050014232540A54225D1A843C0B2B9
:10290800184301244978214206D018230340082B94
:1029180021D19843C0B220438B0708D51821040061
:1029280011230C408C421FD1A043C0B21843D306D8
:1029380001D5E723184030BD14230340042BD5D11B
:10294800984304331843D1E70340142BD9D1984353
:10295800C0B22043D5E711230340012BDCD19843B3
:10296800C0B207331843D7E70340112BDFD1984390
:10297800C0B20843DBE7C046DC13002010B502F004
:1029880036FB10BD10B500F0CDF8642005F0FBFE55
:1029980000F0C8F8002000F035F8C30703D5FFF7AA
:1029A800EDFF04F05FFB10BD10B5FFF7EBFF10BDA6
:1029B80010B504F065F9002801D104F0F1F904F02C
:1029C8006BF9084B187004F071F9074B1880FFF782
:1029D800EBFF04F066F903F0EAFE044B186803F015
:1029E8000AFF10BDC9100020DC130020641000206D
:1029F800704710B5FFF7FCFF10BD704710B5FFF723
:102A0800FCFF10BD014B4000185A7047EA13002024
:102A180010B50D4804F064FE002421000B4804F0B2
:102A28005FFE0B4804F05CFE0A4A6300D05AFFF7C9
:102A3800C0FD0100084804F053FE0134074804F0C3
:102A48004FFE062CE9D110BD0AA4000821A40008F5
:102A58009EAB0008EA13002026A400087BAE0008FD
:102A680010B5012005F08FFE10BDC046C046C04617
:102A7800C046C046C046C046C046C046C046C0461E
:102A8800C046704710B5FFF7EBFF10BD10B572B622
:102A98000F23020001211A4091409843202206F09A
:102AA800A0FD62B610BD000070B51548FFF7EEFF37
:102AB8001448FFF7EBFF1448FFF7E8FF1348FFF748
:102AC800E5FF1348FFF7E2FF1248FFF7DFFF124C5C
:102AD8002500403501CCFFF7D9FFA542FAD10023E4
:102AE8001A000E4C0E4819190A80191802330A8068
:102AF8000C2BF8D1062000F06BF8FFF72FFC70BD07
:102B08000A0400480B040048070000480004004875
:102B180001040048020400482CA40008DE13002029
:102B2800EA130020F7B50025244C254F236872B618
:102B38000F2101261A000B409E408A430192310062
:102B48000122019806F04DFD019BB6B25E8362B684
:102B5800FFF78BFF00231B4A1E00944661469A002C
:102B680052580F211000884300690A40D0400E399E
:102B78000022084202D10A009A4012B216430133D9
:102B8800B6B2102BEAD12068FFF780FFFFF77AFF73
:102B98003A880023B24201D03E8001331D430A4BDC
:102BA800043402379C42C1D12B000622074904484D
:102BB80000F010F8FFF7D8FB2800FEBD6CA4000851
:102BC800DE1300202CA4000884A40008EA130020C7
:102BD80070470000F8B506000F0014000E4D002BDA
:102BE80005D001232B7004F031FA0C4B18802B7898
:102BF800002B0BD0094B188804F02DFA052805D9AD
:102C080000236400A34202D100232B70F8BDF25ABE
:102C1800FA520233F6E7C046740F0020760F002000
:102C280010B5044804F05CFD01220521024804F0B7
:102C380057FD10BD84A400087FA50008013810B511
:102C480005280FD8FDF720FB030F19232D371F4A3E
:102C580013785B18FF21FE2B00DCD9B21C481170D9
:102C680004F03EFD10BD1B4A13785B18FF21FE2BB4
:102C780000DCD9B218481170F2E7184A13785B18CB
:102C8800FF21FE2B00DCD9B215481170E8E7154A80
:102C980013785B18FF21FE2B00DCD9B212481170A3
:102CA800DEE7124A13785B18FF21FE2B00DCD9B24D
:102CB8000F481170D4E70F4A13785B18FF21FE2BD9
:102CC80000DCD9B20C481170CAE7C046640C002079
:102CD800CDA50008650C0020DCA50008660C0020C6
:102CE800EEA50008670C002001A600086A0C002069
:102CF80016A600086B0C00202FA6000801380B0050
:102D080010B505280FD8FDF7BFFA030F19232D3783
:102D18001E48002102789A4201D9D31AD9B201700B
:102D28001B4804F0DDFC10BD1A48002102789A42C5
:102D380001D9D31AD9B201701748F2E71748002110
:102D480002789A4201D9D31AD9B201701448E8E737
:102D58001448002102789A4201D9D31AD9B20170D5
:102D68001148DEE71148002102789A4201D9D31AA6
:102D7800D9B201700E48D4E70E48002102789A4271
:102D880001D9D31AD9B201700B48CAE7640C0020E4
:102D9800CDA50008650C0020DCA50008660C002005
:102DA800EEA50008670C002001A600086A0C0020A8
:102DB80016A600086B0C00202FA6000810B501000D
:102DC8000400054804F08CFC0120A04003F0EFFC4F
:102DD80003F0C2F910BDC0464AA60008F8B50300C2
:102DE80005383E2800D9C2E1FDF758FA1F010F0146
:102DF80025013F00C101C1010D01C101C1014D0102
:102E0800C1015E01A501C101C101C101C101850165
:102E1800C101C1017401C1013A01C101C101BF0170
:102E2800BF01BF01BF01BF01BF01BF01BF01BF019A
:102E3800B801C1011F010601C101C101C101C101E0
:102E4800C101C101C101C101C101C101B801C10173
:102E5800C1010D01C101BC01BC01BC01BC01BC0127
:102E6800BC01BC01BC01BC01B801C34804F038FC7A
:102E7800C24804F035FC03F014FFC14E01003000D5
:102E880004F02EFCBF4C200004F02AFC03F004FFE1
:102E98000500BD4804F024FCBC4F2900380004F0AC
:102EA8001FFC200004F01CFCB94804F019FCE907D9
:102EB800C90F300004F014FC200004F011FCB548E0
:102EC80004F00EFCA907C90F300004F009FC20002B
:102ED80004F006FCB04804F003FC6907C90F300091
:102EE80004F0FEFB200004F0FBFBAC4804F0F8FB08
:102EF8002907C90F300004F0F3FB200004F0F0FBB1
:102F080003F0D4FE0500A64804F0EAFB29003800C7
:102F180004F0E6FB200004F0E3FBA24804F0E0FB29
:102F2800E907C90F300004F0DBFB200004F0D8FBF0
:102F38009D4804F0D5FBA907C90F300004F0D0FB69
:102F4800200004F0CDFB994804F0CAFBE905C90F3D
:102F5800300004F0C5FB200004F0C2FB944804F0E4
:102F6800BFFBA905C90F300004F0BAFB200004F02C
:102F7800B7FB904804F0B4FB6907C90F300004F0B0
:102F8800AFFB200004F0ACFB8B4804F0A9FB290739
:102F9800C90F300004F0A4FB200004F0A1FB87480F
:102FA80004F09EFBE906C90F300004F099FB2000ED
:102FB80004F096FB824804F093FBA906C90F300081
:102FC80004F08EFB200004F08BFB7E4804F088FBA5
:102FD8006906C90F300004F083FB200004F080FB71
:102FE800794804F07DFB29063000C90F04F078FB0E
:102FF800200004F075FB04E0744804F071FB03F052
:10300800CFFE01240FE07248F3E70F210124714A33
:10301800714813788B43137004F062FB6F4804F017
:103028005FFB6F4B1C702000F8BD6E4804F058FB26
:10303800FFF7A0F9E5E70124664D6B482A78D30726
:10304800DB0F63402340A24313432B70234217D165
:10305800664804F045FB0E222B7893432B70E2E779
:1030680001245C4D02212A7861489307DB0F6340F5
:103078002340A3408A4313432B700B4223D15D485E
:1030880004F02EFBCFE701240421524D5A482A7838
:103098005307DB0F634023409B008A4313432B7085
:1030A8000B4210D15548EBE701240821494D2A78F5
:1030B8001307DB0F63402340DB008A4313432B7065
:1030C8000B4205D04E4804F00BFB2B782343C5E791
:1030D8004C48D5E74C4804F003FB4C4804F000FB8F
:1030E8004B4804F0FDFA4B4804F0FAFA4A4804F059
:1030F800F7FA4A487DE74A4804F0F2FA02F084FBFE
:103108000100484804F0ECFA474B4848197804F0A5
:10311800E7FA474B4748197804F0E2FA464B474824
:103128001978C90904F0DCFA03F072FF0100444879
:1031380004F0D6FA65E7012403F00EF87F203E4933
:103148000A78D3096340DB01024013430B70DBB2FA
:10315800834201D93B4893E73B4891E70020FFF7BA
:103168002DFE4EE7393BD8B2F9E71D3BFBE7374860
:1031780004F0B6FA002456E74FA600085AA600083D
:103188006AA600087BAE00086DA6000821A4000806
:1031980080A600088AA6000894A60008A0A6000831
:1031A800A9A60008BDA60008D6A60008EDA6000836
:1031B800FFA6000811A7000823A7000835A70008E4
:1031C8003FA7000851A700086DA7000875A70008C9
:1031D80086A70008C910002038A900085FA90008C0
:1031E800780F002063A900087FA900088BA90008B0
:1031F80098A90008A5A90008B3A90008C2A9000851
:10320800D2A90008DEA90008EBA90008FAA900085D
:1032180035AA00084CAA000886AA0008C7AA000810
:10322800D3AA0008E1AA0008300F0020FBAA000872
:103238002C13002012AB0008DC13002025AB00087B
:103248003DAB000854AB00085EAB000869AB000852
:1032580000207047002070471E38C3B20020092B99
:1032680001D8014AD05C704703AC000870B57F4EA6
:1032780005003478012C18D0022C43D00023002CF0
:1032880000D07EE003F014FC230022280BD1280094
:10329800FFF7DEFF0123002803D12800FFF79EFD7A
:1032A800030001200340180070BD03F001FC222830
:1032B800EDD02800FFF7CEFF002816D1142D16D028
:1032C80008D80B2D0AD0102D14D0694804F008FA3C
:1032D80000240AE0292D0AD0382DF6D1654804F0DB
:1032E800FFF9654804F0FCF901242300DBE700241A
:1032F8003470FAE7FFF794FC604804F0F1F9022310
:103308003370F2E7292831D01FD813283BD008D8CA
:10331800072800D193E00B2825D0554804F0E0F9A0
:1033280011E0142822D003001E3B052BF5D8FFF727
:1033380093FF534B1870524B1978002900D192E033
:10334800504804F0CDF90123ADE738280BD04B38AD
:10335800C3B2072BE1D80728DFD8FCF78BFF68DE5C
:10336800DE6CDEDE625CFFF75BFCE4E7444B1A7858
:10337800002A02D000221A70DDE73F4804F0B0F9B5
:10338800012333708FE7404804F0AAF93F4804F05E
:10339800A7F93F4D3F4B2800197804F0A1F93E4C9E
:1033A800200004F09DF93D4804F09AF93C4B2800B0
:1033B800197804F095F9200004F092F9394804F0DE
:1033C8008FF9394B2800197804F08AF9200004F0A5
:1033D80087F9364804F084F9354B2800197804F049
:1033E8007FF9200004F07CF9324804F079F9324B77
:1033F8002800197804F074F9200004F071F92F48B6
:1034080004F06EF92E4B2800197804F069F92000B1
:1034180004F066F98FE70121194B1878FFF70EFCC5
:1034280089E70121164B1878FFF768FC83E7144BEE
:103438000A211878F2E7124B0A211878F4E71E22BD
:10344800144B20481A70164B14321A70164B283A2F
:103458001A70174B0A321A70174B0C3A1A70184B1D
:1034680020321A70D4E7184858E7C046780F002071
:1034780069AB000838A900085FA900086BAB000811
:10348800790F0020FAAB00086FAB00087DAB00088D
:103498006AA60008640C00207BAE00088FAB000809
:1034A800650C0020A1AB0008660C0020B0AB00083A
:1034B800670C0020C1AB00086A0C0020D6AB0008DE
:1034C8006B0C0020EDAB000800AC000810B5184BE1
:1034D8001A78D3070CD5174B1878052343439B0854
:1034E8007F20834203D87E38002B00D0D8B210BD8D
:1034F800930705D50F4B1878052343435B08EFE77F
:103508000523520703D50B4A10784343E8E70A4AD4
:103518001278002AEAD009490648097800788A42D0
:10352800F3D250435843FCF74DFF83B2D8E7C04667
:10353800840F0020660C0020850F0020670C0020F7
:1035480010B5154B1A7801231A4207D0134B1B7874
:103558009B080120002B0ED0D8B20CE0910703D5B0
:103568000E4B1B785B08F4E7520705D50B4B1B780D
:103578007F208342EDD910BD094A1278002AEBD08A
:10358800084B1978054B18788A4201D383B2EFE7C4
:103598005043FCF717FFF9E7840F00206A0C00205E
:1035A800860F00206B0C002010B5F02805D1FFF71E
:1035B8008DFF4042274BD87010BDF12802D1FFF78C
:1035C80085FFF7E7F22805D1FFF780FF4042214B3E
:1035D8009870F1E7F32802D1FFF778FFF7E7F928A9
:1035E80004D1FFF7ADFF1B4B1871E5E7FA2803D1AB
:1035F800FFF7A6FF4042F6E7FB2805D1FFF7A0FF3B
:103608004042144B5871D7E7FC2802D1FFF798FFC6
:10361800F7E703000C33DBB2042B07D80123F43897
:1036280083400C4A51780B435370C5E7FD2805D1F8
:103638000123094A11780B431370BDE7FE2803D113
:10364800054A02231178F6E7FF28B5D1024A042378
:103658001178F0E77E0F0020840F0020022210B5B9
:10366800364B9A56F0280AD1D9787F290DD90021EE
:10367800D9708A420BD10021314A117007E0F12834
:103688000ED1032159560029F1DC002A0ED01A79EF
:103698005B7913435AB2002B01D12A4B1A7010BD23
:1036A800F22808D1002AF0DA00229A7003229A56EA
:1036B800002AECD1DFE7F32802D1002AF4DCE4E7A2
:1036C80004215956F92804D10029DEDD0021197199
:1036D800DBE7FA2802D10029D7DAF7E7052159569E
:1036E800FB2804D10029D0DA00215971CDE7FC2844
:1036F80002D10029F8DCC8E701000C31C9B204295D
:1037080007D80121F438814008005978814359705D
:10371800BBE7FD2805D101240B480178A1430170BE
:10372800B3E7FE2803D1084802240178F6E7FF280A
:10373800ABD1054804240178F0E7C0467E0F00208D
:10374800850F0020860F0020840F00202A4B70B5BB
:103758001B782A4C1B073CD5294803F0C1FF617828
:10376800284803F0BDFF284803F0BAFF0221274D7F
:103778006156280003F0B4FF254E300003F0B0FF77
:1037880003212800615603F0ABFF300003F0A8FFC7
:1037980004212800615603F0A3FF300003F0A0FFC6
:1037A80005212800615603F09BFF1A4803F098FF93
:1037B800194B1A4D1978280003F092FF184803F0A6
:1037C8008FFF184B2800197803F08AFF164803F07A
:1037D80087FF03F03BFCA378E278134301D0134B37
:1037E800188023796279134301D0114B1880200087
:1037F80002F054F870BDC046C91000207E0F0020AA
:103808000DAC000821A4000830AC000832AC000858
:103818007DA9000835AC0008850F00206AA60008BD
:1038280038AC0008840F002049AA00087A0F00204D
:103838007C0F0020F0B55E4B85B01A780227029203
:103848005A7803260392052204259A569E57DF5775
:103858005D57019200229A70DA701A715A713B0012
:10386800334393420BD0534B188803F0F4FB52496F
:103878000B78002B28D0514A127890422DDC019BFE
:103888002B430BD04E4B188803F0E5FB4D490B78C2
:10389800002B51D04C4A1278904256DC444CE278C6
:1038A800A3781343227913436279134301D0FFF7B6
:1038B8004DFF029BA7702370039BE6706370019B0A
:1038C8002571637105B0F0BD404A14780A2262433D
:1038D8009042D4DD01330B7001E0FF2BFAD1344C58
:1038E800002F07D0FFF7F2FD0123002F00DCFE3385
:1038F8004343A370002E07D0FFF7E8FD0123002EF5
:1039080000DCFE334343E370022161560029B6D040
:10391800032020560028B2D0B5235943091206D0F7
:10392800A1704343224A1B1204D0D370A7E7012297
:10393800A270F6E70123F8E7254A14780A226243C1
:103948009042ABDD01330B7001E0FF2BFAD1184C2C
:10395800002D07D0FFF7F4FD0123002D00DCFE3316
:1039680043432371019B002B08D0FFF7E9FD019A1F
:103978000123002A00DCFE334343637104216156AE
:10398800002900D18AE705202056002800D185E7C4
:10399800B5235943091206D021714343044A1B1227
:1039A80004D053717AE701222271F6E70123F8E780
:1039B8007E0F00207A0F0020850F0020650C002064
:1039C8007C0F0020860F0020690C0020640C00206A
:1039D800680C0020062210B500210548FCF7B6FF48
:1039E8000023044A1370044A1370044A137010BD6C
:1039F8007E0F0020850F0020860F0020840F0020F6
:103A080010B500F061F9014810BDC046FF0F000075
:103A180010B5064800F014F9054800F011F90548FA
:103A280000F00EF9044800F00BF910BD00E00108A1
:103A380000E8010800F0010800F801088023F7B544
:103A48005B010D00984201D30020FEBD194A4300D6
:103A58009F1801933A88184B84129A4205D138006E
:103A680089B200F00DF980B2EFE78022114B134EB6
:103A7800E402E418210030001201FCF713FF3B7840
:103A88009D42E1D00E48019B802703402000F55459
:103A980000F0D6F800253F01735D0A4919434B1C15
:103AA80003D089B2601900F0EBF80235BD42F3D1BA
:103AB800D9E7C04600E00108FFFF0000F613002028
:103AC800FE07000000FFFFFF034B80B24000C01854
:103AD8000078C0B27047C04600E0010810B580B257
:103AE800FFF7ACFF10BD0000064983B25B005B180E
:103AF80001301A7883B25B005B1818780002104313
:103B08007047C04600E0010870B50D0084B220007F
:103B1800C9B20134FFF792FF290AA0B2FFF78EFF5E
:103B280070BD10B5FFF7F0FF10BD000010B583B2EF
:103B3800591C0C4C89B2580049000019091902781F
:103B48000878991C89B24900033309199BB209788E
:103B58005B001B191B7809040002084310431B066D
:103B6800184310BD00E00108F7B51A4D80B24300B4
:103B78005B191B78471C861CBFB2B6B20193720052
:103B88007B005B1952191B7812780C0094462900A7
:103B9800C51CADB26A00521861461B0209040B43EA
:103BA8001278019912060B431343A34210D0E1B2D5
:103BB800FFF744FF210AC9B23800FFF73FFF210C85
:103BC800C9B23000FFF73AFF2800210EFFF736FF91
:103BD800F7BDC04600E001080122094B1000D96872
:103BE80011420CD1D9689018490708D4D9688018AF
:103BF800C90604D4D86802400520801AC0B27047AC
:103C08000020024037B50400FF25FFF7E5FF012833
:103C180011D1002C01D105303EBD0023019301953F
:103C2800019B002B03D1FFF7D7FF013CEFE7019B76
:103C3800013B0193F4E7002CEED10620ECE70000ED
:103C480070B506000C48FFF7DDFF052813D10225E3
:103C58000A4C094823692B43236140236661226982
:103C680013432361FFF7CEFF062802D02369AB4335
:103C780023613423E36070BDFF0F00000020024081
:103C8800F8B5F8231B06C2180D4B05000E000720D7
:103C98009A4214D81830FFF7B5FF05280FD101272D
:103CA800084C1A3023693B4323612E80FFF7AAFF93
:103CB800062802D02369BB4323613423E360F8BD9F
:103CC800FEFF070000200240024B034A5A60034AE5
:103CD8005A6070470020024023016745AB89EFCD49
:103CE800F0B5050A85B0030CEDB2019003AED8B269
:103CF800002D0FD1002901D0284B185C307070704E
:103D0800B07072783078B37812021B0410431843ED
:103D180005B0F0BD01AB1F7884B2002901D01F4B5C
:103D28001C5C0620FF217843FCF74CFB55235B42C3
:103D380043437F00FF1803235F43FF21FFB23B008B
:103D4800CF1B4A1B6B437D431B122D12CB1A491BF9
:103D580062436343614312121B120912D2B2DBB2EF
:103D6800C9B2E4B2062814D8FCF78EFA04060C0A85
:103D78000F13040023000C0034707370B270C0E796
:103D880021001C0013000A00F6E70B0021001400B4
:103D9800F9E7210014001A000B00EDE715B100083F
:103DA8001FB50121FFF79CFFFF210300020A0A400B
:103DB8000B4012021343000C034A0840134000044E
:103DC800184305B000BDC046FFFF00FF7047000064
:103DD8001FB5FFF7E5FFFF210300020A0A400B4069
:103DE80012021343000C034A08401340000418430E
:103DF80005B000BDFFFF00FF13B51C006B465970EE
:103E08009A7018700098FFF7E3FF020403021B0E74
:103E1800120E62702070A37013BD000010B5141C40
:103E2800C82A01D9024A1478E2B2FFF7E5FF10BDAB
:103E38003AAC00080A4A012113781800884309D1CE
:103E48000B4049180B431370D378C82B01D9C823EA
:103E5800D3707047552BF7D90B405421F2E7C04671
:103E6800F81B002010B50820FFF760FE10BD10B544
:103E78000400FFF7DFFF21000820FFF775FE10BDE3
:103E880010B5024B1868FFF7F2FF10BDF81B0020B1
:103E9800002210B5034B04481A711860FFF7E7FFBA
:103EA80010BDC046F81B00200300FFC870B50124F0
:103EB8001A4D2B78234230D0194803F011FC2B7887
:103EC80023422AD0174E18483178C907C90F03F082
:103ED80007FC2B78234220D031781448E14003F0C6
:103EE800FFFB2B78234218D07178114803F0F8FBB8
:103EF8002B78234211D0B1780E4803F0F1FB2B78D0
:103F080023420AD0F1780C4803F0EAFB2B782342CD
:103F180003D03179094803F0E3FB70BDC9100020D4
:103F28003BAC0008F81B002054AC000871AC00083A
:103F38008CAC0008A6AC0008C0AC0008DAAC0008DD
:103F4800034B1B78DA07D00F002A00D058087047B7
:103F5800F81B002010B5064A1379022B01D801334B
:103F68001371002802D01068FFF781FF10BDC0460A
:103F7800F81B002010B50120FFF7ECFF10BD000072
:103F880010B5064A1379002B01D0013B13710028A4
:103F980002D01068FFF76BFF10BDC046F81B002069
:103FA80010B50120FFF7ECFF10BD0000014B187998
:103FB8007047C046F81B002070B50B4C0B4D2071A4
:103FC80000290AD02068FFF752FF2B78DB0703D5BA
:103FD8002179074803F084FB70BD2B78DB07FBD5FC
:103FE80001000448F6E7C046F81B0020C91000206D
:103FF800F6AC000817AD000810B50021FFF7DCFF8C
:1040080010BD0000014B58787047C046F81B0020CF
:10401800014B98787047C046F81B0020014BD878B0
:104028007047C046F81B002010B500F019FF10BDFE
:1040380070B50F4B0F4D1B786978DB070E48DC0F06
:10404800002B06D003232A785343C018FFF7ECFF50
:1040580070BD0323AA78EE785343C3189642F1D96A
:1040680001325C701C709C70D2B20333F6E7C04614
:10407800F81B00206F0C0020001C00200B4B70B5B3
:104088001B78DB070AD50A4B0A4E9C78DD78032398
:1040980063439B19AC4202D3FFF7CAFF70BD0134DA
:1040A800587019709A70E4B20333F3E7F81B0020D4
:1040B8006F0C0020001C0020074B13B51B78DB0792
:1040C80008D501AC2300FFF7A9FEA2782178607813
:1040D800FFF7D4FF13BDC046F81B002010B504003D
:1040E8000379054AD25C054B99785878FFF7E4FFC5
:1040F80023790133237110BD15B00008F81B002087
:1041080010B50400044B0079DA789978FFF7D4FFEA
:1041180023790133237110BDF81B002073B5154DA9
:1041280004002878002807D101AE3300C822FF21F7
:10413800FFF762FE73782B70217901290ED00229CE
:1041480010D0002912D10A002878FFF797FF2079AC
:1041580003210130FCF71CFA217173BD0022297874
:104168001000F2E700202A780100EEE70022100094
:104178001100EAE7E10F0020F0B515000122424ED8
:10418800040030788BB002910693104228D03F4942
:104198004308C95C3E4F90433970022822D109AECA
:1041A8002A00200002993300FFF738FEB2783178F0
:1041B8007078FFF763FF344E029B364FB370069B4F
:1041C8007470F570002B57D03068FFF750FE3B78BD
:1041D800DB0705D5F378B27871782F4803F080FAB9
:1041E8000BB0F0BD022901D1F578E4E7062902D128
:1041F800254B5C78DFE70929FAD01929DBD1193B6F
:1042080018001040059010000027D9B298434B08B9
:1042180022490490CB5C07920393214B1979B94248
:1042280002D8FFF705FFC6E703987843FCF7CAF8FA
:10423800059BC0B2261AF6B2002B01D12018C6B2CF
:10424800144B079A1B78134207D0039B3200009344
:104258003900049B134803F043FA0322104B300043
:104268009B780299DB1953430F4A01379B182A00A0
:10427800FFF7D4FDFFB2D0E73B78DB07B0D52B00C2
:104288002100029A0948A9E7F81B0020EAAF0008B4
:10429800E40F0020C910002061AD0008D4AF000869
:1042A8006F0C00203AAD0008001C002086AD000805
:1042B80010B5030004484478C27808348178E0B225
:1042C800FFF75AFF10BDC046F81B002010B50120AB
:1042D800FFF7EEFF10BD000010B503000448447856
:1042E800C278083C8178E0B2FFF746FF10BDC046AF
:1042F800F81B002010B50120FFF7EEFF10BD0000ED
:1043080010B5030006488478C2781134211CFF2CAC
:1043180000D9FF214078C9B2FFF72EFF10BDC04673
:10432800F81B002010B50120FFF7EAFF10BD0000C0
:1043380010B5030006488478C278113C24B2211CC9
:10434800002C00DA00214078C9B2FFF715FF10BD34
:10435800F81B002010B50120FFF7EAFF10BD000090
:1043680010B503000648C17811310A1CFF2900D98D
:10437800FF228178D2B24078FFF7FEFE10BDC0461A
:10438800F81B002010B50120FFF7EAFF10BD000060
:1043980010B503000648C178113909B20A1C002972
:1043A80000DA00228178D2B24078FFF7E5FE10BD2E
:1043B800F81B002010B50120FFF7EAFF10BD10B56B
:1043C8000023FFF7D9FE10BDF7B506000024144BF3
:1043D8001979A14209D8FFF72BFEB2783379D207B1
:1043E8001CD501335BB23371F7BD9D7803232D19BA
:1043F8005D430C4BFF20ED180B4BDA7801929F7848
:10440800FBF7E0FF604333793900C018019A2B00AD
:10441800C0B20134FFF702FDE4B2D8E7013BE1E79F
:104428006F0C0020001C0020F81B0020F7B50122AB
:1044380083780092134202D001235B420093002646
:10444800264C2379B3420CD8FFF7F2FD009B244D8C
:10445800012B3BD12B78002B00D12379013B2B700A
:10446800F7BD0323A5780024AD195D431D4B270034
:10447800ED186B461B786C702C70AC700193184B60
:104488001B78E318D9B25BB2102B18DD0F2213404A
:104498009E420BD10422144BD21BD97858784A4338
:1044A80092109978D2B22B00FFF7B8FC019B013724
:1044B800E418E4B2042FE2D10136F6B2C0E7002BCB
:1044C800E6DA064B1B79CB185BB2E1E7287821794D
:1044D8000130FCF75DF82970C2E7C0466F0C002078
:1044E800E20F0020001C0020F81B0020F8B5032371
:1044F8000021264D264EAA78E87853439B1990420E
:104508001AD800242979234FA1421CD8FFF790FD1F
:10451800214C22483B7801782278CB188A185BB264
:1045280052B23B702270002A03DD2A79013A934285
:1045380001DB49420170F8BD013259701970997058
:10454800D2B20333DBE72000FCF722F80022AB7875
:10455800BA56CB18DBB2944210DB0F4A127852B22B
:1045680094420BDC032253430D48F318C278817838
:104578004078FFF753FC0134E4B2C3E70322534306
:104588000022F1184A70F2548A70F4E76F0C002088
:10459800001C0020E00F00206C0C00206D0C002097
:1045A800F81B0020F8B50279202311005525514346
:1045B8009B1A51431A00060028005A4353434843A4
:1045C8005918FBF775FEC7B20324C0B2292F17D8B4
:1045D80044436410E4430025E4B2164B1A79AA4216
:1045E80013D8FFF725FD33790121134A002B02D098
:1045F800202B01D1FF21117012789B183371F8BD5F
:104608002D1A6C43E00F0419E3E702223800154223
:1046180002D15332D01BC0B29A78032352195343A4
:10462800064A01359B18064AEDB291782200FFF739
:10463800F5FBD2E76F0C00206E0C0020001C002058
:10464800F81B0020F8B5040000250326134B1A793F
:10465800AA4207DCFFF7ECFC01222379013313405F
:104668002371F8BD9B780E495B1973430D4F5B1896
:10467800217978788C465208B978AA4207DD6246D3
:10468800002A07D0FA78FFF7C9FB0135DEE7624652
:10469800002AF7D00022FFF7AFFBF6E76F0C0020E7
:1046A800001C0020F81B0020F0B5837885B0029329
:1046B800037900240193012305250371444B1B79D9
:1046C800A34203D8FFF7B4FC05B0F0BD029B414EEE
:1046D800022B07D82B00404A63435178F154927853
:1046E800F3185A70019B002B18D12B006343F6185E
:1046F800019BF370B370364B2E009A780323664300
:10470800121953433348354A81199B18305C8A780B
:1047180001344978FFF782FBE4B2CFE72B0063430B
:10472800F718F8780393002817D0FF260138C0B28D
:104738003979F8707043FBF745FE294B3040185C17
:10474800BB212238C0B27043FBF73CFE224B3040FD
:10475800DE7846433612BE70CDE7FCF77BF981223E
:104768001D4B9200DB785B087F335343063A1B12DC
:10477800FF3A13409842BEDA029B022B10D9FCF78D
:1047880069F9FF21FBF704FF039BF154FCF762F979
:10479800114B9E7876083100FBF7FAFE76187E708A
:1047A8002A00002162430B4B9A1891700A4AD1786B
:1047B8000A1CC82907D90B4A1278290061435B18DB
:1047C8001A71DA7097E7C9B21429F6D21422F4E7FD
:1047D8006F0C0020900F0020F81B0020001C002008
:1047E80015B000083AAC00080C4B10B519780B222C
:1047F8000B484908FCF716F8002802D10122094B9A
:104808005A7002F023FC084B1880084B1B78DB0712
:1048180002D5074802F064FF10BDC046F81B00200F
:10482800740C0020E40F0020880F0020C91000201D
:10483800ADAD00080022054B10B55A70044B1B782B
:10484800DB0702D5034802F04BFF10BDE40F002040
:10485800C9100020C6AD000870B51F4C2378DA07D0
:1048680026D50122002824D11340921813431B4D4A
:104878002370002926D02068FFF7F9FA2B78DB0788
:1048880004D521781648490802F02AFF21780B221E
:1048980014484908FBF7C6FF00281AD0FFF7CAFFDB
:1048A8000122114BDA70E278A1786078FFF787FD72
:1048B80070BD2A2802D913405422D7E7400013407C
:1048C8000343D4E72B78DB07E0D52178074849086C
:1048D800DAE7FFF789FFE3E7F81B0020C91000209B
:1048E800DFAD0008740C0020880F0020FBAD000825
:1048F800054B0100187810B5400801302A2800D966
:104908000120FFF7A9FF10BDF81B002010B50120FA
:10491800FFF7EEFF10BD0000064B0100187810B538
:1049280040080138C0B2002800D12A30FFF794FFB0
:1049380010BDC046F81B002010B50120FFF7ECFFA2
:1049480010BD10B50121FFF787FF10BD012110B57B
:10495800074C23780B432370064B1B780B4202D07D
:10496800054802F0BDFE20784008FFF7EAFF10BDB9
:10497800F81B0020C910002019AE000810B500214E
:10498800FFF76AFF10BD000070B5224E3378002B88
:104998003ED10125204C23782B4208D01F4802F035
:1049A8009FFE23782B4202D01D4802F099FE02F0A8
:1049B80067F9002809D12378DB0702D5194802F0E6
:1049C8008FFE02F0EDF9FFF763FAFFF74BFA0123C8
:1049D800154D28609843C0B200280AD122781A429F
:1049E80002D0124802F07CFEFFF752FAFFF73AFABB
:1049F8002860FFF71FFAFFF759FA00220C4B2878B6
:104A08005A70C30702D54008FFF7B8FF0123337077
:104A180070BDC0468E0F0020C910002050AE00089F
:104A280067AE00087DAE0008F81B0020A5AE0008A0
:104A3800E40F0020012110B5074C23780B432370A5
:104A4800064B1B780B4202D0054802F049FE20783D
:104A58004008FFF793FF10BDF81B0020C910002085
:104A6800EEAE00080022064B10B51A70054B1B78F5
:104A7800934201D0FFF7DEFFFFF7B6FE10BDC04638
:104A88008F0F0020E30F002070B501250C4C237810
:104A9800AB4323702068FFF7EAF90A4B1B782B42D7
:104AA80005D021780848C907C90F02F019FEFFF799
:104AB800C1FEFA20400003F066FEFFF7B9FA70BDA8
:104AC800F81B0020C910002027AF00080B4B10B5B9
:104AD8001A7801230A4C1A4206D021780948C907D6
:104AE800C90F594002F0FCFD2378DB0702D5FFF718
:104AF800CBFF10BDFFF72AFFFBE7C046C910002017
:104B0800F81B00205FAF000801220B4910B50B7895
:104B180093430B70094B1B78134203D000210848BC
:104B280002F0DEFDFFF786FEFA20400003F02BFEC0
:104B3800FFF77EFA10BDC046F81B0020C910002000
:104B480096AF000810B5FFF775FE074B1A78002AD4
:104B580009D101321A70054B054A1B78DB07DB0FB8
:104B68001370FFF7D1FF10BD8F0F0020F81B002036
:104B7800E30F0020F8B5304B5A78002A21D02F4A8D
:104B88001B7810782E4C4008C01AC0B2A070022BB7
:104B980018D12C4B2C4D1E5CE378002B05D0002738
:104BA800E77002F053FAA780208002F04FFA2388BA
:104BB800264AC01A80B2904203D89E192000268047
:104BC800A847F8BD062B03D1214B224D1E5CE3E715
:104BD800092B04D1204B40081E5C204DDCE70F2B2D
:104BE80004D11F4B40081E5C1E4DD5E7152B03D181
:104BF8001D4B1E4D1E5CCFE7182B11D0232B03D164
:104C08001B4B1C4D1E88C7E7242B0CD0252B0ED11F
:104C18000321FBF7D3FB184BC9B25E5C174DBBE70A
:104C28002826174DB8E7FA26164D7600B4E7FA2677
:104C3800154DF600B0E7C046E40F0020F81B002031
:104C4800880F0020D0AF0008E5400008FE7F000074
:104C5800DCAF000809410008DFAF0008D1430008B5
:104C6800E4AF000835440008D9AF0008F54400084F
:104C7800E2AF000825410008E7AF0008B146000888
:104C8800AD4500084D460008D53D000810B5002880
:104C980001D0904710BD8847FCE770B504000D00AF
:104CA800FFF74EF9A04206D3FFF74AF9A84202D20D
:104CB800FFF72CFE70BD2000FFF743FEFAE7000067
:104CC80070B58C780500002C62D001F0F1FE22232B
:104CD800304A0340954212D82F4A954212D92F4A9A
:104CE800A818122810D8FBF7CFFA13191C1F222571
:104CF800282B2E3134383D404346494B4E00284B33
:104D08009D4242D0200070BDFFF7E0FE0024F9E785
:104D1800244A25491800FFF7B9FFF7E7224A214935
:104D2800F8E7224A2249F5E7214A2049F2E7214AD1
:104D38002149EFE7204A1F49ECE7204A2049E9E7E3
:104D48001F4A1E49E6E71F4A1F49E3E71E4A1D4955
:104D5800E0E70120FFF7F5FDD8E705210220FFF77E
:104D68009CFFD3E708210620F9E70E210920F6E782
:104D780014210F20F3E717211520F0E71820E9E7A1
:104D880022211920EBE72320E4E72A212520E6E762
:104D98000124B7E7D55C0000C15C00003DA3FFFF1C
:104DA8005D5D00004149000815490008FD42000802
:104DB800D54200085D4300082D430008BD430008A4
:104DC8008D430008A93F00087D3F000830B5072340
:104DD80001251C4A1C492C009C401183204219D0F3
:104DE8000324C046C046C046C046C046C046013C33
:104DF800002CF6D15183C046C046C046C046C046C6
:104E0800C046C046C046C046C046C046C046013B34
:104E1800E1D230BDC046C046C046C046C046C046C6
:104E2800C046C046C046C046C046C046032451835B
:104E3800C046C046C046C046C046C046013C002CDD
:104E4800F6D1E4E7000400480080FFFF802110B598
:104E580001220248090204F0C4FB10BD0004004806
:104E6800F7B5164C050023780191002B03D1FFF705
:104E7800EDFF0123237072B600240327019B9C4297
:104E88000CD3E0239B00C046C046C046C046C0467F
:104E9800C046013B002BF6D162B6F7BD3B00634329
:104EA800EE18E85CFFF792FF7078FFF78FFF013488
:104EB800B078FFF78BFFE4B2E0E7C046E60F0020CA
:104EC8000120704770B50C4D20222800082190243D
:104ED80004F087FB8021E40520222000090204F069
:104EE80080FB02212A69236912079B0B0B40D20F12
:104EF8001343024A137070BD00040048E80F0020F5
:104F08001F4B02211A69902370B50124DB051B6928
:104F1800D2089B0B0B401B49224013430A781A4DB9
:104F2800920013430F22DBB20B701340174A002084
:104F3800D35C2A789B185BB22B70032B07DD144ACD
:104F4800010013781B191370FDF78CF9200000235A
:104F5800EB56033308DA0E4A012113780020013B8F
:104F68001370FDF77FF9012000230A4AEB5613401E
:104F780004D50422013B5242134301332B7070BD08
:104F880000040048E80F0020E70F002015B20008D1
:104F9800E90F00200300008010B52320FEF794FDE0
:104FA800212801D0002010BD2420FEF78DFD072800
:104FB800F8D11E30FEF788FD133843425841F2E716
:104FC80010B52121041E00D1DE312320FEF786FD15
:104FD8000721002C00D1F8312420FEF77FFD132192
:104FE800002C00D1EC312520FEF778FD10BD10B55E
:104FF8000020FFF7E5FF01F039FE10BD704710B53E
:105008002620FEF761FD10BD10B5C1B22620FEF7BF
:1050180065FD10BD10B5FFF7F1FFFFF7BDFF0028D4
:1050280008D1FFF7F1FF00F05BF900F0EBF9012080
:10503800FFF7C6FF10BD000010B58C78002C1ED0FD
:10504800174BC3180F2B22D81238C0B200F0E8F95A
:105058000024200010BD012001F0E8FB03220221FA
:105068000120FDF76DF9F3E7012001F0EBFB0322C6
:1050780002210120FDF764F9EBE70220F5E7094B6F
:105088009842F1D0084B9842F7D00124E1E7054B4C
:105098009842E0D0044B9842DBD10220DCE7C046BE
:1050A800EEA0FFFF105F0000115F0000FF230370F8
:1050B800704710B5040000788038032806D8FBF73D
:1050C800E3F80206090CFEF7A9FF607010BDFEF7B1
:1050D80037FFFAE7FEF76AFFF7E7FEF793FF60701E
:1050E800FEF796FFA070F1E770B5040000788038ED
:1050F800032816D8FBF7C8F8020D191DFEF782FF22
:105108000500FEF785FF010062782800FFF757F9D0
:1051180007E06078FFF732FC6378002B02D1FFF7D5
:10512800F3FC70BDFFF786FCFBE76078FEF764FFD1
:10513800F7E76578A478FEF771FF21000200E4E73D
:10514800F8B50400431C00780D000138122800D976
:105158009EE0FBF799F80A133A4B515B5E62669D35
:105168009D696D737C85888B940000236370093377
:10517800A3702900200002F02DFEF8BD6378022BF1
:105188000DD0032B0ED0012B1AD101F041FF030ED5
:10519800A370030CE370030A23716071E9E7FFF75A
:1051A8002EFFF4E70026A71C3000FDF72BFC013684
:1051B800030AF6B23B7078700237062EF4D1D8E7AE
:1051C80029002000FFF772FFD3E76378022BF7D19D
:1051D800E378A0781B020343207900040343607935
:1051E8000006184300BAFFF70FFFC2E7E278A1787C
:1051F800607800F05AF8CEE72279637912021343F7
:10520800A178E278607800F05EF8B2E700F068F81C
:10521800AFE71800FFF768FFABE71800FFF749FF93
:10522800A7E7FEF72DFEA4E700F0B6F86070A0E748
:1052380000F0B4F8030A6370A0709AE76378A07866
:105248001B02E178221D184300F0AAF891E7637861
:10525800A0781B02E178221D184300F0BBF888E70C
:1052680000F0D0F885E700F016F8DFE76378A0785B
:105278001B02E178221D184300F050F879E76378A3
:10528800A0781B02E178221D184300F05FF870E750
:10529800FF2323706DE704207047520049018918E5
:1052A800C022504308182730704770B5FFF7F5FF44
:1052B8000500FEF709FC0402681CFEF705FCA4B211
:1052C800204380B270BD70B51D00FFF7E6FF0400F3
:1052D800290AFEF703FCE9B2601CFEF7FFFB70BD6C
:1052E800F8B50025C0246C430B4B0027E4180DE0EB
:1052F8007300F2B2E35AF9B2E8B20136FFF7E3FFFE
:10530800102EF5D101372034062F01D00026EFE703
:105318000135042DE6D1F8BD08A00008F8B52730FE
:10532800C027140005005618BF00B44200D1F8BDCC
:105338002B00273BBB4206DA2800FEF7C5FB20708E
:1053480001350134F1E700232370F9E7F8B5273078
:10535800C027140005005618BF00B44200D1F8BD9C
:105368002B00273BBB4203DA28002178FEF7B6FB67
:1053780001340135F1E707B501AA030011800020C7
:10538800032B08D85178052905D812780F2A02D896
:105398001800FFF78AFF0EBD10207047D92070470C
:1053A80070B51400094B5618C518B44200D170BD29
:1053B800074BEB18D82B06DC2800FEF785FB20707E
:1053C80001350134F1E700232370F9E727030000D2
:1053D800D9FCFFFF70B51400084B5618C518B44225
:1053E80000D170BD064BEB18D82B03DC28002178C0
:1053F800FEF774FB01340135F1E7C04627030000CE
:10540800D9FCFFFF70B58025044CED002000002179
:105418000134FEF763FBAC42F8D170BD27030000EE
:10542800F7B505000F2821D81948FEF74DFB0028CD
:105438001CD18026174CF600002D18D101270195A4
:105448002000FEF741FB002301AD661C28706B703D
:1054580098420BD0431E022B14D8687030002F706E
:10546800FEF732FB0234A87000280CD1F7BDB44215
:10547800FCD02000FEF728FB002801D1013DEDB249
:105488000134D9E734002800FDF77AF8D8E7C04698
:10549800FF03000027030000F8B5140082781D0000
:1054A80006AB1F78274B002A11D01C7001F0CEFDE7
:1054B800254B188023002033DBB2072B06D80722A0
:1054C80001201440A040C0B200F011FCF8BD1E78C5
:1054D800A6422DD11C4B188801F0BDFDC72827D83E
:1054E8002C002034AE4215D033002033DBB2072B1A
:1054F80006D8072301201E40B040C0B200F0FFFBD1
:10550800E3B2072B06D8072301202B409840C0B2EE
:1055180000F0EDFB3800E4B200F0E1FB072CD5D831
:10552800072301201D40A840C0B200F0E8FBCDE7EA
:1055380023002033DBB2072BC8D8072201201440F0
:10554800A040F1E7EA0F0020EC0F0020264B13B52E
:105558000C0098420BD8254B98420FD8244B984200
:105568001AD0244B984237D0234B98420ED0A078BB
:10557800002836D00022214B1A701AE0204BC018A0
:1055880002280DD8FAF780FE161C22002623009365
:10559800BB331A00010008E027230093BE33F8E765
:1055A8002623E02217490093BB332000FFF774FF3E
:1055B800002016BD2723E42200931349BE33F4E7E5
:1055C8002623E22200931149BB33EEE72723E62284
:1055D80000930549BE33E8E72823E5220093273BDB
:1055E800D8E70120E5E7C046F65C0000F25C000061
:1055F800D85C0000D95C0000D75C0000EA0F0020EE
:105608000CA3FFFFF35C0000F45C0000F55C0000F5
:1056180070B505008878002800D1B9E05D4EB54224
:1056280012D85D4B9D4213D901F040FB5B4C2080A2
:10563800B5421ED8584B9D420BD8208801F042FB3A
:1056480000F08AFD002003E0554BEB18082BEBD93E
:1056580070BD544BE818122819D8FAF715FE1D200A
:10566800232E3134373D45494C4F595C5F62688978
:105678006E004B4BE81883B2082BDED80828DCD81C
:10568800FAF702FE13183F432E586980840001235D
:10569800227813432370D0E702232278F9E7042302
:1056A8002278F6E708232278F3E701236278134388
:1056B8006370C2E702236278F9E710232278E8E7EB
:1056C80020232278E5E740232278E2E700F044FD32
:1056D800802322785B42DCE70C2322789A43D8E7C0
:1056E800032362789A43E2E7012223789343D1E7C0
:1056F80002222378FAE704222378F7E7082223789E
:10570800F4E7012263789343D2E702226378FAE749
:1057180010222378EAE720222378E7E7402223783B
:10572800E4E700F019FD7F2223781340B2E70C224A
:105738002378DBE703226378E5E701210420237857
:105748005A07D20F4A400A40910083430B4308216D
:10575800D2008B439DE701216378DA07D20F4A40D4
:105768000A408B4313435100022293430B439FE7A4
:1057780000F0F2FC01222378D9094A407F21D201A6
:105788000B4086E7012001F00FFB56E70020FAE7FF
:1057980001205DE7155C0000015C0000DC130020BF
:1057A80006A3FFFFFDA3FFFF124A10B501230C005B
:1057B800904215D101F07CF9A17803000E4A002926
:1057C80010D0AA2003401900481E814135201170CD
:1057D800002B00D10C3801F0FDF801F0DBF90023B3
:1057E800180010BD13783520002B00D10C3801F0BB
:1057F800FBF8F2E7165C0000EE0F0020014B186082
:105808007047C046F00F0020034B10B51B68181EE8
:1058180001D01B68984710BDF00F0020F8B5184B51
:1058280004001B68002B2AD0164A1278002A07D0D9
:10583800154A12787F2A03D902784270052202702D
:105848005B6820009847114D2B785A0717D5DB075E
:1058580002D50F4801F044FF2600012708362B78AF
:105868003B4203D021780B4801F03AFF0134B4429F
:10587800F5D12B78DB0702D5074801F031FFF8BDD9
:10588800F00F0020300F0020DC130020C91000208A
:1058980025B2000837B200087BAE0008044B10B5EB
:1058A8001B68002B03D0022202709B68984710BD2A
:1058B800F00F0020064B10B51A88824206D01880D7
:1058C800044B1B68002B01D0DB68984710BDC0460D
:1058D800F60F0020F00F0020064B10B51A88824200
:1058E80006D01880044B1B68002B01D01B69984711
:1058F80010BDC046F40F0020F00F002010B501F0D5
:1059080087FB024B1860024B186010BDFC0F00208B
:105918000010002010B501F07BFB024B1860024B11
:10592800186010BDFC0F0020F80F0020704770476A
:1059380010B5FFF7FCFF10BD704710B5FFF7FCFF6F
:1059480010BD000010B5054801F0DEFEFEF758F85E
:10595800FFF7ECFFFFF7ECFF10BDC046917D000894
:105968000120704710B5FFF7FBFF10BD7047704767
:1059780010B5FFF7FBFFFFF7FAFF10BD10B501F0F8
:1059880043FBFDF791F8FFF745FBFEF7FDFFFFF737
:1059980099FAFFF7D2FF10BD70B50E4E04003378A8
:1059A8005A0712D501252B420FD00B4801F098FE5B
:1059B80033782B4209D02100084801F091FE337852
:1059C8002B4202D0064801F08BFE2000FCF709FEAE
:1059D80070BDC046C91000203DB2000821A40008CF
:1059E8007BAE0008F0B585B0FDF79CF8002801D023
:1059F800FFF784FF0026F3B2F0B20193FDF702F837
:105A0800304B7700FC5A0090844247D002222E4B3C
:105A18001B78134201D0FCF7FBFF009B00255C407C
:105A2800A3B201241C4233D0FFF79CFF002813D0F7
:105A38000098019A02AB20405A701D70431E98418D
:105A480002AB987001F002FB012302AA0343938082
:105A58000298039900F03CF81A4BDB5B5C40194B49
:105A6800DC53FFF787F8FFF74BFA002801D0FFF760
:105A780051FFFDF7DFFEFFF7C7FE144C2378834282
:105A880004D0FFF7C1FE2070FFF786FF05B0F0BD18
:105A980001356400EDB2A4B2102DC3D10136062E33
:105AA800A9D1012302AA5B4213800023937001F05D
:105AB800CDFA012302AA034393800298039900F0C8
:105AC80007F8CEE706100020C910002004100020B7
:105AD8001FB5030CDBB200900191002B01D001F03F
:105AE80013F80E2200216A441180009A02AB029238
:105AF8006A4692889A800098039900F07FFD05B065
:105B080000BD10B5008800F039FF10BD10B5041EA7
:105B180013D0822812D1FFF777FE83070DD43920DE
:105B280000F058FF01F036F8FA20800002F02BFE52
:105B3800392000F059FF01F02DF810BD83280ED14F
:105B4800FFF762FEC307F8D4532000F043FF01F0CB
:105B580021F8FA20800002F016FE5320E9E7842895
:105B68000ED1FFF751FE4307E7D4472000F032FF7C
:105B780001F010F8FA20800002F005FE4720D8E76F
:105B8800031FDBB2A02B13D8FDF770FB0028D4D17C
:105B98001C4B2100186801F02BF9002804D02000C4
:105BA80000F022FF00F0F6FF200000F013FFC2E72C
:105BB80003002033DBB2072B07D807200440063840
:105BC800A040C0B200F07AFFB5E703005B33DBB258
:105BD800022B04D8243880B2FFF76CFEADE703002F
:105BE8005833DBB2162B05D8074A5B00985AFFF7E3
:105BF80073FEA2E7EF28A0D9FDF7D6FCFDF7A6FDB6
:105C08009BE7C046800C002050B2000810B5002861
:105C18000FD082280ED1FFF7F7FD830709D5392069
:105C280000F0D8FE00F0B6FF392000F0DDFE00F0ED
:105C3800B1FF10BD83280AD1FFF7E6FDC307F8D5E9
:105C4800532000F0C7FE00F0A5FF5320EDE784289D
:105C58000AD1FFF7D9FD4307EBD5472000F0BAFE7C
:105C680000F098FF4720E0E7031FDBB2A02BDCD948
:105C780003002033DBB2072B07D80723034001209A
:105C88009840C0B200F022FFD1E703005B33DBB2DB
:105C9800022B03D80020FFF70DFECAE70300583394
:105CA800DBB2162B03D80020FFF716FEC1E7EF285A
:105CB800BFD9FDF7D3FCFDF749FDBAE770B505007C
:105CC8000C00FFF723FF002C03D12800FFF79EFFED
:105CD80070BD0A20013C02F056FDA4B2F3E7502142
:105CE80010B5392800D00021FFF7E8FF10BD10B526
:105CF800002803D000F0E2FE00F04CFF10BD10B504
:105D0800002803D000F0E2FE00F044FF10BDF0B51B
:105D180085B086790C1C8578019000F087FE2304F5
:105D2800360902900393002818D00295002D15D04B
:105D38000F2223041B0E9343402B06D0230000227E
:105D48002033DBB20292072B08D9022000F072FF41
:105D580000F06CFE01234340DBB2029323041B0FC7
:105D680018000393FAF79AFA10001000650065000E
:105D7800B500C90041004100D4002B013C013C01A1
:105D8800970141004100A0010F22230426051B0EA4
:105D9800360F934300D03601E4B2002D14D0002E04
:105DA8000BD023002033DBB23000072B01D9002CA5
:105DB80007D100F083FE00F0EDFE2000FFF7A6FEFD
:105DC80013E000F091FEF6E72000FFF71FFF002E1A
:105DD8000BD023002033DBB23000072B01D9002C75
:105DE80024D100F073FE00F0D5FE039B083B032B83
:105DF80003D8FFF709FDFCF7F4FB029B002B13D037
:105E080000F00CFE012302001A4018420CD1019B3D
:105E18009A7000F0FBFD00F009FD019800F05CF9B4
:105E280000F0F4FD00F00EFD05B0F0BD00F064FEDA
:105E3800D9E70F22230427051B0E3F0F9343202B7E
:105E480000D03F01E4B2002C0ED0012C2BD0002D45
:105E580032D0002E2BD0019B9B79DA07ADD50F22CB
:105E68001340019A937122E0002D11D0002E06D123
:105E780000F066FE3843C0B2FFF739FFB5E7012EE0
:105E8800F6D100F05DFE3843C0B200F065FEACE725
:105E9800002E05D100F072FE3800FFF730FFA4E7AE
:105EA800012EA2D0F6E7002D03D0052E9DD838008C
:105EB800E2E7042E99D8EFE7002EEDD00120392C27
:105EC80001D1C820800002F05EFC2000FFF79EFE92
:105ED8008BE723059B0F09D0012B00D085E7281EEF
:105EE80001D0A005800DFFF7F7FC7EE7281E01D042
:105EF800A005800DFFF7DEFC77E7E0B2002D04D0A7
:105F0800FDF752FBFDF722FC6FE7FDF7A7FBF9E76A
:105F180023049B019B0F23D1002D00D065E72306A6
:105F28005B0F9B002007DBB2000F9840E20602D50A
:105F38000F359D40ED432405A40F2843022C09D0BA
:105F4800032C0AD0012C02D000F040FC4DE700F0F1
:105F580033FC4AE700F044FC47E700F028FC44E73C
:105F6800A205920F0123D1B2002D1CD01340002BA3
:105F780000D13AE72206520F92002007D2B2000F52
:105F880090400023E10602D50F339340DB432405FC
:105F9800A40F1843022C0CD0032C0DD0012C05D0D3
:105FA80000F072FC21E749080B40E0E700F062FCD2
:105FB8001BE700F073FC18E700F022FC15E7E6B2D7
:105FC8002405240F002D04D0200000F02FFC300001
:105FD80052E73000FFF793FE200000F033FC04E79F
:105FE800E7B23800F03804283ED8FAF74DF9031123
:105FF800181D2700002D07D0042E00D9F5E6E0046F
:10600800C00E00F02BFCF0E6052E00D9EDE6F6E711
:10601800E004C00E002DE0D000F008FCE5E6E00446
:10602800C00E002DF8D0D8E7002D04D0E004C00E33
:1060380000F0F5FBD9E600F0EDFBD6E6002D09D01F
:10604800E404E40E200000F0F1FB0321200000F03E
:10605800CDFDCAE6012000F0EDFD012E00D8C4E612
:10606800022000F0E7FDC0E6002D06D0002E01D08A
:106078003800A3E6E004C00ECEE7002E08D00120C9
:10608800392F01D1C820800002F07DFB38001DE7C0
:10609800E004C00EA1E72205120FE1B20198FCF757
:1060A800A8FA00F01BFBA0E622050198120FE1B246
:1060B800FCF7A1FA99E670B504008078218800F011
:1060C80067FC051C00F0F4FB00F070FB291C2000A5
:1060D800FFF71DFE70BD000073B5868801AD040092
:1060E800010002222800FAF7DDFB002E12D02A88D0
:1060F8000C4B9A420ED02000FCF74AF900280AD12E
:1061080000F094FC002805D0A378002B02D00220D0
:1061180000F090FD73BD2000FFF7CDFF2000FCF7D5
:10612800F2F8F7E7FFFF000010B50020FFF7C2FB09
:106138000020FFF7D1FB00F0E7FC00F0FBFC00F0CB
:1061480029FDFDF747FCFDF701FB10BD10B500F078
:1061580055FCFFF7E9FF10BD10B500F0BFFCFFF7D5
:10616800F5FF10BD031CC2B21804000F023800B5B9
:106178000D2821D8FAF788F80707202016202020B4
:1061880007071D20201D0120F02A05D005D8002072
:10619800E72393424041C0B200BDF43A10004342A5
:1061A8005841F8E70120E72AF6D9F13A5042504120
:1061B800F1E71805C00FEFE70020EDE707B501ABE1
:1061C8001880019800F0DAFBFFF7CCFF0EBD82B013
:1061D80002B0704782B002B07047000070B5072562
:1061E8000B4B1C780B4B1B78A34200D170BD0A4B9C
:1061F800E200D15A9B1858889A8800040843D98825
:10620800013409041143FFF7E5FF2C40EAE7C046D3
:106218005D1000205C1000201C100020064B10B5FB
:1062280058881A88D988000410439A8809041143A9
:10623800FFF7D0FF10BDC04614100020F7B50F229D
:106248001E488379934334D18378002B31D01C4B7B
:1062580001A91B781B4A12789A422AD0028884889E
:106268000A80002C26D0184D92B2AA4222D0477834
:10627800164DBC46DE00AA195778BC451AD10778D6
:10628800755DAF4216D19578002D13D195882C1BDA
:10629800A4B2C72C0ED80F241021837923400B43B6
:1062A80083719379234019439171FFF715FFFFF725
:1062B80095FFF7BD072201331340CBE714100020E8
:1062C8005D1000205C100020FFFF00001C10002063
:1062D800F0B504008BB00100062206A8FAF7E2FA2E
:1062E800A178C14E0191A18830880291B1880390AC
:1062F8008C4608A90880604623786278002800D177
:10630800CBE00888B94DA84200D1C6E0B578002D89
:1063180000D1C2E0B1790F200F0004916146874394
:106328000298401A80B2C72800D98AE0002F49D1C4
:106338000199059106A90B704A700888039988424B
:1063480012D10199002900D017E10F2304991940AF
:1063580001331943B171FFF761FF3000FFF7BCFE4D
:10636800B379A37100253CE10299002900D008E126
:10637800019B002BF6D001239B4A91790B43937123
:10638800F0E79B48CF00C6197078904206D198482C
:106398003F5C9F4202D1B678002EE3D1072001313D
:1063A8000140FFE0000E014202D0002B00D117E1AE
:1063B8002033DBB2072B00D812E12000FFF78CFE58
:1063C80005950DE106A90B704A7008880399884263
:1063D8000FD1019900290CD1049B2000A371FFF76C
:1063E8007BFE082221003000FAF75CFAFFF716FF5F
:1063F800F7E006A90B704A700698FFF7DFFE002841
:106408001BD0019B002B18D0774A93791F2B09D9F1
:10641800128808A8028000228270029A8371828002
:10642800FFF75AFE082221006F48FAF73BFAFFF7F8
:1064380005FFFFF7F3FE0125D3E02000FFF74CFE30
:10644800F9E706A9002F14D101980B7088700298FB
:106458004A70888007990698FFF7B9FE3000FFF761
:106468003BFE082239003000FAF770FAFFF7D6FE33
:1064780078E70B704A70088803998842B9D1019966
:106488000029B6D1049B2000A371FFF725FE08223E
:1064980030000199FAF75AFAA3E06546524F388856
:1064A8000880002D51D0514985B28D424DD0BD781C
:1064B800002D4AD166460299891B89B2C72933D86B
:1064C800019D002DB9D006A90B704A700B88834234
:1064D8001DD1BA79D30714D40F2113008B4310D0E0
:1064E800A271F02B06D0D3B21A09013212010B4067
:1064F8001343A3712000FFF7EFFD082221003800A5
:1065080072E7082221003800FAF7CCF969E006980A
:10651800FFF754FE002885D10123BA7920001343E0
:10652800BB71FFF7D9FD5CE0019806A98870029855
:106538000B704A70888006980799FFF748FE082272
:1065480029003800FAF702FA50E70199002900D12A
:1065580073E706A90B704A700698FFF72FFE051E11
:1065680000D16AE7082221003000FAF79BF93000D1
:10657800FFF7C7FAFFF762FE38E70299002900D152
:10658800F9E608A90B704A7009881848814200D1B9
:10659800EEE60199002900D0EDE616481649007884
:1065A800097801900198814200D0EAE606A90B70AB
:1065B8004A70069800F0E2F9C3B200040F21020FF6
:1065C800012A00D8EEE60E320A40012A00D9F4E684
:1065D800000E014200D1EBE6A2798A4300D0E7E63B
:1065E800059D28000BB0F0BD14100020FFFF00002F
:1065F8001C1000205C1000205D100020F0B587B052
:106608006C46009020006160FFF762FE04A9051E39
:106618000DD02288A3880A80002B06D02A4B92B27C
:106628009A4202D003CCFFF7D5FD072644E00B00C1
:10663800220041CA41C30888A38803AA1080002BFE
:10664800F3D0224F224E3C783078A44614881E4A54
:106658009442EAD00722441C144064450AD08B8037
:106668001C4BC00018180132FAF71CF93470FFF7F8
:10667800B5FDDAE7FFF770FD0822290016483570E6
:106688003D70FAF763F9D0E7124CC0002018FFF705
:106698001FFE002816D02B78DB001A5BE4186088F0
:1066A800E188A3880004090419431043FFF792FD09
:1066B8002B78013333402B70044D054B28781B7819
:1066C8008342E1D107B0F0BDFFFF00005D1000205C
:1066D8005C1000201C10002014100020F8B5031EC8
:1066E8000BD00026072718785C1C74283DD00BD8DF
:1066F80002282CD002D8012812D0F8BD031F6F2B16
:10670800FBD8FFF703FA19E0752838D003007C336B
:10671800DBB26F2BF1D87F231840FFF777FA0DE033
:106728009C1C5B781A002032D2B2072A0DD83B4055
:106738009840C0B200F0EEF900F02CFA3500013DA7
:10674800EDB2FF2D1ED12300CDE71800D9E7587808
:106758009C1C03002033DBB2072BDED80123384012
:106768008340D8B200F0DEF9E6E75D789C1C013D75
:10677800EDB2FF2DE2D00A2002F005F8F7E75E78C7
:106788009C1CDBE70A2001F0FEFFD8E7704710B534
:10679800FFF7FCFF10BD000010B5FFF7F8FF024B34
:1067A8001860FFF7C1FC10BD60100020704710B5DD
:1067B800FFF7F2FF10BD000010B5034B1B6818432C
:1067C800FFF7EAFF10BDC0466010002010B5034B6C
:1067D8001B681840FFF7E0FF10BDC046601000209E
:1067E80010B5034B1B685840FFF7D6FF10BDC046D5
:1067F80060100020704710B5FFF7FCFF10BD0000C7
:1068080010B5FFF7F8FF024B1860FFF78DFC10BDBD
:106818006410002010B50020FFF7F2FF10BD01231F
:10682800834010B51800FFF7EBFF10BD012383402C
:1068380010B5034A10681843FFF7E2FF10BDC046C1
:10684800641000200123834010B5034A1068984360
:10685800FFF7D6FF10BDC046641000200123834017
:1068680010B5034A10685840FFF7CAFF10BDC0466C
:106878006410002010B5034B1B681843FFF7C0FFD6
:1068880010BDC0466410002010B5034B1B681840AB
:10689800FFF7B6FF10BDC0466410002010B5034BCB
:1068A8001B685840FFF7ACFF10BDC04664100020BD
:1068B8007047000073B5012503041B0E01AA1B01D4
:1068C8001080181807232E00C2B21840D3080522DA
:1068D800864000205A43084BF6B29A180B00C34072
:1068E80014782B405B42634033406340013013709F
:1068F80001320528F2D173BD6810002037B50304B2
:106908001B0E01AA1B01108000211818072305245B
:10691800C2B2034001250800D2085443054A14199D
:10692800625CDA402A408A4001311043C0B205292E
:10693800F6D13EBD68100020F7B51F2401270D4B86
:1069480001AE1A680C4B30801B681A430092009BFA
:10695800E5B2E3403B4204D1013CF8D200252800CF
:10696800FEBD28003168FBF74DFE80B20128F3D048
:10697800F5E7C046641000206010002007B501ABA1
:1069880018800198FFF7D8FF0199FBF73BFE0EBD71
:1069980037B50F4B01AD1B782980002B03D0019828
:1069A800FFF7ECFF3EBD00280CD02868FFF7C4FFB6
:1069B800040001002868FFF77DFF20000199FBF71C
:1069C80021FEEFE72868FFF799FF0400F5E7C046C6
:1069D8001210002010B5034B0100186800F08AFA65
:1069E80010BDC046800C002010B5034B010018688C
:1069F80000F094FA10BDC046800C002010B5024B80
:106A0800186800F09FFA10BD800C00200020024B8F
:106A18001856C010C0B27047C5100020024B187835
:106A2800072318407047C046C5100020034B18784C
:106A380007231840431E9841C0B27047C510002074
:106A48000D4A70B5537804005907C90F814212D016
:106A58000100012504202940890083430B4353701A
:106A6800108800F02FF9054B1B782B4203D021002A
:106A7800034800F035FE70BDDC130020C91000206B
:106A88007EB20008044B10B5587801234007C00FA8
:106A98005840FFF7D5FF10BDDC13002010B50120CA
:106AA800FFF7CEFF10BD10B50020FFF7C9FF10BDDE
:106AB800014B18787047C046C7100020024B1A785F
:106AC800104318707047C046C7100020024A137858
:106AD800834313707047C046C71000200022014B43
:106AE8001A707047C7100020024B1A7810431870AC
:106AF8007047C046C8100020024A137883431370B9
:106B08007047C046C81000200022014B1A70704719
:106B1800C8100020024B1A78104318707047C046FE
:106B2800C4100020024A1378834313707047C0468C
:106B3800C41000200022014B1A707047C4100020B6
:106B4800014B18787047C046C6100020704710B532
:106B5800FFF7FCFF10BD0000064B10B55B785B0724
:106B680006D4054B1A78824202D01870FFF7EFFF5F
:106B780010BDC046DC130020C610002010B5044B21
:106B88001A78002A03D000201870FFF7E0FF10BD24
:106B9800C610002010B50D4B0D4A1B7812780D4C0D
:106BA80013430D4A2068127813430C4A0370127875
:106BB800002A07D01343037000F0FCF8002801D026
:106BC800FFF7DCFF2068FEF729FE10BDC710002084
:106BD800C8100020800C0020C4100020C61000201F
:106BE800704710B5FFF7FCFF10BD00000A4A0B0004
:106BF800527810B552070CD4084CC10019432170C3
:106C0800FFF714FE00202056C010C0B2FFF7E9FFBE
:106C180010BDFFF70BFEFBE7DC130020C5100020BA
:106C2800002010B5024B1870FFF7DBFF10BDC046FF
:106C3800C5100020002310B50A4AD3561900814315
:106C480048B21070420702D1DBB2834203D1064B2F
:106C58005B785B0705D5C010C0B2FFF7F3FDFFF7FF
:106C6800DFFF10BDC5100020DC13002010B5FCF7B5
:106C7800CFFE00200149FCF754FF10BDFFFF0000C4
:106C880010B50020FCF730FF024BC01843425841B2
:106C9800C0B210BD1601FFFF10B50220FCF714FFAB
:106CA80010BD10B50320FCF70FFF10BD10B5042070
:106CB800FCF70AFF04002220FCF706FF000220432D
:106CC80080B210BD10B50400C1B20420FCF706FF65
:106CD8002220210AFCF702FF10BD10B501000F2089
:106CE800FCF742FF10BD10B501001320FCF73CFF74
:106CF80010BD10B50020FFF7F6FF10BD10B500203D
:106D0800FFF7EBFFFFF7F5FF10BD000010B50024FB
:106D1800FCF77EFE00202049FCF703FF002102203B
:106D2800FCF7DCFE00210320FCF7D8FE1B4B2100FA
:106D380004201C60FCF7D2FE21002220FCF7CEFEC6
:106D480021000520FCF7CAFE21000620FCF7C6FE3C
:106D5800FF210720FCF7C2FE21000820FCF704FFF2
:106D680021000D20FCF7BAFE21001820FCF7FCFEDC
:106D780021001720FCF7B2FE21001C20FCF7F4FECE
:106D880021002020FCF7CDFE21001820FCF7ECFEA6
:106D9800FFF7B4FF10BDC046EAFE000060100020F7
:106DA80010B5FFF7B3FF10BD10B501000E20FCF7BA
:106DB80095FE10BD0C4A030011780622002904D064
:106DC8000A4909787F2900D9183200200233013A8C
:106DD800D2B2FF2A00D170471978002901D00130BA
:106DE800C0B20133F3E7C046300F0020DC130020A7
:106DF800030010B5081E15D0114A1278002A12D0C7
:106E0800104A12787F2A0ED90020CC08EF2909D819
:106E180007221140063A8A401B1998781040431EF1
:106E28009841C0B210BD9A1C08331078884204D02B
:106E380001329A42F9D10020F4E70120F2E7C04676
:106E4800300F0020DC13002001220023F0B552424D
:106E5800851CEC5C5EB28C420BD0571C02D1002C16
:106E680000D132000133062BF3D1531C01D0801816
:106E78008170F0BD002210B5831C08301C788C424C
:106E880000D11A7001338342F8D110BD10B5CB0878
:106E9800EF2908D8C01807231940063B8B40827891
:106EA8001343837010BD044B1B78DB07FAD50348E6
:106EB80000F016FCF6E7C046C910002093B200089F
:106EC80010B5CB08EF2908D8C018072301221940AC
:106ED8008A4083789343837010BD044B1B78DB078B
:106EE800FAD5034800F0FCFBF6E7C046C9100020BD
:106EF800B1B2000810B5074B1B78002B06D0064B23
:106F08001B787F2B02D9FFF7C1FF10BDFFF79CFF4D
:106F1800FBE7C046300F0020DC13002010B5074BFC
:106F28001B78002B06D0064B1B787F2B02D9FFF766
:106F3800C7FF10BDFFF79EFFFBE7C046300F0020DC
:106F4800DC13002010B5074B02301B78002B04D04F
:106F5800054B1E221B787F2B00D806220021F9F74B
:106F6800F5FC10BD300F0020DC130020704710B571
:106F7800FFF7FCFF10BD10B50020FBF732FBFDF753
:106F8800E1FDFFF7F4FFAA2001F0FDFB10BD7047FB
:106F9800704710B5FFF7FBFF0024FBF7C3FDFFF7B1
:106FA800F7FF2000FBF72EFD002804D10134E4B2DE
:106FB800062CF6D110BD0120FCE7704710B5FFF78D
:106FC800FCFF10BD10B5FFF789FDFFF79DFDFFF72A
:106FD80015FDFCF7FFFC0020FEF76CFC0020FEF717
:106FE8007BFCFEF711FCFBF7FCFAFDF73BFDFFF716
:106FF800E5FF10BD10B572B601F091FC62B6014B09
:10700800186010BDCC10002010B5FFF7F3FF10BDBD
:1070180010B572B601F083FC62B6FA22084B9200F2
:107028001B680021C01A0023F9F7D8FA0023054A83
:10703800801859410023044AF9F7B0FA10BDC04638
:10704800CC1000200F2700001027000010B5FFF714
:10705800DFFF80B210BD10B50400FFF7D9FF001B99
:1070680080B210BD054B064A1A60BFF34F8F054B1F
:10707800054ADA60BFF34F8FC046FDE7FC3F0020AA
:10708800EFBEADDE00ED00E00400FA050A4B0B4A46
:10709800043B196810B591420CD100221A6082F3A2
:1070A8001488074B1B6883F3088862B6054B1B6876
:1070B8009847FEE710BDC04600400020EFBEADDE99
:1070C80000C8FF1F04C8FF1F7047F0B591B00493B4
:1070D80016AB10CB1A9F1B781B9E0290039100924F
:1070E8000593002C01D110239E4380233200DB003E
:1070F8001A4006921E4201D0002C20D06123B2060D
:1071080000D5412300222500DBB20A3B01920793F8
:1071180028001899F9F752F9079BCAB2D318DBB2BD
:10712800092902D813003033DBB2019A0199541CA3
:1071380008AA8B54189B9D4201D3202C14D10223FA
:1071480032001A4007921E4220D1013B3340002FE3
:1071580008D0002B06D0059A002A02D10C3216421C
:1071680000D0013F302205E005000194D0E708A9CE
:10717800625401341999A14201D9202CF7D1302247
:10718800002B03D0A74201D91F2C1AD9F30651D5D9
:10719800069B002B1AD1002C18D0199BA34201D0B2
:1071A800BC4213D1631E012C0FD0189A023C102A3E
:1071B8000FD01C00189B022B36D11F2C0ED862232F
:1071C8002FE008A962540134DAE71C00189B102B41
:1071D800F0D1B30622D478231F2C22D9B3074DD07F
:1071E800009B26000193019BE518AA1B002E47D19E
:1071F800079B002B0FD0009BEB1A1C000193009BF0
:107208001A19BC4244D3019B00229F4202D3009B1F
:10721800DA19521BAD18280011B0F0BD58231F2CE5
:10722800DCD808AA135501341F2CD7D8302308AA54
:10723800135501341F2CD1D8059B002B04D02D23C6
:1072480008AA13550134C9E7730701D52B23F7E7BB
:107258003307C3D52023F3E72020049B0399029E1C
:10726800B0470135009B1A1B5219AF42F4D80023CE
:10727800A74200D33B1B009A9B18B2E72500F1E711
:1072880008AB013EF05C0399049B029DA847AAE75E
:107298002020049B0399029EB0470134AFE710B544
:1072A800002801D000F036FA10BD0000F0B591B00A
:1072B800169C09900A9108920693002901D1AB4BBC
:1072C8000993002617E1069B01330693252807D06A
:1072D8003200751C089B0A99099EB0472E000AE1E6
:1072E80000230120082505E02D2A15D0302A0CD1CD
:1072F80003430691069A0699127801312B2A0ED07B
:10730800F2D8202A0DD0232A0DD0100030380928B1
:107318002AD800270A250CE002221343E9E70422B1
:10732800FBE72B43E5E71022F7E76F43303FCF1920
:107338000690069A1178501C0A00303A092AF4D9A6
:107348000021069A079112782E2A26D18021C90099
:107358000B430699069A4978013208003038092803
:1073680038D80A218C4611E000272A2AE8D180CC97
:10737800002F02DA283A13437F420691E0E760467D
:10738800079A4243303A8A1807922A001178551C06
:10739800080030380928F2D90692069A1178013285
:1073A8006C2928D022D868292FD06A2936D0069A85
:1073B800157801320692782D00D983E1612D30D8F5
:1073C800252D00D17EE1582D00D07BE120221343EA
:1073D800102153E02A29DFD104CC0792D243079920
:1073E800D2171140069A07910232D5E77A29DED1E1
:1073F800802149000EE0069949786C29F8D1C0220D
:1074080092001343069A0232D2E70699497868290E
:1074180002D080210B43CBE7C022F2E7802189000C
:10742800F8E728006238162800D94BE1F8F736FF4C
:107438001700850017004A014A014A014A0117004E
:107448004A014A014A014A014A01170035014A0125
:107458004A01CA004A0117004A014A011700782D5B
:10746800B6D06F2D00D136E1622D00D135E1102262
:107478000A219343692D03D0642D01D00C22934334
:107488005A0501D501229343802292001A40692DA2
:1074980001D0642D1AD1002A2DD1251DDA050CD56D
:1074A80022680593079B04970393D30F0193D3177F
:1074B800D21802915A40009215E02268580601D568
:1074C800D2B2EEE71806ECD512B2EAE7002A12D1DA
:1074D800251DD80521D50593079B04970393029191
:1074E8000192236800933200089B0A990998FFF7D4
:1074F800ECFD2C000600069B1878002800D0E2E678
:10750800089B32009E4200D35A1E0020089B0A990D
:10751800099CA047300011B0F0BD2268580608D574
:10752800D2B20593079B049703930023029101931A
:10753800C1E71806F5D592B2F3E702221A400C9279
:107548000222134229D001230793230001CB3200E2
:107558000B930A99089B751CC0B2099EB0470C9BF7
:10756800002B2DD02A00079E22E0C046D1700008CB
:107578002020089B0A99099DA847079A531C07933E
:107588009B1BBB42F4D300239F4200D07B1EF618FE
:107598000223002FD8D07B1CD6E73200EEE7531C1D
:1075A8000C932020089B0A99099CA0470C9A013645
:1075B800BE42F4D3079A0023974200D3BB1AED18B2
:1075C8000B9C8BE6220002CA0C92079A0B91002AA8
:1075D80001D1012252420B990C008A182178002906
:1075E80001D0A24214D10B9A1900A41A8022D20009
:1075F80011400D91134203D0079A944200D9140008
:1076080002221A400E920222134216D1320009E0D9
:107618000134E3E7531C0F932020089B0A99099D26
:10762800A8470F9AA31B9B189F42F3D80023A74291
:1076380000D33B1B0134F6181C19350008E00793EA
:107648006B1C2A000F93099D089B0A99A8470F9D58
:107658000B9B9B1B585D002807D00D9B002BEFD080
:10766800079B079A013B002AE9D10E9B002B12D0F9
:107678002A0007E0531C07932020089B0A99099EBB
:10768800B047079A631BD318BB42F3D30023A74222
:1076980000D33B1BED180C9C20E6212213430593D5
:1076A80008230493079B32000393102302930023BB
:1076B800019308CC0A9900930998089BFFF705FDE8
:1076C800060018E732002800089B0A99099D771CD4
:1076D800A8473E000FE70821D0E60221CEE6C046C3
:1076E8000FB41FB5012206A908C95242039100919F
:1076F800034802A9FFF7DAFD05B008BC04B0184733
:10770800A772000800207047014B18607047C046F8
:10771800840C002010B5024B1B68984710BDC0466A
:10772800840C002002000F2030B507490C78631C38
:1077380003400648057800209D4203D004480B709A
:107748000255012030BDC046401C0020411C0020CD
:10775800301C00207047000010B572B6034800F0D6
:107768000FFD034800F00CFD62B610BD5C0D002053
:10777800B00E002070B50D0019002D02002328005E
:10778800064C10436360231D1A0000F0ADFB206017
:107798006068002800D0200070BDC046101300208B
:1077A8007A30084A01781378022907D102318B43CD
:1077B800012B02D15278044B1A707047024A137099
:1077C800FBE7C046661300204413002070B5040090
:1077D8000800052911D8F8F757FD54101154510322
:1077E80072B62D4800F08BFC62B672B62B4800F0DA
:1077F80086FC62B60520FFF795FF70BD72B60121C1
:107808002000274A01F0B5FA04212000254A01F09A
:10781800B0FA254D20002B00B4331978234A01F023
:10782800A8FA2B00B53319782000214A01F0A1FAF3
:107838002B00B6331978002903D020001D4A01F027
:1078480098FA154800F066FC82239B00E95C20004A
:10785800194A01F08EFA194B2000E95C184A01F028
:1078680088FA184BE95C002903D02000164A01F079
:1078780080FA0A4800F04EFC62B6BEE70420FFF723
:1078880051FF72B6044800F022FC62B672B6034893
:1078980000F01DFCF0E7C0465C0D0020B00E002093
:1078A800D0B20008F4B20008880C0020CC0C0020EC
:1078B800F00C0020140D0020200E0020090200000A
:1078C800440E00200A020000680E002070B5084C23
:1078D8000500E3680E00002B02D0200000F0B2FD86
:1078E800330029002000034A00F058FD70BDC0464F
:1078F800301300200179000870B5040072B60378CF
:10790800042B01D062B670BD134B1B78DB09F9D18B
:10791800124D2B78002BF5D0114B1B78002BF1D092
:1079280003899B0704D4082301210E4A01F077FA42
:10793800002328780C4A0021F8F750FE00230B4A50
:1079480080185941FA2200239200F8F727FE2100F7
:107958008000FFF7BBFFD5E7DC1300202C130020C5
:10796800300F00204513002010270000E703000017
:10797800020070B57432117804000B007F200340B8
:10798800212B00D07AE0230049B27533002925DA8B
:10799800187802281CD0032810D0012800D06DE0E8
:1079A80003331B78002B05D14B4AA2662022E266DE
:1079B800236770BD0023A366E366F9E723007833E5
:1079C8001B88002B5AD10120444AE066A266EFE7E3
:1079D8000120434BE066A3660023E9E71B780A2BE6
:1079E80042D00B2B0ED0092B48D12300022178332B
:1079F8001B788B4342D13B4BE166A3663A4B01208F
:107A08002367D6E7230078331B88002B28D123006F
:107A180076331978354D0A00531E9A41D3B22F4A4E
:107A280013702A78DB01024013432B70002917D109
:107A38002B4B1A78002A13D072B62D4A18780023D7
:107A4800F8F7CCFD00232B4A80185941FA2200236D
:107A58009200F8F7A3FD21008000FFF737FF62B618
:107A68000023A366E366CAE72300204977331A7820
:107A780009781B4BC9091A70F2D1DBE71E4B128833
:107A88009A420BD01D4B1A00B6321278002A1ED12A
:107A98001B4A9B5C002B1AD100208AE7230079330C
:107AA8001A78013B1B7812022100134322006068F8
:107AB800763277314568127820000978A84700287F
:107AC800EAD04368A3660368E366002397E72000CB
:107AD80000F036FB6DE7C04645130020300F00204C
:107AE8002C13002066130020A9770008DC1300205F
:107AF80010270000E703000081060000880C002022
:107B08000A02000070470000102210B50021044846
:107B1800F8F71CFF0023034A1370034A137010BDC3
:107B2800301C0020401C0020411C0020F8B50F2408
:107B3800012500200A4B0B4A1E780B4F13789E42F2
:107B480003D1002800D01670F8BD1900795C013304
:107B5800280023400529F2D11370FFF733FAE8E72C
:107B6800401C0020411C0020301C0020F8B51F4C90
:107B78001F4B204AA365231DDA6723001E4F1F4AA7
:107B88001F4EA033050039001A60300000F060FA7B
:107B98003900300000F084FAD6231A4A5B00E2501C
:107BA800194A2833E250194A2033194EE250194C29
:107BB8003100200000F04CFA2000174C310000F092
:107BC8006FFAA36D154A16481340A36500F0DBFD54
:107BD8002800144901F092F88023A26D1B02134378
:107BE8000022A365104BDA60F8BDC046880C00205F
:107BF800900C0020A40C0020380D0020B80C0020A8
:107C08005C0D0020E40D0020F80D00200C0E002073
:107C18008C0E0020B00E0020005C0040FF7FFFFFAC
:107C2800983A000018B300083013002070B505001A
:107C3800084C01F076F8A36D074A28001340A365A5
:107C4800064901F05BF88023A26D1B021343A3656C
:107C580070BDC046005C0040FF7FFFFF18B30008FE
:107C6800014B18787047C0464413002070B50500D2
:107C780072B61C4C2378042B20D11B4A2389127816
:107C88007F2A1DD9194A1278002A19D0DB060BD48D
:107C980020232A000421200001F0C1F82022290015
:107CA8001348F8F7FFFD09E00121E36949425869E3
:107CB8000C3000F071FD2378042BE9D062B670BD5A
:107CC8009B0703D408232A000121E4E70121236943
:107CD800494258690C3000F05FFD2378042BEDD140
:107CE800F0E7C046BC1D0020DC130020300F002048
:107CF8004513002070B5050072B60C4C2378042B90
:107D080001D062B670BD2389DB0607D5E36964211B
:107D180058690C3000F040FD431CF2D006232A00BD
:107D28000421200001F07BF8EBE7C046BC1D0020D1
:107D380037B5040072B608480178042901D062B644
:107D480037BD6D46032301AA6C71240A1370AC7108
:107D580001F065F8F3E7C046BC1D0020030013B529
:107D680072B608480178042901D062B613BD6C4682
:107D780063711B0A01AAA3710323117001F04FF864
:107D8800F3E7C046BC1D002037B56B46D91D00235C
:107D9800074C087022789A4200D1323305480268AD
:107DA800D5690122A8474342434140B223703EBDF2
:107DB8007C1300205C0D002010B5054888B00368CE
:107DC80020221C6A69460023A04708B010BDC0469F
:107DD8005C0D00200A0010B5202907D18A23044928
:107DE8009B00CB5801005B680248984710BDC0460D
:107DF800880C0020B00E00208A2310B5084A9B008A
:107E0800D35888B01C6A2022002369460548A04739
:107E1800002803D0C1B26846FDF792F908B010BD3A
:107E2800880C0020B00E002010B5FFF72FF910BD08
:107E38007047704710B5FFF7F7FF01F0B1FFFFF784
:107E4800F7FF10BD10B501F0F1FFFFF7F2FF10BD0D
:107E580010B500F041FD00F06FFAFDF773FDFFF774
:107E680053FE1C4C2000FFF781FEFA20400000F072
:107E78008AFC1948FFF734FCFDF780FD1748FDF729
:107E8800BDFC1748FFF72CFCFFF750FE2378052BA5
:107E980009D11448FFF724FC2378052B0CD0FEF7F2
:107EA80079FEFBF753FCFDF79DFDFFF785FFFFF714
:107EB800A3FFFDF75DFDE7E7FFF75DF8FFF769F85A
:107EC8000028E9D0200000F0BDFF2000FFF7AEFE3B
:107ED800E2E7C046BC1D002028B30008340F00208C
:107EE80039B300084AB3000810B5040AE3B2032CFA
:107EF80010D0032B07D8012B23D0022B07D17B20CE
:107F0800114B136010BD212B0DD0222B12D0002055
:107F18000300F6E7C0B20228F9D80C4B8100CB5811
:107F28000B49405CEDE70329F1D80A4B8900092089
:107F3800CB58E6E70329EAD8074B8800C358074817
:107F4800EFE71220064BDCE784B3000850B30008C3
:107F58005CB3000860B3000870B3000880B3000881
:107F680021B4000813B5446BE36F1A68117804292B
:107F780015D1217A022912D1197901238B4012894E
:107F88001A420CD1200001A9443000F0B7FD021EAE
:107F980005D0E06F019B0179006800F040FF13BD38
:107FA80010B50C3000F047FD10BD012310B50C30A2
:107FB8005B4200F040FD10BD10B5443000F009FEF2
:107FC80010BD012310B544305B4200F002FE10BD25
:107FD80010B50C3000F017FD10BD012110B50C30A4
:107FE800494200F010FD10BD10B5443000F0D3FD3B
:107FF80010BD012210B54430524200F0CCFD10BD36
:10800800C36F70B51A6804001178042901D00120E3
:1080180070BD017A0229FAD11979012352898B405E
:1080280015001D401A42F2D10C3000F0A1FC021ECE
:10803800EDD0E06FA36A4179043B006800F0DCFEF4
:108048002800E5E710B5406BFFF7DAFF10BD000028
:108058007FB50300040001260E4A0D0004C34360E7
:108068000D4B067202940193CB680C3000934B6958
:108078000A6A310000F057FC2000084B31000193D8
:10808800AB68EA69009344302B69029400F010FD54
:108098007FBDC0467CB500084D8000086D7F000894
:1080A8000A6872B60B7909339B00D31858604B796C
:1080B80011339B0098508B79002B03D009339B0018
:1080C800D31858600223C167037262B6704770B54F
:1080D800040002210430022500F0C0FB0126200024
:1080E8006D42290026750C3000F08FFB230020001C
:1080F8004C3329001E70443000F087FB70BD10B56A
:1081080001210400043000F0A9FB002323754C343E
:10811800237010BD70B504000C3000F01CFC002565
:1081280020002575443000F0DBFC23004C331D7023
:108138000121201D00F092FB2000FFF761FF70BDB8
:10814800020060217432127803000A400020202ABD
:1081580006D11A0075321278212A02D81F2A05D8AA
:108168007047222AFCD19866D86603E0034A9A66CB
:108178000722DA6618670120F2E7C046480F002098
:10818800C36F73B51A680400117804292BD1017ADA
:10819800022928D11979012312898B4016001E4023
:1081A8001A4220D105004435280000F051FD00286E
:1081B80019D0280001A900F0A1FCE36F05001A7E80
:1081C800002A09D001981A693100121A2818F8F7FC
:1081D800BDFBE36F1B690193E06F2A000179019BE6
:1081E800006800F01CFE73BD0B00F0B509339B005E
:1081F800C3185E6804000D0085B0002E2CD072B63E
:108208000821301D00F02AFB3300AF004433E71982
:108218000193FB685B691B68002B02D0019800F092
:1082280079FC019803A900F069FC039B021E0ED19A
:10823800FB685A691268002A0DD01B8A013B1A4252
:1082480009D1F36F1B7E002B05D12200743229005F
:10825800200000F0E4FD62B605B0F0BD11318900E0
:1082680010B50C58002C15D072B60421201D00F052
:10827800F5FA2000E36F0C301A685B7902339B0033
:10828800D3185B689B69596800F07CFB2000FFF7F6
:10829800B7FE62B610BD7047024B034A1A60034A24
:1082A8005A607047441C0020481E002000400020EF
:1082B80030B5094C4B1E2568AA18D3184A421A40F3
:1082C80063681018834204D3854202D820601000E6
:1082D80030BD0022FBE7C046441C002010B572B632
:1082E800FFF7E6FF62B610BD70477047FEE7000073
:1082F800F0B5082400250E4A5368166819009068DE
:10830800884210D8DE1E0021B04203D30330C11AC0
:10831800890889005B18D168994207D8013C103256
:10832800002CE9D1F0BD80CE80C1E9E720C3F3E796
:10833800A4B5000830BFFDE710B500F0F5F800F06F
:108348001FF8FFF7A9FF80220749084800F0C0F985
:10835800074B98610123037700F09CFA62B6054841
:1083680000F0E4F910BDC04644B60008501D0020D6
:10837800201D00202CB6000810B500F09BF810BD99
:10838800044B054ADA611A62012252425A620022FB
:108398009A627047201D00203C1D0020F7B503613C
:1083A800C2600C00050000F0BAFA022C00D20224C8
:1083B800224E234AF369934209D1B062F5613562CE
:1083C80020182B606B60AC6000F098FAF7BDB76AB4
:1083D800C21BA418944226D200218C4699680191A8
:1083E8008A421AD8B918B16215498B4202D001994C
:1083F8008A1A9A60381A2418F3699A68A24219D31B
:108408005A682B606A6015605D60AC609A68141BDE
:108418009C6001235B427362D8E70199521A614656
:1084280099601B68DAE79B689C42E5D2381900F02E
:1084380072FAE1E71B68A41ADFE7C046201D002096
:108448003C1D002070B5194D0368EA69184982423D
:108458000CD04268136003685A600022C2608B42E5
:1084680003D0826899688A189A6070BD0020EB6111
:108478005960D0608B4202D100F048FAF5E799685C
:108488009268AC6A8A189A6000F049FAEB69021B94
:108498009B689342E9D9E418201A012800D8931C54
:1084A800A86A181800F037FADFE7C046201D002038
:1084B8003C1D0020F7B51A4DEC6900F030FAAB6AA4
:1084C800A268184FC61AB24219D8A268AB6AB61A7F
:1084D8009B18E268AB620192002223685F60EB613F
:1084E800E260BB4201D100F011FA62B62069019B3B
:1084F800984772B6EC69A368B342E6D9DDE7EA6942
:10850800BA420BD09168A8625B181B1A9360A368E3
:10851800022B00D20223181800F0FDF9F7BDC0465F
:10852800201D00203C1D00200022034B1B605B60C7
:108538009A601B615B617047201D00204B680160D9
:1085480043601860486070470300006802681A605A
:10855800536070474268036813605A6070470300AD
:10856800006802681A607047002382680377054B29
:108578001B6899689142FBD25A6803604260106098
:1085880058607047201D002010B5040072B6007FA7
:10859800052807D8F7F778FE0C060603120E002206
:1085A800236A1A6001235B4220002362FFF7DCFF85
:1085B80062B610BD226A9368013393602000FFF70A
:1085C800C9FFEFE7002382680377054B1B689968AA
:1085D8009142FBD85A680360426010605860704747
:1085E800201D0020064B10B59969087718680268A5
:1085F80053601A60986101230377F7F719FE10BDDD
:10860800201D002030B504000C4D87B04B1C11D044
:10861800AB690B4A01A8FFF7C1FE2000FFF7E2FF94
:10862800049B002B02D001A8FFF70CFFAB69186A66
:1086380007B030BDFFF7D6FFF8E7C046201D002081
:108648009185000870B504000A4DA368A8692162E5
:108658008268934203D82000FFF786FF70BDFFF7BA
:10866800B1FF0123010023772000AC61F7F7E0FD9B
:10867800F4E7C046201D0020044B9A6919689068E9
:108688008B689842804140427047C046201D0020B8
:1086980010B5084C2368A0691A685460226001224A
:1086A8001A77A361FFF78EFF0100A069F7F7C0FDF5
:1086B80010BDC046201D002010B5FFF7DDFF0028C3
:1086C80001D0FFF7E5FF10BD10B5FFF7E1FF10BDC2
:1086D80000234363036302338383013B8377084B9F
:1086E800826082635A6903614261816110615861E5
:1086F80003002433436204338362C3627047C04675
:10870800201D00208268030010001969643A40386F
:1087180010B5C26011615969516103491162DA6883
:108728001968FFF7D5FF10BD5902000810B572B6D9
:10873800FFF7E8FF00210400FFF784FF62B620007E
:1087480010BD00000C4B10B59C6920622000636AC4
:10875800243098420AD1A37F002B03D16269236990
:1087680013615A610F20FFF73DFF10BDFFF7F7FEB9
:10877800FFF7FAFEEAE7C046201D002010B572B6E2
:10878800FFF7E0FF10BD10B5010072B60820FFF733
:1087980039FF62B610BD0000064B10B59B69002971
:1087A80005D0036018620320FFF72CFF10BD0120DD
:1087B8004042FBE7201D00200300006810B5002898
:1087C80004D000221A600162FFF7CEFE10BD00003F
:1087D80010B50C1E09D0064B01009869FFF7AEFED4
:1087E80021000420FFF70EFF10BD01204042FBE7E7
:1087F800201D0020036810B50C00984204D0FFF734
:10880800A3FE0462FFF7B0FE10BD70B504000D00B2
:1088180023689C4200D170BD2000FFF795FE0562D9
:10882800FFF7A2FEF4E70023006040608360704712
:1088380010B5036B1943037F01630A2B03D1036A45
:108848000B4206D110BD0B2BFCD1036A19408B4299
:10885800F8D100230362FFF787FEF3E770B506003F
:108868000D000468B44200D170BDE3682B43E36097
:10887800002D02D023692B4203D0A1686068FFF75E
:10888800D7FF2468EEE7EFF30983203383F30988E1
:1088980062B67047024A0349136A0B401362704775
:1088A80000ED00E0FFFF00FF10B50F300FD072B6EB
:1088B800EFF30984203C84F3098880235B04E36197
:1088C800FFF7DAFE024B002800D1024BA36110BD6E
:1088D800670200086A02000810B500F09DFD00F06C
:1088E8007FFE00F0D6F900F0F6F9FFF7ABFA00F0DA
:1088F80001F810BD10B500F0FDFE10BD8023002268
:10890800DB0558631A610232DA607047802300225F
:10891800DB05DA6070478023DB05586370478023E6
:10892800DB05586A704730B5039D01722C000021A1
:1089380004335C43C361049B14190363059B0562FC
:1089480000604060C160426102618461426281628C
:10895800C162436330BD0023022110B5426AC3607F
:10896800426102618362C3624942FFF74EFF10BD54
:1089780003694269934203D1C2680020824200D150
:10898800181D7047036910B51960C2680132C260CA
:10899800C2699B1882690361934201D3436A0361E8
:1089A8000021FFF727FF10BD70B504000D00E36834
:1089B800002B07D062690020131D1268A3629B1860
:1089C800E36208E0237A002B06D129002000FFF794
:1089D800FFFE0028EBDA70BD02204042FBE7C368C7
:1089E800C269013BC360436910B59B188269436142
:1089F800934201D3436A436100238362036B002BD4
:108A080000D0984710BD70B5040072B6836A002B79
:108A180006D1FFF7C9FF051E02D062B6280070BD57
:108A2800A36AE26A1D780133A3629342F5D320005A
:108A3800FFF7D5FFF1E7F7B504000D0000920193A9
:108A480072B60026A36A002B08D120000199FFF70F
:108A5800ABFF002802D062B63000FEBDA16AE36A0F
:108A6800009A5B1A971B9F4200D91F00402F15D907
:108A780028004022F7F716FFA36A40354033A36267
:108A88004036A36AE26A934202D32000FFF7A7FFA9
:108A980062B6009B9E42DFD272B6D3E728003A0046
:108AA800F7F700FFA36AED19DB19A362F619E8E7E7
:108AB80010B5029C0172210004335943C36100239D
:108AC8008362C362039B51180363049B0060406088
:108AD800C46042610261816104624262436310BD05
:108AE800036A0221C360436A10B54361036100232E
:108AF80049428362C362FFF788FE10BD4369026979
:108B08009A4203D1C2680020824202D1180008C8E4
:108B18000B607047C368C2690133C360436910B50D
:108B28009B1882694361934201D3436A43610021E0
:108B3800FFF760FE10BD70B504000D00E368002B60
:108B480007D0236900201A1DA262E2699B18E3621C
:108B580008E0237A002B06D129002000FFF738FE11
:108B68000028EBDA70BD02204042FBE7036910B52C
:108B78001960C268013AC260C2699B1882690361C0
:108B8800934201D3436A036100238362036B002B82
:108B980000D0984710BD70B50D000400110072B6E2
:108BA800836A002B05D1FFF7C6FF002801D062B603
:108BB80070BDA36A1D70A36AE26A0133A36293427F
:108BC80004D3E3692000191FFFF7D0FF62B6002025
:108BD800EEE7F7B504000D000092019372B6002687
:108BE800A36A002B08D120000199FFF7A4FF0028F1
:108BF80002D062B63000FEBDA06AE36A009A1B1A72
:108C0800971B9F4200D91F00402F17D929004022E7
:108C1800F7F748FEA36A40354033A3624036A36A9B
:108C2800E26A934204D3E3692000191FFFF79EFF0D
:108C380062B6009B9E42DDD272B6D1E729003A00A7
:108C4800F7F730FEA36AED19DB19A362F619E6E718
:108C5800030002695969002010B58A4218D1D96801
:108C6800814215D0996A814212D004398C1A9142F6
:108C78000ED01460D9680139D960D9695218996938
:108C88001A618A4201D35A6A1A61002201209A6243
:108C980010BD10B500F016FD10BD012310B503700E
:108CA8000023436083600C30FFF7BDFD10BD020058
:108CB800030010B50400763212787E331A7000F083
:108CC800AFFE63681B68002B02D001212000984783
:108CD8000323237010BD10B500F07EFE10BD0123E4
:108CE80002000100037000232C32436048311360F6
:108CF800D36104328A42FAD18360704710B5040008
:108D080072B600234160C360036143618361C3613C
:108D180003624362836200F021FF0223237062B67C
:108D280010BD70B5040072B600F05EFE0023250089
:108D380002266360013323700C352C3476422B688D
:108D4800002B0ED05869002803D031000C30FFF7F3
:108D580033FD2B689869002803D031000C30FFF7E9
:108D68002BFD002308C5A542E9D1FFF7A5FC62B693
:108D780070BD8B1C9B0070B5C318050050690E00B0
:108D880014005A60002803D014220021F7F7DEFDF2
:108D9800A069002803D014220021F7F7D7FD31007D
:108DA800280000F047FE70BDF8B505000700022650
:108DB800040082680F4B1035134083602C377642CD
:108DC8002B68002B0ED05869002803D031000C30D6
:108DD800FFF7F2FC2B689869002803D031000C30AB
:108DE800FFF7EAFC002308C5BD42E9D1200000F0E6
:108DF800D7FEF8BD0100010070B501258D404489FA
:108E08002C4344818C1CA40004196468A469236061
:108E18000023A2606360E36000F014FF70BD70B5CA
:108E280001258D4004892C4304818C1CA40004195D
:108E38006468646923600023A2606360E36000F0F3
:108E480027FF70BD037870B5052B0AD11025054C96
:108E58001420236C2B432364FFF795FC236CAB434E
:108E6800236470BD005C00400223F7B50370002343
:108E7800C367836003000500022704002C330C3508
:108E880001937F422B68002B11D072B62B6858696A
:108E9800002803D039000C30FFF78EFC2B68986946
:108EA800002803D039000C30FFF786FC62B6002694
:108EB800019B40C59D42E5D1230064331E7020000C
:108EC80000F02EFE63681B68B34202D03100200018
:108ED8009847F7BD03000278803370B51A700523F0
:108EE8000370436804001B68002B01D004219847D5
:108EF800250000230226A3600C352C3476422B680B
:108F0800002B11D072B62B685869002803D03100A5
:108F18000C30FFF751FC2B689869002803D031000A
:108F28000C30FFF749FC62B60435A542E7D170BDA5
:108F3800030010B580331B78037043681B68002B4F
:108F480001D00521984710BDF7B50600643633787F
:108F58000400002B01D000233370270074373A0037
:108F68002000019700F058FE63689B68002B18D119
:108F7800019B1A78602315001D401A4233D0002146
:108F8800200000F0BDFE0021200000F0A5FE63686F
:108F98001B68002B02D00621200098470623337057
:108FA800F7BD200098470028E2D023007B331A78C9
:108FB800013B1B7812021343E26E9A4200D9E36622
:108FC800019BE16E1B787F2B00D808E1002900D1B6
:108FD800FBE00923337072B60021E36EA26E200015
:108FE800FFF71DFFF9E023007F2175331B780A4046
:108FF8001B021343814A934200D1CEE026D8802237
:109008005200934259D00DD8012B50D0022B00D1D9
:1090180094E0002BB3D122007C32A2660222E266E1
:109028002367C2E781225200934200D19DE0FF32BC
:10903800FF329342A3D1230076331B78012B9ED1B4
:1090480022007C32118801330B4341E08022120157
:10905800934246D023D8A022D20093423DD0684AFA
:109068009B18012B00D98AE72300220079331B784B
:10907800783212781B02210013432200606876328E
:10908800406877310700127820000978B84700282F
:1090980000D174E74368A3660368E3661BE0902287
:1090A8001201934222D0574A934200D067E7564BA9
:1090B800A3660223E3660023B2E7230076331B7816
:1090C800012B00D05BE7220002217C3213888B43FE
:1090D8001380A566E566256767E74C4BA566E566D8
:1090E8009EE723007F33A3660123D6E72378042B6A
:1090F8000FD172B62000FFF757FE62B62300032196
:109108007F331D70636821701B68002B01D020001D
:109118009847230076331B78002B0BD022007F3230
:1091280013700423237063681B68002B02D002218C
:10913800200098470023A366E36671E723000F2108
:1091480078331B78200019405BB2002B0ADA00F054
:1091580051FD012804D0022800D010E72C4BA7E7C6
:109168002C4BA5E700F030FDF3E7230076331B789E
:10917800002B00D003E7230078331B780F22190057
:1091880011401342D6D05BB22000002B02DA00F067
:10919800DFFDCFE700F0C6FDCCE7230076331B7870
:1091A800002B00D0EBE6230078331B780F22190040
:1091B80011401342BED05BB22000002B02DA00F04F
:1091C8009FFDB7E700F088FDB4E71423337072B64B
:1091D8000B000A002000FFF70FFE62B6E0E6002948
:1091E80006D01523337072B60021E36EA26EF1E744
:1091F8000B23337072B60B000A00F0E6020300007E
:1092080000FAFFFF020C00005EB60008B78C0008E9
:109218005AB600085CB6000870B50500643504004D
:10922800287800283BD00638C3B20F2B2FD80F2838
:109238002DD8F7F729F8342C2C08222D2C2C2C2C7F
:109248002C2C2C2C343423007B331A78013B1B78CC
:10925800E06E1202134398420FD2E368198AF7F7B7
:10926800ADF8002909D172B60B000A002000FFF7FB
:10927800D6FD62B60A232B7009E014232B7072B650
:10928800002320001A001900FFF7B6FD62B670BD72
:10929800236F002B01D0200098470023EBE7002123
:1092A800200000F02DFD0021200000F015FD63686E
:1092B8001B68002B02D00621200098470623DAE716
:1092C80070B5050064352B780400142B26D019D806
:1092D800062B06D002D8002B03D070BD093B022B09
:1092E800FBD80021200000F00BFD0021200000F039
:1092F800F3FC63681B68002B02D006212000984706
:10930800062315E0152BE8D10A3B2B7072B6002313
:109318001A001900FFF783FD62B6DEE7C3689B6990
:109328005B68002BD9D1036F002B00D0984700232E
:109338002B70D2E70322F0B5FF26C0250240D200E9
:109348009640890191400A4F83089B00DB19AD00C4
:109358005C591F22B4430C435C51012302409340E3
:10936800C02240098000C019520083500360F0BD3C
:1093780000E100E01F21012201408A404309094918
:1093880020339B0010B55A5083089B005B180321BB
:1093980008408840C024FC318140A4001A598A43FF
:1093A8001A5110BD00E100E010B503210520FFF7B8
:1093B800C1FF03210620FFF7BDFF03210720FFF7A8
:1093C800B9FF10BD10B57446044800F0E1F8044830
:1093D80000F0DEF82000FFF767FA10BD70B600084D
:1093E80080B6000810B57446074800F0D1F8074861
:1093F80000F0CEF8064800F0CBF8064800F0C8F8B0
:109408002000FFF751FA10BD90B60008A0B600087A
:10941800B0B60008C0B60008234B244A996A10B5B4
:109428000A43FC219A629A6AC9030A409A629A6AB4
:109438001A690122002152421A611A6919611A69CE
:10944800D8681B4A02438020DA60DA68C003024009
:10945800DA60DA688022D86952050243DA61DA698B
:10946800802214485200046822430260C0201A6A0D
:10947800800002400138FF38824203D08022520225
:109488001A6219628022196A1202114207D18021D8
:10949800186A890001431962196A0A431A6200F0BE
:1094A8005DF8FFF781FF10BD00100240FFFF81FF4C
:1094B800FFFFBFFF007000400122264B19680A43D6
:1094C8001A60022219681142FCD003215A688A43A3
:1094D8005A600C225968080010401142FAD1F9214B
:1094E8001A680A401A6001225860596B0A435A6385
:1094F8000222596B1142FCD00122596A0A435A626E
:109508000222596A1142FCD0A02100228903DA62A2
:1095180059601A638022196852040A431A6080222B
:10952800920419681142FCD011210B4A11601039BC
:1095380010680842FCD0022259680A430C215A607C
:109548005A680A40082AFBD19969073A0A439A617E
:109558009B6970470010024000200240002301224E
:109568000848094910B5036043604C68103123600E
:10957800D40001320351082AF7D1044B093A5A6042
:1095880010BDC0468013002060B6000800000240ED
:1095980010B50268447B11680E23E1401940436806
:1095A8001B6819420CD0837B0800A040013350602F
:1095B800044ADB009C58002C02D0D3185868A047F6
:1095C80010BDC0468013002010B574460348FFF74D
:1095D800DFFF2000FFF768F910BDC04660B600083D
:1095E8007047F0B51300032501278BB02B40059376
:1095F80093083B400193D3082B400F26029353094D
:109608002B409C460023D2093240059C07920697BE
:1096180008950996069A11422ED00726069F1E40E5
:109628009F40079DB200039295404268019EBA434D
:109638003243089E5F00BE403700F64342608268AE
:109648000496029EBA43324366468260C268BA43B1
:109658003243C260039E099AB240059ED243022E4D
:109668001DD1072B16D8066A32402A4302620268C7
:10967800049D2A4022430260490821D0019AA4008F
:1096880052000192029A01339200029262469200BD
:109698009446BFE7466A32402A434262E7E70668D3
:1096A800049F3E4026430660072B04D8066A3240D2
:1096B8002A430262E0E7466A32402A434262DBE715
:1096C8000BB0F0BD10B5074C2000FFF7E6FA064BCB
:1096D800E361002323626362044BA362044BE362E9
:1096E80010BDC0468C1D0020003800400A10000044
:1096F8001810000001220E4B10B5D9690F20114334
:10970800D9610C49DB698B6813438B6080230A4954
:10971800DB05996201214942D962002199615963A7
:10972800D96059605A6102311A60FFF703FE10BD13
:109738000010024000580140BF1200008022D205EC
:109748001369D16810B50B40D9B2C94311619B07A1
:1097580003D572B6FEF710FE62B610BD10B574469A
:10976800FFF7ECFF2000FFF79FF810BD0B4B30B55B
:109778001B6D0B4CC0001B19C018038889181B19D6
:1097880094B244808C1A002A00DC30BD60782578B9
:10979800000228431880023A0233F3E7005C0040D5
:1097A800006000407346F0B5804C87B0656C059347
:1097B8006B0504D57E4B7F486364FFF755FB2B058B
:1097C80008D50823226C7B48134323647A4B6364CF
:1097D800FFF780FBEB040BD5A36C1B0406D408220F
:1097E800236C744893432364FFF7A2FB734B6364B1
:1097F800AB0507D56F484368DB68002B00D0984756
:109808006F4B636480231B021D4204D10598FFF748
:109818004BF807B0F0BD0F27644B2F40BD00ED1883
:109828002B68644E0293BB1C9B00F3185B68019382
:10983800029B1B0626D52A686249019B0A408021A3
:109848005B6909020A432A601A69186894465A68CB
:10985800196862445A60801A91422DD0019A128A7E
:10986800824200D9020099681A6161449960F8B28D
:10987800FFF77CFF2A68544B1A4030235A40534B59
:1098880013432B608022029B1202134212D02B68D2
:109898004C4A1A40802313432B60FBB29C46029B20
:1098A8001B0521D54348BB1C9B00C3185B68614658
:1098B8005B689847656CA5E70122BA4033899343F2
:1098C8003381019B9B68002B02D03000F9B2984786
:1098D80072B6BB1C9B00F6187368002158690C30DF
:1098E800FEF76AFF62B6CDE7019B39489A69F9002D
:1098F80093680393236D1B185B18998809180491C2
:10990800DB8802919B059B0D19000398012938D823
:109918000499039E5808400009183618834201D05C
:10992800098831709168C91891605168C9185160E7
:109938001168C91A1160118A013989B21182019A14
:10994800528A9A4201D8002926D10122BA40194DDB
:10995800BE1C6B8993436B81B300EB185B68DB68B3
:10996800002B02D061462800984772B6B600AD19A0
:109978006B689B69180059680C30FEF71DFF62B6CA
:1099880098E7029E023936880670360A4670029EAB
:10999800023002360296B9E72A680E4B1A40C023F5
:1099A8009B015A40094B13432B6083E7005C00403E
:1099B800FFFBFFFFBC1D0020FFF7FFFFFFEFFFFFCE
:1099C800FFFDFFFF0F07FFFFBF87FFFF808000003D
:1099D800006000408FB7FFFF10B50248FFF77FF91E
:1099E80010BDC046BC1D0020037810B5012B0ED059
:1099F800074B98420BD11F20FFF7BCFC0322054BF5
:109A080005491A64054BDA690A40DA61DB6910BD59
:109A1800BC1D0020005C0040FFFF7FFF00100240DB
:109A280080227E3003781343014AD3647047C046CE
:109A3800005C00408B1C9B00C318F7B55C680323CF
:109A480022681340032B56D05A4253415B022E4AD8
:109A58002E4E126DCD009219AD186269002A13D0EE
:109A68000700002208376A80FA6F0192228A0132C1
:109A78001600012296433200019E9219FA676A463F
:109A8800968820222E801343A269002A18D0648A5F
:109A9800661E3E2C32D91F223243013252119602E1
:109AA8001B4A3243012692B20830EA800134C26F61
:109AB800B443A41892B2C467AA80802292011343C7
:109AC80011488A00121880201468C001044200D08E
:109AD800034340201468044200D003430D4819434F
:109AE80001400D480D4C01431160116823404B4063
:109AF80003431360F7BDC023DB00A8E7012232430C
:109B0800013252109202CDE7005C00400060004034
:109B18000080FFFF0F07FFFF8080000070780000C3
:109B2800002180230B4A10B511655164D364436842
:109B3800DB685C4263419E245B4224025B021B1982
:109B48001364030040220833DA67034BC360FFF74E
:109B580071FF10BD005C0040D0B60008017870B5F8
:109B68000400012914D10B4B98420ED180220A4BD4
:109B78001204D869094D0243DA61DB691F202964A0
:109B88000231FFF7D7FB00232B642000FFF7C8FF43
:109B980070BDC046BC1D002000100240005C0040A3
:109BA800402301220830C3670548064993005B1823
:109BB80019680132014319601860082AF5D1704705
:109BC80080800000005C0040084B8900C958C02212
:109BD8000B00920113401800114205D0044A9B184B
:109BE8001800431E984101307047C046005C004091
:109BF80000F0FFFF074B8900C95830220B001340C3
:109C08001800114204D0103B1800431E984101303F
:109C18007047C046005C0040084B09481B6DC900EE
:109C28001B18C9188B881B181000083019880233B4
:109C3800118002329042F9D17047C046005C004062
:109C4800006000408B1C9B00C018426870B5956985
:109C58000C0028680123002805D0518A40180138D3
:109C6800F6F726FB83B22B82064BA400E418226881
:109C7800054B1A40C0239B015A40044B13432360F1
:109C880070BDC046005C00408FB7FFFF80800000B9
:109C98008B1C9B0010B5C01842680C005369128ACF
:109CA80019688A4200D90A00200099681A61FFF7EA
:109CB8005DFD064BA400E4182268054B1A403023CA
:109CC8005A40044B1343236010BDC046005C00405B
:109CD800BF87FFFF80800000064B8900C9180A680B
:109CE800054B1A4080235B015A40044B13430B6019
:109CF8007047C046005C00408FB7FFFF80800000BF
:109D0800054B8900C9180A68044B1A4010235A40A9
:109D1800034B13430B607047005C0040BF87FFFF95
:109D280080800000C022074B8900C9180B68920187
:109D38001340934205D00B68034A1A40034B134360
:109D48000B607047005C0040BF87FFFF80A00000E9
:109D58003022084B8900C9180B681340934207D07A
:109D68000A68054B1A4020235A40044B13430B60E2
:109D78007047C046005C0040BF87FFFF808000003E
:109D88004B6843608B688360CB68C3600B69436131
:109D98004B6903628B6943620B680360704700007C
:109DA800FC22154BD203996A10B511439962996A3E
:109DB8001248014090209962996A5969C0050A437E
:109DC8005A610F495B69FFF7DBFF0E490E48FFF741
:109DD800D7FF0E490E48FFF7D3FF0E490E48FFF78D
:109DE800CFFF0E490E48FFF7CBFF0E490E48FFF78D
:109DF800C7FFFFF761FB10BD00100240FFFF81FFA6
:109E0800F4B6000810B70008000400482CB7000892
:109E18000008004848B70008000C004864B700086C
:109E28000010004880B70008001400487047162347
:109E380003600120404270470020704718007047B7
:109E48000020704710B50022040008000121FEF729
:109E580045FA002802D10C230138236010BD10B543
:109E68001400002158222000F6F770FD80239B0182
:109E78000020636010BD0120704710B5F6F7CCFCD8
:0E9E880001230360584210BD01207047FEE721
:049E9800F8B5C04613
:049E9C00F8B5C0460F
:109EA00000202020202020202020282828282820AA
:109EB00020202020202020202020202020202020A2
:109EC000208810101010101010101010101010100A
:109ED00010040404040404040404041010101010FA
:109EE00010104141414141410101010101010101C4
:109EF0000101010101010101010101011010101016
:109F00001010424242424242020202020202020295
:109F100002020202020202020202020210101010E9
:109F20002000000000000000000000000000000011
:109F30000000000000000000000000000000000021
:109F40000000000000000000000000000000000011
:109F50000000000000000000000000000000000001
:109F600000000000000000000000000000000000F1
:109F700000000000000000000000000000000000E1
:109F800000000000000000000000000000000000D1
:109F900000000000000000000000000000000000C1
:109FA00000000000040C0020000000000000000081
:109FB00000000000000000000000000000000000A1
:109FC0000000000000000000000000000000000091
:109FD0000000000000000000000000000000000081
:109FE0000000000000000000000000000000000071
:109FF0000000000000000000000000000000000061
:10A00000000000000000000029003A003B003C0076
:10A010003D003E003F00400041004200430044003C
:10A02000450049000000AE0035001E001F00200062
:10A0300021002200230024002500260027002D00F7
:10A040002E002A002A00AC002B0014001A00080081
:10A05000150017001C0018000C00120013002F0040
:10A06000300028004B00AB00390004001600070048
:10A0700009000A000B000D000E000F003300340031
:10A0800032004C004E00A900E10031001D001B0011
:10A0900006001900050011001000360037003800D6
:10A0A000E50052000151AA00E000E300E2000000D8
:10A0B000000000002C00000000000000E600E400AA
:10A0C000500051004F00000001000100010001009C
:10A0D0000100010001000100010001000100010078
:10A0E000010001000000C25C01000100010001004C
:10A0F0000100010001000100010001000100010058
:10A10000010001000100C35C010001000100010029
:10A110000100010001000100010001000100010037
:10A12000010001000100C35C010001000100010009
:10A130000100010001000100010001000100010017
:10A14000010001000100C95C0100010001000100E3
:10A1500001000100010001000100010001000100F7
:10A16000010001000100CA5C0100010001000000C3
:10A1700000000000010000000000000001000100DC
:10A1800001000100010000000100010001000100C8
:10A1900001000100010001000100010001000100B7
:10A1A00001000100000001000100010001000100A8
:10A1B0000100010001000100010001000100010097
:10A1C0000100010001000100010001000100010087
:10A1D0000100010001000100010001000100010077
:10A1E0000100010001000100010001000100010067
:10A1F0000100010001000100010001000100010057
:10A200000100010001000100010001000100010046
:10A210000100010001000100010001000100010036
:10A220000100010001000100010001000100000027
:10A23000000000000100000000000000010001001B
:10A240000100010001000000010001000100010007
:10A2500001000100010001000100010001000100F6
:10A2600001000100000001000100010001000100E7
:10A2700001000100010001000100010001000100D6
:10A2800001000100010001000100010001000100C6
:10A2900001000100010001000100010001000100B6
:10A2A00001000100010001000100010001000100A6
:10A2B0000100010001000100010001000100010096
:10A2C0000100010001000100010001000100010086
:10A2D0000100010001000100010001000100010076
:10A2E0000100010001000100010001000100000067
:10A2F000000000000100000000000000010001005B
:10A30000010001000100000044454255473A206524
:10A310006E61626C65642E0A0044454255473A20DE
:10A3200064697361626C65642E0A000000000000BD
:10A33000000000000000000000000000000000001D
:10A34000000000000000000000000000000000000D
:10A350000000002A2B280000000000000000000080
:10A3600000000000000029000000002C1E34202105
:10A370002224342627252E362D3738271E1F20214C
:10A3800022232425263333362E37381F04050607AB
:10A3900008090A0B0C0D0E0F1011121314151617C5
:10A3A00018191A1B1C1D2F3130232D3504050607E3
:10A3B00008090A0B0C0D0E0F1011121314151617A5
:10A3C00018191A1B1C1D2F3130354C000000007E5F
:10A3D0000F00D4FFFFFFC70000007800E200E90093
:10A3E000EA00B500B600B700CD008301CC008A01B9
:10A3F000920194012102230224022502260227024F
:10A400002A02B300B4006F0070000A722F6320307C
:10A410003132333435363738394142434445460AC0
:10A4200000253032580025303136620006000048E1
:10A4300005000048040000480300004802000048EE
:10A4400001000048000000480E08004800140048C1
:10A450000F080048090400480804004807040048A1
:10A460000604004805040048040400480A040048A3
:10A470000B0400480700004800040048010400489D
:10A48000020400480A092D204D6F7573656B6579CC
:10A49000202D0A4553432F713A09717569740A31A9
:10A4A0003A0964656C6179282A31306D73290A3262
:10A4B0003A09696E74657276616C286D73290A3386
:10A4C0003A096D61785F73706565640A343A09749E
:10A4D000696D655F746F5F6D61780A353A097768F9
:10A4E00065656C5F6D61785F73706565640A363AA7
:10A4F00009776865656C5F74696D655F746F5F6D22
:10A5000061780A0A703A097072696E742076616C1B
:10A510007565730A643A09736574206465666175CC
:10A520006C74730A75703A092B310A646F776E3A4E
:10A53000092D310A706775703A092B31300A70673E
:10A54000646F776E3A092D31300A0A73706565645D
:10A55000203D2064656C7461202A206D61785F73F2
:10A5600070656564202A2028726570656174202FEB
:10A570002074696D655F746F5F6D6178290A00777B
:10A58000686572652064656C74613A2063757273E6
:10A590006F723D25642C20776865656C3D25640AE3
:10A5A00053656520687474703A2F2F656E2E776935
:10A5B0006B6970656469612E6F72672F77696B696B
:10A5C0002F4D6F7573655F6B6579730A006D6B5FF7
:10A5D00064656C6179203D2025640A006D6B5F69BC
:10A5E0006E74657276616C203D2025640A006D6B87
:10A5F0005F6D61785F7370656564203D2025640A36
:10A60000006D6B5F74696D655F746F5F6D6178205D
:10A610003D2025640A006D6B5F776865656C5F6D32
:10A6200061785F7370656564203D2025640A006D64
:10A630006B5F776865656C5F74696D655F746F5F8C
:10A640006D6178203D2025640A004C25640A006570
:10A6500065636F6E6669673A0A0064656661756C6A
:10A66000745F6C617965723A2000257500646562DB
:10A6700075675F636F6E6669672E7261773A200057
:10A680002E656E61626C653A20002E6D6174726990
:10A69000783A20002E6B6579626F6172643A20000F
:10A6A0002E6D6F7573653A20006B65796D61705F13
:10A6B000636F6E6669672E7261773A20002E73773A
:10A6C00061705F636F6E74726F6C5F636170736CE7
:10A6D0006F636B3A20002E636170736C6F636B5F06
:10A6E000746F5F636F6E74726F6C3A20002E7377B5
:10A6F00061705F6C63746C5F6C6775693A20002EE3
:10A70000737761705F7263746C5F726775693A200A
:10A71000002E737761705F6C616C745F6C67756934
:10A720003A20002E737761705F72616C745F72679C
:10A7300075693A20002E6E6F5F6775693A20002EAA
:10A74000737761705F67726176655F6573633A20E6
:10A75000002E737761705F6261636B736C61736805
:10A760005F6261636B73706163653A20002E6E6B8C
:10A77000726F3A2000436C656172696E67204545CF
:10A7800050524F4D0A000A092D204D616769632020
:10A790002D0A443A094465627567204D65737361FB
:10A7A000676520546F67676C650A583A094D617494
:10A7B000726978204465627567204D6F6465205426
:10A7C0006F67676C65202D2053686F77206B657904
:10A7D0007072657373657320696E206D6174726940
:10A7E0007820677269640A4B3A094B6579626F6138
:10A7F000726420446562756720546F67676C6520DA
:10A800002D2053686F77206B6579707265737320A4
:10A810007265706F72740A4D3A09446562756720FB
:10A820004D6F75736520546F67676C650A563A09FA
:10A8300056657273696F6E0A533A09537461747581
:10A84000730A433A09416374697661746520436F02
:10A850006E736F6C65204D6F64650A46312D46310D
:10A86000303A0953776974636820746F204C6179BA
:10A87000657220302D392028463130203D204C3063
:10A88000290A302D393A0953776974636820746F47
:10A89000204C6179657220302D390A475241564566
:10A8A0003A0953776974636820746F204C61796545
:10A8B0007220302028616C7465726E617465290A9B
:10A8C000423A094A756D7020746F20426F6F746C44
:10A8D0006F616465720A4553433A094A756D702089
:10A8E000746F20426F6F746C6F61646572202861B1
:10A8F0006C7465726E617465290A453A0950726913
:10A900006E7420454550524F4D2053657474696EE6
:10A9100067730A4253504143453A09436C6561727B
:10A9200020454550524F4D0A4E3A094E4B524F204A
:10A93000546F67676C650A000A092D20436F6E73B8
:10A940006F6C65202D0A4553432F713A0971756963
:10A95000740A6D3A096D6F7573656B65790A00430A
:10A960003E20000A0A4A756D70696E6720746F2078
:10A97000626F6F746C6F616465722E2E2E20000AF8
:10A9800064656275673A206F6E0A000A64656275D5
:10A99000673A206F66660A000A6D61747269783AD8
:10A9A000206F6E0A000A6D61747269783A206F66D2
:10A9B000660A000A6B6579626F6172643A206F6E95
:10A9C0000A000A6B6579626F6172643A206F66668D
:10A9D0000A000A6D6F7573653A206F6E0A000A6D82
:10A9E0006F7573653A206F66660A000A092D205656
:10A9F000657273696F6E202D0A005649443A203003
:10AA00007837383635284E617468616E416C7068ED
:10AA10006129205049443A2030783045373528455F
:10AA2000766F6C76373529205645523A203078308B
:10AA30003030310A004255494C443A2020284A75AA
:10AA40006C2031332032303231290A0043484942E8
:10AA5000494F533A2022627265616B696E675F32BB
:10AA60003032315F7131222C20434F4E54524942D3
:10AA70003A2022627265616B696E675F32303231F3
:10AA80005F7131220A004F5054494F4E533A204DC6
:10AA90004F5553454B45592045585452414B455904
:10AAA00020434F4E534F4C4520434F4D4D414E4454
:10AAB000204E4B524F20424F4F544C4F4144455231
:10AAC0005F53495A450A004743433A20392E322EF4
:10AAD000310A000A092D20537461747573202D0A00
:10AAE00000686F73745F6B6579626F6172645F6C2D
:10AAF00065647328293A2025580A006B6579626FCE
:10AB00006172645F70726F746F636F6C3A20255866
:10AB10000A006B6579626F6172645F69646C653AA3
:10AB20002025580A006B65796D61705F636F6E66F2
:10AB300069672E6E6B726F3A2025580A0074696D32
:10AB400065725F72656164333228293A202530349A
:10AB50006C580A004E4B524F3A206F6E0A004E4B13
:10AB6000524F3A206F66660A003F004D3E20000AB1
:10AB7000092D2056616C756573202D0A00313A202D
:10AB800064656C6179282A31306D73293A2000326E
:10AB90003A20696E74657276616C286D73293A206B
:10ABA00000333A206D61785F73706565643A200008
:10ABB000343A2074696D655F746F5F6D61783A2017
:10ABC00000353A20776865656C5F6D61785F7370FA
:10ABD0006565643A2000363A20776865656C5F7475
:10ABE000696D655F746F5F6D61783A20007365749D
:10ABF0002064656661756C740A004D25643E200012
:10AC00004D3E00010203040506070809006D6F753B
:10AC100073656B6579205B62746E7C782079207631
:10AC200020685D287265702F61636C293A205B0093
:10AC30007C002564005D28002F00C87267626C6983
:10AC40006768745F636F6E66696720454550524F51
:10AC50004D3A0A007267626C696768745F636F6E71
:10AC60006669672E656E61626C65203D2025640A09
:10AC7000007267686C696768745F636F6E666967A6
:10AC80002E6D6F6465203D2025640A007267626C3A
:10AC9000696768745F636F6E6669672E68756520A3
:10ACA0003D2025640A007267626C696768745F639F
:10ACB0006F6E6669672E736174203D2025640A00FB
:10ACC0007267626C696768745F636F6E6669672E2E
:10ACD00076616C203D2025640A007267626C6967AA
:10ACE00068745F636F6E6669672E73706565642054
:10ACF0003D2025640A007267626C6967687420737E
:10AD00006574207370656564205B454550524F4DF6
:10AD10005D3A2025750A007267626C696768742065
:10AD2000736574207370656564205B4E4F454550B4
:10AD3000524F4D5D3A2025750A007267626C696753
:10AD40006874207261696E626F7720736574206821
:10AD500073763A2025642C25642C25642C25750AED
:10AD6000007267626C696768742073657420687329
:10AD700076205B454550524F4D5D3A2025752C2578
:10AD8000752C25750A007267626C69676874207398
:10AD9000657420687376205B4E4F454550524F4D89
:10ADA0005D3A2025752C25752C25750A0072676281
:10ADB0006C696768742074696D657220656E616284
:10ADC0006C65642E0A007267626C6967687420742F
:10ADD000696D65722064697361626C652E0A007228
:10ADE00067626C69676874206D6F6465205B4545B8
:10ADF00050524F4D5D3A2025750A007267626C69AA
:10AE0000676874206D6F6465205B4E4F45455052F6
:10AE10004F4D5D3A2025750A007267626C6967685C
:10AE20007420656E61626C65205B454550524F4DE4
:10AE30005D3A207267626C696768745F636F6E6603
:10AE400069672E656E61626C65203D2025750A007C
:10AE50007267626C696768745F696E6974206361A8
:10AE60006C6C65642E0A007267626C696768745F57
:10AE7000696E6974207374617274210A007267626A
:10AE80006C696768745F696E6974206565636F6E6D
:10AE9000666967206973206E6F7420656E61626CED
:10AEA00065642E0A007267626C696768745F696E18
:10AEB0006974207267626C696768745F636F6E663D
:10AEC00069672E6D6F6465203D20302E20577269B2
:10AED00074652064656661756C742076616C756557
:10AEE0007320746F20454550524F4D2E0A007267F3
:10AEF000626C6967687420656E61626C65205B4E88
:10AF00004F454550524F4D5D3A207267626C6967FC
:10AF100068745F636F6E6669672E656E61626C65EB
:10AF2000203D2025750A007267626C69676874208D
:10AF300064697361626C65205B454550524F4D5D9D
:10AF40003A207267626C696768745F636F6E6669E6
:10AF5000672E656E61626C65203D2025750A007262
:10AF600067626C6967687420746F67676C65205BE3
:10AF7000454550524F4D5D3A207267626C69676873
:10AF8000745F636F6E6669672E656E61626C6520C3
:10AF90003D2025750A007267626C696768742064D9
:10AFA000697361626C65205B4E4F454550524F4D51
:10AFB0005D3A207267626C696768745F636F6E6682
:10AFC00069672E656E61626C65203D2025750A00FB
:10AFD0001E140A05FFAA7F55407F3F1F783C1E6460
:10AFE000321400046432141E0F0500010202020232
:10AFF0000606060909090909090F0F0F0F0F0F159A
:10B000001515181919191919191919191923242598
:10B0100025252525252223252628292A2C2D2F30B4
:10B0200032333536383A3B3D3E4042434547494A44
:10B030004C4E5051535557595A5C5E606264666875
:10B04000696B6D6F71737577797B7D7F8183858780
:10B05000898A8C8E90929496989A9C9E9FA1A3A583
:10B06000A7A8AAACAEAFB1B3B4B6B8B9BBBCBEBFAB
:10B07000C1C2C3C5C6C7C9CACBCCCDCED0D1D2D22E
:10B08000D3D4D5D6D7D7D8D9D9DADADBDBDBDCDC39
:10B09000DCDCDCDDDDDDDDDCDCDCDCDCDBDBDBDAF1
:10B0A000DAD9D9D8D7D7D6D5D4D3D2D2D1D0CECD5C
:10B0B000CCCBCAC9C7C6C5C3C2C1BFBEBCBBB9B869
:10B0C000B6B4B3B1AFAEACAAA8A7A5A3A19F9E9CEE
:10B0D0009A98969492908E8C8A89878583817F7DB9
:10B0E0007B79777573716F6D6B6968666462605E9A
:10B0F0005C5A5957555351504E4C4A494745434263
:10B10000403E3D3B3A3836353332302F2D2C2A29FC
:10B11000282625232200010101010101010101026C
:10B1200002020202020202020303030303030303F7
:10B1300004040404040404050505050506060606C2
:10B1400006070707070708080808090909090A0A7E
:10B150000A0B0B0B0C0C0C0D0D0D0E0E0E0F0F0F22
:10B1600010101111111212131314141515161617AD
:10B1700017181819191A1A1B1B1C1D1D1E1E1F201B
:10B1800020212222232424252626272829292A2B68
:10B190002C2D2D2E2F30313232333435363738398D
:10B1A0003A3B3C3D3E3F4041424344454647484987
:10B1B0004A4C4D4E4F50515354555658595A5B5D59
:10B1C0005E5F616264656668696B6C6D6F707273F7
:10B1D0007577787A7B7D7E8082838587888A8C8E5E
:10B1E0008F91939596989A9C9EA0A2A3A5A7A9AB90
:10B1F000ADAFB1B3B5B7BABCBEC0C2C4C6C9CBCD82
:10B20000CFD1D4D6D8DBDDDFE2E4E7E9EBEEF0F333
:10B21000F5F8FAFDFF00FF0100010000FFFF00004C
:10B22000010001FF006B6579626F6172645F726596
:10B23000706F72743A20002530325820006B6579A7
:10B24000626F6172645F7365745F6C65643A20005D
:10B25000E200E900EA00B500B600B700CD008301C6
:10B26000CC008A01920194012102230224022502CA
:10B27000260227022A02B300B4006F0070004F6E4E
:10B280006573686F743A206163746976653A202546
:10B29000640A006164645F6B65795F6269743A2077
:10B2A00063616E2774206164643A20253032580A45
:10B2B0000064656C5F6B65795F6269743A206361F5
:10B2C0006E27742064656C3A20253032580A0000DD
:10B2D00003000000000000005D770008000000008F
:10B2E0000800000018130020000000000200000009
:10B2F0000000000003000000000000000D7B0008BB
:10B300000000000020000000681300200000000082
:10B310000200000000000000D57700087D770008DB
:10B32000797900086177000855534220636F6E6693
:10B330006967757265642E0A004B6579626F617288
:10B34000642073746172742E0A005B735D000000E8
:10B3500073B4000877B4000891B400080418100012
:10B3600096B30008AFB30008CFB30008E8B30008F5
:10B3700033B40008A3B40008C5B40008FFB3000844
:10B380004022B62209027B00040100A0FA09040051
:10B390000001030101000921110100012240000701
:10B3A00005810308000A09040100020300000009E6
:10B3B000211101000122220007058203200001075C
:10B3C0000503032000010904020001030000000935
:10B3D000211101000122B6000705840320000A099B
:10B3E00004030002030000000921110100012222D0
:10B3F000000705850320000107050603200001065C
:10B4000031FF0974A1010975150026FF009520750B
:10B410000881020976150026FF0095207508910223
:10B42000C012011001000000406578750E01000196
:10B4300002000105010906A101050719E029E71528
:10B4400000250195087501810295017508810105A6
:10B4500007190029FF150026FF00950675088100D1
:10B4600005081901290595057501910295017503D6
:10B470009101C00403090418034E006100740068C0
:10B480000061006E0041006C007000680061000007
:10B49000001003450076006F006C00760037003521
:10B4A0000000000660FF0961A1010962150026FF86
:10B4B000009520750881020963150026FF0095207C
:10B4C00075089102C005010902A10185020901A1C7
:10B4D0000005091901290815002501950875018144
:10B4E000020501093009311581257F950275088112
:10B4F0000609381581257F950175088106050C0A16
:10B5000038021581257F950175088106C0C00501A7
:10B510000980A101850319012AB700150126B7008A
:10B52000950175108100C0050C0901A10185041960
:10B53000012AA002150126A002950175108100C004
:10B5400005010906A1018505050719E029E7150090
:10B5500025019508750181020507190029EF1500DD
:10B56000250195F075018102050819012905950548
:10B5700075019102950175039101C0000000000062
:10B58000CB7F0008B37F0008FB7F0008E37F000843
:10B59000F17F0008D97F0008C17F0008A97F00085B
:10B5A00000000000BCBB0008481E0020481E002010
:10B5B000481E0020BCBB0008000000000000000086
:10B5C00000000000BCBB00080000000000000000FC
:10B5D00000000000BCBB00080000000000000000EC
:10B5E00000000000BCBB00080000000000000000DC
:10B5F00000000000BCBB00080000000000000000CC
:10B6000000000000BCBB00080000000000000000BB
:10B6100000000000BCBB00080000000000000000AB
:10B620000000000069646C650000000024B600089A
:10B63000501C0020201D0020010000003D83000858
:10B64000000000006D61696E0016423004043C0881
:10B650000C101418001C1D00000000000100000068
:10B660000000024008000240010000000000000944
:10B67000000002401C000240060000000004010A15
:10B680000000024030000240060000000008020AEC
:10B69000000002404400024078000000000C030B50
:10B6A0000000024058000240780000000010040B27
:10B6B000000002406C000240780000000014050BFE
:10B6C0000000024080000240780000000018060BD5
:10B6D00000000000518F000821920008C992000864
:10B6E00040004000C0130020C013002001000000F3
:10B6F000D4130020A0040028000000005FF7FFFF23
:10B7000005515565DFFF000000110000000000003A
:10B710008000000000000000FFFFFFFF5555555559
:10B72000FFFF00000000000000000000000000001B
:10B7300000000000FFFFFFFF55555501FFFF00000F
:10B7400000000000000000000000000000000000F9
:10B75000FFFFFFFF55555555FFFF0000000000009B
:10B76000000000000000000000000000FFFFFFFFDD
:10B7700055555555FFFF0000000000000000000077
:10B780000000000000000000FFFFFFFF505555556E
:10B79000FFFF000000000000000000005245454E81
:10B7A00054206D616C6C6F632073756363656564B1
:10B7B000656400002E2E2F2E2E2F2E2E2F2E2E2F94
:10B7C0002E2E2F2E2E2F2E2E2F2E2E2F6E65776C97
:10B7D00069622F6C6962632F7374646C69622F7283
:10B7E000616E642E630000002C2066756E637469C0
:10B7F0006F6E3A2000000000617373657274696FA8
:10B800006E2022257322206661696C65643A206689
:10B81000696C6520222573222C206C696E652025B9
:10B8200064257325730A0000232D302B20000000AF
:10B83000686C4C006566674546470000303132331E
:10B84000343536373839414243444546000000001C
:10B850003031323334353637383961626364656686
:04B8600000000000E4
:08B86400D04DFF7F0100000040
:10B86C00040C002000000000E89F0008C89F00089E
:10B87C00A89F00080000000000000000000000006D
:10B88C0000000000000000000000000000000000AC
:10B89C00000000000000000000000000000000009C
:10B8AC00000000000000000000000000000000008C
:10B8BC00000000000000000000000000000000007C
:10B8CC00000000001E320A141E6408280201010048
:10B8DC001000101001191A1B1C1D1E1F2021220004
:10B8EC00A41000200D7700080400000004000000E4
:10B8FC00000000000000000000000000000000003C
:10B90C00000000000000000000000000000000002B
:10B91C00000000000000000000000000000000001B
:10B92C000000000000000000000000000300000008
:10B93C0000000000F1810008000000002000000061
:10B94C0000000000000000000200000000000000E9
:10B95C0003000000000000000000000065820008E9
:10B96C0000002000000000000000000002000000A9
:10B97C000000000003000000000000009F8200088F
:10B98C0000000000080000000000000000000000A3
:10B99C000200000000000000BC1D00200506000095
:10B9AC000400000004000000200000002000000043
:10B9BC0001000000D01000206011002000000000E9
:10B9CC00000000000000000000000000000000006B
:10B9DC00000000000000000000000000000000005B
:10B9EC00000000000000000000000000000000004B
:10B9FC00000000000000000000000000000000003B
:10BA0C00000000000000000000000000000000002A
:10BA1C00000000000000000000000000000000001A
:10BA2C00000000000000000000000000000000000A
:10BA3C0000000000000000000000000004000000F6
:10BA4C0004000000000000000000000000000000E6
:10BA5C0000000000000000000000000000000000DA
:10BA6C0000000000000000000000000000000000CA
:10BA7C0000000000000000000000000000000000BA
:10BA8C000300000000000000F1810008000000002D
:10BA9C002000000000000000000000000200000078
:10BAAC000000000003000000000000000000000087
:10BABC00658200080000200000000000000000006B
:10BACC000200000000000000030000000000000065
:10BADC009F82000800000000080000000000000029
:10BAEC00000000000200000000000000BC1D00204F
:10BAFC00020300000400000004000000200000000D
:10BB0C002000000000000000F01100208012002036
:10BB1C000000000000000000000000000000000019
:10BB2C000000000000000000000000000000000009
:10BB3C0000000000000000000000000000000000F9
:10BB4C0000000000000000000000000000000000E9
:10BB5C0000000000000000000000000000000000D9
:10BB6C0000000000000000000000000000000000C9
:10BB7C0000000000000000000000000000000000B9
:10BB8C0000000000000000000000000000000000A9
:10BB9C0001000000697C0008757C0008FD7C000831
:10BBAC00397D0008657D0008009600000000080043
:0400000508000231BC
:00000001FF
