:020000040800F2
:1000000000040020590300085B0300085B0300089C
:100010005B0300085B0300085B0300085B03000848
:100020005B0300085B0300085B030008157200080F
:100030005B0300085B0300085B0300085B03000828
:100040005B0300085B0300085B0300085B03000818
:100050005B0300085B0300085B0300085B03000808
:100060005B0300085B0300085B03000809810008CC
:100070001D81000831810008458100085981000870
:100080006D810008818100085B0300085B030008A4
:100090005B0300085B0300085B0300085B030008C8
:1000A000197E00081D7E0008217E0008257E0008BC
:1000B000F58600085B030008C98800083D83000836
:1000C000458400085B0300085B0300085B0300082D
:1000D0005B0300085B0300085B0300085B03000888
:1000E0005B0300085B0300085B0300085B03000878
:1000F000058900085B0300085B0300085B03000838
:100100005B0300085B0300085B0300085B03000857
:100110005B0300085B030008DD880008F188000825
:1001200095810008A9810008BD810008D1810008DF
:10013000E58100085B0300085B0300085B0300081F
:100140005B0300085B0300085B0300085B03000817
:100150005B0300085B0300085B0300085B03000807
:100160005B0300085B0300085B030008518900087B
:100170005B0300085B0300085B0300085B030008E7
:100180005B0300085B0300085B0300085B030008D7
:100190005B0300085B0300085B0300085B030008C7
:0801A00019020008F10100083A
:1001B0000348044B834202D0034B03B118477047F6
:1001C0001C0E00201C0E00200000000005480649FF
:1001D0000B1AD90F01EBA301491002D0034B03B155
:1001E000184770471C0E00201C0E00200000000065
:1001F00010B5064C237843B9FFF7DAFF044B13B16F
:100200000448AFF300800123237010BD200E0020AE
:1002100000000000289E000808B5044B1BB10449EB
:100220000448AFF30080BDE80840CFE700000000BD
:10023000240E0020289E000872B6394880F30888F2
:10024000384880F3098838484EF60851CEF200014C
:10025000086040F20000CCF200004EF63471CEF29D
:1002600000010860BFF34F8FBFF36F8F40F20000B3
:10027000C0F2F0004EF68851CEF200010860BFF3E4
:100280004F8FBFF36F8F4FF00000E1EE100A4EF674
:100290003C71CEF200010860062080F31488BFF3A1
:1002A0006F8F06F04DFC06F0E5F94FF055301F4911
:1002B0001B4A91423CBF41F8040BFAE71C49194A1A
:1002C00091423CBF41F8040BFAE71A491A4A1B4B0A
:1002D0009A423EBF51F8040B42F8040BF8E70020A5
:1002E0001749184A91423CBF41F8040BFAE706F05F
:1002F0002BFC06F026FC144C144DAC4203DA54F8E7
:10030000041B8847F9E706F0C3F9114C114DAC42C4
:1003100003DA54F8041B8847F9E706F013BC000021
:1003200000040020000C0020000000080000002055
:1003300000040020289E0008000C00201C0E002055
:10034000200E0020D01E0020A0010008A4010008FB
:10035000A4010008A80100086EE700F000F8FEE71D
:100360002DE9F04F2DED108AC1F80CD0C3689D46E1
:10037000BDEC108ABDE8F08F002383F31188284676
:10038000A047002006F07AFEFEE706F00EFE00DF32
:10039000FEE7000053B94AB9002908BF00281CBF76
:1003A0004FF0FF314FF0FF3000F06EB9ADF1080CA7
:1003B0006DE904CE00F006F8DDF804E0DDE9022383
:1003C00004B070472DE9F047089D04468C46002B89
:1003D00040F083808A42174647D9B2FA82F242B18E
:1003E000C2F1200024FA00F09140974040EA010C4D
:1003F00094404FEA1748230CBCFBF8F61FFA87FE1F
:1004000008FB16C143EA014306FB0EF1994209D9E4
:10041000FB1806F1FF3080F01981994240F21681F5
:10042000023E3B445B1AA4B2B3FBF8F008FB103366
:1004300044EA034400FB0EFEA64509D93C1900F12D
:10044000FF3380F00581A64540F2028102383C442A
:1004500040EA0640A4EB0E0400261DB1D440002360
:10046000C5E900433146BDE8F08702B9FFDEB2FAC4
:1004700082F2002A50D1CB1B4FEA174E1FFA87F8A1
:100480000126B3FBFEFC210C0EFB1C3341EA0341A9
:1004900008FB0CF38B4207D979180CF1FF3002D21C
:1004A0008B4200F2E9808446C91AA3B2B1FBFEF088
:1004B0000EFB101143EA014408FB00F8A04507D9E0
:1004C0003C1900F1FF3302D2A04500F2D980184652
:1004D000A4EB080440EA0C40BFE78B4209D9002D89
:1004E00000F0B1800026C5E9000130463146BDE884
:1004F000F087B3FA83F6002E4AD18B4202D38242B0
:1005000000F2B880841A61EB030101208C46002DB3
:10051000A8D0C5E9004CA5E7C2F1200320FA03F6F4
:10052000974001FA02F04FEA174ED9403043030CCE
:10053000B1FBFEF61FFA87F80EFB161143EA0143E2
:1005400006FB08F1994204FA02F409D9FB1806F1F6
:10055000FF3C80F08D80994240F28A80023E3B440D
:100560005B1A81B2B3FBFEF00EFB103341EA03418C
:1005700000FB08F38B4207D9791800F1FF3C73D2D6
:100580008B4271D902383944CB1A40EA064678E7E3
:10059000C6F1200C03FA06F422FA0CF31C4320FAED
:1005A0000CF701FA06F34FEA144E21FA0CF11F433F
:1005B0003B0CB1FBFEF91FFA84F80EFB191143EA5C
:1005C000014109FB08FA8A4502FA06F200FA06F32D
:1005D00008D9611809F1FF3048D28A4546D9A9F1F6
:1005E00002092144A1EB0A01BFB2B1FBFEF00EFBF0
:1005F000101147EA014700FB08F8B84507D9E71989
:1006000000F1FF312ED2B8452CD90238274440EAF8
:100610000940A7EB0807A0FB02894F45C64649469B
:100620001AD317D05DB1B3EB0E0267EB010707FADF
:100630000CFCF2404CEA0202F740C5E90027002614
:100640003146BDE8F0872E4628460BE70646E9E628
:100650001846FDE64345E5D2B8EB020E69EB04010E
:100660000138DFE70846D2E760468DE78146B9E703
:10067000664675E730464AE7ACF1020C394413E7A9
:1006800002383C4424E700BF704700BF014B1868A4
:10069000704700BF000C0020844641EA000313F0BD
:1006A00003036DD1403A41D351F8043B40F8043B79
:1006B00051F8043B40F8043B51F8043B40F8043B3C
:1006C00051F8043B40F8043B51F8043B40F8043B2C
:1006D00051F8043B40F8043B51F8043B40F8043B1C
:1006E00051F8043B40F8043B51F8043B40F8043B0C
:1006F00051F8043B40F8043B51F8043B40F8043BFC
:1007000051F8043B40F8043B51F8043B40F8043BEB
:1007100051F8043B40F8043B51F8043B40F8043BDB
:1007200051F8043B40F8043B403ABDD2303211D37B
:1007300051F8043B40F8043B51F8043B40F8043BBB
:1007400051F8043B40F8043B51F8043B40F8043BAB
:10075000103AEDD20C3205D351F8043B40F8043B7B
:10076000043AF9D2043208D0D2071CBF11F8013B79
:1007700000F8013B01D30B8803806046704700BF3F
:10078000082A13D38B078DD010F003038AD0C3F14E
:100790000403D21ADB071CBF11F8013B00F8013B30
:1007A00080D331F8023B20F8023B7BE7043AD9D3EF
:1007B000013A11F8013B00F8013BF9D20B780370C4
:1007C0004B7843708B78837060467047F0B486072F
:1007D00046D0541E002A3CD0CAB2034602E014F1AF
:1007E000FF3436D303F8012B9D07F8D1032C29D908
:1007F000CDB245EA05250F2C45EA054533D9A4F1CC
:100800001006360903F1200707EB061703F1100263
:1008100042E9045542E902551032BA42F8D1721C3D
:1008200014F00C0F03EB021204F00F0613D0331F69
:1008300023F003030433134442F8045B9342FBD1D7
:1008400006F003042CB1C9B21C4403F8011B9C42FE
:10085000FBD1F0BC704734461346002CF3D1F8E7C7
:1008600014460346C2E71A462646E0E738B5124B5F
:100870001C68A26B05461AB10023C2E9045338BDB7
:10088000182000F0B3F80246A06378B101200021DF
:100890000A4B1360C2E904010B23094809499381FB
:1008A0000023C2E90101C2E9045338BD064B0748E1
:1008B000422100F055F800BF000C00200E33CDABF4
:1008C00034126DE6ECDE0500589D0008709D0008AE
:1008D00038B51A4B1C68A26B92B114691849536958
:1008E000184801FB04F100FB0313A4FB0045611C45
:1008F0001D4445F1000323F00040C2E9041338BD54
:10090000182000F073F80246A06388B1012000218E
:10091000C2E904010A480C4C0C4B0D490D4D146002
:1009200053600B24034695609481C2E9041338BDDB
:10093000094B0A484E2100F013F800BF000C0020BC
:100940002DF451582D7F954C0E33CDAB34126DE6FE
:100950002E7F954CECDE0500589D0008709D000828
:1009600000B50A4C2668054685B01C46F06852B1B1
:10097000074B0091CDE9013206492B46224600F093
:1009800021F800F071FD044B1A46F2E7000C00203C
:10099000A49D0008B49D0008B09D000808B513464A
:1009A0000022FFF7DDFF00BF0CB400B583B004AB3D
:1009B00053F8042B019300F027F903B05DF804EB22
:1009C00002B070470EB410B583B005AB064C53F8B7
:1009D000042B01930146206800F016F903B0BDE82E
:1009E000104003B0704700BF000C0020024B0146CE
:1009F000186800F061B800BF000C0020024B0146EF
:100A0000186800F003B800BF000C002000293CD09B
:100A100038B551F8043C0C1F002BB8BFE41805464C
:100A200001F00EFA234B1A682AB1A2420DD92168AF
:100A30006018824223D0626028461C60BDE83840BE
:100A400001F000BAA34203D81A465368002BF9D12B
:100A500011685018A04219D024D821686018834228
:100A600006D0636054602846BDE8384001F0EAB91A
:100A7000D3E900030144636021605460F3E7D2E9E5
:100A80000002014462602160D6E77047206801449B
:100A9000501883421160E6D1D3E90003014453604A
:100AA0001160E0E70C232B602846BDE8384001F0D8
:100AB000C9B900BF3C0E0020F8B5CD1C25F00305D8
:100AC00008350C2D38BF0C25002D064633DBA94216
:100AD00031D82A4F01F0B4F93A6852B113685B1B60
:100AE00004D43FE023685B1B29D522465468002CC0
:100AF000F8D1796800293BD02946304608F062FADF
:100B0000431C28D0C41C24F00304A04205D0211AA1
:100B1000304608F057FA01301DD02560304601F00C
:100B200091F904F10B0020F00700231DC21A01D037
:100B30001B1AA350F8BD0C2232600020F8BD0B2B0D
:100B400005D8A242636811D05360E7E714462360DA
:100B50001C442560E2E70C233046336001F072F953
:100B60000020F8BD0B2BF1D8536814463B60D5E745
:100B7000304608F027FA7860BEE700BF3C0E002040
:100B80009368013B002B936011DA10B49469A3427F
:100B900009DB0A2907D01368581C10601970084631
:100BA0005DF8044B70475DF8044B00F07DBB1368A3
:100BB000581C106019700846704700BF9BB1F8B50B
:100BC00013440F4606465D1E541E01E0AC4208D099
:100BD0003A4614F8011F3046FFF7D2FF431CF5D107
:100BE000F8BD0020F8BD0020704700BF936810B525
:100BF000144613B95360184610BD00F01DFE0023C3
:100C0000C4E9013310BD00BF2DE9F04F9FB08B4602
:100C100090461C46039018B18369002B00F0B78002
:100C2000A24B9B4500F0B980A14B9B4500F0C780CB
:100C3000A04B9B4504BF039BD3F80CB0BBF80C3012
:100C4000180740F1B280DBF81030002B00F0AD80C7
:100C500030238DF8323098F800300594002120229E
:100C60000B918DF83120944E0127002B00F08780E6
:100C7000252B00F01581454603E0252B00F0A380CD
:100C800025466B786C1C002BF7D1B4EB080A76D0A4
:100C90004246534659460398FFF790FF01306ED005
:100CA0000B9B6A7853440B93002A68D000234FF0C3
:100CB000FF3201340693CDE908338DF85B301C9385
:100CC000079205E0069A07FA03F313432C460693AE
:100CD0002546052215F8011B304600F0F9FFAA460B
:100CE000831B0028EED1069BD90644BF20228DF835
:100CF0005B2021781A0744BF2B228DF85B202A291C
:100D000066D1059A1168043200290592C0F29D80CF
:100D100009916178A51C2E2973D0684C03222046C6
:100D200000F0D6FF002800F08680001B069B4024C0
:100D300004FA00F00343069305F10108297860489E
:100D40008DF83010062200F0C3FF002800F08380E9
:100D50005C4B002B72D005AB00935A465A4B03985C
:100D600006A9AFF300808146B9F1FF3F07D00B9B86
:100D70004B440B9398F80030002B7FF479AFBBF80D
:100D80000C305B0618D40B981FB0BDE8F08F00F054
:100D900033FD464B9B457FF447AF039BD3F804B02C
:100DA000BBF80C3018073FF54EAF5946039800F0DA
:100DB000DBFA00283FF44CAF4FF0FF30E4E7039B31
:100DC000D3F808B03AE7B4EB080A3FF46FAF5FE737
:100DD000A1F13002092A88BFA2469CD8099B01E0F4
:100DE0002C460135297803EB830302EB4303A1F181
:100DF0003002092AAA46F3D92E2904F102050993E3
:100E00008BD19AF801102A292FD1059B9AF802104C
:100E10001A6807920433002A05930AF103050AF1C0
:100E2000020338DB254C032220469A4600F050FF8F
:100E300000287FF47AAFA84655467FE7059B073325
:100E400023F007030833059391E7494243F0020377
:100E5000099106935DE705AB00935A461A4B039838
:100E600006A900F0D5F881467EE7A1F13002002303
:100E7000092A079301D915E05546697803EB8303E6
:100E800002EB4303A1F13002092A05F1010AF3D96B
:100E90000235079341E74FF0FF329A4607923CE74D
:100EA000444603E7AA46013537E700BF60910008D2
:100EB0004091000820910008E49D0008EC9D000886
:100EC000F09D000800000000BD0B000810B4044CA9
:100ED00013460A46014620685DF8044BFFF794BEAE
:100EE000000C00202DE9F0470C4691460A698968FC
:100EF000DDF820808A42B8BF0A46C9F8002094F87D
:100F0000431006461F4611B10132C9F8002023687C
:100F100099065CD5D9F800200232C9F80020236870
:100F200013F0060F19461DD1E1688A1A002AD8BFAE
:100F3000194617DD04F1190A002505E0E368D9F820
:100F400000209B1AAB420CDD012352463946304645
:100F5000C047013005F10105F0D14FF0FF30BDE889
:100F6000F087216894F84330003318BF01238A06C4
:100F70000AD5E1185A1C302081F84300224494F825
:100F8000451082F84310023304F1430239463046DB
:100F9000C0470130E1D02368A268216903F006034D
:100FA000042B1DD08A4226DD4FF00009521A9144CD
:100FB0001A34002501E04D451DDA01232246394649
:100FC0003046C047013005F10105F4D1C5E713F003
:100FD000060F13D094F84330003318BF0123D3E732
:100FE000D9F80000E3688A42A3EB000323EAE3791F
:100FF000DCDC002BDCDC0020BDE8F087E168D9F800
:1010000000208A1A002AD8BF194693DCAAE700BF3D
:101010002DE9F0430C46097E85B06E290646174639
:101020000C98984604F1430E6DD039D9732900F01D
:10103000F68044D9752900F00481782940F01181A7
:1010400078232268DFF858C284F845300168150615
:1010500051F8043B016040F1A180D10744BF42F048
:1010600020022260002B00F093801022002184F8DF
:1010700043106068A0600028C0F2C880216821F099
:1010800004012160002B40F0A380002840F0C080C4
:101090007546082A00F0AC80AEEB0503236141E001
:1010A000632900F0E5801AD8002938D0582940F08B
:1010B000D88084F845102268DFF8E8C1C6E76F29B8
:1010C00000F0BF80702940F0CC802268DFF8D0C1EA
:1010D00042F020027823226084F84530B6E7642984
:1010E00002D0692940F0BD8022680368110603F12F
:1010F000040557D5196805600B46002959DBDFF850
:10110000A4C10A22B5E70368226861691D1D056054
:1011100015061B6802D4500600F1BD80196000233B
:1011200075462361CDF800803B4603AA2146304630
:10113000FFF7D8FE013020D02A46236939463046D1
:10114000C047013019D022680398E368920719D587
:101150001A1A002A16DD04F11909002504E0E368D3
:1011600003981A1AAA420DDD01234A463946304631
:10117000C047013005F10105F1D14FF0FF3005B056
:10118000BDE8F0839842B8BF184605B0BDE8F083CB
:10119000226822F020022260102267E7500648BF32
:1011A0009BB25AE75106A5D5B3F900300560194640
:1011B000A3E76168A1602D200029C3F1000384F832
:1011C000430002DB22F004022260DFF8D8C00A22CA
:1011D000754600E00B46B3FBF2F102FB113093427F
:1011E0001CF8000005F8010DF4D2082A7FF454AF72
:1011F0002368DB077FF550AF626823699A423FF7A7
:101200004BAF302305F8013C013D45E7002BDFD112
:101210009CF8003084F8423004F1420539E7036855
:101220006268191D01601D680021284600F050FD0C
:10123000002832D0401B60602061002384F84330D6
:1012400070E72268036812F0800F03F104051AD0DA
:101250001B6805606F290CBF08220A22DFF844C012
:1012600004E7012384F84210236104F14205E4E716
:1012700003681A68191D0123016004F1420584F80E
:1012800042202361D9E712F0400F0DBF1B680560B3
:101290001B880560DEE7198041E76068CCE700BF86
:1012A0000C9E0008F89D0008F8B50D461446064649
:1012B00008B1836943B3254B9C422AD0244B9C42FE
:1012C00029D0244B9C4208BFF468A389A269A2607C
:1012D0001A0722D5236903B322686169D31AEDB2D4
:1012E00099422F4629DD0133A168501C0139A160C4
:1012F0002060157062699A4216D0A389DB0701D578
:101300000A2D11D03846F8BD00F076FA0F4B9C42FA
:10131000D4D17468D9E7B468D7E72146304600F0E5
:1013200023F838B92369D7E72146304600F03AF967
:101330000028E7D04FF0FF37E4E72146304600F0C1
:1013400031F90028F6D122680123CDE76091000829
:101350004091000820910008024B0A460146186897
:10136000FFF7A2BF000C00203B4B70B51D6806467E
:101370000C460DB1AB69DBB1384B9C421ED0384BEB
:101380009C424AD0374B9C4208BFEC68B4F90C2011
:1013900093B2190718D5206908B313F001022CD0B5
:1013A000636900225B42A361A26060B3002070BD4C
:1013B000284600F021FA294B9C42E0D16C68B4F930
:1013C0000C2093B21907E6D4DD063CD5580726D485
:1013D000206942F00803A3819BB20028DDD103F409
:1013E0002072B2F5007FD8D03046214600F026FCAE
:1013F000A389206913F00102D2D1990758BF62690D
:10140000A2600028D2D1B4F90C301A06CFD543F02F
:101410004003A3814FF0FF3070BDAC68B6E7616B4D
:1014200051B104F14403994204D03046FFF7EEFA7B
:10143000B4F90C200023636300232069636022F069
:1014400024022060C5E742F04002092333604FF0D8
:10145000FF30A28170BD00BF000C00206091000829
:10146000409100082091000808B5062000F098FD82
:10147000012007F0CCFD00BF8B891A072DE9F04150
:101480000C46804641D44A68002A59DDE66A002E9F
:1014900053D00022D8F80050216AC8F8002013F475
:1014A000805251D101234046B047431C5FD0A389ED
:1014B000E66A216A5F0705D56268636B801A0BB123
:1014C000236CC01A024600234046B047461C45D153
:1014D000D8F80030B4F90C20002B55D01D2B01D0CA
:1014E000162B5AD123690022C4E90032616BC8F877
:1014F000005011B304F14403994202D04046FFF773
:1015000085FA00206063BDE8F0810E69AEB10D6818
:101510000E6099070CBF63690023AD1BA3600AE04E
:101520002B463246A76A216A4046B8470028A5EBF9
:10153000000506440ADD002DF2DC0020BDE8F08144
:101540000A6C002AA2DCF8E7606DB3E7A38943F0D8
:101550004003A3814FF0FF30BDE8F0812269A389E9
:10156000226000226260DA04C0D56065BEE7D8F868
:101570000030002B9BD01D2B0CD0162B0AD0A3893A
:1015800043F04003A381D9E72169C4E90013D304E0
:10159000ACD5EAE7C8F80050CFE742F04002A2819C
:1015A000CCE700BF0B6923B310B5044682B008B185
:1015B0008369BBB1104B994212D0104B994216D09F
:1015C0000F4B994208BFE168B1F90C302BB12046AE
:1015D00002B0BDE81040FFF74FBF002002B010BDC1
:1015E0006168F1E7019100F007F90199E2E7A1686C
:1015F000EAE70020704700BF6091000840910008B2
:101600002091000820B1054B01461868FFF7CABFBA
:10161000034B0449186800F0B9BA00BF000C002061
:101620001C910008A515000800207047014900F032
:10163000ADBA00BFA51500080020704770B54A1E5E
:10164000682505FB02F50E4605F17401FFF734FA33
:10165000044640B100210C30666005F1680221604B
:10166000A060FFF7B3F8204670BD00BF1E4B70B5F9
:101670001D68AB69064643B34835D5E90134013BE3
:1016800005D51EE0013B5A1C04F1680419D0B4F9D9
:101690000C20002AF6D10025144B6566C4E90055DC
:1016A000A560C4E90455A5612946E360082204F158
:1016B0005C00FFF78BF8C4E90D55C4E912552046CC
:1016C00070BD2C682CB12546D7E7284600F010F8ED
:1016D000D2E704213046FFF7B1FF04462860002816
:1016E000F1D10C233360EAE71C9100080100FFFFF1
:1016F0002DE9F84F334B34491A68816290424FF01C
:101700000003C0E91233036504BF0123836105466A
:10171000FFF7ACFF68602846FFF7A8FFA8602846DF
:10172000FFF7A4FF6E68E86000240423F36074668A
:10173000C6E90044B460C6E90444B461214606F138
:101740005C000822FFF742F8DFF888B0AF68DFF8E6
:1017500088A0DFF88890DFF888801C4BC6F83080BE
:10176000C6E9086BC6E90AA92146FB6008227C6627
:10177000C7E90044BC60C7E90444BC6107F15C00F0
:10178000FFF724F8EE68124BC7F83080C7E9087BF2
:10179000C7E90AA92146F3607466C6E90044B4604B
:1017A000C6E90444B46106F15C000822FFF70EF8B4
:1017B0000123C6E9086BC6E90AA9C6F83080AB6107
:1017C000BDE8F88F1C9100082D16000809000100E3
:1017D00012000200112000083920000879200008BA
:1017E00099200008024B0349186800F0CFB900BFE8
:1017F0001C910008A5150008836903B978E77047B4
:10180000704700BF704700BF704700BF704700BF00
:10181000024B0349186800F093B900BF000C002088
:1018200029160008024B0349186800F089B900BF67
:10183000000C0020391600089368002B00F002818C
:101840002DE9F04FB1F90C309BB20C46190783B06B
:101850008246904635D522699AB313F00202D8F831
:1018600000603DD00027D4F828B0D4F820C0DFF8BD
:10187000CC923D464D452B463A4628BF4B466146E5
:101880005046D5B1D847002840F3D280D8F8083068
:101890001B1A07442D1AC8F80830002B00F0B78037
:1018A000D4F820C0D4F828B04D452B463A4628BF7E
:1018B0004B4661465046002DE4D1D6E90075083606
:1018C000D8E721465046FFF74FFD002840F0308111
:1018D000B4F90C30D8F800609BB213F00202C1D109
:1018E00013F0010940F0B080A76820684D46002D34
:1018F00054D09A0540F1BC80AF42BB4600F2E7806D
:1019000013F4906F2FD0D4E9041707EB4707A0EB2F
:10191000010B07EBD777681C7F105844B8423A4652
:1019200084BF07463A465B0540F1E98011465046C0
:10193000FFF7C2F8002800F0F5805A4621690190AF
:10194000FEF7AAFEA289019B22F4906242F0800277
:10195000A281A7EB0B0203EB0B0067612361206000
:10196000A2602F46AB465A46494600F001FAA268EB
:101970002368D21B5B442F46A26023600025D8F861
:101980000830DB1BB944C8F80830002B3FD0B4F94D
:101990000C30A76820689BB2002DAAD1D6E900952B
:1019A0000836A4E70BF1080353E902679B460833A6
:1019B000002FF9D03A460A21304600F089F9002874
:1019C00053D00130A0EB06094B46D4E9041220683D
:1019D000BB4228BF3B46884203D9A5681544AB42A9
:1019E00019DC9A427DDC1346A56A216A32465046CC
:1019F000A847051E1CDDB9EB05096BD00120D8F8FE
:101A000008305B1B2E447F1BC8F8083013BB002036
:101A100003B0BDE8F08F31462A4600F0A9F92368EB
:101A20002B44236021465046FFF7BCFD0028E2D03E
:101A3000B4F90C3043F040034FF0FF30A38103B002
:101A4000BDE8F08F00207047334691461046174698
:101A50004E469B46002FA5D00028B5D13A460A2114
:101A6000304600F035F90028ABD17B1C9946ACE735
:101A70002369834215D36169A94212D82E4BA76A04
:101A80009D4294BF2B466FF000434A4693FBF1F30F
:101A9000504601FB03F3216AB847071EC8DDED1B62
:101AA0006DE7AF4228BF2F463A46494600F060F93D
:101AB000A3682268DB1B3A44A3602260002BEED1AE
:101AC00021465046FFF76EFD0028E8D0B0E72F46CC
:101AD000AB4648E721465046FFF764FD00288ED00C
:101AE000A6E71A463146019300F042F9019BA1682E
:101AF0002268C91A1A44A16022601D467BE750463D
:101B000000F0A2F9034600287FF423AF2169504674
:101B1000FEF77CFFB4F90C300C2223F08003CAF8E6
:101B2000002087E70C23CAF80030B4F90C3081E7B5
:101B30004FF0FF306CE700BFFEFFFF7F00FCFF7F30
:101B40002DE9F04110F148071BD088460026D7E95F
:101B50000154013D0FD4A389012B05F1FF3506D9AE
:101B6000B4F90E300133204601D0C04706436B1C48
:101B700004F16804EFD13F68002FE8D13046BDE89A
:101B8000F0813E463046BDE8F08100BF2DE9F843C4
:101B900010F148071FD0884606464FF00009D7E9E4
:101BA0000154013D11D4A389012B05F1FF3508D95A
:101BB000B4F90E3001332146304602D0C04749EA1D
:101BC00000096B1C04F16804EDD13F68002FE6D1D9
:101BD0004846BDE8F883B9464846BDE8F88300BFEB
:101BE00070B50C46B1F90E10002996B016461D4688
:101BF00013DB6A4607F0F3F900280EDB019A02F4C2
:101C00007042A2F50052B2FA82F252094FF4806398
:101C100000202A60336016B070BDA38900221B0625
:101C20002A6004D540230020336016B070BD4FF405
:101C300080630020336016B070BD00BF8A899207B0
:101C40000B4606D501F1470201211A60C3E90421C0
:101C5000704770B582B001AB6A460C460646FFF786
:101C6000BFFF009905463046FEF726FFB4F90C3059
:101C700070B11649B162019A0099206043F0800367
:101C8000A381C4E904018AB92B43A38102B070BDCA
:101C90009A05FBD423F0030304F1470243F0020347
:101CA0000121A3812260C4E90421EFE73046B4F9A1
:101CB0000E1007F0A0F910B9B4F90C30E4E7A389CD
:101CC00023F0030343F001031BB2DDE72D160008E8
:101CD00001F0FF01102A2BDB10F0070F08D010F8DD
:101CE000013B013A8B422DD010F0070F42B3F6D1E1
:101CF000F0B441EA012141EA014122F007047FF0FA
:101D000000070023F0E80256083C85EA010586EA50
:101D1000010685FA47F5A3FA87F586FA47F6A5FA8C
:101D200087F68EB9EED1F0BC01F0FF0102F0070298
:101D300032B110F8013B013A83EA010313B1F8D143
:101D40000020704701387047002D06BF3546033824
:101D5000073815F0010F07D1013015F4807F02BF5D
:101D6000013015F4C03F0130F0BC0138704700BFAE
:101D70008842F0B40DD98B1883420AD9841832B145
:101D8000224613F8014D02F8014D9942F9D1F0BCF9
:101D900070470F2A0ED80346541E002AF7D001348C
:101DA0000C44013B11F8012B03F8012FA142F9D19A
:101DB000F0BC704740EA01039B073BD1A2F110073A
:101DC0003F0901F1200606EB071601F1100300F1AF
:101DD000100453F8105C44F8105C53F80C5C44F8A1
:101DE0000C5C53F8085C44F8085C53F8045C44F855
:101DF000045C1033B34204F11004EAD17B1C1B01D4
:101E000012F00C0F194402F00F05034415D0043DE5
:101E1000AD0803EB850C1C1F0E4656F8047B44F8F6
:101E2000047F6445F9D10135AD002B44294402F00B
:101E30000302B1E7541E0346B1E72A46ACE700BFF0
:101E4000704700BF704700BF09B3F8B51446CAB168
:101E500006460D4600F024F9A04202D32F4638462C
:101E6000F8BD21463046FEF727FE07460028F6D08B
:101E700022462946FEF710FC30462946FEF7C6FDED
:101E80003846F8BD2746FEF7C1FD3846F8BD114675
:101E9000FEF712BE10B580210446FEF70DFE606409
:101EA00040B1031F00227C3043F8042F8342FBD152
:101EB000002010BD4FF0FF3010BD00BF436C0BB1D0
:101EC00000207047E6E700BF1F2970B5054608D817
:101ED000436C16460C464BB153F8240043F824607B
:101EE00070BD162202604FF0FF3070BDFFF7D2FFC9
:101EF00008B96B6CF0E74FF0FF3070BD1F2938B5A3
:101F000021D8426C05460C466AB152F8213053B1D3
:101F1000012B16D0591C10D00025204642F8245021
:101F20009847284638BD284600F070F822460146FA
:101F30002846BDE8384000F055B81623036001205C
:101F400038BD002038BD162303604FF0FF3038BD88
:101F50001F2921D838B5436C05460C4683B153F888
:101F6000242003EB84034AB1511C10D0012A0CD069
:101F7000002520461D609047284638BD012038BD09
:101F8000FFF788FF28B96B6CE9E7032038BD022012
:101F900038BD4FF0FF3038BD4FF0FF30704700BF05
:101FA000024B01461868FFF7A9BF00BF000C0020D4
:101FB000024B0A4601461868FFF786BF000C002056
:101FC000034B1868436C0BB10020704762E700BFF9
:101FD000000C0020024B01461868FFF7B9BF00BF94
:101FE000000C002038B50B46074C05461146184634
:101FF0000023236007F001F8431C00D038BD23689C
:10200000002BFBD02B6038BDCC1E002006F0FDBF9E
:1020100010B50C46B1F90E1006F0C9FF002803DB1D
:10202000636D0344636510BDA38923F48053A381CA
:1020300010BD00BF002070472DE9F0411646B1F9F0
:102040000C201F46D3050C460546B1F90E1009D4E5
:1020500022F48052A2813B4632462846BDE8F04138
:1020600006F0ACBF0022022306F0A6FFB4F90C2054
:10207000B4F90E10ECE700BF10B50C46B1F90E1024
:1020800006F09AFFA389421C0EBF23F4805343F449
:1020900080536065A38110BDB1F90E1006F090BFAA
:1020A00051F8043C181F002BBCBF0B58C0187047D8
:1020B00008B502F073F848B100F02AFD00F038FDD1
:1020C00000F094F8BDE8084000F098B800F028FD52
:1020D000F4E701F075B808B500F05AF8BDE808401B
:1020E00001F06FB838B504460D4600F0E7FD45F63F
:1020F00010739C4209D045F611739C4211D02946B9
:102100002046BDE8384001F05DB8AB7801205BB1F6
:1021100003F076FB03220221012001F0A1F8002048
:1021200038BDAB780220F2E703F074FBF2E710B59C
:10213000044600F071F82046BDE8104001F089B96E
:10214000012000F063B8002000F060B8034610F8EA
:10215000012B082A05D0092A05D0072A05D100F04D
:10216000D7BB00F051BC00F0DBBCFF221A707047F7
:10217000FF23042810B5137007D80D2905D8034B89
:102180000E2404FB0030435C137010BD80930008E4
:1021900008B50021502000F0EBFEBDE8084000210A
:1021A000502000F009BFF8B505460E46174600243A
:1021B00020463B4632462946013400F05FFE402C63
:1021C000F6D1F8BD07B50DF10702FFF7D1FF9DF875
:1021D0000720044900238B54034A136003B05DF8C1
:1021E00004FB00BF90110020440E0020014902486A
:1021F00005F069BA880C0020141E0020024842F243
:10220000107105F072BA00BF141E0020014B187047
:10221000704700BF490E0020014B1870704700BF87
:10222000480E00200C4B1B68C3F30113022B0CD08B
:10223000032B0ED0012B4FF0000203D01146FF20DC
:10224000FFF7B1BFFF211046FAE70021FF22084641
:10225000F6E7FF22F2E700BF4C0E002000221146F5
:102260001046FFF7A0BF000007B50B4B5A798DF859
:1022700000209A799B788DF801208DF80230009823
:1022800000F030FFC0F30742C1B2C0F3072003B033
:102290005DF804EBFFF787BF660C0020F0B52C4C0F
:1022A00087B063798DF80C30A3798DF80D30A37861
:1022B0008DF80E30039800F015FFC0F307238DF85A
:1022C0000930E3798DF81430237A8DF81530A3782E
:1022D0008DF816308DF80800C0F307408DF80A001D
:1022E000059800F0FFFEC0F307238DF81000C0F33F
:1022F00007408DF811308DF81200163400260025A5
:10230000F7B238460DF10702E9B2FFF731FF9DF849
:1023100007003F2812D823882B41DB075DBF9DF8BB
:102320000A309DF808209DF809109DF8123044BF2E
:102330009DF810209DF8111000F0A0FD01350E2D24
:10234000DFD10136052E04F10204D8D107B0F0BD6B
:10235000660C00202DE9F3411F4D6A79EB799B1A39
:102360007F2B9AB232DDA2F580731BB2002BB8BF6F
:102370000333AA79DFF8648043F38F042B7A9B1A26
:1023800048BF03339E10AB788DF80230002708EB6E
:1023900047036A795B781B0904FB03228DF8002050
:1023A000AA7906FB03238DF80130009800F09AFE0D
:1023B000C0F30743C2B2C0F307213846013700F02B
:1023C0005DFD402FE3D102B0BDE8F08113F17F0F36
:1023D000CCDA02F58073C8E7660C00208092000812
:1023E0002DE9F74F234E7779F57996F80680347A00
:1023F000ED1B48BF0335B4EB080448BF03348146E6
:10240000FEF766FA424202F03F0200F03F0358BF77
:102410005342AD10A4104FF0000A5FFA83FBB9F1EC
:10242000000F01D1D3451DD1FEF752FA00F0030091
:1024300000FB05708DF80000FEF74AFA00F003007B
:10244000B3788DF8023000FB04808DF8010000980D
:1024500000F048FEC0F30743C2B2C0F30721504664
:1024600000F00CFD0AF1010ABAF1400FD7D103B018
:10247000BDE8F08F660C00202DE9F341154A164E99
:1024800014683379154F9C40E4B200254FF0FF08E3
:1024900017F8013B8DF801809B003F2B9ABFC3F1D9
:1024A0003F039BB2002323448DF80030B3788DF8AE
:1024B0000230009800F016FEC0F30743C2B2C0F32A
:1024C00007212846013500F0D9FC402DE0D102B0AB
:1024D000BDE8F0814C0E0020660C00209011002019
:1024E000F7B5174B17491A790D689B78164E174F99
:1024F0008DF802309540FF22EDB28DF801200024C6
:1025000016F8013B17F814209B003F2B9ABFC3F12C
:102510003F039BB200232A4413448DF800300098F7
:1025200000F0E0FDC0F30743C2B2C0F3072120462C
:10253000013400F0A3FC402CE2D103B0F0BD00BF99
:10254000660C00204C0E00209011002080920008A4
:10255000F7B5174B17491A790D689B78164E174F28
:102560008DF802309540FF22EDB28DF80120002455
:1025700016F8013B07EB44029B003F2B52789ABFB1
:10258000C3F13F039BB200232A4413448DF800306B
:10259000009800F0A7FDC0F30743C2B2C0F30721C3
:1025A0002046013400F06AFC402CE1D103B0F0BDBC
:1025B000660C00204C0E0020901100208092000834
:1025C000F7B50646FEF784F9424202F03F0200F0FA
:1025D0003F03114F58BF53420025DCB20EB9AC4245
:1025E00015D1FEF775F98DF80000FEF771F9BB788B
:1025F0008DF802308DF80100009800F073FDC0F3F3
:102600000743C2B2C0F30721284600F037FC01356A
:10261000402DE3D103B0F0BD660C002073B5114B23
:1026200011491A790C689B78104E8DF8023094404D
:10263000E4B20025727816F8023B8DF8012023449D
:102640008DF80030009800F04DFDC0F30743C2B292
:10265000C0F307212846013500F010FC402DE9D1D8
:1026600002B070BD660C00204C0E002000930008E4
:10267000F7B5174C174A23791568174F9D40A37873
:102680008DF80230EDB2002639787B782944CAB241
:10269000090648BFD243617948BFD2B25B0801EB5B
:1026A00092027F338DF800208DF80130009800F001
:1026B00019FDC0F30743C2B2C0F30721304601360B
:1026C00000F0DCFB402E07F10207DDD103B0F0BDC6
:1026D000660C00204C0E0020009300081FB5134B21
:1026E000ADF804108DF808109B788DF80A30C1F30E
:1026F00007218DF809100446029800F0F3FCFE2C27
:102700000246C1B2C2F30742C0F3072004D104B0AD
:10271000BDE81040FFF747BD13460A460146204674
:1027200004B0BDE8104000F0A9BB00BF660C00205B
:1027300070B51B4CE07AFF2809D01A4B1B789B0719
:1027400005D5637AA17A43EA0121FFF7C7FF032089
:1027500003F042F8064638B1207DFF281ED0618A7A
:10276000BDE87040FFF7BABF022003F035F8054618
:1027700050B1607CFF2811D0217CE37B43EA012328
:10278000310C09041943EBE7012003F025F828B1C7
:10279000A07BFF2802D0A389290CF2E770BD00BFFF
:1027A000660C0020480E002038B5384A1378132BE9
:1027B00002D80133137038BD354A364813680133E7
:1027C0001360354A13685C1C1CBF01331360402141
:1027D00010F8013BFF2B1CBF013300F8013C01390D
:1027E000F6D12E48C378FF2B044603D1BDE838400C
:1027F000FFF718BD2A4D2D7815B1007880061BD43F
:10280000647844B112684FF496614C4394422EBFF1
:10281000002401240023234A10781370C01A03F106
:10282000FF3318BF0120092B09D8DFE803F010138C
:1028300016191C1F2225282B01240B46EBE7FFF756
:102840000DFD002CB7D1BDE83840FFF771BFFFF791
:102850000BFDF6E7FFF722FDF3E7FFF77BFDF0E75F
:10286000FFF7BEFDEDE7FFF707FEEAE7FFF738FEEB
:10287000E7E7FFF76DFEE4E7FFF7A2FEE1E7FFF70A
:10288000CDFEDEE7FFF7F4FEDBE700BF500E0020D1
:102890004C0E002090110020440E0020660C0020F9
:1028A000490E0020640C0020034608460428114607
:1028B00001D9187070471A46FFF75ABCFD282DE958
:1028C000F74305460F4690464FF000041CD90870A8
:1028D000147003B0BDE8F08301360E2E04D101342C
:1028E000E4B2052CF5D00026F1B20DF10702204626
:1028F0008DF80790FFF73CFC9DF80730AB42EBD119
:102900003C7088F80010E4E74FF0FF09EBE70000A7
:1029100010B40378073B0F2B12D8DFE803F008143C
:10292000181C20242A30363D43474D51575B304A0E
:1029300043781178003B18BF012363F345111170F0
:102940005DF8044B70472A4B42785A70F8E7284BE1
:1029500042789A70F4E7264B4278DA70F0E7244B1D
:1029600042781A71ECE7224B42785A7182789A7158
:10297000E6E71F4B4278DA7182781A72E0E71C4B67
:1029800042785A7282789A72DAE7827841781948E6
:102990005DF8044BFFF788BF154B42781A738278B5
:1029A0005A73CDE7827841781348F1E7104B4278AB
:1029B000DA7382781A74C3E7827841780F48E7E7C0
:1029C0000B4B42789A748278DA74B9E7827841784E
:1029D0000B48DDE70B4A00F10A01447810F8023F8A
:1029E00043EA0423814222F8023BF6D1A8E700BF64
:1029F000660C0020710C0020740C0020770C002065
:102A00007A0C00207C0C0020014611F8013B013BB0
:102A1000152B78D8DFE803F00B11161B202A252F81
:102A20003235383B41464B5055595E62676B364BE9
:102A30001B7803F0010343707047334B1B78C3F3DB
:102A40004003F8E7304B1B78C3F38003F3E72E4BCA
:102A50001B78C3F3C003EEE72B4B1B78C3F30013C3
:102A6000E9E7294B1B78C3F34013E4E7264B1B78B7
:102A7000C3F38013DFE7244B5B78DCE7224B9B78C2
:102A8000D9E7214BDB78D6E71F4B1B79D3E71E4BE9
:102A90005A7942709B79837070471B4BDA79427088
:102AA0001B7AF8E7184B5A7A42709B7AF3E7164B79
:102AB000821CD87AFFF702BF134B1A7B42705B7BF4
:102AC000E9E7114B821C987BF4E70F4BDA7B4270ED
:102AD0001B7CE0E70C4B821C587CEBE70A4B9A7C92
:102AE0004270DB7CD7E7084B821C187DE2E7074B7E
:102AF00000F10A011A88120A427033F8022B00F81A
:102B0000022F8842F6D17047660C00207C0C002012
:102B100002482022272101F099BA00BF660C00204C
:102B200002482022272101F0ADBA00BF660C002028
:102B300010B500F0E5FA0021502000F059F900240A
:102B4000322C18D0B4F13C0318BF0123E0B21A466E
:102B50001946013400F0B2F9402CF1D10021502087
:102B600000F02AFA054A0023FF210133402B02F826
:102B7000011BFAD110BD0023E8E700BF901100202F
:102B8000044AD37801330A2BA8BF0A23D370FFF776
:102B9000C7BF00BF660C0020054AD378013B23EA7B
:102BA000E3730A2BA8BF0A23D370FFF7B9BF00BF96
:102BB000660C0020044A13790133032BA8BF0323BA
:102BC0001371FFF7ADBF00BF660C0020034A1379F5
:102BD000013B83F302031371FFF7A2BF660C0020D1
:102BE000044A93780833FF2BA8BFFF239370FFF7A5
:102BF00097BF00BF660C0020034A9378083B23EA86
:102C0000E3739370FFF78CBF660C0020044A53797E
:102C10000833FF2BA8BFFF235371FFF781BF00BF0D
:102C2000660C0020034A5379083B23EAE37353718F
:102C3000FFF776BF660C0020044A93790833FF2B18
:102C4000A8BFFF239371FFF76BBF00BF660C002086
:102C5000034A9379083B23EAE3739371FFF760BF5C
:102C6000660C0020044AD3790833FF2BA8BFFF234A
:102C7000D371FFF755BF00BF660C0020034AD3791C
:102C8000083B23EAE373D371FFF74ABF660C0020C9
:102C9000044A137A0833FF2BA8BFFF231372FFF7F0
:102CA0003FBF00BF660C0020034A137A083B23EAAB
:102CB000E3731372FFF734BF660C002038B58B78CE
:102CC00005460C461BB109786078FFF77BFAA5F53D
:102CD000BE400D2854D8DFE800F0070D12171C2164
:102CE000262B30353B41474DA4787CB3FFF778FF66
:102CF00000242BE0A4784CB3FFF77EFFF8E7A4781C
:102D000024B3FFF73DFFF3E7A478FCB1FFF744FFDE
:102D1000EEE7A478D4B1FFF74DFFE9E7A478ACB1B2
:102D2000FFF754FFE4E7A47884B1FFF76FFFDFE714
:102D3000A4785CB1FFF776FFDAE7A47834B1FFF747
:102D40007BFFD5E7A4780CB1FFF782FF204638BDA2
:102D5000A478002CFAD0FFF785FFC9E7A478002CEF
:102D6000F4D0FFF78BFFC3E7A478002CEED0FFF779
:102D70008FFFBDE7A478002CE8D0FFF795FFE5E7CB
:102D80000124E3E708B50B46064940000B704A7082
:102D90006423022200F0FE0000F0DCF9B0FA80F0BB
:102DA000400908BD501300202DE9F0410F4E4000AE
:102DB0000F46C5B20024B04634703A1900230133DF
:102DC00012F8011B08F80310102BF8D1642311220C
:102DD0003146284600F0BEF928B91034C02CEBD19A
:102DE0000120BDE8F0810020FBE700BF5013002068
:102DF00070B5C52204460D46FE21FFF7C3FF002231
:102E0000FD212046FFF7BEFF0026F1B2002220463A
:102E10000136FFF7B7FF182EF7D1C522FE21204655
:102E2000FFF7B0FF0122FD212046FFF7ABFF002690
:102E3000F1B2002220460136FFF7A4FFC02EF7D1E1
:102E4000C522FE212046FFF79DFF0322FD212046DB
:102E5000FFF798FFFF2201212046FFF793FFAA0109
:102E600042F00102204602F0C1020021FFF78AFF72
:102E7000BDE870404FF47A7004F005B93F28F0B512
:102E800014D80B4CDFF830C004EB800514F8204058
:102E9000AF78EE786D7804F00304C02000FB04C026
:102EA0004155C2558355034B01221A55F0BD00BF51
:102EB00080910008830E0020D01100202DE9F04FF2
:102EC000284D05EB8004182694F801B094F802C050
:102ED000E77815F82040244D04F003044FEADB0A9C
:102EE00006FB04560BF0070B012000FA0BF04FEA2B
:102EF000DC094FEAD70816F90AE00CF0070C07F0D6
:102F0000070740B221B34EEA000006F80A00182075
:102F100000FB0450012606FA0CFC10F909104FFAC8
:102F20008CFCC2B141EA0C01182200F8091002FB26
:102F30000455012101FA07F715F908207FB26BB19A
:102F40003A4305F80820094B01221A55BDE8F08FD5
:102F50002EEA0000D9E721EA0C01E5E722EA0702A0
:102F6000EFE700BF80910008510E0020810E002085
:102F700070B50E4E725C05460C46A2B1C522FE210C
:102F8000FFF700FFFD2101222846FFF7FBFE084B5B
:102F900004EB440103EB81112846FFF705FF10B94C
:102FA000044B01221A550023335570BD830E0020B7
:102FB000D0110020810E0020124B5A5C2DE9F04107
:102FC00007460C469846BAB1C522FE21FFF7DAFE45
:102FD0000022FD213846FFF7D5FE0B4B04EB4406DB
:102FE00003EBC6060025E9B216F8012B3846013579
:102FF000FFF7C8FE182DF6D1002308F80430BDE80D
:10300000F08100BF810E0020510E00207FB510F42A
:103010007F4F0190C0F30726C0F3074217D109B1D3
:103020002F4B9A5C8DF80C208DF80D208DF80E201A
:103030009DF80C30002063F307009DF80D3063F31A
:103040000F209DF80E3063F3174004B070BD9DF85B
:10305000043061B322498A5C03EB43046FF05400EF
:10306000FF216400B4FBF1F4604300EB430000EB8C
:103070004000C0B216FB00F31B12081A8D1BCB1ABE
:1030800006FB00F10912C1F1FF01554353435143BF
:10309000C5F30725C3F30723C1F30721D2B2062CDA
:1030A00019D8DFE804F00608110F1418060092B2D0
:1030B000D2E713460A468DF80C208DF80D308DF8B6
:1030C0000E50B5E711461A462B460D46F3E70B4660
:1030D00011462A46F9E711462A461D460B46EAE7FD
:1030E0003097000884B0012104B0FFF78FBF28B1EA
:1030F000202814BF4FF0FF306FF001007047000030
:10310000124B07B51A78F2B90121197010480192D3
:10311000402105F072F8019A0D48802105F06DF804
:103120004FF47A7003F0AFFF094840F206224021C5
:1031300005F063F8064840F20622802103B05DF8EE
:1031400004EB05F05AB803B05DF804FB860E0020CE
:10315000000400482DE9F043DFF85C80144C85B092
:103160000D4620701349404616461F4604F0D0FA1B
:10317000DFF848C0247840F2E7300021ECFB07017B
:103180004FF47A720023FDF705F94FF00009640847
:10319000CDE90190CDF8009033462A4621464046BD
:1031A00004F0C4FA05B0BDE8F043FFF7A0BF00BFCC
:1031B000850E0020C8930008D01D0020A0860100C5
:1031C000704770470120704701207047704708B56D
:1031D000FFF7FCFF08BD000013B502AB03E90300D5
:1031E0000F4B1B78B3B99DF80230009873B16AB1E8
:1031F00002F084FB04460146009802F03BFB009974
:10320000204602B0BDE8104001F066B902F056FB5E
:103210000446F4E7009802F071FB0099F1E700BF63
:10322000B80E002003460A4600689988FFF7D4BF0D
:1032300010B500210446FFF7F5FF2146FFF7C7FF51
:1032400010BD10B5012404FA02F204FA01F1114391
:1032500004FA03F331EA00020CBF1843984310BD8F
:1032600008B513460A46014603480068FFF7E9FF20
:10327000BDE8084002F0A0BA080F002008B500F031
:10328000C7FABDE80840FEF724BFFEF724BF704729
:1032900008B501F047FFFFF7FAFF46F2A81003F068
:1032A000F2FEBDE8084002F087BE38B501210546B0
:1032B000FFF7B8FF2946044600F0C1FF08B9002017
:1032C00038BD29462046FEF70DFF0028F7D02946D5
:1032D000204601F0E5F90028F1D02946204601F00A
:1032E00039FA0028EBD02946204601F00DFB0028D2
:1032F000E5D0AB785BB145F65A539C421CD00AD856
:10330000B4F5B84F12D045F6DE439C4211D02846A2
:10331000FFF75AFFD4E745F65B539C420FD045F6C2
:103320005C539C42F3D102F079FBF0E7FFF7B0FF6A
:10333000C5E702F0F3FCC2E702F07CFBE7E702F02E
:103340007CFBE4E7F8B5174B17491F5C174BC20825
:1033500000F007008D5C16499B5C8E5C03410541C3
:1033600013F0010446FA00F005F0010500F0010633
:1033700002D0E12001F010FC15B1E62001F00CFCB8
:10338000384601F09CFC15B1E62001F051FC14B167
:10339000E12001F04DFC26B1BDE8F8402C2001F001
:1033A0008EBCF8BD2496000804960008A496000878
:1033B000149600082DE9F041234F04460E464FF0C5
:1033C0000A08207800283CD0012837D16378012BE7
:1033D0000ED1A078A51C01F072FC2C4601343546B4
:1033E000013DEDB2FF2DECD0642003F04CFEF7E779
:1033F000022B04D1A078A51C01F0CEFBEDE7032B36
:1034000004D1A078A51C01F013FCE6E7042B01D041
:103410000134E3E72246002512F8023FD95D49074F
:10342000144605D4013DD9D3642003F02CFEF9E7FE
:10343000303B08FB053512F8013FEFE7FFF782FF4D
:10344000CCE7BDE8F08100BF199000080021FFF72C
:10345000B1BF70470120704708B5FFF7FBFF08BDFB
:1034600010B50446FEF763FE2046FFF7F5FF10BDDA
:103470000020704770470000014B33F81000704780
:10348000E296000813B5ADF80410019901F024F894
:1034900000F0CCF8B0F5A04F044630D2B0F5804F24
:1034A00080F08A80E72817D8DF280AD8A7280BD809
:1034B000A4286AD8012804D0031F9BB2A12B28BFDF
:1034C0000024204602B010BDBE2864D9C03880B2A6
:1034D0001F286AD90024F4E7B0F5405F09D2B0F59F
:1034E000005F60D2FF2854D8EF28F3D940F4A04001
:1034F00024E00205C3B25CD443F44044E1E7B0F5F4
:10350000AA4F1DD2B0F5A84FC3B275D2B0F5A64FE1
:103510000AD2B0F5A44F64D2B0F5A24F51D34AF20B
:10352000F10040EA0324CCE79C08012003F00303E8
:1035300000FA03F343EA441040F40A4084B2C0E7BF
:10354000B0F5B44F0FD2B0F5B24F61D2B0F5AC4F79
:1035500055D3A0F5B0439BB2FF2BBBD84AF2F00085
:1035600040EA0420EAE7A0F5C0439BB2B3F5005F50
:10357000B0D2C0F3042000F0D9F8000200F4F853F0
:10358000E4B21C4344F400549BE7A0F1240444F447
:103590008044A4B295E75834E4B2234B33F81400C6
:1035A00040F488448DE7C0F30B00FFF765FF044645
:1035B00087E743F4484484E7C0F30B0040F4204419
:1035C0007FE7C3F38104C0F30110640144EA0024DF
:1035D00003F00303012000FA03F31C4344F40C40FE
:1035E000ACE79C08012003F0030300FA03F343EA6D
:1035F000441040F40C40A1E74AF2F40091E7C0B255
:1036000000F094F8000200F4F85040F4005458E739
:1036100000F00F0000F08AF8C4F3031440EA04201D
:1036200040F410408AE700BFB4960008E7284DD860
:10363000DF2807D8312861D00ED8292857D02A286A
:1036400063D07047A0F1E003072B3FD8DFE803F019
:10365000123E2126303E3A3F392804D0822802D03B
:1036600035283DD07047304B1B7813F0030F18BF3F
:10367000E02070472C4A1378D9074DD4527812F0C5
:10368000010F23D013F0100F08BFE32018BF002054
:103690007047254B1B7813F0040FF2E7224A13788A
:1036A00059073BD45278D2073AD413F0100FEDE704
:1036B0001D4B5A78910709D51B7813F0100F08BFDE
:1036C000E720E3E7184B1B781A07F6D47047164A31
:1036D0001378190726D452789207E6D5E420F5E747
:1036E000114B1B7813F0200F18BF292070470E4B89
:1036F0001B7813F0200F18BF352070470A4B1B783A
:1037000013F0400F18BF2A207047074B1B7813F0A7
:10371000400F18BF3120704739207047E2207047B2
:10372000E0207047E620704764130020294B1A7888
:10373000510707D500F01801082927D100F0F7003C
:1037400040F00400110707D500F01801182926D110
:1037500000F0E70040F014005B78D90707D500F0CF
:103760001801082924D100F0F70040F00100990762
:1037700007D500F01803182B23D100F0E70040F024
:103780001100D30648BF00F0E700704700F01401B5
:10379000042904BF00F0FB0040F00800D2E700F06D
:1037A0001401142904BF00F0EB0040F01800D3E727
:1037B00000F01101012904BF00F0FE0040F00800F4
:1037C000D5E700F01103112B04BF00F0EE0040F02C
:1037D0001800D6E76413002000F00EBD08B500F015
:1037E000A7F84FF47A7003F04EFC00F0A1F8002027
:1037F00000F02EF8C30705D5FFF7EEFFBDE808403F
:1038000002F0DABB08BD08B5FFF7E8FF08BD00000D
:1038100008B502F001FA08B902F080FA02F006FADF
:10382000084B187002F008FA074B1880FFF7EBFFFF
:1038300002F0FFF901F09FFF044B1868BDE8084053
:1038400001F0B5BF5E0F002064130020080F0020B8
:10385000014B33F8100070477013002070470320AD
:1038600003F011BC00BF00BF00BF00BF00BF00BF1E
:1038700000BF00BF00BF00BF00BF00BF00BF00BF50
:1038800000BF00BF00BF00BF704708B5FFF7E7FFEC
:1038900008BD08B5202282F31188012100F00F0332
:1038A000994020F00F0004F0A8FC002383F3118856
:1038B00008BD000038B51648164DFFF7EAFF164858
:1038C000FFF7E7FF1548FFF7E4FF1548FFF7E1FFB3
:1038D0001448FFF7DEFF0E2455F8040B013CFFF7F8
:1038E000D8FF14F0FF04F7D10F4B104A1C800520BD
:1038F000148054805C8094809C80D480DC8014810F
:103900001C8100F077F8BDE83840FFF7B7BC00BF76
:1039100003040048E4960008040400480504004835
:1039200008000048040000487013002066130020BF
:103930002DE9F74F0025DFF8B8B02A4F05264FF0E4
:1039400020094FF00108AA465BF8044B89F311885F
:1039500024F00F0004F00F0408FA04F421460122B9
:10396000019004F04AFC0198A4B244838AF31188C0
:10397000FFF778FF00211C480C4650F8043B23F069
:103980000F0203F00F03126922FA03F3DB075ABF99
:1039900008FA01F213B20023013123430E299CB22D
:1039A000EBD15BF8040CFFF774FFFFF76EFF3B8869
:1039B000013EA3421ABF3C800123002316F0FF06FC
:1039C00045EA030507F10207BED1084905482B4621
:1039D000052200F011F8FFF758FC284603B0BDE8B7
:1039E000F08F00BF66130020E496000870130020DB
:1039F0001C97000870470000F8B5104C06460F46AB
:103A000015462BB10123237002F0CAFA0C4B188023
:103A100023782BB10A4B188802F0C7FA05280AD878
:103A2000F8BD36F8132027F8132001339D42F8DC47
:103A300000232370F4E70023F8E700BF870E00207F
:103A4000880E0020194B1B78D90709D5184B187818
:103A500000EB800080087F2824D828B3C0B27047CC
:103A60009A0705D5124B187800EB80004008F2E762
:103A70005B0704D50E4B187800EB8000EBE70D4B8D
:103A80001B786BB10C4A0A49127808789342F3D23A
:103A900010FB03F000EB8000B0FBF2F080B2DAE73D
:103AA0000520DBE77F20704701207047940E00203F
:103AB0009A0C0020950E00209B0C0020154B1B78C3
:103AC000D90705D5144B1878800800B3C0B27047E9
:103AD0009A0703D5104B18784008F6E75B0705D521
:103AE0000D4B18787F28F0D97F2070470B4B1B783F
:103AF0005BB10B4A084912780878934236BF10FB35
:103B000003F080B2B0FBF2F0ECE70120DEE7012029
:103B1000704700BF940E00209E0C0020960E0020DF
:103B20009F0C0020F02808B505D1FFF78BFF40421D
:103B3000294BD87008BDF12802D1FFF783FFF7E7C2
:103B4000F22805D1FFF77EFF4042234B9870F1E742
:103B5000F32802D1FFF776FFF7E7F92804D1FFF742
:103B6000ADFF1D4B1871E5E7FA2803D1FFF7A6FF5B
:103B70004042F6E7FB2805D1FFF7A0FF4042164B75
:103B80005871D7E7FC2802D1FFF798FFF7E700F15B
:103B90000C03DBB2042B08D80F4A0123F43803FAD4
:103BA00000F0537818435070C4E7FD2805D10B4A44
:103BB000137843F001031370BCE7FE2804D1074AD1
:103BC000137843F00203F6E7FF28B3D1034A1378D2
:103BD00043F00403EFE700BF8E0E0020940E002098
:103BE000364BF02893F902200AD193F903100029EB
:103BF0000CDA0021D97052B9314A0021117006E067
:103C0000F1280DD193F903100029F2DC72B11A7971
:103C10005B7913435AB2002B4FD12A4B1A7070476D
:103C2000F22806D1002AF1DA00229A7093F90320D3
:103C3000E1E7F32802D1002AF6DCE7E7F92893F957
:103C4000041004D10029E1DD00211971DEE7FA2812
:103C500002D10029DADAF7E7FB2893F9051004D13D
:103C60000029D3DA00215971D0E7FC2802D10029BC
:103C7000F8DCCBE700F10C01C9B2042907D8F4380D
:103C800001218140587820EA01005870BEE7FD28E4
:103C900005D10D48017821F001010170B6E7FE2839
:103CA00004D10948017821F00201F6E7FF28ADD1DF
:103CB0000548017821F00401EFE770478E0E0020DF
:103CC000950E0020960E0020940E002008B502F0FC
:103CD00067F9094BDA7899780A431CBF074A1080C4
:103CE0001A795B7913431CBF054B1880BDE8084067
:103CF000014800F055BE00BF8E0E00208A0E002045
:103D00008C0E00202DE9F047564C94F9028094F96E
:103D1000037094F9046094F9055094F800A094F8A5
:103D200001900023A370E3702371637158EA0703C5
:103D30000AD04D4B188802F038F94C490B783BB348
:103D40004B4A127890422DDC56EA05030BD0494BC2
:103D5000188802F02AF948490B78002B4ED0474AC0
:103D60001278904254DCE278A3781343227913430B
:103D70006279134301D0FFF7A9FF84F800A084F80B
:103D8000019084F80280E77026716571BDE8F087C4
:103D90003B4A127802EB8202B0EB420FD4DD0133D2
:103DA0000B7001E0FF2BFAD1B8F1000F08D0FFF73C
:103DB00049FEB8F1000FCCBF0123FF235843A07088
:103DC0003FB1FFF73FFE002FCCBF0123FF23584335
:103DD000E07094F90220002AB6D094F9031000296B
:103DE000B2D0B5235A43121203FB01F308BF0122DC
:103DF0001B1208BF0123A270E370A5E7214A1278C5
:103E000002EB8202B0EB420FADDD01330B7001E03B
:103E1000FF2BFAD13EB1FFF751FE002ECCBF01239C
:103E2000FF23584320713DB1FFF748FE002DCCBF62
:103E30000123FF235843607194F90420002A92D093
:103E400094F9051000298ED0B5235A43121203FBB2
:103E500001F308BF01221B1208BF01232271637105
:103E600081E700BF8E0E00208A0E0020950E0020F4
:103E7000990C00208C0E0020960E00209D0C002036
:103E8000980C00209C0C0020054A002313609380AE
:103E9000044A1370044A1370044A1370704700BF39
:103EA0008E0E0020950E0020960E0020940E00200D
:103EB00008B500F067F940F6FF7008BD08B507487F
:103EC00000F018F9064800F015F9064800F012F95C
:103ED000BDE80840044800F00DB900BF00E0030849
:103EE00000E8030800F0030800F80308B0F5805F5D
:103EF0002DE9F041884602D30020BDE8F08145005D
:103F000005F1006404F578344FF6FF7223889BB204
:103F100093424FEAA02604D1204600F00DF980B26A
:103F2000EBE7F602124F06F1006606F578364FF41D
:103F3000006231463846FCF7AFFB23789845DBD06A
:103F400040F2FE702840002407F80080304600F060
:103F5000D1F8395D61F0FF014B1C03D089B23019F3
:103F600000F0EAF80234B4F5006FF2D1D7E700BFF1
:103F70007A13002080B2400000F1006000F5783034
:103F80000078704780B2FFF7B1BF83B25B0003F1E6
:103F9000006303F578331A78431C9BB25B0003F18E
:103FA000006303F57833187842EA0020704738B58B
:103FB00084B20D462046C9B2FFF798FF601C290A5B
:103FC00080B2BDE83840FFF791BFFFF7F0BF82B283
:103FD000F8B5571CBFB20C465300790003F10063DB
:103FE00001F1006103F5783301F57831961CB6B222
:103FF000187891F800C0710001F1006101F5783185
:10400000D51CADB20B78690001F1006101F5783182
:104010001B04097843EA0C23034343EA0163A342E8
:1040200013D0E1B21046FFF761FFC4F30721384611
:10403000FFF75CFFC4F307413046FFF757FF210E3F
:104040002846BDE8F840FFF751BFF8BD10B503465C
:104050000A440846904200D110BD441CFFF78AFF75
:1040600003F8010B2046F5E770B504460D468618A7
:10407000B44200D170BDA8B214F8011BFFF736FF9F
:104080000135F5E7FFF7F0BF0B4BDA68D0070CD42A
:10409000DA6851070BD4DA68D2060AD4D86800F07F
:1040A0000100C0F10500C0B2704701207047022036
:1040B00070470320704700BF0020024073B50446DC
:1040C000FFF7E2FF0025FF2601280FD114B90620D3
:1040D00002B070BD01950196019B1BB9FFF7D4FF9B
:1040E000013CF1E7019B013B0193F5E7002C08BF80
:1040F0000620EDE738B5054640F6FF70FFF7DEFF16
:10410000052815D10B4C236943F002032361656137
:10411000236943F04003236140F6FF70FFF7CEFFB1
:1041200006281EBF236923F0020323613423E360C2
:1041300038BD00BF00200240104B00F178429A4287
:1041400070B505460E4616D81F20FFF7B7FF0528A5
:1041500010D10B4C236943F0010323611F202E80F3
:10416000FFF7ACFF06281EBF236923F0010323617C
:104170003423E36070BD0720FCE700BFFEFF0700AB
:1041800000200240034B044A5A6002F188325A6010
:10419000704700BF002002402301674508B5232077
:1041A000FFF7E8FE212801D0002008BD2420FFF7FA
:1041B000E1FE0728F8D12520FFF7DCFEA0F113036C
:1041C00058425841F1E710B5041E14BF2121FF21C8
:1041D0002320FFF7D7FE002C14BF0721FF21242046
:1041E000FFF7D0FE002C18BF1321BDE8104008BF18
:1041F000FF212520FFF7C6BE08B50020FFF7E3FF2B
:10420000BDE8084001F0FEBC08B52620FFF7B2FE6D
:1042100008BDC1B22620FFF7B5BE08B5FDF748FFBF
:10422000FFF7BCFF50B9FFF7F4FF00F0FFF800F014
:1042300097F9BDE808400120FFF7C5BF08BD10B5DC
:104240008C78FCB1A0F5BE43123B0F2B24D812385A
:10425000C0B200F091F90024204610BD012001F009
:10426000CFFA032202210120FEF7FAFFF3E7012033
:1042700001F0D0FA032202210120FEF7F1FFEBE763
:104280000220F5E745F610739842F0D045F6117319
:104290009842F5D00124DFE745F610739842DDD04F
:1042A00045F611739842D7D10220D8E7F8B50378C4
:1042B000013B04460D46122B00F28D80DFE803F02F
:1042C0000A143B444A543636368B8B575B616A730B
:1042D00076798200002343700923837029462046A3
:1042E000BDE8F84002F09AB94378022B0DD0032BB9
:1042F0000ED0012B1AD101F033FE030EA370030C74
:10430000E370030A23716071E8E7FFF77DFFF4E7CC
:1043100007460026F0B2FFF79BFA0136030A052E86
:10432000BB70F87007F10207F4D1D7E729462046A1
:10433000FDF70CFFD2E74378022BF7D1D0F802004B
:1043400000BAFFF766FFC9E7C2788178407800F0CD
:1043500050F8D6E702794379817843EA0223C2789C
:10436000407800F054F8B9E700F060F8B6E700F0E4
:10437000C6F86070B2E700F0C4F8030A6370A0707A
:10438000ACE7A3784078E178221D43EA002000F0F2
:10439000BBF8A3E7A3784078E178221D43EA002028
:1043A00000F0C9F89AE700F0DBF897E700F016F89C
:1043B000DFE7A3784078E178221D43EA002000F08F
:1043C0005FF88BE7A3784078E178221D43EA00206C
:1043D00000F06DF882E7FF2303707FE70420704749
:1043E00052001C2303FB01218C2202FB00104730EA
:1043F000704738B5FFF7F4FF0546FFF7BBFD040231
:10440000681CFFF7B7FDA4B2204380B238BD38B5B1
:104410001C46FFF7E5FF210A0546FFF7B3FDE1B2B1
:10442000681CBDE83840FFF7ADBD00002DE9F74F2F
:104430000026DFF848B0344606EB0B0800255FFA8B
:1044400084FA0FE0FAB239F8023B01915046013785
:10445000FFF7DDFF0E2F0199F4D10135052D08F18D
:104460001C0803D0C1460027E9B2EBE70134042C55
:1044700006F18C06E0D103B0BDE8F08FD4930008BC
:10448000F8B5144600F1470556180027B44200D18C
:10449000F8BDA5F14703B3F50C7F06DA2846FFF710
:1044A00069FD207001350134F0E72770FAE7F8B5AF
:1044B0000E46174600F147040025B54200D1F8BD6D
:1044C000A4F14703B3F50C7F03DA795D2046FFF7CB
:1044D00059FD01340135F0E782B00328ADF804102E
:1044E0000AD89DF80510042906D89DF804200D2A45
:1044F00002D802B0FFF77DBF002002B07047102045
:10450000704740F289107047F8B5144600F27725DD
:1045100056180027B44200D1F8BDA5F27723B3F5B1
:10452000C47F06DC2846FFF725FD207001350134E5
:10453000F0E72770FAE7F8B50E46174600F2772441
:104540000025B54200D1F8BDA4F27723B3F5C47FAE
:1045500003DC795D2046FFF715FD01340135F0E7F6
:1045600010B540F27724204600210134FFF70AFD00
:10457000B4F5806FF7D110BD0F28F7B5044620D8E9
:1045800040F2FF30FFF7F6FCD8B940F27725D4B9F6
:10459000019401272846FFF7EDFC6E1C8DF80400FE
:1045A0008DF8054068B1431E022B17D88DF8050021
:1045B00030468DF80470FFF7DDFC02358DF80600FB
:1045C00068B903B0F0BDB5F5806FFAD02846FFF7A3
:1045D000D1FC08B9013CE4B20135D8E7354601A861
:1045E000FEF734FFD6E70000F8B5144682789DF850
:1045F00018701D46284B92B11C7001F0D1FC274B5E
:10460000188004F12003DBB2072B44D804F0070420
:104610000120A040C0B2BDE8F84000F056BB1E78B3
:10462000A6422ED11D4B188801F0BFFCC72828D800
:10463000AE4205F1200415D006F12003DBB2072BB2
:1046400006D806F007060120B040C0B200F046FBD5
:10465000E3B2072B06D805F0070301209840C0B24B
:1046600000F033FB3846E4B200F029FB072C12D8E7
:1046700005F007050120A840BDE8F840C0B200F0F1
:104680002DBB04F12003DBB2072B04D804F0070490
:104690000120A040F0E7F8BD970E0020980E002002
:1046A00013B545F6F64304469C4208460FD845F636
:1046B000F2439C4212D845F6D8439C421DD045F6A1
:1046C000D9439C423ED045F6D7439C420FD08078D8
:1046D00000283BD01E4B00221A701CE0A4F5B94400
:1046E000743C022C0ED8DFE804F0181F26002623A5
:1046F0000093E1231A4621460AE027230093E5238D
:10470000E522F8E726230093E022E12345F6F34172
:10471000FFF76AFF002002B010BD27230093E422B8
:10472000E52345F6F441F3E726230093E222E12353
:1047300045F6F541ECE727230093E622E52345F60D
:10474000F641E5E7282300930123D9E70120E2E7BA
:10475000970E002038B505468878002800F0CF80F5
:1047600045F615439D4216D845F601439D4217D99B
:1047700001F062FA634C45F615439D42208021D832
:1047800045F601439D420CD8208801F061FA00F003
:10479000C9FC002004E0A5F5B9437A3B082BE7D912
:1047A00038BDA5F5B845033D122D1AD8DFE805F050
:1047B0001E222633373B3F455155595D696D717552
:1047C0007B978300A5F5B9457A3DABB2082BDBD8C2
:1047D000082DD9D8DFE805F0161B4D51376B7A8DBF
:1047E0009100237843F001032370CDE7237843F051
:1047F0000203F9E7237843F00403F5E7237843F055
:104800000803F1E7637843F001036370BCE7637862
:1048100043F00203F9E7237843F01003E4E7237839
:1048200043F02003E0E7237843F04003DCE700F0A7
:1048300079FC237843F08003D6E7237823F00C0338
:1048400043F00C03D0E7637823F0030343F0030342
:10485000DBE723786FF30003C6E723786FF34103A8
:10486000C2E723786FF38203BEE723786FF3C303B5
:10487000BAE763786FF30003C7E763786FF3410328
:10488000C3E723786FF30413AEE723786FF3451380
:10489000AAE723786FF38613A6E700F043FC23789A
:1048A0006FF3C713A0E7237823F00C039CE763782A
:1048B00023F00303A9E72378C3F3800282F0010207
:1048C000D2B262F3820362F3C3038DE76378DA4303
:1048D00002F0010262F3000362F3410395E700F086
:1048E00021FC2378C3F3C01282F0010262F3C713E4
:1048F0007AE7012001F014FA46E70020FAE70120E8
:104900004EE700BF6413002045F61643984210B5E9
:104910000C461BD101F094F8A2780D4B72B100F057
:10492000AA00002815BF01220022352029201A7074
:1049300001F034F801F0F6F8002010BD1B78002BD0
:1049400014BF3520292001F031F8F3E70120F4E706
:104950009A0E0020014B1860704700BF9C0E00208B
:10496000024B186808B10368184770479C0E002076
:10497000084B1B686BB1084A127842B1074A92F99A
:104980000020002ABFBF02784270052202705B68D7
:10499000184770479C0E0020FC0D00206413002077
:1049A000034A12681AB102210170936818477047D0
:1049B0009C0E0020054A1188814205D0044B1080CE
:1049C0001B680BB1DB681847704700BFA20E0020C0
:1049D0009C0E0020054A1188814205D0044B1080AE
:1049E0001B680BB11B691847704700BFA00E002061
:1049F0009C0E002008B501F0B3FA024B1860024B80
:104A0000186008BDA40E0020A80E00207047704753
:104A100008B5FFF7FCFF08BD704708B5FFF7FCFFBE
:104A200008BD000008B5054801F0FEFAFFF740FA9E
:104A3000FFF7ECFFFFF7ECFF08BD00BF015C0008CB
:104A40000120704708B5FFF7FBFF08BD70477047AE
:104A500008B5FFF7FBFFFFF7FAFF08BD08B501F047
:104A60007DFAFEF727FFFFF7D8FBFFF7D6FF08BD5B
:104A70002DE9F74FFEF75CFF08B1FFF7BBFFDFF84A
:104A8000D8A0DFF8D88000255646EFB23846FEF7AA
:104A9000DFFE3AF8024B8442814641D098F800305C
:104AA0009B0701D5FEF7DAFE84EA0904A3B20022CF
:104AB000012423425FFA82FB2DD0FFF7C3FFA8B188
:104AC00019EA040F14BF012300238DF802308DF87A
:104AD00000B08DF8017001F063FA40F00100ADF80C
:104AE000040002AB13E9030000F03AF836F8153081
:104AF0005C4026F81540174CFFF704F9FFF730FF2C
:104B00002378834222D0FFF72BFF207003B0BDE84B
:104B1000F04FFEF7A5BC013264000E2AA4B2C8D142
:104B20000135052DB1D14FF6FF73ADF800300023EC
:104B30008DF8023001F034FA40F00100ADF80400C5
:104B400002AB13E9030000F00BF8D4E703B0BDE8B3
:104B5000F08F00BFAC0E0020AE0E00205E0F0020D4
:104B60001FB56C4684E803009DF802300BB100F0DD
:104B700093FF0023ADF80E3094E8030004AB0290DD
:104B8000ADF80C1013E9030004B0BDE8104000F0CC
:104B900017BD008800F0D2BE10B50446002841D0F1
:104BA000031FDBB2A02B11D81F4B0146186801F080
:104BB000D9F820B1204600F0F9FE00F0B3FF2046FE
:104BC00000F0ECFEBDE8104000F0ACBF00F12003A7
:104BD000DBB2072B07D800F007040120A040C0B2C9
:104BE00000F034FFEEE700F15B03DBB2022B05D8E7
:104BF0002438BDE8104080B2FFF7DCBE00F1580356
:104C0000DBB2162B06D8094ABDE8104032F8130073
:104C1000FFF7E0BEEF2805D9FEF784FFBDE810409E
:104C2000FFF754B810BD00BFA00C0020309800085A
:104C300008B590B3021FD2B2A02A05D800F0B6FE84
:104C4000BDE8084000F06EBF00F12002D2B2072A92
:104C500007D800F0070301209840C0B200F0FEFE24
:104C6000EEE700F15B02D2B2022A04D8BDE80840A8
:104C70000020FFF79FBE00F15802D2B2162A04D8D6
:104C8000BDE808400020FFF7A5BEEF2805D9FEF7D4
:104C9000A7FFBDE80840FFF719B808BD38B50546BD
:104CA0000C46FFF779FF24B92846BDE83840FFF7E6
:104CB000BFBF6420013C02F0E6F9A4B2F3E7392853
:104CC0000CBF50210021FFF7E9BF08B528B100F063
:104CD000BDFEBDE8084000F025BF08BD08B528B1FD
:104CE00000F0BCFEBDE8084000F01CBF08BD2DE987
:104CF000F3478679857880460C4600F075FE3609C4
:104D00000746A0B12F4695B1C4F3072303F0F00383
:104D1000402B04D004F12003DBB2072B1ED9022064
:104D200000F050FF00F060FE80F00100C7B2C4F355
:104D30000339B9F10F0F3FD8DFE819F01200120064
:104D400063006300AF00C6003E003E00D0002C01AF
:104D50003C013C0191013E003E009A010027E6E73C
:104D6000C4F30723C4F3032613F0F00F18BF360172
:104D7000E4B295B156B104F12003DBB2072B304603
:104D800000D93CB900F062FE00F0CCFE2046FFF7EF
:104D900003FF11E000F070FEF6E72046FFF748FF42
:104DA00056B104F12003DBB2072B304600D92CBBEF
:104DB00000F054FE00F0B6FEA9F10809B9F1030FA6
:104DC00003D8FFF7CDFDFEF74BFB002F00F0578116
:104DD00000F002FE10F0010040F0518188F802005E
:104DE00000F0F2FD00F00CFD404600F05EF900F02E
:104DF000EBFD02B0BDE8F04700F00CBD00F044FE52
:104E0000D8E7C4F3072303F0F003C4F3032A202BED
:104E1000E4B218BF4FEA0A1A64B1012C28D07DB35E
:104E20004EB398F80630D907B0D56FF3071388F85A
:104E3000063020E095B13EB900F04AFE40EA0A0093
:104E4000C0B2FFF742FFB7E7012EF5D100F040FEF8
:104E500040EA0A00C0B200F047FEADE72EB900F00C
:104E600055FE5046FFF73AFFA6E7012EA4D0F6E71D
:104E70001DB1052EA0D85046E3E7042E9CD8F0E7DC
:104E8000002EEED0392C0CBF4FF4FA50012002F066
:104E9000FAF82046FFF7CCFE8EE714F4406FC4F317
:104EA000812307D0012B87D165B1C4F30900FFF737
:104EB00091FD81E725B1C4F30900FFF77BFD7BE796
:104EC0002846FAE72846F2E7E0B225B1FEF72AFEC7
:104ED000FEF7FCFE70E7FEF783FEF9E714F4407F6F
:104EE00027D1002D7FF468AFC4F34210E2064FEAE9
:104EF000800048BF0F25C0B248BF854004F00F03B3
:104F0000C4F3812448BFED438340022C45EA0300EB
:104F100009D0032C0AD0012C02D000F037FC4BE75B
:104F200000F02CFC48E700F039FC45E700F023FCDA
:104F300042E7C4F3012215B302F00103002B3FF452
:104F40003BAFC4F342108000C2B204F00F0000FA7D
:104F500002F114F010001CBF0F2303FA02F0C4F397
:104F6000812414BFC3430346022C43EA01000BD043
:104F7000032C0CD0012C04D000F06AFC1CE7530871
:104F8000DCE700F05DFC17E700F06AFC14E700F0D6
:104F900013FC11E7E6B2C4F3032425B1204600F068
:104FA0002FFC30464DE73046FFF798FE204600F0D4
:104FB00031FC01E75FFA84FAAAF1F003042B39D837
:104FC000DFE803F0030E151A23003DB1042E3FF66F
:104FD000F3AEC4F3042000F029FCEDE6052EF6E75D
:104FE000C4F30420002DE2D000F00AFCE4E6C4F390
:104FF0000420002DF8D0DAE725B1C4F3042000F036
:10500000F9FBD9E600F0E4FBD6E64DB1C4F3042089
:10501000019000F0F5FB0198032100F0AFFDCBE615
:10502000012000F0CFFD012E7FF6C6AE022000F079
:10503000C9FDC1E62DB10EB15046A8E6C4F3042067
:10504000D2E74EB1BAF1390F0CBF4FF4FA5001203C
:1050500002F019F850461DE7C4F30420A7E7C4F393
:105060000322E1B24046FEF703FA00F017FBA3E685
:10507000C4F30322E1B24046FEF7FCF99CE602B01D
:10508000BDE8F08713B501880446807800F062FC23
:105090000146019100F0ECFB00F06CFB0199204609
:1050A00002B0BDE81040FFF722BE13B58388028826
:1050B000ADF804200446CBB1BDF804204FF6FF73D1
:1050C0009A4213D0FEF7F1F850B900F08DFC68B1A8
:1050D000A3785BB1022002B0BDE8104000F072BDC1
:1050E0002046FFF7CFFF2046FEF7A2F802B010BD22
:1050F00008B50020FFF75EFC0020FFF76BFC00F016
:10510000CBFC00F0DFFC00F00DFDFEF7BDFEBDE8BE
:105110000840FEF7DBBD08B500F050FCBDE80840D4
:10512000FFF7E6BF08B500F0A1FCBDE80840FFF7B7
:10513000F2BFC0F30332023AC3B20D2A1CD8DFE833
:1051400002F007071B1B141B1B1B0707181B1B1850
:10515000F02B13D004D8E72B8CBF00200120704720
:10516000F42B14BF002001207047E72B06D9F12B48
:10517000F7E7C0F3C0207047002070470120704758
:1051800007B5ADF80400019800F0D8FB03B05DF856
:1051900004EBFFF7CEBF82B002AB03E9030002B01D
:1051A000704782B002AB03E9030002B07047000011
:1051B00070B5094B094E1C78094D3378A34200D1D4
:1051C00070BD05EBC40355F8340059680134FFF78E
:1051D000E8FF04F00704F0E7030F0020020F0020AF
:1051E000C20E0020024B18685968FFF7DABF00BFF3
:1051F000BA0E0020214BF7B59A7912F0F00F0AD1C0
:105200009A7842B11E4A1F4E12781F4D4FF6FF7713
:105210003178914201D103B0F0BD98881988ADF87A
:10522000041038B389B2B94224D005EBC20493F814
:1052300001C061788C451DD193F800C015F832107B
:105240008C4517D1A178A9B9A188091A89B2C729B3
:1052500010D899790948012262F307119971A3794D
:1052600062F30713A371FFF720FF03B0BDE8F0401E
:10527000FFF79EBF013202F00702C9E7BA0E002015
:10528000030F0020020F0020C20E00202DE9FF476F
:10529000C74F0446B9880068009038882378627840
:1052A00094F80280B4F804A0ADF80800EC463D463E
:1052B000002900F0D48080B24FF6FF7E704500F0E8
:1052C000CE80BE78002E00F0CA80AAEB0101B8792A
:1052D00089B2C72900F0F00900F293803988ADF84F
:1052E0000810B9F1000F4BD17145C1461BD08DF8A4
:1052F00000308DF80120BDF800C08C4513D1B8F105
:10530000000F40F01C81012363F30710B871FFF711
:1053100069FF3846FFF7C9FEBB79A3710026304606
:1053200004B0BDE8F087BAF1000F40F00C81B8F18D
:10533000000FF3D0AB7943F00103AB71EEE700EB64
:10534000C10595F801C0944506D110F831C09C45BF
:1053500002D1AD78002DE1D1013101F0070106E164
:1053600010F4706F02D0002B00F020812033DBB2EC
:10537000072B40F21B812046FFF797FEB14615E14F
:10538000714515D08DF800308DF80120BDF800C0B2
:105390008C450DD1B8F1000F0AD1A0712046FFF75E
:1053A00084FE23683B6063687B60FFF71BFFB6E702
:1053B0008DF800308DF801200098FFF7E1FEE0B194
:1053C000B8F1000F19D0AB791F2B0CD92A88ADF892
:1053D000082002A800228DF80A20ADF80CA08DF854
:1053E0000E30FFF762FE23682B6063686B60FFF787
:1053F00001FFFFF7F7FE012691E72046FFF755FE74
:10540000F9E7B9F1000F15D18DF800308DF80120C2
:105410008DF80280ADF804A09CE80300FFF7BBFE06
:105420003846FFF742FEC7F80090C7F80490FFF730
:10543000D9FEBBE08DF800308DF801203988BDF829
:1054400000C08C45B4D1B8F1000FB1D1A071204695
:10545000FFF72BFEC7F80080C7F804805FE72888B5
:10546000ADF80800002951D086B24FF6FF70864291
:105470004CD0AE78002E49D1AAEB010189B2C729E0
:1054800035D84646002EB8D08DF800308DF8012072
:105490002988BDF800308B421CD1AB79DA0714D4CF
:1054A00013F0F00211D0F02AA37106D0DBB2C3F3DF
:1054B0000312013262F30713A3712046FFF7F5FDD3
:1054C00023682B6063686B606FE723682B606368F9
:1054D0006B6024E70098FFF753FE002883D1AB7977
:1054E000204643F00103AB71FFF7DFFD17E78DF8AE
:1054F0000280ADF804A08DF800308DF801209CE802
:105500000300FFF748FE2E606E604EE7B8F1000F13
:105510003FF473AF8DF800308DF801200098FFF74D
:105520002FFE064600283FF468AF23682B606368AF
:105530001F486B60FFF72DFBFFF75CFE35E7BAF104
:10554000000F3FF4F7AE8DF808308DF80920BDF854
:1055500008004FF6FF7188423FF4E9AEB8F1000F42
:105560007FF4E8AE13481449077809781348B94224
:105570007FF4E5AE8DF800308DF80120009800F042
:10558000DDF9C0F30332012AC3B27FF6E9AE0E3271
:1055900002F00F02012A3FF6EEAE10F4706F3FF4F6
:1055A000E5AEA27912F0F00F7FF4E0AE4E46B6E61B
:1055B000BA0E0020020F0020030F0020C20E0020B0
:1055C000F0B587B06D4685E803002846FFF75EFE1C
:1055D0002E4F2F4E044688B1BDF80430BDF8002090
:1055E000ADF8102043B192B24FF6FF739A4203D048
:1055F00095E80300FFF7D5FD264C41E095E8030050
:1056000004AB83E80300BDF80410BDF81020ADF82A
:105610000C200029F0D01FFA82FC4FF6FF7294454F
:105620003D783078E8D06A1C02F0070282420DD043
:10563000184CADF8141003CB04EBC50C44F835003E
:105640003A70CCF80410FFF7B3FDD5E7FFF76AFD19
:10565000114B3C7034701C605C60CDE704EBC00003
:10566000FFF714FE80B1337804EBC30254F8330023
:105670005168FFF796FD3378013303F00703337069
:1056800030783B788342E9D107B0F0BD020F0020AB
:10569000030F0020C20E0020BA0E0020F8B503460A
:1056A00060B1002501261C4614F8010B74283FD078
:1056B0000BD802282DD002D8012812D0F8BD031F24
:1056C0006F2BFBD8FFF768FA1AE075283AD000F183
:1056D0007C03DBB26F2BF1D800F07F00FFF7A8FA54
:1056E0000EE09C1C5B7803F12002D2B2072A0ED890
:1056F00003F007039840C0B200F0D4F900F012FAAA
:105700002F46013FFFB2FF2F1FD12346CBE718469C
:10571000D8E758789C1C00F12003DBB2072BDDD8BA
:1057200000F0070006FA00F0C0B200F0C3F9E5E7A8
:105730005F789C1C013FFFB2FF2FE1D0642001F095
:10574000A2FCF7E75D789C1CDAE7642001F09BFC83
:10575000D7E7704708B5FFF7FCFF08BD08B5FFF7AE
:10576000F9FF034B1860BDE80840FFF7C1BC00BF5C
:10577000040F00207047FFF7F1BF0000024B1B68C9
:105780001843FFF7EBBF00BF040F0020024B1B685C
:105790001840FFF7E3BF00BF040F0020024B1B6857
:1057A0005840FFF7DBBF00BF040F0020704708B56B
:1057B000FFF7FCFF08BD000008B5FFF7F8FF034B3B
:1057C0001860BDE80840FFF793BC00BF080F002039
:1057D0000020FFF7F1BF0000054B1B681BB9B0FAB2
:1057E00080F04009704723FA00F000F00100704794
:1057F000080F0020012303FA00F0FFF7DDBF0000CF
:10580000012303FA00F0024B1B681843FFF7D4BFD3
:10581000080F0020012303FA00F0034B1B6823EA62
:105820000000FFF7C9BF00BF080F0020012303FAE3
:1058300000F0024B1B685840FFF7BEBF080F002066
:10584000024B1B681843FFF7B7BF00BF080F0020CB
:10585000024B1B681840FFF7AFBF00BF080F0020C6
:10586000024B1B685840FFF7A7BF00BF080F00207E
:1058700070470000C0F30723C3EBC30337B500EB49
:10588000430000F0070301229A40C0F3C4000A4B12
:1058900000EB8000D2B218440024057821FA04F30A
:1058A00043F300036B40134001346B40052C00F8B8
:1058B000013BF2D103B030BD0C0F0020C0F3072331
:1058C000C3EBC30313B500EB43000B4900F007041F
:1058D000C0F3C40000EB800000220144104611F820
:1058E000013BE34003F00103934001321843052AD2
:1058F000C0B2F4D102B010BD0C0F00200D4B73B537
:105900001E680D4BADF804001B681F241E4326FAC9
:1059100004F3DB07E5B205D4013CF8D200252846A4
:1059200002B070BD01992846FDF7ACFD80B2012898
:10593000F2D0F4E7080F0020040F002007B5ADF8FF
:1059400004000198FFF7DAFF019903B05DF804EB5A
:10595000FDF798BD13B5104BADF804101B782BB1B3
:10596000019802B0BDE81040FFF7E8BF70B10198A0
:10597000FFF7C4FF044601460198FFF77BFF01993A
:10598000204602B0BDE81040FDF77CBD0198FFF74E
:1059900095FF0446F3E700BFB80E0020024B014616
:1059A000186800F04BBA00BFA00C0020024B014663
:1059B000186800F05DBA00BFA00C0020014B186809
:1059C00000F070BAA00C0020024B93F90000C0F365
:1059D000C70070475A0F0020024B187800F00700EC
:1059E000704700BF5A0F0020034B187810F00700D3
:1059F00018BF0120704700BF5A0F0020064A537895
:105A0000C3F38001814205D060F382035370108894
:105A100000F01EB9704700BF64130020044B587893
:105A2000C0F3800080F0010000F00100FFF7E6BF46
:105A3000641300200120FFF7E1BF0020FFF7DEBF65
:105A4000014B1878704700BF5C0F0020024B1A789A
:105A500010431870704700BF5C0F0020024A137893
:105A600023EA0000107070475C0F0020014B0022F9
:105A70001A7070475C0F0020024B1A7810431870A0
:105A8000704700BF5D0F0020024A137823EA000030
:105A9000107070475D0F0020014B00221A70704794
:105AA0005D0F0020024B1A7810431870704700BF3A
:105AB000590F0020024A137823EA00001070704743
:105AC000590F0020014B00221A707047590F002017
:105AD000014B1878704700BF5B0F0020704708B576
:105AE000FFF7FCFF08BD0000064A5278520708B5D0
:105AF00006D4054A1178814202D01070FFF7EFFFFB
:105B000008BD00BF641300205B0F002008B5044BE4
:105B10001A781AB100201870FFF7E1FF08BD00BF26
:105B20005B0F002010B50D4B0D491B7809780D4C0B
:105B30000B430D49206809780B430C490370097821
:105B400031B10B43037000F0EFF808B1FFF7DEFF4F
:105B50002068BDE81040FEF70BBF00BF5C0F0020BF
:105B60005D0F0020A00C0020590F00205B0F0020CB
:105B7000704708B5FFF7FCFF08BD00000A4A5278DD
:105B8000520710B50CD4094C41EAC0012170FFF74F
:105B900037FE94F90000C0F3C700FFF7EAFF10BD1D
:105BA000BDE81040FFF72CBE641300205A0F002000
:105BB00008B5034B00201870FFF7DBFF08BD00BFDE
:105BC0005A0F002008B50C4A92F9003023EA000071
:105BD00040B21070420702D1DBB2834203D1074BBF
:105BE0005B785B0707D5C0F3C700FFF713FEBDE87E
:105BF0000840FFF7DDBF08BD5A0F002064130020E6
:105C00000020704708B5FEF759F9BDE808404FF687
:105C1000FF710020FEF7D9B908B50020FEF7B5F9ED
:105C20004FF6EA63C31A5842584108BD0220FEF7F6
:105C3000A1B90320FEF79EB910B50420FEF79AF92A
:105C400004462220FEF796F944EA002080B210BDF7
:105C500010B5C1B204460420FEF794F9210A2220AF
:105C6000BDE81040FEF78EB901460F20FEF7AFB930
:105C700001461320FEF7ABB90020FFF7F9BF08B5C6
:105C80000020FFF7F1FFFFF7F7FF08BD10B5FEF7A3
:105C900015F94FF6EA610020FEF797F9002102207E
:105CA000FEF770F9002103200024FEF76BF91A4B70
:105CB000214604201C60FEF765F921462220FEF7EC
:105CC00061F921460520FEF75DF921460620FEF721
:105CD00059F9FF210720FEF755F921460820FEF764
:105CE00076F921460D20FEF74DF921461820FEF7E2
:105CF0006EF921461720FEF745F921461C20FEF7D4
:105D000066F921462020FEF760F921461820FEF7AB
:105D10005EF9FFF7B4FF10BD040F0020FFF7B6BF18
:105D200001460E20FEF72EB90C4B1B78821C63B186
:105D30000B4B93F90030002BACBF06231E23002031
:105D4000013BDBB2FF2B02D170470623F7E712F8C5
:105D5000011B0029F4D00130C0B2F1E7FC0D002096
:105D600064130020F9B1124B1B78A3B1114B93F9C6
:105D70000030002B0FDAEF294FEAD10213D810447C
:105D8000012301F0070103FA01F18378194214BFDE
:105D9000012000207047831C083013F8012B8A4231
:105DA00003D08342F9D1002070470120704700BF23
:105DB000FC0D00206413002030B54FF0FF32841C2E
:105DC000002314F8015B8D420ED0B2F1FF3F02D1E7
:105DD000002D08BF1A460133DDB2062D5BB2F0D1AB
:105DE000531C01D01044817030BD10B5831C0022BB
:105DF000083013F8014B8C4208BF03F8012C834292
:105E0000F7D110BDEF294FEAD10308D8184401F0AB
:105E10000701012303FA01F1837819438170704768
:105E2000EF294FEAD10308D8184401F007010123F4
:105E30008B40817821EA03018170704710B40A4CCD
:105E4000247803460A4644B1084C94F90040002CDB
:105E500003DA5DF8044BFFF7D5BF5DF8044B11463C
:105E60001846FFF7A9BF00BFFC0D002064130020F7
:105E700010B40A4C247803460A4644B1084C94F9FD
:105E80000040002C03DA5DF8044BFFF7C9BF5DF852
:105E9000044B11461846FFF7A8BF00BFFC0D0020B9
:105EA00064130020094A1278831C4AB1084A92F907
:105EB0000020002A04DA1E2200211846FAF786BCC8
:105EC0000022C0F802209A80704700BFFC0D00201D
:105ED0006413002008B50020FDF7C2FAFCF730F982
:105EE000BDE8084040F2A46001F0CDB870477047AB
:105EF00010B5FFF7FBFFFDF71BFDFFF7F8FF0024D0
:105F0000E0B2FDF7A5FC18B90134052CF8D110BD9D
:105F10000120FCE708B5FFF7A9FDFFF7BDFDFFF77E
:105F20004DFDFDF7B1FF0020FEF744FD0020FEF718
:105F300051FDFEF715FDFDF793FAFCF704F908BDD6
:105F400008B5202383F3118801F0E8F9002383F3D7
:105F50001188014B186008BD600F0020FFF7F0BFEB
:105F600038B5202383F3118801F0D8F9002383F397
:105F70001188084B084C1968084A411A00254FF44B
:105F80007A70E0FB0145002320462946FAF702FA21
:105F900038BD00BF600F00209F860100A086010071
:105FA00008B5FFF7DDFF80B208BD10B50446FFF766
:105FB000D7FF001B80B210BD074B084A1A60BFF321
:105FC0004F8F0749074BCA6802F4E0621343CB6066
:105FD000BFF34F8F00BFFDE7FC9F0020EFBEADDE9B
:105FE00000ED00E00400FA050A4A08B552F8041C66
:105FF000094B99420DD1002342F8043C83F31488E5
:10600000064B1B6883F3088862B6054B1B689847EC
:10601000FEE708BD00A00020EFBEADDE00D8FF1FE8
:1060200004D8FF1F00207047014B1860704700BF65
:10603000A40C002010B5084A084C117824784B1C99
:1060400003F00F039C421DBF054C137060540020E9
:1060500018BF012010BD00BF8A1B00208B1B002031
:106060007A1B00207047000008B5202383F31188B5
:10607000034800F083FC002383F3118808BD00BFB0
:106080007C0D002038B5094C104622460D460021F3
:1060900042F8041F40EA0520194600F033FB206057
:1060A0006068002818BF204638BD00BF841000205B
:1060B00090F87A10074A0229137807D103F0FB03FE
:1060C000012B05D1044B52781A707047024A1370A5
:1060D000704700BFDA100020B810002013B5052962
:1060E0002ED8DFE801F0322D03322F39202383F33D
:1060F0001188214C214A0190012101F093FB204A93
:106100000198042101F08EFB94F8B410019804F179
:10611000440201F087FB94F8B510019804F168027D
:1061200001F080FB94F8B610019819B104F18C02CB
:1061300001F078FB134800F0ECFB002383F3118897
:1061400002B010BD0420FFF775FF202383F31188F0
:106150000C4800F0BBFBF0E7202383F311880948CB
:1061600000F0CCFB002383F31188052002B0BDE8CA
:106170001040FFF75FBF00BFA80C00206098000828
:10618000849800087C0D002013B504460748C268B7
:106190000B461AB1019100F09BFD019B044A034894
:1061A000214602B0BDE8104000F038BDA410002028
:1061B000B561000870B52023064683F31188037883
:1061C000042B03D0002383F3118870BD144B1B787C
:1061D000DB09F7D1134C2278002AF3D0124B1B783D
:1061E000002BEFD003899B0704D4104A0823012118
:1061F00001F06AFB0E4B247840F2E730A4FB034524
:1062000020184FF000014FF47A724FF0000345EB75
:106210000101FAF7BFF831468000FFF7B5FFD1E77B
:1062200064130020A0100020FC0D0020B9100020F5
:10623000A0860100F8B590F8743003F07F02212A9F
:10624000044674D113F0800F90F8750021D0022815
:1062500019D003280ED0012869D194F878302BB9D1
:10626000464AA2662022E2662367F8BD0023C4E9FD
:106270001A33F9E7B4F87830002B58D1404AA266B7
:106280000120E066F0E73F4BA3660120E0660023B3
:10629000EAE70A2842D00B280ED0092847D194F803
:1062A000783013F0FD0F42D1374BA3660223E3662B
:1062B000364B23670120D8E7B4F8783053BB94F805
:1062C00076502F4B002D14BF012100211970304B47
:1062D0001A7861F3C7121A701CD12A4B1A78CAB106
:1062E000202282F311881E782A4B40F2E730A6FB69
:1062F000036730184FF000014FF47A724FF000033B
:1063000047EB0101FAF746F821468000FFF73CFF12
:1063100085F311880023C4E91A33CAE71C49194BD5
:106320000D7894F877201A70ED09F3D1D7E7B4F817
:10633000742040F281639A4216D194F87920616802
:1063400094F878304D6894F8771043EA0223204699
:1063500094F87620A84708B9002086E74368A3662A
:106360000368E3660023A4E70B4B93F8B630002BD9
:10637000F2D02046BDE8F84000F0E2BAB9100020A3
:10638000FC0D0020A0100020DA100020B1600008F1
:1063900064130020A0860100A80C002070470000B4
:1063A00008B5102204480021FAF710FA034A002326
:1063B0001370034A137008BD7A1B00208A1B00204B
:1063C0008B1B0020F8B50C4C0C4E254630782378FA
:1063D0000B4F0021984202D101B12870F8BD1A4636
:1063E0000133BA5C052A03F00F034FF00101F1D12C
:1063F0002B70FFF78FFDE9E78B1B00208A1B002025
:106400007A1B002070B50446194800F10802826525
:1064100000F11C02C0F8802000F13002C0F8A0207A
:1064200000F1B001D43000F00FFA12494FF090455E
:1064300001F1240000F032FA4FF4805601224FF4AB
:1064400080514FF0904001F0D8FE0B486E8300F071
:106450001AFE0A49204601F0A5F940F202723146BF
:10646000284601F0CAFE064B0022DA6070BD00BF6C
:10647000A80C0020580D0020F0490200A898000840
:10648000A410002070B54FF0904504464FF480569C
:1064900001F09EF901224FF480514FF0904001F03D
:1064A000ACFE204605496E8301F07CF93146284652
:1064B00040F20272BDE8704001F09FBEA89800084B
:1064C000014B1878704700BFB810002070B520232A
:1064D000044683F31188204D2B78042B2E4625D1BA
:1064E0001E4A2B8992F90020002A23DA1C4A1278CE
:1064F00002B3DA0610D4202322460421164801F004
:10650000E3F9184B224604F1200152F8040B43F83A
:10651000040B8A42F9D109E0EB6958694FF0FF3169
:106520000C3000F0BDFD2B78042BE4D0002383F366
:10653000118870BD9B0703D4082322460121DDE7A3
:10654000336958694FF0FF310C3000F0A9FD337802
:10655000042BEBD1F0E700BF441E002064130020A1
:10656000FC0D0020B910002007B52023024683F35C
:1065700011880F4B1978042905D0002383F3118863
:1065800003B05DF804FB1989C9060AD5DB690190DF
:1065900058694FF47A710C3000F082FD0130019A95
:1065A000EBD003480623042101F08EF9E5E700BF94
:1065B000441E002013B5202383F31188094C217851
:1065C000042904D0002383F3118802B010BD0323F3
:1065D000ADF8050001AA20468DF8043001F074F9E9
:1065E000F0E700BF441E002013B5202383F3118879
:1065F000094C2178042904D0002383F3118802B0C8
:1066000010BDADF80500032301AA20468DF8041043
:1066100001F05AF9F0E700BF441E0020202910B411
:10662000034609D1064850F8D42F54680A46194643
:1066300023465DF8044B18475DF8044B704700BFD4
:10664000A80C002010B5084850F8D43F88B01C6A48
:10665000202200236946A04718B1C1B26846FDF761
:1066600025FE08B010BD00BFA80C0020FFF7BCBC81
:106670007047704708B5FFF7F9FF02F055FCFFF7C8
:10668000F7FF08BD08B502F091FCFFF7F2FF08BD67
:1066900038B500F01DFE00F07FFAFEF7C3F9FFF7F2
:1066A0007FFE1648154DFFF7ADFE41F2883000F031
:1066B000EAFCFEF7D3F91248FEF74CF92C46FFF737
:1066C00081FE2B78052B11D0FEF7D2F9FFF7BAFF28
:1066D000FEF7BEF9F3E7FFF7FDFBFFF709FC28B172
:1066E000204601F003F92046FFF7CCFE2378052B66
:1066F000F1D0FFF717FAFDF7E9FAE5E7441E0020AD
:10670000000E002010B5040A032C0FD007D8012C6E
:1067100023D0022C07D1124B5B20136010BD212C1B
:106720000DD0222C12D000200346F6E7C0B202287A
:10673000F9D80C4B0C4953F82030405CEDE70229A6
:10674000F1D80A4B092053F82130E6E70229EAD8AC
:10675000074B084853F82130EFE7074B1220DCE7DE
:10676000E3980008B8980008C4980008C898000882
:10677000D4980008E09800083E99000813B5446BCF
:10678000E36F1A681178042915D1217A022912D1F0
:106790001979128901238B4013420CD101A904F10C
:1067A000440000F0B1FE024628B1E46F019B21795C
:1067B000206801F089F802B010BD0C3000F036BE40
:1067C0004FF0FF330C3000F031BE443000F004BF16
:1067D0004FF0FF33443000F0FFBE0C3000F009BE34
:1067E0004FF0FF310C3000F004BE443000F0D4BE56
:1067F0004FF0FF32443000F0CFBE70B5C36F1A685F
:1068000011780429054601D0012070BD017A0229C2
:10681000FAD1187901238340508913EA0004F3D197
:1068200005F10C0000F0A0FD02460028ECD0EE6F50
:10683000AB6A30687179043B01F034F82046E4E734
:10684000406BFFF7DABF00007FB50346104A43F8FC
:10685000042B012643600F4B067202900193CB6814
:1068600000930D4604464B690A6A0C30314600F02D
:1068700059FD094B0193AB680093EA692B690294B7
:10688000314604F1440000F01CFE04B070BD00BFAE
:10689000A09A0008416800087D6700080B68202264
:1068A00082F311880A7903EB820290624A791132ED
:1068B00043F822008A7912B103EB82039862022323
:1068C0000372C167002383F31188704738B504460B
:1068D00001250221043000F089FC04F10C0025752B
:1068E0006FF0010100F00FFC84F84C5004F14400FB
:1068F0006FF00101BDE8384000F005BC10B5012182
:106900000446043000F072FC0023237584F84C30F8
:1069100010BD38B5044600250C3000F01AFD04F116
:106920004400257500F0E4FD201D84F84C50012141
:1069300000F05CFC2046BDE83840FFF75EBF000079
:1069400090F8743003F06003202B07D190F8752085
:10695000212A4FF0000303D81F2A06D800207047D1
:10696000222AFBD1C0E91A3303E0034A82660722D8
:10697000C266036701207047140E002073B5C36F11
:106980001A6811780429044627D1017A022924D1F2
:106990001979158901238B401D401ED100F1440651
:1069A000304600F061FEC0B1304601A900F0ACFDF8
:1069B000E36F1A7E06464AB101981A692946121AEF
:1069C0003044F9F703FFE36F1B690193E06F019B0C
:1069D00001790068324600F077FF02B070BDF0B573
:1069E00000EB810385B09E6A04460D46FEB120236C
:1069F00083F3118804EB8507301D082100F0F6FBB6
:106A0000FB685B691B6806F144001BB1019000F054
:106A100088FD019803A900F077FD024648B1039B69
:106A20002946204600F050FF002383F3118805B06B
:106A3000F0BDFB685A691268002AF5D01B8A013B39
:106A40001342F1D1F36F1B7E002BEDD104F17402E0
:106A5000E6E7113110B550F82140C4B1202383F38B
:106A600011880421601800F0C1FBE26F13685279AD
:106A700003EB820304F10C00DB689B69596800F0AA
:106A80007DFC2046FFF7B9FE002383F3118810BD7B
:106A900070470000024B034A1A60034A5A6070476D
:106AA0008C1B0020D01E002000A00020094B30B518
:106AB0001C684D1E224449422A440A405968104429
:106AC000814204D3844202D81860104630BD0022AF
:106AD000FBE700BF8C1B0020074B10B55C684942E8
:106AE000201A08401968821A914203D8944201D3AF
:106AF0005A6010BD0020FCE78C1B002008B5202345
:106B000083F31188FFF7D2FF002383F3118808BDB8
:106B100008B5202383F31188FFF7DEFF002383F3FA
:106B2000118808BD0448054B03600023C0E9013308
:106B30000C3000F041BB00BFF0100020116B0008CA
:106B400070477047FEE700001149F0B508200026A5
:106B5000D1E901340A681D46043AAC4210D8E21C5F
:106B6000D21ADD1E22F00302AC4238BF00221344C9
:106B7000CA689A4209D8013801F11001E8D1F0BD84
:106B800052F8047F45F8047BE7E743F8046BF0E72D
:106B9000C89A0008FEE7000010B5114C00F016F985
:106BA00000F02EF8FFF776FFFFF7BCFF00F0ECFADD
:106BB0000C498022204600F0FBF90B4BC3610123F6
:106BC00080F8203044F8180C00F034FB002383F3E5
:106BD000118862B60548BDE8104000F01FBA00BF3A
:106BE000281D0020789B000800040020509B00080E
:106BF00072B6014BD862FEE7F81C002000F0A4B882
:106C0000054B03F11C02C3E907224FF0FF310022BC
:106C1000C3E90912704700BFF81C0020F8B50D4603
:106C2000C0E90323044600F079FB022D2946274DD5
:106C30002A4638BF022152F81C3F93422E4617467F
:106C40000AD1A862C5E907440844C4E90033A16039
:106C5000BDE8F84000F051BBD5F828C0A0EB0C020D
:106C600089180D4627D34FF0000E9D68AA421DD803
:106C7000BB420CEB020EACEB000018BFAA1AC6F820
:106C800028E001EB000518BF9A60F3699A68AA42F0
:106C900019D35A682360626014605C60A5609A68CA
:106CA000551B9D604FF0FF337362F8BDC3F808E0D9
:106CB000521B1B68D9E79B689942E6D20CEB010096
:106CC00000F028FBE1E71B68AD1ADFE7F81C0020A5
:106CD0001C4AD169814238B50368154602F11C048B
:106CE0000DD04268136003685A60A3424FF000025F
:106CF000C26003D09A6881680A449A6038BDD36143
:106D0000A3424FF000025C60CA6003D1BDE8384086
:106D100000F0FBBA9A688968AC6A0A449A6000F08D
:106D2000FDFAEB699B68021B9342E7D91C44201AC9
:106D30000128A86A98BF931C1844BDE8384000F0A9
:106D4000E9BA00BFF81C00202DE9F84F1E4C0027BF
:106D5000E56904F11C06B84600F0E0FAA36AAA68E7
:106D6000A0EB03094A451CD84FF0200AAA68A36A81
:106D7000D5F80CB01344A3622B68B3425E60A9EB54
:106D80000209E361EF6001D100F0BFFA88F31188D6
:106D90002869D8478AF31188E569AB684B45E5D97E
:106DA000DAE7E269B2420DD09168A0620B441B1A87
:106DB0009360AB68022B2CBFC0180230BDE8F84FBF
:106DC00000F0A8BABDE8F88FF81C0020034B0022A1
:106DD000C3E90033C3E904339A607047F81C00200C
:106DE000002380F820308268054B1B689968914227
:106DF000FBD25A680360426010605860704700BF61
:106E0000F81C002008B5202383F3118890F8202077
:106E10000023072A07D8DFE802F00C060604130F48
:106E20000613426A13604FF0FF334362FFF7D8FF47
:106E3000002383F3118808BD426A9368013393608D
:106E4000D0E9003213605A60EDE70000002380F8BB
:106E500020308268054B1B6899689142FBD85A68BC
:106E60000360426010605860704700BFF81C00204B
:106E700038B50D4CA569226885F82000116821609D
:106E80004C600121A26182F82010EFF30982E969C8
:106E9000643A914202D90548FFF7AAFEA069294643
:106EA000BDE83840F9F75CBAF81C0020689B000880
:106EB00030B54B1C0B4D87B0044610D0AB690A4A65
:106EC00001A8FFF7ABFE2046FFF7D2FF049B13B1EA
:106ED00001A8FFF7FDFEAB69586A07B030BDFFF7A8
:106EE000C7FFF8E7F81C0020056E000870B5114ECA
:106EF0004162B36981689A689142044603D8BDE84B
:106F00007040FFF76DBF1846FFF7A0FF012305464D
:106F1000B46184F82030EFF30983C269643B9A427C
:106F200002D90548FFF764FE29462046BDE87040B7
:106F3000F9F716BAF81C0020689B0008044B1A6881
:106F40009B6990689B68984294BF0020012070471D
:106F5000F81C002038B50E4C2368A0691A6822601E
:106F60005460012283F82020A361FFF76FFF0546DC
:106F7000EFF30983C269643B9A4202D90548FFF7DF
:106F800037FEA0692946BDE83840F9F7E9B900BFE6
:106F9000F81C0020689B000808B5FFF7CFFF18B168
:106FA000BDE80840FFF7D6BF08BDFFF7D3BF00001C
:106FB0008260C2630022C0E90D2202220284012203
:106FC00080F82220074A81615169026141610861AC
:106FD000506100F12802826200F12C02C0E90B220C
:106FE000704700BFF81C0020D0E9012343F82C2C87
:106FF000A3F1AC0243F83C2C026943F86C2C4269C3
:1070000043F8682C044A016843F84C2CC268A3F189
:107010004800FFF7CDBF00BF7903000810B520235B
:1070200083F31188FFF7E0FF00210446FFF75EFFBE
:10703000002383F31188204610BD000038B50E4BA5
:107040009C69606204F12805A06AA8420FD194F8F7
:1070500022303BB994F821309B0702BFD4E90432B7
:1070600013615A61BDE838400F20FFF701BF036884
:10707000A362FFF7B5FEE7E7F81C0020202383F3A7
:107080001188FFF7DBBF08B50146202383F3118881
:107090000820FFF70DFF002383F3118808BD0000CF
:1070A000054B9B6921B1036058620320FFF700BFC5
:1070B0004FF0FF30704700BFF81C002003682BB171
:1070C0000022026059621846FFF78ABE704700002E
:1070D00049B1064B42689B6918605A60136043606F
:1070E0000420FFF7E5BE4FF0FF307047F81C00208A
:1070F0000368984206D01A680260506059621846C8
:10710000FFF76EBE704738B504460D4620688442CE
:1071100000D138BD036823605C604562FFF760FE04
:10712000F4E700234FF0FF32C0E90023C0E9023347
:1071300000220023C0E9042370470000014B5B6874
:1071400083607047001000E00D4A0E4B516FC2681B
:107150005B68013230B5C260D0E9044582685B1AD1
:107160009B1A42688360E41845F100059342026867
:1071700088BF43609342C0E9044538BF036030BD17
:10718000F81C0020001000E030B50A4C87B0002346
:1071900068466367FFF7C5FF04256846FFF7CEFF23
:1071A0006846FFF7D1FF013DF7D1009B636707B049
:1071B00030BD00BFF81C00200023C0E90000836040
:1071C0007047436B194390F8203041630A2B03D179
:1071D000436A194205D170470B2B06D1436A8B4392
:1071E00003D100234362FFF7FBBD704770B504680D
:1071F00006460D46B44200D170BDE3682B43E36000
:1072000015B123691D4203D0D4E90101FFF7D9FF6D
:107210002468EFE7EFF3098305494A6822F0010289
:107220004A60683383F30988002383F31188704729
:1072300030EF00E0202080F3118862B60B4B0C4A3F
:10724000D96821F4E0610904090C0A430949DA60AC
:10725000CA6842F08072CA6007490A6842F00102B7
:107260000A601022DA7783F82200704700ED00E010
:107270000003FA05F0ED00E0001000E010B5202357
:1072800083F311880E4B5B6813F4006314D0F1EEA6
:10729000103AEFF30984683C4FF08073E361094BC7
:1072A000DB68236684F30988FFF748FE10B1064BBC
:1072B000A36110BD054BFBE783F31188F9E700BF1D
:1072C00000ED00E030EF00E08B0300088E030008C3
:1072D00008B500F0D9FD00F08FFF00F0E3F900F0F1
:1072E000EBF900F00CFA00F04CFAFFF7CBF9BDE82F
:1072F000084000F000B801F0C5B94FF0804300220B
:1073000058631A610222DA6070474FF0804300220E
:10731000DA6070474FF08043586370474FF0804306
:10732000586A704730B5039C0172043304FB03258F
:10733000C0E90653049B03630021059BC160C0E9BB
:107340000000C0E90422C0E90842C0E90A11436311
:1073500030BD416A0022C0E90411C0E90A22C260BE
:107360006FF00101FFF7CFBED0E90432934201D1A3
:10737000C2680AB9181D7047002070470369196078
:10738000C2680132C260C2691344826903619342D8
:1073900024BF436A03610021FFF7AABE38B5044643
:1073A0000D46E3683BB16269131D1268A362134482
:1073B000E362002007E0237A33B929462046FFF72D
:1073C00087FE0028EDDA38BD6FF00100FBE7C368E7
:1073D000C269013BC36043691344826943619342BC
:1073E00024BF436A436100238362036B03B11847E0
:1073F000704770B52023044683F31188866A3EB92E
:10740000FFF7CCFF054618B186F31188284670BDFA
:10741000A36AE26A13F8015BA362934202D3204697
:10742000FFF7D5FF002383F31188EFE72DE9F84F2D
:1074300004460E4690469946202787F3118800257A
:10744000AA46D4F828B0BBF1000F09D1494620461E
:10745000FFF7A4FF20B18BF311882846BDE8F88F11
:10746000D4E90A12A8EB050B521A934528BF93469C
:10747000BBF1400F1BD9334601F1400251F8040B18
:1074800043F8040B9142F9D1A36A40334036A3621A
:107490004035D4E90A239A4202D32046FFF797FFEA
:1074A0008AF311884545D8D287F31188C9E7304659
:1074B0005A46F9F7F1F8A36A5B445E44A3625D445F
:1074C000E7E710B5029C0172043304FB0321C0E915
:1074D00006130023C0E90A33039B0363049BC460C3
:1074E000C0E90000C0E90422C0E90842436310BDBE
:1074F000026AC260426AC0E904220022C0E90A228C
:107500006FF00101FFF7FFBDD0E904239A4201D1DA
:10751000C26822B9184650F8043B0B60704700203F
:107520007047C368C2690133C36043691344826909
:107530004361934224BF436A43610021FFF7D8BDF2
:1075400038B504460D46E3683BB123691A1DA262B3
:10755000E2691344E362002007E0237A33B9294645
:107560002046FFF7B5FD0028EDDA38BD6FF00100C9
:10757000FBE703691960C268013AC260C26913443B
:1075800082690361934224BF436A036100238362DB
:10759000036B03B11847704770B520230D460446AE
:1075A000114683F31188866A2EB9FFF7C9FF10B11F
:1075B00086F3118870BDA36A1D70A36AE26A013365
:1075C0009342A36204D3E16920460439FFF7D1FF57
:1075D000002080F31188EDE72DE9F84F04460D46B1
:1075E00091469A464FF0200888F311880026B3464A
:1075F000A76A4FB951462046FFF7A2FF20B187F393
:1076000011883046BDE8F88FD4E90A073A1AA9EB89
:107610000607974228BF1746402F1BD905F14003A4
:1076200055F8042B40F8042B9D42F9D1A36A40334E
:10763000A3624036D4E90A239A4204D3E169204682
:107640000439FFF796FF8BF311884E45D9D288F3A2
:107650001188CDE729463A46F9F71EF8A36A3B445C
:107660003D44A3623E44E5E7D0E904239A4217D1A2
:10767000C3689BB1836A8BB1043B9B1A0ED0136025
:10768000C368013BC360C3691A44836902619A42BB
:1076900024BF436A036100238362012318467047B5
:1076A0000023FBE700F088BC012303700023C0E93E
:1076B00004331830FFF780BD01F024B801230370B4
:1076C00000234360704710B52023044683F31188DC
:1076D000416001F03FF802232370002383F31188F7
:1076E00010BD0323037001F0B9B808B5202383F35C
:1076F0001188FFF7F6FF002383F3118808BD00F01F
:10770000EDBE01230370002343600C30FFF754BD2E
:1077100010B52023044683F31188416000F0EEFE8B
:1077200002232370002383F3118810BD7FB5044624
:10773000202585F311880326067000250A9E8560A2
:107740000296099E0196089E009600F031FF431CA8
:1077500014BF02230523237085F3118804B070BD84
:1077600010B5044690F8763080F87E3001F02EFA9D
:1077700063681B6813B101212046984703232370D7
:1077800010BD01F001BA012303700023436000F132
:107790002C0200F1480142F8043B8A429361FAD17D
:1077A0008360704738B50446202383F31188002591
:1077B000C0E90355C0E90555C0E90755C0E90955B9
:1077C000416001F09DFA0223237085F3118838BDD2
:1077D00070B52023044683F31188254601F0DAF9B9
:1077E00000260123666005F80C3B2C3455F8043B59
:1077F0007BB1586920B16FF001010C30FFF75EFCDE
:1078000055F8043C986920B16FF001010C30FFF786
:1078100055FCA54245F8046CE8D1FFF7BDFB86F3A3
:10782000118870BD70B500EB810305465069DA60C0
:107830000E46144618B114220021F8F7C7FFA069BC
:1078400018B114220021F8F7C1FF31462846BDE8DF
:10785000704001F0C5B9F8B5836803F00113044620
:10786000836000F1100500F12C06002755F8043B59
:107870007BB1586920B16FF001010C30FFF71EFC9D
:1078800055F8043C986920B16FF001010C30FFF706
:1078900015FCB54245F8047CE8D12046BDE8F84027
:1078A00001F054BAF0B400EB81044789E468012583
:1078B000A4698D403D43458123600023A26063603D
:1078C000E360F0BC01F08CBAF0B400EB81040789EE
:1078D000E468012564698D403D43058123600023F0
:1078E000A2606360E360F0BC01F09CBA10B503785D
:1078F000052B0BD1064C236C43F010032364C820E6
:10790000FFF7C1FB236C23F01003236410BD00BFFD
:10791000005C00402DE9F04102230025044603707D
:10792000C567856000F10C0600F12C074FF02008B8
:1079300056F8043BABB188F3118856F8043C5869FB
:1079400020B16FF001010C30FFF7B8FB56F8043C92
:10795000986920B16FF001010C30FFF7AFFB85F3A0
:107960001188BE4246F8045CE2D184F86450204697
:1079700001F0A8F963681B6823B120460021BDE827
:10798000F0411847BDE8F081F8B5037880F8803001
:107990000523037043681B6804460BB10421984714
:1079A0000026A66004F10C0520272C3455F8043B72
:1079B000ABB187F3118855F8043C586920B16FF0DA
:1079C00001010C30FFF77AFB55F8043C986920B1AF
:1079D0006FF001010C30FFF771FB86F31188A542AF
:1079E000E4D1F8BD90F88020436802701B680BB1A9
:1079F000052118477047000070B590F864300446C0
:107A000013B1002380F8643004F17402204601F0C1
:107A1000CDF963689B68B3B994F8743013F06005CE
:107A200039D00021204601F031FA0021204601F032
:107A30001BFA63681B6813B106212046984706238A
:107A400084F8643070BD204698470028E4D094F84C
:107A50007B2094F87A3043EA0223E26E9A4288BF90
:107A6000E36694F97430E56E002B4FF0200380F24A
:107A7000F580002D00F0E480092284F8642083F36F
:107A800011880021D4E91A232046FFF71DFF0023A7
:107A900083F31188D6E794F8752003F07F0343EA57
:107AA000022340F20232934200F0B78021D8B3F5AE
:107AB000807F4DD00DD8012B44D0022B00F0858063
:107AC000002BAED104F17C02A2660222E26623679B
:107AD000BDE7B3F5817F00F08D80B3F5407FA0D185
:107AE00094F87630012B9CD1B4F87C3043F002033B
:107AF00037E0B3F5006F3ED01CD8B3F5A06F36D099
:107B0000A3F5C063012B8CD894F87920616894F8B0
:107B100078304E6894F8771043EA0223204694F8B0
:107B20007620B04700283FF47CAF4368A366036823
:107B3000E3661AE0B3F5106F22D040F6024293429A
:107B40007FF46FAF524BA3660223E3660023BEE7C8
:107B500094F87630012B7FF464AFB4F87C3023F0D6
:107B60000203C4E91A55A4F87C3025676FE7C4E91D
:107B70001A55484BABE704F17F03A3660123D7E70F
:107B80002378042B10D1202383F311882046FFF79C
:107B900062FE85F311880321636884F87F502170A9
:107BA0001B680BB12046984794F876304BB184F8A7
:107BB0007F300423237063681B6813B102212046C1
:107BC00098470023C4E91A3381E794F878301D06FA
:107BD00003F00F0120460AD501F0DAF8012804D09D
:107BE00002287FF41EAF2C4BADE72C4BABE701F026
:107BF000C1F8F3E794F87630002B7FF412AF94F8D5
:107C0000783013F00F01DCD01A06204602D501F0BF
:107C100065F9D6E701F04CF9D3E794F87630002BFC
:107C20007FF4FFAE94F8783013F00F01C9D01B0633
:107C3000204602D501F02AF9C3E701F015F9C0E7A3
:107C4000142284F8642083F311882B462A4629469F
:107C50002046FFF727FE85F31188F3E65DB1152274
:107C600084F8642083F311880021D4E91A23204684
:107C7000FFF718FE0BE70B2284F8642083F31188CA
:107C80002B462A4629462046FFF71EFEE3E700BFA3
:107C9000929B0008617700088E9B0008909B00086B
:107CA00038B590F864300446002B42D0063BDAB277
:107CB0000F2A38D80F2B36D8DFE803F03B353508CC
:107CC000263635353535353535353B3B90F87B1027
:107CD00090F87A20C36E42EA0122934214D2C2681D
:107CE000128AB3FBF2F502FB15356DB9202383F33D
:107CF00011882B462A462946FFF7E6FD85F31188B1
:107D00000A2384F864300EE0142384F864302023BE
:107D100083F3118800231A4619462046FFF7C2FD57
:107D2000002383F3118838BD036F03B19847002304
:107D3000E7E70021204601F0A9F80021204601F0E4
:107D400093F863681B6813B1062120469847062301
:107D5000D7E710B590F86430142B044629D017D813
:107D6000062B05D001D81BB110BD093B022BFBD857
:107D70000021204601F08AF80021204601F074F825
:107D800063681B6813B1062120469847062319E053
:107D9000152BE9D10B2380F86430202383F311885D
:107DA00000231A461946FFF78FFD002383F311883D
:107DB000DAE7C3689B695B68002BD5D1036F03B119
:107DC0009847002384F86430CEE700F1604303F560
:107DD00061430901C9B283F80013012200F01F03B7
:107DE0009A4043099B0003F1604303F56143C3F8E4
:107DF00080211A607047000000F01F030121420932
:107E00009940044B2032184443F82210002380F894
:107E10000033704700E100E0FFF730BAFFF72EBAF9
:107E2000FFF72CBAFFF72ABA062108B50846FFF774
:107E3000CCFF06210720FFF7C8FF06210820FFF727
:107E4000C4FF06210920FFF7C0FF06210A20FFF723
:107E5000BCFF06211720FFF7B8FF06212820FFF7F7
:107E6000B4FF07211820FFF7B0FF07211920FFF703
:107E7000ACFF07211A20FFF7A8FFBDE80840072143
:107E80001B20FFF7A2BF000010B5224CA26A62F4CB
:107E9000FC02A262A26A02F4FC02A2624FF0FF316D
:107EA000A26A226921612269002222612069E068B8
:107EB000E160E168E260E168E169174841F0805102
:107EC000E161E169016841F480710160216A01F4B6
:107ED0004071B1F5007F1EBF4FF4803323622262F0
:107EE000236A1B0407D4236A43F400732362236AC2
:107EF00043F40043236200F079F8FFF795FFA3698C
:107F0000064A43F00103A361A369136843F0200309
:107F1000136010BD001002400070004000000140DE
:107F2000224B1A6842F001021A601A689207FCD5C7
:107F30005A6822F003025A605A6812F00C02FBD110
:107F4000196801F0F90119605A601A6842F4803228
:107F50001A601A689003FCD55A6A42F001025A620C
:107F60005A6A9107FCD5124A5A604FF40452DA62F9
:107F700030221A631A6842F080721A601A689201FD
:107F8000FCD50C4A12211160116801F00701022989
:107F9000FAD15A6842F002025A605A6802F00C02A2
:107FA000082AFAD11A6B1A63704700BF001002400A
:107FB00000241D000020024038B5084C2046FFF781
:107FC00073FB0025064BA362E562064C2046FFF7D3
:107FD0006BFB054BC4E90A3538BD00BF701D00209E
:107FE000949B0008A01D0020B09B00080B4A0C4881
:107FF000002310B5C2E9003301214468236042F830
:10800000313001310D2900F11000F6D1054A4FF051
:10801000FF335360C2F8043410BD00BF0C110020C0
:10802000CC9B0008000002400B282DE9F84342D801
:10803000224C0125276885403D423CD1204E4FEA25
:10804000001906EB001801302F4344F8302004EBF0
:10805000C000276043606B0605D01A4B586940F09A
:10806000010058615B6915F4786F05D0154B5869AC
:1080700040F0020058615B695AB106EB0900626882
:1080800083681A4202D1C07BFFF79FFE63681D43DD
:10809000656006EB090156F809004B68497B1A68D0
:1080A00022F00F021A600E228A40426000221A60FB
:1080B0004046BDE8F8834FF00008F9E70C110020B6
:1080C000CC9B00080010024010B40468437B216878
:1080D0004268D940126801F00E010A420FD0827B3B
:1080E00001FA03F363600132064B53F8324034B1B6
:1080F00003EBC203586823465DF8044B18475DF84C
:10810000044B70470C11002008B50348FFF7DCFF53
:10811000BDE80840FFF7B2B8CC9B000808B503489B
:10812000FFF7D2FFBDE80840FFF7A8B8DC9B0008C6
:1081300008B50348FFF7C8FFBDE80840FFF79EB841
:10814000EC9B000808B50348FFF7BEFFBDE80840F8
:10815000FFF794B8FC9B000808B50348FFF7B4FF8D
:10816000BDE80840FFF78AB80C9C000808B5034832
:10817000FFF7AAFFBDE80840FFF780B81C9C000885
:1081800008B50348FFF7A0FFBDE80840FFF776B841
:108190002C9C000808B50348FFF796FFBDE808408F
:1081A000FFF76CB83C9C000808B50348FFF78CFF4C
:1081B000BDE80840FFF762B84C9C000808B50348CA
:1081C000FFF782FFBDE80840FFF758B85C9C000845
:1081D00008B50348FFF778FFBDE80840FFF74EB841
:1081E0006C9C000808B50348FFF76EFFBDE8084027
:1081F000FFF744B87C9C000870472DE9F74FC2F3A5
:10820000C31302F0030AC2F38009C2F3C108C2F328
:10821000411E0193574600224FF00F0BCB0737D575
:10822000019C02F007039B0004FA03FC012544684B
:10823000954024EA050444EA09044460856803245F
:10824000560004FA06F625EA060545EA08058560A3
:10825000C56825EA060545EA0E050BFA03F3BAF1EF
:10826000020F6FEA0604C5606FEA03031BD1072AF9
:1082700095BF056A456A2B402B4095BF43EA0C0326
:1082800043EA0C030362436203681C403C430460FE
:1082900049081AD04FEA49094FEA88084FEA8E0E7A
:1082A000BF000132BAE705682C403C43072A04604E
:1082B00095BF046A446A2340234095BF43EA0C03F8
:1082C00043EA0C0303624362E2E703B0BDE8F08FC8
:1082D000836A5B6830B5046B5968436862689B6861
:1082E000FF2988BFFF2122F0FF7243EA014322F4F5
:1082F000803294BF00254FF0807513432B4343F425
:108300008063636030BDD0E90B315B6840685A68B8
:108310004B68806810B523F0FF73FF2A23F4803385
:1083200094BF00244FF0807443EA000388BFFF220B
:10833000234343EA02434B6010BD00003F4838B579
:10834000046BA36903F0FE02D906E2612DD5C36A6E
:1083500059680A6822F00F020A605A7B19680E23D6
:1083600003FA02F24A60826A5568296821F00F0117
:1083700029601168527B93404B60836843F004038B
:108380008360636843F480436360236823F046039B
:108390002360202383F311886FF001011C30FEF766
:1083A0008DFE002383F3118806E01A060BD50378AF
:1083B000032B05D1FFF7A7FFBDE83840FEF75EBFEE
:1083C000FFF786FFF8E75B06F6D50178836A032995
:1083D0005A681BD1C36A5D68296821F00F012960C2
:1083E0005D7B19680E23AB404B605368BBB1FFF750
:1083F0006FFF836A5A68136843F001031360636870
:1084000043F40053636004230370D5E7116821F03F
:108410000F011160597B1A680E238B40536063680B
:1084200043F480436360236823F0400323602023E8
:1084300083F3118802480021B1E700BFD01D00205E
:10844000EC1D002038B5234B196B8A6902F47C506F
:10845000C861D96A4C68206820F00F002060487B12
:108460000C680E2101FA00F06060986A45682C687B
:1084700024F00F042C600468407B81406160D405C7
:1084800042BF996841F001019960900542BF996827
:1084900041F002019960510542BF996841F008011D
:1084A0009960D20499680ED541F02001996020238B
:1084B00083F3118808486FF00101FEF7FFFD0023E8
:1084C00083F3118801E00029F1D1BDE83840FEF7BF
:1084D000D5BE00BFD01D0020EC1D002010B5054CFE
:1084E0002046FFF70EF90023034AE361C4E90A338B
:1084F000226310BDD01D00200054004038B5056B2C
:108500002B6823F001032B600378012B044633D141
:108510008A239A22C0E90832234B98422CD1234B5C
:108520001A6942F400121A611A6922F400121A61DF
:108530001A69DA6942F40012DA61DB690022034643
:108540000A210620FFF770FD2346A06200220A21BF
:108550000520FFF769FD236AE06243F4805323623C
:10856000636A0A2143F480531F206362FFF72DFCE6
:108570000A212020FFF729FCA36A5B6805F1240289
:108580009A60E36A5B6805F128029A606268536842
:1085900043F4404343F090032B6013682B612B6836
:1085A00043F001032B6038BDD01D002000100240B5
:1085B0002DE9F047002704460E46056B876087F3D8
:1085C0001188C16A406A49680860CA604B60A36A42
:1085D000226A5B681A60089ADA60099A5A60FEF7A4
:1085E0009DFE4FF02009804641F2873A89F31188B9
:1085F000AB69190408D5FEF791FEA0EB08005045C1
:108600003DD887F31188F1E76268236B9268120501
:1086100058BF76005E602046FFF775FEE36A0A9950
:108620005A68136843F0010313602B6843F040035A
:108630002B606B6843F400536B6004F11C00FEF781
:108640002FFD431C19D16B6843F480436B60A36A10
:1086500059680A6822F00F020A605A7B19680E23D3
:1086600003FA02F24A60E26A5468216821F00F01BD
:1086700021601168527B93404B60BDE8F0874FF05A
:10868000FF30FAE70F4BDA6942F00102DA610E4A75
:10869000DB69936843F0010393604FF0804340F23D
:1086A000CF229A624FF0FF32DA6200229A615A6357
:1086B000DA605A6001225A6108211A601C20FFF713
:1086C00084BB00BF00100240002004E04FF0804255
:1086D00008B51169D3680B40D9B2C9439B07116132
:1086E00007D5202383F31188FEF788FA002383F34C
:1086F000118808BD08B5FFF7E9FFBDE80840FEF79F
:10870000BDBD00000B4808B50B4BC360FEF7D6FF9C
:108710000A480B4BC360FEF7D1FF0A480A4BC360FF
:10872000FEF7CCFF09480A4BC360BDE80840FEF7DE
:10873000C5BF00BF141E002000080040041E00201A
:1087400000100040341E002000140040241E0020B1
:108750000034014010B50378012B04465FD1394B3A
:10876000984214D1384BDA6942F00402DA61DA69CE
:108770001A6942F004021A611A6922F004021A61AD
:1087800007211E201B69FFF720FB304BA360304BF5
:108790009C4214D12C4BDA6942F01002DA61DA699A
:1087A0001A6942F010021A611A6922F010021A6165
:1087B000072136201B69FFF708FB244BA360254BDC
:1087C0009C4214D1204BDA6942F02002DA61DA6966
:1087D0001A6942F020021A611A6922F020021A6115
:1087E000072137201B69FFF7F0FA184BA3601A4BDB
:1087F0009C4214D1144B9A6942F400529A619A69CE
:10880000DA6842F40052DA60DA6822F40052DA6080
:1088100007212C20DB68FFF7D8FA0C4BA360D4E9C2
:1088200001130A68B3FBF2F3E2688C68013B9BB268
:108830000020106054609362CB68106123F0FF0346
:10884000D36010BD141E00200010024000A24A0494
:10885000041E0020341E0020241E0020C3680122B4
:108860000139D9625A6100225A621A61426852681B
:108870001AB1DA6842F00102DA6085221A607047A4
:10888000C36800221A601A61DA6822F0FF02DA6017
:108890007047C26810B51469D3682340DCB2E44362
:1088A000DB07014614610DD50378042B03D10223A5
:1088B0000370FFF7E5FF4B685B681BB1BDE8104034
:1088C0000846184710BD000008B50348FFF7E1FF50
:1088D000BDE80840FEF7D2BC141E002008B50348CE
:1088E000FFF7D7FFBDE80840FEF7C8BC041E002014
:1088F00008B50348FFF7CDFFBDE80840FEF7BEBC52
:10890000341E002008B50348FFF7C3FFBDE8084048
:10891000FEF7B4BC241E00200C4B1B6D03F18043FA
:1089200003F5C04303EB001011440368426003F1F8
:10893000005303F540535B00002AA1EB020000DC6A
:108940007047008843F8040B023AF5E7005C0040EA
:108950002DE9F84F894D6C6C670505D56FF4806380
:1089600087486B64FEF7D6FF260509D52B6C844833
:1089700043F008032B646FF400636B64FFF704F8A3
:10898000E0040DD57D4DAB6C190406D42B6C7C48EE
:1089900023F008032B64FFF725F86FF480536B6412
:1089A000A20508D576484368DB6803B19847734B46
:1089B0006FF400725A64724D724E230403D4BDE802
:1089C000F84FFEF75BBC04F00F04A70007F18047E7
:1089D00007F5B84704F10209D7F800A005EB8903B1
:1089E0001AF0800FD3F8048025D03A68D8F81430F4
:1089F000324042F400423A6019695A6818680A44E1
:108A0000801A5A602DD0B8F81020824228BF024642
:108A100098681A61014499602046FFF77DFF3B6822
:108A200023F4F04323F0400383F0300343F4004386
:108A300043F080033B601AF4004F0FD03B68334093
:108A400043F080031AF4006F3B60E1B225D005EBE0
:108A500089092846D9F804305B689847474B5C6C15
:108A6000ABE7012303FA04F22B8923EA02032B81EB
:108A7000D8F8083013B1214628469847202383F3BD
:108A8000118805EB890300215B6858690C30FEF7FB
:108A900015FB002383F31188CDE7384BD8F8182055
:108AA0001B6DD2F808C003F1804303F5C04303EB0C
:108AB0000410E1468368D0F80CE003F10053CEF3D4
:108AC0000900CEF3480E03F540534FEA8E0A0AEB35
:108AD000430A5B00534509F1020939D16FF00109DE
:108AE00009FB0E09B9F1000F02D01B680CF81E300B
:108AF00093680344936053680344536013681B1ADC
:108B00001360138A013B9BB21382B8F81220824291
:108B100000D833BB012303FA04F26B89023423EA41
:108B200002036B8105EB84035B68DB680BB12846AD
:108B30009847202383F3118805EB840463689869C0
:108B400041680C30FEF7BAFA002383F3118885E7F9
:108B500053F804BB09F802BC4FEA1B2B09F801BC0F
:108B6000B8E73B6823F4904323F0700383F4405349
:108B700043F4004343F080033B606FE7005C004038
:108B8000441E00200F07FFFF0148FEF7FCBD00BF99
:108B9000441E002008B50378012B12D0094B9842DF
:108BA0000FD14A20FFF728F94B20FFF725F9064B94
:108BB00003221A6403F5DA33DA6922F40002DA6177
:108BC000DB6908BD441E0020005C004090F87E3048
:108BD000024A43F08003D364704700BF005C00404A
:108BE00000EB810370B5DD682B6803F00303032BF2
:108BF0005AD0002B0CBF4FF4007300232F4A146D82
:108C00006A6904F1804404F5C04404EB01146AB1BC
:108C1000002262602A8AD0F88460013222F00102C8
:108C20003244C0F8842043F020032660AA69C2B110
:108C30006D8A3E2D05F1FF3239D942F01F02204ED8
:108C40000132521146EA822292B2E260D0F88420C8
:108C5000013525F001051544C0F8845043F4005354
:108C6000A2608A0002F1804202F5B8421068440412
:108C7000106848BF43F48043400648BF43F04003B8
:108C8000194321F4784148F2800021F0F0010143BA
:108C900023F4F163116023F0070311685B045B0C9C
:108CA0004B400343136070BD4FF4C063A6E742F02E
:108CB00001020132520202F47C42C6E7005C00402D
:108CC0000080FFFF0C4A10B400218024116551641C
:108CD000D4644468E4688C420CBF4FF41C444FF4E5
:108CE0001E4414644022C0F88420044A5DF8044BFA
:108CF000C260FFF775BF00BF005C00408C9C00089D
:108D000038B501780129044619D10D4B984211D18B
:108D10000C4B0D4DDA6942F40002DA61DB6929641B
:108D20004A200D21FFF751F80E214B20FFF74DF897
:108D300000232B642046BDE83840FFF7C3BF38BD91
:108D4000441E002000100240005C00404023C0F898
:108D50008430012248F28000930003F1804303F540
:108D6000B84301321968082A41EA00011960186005
:108D7000F2D17047054B53F8210010F4405004D055
:108D8000B0F5805F14BF022001207047005C0040F6
:108D9000054B53F8210010F0300003D0102814BF09
:108DA00002200120704700BF005C00400B4B1B6D90
:108DB00003F1804303F5C04303EB011102F1080006
:108DC0008B6803F1005303F540535B00196822F8E8
:108DD000021B904203F10403F8D17047005C00408D
:108DE00000EB810010B5C36898690268C2B15C8A63
:108DF0001319013BB3FBF4F39BB2890001F18041ED
:108E000001F5B84103820B6823F4904323F070030B
:108E100083F4405343F4004343F080030B6010BDE0
:108E20000123EAE700EB810010B50C46C1684B69ED
:108E30000A8A18689968824228BF02461A61204649
:108E4000FFF76AFDA00000F1804000F5B84003681C
:108E500023F4F04323F0400383F0300343F4004352
:108E600043F08003036010BD890001F1804101F5EA
:108E7000B8410B6823F4904323F0700383F48053CC
:108E800043F4004343F080030B607047890001F115
:108E9000804101F5B8410B6823F4F04323F040030F
:108EA00083F0100343F4004343F080030B607047EA
:108EB000890001F1804101F5B8410B6803F440538A
:108EC000B3F5405F09D00B6823F4F04323F040036F
:108ED00043F4204343F080030B607047890001F1A5
:108EE000804101F5B8410B6803F03003302B0BD003
:108EF0000B6823F4F04323F0400383F0200343F492
:108F0000004343F080030B6070474B6843608B68FD
:108F10008360CB68C3600B6943614B6903628B69F3
:108F200043620B680360704708B5194B9A6A42F4B4
:108F3000FC029A629A6A22F4FC029A629A6A5A695C
:108F400042F4FC025A61134A5B6911464FF09040AB
:108F5000FFF7DBFF104802F11C01FFF7D6FF0F48B7
:108F600002F13801FFF7D1FF0D4802F15401FFF77C
:108F7000CCFF0C4802F17001FFF7C7FF0A4802F16D
:108F80008C01FFF7C2FFBDE80840FEF7C9BF00BF74
:108F900000100240B09C000800040048000800488F
:108FA000000C0048001000480014004870471623C9
:108FB00003604FF0FF30704700207047184670473D
:108FC0000020704710B50022044608460121FDF735
:108FD00095FD18B90C2323604FF0FF3010BD08B584
:108FE0001346002158221846F7F7F0FB4FF40052C1
:108FF0004260002008BD0120704708B5F7F746FB26
:10900000012303604FF0FF3008BD01207047FEE7E9
:04901000F8B500BFF0
:04901400F8B500BFEC
:109018000020202020202020202028282828282040
:109028002020202020202020202020202020202038
:1090380020881010101010101010101010101010A0
:109048001004040404040404040404101010101090
:10905800101041414141414101010101010101015A
:1090680001010101010101010101010110101010AC
:10907800101042424242424202020202020202022C
:109088000202020202020202020202021010101080
:1090980020000000000000000000000000000000A8
:1090A80000000000000000000000000000000000B8
:1090B80000000000000000000000000000000000A8
:1090C8000000000000000000000000000000000098
:1090D8000000000000000000000000000000000088
:1090E8000000000000000000000000000000000078
:1090F8000000000000000000000000000000000068
:109108000000000000000000000000000000000057
:1091180000000000040C0020000000000000000017
:109128000000000000000000000000000000000037
:109138000000000000000000000000000000000027
:109148000000000000000000000000000000000017
:109158000000000000000000000000000000000007
:1091680000000000000000000000000000000000F7
:1091780000000000000000000010002000403050F7
:109188000070608000A090B00011012100413151B1
:109198000071618100A191B1001202220042325295
:1091A8000072628200A292B2001303230043335379
:1091B8000073638300A393B300140424004434545D
:1091C8000074648400A494B4001505250045355541
:1091D8000075658500A595B5001606260046365625
:1091E8000076668600A696B6001707270047375709
:1091F8000077678700A797B70018082800483858ED
:109208000078688800A898B80019092900493959D0
:109218000079698900A999B9001A0A2A004A3A5AB4
:10922800007A6A8A00AA9ABA001B0B2B004B3B5B98
:10923800007B6B8B00AB9BBB001C0C2C004C3C5C7C
:10924800007C6C8C00AC9CBC001D0D2D004D3D5D60
:10925800007D6D8D00AD9DBD001E0E2E004E3E5E44
:10926800007E6E8E00AE9EBE001F0F2F004F3F5F28
:10927800007F6F8F00AF9FBF0000041006200230F0
:10928800100018101C202430200028102C20343006
:10929800300038103C204430400048104C205430F6
:1092A800500058105C206430600068106C207430E6
:1092B800700078107C208430800088108C209430D6
:1092C800900098109C20A430A000A810AC20B430C6
:1092D800B000B810BC201430C000C810FFFFD23056
:1092E800D800DC10DE18DE40024016402A406640F6
:1092F800FFFFA240B640CA4060FF6DFF80F293FFB7
:109308005DFF69EE80C09AD859FF65D0809B9FBCED
:1093180055FF60B58077A5A351FF599D8052AD8F49
:109328004BFF518B802EB78346FF46818109C3804E
:1093380040FF3A81FF1BCE883AFF2F8BFF40D7981A
:1093480035FF279DFF65DEAF2FFF20B5FF89E4C9F4
:109358002BFF1BD0FFAE96F627FF17EEFFFFEBFFA4
:1093680021FF13FF0AFFE0FFA0FFA4FFA9FFBCFF36
:10937800FFFFD1FFD7FFDCFF0004080C1014181CF6
:109388002024282C30340105090D1115191D21251B
:10939800292D31FF02060A0E12161A1E22262A2E1F
:1093A8003536032F070B0F13171B1F23272BFF33EC
:1093B80038393AFFFFFF3BFFFFFF3D3E3F370000D4
:1093C800812670000000000000000000165C1E00EE
:1093D8001F00200021002200230024002500260071
:1093E80027002D002E002A002B0014001A00080068
:1093F800150017001C0018000C00120013002F00A5
:1094080030000000390004001600070009000A00B7
:109418000B000D000E000F0033003400320028004E
:10942800E10064001D001B00060019000500110082
:1094380010003600370038000000E500E000E300C7
:10944800E2000000000000002C0000000000000006
:10945800E60001516500E40035003A003B003C009D
:109468003D003E003F0040004100420043004400F0
:1094780045004C00010001005200010001000100FC
:10948800010001000100010001000100005C000072
:109498000100500051004F00095F085F0D5F0C5F2D
:1094A80001000100010001000100010001000100AC
:1094B800035F025F075F065F0B5F0A5F015F005F84
:1094C800055F045F00000100A900AA00A8000000D1
:1094D8000000000001000000000000000100010081
:1094E800010001000100010001000100010001006C
:1094F800010001000100010001000100010001005C
:10950800010001000100010001000100010001004B
:10951800010001000100010001000000010001003C
:10952800010001000100010001000100010001002B
:10953800010001000100010001000100010001001B
:10954800010001000100010001000100010001000B
:1095580000000100010001000100000000000000FF
:1095680001000000000000000100010001000100EE
:1095780001000100010001000100010001000100DB
:1095880001000100010001000100010001000100CB
:1095980001000100010001000100010001000100BB
:1095A80001000100010000000100010001000100AC
:1095B800010001000100010001000100010001009B
:1095C800010001000100010001000100010001008B
:1095D800010001000100010001000100000001007C
:1095E800010001000100000000000000010000006F
:1095F800000000000100010001000100000000005F
:109608000000000000000000000000000000000052
:109618000000000000000000000000000000000042
:10962800000000002A2B28000000000000000000B5
:109638000000000000000029000000002C1E34205B
:10964800212224342627252E362D3738271E1F2081
:109658002122232425263333362E37381F040506C6
:109668000708090A0B0C0D0E0F101112131415160A
:109678001718191A1B1C1D2F3130232D3504050608
:109688000708090A0B0C0D0E0F10111213141516EA
:109698001718191A1B1C1D2F3130354C00000000FB
:1096A8007E0F00D4FFFFFFC700000078E200E9004A
:1096B800EA00B500B600B700CD008301CC008A01EE
:1096C8009201940121022302240225022602270284
:1096D8002A02B300B4006F00700000000D000048BB
:1096E8000A000048090000480E0000480F00004822
:1096F80008040048090400480D0800480E080048FE
:109708000F08004800000048010000480200004817
:109718000300004803040048040400480504004806
:10972800080000480400004800010101010101018E
:1097380001010202020202020202020303030303FE
:1097480003030304040404040404050505050506CD
:10975800060606060707070707080808080909098B
:10976800090A0A0A0B0B0B0C0C0C0D0D0D0E0E0E34
:109778000F0F0F10101111111212131314141515C5
:1097880016161717181819191A1A1B1B1C1D1D1E37
:109798001E1F20202122222324242526262728298B
:1097A800292A2B2C2D2D2E2F3031323233343536B9
:1097B8003738393A3B3C3D3E3F40414243444546B9
:1097C8004748494A4C4D4E4F505153545556585995
:1097D8005A5B5D5E5F616264656668696B6C6D6F3C
:1097E8007072737577787A7B7D7E808283858788AF
:1097F8008A8C8E8F91939596989A9C9EA0A2A3A5E9
:10980800A7A9ABADAFB1B3B5B7BABCBEC0C2C4C6E9
:10981800C9CBCDCFD1D4D6D8DBDDDFE2E4E7E9EBA5
:10982800EEF0F3F5F8FAFDFFE200E900EA00B50012
:10983800B600B700CD008301CC008A0192019401E3
:109848002102230224022502260227022A02B3004B
:10985800B4006F007000000003000000000000006A
:109868006560000800000000080000008C1000205F
:1098780000000000020000000000000003000000DB
:10988800000000009D6300080000000020000000A8
:10989800DC100020000000000200000000000000B2
:1098A800DD6000088560000835620008696000080E
:1098B8009099000894990008B699000804201000AF
:1098C800F59800080E9900082E990008509900088C
:1098D800C8990008EA9900084022B609025B00030B
:1098E8000100A0FA09040000010301010009211187
:1098F8000100012240000705810308000A0904014C
:1099080000020300000009211101000122220007C2
:109918000582032000010705030320000109040252
:1099280000010300000009211101000122B600070F
:1099380005840320000A1201100100000040688914
:10994800534802000102000105010906A1010507AB
:1099580019E029E71500250195087501810295018F
:10996800750881010507190029FF150026FF0095D4
:1099780006750881000508190129059505750191E5
:1099880002950175039101C00403090420035900DD
:10999800690061006E006300610072002D004400E0
:1099A80065007300690067006E0073000000100313
:1099B80048005300360030002000560032000000F6
:1099C8000660FF0961A1010962150026FF009520C4
:1099D800750881020963150026FF00952075089116
:1099E80002C005010902A10185020901A1000509BA
:1099F800190129081500250195087501810205013D
:109A0800093009311581257F9502750881060938C5
:109A18001581257F950175088106050C0A38021500
:109A280081257F950175088106C0C005010980A1BF
:109A380001850319012AB700150126B7009501759C
:109A4800108100C0050C0901A101850419012AA093
:109A580002150126A002950175108100C0050109B3
:109A680006A1018505050719E029E71500250195D7
:109A780008750181020507190029EF1500250195D0
:109A8800F0750181020508190129059505750191EF
:109A980002950175039101C000000000D16700081C
:109AA800C1670008F1670008E1670008EB67000874
:109AB800DB670008CB670008BB67000800000000F0
:109AC80044A00008D01E0020D01E0020D01E002078
:109AD80044A0000800000000000000000000000092
:109AE80044A0000800000000000000000000000082
:109AF80044A0000800000000000000000000000072
:109B080044A0000800000010000000100000001031
:109B180044A0000800000000000000000000000051
:109B280044A0000800000000000000000000000041
:109B380044A0000800000000000000000000000031
:109B480069646C6500000000489B0008981B0020B1
:109B5800F81C002001000000956B000800000000C0
:109B6800737461636B206F766572666C6F77000043
:109B78006D61696E00164230040444080C10141814
:109B88001C20212200000000010000000074004099
:109B980000000000000000000000FFFF09000000B6
:109BA800BE2000000A00000000740040030000000E
:109BB80010000000FFFF00000A000000BE200000A7
:109BC8000A000000000002400800024001000000F6
:109BD8000000000B000002401C00024002000000D0
:109BE8000004010C000002403000024004000000A4
:109BF8000008020D00000240440002400800000076
:109C0800000C030E00000240580002401000000043
:109C18000010040F000002406C0002402000000009
:109C280000140510000002408000024040000000BF
:109C380000180611000402400804024080000000D9
:109C480000000738000402401C0402400001000024
:109C580000040839000402403004024000020000F9
:109C68000008093A000402404404024000040000CD
:109C7800000C0A3B0004024058040240000800009F
:109C880000100B3C00000000F9790008A17C0008D6
:109C9800537D00084000400074110020741100201A
:109CA800010000008811002000A8802A00000000A0
:109CB80000FCC03C54111564FFFF00000000505523
:109CC80000E00E0080A00000C0000000C0F000000E
:109CD80015055555FFFF0000000000440000000076
:109CE800000A000000000000000000F0555555056E
:109CF800FFFF0000000077000000000000000000E7
:109D0800000000000000000055555555FFFF0000F9
:109D18000000000000000000400055550000000051
:109D2800C000FFFF15551501FF00000000000000EE
:109D38000000000000000000000000000F0000000C
:109D480050555555FFFF00000000000000000000BE
:109D58005245454E54206D616C6C6F63207375637A
:109D680063656564656400002E2E2F2E2E2F2E2E1F
:109D78002F2E2E2F2E2E2F2E2E2F2E2E2F2E2E2FF5
:109D88006E65776C69622F6C6962632F7374646C9B
:109D980069622F72616E642E630000002C20667564
:109DA8006E6374696F6E3A2000000000617373651A
:109DB8007274696F6E2022257322206661696C6552
:109DC800643A2066696C6520222573222C206C6910
:109DD8006E65202564257325730A0000232D302B1A
:109DE80020000000686C4C00656667454647000027
:109DF80030313233343536373839414243444546B9
:109E0800000000003031323334353637383961627A
:089E18006364656600000000B0
:089E2000A465FF7F01000000B2
:109E2800040C002000000000609100084091000828
:109E38002091000800000000000000000000000061
:109E4800000000000000000000000000000000000A
:109E580000000000000000000000000000000000FA
:109E680000000000000000000000000000000000EA
:109E780000000000000000000000000000000000DA
:109E880000000000FF000000FF060000FF7FFF0049
:109E980000FF0000FF0000FF0000FF00012001009C
:109EA80001200120073C0000400D0300A9270008FD
:109EB80000000000000000001E320A141E6408287A
:109EC800390F00202560000804000000040000008D
:109ED800000000000000000000000000000000007A
:109EE800000000000000000000000000000000006A
:109EF800000000000000000000000000000000005A
:109F08000000000000000000000000000300000046
:109F180000000000DF6900080000000020000000C9
:109F28000000000000000000020000000000000027
:109F3800030000000000000000000000536A000851
:109F480000002000000000000000000002000000E7
:109F5800000000000300000000000000916A0008F3
:109F680000000000080000000000000000000000E1
:109F78000200000000000000441E00200203000050
:109F88000400000004000000200000002000000081
:109F980000000000640F0020F40F00200000000003
:109FA80000000000000000000000000000000000A9
:109FB8000000000000000000000000000000000099
:109FC8000000000000000000000000000000000089
:109FD8000000000000000000000000000000000079
:109FE8000000000000000000000000000000000069
:109FF8000000000000000000000000000000000059
:10A008000000000000000000000000000000000048
:10A018000000000000000000000000000100000037
:10A02800C1640008CD64000869650008B5650008CA
:0CA03800E9650008009600000000080028
:040000050800035993
:00000001FF
