:020000040800F2
:1000000000040020590300085B0300085B0300089C
:100010005B0300085B0300085B0300085B03000848
:100020005B0300085B0300085B0300081172000813
:100030005B0300085B0300085B0300085B03000828
:100040005B0300085B0300085B0300085B03000818
:100050005B0300085B0300085B0300085B03000808
:100060005B0300085B0300085B03000805810008D0
:10007000198100082D810008418100085581000880
:10008000698100087D8100085B0300085B030008AC
:100090005B0300085B0300085B0300085B030008C8
:1000A000157E0008197E00081D7E0008217E0008CC
:1000B000F18600085B030008C58800083983000842
:1000C000418400085B0300085B0300085B03000831
:1000D0005B0300085B0300085B0300085B03000888
:1000E0005B0300085B0300085B0300085B03000878
:1000F000018900085B0300085B0300085B0300083C
:100100005B0300085B0300085B0300085B03000857
:100110005B0300085B030008D9880008ED8800082D
:1001200091810008A5810008B9810008CD810008EF
:10013000E18100085B0300085B0300085B03000823
:100140005B0300085B0300085B0300085B03000817
:100150005B0300085B0300085B0300085B03000807
:100160005B0300085B0300085B0300084D8900087F
:100170005B0300085B0300085B0300085B030008E7
:100180005B0300085B0300085B0300085B030008D7
:100190005B0300085B0300085B0300085B030008C7
:0801A00019020008F10100083A
:1001B0000348044B834202D0034B03B118477047F6
:1001C0001C0E00201C0E00200000000005480649FF
:1001D0000B1AD90F01EBA301491002D0034B03B155
:1001E000184770471C0E00201C0E00200000000065
:1001F00010B5064C237843B9FFF7DAFF044B13B16F
:100200000448AFF300800123237010BD200E0020AE
:1002100000000000249E000808B5044B1BB10449EF
:100220000448AFF30080BDE80840CFE700000000BD
:10023000240E0020249E000872B6394880F30888F6
:10024000384880F3098838484EF60851CEF200014C
:10025000086040F20000CCF200004EF63471CEF29D
:1002600000010860BFF34F8FBFF36F8F40F20000B3
:10027000C0F2F0004EF68851CEF200010860BFF3E4
:100280004F8FBFF36F8F4FF00000E1EE100A4EF674
:100290003C71CEF200010860062080F31488BFF3A1
:1002A0006F8F06F04BFC06F0E3F94FF055301F4915
:1002B0001B4A91423CBF41F8040BFAE71C49194A1A
:1002C00091423CBF41F8040BFAE71A491A4A1B4B0A
:1002D0009A423EBF51F8040B42F8040BF8E70020A5
:1002E0001749184A91423CBF41F8040BFAE706F05F
:1002F00029FC06F024FC144C144DAC4203DA54F8EB
:10030000041B8847F9E706F0C1F9114C114DAC42C6
:1003100003DA54F8041B8847F9E706F011BC000023
:1003200000040020000C0020000000080000002055
:1003300000040020249E0008000C00201C0E002059
:10034000200E0020D01E0020A0010008A4010008FB
:10035000A4010008A80100086EE700F000F8FEE71D
:100360002DE9F04F2DED108AC1F80CD0C3689D46E1
:10037000BDEC108ABDE8F08F002383F31188284676
:10038000A047002006F078FEFEE706F00CFE00DF36
:10039000FEE7000053B94AB9002908BF00281CBF76
:1003A0004FF0FF314FF0FF3000F06EB9ADF1080CA7
:1003B0006DE904CE00F006F8DDF804E0DDE9022383
:1003C00004B070472DE9F047089D04468C46002B89
:1003D00040F083808A42174647D9B2FA82F242B18E
:1003E000C2F1200024FA00F09140974040EA010C4D
:1003F00094404FEA1748230CBCFBF8F61FFA87FE1F
:1004000008FB16C143EA014306FB0EF1994209D9E4
:10041000FB1806F1FF3080F01981994240F21681F5
:10042000023E3B445B1AA4B2B3FBF8F008FB103366
:1004300044EA034400FB0EFEA64509D93C1900F12D
:10044000FF3380F00581A64540F2028102383C442A
:1004500040EA0640A4EB0E0400261DB1D440002360
:10046000C5E900433146BDE8F08702B9FFDEB2FAC4
:1004700082F2002A50D1CB1B4FEA174E1FFA87F8A1
:100480000126B3FBFEFC210C0EFB1C3341EA0341A9
:1004900008FB0CF38B4207D979180CF1FF3002D21C
:1004A0008B4200F2E9808446C91AA3B2B1FBFEF088
:1004B0000EFB101143EA014408FB00F8A04507D9E0
:1004C0003C1900F1FF3302D2A04500F2D980184652
:1004D000A4EB080440EA0C40BFE78B4209D9002D89
:1004E00000F0B1800026C5E9000130463146BDE884
:1004F000F087B3FA83F6002E4AD18B4202D38242B0
:1005000000F2B880841A61EB030101208C46002DB3
:10051000A8D0C5E9004CA5E7C2F1200320FA03F6F4
:10052000974001FA02F04FEA174ED9403043030CCE
:10053000B1FBFEF61FFA87F80EFB161143EA0143E2
:1005400006FB08F1994204FA02F409D9FB1806F1F6
:10055000FF3C80F08D80994240F28A80023E3B440D
:100560005B1A81B2B3FBFEF00EFB103341EA03418C
:1005700000FB08F38B4207D9791800F1FF3C73D2D6
:100580008B4271D902383944CB1A40EA064678E7E3
:10059000C6F1200C03FA06F422FA0CF31C4320FAED
:1005A0000CF701FA06F34FEA144E21FA0CF11F433F
:1005B0003B0CB1FBFEF91FFA84F80EFB191143EA5C
:1005C000014109FB08FA8A4502FA06F200FA06F32D
:1005D00008D9611809F1FF3048D28A4546D9A9F1F6
:1005E00002092144A1EB0A01BFB2B1FBFEF00EFBF0
:1005F000101147EA014700FB08F8B84507D9E71989
:1006000000F1FF312ED2B8452CD90238274440EAF8
:100610000940A7EB0807A0FB02894F45C64649469B
:100620001AD317D05DB1B3EB0E0267EB010707FADF
:100630000CFCF2404CEA0202F740C5E90027002614
:100640003146BDE8F0872E4628460BE70646E9E628
:100650001846FDE64345E5D2B8EB020E69EB04010E
:100660000138DFE70846D2E760468DE78146B9E703
:10067000664675E730464AE7ACF1020C394413E7A9
:1006800002383C4424E700BF704700BF014B1868A4
:10069000704700BF000C0020844641EA000313F0BD
:1006A00003036DD1403A41D351F8043B40F8043B79
:1006B00051F8043B40F8043B51F8043B40F8043B3C
:1006C00051F8043B40F8043B51F8043B40F8043B2C
:1006D00051F8043B40F8043B51F8043B40F8043B1C
:1006E00051F8043B40F8043B51F8043B40F8043B0C
:1006F00051F8043B40F8043B51F8043B40F8043BFC
:1007000051F8043B40F8043B51F8043B40F8043BEB
:1007100051F8043B40F8043B51F8043B40F8043BDB
:1007200051F8043B40F8043B403ABDD2303211D37B
:1007300051F8043B40F8043B51F8043B40F8043BBB
:1007400051F8043B40F8043B51F8043B40F8043BAB
:10075000103AEDD20C3205D351F8043B40F8043B7B
:10076000043AF9D2043208D0D2071CBF11F8013B79
:1007700000F8013B01D30B8803806046704700BF3F
:10078000082A13D38B078DD010F003038AD0C3F14E
:100790000403D21ADB071CBF11F8013B00F8013B30
:1007A00080D331F8023B20F8023B7BE7043AD9D3EF
:1007B000013A11F8013B00F8013BF9D20B780370C4
:1007C0004B7843708B78837060467047F0B486072F
:1007D00046D0541E002A3CD0CAB2034602E014F1AF
:1007E000FF3436D303F8012B9D07F8D1032C29D908
:1007F000CDB245EA05250F2C45EA054533D9A4F1CC
:100800001006360903F1200707EB061703F1100263
:1008100042E9045542E902551032BA42F8D1721C3D
:1008200014F00C0F03EB021204F00F0613D0331F69
:1008300023F003030433134442F8045B9342FBD1D7
:1008400006F003042CB1C9B21C4403F8011B9C42FE
:10085000FBD1F0BC704734461346002CF3D1F8E7C7
:1008600014460346C2E71A462646E0E738B5124B5F
:100870001C68A26B05461AB10023C2E9045338BDB7
:10088000182000F0B3F80246A06378B101200021DF
:100890000A4B1360C2E904010B23094809499381FB
:1008A0000023C2E90101C2E9045338BD064B0748E1
:1008B000422100F055F800BF000C00200E33CDABF4
:1008C00034126DE6ECDE0500549D00086C9D0008B6
:1008D00038B51A4B1C68A26B92B114691849536958
:1008E000184801FB04F100FB0313A4FB0045611C45
:1008F0001D4445F1000323F00040C2E9041338BD54
:10090000182000F073F80246A06388B1012000218E
:10091000C2E904010A480C4C0C4B0D490D4D146002
:1009200053600B24034695609481C2E9041338BDDB
:10093000094B0A484E2100F013F800BF000C0020BC
:100940002DF451582D7F954C0E33CDAB34126DE6FE
:100950002E7F954CECDE0500549D00086C9D000830
:1009600000B50A4C2668054685B01C46F06852B1B1
:10097000074B0091CDE9013206492B46224600F093
:1009800021F800F071FD044B1A46F2E7000C00203C
:10099000A09D0008B09D0008AC9D000808B5134656
:1009A0000022FFF7DDFF00BF0CB400B583B004AB3D
:1009B00053F8042B019300F027F903B05DF804EB22
:1009C00002B070470EB410B583B005AB064C53F8B7
:1009D000042B01930146206800F016F903B0BDE82E
:1009E000104003B0704700BF000C0020024B0146CE
:1009F000186800F061B800BF000C0020024B0146EF
:100A0000186800F003B800BF000C002000293CD09B
:100A100038B551F8043C0C1F002BB8BFE41805464C
:100A200001F00EFA234B1A682AB1A2420DD92168AF
:100A30006018824223D0626028461C60BDE83840BE
:100A400001F000BAA34203D81A465368002BF9D12B
:100A500011685018A04219D024D821686018834228
:100A600006D0636054602846BDE8384001F0EAB91A
:100A7000D3E900030144636021605460F3E7D2E9E5
:100A80000002014462602160D6E77047206801449B
:100A9000501883421160E6D1D3E90003014453604A
:100AA0001160E0E70C232B602846BDE8384001F0D8
:100AB000C9B900BF3C0E0020F8B5CD1C25F00305D8
:100AC00008350C2D38BF0C25002D064633DBA94216
:100AD00031D82A4F01F0B4F93A6852B113685B1B60
:100AE00004D43FE023685B1B29D522465468002CC0
:100AF000F8D1796800293BD02946304608F060FAE1
:100B0000431C28D0C41C24F00304A04205D0211AA1
:100B1000304608F055FA01301DD02560304601F00E
:100B200091F904F10B0020F00700231DC21A01D037
:100B30001B1AA350F8BD0C2232600020F8BD0B2B0D
:100B400005D8A242636811D05360E7E714462360DA
:100B50001C442560E2E70C233046336001F072F953
:100B60000020F8BD0B2BF1D8536814463B60D5E745
:100B7000304608F025FA7860BEE700BF3C0E002042
:100B80009368013B002B936011DA10B49469A3427F
:100B900009DB0A2907D01368581C10601970084631
:100BA0005DF8044B70475DF8044B00F07DBB1368A3
:100BB000581C106019700846704700BF9BB1F8B50B
:100BC00013440F4606465D1E541E01E0AC4208D099
:100BD0003A4614F8011F3046FFF7D2FF431CF5D107
:100BE000F8BD0020F8BD0020704700BF936810B525
:100BF000144613B95360184610BD00F01DFE0023C3
:100C0000C4E9013310BD00BF2DE9F04F9FB08B4602
:100C100090461C46039018B18369002B00F0B78002
:100C2000A24B9B4500F0B980A14B9B4500F0C780CB
:100C3000A04B9B4504BF039BD3F80CB0BBF80C3012
:100C4000180740F1B280DBF81030002B00F0AD80C7
:100C500030238DF8323098F800300594002120229E
:100C60000B918DF83120944E0127002B00F08780E6
:100C7000252B00F01581454603E0252B00F0A380CD
:100C800025466B786C1C002BF7D1B4EB080A76D0A4
:100C90004246534659460398FFF790FF01306ED005
:100CA0000B9B6A7853440B93002A68D000234FF0C3
:100CB000FF3201340693CDE908338DF85B301C9385
:100CC000079205E0069A07FA03F313432C460693AE
:100CD0002546052215F8011B304600F0F9FFAA460B
:100CE000831B0028EED1069BD90644BF20228DF835
:100CF0005B2021781A0744BF2B228DF85B202A291C
:100D000066D1059A1168043200290592C0F29D80CF
:100D100009916178A51C2E2973D0684C03222046C6
:100D200000F0D6FF002800F08680001B069B4024C0
:100D300004FA00F00343069305F10108297860489E
:100D40008DF83010062200F0C3FF002800F08380E9
:100D50005C4B002B72D005AB00935A465A4B03985C
:100D600006A9AFF300808146B9F1FF3F07D00B9B86
:100D70004B440B9398F80030002B7FF479AFBBF80D
:100D80000C305B0618D40B981FB0BDE8F08F00F054
:100D900033FD464B9B457FF447AF039BD3F804B02C
:100DA000BBF80C3018073FF54EAF5946039800F0DA
:100DB000DBFA00283FF44CAF4FF0FF30E4E7039B31
:100DC000D3F808B03AE7B4EB080A3FF46FAF5FE737
:100DD000A1F13002092A88BFA2469CD8099B01E0F4
:100DE0002C460135297803EB830302EB4303A1F181
:100DF0003002092AAA46F3D92E2904F102050993E3
:100E00008BD19AF801102A292FD1059B9AF802104C
:100E10001A6807920433002A05930AF103050AF1C0
:100E2000020338DB254C032220469A4600F050FF8F
:100E300000287FF47AAFA84655467FE7059B073325
:100E400023F007030833059391E7494243F0020377
:100E5000099106935DE705AB00935A461A4B039838
:100E600006A900F0D5F881467EE7A1F13002002303
:100E7000092A079301D915E05546697803EB8303E6
:100E800002EB4303A1F13002092A05F1010AF3D96B
:100E90000235079341E74FF0FF329A4607923CE74D
:100EA000444603E7AA46013537E700BF5C910008D6
:100EB0003C9100081C910008E09D0008E89D000896
:100EC000EC9D000800000000BD0B000810B4044CAD
:100ED00013460A46014620685DF8044BFFF794BEAE
:100EE000000C00202DE9F0470C4691460A698968FC
:100EF000DDF820808A42B8BF0A46C9F8002094F87D
:100F0000431006461F4611B10132C9F8002023687C
:100F100099065CD5D9F800200232C9F80020236870
:100F200013F0060F19461DD1E1688A1A002AD8BFAE
:100F3000194617DD04F1190A002505E0E368D9F820
:100F400000209B1AAB420CDD012352463946304645
:100F5000C047013005F10105F0D14FF0FF30BDE889
:100F6000F087216894F84330003318BF01238A06C4
:100F70000AD5E1185A1C302081F84300224494F825
:100F8000451082F84310023304F1430239463046DB
:100F9000C0470130E1D02368A268216903F006034D
:100FA000042B1DD08A4226DD4FF00009521A9144CD
:100FB0001A34002501E04D451DDA01232246394649
:100FC0003046C047013005F10105F4D1C5E713F003
:100FD000060F13D094F84330003318BF0123D3E732
:100FE000D9F80000E3688A42A3EB000323EAE3791F
:100FF000DCDC002BDCDC0020BDE8F087E168D9F800
:1010000000208A1A002AD8BF194693DCAAE700BF3D
:101010002DE9F0430C46097E85B06E290646174639
:101020000C98984604F1430E6DD039D9732900F01D
:10103000F68044D9752900F00481782940F01181A7
:1010400078232268DFF858C284F845300168150615
:1010500051F8043B016040F1A180D10744BF42F048
:1010600020022260002B00F093801022002184F8DF
:1010700043106068A0600028C0F2C880216821F099
:1010800004012160002B40F0A380002840F0C080C4
:101090007546082A00F0AC80AEEB0503236141E001
:1010A000632900F0E5801AD8002938D0582940F08B
:1010B000D88084F845102268DFF8E8C1C6E76F29B8
:1010C00000F0BF80702940F0CC802268DFF8D0C1EA
:1010D00042F020027823226084F84530B6E7642984
:1010E00002D0692940F0BD8022680368110603F12F
:1010F000040557D5196805600B46002959DBDFF850
:10110000A4C10A22B5E70368226861691D1D056054
:1011100015061B6802D4500600F1BD80196000233B
:1011200075462361CDF800803B4603AA2146304630
:10113000FFF7D8FE013020D02A46236939463046D1
:10114000C047013019D022680398E368920719D587
:101150001A1A002A16DD04F11909002504E0E368D3
:1011600003981A1AAA420DDD01234A463946304631
:10117000C047013005F10105F1D14FF0FF3005B056
:10118000BDE8F0839842B8BF184605B0BDE8F083CB
:10119000226822F020022260102267E7500648BF32
:1011A0009BB25AE75106A5D5B3F900300560194640
:1011B000A3E76168A1602D200029C3F1000384F832
:1011C000430002DB22F004022260DFF8D8C00A22CA
:1011D000754600E00B46B3FBF2F102FB113093427F
:1011E0001CF8000005F8010DF4D2082A7FF454AF72
:1011F0002368DB077FF550AF626823699A423FF7A7
:101200004BAF302305F8013C013D45E7002BDFD112
:101210009CF8003084F8423004F1420539E7036855
:101220006268191D01601D680021284600F050FD0C
:10123000002832D0401B60602061002384F84330D6
:1012400070E72268036812F0800F03F104051AD0DA
:101250001B6805606F290CBF08220A22DFF844C012
:1012600004E7012384F84210236104F14205E4E716
:1012700003681A68191D0123016004F1420584F80E
:1012800042202361D9E712F0400F0DBF1B680560B3
:101290001B880560DEE7198041E76068CCE700BF86
:1012A000089E0008F49D0008F8B50D461446064651
:1012B00008B1836943B3254B9C422AD0244B9C42FE
:1012C00029D0244B9C4208BFF468A389A269A2607C
:1012D0001A0722D5236903B322686169D31AEDB2D4
:1012E00099422F4629DD0133A168501C0139A160C4
:1012F0002060157062699A4216D0A389DB0701D578
:101300000A2D11D03846F8BD00F076FA0F4B9C42FA
:10131000D4D17468D9E7B468D7E72146304600F0E5
:1013200023F838B92369D7E72146304600F03AF967
:101330000028E7D04FF0FF37E4E72146304600F0C1
:1013400031F90028F6D122680123CDE75C9100082D
:101350003C9100081C910008024B0A46014618689F
:10136000FFF7A2BF000C00203B4B70B51D6806467E
:101370000C460DB1AB69DBB1384B9C421ED0384BEB
:101380009C424AD0374B9C4208BFEC68B4F90C2011
:1013900093B2190718D5206908B313F001022CD0B5
:1013A000636900225B42A361A26060B3002070BD4C
:1013B000284600F021FA294B9C42E0D16C68B4F930
:1013C0000C2093B21907E6D4DD063CD5580726D485
:1013D000206942F00803A3819BB20028DDD103F409
:1013E0002072B2F5007FD8D03046214600F026FCAE
:1013F000A389206913F00102D2D1990758BF62690D
:10140000A2600028D2D1B4F90C301A06CFD543F02F
:101410004003A3814FF0FF3070BDAC68B6E7616B4D
:1014200051B104F14403994204D03046FFF7EEFA7B
:10143000B4F90C200023636300232069636022F069
:1014400024022060C5E742F04002092333604FF0D8
:10145000FF30A28170BD00BF000C00205C9100082D
:101460003C9100081C91000808B5062000F098FD8A
:10147000012007F0CAFD00BF8B891A072DE9F04152
:101480000C46804641D44A68002A59DDE66A002E9F
:1014900053D00022D8F80050216AC8F8002013F475
:1014A000805251D101234046B047431C5FD0A389ED
:1014B000E66A216A5F0705D56268636B801A0BB123
:1014C000236CC01A024600234046B047461C45D153
:1014D000D8F80030B4F90C20002B55D01D2B01D0CA
:1014E000162B5AD123690022C4E90032616BC8F877
:1014F000005011B304F14403994202D04046FFF773
:1015000085FA00206063BDE8F0810E69AEB10D6818
:101510000E6099070CBF63690023AD1BA3600AE04E
:101520002B463246A76A216A4046B8470028A5EBF9
:10153000000506440ADD002DF2DC0020BDE8F08144
:101540000A6C002AA2DCF8E7606DB3E7A38943F0D8
:101550004003A3814FF0FF30BDE8F0812269A389E9
:10156000226000226260DA04C0D56065BEE7D8F868
:101570000030002B9BD01D2B0CD0162B0AD0A3893A
:1015800043F04003A381D9E72169C4E90013D304E0
:10159000ACD5EAE7C8F80050CFE742F04002A2819C
:1015A000CCE700BF0B6923B310B5044682B008B185
:1015B0008369BBB1104B994212D0104B994216D09F
:1015C0000F4B994208BFE168B1F90C302BB12046AE
:1015D00002B0BDE81040FFF74FBF002002B010BDC1
:1015E0006168F1E7019100F007F90199E2E7A1686C
:1015F000EAE70020704700BF5C9100083C910008BA
:101600001C91000820B1054B01461868FFF7CABFBE
:10161000034B0449186800F0B9BA00BF000C002061
:1016200018910008A515000800207047014900F036
:10163000ADBA00BFA51500080020704770B54A1E5E
:10164000682505FB02F50E4605F17401FFF734FA33
:10165000044640B100210C30666005F1680221604B
:10166000A060FFF7B3F8204670BD00BF1E4B70B5F9
:101670001D68AB69064643B34835D5E90134013BE3
:1016800005D51EE0013B5A1C04F1680419D0B4F9D9
:101690000C20002AF6D10025144B6566C4E90055DC
:1016A000A560C4E90455A5612946E360082204F158
:1016B0005C00FFF78BF8C4E90D55C4E912552046CC
:1016C00070BD2C682CB12546D7E7284600F010F8ED
:1016D000D2E704213046FFF7B1FF04462860002816
:1016E000F1D10C233360EAE7189100080100FFFFF5
:1016F0002DE9F84F334B34491A68816290424FF01C
:101700000003C0E91233036504BF0123836105466A
:10171000FFF7ACFF68602846FFF7A8FFA8602846DF
:10172000FFF7A4FF6E68E86000240423F36074668A
:10173000C6E90044B460C6E90444B461214606F138
:101740005C000822FFF742F8DFF888B0AF68DFF8E6
:1017500088A0DFF88890DFF888801C4BC6F83080BE
:10176000C6E9086BC6E90AA92146FB6008227C6627
:10177000C7E90044BC60C7E90444BC6107F15C00F0
:10178000FFF724F8EE68124BC7F83080C7E9087BF2
:10179000C7E90AA92146F3607466C6E90044B4604B
:1017A000C6E90444B46106F15C000822FFF70EF8B4
:1017B0000123C6E9086BC6E90AA9C6F83080AB6107
:1017C000BDE8F88F189100082D16000809000100E7
:1017D00012000200112000083920000879200008BA
:1017E00099200008024B0349186800F0CFB900BFE8
:1017F00018910008A5150008836903B978E77047B8
:10180000704700BF704700BF704700BF704700BF00
:10181000024B0349186800F093B900BF000C002088
:1018200029160008024B0349186800F089B900BF67
:10183000000C0020391600089368002B00F002818C
:101840002DE9F04FB1F90C309BB20C46190783B06B
:101850008246904635D522699AB313F00202D8F831
:1018600000603DD00027D4F828B0D4F820C0DFF8BD
:10187000CC923D464D452B463A4628BF4B466146E5
:101880005046D5B1D847002840F3D280D8F8083068
:101890001B1A07442D1AC8F80830002B00F0B78037
:1018A000D4F820C0D4F828B04D452B463A4628BF7E
:1018B0004B4661465046002DE4D1D6E90075083606
:1018C000D8E721465046FFF74FFD002840F0308111
:1018D000B4F90C30D8F800609BB213F00202C1D109
:1018E00013F0010940F0B080A76820684D46002D34
:1018F00054D09A0540F1BC80AF42BB4600F2E7806D
:1019000013F4906F2FD0D4E9041707EB4707A0EB2F
:10191000010B07EBD777681C7F105844B8423A4652
:1019200084BF07463A465B0540F1E98011465046C0
:10193000FFF7C2F8002800F0F5805A4621690190AF
:10194000FEF7AAFEA289019B22F4906242F0800277
:10195000A281A7EB0B0203EB0B0067612361206000
:10196000A2602F46AB465A46494600F001FAA268EB
:101970002368D21B5B442F46A26023600025D8F861
:101980000830DB1BB944C8F80830002B3FD0B4F94D
:101990000C30A76820689BB2002DAAD1D6E900952B
:1019A0000836A4E70BF1080353E902679B460833A6
:1019B000002FF9D03A460A21304600F089F9002874
:1019C00053D00130A0EB06094B46D4E9041220683D
:1019D000BB4228BF3B46884203D9A5681544AB42A9
:1019E00019DC9A427DDC1346A56A216A32465046CC
:1019F000A847051E1CDDB9EB05096BD00120D8F8FE
:101A000008305B1B2E447F1BC8F8083013BB002036
:101A100003B0BDE8F08F31462A4600F0A9F92368EB
:101A20002B44236021465046FFF7BCFD0028E2D03E
:101A3000B4F90C3043F040034FF0FF30A38103B002
:101A4000BDE8F08F00207047334691461046174698
:101A50004E469B46002FA5D00028B5D13A460A2114
:101A6000304600F035F90028ABD17B1C9946ACE735
:101A70002369834215D36169A94212D82E4BA76A04
:101A80009D4294BF2B466FF000434A4693FBF1F30F
:101A9000504601FB03F3216AB847071EC8DDED1B62
:101AA0006DE7AF4228BF2F463A46494600F060F93D
:101AB000A3682268DB1B3A44A3602260002BEED1AE
:101AC00021465046FFF76EFD0028E8D0B0E72F46CC
:101AD000AB4648E721465046FFF764FD00288ED00C
:101AE000A6E71A463146019300F042F9019BA1682E
:101AF0002268C91A1A44A16022601D467BE750463D
:101B000000F0A2F9034600287FF423AF2169504674
:101B1000FEF77CFFB4F90C300C2223F08003CAF8E6
:101B2000002087E70C23CAF80030B4F90C3081E7B5
:101B30004FF0FF306CE700BFFEFFFF7F00FCFF7F30
:101B40002DE9F04110F148071BD088460026D7E95F
:101B50000154013D0FD4A389012B05F1FF3506D9AE
:101B6000B4F90E300133204601D0C04706436B1C48
:101B700004F16804EFD13F68002FE8D13046BDE89A
:101B8000F0813E463046BDE8F08100BF2DE9F843C4
:101B900010F148071FD0884606464FF00009D7E9E4
:101BA0000154013D11D4A389012B05F1FF3508D95A
:101BB000B4F90E3001332146304602D0C04749EA1D
:101BC00000096B1C04F16804EDD13F68002FE6D1D9
:101BD0004846BDE8F883B9464846BDE8F88300BFEB
:101BE00070B50C46B1F90E10002996B016461D4688
:101BF00013DB6A4607F0F1F900280EDB019A02F4C4
:101C00007042A2F50052B2FA82F252094FF4806398
:101C100000202A60336016B070BDA38900221B0625
:101C20002A6004D540230020336016B070BD4FF405
:101C300080630020336016B070BD00BF8A899207B0
:101C40000B4606D501F1470201211A60C3E90421C0
:101C5000704770B582B001AB6A460C460646FFF786
:101C6000BFFF009905463046FEF726FFB4F90C3059
:101C700070B11649B162019A0099206043F0800367
:101C8000A381C4E904018AB92B43A38102B070BDCA
:101C90009A05FBD423F0030304F1470243F0020347
:101CA0000121A3812260C4E90421EFE73046B4F9A1
:101CB0000E1007F09EF910B9B4F90C30E4E7A389CF
:101CC00023F0030343F001031BB2DDE72D160008E8
:101CD00001F0FF01102A2BDB10F0070F08D010F8DD
:101CE000013B013A8B422DD010F0070F42B3F6D1E1
:101CF000F0B441EA012141EA014122F007047FF0FA
:101D000000070023F0E80256083C85EA010586EA50
:101D1000010685FA47F5A3FA87F586FA47F6A5FA8C
:101D200087F68EB9EED1F0BC01F0FF0102F0070298
:101D300032B110F8013B013A83EA010313B1F8D143
:101D40000020704701387047002D06BF3546033824
:101D5000073815F0010F07D1013015F4807F02BF5D
:101D6000013015F4C03F0130F0BC0138704700BFAE
:101D70008842F0B40DD98B1883420AD9841832B145
:101D8000224613F8014D02F8014D9942F9D1F0BCF9
:101D900070470F2A0ED80346541E002AF7D001348C
:101DA0000C44013B11F8012B03F8012FA142F9D19A
:101DB000F0BC704740EA01039B073BD1A2F110073A
:101DC0003F0901F1200606EB071601F1100300F1AF
:101DD000100453F8105C44F8105C53F80C5C44F8A1
:101DE0000C5C53F8085C44F8085C53F8045C44F855
:101DF000045C1033B34204F11004EAD17B1C1B01D4
:101E000012F00C0F194402F00F05034415D0043DE5
:101E1000AD0803EB850C1C1F0E4656F8047B44F8F6
:101E2000047F6445F9D10135AD002B44294402F00B
:101E30000302B1E7541E0346B1E72A46ACE700BFF0
:101E4000704700BF704700BF09B3F8B51446CAB168
:101E500006460D4600F024F9A04202D32F4638462C
:101E6000F8BD21463046FEF727FE07460028F6D08B
:101E700022462946FEF710FC30462946FEF7C6FDED
:101E80003846F8BD2746FEF7C1FD3846F8BD114675
:101E9000FEF712BE10B580210446FEF70DFE606409
:101EA00040B1031F00227C3043F8042F8342FBD152
:101EB000002010BD4FF0FF3010BD00BF436C0BB1D0
:101EC00000207047E6E700BF1F2970B5054608D817
:101ED000436C16460C464BB153F8240043F824607B
:101EE00070BD162202604FF0FF3070BDFFF7D2FFC9
:101EF00008B96B6CF0E74FF0FF3070BD1F2938B5A3
:101F000021D8426C05460C466AB152F8213053B1D3
:101F1000012B16D0591C10D00025204642F8245021
:101F20009847284638BD284600F070F822460146FA
:101F30002846BDE8384000F055B81623036001205C
:101F400038BD002038BD162303604FF0FF3038BD88
:101F50001F2921D838B5436C05460C4683B153F888
:101F6000242003EB84034AB1511C10D0012A0CD069
:101F7000002520461D609047284638BD012038BD09
:101F8000FFF788FF28B96B6CE9E7032038BD022012
:101F900038BD4FF0FF3038BD4FF0FF30704700BF05
:101FA000024B01461868FFF7A9BF00BF000C0020D4
:101FB000024B0A4601461868FFF786BF000C002056
:101FC000034B1868436C0BB10020704762E700BFF9
:101FD000000C0020024B01461868FFF7B9BF00BF94
:101FE000000C002038B50B46074C05461146184634
:101FF0000023236006F0FFFF431C00D038BD236898
:10200000002BFBD02B6038BDCC1E002006F0FBBFA0
:1020100010B50C46B1F90E1006F0C7FF002803DB1F
:10202000636D0344636510BDA38923F48053A381CA
:1020300010BD00BF002070472DE9F0411646B1F9F0
:102040000C201F46D3050C460546B1F90E1009D4E5
:1020500022F48052A2813B4632462846BDE8F04138
:1020600006F0AABF0022022306F0A4FFB4F90C2058
:10207000B4F90E10ECE700BF10B50C46B1F90E1024
:1020800006F098FFA389421C0EBF23F4805343F44B
:1020900080536065A38110BDB1F90E1006F08EBFAC
:1020A00051F8043C181F002BBCBF0B58C0187047D8
:1020B00008B502F071F848B100F02AFD00F038FDD3
:1020C00000F094F8BDE8084000F098B800F028FD52
:1020D000F4E701F073B808B500F05AF8BDE808401D
:1020E00001F06DB838B504460D4600F0E5FD45F643
:1020F00010739C4209D045F611739C4211D02946B9
:102100002046BDE8384001F05BB8AB7801205BB1F8
:1021100003F074FB03220221012001F09FF800204C
:1021200038BDAB780220F2E703F072FBF2E710B59E
:10213000044600F071F82046BDE8104001F087B970
:10214000012000F063B8002000F060B8034610F8EA
:10215000012B082A05D0092A05D0072A05D100F04D
:10216000D7BB00F051BC00F0DBBCFF221A707047F7
:10217000FF23042810B5137007D80D2905D8034B89
:102180000E2404FB0030435C137010BD7C930008E8
:1021900008B50021502000F0E9FEBDE8084000210C
:1021A000502000F007BFF8B505460E46174600243C
:1021B00020463B4632462946013400F05DFE402C65
:1021C000F6D1F8BD07B50DF10702FFF7D1FF9DF875
:1021D0000720044900238B54034A136003B05DF8C1
:1021E00004FB00BF90110020440E0020014902486A
:1021F00005F067BA880C0020141E0020024842F245
:10220000107105F070BA00BF141E0020014B187049
:10221000704700BF490E0020014B1870704700BF87
:10222000480E00200C4B1B68C3F30113022B0CD08B
:10223000032B0ED0012B4FF0000203D01146FF20DC
:10224000FFF7B1BFFF211046FAE70021FF22084641
:10225000F6E7FF22F2E700BF4C0E002000221146F5
:102260001046FFF7A0BF000007B50B4B5A798DF859
:1022700000209A799B788DF801208DF80230009823
:1022800000F02EFFC0F30742C1B2C0F3072003B035
:102290005DF804EBFFF787BF660C0020F0B52C4C0F
:1022A00087B063798DF80C30A3798DF80D30A37861
:1022B0008DF80E30039800F013FFC0F307238DF85C
:1022C0000930E3798DF81430237A8DF81530A3782E
:1022D0008DF816308DF80800C0F307408DF80A001D
:1022E000059800F0FDFEC0F307238DF81000C0F341
:1022F00007408DF811308DF81200163400260025A5
:10230000F7B238460DF10702E9B2FFF731FF9DF849
:1023100007003F2812D823882B41DB075DBF9DF8BB
:102320000A309DF808209DF809109DF8123044BF2E
:102330009DF810209DF8111000F09EFD01350E2D26
:10234000DFD10136052E04F10204D8D107B0F0BD6B
:10235000660C00202DE9F3411F4D6A79EB799B1A39
:102360007F2B9AB232DDA2F580731BB2002BB8BF6F
:102370000333AA79DFF8648043F38F042B7A9B1A26
:1023800048BF03339E10AB788DF80230002708EB6E
:1023900047036A795B781B0904FB03228DF8002050
:1023A000AA7906FB03238DF80130009800F098FE0F
:1023B000C0F30743C2B2C0F307213846013700F02B
:1023C0005BFD402FE3D102B0BDE8F08113F17F0F38
:1023D000CCDA02F58073C8E7660C00207C92000816
:1023E0002DE9F74F234E7779F57996F80680347A00
:1023F000ED1B48BF0335B4EB080448BF03348146E6
:10240000FEF766FA424202F03F0200F03F0358BF77
:102410005342AD10A4104FF0000A5FFA83FBB9F1EC
:10242000000F01D1D3451DD1FEF752FA00F0030091
:1024300000FB05708DF80000FEF74AFA00F003007B
:10244000B3788DF8023000FB04808DF8010000980D
:1024500000F046FEC0F30743C2B2C0F30721504666
:1024600000F00AFD0AF1010ABAF1400FD7D103B01A
:10247000BDE8F08F660C00202DE9F341154A164E99
:1024800014683379154F9C40E4B200254FF0FF08E3
:1024900017F8013B8DF801809B003F2B9ABFC3F1D9
:1024A0003F039BB2002323448DF80030B3788DF8AE
:1024B0000230009800F014FEC0F30743C2B2C0F32C
:1024C00007212846013500F0D7FC402DE0D102B0AD
:1024D000BDE8F0814C0E0020660C00209011002019
:1024E000F7B5174B17491A790D689B78164E174F99
:1024F0008DF802309540FF22EDB28DF801200024C6
:1025000016F8013B17F814209B003F2B9ABFC3F12C
:102510003F039BB200232A4413448DF800300098F7
:1025200000F0DEFDC0F30743C2B2C0F3072120462E
:10253000013400F0A1FC402CE2D103B0F0BD00BF9B
:10254000660C00204C0E0020901100207C920008A8
:10255000F7B5174B17491A790D689B78164E174F28
:102560008DF802309540FF22EDB28DF80120002455
:1025700016F8013B07EB44029B003F2B52789ABFB1
:10258000C3F13F039BB200232A4413448DF800306B
:10259000009800F0A5FDC0F30743C2B2C0F30721C5
:1025A0002046013400F068FC402CE1D103B0F0BDBE
:1025B000660C00204C0E0020901100207C92000838
:1025C000F7B50646FEF784F9424202F03F0200F0FA
:1025D0003F03114F58BF53420025DCB20EB9AC4245
:1025E00015D1FEF775F98DF80000FEF771F9BB788B
:1025F0008DF802308DF80100009800F071FDC0F3F5
:102600000743C2B2C0F30721284600F035FC01356C
:10261000402DE3D103B0F0BD660C002073B5114B23
:1026200011491A790C689B78104E8DF8023094404D
:10263000E4B20025727816F8023B8DF8012023449D
:102640008DF80030009800F04BFDC0F30743C2B294
:10265000C0F307212846013500F00EFC402DE9D1DA
:1026600002B070BD660C00204C0E0020FC920008E9
:10267000F7B5174C174A23791568174F9D40A37873
:102680008DF80230EDB2002639787B782944CAB241
:10269000090648BFD243617948BFD2B25B0801EB5B
:1026A00092027F338DF800208DF80130009800F001
:1026B00017FDC0F30743C2B2C0F30721304601360D
:1026C00000F0DAFB402E07F10207DDD103B0F0BDC8
:1026D000660C00204C0E0020FC9200081FB5134B26
:1026E000ADF804108DF808109B788DF80A30C1F30E
:1026F00007218DF809100446029800F0F1FCFE2C29
:102700000246C1B2C2F30742C0F3072004D104B0AD
:10271000BDE81040FFF747BD13460A460146204674
:1027200004B0BDE8104000F0A7BB00BF660C00205D
:1027300070B51B4CE07AFF2809D01A4B1B789B0719
:1027400005D5637AA17A43EA0121FFF7C7FF032089
:1027500003F040F8064638B1207DFF281ED0618A7C
:10276000BDE87040FFF7BABF022003F033F805461A
:1027700050B1607CFF2811D0217CE37B43EA012328
:10278000310C09041943EBE7012003F023F828B1C9
:10279000A07BFF2802D0A389290CF2E770BD00BFFF
:1027A000660C0020480E002038B5384A1378132BE9
:1027B00002D80133137038BD354A364813680133E7
:1027C0001360354A13685C1C1CBF01331360402141
:1027D00010F8013BFF2B1CBF013300F8013C01390D
:1027E000F6D12E48C378FF2B044603D1BDE838400C
:1027F000FFF718BD2A4D2D7815B1007880061BD43F
:10280000647844B112684FF496614C4394422EBFF1
:10281000002401240023234A10781370C01A03F106
:10282000FF3318BF0120092B09D8DFE803F010138C
:1028300016191C1F2225282B01240B46EBE7FFF756
:102840000DFD002CB7D1BDE83840FFF771BFFFF791
:102850000BFDF6E7FFF722FDF3E7FFF77BFDF0E75F
:10286000FFF7BEFDEDE7FFF707FEEAE7FFF738FEEB
:10287000E7E7FFF76DFEE4E7FFF7A2FEE1E7FFF70A
:10288000CDFEDEE7FFF7F4FEDBE700BF500E0020D1
:102890004C0E002090110020440E0020660C0020F9
:1028A000490E0020640C0020034608460428114607
:1028B00001D9187070471A46FFF75ABCFD282DE958
:1028C000F74305460F4690464FF000041CD90870A8
:1028D000147003B0BDE8F08301360E2E04D101342C
:1028E000E4B2052CF5D00026F1B20DF10702204626
:1028F0008DF80790FFF73CFC9DF80730AB42EBD119
:102900003C7088F80010E4E74FF0FF09EBE70000A7
:1029100010B40378073B0F2B12D8DFE803F008143C
:10292000181C20242A30363D43474D51575B304A0E
:1029300043781178003B18BF012363F345111170F0
:102940005DF8044B70472A4B42785A70F8E7284BE1
:1029500042789A70F4E7264B4278DA70F0E7244B1D
:1029600042781A71ECE7224B42785A7182789A7158
:10297000E6E71F4B4278DA7182781A72E0E71C4B67
:1029800042785A7282789A72DAE7827841781948E6
:102990005DF8044BFFF788BF154B42781A738278B5
:1029A0005A73CDE7827841781348F1E7104B4278AB
:1029B000DA7382781A74C3E7827841780F48E7E7C0
:1029C0000B4B42789A748278DA74B9E7827841784E
:1029D0000B48DDE70B4A00F10A01447810F8023F8A
:1029E00043EA0423814222F8023BF6D1A8E700BF64
:1029F000660C0020710C0020740C0020770C002065
:102A00007A0C00207C0C0020014611F8013B013BB0
:102A1000152B78D8DFE803F00B11161B202A252F81
:102A20003235383B41464B5055595E62676B364BE9
:102A30001B7803F0010343707047334B1B78C3F3DB
:102A40004003F8E7304B1B78C3F38003F3E72E4BCA
:102A50001B78C3F3C003EEE72B4B1B78C3F30013C3
:102A6000E9E7294B1B78C3F34013E4E7264B1B78B7
:102A7000C3F38013DFE7244B5B78DCE7224B9B78C2
:102A8000D9E7214BDB78D6E71F4B1B79D3E71E4BE9
:102A90005A7942709B79837070471B4BDA79427088
:102AA0001B7AF8E7184B5A7A42709B7AF3E7164B79
:102AB000821CD87AFFF702BF134B1A7B42705B7BF4
:102AC000E9E7114B821C987BF4E70F4BDA7B4270ED
:102AD0001B7CE0E70C4B821C587CEBE70A4B9A7C92
:102AE0004270DB7CD7E7084B821C187DE2E7074B7E
:102AF00000F10A011A88120A427033F8022B00F81A
:102B0000022F8842F6D17047660C00207C0C002012
:102B100002482022272101F097BA00BF660C00204E
:102B200002482022272101F0ABBA00BF660C00202A
:102B300010B500F0E3FA0021502000F057F900240E
:102B4000A4F13C03012B94BF00230123E0B21A46F9
:102B50001946013400F0B0F9402CF1D10021502089
:102B600000F028FA044A0023FF210133402B02F829
:102B7000011BFAD110BD00BF90110020044AD37888
:102B800001330A2BA8BF0A23D370FFF7C9BF00BFC8
:102B9000660C0020054AD378013B23EAE3730A2B35
:102BA000A8BF0A23D370FFF7BBBF00BF660C00208D
:102BB000044A13790133032BA8BF03231371FFF7D2
:102BC000AFBF00BF660C0020034A1379013B83F3BB
:102BD00002031371FFF7A4BF660C0020044A937828
:102BE0000833FF2BA8BFFF239370FFF799BF00BFE7
:102BF000660C0020034A9378083B23EAE373937042
:102C0000FFF78EBF660C0020044A53790833FF2B70
:102C1000A8BFFF235371FFF783BF00BF660C0020DE
:102C2000034A5379083B23EAE3735371FFF778BFF4
:102C3000660C0020044A93790833FF2BA8BFFF23BA
:102C40009371FFF76DBF00BF660C0020034A9379B4
:102C5000083B23EAE3739371FFF762BF660C002021
:102C6000044AD3790833FF2BA8BFFF23D371FFF7A2
:102C700057BF00BF660C0020034AD379083B23EA04
:102C8000E373D371FFF74CBF660C0020044A137A3C
:102C90000833FF2BA8BFFF231372FFF741BF00BF0C
:102CA000660C0020034A137A083B23EAE37313728D
:102CB000FFF736BF660C002038B58B7805460C460A
:102CC0001BB109786078FFF77DFAA5F5BE400D28A5
:102CD00054D8DFE800F0070D12171C21262B3035E1
:102CE0003B41474DA4787CB3FFF778FF00242BE0ED
:102CF000A4784CB3FFF77EFFF8E7A47824B3FFF77E
:102D00003DFFF3E7A478FCB1FFF744FFEEE7A478BA
:102D1000D4B1FFF74DFFE9E7A478ACB1FFF754FF5A
:102D2000E4E7A47884B1FFF76FFFDFE7A4785CB134
:102D3000FFF776FFDAE7A47834B1FFF77BFFD5E73A
:102D4000A4780CB1FFF782FF204638BDA478002C90
:102D5000FAD0FFF785FFC9E7A478002CF4D0FFF77D
:102D60008BFFC3E7A478002CEED0FFF78FFFBDE701
:102D7000A478002CE8D0FFF795FFE5E70124E3E70E
:102D800008B50B46064940000B704A7064230222C6
:102D900000F0FE0000F0DCF9B0FA80F0400908BD58
:102DA000501300202DE9F0410F4E40000F46C5B2F0
:102DB0000024B04634703A190023013312F8011B85
:102DC00008F80310102BF8D164231122314628464D
:102DD00000F0BEF928B91034C02CEBD10120BDE8B9
:102DE000F0810020FBE700BF5013002070B5C52222
:102DF00004460D46FE21FFF7C3FF0022FD212046B9
:102E0000FFF7BEFF0026F1B2002220460136FFF791
:102E1000B7FF182EF7D1C522FE212046FFF7B0FFDD
:102E20000122FD212046FFF7ABFF0026F1B2002270
:102E300020460136FFF7A4FFC02EF7D1C522FE21A0
:102E40002046FFF79DFF0322FD212046FFF798FF54
:102E5000FF2201212046FFF793FFAA0142F0010261
:102E6000204602F0C1020021FFF78AFFBDE8704052
:102E70004FF47A7004F005B93F28F0B514D80B4C24
:102E8000DFF830C004EB800514F82040AF78EE780E
:102E90006D7804F00304C02000FB04C04155C25506
:102EA0008355034B01221A55F0BD00BF7C910008E9
:102EB000830E0020D01100202DE9F04F284D05EBA6
:102EC0008004182694F801B094F802C0E77815F849
:102ED0002040244D04F003044FEADB0A06FB0456AD
:102EE0000BF0070B012000FA0BF04FEADC094FEA68
:102EF000D70816F90AE00CF0070C07F0070740B2F4
:102F000021B34EEA000006F80A00182000FB045026
:102F1000012606FA0CFC10F909104FFA8CFCC2B11C
:102F200041EA0C01182200F8091002FB04550121A6
:102F300001FA07F715F908207FB26BB13A4305F89B
:102F40000820094B01221A55BDE8F08F2EEA000037
:102F5000D9E721EA0C01E5E722EA0702EFE700BF23
:102F60007C910008510E0020810E002070B50E4E9D
:102F7000725C05460C46A2B1C522FE21FFF700FF98
:102F8000FD2101222846FFF7FBFE084B04EB44011C
:102F900003EB81112846FFF705FF10B9044B01220E
:102FA0001A550023335570BD830E0020D011002028
:102FB000810E0020124B5A5C2DE9F04107460C4669
:102FC0009846BAB1C522FE21FFF7DAFE0022FD21A4
:102FD0003846FFF7D5FE0B4B04EB440603EBC60661
:102FE0000025E9B216F8012B38460135FFF7C8FE77
:102FF000182DF6D1002308F80430BDE8F08100BF99
:10300000810E0020510E00207FB510F47F4F0190FB
:10301000C0F30726C0F3074217D109B12F4B9A5CC2
:103020008DF80C208DF80D208DF80E209DF80C30B9
:10303000002063F307009DF80D3063F30F209DF827
:103040000E3063F3174004B070BD9DF8043061B3D7
:1030500022498A5C03EB43046FF05400FF216400B3
:10306000B4FBF1F4604300EB430000EB4000C0B25E
:1030700016FB00F31B12081A8D1BCB1A06FB00F17E
:103080000912C1F1FF01554353435143C5F30725CD
:10309000C3F30723C1F30721D2B2062C19D8DFE806
:1030A00004F00608110F1418060092B2D2E7134676
:1030B0000A468DF80C208DF80D308DF80E50B5E7CE
:1030C00011461A462B460D46F3E70B4611462A4693
:1030D000F9E711462A461D460B46EAE72C970008F9
:1030E00084B0012104B0FFF78FBF28B1202814BF9E
:1030F0004FF0FF306FF0010070470000124B07B532
:103100001A78F2B90121197010480192402105F096
:1031100072F8019A0D48802105F06DF84FF47A702D
:1031200003F0AFFF094840F20622402105F063F8A2
:10313000064840F20622802103B05DF804EB05F05A
:103140005AB803B05DF804FB860E00200004004866
:103150002DE9F043DFF85C80144C85B00D462070FB
:103160001349404616461F4604F0D0FADFF848C01F
:10317000247840F2E7300021ECFB07014FF47A722B
:103180000023FDF707F94FF000096408CDE901902D
:10319000CDF8009033462A462146404604F0C4FA52
:1031A00005B0BDE8F043FFF7A0BF00BF850E0020CB
:1031B000C4930008D01D0020A0860100704770470E
:1031C0000120704701207047704708B5FFF7FCFFEA
:1031D00008BD000013B502AB03E903000F4B1B78D9
:1031E000B3B99DF80230009873B16AB102F084FB64
:1031F00004460146009802F03BFB0099204602B0CD
:10320000BDE8104001F066B902F056FB0446F4E751
:10321000009802F071FB0099F1E700BFB80E0020A2
:1032200003460A4600689988FFF7D4BF10B500210D
:103230000446FFF7F5FF2146FFF7C7FF10BD10B5A5
:10324000012404FA02F204FA01F1114304FA03F32F
:1032500031EA00020CBF1843984310BD08B513466D
:103260000A46014603480068FFF7E9FFBDE8084049
:1032700002F0A0BA080F002008B500F0C7FABDE8B8
:103280000840FEF726BFFEF726BF704708B501F0DD
:1032900047FFFFF7FAFF46F2A81003F0F2FEBDE881
:1032A000084002F087BE38B501210546FFF7B8FF98
:1032B0002946044600F0C1FF08B9002038BD294660
:1032C0002046FEF70FFF0028F7D02946204601F0E0
:1032D000E5F90028F1D02946204601F039FA002806
:1032E000EBD02946204601F00DFB0028E5D0AB7855
:1032F0005BB145F65A539C421CD00AD8B4F5B84F7E
:1033000012D045F6DE439C4211D02846FFF75AFF03
:10331000D4E745F65B539C420FD045F65C539C4284
:10332000F3D102F079FBF0E7FFF7B0FFC5E702F059
:10333000F3FCC2E702F07CFBE7E702F07CFBE4E78A
:10334000F8B5174B17491F5C174BC20800F0070070
:103350008D5C16499B5C8E5C0341054113F00104B2
:1033600046FA00F005F0010500F0010602D0E12068
:1033700001F010FC15B1E62001F00CFC384601F01C
:103380009CFC15B1E62001F051FC14B1E12001F0E4
:103390004DFC26B1BDE8F8402C2001F08EBCF8BDF4
:1033A0002096000800960008A096000810960008D5
:1033B0002DE9F041234F04460E464FF00A082078CD
:1033C00000283CD0012837D16378012B0ED1A0789A
:1033D000A51C01F072FC2C4601343546013DEDB2CE
:1033E000FF2DECD0642003F04CFEF7E7022B04D154
:1033F000A078A51C01F0CEFBEDE7032B04D1A0784B
:10340000A51C01F013FCE6E7042B01D00134E3E72F
:103410002246002512F8023FD95D4907144605D41B
:10342000013DD9D3642003F02CFEF9E7303B08FBC3
:10343000053512F8013FEFE7FFF782FFCCE7BDE863
:10344000F08100BF159000080021FFF7B1BF704761
:103450000120704708B5FFF7FBFF08BD10B5044613
:10346000FEF765FE2046FFF7F5FF10BD0020704710
:1034700070470000014B33F810007047DE960008DB
:1034800013B5ADF80410019901F024F800F0CCF860
:10349000B0F5A04F044630D2B0F5804F80F08A805E
:1034A000E72817D8DF280AD8A7280BD8A4286AD875
:1034B000012804D0031F9BB2A12B28BF0024204663
:1034C00002B010BDBE2864D9C03880B21F286AD9A6
:1034D0000024F4E7B0F5405F09D2B0F5005F60D298
:1034E000FF2854D8EF28F3D940F4A04024E0020587
:1034F000C3B25CD443F44044E1E7B0F5AA4F1DD217
:10350000B0F5A84FC3B275D2B0F5A64F0AD2B0F548
:10351000A44F64D2B0F5A24F51D34AF2F10040EA71
:103520000324CCE79C08012003F0030300FA03F313
:1035300043EA441040F40A4084B2C0E7B0F5B44F07
:103540000FD2B0F5B24F61D2B0F5AC4F55D3A0F564
:10355000B0439BB2FF2BBBD84AF2F00040EA0420F4
:10356000EAE7A0F5C0439BB2B3F5005FB0D2C0F369
:10357000042000F0D9F8000200F4F853E4B21C4330
:1035800044F400549BE7A0F1240444F48044A4B222
:1035900095E75834E4B2234B33F8140040F48844E0
:1035A0008DE7C0F30B00FFF765FF044687E743F4A0
:1035B000484484E7C0F30B0040F420447FE7C3F3A2
:1035C0008104C0F30110640144EA002403F0030302
:1035D000012000FA03F31C4344F40C40ACE79C08C0
:1035E000012003F0030300FA03F343EA441040F41C
:1035F0000C40A1E74AF2F40091E7C0B200F094F861
:10360000000200F4F85040F4005458E700F00F00B6
:1036100000F08AF8C4F3031440EA042040F4104098
:103620008AE700BFB0960008E7284DD8DF2807D802
:10363000312861D00ED8292857D02A2863D0704766
:10364000A0F1E003072B3FD8DFE803F0123E21266C
:10365000303E3A3F392804D0822802D035283DD068
:103660007047304B1B7813F0030F18BFE0207047F2
:103670002C4A1378D9074DD4527812F0010F23D079
:1036800013F0100F08BFE32018BF00207047254B30
:103690001B7813F0040FF2E7224A137859073BD442
:1036A0005278D2073AD413F0100FEDE71D4B5A7839
:1036B000910709D51B7813F0100F08BFE720E3E747
:1036C000184B1B781A07F6D47047164A1378190757
:1036D00026D452789207E6D5E420F5E7114B1B7803
:1036E00013F0200F18BF292070470E4B1B7813F0E2
:1036F000200F18BF352070470A4B1B7813F0400F7E
:1037000018BF2A207047074B1B7813F0400F18BFD3
:103710003120704739207047E2207047E020704721
:10372000E620704764130020294B1A78510707D50B
:1037300000F01801082927D100F0F70040F004003C
:10374000110707D500F01801182926D100F0E7006D
:1037500040F014005B78D90707D500F0180108295C
:1037600024D100F0F70040F00100990707D500F0E0
:103770001803182B23D100F0E70040F01100D30606
:1037800048BF00F0E700704700F01401042904BFAF
:1037900000F0FB0040F00800D2E700F0140114290B
:1037A00004BF00F0EB0040F01800D3E700F0110177
:1037B000012904BF00F0FE0040F00800D5E700F04A
:1037C0001103112B04BF00F0EE0040F01800D6E703
:1037D0006413002000F00EBD08B500F0A7F84FF408
:1037E0007A7003F04EFC00F0A1F8002000F02EF8F3
:1037F000C30705D5FFF7EEFFBDE8084002F0DABBCE
:1038000008BD08B5FFF7E8FF08BD000008B502F0E5
:1038100001FA08B902F080FA02F006FA084B1870B3
:1038200002F008FA074B1880FFF7EBFF02F0FFF9F0
:1038300001F09FFF044B1868BDE8084001F0B5BFD8
:103840005E0F002064130020080F0020014B33F8A6
:1038500010007047701300207047032003F011BC64
:1038600000BF00BF00BF00BF00BF00BF00BF00BF60
:1038700000BF00BF00BF00BF00BF00BF00BF00BF50
:1038800000BF00BF704708B5FFF7E7FF08BD08B5E8
:10389000202282F31188012100F00F03994020F0CB
:1038A0000F0004F0A8FC002383F3118808BD00007A
:1038B00038B51648164DFFF7EAFF1648FFF7E7FF41
:1038C0001548FFF7E4FF1548FFF7E1FF1448FFF73D
:1038D000DEFF0E2455F8040B013CFFF7D8FF14F06F
:1038E000FF04F7D10F4B104A1C8005201480548030
:1038F0005C8094809C80D480DC8014811C8100F0EA
:1039000077F8BDE83840FFF7B7BC00BF03040048B4
:10391000E096000804040048050400480800004838
:103920000400004870130020661300202DE9F74FB3
:103930000025DFF8B8B02A4F05264FF020094FF0D8
:103940000108AA465BF8044B89F3118824F00F00A4
:1039500004F00F0408FA04F421460122019004F057
:103960004AFC0198A4B244838AF31188FFF778FFD8
:1039700000211C480C4650F8043B23F00F0203F0D2
:103980000F03126922FA03F3DB075ABF08FA01F2A8
:1039900013B20023013123430E299CB2EBD15BF813
:1039A000040CFFF774FFFFF76EFF3B88013EA34254
:1039B0001ABF3C800123002316F0FF0645EA0305E9
:1039C00007F10207BED1084905482B46052200F041
:1039D00011F8FFF758FC284603B0BDE8F08F00BF90
:1039E00066130020E0960008701300201897000866
:1039F00070470000F8B5104C06460F4615462BB12F
:103A00000123237002F0CAFA0C4B188023782BB1E3
:103A10000A4B188802F0C7FA05280AD8F8BD36F80C
:103A2000132027F8132001339D42F8DC0023237074
:103A3000F4E70023F8E700BF870E0020880E00207F
:103A4000194B1B78D90709D5184B187800EB800063
:103A500080087F2824D828B3C0B270479A0705D5BC
:103A6000124B187800EB80004008F2E75B0704D5A2
:103A70000E4B187800EB8000EBE70D4B1B786BB119
:103A80000C4A0A49127808789342F3D210FB03F0EB
:103A900000EB8000B0FBF2F080B2DAE70520DBE754
:103AA0007F20704701207047940E00209A0C002060
:103AB000950E00209B0C0020154B1B78D90705D5CF
:103AC000144B1878800800B3C0B270479A0703D52A
:103AD000104B18784008F6E75B0705D50D4B1878B2
:103AE0007F28F0D97F2070470B4B1B785BB10B4AC6
:103AF000084912780878934236BF10FB03F080B271
:103B0000B0FBF2F0ECE70120DEE70120704700BFD8
:103B1000940E00209E0C0020960E00209F0C00208A
:103B2000F02808B505D1FFF78BFF4042294BD8702C
:103B300008BDF12802D1FFF783FFF7E7F22805D18E
:103B4000FFF77EFF4042234B9870F1E7F32802D144
:103B5000FFF776FFF7E7F92804D1FFF7ADFF1D4B1C
:103B60001871E5E7FA2803D1FFF7A6FF4042F6E710
:103B7000FB2805D1FFF7A0FF4042164B5871D7E74D
:103B8000FC2802D1FFF798FFF7E700F10C03DBB246
:103B9000042B08D80F4A0123F43803FA00F05378B5
:103BA00018435070C4E7FD2805D10B4A137843F041
:103BB00001031370BCE7FE2804D1074A137843F0D1
:103BC0000203F6E7FF28B3D1034A137843F0040356
:103BD000EFE700BF8E0E0020940E0020364BF02839
:103BE00093F902200AD193F9031000290CDA00217D
:103BF000D97052B9314A0021117006E0F1280DD177
:103C000093F903100029F2DC72B11A795B7913433E
:103C10005AB2002B4FD12A4B1A707047F22806D1A6
:103C2000002AF1DA00229A7093F90320E1E7F328E1
:103C300002D1002AF6DCE7E7F92893F9041004D151
:103C40000029E1DD00211971DEE7FA2802D10029FF
:103C5000DADAF7E7FB2893F9051004D10029D3DA63
:103C600000215971D0E7FC2802D10029F8DCCBE70C
:103C700000F10C01C9B2042907D8F43801218140B0
:103C8000587820EA01005870BEE7FD2805D10D489C
:103C9000017821F001010170B6E7FE2804D109483E
:103CA000017821F00201F6E7FF28ADD1054801783F
:103CB00021F00401EFE770478E0E0020950E0020E2
:103CC000960E0020940E002008B502F067F9094B0B
:103CD000DA7899780A431CBF074A10801A795B7911
:103CE00013431CBF054B1880BDE80840014800F095
:103CF00055BE00BF8E0E00208A0E00208C0E0020C4
:103D00002DE9F047564C94F9028094F9037094F928
:103D1000046094F9055094F800A094F801900023F1
:103D2000A370E3702371637158EA07030AD04D4B07
:103D3000188802F038F94C490B783BB34B4A12789B
:103D400090422DDC56EA05030BD0494B188802F04F
:103D50002AF948490B78002B4ED0474A12789042F6
:103D600054DCE278A3781343227913436279134336
:103D700001D0FFF7A9FF84F800A084F8019084F82F
:103D80000280E77026716571BDE8F0873B4A1278C2
:103D900002EB8202B0EB420FD4DD01330B7001E085
:103DA000FF2BFAD1B8F1000F08D0FFF749FEB8F1A8
:103DB000000FCCBF0123FF235843A0703FB1FFF792
:103DC0003FFE002FCCBF0123FF235843E07094F93E
:103DD0000220002AB6D094F903100029B2D0B523EE
:103DE0005A43121203FB01F308BF01221B1208BF42
:103DF0000123A270E370A5E7214A127802EB820248
:103E0000B0EB420FADDD01330B7001E0FF2BFAD1B7
:103E10003EB1FFF751FE002ECCBF0123FF235843D4
:103E200020713DB1FFF748FE002DCCBF0123FF23D9
:103E30005843607194F90420002A92D094F9051037
:103E400000298ED0B5235A43121203FB01F308BF99
:103E500001221B1208BF01232271637181E700BF99
:103E60008E0E00208A0E0020950E0020990C002056
:103E70008C0E0020960E00209D0C0020980C002037
:103E80009C0C0020054A002313609380044A1370A1
:103E9000044A1370044A1370704700BF8E0E00204E
:103EA000950E0020960E0020940E002008B500F01C
:103EB00067F940F6FF7008BD08B5074800F018F92B
:103EC000064800F015F9064800F012F9BDE8084070
:103ED000044800F00DB900BF00E0030800E8030843
:103EE00000F0030800F80308B0F5805F2DE9F04109
:103EF000884602D30020BDE8F081450005F100644A
:103F000004F578344FF6FF7223889BB293424FEA50
:103F1000A02604D1204600F00DF980B2EBE7F602AE
:103F2000124F06F1006606F578364FF4006231460E
:103F30003846FCF7B1FB23789845DBD040F2FE70A1
:103F40002840002407F80080304600F0D1F8395DA1
:103F500061F0FF014B1C03D089B2301900F0EAF880
:103F60000234B4F5006FF2D1D7E700BF7A13002016
:103F700080B2400000F1006000F5783000787047B2
:103F800080B2FFF7B1BF83B25B0003F1006303F5BA
:103F900078331A78431C9BB25B0003F1006303F58E
:103FA0007833187842EA0020704738B584B20D465D
:103FB0002046C9B2FFF798FF601C290A80B2BDE80D
:103FC0003840FFF791BFFFF7F0BF82B2F8B5571C3A
:103FD000BFB20C465300790003F1006301F10061A8
:103FE00003F5783301F57831961CB6B2187891F85C
:103FF00000C0710001F1006101F57831D51CADB24E
:104000000B78690001F1006101F578311B04097832
:1040100043EA0C23034343EA0163A34213D0E1B212
:104020001046FFF761FFC4F307213846FFF75CFF36
:10403000C4F307413046FFF757FF210E2846BDE87D
:10404000F840FFF751BFF8BD10B503460A440846D3
:10405000904200D110BD441CFFF78AFF03F8010B0A
:104060002046F5E770B504460D468618B44200D1E7
:1040700070BDA8B214F8011BFFF736FF0135F5E754
:10408000FFF7F0BF0B4BDA68D0070CD4DA685107A2
:104090000BD4DA68D2060AD4D86800F00100C0F167
:1040A0000500C0B27047012070470220704703200E
:1040B000704700BF0020024073B50446FFF7E2FFDF
:1040C0000025FF2601280FD114B9062002B070BDCB
:1040D00001950196019B1BB9FFF7D4FF013CF1E765
:1040E000019B013B0193F5E7002C08BF0620EDE79B
:1040F00038B5054640F6FF70FFF7DEFF052815D1FD
:104100000B4C236943F0020323616561236943F08B
:104110004003236140F6FF70FFF7CEFF06281EBF65
:10412000236923F0020323613423E36038BD00BF19
:1041300000200240104B00F178429A4270B50546CB
:104140000E4616D81F20FFF7B7FF052810D10B4CDD
:10415000236943F0010323611F202E80FFF7ACFF8A
:1041600006281EBF236923F0010323613423E36083
:1041700070BD0720FCE700BFFEFF070000200240E3
:10418000034B044A5A6002F188325A60704700BFFC
:10419000002002402301674508B52320FFF7E8FE11
:1041A000212801D0002008BD2420FFF7E1FE0728C8
:1041B000F8D12520FFF7DCFEA0F113035842584147
:1041C000F1E710B5041E14BF2121FF212320FFF7C2
:1041D000D7FE002C14BF0721FF212420FFF7D0FEBB
:1041E000002C18BF1321BDE8104008BFFF21252077
:1041F000FFF7C6BE08B50020FFF7E3FFBDE80840A3
:1042000001F0FEBC08B52620FFF7B2FE08BDC1B222
:104210002620FFF7B5BE08B5FDF74AFFFFF7BCFF44
:1042200050B9FFF7F4FF00F0FFF800F097F9BDE890
:1042300008400120FFF7C5BF08BD10B58C78FCB160
:10424000A0F5BE43123B0F2B24D81238C0B200F0A9
:1042500091F90024204610BD012001F0CFFA03227D
:1042600002210120FEF7FAFFF3E7012001F0D0FA66
:10427000032202210120FEF7F1FFEBE70220F5E720
:1042800045F610739842F0D045F611739842F5D078
:104290000124DFE745F610739842DDD045F611732F
:1042A0009842D7D10220D8E7F8B50378013B0446FD
:1042B0000D46122B00F28D80DFE803F00A143B4418
:1042C0004A543636368B8B575B616A737679820037
:1042D000002343700923837029462046BDE8F84037
:1042E00002F09AB94378022B0DD0032B0ED0012B8C
:1042F0001AD101F033FE030EA370030CE370030A1E
:1043000023716071E8E7FFF77DFFF4E707460026B9
:10431000F0B2FFF79BFA0136030A052EBB70F87066
:1043200007F10207F4D1D7E729462046FDF70EFF33
:10433000D2E74378022BF7D1D0F8020000BAFFF79A
:1043400066FFC9E7C2788178407800F050F8D6E778
:1043500002794379817843EA0223C278407800F0F9
:1043600054F8B9E700F060F8B6E700F0C6F86070FE
:10437000B2E700F0C4F8030A6370A070ACE7A3785A
:104380004078E178221D43EA002000F0BBF8A3E763
:10439000A3784078E178221D43EA002000F0C9F8B4
:1043A0009AE700F0DBF897E700F016F8DFE7A3786C
:1043B0004078E178221D43EA002000F05FF88BE7A7
:1043C000A3784078E178221D43EA002000F06DF8E0
:1043D00082E7FF2303707FE70420704752001C230D
:1043E00003FB01218C2202FB00104730704738B5D7
:1043F000FFF7F4FF0546FFF7BBFD0402681CFFF75B
:10440000B7FDA4B2204380B238BD38B51C46FFF7D3
:10441000E5FF210A0546FFF7B3FDE1B2681CBDE8E0
:104420003840FFF7ADBD00002DE9F74F0026DFF85B
:1044300048B0344606EB0B0800255FFA84FA0FE01B
:10444000FAB239F8023B019150460137FFF7DDFF20
:104450000E2F0199F4D10135052D08F11C0803D068
:10446000C1460027E9B2EBE70134042C06F18C06C3
:10447000E0D103B0BDE8F08FD0930008F8B5144642
:1044800000F1470556180027B44200D1F8BDA5F148
:104490004703B3F50C7F06DA2846FFF769FD207065
:1044A00001350134F0E72770FAE7F8B50E461746F4
:1044B00000F147040025B54200D1F8BDA4F147033F
:1044C000B3F50C7F03DA795D2046FFF759FD01341F
:1044D0000135F0E782B00328ADF804100AD89DF842
:1044E0000510042906D89DF804200D2A02D802B030
:1044F000FFF77DBF002002B070471020704740F2E8
:1045000089107047F8B5144600F277255618002731
:10451000B44200D1F8BDA5F27723B3F5C47F06DC21
:104520002846FFF725FD207001350134F0E727709C
:10453000FAE7F8B50E46174600F277240025B54293
:1045400000D1F8BDA4F27723B3F5C47F03DC795D15
:104550002046FFF715FD01340135F0E710B540F2B4
:104560007724204600210134FFF70AFDB4F5806F5F
:10457000F7D110BD0F28F7B5044620D840F2FF3020
:10458000FFF7F6FCD8B940F27725D4B9019401279A
:104590002846FFF7EDFC6E1C8DF804008DF80540F1
:1045A00068B1431E022B17D88DF8050030468DF8F0
:1045B0000470FFF7DDFC02358DF8060068B903B022
:1045C000F0BDB5F5806FFAD02846FFF7D1FC08B9E9
:1045D000013CE4B20135D8E7354601A8FEF734FFC7
:1045E000D6E70000F8B5144682789DF818701D468D
:1045F000284B92B11C7001F0D1FC274B188004F1BC
:104600002003DBB2072B44D804F007040120A040AC
:10461000C0B2BDE8F84000F056BB1E78A6422ED1CD
:104620001D4B188801F0BFFCC72828D8AE4205F101
:10463000200415D006F12003DBB2072B06D806F0C4
:1046400007060120B040C0B200F046FBE3B2072BE2
:1046500006D805F0070301209840C0B200F033FBF4
:104660003846E4B200F029FB072C12D805F0070504
:104670000120A840BDE8F840C0B200F02DBB04F115
:104680002003DBB2072B04D804F007040120A0406C
:10469000F0E7F8BD970E0020980E002013B545F600
:1046A000F64304469C4208460FD845F6F2439C4226
:1046B00012D845F6D8439C421DD045F6D9439C42BA
:1046C0003ED045F6D7439C420FD0807800283BD09F
:1046D0001E4B00221A701CE0A4F5B944743C022C55
:1046E0000ED8DFE804F0181F260026230093E123EC
:1046F0001A4621460AE027230093E523E522F8E73E
:1047000026230093E022E12345F6F341FFF76AFFF9
:10471000002002B010BD27230093E422E52345F6D4
:10472000F441F3E726230093E222E12345F6F54125
:10473000ECE727230093E622E52345F6F641E5E77B
:10474000282300930123D9E70120E2E7970E0020F8
:1047500038B505468878002800F0CF8045F6154327
:104760009D4216D845F601439D4217D901F062FAE1
:10477000634C45F615439D42208021D845F6014300
:104780009D420CD8208801F061FA00F0C9FC00209D
:1047900004E0A5F5B9437A3B082BE7D938BDA5F568
:1047A000B845033D122D1AD8DFE805F01E22263346
:1047B000373B3F455155595D696D71757B97830056
:1047C000A5F5B9457A3DABB2082BDBD8082DD9D871
:1047D000DFE805F0161B4D51376B7A8D9100237879
:1047E00043F001032370CDE7237843F00203F9E798
:1047F000237843F00403F5E7237843F00803F1E757
:10480000637843F001036370BCE7637843F002030D
:10481000F9E7237843F01003E4E7237843F020031B
:10482000E0E7237843F04003DCE700F079FC2378ED
:1048300043F08003D6E7237823F00C0343F00C0306
:10484000D0E7637823F0030343F00303DBE7237827
:104850006FF30003C6E723786FF34103C2E72378C1
:104860006FF38203BEE723786FF3C303BAE763787D
:104870006FF30003C7E763786FF34103C3E723785F
:104880006FF30413AEE723786FF34513AAE7237899
:104890006FF38613A6E700F043FC23786FF3C7138A
:1048A000A0E7237823F00C039CE7637823F003034D
:1048B000A9E72378C3F3800282F00102D2B262F347
:1048C000820362F3C3038DE76378DA4302F00102E7
:1048D00062F3000362F3410395E700F021FC2378C3
:1048E000C3F3C01282F0010262F3C7137AE701201A
:1048F00001F014FA46E70020FAE701204EE700BF76
:104900006413002045F61643984210B50C461BD19F
:1049100001F094F8A2780D4B72B100F0AA000028C3
:1049200015BF01220022352029201A7001F034F829
:1049300001F0F6F8002010BD1B78002B14BF3520C5
:10494000292001F031F8F3E70120F4E79A0E002066
:10495000014B1860704700BF9C0E0020024B186886
:1049600008B10368184770479C0E0020084B1B686D
:104970006BB1084A127842B1074A92F90020002A26
:10498000BFBF02784270052202705B68184770470B
:104990009C0E0020FC0D002064130020034A1268C6
:1049A0001AB1022101709368184770479C0E0020CD
:1049B000054A1188814205D0044B10801B680BB159
:1049C000DB681847704700BFA20E00209C0E002035
:1049D000054A1188814205D0044B10801B680BB139
:1049E0001B691847704700BFA00E00209C0E0020D6
:1049F00008B501F0B3FA024B1860024B186008BD0D
:104A0000A40E0020A80E00207047704708B5FFF7DD
:104A1000FCFF08BD704708B5FFF7FCFF08BD0000AC
:104A200008B5054801F0FEFAFFF740FAFFF7ECFF82
:104A3000FFF7ECFF08BD00BFFD5B000801207047D9
:104A400008B5FFF7FBFF08BD7047704708B5FFF7D3
:104A5000FBFFFFF7FAFF08BD08B501F07DFAFEF78E
:104A600027FFFFF7D8FBFFF7D6FF08BD2DE9F74F6B
:104A7000FEF75CFF08B1FFF7BBFFDFF8D8A0DFF857
:104A8000D88000255646EFB23846FEF7DFFE3AF8EA
:104A9000024B8442814641D098F800309B0701D5F3
:104AA000FEF7DAFE84EA0904A3B2002201242342BD
:104AB0005FFA82FB2DD0FFF7C3FFA8B119EA040FFC
:104AC00014BF012300238DF802308DF800B08DF85B
:104AD000017001F063FA40F00100ADF8040002AB90
:104AE00013E9030000F03AF836F815305C4026F878
:104AF0001540174CFFF704F9FFF730FF2378834286
:104B000022D0FFF72BFF207003B0BDE8F04FFEF777
:104B1000A5BC013264000E2AA4B2C8D10135052D0E
:104B2000B1D14FF6FF73ADF8003000238DF802309D
:104B300001F034FA40F00100ADF8040002AB13E9D3
:104B4000030000F00BF8D4E703B0BDE8F08F00BF1E
:104B5000AC0E0020AE0E00205E0F00201FB56C468C
:104B600084E803009DF802300BB100F093FF0023AE
:104B7000ADF80E3094E8030004AB0290ADF80C10D1
:104B800013E9030004B0BDE8104000F017BD008831
:104B900000F0D2BE10B50446002841D0031FDBB29E
:104BA000A02B11D81F4B0146186801F0D9F820B18D
:104BB000204600F0F9FE00F0B3FF204600F0ECFEC6
:104BC000BDE8104000F0ACBF00F12003DBB2072BC2
:104BD00007D800F007040120A040C0B200F034FF65
:104BE000EEE700F15B03DBB2022B05D82438BDE809
:104BF000104080B2FFF7DCBE00F15803DBB2162B89
:104C000006D8094ABDE8104032F81300FFF7E0BEAD
:104C1000EF2805D9FEF784FFBDE81040FFF754B830
:104C200010BD00BFA00C00202C98000808B590B360
:104C3000021FD2B2A02A05D800F0B6FEBDE8084097
:104C400000F06EBF00F12002D2B2072A07D800F0B0
:104C5000070301209840C0B200F0FEFEEEE700F12D
:104C60005B02D2B2022A04D8BDE808400020FFF758
:104C70009FBE00F15802D2B2162A04D8BDE80840FF
:104C80000020FFF7A5BEEF2805D9FEF7A7FFBDE876
:104C90000840FFF719B808BD38B505460C46FFF7C0
:104CA00079FF24B92846BDE83840FFF7BFBF64202C
:104CB000013C02F0E6F9A4B2F3E739280CBF502119
:104CC0000021FFF7E9BF08B528B100F0BDFEBDE83F
:104CD000084000F025BF08BD08B528B100F0BCFEB3
:104CE000BDE8084000F01CBF08BD2DE9F3478679F8
:104CF000857880460C4600F075FE36090746A0B15F
:104D00002F4695B1C4F3072303F0F003402B04D0E2
:104D100004F12003DBB2072B1ED9022000F050FF64
:104D200000F060FE80F00100C7B2C4F30339B9F1AE
:104D30000F0F3FD8DFE819F0120012006300630084
:104D4000AF00C6003E003E00D0002C013C013C01FB
:104D500091013E003E009A010027E6E7C4F30723D5
:104D6000C4F3032613F0F00F18BF3601E4B295B177
:104D700056B104F12003DBB2072B304600D93CB911
:104D800000F062FE00F0CCFE2046FFF703FF11E0CA
:104D900000F070FEF6E72046FFF748FF56B104F139
:104DA0002003DBB2072B304600D92CBB00F054FEA9
:104DB00000F0B6FEA9F10809B9F1030F03D8FFF717
:104DC000CDFDFEF74BFB002F00F0578100F002FEF7
:104DD00010F0010040F0518188F8020000F0F2FD6F
:104DE00000F00CFD404600F05EF900F0EBFD02B073
:104DF000BDE8F04700F00CBD00F044FED8E7C4F376
:104E0000072303F0F003C4F3032A202BE4B218BFF6
:104E10004FEA0A1A64B1012C28D07DB34EB398F83A
:104E20000630D907B0D56FF3071388F8063020E0B5
:104E300095B13EB900F04AFE40EA0A00C0B2FFF761
:104E400042FFB7E7012EF5D100F040FE40EA0A002C
:104E5000C0B200F047FEADE72EB900F055FE504657
:104E6000FFF73AFFA6E7012EA4D0F6E71DB1052E05
:104E7000A0D85046E3E7042E9CD8F0E7002EEED0F1
:104E8000392C0CBF4FF4FA50012002F0FAF82046FA
:104E9000FFF7CCFE8EE714F4406FC4F3812307D0F4
:104EA000012B87D165B1C4F30900FFF791FD81E7BC
:104EB00025B1C4F30900FFF77BFD7BE72846FAE73D
:104EC0002846F2E7E0B225B1FEF72AFEFEF7FCFE27
:104ED00070E7FEF783FEF9E714F4407F27D1002D39
:104EE0007FF468AFC4F34210E2064FEA800048BF87
:104EF0000F25C0B248BF854004F00F03C4F38124DE
:104F000048BFED438340022C45EA030009D0032C3F
:104F10000AD0012C02D000F037FC4BE700F02CFC4B
:104F200048E700F039FC45E700F023FC42E7C4F312
:104F3000012215B302F00103002B3FF43BAFC4F391
:104F400042108000C2B204F00F0000FA02F114F027
:104F500010001CBF0F2303FA02F0C4F3812414BF16
:104F6000C3430346022C43EA01000BD0032C0CD0B0
:104F7000012C04D000F06AFC1CE75308DCE700F0C9
:104F80005DFC17E700F06AFC14E700F013FC11E782
:104F9000E6B2C4F3032425B1204600F02FFC3046CE
:104FA0004DE73046FFF798FE204600F031FC01E760
:104FB0005FFA84FAAAF1F003042B39D8DFE803F092
:104FC000030E151A23003DB1042E3FF6F3AEC4F3D1
:104FD000042000F029FCEDE6052EF6E7C4F30420DA
:104FE000002DE2D000F00AFCE4E6C4F30420002D1A
:104FF000F8D0DAE725B1C4F3042000F0F9FBD9E6D4
:1050000000F0E4FBD6E64DB1C4F30420019000F0BB
:10501000F5FB0198032100F0AFFDCBE6012000F085
:10502000CFFD012E7FF6C6AE022000F0C9FDC1E61D
:105030002DB10EB15046A8E6C4F30420D2E74EB11C
:10504000BAF1390F0CBF4FF4FA50012002F019F8F1
:1050500050461DE7C4F30420A7E7C4F30322E1B2DE
:105060004046FEF703FA00F017FBA3E6C4F3032261
:10507000E1B24046FEF7FCF99CE602B0BDE8F087DD
:1050800013B501880446807800F062FC0146019166
:1050900000F0ECFB00F06CFB0199204602B0BDE88B
:1050A0001040FFF722BE13B583880288ADF80420B4
:1050B0000446CBB1BDF804204FF6FF739A4213D0DB
:1050C000FEF7F1F850B900F08DFC68B1A3785BB140
:1050D000022002B0BDE8104000F072BD2046FFF78C
:1050E000CFFF2046FEF7A2F802B010BD08B50020A1
:1050F000FFF75EFC0020FFF76BFC00F0CBFC00F03C
:10510000DFFC00F00DFDFEF7BDFEBDE80840FEF738
:10511000DBBD08B500F050FCBDE80840FFF7E6BF76
:1051200008B500F0A1FCBDE80840FFF7F2BFC0F3EE
:105130000332023AC3B20D2A1CD8DFE802F0070797
:105140001B1B141B1B1B0707181B1B18F02B13D052
:1051500004D8E72B8CBF002001207047F42B14BF2C
:10516000002001207047E72B06D9F12BF7E7C0F3A9
:10517000C0207047002070470120704707B5ADF888
:105180000400019800F0D8FB03B05DF804EBFFF7D2
:10519000CEBF82B002AB03E9030002B0704782B019
:1051A00002AB03E9030002B07047000070B5094B81
:1051B000094E1C78094D3378A34200D170BD05EB30
:1051C000C40355F8340059680134FFF7E8FF04F0D0
:1051D0000704F0E7030F0020020F0020C20E00209A
:1051E000024B18685968FFF7DABF00BFBA0E0020FB
:1051F000214BF7B59A7912F0F00F0AD19A7842B1A3
:105200001E4A1F4E12781F4D4FF6FF77317891429C
:1052100001D103B0F0BD98881988ADF8041038B3F7
:1052200089B2B94224D005EBC20493F801C0617879
:105230008C451DD193F800C015F832108C4517D15C
:10524000A178A9B9A188091A89B2C72910D8997972
:105250000948012262F307119971A37962F30713D8
:10526000A371FFF720FF03B0BDE8F040FFF79EBF3A
:10527000013202F00702C9E7BA0E0020030F002036
:10528000020F0020C20E00202DE9FF47C74F044641
:10529000B9880068009038882378627894F8028092
:1052A000B4F804A0ADF80800EC463D46002900F033
:1052B000D48080B24FF6FF7E704500F0CE80BE787D
:1052C000002E00F0CA80AAEB0101B87989B2C72983
:1052D00000F0F00900F293803988ADF80810B9F1B8
:1052E000000F4BD17145C1461BD08DF800308DF8B1
:1052F0000120BDF800C08C4513D1B8F1000F40F07B
:105300001C81012363F30710B871FFF769FF38466A
:10531000FFF7C9FEBB79A3710026304604B0BDE893
:10532000F087BAF1000F40F00C81B8F1000FF3D014
:10533000AB7943F00103AB71EEE700EBC10595F8E3
:1053400001C0944506D110F831C09C4502D1AD781A
:10535000002DE1D1013101F0070106E110F4706F79
:1053600002D0002B00F020812033DBB2072B40F26B
:105370001B812046FFF797FEB14615E1714515D018
:105380008DF800308DF80120BDF800C08C450DD19E
:10539000B8F1000F0AD1A0712046FFF784FE236800
:1053A0003B6063687B60FFF71BFFB6E78DF800305A
:1053B0008DF801200098FFF7E1FEE0B1B8F1000F91
:1053C00019D0AB791F2B0CD92A88ADF8082002A878
:1053D00000228DF80A20ADF80CA08DF80E30FFF7F2
:1053E00062FE23682B6063686B60FFF701FFFFF7C5
:1053F000F7FE012691E72046FFF755FEF9E7B9F1E0
:10540000000F15D18DF800308DF801208DF8028045
:10541000ADF804A09CE80300FFF7BBFE3846FFF799
:1054200042FEC7F80090C7F80490FFF7D9FEBBE032
:105430008DF800308DF801203988BDF800C08C450A
:10544000B4D1B8F1000FB1D1A0712046FFF72BFE07
:10545000C7F80080C7F804805FE72888ADF8080027
:10546000002951D086B24FF6FF7086424CD0AE78FC
:10547000002E49D1AAEB010189B2C72935D8464689
:10548000002EB8D08DF800308DF801202988BDF8A5
:1054900000308B421CD1AB79DA0714D413F0F00240
:1054A00011D0F02AA37106D0DBB2C3F3031201328C
:1054B00062F30713A3712046FFF7F5FD23682B6005
:1054C00063686B606FE723682B6063686B6024E739
:1054D0000098FFF753FE002883D1AB79204643F0B4
:1054E0000103AB71FFF7DFFD17E78DF80280ADF820
:1054F00004A08DF800308DF801209CE80300FFF730
:1055000048FE2E606E604EE7B8F1000F3FF473AFB7
:105510008DF800308DF801200098FFF72FFE064629
:1055200000283FF468AF23682B6063681F486B60F6
:10553000FFF72DFBFFF75CFE35E7BAF1000F3FF4F4
:10554000F7AE8DF808308DF80920BDF808004FF649
:10555000FF7188423FF4E9AEB8F1000F7FF4E8AE86
:1055600013481449077809781348B9427FF4E5AE27
:105570008DF800308DF80120009800F0DDF9C0F3BF
:105580000332012AC3B27FF6E9AE0E3202F00F02F7
:10559000012A3FF6EEAE10F4706F3FF4E5AEA2794B
:1055A00012F0F00F7FF4E0AE4E46B6E6BA0E0020E1
:1055B000020F0020030F0020C20E0020F0B587B0BC
:1055C0006D4685E803002846FFF75EFE2E4F2F4EFE
:1055D000044688B1BDF80430BDF80020ADF81020B5
:1055E00043B192B24FF6FF739A4203D095E803009D
:1055F000FFF7D5FD264C41E095E8030004AB83E8B6
:105600000300BDF80410BDF81020ADF80C200029EF
:10561000F0D01FFA82FC4FF6FF7294453D78307847
:10562000E8D06A1C02F0070282420DD0184CADF897
:10563000141003CB04EBC50C44F835003A70CCF8D9
:105640000410FFF7B3FDD5E7FFF76AFD114B3C707F
:1056500034701C605C60CDE704EBC000FFF714FE03
:1056600080B1337804EBC30254F833005168FFF77C
:1056700096FD3378013303F00703337030783B78BD
:105680008342E9D107B0F0BD020F0020030F0020D4
:10569000C20E0020BA0E0020F8B5034660B1002506
:1056A00001261C4614F8010B74283FD00BD80228A1
:1056B0002DD002D8012812D0F8BD031F6F2BFBD8C4
:1056C000FFF768FA1AE075283AD000F17C03DBB2E4
:1056D0006F2BF1D800F07F00FFF7A8FA0EE09C1CBA
:1056E0005B7803F12002D2B2072A0ED803F0070339
:1056F0009840C0B200F0D4F900F012FA2F46013FF2
:10570000FFB2FF2F1FD12346CBE71846D8E75878C2
:105710009C1C00F12003DBB2072BDDD800F0070052
:1057200006FA00F0C0B200F0C3F9E5E75F789C1C10
:10573000013FFFB2FF2FE1D0642001F0A2FCF7E7A8
:105740005D789C1CDAE7642001F09BFCD7E770478A
:1057500008B5FFF7FCFF08BD08B5FFF7F9FF034BDD
:105760001860BDE80840FFF7C1BC00BF040F00206F
:105770007047FFF7F1BF0000024B1B681843FFF7AB
:10578000EBBF00BF040F0020024B1B681840FFF75F
:10579000E3BF00BF040F0020024B1B685840FFF717
:1057A000DBBF00BF040F0020704708B5FFF7FCFF08
:1057B00008BD000008B5FFF7F8FF034B1860BDE80F
:1057C0000840FFF793BC00BF080F00200020FFF740
:1057D000F1BF0000054B1B681BB9B0FA80F040090F
:1057E000704723FA00F000F001007047080F002016
:1057F000012303FA00F0FFF7DDBF0000012303FAE5
:1058000000F0024B1B681843FFF7D4BF080F0020BD
:10581000012303FA00F0034B1B6823EA0000FFF7A3
:10582000C9BF00BF080F0020012303FA00F0024B9C
:105830001B685840FFF7BEBF080F0020024B1B68D3
:105840001843FFF7B7BF00BF080F0020024B1B68CB
:105850001840FFF7AFBF00BF080F0020024B1B68C6
:105860005840FFF7A7BF00BF080F00207047000097
:10587000C0F30723C3EBC30337B500EB430000F0CD
:10588000070301229A40C0F3C4000A4B00EB8000DA
:10589000D2B218440024057821FA04F343F300033C
:1058A0006B40134001346B40052C00F8013BF2D1F2
:1058B00003B030BD0C0F0020C0F30723C3EBC303BC
:1058C00013B500EB43000B4900F00704C0F3C4001C
:1058D00000EB800000220144104611F8013BE34038
:1058E00003F00103934001321843052AC0B2F4D1FA
:1058F00002B010BD0C0F00200D4B73B51E680D4B90
:10590000ADF804001B681F241E4326FA04F3DB07CE
:10591000E5B205D4013CF8D20025284602B070BD9E
:1059200001992846FDF7ACFD80B20128F2D0F4E7DA
:10593000080F0020040F002007B5ADF804000198FF
:10594000FFF7DAFF019903B05DF804EBFDF798BDAE
:1059500013B5104BADF804101B782BB1019802B0B1
:10596000BDE81040FFF7E8BF70B10198FFF7C4FF32
:10597000044601460198FFF77BFF0199204602B0DB
:10598000BDE81040FDF77CBD0198FFF795FF044688
:10599000F3E700BFB80E0020024B0146186800F084
:1059A0004BBA00BFA00C0020024B0146186800F063
:1059B0005DBA00BFA00C0020014B186800F070BA5F
:1059C000A00C0020024B93F90000C0F3C700704701
:1059D0005A0F0020024B187800F00700704700BFF4
:1059E0005A0F0020034B187810F0070018BF012051
:1059F000704700BF5A0F0020064A5378C3F3800156
:105A0000814205D060F382035370108800F01EB904
:105A1000704700BF64130020044B5878C0F3800027
:105A200080F0010000F00100FFF7E6BF64130020E2
:105A30000120FFF7E1BF0020FFF7DEBF014B187820
:105A4000704700BF5C0F0020024B1A78104318709B
:105A5000704700BF5C0F0020024A137823EA000061
:105A6000107070475C0F0020014B00221A707047C5
:105A70005C0F0020024B1A7810431870704700BF6B
:105A80005D0F0020024A137823EA0000107070476F
:105A90005D0F0020014B00221A7070475D0F00203F
:105AA000024B1A7810431870704700BF590F00203E
:105AB000024A137823EA000010707047590F002043
:105AC000014B00221A707047590F0020014B1878C3
:105AD000704700BF5B0F0020704708B5FFF7FCFF61
:105AE00008BD0000064A5278520708B506D4054A98
:105AF0001178814202D01070FFF7EFFF08BD00BFA0
:105B0000641300205B0F002008B5044B1A781AB10B
:105B100000201870FFF7E1FF08BD00BF5B0F0020F9
:105B200010B50D4B0D491B7809780D4C0B430D49F1
:105B3000206809780B430C490370097831B10B4395
:105B4000037000F0EFF808B1FFF7DEFF2068BDE852
:105B50001040FEF70BBF00BF5C0F00205D0F002060
:105B6000A00C0020590F00205B0F0020704708B5E3
:105B7000FFF7FCFF08BD00000A4A5278520710B533
:105B80000CD4094C41EAC0012170FFF737FE94F9AB
:105B90000000C0F3C700FFF7EAFF10BDBDE81040EA
:105BA000FFF72CBE641300205A0F002008B5034BEA
:105BB00000201870FFF7DBFF08BD00BF5A0F002060
:105BC00008B50C4A92F9003023EA000040B2107088
:105BD000420702D1DBB2834203D1074B5B785B07FC
:105BE00007D5C0F3C700FFF713FEBDE80840FFF775
:105BF000DDBF08BD5A0F002064130020002070474D
:105C000008B5FEF759F9BDE808404FF6FF710020CE
:105C1000FEF7D9B908B50020FEF7B5F94FF6EA63EB
:105C2000C31A5842584108BD0220FEF7A1B903200B
:105C3000FEF79EB910B50420FEF79AF9044622201B
:105C4000FEF796F944EA002080B210BD10B5C1B24B
:105C500004460420FEF794F9210A2220BDE81040F2
:105C6000FEF78EB901460F20FEF7AFB901461320AB
:105C7000FEF7ABB90020FFF7F9BF08B50020FFF72A
:105C8000F1FFFFF7F7FF08BD10B5FEF715F94FF666
:105C9000EA610020FEF797F900210220FEF770F973
:105CA000002103200024FEF76BF91A4B2146042043
:105CB0001C60FEF765F921462220FEF761F92146B6
:105CC0000520FEF75DF921460620FEF759F9FF2170
:105CD0000720FEF755F921460820FEF776F9214600
:105CE0000D20FEF74DF921461820FEF76EF92146EA
:105CF0001720FEF745F921461C20FEF766F92146DC
:105D00002020FEF760F921461820FEF75EF9FFF724
:105D1000B4FF10BD040F0020FFF7B6BF01460E20F0
:105D2000FEF72EB90C4B1B78821C63B10B4B93F919
:105D30000030002BACBF06231E230020013BDBB24A
:105D4000FF2B02D170470623F7E712F8011B002949
:105D5000F4D00130C0B2F1E7FC0D00206413002044
:105D6000F9B1124B1B78A3B1114B93F90030002B02
:105D70000FDAEF294FEAD10213D81044012301F0C2
:105D8000070103FA01F18378194214BF01200020B2
:105D90007047831C083013F8012B8A4203D08342DA
:105DA000F9D1002070470120704700BFFC0D002092
:105DB0006413002030B54FF0FF32841C002314F828
:105DC000015B8D420ED0B2F1FF3F02D1002D08BF22
:105DD0001A460133DDB2062D5BB2F0D1531C01D05F
:105DE0001044817030BD10B5831C0022083013F8B8
:105DF000014B8C4208BF03F8012C8342F7D110BD40
:105E0000EF294FEAD10308D8184401F00701012314
:105E100003FA01F18378194381707047EF294FEA43
:105E2000D10308D8184401F0070101238B40817881
:105E300021EA03018170704710B40A4C24780346AC
:105E40000A4644B1084C94F90040002C03DA5DF88E
:105E5000044BFFF7D5BF5DF8044B11461846FFF71A
:105E6000A9BF00BFFC0D00206413002010B40A4C31
:105E7000247803460A4644B1084C94F90040002CAB
:105E800003DA5DF8044BFFF7C9BF5DF8044B114618
:105E90001846FFF7A8BF00BFFC0D002064130020C8
:105EA000094A1278831C4AB1084A92F90020002A54
:105EB00004DA1E2200211846FAF788BC0022C0F836
:105EC00002209A80704700BFFC0D00206413002060
:105ED00008B50020FDF7C2FAFCF732F9BDE808402A
:105EE00040F2A46001F0CDB87047704710B5FFF7DD
:105EF000FBFFFDF71BFDFFF7F8FF0024E0B2FDF705
:105F0000A5FC18B90134052CF8D110BD0120FCE71F
:105F100008B5FFF7A9FDFFF7BDFDFFF74DFDFDF744
:105F2000B1FF0020FEF744FD0020FEF751FDFEF713
:105F300015FDFDF793FAFCF706F908BD08B5202317
:105F400083F3118801F0E8F9002383F31188014BF2
:105F5000186008BD600F0020FFF7F0BF38B52023A0
:105F600083F3118801F0D8F9002383F31188084BDB
:105F7000084C1968084A411A00254FF47A70E0FB72
:105F80000145002320462946FAF704FA38BD00BF30
:105F9000600F00209F860100A086010008B5FFF772
:105FA000DDFF80B208BD10B50446FFF7D7FF001B28
:105FB00080B210BD074B084A1A60BFF34F8F0749E4
:105FC000074BCA6802F4E0621343CB60BFF34F8F04
:105FD00000BFFDE7FC9F0020EFBEADDE00ED00E05E
:105FE0000400FA050A4A08B552F8041C094B994204
:105FF0000DD1002342F8043C83F31488064B1B6840
:1060000083F3088862B6054B1B689847FEE708BD16
:1060100000A00020EFBEADDE00D8FF1F04D8FF1F98
:1060200000207047014B1860704700BFA40C00208F
:1060300010B5084A084C117824784B1C03F00F0364
:106040009C421DBF054C13706054002018BF0120F6
:1060500010BD00BF8A1B00208B1B00207A1B002074
:106060007047000008B5202383F31188034800F02F
:1060700083FC002383F3118808BD00BF7C0D002042
:1060800038B5094C104622460D46002142F8041F3F
:1060900040EA0520194600F033FB206060680028C4
:1060A00018BF204638BD00BF8410002090F87A1039
:1060B000074A0229137807D103F0FB03012B05D10E
:1060C000044B52781A707047024A1370704700BF31
:1060D000DA100020B810002013B505292ED8DFE80B
:1060E00001F0322D03322F39202383F31188214C04
:1060F000214A0190012101F093FB204A01980421DB
:1061000001F08EFB94F8B410019804F1440201F000
:1061100087FB94F8B510019804F1680201F080FB48
:1061200094F8B610019819B104F18C0201F078FBD3
:10613000134800F0ECFB002383F3118802B010BD7C
:106140000420FFF775FF202383F311880C4800F02B
:10615000BBFBF0E7202383F31188094800F0CCFB58
:10616000002383F31188052002B0BDE81040FFF73B
:106170005FBF00BFA80C00205C9800088098000852
:106180007C0D002013B504460748C2680B461AB1BF
:10619000019100F09BFD019B044A0348214602B097
:1061A000BDE8104000F038BDA4100020B161000827
:1061B00070B52023064683F311880378042B03D09F
:1061C000002383F3118870BD144B1B78DB09F7D1D2
:1061D000134C2278002AF3D0124B1B78002BEFD0FF
:1061E00003899B0704D4104A0823012101F06AFBAC
:1061F0000E4B247840F2E730A4FB034520184FF003
:1062000000014FF47A724FF0000345EB0101FAF7F9
:10621000C1F831468000FFF7B5FFD1E764130020D5
:10622000A0100020FC0D0020B9100020A086010065
:10623000F8B590F8743003F07F02212A044674D137
:1062400013F0800F90F8750021D0022819D0032890
:106250000ED0012869D194F878302BB9464AA2664D
:106260002022E2662367F8BD0023C4E91A33F9E768
:10627000B4F87830002B58D1404AA2660120E0667D
:10628000F0E73F4BA3660120E0660023EAE70A2817
:1062900042D00B280ED0092847D194F8783013F05B
:1062A000FD0F42D1374BA3660223E366364B2367CB
:1062B0000120D8E7B4F8783053BB94F876502F4BD0
:1062C000002D14BF012100211970304B1A7861F3A1
:1062D000C7121A701CD12A4B1A78CAB1202282F335
:1062E00011881E782A4B40F2E730A6FB036730186E
:1062F0004FF000014FF47A724FF0000347EB0101B9
:10630000FAF748F821468000FFF73CFF85F3118833
:106310000023C4E91A33CAE71C49194B0D7894F8D5
:1063200077201A70ED09F3D1D7E7B4F8742040F262
:1063300081639A4216D194F87920616894F8783094
:106340004D6894F8771043EA0223204694F87620AB
:10635000A84708B9002086E74368A3660368E36698
:106360000023A4E70B4B93F8B630002BF2D0204665
:10637000BDE8F84000F0E2BAB9100020FC0D0020A2
:10638000A0100020DA100020AD6000086413002087
:10639000A0860100A80C00207047000008B510225C
:1063A00004480021FAF712FA034A00231370034A43
:1063B000137008BD7A1B00208A1B00208B1B002055
:1063C000F8B50C4C0C4E2546307823780B4F002145
:1063D000984202D101B12870F8BD1A460133BA5C67
:1063E000052A03F00F034FF00101F1D12B70FFF7E5
:1063F0008FFDE9E78B1B00208A1B00207A1B002001
:1064000070B50446194800F10802826500F11C02CB
:10641000C0F8802000F13002C0F8A02000F1B001E7
:10642000D43000F00FFA12494FF0904501F12400EA
:1064300000F032FA4FF4805601224FF480514FF0B1
:10644000904001F0D8FE0B486E8300F01AFE0A4916
:10645000204601F0A5F940F202723146284601F0CB
:10646000CAFE064B0022DA6070BD00BFA80C0020F7
:10647000580D0020F0490200A4980008A410002044
:1064800070B54FF0904504464FF4805601F09EF9E8
:1064900001224FF480514FF0904001F0ACFE2046B5
:1064A00005496E8301F07CF93146284640F20272BC
:1064B000BDE8704001F09FBEA4980008014B187819
:1064C000704700BFB810002070B52023044683F346
:1064D0001188204D2B78042B2E4625D11E4A2B895E
:1064E00092F90020002A23DA1C4A127802B3DA0655
:1064F00010D4202322460421164801F0E3F9184B5A
:10650000224604F1200152F8040B43F8040B8A429E
:10651000F9D109E0EB6958694FF0FF310C3000F018
:10652000BDFD2B78042BE4D0002383F3118870BDCC
:106530009B0703D4082322460121DDE7336958690C
:106540004FF0FF310C3000F0A9FD3378042BEBD174
:10655000F0E700BF441E002064130020FC0D002063
:10656000B910002007B52023024683F311880F4B92
:106570001978042905D0002383F3118803B05DF84E
:1065800004FB1989C9060AD5DB69019058694FF4E3
:106590007A710C3000F082FD0130019AEBD0034893
:1065A0000623042101F08EF9E5E700BF441E002018
:1065B00013B5202383F31188094C2178042904D0D2
:1065C000002383F3118802B010BD0323ADF805004A
:1065D00001AA20468DF8043001F074F9F0E700BFFD
:1065E000441E002013B5202383F31188094C217821
:1065F000042904D0002383F3118802B010BDADF844
:106600000500032301AA20468DF8041001F05AF971
:10661000F0E700BF441E0020202910B4034609D132
:10662000064850F8D42F54680A46194623465DF8A8
:10663000044B18475DF8044B704700BFA80C0020BE
:1066400010B5084850F8D43F88B01C6A20220023B7
:106650006946A04718B1C1B26846FDF725FE08B0EB
:1066600010BD00BFA80C0020FFF7BCBC70477047EE
:1066700008B5FFF7F9FF02F055FCFFF7F7FF08BD7B
:1066800008B502F091FCFFF7F2FF08BD38B500F045
:106690001DFE00F07FFAFEF7C3F9FFF77FFE1648F4
:1066A000154DFFF7ADFE41F2883000F0EAFCFEF731
:1066B000D3F91248FEF74CF92C46FFF781FE2B78F0
:1066C000052B11D0FEF7D2F9FFF7BAFFFEF7BEF99E
:1066D000F3E7FFF7FDFBFFF709FC28B1204601F0C7
:1066E00003F92046FFF7CCFE2378052BF1D0FFF706
:1066F00017FAFDF7E9FAE5E7441E0020000E002036
:1067000010B5040A032C0FD007D8012C23D0022C7B
:1067100007D1124B5B20136010BD212C0DD0222C11
:1067200012D000200346F6E7C0B20228F9D80C4B7D
:106730000C4953F82030405CEDE70229F1D80A4BB0
:10674000092053F82130E6E70229EAD8074B084828
:1067500053F82130EFE7074B1220DCE7DF98000801
:10676000B4980008C0980008C4980008D0980008A1
:10677000DC9800083A99000813B5446BE36F1A6877
:106780001178042915D1217A022912D11979128997
:1067900001238B4013420CD101A904F1440000F005
:1067A000B1FE024628B1E46F019B2179206801F017
:1067B00089F802B010BD0C3000F036BE4FF0FF3348
:1067C0000C3000F031BE443000F004BF4FF0FF3316
:1067D000443000F0FFBE0C3000F009BE4FF0FF3136
:1067E0000C3000F004BE443000F0D4BE4FF0FF3255
:1067F000443000F0CFBE70B5C36F1A681178042919
:10680000054601D0012070BD017A0229FAD118791C
:1068100001238340508913EA0004F3D105F10C00F1
:1068200000F0A0FD02460028ECD0EE6FAB6A3068A5
:106830007179043B01F034F82046E4E7406BFFF740
:10684000DABF00007FB50346104A43F8042B012647
:1068500043600F4B067202900193CB6800930D4684
:1068600004464B690A6A0C30314600F059FD094B69
:106870000193AB680093EA692B690294314604F1F5
:10688000440000F01CFE04B070BD00BF9C9A0008DC
:106890003D680008796700080B68202282F31188A0
:1068A0000A7903EB820290624A79113243F822009E
:1068B0008A7912B103EB8203986202230372C167E3
:1068C000002383F31188704738B50446012502215F
:1068D000043000F089FC04F10C0025756FF0010113
:1068E00000F00FFC84F84C5004F144006FF00101FB
:1068F000BDE8384000F005BC10B501210446043065
:1069000000F072FC0023237584F84C3010BD38B5BC
:10691000044600250C3000F01AFD04F144002575F2
:1069200000F0E4FD201D84F84C50012100F05CFCD7
:106930002046BDE83840FFF75EBF000090F8743095
:1069400003F06003202B07D190F87520212A4FF027
:10695000000303D81F2A06D800207047222AFBD143
:10696000C0E91A3303E0034A82660722C26603675E
:1069700001207047140E002073B5C36F1A68117898
:106980000429044627D1017A022924D119791589CD
:1069900001238B401D401ED100F14406304600F01B
:1069A00061FEC0B1304601A900F0ACFDE36F1A7E74
:1069B00006464AB101981A692946121A3044F9F775
:1069C00005FFE36F1B690193E06F019B017900688C
:1069D000324600F077FF02B070BDF0B500EB8103E6
:1069E00085B09E6A04460D46FEB1202383F31188CC
:1069F00004EB8507301D082100F0F6FBFB685B699E
:106A00001B6806F144001BB1019000F088FD01985D
:106A100003A900F077FD024648B1039B29462046B2
:106A200000F050FF002383F3118805B0F0BDFB6830
:106A30005A691268002AF5D01B8A013B1342F1D132
:106A4000F36F1B7E002BEDD104F17402E6E71131E8
:106A500010B550F82140C4B1202383F311880421DC
:106A6000601800F0C1FBE26F1368527903EB8203F8
:106A700004F10C00DB689B69596800F07DFC20463E
:106A8000FFF7B9FE002383F3118810BD70470000A3
:106A9000024B034A1A60034A5A6070478C1B00205D
:106AA000D01E002000A00020094B30B51C684D1EF0
:106AB000224449422A440A4059681044814204D37E
:106AC000844202D81860104630BD0022FBE700BFA8
:106AD0008C1B0020074B10B55C684942201A084007
:106AE0001968821A914203D8944201D35A6010BDAA
:106AF0000020FCE78C1B002008B5202383F31188BD
:106B0000FFF7D2FF002383F3118808BD08B52023C7
:106B100083F31188FFF7DEFF002383F3118808BD9C
:106B20000448054B03600023C0E901330C3000F03A
:106B300041BB00BFF01000200D6B0008704770478C
:106B4000FEE700001149F0B508200026D1E9013424
:106B50000A681D46043AAC4210D8E21CD21ADD1E67
:106B600022F00302AC4238BF00221344CA689A42A2
:106B700009D8013801F11001E8D1F0BD52F8047FC5
:106B800045F8047BE7E743F8046BF0E7C49A000894
:106B9000FEE7000010B5114C00F016F900F02EF8D9
:106BA000FFF776FFFFF7BCFF00F0ECFA0C498022FC
:106BB000204600F0FBF90B4BC361012380F8203025
:106BC00044F8180C00F034FB002383F3118862B6FC
:106BD0000548BDE8104000F01FBA00BF281D002086
:106BE000749B0008000400204C9B000872B6014B07
:106BF000D862FEE7F81C002000F0A4B8054B03F1B2
:106C00001C02C3E907224FF0FF310022C3E9091239
:106C1000704700BFF81C0020F8B50D46C0E90323FB
:106C2000044600F079FB022D2946274D2A4638BF3D
:106C3000022152F81C3F93422E4617460AD1A86201
:106C4000C5E907440844C4E90033A160BDE8F84041
:106C500000F051BBD5F828C0A0EB0C0289180D46F6
:106C600027D34FF0000E9D68AA421DD8BB420CEB03
:106C7000020EACEB000018BFAA1AC6F828E001EB20
:106C8000000518BF9A60F3699A68AA4219D35A6836
:106C90002360626014605C60A5609A68551B9D600B
:106CA0004FF0FF337362F8BDC3F808E0521B1B6856
:106CB000D9E79B689942E6D20CEB010000F028FB73
:106CC000E1E71B68AD1ADFE7F81C00201C4AD16918
:106CD000814238B50368154602F11C040DD04268A4
:106CE000136003685A60A3424FF00002C26003D0F1
:106CF0009A6881680A449A6038BDD361A3424FF014
:106D000000025C60CA6003D1BDE8384000F0FBBA05
:106D10009A688968AC6A0A449A6000F0FDFAEB69E7
:106D20009B68021B9342E7D91C44201A0128A86AD9
:106D300098BF931C1844BDE8384000F0E9BA00BF82
:106D4000F81C00202DE9F84F1E4C0027E56904F1DE
:106D50001C06B84600F0E0FAA36AAA68A0EB030993
:106D60004A451CD84FF0200AAA68A36AD5F80CB08F
:106D70001344A3622B68B3425E60A9EB0209E3618E
:106D8000EF6001D100F0BFFA88F311882869D84775
:106D90008AF31188E569AB684B45E5D9DAE7E26922
:106DA000B2420DD09168A0620B441B1A9360AB688D
:106DB000022B2CBFC0180230BDE8F84F00F0A8BA73
:106DC000BDE8F88FF81C0020034B0022C3E9003314
:106DD000C3E904339A607047F81C0020002380F850
:106DE00020308268054B1B6899689142FBD25A6833
:106DF0000360426010605860704700BFF81C0020BC
:106E000008B5202383F3118890F820200023072A57
:106E100007D8DFE802F00C060604130F0613426AD7
:106E200013604FF0FF334362FFF7D8FF002383F373
:106E3000118808BD426A936801339360D0E900323B
:106E400013605A60EDE70000002380F8203082686C
:106E5000054B1B6899689142FBD85A6803604260F1
:106E600010605860704700BFF81C002038B50D4C0A
:106E7000A569226885F82000116821604C60012115
:106E8000A26182F82010EFF30982E969643A914225
:106E900002D90548FFF7AAFEA0692946BDE8384097
:106EA000F9F75EBAF81C0020649B000830B54B1C53
:106EB0000B4D87B0044610D0AB690A4A01A8FFF712
:106EC000ABFE2046FFF7D2FF049B13B101A8FFF7EA
:106ED000FDFEAB69586A07B030BDFFF7C7FFF8E7A2
:106EE000F81C0020016E000870B5114E4162B369B4
:106EF00081689A689142044603D8BDE87040FFF764
:106F00006DBF1846FFF7A0FF01230546B46184F862
:106F10002030EFF30983C269643B9A4202D90548E5
:106F2000FFF764FE29462046BDE87040F9F718BA1D
:106F3000F81C0020649B0008044B1A689B69906849
:106F40009B68984294BF002001207047F81C0020E5
:106F500038B50E4C2368A0691A682260546001227B
:106F600083F82020A361FFF76FFF0546EFF3098345
:106F7000C269643B9A4202D90548FFF737FEA0690F
:106F80002946BDE83840F9F7EBB900BFF81C0020EE
:106F9000649B000808B5FFF7CFFF18B1BDE80840B3
:106FA000FFF7D6BF08BDFFF7D3BF00008260C26302
:106FB0000022C0E90D2202220284012280F8222050
:106FC000074A81615169026141610861506100F1C4
:106FD0002802826200F12C02C0E90B22704700BF38
:106FE000F81C0020D0E9012343F82C2CA3F1AC02BB
:106FF00043F83C2C026943F86C2C426943F8682C36
:10700000044A016843F84C2CC268A3F14800FFF71A
:10701000CDBF00BF7903000810B5202383F311888A
:10702000FFF7E0FF00210446FFF75EFF002383F334
:107030001188204610BD000038B50E4B9C69606277
:1070400004F12805A06AA8420FD194F822303BB978
:1070500094F821309B0702BFD4E9043213615A61CE
:10706000BDE838400F20FFF701BF0368A362FFF7B8
:10707000B5FEE7E7F81C0020202383F31188FFF713
:10708000DBBF08B50146202383F311880820FFF7F2
:107090000DFF002383F3118808BD0000054B9B6999
:1070A00021B1036058620320FFF700BF4FF0FF30AB
:1070B000704700BFF81C002003682BB1002202605B
:1070C00059621846FFF78ABE7047000049B1064B67
:1070D00042689B6918605A60136043600420FFF7A0
:1070E000E5BE4FF0FF307047F81C0020036898425F
:1070F00006D01A680260506059621846FFF76EBEEB
:10710000704738B504460D462068844200D138BD2A
:10711000036823605C604562FFF760FEF4E70023CC
:107120004FF0FF32C0E90023C0E902330022002300
:10713000C0E9042370470000014B5B68836070471F
:10714000001000E00D4A0E4B516FC2685B680132BF
:1071500030B5C260D0E9044582685B1A9B1A426868
:107160008360E41845F100059342026888BF4360DC
:107170009342C0E9044538BF036030BDF81C0020CD
:10718000001000E030B50A4C87B000236846636702
:10719000FFF7C5FF04256846FFF7CEFF6846FFF7F7
:1071A000D1FF013DF7D1009B636707B030BD00BF41
:1071B000F81C00200023C0E9000083607047436B87
:1071C000194390F8203041630A2B03D1436A1942D6
:1071D00005D170470B2B06D1436A8B4303D10023A3
:1071E0004362FFF7FBBD704770B5046806460D4665
:1071F000B44200D170BDE3682B43E36015B123694D
:107200001D4203D0D4E90101FFF7D9FF2468EFE75D
:10721000EFF3098305494A6822F001024A606833A6
:1072200083F30988002383F31188704730EF00E06F
:10723000202080F3118862B60B4B0C4AD96821F4E8
:10724000E0610904090C0A430949DA60CA6842F09E
:107250008072CA6007490A6842F001020A6010227F
:10726000DA7783F82200704700ED00E00003FA05AA
:10727000F0ED00E0001000E010B5202383F311884A
:107280000E4B5B6813F4006314D0F1EE103AEFF389
:107290000984683C4FF08073E361094BDB68236627
:1072A00084F30988FFF748FE10B1064BA36110BDB7
:1072B000054BFBE783F31188F9E700BF00ED00E021
:1072C00030EF00E08B0300088E03000808B500F0E3
:1072D000D9FD00F08FFF00F0E3F900F0EBF900F0CA
:1072E0000CFA00F04CFAFFF7CBF9BDE8084000F0CB
:1072F00000B801F0C5B94FF08043002258631A610D
:107300000222DA6070474FF080430022DA60704753
:107310004FF08043586370474FF08043586A70477E
:1073200030B5039C0172043304FB0325C0E9065306
:10733000049B03630021059BC160C0E90000C0E914
:107340000422C0E90842C0E90A11436330BD416A22
:107350000022C0E90411C0E90A22C2606FF00101F5
:10736000FFF7CFBED0E90432934201D1C2680AB917
:10737000181D70470020704703691960C268013208
:10738000C260C269134482690361934224BF436AA5
:1073900003610021FFF7AABE38B504460D46E36835
:1073A0003BB16269131D1268A3621344E3620020BB
:1073B00007E0237A33B929462046FFF787FE0028E5
:1073C000EDDA38BD6FF00100FBE7C368C269013B2D
:1073D000C3604369134482694361934224BF436A93
:1073E000436100238362036B03B11847704770B594
:1073F0002023044683F31188866A3EB9FFF7CCFF49
:10740000054618B186F31188284670BDA36AE26A62
:1074100013F8015BA362934202D32046FFF7D5FF26
:10742000002383F31188EFE72DE9F84F04460E4659
:1074300090469946202787F311880025AA46D4F85C
:1074400028B0BBF1000F09D149462046FFF7A4FF41
:1074500020B18BF311882846BDE8F88FD4E90A12D1
:10746000A8EB050B521A934528BF9346BBF1400F7A
:107470001BD9334601F1400251F8040B43F8040BC9
:107480009142F9D1A36A40334036A3624035D4E932
:107490000A239A4202D32046FFF797FF8AF3118806
:1074A0004545D8D287F31188C9E730465A46F9F7DF
:1074B000F3F8A36A5B445E44A3625D44E7E710B55A
:1074C000029C0172043304FB0321C0E9061300236C
:1074D000C0E90A33039B0363049BC460C0E9000056
:1074E000C0E90422C0E90842436310BD026AC260D9
:1074F000426AC0E904220022C0E90A226FF00101B9
:10750000FFF7FFBDD0E904239A4201D1C26822B936
:10751000184650F8043B0B60704700207047C36862
:10752000C2690133C3604369134482694361934272
:1075300024BF436A43610021FFF7D8BD38B5044634
:107540000D46E3683BB123691A1DA262E269134448
:10755000E362002007E0237A33B929462046FFF78B
:10756000B5FD0028EDDA38BD6FF00100FBE70369D7
:107570001960C268013AC260C2691344826903613A
:10758000934224BF436A036100238362036B03B108
:107590001847704770B520230D460446114683F303
:1075A0001188866A2EB9FFF7C9FF10B186F31188DA
:1075B00070BDA36A1D70A36AE26A01339342A3629D
:1075C00004D3E16920460439FFF7D1FF002080F39E
:1075D0001188EDE72DE9F84F04460D4691469A468D
:1075E0004FF0200888F311880026B346A76A4FB9E8
:1075F00051462046FFF7A2FF20B187F3118830469D
:10760000BDE8F88FD4E90A073A1AA9EB06079742B2
:1076100028BF1746402F1BD905F1400355F8042B0E
:1076200040F8042B9D42F9D1A36A4033A36240364F
:10763000D4E90A239A4204D3E16920460439FFF7CA
:1076400096FF8BF311884E45D9D288F31188CDE788
:1076500029463A46F9F720F8A36A3B443D44A36221
:107660003E44E5E7D0E904239A4217D1C3689BB1B1
:10767000836A8BB1043B9B1A0ED01360C368013B35
:10768000C360C3691A44836902619A4224BF436A92
:107690000361002383620123184670470023FBE740
:1076A00000F088BC012303700023C0E904331830C4
:1076B000FFF780BD01F024B801230370002343606D
:1076C000704710B52023044683F31188416001F010
:1076D0003FF802232370002383F3118810BD032396
:1076E000037001F0B9B808B5202383F31188FFF7C0
:1076F000F6FF002383F3118808BD00F0EDBE0123DF
:107700000370002343600C30FFF754BD10B52023F5
:10771000044683F31188416000F0EEFE02232370DB
:10772000002383F3118810BD7FB50446202585F31F
:1077300011880326067000250A9E85600296099E20
:107740000196089E009600F031FF431C14BF0223EF
:107750000523237085F3118804B070BD10B504466D
:1077600090F8763080F87E3001F02EFA63681B685E
:1077700013B10121204698470323237010BD01F067
:1077800001BA012303700023436000F12C0200F1D1
:10779000480142F8043B8A429361FAD18360704702
:1077A00038B50446202383F311880025C0E903552A
:1077B000C0E90555C0E90755C0E90955416001F028
:1077C0009DFA0223237085F3118838BD70B52023FC
:1077D000044683F31188254601F0DAF900260123D7
:1077E000666005F80C3B2C3455F8043B7BB15869B6
:1077F00020B16FF001010C30FFF75EFC55F8043C3E
:10780000986920B16FF001010C30FFF755FCA542DB
:1078100045F8046CE8D1FFF7BDFB86F3118870BD15
:1078200070B500EB810305465069DA600E461446D8
:1078300018B114220021F8F7C9FFA06918B1142269
:107840000021F8F7C3FF31462846BDE8704001F03B
:10785000C5B9F8B5836803F001130446836000F1ED
:10786000100500F12C06002755F8043B7BB1586940
:1078700020B16FF001010C30FFF71EFC55F8043CFD
:10788000986920B16FF001010C30FFF715FCB5428B
:1078900045F8047CE8D12046BDE8F84001F054BA30
:1078A000F0B400EB81044789E4680125A4698D40A8
:1078B0003D43458123600023A2606360E360F0BC28
:1078C00001F08CBAF0B400EB81040789E46801256B
:1078D00064698D403D43058123600023A26063609D
:1078E000E360F0BC01F09CBA10B50378052B0BD116
:1078F000064C236C43F010032364C820FFF7C1FB40
:10790000236C23F01003236410BD00BF005C004013
:107910002DE9F0410223002504460370C567856008
:1079200000F10C0600F12C074FF0200856F8043B3C
:10793000ABB188F3118856F8043C586920B16FF058
:1079400001010C30FFF7B8FB56F8043C986920B1F0
:107950006FF001010C30FFF7AFFB85F31188BE42D9
:1079600046F8045CE2D184F86450204601F0A8F99E
:1079700063681B6823B120460021BDE8F041184729
:10798000BDE8F081F8B5037880F8803005230370F6
:1079900043681B6804460BB1042198470026A66083
:1079A00004F10C0520272C3455F8043BABB187F3C8
:1079B000118855F8043C586920B16FF001010C3072
:1079C000FFF77AFB55F8043C986920B16FF001018C
:1079D0000C30FFF771FB86F31188A542E4D1F8BDA6
:1079E00090F88020436802701B680BB1052118478E
:1079F0007047000070B590F86430044613B100235E
:107A000080F8643004F17402204601F0CDF9636817
:107A10009B68B3B994F8743013F0600539D0002135
:107A2000204601F031FA0021204601F01BFA63687C
:107A30001B6813B1062120469847062384F864305A
:107A400070BD204698470028E4D094F87B2094F835
:107A50007A3043EA0223E26E9A4288BFE36694F9E1
:107A60007430E56E002B4FF0200380F2F580002D7E
:107A700000F0E480092284F8642083F31188002157
:107A8000D4E91A232046FFF71DFF002383F3118852
:107A9000D6E794F8752003F07F0343EA022340F20F
:107AA0000232934200F0B78021D8B3F5807F4DD0E9
:107AB0000DD8012B44D0022B00F08580002BAED1D5
:107AC00004F17C02A2660222E2662367BDE7B3F5F9
:107AD000817F00F08D80B3F5407FA0D194F876309F
:107AE000012B9CD1B4F87C3043F0020337E0B3F5AE
:107AF000006F3ED01CD8B3F5A06F36D0A3F5C0639D
:107B0000012B8CD894F87920616894F878304E680D
:107B100094F8771043EA0223204694F87620B04781
:107B200000283FF47CAF4368A3660368E3661AE06D
:107B3000B3F5106F22D040F6024293427FF46FAF4C
:107B4000524BA3660223E3660023BEE794F8763027
:107B5000012B7FF464AFB4F87C3023F00203C4E956
:107B60001A55A4F87C3025676FE7C4E91A55484BCD
:107B7000ABE704F17F03A3660123D7E72378042B47
:107B800010D1202383F311882046FFF762FE85F38E
:107B900011880321636884F87F5021701B680BB142
:107BA0002046984794F876304BB184F87F30042310
:107BB000237063681B6813B1022120469847002395
:107BC000C4E91A3381E794F878301D0603F00F01F9
:107BD00020460AD501F0DAF8012804D002287FF403
:107BE0001EAF2C4BADE72C4BABE701F0C1F8F3E730
:107BF00094F87630002B7FF412AF94F8783013F0BD
:107C00000F01DCD01A06204602D501F065F9D6E74F
:107C100001F04CF9D3E794F87630002B7FF4FFAEF7
:107C200094F8783013F00F01C9D01B06204602D516
:107C300001F02AF9C3E701F015F9C0E7142284F82E
:107C4000642083F311882B462A4629462046FFF7F5
:107C500027FE85F31188F3E65DB1152284F86420D0
:107C600083F311880021D4E91A232046FFF718FE78
:107C70000BE70B2284F8642083F311882B462A46F5
:107C800029462046FFF71EFEE3E700BF8E9B000853
:107C90005D7700088A9B00088C9B000838B590F837
:107CA00064300446002B42D0063BDAB20F2A38D8A3
:107CB0000F2B36D8DFE803F03B353508263635354F
:107CC0003535353535353B3B90F87B1090F87A20CB
:107CD000C36E42EA0122934214D2C268128AB3FBF5
:107CE000F2F502FB15356DB9202383F311882B467D
:107CF0002A462946FFF7E6FD85F311880A2384F812
:107D000064300EE0142384F86430202383F3118858
:107D100000231A4619462046FFF7C2FD002383F3CD
:107D2000118838BD036F03B198470023E7E70021AE
:107D3000204601F0A9F80021204601F093F863687D
:107D40001B6813B10621204698470623D7E710B5D4
:107D500090F86430142B044629D017D8062B05D090
:107D600001D81BB110BD093B022BFBD800212046D6
:107D700001F08AF80021204601F074F863681B685E
:107D800013B1062120469847062319E0152BE9D1A7
:107D90000B2380F86430202383F3118800231A46D4
:107DA0001946FFF78FFD002383F31188DAE7C368D4
:107DB0009B695B68002BD5D1036F03B19847002303
:107DC00084F86430CEE700F1604303F561430901B4
:107DD000C9B283F80013012200F01F039A4043093F
:107DE0009B0003F1604303F56143C3F880211A60EF
:107DF0007047000000F01F03012142099940044B25
:107E00002032184443F82210002380F800337047D2
:107E100000E100E0FFF730BAFFF72EBAFFF72CBA07
:107E2000FFF72ABA062108B50846FFF7CCFF06215E
:107E30000720FFF7C8FF06210820FFF7C4FF06212F
:107E40000920FFF7C0FF06210A20FFF7BCFF06212B
:107E50001720FFF7B8FF06212820FFF7B4FF0721FE
:107E60001820FFF7B0FF07211920FFF7ACFF07210B
:107E70001A20FFF7A8FFBDE8084007211B20FFF7E5
:107E8000A2BF000010B5224CA26A62F4FC02A262FA
:107E9000A26A02F4FC02A2624FF0FF31A26A2269D8
:107EA00021612269002222612069E068E160E168C5
:107EB000E260E168E169174841F08051E161E16900
:107EC000016841F480710160216A01F44071B1F5EB
:107ED000007F1EBF4FF4803323622262236A1B049B
:107EE00007D4236A43F400732362236A43F40043F4
:107EF000236200F079F8FFF795FFA369064A43F083
:107F00000103A361A369136843F02003136010BD4C
:107F1000001002400070004000000140224B1A682F
:107F200042F001021A601A689207FCD55A6822F0E2
:107F300003025A605A6812F00C02FBD1196801F072
:107F4000F90119605A601A6842F480321A601A689E
:107F50009003FCD55A6A42F001025A625A6A9107AC
:107F6000FCD5124A5A604FF40452DA6230221A6386
:107F70001A6842F080721A601A689201FCD50C4AA5
:107F800012211160116801F007010229FAD15A6823
:107F900042F002025A605A6802F00C02082AFAD132
:107FA0001A6B1A63704700BF0010024000241D00C6
:107FB0000020024038B5084C2046FFF773FB00252F
:107FC000064BA362E562064C2046FFF76BFB054BB0
:107FD000C4E90A3538BD00BF701D0020909B000821
:107FE000A01D0020AC9B00080B4A0C48002310B5D4
:107FF000C2E9003301214468236042F83130013185
:108000000D2900F11000F6D1054A4FF0FF335360FF
:10801000C2F8043410BD00BF0C110020C89B00083A
:10802000000002400B282DE9F84342D8224C0125DC
:10803000276885403D423CD1204E4FEA001906EBAF
:10804000001801302F4344F8302004EBC0002760B3
:1080500043606B0605D01A4B586940F00100586127
:108060005B6915F4786F05D0154B586940F0020034
:1080700058615B695AB106EB0900626883681A426D
:1080800002D1C07BFFF79FFE63681D43656006EB6E
:10809000090156F809004B68497B1A6822F00F0263
:1080A0001A600E228A40426000221A604046BDE8F3
:1080B000F8834FF00008F9E70C110020C89B000876
:1080C0000010024010B40468437B21684268D94024
:1080D000126801F00E010A420FD0827B01FA03F30D
:1080E00063600132064B53F8324034B103EBC203F4
:1080F000586823465DF8044B18475DF8044B7047F9
:108100000C11002008B50348FFF7DCFFBDE808406C
:10811000FFF7B2B8C89B000808B50348FFF7D2FFC5
:10812000BDE80840FFF7A8B8D89B000808B5034889
:10813000FFF7C8FFBDE80840FFF79EB8E89B0008BE
:1081400008B50348FFF7BEFFBDE80840FFF794B845
:10815000F89B000808B50348FFF7B4FFBDE80840E6
:10816000FFF78AB8089C000808B50348FFF7AAFF84
:10817000BDE80840FFF780B8189C000808B5034820
:10818000FFF7A0FFBDE80840FFF776B8289C00087D
:1081900008B50348FFF796FFBDE80840FFF76CB845
:1081A000389C000808B50348FFF78CFFBDE808407D
:1081B000FFF762B8489C000808B50348FFF782FF44
:1081C000BDE80840FFF758B8589C000808B50348B8
:1081D000FFF778FFBDE80840FFF74EB8689C00083D
:1081E00008B50348FFF76EFFBDE80840FFF744B845
:1081F000789C000870472DE9F74FC2F3C31302F0D3
:10820000030AC2F38009C2F3C108C2F3411E0193FD
:10821000574600224FF00F0BCB0737D5019C02F0D9
:1082200007039B0004FA03FC01254468954024EAF7
:10823000050444EA0904446085680324560004FAEE
:1082400006F625EA060545EA08058560C56825EABB
:10825000060545EA0E050BFA03F3BAF1020F6FEAC1
:108260000604C5606FEA03031BD1072A95BF056AA0
:10827000456A2B402B4095BF43EA0C0343EA0C03AD
:108280000362436203681C403C43046049081AD0FF
:108290004FEA49094FEA88084FEA8E0EBF000132C3
:1082A000BAE705682C403C43072A046095BF046A7E
:1082B000446A2340234095BF43EA0C0343EA0C037E
:1082C00003624362E2E703B0BDE8F08F836A5B6854
:1082D00030B5046B5968436862689B68FF2988BFA2
:1082E000FF2122F0FF7243EA014322F4803294BF5F
:1082F00000254FF0807513432B4343F48063636084
:1083000030BDD0E90B315B6840685A684B688068C3
:1083100010B523F0FF73FF2A23F4803394BF0024A9
:108320004FF0807443EA000388BFFF22234343EAEF
:1083300002434B6010BD00003F4838B5046BA36991
:1083400003F0FE02D906E2612DD5C36A59680A68B6
:1083500022F00F020A605A7B19680E2303FA02F218
:108360004A60826A5568296821F00F012960116806
:10837000527B93404B60836843F0040383606368DF
:1083800043F480436360236823F046032360202383
:1083900083F311886FF001011C30FEF78DFE00237E
:1083A00083F3118806E01A060BD50378032B05D159
:1083B000FFF7A7FFBDE83840FEF75EBFFFF786FF77
:1083C000F8E75B06F6D50178836A03295A681BD162
:1083D000C36A5D68296821F00F0129605D7B196817
:1083E0000E23AB404B605368BBB1FFF76FFF836A4E
:1083F0005A68136843F001031360636843F4005341
:10840000636004230370D5E7116821F00F01116048
:10841000597B1A680E238B405360636843F4804392
:108420006360236823F040032360202383F31188D3
:1084300002480021B1E700BFD01D0020EC1D002044
:1084400038B5234B196B8A6902F47C50C861D96A2C
:108450004C68206820F00F002060487B0C680E21DB
:1084600001FA00F06060986A45682C6824F00F04F7
:108470002C600468407B81406160D40542BF9968EC
:1084800041F001019960900542BF996841F00201F5
:108490009960510542BF996841F008019960D20482
:1084A00099680ED541F020019960202383F311884B
:1084B00008486FF00101FEF7FFFD002383F31188E8
:1084C00001E00029F1D1BDE83840FEF7D5BE00BF7C
:1084D000D01D0020EC1D002010B5054C2046FFF7F4
:1084E0000EF90023034AE361C4E90A33226310BD95
:1084F000D01D00200054004038B5056B2B6823F0D8
:1085000001032B600378012B044633D18A239A227E
:10851000C0E90832234B98422CD1234B1A6942F40C
:1085200000121A611A6922F400121A611A69DA69D2
:1085300042F40012DA61DB69002203460A210620B8
:10854000FFF770FD2346A06200220A210520FFF7F5
:1085500069FD236AE06243F480532362636A0A215F
:1085600043F480531F206362FFF72DFC0A21202073
:10857000FFF729FCA36A5B6805F124029A60E36AAD
:108580005B6805F128029A606268536843F44043CF
:1085900043F090032B6013682B612B6843F00103B9
:1085A0002B6038BDD01D0020001002402DE9F0479F
:1085B000002704460E46056B876087F31188C16A61
:1085C000406A49680860CA604B60A36A226A5B68B7
:1085D0001A60089ADA60099A5A60FEF79DFE4FF019
:1085E0002009804641F2873A89F31188AB69190462
:1085F00008D5FEF791FEA0EB080050453DD887F363
:108600001188F1E76268236B9268120558BF760003
:108610005E602046FFF775FEE36A0A995A681368A0
:1086200043F0010313602B6843F040032B606B6839
:1086300043F400536B6004F11C00FEF72FFD431C54
:1086400019D16B6843F480436B60A36A59680A6868
:1086500022F00F020A605A7B19680E2303FA02F215
:108660004A60E26A5468216821F00F0121601168B4
:10867000527B93404B60BDE8F0874FF0FF30FAE744
:108680000F4BDA6942F00102DA610E4ADB69936846
:1086900043F0010393604FF0804340F2CF229A628F
:1086A0004FF0FF32DA6200229A615A63DA605A6050
:1086B00001225A6108211A601C20FFF784BB00BF09
:1086C00000100240002004E04FF0804208B511691C
:1086D000D3680B40D9B2C9439B07116107D520234A
:1086E00083F31188FEF788FA002383F3118808BD0D
:1086F00008B5FFF7E9FFBDE80840FEF7BDBD000083
:108700000B4808B50B4BC360FEF7D6FF0A480B4B6E
:10871000C360FEF7D1FF0A480A4BC360FEF7CCFFE7
:1087200009480A4BC360BDE80840FEF7C5BF00BF5B
:10873000141E002000080040041E0020001000400D
:10874000341E002000140040241E0020003401408C
:1087500010B50378012B04465FD1394B984214D1F0
:10876000384BDA6942F00402DA61DA691A6942F0D8
:1087700004021A611A6922F004021A6107211E20FC
:108780001B69FFF720FB304BA360304B9C4214D198
:108790002C4BDA6942F01002DA61DA691A6942F0A8
:1087A00010021A611A6922F010021A61072136209C
:1087B0001B69FFF708FB244BA360254B9C4214D197
:1087C000204BDA6942F02002DA61DA691A6942F074
:1087D00020021A611A6922F020021A61072137204B
:1087E0001B69FFF7F0FA184BA3601A4B9C4214D197
:1087F000144B9A6942F400529A619A69DA6842F419
:108800000052DA60DA6822F40052DA6007212C2084
:10881000DB68FFF7D8FA0C4BA360D4E901130A68B0
:10882000B3FBF2F3E2688C68013B9BB2002010605E
:1088300054609362CB68106123F0FF03D36010BDD6
:10884000141E00200010024000A24A04041E002052
:10885000341E0020241E0020C36801220139D96281
:108860005A6100225A621A61426852681AB1DA6883
:1088700042F00102DA6085221A607047C368002264
:108880001A601A61DA6822F0FF02DA607047C26883
:1088900010B51469D3682340DCB2E443DB0701461A
:1088A00014610DD50378042B03D102230370FFF765
:1088B000E5FF4B685B681BB1BDE8104008461847F0
:1088C00010BD000008B50348FFF7E1FFBDE8084010
:1088D000FEF7D2BC141E002008B50348FFF7D7FFEF
:1088E000BDE80840FEF7C8BC041E002008B50348D8
:1088F000FFF7CDFFBDE80840FEF7BEBC341E0020E8
:1089000008B50348FFF7C3FFBDE80840FEF7B4BC55
:10891000241E00200C4B1B6D03F1804303F5C04364
:1089200003EB001011440368426003F1005303F5A8
:1089300040535B00002AA1EB020000DC7047008876
:1089400043F8040B023AF5E7005C00402DE9F84FCC
:10895000894D6C6C670505D56FF4806387486B643F
:10896000FEF7D6FF260509D52B6C844843F0080393
:108970002B646FF400636B64FFF704F8E0040DD51B
:108980007D4DAB6C190406D42B6C7C4823F0080396
:108990002B64FFF725F86FF480536B64A20508D5AC
:1089A00076484368DB6803B19847734B6FF40072F5
:1089B0005A64724D724E230403D4BDE8F84FFEF79B
:1089C0005BBC04F00F04A70007F1804707F5B84728
:1089D00004F10209D7F800A005EB89031AF0800F13
:1089E000D3F8048025D03A68D8F81430324042F4E5
:1089F00000423A6019695A6818680A44801A5A6035
:108A00002DD0B8F81020824228BF024698681A611B
:108A1000014499602046FFF77DFF3B6823F4F04353
:108A200023F0400383F0300343F4004343F080031A
:108A30003B601AF4004F0FD03B68334043F0800393
:108A40001AF4006F3B60E1B225D005EB8909284696
:108A5000D9F804305B689847474B5C6CABE701235F
:108A600003FA04F22B8923EA02032B81D8F8083099
:108A700013B1214628469847202383F3118805EB3C
:108A8000890300215B6858690C30FEF715FB002351
:108A900083F31188CDE7384BD8F818201B6DD2F836
:108AA00008C003F1804303F5C04303EB0410E14623
:108AB0008368D0F80CE003F10053CEF30900CEF345
:108AC000480E03F540534FEA8E0A0AEB430A5B0057
:108AD000534509F1020939D16FF0010909FB0E096B
:108AE000B9F1000F02D01B680CF81E3093680344E4
:108AF000936053680344536013681B1A1360138A0E
:108B0000013B9BB21382B8F81220824200D833BBDB
:108B1000012303FA04F26B89023423EA02036B8116
:108B200005EB84035B68DB680BB12846984720237C
:108B300083F3118805EB84046368986941680C30FD
:108B4000FEF7BAFA002383F3118885E753F804BBD4
:108B500009F802BC4FEA1B2B09F801BCB8E73B68D7
:108B600023F4904323F0700383F4405343F4004311
:108B700043F080033B606FE7005C0040441E002030
:108B80000F07FFFF0148FEF7FCBD00BF441E002099
:108B900008B50378012B12D0094B98420FD14A2017
:108BA000FFF728F94B20FFF725F9064B03221A643B
:108BB00003F5DA33DA6922F40002DA61DB6908BD11
:108BC000441E0020005C004090F87E30024A43F0D2
:108BD0008003D364704700BF005C004000EB81035A
:108BE00070B5DD682B6803F00303032B5AD0002B0C
:108BF0000CBF4FF4007300232F4A146D6A6904F10F
:108C0000804404F5C04404EB01146AB100226260A0
:108C10002A8AD0F88460013222F001023244C0F87E
:108C2000842043F020032660AA69C2B16D8A3E2DDC
:108C300005F1FF3239D942F01F02204E01325211A4
:108C400046EA822292B2E260D0F88420013525F013
:108C500001051544C0F8845043F40053A2608A0013
:108C600002F1804202F5B84210684404106848BF1F
:108C700043F48043400648BF43F04003194321F4C6
:108C8000784148F2800021F0F001014323F4F163C0
:108C9000116023F0070311685B045B0C4B40034336
:108CA000136070BD4FF4C063A6E742F001020132C9
:108CB000520202F47C42C6E7005C00400080FFFFE5
:108CC0000C4A10B40021802411655164D4644468B6
:108CD000E4688C420CBF4FF41C444FF41E441464EF
:108CE0004022C0F88420044A5DF8044BC260FFF7BC
:108CF00075BF00BF005C0040889C000838B5017853
:108D00000129044619D10D4B984211D10C4B0D4D40
:108D1000DA6942F40002DA61DB6929644A200D2134
:108D2000FFF751F80E214B20FFF74DF800232B647D
:108D30002046BDE83840FFF7C3BF38BD441E0020C1
:108D400000100240005C00404023C0F88430012243
:108D500048F28000930003F1804303F5B8430132E9
:108D60001968082A41EA000119601860F2D17047B9
:108D7000054B53F8210010F4405004D0B0F5805F4B
:108D800014BF022001207047005C0040054B53F8DF
:108D9000210010F0300003D0102814BF0220012061
:108DA000704700BF005C00400B4B1B6D03F180431C
:108DB00003F5C04303EB011102F108008B6803F1D6
:108DC000005303F540535B00196822F8021B9042E0
:108DD00003F10403F8D17047005C004000EB810010
:108DE00010B5C36898690268C2B15C8A1319013B67
:108DF000B3FBF4F39BB2890001F1804101F5B84166
:108E000003820B6823F4904323F0700383F44053F0
:108E100043F4004343F080030B6010BD0123EAE7F5
:108E200000EB810010B50C46C1684B690A8A1868CE
:108E30009968824228BF02461A612046FFF76AFD00
:108E4000A00000F1804000F5B840036823F4F0432F
:108E500023F0400383F0300343F4004343F08003E6
:108E6000036010BD890001F1804101F5B8410B6834
:108E700023F4904323F0700383F4805343F40043BE
:108E800043F080030B607047890001F1804101F5D8
:108E9000B8410B6823F4F04323F0400383F0100340
:108EA00043F4004343F080030B607047890001F1F5
:108EB000804101F5B8410B6803F44053B3F5405FBE
:108EC00009D00B6823F4F04323F0400343F420431C
:108ED00043F080030B607047890001F1804101F588
:108EE000B8410B6803F03003302B0BD00B6823F430
:108EF000F04323F0400383F0200343F4004343F0A6
:108F000080030B6070474B6843608B688360CB685D
:108F1000C3600B6943614B6903628B6943620B68F1
:108F20000360704708B5194B9A6A42F4FC029A62D2
:108F30009A6A22F4FC029A629A6A5A6942F4FC0222
:108F40005A61134A5B6911464FF09040FFF7DBFF0F
:108F5000104802F11C01FFF7D6FF0F4802F138015B
:108F6000FFF7D1FF0D4802F15401FFF7CCFF0C4889
:108F700002F17001FFF7C7FF0A4802F18C01FFF709
:108F8000C2FFBDE80840FEF7C9BF00BF00100240A5
:108F9000AC9C00080004004800080048000C004891
:108FA00000100048001400487047162303604FF07B
:108FB000FF30704700207047184670470020704708
:108FC00010B50022044608460121FDF795FD18B9A9
:108FD0000C2323604FF0FF3010BD08B5134600216D
:108FE00058221846F7F7F2FB4FF400524260002077
:108FF00008BD0120704708B5F7F748FB012303605F
:0C9000004FF0FF3008BD01207047FEE774
:04900C00F8B500BFF4
:04901000F8B500BFF0
:109014000020202020202020202028282828282044
:10902400202020202020202020202020202020203C
:1090340020881010101010101010101010101010A4
:109044001004040404040404040404101010101094
:10905400101041414141414101010101010101015E
:1090640001010101010101010101010110101010B0
:109074001010424242424242020202020202020230
:109084000202020202020202020202021010101084
:1090940020000000000000000000000000000000AC
:1090A40000000000000000000000000000000000BC
:1090B40000000000000000000000000000000000AC
:1090C400000000000000000000000000000000009C
:1090D400000000000000000000000000000000008C
:1090E400000000000000000000000000000000007C
:1090F400000000000000000000000000000000006C
:10910400000000000000000000000000000000005B
:1091140000000000040C002000000000000000001B
:10912400000000000000000000000000000000003B
:10913400000000000000000000000000000000002B
:10914400000000000000000000000000000000001B
:10915400000000000000000000000000000000000B
:1091640000000000000000000000000000000000FB
:1091740000000000000000000010002000403050FB
:109184000070608000A090B00011012100413151B5
:109194000071618100A191B1001202220042325299
:1091A4000072628200A292B200130323004333537D
:1091B4000073638300A393B3001404240044345461
:1091C4000074648400A494B4001505250045355545
:1091D4000075658500A595B5001606260046365629
:1091E4000076668600A696B600170727004737570D
:1091F4000077678700A797B70018082800483858F1
:109204000078688800A898B80019092900493959D4
:109214000079698900A999B9001A0A2A004A3A5AB8
:10922400007A6A8A00AA9ABA001B0B2B004B3B5B9C
:10923400007B6B8B00AB9BBB001C0C2C004C3C5C80
:10924400007C6C8C00AC9CBC001D0D2D004D3D5D64
:10925400007D6D8D00AD9DBD001E0E2E004E3E5E48
:10926400007E6E8E00AE9EBE001F0F2F004F3F5F2C
:10927400007F6F8F00AF9FBF0000041006200A30EC
:10928400100018101C202430200028102C2034300A
:10929400300038103C204430400048104C205430FA
:1092A400500058105C206430600068106C207430EA
:1092B400700078107C208430800088108C209430DA
:1092C400900098109C20A430A000A810AC20B430CA
:1092D400B000B810BC20E000C000C810CA30E030B4
:1092E400D000DC10D620DC40044018402C407040F4
:1092F400FFFFFFFFB440C84060FF6DFF80F294FFA2
:109304005DFF69EE80C09AD859FF65D0809B9FBCF1
:1093140055FF60B58077A5A351FF599D8052AD8F4D
:109324004BFF518B802EB78346FF46818109C38052
:1093340040FF3A81FF1BCE883AFF2F8BFF40D7981E
:1093440035FF279DFF65DEAF2FFF20B5FF89E4C9F8
:109354002BFF1BD0FFAE20FF27FF17EEE9F2EDFF36
:1093640023FF13FFFFE9DFFFA1FFA5FFAAFFC0FF53
:10937400FFFFFFFFD6FFDBFF0004080C1014181CCE
:109384002024282C30340105090D1115191D21251F
:10939400292D312F02060A0E12161A1E22262A2EF3
:1093A400353603FF070B0F13171B1F23272B3233ED
:1093B40038393AFFFFFF3BFFFFFFFF3E3F37000016
:1093C40081267000000000000000000029001E003B
:1093D4001F00200021002200230024002500260075
:1093E40027002D002E0035002B0014001A00080061
:1093F400150017001C0018000C00120013002F00A9
:1094040030003100E00004001600070009000A00E3
:109414000B000D000E000F00330034002A0028005A
:10942400E10000001D001B000600190005001100EA
:109434001000360037003800E5000151E000E30079
:10944400E2000000000000002C000000000000000A
:109454000000E600E700E400005C3A003B003C004A
:109464003D003E003F0040004100420043004400F4
:10947400450001000100035F025F075F065F0B5FA9
:109484000A5F015F005F055F045F52000100010095
:109494000100AA00A900A8000100010001000100C8
:1094A4004A004B0050004F004C0001000100000036
:1094B4000100095F085F0D5F0C5F010001004D00B2
:1094C4004E005100010001000100010001000000F4
:1094D4000000000001000000000000000000010086
:1094E4000100010001000100010001000100010070
:1094F4000100010001000100010001000100010060
:10950400010001000100010001000100010001004F
:10951400010001000100010001000100010001003F
:10952400010001000100010001000100010001002F
:109534000100010001000100010000000100010020
:10954400010001000100010001000100010001000F
:109554000100010001000100010000000000000002
:1095640001000000000000000000010001000100F3
:1095740001000100010001000100010001000100DF
:1095840001000100010001000100010001000100CF
:1095940001000100010001000100010001000100BF
:1095A40001000100010001000100010001000100AF
:1095B400010001000100010001000100010001009F
:1095C4000100010001000000010001000100010090
:1095D400010001000100010001000100010001007F
:1095E4000100010001000000000000000100000073
:1095F4000000000000000100010001000000000064
:109604000000000000000000000000000000000056
:109614000000000000000000000000000000000046
:10962400000000002A2B28000000000000000000B9
:109634000000000000000029000000002C1E34205F
:10964400212224342627252E362D3738271E1F2085
:109654002122232425263333362E37381F040506CA
:109664000708090A0B0C0D0E0F101112131415160E
:109674001718191A1B1C1D2F3130232D350405060C
:109684000708090A0B0C0D0E0F10111213141516EE
:109694001718191A1B1C1D2F3130354C00000000FF
:1096A4007E0F00D4FFFFFFC700000078E200E9004E
:1096B400EA00B500B600B700CD008301CC008A01F2
:1096C4009201940121022302240225022602270288
:1096D4002A02B300B4006F00700000000D000048BF
:1096E4000A000048090000480E0000480F00004826
:1096F40008040048090400480D0800480E08004802
:109704000F0800480000004801000048020000481B
:10971400030000480304004804040048050400480A
:109724000800004804000048000101010101010192
:109734000101020202020202020202030303030302
:1097440003030304040404040404050505050506D1
:10975400060606060707070707080808080909098F
:10976400090A0A0A0B0B0B0C0C0C0D0D0D0E0E0E38
:109774000F0F0F10101111111212131314141515C9
:1097840016161717181819191A1A1B1B1C1D1D1E3B
:109794001E1F20202122222324242526262728298F
:1097A400292A2B2C2D2D2E2F3031323233343536BD
:1097B4003738393A3B3C3D3E3F40414243444546BD
:1097C4004748494A4C4D4E4F505153545556585999
:1097D4005A5B5D5E5F616264656668696B6C6D6F40
:1097E4007072737577787A7B7D7E808283858788B3
:1097F4008A8C8E8F91939596989A9C9EA0A2A3A5ED
:10980400A7A9ABADAFB1B3B5B7BABCBEC0C2C4C6ED
:10981400C9CBCDCFD1D4D6D8DBDDDFE2E4E7E9EBA9
:10982400EEF0F3F5F8FAFDFFE200E900EA00B50016
:10983400B600B700CD008301CC008A0192019401E7
:109844002102230224022502260227022A02B3004F
:10985400B4006F007000000003000000000000006E
:109864006160000800000000080000008C10002067
:1098740000000000020000000000000003000000DF
:1098840000000000996300080000000020000000B0
:10989400DC100020000000000200000000000000B6
:1098A400D960000881600008316200086560000822
:1098B4008C99000890990008B299000804201000BF
:1098C400F19800080A9900082A9900084C990008A0
:1098D400C4990008E69900084022B609025B000317
:1098E4000100A0FA0904000001030101000921118B
:1098F4000100012240000705810308000A09040150
:1099040000020300000009211101000122220007C6
:109914000582032000010705030320000109040256
:1099240000010300000009211101000122B6000713
:1099340005840320000A1201100100000040688918
:10994400554802000102000105010906A1010507AD
:1099540019E029E715002501950875018102950193
:10996400750881010507190029FF150026FF0095D8
:1099740006750881000508190129059505750191E9
:1099840002950175039101C00403090420035900E1
:10999400690061006E006300610072002D004400E4
:1099A40065007300690067006E0073000000100317
:1099B40048005300360030002000560032000000FA
:1099C4000660FF0961A1010962150026FF009520C8
:1099D400750881020963150026FF0095207508911A
:1099E40002C005010902A10185020901A1000509BE
:1099F4001901290815002501950875018102050141
:109A0400093009311581257F9502750881060938C9
:109A14001581257F950175088106050C0A38021504
:109A240081257F950175088106C0C005010980A1C3
:109A340001850319012AB700150126B700950175A0
:109A4400108100C0050C0901A101850419012AA097
:109A540002150126A002950175108100C0050109B7
:109A640006A1018505050719E029E71500250195DB
:109A740008750181020507190029EF1500250195D4
:109A8400F0750181020508190129059505750191F3
:109A940002950175039101C000000000CD67000824
:109AA400BD670008ED670008DD670008E767000888
:109AB400D7670008C7670008B76700080000000000
:109AC40040A00008D01E0020D01E0020D01E002080
:109AD40040A000080000000000000000000000009A
:109AE40040A000080000000000000000000000008A
:109AF40040A000080000000000000000000000007A
:109B040040A0000800000010000000100000001039
:109B140040A0000800000000000000000000000059
:109B240040A0000800000000000000000000000049
:109B340040A0000800000000000000000000000039
:109B440069646C6500000000449B0008981B0020B9
:109B5400F81C002001000000916B000800000000C8
:109B6400737461636B206F766572666C6F77000047
:109B74006D61696E00164230040444080C10141818
:109B84001C2021220000000001000000007400409D
:109B940000000000000000000000FFFF09000000BA
:109BA400BE2000000A000000007400400300000012
:109BB40010000000FFFF00000A000000BE200000AB
:109BC4000A000000000002400800024001000000FA
:109BD4000000000B000002401C00024002000000D4
:109BE4000004010C000002403000024004000000A8
:109BF4000008020D0000024044000240080000007A
:109C0400000C030E00000240580002401000000047
:109C14000010040F000002406C000240200000000D
:109C240000140510000002408000024040000000C3
:109C340000180611000402400804024080000000DD
:109C440000000738000402401C0402400001000028
:109C540000040839000402403004024000020000FD
:109C64000008093A000402404404024000040000D1
:109C7400000C0A3B000402405804024000080000A3
:109C840000100B3C00000000F57900089D7C0008E2
:109C94004F7D000840004000741100207411002022
:109CA400010000008811002000A8802A00000000A4
:109CB40000FCC03C54111564FFFF00000000505527
:109CC40000E00E0080A00000C0000000C0F0000012
:109CD40015055555FFFF000000000044000000007A
:109CE400000A000000000000000000F05555550572
:109CF400FFFF0000000077000000000000000000EB
:109D0400000000000000000055555555FFFF0000FD
:109D14000000000000000000400055550000000055
:109D2400C000FFFF15551501FF00000000000000F2
:109D34000000000000000000000000000F00000010
:109D440050555555FFFF00000000000000000000C2
:109D54005245454E54206D616C6C6F63207375637E
:109D640063656564656400002E2E2F2E2E2F2E2E23
:109D74002F2E2E2F2E2E2F2E2E2F2E2E2F2E2E2FF9
:109D84006E65776C69622F6C6962632F7374646C9F
:109D940069622F72616E642E630000002C20667568
:109DA4006E6374696F6E3A2000000000617373651E
:109DB4007274696F6E2022257322206661696C6556
:109DC400643A2066696C6520222573222C206C6914
:109DD4006E65202564257325730A0000232D302B1E
:109DE40020000000686C4C0065666745464700002B
:109DF40030313233343536373839414243444546BD
:109E0400000000003031323334353637383961627E
:089E14006364656600000000B4
:089E1C00A865FF7F01000000B2
:109E2400040C0020000000005C9100083C91000834
:109E34001C91000800000000000000000000000069
:109E4400000000000000000000000000000000000E
:109E540000000000000000000000000000000000FE
:109E640000000000000000000000000000000000EE
:109E740000000000000000000000000000000000DE
:109E840000000000FF000000FF060000FF7FFF004D
:109E940000FF0000FF0000FF0000FF0001000100C0
:109EA4000130013007380000400D0300A9270008E5
:109EB40000000000000000001E320A141E6408287E
:109EC400390F002021600008040000000400000095
:109ED400000000000000000000000000000000007E
:109EE400000000000000000000000000000000006E
:109EF400000000000000000000000000000000005E
:109F0400000000000000000000000000030000004A
:109F140000000000DB6900080000000020000000D1
:109F2400000000000000000002000000000000002B
:109F34000300000000000000000000004F6A000859
:109F440000002000000000000000000002000000EB
:109F54000000000003000000000000008D6A0008FB
:109F640000000000080000000000000000000000E5
:109F74000200000000000000441E00200203000054
:109F84000400000004000000200000002000000085
:109F940000000000640F0020F40F00200000000007
:109FA40000000000000000000000000000000000AD
:109FB400000000000000000000000000000000009D
:109FC400000000000000000000000000000000008D
:109FD400000000000000000000000000000000007D
:109FE400000000000000000000000000000000006D
:109FF400000000000000000000000000000000005D
:10A00400000000000000000000000000000000004C
:10A01400000000000000000000000000010000003B
:10A02400BD640008C964000865650008B1650008DE
:0CA03400E5650008009600000000080030
:040000050800035993
:00000001FF
