:020000040800F2
:100000000004002031020008F778000833020008DD
:1000100033020008330200083302000833020008EC
:1000200033020008330200083302000833020008DC
:1000300033020008330200083302000833020008CC
:1000400033020008330200083302000833020008BC
:1000500033020008330200083302000833020008AC
:1000600033020008718600086D8400088D84000842
:10007000330200083302000833020008FD8900083B
:100080008D8A00083302000833020008330200089A
:10009000330200083302000833020008D587000845
:1000A000330200083302000833020008330200085C
:1000B000330200083302000833020008DD8A00081A
:0800C0003D01000811010008D8
:1000C8000448054B10B5834203D0044B002B00D0E5
:1000D800984710BD580E0020580E00200000000060
:1000E80006480749091A8B10C90FC91810B54910D5
:1000F80003D0044B002B00D0984710BD580E0020A9
:10010800580E00200000000010B5074C2378002B83
:1001180009D1FFF7D5FF054B002B02D0044800E0BA
:1001280000BF0123237010BD580E002000000000FE
:10013800949B0008054B10B5002B03D004490548D3
:1001480000E000BFFFF7CCFF10BDC0460000000074
:100158005C0E0020949B000872B6244880F308883F
:10016800234880F30988022080F31488BFF36F8F37
:1001780007F0EEF806F0A4FE1E481F491B4A9142FC
:1001880002DA08600431FAE71C49194A914202DA96
:1001980008600431FAE71A491A4A1B4B9A4204DAF2
:1001A8000868106004310432F8E700201749184A3B
:1001B800914202DA08600431FAE707F0CDF807F057
:1001C800C8F8144C144DAC4203DA2168884704344B
:1001D800F9E706F083FE114C114DAC4203DA2168B1
:1001E80088470434F9E70F49084700000004002055
:1001F800000C002055555555000000200004002033
:10020800949B0008000C0020580E0020580E002077
:10021800701C0020C0000008C4000008C4000008CA
:10022800C80000085D73000896E700F000F8FEE7D4
:10023800F0B544464D4656465F46F0B46B46CB6033
:10024800C3689D46F0BCA046A946B246BB46F0BD71
:1002580062B6281CA047002007F0C4FAFEE707F0A2
:1002680067FA024A024B1360FEE7C04604ED00E05D
:100278000000008002B47146490849000956490047
:100288008E4402BC7047C04602B471464908490012
:10029800095C49008E4402BC7047C04603B47146ED
:1002A800490840004900095A49008E4403BC704778
:1002B800002243088B4274D303098B425FD3030A9D
:1002C8008B4244D3030B8B4228D3030C8B420DD3B0
:1002D800FF22090212BA030C8B4202D3121209023E
:1002E80065D0030B8B4219D300E0090AC30B8B427C
:1002F80001D3CB03C01A5241830B8B4201D38B032A
:10030800C01A5241430B8B4201D34B03C01A5241CE
:10031800030B8B4201D30B03C01A5241C30A8B4211
:1003280001D3CB02C01A5241830A8B4201D38B02FC
:10033800C01A5241430A8B4201D34B02C01A5241A0
:10034800030A8B4201D30B02C01A5241CDD2C30912
:100358008B4201D3CB01C01A524183098B4201D38E
:100368008B01C01A524143098B4201D34B01C01A79
:10037800524103098B4201D30B01C01A5241C308F1
:100388008B4201D3CB00C01A524183088B4201D360
:100398008B00C01A524143088B4201D34B00C01A4C
:1003A8005241411A00D20146524110467047FFE7B8
:1003B80001B5002000F0F0F802BDC0460029F7D0D2
:1003C80076E7704703460B437FD4002243088B42ED
:1003D80074D303098B425FD3030A8B4244D3030BC4
:1003E8008B4228D3030C8B420DD3FF22090212BA89
:1003F800030C8B4202D31212090265D0030B8B4205
:1004080019D300E0090AC30B8B4201D3CB03C01AEE
:100418005241830B8B4201D38B03C01A5241430BC9
:100428008B4201D34B03C01A5241030B8B4201D3B9
:100438000B03C01A5241C30A8B4201D3CB02C01A24
:100448005241830A8B4201D38B02C01A5241430A9C
:100458008B4201D34B02C01A5241030A8B4201D38B
:100468000B02C01A5241CDD2C3098B4201D3CB0132
:10047800C01A524183098B4201D38B01C01A5241E1
:1004880043098B4201D34B01C01A524103098B42E5
:1004980001D30B01C01A5241C3088B4201D3CB00D0
:1004A800C01A524183088B4201D38B00C01A5241B3
:1004B80043088B4201D34B00C01A5241411A00D263
:1004C80001465241104670475DE0CA0F00D04942CC
:1004D800031000D34042534000229C4603098B423C
:1004E8002DD3030A8B4212D3FC22890112BA030AC4
:1004F8008B420CD3890192118B4208D38901921146
:100508008B4204D389013AD0921100E08909C309CA
:100518008B4201D3CB01C01A524183098B4201D3CC
:100528008B01C01A524143098B4201D34B01C01AB7
:10053800524103098B4201D30B01C01A5241C3082F
:100548008B4201D3CB00C01A524183088B4201D39E
:100558008B00C01A5241D9D243088B4201D34B00B9
:10056800C01A5241411A00D20146634652415B10FB
:10057800104601D34042002B00D5494270476346DC
:100588005B1000D3404201B5002000F005F802BD21
:100598000029F8D016E770477047C046002B11D1E4
:1005A800002A0FD1002900D1002802D00021C94318
:1005B800081C07B4024802A14018029003BDC046B7
:1005C800D9FFFFFF03B4684601B5029800F02EF882
:1005D800019B9E4602B00CBC7047C046F0B515049E
:1005E8002D0C0F0001002E00C64684460004140C92
:1005F800000C090C46434D43604361434019340CD9
:10060800241800B5A54203D9802040028046414401
:10061800250C6D18614659437A433004491924045E
:10062800000C2018891804BC9046F0BDF0B5574658
:100638004E464546DE46E0B504000D009246994612
:1006480083B08B4230D82DD04946504600F0BAF8D6
:1006580029000600200000F0B5F8331A9846203B20
:100668009B4633D45A465346934042461F0053464E
:1006780093401E00AF423AD8AF4200D178E05B46C3
:10068800A41BBD41002B00DA75E000220023009274
:10069800019301235A469340019301234246934014
:1006A800009328E08242CFD90022002300920193D0
:1006B8000C9B002B01D01C605D600098019903B071
:1006C8003CBC90469946A246AB46F0BD4246202324
:1006D8009B1A5246DA40414613004A468A401700A0
:1006E80042461F43534693401E00AF42C4D90022DE
:1006F8000023009201934346002BD9D0FB077208D0
:100708001A4346467B080EE0AB4201D1A2420CD800
:10071800A41A9D41012024196D410021013E24188D
:100728004D41002E06D0AB42EED9013E24196D4151
:10073800002EF8D1009801995B4600196941002BF9
:1007480024DB2B005A464446D3402A00E2401C00D2
:100758005B461500002B2ADB26009E40330026004E
:100768004746BE403200801A9941009001919FE7A8
:10077800A342BCD883E74246202300219B1A0022CB
:10078800009101920122DA40019286E74246202335
:100798009B1A2A0046469A402300F34044461343D6
:1007A8002A00E2401C005B461500002BD4DA4246C2
:1007B8002F002023260097409B1ADE403B0033433E
:1007C800CDE7C04610B5002903D100F007F8203066
:1007D80002E0081C00F002F810BDC0461C210123ED
:1007E8001B04984201D3000C10391B0A984201D30C
:1007F800000A08391B09984201D30009043902A2EA
:10080800105C40187047C046040302020101010150
:100818000000000000000000014B18687047C04647
:10082800000C0020F0B5C64600B50F2A43D90B00CE
:10083800032603431E400C000300002E40D1150080
:10084800103D2D09AC462D01A846804400E03B0030
:10085800676825685F60E7681D60DF601F00A5683E
:1008680010379D6010344345F1D165460F230C24A1
:1008780001352D01491913404519144223D08C59CB
:10088800AC5104369C1B032CF9D80324043B9B0869
:1008980001339B002240ED18C918561E002A07D0C4
:1008A800002300E02300CA5C5C1CEA549E42F9D194
:1008B80004BC9046F0BD0500561E002AF0D1F7E7AB
:1008C800561E0500ECE71A00F6E7C046F0B505002D
:1008D80083074AD0541E002A44D0CEB20300032214
:1008E80002E00135013C3DD301332E701342F8D1AB
:1008F800032C2FD9FF220A40150215432A04154359
:100908000F2C35D92700103F3F093E01B4461E0081
:100918001A0010366644156055609560D56010322F
:10092800B242F8D10F260C2201373F012640DB19CD
:100938003700224217D03E1FB608B400A4461A005A
:100948001C1D644420C2A242FCD103240136B60017
:100958009B193C40002C05D0C9B21C1919700133F1
:100968009C42FBD1F0BD3400F4E714000300BFE75C
:100978002700E0E7114B70B51C680500A06B002844
:1009880003D000230561436170BD183000F0AAF858
:10099800A06300280CD00A4B01220360094B436076
:1009A800094B83600B238381002302614361E8E7DD
:1009B800064B00224221064800F050F8000C0020A7
:1009C8000E33CDAB34126DE6ECDE0500C49A000898
:1009D800DC9A0008184B70B51D68AC6B002C0ED063
:1009E80020696169154A164BFFF7F8FD01220023BB
:1009F80012184B41580040082261636170BD1820ED
:100A080000F070F8041EA8630FD00E4B012203609B
:100A18000D4B43600D4B83600B23838100230261E0
:100A2800436107480A4A064BE6E70A4B00224E2173
:100A3800094800F013F8C046000C00202D7F954CA3
:100A48002DF451580E33CDAB34126DE6ECDE0500B3
:100A58002E7F954CC49A0008DC9A000830B51C001B
:100A68000A4B05001B6885B0D868002A0AD0084BD5
:100A78000292019300912B002200064900F020F811
:100A880000F0AAFD044B1A00F2E7C046000C002053
:100A9800109B0008209B00081C9B0008130010B541
:100AA8000022FFF7DBFFC0460CB400B583B004ABEF
:100AB80004CB019300F01EF903B008BC02B018473C
:100AC8000EB400B582B003AB0100054804CB006842
:100AD800019300F00FF902B008BC03B01847C046F4
:100AE800000C002010B5034B0100186800F064F8F2
:100AF80010BDC046000C002010B5034B010018685B
:100B080000F004F810BDC046000C002070B50500C8
:100B1800002915D00C1F2368002B27DB280001F0C3
:100B280045FA244B1A68002A05D0A2420CD921683C
:100B38006018824224D0626028001C6001F038FAF4
:100B480070BDA34203D81A005368002BF9D111686D
:100B58005018A0421BD027D821686018834207D0BC
:100B680063605460280001F023FAE9E7E418D5E748
:100B780018685B6884466144216063605460F1E7EB
:100B8800106852688446614421606260D4E7206836
:100B98000918501811608342E4D118685B688446CC
:100BA800614411605360DDE70C2328002B6001F0DD
:100BB800FFF9C5E7740E0020F8B50323CD1C9D434B
:100BC800083506000C2D2AD20C25A94229D8300058
:100BD80001F0ECF92A4F3A68002A0AD013685B1B27
:100BE80004D441E023685B1B1FD522005468002C05
:100BF800F8D17B68002B3DD02900300008F0BAFA04
:100C0800431C2AD00323C41C9C43A04205D0211AAC
:100C1800300008F0AFFA431C1FD0256010E0002D0B
:100C2800D3DA0C2300203360F8BD0B2B05D863689A
:100C3800A2421DD0536003E014002360E41825602D
:100C4800300001F0B5F9200007220B30231D904336
:100C5800C21AE9D01B1AA350E6E70C233000336010
:100C680001F0A6F90020DFE70B2BE5D81400536844
:100C78003B60E5E70021300008F07CFA7860BBE7CC
:100C8800740E0020936810B5013B9360002B04DAC2
:100C98009469A34207DB0A2905D01368581C106021
:100CA8000800197010BD00F09BFBFBE7F8B50600C3
:100CB8000F00002B0DD01400D51802E00134AC420F
:100CC80007D021783A003000FFF7DCFF431CF5D14C
:100CD800F8BD0020FCE7C046936810B51400002B4F
:100CE80002D10020536010BD00F07AFE0023A360FB
:100CF8006360F8E7F0B54E46DE4657464546E0B530
:100D0800A1B00490039191461C00002804D0836987
:100D18000593002B00D1BEE0AD4B039A9A4200D157
:100D2800C0E0AC4B039A9A4200D1CDE0AA4B039A9B
:100D38009A4200D147E1039A93891B0700D4B9E08E
:100D480013690593002B00D1B4E0002308AD6B6153
:100D580020336B761033AB762F3B98464B461B7887
:100D680007949E4F002B00D189E0252B00D125E167
:100D78004E4603E0252B00D1AAE026007378741CA8
:100D8800002BF7D14B46E31A9A4678D053464A4689
:100D980003990498FFF78AFF431C70D06B6953448A
:100DA8006B617378002B6AD00122002352426A607B
:100DB800443201342B60EB60AB60AB54AB6506E0AA
:100DC8004346C01B834034002A6813432B602178B4
:100DD8000522380001F04CF8661C0028F0D12B6879
:100DE800B246DA0602D543222021A9541A0702D5B1
:100DF80043222B21A95421782A2900D06EE0079A92
:100E0800111D12680791002A00DABAE0EA606178D9
:100E1800A61C2E2900D17AE0714B032218009946AE
:100E280001F026F8002800D18FE04B46C01A402375
:100E380083402A68317813432B600622731C694863
:100E48009946297601F014F8002800D188E0664B0D
:100E5800002B00D18EE007AB0093039A634B290067
:100E6800049800E000BF83465B46013307D06B69F6
:100E78005B446B614B461B78002B00D075E7039BE6
:100E88009B895B061DD4686921B03CBC9046994695
:100E9800A246AB46F0BD00F07BFD4D4B039A9A424B
:100EA80000D03EE7049B5B680393039A93891B0772
:100EB80000D545E70399049800F008FB002800D105
:100EC80043E701204042DFE7049B9B68039332E736
:100ED8004B46E31A9A4600D166E757E70A00303ACC
:100EE800A246092A95D8EB68180001E034000136BB
:100EF80083001B1831785B0098180A00303A092AD9
:100F0800F4D9B246E860A61C2E2900D084E75346DF
:100F180059782A293BD1079B1A1D07925246917886
:100F2800D61C022294461B68E2446B60002B00DB4F
:100F380072E701235B426B60294B03221800994634
:100F480000F096FF002800D06FE7B146564631788A
:100F580006222448297600F08BFF002800D076E787
:100F680007AB0093039A214B2900049800F0E4F89A
:100F7800834679E70722079B073393430833079390
:100F880075E75242EA60022213432B603FE70A00EA
:100F98000023303A6B601800092A01D910E01E00BE
:100FA80083001B1871785B0098180A00303A731C8C
:100FB800092AF4D99A46023668602DE74C46F3E6CA
:100FC800B246013628E7049BDB680393B3E6C046C4
:100FD8001C930008FC920008DC920008509B000853
:100FE800589B00085C9B000800000000B50C000836
:100FF80010B504001300034A10680A002100FFF727
:1010080079FE10BD000C0020F0B54F464646D64686
:10101800C0B51F00089B914698468A680B69060070
:101028000C00934200DA13004A4613604322A25C84
:10103800002A02D04A460133136023689A065AD51B
:101048004B461B6806209A1C4B461A6023681900F9
:10105800184208D1E16800258A1A19218A46190020
:10106800A244002A3FDC4323E35C5A1E93418A06CC
:101078000AD53020E1184331087045215A1C615CBB
:10108800A218433202331170220039004332300073
:10109800C047431C19D006232068A2682169034071
:1010A800042B30D08A423ADD00239946521A9144E3
:1010B8001A34002502E001354D4530DA01232200BB
:1010C80039003000C047431CF5D1012040421CBC08
:1010D80090469946A246F0BD4B46E2681B6801352A
:1010E800D31AAB4220DD0123524639003000C047F5
:1010F800431CF1D1E9E706221A4212D04323E35CEC
:101108005A1E9341C0E74B46E0681B68C31AD84390
:10111800C017184081468A42C8DC002BC8DC002072
:10112800D5E74A46126895E743232168E35C5A1ECF
:1011380093418A069DD4A7E7F0B557469A464323BC
:101148009C464E464546DE468C446346E0B587B02D
:1011580003930B7E914680460C00109A6E2B00D1AB
:10116800D8E000D871E0732B00D11AE100D881E0F3
:10117800752B00D1FFE0782B00D00BE10B687820AD
:101188004521605494498B46116840C9116018067E
:1011980003D4580601D53604360CDA0702D52022C6
:1011A800134323601027002E00D1C2E043230022FE
:1011B800E2546368A360002B00DAC5E004222168CA
:1011C80091432160002E00D083E0002B00D0BDE0C9
:1011D800039D082F00D18CE0039B5B1B23615346C2
:1011E80005AA009321004B464046FFF70DFF431C1C
:1011F80022D023692A0049464046D047431C1BD0C9
:1012080022680598E368920700D47FE01A1A002A3A
:1012180000DC7BE026000025193606E0E368059827
:1012280001351A1AAA4200DC70E00123320049464F
:101238004046D047431CF1D10120404207B03CBC96
:1012480090469946A246AB46F0BD632B00D184E098
:101258001FD8002B69D0582B00D09BE04521635440
:101268005E4923688B46116840C91160180600D48E
:101278008FE792E76F2B7ED0702B00D08AE0202377
:10128800096878200B4345212360605452498B46F6
:101298007AE7642B01D0692B7CD111682368081D7B
:1012A80010601D064AD50A681600002A03DB4B4B5E
:1012B8000A279B467DE743222D21A1546268764286
:1012C800A260002A02DB042293432360434B0A27CF
:1012D8009B46039D00E0060039003000FFF76EF8DA
:1012E8005B465B5C013D2B70BE42F4D2082F00D0F8
:1012F80072E72368DB0700D46EE7636822699342CC
:1013080000DD69E73023013D2B7065E7984295DAE7
:10131800180093E7136809681D1D606915601B684C
:101328000E0601D449064BD418600023039D23619F
:1013380055E7202322689A43226037E75D06B2D535
:1013480000228E5E3200B0E7002EC2D15B46250037
:101358001A7842234235E2543BE713682500191DE9
:1013680011601A684223E254413B4235236143230A
:101378000022E25433E7116820680D1D1560060647
:1013880001D440061ED40E686F2B1DD0134B0A27BC
:101398009B460BE742222500A354012342352361D3
:1013A800E5E71368191D11601D68626800212800AF
:1013B80000F05EFD00280BD0401B60602061D6E77E
:1013C8001880B2E70E88DFE7044B08279B46EDE656
:1013D80060682061CBE7C046789B0008649B0008E2
:1013E800F8B505000E001400002802D08369002B10
:1013F80029D02D4B9C422BD02C4B9C4246D02C4BB9
:101408009C424ED0A369A360A3891B0726D52369F4
:10141800002B23D0FF22F7B2616916402268D31A45
:1014280099422ADD0133A1680139A160511C21606C
:10143800177062699A422BD0A389DB0701D50A2E5F
:1014480026D03000F8BD00F0A3FA174B9C42D3D148
:101458006C68A369A360A3891B07D8D4210028005E
:1014680000F034F8002819D1FF222369F7B2616926
:1014780016402268D31A9942D4DC2100280000F0D3
:101488004DF900280AD122680123CCE7AC68B9E7F6
:101498002100280000F042F90028D2D00126764227
:1014A800CFE7EC68AEE7C0461C930008FC92000842
:1014B800DC92000810B5044B0A001B6801001800F4
:1014C800FFF78EFF10BDC046000C00203E4B70B5E4
:1014D8001D6806000C00002D02D0AB69002B1BD044
:1014E8003A4B9C421ED03A4B9C424CD0394B9C42C2
:1014F80060D00C23E25E93B2190719D5216900293F
:1015080021D0DA072ED50023A360636900205B424F
:10151800A36100292ED070BD280000F039FA2B4BAA
:101528009C42E0D16C680C23E25E93B21907E5D4C3
:10153800D90641D55B0728D4216908231343A38121
:101548009BB20029DDD1A0228020920080001A40A1
:101558008242D6D02100300000F042FCA3892169E4
:10156800DA07D0D400229B0700D46269A260002069
:101578000029D0D10C22A35E1A06CCD540221343F1
:10158800A3810138C7E7AC68B3E7616B00290AD0CB
:1015980023004433994204D03000FFF7B7FA0C23F4
:1015A800E25E0023636324239A4300232169636076
:1015B8002160C2E7EC689CE70923336040230120DF
:1015C8001A43A2814042A6E7000C00201C930008A1
:1015D800FC920008DC92000810B5062000F0A0FD7F
:1015E800012007F0EBFDC046F0B5C64600B58B8973
:1015F80080460C001A0745D44A68002A63DDE56A6C
:10160800002D3BD042464146166800220A60216AF6
:10161800DA045CD4012300224046A847431C61D069
:10162800A389E56A216A5B0706D56368C01A636BFC
:10163800002B01D0236CC01A002302004046A847A3
:10164800431C46D143461B680C21625E002B56D0D2
:101658001D2B01D0162B5DD1002363602369236005
:101668004346616B1E60002908D023004433994229
:1016780002D04046FFF74AFA00236363002004BC07
:101688009046F0BD0E69002EF8D00A680E60951BD2
:1016980000229B0700D14A69A260002D04DCEDE717
:1016A80036182D1A002DE9DD2B003200216A40463C
:1016B800A76AB8470028F3DC40220120A3894042EA
:1016C8001343A381DBE70A6C002A98DCD6E7606D38
:1016D800A9E70023636023692360A389DB04BFD5DE
:1016E8006065BDE743461B68002B99D01D2B0DD0C4
:1016F800162B0BD04022A3891343A381BFE7636055
:1017080023692360D304ABD56065A9E7434600206D
:101718001E60B4E740231A43A281B0E70B6970B595
:1017280005000C00002B16D0002802D08369002B7E
:1017380015D00E4B9C4210D00D4B9C4212D00D4B35
:101748009C4211D00C22A35E002B04D0210028005B
:10175800FFF74AFF00E0002070BD6C68F2E700F078
:1017680017F9E6E7AC68EDE7EC68EBE71C930008CF
:10177800FC920008DC92000810B5011E04D0054B4D
:101788001868FFF7CBFF10BD034B0449186800F039
:10179800D9FAF8E7000C0020D892000825170008AD
:1017A8000020704710B5024900F0CCFA10BDC046C1
:1017B800251700080020704770B568244A1E544356
:1017C8000E0021007431FFF7F7F9051E09D0002338
:1017D8002200036046600C30A86068320021FFF7E1
:1017E80075F8280070BDC0461E4B70B51D68060010
:1017F800AB69002B27D048356B68AC68013B03D533
:101808001CE06834013B19D30C21625E002AF8D130
:1018180000252000144B656625606560A560E360BF
:1018280025616561A561082200215C30FFF74EF84B
:101838006563A563A564E564200070BD2C68002C71
:1018480005D02500D8E7280000F010F8D3E70421D8
:101858003000FFF7B1FF041E2860F2D10C2333607B
:10186800EAE7C046D89200080100FFFFF0B5D64667
:101878004F464646384BC0B5836200238364C36431
:101888000365364B82B01B6805000193984260D00F
:101898002800FFF7A9FF68602800FFF7A5FFA860E8
:1018A8002800FFF7A1FF6E680024E86004233000D9
:1018B800746634607460B460F36034617461B461F8
:1018C800082200215C30FFF701F8254B254F9A4686
:1018D8007362254B37639946B362244B3662F362D1
:1018E800AE6898463000224B746634607460B46009
:1018F800F36034617461B461082200215C30FEF742
:10190800E5FF534673624B46B36243463763F3625F
:101918003662EE68174B3000F360746634607460AA
:10192800B46034617461B461082200215C30FEF750
:10193800CDFF534673624B46B3624346F3620123BD
:1019480036623763AB6102B01CBC90469946A2462A
:10195800F0BD012383619BE7AD170008D89200080A
:10196800B52100084D220008E121000821220008C5
:10197800090001001200020010B5034B0349186862
:1019880000F0E0F910BDC046D892000825170008FD
:10199800836910B5002B01D1FFF768FF10BDC04661
:1019A8007047C0467047C0467047C0467047C0463B
:1019B80010B5034B0349186800F0A2F910BDC046E2
:1019C800000C0020A917000810B5034B034918683C
:1019D80000F096F910BDC046000C0020BD170008A5
:1019E800F0B54546DE4657464E46E0B5936883B0A7
:1019F80000900C009046002B6DD08B891A0700D4FC
:101A080071E00A69002A00D16DE0424616689A071B
:101A180000D475E0A36A00279A46B54B002599467D
:101A2800216A002D16D02B004D4500D9B04B3A0045
:101A38000098D047002800DCD5E043469B683F1853
:101A48002D1A181A4346986045D0A36A216A9A4607
:101A5800002DE8D1376875680836E2E74B461B6801
:101A68009A464B465F6808239C46E144002FF5D010
:101A78003A000A21504600F0FBF9002800D1CEE0D8
:101A880053460130C61A3300BB469F4200D99B46D5
:101A9800206822696369904204D9A2689D18AB4501
:101AA80000DD92E05B4500DDF9E0A56A5246216A57
:101AB8000098A847051E00DC95E0761B0120002E43
:101AC80000D1E4E043469B68AA447F1B5D1B434664
:101AD8009D6000D095E0002003B03CBC904699463C
:101AE800A246AB46F0BD21000098FFF7EFFC0028A6
:101AF80000D0F9E04246A38916689A0700D589E71D
:101B0800DA0778D400229146802292000027934673
:101B1800A5682068002F53D05A46134200D181E0AF
:101B2800AA46BD4200D9AFE09022D20013422ED07F
:101B38002169451AAC466069019542001218D00F18
:101B48008218781C521060449246904201D982460D
:101B580002005B0500D4AFE011000098FFF72CF8F5
:101B6800051E00D1BAE0019A2169FEF75BFEA38940
:101B7800604A134080221343A3815246019B25618A
:101B8800E818BA463D00D31A20606261A360524645
:101B9800494600F0ADF9A3685D1BA5603D0000272C
:101BA80023685344236043469B68A9445D1B43460E
:101BB8009D6000D18FE7A5682068A389002FABD16D
:101BC8003268776891460836A4E751462A0000F043
:101BD8008FF9236821005B1923600098FFF79EFDA9
:101BE800002800D169E70C22A35E4022012013439C
:101BF800A381404270E70023B14600209A4600279F
:101C08001E00002F00D129E7002800D03BE73A004A
:101C18000A21504600F02CF9002800D030E77B1C40
:101C28001E0031E72369834217D363699A46BB4292
:101C380013D8314B38009F4200D930485146FEF73F
:101C4800C1FB53464A464343216A0098A56AA84700
:101C58000028C8DD05007F1BA5E7BD4200D93D006F
:101C68002A00494600F044F9A36822685B1B521910
:101C7800A3602260002BEED121000098FFF74EFDF3
:101C88000028B0D17F1B8EE73D00BA467FE72100D0
:101C98000098FFF743FD002800D113E7A3E75A4651
:101CA800514600F025F95A46A3685D469B1AA36081
:101CB80023685B44236000E7009800F07BF9051E69
:101CC80000D05AE7009D21692800FEF71FFF8022F7
:101CD800A3899343743A1BB22A6086E70C23009ABF
:101CE80013600C22A35E80E701204042F4E6C04660
:101CF80000FCFF7F7FFBFFFFFEFFFF7FFFFFFF7FF3
:101D0800F0B5C646483000B58846070000260028CA
:101D180013D07B68BC685D1E0CD4A389012B06D93F
:101D28000E22A35E013302D02000C0470643683468
:101D3800013DF2D23F68002FEBD1300004BC904641
:101D4800F0BDC046F8B54746CE4680B507004837CF
:101D5800804689460026002F14D07B68BC685D1E2B
:101D68000DD4A389012B07D90E22A35E013303D01A
:101D780021004046C84706436834013DF1D23F6818
:101D8800002FEAD130000CBC90469946F8BDC046F9
:101D980070B50C001D000E23C95E96B01600002910
:101DA80014DB6A4607F0F3F900280FDBF022019BE9
:101DB80012021340094A944663445A4253412B6025
:101DC8008023DB003360002016B070BD00232B6039
:101DD800A3891B06F4D540233360F4E700E0FFFF36
:101DE80070B58B8982B006000C009B0707D52300CD
:101DF8004733236023610123636102B070BD01ABE7
:101E08006A46FFF7C5FF009905003000FEF7D4FECB
:101E1800002810D08022154BB362A3892060134399
:101E2800009A1BB26261019AA3812061002A0CD139
:101E38002B43A381E1E70C22A35E9A05DDD403229C
:101E4800934302221343A381D1E70E23E15E3000BE
:101E580007F0A9F9002802D10C22A35EE8E70322C3
:101E6800A3899343012213431BB2E1E7AD1700088E
:101E780070B5CDB2830734D0531E002A1BD0027828
:101E8800AA4219D0032404E0013B14D30278AA42E1
:101E980012D001302042F7D1032B0ED8002B0AD0E4
:101EA8000278AA4208D0C31802E00278AA4203D0F6
:101EB80001308342F9D1002070BDFF220C06240CAA
:101EC800114021430C04084E0C4302680749624044
:101ED800511891433142E3D1043B0430032BF4D829
:101EE800DCE71300D8E7C04680808080FFFEFEFE56
:101EF800F0B5C64600B588420CD98B18984209D26D
:101F0800531E002A03D0CA5CC254013BFBD204BC56
:101F18009046F0BD0F2A0CD80500561E002AF6D0B0
:101F2800002300E02300CA5C5C1CEA549E42F9D1FD
:101F3800EDE70B00032603431E400C000300002EB0
:101F48002ED11500103D2D09AC462D01A846804420
:101F580000E02B001D00276810351F6067685F6070
:101F6800A7689F60E7681034DF604345F1D1654694
:101F78000F230C2401352D0149191340451914422A
:101F880011D08C59AC5104369C1B032CF9D803246E
:101F9800043B9B0801339B00ED18C9182240BCE79D
:101FA800561E0500BCE71A00B7E7C0467047C04692
:101FB8007047C046F8B507000C00150000291BD073
:101FC800002A15D000F044F92600A84201D33000B9
:101FD800F8BD29003800FEF7EFFD061EF7D02100F6
:101FE8002A00FEF71FFC21003800FEF78FFDEEE700
:101FF800FEF78CFD0026EAE71100FEF7DDFD06007E
:10200800E5E7C04610B580210400FEF7D5FD606401
:10201800002807D002000023803208C09042FCD17B
:10202800002010BD01204042FBE7C046426C10B5BD
:102038000023002A01D0180010BDFFF7E3FF0300BA
:10204800F9E7C04670B505000C0016001F2907D82F
:10205800436C002B09D0A4001B1918681E6070BDC2
:102068001623036001204042F9E7FFF7CBFF002861
:1020780001D16B6CEFE701204042F0E770B5050035
:102088000C001F2920D8436C002B0ED08A009B1807
:102098001A68002A09D0012A14D0511C0ED0002138
:1020A800200019609047002070BD280000F07AF8E1
:1020B80022000100280000F061F8F5E7162303600C
:1020C8000120F1E70020EFE71623036001204042DA
:1020D800EAE7C04670B505000C001F291DD8436CFF
:1020E800002B10D0A2009B181A68002A09D0511C96
:1020F80011D0012A0DD0002120001960904700203E
:1021080070BD0120FCE7FFF77DFF002805D16B6C4F
:10211800E8E70320F4E70220F2E701204042EFE776
:1021280010B5034B01001868FFF7A8FF10BDC046A3
:10213800000C002010B5044B0A001B6801001800B1
:10214800FFF780FF10BDC046000C0020054B10B5FE
:102158001B6800205A6C002A00D010BD1800FFF739
:1021680051FFFAE7000C002010B5034B0100186876
:10217800FFF7B0FF10BDC046000C0020002370B56B
:10218800074C050008001100236007F00EF8431CF7
:1021980000D070BD2368002BFBD02B60F9E7C04648
:1021A8006C1C002010B507F007F810BD70B50C00C6
:1021B8000E25495F06F0D3FF002803DB636D1B186B
:1021C800636570BDA389024A1340A381F9E7C0463D
:1021D800FFEFFFFF00207047F8B516001F000C2224
:1021E8008B5E0C0005000E22895EDA0508D4094AC8
:1021F80028001340A38132003B0006F0B7FFF8BD6A
:102208000022022306F0B0FF0C22A35E0E22A15E7C
:10221800EDE7C046FFEFFFFF70B50C000E25495FE4
:1022280006F0A2FF431C06D08023A2895B0113435A
:10223800A381606570BDA389014A1340A381F9E7B2
:10224800FFEFFFFF10B50E23C95E06F091FF10BD2A
:102258000B1F1B68181F002B00DB70470B58C0189A
:10226800FBE7C04610B5002807D1A930002900D1E6
:10227800AA2003F0C2F9012010BD0128FBD1AA3021
:102288000029F6D1AC20F4E70120704701207047FF
:1022980010B5FFF7FBFF10BD704710B5FFF7FCFF47
:1022A80010BD000013B5104B00901B78002B16D101
:1022B8006B469B78002B0DD0002A0BD003F060FFF3
:1022C80004000100009803F019FF2000009902F0B3
:1022D80032FD16BD009803F035FF0400F5E70098BD
:1022E80003F04EFF0099F2E7FF0E0020030010B53F
:1022F8000A0001884088000408439988FFF7D2FF44
:1023080010BD10B504000021FFF7F0FF2100FFF712
:10231800C4FF10BD30B5012405002000884001002D
:102328002000904002009C4028002B000A431340E4
:10233800A043934201D12000284330BD10B51300BB
:102348000A00010003480068FFF7E4FF03F07CFE81
:1023580010BDC046500F002010B500F0D3FA02F0AF
:102368000FF800F0F0FA10BD10B500F0F1FA10BD4A
:102378007047000010B503F06BFBFFF7F9FF034847
:1023880005F035FA04F064FA10BDC046C40900002F
:1023980070B501210500FFF7A9FF2900040002F02C
:1023A80087FB002801D1002070BD29002000FFF71D
:1023B8006FFF0028F7D02900200002F0A1FD0028B7
:1023C800F1D02900200002F0FDFD0028EBD0290003
:1023D800200002F0C3FE0028E5D02900200002F00A
:1023E80089F90028DFD0AB78002B0AD0114B9C422A
:1023F8001AD00AD85B3BFF3B9C420FD00E4B9C4245
:102408000FD02800FFF740FFCEE70C4B9C420ED0C0
:102418000B4B9C42F5D103F04BFFF2E7FFF7AAFF05
:10242800C1E704F0C5F8BEE703F04EFFE9E703F0A3
:1024380050FFE6E75A5D0000DE5C00005B5D0000CF
:102448005C5D0000F8B5184BC1081D5C07231840F7
:10245800164B174C5A5C174F0241645C7F5C012392
:102468001600044107411E401C401F401A4202D07A
:10247800E12002F0DDFF002C02D0E62002F0D8FFB8
:10248800280003F0BAF8002C02D0E62003F04CF83C
:10249800002E02D0E12003F047F8002F02D02C20B4
:1024A80003F0ABF8F8BDC0461C9400089C940008E3
:1024B800FC9300080C940008F7B5040004270A26CA
:1024C8000191207800283CD0012837D16378012B6E
:1024D8000ED1A078A51C03F090F82C00019D0134C2
:1024E800013DEDB2FF2DECD0300005F080F9F7E7A3
:1024F800022B04D1A078A51C02F09AFFEDE7032B6C
:1025080004D1A078A51C03F00FF8E6E7042B01D04E
:102518000134E3E700250B49A3780234CA5C601C48
:102528003A4205D1013DD9D3300005F060F9F9E709
:102538007543303B5D1963780400EFE7FFF782FFCE
:10254800CCE7F7BDD591000810B50021FFF7B4FF1F
:1025580010BD704710B5FFF7FCFF10BD0120704794
:1025680010B5FFF7FBFF10BD10B50400FFF7F2FF31
:10257800201CFFF7F5FF10BD37B501AB1980019995
:1025880002F0D9FB00F0D6F8A4230400DB0198423E
:1025980045D2013BFF3B984200D396E0FF2819D86B
:1025A800EF2800D989E0A7280AD8A42800D978E01C
:1025B80001280DD0031F9BB2A02B09D9002407E0E6
:1025C800BE2800D871E00300E03B9BB2072BF5D88A
:1025D800201C3EBDA023DB0198420FD28023DB01E3
:1025E80098426DD2F822431EFF3B9BB252019342A0
:1025F800E4D2000A80B20002E4B20DE00322C3B2C2
:1026080004099808144010404001240204430120A2
:102618001340984004433D480443A4B2D8E7AC2390
:10262800DB0198421AD2013BFF3BC0B29C4259D20F
:10263800013BFF3B9C420DD2013BFF3B9C4248D2F1
:10264800032483082040023C84405B0123432F4C31
:102658001C43E2E72E4C00020443B9E7B423DB0134
:1026680098420BD2013BFF3B984244D2294BC318F6
:102678009BB2FF2BA2D8284C0002CDE78025274B20
:10268800AD01C3189BB2AB4298D2C004C00E00F093
:10269800CBF8F82300025B011840E4B204432C4352
:1026A80096E780242438E401B6E758341C4BE4B29A
:1026B8006400E05A8824E401CEE7A020C001ABE71B
:1026C80018480440A0200002C6E7C4B224021648F5
:1026D800C2E7032483082040023C84405B01234373
:1026E800124CB5E700F0A0F8F8240002640120407D
:1026F8000134FF34B0E70F25284000F095F824098D
:102708002C40240204430A4886E7C046008CFFFF99
:10271800F4A0000000A8FFFFF0A0FFFF00A0FFFF4B
:10272800AC940008FF0F0000F1A00000008AFFFF32
:102738000090FFFF030010B5E72808D8DF2808D865
:1027480031285CD00ED8292853D02A285DD018000B
:1027580010BDE0380728FAD8FDF78CFD16F92328B4
:1027680036F93D42392809D0822807D03528EED1DC
:102778002C4A12789206EAD52923E8E7294A1278E2
:102788009207E4D0E023E2E70121264802780A42D2
:1027980041D140780842DAD0E323D206D7D50023C6
:1027A800D5E7204A12785107F6D4D0E71D490A78B0
:1027B800500732D44978C907E4D410210A4051425D
:1027C8004A4152421340C2E7164A51788907BED59A
:1027D8001278E723E1E7134A12781107F9D4B6E72C
:1027E80010490A7810071AD449788907E5D5E423EF
:1027F800ADE70C4A12789206A9D53523A7E7094A0E
:1028080012785206A3D52A23A1E7064A127852065F
:102818009DD531239BE7392399E7E22397E7E62300
:1028280095E7C0467811002030B5042427490A7876
:10283800224205D018230340082B27D19843204370
:10284800130708D51824050014232540A54225D1CF
:10285800A843C0B2184301244978214206D018235E
:102868000340082B21D19843C0B220438B0708D5D9
:102878001821040011230C408C421FD1A043C0B280
:102888001843D30601D5E723184030BD142303406D
:10289800042BD5D1984304331843D1E70340142BB4
:1028A800D9D19843C0B22043D5E711230340012B67
:1028B800DCD19843C0B207331843D7E70340112B44
:1028C800DFD19843C0B20843DBE7C0467811002047
:1028D80010B502F0C8F810BD10B500F0ADF86420CE
:1028E80004F085FF00F0A8F8002000F035F8C307D1
:1028F80003D5FFF7EDFF03F0ABFF10BD10B5FFF7F1
:10290800EBFF10BD10B503F0C3FD002801D103F0A3
:102918004FFE03F0C9FD084B187003F0CFFD074BBD
:102928001880FFF7EBFF03F0C4FD03F064FB044BD2
:10293800186803F084FB10BD880F00207811002070
:10294800500F0020704710B5FFF7FCFF10BD70470F
:1029580010B5FFF7FCFF10BD014B185C7047C0466F
:1029680080110020704710B5012004F040FF10BD11
:10297800C046C046C046C046C046C046C046C0461F
:10298800C046C046C046C046704710B5FFF7EBFFCB
:1029980010BD10B572B60F23020001211A409140F4
:1029A8009843202205F06DFE62B610BD10B5174899
:1029B800FFF7EFFF1648FFF7ECFF1648FFF7E9FFB0
:1029C8009020C005FFF7E5FF1348FFF7E2FF134823
:1029D800FFF7DFFF1248FFF7DCFF1248FFF7D9FFC8
:1029E8001148FFF7D6FF1148FFF7D3FF0020030077
:1029F8000F4C104902191370421801301370062841
:102A0800F8D100F06FF8FFF7A7FC10BD0D000048E3
:102A18000E0400480A00004802000048010000486F
:102A2800060000480700004807040048060400485C
:102A38007A11002080110020F7B50025244C254F7D
:102A4800236872B60F2101261A000B409E408A4364
:102A5800019231000122019805F013FE019BB6B2E4
:102A68005E8362B6FFF784FF00231B4A1E0094466C
:102A780061469A0052580F211000884300690A40A5
:102A8800D0400E390022084202D10A009A4052B2C0
:102A980016430133F6B2042BEAD12068FFF779FF19
:102AA800FFF773FF3A780023B24201D03E7001333A
:102AB8001D430A4B043401379C42C1D12B00062226
:102AC8000749044800F010F8FFF74EFC2800FEBD47
:102AD800EC9400087A110020DC94000804950008A2
:102AE8008011002070470000F8B506000F0015009F
:102AF8000E4C002B05D00123237003F097FE0C4BDE
:102B080018802378002B05D0094B188803F093FE12
:102B1800052808D8F8BDF25CFA5401339D42FADC66
:102B280000232370F6E70023F8E7C0467C0E002058
:102B38007E0E002010B5184B1A78D3070CD5174B0A
:102B48001878052343439B087F20834203D87E38A7
:102B5800002B00D0D8B210BD930705D50F4B1878BD
:102B6800052343435B08EFE70523520703D50B4AC8
:102B780010784343E8E70A4A1278002AEAD009495C
:102B88000648097800788A42F3D250435843FDF743
:102B980019FC83B2D8E7C0468A0E0020CF0C00206B
:102BA8008B0E0020D00C002010B5154B1A7801238D
:102BB8001A4207D0134B1B789B080120002B0ED01C
:102BC800D8B20CE0910703D50E4B1B785B08F4E7ED
:102BD800520705D50B4B1B787F208342EDD910BDDA
:102BE800094A1278002AEBD0084B1978054B187857
:102BF8008A4201D383B2EFE75043FDF7E3FBF9E7DD
:102C08008A0E0020D30C00208C0E0020D40C00204B
:102C180010B5F02805D1FFF78DFF4042274BD8703B
:102C280010BDF12802D1FFF785FFF7E7F22805D19B
:102C3800FFF780FF4042214B9870F1E7F32802D15B
:102C4800FFF778FFF7E7F92804D1FFF7ADFF1B4B33
:102C58001871E5E7FA2803D1FFF7A6FF4042F6E727
:102C6800FB2805D1FFF7A0FF4042144B5871D7E766
:102C7800FC2802D1FFF798FFF7E703000C33DBB21B
:102C8800042B07D80123F43883400C4A51780B43AE
:102C98005370C5E7FD2805D10123094A11780B4374
:102CA8001370BDE7FE2803D1054A02231178F6E721
:102CB800FF28B5D1024A04231178F0E7840E0020DA
:102CC8008A0E0020022210B5364B9A56F0280AD1F7
:102CD800D9787F290DD90021D9708A420BD10021DA
:102CE800314A117007E0F1280ED103215956002905
:102CF800F1DC002A0ED01A795B7913435AB2002B03
:102D080001D12A4B1A7010BDF22808D1002AF0DA36
:102D180000229A7003229A56002AECD1DFE7F328A2
:102D280002D1002AF4DCE4E704215956F92804D139
:102D38000029DEDD00211971DBE7FA2802D100291C
:102D4800D7DAF7E705215956FB2804D10029D0DA4C
:102D580000215971CDE7FC2802D10029F8DCC8E729
:102D680001000C31C9B2042907D80121F438814087
:102D78000800597881435970BBE7FD2805D1012423
:102D88000B480178A1430170B3E7FE2803D1084836
:102D980002240178F6E7FF28ABD10548042401781E
:102DA800F0E7C046840E00208B0E00208C0E002019
:102DB8008A0E002010B503F039FD03000748827819
:102DC800C1780A4301D0064A1380027941790A433F
:102DD80001D0044A138002F015FA10BD840E0020B9
:102DE800800E0020820E0020F0B55E4B85B01A7868
:102DF800022702925A7803260392052204259A563E
:102E08009E57DF575D57019200229A70DA701A7147
:102E18005A713B00334393420BD0534B188803F04D
:102E28000AFD52490B78002B28D0514A127890425B
:102E38002DDC019B2B430BD04E4B188803F0FBFC79
:102E48004D490B78002B51D04C4A1278904256DCF1
:102E5800444CE278A37813432279134362791343ED
:102E680001D0FFF7A7FF029BA7702370039BE670B2
:102E78006370019B2571637105B0F0BD404A1478F9
:102E88000A2262439042D4DD01330B7001E0FF2B2C
:102E9800FAD1344C002F07D0FFF74CFE0123002F46
:102EA80000DCFE334343A370002E07D0FFF742FE39
:102EB8000123002E00DCFE334343E37002216156F8
:102EC8000029B6D0032020560028B2D0B523594394
:102ED800091206D0A1704343224A1B1204D0D370B2
:102EE800A7E70122A270F6E70123F8E7254A14783C
:102EF8000A2262439042ABDD01330B7001E0FF2BE5
:102F0800FAD1184C002D07D0FFF74EFE0123002DF3
:102F180000DCFE3343432371019B002B08D0FFF7ED
:102F280043FE019A0123002A00DCFE334343637108
:102F380004216156002900D18AE70520205600287F
:102F480000D185E7B5235943091206D021714343BF
:102F5800044A1B1204D053717AE701222271F6E762
:102F68000123F8E7840E0020800E00208B0E00203D
:102F7800CE0C0020820E00208C0E0020D20C0020E7
:102F8800CD0C0020D10C0020062210B500210548E8
:102F9800FDF79CFC0023044A1370044A1370044A8A
:102FA800137010BD840E00208B0E00208C0E0020A4
:102FB8008A0E002010B500F063F9014810BDC04624
:102FC800FF0F000010B5064800F016F9054800F09C
:102FD80013F9054800F010F9044800F00DF910BD88
:102FE80000E0010800E8010800F0010800F8010805
:102FF8008023F7B55B010D00984201D30020FEBD88
:10300800194A43009F1801933A88184B84129A4230
:1030180005D1380089B200F00FF980B2EFE78022BD
:10302800114B134EE402E418210030001201FDF7A1
:10303800F9FB3B789D42E1D00E48019B8027034075
:103048002000F55400F0D8F800253F01735D0A49C7
:1030580019434B1C03D089B2601900F0EDF8023512
:10306800BD42F3D1D9E7C04600E00108FFFF0000E8
:1030780086110020FE07000000FFFFFF034B80B20F
:103088004000C0180078C0B27047C04600E0010890
:1030980010B580B2FFF7ACFF10BD0000064983B23F
:1030A8005B005B1801301A7883B25B005B181878F4
:1030B800000210437047C04600E0010870B50D00DB
:1030C80084B22000C9B20134FFF792FF290AA0B2E6
:1030D800FFF78EFF70BD10B5FFF7F0FF10BD0000C1
:1030E800F7B51A4D80B243005B191B78471C861C44
:1030F800BFB2B6B2019372007B005B1952191B78FC
:1031080012780C0094462900C51CADB26A0052180A
:1031180061461B0209040B431278019912060B43FE
:103128001343A34210D0E1B2FFF762FF210AC9B2EC
:103138003800FFF75DFF210CC9B23000FFF758FFD8
:103148002800210EFFF754FFF7BDC04600E0010834
:1031580070B504008D18A94200D170BD08004E1C3E
:10316800FFF78CFF310020700134F4E770B50C00D4
:1031780005008E18B44200D170BD2978A0B2FFF7BF
:1031880037FF01340135F5E710B5FFF7EFFF10BD44
:103198000122094B1000D96811420CD1D968901846
:1031A800490708D4D9688018C90604D4D8680240E9
:1031B8000520801AC0B270470020024037B50400CD
:1031C800FF25FFF7E5FF012811D1002C01D10530BB
:1031D8003EBD002301930195019B002B03D1FFF70E
:1031E800D7FF013CEFE7019B013B0193F4E7002C7B
:1031F800EED10620ECE7000070B506000C48FFF79A
:10320800DDFF052813D102250A4C094823692B4301
:10321800236140236661226913432361FFF7CEFFD0
:10322800062802D02369AB4323613423E36070BDD1
:10323800FF0F000000200240F8B5F8231B06C21853
:103248000D4B05000E0007209A4214D81830FFF7DE
:10325800B5FF05280FD10127084C1A3023693B43D5
:1032680023612E80FFF7AAFF062802D02369BB43FB
:1032780023613423E360F8BDFEFF0700002002400D
:10328800024B034A5A60034A5A60704700200240C2
:1032980023016745AB89EFCDF0B5050A85B0030C6E
:1032A800EDB2019003AED8B2002D0FD1002901D0A4
:1032B800284B185C30707070B07072783078B378C2
:1032C80012021B041043184305B0F0BD01AB1F7870
:1032D80084B2002901D01F4B1C5C0620FF217843D3
:1032E800FDF770F855235B4243437F00FF18032323
:1032F8005F43FF21FFB23B00CF1B4A1B6B437D435B
:103308001B122D12CB1A491B6243634361431212ED
:103318001B120912D2B2DBB2C9B2E4B2062814D821
:10332800FCF7B2FF04060C0A0F13040023000C007C
:1033380034707370B270C0E721001C0013000A00DB
:10334800F6E70B0021001400F9E7210014001A0029
:103358000B00EDE71C9500081FB50121FFF79CFF46
:10336800FF210300020A0A400B4012021343000C1B
:10337800034A084013400004184305B000BDC04686
:10338800FFFF00FF40230100020010B5194018425A
:1033980001D0C243D2B20F234C1EA1411340920662
:1033A8005B18920F084952008A18517812784B43DB
:1033B8001B119B1840B2DBB2002801DA5B42DBB27A
:1033C800803BD8B210BDC0460495000884B0019077
:1033D8000C3109484900095C01AB891A19701A882F
:1033E80099781000FF23120A184012020B401B04A0
:1033F8001043184304B07047640C002084B0019057
:103408000C310A4849004118497801AB891A1970EA
:103418001A8899781000FF23120A184012020B40EC
:103428001B041043184304B07047C046640C0020C6
:103438007FB50E00041C01901000FFF7A3FF0C36A7
:10344800114B7600F35C01ADC018C0B20200803A9F
:10345800E4B253B2120603D580235B421B1A5BB257
:103468000C205B00DBB243431B12E3182B702A8845
:10347800FF231000A978120A184012020B401B04FF
:103488001043184304B070BD640C002030B50C31F3
:103498000F4C49000C5D85B0A51A019001ABC0B274
:1034A80069B22D0601D5121B51B21822C9B24A437E
:1034B8001212801818701A8899781000FF23120ABF
:1034C800184012020B401B041043184305B030BDCE
:1034D800640C0020C943030CC9B2DBB24B43FF2183
:1034E8000A000240000A0840000210431B0A044A6E
:1034F8000B401B04104084B0184304B07047C0460A
:10350800FFFF00FFCAB2822184B0891A019001AB83
:10351800081C002900DA00201A78997812181A7005
:103528001A88FF231000120A184012020B401B04CD
:103538001043184304B070471FB5FFF70DFFFF2174
:103548000300020A0A400B4012021343000C034A0C
:10355800084013400004184305B000BDFFFF00FFFA
:10356800F7B5431EDBB24A1E0193441C4B1CD2B272
:10357800E4B2DBB2914209D9344E85007519AE5CCC
:103588001036371CFF2E00D9FF27AF542F4F850068
:103598007D196E5C2036B446FF2E01D9FF26B4464D
:1035A80066466E54032B08D885007F19FD5C1035DC
:1035B8002E1CFF2D00D9FF26FE54052C17D9019C7F
:1035C8002248A500914238D84419625C1032161C72
:1035D800FF2A00D9FF266654032B2DD84019C25C58
:1035E8000D32111CFF2A00D9FF21C15424E0914259
:1035F80009D9164EA5007519AE5C0D36371CFF2E7D
:1036080000D9FF27AF54114DA4002F197E5C103646
:10361800B446FF2E01D9FF26B44666467E54032BD6
:1036280007D82C19E55C0D352E1CFF2D00D9FF2677
:10363800E654019CA042C2D8F7BD4619B45C0D34CB
:10364800271CFF2C00D9FF27B754BDE78F0E002099
:1036580010B508221C210248FFF77AFD10BDC046AC
:103668008819002010B508221C210248FFF78CFD9C
:1036780010BDC04688190020152310B5064C03223A
:1036880006492370601CFDF7CDF881235B42A380B7
:10369800FFF7E8FF10BDC04688190020D091000848
:1036A8000020704770B504000E001500FFF7F8FF02
:1036B800044BA4001C19A35DFF2B02D02B5401302E
:1036C800C0B270BD640C002010B5024BDB6898478F
:1036D80010BDC0460C95000810B5024C6468A047A0
:1036E80010BDC0460C950008F0B50624037885B0D7
:1036F8005C43E4B2A61DF6B207000191331C1B2EF1
:1037080000D91B23DBB20093214B1D79214BAD0857
:103718006A1C1D68ADB255432D12EDB2009BE1B293
:103728008B4206D81A230020B3424041C0B205B0EC
:10373800F0BD194B7A781B5D1A4226D0144A90784E
:10374800537800020343D0782A000004184300028B
:10375800019B000A984703AB187002040002120E7E
:10376800000E5A7098700398FFF7E6FE010402AB4A
:10377800090E1870597003021B0E02AA9370C9B281
:10378800C2B2DBB22000FFF7A7FF0134C6E7C0468C
:103798008819002090190020B20C002010B50249A9
:1037A800FFF7A2FF10BDC046D533000810B5024987
:1037B800FFF79AFF10BDC0460534000810B502494E
:1037C800FFF792FF10BDC0463934000810B5024912
:1037D800FFF78AFF10BDC04695340008F0B50624EF
:1037E800037887B05C43E4B2A51DEDB206000291F0
:1037F8002B1C1B2D00D91B23DBB20193334B1B79E8
:103808000133191CFF2B00D9FF21314889B2FCF77D
:10381800D9FD87B2019BE0B2834206D81A23002063
:10382800AB424041C0B207B0F0BD2A4B72781B5D75
:103838001A4238D0284A13780392013B5BB21A0621
:1038480033D53900214B1A790132131CFF2A00D9CC
:10385800FF231E4A9BB290785943537800020343D2
:10386800D078091200041843000289B2029B000AAA
:10387800984705AB187002040002120E000E5A7029
:1038880098700598FFF758FE010404AB090E1870EC
:10389800597003021B0E04AA9370C9B2C2B2DBB2FC
:1038A8002000FFF719FF0134B4E70C49C95C8142D5
:1038B8000AD11900039A0C31490051184A788978BD
:1038C80009021143B942BDD3013BB8E7881900206A
:1038D800FFFF0000B20C002094190020A519002059
:1038E80010B50249FFF77AFF10BDC046DD34000865
:1038F80010B50249FFF772FF10BDC0460D3500082C
:10390800F0B50624037807005C43E4B2A61DF6B2BE
:1039180085B0331C1B2E00D91B23174ADBB29078C5
:103928000193537800020343D07803AD0004184391
:103938000002000AFFF700FE0304287000021B0EB5
:10394800000E6B70A870019AE3B29A4206D81A2347
:103958000020B3424041C0B205B0F0BD074B7A78B1
:103968001B5D1A4205D02000AB782A786978FFF7EA
:10397800B3FE0134E7E7C04688190020B20C0020E6
:10398800F0B50624037806005C43E4B2A51DEDB249
:1039980085B02B1C1B2D00D91B231B4FDBB2791CB8
:1039A800032202A80193FCF73DFF3F79BF08019A63
:1039B800E3B29A4206D81A230020AB424041C0B273
:1039C80005B0F0BD114B72781B5D1A421AD0104A2F
:1039D8006300D35C0C4A1B097B4352789B1802AAEC
:1039E80013700298FFF7A8FD0104030203AA090E49
:1039F8001B0E107051709370C9B2C2B2DBB22000B6
:103A0800FFF76AFE0134D2E788190020B20C0020C3
:103A18007D0C0020F0B50624037806005C43E4B270
:103A2800A51DEDB285B02B1C1B2D00D91B231B4FE8
:103A3800DBB2791C032202A80193FCF7F3FE3F795D
:103A4800BF08019AE3B29A4206D81A230020AB4273
:103A58004041C0B205B0F0BD114B72781B5D1A42EF
:103A68001AD0104A6300D35C0C4A7B4352785B112E
:103A78009B1802AA13700298FFF75EFD0104030267
:103A880003AA090E1B0E107051709370C9B2C2B20E
:103A9800DBB22000FFF720FE0134D2E788190020AE
:103AA800B20C00207C0C0020F0B50624037885B009
:103AB8005C43E4B2A51DEDB200902B1C1B2D00D970
:103AC8001B23234F0322DBB2791C02A80193FCF7C6
:103AD800A9FE204B38791B68C0089BB258430012D6
:103AE800C0B2FFF74FFC0200803AFE7853B21206CC
:103AF80003D580235B421B1A5BB25B00DBB25E43DB
:103B080002AB36129E700298FFF716FD03AE03044F
:103B1800307000021B0E000E7370B070019AE3B291
:103B28009A4206D81A230020AB424041C0B205B0E1
:103B3800F0BD094B009A1B5D52781A4205D020004F
:103B4800B37832787178FFF7C7FD0134E6E7C046ED
:103B58008819002090190020B20C002073B569461E
:103B6800134B05009A784A70DA788A705C78FCF70B
:103B780031FFB421060020004900B430FCF708FDED
:103B880003200B1BD9170140C9186B460640891042
:103B98007143611819700098FFF7CEFC0104030205
:103BA800C2B21B0E2800090EFFF796FD73BDC04672
:103BB80088190020F8B584780500002C24D1214B01
:103BC8001A79214B10321968101C89B2FF2A00D9C2
:103BD800FF2080B2484300120A2180B2FCF7EEFBB6
:103BE80089B200290ED1FCF7F5FE1B21FCF7D0FCA9
:103BF800164B6A785B184E331B780800134201D0C5
:103C0800FFF7ACFF2000F8BD062403785C43E4B25C
:103C1800A61DF6B2371C1B2E00D91B27FFB2A742E0
:103C280005DC00241A23B3426441E4B2EAE7084AF7
:103C38006B78125D1A4202D02000FFF78FFF013423
:103C4800EDE7C0468819002090190020640C002078
:103C5800B20C002013B50400FCF7BCFE6B461870CC
:103C6800FCF7B8FE6B466A465870074BDB789370D2
:103C78000098FFF761FC01040302C2B21B0E20008A
:103C8800090EFFF729FD13BD88190020F8B58478BF
:103C98000500002C23D1204B1A79204B10321968CB
:103CA800131C89B2FF2A00D9FF239BB24B431C4A3D
:103CB8001B1253431B4A9BB293420ED8FCF78AFE51
:103CC8001B21FCF765FC184B6A785B184E331B7890
:103CD8000800134201D0FFF7BDFF2000F8BD0624FD
:103CE80003785C43E4B2A61DF6B2371C1B2E00D93C
:103CF8001B27FFB2A74205DC00241A23B342644104
:103D0800E4B2EAE7094A6B78125D1A4202D0200051
:103D1800FFF7A0FF0134EDE7881900209019002073
:103D2800CDCCFFFF33330000640C0020B20C002020
:103D3800F0B50624037885B05C43E4B2A51DEDB266
:103D480000902B1C1B2D00D91B23244F0322DBB210
:103D5800791C02A80193FCF765FD214B38791B6893
:103D6800C0089BB258430012C0B2FFF70BFB020019
:103D7800803A7E7853B2120603D580235B421B1A21
:103D88005BB20C225B00DBB253431B12F31802AA8E
:103D980013700298FFF7E0FA03AE030430700002D4
:103DA8001B0E000E7370B070019AE3B29A4206D8E7
:103DB8001A230020AB424041C0B205B0F0BD094B08
:103DC800009A1B5D52781A4205D02000B3783278E9
:103DD8007178FFF781FC0134E6E7C04688190020B6
:103DE80090190020B20C002010B5024B9B68984730
:103DF80010BDC0460C950008F0B5062403788BB0BA
:103E08005C43E4B2A31DDBB201936B46019A060042
:103E18001B79182A00D91823DBB20393B378002B37
:103E280009D0002211001000FFF7DEFF1822002140
:103E38004448FCF74BFD3378002B0ED1424D2888BF
:103E480002F0F9FC182383429B41404A5B421370FD
:103E5800182802D902F0EAFC2880039BA34207DC59
:103E680017230020019A93424041C0B20BB0F0BD25
:103E780006212000FCF78CFB0D0020000621FCF732
:103E8800A1FA304BAA009B181F5C6B46009019786A
:103E9800E8B208AAFFF706FCBBB2AA37029305905E
:103EA8003B1CFF2F00D9FF23032200275343023373
:103EB800DBB20493059AFBB29A4211D8234B1B78C4
:103EC800002B0BD0029B1F49013B1BB2AD004D19C3
:103ED8001A1C002B00DA0022009BEA540134BCE7CC
:103EE80008ABFA5C1A4B9B184E331B7872781A424F
:103EF80026D0029A553A12B2131C002A00DA00237F
:103F080056225242D31A06AA1370124B06A99A785F
:103F18004A70DB78049A53431B128B700698FFF79C
:103F28000BFB0104030207AA090E1B0E1070517047
:103F38009370C2B208A8385CDBB2C9B2FFF7CCFBF9
:103F48000137B7E78F0E0020A80E00208D0E002045
:103F5800640C002088190020F0B5837885B0002B08
:103F68000CD0002211001000FFF73EFF182200219C
:103F78003748FCF7ABFC0022364B1A700024344F4C
:103F88003E000025334B1B782B434FD1FCF722FD15
:103F9800314B98424ADCFF233B702100280002AADB
:103FA800FFF780FB002811D002AB1B783078019313
:103FB800D02842D9C023D0382F215843FCF702FA21
:103FC800C1B20B00FF220198FFF786FB0135EDB265
:103FD8000436062DD6D10134E4B20137042CCFD1F2
:103FE8001C4A13780133DBB21C2B2FD90023102174
:103FF8001370FE2505222000154B0F1D052A03D13D
:104008001E7DFF2E00D11D755E5CFF2E01D15D5413
:10401800DE550138C0B201330028EFD1013AD2B2DF
:104028000439002AE7D1002005B0F0BD3378013B00
:10403800DBB2FD2BB1D83370AFE7FF23D021584353
:10404800FCF7C0F90023C2B21900BCE71370EAE715
:104058008F0E00208E0E002054555505F0B587B000
:1040680015000090019101F02FF9029000284BD023
:104078000024A54205D00199009804AAFFF712FB75
:1040880004002F4D2F783B19082B21DD0826611CD1
:10409800361B32006918681CFCF7C4FB2100280095
:1040A8000931320069180930FCF7BCFB28006100AF
:1040B8001931720069181930FCF7B4FB2100280087
:1040C8001131320011306918013FFCF7ABFB2F703A
:1040D80000221B4B11001E7803931A4B9C46D0B24A
:1040E8003318DBB2844211D8A419E4B2002901D0F4
:1040F800134B1C700322144B1B789343302B03D1B2
:1041080001990098FFF72CFA07B0F0BD04A9555C97
:1041180003996746C81829000C314900CF5D6144EE
:104128004978477041724574002003990C335B004D
:10413800CB18591C5870487002990132CFE7C04615
:10414800AA0E0020640C00208819002070477047D0
:1041580010B5FFF7FBFFFFF7FAFF10BD7047704778
:104168000623027870B55343DBB29D1FEDB21C1CC9
:104178001B2B00D91B24E4B228002100FFF7EEFF17
:1041880028002100FFF7EBFF70BD0000F7B5724D66
:10419800286802F057FB040002F02AFB286000257B
:1041A80006002F006D4B1B789C4619006C4B1B1B9F
:1041B8000193EBB29C4513D8002F01D0674B1970BF
:1041C800684A032113781C000C400B4200D09C085D
:1041D800654D287803286CD8FCF756F81D2AABB62D
:1041E8002A005E4B0C3252009A18937850781B02C2
:1041F80003430198984204D201270139C9B2013515
:10420800D7E71B1998B20090FF2003405370009B1A
:10421800180A9070F3E70022544B50491A70544B17
:10422800544829321E60FCF7FDFA01232B7040E048
:10423800514B19780123A14207D113784F499B07A5
:1042480009789B0F5B1A591E8B41484EB3705379FE
:1042580072789A4205D00022110010007370FFF79F
:10426800C3FD00200F2C13D82000FCF70DF80823FD
:10427800272B2F33373B3F43474B4F53575BB07880
:10428800002805D0002210001100FFF7ADFD002026
:10429800337801333370002848D102232B70B37868
:1042A800002B43D1002C4DD0FFF752FF3000FFF711
:1042B80057FFF7BD3000FFF723FBE9E73000FFF7B2
:1042C8005FFBE5E73000FFF7A5FBE1E73000FFF70C
:1042D800EBFBDDE73000FFF761FAD9E73000FFF7C5
:1042E80065FAD5E73000FFF765FCD1E73000FFF746
:1042F800CDFCCDE73000FFF71BFDC9E73000FFF725
:104308005DFAC5E73000FFF761FAC1E73000FFF753
:1043180073FDBDE73000FFF71FFEB9E73000FFF778
:10432800DFFAB5E73000FFF7E3FAB1E7002CC0D0B9
:10433800BAE7114B1C701378104A9B079B0F137038
:10434800FFF7C2F9032371E7094B186802F07AFAFC
:104358000F28AED9002369E7D40E0020AA0E00204A
:10436800FFFF000088190020DA0C0020D50C00207F
:104378009019002094190020D80C0020D90C002096
:1043880007B5274B1B6801939847264A012310005D
:104398005B421F30437010002130037043701000DF
:1043A80000212330117053769376D37613775377A1
:1043B8009377D377037043701000273213705370CC
:1043C800194A2530117011001F314B70110021312D
:1043D8000B704B70110023310B704B70110053762A
:1043E8009376D376137753779377D377253127321C
:1043F800037043700B704B701370537002F048F8E1
:10440800002803D102F0D4F8FFF736F9FFF720F9B6
:104418000322064B1B78934301D1FFF72DF907BD03
:104428000C95000894190020AA0E00208819002075
:1044380070470000012310B5054A11784B401370EE
:104448000022044B1A70904201D0FFF70BF910BDFF
:1044580088190020DA0C002010B50120FFF7EAFFC8
:1044680010BD00000E4A70B5157803242B002340B8
:1044780025420BD000280AD10430034313700022D0
:10448800084B1A70914201D0FFF7ECF870BD0F2865
:1044980001D93C20F1E7800018431070EFE7C046CF
:1044A80088190020DA0C002010B50121FFF7DAFF87
:1044B80010BD0000054B0100187810B580080130C8
:1044C8000F2800D90120FFF7CDFF10BD8819002063
:1044D80010B50120FFF7EEFF10BD0000064B0100EC
:1044E800187810B580080138C0B2002800D10F3004
:1044F800FFF7B8FF10BDC0468819002010B501208D
:10450800FFF7ECFF10BD000070B5064C2578AD072D
:1045180006D06070A170E270002B01D0FFF7A2F8FE
:1045280070BDC0468819002010B503000348C27842
:10453800817840780830FFF7E7FF10BD8819002020
:1045480010B50120FFF7F0FF10BD000010B5030003
:1045580004484478C278083C8178A0B2FFF7D4FFB9
:1045680010BDC0468819002010B50120FFF7EEFFE6
:1045780010BD000010B5030006488478C2781034D6
:10458800211CFF2C00D9FF214078C9B2FFF7BCFFDE
:1045980010BDC0468819002010B50120FFF7EAFFBA
:1045A80010BD000010B5030006488478C278103C9E
:1045B80024B2211C002C00DA00214078C9B2FFF790
:1045C800A3FF10BD8819002010B50120FFF7EAFFEE
:1045D80010BD000010B503000648C17810310A1C50
:1045E800FF2900D9FF228178D2B24078FFF78CFFEB
:1045F80010BDC0468819002010B50120FFF7EAFF5A
:1046080010BD000010B503000648C178103909B282
:104618000A1C002900DA00228178D2B24078FFF71C
:1046280073FF10BD8819002010B50120FFF7EAFFBD
:1046380010BD0000034B10B51871002901D0FFF719
:1046480011F810BD8819002010B5064B01001A7921
:104658001032101CFF2A00D9FF20C0B2FFF7EAFF72
:1046680010BDC0468819002010B50120FFF7ECFFE7
:1046780010BD000010B5064B01001B79103B1BB2A2
:10468800181C002B00DA0020C0B2FFF7D3FF10BDC2
:104698008819002010B50120FFF7ECFF10BD704706
:1046A80030B503246043034D2C182A546170A3705D
:1046B80030BDC046BD19002010B50024044B01349C
:1046C800587019709A7003331B2CF8D110BDC0466E
:1046D800BD19002010B51B21014800F0C5F810BD18
:1046E800BD19002010B5002801D0904710BD88479B
:1046F800FCE7000070B58C780500002C4AD001F06A
:10470800EDFD2223254A0340954212D8244A9542BA
:1047180041D9244AA818122810D8FBF7B5FD121859
:104728001B1E2124272A2D303337390D0D0D0D0D71
:104738000D001D4B9D422ED100242CE0FFF78CFE6E
:10474800FAE71A4A1A491800FFF7CCFFF4E7184AA3
:104758001649F8E7174A1849F5E7174A1549F2E7DD
:10476800164A1749EFE7164A1449ECE7154A16495D
:10477800E9E7154A1349E6E7144A1549E3E7144AF5
:104788001249E0E70120FFF78FFED5E70420FAE79A
:104798000520F8E70124200070BDC046D55C000064
:1047A800C15C00003DA3FFFF5D5D000005450008FA
:1047B800D94400087145000849450008D14500085A
:1047C800A145000831460008014600089D4600083A
:1047D8007146000830B5072301251C4A1C492C00E6
:1047E8009C401183204219D00324C046C046C046CD
:1047F800C046C046C046013C002CF6D15183C04695
:10480800C046C046C046C046C046C046C046C04670
:10481800C046C046C046013BE1D230BDC046C04696
:10482800C046C046C046C046C046C046C046C04650
:10483800C046C04603245183C046C046C046C04651
:10484800C046C046013C002CF6D1E4E7000400480D
:104858000080FFFF802110B501220248090203F001
:1048680010FF10BD00040048F7B5164C050023786A
:104878000191002B03D1FFF7EDFF0123237072B6DE
:1048880000240327019B9C420CD3E0239B00C046D5
:10489800C046C046C046C046C046013B002BF6D1C4
:1048A80062B6F7BD3B006343EE18E85CFFF792FF82
:1048B8007078FFF78FFF0134B078FFF78BFFE4B211
:1048C800E0E7C046D80E002010B5FDF7CBFC10BDC0
:1048D8008021F8B5164C20222000490103F0D1FEB2
:1048E800802102262000012520228901902703F03B
:1048F800C8FE802122692369120B1B0BFF050D4C92
:1049080033402A4013433800A9402022237003F083
:10491800B8FE80213800B140202203F0B2FE3A6987
:104928003B69120A1B0A334015402B436370F8BDDC
:1049380000040048DB0E0020F0B500270F262D4BA1
:1049480085B02D4C2D4D019302972D4AFBB22D4871
:104958000393BB00995818580A000300B243B343A5
:1049680012691B693040C34031400220CA4001210E
:104978005B000A4003401343019A002112788240E9
:104988001343019ADBB213701F4A3340D35C227879
:104998009B185BB22370032B06DD2B78F8B201332A
:1049A8002B70FFF791FF01210023E356033307DA49
:1049B8002B780121013B2B70F8B2FFF785FF01210D
:1049C8000023124AE356134004D50422013B524205
:1049D800134301332370029B01340B430293019B61
:1049E800013501330193012F02D1029805B0F0BDC2
:1049F8000127AAE7DB0E0020D90E0020DD0E0020DB
:104A08002C960008349600081C96000803000080C5
:104A180010B52320FEF732FB212801D0002010BD5D
:104A28002420FEF72BFB0728F8D11E30FEF726FBC3
:104A3800133843425841F2E710B52121041E00D132
:104A4800DE312320FEF724FB0721002C00D1F831AA
:104A58002420FEF71DFB1321002C00D1EC3125206A
:104A6800FEF716FB10BD10B50020FFF7E5FF01F0BB
:104A780005FD10BD704710B52620FEF7FFFA10BDE2
:104A880010B5C1B22620FEF703FB10BD10B5FFF725
:104A9800F1FFFFF7BDFF002808D1FFF7F1FF00F095
:104AA80003F900F08CF90120FFF7C6FF10BD0000E4
:104AB80010B58C78002C1ED0174BC3180F2B22D89A
:104AC8001238C0B200F088F90024200010BD01207F
:104AD80001F0D0FA032202210120FDF72FFCF3E7B1
:104AE800012001F0D3FA032202210120FDF726FC60
:104AF800EBE70220F5E7094B9842F1D0084B9842C2
:104B0800F7D00124E1E7054B9842E0D0044B9842E6
:104B1800DBD10220DCE7C046EEA0FFFF105F0000FB
:104B2800115F0000FF230370704770B50400007820
:104B38000D00013812285BD8FBF7A6FB0A1336478D
:104B48004D575A5A5A5A5A5D616770797C7F880066
:104B5800002363700933A3702900200002F088F94C
:104B680070BD6378022B0DD0032B0ED0012B16D10C
:104B780001F03EFE030EA370030CE370030A2371D9
:104B88006071E9E7FFF777FFF4E70026F0B2FDF779
:104B9800E3FEA31C98550136062EF7D1DCE7290061
:104BA8002000FFF7BFFFD7E76378022BF7D1E37840
:104BB800A0781B02034320790004034360790006B0
:104BC800184300BAFFF75CFFC6E7E278A17860787F
:104BD80000F04FF8D2E72279637912021343A178E3
:104BE800E278607800F053F8B6E700F05DF8B3E7D4
:104BF800FF232370B0E700F0AFF86070ACE700F077
:104C0800ADF8030A6370A070A6E76378A0781B026A
:104C1800E178221D184300F0A5F89DE76378A07895
:104C28001B02E178221D184300F0B4F894E700F065
:104C3800C6F891E700F013F8DFE76378A0781B0265
:104C4800E178221D184300F04DF885E76378A078D5
:104C58001B02E178221D184300F05AF87CE7042073
:104C680070475200C900891830225043081827306D
:104C7800704770B5FFF7F5FF0500FEF7FFF904026E
:104C8800681CFEF7FBF9A4B2204380B270BD70B572
:104C98001D00FFF7E6FF0400290AFEF7F9F9E9B25B
:104CA800601CFEF7F5F970BDF8B5002530246C439B
:104CB8000B4B0027E4180DE07300F2B2E35AF9B287
:104CC800E8B20136FFF7E3FF042EF5D101370834C7
:104CD800062F01D00026EFE70135042DE6D1F8BDF7
:104CE8003C930008273070B5140005005618B442EC
:104CF80000D170BD2B00273BBF2B06DC2800FEF738
:104D0800BDF9207001350134F1E700232370F9E77C
:104D1800273070B5140005005618B44200D170BD94
:104D28002B00273BBF2B03DC28002178FEF7B0F9C6
:104D380001340135F1E707B501AA0300118000200D
:104D4800032B08D85178052905D81278032A02D8E8
:104D58001800FFF78EFF0EBD1020704700487047FF
:104D680019030000F8B5E730C627140005005618E7
:104D7800BF00B44200D1F8BD2B00E73BBB4206DCC4
:104D88002800FEF77BF9207001350134F1E7002394
:104D98002370F9E7F8B5E730C62714000500561860
:104DA800BF00B44200D1F8BD2B00E73BBB4203DC97
:104DB80028002178FEF76CF901340135F1E770B568
:104DC8008025E724ED00200000210134FEF760F97A
:104DD800AC42F8D170BD0000F7B505000F2821D806
:104DE8001948FEF74BF900281CD18026E724F60065
:104DF800002D18D1012701952000FEF73FF9002367
:104E080001AD661C28706B7098420BD0431E022BB4
:104E180014D8687030002F70FEF730F90234A8708B
:104E280000280CD1F7BDB442FCD02000FEF726F9CB
:104E3800002801D1013DEDB20134D9E73400280042
:104E4800FDF782FBD8E7C046FF030000F8B5140061
:104E580082781D0006AB1F78274B002A11D01C70E2
:104E680001F0E4FC254B188023002033DBB2072B2C
:104E780006D8072201201440A040C0B200F0C5FBAC
:104E8800F8BD1E78A6422DD11C4B188801F0D3FC22
:104E9800C72827D82C002034AE4215D03300203341
:104EA800DBB2072B06D8072301201E40B040C0B252
:104EB80000F0B3FBE3B2072B06D8072301202B40F1
:104EC8009840C0B200F0A1FB3800E4B200F095FBB6
:104ED800072CD5D8072301201D40A840C0B200F0F8
:104EE8009CFBCDE723002033DBB2072BC8D8072271
:104EF80001201440A040F1E7DF0E0020E00E002062
:104F0800264B13B50C0098420BD8254B98420FD866
:104F1800244B98421AD0244B984237D0234B9842BE
:104F28000ED0A078002836D00022214B1A701AE043
:104F3800204BC01802280DD8FBF7A6F9161C220032
:104F480026230093BB331A00010008E027230093AF
:104F5800BE33F8E72623E02217490093BB3320002D
:104F6800FFF774FF002016BD2723E422009313499E
:104F7800BE33F4E72623E22200931149BB33EEE760
:104F88002723E62200930549BE33E8E72823E522D4
:104F98000093273BD8E70120E5E7C046F65C000010
:104FA800F25C0000D85C0000D95C0000D75C00000F
:104FB800DF0E00200CA3FFFFF35C0000F45C000090
:104FC800F55C000070B505008878002800D1B9E0CC
:104FD8005D4EB54212D85D4B9D4213D901F06EFA71
:104FE8005B4C2080B5421ED8584B9D420BD8208878
:104FF80001F070FA00F02CFD002003E0554BEB188F
:10500800082BEBD970BD544BE818122819D8FBF7B8
:105018003BF91D20232E3134373D45494C4F595C0F
:105028005F6268896E004B4BE81883B2082BDED8A4
:105038000828DCD8FBF728F913183F432E58698055
:1050480084000123227813432370D0E702232278B7
:10505800F9E704232278F6E708232278F3E7012307
:10506800627813436370C2E702236278F9E710237A
:105078002278E8E720232278E5E740232278E2E750
:1050880000F0E6FC802322785B42DCE70C232278E0
:105098009A43D8E7032362789A43E2E70122237808
:1050A8009343D1E702222378FAE704222378F7E72B
:1050B80008222378F4E7012263789343D2E7022297
:1050C8006378FAE710222378EAE720222378E7E7D3
:1050D80040222378E4E700F0BBFC7F2223781340CA
:1050E800B2E70C222378DBE703226378E5E70121A6
:1050F800042023785A07D20F4A400A40910083437C
:105108000B430821D2008B439DE701216378DA071E
:10511800D20F4A400A408B43134351000222934363
:105128000B439FE700F094FC01222378D9094A40F9
:105138007F21D2010B4086E7012001F03DFA56E7B6
:105148000020FAE701205DE7155C0000015C000023
:105158007811002006A3FFFFFDA3FFFF124A10B538
:1051680001230C00904215D101F0B8F8A178030092
:105178000E4A002910D0AA2003401900481E814178
:1051880035201170002B00D10C3801F047F801F0E0
:1051980007F90023180010BD13783520002B00D123
:1051A8000C3801F045F8F2E7165C0000E20E00202A
:1051B800014B18607047C046E40E0020034B10B541
:1051C8001B68181E01D01B68984710BDE40E00200C
:1051D800094B10B51B68002B0DD0084A1278002A1D
:1051E80007D0074A12787F2A03D90278427005222D
:1051F80002705B68984710BDE40E0020380E00204E
:1052080078110020044B10B51B68002B03D0022234
:1052180002709B68984710BDE40E0020064B10B53D
:105228001A88824206D01880044B1B68002B01D0D4
:10523800DB68984710BDC046EA0E0020E40E002047
:10524800064B10B51A88824206D01880044B1B689A
:10525800002B01D01B69984710BDC046E80E0020FE
:10526800E40E002010B501F0C3FA024B1860024B9F
:10527800186010BDF00E0020F40E002010B501F0EB
:10528800B7FA024B1860024B186010BDF00E0020F0
:10529800EC0E00207047704710B5FFF7FCFF10BDFB
:1052A800704710B5FFF7FCFF10BD000010B50548AA
:1052B80001F002FBFDF77EFEFFF7ECFFFFF7ECFFC6
:1052C80010BDC046816400080120704710B5FFF783
:1052D800FBFF10BD7047704710B5FFF7FBFFFFF7E6
:1052E800FAFF10BD10B501F07FFAFDF75FFBFFF77D
:1052F800CDFBFFF7EDFAFFF7D4FF10BDF0B585B091
:10530800FDF79AFB002801D0FFF7ACFF0024E7B2B5
:105318003800FDF721FB344B0190E55C854213D141
:105328000134062CF3D1012302AA5B421380002327
:10533800937001F07BFA012302AA03439380029839
:10534800039900F057F830E00222284B1B781342EB
:1053580001D0FDF707FB019B01265D40EBB200255C
:105368001E4239D0FFF7B2FF019B33405A1E9341CA
:10537800DBB2019300280ED0019A02AB9A701D701F
:105388005F7001F053FA012302AA03439380029845
:10539800039900F02FF8144B29001B5D38005E407C
:1053A800114B019A1E55FEF759FEFEF7EFFEFFF767
:1053B800C3FA002801D0FFF761FFFDF715FDFFF7DD
:1053C800FDFE0B4C2378834204D0FFF7F7FE2070D4
:1053D800FDF7CAF805B0F0BD01357600EDB2F6B2BA
:1053E800042DBDD19CE7C046F90E0020880F00208F
:1053F800F80E00201FB5030CDBB200900191002BC2
:1054080001D000F097FF0E2200216A441180009A13
:1054180002AB02926A4692889A800098039900F03B
:1054280069FD05B000BD10B5008800F0CBFE10BDC9
:1054380010B5041E13D0822812D1FFF7BFFE8307D0
:105448000DD4392000F0EAFE00F0AAFFFA2080000F
:1054580002F0CDF9392000F0EBFE00F0A1FF10BDFD
:1054680083280ED1FFF7AAFEC307F8D4532000F013
:10547800D5FE00F095FFFA20800002F0B8F953201D
:10548800E9E784280ED1FFF799FE4307E7D44720C0
:1054980000F0C4FE00F084FFFA20800002F0A7F9B3
:1054A8004720D8E7031FDBB2A02B0FD81C4B010005
:1054B800186801F0A5F8002804D0200000F0B8FE14
:1054C80000F06EFF200000F0A9FEC6E703002033BD
:1054D800DBB2072B07D8072004400638A040C0B22B
:1054E80000F002FFB9E703005B33DBB2022B04D8FC
:1054F800243880B2FFF792FEB1E703005833DBB2DD
:10550800162B05D8074A5B00985AFFF799FEA6E7BD
:10551800EF28A4D9FDF77CFBFDF74CFC9FE7C046BC
:10552800DC0C00203C96000810B500280FD082281B
:105538000ED1FFF743FE830709D5392000F06EFE30
:1055480000F02EFF392000F073FE00F029FF10BD97
:1055580083280AD1FFF732FEC307F8D5532000F09D
:105568005DFE00F01DFF5320EDE784280AD1FFF708
:1055780025FE4307EBD5472000F050FE00F010FF52
:105588004720E0E7031FDBB2A02BDCD90300203360
:10559800DBB2072B07D80723034001209840C0B28D
:1055A80000F0AAFED1E703005B33DBB2022B03D87D
:1055B8000020FFF733FECAE703005833DBB2162B8F
:1055C80003D80020FFF73CFEC1E7EF28BFD9FDF75D
:1055D80079FBFDF7EFFBBAE770B505000C00FFF7A4
:1055E80027FF002C03D12800FFF79EFF70BD0A207B
:1055F800013C02F0FCF8A4B2F3E7502110B53928B9
:1056080000D04639FFF7E8FF10BD10B5002803D0D9
:1056180000F06AFE00F0C4FE10BD10B5002803D0EB
:1056280000F06AFE00F0BCFE10BDF0B585B08679CA
:105638000C1C8578019000F01DFE230436090290A9
:105648000393002818D00295002D15D00F222304AB
:105658001B0E9343402B06D0230000222033DBB2DD
:105668000292072B08D9022000F0EAFE00F002FEA1
:1056780001234340DBB2029323041B0F03930B2B3C
:105688003FD81800FAF70AFE0C000C006100610010
:10569800B100C5003D003D00D000270138013801A8
:1056A8000F22230426051B0E360F934300D0360124
:1056B800E4B2002D14D0002E0BD023002033DBB22F
:1056C8003000072B01D9002C07D100F00DFE00F0A7
:1056D80067FE2000FFF7ACFE13E000F01BFEF6E7C4
:1056E8002000FFF721FF002E0BD023002033DBB270
:1056F8003000072B01D9002C24D100F0FDFD00F06B
:105708004FFE039B083B032B03D8FFF757FDFCF71D
:105718002BFF029B002B13D000F0A4FD01230200F5
:105728001A4018420CD1019B9A7000F093FD00F0CA
:10573800A1FC019800F04CF900F08CFD00F0A6FCEB
:1057480005B0F0BD00F0EEFDD9E70F2223042705D0
:105758001B0E3F0F9343202B00D03F01E4B2002CD7
:105768000ED0012C2BD0002D32D0002E2BD0019B37
:105778009B79DA07ADD50F221340019A937122E085
:10578800002D11D0002E06D100F0E0FD3843C0B244
:10579800FFF73BFFB5E7012EF6D100F0D7FD384300
:1057A800C0B200F0DFFDACE7002E05D100F0ECFD43
:1057B8003800FFF732FFA4E7012EA2D0F6E7002D4C
:1057C80003D0052E9DD83800E2E7042E99D8EFE7DC
:1057D800002EEDD06420392C01D1C820800002F0C1
:1057E80006F82000FFF7A0FE8BE723059B0F09D0E2
:1057F800012B00D085E7281E01D0A005800DFFF7FA
:105808001FFD7EE7281E01D0A005800DFFF706FDCD
:1058180077E7E0B2002D04D0FDF7FAF9FDF7CAFAF0
:105828006FE7FDF74FFAF9E723049B019B0F23D19C
:10583800002D00D065E723065B0F9B002007DBB235
:10584800000F9840E20602D50F359D40ED43240530
:10585800A40F2843022C09D0032C0AD0012C02D013
:1058680000F0D8FB4DE700F0CBFB4AE700F0DCFB8B
:1058780047E700F0C0FB44E7A205920F0123D1B22D
:10588800002D1CD01340002B00D13AE72206520FFE
:1058980092002007D2B2000F90400023E10602D503
:1058A8000F339340DB432405A40F1843022C0CD07C
:1058B800032C0DD0012C05D000F00AFC21E7490883
:1058C8000B40E0E700F0FAFB1BE700F00BFC18E7E1
:1058D80000F0BAFB15E7E6B22405240F002D04D02A
:1058E800200000F0C7FB300052E73000FFF795FEBC
:1058F800200000F0CBFB04E7E7B23800F0380428BA
:105908003ED8FAF7C1FC0311181D2700002D07D057
:10591800042E00D9F5E6E004C00E00F0C3FBF0E663
:10592800052E00D9EDE6F6E7E004C00E002DE0D024
:1059380000F0A0FBE5E6E004C00E002DF8D0D8E7A3
:10594800002D04D0E004C00E00F08DFBD9E600F075
:1059580085FBD6E6002D09D0E404E40E200000F013
:1059680089FB0321200000F047FDCAE6012000F072
:1059780067FD012E00D8C4E6022000F061FDC0E6F4
:10598800002D06D0002E01D03800A3E6E004C00E9A
:10599800CEE7002E08D06420392F01D1C82080001E
:1059A80001F025FF38001DE7E004C00EA1E770B53F
:1059B80004008078218800F00FFC051C00F09CFB97
:1059C80000F018FB291C2000FFF72FFE70BD000017
:1059D80073B5868801AD0400010002222800FAF799
:1059E80021FF002E12D02A880C4B9A420ED020009C
:1059F800FCF7CEFC00280AD100F03CFC002805D0BA
:105A0800A378002B02D0022000F01AFD73BD2000FD
:105A1800FFF7CDFF2000FCF774FCF7E7FFFF00005D
:105A280010B50020FFF7FAFB0020FFF709FC00F093
:105A380081FC00F085FC00F0B3FCFDF7A5FAFDF74A
:105A4800B9F910BD10B500F0FDFBFFF7E9FF10BD77
:105A580010B500F059FCFFF7F5FF10BD031CC2B2EA
:105A68001804000F023800B50D2821D8FAF70CFCED
:105A7800070720201620202007071D20201D0120B1
:105A8800F02A05D005D80020E72393424041C0B250
:105A980000BDF43A100043425841F8E70120E72AD4
:105AA800F6D9F13A50425041F1E71805C00FEFE737
:105AB8000020EDE707B501AB1880019800F082FBE4
:105AC800FFF7CCFF0EBD82B002B0704782B002B0C3
:105AD8007047000070B507250B4B1C780B4B1B78E3
:105AE800A34200D170BD0A4BE200D15A9B185888D6
:105AF8009A8800040843D988013409041143FFF740
:105B0800E5FF2C40EAE7C046490F0020480F002077
:105B1800080F0020064B10B558881A88D988000449
:105B280010439A8809041143FFF7D0FF10BDC046FF
:105B3800000F0020F7B50F221E488379934334D114
:105B48008378002B31D01C4B01A91B781B4A127893
:105B58009A422AD0028884880A80002C26D0184DC0
:105B680092B2AA4222D04778164DBC46DE00AA1946
:105B78005778BC451AD10778755DAF4216D195782C
:105B8800002D13D195882C1BA4B2C72C0ED80F2436
:105B98001021837923400B43837193792340194360
:105BA8009171FFF715FFFFF795FFF7BD0722013346
:105BB8001340CBE7000F0020490F0020480F0020BA
:105BC800FFFF0000080F0020F0B504008BB00100B3
:105BD800062206A8FAF726FEA178C14E0191A188EF
:105BE80030880291B18803908C4608A908806046E5
:105BF80023786278002800D1CBE00888B94DA84204
:105C080000D1C6E0B578002D00D1C2E0B1790F20EF
:105C18000F000491614687430298401A80B2C72852
:105C280000D98AE0002F49D10199059106A90B7086
:105C38004A7008880399884212D10199002900D036
:105C480017E10F230499194001331943B171FFF784
:105C580061FF3000FFF7BCFEB379A37100253CE17A
:105C68000299002900D008E1019B002BF6D00123FE
:105C78009B4A91790B439371F0E79B48CF00C61973
:105C88007078904206D198483F5C9F4202D1B6781E
:105C9800002EE3D1072001310140FFE0000E014250
:105CA80002D0002B00D117E12033DBB2072B00D83C
:105CB80012E12000FFF78CFE05950DE106A90B7097
:105CC8004A700888039988420FD1019900290CD19C
:105CD800049B2000A371FFF77BFE082221003000FF
:105CE800FAF7A0FDFFF716FFF7E006A90B704A7058
:105CF8000698FFF7DFFE00281BD0019B002B18D069
:105D0800774A93791F2B09D9128808A802800022A4
:105D18008270029A83718280FFF75AFE082221005E
:105D28006F48FAF77FFDFFF705FFFFF7F3FE012540
:105D3800D3E02000FFF74CFEF9E706A9002F14D1A5
:105D480001980B70887002984A70888007990698A5
:105D5800FFF7B9FE3000FFF73BFE0822390030009C
:105D6800FAF7B4FDFFF7D6FE78E70B704A7008889B
:105D780003998842B9D101990029B6D1049B200022
:105D8800A371FFF725FE082230000199FAF79EFD5E
:105D9800A3E06546524F38880880002D51D05149FC
:105DA80085B28D424DD0BD78002D4AD16646029904
:105DB800891B89B2C72933D8019D002DB9D006A9FE
:105DC8000B704A700B8883421DD1BA79D30714D45B
:105DD8000F2113008B4310D0A271F02B06D0D3B241
:105DE8001A09013212010B401343A3712000FFF777
:105DF800EFFD08222100380072E708222100380050
:105E0800FAF710FD69E00698FFF754FE002885D1DF
:105E18000123BA7920001343BB71FFF7D9FD5CE079
:105E2800019806A9887002980B704A7088800698B5
:105E38000799FFF748FE082229003800FAF746FDBF
:105E480050E70199002900D173E706A90B704A7041
:105E58000698FFF72FFE051E00D16AE708222100E9
:105E68003000FAF7DFFC3000FFF7DDFAFFF762FEDB
:105E780038E70299002900D1F9E608A90B704A70A1
:105E880009881848814200D1EEE60199002900D01E
:105E9800EDE6164816490078097801900198814284
:105EA80000D0EAE606A90B704A70069800F08AF955
:105EB800C3B200040F21020F012A00D8EEE60E3209
:105EC8000A40012A00D9F4E6000E014200D1EBE6AF
:105ED800A2798A4300D0E7E6059D28000BB0F0BD03
:105EE800000F0020FFFF0000080F0020480F0020CF
:105EF800490F0020F0B587B06C4600902000616023
:105F0800FFF762FE04A9051E0DD02288A3880A8027
:105F1800002B06D02A4B92B29A4202D003CCFFF74C
:105F2800D5FD072644E00B00220041CA41C308887A
:105F3800A38803AA1080002BF3D0224F224E3C786E
:105F48003078A44614881E4A9442EAD00722441C9A
:105F5800144064450AD08B801C4BC00018180132CD
:105F6800FAF760FC3470FFF7B5FDDAE7FFF770FD6C
:105F780008222900164835703D70FAF7A7FCD0E7CB
:105F8800124CC0002018FFF71FFE002816D02B78EF
:105F9800DB001A5BE4186088E188A3880004090420
:105FA80019431043FFF792FD2B78013333402B70D0
:105FB800044D054B28781B788342E1D107B0F0BD2A
:105FC800FFFF0000490F0020480F0020080F0020A5
:105FD800000F0020704710B5FFF7FCFF10BD000050
:105FE80010B5FFF7F8FF024B1860FFF719FD10BD59
:105FF8004C0F0020704710B5FFF7F2FF10BD0000EE
:1060080010B5034B1B681843FFF7EAFF10BDC046E5
:106018004C0F002010B5034B1B681840FFF7E0FF3A
:1060280010BDC0464C0F002010B5034B1B685840EC
:10603800FFF7D6FF10BDC0464C0F0020704710B5C3
:10604800FFF7FCFF10BD000010B5FFF7F8FF024B8B
:106058001860FFF7E5FC10BD500F002010B50020B8
:10606800FFF7F2FF10BD0123834010B51800FFF7BA
:10607800EBFF10BD0123834010B5034A1068184395
:10608800FFF7E2FF10BDC046500F002001238340F8
:1060980010B5034A10689843FFF7D6FF10BDC046F5
:1060A800500F00200123834010B5034A1068584060
:1060B800FFF7CAFF10BDC046500F002010B5034BB4
:1060C8001B681843FFF7C0FF10BDC046500F0020E3
:1060D80010B5034B1B681840FFF7B6FF10BDC0464C
:1060E800500F002010B5034B1B685840FFF7ACFF5A
:1060F80010BDC046500F00207047000073B5012541
:1061080003041B0E01AA9B001080181807232E00F9
:10611800C2B21840D3080522864000205A43084BD3
:10612800F6B29A180B00C34014782B405B426340C8
:10613800334063400130137001320528F2D173BD3A
:10614800540F002037B503041B0E01AA9B001080D2
:106158000021181807230524C2B2034001250800AE
:10616800D2085443054A1419625CDA402A408A402E
:1061780001311043C0B20529F6D13EBD540F0020AD
:10618800F7B51F2401270D4B01AE1A680C4B308060
:106198001B681A430092009BE5B2E3403B4204D1DE
:1061A800013CF8D200252800FEBD28003168FCF724
:1061B800E3F980B20128F3D0F5E7C046500F00207C
:1061C8004C0F002007B501AB18800198FFF7D8FFE6
:1061D8000199FCF7D1F90EBD37B50F4B01AD1B780E
:1061E8002980002B03D00198FFF7ECFF3EBD002863
:1061F8000CD02868FFF7C4FF040001002868FFF7E7
:106208007DFF20000199FCF7B7F9EFE72868FFF751
:1062180099FF0400F5E7C046FF0E002010B5034BB8
:106228000100186800F052FA10BDC046DC0C0020CE
:1062380010B5034B0100186800F05CFA10BDC046A9
:10624800DC0C002010B5024B186800F067FA10BD8E
:10625800DC0C00200020024B1856C010C0B270475A
:10626800840F0020024B1878072318407047C04657
:10627800840F0020034B187807231840431E9841C9
:10628800C0B27047840F0020084A10B553785907E8
:10629800C90F814209D001210840033180008B4396
:1062A80018435070108800F015F910BD78110020BF
:1062B800044B10B5587801234007C00F5840FFF72A
:1062C800E3FF10BD7811002010B50120FFF7DCFFB7
:1062D80010BD10B50020FFF7D7FF10BD014B18788F
:1062E8007047C046860F0020024B1A78104318707A
:1062F8007047C046860F0020024A13788343137004
:106308007047C046860F00200022014B1A70704764
:10631800860F0020024B1A78104318707047C04649
:10632800870F0020024A1378834313707047C046D2
:10633800870F00200022014B1A707047870F00203A
:106348000022014B1A707047830F0020014B187808
:106358007047C046850F0020704710B5FFF7FCFF57
:1063680010BD0000064B10B55B785B0706D4054BE3
:106378001A78824202D01870FFF7EFFF10BDC046AE
:1063880078110020850F002010B5044B1A78002AD8
:1063980003D000201870FFF7E0FF10BD850F002024
:1063A80010B50D4B0D4A1B7812780D4C13430D4A4E
:1063B8002068127813430C4A03701278002A07D019
:1063C8001343037000F0FEF8002801D0FFF7DCFF4C
:1063D8002068FEF7FDFE10BD860F0020870F002005
:1063E800DC0C0020830F0020850F0020704710B5BB
:1063F800FFF7FCFF10BD00000A4A0B00527810B5E9
:1064080052070CD4084CC10019432170FFF732FE23
:1064180000202056C010C0B2FFF7E9FF10BDFFF7FB
:1064280029FEFBE778110020840F0020002010B51A
:10643800024B1870FFF7DBFF10BDC046840F002029
:10644800002310B50A4AD3561900814348B2107088
:10645800420702D1DBB2834203D1064B5B785B076C
:1064680005D5C010C0B2FFF711FEFFF7DFFF10BD62
:10647800840F0020781100200020704710B5FCF729
:10648800A1FD00200149FCF726FE10BDFFFF00001A
:1064980010B50020FCF702FE024BC01843425841D9
:1064A800C0B210BD1601FFFF10B50220FCF7E6FDD3
:1064B80010BD10B50320FCF7E1FD10BD10B5042098
:1064C800FCF7DCFD04002220FCF7D8FD0002204385
:1064D80080B210BD10B50400C1B20420FCF7D8FD8D
:1064E8002220210AFCF7D4FD10BD10B501000F20B1
:1064F800FCF7F6FD10BD10B501001320FCF7F0FD08
:1065080010BD10B50020FFF7F6FF10BD10B5002034
:10651800FFF7EBFFFFF7F5FF10BD000010B50024F3
:10652800FCF750FD00202049FCF7D5FD0021022092
:10653800FCF7AEFD00210320FCF7AAFD1B4B210050
:1065480004201C60FCF7A4FD21002220FCF7A0FD1C
:1065580021000520FCF79CFD21000620FCF798FD92
:10656800FF210720FCF794FD21000820FCF7B8FD67
:1065780021000D20FCF78CFD21001820FCF7B0FD50
:1065880021001720FCF784FD21001C20FCF7A8FD42
:1065980021002020FCF79FFD21001820FCF7A0FD1A
:1065A800FFF7B4FF10BDC046EAFE00004C0F002004
:1065B80010B5FFF7B3FF10BD10B501000E20FCF7B2
:1065C80067FD10BD0C4A030011780622002904D08B
:1065D8000A4909787F2900D9183200200233013A84
:1065E800D2B2FF2A00D170471978002901D00130B2
:1065F800C0B20133F3E7C046380E002078110020FE
:10660800030010B5081E15D0114A1278002A12D0BE
:10661800104A12787F2A0ED90020CC08EF2909D811
:1066280007221140063A8A401B1998781040431EE9
:106638009841C0B210BD9A1C08331078884204D023
:1066480001329A42F9D10020F4E70120F2E7C0466E
:10665800380E00207811002001220023F0B55242A4
:10666800851CEC5C5EB28C420BD0571C02D1002C0E
:1066780000D132000133062BF3D1531C01D080180E
:106688008170F0BD002210B5831C08301C788C4244
:1066980000D11A7001338342F8D110BDCB08EF291D
:1066A80007D8C01807231940063B8B40827813434C
:1066B80083707047CB08EF2907D8C0180723012239
:1066C80019408A40837893438370704710B5074B0D
:1066D8001B78002B06D0064B1B787F2B02D9FFF7BF
:1066E800DDFF10BDFFF7B8FFFBE7C046380E0020FE
:1066F8007811002010B5074B1B78002B06D0064BED
:106708001B787F2B02D9FFF7D5FF10BDFFF7BAFF23
:10671800FBE7C046380E00207811002010B5074B63
:1067280002301B78002B04D0054B1E221B787F2BD0
:1067380000D806220021FAF7C9F810BD380E00204B
:1067480078110020704710B5FFF7FCFF10BD10B599
:10675800FDF71CFD0020FBF707FF0120FDF768FE91
:10676800FFF7F1FFAA2001F042F810BD704770470B
:1067780010B5FFF7FBFF0024FCF75EF9FFF7F7FF02
:106788002000FCF7E9F8002804D10134E4B2062C13
:10679800F6D110BD0120FCE7704710B5FFF7FCFFEC
:1067A80010BD10B5FFF7B0FDFFF7C4FDFFF74AFDB8
:1067B800FCF7EAFB0020FEF731FD0020FEF740FD64
:1067C800FEF7FCFCFBF7D0FE0020FDF731FEFFF7DB
:1067D800E4FF10BD10B572B601F0D9F862B6014BEE
:1067E800186010BD8C0F002010B5FFF7F3FF10BD27
:1067F80010B572B601F0CBF862B6FA22084B9200D7
:106808001B680021C01A0023F9F7E8FE0023054A97
:10681800801859410023044AF9F7C0FE10BDC0464C
:106828008C0F00200F2700001027000010B5FFF77D
:10683800DFFF80B210BD10B50400FFF7D9FF001BC1
:1068480080B210BD10B50400FFF7D2FF001B10BDC9
:10685800054B064A1A60BFF34F8F054B054ADA60AD
:10686800BFF34F8FC046FDE7FC3F0020EFBEADDE13
:1068780000ED00E00400FA050A4B0B4A043B1968D6
:1068880010B591420CD100221A6082F31488074B8C
:106898001B6883F3088862B6054B1B689847FEE7B8
:1068A80010BDC04600400020EFBEADDE00C8FF1F8F
:1068B80004C8FF1F00207047014B18607047C0468E
:1068C800E00C002002000F2030B507490C78631C4B
:1068D80003400648057800209D4203D004480B7009
:1068E8000255012030BDC0461E1A00201F1A002084
:1068F8000E1A00207047000010B572B6024800F06A
:1069080073FC62B610BDC046B80D002070B50D000E
:1069180019002D0200232800064C10436360231D34
:106928001A0000F015FB20606068002800D02000E5
:1069380070BDC046B01000207A30084A017813783C
:10694800022907D102318B43012B02D15278044B23
:106958001A707047024A1370FBE7C0460611002000
:10696800E410002070B50400080005292AD8F9F7BA
:106978008BFC2D29032D2A3272B6012120001A4AD8
:1069880001F047FA04212000184A01F042FA184D94
:1069980020002B00B4331978164A01F03AFA2B007C
:1069A800B53319782000144AB63501F032FA29783F
:1069B800002903D02000114A01F02BFA104800F0FA
:1069C800DDFB62B670BD0420FFF77CFF72B60C4891
:1069D80000F0B1FBF5E772B6094800F0C4FB62B6F7
:1069E8000520FFF76FFFEDE76C960008909600080A
:1069F800E40C0020280D00204C0D0020700D002014
:106A0800B80D002070B5084C0500E3680E00002B97
:106A180002D0200000F04AFD330029002000034A7C
:106A280000F0F0FC70BDC046D0100020396A0008A4
:106A380070B5040072B60378042B01D062B670BD3D
:106A4800134B1B78DB09F9D1124D2B78002BF5D0AD
:106A5800114B1B78002BF1D003899B0704D4082322
:106A680001210E4A01F02BFA002328780C4A002154
:106A7800F9F7B4FD00230B4A80185941FA22002384
:106A88009200F9F78BFD21008000FFF7BBFFD5E7E7
:106A980078110020CC100020380E0020E5100020CE
:106AA80010270000E7030000020070B57432117867
:106AB80004000B007F200340212B00D07AE0230044
:106AC80049B27533002925DA187802281CD0032822
:106AD80010D0012800D06DE003331B78002B05D1BE
:106AE800484AA2662022E266236770BD0023A36697
:106AF800E366F9E7230078331B88002B5AD101207D
:106B0800414AE066A266EFE70120404BE066A366D3
:106B18000023E9E71B780A2B42D00B2B0ED0092B58
:106B280048D12300022178331B788B4342D1384B5C
:106B3800E166A366374B01202367D6E72300783345
:106B48001B88002B28D1230076331978324D0A0090
:106B5800531E9A41D3B22C4A13702A78DB010240A3
:106B680013432B70002917D1284B1A78002A13D009
:106B780072B62A4A18780023F9F730FD0023284A0C
:106B880080185941FA2200239200F9F707FD2100E5
:106B98008000FFF737FF62B60023A366E366CAE703
:106BA80023001D4977331A780978184BC9091A70D8
:106BB800F2D1DBE71B4B12889A421AD123007933B2
:106BC8001A78013B1B7812022100134322006068E7
:106BD800763277314568127820000978A84700286E
:106BE80001D1002081E74368A3660368E3660023B8
:106BF800A1E70D4BB6331B78002BF2D0200000F034
:106C0800D3FA72E7E5100020380E0020CC100020DF
:106C180006110020416900087811002010270000A3
:106C2800E703000081060000E40C00207047000024
:106C3800102210B500210448F9F748FE0023034A42
:106C48001370034A137010BD0E1A00201E1A00207C
:106C58001F1A0020F8B50F24012500200A4B0B4A03
:106C68001E780B4F13789E4203D1002800D016706F
:106C7800F8BD1900795C0133280023400529F2D1B9
:106C88001370FFF78EFDE8E71E1A00201F1A002078
:106C98000E1A002070B50500134B144A14499A6562
:106CA8001A1D144E144CD167144AA03331001A60CF
:106CB800200000F001FA2000114C310000F024FA05
:106CC800A36D104A10481340A36500F090FD2800FA
:106CD8000E4901F063F88023A26D1B0213430022C2
:106CE800A3650B4BDA6070BDE40C0020EC0C0020AF
:106CF800000D0020940D0020B80D0020140D002078
:106D0800005C0040FF7FFFFF983A0000B49600083F
:106D1800D010002070B50500084C01F052F8A36DA2
:106D2800074A28001340A365064901F037F8802375
:106D3800A26D1B021343A36570BDC046005C0040F2
:106D4800FF7FFFFFB4960008014B18787047C046D4
:106D5800E410002070B5050072B61C4C2378042B93
:106D680020D11B4A238912787F2A1DD9194A127803
:106D7800002A19D0DB060BD420232A000421200086
:106D880001F09DF8202229001348F9F74BFD09E08E
:106D98000121E369494258690C3000F031FD23783C
:106DA800042BE9D062B670BD9B0703D408232A00E0
:106DB8000121E4E701212369494258690C3000F0B8
:106DC8001FFD2378042BEDD1F0E7C046E41B00201B
:106DD80078110020380E0020E510002070B505005D
:106DE80072B60C4C2378042B01D062B670BD23898F
:106DF800DB0607D5E369642158690C3000F000FD13
:106E0800431CF2D006232A000421200001F057F881
:106E1800EBE7C046E41B002037B5040072B608480B
:106E28000178042901D062B637BD6D46032301AA53
:106E38006C71240A1370AC7101F041F8F3E7C04695
:106E4800E41B0020030013B572B608480178042932
:106E580001D062B613BD6C4663711B0A01AAA37107
:106E68000323117001F02BF8F3E7C046E41B002060
:106E780003000A0010B5202904D1034801684C68B2
:106E88001900A04710BDC046B80D002010B508482D
:106E980088B0036820221C6A69460023A04700289E
:106EA80003D0C1B26846FDF740FE08B010BDC04629
:106EB800B80D002010B5FFF7DFFC10BD7047704714
:106EC80010B5FFF7F7FF02F003F9FFF7F7FF10BD62
:106ED80010B502F043F9FFF7F2FF10BD10B500F04E
:106EE8002FFD00F05DFAFEF7E1F9FFF7A1FE164C61
:106EF8002000FFF7CFFEFA20400000F078FCFEF7F4
:106F0800F1F91248FEF754F9FFF7A4FE2378052B90
:106F180012D0FEF7F3F9FFF7B9FFFEF7DDF9F3E753
:106F2800FFF715FCFFF724FC002805D0200000F02F
:106F3800D9FF2000FFF7EEFE2378052BF0D0FFF7EE
:106F48002FFAFBF737FFE4E7E41B00203C0E002094
:106F580010B5040AE3B2032C10D0032B07D8012B79
:106F680023D0022B07D15B20114B136010BD212BBE
:106F78000DD0222B12D000200300F6E7C0B2022861
:106F8800F9D80C4B8100CB580B49405CEDE702293E
:106F9800F1D80A4B89000920CB58E6E70229EAD83C
:106FA800074B8800C3580748EFE71220064BDCE779
:106FB800EF960008C4960008D0960008D4960008FA
:106FC800E0960008EC9600084A97000813B5446B51
:106FD800E36F1A681178042915D1217A022912D190
:106FE800197901238B4012891A420CD1200001A97A
:106FF800443000F0BBFD021E05D0E06F019B017913
:10700800006800F05CFF13BD10B50C3000F04BFDBC
:1070180010BD012310B50C305B4200F044FD10BDDB
:1070280010B5443000F00DFE10BD012310B54430FA
:107038005B4200F006FE10BD10B50C3000F01BFDE1
:1070480010BD012110B50C30494200F014FD10BDEF
:1070580010B5443000F0D7FD10BD012210B5443002
:10706800524200F0D0FD10BDC36F70B51A6804001D
:107078001178042901D0012070BD017A0229FAD1C2
:107088001979012352898B4015001D401A42F2D10B
:107098000C3000F0A5FC021EEDD0E06FA36A417928
:1070A800043B006800F0F8FE2800E5E710B5406BE7
:1070B800FFF7DAFF10BD00007FB5030004000126CA
:1070C8000E4A0D0004C343600D4B067202940193EF
:1070D800CB680C3000934B690A6A310000F05BFC06
:1070E8002000084B31000193AB68EA6900934430F3
:1070F8002B69029400F014FD7FBDC046A4980008D7
:10710800B5700008D56F00080A6872B60B790933A4
:107118009B00D31858604B7911339B0098508B799A
:10712800002B03D009339B00D31858600223C16792
:10713800037262B6704770B504000221043002255C
:1071480000F0C0FB012620006D42290026750C3096
:1071580000F08FFB230020004C3329001E704430C0
:1071680000F087FB70BD10B501210400043000F069
:10717800A9FB002323754C34237010BD70B504009F
:107188000C3000F020FC002520002575443000F06C
:10719800DFFC23004C331D700121201D00F092FB01
:1071A8002000FFF761FF70BD020060217432127881
:1071B80003000A400020202A06D11A0075321278EE
:1071C800212A02D81F2A05D87047222AFCD198669E
:1071D800D86603E0034A9A660722DA661867012030
:1071E800F2E7C046500E0020C36F73B51A6804005A
:1071F800117804292BD1017A022928D11979012380
:1072080012898B4016001E401A4220D105004435D1
:10721800280000F055FD002819D0280001A900F029
:10722800A5FCE36F05001A7E002A09D001981A69A7
:107238003100121A2818F9F749FBE36F1B6901930B
:10724800E06F2A000179019B006800F038FE73BDE9
:107258000B00F0B509339B00C3185E6804000D00ED
:1072680085B0002E2CD072B60821301D00F02AFB04
:107278003300AF004433E7190193FB685B691B686F
:10728800002B02D0019800F07DFC019803A900F0C2
:107298006DFC039B021E0ED1FB685A691268002A16
:1072A8000DD01B8A013B1A4209D1F36F1B7E002BBC
:1072B80005D1220074322900200000F000FE62B6D9
:1072C80005B0F0BD1131890010B50C58002C15D04F
:1072D80072B60421201D00F0F5FA2000E36F0C308F
:1072E8001A685B7902339B00D3185B689B695968FD
:1072F80000F080FB2000FFF7B7FE62B610BD7047B4
:10730800024B034A1A60034A5A607047201A002049
:10731800701C00200040002030B5094C4B1E256829
:10732800AA18D3184A421A4063681018834204D333
:10733800854202D82060100030BD0022FBE7C0461D
:10734800201A002010B572B6FFF7E6FF62B610BD2E
:1073580070477047FEE70000F0B5082400250E4A84
:107368005368166819009068884210D8DE1E0021FC
:10737800B04203D30330C11A890889005B18D16869
:10738800994207D8013C1032002CE9D1F0BD80CEDB
:1073980080C1E9E720C3F3E7CC98000830BFFDE7D8
:1073A80010B500F0F5F800F01FF8FFF7A9FF8022EC
:1073B8000749084800F0C0F9074B98610123037793
:1073C80000F09CFA62B6054800F0E4F910BDC0462A
:1073D8006C990008281B0020F81A0020549900080E
:1073E80010B500F09BF810BD044B054ADA611A622B
:1073F800012252425A6200229A627047F81A00200B
:10740800141B0020F7B50361C2600C00050000F0F2
:10741800BEFA022C00D20224224E234AF369934278
:1074280009D1B062F561356220182B606B60AC60E1
:1074380000F09CFAF7BDB76AC21BA418944226D282
:1074480000218C46996801918A421AD8B918B1620C
:1074580015498B4202D001998A1A9A60381A241861
:10746800F3699A68A24219D35A682B606A6015605A
:107478005D60AC609A68141B9C6001235B42736278
:10748800D8E70199521A614699601B68DAE79B6848
:107498009C42E5D2381900F076FAE1E71B68A41A95
:1074A800DFE7C046F81A0020141B002070B5194DFC
:1074B8000368EA69184982420CD04268136003687D
:1074C8005A600022C2608B4203D0826899688A1889
:1074D8009A6070BD0020EB615960D0608B4202D188
:1074E80000F04CFAF5E799689268AC6A8A189A60D5
:1074F80000F04DFAEB69021B9B689342E9D9E41846
:10750800201A012800D8931CA86A181800F03BFA22
:10751800DFE7C046F81A0020141B0020F7B51A4D03
:10752800EC6900F034FAAB6AA268184FC61AB24286
:1075380019D8A268AB6AB61A9B18E268AB620192C6
:10754800002223685F60EB61E260BB4201D100F07A
:1075580015FA62B62069019B984772B6EC69A36870
:10756800B342E6D9DDE7EA69BA420BD09168A8626E
:107578005B181B1A9360A368022B00D20223181809
:1075880000F001FAF7BDC046F81A0020141B0020CD
:107598000022034B1B605B609A601B615B61704754
:1075A800F81A00204B680160436018604860704713
:1075B8000300006802681A605360704742680368F5
:1075C80013605A6070470300006802681A607047C9
:1075D800002382680377054B1B6899689142FBD2A8
:1075E8005A6803604260106058607047F81A0020BB
:1075F80010B5040072B6007F052807D8F8F744FED6
:107608000C060603120E0022236A1A6001235B424D
:1076180020002362FFF7DCFF62B610BD226A936880
:10762800013393602000FFF7C9FFEFE7002382686A
:107638000377054B1B6899689142FBD85A68036029
:107648004260106058607047F81A0020064B10B569
:10765800996908771868026853601A60986101236D
:107668000377F8F7E5FD10BDF81A002030B50400DF
:107678000C4D87B04B1C11D0AB690B4A01A8FFF722
:10768800C1FE2000FFF7E2FF049B002B02D001A8F7
:10769800FFF70CFFAB69186A07B030BDFFF7D6FFDC
:1076A800F8E7C046F81A0020F975000870B504001C
:1076B8000A4DA368A86921628268934203D8200012
:1076C800FFF786FF70BDFFF7B1FF012301002377A5
:1076D8002000AC61F8F7ACFDF4E7C046F81A0020CA
:1076E800044B9A69196890688B68984280414042B7
:1076F8007047C046F81A002010B5084C2368A069E6
:107708001A685460226001221A77A361FFF78EFF7E
:107718000100A069F8F78CFD10BDC046F81A0020DA
:1077280010B5FFF7DDFF002801D0FFF7E5FF10BD1A
:1077380010B5FFF7E1FF10BD002343630363023375
:107748008383013B8377084B826082635A690361B4
:10775800426181611061586103002433436204333C
:107768008362C3627047C046F81A0020826803002B
:1077780010001969643A403810B5C260116159693E
:10778800516103491162DA681968FFF7D5FF10BD26
:107798005902000810B572B6FFF7E8FF002104008F
:1077A800FFF784FF62B6200010BD00000C4B10B537
:1077B8009C6920622000636A243098420AD1A37F22
:1077C800002B03D16269236913615A610F20FFF707
:1077D8003DFF10BDFFF7F7FEFFF7FAFEEAE7C046E8
:1077E800F81A002010B572B6FFF7E0FF10BD10B50B
:1077F800010072B60820FFF739FF62B610BD00001D
:10780800064B10B59B69002905D003601862032058
:10781800FFF72CFF10BD01204042FBE7F81A0020BB
:107828000300006810B5002804D000221A60016225
:10783800FFF7CEFE10BD000010B50C1E09D0064B98
:1078480001009869FFF7AEFE21000420FFF70EFF44
:1078580010BD01204042FBE7F81A0020036810B56C
:107868000C00984204D0FFF7A3FE0462FFF7B0FEB5
:1078780010BD70B504000D0023689C4200D170BD96
:107888002000FFF795FE0562FFF7A2FEF4E700234C
:10789800006040608360704710B5036B1943037F35
:1078A80001630A2B03D1036A0B4206D110BD0B2BCF
:1078B800FCD1036A19408B42F8D100230362FFF719
:1078C80087FEF3E770B506000D000468B44200D1E6
:1078D80070BDE3682B43E360002D02D023692B427F
:1078E80003D0A1686068FFF7D7FF2468EEE7EFF3DD
:1078F8000983203383F3098862B67047024A034933
:10790800136A0B401362704700ED00E0FFFF00FFB1
:1079180010B50F300FD072B6EFF30984203C84F312
:10792800098880235B04E361FFF7DAFE024B002835
:1079380000D1024BA36110BD670200086A0200086B
:1079480010B500F0B9FD00F09BFE00F0DAF900F088
:10795800E5F900F0EEF900F00EFAFFF7B9FA00F0D9
:1079680001F810BD10B501F011F810BD80230022F8
:10797800DB0558631A610232DA60704780230022FF
:10798800DB05DA6070478023DB0558637047802386
:10799800DB05586A704730B5039D01722C00002141
:1079A80004335C43C361049B14190363059B05629C
:1079B80000604060C160426102618461426281622C
:1079C800C162436330BD0023022110B5426AC3601F
:1079D800426102618362C3624942FFF74AFF10BDF8
:1079E80003694269934203D1C2680020824200D1F0
:1079F800181D7047036910B51960C2680132C2606A
:107A0800C2699B1882690361934201D3436A036187
:107A18000021FFF723FF10BD70B504000D00E368D7
:107A2800002B07D062690020131D1268A3629B18FF
:107A3800E36208E0237A002B06D129002000FFF733
:107A4800FBFE0028EBDA70BD02204042FBE7C3686A
:107A5800C269013BC360436910B59B1882694361E1
:107A6800934201D3436A436100238362036B002B73
:107A780000D0984710BD70B5040072B6836A002B19
:107A880006D1FFF7C9FF051E02D062B6280070BDF7
:107A9800A36AE26A1D780133A3629342F5D32000FA
:107AA800FFF7D5FFF1E7F7B504000D000092019349
:107AB80072B60026A36A002B08D120000199FFF7AF
:107AC800ABFF002802D062B63000FEBDA16AE36AAF
:107AD800009A5B1A971B9F4200D91F00402F15D9A7
:107AE80028004022F8F79EFEA36A40354033A3627F
:107AF8004036A36AE26A934202D32000FFF7A7FF49
:107B080062B6009B9E42DFD272B6D3E728003A00E5
:107B1800F8F788FEA36AED19DB19A362F619E8E7FE
:107B280010B5029C0172210004335943C36100233C
:107B38008362C362039B51180363049B0060406027
:107B4800C46042610261816104624262436310BDA4
:107B5800036A0221C360436A10B5436103610023CD
:107B680049428362C362FFF784FE10BD436902691C
:107B78009A4203D1C2680020824202D1180008C884
:107B88000B607047C368C2690133C360436910B5AD
:107B98009B1882694361934201D3436A4361002180
:107BA800FFF75CFE10BD70B504000D00E368002B04
:107BB80007D0236900201A1DA262E2699B18E362BC
:107BC80008E0237A002B06D129002000FFF734FEB5
:107BD8000028EBDA70BD02204042FBE7036910B5CC
:107BE8001960C268013AC260C2699B188269036160
:107BF800934201D3436A036100238362036B002B22
:107C080000D0984710BD70B50D000400110072B681
:107C1800836A002B05D1FFF7C6FF002801D062B6A2
:107C280070BDA36A1D70A36AE26A0133A36293421E
:107C380004D3E3692000191FFFF7D0FF62B60020C4
:107C4800EEE7F7B504000D000092019372B6002626
:107C5800A36A002B08D120000199FFF7A4FF002890
:107C680002D062B63000FEBDA06AE36A009A1B1A11
:107C7800971B9F4200D91F00402F17D92900402287
:107C8800F8F7D0FDA36A40354033A3624036A36AB3
:107C9800E26A934204D3E3692000191FFFF79EFFAD
:107CA80062B6009B9E42DDD272B6D1E729003A0047
:107CB800F8F7B8FDA36AED19DB19A362F619E6E730
:107CC800030002695969002010B58A4218D1D968A1
:107CD800814215D0996A814212D004398C1A914296
:107CE8000ED01460D9680139D960D96952189969D8
:107CF8001A618A4201D35A6A1A61002201209A62E3
:107D080010BD10B500F01AFE10BD012310B50370A8
:107D1800002343600C30FFF7BAFD10BD10B500F02A
:107D280071FE10BD0123037000234360C360037418
:107D3800704710B500F012FE10BD012310B5037096
:107D48000023436083600C30FFF7A1FD10BD0200E3
:107D5800030010B50400763212787E331A7000F0F2
:107D6800F7FF63681B68002B02D0012120009847A9
:107D78000323237010BD10B500F0C6FF10BD01230A
:107D880002000100037000232C3243604831136065
:107D9800D36104328A42FAD18360704710B5040077
:107DA80072B600234160C360036143618361C361AC
:107DB80003624362836201F069F80223237062B6AA
:107DC80010BD70B5040072B600F0A6FF00232500B0
:107DD80002266360013323700C352C3476422B68FD
:107DE800002B0ED05869002803D031000C30FFF763
:107DF80017FD2B689869002803D031000C30FFF775
:107E08000FFD002308C5A542E9D1FFF789FC62B63A
:107E180070BD8B1C9B0070B5C318050050690E001F
:107E280014005A60002803D014220021F8F74EFDF0
:107E3800A069002803D014220021F8F747FD31007B
:107E4800280000F08FFF70BDF8B505000700022676
:107E5800040082680F4B1035134083602C3776423C
:107E68002B68002B0ED05869002803D031000C3045
:107E7800FFF7D6FC2B689869002803D031000C3036
:107E8800FFF7CEFC002308C5BD42E9D1200001F070
:107E98001FF8F8BD0100010070B501258D40448927
:107EA8002C4344818C1CA40004196468A4692360D1
:107EB8000023A2606360E36001F05CF870BD70B5F8
:107EC80001258D4004892C4304818C1CA4000419CD
:107ED8006468646923600023A2606360E36001F062
:107EE8006FF870BD037870B5052B0AD11025054CC5
:107EF8001420236C2B432364FFF779FC236CAB43DA
:107F0800236470BD005C00400223F7B503700023B2
:107F1800C367836003000500022704002C330C3577
:107F280001937F422B68002B11D072B62B685869D9
:107F3800002803D039000C30FFF772FC2B689869D1
:107F4800002803D039000C30FFF76AFC62B600261F
:107F5800019B40C59D42E5D1230064331E7020007B
:107F680000F076FF63681B68B34202D0310020003E
:107F78009847F7BD03000278803370B51A7005235F
:107F88000370436804001B68002B01D00421984744
:107F9800250000230226A3600C352C3476422B687A
:107FA800002B11D072B62B685869002803D0310015
:107FB8000C30FFF735FC2B689869002803D0310096
:107FC8000C30FFF72DFC62B60435A542E7D170BD31
:107FD800030010B580331B78037043681B68002BBF
:107FE80001D00521984710BDF7B5060064363378EF
:107FF8000400002B01D000233370270074373A00A7
:108008002000019700F0A0FF63689B68002B18D13F
:10801800019B1A78602315001D401A4233D00021B5
:10802800200001F005F80021200000F0EDFF636852
:108038001B68002B02D006212000984706233370C6
:10804800F7BD200098470028E2D023007B331A7838
:10805800013B1B7812021343E26E9A4200D9E36691
:10806800019BE16E1B787F2B00D808E1002900D125
:10807800FBE00923337072B60021E36EA26E200084
:10808800FFF71DFFF9E023007F2175331B780A40B5
:108098001B021343814A934200D1CEE026D88022A6
:1080A8005200934259D00DD8012B50D0022B00D149
:1080B80094E0002BB3D122007C32A2660222E26651
:1080C8002367C2E781225200934200D19DE0FF322C
:1080D800FF329342A3D1230076331B78012B9ED124
:1080E80022007C32118801330B4341E080221201C7
:1080F800934246D023D8A022D20093423DD0684A6A
:108108009B18012B00D98AE72300220079331B78BA
:10811800783212781B0221001343220060687632FD
:10812800406877310700127820000978B84700289E
:1081380000D174E74368A3660368E3661BE09022F6
:108148001201934222D0574A934200D067E7564B18
:10815800A3660223E3660023B2E7230076331B7885
:10816800012B00D05BE7220002217C3213888B436D
:108178001380A566E566256767E74C4BA566E56647
:108188009EE723007F33A3660123D6E72378042BD9
:108198000FD172B62000FFF757FE62B62300032105
:1081A8007F331D70636821701B68002B01D020008D
:1081B8009847230076331B78002B0BD022007F32A0
:1081C80013700423237063681B68002B02D00221FC
:1081D800200098470023A366E36671E723000F2178
:1081E80078331B78200019405BB2002B0ADA00F0C4
:1081F80099FE012804D0022800D010E72C4BA7E7ED
:108208002C4BA5E700F078FEF3E7230076331B78C4
:10821800002B00D003E7230078331B780F221900C6
:1082280011401342D6D05BB22000002B02DA00F0D6
:1082380027FFCFE700F00EFFCCE7230076331B784B
:10824800002B00D0EBE6230078331B780F221900AF
:1082580011401342BED05BB22000002B02DA00F0BE
:10826800E7FEB7E700F0D0FEB4E71423337072B628
:108278000B000A002000FFF70FFE62B6E0E60029B7
:1082880006D01523337072B60021E36EA26EF1E7B3
:108298000B23337072B60B000A00F0E602030000ED
:1082A80000FAFFFF020C000086990008577D0008BD
:1082B800829900088499000870B5050064350400A7
:1082C800287800283BD00638C3B20F2B2FD80F28A8
:1082D8002DD8F7F7D9FF342C2C08222D2C2C2C2C38
:1082E8002C2C2C2C343423007B331A78013B1B783C
:1082F800E06E1202134398420FD2E368198AF8F726
:108308005DF8002909D172B60B000A002000FFF7BA
:10831800D6FD62B60A232B7009E014232B7072B6BF
:10832800002320001A001900FFF7B6FD62B670BDE1
:10833800236F002B01D0200098470023EBE7002192
:10834800200000F075FE0021200000F05DFE63684B
:108358001B68002B02D00621200098470623DAE785
:1083680070B5050064352B780400142B26D019D875
:10837800062B06D002D8002B03D070BD093B022B78
:10838800FBD80021200000F053FE0021200000F05F
:108398003BFE63681B68002B02D00621200098472B
:1083A800062315E0152BE8D10A3B2B7072B6002383
:1083B8001A001900FFF783FD62B6DEE7C3689B6900
:1083C8005B68002BD9D1036F002B00D0984700239E
:1083D8002B70D2E70322F0B5FF26C0250240D20059
:1083E8009640890191400A4F83089B00DB19AD0034
:1083F8005C591F22B4430C435C5101230240934053
:10840800C02240098000C019520083500360F0BDAB
:1084180000E100E01F21012201408A404309094987
:1084280020339B0010B55A5083089B005B1803212A
:1084380008408840C024FC318140A4001A598A436E
:108448001A5110BD00E100E010B503210520FFF727
:10845800C1FF03210620FFF7BDFF03210720FFF717
:10846800B9FF10BD10B57446044800F0E1F804489F
:1084780000F0DEF82000FFF74BFA10BD98990008CD
:10848800A899000810B57446074800F0D1F80748C5
:1084980000F0CEF8064800F0CBF8064800F0C8F81F
:1084A8002000FFF735FA10BDB8990008C8990008F0
:1084B800D8990008E8990008234B244A996A10B50E
:1084C8000A43FC219A629A6AC9030A409A629A6A24
:1084D8001A690122002152421A611A6919611A693E
:1084E800D8681B4A02438020DA60DA68C003024079
:1084F800DA60DA688022D86952050243DA61DA69FB
:10850800802214485200046822430260C0201A6A7C
:10851800800002400138FF38824203D08022520294
:108528001A6219628022196A1202114207D1802147
:10853800186A890001431962196A0A431A6200F02D
:108548005DF8FFF781FF10BD00100240FFFF81FFBB
:10855800FFFFBFFF007000400122264B19680A4345
:108568001A60022219681142FCD003215A688A4312
:108578005A600C225968080010401142FAD1F921BA
:108588001A680A401A6001225860596B0A435A63F4
:108598000222596B1142FCD00122596A0A435A62DD
:1085A8000222596A1142FCD0A02100228903DA6212
:1085B80059601A638022196852040A431A6080229B
:1085C800920419681142FCD011210B4A116010392C
:1085D80010680842FCD0022259680A430C215A60EC
:1085E8005A680A40082AFBD19969073A0A439A61EE
:1085F8009B697047001002400020024000230122BE
:108608000848094910B5036043604C68103123607D
:10861800D40001320351082AF7D1044B093A5A60B1
:1086280010BDC0461C1100208899000800000240B7
:1086380010B50268447B11680E23E1401940436875
:108648001B6819420CD0837B0800A040013350609E
:10865800044ADB009C58002C02D0D3185868A04765
:1086680010BDC0461C11002010B574460348FFF722
:10867800DFFF2000FFF74CF910BDC04688990008BD
:108688007047F0B51300032501278BB02B400593E5
:1086980093083B400193D3082B400F2602935309BC
:1086A8002B409C460023D2093240059C079206972E
:1086B80008950996069A11422ED00726069F1E4055
:1086C8009F40079DB200039295404268019EBA43BD
:1086D8003243089E5F00BE403700F643426082681E
:1086E8000496029EBA43324366468260C268BA4321
:1086F8003243C260039E099AB240059ED243022EBD
:108708001DD1072B16D8066A32402A430262026836
:10871800049D2A4022430260490821D0019AA400FE
:1087280052000192029A013392000292624692002C
:108738009446BFE7466A32402A434262E7E7066842
:10874800049F3E4026430660072B04D8066A324041
:108758002A430262E0E7466A32402A434262DBE784
:108768000BB0F0BD836A10B55B6800245B68016BD1
:10877800FF2B02D98024FF23640440681B0480680F
:108788004A68034304480240134380222343D2002B
:1087980013434B6010BDC046FFFF00FEC36A30B5EF
:1087A8005B6800245A68016BFF2A02D98024FF22E3
:1087B800640440684B68044D80682B40034323439E
:1087C800120413434B6030BDFFFF00FEFC22F8B5D6
:1087D800584C9201256B7646AB69EB6113423AD04F
:1087E8000F25E26A50680168A9430160507B11684F
:1087F8000E22170087404F60A16A4F683868A84367
:1088080038600868497B8A404260DA0503D501224E
:10881800A1680A43A2609A0503D50222A1680A4307
:10882800A2605A0503D50822A1680A43A260A2687B
:10883800DB040AD520231343A36072B60221494200
:108848003D48FEF7EDFF62B601E0002AF5D13000A1
:10885800FFF75EF8F8BDFE221342F8D0DA0622D5FB
:108868000F20E36A59680A6882430A60597B1A68CC
:108878000E231F008F405760A26A576839688143EA
:1088880039601168527B93404B600423A2681343FC
:10889800A36080236A68DB01134346226B602B6860
:1088A80093432B60C9E71A0609D523782000032BC8
:1088B80002D1FFF773FFCAE7FFF754FFC7E75B066C
:1088C800C5D5A36A21780F205A6803291DD1E36A08
:1088D8005F68396881433960587B19680E23834083
:1088E8004B605368002B18D02000FFF73BFFA36AAA
:1088F8005A68012311680B43136080236A689B013F
:1089080013436B6004232370A1E71168814311604E
:10891800597B1A680E238B40536080236A68DB01F9
:10892800134340226B602B6893432B6072B600217F
:1089380086E7C046641B0020801B002010B5054C4C
:108948002000FFF7E2F90023034AE3612263A362F0
:10895800E36210BD641B00200054004010B5074CB2
:108968002000FFF7EAF9064BE36100232362636204
:10897800044BA362044BE36210BDC046981B002061
:10898800003800400A1000001810000001220E4BA9
:1089980010B5D9690F201143D9610C49DB698B687F
:1089A80013438B6080230A49DB0599620121494200
:1089B800D962002199615963D96059605A610231BD
:1089C8001A60FFF707FD10BD001002400058014073
:1089D800BF1200008022D2051369D16810B50B4080
:1089E800D9B2C94311619B0703D572B6FEF7F8FCEB
:1089F80062B610BD10B57446FFF7ECFF2000FEF715
:108A080087FF10BD10B5044C2000FFF78BF9042335
:108A18002374024BA36110BDC81B00200004004052
:108A2800836970B51D69DA6804001540EAB2D2435B
:108A38001A61AB0704D543681B69002B00D098471F
:108A48006B0705D563689B69002B01D02000984708
:108A58002B0705D563681B6A002B01D020009847B7
:108A6800EB0605D563689B6A002B01D02000984768
:108A7800EB0705D563689B68002B01D02000984759
:108A880070BD000010B574460348FFF7C9FF200009
:108A9800FEF73EFF10BDC046C81B00200B4B30B58B
:108AA8001B6D0B4CC0001B19C018038889181B19B3
:108AB80094B244808C1A002A00DC30BD6078257896
:108AC800000228431880023A0233F3E7005C0040B2
:108AD800006000407346F0B5804C87B0656C059324
:108AE8006B0504D57E4B7F486364FFF70DFA2B05B1
:108AF80008D50823226C7B48134323647A4B6364AC
:108B0800FFF738FAEB040BD5A36C1B0406D4082234
:108B1800236C744893432364FFF75AFA734B6364D6
:108B2800AB0507D56F484368DB68002B00D0984732
:108B38006F4B636480231B021D4204D10598FEF726
:108B4800E7FE07B0F0BD0F27644B2F40BD00ED18BE
:108B58002B68644E0293BB1C9B00F3185B6801935F
:108B6800029B1B0626D52A686249019B0A40802180
:108B78005B6909020A432A601A69186894465A68A8
:108B8800196862445A60801A91422DD0019A128A5B
:108B9800824200D9020099681A6161449960F8B26A
:108BA800FFF77CFF2A68544B1A4030235A40534B36
:108BB80013432B608022029B1202134212D02B68AF
:108BC8004C4A1A40802313432B60FBB29C46029BFD
:108BD8001B0521D54348BB1C9B00C3185B68614635
:108BE8005B689847656CA5E70122BA4033899343CF
:108BF8003381019B9B68002B02D03000F9B2984763
:108C080072B6BB1C9B00F6187368002158690C30BB
:108C1800FEF706FE62B6CDE7019B39489A69F9006E
:108C280093680393236D1B185B189988091804919E
:108C3800DB8802919B059B0D19000398012938D800
:108C48000499039E5808400009183618834201D039
:108C5800098831709168C91891605168C9185160C4
:108C68001168C91A1160118A013989B21182019AF1
:108C7800528A9A4201D8002926D10122BA40194DB8
:108C8800BE1C6B8993436B81B300EB185B68DB6890
:108C9800002B02D061462800984772B6B600AD197D
:108CA8006B689B69180059680C30FEF7B9FD62B60D
:108CB80098E7029E023936880670360A4670029E88
:108CC800023002360296B9E72A680E4B1A40C023D2
:108CD8009B015A40094B13432B6083E7005C00401B
:108CE800FFFBFFFFE41B0020FFF7FFFFFFEFFFFF85
:108CF800FFFDFFFF0F07FFFFBF87FFFF808000001A
:108D0800006000408FB7FFFF10B50248FFF737F843
:108D180010BDC046E41B0020037810B5012B0ED00F
:108D2800074B98420BD11F20FFF774FB0322054B1A
:108D380005491A64054BDA690A40DA61DB6910BD36
:108D4800E41B0020005C0040FFFF7FFF0010024092
:108D580080227E3003781343014AD3647047C046AB
:108D6800005C00408B1C9B00C318F7B55C680323AC
:108D780022681340032B56D05A4253415B022E4AB5
:108D88002E4E126DCD009219AD186269002A13D0CB
:108D98000700002208376A80FA6F0192228A01329E
:108DA8001600012296433200019E9219FA676A461C
:108DB800968820222E801343A269002A18D0648A3C
:108DC800661E3E2C32D91F223243013252119602BE
:108DD8001B4A3243012692B20830EA800134C26F3E
:108DE800B443A41892B2C467AA80802292011343A4
:108DF80011488A00121880201468C001044200D06B
:108E0800034340201468044200D003430D4819432B
:108E180001400D480D4C01431160116823404B403F
:108E280003431360F7BDC023DB00A8E701223243E8
:108E3800013252109202CDE7005C00400060004011
:108E48000080FFFF0F07FFFF8080000070780000A0
:108E5800002180230B4A10B511655164D36443681F
:108E6800DB685C4263419E245B4224025B021B195F
:108E78001364030040220833DA67034BC360FFF72B
:108E880071FF10BD005C0040F8990008017870B5CA
:108E98000400012914D10B4B98420ED180220A4BB1
:108EA8001204D869094D0243DA61DB691F2029647D
:108EB8000231FFF78FFA00232B642000FFF7C8FF69
:108EC80070BDC046E41B002000100240005C00405A
:108ED800402301220830C3670548064993005B1800
:108EE80019680132014319601860082AF5D17047E2
:108EF80080800000005C0040084B8900C958C022EF
:108F08000B00920113401800114205D0044A9B1827
:108F18001800431E984101307047C046005C00406D
:108F280000F0FFFF074B8900C95830220B0013409F
:108F38001800114204D0103B1800431E984101301C
:108F48007047C046005C0040084B09481B6DC900CB
:108F58001B18C9188B881B18100008301988023391
:108F6800118002329042F9D17047C046005C00403F
:108F7800006000408B1C9B00C018426870B5956962
:108F88000C0028680123002805D0518A40180138B0
:108F9800F7F78EF983B22B82064BA400E4182268F7
:108FA800054B1A40C0239B015A40044B13432360CE
:108FB80070BDC046005C00408FB7FFFF8080000096
:108FC8008B1C9B0010B5C01842680C005369128AAC
:108FD80019688A4200D90A00200099681A61FFF7C7
:108FE8005DFD064BA400E4182268054B1A403023A7
:108FF8005A40044B1343236010BDC046005C004038
:10900800BF87FFFF80800000064B8900C9180A68E7
:10901800054B1A4080235B015A40044B13430B60F5
:109028007047C046005C00408FB7FFFF808000009B
:10903800054B8900C9180A68044B1A4010235A4086
:10904800034B13430B607047005C0040BF87FFFF72
:1090580080800000C022074B8900C9180B68920164
:109068001340934205D00B68034A1A40034B13433D
:109078000B607047005C0040BF87FFFF80A00000C6
:109088003022084B8900C9180B681340934207D057
:109098000A68054B1A4020235A40044B13430B60BF
:1090A8007047C046005C0040BF87FFFF808000001B
:1090B8004B6843608B688360CB68C3600B6943610E
:1090C8004B6903628B6943620B6803607047000059
:1090D800FC22154BD203996A10B511439962996A1B
:1090E8001248014090209962996A5969C0050A435B
:1090F8005A610F495B69FFF7DBFF0E490E48FFF71E
:10910800D7FF0E490E48FFF7D3FF0E490E48FFF769
:10911800CFFF0E490E48FFF7CBFF0E490E48FFF769
:10912800C7FFFFF719FA10BD00100240FFFF81FFCB
:109138001C9A0008389A000800040048549A00084D
:1091480000080048709A0008000C00488C9A000833
:1091580000100048A89A0008001400487047162319
:109168000360012040427047002070471800704794
:109178000020704710B50022040008000121FEF706
:10918800E1F8002802D10C230138236010BD10B586
:109198001400002158222000F7F798FB80239B0138
:1091A8000020636010BD0120704710B5F7F734FB4D
:0E91B80001230360584210BD01207047FEE7FE
:0491C800F8B5C046F0
:0491CC00F8B5C046EC
:1091D00000FFFF0000202020202020202020282821
:1091E0002828282020202020202020202020202067
:1091F00020202020208810101010101010101010A7
:1092000010101010100404040404040404040410D6
:109210001010101010104141414141410101010164
:10922000010101010101010101010101010101012E
:10923000101010101010424242424242020202023A
:1092400002020202020202020202020202020202FE
:1092500010101010200000000000000000000000AE
:1092600000000000000000000000000000000000FE
:1092700000000000000000000000000000000000EE
:1092800000000000000000000000000000000000DE
:1092900000000000000000000000000000000000CE
:1092A00000000000000000000000000000000000BE
:1092B00000000000000000000000000000000000AE
:1092C000000000000000000000000000000000009E
:1092D0000000000000000000040C0020000000005E
:1092E000000000000000000000000000000000007E
:1092F000000000000000000000000000000000006E
:10930000000000000000000000000000000000005D
:10931000000000000000000000000000000000004D
:10932000000000000000000000000000000000003D
:109330000000000000000000000000000000A80085
:10934000AE000000560055005400534157005F0026
:109350006000610057005C005D005E00580059002D
:109360005A005B0058006300620062000000005C6D
:1093700001000000C25CC45CC35C01000100CA5C67
:10938000C95C01000100C65CC55C01000100C85C4D
:10939000C75C0100010001000100010000000100A4
:1093A00001000000010001000100010001000100B6
:1093B00001000100010001000100010001000100A5
:1093C0000100010001000100010001000000010096
:1093D0000100000001000100010001000100010086
:1093E0000100010001000100010001000100010075
:1093F0000100010001000100010001000000000067
:10940000000000000000000000000000000000005C
:10941000000000000000000000000000000000004C
:10942000000000002A2B28000000000000000000BF
:109430000000000000000029000000002C1E342065
:10944000212224342627252E362D3738271E1F208B
:109450002122232425263333362E37381F040506D0
:109460000708090A0B0C0D0E0F1011121314151614
:109470001718191A1B1C1D2F3130232D3504050612
:109480000708090A0B0C0D0E0F10111213141516F4
:109490001718191A1B1C1D2F3130354C0000000005
:1094A0007E0F00D4FFFFFFC700000078E200E90054
:1094B000EA00B500B600B700CD008301CC008A01F8
:1094C000920194012102230224022502260227028E
:1094D0002A02B300B4006F007000000006000048CC
:1094E0000700004807040048060400480D00004833
:1094F0000E0400480A00004800000048020000482E
:1095000001000048003131295A1B750AA74600089E
:10951000A9460008C1460008DD4600080001010117
:109520000101010101010202020202020202020320
:1095300003030303030303040404040404040505F0
:1095400005050506060606060707070707080808B3
:1095500008090909090A0A0A0B0B0B0C0C0C0D0D62
:109560000D0E0E0E0F0F0F101011111112121313FA
:109570001414151516161717181819191A1A1B1B73
:109580001C1D1D1E1E1F20202122222324242526CF
:1095900026272829292A2B2C2D2D2E2F3031323207
:1095A000333435363738393A3B3C3D3E3F40414213
:1095B000434445464748494A4C4D4E4F50515354F9
:1095C000555658595A5B5D5E5F61626465666869AD
:1095D0006B6C6D6F7072737577787A7B7D7E80822D
:1095E000838587888A8C8E8F91939596989A9C9E76
:1095F000A0A2A3A5A7A9ABADAFB1B3B5B7BABCBE86
:10960000C0C2C4C6C9CBCDCFD1D4D6D8DBDDDFE252
:10961000E4E7E9EBEEF0F3F5F8FAFDFF00FF0100F7
:10962000010000FFFF0000010001FF000C040048E2
:10963000080000480D04004809000048E200E90065
:10964000EA00B500B600B700CD008301CC008A0166
:1096500092019401210223022402250226022702FC
:109660002A02B300B4006F00700000000300000085
:1096700000000000FD680008000000000800000075
:10968000B8100020000000000200000000000000F0
:109690000300000000000000356C0008000000001E
:1096A000200000000811002000000000020000005F
:1096B000000000006D69000815690008B16A000823
:1096C000016900089C970008A0970008BC97000853
:1096D000041A0C00019700081A9700083A9700082E
:1096E0005C970008CA970008EC9700084022B6096A
:1096F000025B00030100A0FA09040000010301015C
:109700000009211101000122400007058103080022
:109710000A090401000203000000092111010001EF
:109720002222000705820320000107050303200011
:1097300001090402000103000000092111010001D8
:1097400022B6000705840320000A12011001000060
:1097500000406A6A14440100010200010501090683
:10976000A101050719E029E71500250195087501F4
:1097700081029501750881010507190029FF15006F
:1097800026FF009506750881000508190129059531
:109790000575019102950175039101C00403090447
:1097A0001A034A006F007300680020004A006F002F
:1097B00068006E0073006F006E0000000C0348002C
:1097C000750062003200300000000660FF0961A1F0
:1097D000010962150026FF009520750881020963C2
:1097E000150026FF00952075089102C005010902A9
:1097F000A10185020901A100050919012908150027
:10980000250195087501810205010930093115818D
:10981000257F95027508810609381581257F9501F8
:1098200075088106050C0A38021581257F9501759A
:10983000088106C0C005010980A101850319012A1C
:10984000B700150126B700950175108100C0050C01
:109850000901A101850419012AA002150126A0020F
:10986000950175108100C005010906A10185050556
:109870000719E029E7150025019508750181020502
:1098800007190029EF1500250195F07501810205E2
:109890000819012905950575019102950175039136
:1098A00001C0000000000000337000081B700008B9
:1098B000637000084B700008597000084170000880
:1098C000297000081170000800000000EC9D0008DD
:1098D000701C0020701C0020701C0020EC9D0008F3
:1098E000000000000000000000000000EC9D0008E7
:1098F000000000000000000000000000EC9D0008D7
:10990000000000000000000000000000EC9D0008C6
:10991000000000000000000000000000EC9D0008B6
:10992000000000000000000000000000EC9D0008A6
:10993000000000000000000000000000EC9D000896
:1099400000000000000000000000000069646C6579
:10995000000000004C990008281A0020F81A002086
:1099600001000000A5730008000000006D61696E31
:109970000016423004043C080C101418001C1D0092
:10998000000000000100000000000240080002404A
:109990000100000000000009000002401C0002401D
:1099A000060000000004010A0000024030000240EE
:1099B000060000000008020A0000024044000240C5
:1099C00078000000000C030B000002405800024029
:1099D000780000000010040B000002406C00024000
:1099E000780000000014050B0000024080000240D7
:1099F000780000000018060B00000000F17F00084E
:109A0000C182000869830008400040005C1100200A
:109A10005C1100200100000070110020A00400284B
:109A2000000000005FF7FFFF05515565DFFF0000F4
:109A30000011000000000000800000000000000095
:109A4000FFFFFFFF55555555FFFF000000000000C8
:109A5000000000000000000000000000FFFFFFFF0A
:109A600055555501FFFF00000000000000000000F8
:109A70000000000000000000FFFFFFFF5555555596
:109A8000FFFF0000000000000000000000000000D8
:109A900000000000FFFFFFFF55555555FFFF000078
:109AA00000000000000000000000000000000000B6
:109AB000FFFFFFFF50555555FFFF0000000000005D
:109AC000000000005245454E54206D616C6C6F6380
:109AD0002073756363656564656400002E2E2F2E08
:109AE0002E2F2E2E2F2E2E2F2E2E2F2E2E2F2E2E91
:109AF0002F2E2E2F6E65776C69622F6C6962632F33
:109B00007374646C69622F72616E642E630000006E
:109B10002C2066756E6374696F6E3A200000000039
:109B2000617373657274696F6E20222573222066DB
:109B300061696C65643A2066696C65202225732230
:109B40002C206C696E65202564257325730A00003E
:109B5000232D302B20000000686C4C0065666745A3
:109B600046470000303132333435363738394142D8
:109B70004344454600000000303132333435363737
:0C9B800038396162636465660000000013
:089B8C00A86AFF7F0100000040
:109B9400040C0020000000001C930008FC92000844
:109BA400DC9200080000000000000000000000003B
:109BB40000000000000000000000000000000000A1
:109BC4000000000000000000000000000000000091
:109BD4000000000000000000000000000000000081
:109BE4000000000000000000000000000000000071
:109BF40000000000FFFFFFFF0708090A0B0C0D0E11
:109C04000F101112131415161718191ABE326F32C9
:109C1400233226002623BA23BA0000004B00960004
:109C2400E10000104B109610E11000204B2096200C
:109C3400E12000304B309630E13000404B409640FC
:109C4400E1400202020202020204040404040404C5
:109C5400040404040404040404040404041E320A72
:109C6400141E64082800FF00FFFF0300630F002098
:109C7400BD680008040000000400000000000000AB
:109C840000000000000000000000000000000000D0
:109C940000000000000000000000000000000000C0
:109CA40000000000000000000000000000000000B0
:109CB400000000000000000003000000000000009D
:109CC400597200080000000020000000000000009D
:109CD400000000000200000000000000030000007B
:109CE4000000000000000000CD7200080000200009
:109CF400000000000000000002000000000000005E
:109D040003000000000000000773000800000000CA
:109D14000800000000000000000000000200000035
:109D240000000000E41B0020020300000400000007
:109D340004000000200000002000000000000000DB
:109D4400900F002020100020000000000000000000
:109D540000000000000000000000000000000000FF
:109D640000000000000000000000000000000000EF
:109D740000000000000000000000000000000000DF
:109D840000000000000000000000000000000000CF
:109D940000000000000000000000000000000000BF
:109DA40000000000000000000000000000000000AF
:109DB400000000000000000000000000000000009F
:109DC400000000000000000001000000516D0008C8
:109DD4005D6D0008E56D0008216E00084D6E0008F9
:089DE4000096000000000800D9
:0400000508000231BC
:00000001FF
