:020000040800F2
:1020000000040020C9220008CB220008CB220008CF
:10201000CB220008CB220008CB220008CB220008EC
:10202000CB220008CB220008CB220008CB8F00086F
:10203000CB220008CB220008CB220008C99E000852
:10204000CB220008CB220008CB220008CB220008BC
:10205000CB220008CB220008CB220008CB220008AC
:10206000CB220008CB220008CB2200083D9D0008AF
:10207000519D0008659D0008799D00088D9D000810
:10208000A19D0008B59D0008CB220008CB220008C6
:102090009DA00008CB220008CB220008CB2200081C
:1020A000CB220008CB220008CB220008CB2200085C
:1020B000CB2200084DA00008CB220008CB2200084C
:1020C000CB220008CB220008CB220008CB2200083C
:1020D000CB220008CB220008CB220008CB2200082C
:1020E000CB220008CB220008CB220008CB2200081C
:1020F000CB220008CB220008CB220008CB2200080C
:10210000CB220008CB220008CB220008CB220008FB
:10211000CB220008CB220008CB220008CB220008EB
:10212000CB220008CB220008CB220008CB220008DB
:10213000CB220008CB220008CB220008CB220008CB
:10214000CB220008CB220008CB220008CB220008BB
:10215000CB220008CB220008CB220008CB220008AB
:08216000D1210008A9210008AB
:102168000348044B834202D0034B03B1184770471E
:10217800FC0D0020FC0D0020000000000548064969
:102188000B1AD90F01EBA301491002D0034B03B17D
:1021980018477047FC0D0020FC0D002000000000CF
:1021A80010B5064C237843B9FFF7DAFF044B13B197
:1021B8000448AFF300800123237010BD000E0020F7
:1021C8000000000038B4000808B5044B1BB10449EE
:1021D8000448AFF30080BDE80840CFE700000000E6
:1021E800040E002038B4000872B6274880F3088827
:1021F800264880F3098826484EF60851CEF2000199
:102208000860022080F31488BFF36F8F06F0B4FCD7
:1022180006F073FA4FF055301E491B4A91423CBFF5
:1022280041F8040BFAE71C49184A91423CBF41F8AF
:10223800040BFAE719491A4A1A4B9A423EBF51F859
:10224800040B42F8040BF8E700201749174A91429B
:102258003CBF41F8040BFAE706F092FC06F08DFC4F
:10226800134C144DAC4203DA54F8041B8847F9E7C1
:1022780006F052FA104C114DAC4203DA54F8041B24
:102288008847F9E706F07ABC00040020000C00201B
:1022980000200008000000200004002038B40008D6
:1022A800000C0020FC0D0020000E00208C240020D3
:1022B80060210008642100086421000868210008E2
:1022C80092E700F000F8FEE72DE9F04FC1F80CD0D6
:1022D800C3689D46BDE8F08F002383F31188284624
:1022E800A047002006F0F2FDFEE706F0ACFD00DF97
:1022F800FEE7000053B94AB9002908BF00281CBFEF
:102308004FF0FF314FF0FF3000F06EB9ADF1080C1F
:102318006DE904CE00F006F8DDF804E0DDE90223FB
:1023280004B070472DE9F047089E0D4604468E46D6
:10233800002B40F083808A42174647D9B2FA82F3CD
:102348004BB1C3F1200105FA03FE20FA01F19F40C9
:1023580041EA0E0E9C404FEA1748BEFBF8FC1FFAF4
:1023680087F908FB1CE20CFB09F0210C41EA024248
:1023780090420AD9BA180CF1FF3180F018819042C6
:1023880040F21581ACF1020C3A44121AB2FBF8F093
:1023980008FB102200FB09F1A4B244EA0244A1425E
:1023A80009D93C1900F1FF3280F00381A14240F2C3
:1023B800008102383C44641A002140EA0C401EB1F6
:1023C8000022DC40C6E90042BDE8F08702B9FFDE22
:1023D800B2FA82F3002B4FD18D1A01214FEA124E27
:1023E8001FFA82F8B5FBFEFC0EFB1C5508FB0CF02F
:1023F800220C42EA0545A84207D97D190CF1FF32A3
:1024080002D2A84200F2E98094462D1AB5FBFEF0EC
:102418000EFB105508FB00F8A4B244EA0544A04599
:1024280007D93C1900F1FF3202D2A04500F2D98049
:102438001046A4EB080440EA0C40C0E78B4208D9D8
:10244800002E00F0B1800021C6E900050846BDE86D
:10245800F087B3FA83F100294BD1AB4202D3824211
:1024680000F2B980841A65EB030301209E46002E12
:10247800AAD0C6E9004EA7E79F40C3F12002D14089
:102488004FEA174EB1FBFEF01FFA87F80EFB10114A
:1024980024FA02F29D4000FB08FC2A43150C45EA89
:1024A8000145AC4504FA03F409D97D1900F1FF315F
:1024B80080F08F80AC4540F28C8002383D44A5EB1B
:1024C8000C05B5FBFEF10EFB115C01FB08F995B29A
:1024D80045EA0C45A94507D97D1901F1FF3274D2A7
:1024E800A94572D902393D44A5EB090541EA0041E5
:1024F80078E7C1F120078B4022FA07FC4CEA030C6D
:1025080025FA07F44FEA1C4EB4FBFEF91FFA8CF8C3
:102518000EFB194420FA07F309FB08FA8D401D4306
:102528002B0C43EA0444A24502FA01F200FA01F333
:1025380009D91CEB040409F1FF3048D2A24546D959
:10254800A9F102096444A4EB0A04B4FBFEF00EFBF3
:10255800104400FB08FAADB245EA0444A24508D984
:102568001CEB040400F1FF352DD2A2452BD902380B
:10257800644440EA0940A0FB0289A4EB0A044C45E4
:10258800C6464D4619D316D05EB1B3EB0E0264EBC6
:10259800050404FA07F722FA01F31F43CC40C6E901
:1025A80000740021BDE8F087314630460CE78C46C0
:1025B800EBE61046FFE64345E6D2B8EB020E69EBC0
:1025C8000C050138E0E72846D3E711468CE7814639
:1025D800B9E7084673E7084649E7ACF1020C3D4401
:1025E80013E702383C4424E7704700BF014B1868E2
:1025F800704700BF000C0020830770B4CDB23DD0F7
:10260800541E0AB30378AB421FD0431C05E014F1F3
:10261800FF3419D30278AA4217D013F0030F1846D3
:1026280003F10103F3D1032C11D84CB30378AB4267
:102638000BD00444431C02E00278AA4205D09C4215
:10264800184603F10103F7D1002070BC7047024619
:102658000E02B6B22E4346EA064613681046734089
:10266800A3F1013121EA030313F0803F02F10402D0
:10267800DCD1043C032C1046EFD8D6E71446D2E749
:102688002046E2E7844641EA000313F0030349D1F8
:10269800403A23D30B6803604B6843608B688360C0
:1026A800CB68C3600B6903614B6943618B698361C4
:1026B800CB69C3610B6A03624B6A43628B6A8362AC
:1026C800CB6AC3620B6B03634B6B43638B6B836394
:1026D800CB6BC36340304031403ADBD230320BD34E
:1026E8000B6803604B6843608B688360CB68C3608A
:1026F80010301031103AF3D20C3205D351F8043BA4
:1027080040F8043B043AF9D2043208D0D2071CBF7F
:1027180011F8013B00F8013B01D30B8803806046A8
:10272800704700BF082A13D38B07B1D010F00303FA
:10273800AED0C3F10403D21ADB071CBF11F8013B6A
:1027480000F8013BA4D331F8023B20F8023B9FE795
:10275800043AD9D3013A11F8013B00F8013BF9D208
:102768000B7803704B7843708B78837060467047A2
:10277800F0B4860746D0541E002A3CD0CAB203469D
:1027880002E014F1FF3436D303F8012B9D07F8D18A
:10279800032C29D9CDB245EA05250F2C45EA054574
:1027A80033D9A4F11006360903F1200707EB061701
:1027B80003F1100242E9045542E902551032BA42C7
:1027C800F8D1721C14F00C0F03EB021204F00F0680
:1027D80013D0331F23F003030433134442F8045B7C
:1027E8009342FBD106F003042CB1C9B21C4403F890
:1027F800011B9C42FBD1F0BC704734461346002CA9
:10280800F3D1F8E714460346C2E71A462646E0E73E
:1028180038B5124B05461C68A06B18B10023C0E9F7
:10282800045338BD182000F0B5F8A06378B1012230
:102838000023C0E904230A4B0B24836000230949C1
:10284800094A8481C0E90012C0E9045338BD024630
:10285800064B4221064800F055F800BF000C002046
:10286800ECDE05000E33CDAB34126DE668B300081C
:1028780080B3000838B51A4B1C68A26B92B1146972
:102888001849536901FB04F1174800FB0313A4FB23
:102898000045611C1D4445F1000323F00040C2E9D6
:1028A800041338BD182000F075F80246A06388B1FB
:1028B800012400250B21C0E904450C4B094813608D
:1028C80003460B4D0B4C91810B49C2E90154C2E9F7
:1028D800041338BD094B4E21094800F013F800BF16
:1028E800000C00202DF451582D7F954C0E33CDABA4
:1028F80034126DE6ECDE05002E7F954C68B30008B7
:1029080080B3000800B50A4C0546206885B01C460F
:10291800C06852B1074BCDE9013200912B462246DF
:10292800054900F023F800F06DFD044B1A46F2E764
:10293800000C0020B4B30008C4B30008C0B30008FA
:1029480008B513460022FFF7DDFF00BF0CB410B531
:1029580082B004AC54F8042B2346019400F024F907
:1029680002B0BDE8104002B0704700BF0EB430B5E9
:1029780082B005AC54F8042B054D0146234628685F
:10298800019400F011F902B0BDE8304003B070477F
:10299800000C0020024B0146186800F05FB800BF29
:1029A800000C0020024B0146186800F003B800BF75
:1029B800000C002000293AD038B551F8043C0C1F0F
:1029C800002BB8BFE418054601F0AEF9224B1A688F
:1029D8002AB1A2420DD921686018824221D06260D2
:1029E80028461C60BDE8384001F0A0B9A34203D8CE
:1029F8001A465368002BF9D111685018A04217D015
:102A080022D821686018834203BFD3E9000309185C
:102A1800C4E90013636054602846BDE8384001F0FB
:102A280085B9D2E900020144C4E90012D8E7704729
:102A380020680144501883421160EDD1D3E90003A6
:102A48000144C2E90013E7E70C2328462B60BDE8E0
:102A5800384001F06BB900BF1C0E0020F8B5CD1C42
:102A680025F0030508350C2D38BF0C25002D06462A
:102A780033DBA94231D82A4F01F056F93A6852B1EE
:102A880013685B1B04D43FE023685B1B29D52246EF
:102A98005468002CF8D1796800293BD02946304683
:102AA80007F0F9FD431C28D0C41C24F00304A042FD
:102AB80005D0211A304607F0EEFD01301DD0256003
:102AC800304601F033F904F10B0020F00700231D14
:102AD800C21A01D01B1AA350F8BD0C220020326084
:102AE800F8BD0B2B05D8A242636811D05360E7E705
:102AF800144623601C442560E2E70C23304633600B
:102B080001F014F90020F8BD0B2BF1D814465368D6
:102B18003B60D5E7304607F0BEFD7860BEE700BFF2
:102B28001C0E00209368013B002B93600FDA10B451
:102B38009469A34208DB0A2906D01368581C106060
:102B48001970084610BC704710BC00F07BBB1368B6
:102B5800581C106019700846704700BF9BB1F8B543
:102B680013440F4606465D1E541E01E0AC4208D0D1
:102B78003A4614F8011F3046FFF7D4FF431CF5D13D
:102B8800F8BD0020F8BD0020704700BF936810B55D
:102B9800144613B95360184610BD00F01BFE0023FD
:102BA800C4E9013310BD00BF2DE9F04F9FB08B463B
:102BB80090461C46039018B18369002B00F0B98039
:102BC800A34B9B4500F0BB80A24B9B4500F0C980FE
:102BD800A14B9B4504BF039BD3F80CB0BBF80C304A
:102BE800180740F1B480DBF81030002B00F0AF80FC
:102BF8003023002120228DF8323098F800300594D7
:102C08000B918DF83120954E0127002B00F089801B
:102C1800252B00F01781454603E0252B00F0A58001
:102C280025466B786C1C002BF7D1B4EB080A78D0DA
:102C38004246534659460398FFF790FF013070D03B
:102C48000B9B6A7853440B93002A6AD000234FF0F9
:102C5800FF3201340693CDE908338DF85B301C93BD
:102C6800079206E02C46069B801B07FA00F01843E3
:102C780006902546052215F8011B3046FFF7BCFCD7
:102C8800AA460028EED1069BD90644BF20228DF81B
:102C98005B201A0748BF2B22217848BF8DF85B209C
:102CA8002A2967D1059A1168043200290592C0F2D1
:102CB8009E8009916178A51C2E2974D0684C032246
:102CC8002046FFF799FC002800F087804022069BE9
:102CD800001B02FA00F00343069305F101082B7864
:102CE800062219465F488DF83030FFF785FC00282A
:102CF80000F083805C4B002B72D005AB00935A46E2
:102D08005A4B06A90398AFF300808146B9F1FF3FFB
:102D180007D00B9B4B440B9398F80030002B7FF4A3
:102D280077AFBBF80C305B0618D40B981FB0BDE822
:102D3800F08F00F02FFD464B9B457FF445AF039B7A
:102D4800D3F804B0BBF80C3018073FF54CAF594620
:102D5800039800F0D7FA00283FF44AAF4FF0FF304D
:102D6800E4E7039BD3F808B038E7B4EB080A3FF46C
:102D78006DAF5DE7A1F13002092A88BFA2469BD852
:102D8800099B01E02C460135297803EB830302EB0C
:102D98004303A1F13002092AAA46F3D92E2904F1E6
:102DA800020509938AD19AF801102A292FD1059B87
:102DB8000AF102001A680433002A079205939AF868
:102DC80002100AF1030538DB254C8246032220460F
:102DD800FFF712FC00287FF479AFA84655467EE736
:102DE800059B073323F007030833059391E749420E
:102DF80043F00203099106935CE705AB00935A463A
:102E08001A4B06A9039800F0D3F881467EE7002301
:102E1800A1F13002092A079301D915E055466978CE
:102E280003EB830302EB4303A1F13002092A05F106
:102E3800010AF3D90235079340E74FF0FF33824682
:102E480007933BE7444601E7AA46013536E700BF4A
:102E58003CA800081CA80008FCA70008F4B3000858
:102E6800FCB3000800B4000800000000652B00084F
:102E780010B4044C13460A460146206810BCFFF7FC
:102E880093BE00BF000C00202DE9F0470C460969ED
:102E9800A56891468D42B8BF0D46156094F8431059
:102EA80006461F46DDF8208011B16A1CC9F80020CB
:102EB800236899065CD5D9F800200232C9F80020A9
:102EC800236813F0060F19461DD1E1688A1A002AF3
:102ED800D8BF194617DD002504F1190A05E0E36893
:102EE800D9F800209B1AAB420CDD01235246394623
:102EF8003046C047013005F10105F0D14FF0FF30F1
:102F0800BDE8F087216894F84330003318BF0123E7
:102F18008A060AD53021E21882F8431094F8451041
:102F28005A1C224482F84310023304F14302394602
:102F38003046C0470130E1D02368A26803F0060399
:102F4800042B21691DD08A4226DD4FF00009521A50
:102F5800914400251A3401E04D451DDA012322462B
:102F680039463046C047013005F10105F4D1C5E7BF
:102F780013F0060F13D094F84330003318BF012321
:102F8800D3E7D9F80000E3688A42A3EB000323EAF9
:102F9800E379DCDC002BDCDC0020BDE8F087E168AD
:102FA800D9F800208A1A002AD8BF194693DCAAE764
:102FB8002DE9F0430C46097E85B06E290646174672
:102FC800984604F1430C0C986DD039D9732900F058
:102FD800F48044D9752900F00281782940F00F81E6
:102FE80078232268DFF854E284F845300168150632
:102FF80051F8043B016040F1A180D10744BF42F081
:1030080020022260002B00F093801022002184F817
:10301800431060680028A060C0F2C680216821F0D3
:1030280004012160002B40F0A280002840F0BE80FF
:103038006546082A00F0AB80ACEB0503236141E04C
:10304800632900F0E3801AD8002938D0582940F0C5
:10305800D68084F845102268DFF8E4E1C6E76F29D6
:1030680000F0BD80702940F0CA8078232268DFF81C
:10307800CCE142F02002226084F84530B6E76429AA
:1030880002D0692940F0BB8022680368110603F169
:10309800040557D5196805600B46002959DB0A2233
:1030A800DFF89CE1B5E7036822681D1D61690560CA
:1030B80015061B6802D4500600F1BB801960002376
:1030C80065462361CDF800803B4603AA2146304679
:1030D800FFF7DAFE013020D02A4623693946304608
:1030E800C047013019D0226803989207E36819D5C0
:1030F8001A1A002A16DD002504F1190904E0E3680C
:1031080003981A1AAA420DDD01234A463946304669
:10311800C047013005F10105F1D14FF0FF3005B08E
:10312800BDE8F0839842B8BF184605B0BDE8F08303
:103138002168102221F02001216067E7500648BF6E
:103148009BB25AE75106A5D5B3F900300560194678
:10315800A3E72D2061685B42002984F84300A16041
:1031680002DB22F0040222600A22DFF8D4E065467E
:1031780000E00B46B3FBF2F102FB11301EF8000031
:10318800934205F8010DF4D2082A7FF455AF23685D
:10319800DB077FF551AF626823699A423FF74CAF6E
:1031A8003023013D2B7047E7002BE0D19EF800301B
:1031B80004F1420584F842303BE703686268191D50
:1031C80001601D6800212846FFF716FA002832D052
:1031D800401B60602061002384F8433072E7226856
:1031E800036812F0800F03F104051AD01B6805600C
:1031F8006F290CBF08220A22DFF844E006E7012302
:1032080084F84210236104F14205E4E701220368CF
:1032180004F14205191D1B68016084F842302261DF
:10322800D9E712F0400F0DBF1B6805601B880560C9
:10323800DEE7198043E76068CCE700BF1CB40008EC
:1032480008B40008F8B50D461446064608B1836967
:1032580043B3254B9C422AD0244B9C4229D0244B73
:103268009C4208BFF468A269A389A2601A0722D504
:10327800236903B322686169D31AEDB299422F46D4
:1032880029DD0133A168501C0139A1602060157047
:1032980062699A4216D0A389DB0701D50A2D11D09D
:1032A8003846F8BD00F076FA0F4B9C42D4D17468CA
:1032B800D9E7B468D7E72146304600F023F838B993
:1032C8002369D7E72146304600F03AF90028E7D0CD
:1032D8004FF0FF37E4E72146304600F031F9002887
:1032E800F6D101232268CDE73CA800081CA80008F5
:1032F800FCA70008024B0A4601461868FFF7A2BF60
:10330800000C00203B4B70B51D6806460C460DB1FD
:10331800AB69DBB1384B9C421ED0384B9C424AD03B
:10332800374B9C4208BFEC68B4F90C2093B21907DC
:1033380018D5206908B313F001022CD00022636964
:10334800A2605B42A36160B3002070BD284600F014
:1033580021FA294B9C42E0D16C68B4F90C2093B255
:103368001907E6D4DD063CD5580726D4206942F073
:103378000803A3819BB20028DDD103F42072B2F5C3
:10338800007FD8D03046214600F01EFCA389206972
:1033980013F00102D2D1990758BF6269A2600028D0
:1033A800D2D1B4F90C301A06CFD543F04003A3812B
:1033B8004FF0FF3070BDAC68B6E7616B51B104F1F6
:1033C8004403994204D03046FFF7F4FAB4F90C20CC
:1033D800002363630023206922F02402C4E9000368
:1033E800C5E7092342F0400233604FF0FF30A28165
:1033F80070BD00BF000C00203CA800081CA80008F5
:10340800FCA7000808B5062000F03EFD012007F0E3
:1034180067F900BF2DE9F0418F890C463A078046CD
:1034280041D44B68002B59DDE66A002E53D00023A7
:1034380017F48052D8F80050216AC8F8003051D1EA
:1034480001234046B047431C5FD0A789E66A216A3A
:103458007F0705D56268636B801A0BB1236CC01AAD
:10346800024600234046B047461C45D1D8F80030F4
:10347800B4F90C20002B55D01D2B01D0162B5AD196
:1034880000222369C4E90032616BC8F8005011B307
:1034980004F14403994202D04046FFF78BFA00201A
:1034A8006063BDE8F0810E69AEB10D680E60B907C2
:1034B80014BF00236369AD1BA3600AE02B463246A4
:1034C800A76A216A4046B8470028A5EB00050644CC
:1034D8000ADD002DF2DC0020BDE8F0810B6C002B2A
:1034E800A2DCF8E7606DB3E7A3894FF0FF3043F043
:1034F8004003A381BDE8F081002322696360A389AA
:103508002260DA04C0D56065BEE7D8F80030002B29
:103518009BD01D2B0CD0162B0AD0A38943F0400357
:10352800A381D9E72169C4E90013D304ACD5EAE73C
:10353800C8F80050CFE742F04002A281CCE700BFB4
:103548000B6923B310B5044682B008B18369BBB1D7
:10355800104B994212D0104B994216D00F4B9942FA
:1035680008BFE168B1F90C302BB1204602B0BDE8C4
:103578001040FFF74FBF002002B010BD6168F1E7AF
:10358800019100F007F90199E2E7A168EAE7002054
:10359800704700BF3CA800081CA80008FCA700084A
:1035A80020B1054B01461868FFF7CABF034B044911
:1035B800186800F0B3BA00BF000C0020F8A7000894
:1035C8004935000800207047014900F0A7BA00BF3C
:1035D800493500080020704770B568254A1E05FB6C
:1035E80002F50E4605F17401FFF738FA044640B1BA
:1035F80000210C30666005F168022160A060FFF7C9
:10360800B7F8204670BD00BF1E4B70B51D68064652
:10361800AB6943B34835D5E90134013B05D51EE014
:10362800013B5A1C04F1680419D0B4F90C20002A93
:10363800F6D10025144B6566C4E90055A560C4E9B8
:103648000455A5612946E360082204F15C00FFF7F0
:103658008FF8C4E90D55C4E91255204670BD2C6891
:103668002CB12546D7E7284600F010F8D2E7042108
:103678003046FFF7B1FF044628600028F1D10C233B
:103688003360EAE7F8A700080100FFFF2DE9F84FCB
:103698000023334AC0E9123312680365904208BF19
:1036A8000123304908BF836181620546FFF7ACFFFB
:1036B80068602846FFF7A8FFA86028460024FFF79F
:1036C800A3FF04236E68E8602146F3607466C6E9C8
:1036D8000044B460C6E90444B46106F15C00082201
:1036E800FFF746F8DFF888B0AF68DFF888A0DFF8A2
:1036F8008890DFF888801C4BC6E9086BC6E90AA9E0
:10370800C6F830802146FB6008227C66C7E9004481
:10371800BC60C7E90444BC6107F15C00FFF728F806
:10372800EE68124BC7E9087BC7E90AA9C7F83080D9
:103738002146F3607466C6E90044B460C6E90444EF
:10374800B46106F15C000822FFF712F80123C6E90C
:10375800086BC6E90AA9C6F83080AB61BDE8F88FE6
:10376800F8A70008D135000809000100120002007E
:10377800013F0008293F0008693F0008893F000809
:10378800024B0349186800F0C9B900BFF8A7000840
:1037980049350008836903B978E77047704700BF67
:1037A800704700BF704700BF704700BF024B034916
:1037B800186800F08FB900BF000C0020CD35000854
:1037C800024B0349186800F085B900BF000C0020BF
:1037D800DD3500089368002B00F0FC802DE9F04FE0
:1037E800B1F90C300C469BB2190783B0824690465B
:1037F8002BD522694AB313F00202D8F8006033D0FF
:1038080000273D46D4F828B0216ADFF8C492C5B134
:103818004D452B463A4628BF4B465046D8470028C8
:1038280040F3CE80D8F8083007441B1A2D1AC8F880
:103838000830002B00F0B380D4F828B0216A002D9E
:10384800E6D1D6E900750836E1E721465046FFF78C
:1038580059FD002840F03781B4F90C30D8F80060E1
:103868009BB213F00202CBD113F0010940F0B480EF
:103878004D46A7682068002D55D09A0540F1C080B4
:10388800AF42BB4600F2EE8013F4906F2FD0D4E91C
:10389800041707EB4707A0EB010B07EBD777681C6A
:1038A8007F105844B8423A4684BF07463A465B05FB
:1038B80040F1F08011465046FFF7D0F8002800F09C
:1038C800FC805A4621690190FEF7DCFEA289019B23
:1038D80022F4906242F08002A281A7EB0B0203EB74
:1038E8000B006761AB462F4623612060A2605A46F1
:1038F800494600F0B3F92368A2685B44AB4600254B
:10390800D71BA7602360D8F80870D944A7EB0B072A
:10391800C8F80870002F42D0B4F90C30A7689BB2E1
:103928002068002DA9D1D6E900950836A3E70BF148
:10393800080353F8047C9B4653F8086C0833002F9F
:10394800F7D03A460A213046FEF756FE002854D0F2
:103958000130A0EB06094B4620682169BB4228BF0D
:103968003B468842626903D9A5681544AB421ADC14
:103978009A4200F381801346A56A3246216A50466E
:10398800A847051E1CDDB9EB05096ED00120D8F843
:1039980008302E445B1B7F1BC8F8083013BB00207F
:1039A80003B0BDE8F08F31462A4600F057F9236886
:1039B80021462B4423605046FFF7C2FD0028E2D081
:1039C800B4F90C304FF0FF3043F04003A38103B04B
:1039D800BDE8F08F002070473346914610461746E1
:1039E8004E469B46002FA2D00028B4D13A460A2161
:1039F8003046FEF701FE0028AAD17B1C9946ABE7AA
:103A08002369834217D36269AA4214D82F4BA76A45
:103A18009D4294BF2B466FF0004393FBF2F3216A5B
:103A280002FB03F350464A46B847B0F1000BC7DD26
:103A3800A5EB0B0567E7AF4228BF2F4649463A4634
:103A480000F00CF9A3682268DB1B3A44BB46A3606C
:103A58002260002BECD121465046FFF771FD00286B
:103A6800E6D0ADE72F46AB4641E721465046FFF783
:103A780067FD00288BD0A3E71A4631461D460193FF
:103A880000F0ECF8A1682268019BC91A1344A160F0
:103A9800236078E7504600F04BF9034600287FF48E
:103AA8001CAF21695046FEF785FF0C22B4F90C3093
:103AB800CAF8002023F0800384E70C22B4F90C3004
:103AC800CAF800207EE74FF0FF3069E7FEFFFF7F6E
:103AD80000FCFF7F2DE9F04110F148071AD0884615
:103AE8000026D7E90154013D0ED4A389013D012BDD
:103AF80006D9B4F90E30013302D02046C047064338
:103B08006B1C04F16804F0D13F68002FE9D13046FE
:103B1800BDE8F0813E463046BDE8F0812DE9F84326
:103B280010F148061ED0884607464FF00009D6E92E
:103B38000154013D10D4A389013D012B08D9B4F9E2
:103B48000E30013304D021463846C04749EA0009FF
:103B58006B1C04F16804EED13668002EE7D14846A4
:103B6800BDE8F883B1464846BDE8F88370B50C4611
:103B7800B1F90E1096B0002916461D4613DB6A46A9
:103B880006F096FD00280EDB019A4FF4806302F4DC
:103B98007042A2F50052B2FA82F2002052092A605D
:103BA800336016B070BD0022A3892A601B0604D5B5
:103BB80040230020336016B070BD4FF480630020AE
:103BC800336016B070BD00BF8A890B46920706D5D0
:103BD800012103F1470259611A601A61704770B5F3
:103BE80082B001AB6A460C460646FFF7BFFF009954
:103BF80005463046FEF732FFB4F90C3070B1164A6C
:103C08000099B262019A43F08003A3812060C4E95D
:103C180004018AB92B43A38102B070BD9A05FBD475
:103C2800012123F0030304F1470243F00203A381B7
:103C3800616122602261EFE73046B4F90E1006F0A8
:103C480043FD10B9B4F90C30E4E7A38923F003036A
:103C580043F001031BB2DDE7D13500088842F0B418
:103C68000DD98B1883420AD9841832B1224613F829
:103C7800014D994202F8014DF9D1F0BC70470F2A65
:103C88000ED80346541E002AF7D001340C44013BD9
:103C980011F8012BA14203F8012FF9D1F0BC7047AC
:103CA80040EA01039B073AD1A2F110073F0901F14D
:103CB800200606EB071601F1100300F1100453F873
:103CC800105C103344F8105C53F81C5C103444F852
:103CD8001C5C53F8185C44F8185C53F8145CB34245
:103CE80044F8145CEBD17B1C1B0112F00C0F194437
:103CF80002F00F05034415D00E46043DAD0803EB52
:103D0800850C1C1F56F8047B44F8047F6445F9D1E0
:103D18000135AD002B44294402F00302B2E7541EDA
:103D28000346B2E72A46ADE7704700BF704700BFB9
:103D380009B3F8B51446CAB106460D4600F024F991
:103D4800A04202D32F463846F8BD21463046FEF73A
:103D580085FE07460028F6D022462946FEF792FC43
:103D680030462946FEF726FE3846F8BD2746FEF7B8
:103D780021FE3846F8BD1146FEF770BE10B5802109
:103D88000446FEF76BFE606440B10022031F7C30DE
:103D980043F8042F8342FBD1002010BD4FF0FF30C1
:103DA80010BD00BF436C0BB100207047E6E700BFB1
:103DB8001F2970B5054608D8436C16460C464BB10A
:103DC80053F8240043F8246070BD16224FF0FF30EA
:103DD8002A6070BDFFF7D2FF08B96B6CF0E74FF0AF
:103DE800FF3070BD1F2938B5054620D8426C0C46F7
:103DF8006AB152F8213053B1012B16D0591C10D09A
:103E08000025204642F824509847284638BD2846C1
:103E180000F070F8224601462846BDE8384000F018
:103E280055B8162301202B6038BD002038BD162355
:103E38004FF0FF302B6038BD1F2921D838B5436CAF
:103E480005460C4683B153F8242003EB84034AB19A
:103E5800511C10D0012A0CD0002520461D60904727
:103E6800284638BD012038BDFFF788FF28B96B6C9C
:103E7800E9E7032038BD022038BD4FF0FF3038BDD8
:103E88004FF0FF30704700BF024B01461868FFF73C
:103E9800A9BF00BF000C0020024B0A460146186863
:103EA800FFF786BF000C0020034B1868436C0BB16A
:103EB8000020704762E700BF000C0020024B01465B
:103EC8001868FFF7B9BF00BF000C002070B50D4699
:103ED8000023074C064611462846236006F0F6FBE9
:103EE800431C00D070BD2368002BFBD0336070BD2D
:103EF8008824002006F0F2BB10B50C46B1F90E106C
:103F080006F0BEFB002803DB636D0344636510BD48
:103F1800A38923F48053A38110BD00BF00207047FC
:103F28002DE9F041B1F90C409846E3050D461746D6
:103F3800B1F90E10064609D424F48054AC814346E6
:103F48003A463046BDE8F04106F0A1BB0223002204
:103F580006F09BFBB5F90C40B5F90E10ECE700BF75
:103F680010B50C46B1F90E1006F08FFBA389421C60
:103F78000EBF23F4805343F480536065A38110BDC2
:103F8800B1F90E1006F085BB51F8043C181F002B40
:103F9800BCBF0B58C01870472DE9F74300256C4685
:103FA800124EDFF84C80DFF84C9016F8013BBBB19D
:103FB80000275B084FEA450314BF39F8033038F887
:103FC80003308DF80270238004F03AF840F00100C5
:103FD800ADF8040094E8030006F8017C02F0BEFD89
:103FE80015B103B0BDE8F0830125DEE7240E0020FB
:103FF8005CA8000860A8000837B5430005460C46D1
:10400800D1B10E4AD35AADF8003001238DF80230F1
:1040180004F016F80A4B84F0010141EA440440F028
:104028000100ADF804005C5502AB13E9030003B0CE
:10403800BDE8304002F092BD024AE3E760A80008FC
:10404800240E00205CA80008FFF7A6BF08B5FFF7FC
:10405800D3FF012008BD012070470120704708B533
:10406800FFF7FBFF08BD704708B5FFF7FCFF08BD69
:1040780013B502AB03E903000F4B1B78B3B99DF8E6
:104088000230009873B16AB103F07EFC0446014621
:10409800009803F031FC2046009902B0BDE81040BA
:1040A80002F0FCB903F04EFC0446F4E7009803F074
:1040B8006BFC0099F1E700BF7E1B002003460A460F
:1040C80000689988FFF7D4BF10B504460021FFF7B0
:1040D800F5FF2146FFF7C8FF10BD10B5012404FA0B
:1040E80002F204FA01F111439C4031EA00030CBFCB
:1040F8002043A04310BD000008B513460A460146F8
:1041080003480068FFF7E9FFBDE8084003F0A8BBD3
:10411800D01B002008B500F0D1FABDE8084000F037
:10412800EEBA00F0F0BA704708B503F04EF8FFF7A2
:10413800FAFF46F2A81004F0CEFEBDE8084003F0EE
:104148008BBF38B501210546FFF7B8FF294604465D
:1041580001F0FEFF08B9002038BD29462046FFF7C8
:104168007EFF0028F7D02946204602F077FA00287B
:10417800F1D02946204602F0CBFA0028EBD0294698
:10418800204602F09FFB0028E5D02946204601F092
:10419800D9FD0028DFD0AB785BB145F65A539C4275
:1041A8001CD00AD8B4F5B84F12D045F6DE439C426D
:1041B80011D02846FFF74FFFCEE745F65B539C42E8
:1041C8000FD045F65C539C42F3D103F06DFCF0E749
:1041D800FFF7AAFFBFE703F0E7FDBCE703F070FCB9
:1041E800E7E703F070FCE4E7F8B5174B1749C20896
:1041F8001F5C174B8D5C17499B5C00F007008E5CB9
:104208000341054113F0010446FA00F005F00105E9
:1042180000F0010602D0E12002F0BCFC15B1E62056
:1042280002F0B8FC384602F0A3FD15B1E62002F012
:1042380031FD14B1E12002F02DFD26B1BDE8F840B2
:104248002C2002F095BDF8BD9CAB00087CAB0008A3
:104258001CAC00088CAB00082DE9F04104460E4662
:104268004FF00A08214F207800283CD0012837D188
:104278006378012B0ED1A078A51C02F079FD2C469D
:1042880035460134013DEDB2FF2DECD0642004F039
:1042980022FEF7E7022B04D1A078A51C02F07AFCD5
:1042A800EDE7032B04D1A078A51C02F0F3FCE6E7A8
:1042B800042B01D00134E3E72246002512F8023F1F
:1042C800D95D1446490705D4013DD9D3642004F0CB
:1042D80002FEF9E7303B08FB053512F8013FEFE72E
:1042E800FFF782FFCCE7BDE8F08100BFF5A6000824
:1042F8000021FFF7B1BF704708B5FFF7FCFF08BD05
:104308000120704708B5FFF7FBFF08BD10B504464C
:10431800FFF7F2FF2046FFF7F5FF10BD00207047BA
:1043280070470000014B33F8100070475AAC000882
:1043380013B5ADF80410019902F0B0F800F0CCF80C
:10434800B0F5A04F044630D2B0F5804F80F08A8097
:10435800E72817D8DF280AD8A7280BD8A4286AD8AE
:10436800012804D0031F9BB2A12B28BF002420469C
:1043780002B010BDBE2864D9C03880B21F286AD9DF
:104388000024F4E7B0F5405F09D2B0F5005F60D2D1
:10439800FF2854D8EF28F3D940F4A04024E00205C0
:1043A800C3B25CD443F44044E1E7B0F5AA4F1DD250
:1043B800B0F5A84FC3B275D2B0F5A64F0AD2B0F582
:1043C800A44F64D2B0F5A24F51D34AF2F10040EAAB
:1043D8000324CCE701209C0803F0030300FA03F34D
:1043E80043EA441040F40A4084B2C0E7B0F5B44F41
:1043F8000FD2B0F5B24F61D2B0F5AC4F55D3A0F59E
:10440800B0439BB2FF2BBBD84AF2F00040EA04202D
:10441800EAE7A0F5C0439BB2B3F5005FB0D2C0F3A2
:10442800042000F0D9F8030203F4F853E4B21C4363
:1044380044F400549BE7A0F1240444F48044A4B25B
:1044480095E7244B5834E4B233F8140040F4884418
:104458008DE7C0F30B00FFF765FF044687E743F4D9
:10446800484484E7C0F30B0040F420447FE7C3F3DB
:104478008104C0F30110640144EA0024012003F020
:10448800030300FA03F31C4344F40C40ACE7012097
:104498009C0803F0030300FA03F343EA441040F4D2
:1044A8000C40A1E74AF2F40091E7C0B200F094F89A
:1044B800000200F4F85040F4005458E700F00F00F0
:1044C80000F08AF8C4F3031440EA042040F41040D2
:1044D8008AE700BF2CAC0008E7284DD8DF2807D8AA
:1044E800312861D00ED8292857D02A2863D07047A0
:1044F800A0F1E003072B3FD8DFE803F0123E2126A6
:10450800303E3A3F392804D0822802D035283DD0A1
:104518007047304B1B7813F0030F18BFE02070472B
:104528002C4A1378D9074DD4527812F0010F23D0B2
:1045380013F0100F08BFE32018BF00207047254B69
:104548001B7813F0040FF2E7224A137859073BD47B
:104558005278D2073AD413F0100FEDE71D4B5A7872
:10456800910709D51B7813F0100F08BFE720E3E780
:10457800184B1B781A07F6D47047164A1378190790
:1045880026D452789207E6D5E420F5E7114B1B783C
:1045980013F0200F18BF292070470E4B1B7813F01B
:1045A800200F18BF352070470A4B1B7813F0400FB7
:1045B80018BF2A207047074B1B7813F0400F18BF0D
:1045C8003120704739207047E2207047E02070475B
:1045D800E62070473C1E0020294B1A78510707D562
:1045E80000F01801082927D100F0F70040F0040076
:1045F800110707D500F01801182926D100F0E700A7
:1046080040F014005B78D90707D500F01801082995
:1046180024D100F0F70040F00100990707D500F019
:104628001803182B23D100F0E70040F01100D3063F
:1046380048BF00F0E700704700F01401042904BFE8
:1046480000F0FB0040F00800D2E700F01401142944
:1046580004BF00F0EB0040F01800D3E700F01101B0
:10466800012904BF00F0FE0040F00800D5E700F083
:104678001103112B04BF00F0EE0040F01800D6E73C
:104688003C1E002001F040BD08B500F0A3F84FF42F
:104698007A7004F020FC00F09DF8002000F038F853
:1046A800830705D5FFF7EEFFBDE8084003F0D4BC4B
:1046B80008BD08B5FFF7E8FF08BD000008B503F01E
:1046C800F1FA08B903F070FB03F0F6FA084B18701A
:1046D80003F0F8FA074B1880FFF7EBFF03F0EFFA47
:1046E80003F09DF8044B1868BDE8084003F0B3B820
:1046F8004E1C00203C1E0020D01B0020704708B52F
:10470800FFF7FCFF08BD08B5FFF79EFC08BD0000D9
:10471800014B33F810007047561E002070470320E5
:1047280004F0D9BB00BF00BF00BF00BF00BF00BF7F
:1047380000BF00BF00BF00BF00BF00BF00BF00BF79
:1047480000BF00BF00BF00BF704708B5FFF7E7FF15
:1047580008BD08B5202383F31188012100F00F0359
:104768009940032220F00F0005F060FB002383F33B
:10477800118808BD38B50B24124D55F8040B013CBF
:10478800FFF7E7FF14F0FF04F7D10C240E4D55F89E
:10479800040B013CFFF7DDFF14F0FF04F7D10C23F5
:1047A8000A490B4A013B13F0FF0321F8024B22F898
:1047B800024BF7D10C2000F073F8BDE83840FFF742
:1047C800A9BC00BF5CAC000888AC00083E1E0020F5
:1047D800561E00202DE9F84F0024012725462C4EAF
:1047E80056F8041B202383F3118821F00F0901F0E8
:1047F8000F0107FA01F806224146484605F016FB64
:10480800C9F81480002383F31188FFF78BFF07FA98
:1048180004F31BB26FEA030B0C214FF00008DFF81A
:1048280078C0DFF8789059F8040B3CF802AB20F018
:104838000F02D2F808E000F00F002EFA00F00FFA8D
:104848008AF2C00754BF1A430BEA020292B2924599
:1048580001F1FF311CBF4FF001082CF8022C11F0B8
:10486800FF01E0D156F8040C0134FFF772FFFFF79F
:104878006CFF0B2C48EA0505B2D12B460C220549E2
:10488800054800F00FF8FFF74CFC2846BDE8F88F04
:104898005CAC0008561E00203E1E002088AC0008B4
:1048A80070470000F8B506460F4615460E4C2BB16A
:1048B8000123237003F0C4FB0C4B188023782BB121
:1048C8000A4B188803F0C1FB05280AD8F8BD36F84A
:1048D800132027F8132001339D42F8DC00232370AE
:1048E800F4E70023F8E700BF260E0020280E00207A
:1048F800194B1B78D90709D5184B187800EB80009D
:1049080080087F2823D820B3C0B270479A0705D5FE
:10491800124B187800EB80004008F2E75B0704D5DB
:104928000E4B187800EB8000EBE70D4B1B7863B15A
:104938000C4A0A49127808789342F3D2584300EB9C
:104948008000B0FBF2F080B2DBE70520DCE77F20D7
:1049580070470120704700BF340E0020660C00200D
:10496800350E0020670C0020144B1B78D90705D59D
:10497800134B18788008F8B1C0B270479A0703D56E
:104988000F4B18784008F6E75B0705D50C4B1878ED
:104998007F28F0D97F2070470A4B1B7853B10A4A09
:1049A800074912780878934236BF584380B2B0FB63
:1049B800F2F0EDE70120DFE701207047340E002018
:1049C8006A0C0020360E00206B0C0020F02808B579
:1049D80005D1FFF78DFF4042294BD87008BDF1285B
:1049E80002D1FFF785FFF7E7F22805D1FFF780FF2F
:1049F8004042234B9870F1E7F32802D1FFF778FF84
:104A0800F7E7F92804D1FFF7AFFF1D4B1871E5E769
:104A1800FA2803D1FFF7A8FF4042F6E7FB2805D1A3
:104A2800FFF7A2FF4042164B5871D7E7FC2802D186
:104A3800FFF79AFFF7E700F10C03DBB2042B08D865
:104A480001230F4AF43803FA00F0537818435070E2
:104A5800C4E7FD2805D10B4A137843F0010313700E
:104A6800BCE7FE2804D1074A137843F00203F6E7AF
:104A7800FF28B3D1034A137843F00403EFE700BFDC
:104A88002E0E0020340E0020364BF02893F9022019
:104A98000AD193F9031000290CDA0021D97052B910
:104AA8000021314A117006E0F1280DD193F9031065
:104AB8000029F2DC72B11A795B7913435AB2002BE0
:104AC8004FD12A4B1A707047F22806D1002AF1DA22
:104AD80000229A7093F90320E1E7F32802D1002A13
:104AE800F6DCE7E7F92893F9041004D10029E1DDA1
:104AF80000211971DEE7FA2802D10029DADAF7E78E
:104B0800FB2893F9051004D10029D3DA0021597143
:104B1800D0E7FC2802D10029F8DCCBE700F10C0132
:104B2800C9B2042907D80121F4388140587820EA0D
:104B380001005870BEE7FD2805D10D48017821F025
:104B480001010170B6E7FE2804D10948017821F077
:104B58000201F6E7FF28ADD10548017821F00401EC
:104B6800EFE770472E0E0020350E0020360E00208D
:104B7800340E002008B503F063FA094BDA78997807
:104B88000A431CBF074A10801A795B7913431CBF7C
:104B9800054B18800248BDE8084001F0DFBE00BFA1
:104BA8002E0E00202A0E00202C0E002000232DE9B6
:104BB800F047564C94F9028094F9037094F9046014
:104BC80094F90550A370E3702371637158EA0703E1
:104BD80094F800A094F801900AD04D4B188803F07F
:104BE80034FA4C490B783BB34B4A127890422EDC8E
:104BF80056EA05030BD0494B188803F026FA4849B2
:104C08000B78002B4ED0474A1278904255DCE27858
:104C1800A3781343227913436279134301D0FFF732
:104C2800A9FF84F800A084F8019084F80280E77056
:104C380026716571BDE8F0873B4A92F800C00A22E8
:104C480002FB0CF29042D3DD01330B7001E0FF2B25
:104C5800FAD1B8F1000F08D0FFF74AFEB8F1000FFB
:104C6800CCBF0123FF234343A3703FB1FFF740FEAE
:104C7800002FCCBF0123FF234343E37094F90220A4
:104C8800002AB5D094F903100029B1D0B5235A43AE
:104C98004B43121208BF01221B1208BF0123A27046
:104CA800E370A5E7214A92F800C00A2202FB0CF241
:104CB8009042ACDD01330B7001E0FF2BFAD13EB11D
:104CC800FFF752FE002ECCBF0123FF23434323717D
:104CD8003DB1FFF749FE002DCCBF0123FF2343431D
:104CE800637194F90420002A91D094F905100029E1
:104CF8008DD0B5235A434B43121208BF01221B1211
:104D080008BF01232271637181E700BF2E0E0020C6
:104D18002A0E0020350E0020650C00202C0E0020E5
:104D2800360E0020690C0020640C0020680C00205E
:104D38000023054A13609380044A1370044A1370D1
:104D4800044A1370704700BF2E0E0020350E002055
:104D5800360E0020340E002008B500F063F940F24A
:104D6800FF3008BD08B5044800F014F9BDE8084054
:104D7800024800F00FB900BF00F8010800FC010864
:104D8800B0F5806F2DE9F041884602D30020BDE8D8
:104D9800F0814FF6FF72450005F1006404F5FC341C
:104DA800238846129BB2934204D1204600F014F99E
:104DB80080B2ECE7B602124F06F1006606F5FC3643
:104DC8004FF4806231463846FDF75CFC23789845FD
:104DD800DCD040F2FE30284007F80080304600F072
:104DE800D9F80024395D61F0FF014B1C03D089B26A
:104DF800301900F0F1F80234B4F5806FF2D1D7E73A
:104E08006E1E002080B2400000F1006000F5FC300A
:104E18000078704780B2FFF7B3BF83B25B0003F13D
:104E2800006303F5FC331A78431C9BB25B0003F163
:104E3800006303F5FC33187842EA0020704738B560
:104E48000D4684B22046C9B2FFF79AFF601C290AB2
:104E580080B2BDE83840FFF793BFFFF7F0BF10B549
:104E680083B25A0002F1006202F5FC3211785A1C32
:104E780092B2520002F1006202F5FC3214789A1CD8
:104E880092B25200033302F100629BB202F5FC3287
:104E98005B00127803F1006303F5FC331878130400
:104EA80043EA04230B4343EA006010BDF8B50C46FF
:104EB80080B2471CBFB243007A0003F1006302F1DD
:104EC8000062861C03F5FC3302F5FC32B6B2197891
:104ED80092F800C0720002F10062C51C02F5FC32B3
:104EE800ADB213786A0002F1006202F5FC321B04CD
:104EF800127843EA0C230B4343EA0263A34212D01D
:104F0800E1B2FFF73DFFC4F307213846FFF738FF4A
:104F1800C4F307413046FFF733FF2846210EBDE8AA
:104F2800F840FFF72DBFF8BD0B4BDA68D0070CD45B
:104F3800DA6851070BD4DA68D2060AD4D86800F0C8
:104F48000100C0F10500C0B270470120704702207F
:104F580070470320704700BF0020024073B5044625
:104F68000025FFF7E1FFFF2601280FD114B906201D
:104F780002B070BD01950196019B1BB9FFF7D4FFE4
:104F8800013CF1E7019B013B0193F5E7002C08BFC9
:104F98000620EDE738B5054640F6FF70FFF7DEFF5F
:104FA800052815D10B4C40F6FF70236943F0020326
:104FB80023616561236943F040032361FFF7CEFF56
:104FC80006281EBF236923F0020323613423E3600C
:104FD80038BD00BF00200240104B00F178429A42D1
:104FE80070B505460E4616D81F20FFF7B7FF0528EF
:104FF80010D10B4C1F20236943F0010323612E803D
:10500800FFF7ACFF06281EBF236923F001032361C5
:105018003423E36070BD0720FCE700BFFEFF0700F4
:1050280000200240034B044A5A6002F188325A6059
:10503800704700BF00200240230167457FB510F488
:105048007F4F0B460190C0F30721C0F3074217D1E9
:105058000BB1304B9A5C8DF80C208DF80D208DF833
:105068000E2000209DF80C3063F307009DF80D30EA
:1050780063F30F209DF80E3063F3174004B070BD42
:105088009DF8046063B3234B9A5C0625FF237543A0
:105098006FF05404B5FBF3F56C4304EB460404EBE2
:1050A8004404E4B2581A04FB01F3C4F1FF04614359
:1050B8001B120912C3F1FF03C1F1FF01504353430F
:1050C8005143C0F30720C3F30723C1F30721D2B22A
:1050D800062D19D8DFE805F00608110F1418060088
:1050E80092B2D2E713460A468DF80C208DF80D309F
:1050F8008DF80E00B5E711461A4603460846F3E751
:105108000B4611460246F9E71146024618460B4679
:10511800EAE700BF34AE0008012184B004B0FFF70D
:105128008DBF704784B004B0FFF7F6BF13B58DF894
:1051380002208DF800008DF8011000981C46FFF73A
:10514800F1FFC0F30743C0F3072262702070A37019
:1051580002B010BD064A137813F0FE0F04D10121E6
:1051680061F3470313707047552BFCD92A21F7E7E1
:10517800702200200820FFF772BE08B5FFF7EAFF8B
:10518800BDE8084001460820FFF790BE014B1868AB
:10519800FFF7F3BF70220020014B1868FFF7EDBF3F
:1051A800702200200022034B03481A711860FFF791
:1051B800E4BF00BF702200200300FFFF034B1B78F1
:1051C80013F0010018BF5808704700BF7022002074
:1051D800044A1379022B9CBF0133137108B1FFF7FE
:1051E800D5BF7047702200200120FFF7F1BF0000F3
:1051F800044A13790BB1013B137108B1FFF7C6BF1D
:10520800704700BF702200200120FFF7F1BF0000A7
:10521800014B1879704700BF70220020014B1871AC
:10522800704700BF70220020014B5878704700BFBC
:1052380070220020014B9878704700BF7022002030
:10524800014BD878704700BF7022002000F06ABE7A
:10525800104B70B51B78104D13F0010369780F4897
:1052680006D02B7803EB43031844FFF7EFFF70BD1C
:10527800AA78EE7802EB42040444964204F103044F
:10528800EFD9013204F8023C04F8033C04F8013C6D
:10529800D2B2F2E7702200206F0C002078220020A2
:1052A8000E4B70B41B78DB0716D50D4C0D4EA3784A
:1052B800E57803EB43043444AB4204F1030402D31E
:1052C80070BCFFF7C5BF013304F8020C04F8031CD7
:1052D80004F8012CDBB2EFE770BC704770220020A5
:1052E8006F0C002078220020094B07B51B78DB07DC
:1052F8000AD501ABFFF71AFF9DF806209DF80410A8
:105308009DF80500FFF7CCFF03B05DF804FB00BF74
:105318007022002010B50446054B027905495878DB
:105328008A5C9978FFF7E0FF23790133237110BD78
:1053380070220020FDAC000810B50446044B00792B
:10534800DA789978FFF7D0FF23790133237110BDFC
:105358007022002037B5164C0546207838B9FF2250
:1053680001AB1146FFF7E2FE9DF80530237029795D
:10537800012911D0022913D0B1B90A462078FFF7C4
:105388008FFF03222B790133B3FBF2F202EB4202C7
:105398009B1A2B7103B030BD002221781046EEE72E
:1053A800002022780146EAE7002210461146E6E787
:1053B800B80E00202DE9F04F374C85B094F800E086
:1053C80005461EF0010F0F461646019321D0DFF85F
:1053D800D4C04FEA5E031CF803C0DFF8CC800EF09F
:1053E800FE0EBEF1020F88F800C015D103ABFFF71F
:1053F8009DFE9DF80E209DF80C109DF80D00FFF7FE
:105408004FFF019B6570A770E67013B12068FFF726
:10541800B4FE05B0BDE8F08FBCF1020F01D1E6780B
:10542800EFE7BCF1060F01D16578EAE7BCF1090F97
:10543800FAD0BCF1190FE4D1DFF870904FF00008F2
:10544800CA46193B03F001020092144AC3F346030B
:1054580012F803B099F804205FFA88F39A4202D848
:10546800FFF7F6FECDE703FB0BF0B0FBF2F0009A76
:10547800C0B27AB928449AF8022039461344084A37
:1054880003EB43031344C0B23246FFF74FFE08F163
:105498000108DFE7281AEEE770220020BCAC0008FC
:1054A80078220020D2AC0008BA0E00206F0C002031
:1054B800054910B44C7803460834CA78E0B28978B4
:1054C80010BCFFF777BF00BF702200200120FFF754
:1054D800EFBF0000054910B44C780346083CCA7871
:1054E800E0B2897810BCFFF765BF00BF70220020CA
:1054F8000120FFF7EFBF000010B4064C0346A17867
:10550800E2781131FF2928BFFF216078C9B210BCA9
:10551800FFF750BF702200200120FFF7EDBF000009
:1055280010B4064C0346A178E278113921EAE171FA
:105538006078C9B210BCFFF73DBF00BF70220020E1
:105548000120FFF7EDBF000010B4064C0346E278D7
:10555800A1781132FF2A28BFFF226078D2B210BC8E
:10556800FFF728BF702200200120FFF7EDBF0000E1
:1055780010B4064C0346E278A178113A22EAE272A6
:105588006078D2B210BCFFF715BF00BF70220020B0
:105598000120FFF7EDBF0023FFF70CBF2DE9F04115
:1055A80004460025134EDFF85480134F3179E8B2D2
:1055B80081420DD8FFF74CFEA37813F0010F237931
:1055C80014BF013303F1FF335BB22371BDE8F081EF
:1055D800FF22B2FBF1F2B3782179034402FB0010F9
:1055E80003EB4303FA78B9784344C0B2FFF79EFD52
:1055F8000135DBE76F0C00207022002078220020A4
:105608002DE9F04F83784FF0000913F0010F0CBF1C
:1056180001234FF0FF3385B02C4E2D4D0193337984
:105628005FFA89F843450CD8FFF712FE019B012B5E
:105638002B7843D103B93379013B2B7005B0BDE812
:10564800F08F00244FF0180B2746B27821494244C6
:1056580002EB420253185C7054549DF80420DFF8A2
:1056680078A09C7002922A782244D1B252B2182AA9
:105678001EDD92FBFBF10BFB112252B242450ED10B
:105688009AF80310C7F104024A439AF801009AF8FD
:105698000210C2F387020393FFF748FD039B029AA7
:1056A80001371444042FE4B2DDD109F10109B6E74A
:1056B800002AE3DA054A12790A44DEE73179013330
:1056C800B3FBF1F201FB1233B7E700BF6F0C002008
:1056D800B90E0020782200207022002000212DE938
:1056E800F8432C4C2C4DA378E07803EB43022A4472
:1056F800984202F1030220D80027284EDFF8A09034
:10570800DFF8A4802279F9B28A421FD8FFF7A0FDFA
:10571800234D24482A78017833780A4452B20B443E
:105728005BB2002A33702A7003DD2279013A934272
:1057380001DB49420170BDE8F883013302F8021C1D
:1057480002F8031C02F8011CDBB2D1E7B1FBF2F34B
:1057580002FB1313A278134496F90020DBB291429E
:105768004FEA430213440EDB99F9000081420ADC38
:1057780098F8032098F8021098F801002B44FFF7D6
:10578800D5FC0137BEE70022E9184A70EA548A704E
:10579800F7E700BF6F0C002078220020B70E00202A
:1057A8006C0C00206D0C0020702200202DE9F047C1
:1057B80055250379DFF8A08003FB03F25A43C3F1B0
:1057C800200303FB03F1554303FB0123B5FBF3F56A
:1057D800EDB2292D85BFC5F1550404EB440405EB52
:1057E800450404EBD47494BF6FEA54046FEA64046C
:1057F80006460027C146DFF864A0E4B298F8042002
:10580800FBB29A420BD8FFF723FD3379104ADBB974
:1058180001211170127813443371BDE8F0879A079B
:1058280099F802200B49134458BFC5F1550003EB02
:10583800430348BF28462246897858BFC0B253441C
:10584800FFF774FC0137D9E7202BE3D1FF21E0E70C
:105858006E0C0020702200206F0C0020782200209F
:105868002DE9F04104460025144FDFF85880144E06
:105878003A79AA4208DCFFF7EBFC2379013303F0FD
:1058880001032371BDE8F081BB78B5EB520F2B44BF
:1058980003EB430394F804C07078B178434407DA03
:1058A800BCF1000F07D0F278FFF740FC0135DFE7C5
:1058B800BCF1000FF7D00022F6E700BF6F0C002004
:1058C80070220020782200202DE9F74F83780026E7
:1058D80001930123484D07790371484BF4B21B79B2
:1058E800A34204D803B0BDE8F04FFFF7B1BC019B59
:1058F8004FEA840B022B09D8414B0BEB040193F8B8
:1059080001C09B78681805F801C04370A7B90BEB74
:1059180004032B44DF709F70384B3A4A9B7801365A
:1059280023445C44291903EB43031344285D8A7814
:105938004978FFF7FBFBD0E70BEB040A05EB0A09F4
:1059480099F80300DFF8B880E0B1013899F804C08D
:10595800C0B289F80300C0EB0020B0FBFCF04FF0A8
:10596800BB0C294BC0B2185C98F803102238C0B29F
:10597800C0EB0020B0FBFCF0C0B24843001289F82D
:105988000200C9E7FCF776FF98F803C04FEA5C0C01
:105998000CF17F0E4FF4017C0CFB0EFCCCF3072CB2
:1059A8006045B9DA019B022B15D9FCF763FF4FF06C
:1059B800FF0C90FBFCFC844405F80AC0FCF75AFF76
:1059C80098F802C04FEA5C0C90FBFCFE0EFB1C0E24
:1059D800F44489F801C000230BEB040028448370C9
:1059E80098F80330C82B28BFC823142B38BF1423BA
:1059F8000371C37090E700BF3F0E00206F0C0020BA
:105A08007022002078220020FDAC000808B5094B60
:105A18001A786FF300021A701868FFF7AEFB0022BD
:105A2800054B41F288305A7003F055FABDE808403A
:105A3800FFF70EBC70220020BA0E002008B5084BF4
:105A480041F288301A786FF300021A700022054B71
:105A58005A7003F040FABDE80840FFF7F9BB00BFF1
:105A680070220020BA0E002008B5084B0B221978C6
:105A780007484908FCF7C0FD10B90122054B5A70C8
:105A880002F0DEFA044B188008BD00BF7022002027
:105A9800740C0020BA0E0020380E002010B5164CE9
:105AA8002378DA0726D5D8B9012262F34703237091
:105AB80011B12068FFF761FB21780B220F484908D4
:105AC800FCF79AFD98B100220D4B5A7001220D4B3C
:105AD800A1786078DA70E278BDE81040FFF75BBD26
:105AE8002A2801D92A22E0E760F34703DFE7FFF716
:105AF800BBFFEBE710BD00BF70220020740C002034
:105B0800BA0E0020380E0020054B01461B785B08B2
:105B180001332B2B34BF18460120FFF7BFBF00BF4E
:105B2800702200200120FFF7EFBF0000064B01465E
:105B38001B78C3F34603013B13F0FF0314BF184659
:105B48002A20FFF7ABBF00BF702200200120FFF71B
:105B5800EDBF0121FFF7A2BF034B187840F0010009
:105B680018704008FFF7F5BF70220020034B1B7820
:105B7800DB0701D5FFF74ABFFFF7EEBF7022002011
:105B88000021FFF78BBF000038B5124D2A78FAB90B
:105B980002F088F818B902F007F9FFF703FBFFF7DE
:105BA800E9FA0D4C10F0FE0F206004D1FFF7FAFA65
:105BB800FFF7E0FA2060FFF7CDFA0022074B2078C4
:105BC8005A70C30702D54008FFF7DAFF01232B708C
:105BD80038BD00BF3E0E002070220020BA0E002003
:105BE800034B187840F0010018704008FFF7C8BF51
:105BF80070220020344B2DE9F0415A78002A60D0F9
:105C08001A78324B324E1B78022AC2EB5303DBB2AE
:105C1800B3701AD12F4A304CD55CF3782BB10027DA
:105C2800F77002F00DFAB780308002F009FA47F6F3
:105C3800FE723388C01A80B2904242D81D44358023
:105C48002346BDE8F04122481847062A03D1234AD3
:105C5800234CD55CE1E7092A04D1224A5B08D55CCC
:105C6800214CDAE70F2A04D1204A5B08D55C204C86
:105C7800D3E7152A03D11F4A1F4CD55CCDE7182A54
:105C880014D0232A03D11D4B1D4C1D88C5E7242A97
:105C98000FD0252A11D10322B3FBF2F202EB420204
:105CA8009B1A184ADBB2D55C174CB6E72825174C67
:105CB800B3E74FF4FA75164CAFE74FF4FA65154C95
:105CC800ABE7BDE8F08100BFBA0E002070220020CB
:105CD800380E0020B8AC00081D530008C4AC0008FA
:105CE80041530008C7AC0008A5550008CCAC000813
:105CF80009560008C1AC0008E5560008CAAC0008FF
:105D08005D530008CFAC0008D1580008B55700080B
:105D1800695800082B51000800B11047084738B5EA
:105D280004460D46FFF74AFAA04206D3FFF746FAA3
:105D3800A84202D2FFF7F6FE38BD2046BDE838403B
:105D4800FFF707BF38B58C780546002C65D001F001
:105D5800BDFE45F6D5439D4200F0220014D845F615
:105D6800C1439D4214D9A5F5B945433D122D11D81B
:105D7800DFE805F014191C1F2225282B2E31343892
:105D88003D404346494B4E0045F65D539D4241D048
:105D9800204638BDFFF7EAFE0024F9E7204A2149EA
:105DA800FFF7BAFFF8E71F4A1D49F9E71E4A1F49DE
:105DB800F6E71E4A1C49F3E71D4A1E49F0E71D4A4B
:105DC8001B49EDE71C4A1D49EAE71C4A1A49E7E75F
:105DD8001B4A1C49E4E71B4A1949E1E70120FFF780
:105DE800B8FED9E705210220FFF799FFD4E708217B
:105DF8000620F9E70E210920F6E714210F20F3E722
:105E080017211520F0E71820E9E722211920EBE7F0
:105E18002320E4E72A212520E6E70124B8E700BF8C
:105E2800555B00082D5B0008F9540008D55400089C
:105E38004955000821550008995500087155000872
:105E480011520008F151000838B51C4D00232A46AC
:105E58000C210133B3F5107F42F8041BF9D100235C
:105E68001946174A0133E02B42F8041BFAD11022D5
:105E78001448114603F0DAFF0023134C1A460A218E
:105E8800022003F02FFF114BA2695B6A34329A603B
:105E98004FF44872DD605A6043F6B0221A601A68FF
:105EA800204642F001021A60094903F0B6FA0022BE
:105EB8002046BDE83840114603F0C0BAC00E0020A5
:105EC800C0170020000C0140E423002084B2000821
:105ED80000AE000830B518244443E01D104C04EB14
:105EE8008004002041FA00F515F0010F14BF1C25AD
:105EF8000C25256242FA00F515F0010F14BF1C2588
:105F08000C2544F8045943FA00F515F0010F14BFA5
:105F18001C250C25013008286564E3D130BD00BF7D
:105F2800C00E002070B50D4D04462B780E461BB9E7
:105F3800FFF78AFF01232B700025B542A8B204F1B0
:105F4800030400D170BD14F8013C14F8032C14F8B4
:105F5800021CFFF7BFFF0135EFE700BFBC0E0020B2
:105F680008B5FEF773F808BD38B5164C032220466D
:105F7800082103F05BFF20460322202103F056FF8F
:105F8800A268A368104D1B09104CC2F3C00203F0AD
:105F9800020313434FF4804103222846237003F081
:105FA80045FF03224FF40041284603F03FFFAA684B
:105FB800AB68C2F380329B0B03F002031343637098
:105FC80038BD00BF000C014000080140461B0020FE
:105FD8002DE9F84F0026B246DFF8C4B0DFF8C480D8
:105FE8002C4F2D4D2D4CDFF8C09058F8040B57F866
:105FF80004CB20F00F039A682CF00F039B680CF079
:106008000F0C23FA0CF300F00F005B00C2409BF862
:10601800001002F0010203F00203134343EA810374
:10602800DBB20BF8013B03F00F0395F9002019F8D8
:10603800033013445BB2032B05F8013B27DD2378BB
:106048000021013330462370FFF78AFF012215F93A
:10605800013C033307DA23780121013B30462370E2
:10606800FFF77EFF012215F9013C42EA0A0A59426C
:1060780001F0030103F0030358BF4B4205F8013C4C
:10608800013416B15046BDE8F88F0126ADE700226D
:10609800DDE700BF4CAF0008441B0020481B002070
:1060A800461B002044AF000834AF0008232008B581
:1060B800FEF7A8FE212801D0002008BD2420FEF705
:1060C800A1FE0728F8D12520FEF79CFEA0F11303B6
:1060D80058425841F1E710B5041E14BF2121FF2191
:1060E8002320FEF797FE002C14BF0721FF21242050
:1060F800FEF790FE002C18BF1321BDE8104008BF22
:10610800FF212520FEF786BE08B50020FFF7E3FF34
:10611800BDE8084001F0BCBD704708B52620FEF771
:1061280071FE08BDC1B22620FEF774BE08B5FFF7A0
:10613800F3FFFFF7BBFF50B9FFF7F4FF00F058F982
:1061480000F0EDF9BDE808400120FFF7C4BF08BD25
:1061580010B58C78FCB1A0F5BE43123B0F2B24D8A8
:106168001238C0B200F0E7F90024204610BD012023
:1061780001F08AFB032202210120FDF7BDFFF3E7AE
:10618800012001F08BFB032202210120FDF7B4FF5F
:10619800EBE70220F5E745F610739842F0D045F694
:1061A80011739842F5D00124DFE745F61073984241
:1061B800DDD045F611739842D7D10220D8E7FF23E6
:1061C8000370704710B503780446803B032B06D84C
:1061D800DFE803F00206090CFFF732F8607010BD23
:1061E800FEF7ECFFFAE7FFF713F8F7E7FFF71CF8FD
:1061F8006070FFF71FF8A070F1E738B50378044620
:10620800803B032B28D8DFE803F0020E1B20FFF7A2
:106218000BF80546FFF70EF8014662782846BDE8F8
:106228003840FFF7B8B94078FFF7AAFC63781BB984
:10623800BDE83840FFF702BCBDE83840FFF7D0BCE6
:106248004078BDE83840FEF7E9BF84784578FEF726
:10625800F7FF21460246E1E738BDF8B5044610F8D5
:10626800013B0D46013B122B00F29680DFE803F05C
:106278000A143B444A54575A5D949460646A737C88
:106288007F828B00002363700923A3702946204670
:10629800BDE8F84002F008BA6378022B0DD0032B52
:1062A8000ED0012B1AD101F0A9FE030EA370030C26
:1062B800E370030A23716071E8E7FFF72EFFF4E744
:1062C80027460026F0B2FEF723FA0136030A0C2E01
:1062D800BB70F87007F10207F4D1D7E729462046CA
:1062E800FFF76DFFD2E76378022BF7D1D4F80200ED
:1062F80000BAFFF717FFC9E7E278A178607800F0E5
:106308005AF8D6E722796379A17843EA02236078BC
:10631800E27800F05EF8B9E700F06AF8B6E7FFF750
:106328006CFFB3E7FFF74EFFB0E7FEF735FFADE7C9
:1063380000F0C7F86070A9E700F0C5F8030A6370B9
:10634800A070A3E76078A378E178221D43EA0020D3
:1063580000F0BBF89AE76078A378E178221D43EA59
:10636800002000F0C8F891E700F0D9F88EE700F0B7
:1063780016F8DFE76078A378E178221D43EA002069
:1063880000F060F882E76078A378E178221D43EA9C
:10639800002000F06EF879E7FF23237076E70320EA
:1063A80070471623520003FB01214FF4847202FB4D
:1063B80000102730704738B5FFF7F3FF0546FEF7A2
:1063C80021FD0402681CFEF71DFDA4B2204380B223
:1063D80038BD38B51C46FFF7E4FF0546210AFEF72D
:1063E80019FDE1B2681CBDE83840FEF713BD000096
:1063F8002DE9F74F00263446DFF844B0002506EBB8
:106408000B085FFA84FA0FE0FAB2504639F8023BFB
:1064180001370191FFF7DDFF0B2F0199F4D1013509
:106428000C2D08F1160803D0C1460027E9B2EBE7A6
:106438000134032C06F58476E0D103B0BDE8F08F73
:1064480064A80008F8B51446002700F12705561877
:10645800B44200D1F8BDA5F12703B3F5467F06DAAB
:106468002846FEF7CFFC207001350134F0E727708D
:10647800FAE7F8B50E461746002500F12704B5429D
:1064880000D1F8BDA4F12703B3F5467F03DA20460F
:10649800795DFEF7BFFC01340135F0E782B00228D0
:1064A800ADF804100AD89DF805100B2906D89DF8F8
:1064B80004200A2A02D802B0FFF77DBF002002B0EC
:1064C800704710207047C1207047F8B51446002760
:1064D80000F23F355618B44200D1F8BDA5F23F335B
:1064E800C02B06DC2846FEF78DFC207001350134F0
:1064F800F1E72770FAE7F8B50E461746002500F2CF
:106508003F34B54200D1F8BDA4F23F33C02B03DCC1
:106518002046795DFEF77EFC01340135F1E710B5C0
:1065280040F23F34204600210134FEF773FCB4F5F5
:10653800806FF7D110BD0F28F7B5044620D840F278
:10654800FF30FEF75FFCD8B940F23F35D4B90127D8
:1065580001942846FEF756FC6E1C8DF804008DF851
:10656800054068B1431E022B17D88DF80500304648
:106578008DF80470FEF746FC02358DF8060068B900
:1065880003B0F0BDB5F5806FFAD02846FEF73AFCA7
:1065980008B9013CE4B20135D8E7354601A8FDF752
:1065A800A7FED6E7F8B5144682781D469DF8187000
:1065B800284B92B11C7001F043FD274B188004F161
:1065C8002003DBB2072B44D8012004F00704A040C5
:1065D800C0B2BDE8F84000F0D1BB1E78A6422ED16B
:1065E8001D4B188801F031FDC72828D8AE4205F1A7
:1065F800200415D006F12003DBB2072B06D80120B2
:1066080006F00706B040C0B200F0C1FBE3B2072BAA
:1066180006D8012005F007039840C0B200F0AEFB91
:106628003846E4B200F0A4FB072C12D8012005F08C
:106638000705A840C0B2BDE8F84000F0A8BB04F1C7
:106648002003DBB2072B04D8012004F00704A04084
:10665800F0E7F8BD4A1B00204C1B002013B545F697
:10666800F64304469C4208460FD845F6F2439C423E
:1066780012D845F6D8439C421DD045F6D9439C42D2
:106688003ED045F6D7439C420FD0807800283BD0B7
:1066980000221E4B1A701CE0A4F5B944743C022C6D
:1066A8000ED8DFE804F0181F260026230093E12304
:1066B8001A4621460AE027230093E523E522F8E756
:1066C8002623E022009345F6F341E123FFF76AFF12
:1066D800002002B010BD2723E422009345F6F441C0
:1066E800E523F3E72623E222009345F6F541E1236B
:1066F800ECE72723E622009345F6F641E523E5E794
:10670800282300930123D9E70120E2E74A1B002050
:1067180038B505468878002800F0CF8045F615433F
:106728009D4216D845F601439D4217D901F0CAFA91
:1067380045F61543624C9D42208021D845F6014319
:106748009D420CD8208801F0C9FA00F03EFD0020D7
:1067580004E0A5F5B9437A3B082BE7D938BDA5F580
:10676800B845033D122D1AD8DFE805F01E2226335E
:10677800373B3F455155595D696D71757B9783006E
:10678800A5F5B9457A3DABB2082BDBD8082DD9D889
:10679800DFE805F0161B4D51376B7A8D9100237891
:1067A80043F001032370CDE7237843F00203F9E7B0
:1067B800237843F00403F5E7237843F00803F1E76F
:1067C800637843F001036370BCE7637843F0020326
:1067D800F9E7237843F01003E4E7237843F0200334
:1067E800E0E7237843F04003DCE700F0EEFC237891
:1067F80043F08003D6E7237823F00C0343F00C031F
:10680800D0E7637823F0030343F00303DBE723783F
:106818006FF30003C6E723786FF34103C2E72378D9
:106828006FF38203BEE723786FF3C303BAE7637895
:106838006FF30003C7E763786FF34103C3E7237877
:106848006FF30413AEE723786FF34513AAE72378B1
:106858006FF38613A6E700F0B8FC23786FF3C7132D
:10686800A0E7237823F00C039CE7637823F0030365
:10687800A9E72378C3F3800282F00102D2B262F35F
:10688800820362F3C3038DE76378DA4302F00102FF
:1068980062F3000362F3410395E700F096FC237866
:1068A800C3F3C01282F0010262F3C7137AE7012032
:1068B80001F07CFA46E70020FAE701204EE700BF26
:1068C8003C1E002045F61643984210B50C461BD1D5
:1068D80001F0FCF8A2780D4B72B100F0AA00002874
:1068E80015BF01220022352029201A7001F09CF8DA
:1068F80001F05EF9002010BD1B78002B14BF352075
:10690800292001F099F8F3E70120F4E74E1B002055
:10691800014B1860704700BF501B0020024B1868DD
:1069280008B1036818477047501B0020084B1B68C4
:106938006BB1084A127842B1074A92F90020002A3E
:10694800BFBF02784270052202705B681847704723
:10695800501B0020DC0D00203C1E0020034A12685A
:106968001AB102210170936818477047501B002024
:10697800054A1188814205D0044B10801B680BB171
:10698800DB681847704700BF561B0020501B0020CB
:10699800054A1188814205D0044B10801B680BB151
:1069A8001B691847704700BF541B0020501B00206C
:1069B80008B501F023FB024B1860024B186008BDB4
:1069C8005C1B0020601B002008B501F017FB024B80
:1069D8001860024B186008BD5C1B0020581B002083
:1069E8007047704708B5FFF7FCFF08BD704708B54A
:1069F800FFF7FCFF08BD000008B5054801F064FB7F
:106A0800FEF7AAF9FFF7ECFFFFF7ECFF08BD00BFA0
:106A1800957C00080120704708B5FFF7FBFF08BD0B
:106A28007047704708B5FFF7FBFFFFF7FAFF08BD8F
:106A380008B501F0E1FAFDF79DFEFFF777FBFFF7D8
:106A4800A3F8FFF791FA054B1A7842F080021A7002
:106A5800188801F043F9FFF7CAFF08BD3C1E002063
:106A68002DE9F74FFDF7B6FE08B1FFF7A1FFDFF8F4
:106A7800E4A000255646DFF8E080EFB23846FDF77F
:106A880047FE3AF8024B8146844248D098F80030D5
:106A98009B0701D5FDF742FE84EA0904A3B2002250
:106AA800012423425FFA82FB34D0FFF7B5FFA8B177
:106AB80019EA040F14BF012300238DF800B08DF8E4
:106AC80002308DF8017001F0BBFA40F00100ADF81A
:106AD800040002AB13E9030000F040F836F8153063
:106AE8005C4026F81540FFF785F8FFF771FA08B102
:106AF800FFF76AFFFEF75AF8FFF710FF144C2378E8
:106B0800834222D0FFF70AFF207003B0BDE8F04FA0
:106B1800FDF7FCBB013264000B2AA4B2C1D10135D8
:106B28000C2DAAD14FF6FF73ADF8003000238DF875
:106B3800023001F085FA40F00100ADF8040002AB24
:106B480013E9030000F00AF8CDE703B0BDE8F08FC1
:106B5800641B0020661B00204E1C00201FB56C46DD
:106B680084E803009DF802300BB100F0DBFF00233E
:106B7800ADF80E3094E8030004AB0290ADF80C10A9
:106B880013E9030004B0BDE8104000F06DBD0088B3
:106B980000F01ABF10B50446002876D0822813D119
:106BA800FFF7BCFE810770D4392000F03DFF00F0EC
:106BB800FFFF42F2107002F08EF9392000F03CFF1E
:106BC800BDE8104000F0F4BF83280ED1FFF7A6FE01
:106BD800C2075AD4532000F027FF00F0E9FF42F221
:106BE800107002F078F95320E8E784280ED1FFF7F7
:106BF80095FE430749D4472000F016FF00F0D8FF60
:106C080042F2107002F067F94720D7E7031FDBB2A2
:106C1800A02B0ED81D4B0146186801F0E9F820B1E9
:106C2800204600F009FF00F0C3FF204600F0FCFEFC
:106C3800C6E700F12003DBB2072B07D800F00704F2
:106C48000120A040C0B200F047FFB9E700F15B03A4
:106C5800DBB2022B05D8BDE81040243880B2FFF71C
:106C680087BE00F15803DBB2162B06D8BDE81040EA
:106C7800074A32F81300FFF78BBEEF2805D9FDF756
:106C8800A5FEBDE81040FDF775BF10BD800C0020C3
:106C980054AF000808B5002858D082280FD1FFF754
:106CA8003DFE810752D5392000F0BEFE00F080FF7E
:106CB800392000F0C1FEBDE8084000F079BF832804
:106CC8000AD1FFF72BFEC20740D5532000F0ACFED7
:106CD80000F06EFF5320ECE784280AD1FFF71EFE70
:106CE800430733D5472000F09FFE00F061FF47209F
:106CF800DFE7021FD2B2A02ADBD900F12002D2B20C
:106D0800072A07D800F0070301209840C0B200F016
:106D1800EBFED0E700F15B02D2B2022A04D8BDE84C
:106D280008400020FFF724BE00F15802D2B2162A0C
:106D380004D8BDE808400020FFF72ABEEF2805D98F
:106D4800FDF7A2FEBDE80840FDF714BF08BD38B541
:106D580005460C46FFF71EFF24B92846BDE8384013
:106D6800FFF798BF6420013C02F0B5F8A4B2F3E73E
:106D780039280CBF50210021FFF7E9BF08B528B119
:106D880000F0AAFEBDE8084000F012BF08BD08B533
:106D980028B100F0A9FEBDE8084000F009BF08BD11
:106DA8002DE9F047867980460C46857800F062FE2A
:106DB80036090746A0B12F4695B1C4F3072303F05F
:106DC800F003402B04D004F12003DBB2072B1ED9BB
:106DD800022000F03DFF00F04DFE80F00107FFB2F9
:106DE800C4F30339B9F10F0F3FD8DFE819F01200E7
:106DF800120062006200AE00C5003E003E00CF00F7
:106E08002901390139018E013E003E009701002712
:106E1800E6E7C4F30723C4F3032613F0F00F18BF03
:106E28003601E4B295B156B104F12003DBB2072B69
:106E3800304600D93CB900F04FFE00F0B9FE2046BC
:106E4800FFF7A8FE11E000F05DFEF6E72046FFF729
:106E580021FF56B104F12003DBB2072B304600D9DD
:106E680024BB00F041FE00F0A3FEA9F10809B9F126
:106E7800030F03D8FFF752FDFDF748FA002F00F083
:106E8800548100F0EFFD10F0010040F04E8188F8C9
:106E9800020000F0DFFD00F0F7FC404600F058F972
:106EA80000F0D8FDBDE8F04700F0F8BC00F032FE75
:106EB800D9E7C4F3072303F0F003C4F3032A202B14
:106EC800E4B218BF4FEA0A1A64B1012C28D07DB386
:106ED8004EB398F80630D907B1D56FF3071388F881
:106EE800063020E095B13EB900F038FE40EA0A00CD
:106EF800C0B2FFF743FFB8E7012EF5D100F02EFE30
:106F080040EA0A00C0B200F035FEAEE72EB900F044
:106F180043FE5046FFF73BFFA7E7012EA5D0F6E753
:106F28001DB1052EA1D85046E3E7042E9DD8F0E701
:106F3800002EEED0392C0CBF4FF4FA50012001F08E
:106F4800CAFF2046FFF7A6FE8FE714F4406FC4F38C
:106F5800812307D0012B88D165B1C4F30900FFF75D
:106F680017FD82E725B1C4F30900FFF701FD7CE7AF
:106F78002846FAE72846F2E7E0B225B1FDF726FDF4
:106F8800FDF7F8FD71E7FDF77FFDF9E714F4407FA1
:106F980026D1002D7FF469AFE20648BF0F25C4F360
:106FA80042104FEA8000C0B244BF8540ED4304F070
:106FB8000F03C4F381248340022C45EA030009D05F
:106FC800032C0AD0012C02D000F034FC4DE700F06D
:106FD80029FC4AE700F036FC47E700F020FC44E7CC
:106FE800C4F301220DB302F00103002B3FF43DAFBF
:106FF800C4F342108000C2B204F00F0000FA02F19C
:1070080014F010001DBF0F2303FA02F0C343034618
:10701800C4F38124022C43EA01000BD0032C0CD0CA
:10702800012C04D000F056FC1FE75308DDE700F000
:1070380049FC1AE700F056FC17E700F011FC14E7CA
:10704800E6B2C4F3032425B1204600F01DFC304607
:107058004FE73046FFF79BFE204600F01FFC04E791
:107068005FFA84FAAAF1F003042B39D8DFE803F0B9
:10707800030E151A23003DB1042E3FF6F6AEC4F3F5
:10708800042000F015FCF0E6052EF6E7C4F3042012
:10709800002DE2D000F0F8FBE7E6C4F30420002D51
:1070A800F8D0DAE725B1C4F3042000F0E8FBDCE609
:1070B80000F0E2FBD9E64DB1C4F30424204600F009
:1070C800E3FB0321204600F09FFDCEE6012000F0FF
:1070D800BFFD012E7FF6C9AE022000F0B9FDC4E65F
:1070E8002DB10EB15046ABE6C4F30420D2E74EB141
:1070F800BAF1390F0CBF4FF4FA50012001F0EBFE42
:1071080050461FE7C4F30420A7E7C4F30322E1B203
:107118004046FDF703F900F015FBA6E64046C4F328
:107128000322E1B2FDF7FCF89FE6BDE8F08738B529
:1071380001880446807800F053FC054600F0DAFB2D
:1071480000F06CFB29462046BDE83840FFF728BE12
:1071580013B5028883880446ADF80420CBB14FF6F6
:10716800FF73BDF804209A4213D0FCF7EAFF50B928
:1071780000F080FC68B1A3785BB1022002B0BDE8E2
:10718800104000F065BD2046FFF7D1FF2046FCF710
:107198009BFF02B010BD08B50020FFF7E9FB0020F7
:1071A800FFF7F6FB00F0BEFC00F0D2FC00F000FD9B
:1071B800FDF7BEFDBDE80840FDF7DCBC08B500F0F2
:1071C80043FCBDE80840FFF7E6BF08B500F094FCB3
:1071D800BDE80840FFF7F2BF0346C3F30332023AA3
:1071E800C0B20D2A1CD8DFE802F007071B1B141BCE
:1071F8001B1B0707181B1B18F02813D004D8E728F7
:107208008CBF002001207047F42814BF0020012003
:107218007047E72806D9F128F7E7C3F3C02070477D
:10722800002070470120704707B5ADF804000198A9
:1072380000F0CAFB03B05DF804EBFFF7CDBF82B0E6
:1072480002AB03E9030002B0704782B002AB03E966
:10725800030002B07047000070B5094B094E1C7856
:10726800094D3378A34200D170BD05EBC40355F82E
:10727800340059680134FFF7E8FF04F00704F0E729
:10728800C91B0020C81B0020881B0020024B18685F
:107298005968FFF7DABF00BF801B0020214BF7B504
:1072A8009A7912F0F00F0AD19A7842B14FF6FF7727
:1072B8001D4A1E4E12781E4D3178914201D103B0FD
:1072C800F0BD19889888ADF8041038B389B2B9426E
:1072D80024D005EBC20493F801C061788C451DD118
:1072E80093F800C015F832108C4517D1A178A9B9C8
:1072F800A188091A89B2C72910D8012299790948A1
:1073080062F307119971A37962F30713A371FFF769
:107318001FFF03B0BDE8F040FFF79EBF013202F047
:107328000702C9E7801B0020C91B0020C81B0020DA
:10733800881B00202DE9FF470446C74F0068B9881D
:1073480000903888EC463D462378627894F80280AD
:10735800B4F804A0ADF80800002900F0D4804FF676
:10736800FF7E80B2704500F0CE80BE78002E00F01F
:10737800CA80AAEB0101B87989B2C72900F0F009DF
:1073880000F293803988ADF80810B9F1000F4BD19D
:107398007145C1461BD08DF800308DF80120BDF82D
:1073A80000C08C4513D1B8F1000F40F01C810123B7
:1073B80063F30710B871FFF769FF3846FFF7C8FE97
:1073C800BB79A3710026304604B0BDE8F087BAF156
:1073D800000F40F00C81B8F1000FF3D0AB7943F007
:1073E8000103AB71EEE700EBC10595F801C09445C8
:1073F80006D110F831C09C4502D1AD78002DE1D1FD
:10740800013101F0070106E110F4706F02D0002B82
:1074180000F020812033DBB2072B40F21B8120468D
:10742800FFF796FEB14615E1714515D08DF800308D
:107438008DF80120BDF800C08C450DD1B8F1000FC2
:107448000AD1A0712046FFF783FE23683B6063687A
:107458007B60FFF71BFFB6E78DF800308DF8012041
:107468000098FFF7E1FEE0B1B8F1000F19D0AB7951
:107478001F2B0CD92A8802A8ADF808200022ADF8E5
:107488000CA08DF80A208DF80E30FFF761FE2368F6
:107498002B6063686B60FFF701FFFFF7F7FE0126BB
:1074A80091E72046FFF754FEF9E7B9F1000F15D12F
:1074B8008DF800308DF801208DF80280ADF804A019
:1074C8009CE80300FFF7BBFE3846FFF741FEC7F80C
:1074D8000090C7F80490FFF7D9FEBBE08DF80030A4
:1074E8008DF801203988BDF800C08C45B4D1B8F1B9
:1074F800000FB1D1A0712046FFF72AFEC7F800801F
:10750800C7F804805FE72888ADF80800002951D043
:1075180086B24FF6FF7086424CD0AE78002E49D125
:10752800AAEB010189B2C72935D84646002EB8D042
:107538008DF800308DF801202988BDF800308B4285
:107548001CD1AB79DA0714D413F0F00211D0F02A69
:10755800A37106D0DBB2C3F30312013262F307133F
:10756800A3712046FFF7F4FD23682B6063686B6006
:107578006FE723682B6063686B6024E70098FFF768
:1075880053FE002883D1AB79204643F00103AB7149
:10759800FFF7DEFD17E78DF80280ADF804A08DF83F
:1075A80000308DF801209CE80300FFF748FE2E60AC
:1075B8006E604EE7B8F1000F3FF473AF8DF80030FE
:1075C8008DF801200098FFF72FFE064600283FF4AB
:1075D80068AF236820482B6063686B60FFF7D7FAB1
:1075E800FFF75CFE35E7BAF1000F3FF4F7AE4FF650
:1075F800FF718DF808308DF80920BDF80800884221
:107608003FF4E9AEB8F1000F7FF4E8AE134814492F
:10761800077809781348B9427FF4E5AE8DF8003051
:107628008DF80120009800F0CFF9C0F30332012A49
:10763800C3B27FF6E9AE0E3202F00F02012A3FF61E
:10764800EEAE10F4706F3FF4E5AEA27912F0F00FD1
:107658007FF4E0AE4E46B6E6801B0020C81B002033
:10766800C91B0020881B0020F0B587B06D4685E84F
:1076780003002846FFF75EFE2E4F04462E4E88B1C3
:10768800BDF80020BDF80430ADF8102043B14FF626
:10769800FF7392B29A4203D095E80300FFF7D5FD35
:1076A800264C41E004AB95E8030083E80300BDF8ED
:1076B8000410BDF81020ADF80C200029F0D01FFAF6
:1076C80082FC4FF6FF7294453D783078E8D06A1C0A
:1076D80002F0070282420DD0184CADF8141004EBEA
:1076E800C50C03CB3A7044F83500CCF80410FFF70A
:1076F800B3FDD5E7FFF769FD114B3C7034701C6092
:107708005C60CDE704EBC000FFF714FE80B133786E
:1077180004EBC30254F833005168FFF796FD337841
:10772800013303F00703337030783B788342E9D1A3
:1077380007B0F0BDC81B0020C91B0020881B002013
:10774800801B0020F8B5034660B1002501261C46C1
:1077580014F8010B74283FD00BD802282DD002D87A
:10776800012812D0F8BD031F6F2BFBD8FFF712FAC0
:107778001AE075283AD000F17C03DBB26F2BF1D800
:1077880000F07F00FFF786FA0EE09C1C5B7803F19F
:107798002002D2B2072A0ED803F007039840C0B2DD
:1077A80000F0C6F900F004FA2F46013FFFB2FF2FA0
:1077B8001FD12346CBE71846D8E758789C1C00F120
:1077C8002003DBB2072BDDD800F0070006FA00F033
:1077D800C0B200F0B5F9E5E75F789C1C013FFFB245
:1077E800FF2FE1D0642001F076FBF7E75D789C1C61
:1077F800DAE7642001F06FFBD7E7704708B5FFF7B9
:10780800FCFF08BD08B5FFF7F9FF034B1860BDE89A
:107818000840FFF7C0BC00BFCC1B00207047FFF733
:10782800F1BF0000024B1B681843FFF7EBBF00BF16
:10783800CC1B0020024B1B681840FFF7E3BF00BFBA
:10784800CC1B0020024B1B685840FFF7DBBF00BF72
:10785800CC1B0020704708B5FFF7FCFF08BD0000EF
:1078680008B5FFF7F8FF034B1860BDE80840FFF7BD
:1078780092BC00BFD01B00200020FFF7F1BF0123FE
:1078880003FA00F0FFF7ECBF0123034A83401068B6
:107898001843FFF7E5BF00BFD01B00200123034AB0
:1078A8008340106820EA0300FFF7DABFD01B0020EE
:1078B8000123034A834010685840FFF7D1BF00BF37
:1078C800D01B0020024B1B681843FFF7C9BF00BF3D
:1078D800D01B0020024B1B681840FFF7C1BF00BF38
:1078E800D01B0020024B1B685840FFF7B9BF00BFF0
:1078F800D01B002070470000C0F3072337B503EB07
:10790800830203EB420301220024184400F007031A
:107918009A40C0F3C4000A4B00EB8000D2B218446E
:10792800057821FA04F343F300036B401340013454
:107938006B40052C00F8013BF2D103B030BD00BF0D
:10794800D41B0020C0F3072303EB830203EB42039D
:10795800002213B518440B4900F00704C0F3C40013
:1079680000EB80000144104611F8013BE34003F0AE
:107978000103934001321843052AC0B2F4D102B082
:1079880010BD00BFD41B002073B51F240C4BADF8ED
:1079980004001E680B4B1B681E4326FA04F3DB0722
:1079A800E5B205D4013CF8D20025284602B070BDE6
:1079B80028460199FCF7BCFC80B20128F2D0F4E714
:1079C800D01B0020CC1B002007B5ADF8040001989F
:1079D800FFF7DAFF019903B05DF804EBFCF7A8BCE8
:1079E80013B5104BADF804101B782BB1019802B0F9
:1079F800BDE81040FFF7E8BF70B10198FFF7C4FF7A
:107A0800044601460198FFF777FF2046019902B026
:107A1800BDE81040FCF78CBC0198FFF793FF0446C3
:107A2800F3E700BF7E1B0020024B0146186800F0F8
:107A38004BBA00BF800C0020024B0146186800F0CA
:107A48005BBA00BF800C0020014B186800F06CBACC
:107A5800800C0020024B93F90000C0F3C700704768
:107A68004A1C0020024B187800F00700704700BF3E
:107A78004A1C0020034B187810F0070018BF01209B
:107A8800704700BF4A1C0020064A5378C3F38001A0
:107A9800814205D060F382035370108800F01EB94C
:107AA800704700BF3C1E0020044B5878C0F380008C
:107AB80080F0010000F00100FFF7E6BF3C1E002047
:107AC8000120FFF7E1BF0020FFF7DEBF014B187868
:107AD800704700BF4C1C0020024B1A7810431870E6
:107AE800704700BF4C1C0020024A137823EA0003A9
:107AF800137070474C1C00200022014B1A7070470D
:107B08004C1C0020024B1A7810431870704700BFB5
:107B18004D1C0020024A137823EA000313707047B3
:107B28004D1C00200022014B1A7070474D1C00208C
:107B3800024B1A7810431870704700BF491C002088
:107B4800024A137823EA000313707047491C002087
:107B58000022014B1A707047491C0020014B18780D
:107B6800704700BF4B1C0020704708B5FFF7FCFFAB
:107B780008BD0000064A08B55278520706D4054ADF
:107B88001178814202D01070FFF7EFFF08BD00BFE7
:107B98003C1E00204B1C002008B5044B1A781AB173
:107BA80000201870FFF7E1FF08BD00BF4B1C002044
:107BB80010B50D4B0D491B7809780D4C0B430D4939
:107BC800206809780B430C490370097831B10B43DD
:107BD800037000F0EFF808B1FFF7DEFF2068BDE89A
:107BE8001040FEF7A3BE00BF4C1C00204D1C002017
:107BF800800C0020491C00204B1C0020704708B551
:107C0800FFF7FCFF08BD00000A4A10B5527852077A
:107C18000CD4094C41EAC0012170FFF735FE94F9F4
:107C28000000C0F3C700FFF7EAFF10BDBDE8104031
:107C3800FFF72ABE3C1E00204A1C0020002008B581
:107C4800024B1870FFF7DBFF08BD00BF4A1C00207D
:107C580008B50C4A92F9003023EA000040B21070CF
:107C6800420702D1DBB2834203D1074B5B785B0743
:107C780007D5C0F3C700FFF711FEBDE80840FFF7BE
:107C8800DDBF08BD4A1C00203C1E002000207047B4
:107C980008B5FDF767F8BDE808404FF6FF7100200A
:107CA800FDF7DBB808B50020FDF7B7F84FF6EA6333
:107CB800C31A5842584108BD0220FDF7A3B8032053
:107CC800FDF7A0B810B50420FDF79CF80446222063
:107CD800FDF798F844EA002080B210BD10B50446BC
:107CE800C1B20420FDF796F8210A2220BDE8104011
:107CF800FDF790B801460F20FDF7D8B801461320CC
:107D0800FDF7D4B80020FFF7F9BF08B50020FFF74A
:107D1800F1FFFFF7F7FF08BD10B50024FDF722F8C3
:107D28004FF6EA610020FDF798F800210220FDF7E0
:107D380071F800210320FDF76DF81A4B2146042045
:107D48001C60FDF767F821462220FDF763F82146FD
:107D58000520FDF75FF821460620FDF75BF8FF21B7
:107D68000720FDF757F821460820FDF79FF8214620
:107D78000D20FDF74FF821461820FDF797F821460A
:107D88001720FDF747F821461C20FDF78FF82146FC
:107D98002020FDF762F821461820FDF787F8FFF745
:107DA800B4FF10BDCC1B0020FFF7B6BF01460E2064
:107DB800FDF730B80C4B821C1B7863B10B4B93F961
:107DC8000030002BACBF06231E230020013BDBB292
:107DD800FF2B02D170470623F7E712F8011B002991
:107DE800F4D00130C0B2F1E7DC0D00203C1E0020C9
:107DF800F9B1124B1B78A3B1114B93F90030002B4A
:107E08000FDAEF294FEAD10213D80123104401F009
:107E1800070103FA01F18378194214BF01200020F9
:107E28007047831C083013F8012B8A4203D0834221
:107E3800F9D1002070470120704700BFDC0D0020F9
:107E48003C1E00204FF0FF32002330B5841C14F88C
:107E5800015B8D420ED0B2F1FF3F02D1002D08BF69
:107E68001A460133DDB2062D5BB2F0D1531C01D0A6
:107E78001044817030BD002210B5831C083013F8FF
:107E8800014B8C4208BF03F8012C8342F7D110BD87
:107E9800EF294FEAD10308D81844012301F007015C
:107EA80003FA01F18378194381707047EF294FEA8B
:107EB800D10308D81844012301F007018B408178C9
:107EC80021EA03018170704710B4094C03462478F5
:107ED8000A463CB1074C94F90040002C02DA10BC69
:107EE800FFF7D6BF1146184610BCFFF7ABBF00BF5F
:107EF800DC0D00203C1E002010B4094C03462478F9
:107F08000A463CB1074C94F90040002C02DA10BC38
:107F1800FFF7CCBF1146184610BCFFF7ACBF00BF37
:107F2800DC0D00203C1E0020094A0346127802306E
:107F380042B1084A92F90020002A03DA1E220021E1
:107F4800FAF716BC0022C3F802208280704700BFEF
:107F5800DC0D00203C1E0020704708B5FFF7FCFF31
:107F680008BD08B50020FCF7D1F9FFF7F6FFBDE81A
:107F7800084040F2A46000F0AEBF7047704710B5EB
:107F8800FFF7FBFF0024FCF725FCFFF7F7FFE0B243
:107F9800FCF7BEFB18B901340C2CF8D110BD012038
:107FA800FCE7704708B5FFF7FCFF08BD08B5FFF709
:107FB800A3FDFFF7B7FDFFF747FDFCF7B9FE00206B
:107FC800FEF7D6FC0020FEF7E3FCFEF7A7FCFCF763
:107FD8009DF9FFF7E7FF08BD202383F31188044BC1
:107FE8001A6A002383F31188024B1A60704700BF96
:107FF80098230020501C0020FFF7EEBF38B520233F
:1080080083F311880A4B196A002383F311884FF40C
:108018007A700025074B084C1B68084AC91AE0FB10
:108028000145002320462946FAF764F938BD00BF08
:1080380098230020501C00209F860100A086010084
:1080480008B5FFF7DBFF80B208BD10B50446FFF79F
:10805800D5FF001B80B210BD074B084A1A60BFF35A
:108068004F8F0749074BCA6802F4E0621343CB609D
:10807800BFF34F8F00BFFDE7FC4F0020EFBEADDE22
:1080880000ED00E00400FA050B4A08B552F8041C9C
:108098000A4B99420ED1002342F8043C83F314881A
:1080A8004FF000431B6883F3088862B6044B1B68D3
:1080B8009847FEE708BD00BF00500020EFBEADDEC8
:1080C8000400008000207047014B1860704700BF13
:1080D800840C002010B5084A084C117824784B1CF1
:1080E80003F00F039C421DBF054C13706054002021
:1080F80018BF012010BD00BFD0220020D1220020CF
:10810800C02200207047000008B5202383F311889F
:10811800034800F079FC002383F3118808BD00BFF1
:108128005C0D002038B5094C0D461046002122464A
:1081380040EA052042F8041F194600F027FB20609A
:108148006068002818BF204638BD00BF741D002095
:1081580090F87A10074A0229137807D103F0FB0335
:10816800012B05D15278044B1A707047024A1370DC
:10817800704700BFCA1D0020A81D002038B504465E
:1081880005292DD8DFE801F0302C03302D372023C6
:1081980083F311881F4D01211F4A01F0C1F9042101
:1081A80020461E4A01F0BCF9204695F8B41005F1A6
:1081B800440201F0B5F995F8B510204605F16802BA
:1081C80001F0AEF995F8B61021B1204605F18C0200
:1081D80001F0A6F9124800F0E0FB002383F31188B0
:1081E80038BD0420FFF776FF202383F311880C485D
:1081F80000F0B0FBF1E7202383F31188084800F072
:10820800C1FB002383F31188BDE838400520FFF740
:1082180061BF00BF880C002084AF0008A8AF000829
:108228005C0D002070B5044606480D46C3680BB1C6
:1082380000F01AFD2B462146BDE87040024A01486D
:1082480000F0F8BC941D00205582000870B520236A
:10825800064683F311880378042B03D0002383F3A5
:10826800118870BD144B1B78DB09F7D1134C2278A9
:10827800002AF3D0124B1B78002BEFD003899B0701
:1082880004D4082301210F4A01F09CF940F2E73099
:1082980000210D4B24784FF47A72A4FB0345201873
:1082A8004FF0000345EB0101FAF724F8314680004E
:1082B800FFF7B8FFD2E700BF3C1E0020901D00204A
:1082C800DC0D0020A91D0020A0860100F8B590F85B
:1082D8007430044603F07F02212A73D113F0800F13
:1082E80090F8750021D0022819D003280ED0012853
:1082F80068D194F878302BB9464AA2662022E26603
:108308002367F8BD0023C4E91A33F9E7B4F87830D5
:10831800002B57D10120404AE066A266F0E7012011
:108328003E4BE066A3660023EAE70A2841D00B2803
:108338000ED0092846D194F8783013F0FD0F41D1BA
:10834800374BA3660223E366364B01202367D8E741
:10835800B4F878304BBB94F876502F4B002D14BFEF
:10836800012100211970304B1A7861F3C7121A7075
:108378001BD12A4B1A78C2B1202282F3118840F20D
:10838800E73000211E78294B4FF47A72A6FB036769
:1083980030184FF0000347EB0101F9F7ABFF214616
:1083A8008000FFF73FFF85F311880023C4E91A33E3
:1083B800CBE71D4994F877200D78184BED091A7012
:1083C800F3D1D8E740F28163B4F874209A4216D109
:1083D80094F87920616894F878304D6843EA02236C
:1083E800204694F8762094F87710A84708B900201A
:1083F80087E74368A3660368E3660023A5E70C4B99
:1084080093F8B630002BF2D02046BDE8F84000F0D3
:10841800DBBA00BFA91D0020DC0D0020901D002044
:10842800CA1D0020598100083C1E0020A0860100BA
:10843800880C002070470000102208B5002104486D
:10844800FAF796F90023034A1370034A137008BD1C
:10845800C0220020D0220020D1220020F8B50C4CE8
:108468000C4E25460021307823780B4F984202D1D4
:1084780001B12870F8BD1A46BA5C0133052A4FF0DD
:10848800010103F00F03F1D12B70FFF78FFDE9E72E
:10849800D1220020D0220020C022002070B5194C23
:1084A800054604F10802A26504F11C02C4F8802004
:1084B80004F13002C4F8A02004F1B006D4343146E7
:1084C800204600F005FA31464FF4805620460E4CFF
:1084D80000F028FA06224FF48051204601F0A6FC4D
:1084E8000A48666100F0F7FC2846094900F0D8FF01
:1084F80002223146204601F099FC0022054BDA6041
:1085080070BD00BF880C002000080140F04902003F
:10851800CCAF0008941D002070B505464FF4805676
:108528000A4C00F0D3FF062220464FF4805101F098
:108538007DFC28460649666100F0B2FF31462046B8
:10854800BDE87040022201F071BC00BF0008014084
:10855800CCAF0008014B1878704700BFA81D002059
:1085680070B52023044683F31188204D2B782E46BE
:10857800042B25D11E4A2B8992F90020002A23DAE0
:108588001C4A127802B3DA0610D4202322460421AA
:10859800164801F017F82046174B04F1200250F84E
:1085A800041B904243F8041BF9D109E0EB694FF032
:1085B800FF3158690C3000F09BFC2B78042BE4D079
:1085C800002383F3118870BD9B0703D40823224638
:1085D8000121DDE733694FF0FF3158690C3000F0B5
:1085E80087FC3378042BEBD1F0E700BF0024002090
:1085F8003C1E0020DC0D0020A91D002010B5202302
:10860800044683F311880D4B1A78042A03D00023FB
:1086180083F3118810BD1A89D20608D5DB694FF497
:108628007A7158690C3000F063FC0130EFD00623F2
:1086380022460421014800F0C5FFE8E70024002095
:1086480007B52023024683F31188094801780429D5
:1086580005D0002383F3118803B05DF804FB0323DE
:10866800ADF8052001AA8DF8043000F0ABFFF0E763
:108678000024002007B50346202282F31188094808
:108688000178042905D0002383F3118803B05DF82D
:1086980004FBADF8053001AA03238DF8041000F09F
:1086A80091FFF0E700240020202903460A4610B471
:1086B80007D1054850F8D41F4C681946234610BC0A
:1086C800184710BC704700BF880C002010B5084838
:1086D80088B050F8D43F20221C6A69460023A0477E
:1086E80018B1C1B26846FDF7B8FD08B010BD00BFAB
:1086F800880C002070477047704708B5FFF7FAFFED
:1087080001F0A9FFFFF7F7FF08BD08B501F0AAFFC0
:10871800FFF7F2FF08BD000038B500F0A1FC00F03B
:1087280057FAFEF769F9FFF787FE1648FFF7B6FE16
:10873800144D41F2883000F0CEFBFEF779F912486B
:10874800FEF7E6F82C46FFF789FE2B78052B11D0AB
:10875800FEF786F9FFF7BAFFFEF764F9F3E7FFF7CC
:1087680000FCFFF70CFC28B1204600F03DFF204636
:10877800FFF7D2FE2378052BF1D0FFF719FAFCF7A3
:10878800F9F9E5E700240020E00D002010B5040AFF
:10879800032C0FD007D8012C23D0022C07D15B2043
:1087A800114B136010BD212C0DD0222C12D00020AB
:1087B8000346F6E7C0B20228F9D80C4B0C4953F827
:1087C8002030405CEDE70229F1D80A4B092053F824
:1087D8002130E6E70229EAD8074B084853F8213048
:1087E800EFE71220064BDCE707B00008DCAF000813
:1087F800E8AF0008ECAF0008F8AF000804B00008C4
:1088080062B0000813B5446BE36F1A681178042945
:1088180015D1217A022912D11979012312898B40A5
:1088280013420CD101A904F1440000F01FFD0246D7
:1088380028B1E06F019B0179006800F0C3FE02B027
:1088480010BD0C3000F0A4BC4FF0FF330C3000F02A
:108858009FBC443000F072BD4FF0FF33443000F04D
:108868006DBD0C3000F077BC4FF0FF310C3000F0DC
:1088780072BC443000F042BD4FF0FF32443000F08B
:108888003DBD38B5C36F05461A681178042901D073
:10889800012038BD017A0229FAD1187901238340D1
:1088A800508913EA0004F3D105F10C0000F00EFC26
:1088B80002460028ECD0E86FAB6A4179043B0068B7
:1088C80000F06EFE2046E4E7406BFFF7DABF0000D9
:1088D8007FB5034601260D4604460F4A43F8042B8C
:1088E80043600E4B067202900193CB680C300093E4
:1088F8004B690A6A314600F0C7FB094B31460193C0
:10890800AB68EA69009302942B6904F1440000F013
:108918008AFC04B070BD00BFB0B10008D18800085F
:108928000D88000820220B6882F311880A7903EB6E
:10893800820290624A79113243F822008A7912B190
:1089480003EB820398620223C1670372002383F357
:108958001188704738B5044601250221043000F01B
:108968001CFB04F10C006FF00101257500F0F3FA0F
:1089780084F84C5004F144006FF00101BDE8384020
:1089880000F0E9BA10B501210446043000F005FBF7
:108998000023237584F84C3010BD38B504460025F3
:1089A8000C3000F088FB04F14400257500F052FCFF
:1089B800201D84F84C50012100F0EFFA2046BDE854
:1089C8003840FFF75EBF000090F87420034602F0BD
:1089D8006002202A14D190F875200020212A02D89C
:1089E8001F2A03D87047222A07D07047054A9A667B
:1089F8000722DA66186701207047C3E91A00F9E709
:108A080000207047F40D002073B5C36F04461A6840
:108A18001178042927D1017A022924D1197901234F
:108A280015898B401D401ED100F14406304600F0E8
:108A3800CDFCC0B1304601A900F018FCE36F064632
:108A48001A7E4AB101981A692946121A3044F9F770
:108A58008FFEE36F1B690193E06F32460179019B3A
:108A6800006800F0AFFD02B070BD00EB81032DE996
:108A7800F3419E6A04460D46FEB1202383F3118814
:108A88000821301D04EB850700F087FAFB6806F122
:108A980044085B691B6813B1404600F0F4FB40468C
:108AA80001A900F0E3FB024650B1019B294620468C
:108AB80000F088FD002383F3118802B0BDE8F0813F
:108AC800FB685A691268002AF4D01B8A013B1342DA
:108AD800F0D1F36F1B7E002BECD104F17402E5E7B3
:108AE800113110B550F82140C4B1202383F3118807
:108AF8000421601800F051FAE26F04F10C001368C9
:108B0800527903EB8203DB689B69596800F0E8FA45
:108B18002046FFF7B6FE002383F3118810BD704787
:108B2800024B034A1A60034A5A607047D422002055
:108B38009024002000500020094B30B51C684D1EC1
:108B4800224449422A440A4059681044814204D3C5
:108B5800844202D81860104630BD0022FBE700BFEF
:108B6800D422002008B5202383F31188FFF7E4FFFF
:108B7800002383F3118808BD70477047FEE70000A3
:108B8800F0B5082000261049D1E901341D460A68CD
:108B9800043AAC4210D8E21CD21ADD1E22F00302BD
:108BA800AC4238BF00221344CA689A4209D8013837
:108BB80001F11001E8D1F0BD52F8047F45F8047BBB
:108BC800E7E743F8046BF0E7D8B10008FEE70000D8
:108BD80010B50D4C00F07CF800F01EF8FFF7A0FF70
:108BE80080220A49204600F030F9012344F8180C85
:108BF800037400F0EFF9002383F3118862B6BDE82F
:108C08001040034800F04AB9C023002058B20008B9
:108C180064B2000800F03AB8054B03F11402C3E946
:108C280005224FF0FF32DA6100221A62704700BF56
:108C38009823002010B5C0E903230A4A53699C68A9
:108C48008C420CD35C68036044602060586081608B
:108C58009868411A99604FF0FF33D36110BD1B68C3
:108C6800091BECE798230020036881689A680A4486
:108C78009A604268136003685A6000234FF0FF321D
:108C8800C360014BDA61704798230020F8B50F4C98
:108C9800226A01322262224652F8141F9142154676
:108CA80006D020268B68013B8B6063699A6802B105
:108CB800F8BD1968DF68DA604D60616182F3118878
:108CC8001869B84786F31188EFE700BF982300209A
:108CD8000022024BC3E900339A60704798230020B2
:108CE800002382680374054B1B6899689142FBD284
:108CF8005A680360426010605860704798230020EB
:108D080008B5202383F31188027C0023052A06D89E
:108D1800DFE802F00B050503120E426913604FF0FD
:108D2800FF334361FFF7DCFF002383F3118808BD9D
:108D38004269936801339360D0E9003213605A6046
:108D4800EDE70000002382680374054B1B689968EF
:108D58009142FBD85A6803604260106058607047BF
:108D680098230020054B1969087418680268536035
:108D78001A60186101230374F9F7A6BA9823002032
:108D880030B54B1C04460B4D87B010D02B690A4AEE
:108D980001A8FFF74FFF2046FFF7E4FF049B13B13C
:108DA80001A8FFF761FF2B69586907B030BDFFF7CD
:108DB800D9FFF8E798230020098D000838B50C4D35
:108DC80041612B6981689A680446914203D8BDE8DD
:108DD8003840FFF785BF1846FFF7B4FF01232C6121
:108DE800014623742046BDE83840F9F76DBA00BF44
:108DF80098230020044B1A681B6990689B68984266
:108E080094BF0020012070479823002010B5084C1B
:108E1800236820691A6854602260012223611A7449
:108E2800FFF790FF01462069BDE81040F9F74CBAFA
:108E38009823002008B5FFF7DDFF18B1BDE808400A
:108E4800FFF7E4BF08BDFFF7E1BF022182600262BD
:108E580000220182C0E90622704700008368C168C9
:108E6800A3F14C0243F81C2C026943F84C2C4269CC
:108E780043F8201C43F8482C074AA3F1280043F87C
:108E88002C2C022203F8182C002243E9032103F8B2
:108E9800172C43F8102C7047E122000810B5202346
:108EA80083F31188FFF7DAFF00210446FFF786FFF6
:108EB800002383F31188204610BD0000024B1B6974
:108EC80058610F20FFF74EBF98230020202383F31B
:108ED8001188FFF7F3BF08B50146202383F31188F3
:108EE8000820FFF74DFF002383F3118808BD000019
:108EF800054B1B6921B1036058610320FFF740BF90
:108F08004FF0FF30704700BF9823002003460068E9
:108F180020B100221A604161FFF7E2BE70470000ED
:108F280049B1064B42681B6918605A601360436078
:108F38000420FFF725BF4FF0FF307047982300202B
:108F480003460068834205D002681A605360416195
:108F5800FFF7C6BE704738B504460D462068844200
:108F680000D138BD036823605C604561FFF7B8FE37
:108F7800F4E783691943037C81610A2B03D14369B0
:108F8800194205D170470B2B06D143698B4303D196
:108F980000234361FFF7A4BE704770B506460D462F
:108FA8000468B44200D170BDE3682B43E36015B197
:108FB80023691D4203D0D4E90101FFF7DAFF2468D1
:108FC800EFE7EFF30983203383F30988002383F362
:108FD80011887047202080F3118862B60B4B0C4A29
:108FE800D96821F4E0610904090C0A430949DA60E7
:108FF800CA6842F08072CA6007490A6842F00102F2
:109008000A601022DA7783F82200704700ED00E04A
:109018000003FA05F0ED00E0001000E0202310B591
:1090280083F311880B4B5B6813F400630FD0EFF3E5
:1090380009844FF08073203CE36184F30988FFF7CB
:10904800D9FE10B1044BA36110BD044BFBE783F3B9
:109058001188F9E700ED00E0F3220008F622000885
:1090680008B500F07FFD064800F0AAFE00F0CCF934
:1090780000F005FAFFF749FBBDE8084000F002B828
:109088002CB3000800F004BF0172002130B5039C26
:10909800043304FB0325C0E90653049BC0E9000020
:1090A8000363059BC0E90422C0E90842C0E90A112C
:1090B800C160436330BD0022416AC0E90A22C0E9A9
:1090C8000411C2606FF00101FFF745BFD0E9043217
:1090D800934201D1C2680AB9181D70470020704731
:1090E80003691960C26800210132C260C269134471
:1090F80082690361934224BF436A0361FFF720BF7B
:1091080038B504460D46E3683BB162690020131D7B
:109118001268A3621344E36207E0237A33B929464D
:109128002046FFF7FDFE0028EDDA38BD6FF001009C
:10913800FBE7C368C269013BC360436913448269A2
:109148004361934224BF436A436100238362036BF4
:1091580003B11847704770B52023044683F311887C
:10916800866A3EB9FFF7CCFF054618B186F3118829
:10917800284670BDA36AE26A13F8015B9342A362B2
:1091880002D32046FFF7D5FF002383F31188EFE7CA
:109198002DE9F84F04460E4690469946202787F356
:1091A80011880025AA46D4F828B0BBF1000F09D1D0
:1091B80049462046FFF7A4FF20B18BF311882846C3
:1091C800BDE8F88FA8EB050BD4E90A12521A9345AB
:1091D80028BF9346BBF1400F1BD9334601F140022B
:1091E80051F8040B914243F8040BF9D1A36A4036B5
:1091F8004033A3624035D4E90A239A4202D3204679
:10920800FFF797FF8AF311884545D8D287F311886D
:10921800C9E730465A46F9F735FAA36A5E445B4413
:10922800A3625D44E7E710B5029C0433017204FBB6
:109238000321C0E906130023C0E90A33039BC0E9F0
:1092480000000363049BC0E90422C0E90842C4602B
:10925800436310BD026A6FF00101C260426AC0E94F
:1092680004220022C0E90A22FFF775BE0346D0E9AE
:109278000420824201D1DB681BB950F8043B0B6023
:10928800704700207047C368C2690133C3604369EF
:109298000021134482694361934224BF436A4361B6
:1092A800FFF74EBE38B504460D46E3683BB1236967
:1092B80000201A1DA262E2691344E36207E0237AE0
:1092C80033B929462046FFF72BFE0028EDDA38BDD2
:1092D8006FF00100FBE703691960C268013AC260D8
:1092E800C269134482690361934224BF436A0361DC
:1092F80000238362036B03B11847704770B52023BE
:109308000D460446114683F31188866A2EB9FFF785
:10931800C9FF10B186F3118870BDA36A1D70A36AD6
:10932800E26A01339342A36204D3E1692046043917
:10933800FFF7D1FF002080F31188EDE72DE9F84F02
:1093480004460D4691469A464FF0200888F3118846
:109358000026B346A76A4FB951462046FFF7A2FF39
:1093680020B187F311883046BDE8F88FD4E90A07A1
:109378003A1AA9EB0607974228BF1746402F1BD970
:1093880005F1400355F8042B9D4240F8042BF9D110
:10939800A36A40364033A362D4E90A239A4204D32D
:1093A800E16920460439FFF796FF8BF311884E4593
:1093B800D9D288F31188CDE729463A46F9F762F9F8
:1093C800A36A3D443B44A3623E44E5E7D0E9042157
:1093D8008A42034616D1C068A8B1986A98B1043881
:1093E800801A10D01060D96801200139D960D96974
:1093F8000A4499691A618A4224BF5A6A1A6100228A
:109408009A6270470020704700F062BD0123037024
:1094180000234360C3600374704710B520230446DB
:1094280083F311884B684160836000F05FFD00237F
:109438000222E360227083F3118810BD38B520241E
:1094480084F31188012404FA01F5C4682C43C4602C
:1094580000F0C4FD002383F3118838BD10B504461D
:1094680090F8763080F87E3000F054FF63681B680F
:1094780013B10121204698470323237010BD00F043
:1094880027BF01230370002300F12C02436000F181
:10949800480142F8043B8A429361FAD183607047DD
:1094A80038B50446202383F3118800254160C0E9BC
:1094B8000355C0E90555C0E90755C0E9095500F04D
:1094C800C5FF0223237085F3118838BD70B52023AA
:1094D800044683F3118800F001FF25460026012386
:1094E800666005F80C3B2C3455F8043B7BB1586991
:1094F80020B16FF001010C30FFF708FD55F8043C6E
:10950800986920B16FF001010C30FFF7FFFCA5420C
:1095180045F8046CE8D1FFF78DFC86F3118870BD1F
:1095280070B500EB8103054650690E461446DA60B3
:1095380018B114220021F9F71BF9A06918B11422F7
:109548000021F9F715F931462846BDE8704000F0CA
:10955800EBBEF8B504460027836800F1100503F058
:109568000113836000F12C0655F8043B7BB1586960
:1095780020B16FF001010C30FFF7C8FC55F8043C2E
:10958800986920B16FF001010C30FFF7BFFCB542BC
:1095980045F8047CE8D12046BDE8F84000F07CBFDF
:1095A800F0B4012500EB8104E4684789A4698D4083
:1095B8003D43458123600023A2606360E360F0BC03
:1095C80000F0B4BFF0B4012500EB8104E46807891A
:1095D80064698D403D43058123600023A260636078
:1095E800E360F0BC00F0C4BF10B50378052B0BD1C5
:1095F800064CC820236C43F010032364FFF76BFC70
:10960800236C23F01003236410BD00BF005C0040EE
:109618002DE9F0410223002504464FF0200803708D
:10962800C567856000F10C0600F12C0756F8043B6D
:10963800ABB188F3118856F8043C586920B16FF033
:1096480001010C30FFF762FC56F8043C986920B120
:109658006FF001010C30FFF759FC85F31188BE4209
:1096680046F8045CE2D1204684F8645000F0D2FE4B
:1096780063681B6823B12046BDE8F0410021184704
:10968800BDE8F081F8B50378044680F880300523FA
:10969800037043681B680BB10421984700262027F4
:1096A800A66004F10C052C3455F8043BABB187F3E4
:1096B800118855F8043C586920B16FF001010C304D
:1096C800FFF724FC55F8043C986920B16FF00101BC
:1096D8000C30FFF71BFC86F31188A542E4D1F8BDD6
:1096E80090F88020436802701B680BB10521184769
:1096F8007047000070B590F86430044613B1002339
:1097080080F86430204604F1740200F0F5FE6368C6
:109718009B68B3B994F8743013F0600539D0002110
:10972800204600F059FF0021204600F043FF6368FF
:109738001B6813B1062120469847062384F8643035
:1097480070BD204698470028E4D094F87B2094F810
:109758007A3043EA0223E26E9A4288BFE36694F9BC
:109768007430E56E002B4FF0200380F2F580002D59
:1097780000F0E480092284F8642083F31188002132
:10978800D4E91A232046FFF71DFF002383F311882D
:10979800D6E794F8752003F07F0343EA022340F2EA
:1097A8000232934200F0B78021D8B3F5807F4DD0C4
:1097B8000DD8012B44D0022B00F08580002BAED1B0
:1097C80004F17C02A2660222E2662367BDE7B3F5D4
:1097D800817F00F08D80B3F5407FA0D194F876307A
:1097E800012B9CD1B4F87C3043F0020337E0B3F589
:1097F800006F3ED01CD8B3F5A06F36D0A3F5C06378
:10980800012B8CD894F87920616894F878304E68E8
:1098180043EA0223204694F8762094F87710B0475C
:1098280000283FF47CAF4368A3660368E3661AE048
:10983800B3F5106F22D040F6024293427FF46FAF27
:10984800524BA3660223E3660023BEE794F8763002
:10985800012B7FF464AFB4F87C3023F00203C4E931
:109868001A55A4F87C3025676FE7C4E91A55484BA8
:10987800ABE704F17F03A3660123D7E72378042B22
:1098880010D1202383F311882046FFF762FE85F369
:1098980011880321636884F87F5021701B680BB11D
:1098A8002046984794F876304BB184F87F300423EB
:1098B800237063681B6813B1022120469847002370
:1098C800C4E91A3381E794F8783020461D0603F07E
:1098D8000F010AD500F002FE012804D002287FF407
:1098E8001EAF2C4BADE72C4BABE700F0E9FDF3E7DF
:1098F80094F87630002B7FF412AF94F8783013F098
:109908000F01DCD01A06204602D500F08DFED6E7FE
:1099180000F074FED3E794F87630002B7FF4FFAEA6
:1099280094F8783013F00F01C9D01B06204602D5F1
:1099380000F052FEC3E700F03DFEC0E7142284F8B1
:10994800642083F311882B462A4629462046FFF7D0
:1099580027FE85F31188F3E65DB1152284F86420AB
:1099680083F311880021D4E91A232046FFF718FE53
:109978000BE70B2284F8642083F311882B462A46D0
:1099880029462046FFF71EFEE3E700BF80B2000825
:10999800659400087CB200087EB2000838B590F8DB
:1099A80064300446002B42D0063BDAB20F2A38D87E
:1099B8000F2B36D8DFE803F03B353508263635352A
:1099C8003535353535353B3B90F87B1090F87A20A6
:1099D800C36E42EA0122934214D2C268128AB3FBD0
:1099E800F2F502FB15356DB9202383F311882B4658
:1099F8002A462946FFF7E6FD85F311880A2384F8ED
:109A080064300EE0142384F86430202383F3118833
:109A1800002320461A461946FFF7C2FD002383F3A8
:109A2800118838BD036F03B198470023E7E7002189
:109A3800204600F0D1FD0021204600F0BBFD636800
:109A48001B6813B10621204698470623D7E710B5AF
:109A580090F864300446142B29D017D8062B05D06B
:109A680001D81BB110BD093B022BFBD800212046B1
:109A780000F0B2FD0021204600F09CFD63681B68E1
:109A880013B1062120469847062319E0152BE9D182
:109A98000B2380F86430202383F3118800231A46AF
:109AA8001946FFF78FFD002383F31188DAE7C368AF
:109AB8009B695B68002BD5D1036F03B198470023DE
:109AC80084F86430CEE70122090100F1604303F510
:109AD8006143C9B283F8001300F01F039A40430999
:109AE8009B0003F1604303F56143C3F880211A60CA
:109AF80070470000012100F01F0342099940044B00
:109B0800203243F822101844002380F800337047AD
:109B180000E100E0090100F16040C9B200F56D40C4
:109B280001767047062108B50846FFF7CCFF0621E5
:109B38000720FFF7C8FF06210820FFF7C4FF06210A
:109B48000920FFF7C0FF06210A20FFF7BCFF062106
:109B58001720FFF7B8FFBDE8084006212820FFF7C7
:109B6800B2BF00004FF0FF3108B5104B1A691961F8
:109B78001A6900221A611869D868D960D968DA6048
:109B8800DA68DA6942F08052DA61DA69DA6942F051
:109B98000062DA61064ADB69136843F48073136074
:109BA80000F042F8BDE80840FFF7BCBF00100240D3
:109BB80000700040194B1A6842F001021A601A68D6
:109BC8009007FCD51A6802F0F9021A6000225A6060
:109BD8005A6812F00C0FFBD11A6842F480321A60EE
:109BE8001A689103FCD55A6842F4E8125A601A6858
:109BF80042F080721A601A689201FCD51221084A54
:109C08005A60084A11605A6842F002025A605A685B
:109C180002F00C02082AFAD1704700BF0010024077
:109C280000641D000020024000230121084A10B5ED
:109C3800C2E90033074844681030236042F83130E5
:109C480001310829F7D14FF0FF32034B5A6010BD9C
:109C5800E01D002084B200080000024006289C464F
:109C68002DE9F04136D801271B4C874023681F4255
:109C780030D11A4E3B4323604FEA0018184B06EBCD
:109C88000015013044F8302004EBC000C0F804C0CF
:109C9800586940F0010058615B694AB16268AB6875
:109CA8001A4202D1E87BFFF70EFF63681F43676023
:109CB80006EB08014B68497B1A6856F8080022F041
:109CC8000F021A600E228A40426000221A6028465B
:109CD800BDE8F0810025FAE7E01D002084B2000805
:109CE8000010024010B5202484F31188FFF7B6FF56
:109CF800002383F3118810BD10B40468437B2168E6
:109D08004268D940126801F00E010A420ED0827BE7
:109D180001FA03F36360064B013253F832402CB169
:109D280003EBC2035868234610BC184710BC7047A1
:109D3800E01D002008B50348FFF7DEFFBDE8084036
:109D4800FFF76CB984B2000808B50348FFF7D4FFE1
:109D5800BDE80840FFF762B994B2000808B50348A7
:109D6800FFF7CAFFBDE80840FFF758B9A4B20008DA
:109D780008B50348FFF7C0FFBDE80840FFF74EB934
:109D8800B4B2000808B50348FFF7B6FFBDE80840BD
:109D9800FFF744B9C4B2000808B50348FFF7ACFFA1
:109DA800BDE80840FFF73AB9D4B2000808B503483F
:109DB800FFF7A2FFBDE80840FFF730B9E4B200089A
:109DC800184B9A6942F07D029A619B690268164BAA
:109DD800DA6082685A6042681A60C26803F5806374
:109DE800DA6042695A6002691A608269C3F80C2411
:109DF800026AC3F80424C269C3F80024426AC3F89B
:109E08000C28C26AC3F80428826AC3F80028026BC7
:109E1800C3F80C2C826BC3F8042C426BC3F8002CDB
:109E2800704700BF0010024000080140032AF0B547
:109E380028D10161154B9F5C002308221D461C4652
:109E48001E4611F0800F4FEA04144FEA03134FEA3D
:109E580006164FEA05150CBF44F00F043B4311F4F6
:109E6800004F0CBF46F00F063D43013A4FEA41014F
:109E7800E7D1426832402A434260026822401343D5
:109E88000360F0BD042A08BF4161D3E7F4B20008BB
:109E980040F2CF22044B08215A6000229A60072220
:109EA8000B201A60FFF736BE10E000E008B520234B
:109EB80083F31188FEF7AEFE002383F3118808BDF3
:109EC80008B5FFF7F3FFBDE80840FFF7A7B80000A3
:109ED80010B5044C2046FFF799FA04232374024B6B
:109EE800A36110BDE42300200004004010B50378EE
:109EF8000446012B5FD1364B984214D1354B0721CC
:109F0800DA691D2042F00202DA61DA691A6942F060
:109F180002021A611A6922F002021A611B69FFF72C
:109F2800D2FD2D4B636146F66802A3699A61DA6136
:109F3800616863690A68B3FBF2F3A269013B936243
:109F4800A368013BD362CB6A5360CB6803F00F036D
:109F5800012B39D0022B39D143F00103486900F0B5
:109F68000F00012803D0022803D143F0200343F057
:109F78001003C86900F00F00012803D0022803D19C
:109F880043F4007343F48073486A00F00F0001281B
:109F980003D0022803D143F4005343F480531362DF
:109FA80001235361002313610B6B23F0FF03D3607C
:109FB8008523136010BD002283691A605A639A636F
:109FC800DA631A645A62B3E70023C5E70023C5E7DA
:109FD800E42300200010024000A24A0483690C31E7
:109FE80003EB81035A607047836970B51A69DD68AD
:109FF80004461540EAB2D243AE071A6103D5436856
:10A008001B6903B19847680704D563689B690BB15E
:10A0180020469847290704D563681B6A0BB1204678
:10A028009847EA0604D563689B6A0BB120469847AF
:10A03800EB0706D563689B681BB12046BDE87040F6
:10A04800184770BD08B50348FFF7CEFFBDE80840C4
:10A05800FEF7E4BFE42300200D4B10B51B6D04018F
:10A0680003F1804303F5C04303EB0010E3581144A8
:10A0780003F1005303F540535B004260002AA1EB53
:10A08800020000DC10BD0088023A43F8040BF5E733
:10A09800005C00402DE9F84F8A4D6C6C670505D5CA
:10A0A8006FF4806388486B64FFF7B2FA260509D518
:10A0B8002B6C854843F008032B646FF400636B64D2
:10A0C800FFF7E0FAE0040DD57E4DAB6C190406D419
:10A0D8002B6C7D4823F008032B64FFF701FB6FF41A
:10A0E80080536B64A20508D577484368DB6803B1E1
:10A0F80098476FF40072734B5A64734D734E230480
:10A1080003D4BDE8F84FFEF789BF04F00F04A70099
:10A1180007F1804707F5B847D7F800A004F102090E
:10A1280005EB89031AF0800FD3F8048025D03A682C
:10A13800D8F81430324042F400423A6019695A683B
:10A1480018680A44801A5A602ED0B8F81020824243
:10A1580028BF024698681A61014499602046FFF7B3
:10A168007BFF3B6823F4F04323F0400383F0300384
:10A1780043F4004343F080033B601AF4004F10D0CF
:10A188003B681AF4006F03EA060343F080033B6060
:10A19800E1B225D005EB8909D9F8043028465B6877
:10A1A8009847484B5C6CAAE7012303FA04F22B8911
:10A1B80023EA02032B81D8F8083013B12146284638
:10A1C8009847202383F3118805EB89035B680021F6
:10A1D80058690C30FEF79AFE002383F31188CCE708
:10A1E800D8F81820374BD2F808C01B6DE14603F1A8
:10A1F800804303F5C04303EB04108368D0F80CE0F8
:10A2080003F10053CEF30900CEF3480E03F5405393
:10A218004FEA8E0A0AEB430A5B00534509F102092B
:10A2280039D16FF0010909FB0E09B9F1000F02D00D
:10A238001B680CF81E30936803449360536803440A
:10A24800536013681B1A1360138A013B9BB2138275
:10A25800B8F81220824200D833BB012303FA04F273
:10A268006B89023423EA02036B8105EB84035B6884
:10A27800DB680BB128469847202383F3118805EB48
:10A2880084046368986941680C30FEF73FFE002338
:10A2980083F3118885E753F804BB09F802BC4FEA39
:10A2A8001B2B09F801BCB8E73B6823F4904323F063
:10A2B800700383F4405343F4004343F080033B604E
:10A2C8006FE700BF005C0040002400200F07FFFF7D
:10A2D8000148FFF7D6B800BF0024002008B503786E
:10A2E800012B12D0094B98420FD11320FFF702FC23
:10A2F8001420FFF7FFFB0322054B1A6403F5DA333A
:10A30800DA6922F40002DA61DB6908BD0024002062
:10A31800005C004090F87E30024A43F08003D3642A
:10A32800704700BF005C004000EB8103F0B5DE68B9
:10A33800336803F00303032B5DD0002B0CBF4FF4ED
:10A3480000730023314A4FEA011C146D726904F14D
:10A35800804404F5C04404EB011572B100226A6020
:10A36800328AD0F88470013222F001023A44C0F8EF
:10A37800842043F020034CF80470B269C2B1748A97
:10A388003E2C04F1FF3239D942F01F02204E01322F
:10A39800521146EA822292B2EA60D0F8842001344F
:10A3A80024F001041444C0F8844043F40053AA6024
:10A3B8008A0002F1804202F5B8421068440410682D
:10A3C80048BF43F48043400648F2800048BF43F04A
:10A3D8004003194321F4784121F0F001014323F4AB
:10A3E800F163116023F0070311685B045B0C4B40B9
:10A3F80003431360F0BD4FF4C063A3E742F00102CA
:10A408000132520202F47C42C6E700BF005C004001
:10A418000080FFFF10B4002180240A4A11655164AE
:10A42800D4644468E4688C420CBF4FF41C444FF475
:10A438001E4414644022C0F88420034A10BCC26041
:10A44800FFF772BF005C004008B3000838B5017818
:10A458000446012919D10D4B984211D10C4B0D4DD1
:10A46800DA69132042F40002DA61DB6929640D21FC
:10A47800FFF729FB0E211420FFF725FB00232B648F
:10A488002046BDE83840FFF7C5BF38BD002400208E
:10A4980000100240005C004040230122C0F88430D4
:10A4A80048F28000930003F1804303F5B84319682C
:10A4B80001320143082A19601860F3D1704700007F
:10A4C800054B53F8210010F4405004D0B0F5805FDC
:10A4D80014BF022001207047005C0040054B53F870
:10A4E800210010F0300003D0102814BF02200120F2
:10A4F800704700BF005C00400B4B02F108001B6D69
:10A5080003F1804303F5C04303EB01139B6803F198
:10A51800005303F540535B001968043322F8021B0B
:10A528009042F9D1704700BF005C004000EB810009
:10A53800C36810B598690268C2B15C8A1319013BF7
:10A54800B3FBF4F39BB2890001F1804101F5B841F6
:10A5580003820B6823F4904323F0700383F4405381
:10A5680043F4004343F080030B6010BD0123EAE786
:10A5780000EB810010B50C46C1684B690A8A18685F
:10A588009968824228BF024620461A61FFF764FD97
:10A59800A00000F1804000F5B840036823F4F043C0
:10A5A80023F0400383F0300343F4004343F0800377
:10A5B800036010BD890001F1804101F5B8410B68C5
:10A5C80023F4904323F0700383F4805343F400434F
:10A5D80043F080030B607047890001F1804101F569
:10A5E800B8410B6823F4F04323F0400383F01003D1
:10A5F80043F4004343F080030B607047890001F186
:10A60800804101F5B8410B6803F44053B3F5405F4E
:10A6180009D00B6823F4F04323F0400343F42043AC
:10A6280043F080030B607047890001F1804101F518
:10A63800B8410B6803F03003302B0BD00B6823F4C0
:10A64800F04323F0400383F0200343F4004343F036
:10A6580080030B60704708B5FDF716FDBDE808409C
:10A66800FFF7A8BA044A536843F00073536044F2F2
:10A678004C22024B9A62704700000140006C004077
:10A68800162303604FF0FF307047002070471846CC
:10A6980070470020704710B5002204460846012183
:10A6A800FEF760FA18B90C234FF0FF30236010BD95
:10A6B80008B51346002158221846F8F759F84FF400
:10A6C80000524260002008BD0120704708B5F7F726
:10A6D8008DFF012303604FF0FF3008BD0120704754
:02A6E800FEE78B
:04A6EC00F8B500BFFE
:04A6F000F8B500BFFA
:10A6F400002020202020202020202828282828204E
:10A704002020202020202020202020202020202045
:10A7140020881010101010101010101010101010AD
:10A72400100404040404040404040410101010109D
:10A734001010414141414141010101010101010167
:10A7440001010101010101010101010110101010B9
:10A754001010424242424242020202020202020239
:10A76400020202020202020202020202101010108D
:10A7740020000000000000000000000000000000B5
:10A7840000000000000000000000000000000000C5
:10A7940000000000000000000000000000000000B5
:10A7A40000000000000000000000000000000000A5
:10A7B4000000000000000000000000000000000095
:10A7C4000000000000000000000000000000000085
:10A7D4000000000000000000000000000000000075
:10A7E4000000000000000000000000000000000065
:10A7F40000000000040C0020000000000000000025
:10A804000000000000000000000000000000000044
:10A814000000000000000000000000000000000034
:10A824000000000000000000000000000000000024
:10A834000000000000000000000000000000000014
:10A844000000000000000000000000000000000004
:10A8540000000000000000000600080000000200E4
:10A864004A003A003C003E00400042000000000064
:10A8740000000000000029003B003D003F004100B3
:10A884004300440045000000000000004D001E008D
:10A8940020002200240026002D00000000000000FB
:10A8A400000035001F0021002300250027002E0092
:10A8B4002A00000053000000A8001400080017003C
:10A8C400180012002F0031004900540055002B00DD
:10A8D4001A0015001C000C00130030004C0000008E
:10A8E4005F0056004B00040007000A000D000F0033
:10A8F4003400000000006000610039001600090007
:10A904000B000E0033000000280000005C0057001C
:10A914004E0000001B001900110036003800000032
:10A9240052005D005E00E1001D00060005001000FD
:10A9340037000000E500000059005B000000E30060
:10A9440000000000000000000000E40051005A0074
:10A954006300E000E2002C0001510000E60000006A
:10A9640050004F0062005800010001000100010086
:10A9740001000100000000000000000000000100D0
:10A9840001000100010001000100010001000000BC
:10A9940000000000010001000100010001000100AD
:10A9A400010000000000000000000100010001009F
:10A9B400010001000100010001000000010000008D
:10A9C400010001000100010001000100010001007B
:10A9D400010001000100010001000100010001006B
:10A9E400010001000100000001000100010001005C
:10A9F400010001000100010001000000000001004D
:10AA0400010001000100010001000100010000003B
:10AA1400010000000100010001000000010001002C
:10AA24000100010001000000C95C010001000100F7
:10AA3400010001000100010001000000010000000C
:10AA440001000100000001000000000000000000FF
:10AA54000000C35CCA5C01000100010001000100A8
:10AA640001000000C25C0000C55CC65C010001007E
:10AA740001000100010001000100010000000000CC
:10AA840000000000000001000100010001000100BD
:10AA940001000100010000000000000001000100AD
:10AAA400010001000100010001000000000000009D
:10AAB400000001000100010001000100010001008B
:10AAC400010000000100000001000100010001007C
:10AAD400010001000100010001000100010001006A
:10AAE400010001000100010001000100010000005B
:10AAF400010001000100010001000100010001004A
:10AB0400010000000000010001000100010001003B
:10AB1400010001000100000001000000010001002B
:10AB2400010000000100010001000100010000001B
:10AB34000100010001000100010001000100010009
:10AB440001000000010000000100010000000100FC
:10AB540000000000000000000000010001000100EE
:10AB640001000100010001000100000001000000DB
:10AB740001000100010001000000000000000000CD
:10AB840000000000000000000000000000000000C1
:10AB940000000000000000000000000000000000B1
:10ABA4002A2B280000000000000000000000000024
:10ABB40000000029000000002C1E3420212224342F
:10ABC4002627252E362D3738271E1F202122232401
:10ABD40025263333362E37381F0405060708090A9D
:10ABE4000B0C0D0E0F101112131415161718191A39
:10ABF4001B1C1D2F3130232D350405060708090AB7
:10AC04000B0C0D0E0F101112131415161718191A18
:10AC14001B1C1D2F3130354C000000007E0F00D46A
:10AC2400FFFFFFC700000078E200E900EA00B5007A
:10AC3400B600B700CD008301CC008A0192019401D3
:10AC44002102230224022502260227022A02B3003B
:10AC5400B4006F007000000000080140070C0140C0
:10AC6400080C0140060C01400308014002080140A1
:10AC740001080140090C0140070801400508014092
:10AC840006080140040801400A0C0140020C01407E
:10AC9400010C0140000C01400F0C01400D0C01405F
:10ACA4000E0C01400C0C01400A0801400908014047
:10ACB400080801401E140A05FFAA7F55407F3F1F64
:10ACC400783C1E64321400046432141E0F05000123
:10ACD400020202020606060909090909090F0F0FF3
:10ACE4000F0F0F15151518191919191919191919FB
:10ACF4001923242525252525252223252628292A07
:10AD04002C2D2F3032333536383A3B3D3E404243CA
:10AD14004547494A4C4E5051535557595A5C5E6009
:10AD240062646668696B6D6F71737577797B7D7F1B
:10AD340081838587898A8C8E90929496989A9C9E1A
:10AD44009FA1A3A5A7A8AAACAEAFB1B3B4B6B8B936
:10AD5400BBBCBEBFC1C2C3C5C6C7C9CACBCCCDCE9E
:10AD6400D0D1D2D2D3D4D5D6D7D7D8D9D9DADADB81
:10AD7400DBDBDCDCDCDCDCDDDDDDDDDCDCDCDCDC0D
:10AD8400DBDBDBDADAD9D9D8D7D7D6D5D4D3D2D24C
:10AD9400D1D0CECDCCCBCAC9C7C6C5C3C2C1BFBE34
:10ADA400BCBBB9B8B6B4B3B1AFAEACAAA8A7A5A39F
:10ADB400A19F9E9C9A98969492908E8C8A8987855E
:10ADC40083817F7D7B79777573716F6D6B6968663D
:10ADD4006462605E5C5A5957555351504E4C4A490F
:10ADE40047454342403E3D3B3A3836353332302FB7
:10ADF4002D2C2A2928262523220000000051250273
:10AE0400C20100000000000001000000000000007A
:10AE1400000000000000000000000000000000002E
:10AE2400000000000000000000000000000100001D
:10AE340000010101010101010101020202020202F9
:10AE440002020203030303030303030404040404CC
:10AE54000404050505050506060606060707070793
:10AE64000708080808090909090A0A0A0B0B0B0C48
:10AE74000C0C0D0D0D0E0E0E0F0F0F1010111111E5
:10AE84001212131314141515161617171818191966
:10AE94001A1A1B1B1C1D1D1E1E1F202021222223CB
:10AEA4002424252626272829292A2B2C2D2D2E2F0C
:10AEB40030313232333435363738393A3B3C3D3E23
:10AEC4003F404142434445464748494A4C4D4E4F12
:10AED40050515354555658595A5B5D5E5F616264D4
:10AEE400656668696B6C6D6F7072737577787A7B61
:10AEF4007D7E8082838587888A8C8E8F91939596B8
:10AF0400989A9C9EA0A2A3A5A7A9ABADAFB1B3B5D7
:10AF1400B7BABCBEC0C2C4C6C9CBCDCFD1D4D6D8B3
:10AF2400DBDDDFE2E4E7E9EBEEF0F3F5F8FAFDFF51
:10AF340000FF0100010000FFFF0000010001FF000D
:10AF4400030C01400E080140050C01400F080140AC
:10AF5400E200E900EA00B500B600B700CD008301C5
:10AF6400CC008A01920194012102230224022502C9
:10AF7400260227022A02B300B4006F00700000000A
:10AF840003000000000000000D8100080000000024
:10AF9400080000007C1D00200000000002000000EA
:10AFA4000000000003000000000000003D840008D1
:10AFB4000000000020000000CC1D00200000000064
:10AFC4000200000000000000858100082D810008B7
:10AFD400D582000811810008B4B00008B8B0000898
:10AFE400CCB000080412080019B0000832B0000800
:10AFF40052B0000874B00008D6B00008F8B00008D9
:10B004004022B609025B00030100A0FA0904000013
:10B01400010301010009211101000122400007057B
:10B02400810308000A090401000203000000092149
:10B0340011010001222200070582032000010705F7
:10B044000303200001090402000103000000092198
:10B054001101000122B6000705840320000A120131
:10B06400100100000040444B353902000102000188
:10B0740005010906A101050719E029E715002501C5
:10B08400950875018102950175088101050719006C
:10B0940029FF150026FF009506750881000508198B
:10B0A400012905950575019102950175039101C06A
:10B0B4000403090412034B006100620065005F0091
:10B0C40044006F006E00000008033900380065007A
:10B0D40000000660FF0961A1010962150026FF0056
:10B0E4009520750881020963150026FF00952075D7
:10B0F400089102C005010902A10185020901A1000C
:10B104000509190129081500250195087501810211
:10B114000501093009311581257F950275088106DD
:10B1240009381581257F950175088106050C0A38B3
:10B13400021581257F950175088106C0C0050109A6
:10B1440080A101850319012AB700150126B70095CE
:10B154000175108100C0050C0901A10185041901C4
:10B164002AA002150126A002950175108100C005D0
:10B17400010906A1018505050719E029E715002540
:10B18400019508750181020507190029EF150025AD
:10B194000195F075018102050819012905950575C8
:10B1A400019102950175039101C0000000000000A7
:10B1B40061880008518800088188000871880008A7
:10B1C4007B8800086B8800085B8800084B880008AF
:10B1D4000000000034B600088C2400208C240020D9
:10B1E4008C24002034B60008000000000000000099
:10B1F4000000000034B60008000000000000000059
:10B204000000000034B60008000000000000000048
:10B214000000000034B60008000000000000000038
:10B224000000000034B60008000000000000000028
:10B234000000000034B60008000000000000000018
:10B244000000000034B60008000000000000000008
:10B25400000000006D61696E0069646C65000000A7
:10B264005DB20008E02200209823002001000000C5
:10B27400D58B000800000000000001000000000061
:10B284000000024008000240010000000000000B22
:10B29400000002401C000240020000000004010CF7
:10B2A4000000024030000240040000000008020DCB
:10B2B400000002404400024008000000000C030E9D
:10B2C4000000024058000240100000000010040F6B
:10B2D400000002406C000240200000000014051031
:10B2E40000000240800002404000000000180611E7
:10B2F40004020408080003070808080808080808E6
:10B304000B0F000000000000FD960008A59900083E
:10B31400579A000840004000201E0020201E0020F4
:10B3240001000000341E0020FFFFFFFF884B8888C7
:10B33400B8848888FFFFFFFF888888888883888886
:10B34400FFFFFFFF8888888888883888FFFFFFFF11
:10B354004488888888888888FFFFFFFF88888888D1
:10B36400888888885245454E54206D616C6C6F63A3
:10B374002073756363656564656400002E2E2F2E4B
:10B384002E2F2E2E2F2E2E2F2E2E2F2E2E2F2E2ED4
:10B394002F2E2E2F6E65776C69622F6C6962632F76
:10B3A4007374646C69622F72616E642E63000000B2
:10B3B4002C2066756E6374696F6E3A20000000007D
:10B3C400617373657274696F6E202225732220661F
:10B3D40061696C65643A2066696C65202225732274
:10B3E4002C206C696E65202564257325730A000082
:10B3F400232D302B20000000686C4C0065666745E7
:10B40400464700003031323334353637383941421B
:10B41400434445460000000030313233343536377A
:0CB4240038396162636465660000000056
:08B43000FC6EFF7F010000002B
:10B43800040C0020000000003CA800081CA800081C
:10B44800FCA7000800000000000000000000000049
:10B4580000000000000000000000000000000000E4
:10B4680000000000000000000000000000000000D4
:10B4780000000000000000000000000000000000C4
:10B4880000000000000000000000000000000000B4
:10B49800000000001E320A141E6408280201010080
:10B4A8001800181801191A1B1C1D1E1F2021220024
:10B4B800291C0020CD8000080400000004000000C2
:10B4C8000000000000000000000000000000000074
:10B4D8000000000000000000000000000000000064
:10B4E8000000000000000000000000000000000054
:10B4F8000000000000000000000000000300000041
:10B5080000000000738A000800000000200000000E
:10B518000000000000000000020000000000000021
:10B52800030000000000000000000000E98A000895
:10B5380000002000000000000000000002000000E1
:10B54800000000000300000000000000278B000836
:10B5580000000000080000000000000000000000DB
:10B568000200000000000000002400200203000088
:10B57800040000000400000020000000200000007B
:10B5880000000000541C0020E41C00200000000003
:10B5980000000000000000000000000000000000A3
:10B5A8000000000000000000000000000000000093
:10B5B8000000000000000000000000000000000083
:10B5C8000000000000000000000000000000000073
:10B5D8000000000000000000000000000000000063
:10B5E8000000000000000000000000000000000053
:10B5F8000000000000000000000000000000000043
:10B608000000000000000000000000000100000031
:10B618005D850008698500080586000849860008D8
:0CB628007D86000800960000000008006D
:04000005080022C904
:00000001FF
