:100000000C942C0E0C94750E0C94750E0C94750EAD
:100010000C94750E0C94750E0C94750E0C94750E54
:100020000C94750E0C94750E0C94BE470C94964867
:100030000C94C8380C94750E0C94750E0C94750EB7
:100040000C94750E0C94750E0C94750E0C94750E24
:100050000C9444200C941F390C94750E0C94750E5E
:100060000C94750E0C94750E0C94750E0C94750E04
:100070000C94750E0C94750E0C94750E0C94750EF4
:100080000C94750E0C94750E0C94750E0C94750EE4
:100090000C94750E0C94750E2020202000534352B2
:1000A000200020202020004341502000202020203C
:1000B000004E554D2000556E646566696E6564009E
:1000C00046756E6374696F6E0A00426173650A005B
:1000D0004C617965723A20004D306C6C790A0035BC
:1000E000001E001F00200021002200230024002504
:1000F00000260027002D002E002A00000053005487
:1001000000550056002B0014001A000800150017B7
:10011000001C0018000C00120013002F00300031EA
:100120000000005F0060006100000039000400165C
:1001300000070009000A000B000D000E000F00333D
:100140000034000000280000005C005D005E0057E5
:1001500000E10000001D001B000600190005001151
:10016000001000360037003800E50000000000599C
:10017000005A005B000000E000E300E20000000025
:10018000002C00000000000000E6000000E7000175
:1001900051E400000062000000630058000100010B
:1001A0000001000100010001000100010001000147
:1001B00000010001000100005C00000100010001DD
:1001C0000001000100010001000100010001000127
:1001D0000001000100010001000100010001000018
:1001E0000001000100010000000100010001000108
:1001F00000010001000100010001000100010001F7
:1002000000000001000000010001000100010001E8
:10021000000000C25CC35CC55CC65CC75CC85CC94E
:100220005CCA5CC05C01000100000000000100012C
:1002300000010000000100010001000000000001B9
:100240000000000000000001000000010001510159
:100250000000000100000001000100444542554734
:100260003A2064697361626C65642E0A00444542F9
:1002700055473A20656E61626C65642E0A00000085
:100280000000000000002A2B2800000000000000F1
:1002900000000000000000000029000000002C1EEB
:1002A0003420212224342627252E362D3738271EA8
:1002B0001F202122232425263333362E37381F04CE
:1002C00005060708090A0B0C0D0E0F101112131466
:1002D00015161718191A1B1C1D2F3130232D350424
:1002E00005060708090A0B0C0D0E0F101112131446
:1002F00015161718191A1B1C1D2F3130354C00000C
:1003000000000000000000000000000000000000ED
:1003100000007E0F00D4FFFFFFC7000000780A0036
:10032000253033326C62003A200025303258000A02
:10033000722F632030313233343536373839414209
:10034000434445463031323334353637383941420B
:10035000434445460A007267626C6967687420749A
:10036000696D65722064697361626C652E0A007242
:1003700067626C696768742074696D657220656E68
:1003800061626C65642E0A007267626C69676874EA
:1003900020736574207370656564205B4E4F45451E
:1003A00050524F4D5D3A2025750A007267626C69A4
:1003B00067687420736574207370656564205B459D
:1003C0004550524F4D5D3A2025750A007267626CA8
:1003D000696768742073657420687376205B4E4F7C
:1003E000454550524F4D5D3A2025752C25752C25DD
:1003F000750A007267626C6967687420736574209F
:10040000687376205B454550524F4D5D3A20257507
:100410002C25752C25750A007267626C69676874F3
:10042000207261696E626F772073657420687376DD
:100430003A2025642C25642C25642C25750A00722D
:1004400067626C696768742064697361626C6520B7
:100450005B4E4F454550524F4D5D3A207267626C7E
:10046000696768745F636F6E6669672E656E616247
:100470006C65203D2025750A007267626C696768AB
:10048000742064697361626C65205B454550524F0E
:100490004D5D3A207267626C696768745F636F6E66
:1004A0006669672E656E61626C65203D2025750A60
:1004B000007267626C6967687420656E61626C6562
:1004C000205B4E4F454550524F4D5D3A207267625A
:1004D0006C696768745F636F6E6669672E656E61CD
:1004E000626C65203D2025750A007267626C696741
:1004F000687420656E61626C65205B454550524FA3
:100500004D5D3A207267626C696768745F636F6EF5
:100510006669672E656E61626C65203D2025750AEF
:10052000007267626C6967687420746F67676C65D6
:10053000205B454550524F4D5D3A207267626C69B1
:100540006768745F636F6E6669672E656E61626C63
:1005500065203D2025750A007267626C69676874C2
:10056000206D6F6465205B4E4F454550524F4D5D89
:100570003A2025750A007267626C69676874206D9D
:100580006F6465205B454550524F4D5D3A2025759F
:100590000A007267626C696768745F696E697420CB
:1005A0007267626C696768745F636F6E6669672EF5
:1005B0006D6F6465203D20302E2057726974652070
:1005C00064656661756C742076616C756573207402
:1005D0006F20454550524F4D2E0A007267626C697C
:1005E0006768745F696E6974206565636F6E6669BC
:1005F00067206973206E6F7420656E61626C65643C
:100600002E0A007267626C696768745F696E69744C
:10061000207374617274210A007267626C69676882
:10062000745F696E69742063616C6C65642E0A0086
:100630007267626C696768745F636F6E6669672E64
:100640007370656564203D2025640A007267626CE2
:10065000696768745F636F6E6669672E76616C2088
:100660003D2025640A007267626C696768745F6385
:100670006F6E6669672E736174203D2025640A00E1
:100680007267626C696768745F636F6E6669672E14
:10069000687565203D2025640A007267686C69678B
:1006A00068745F636F6E6669672E6D6F6465203D69
:1006B0002025640A007267626C696768745F636F03
:1006C0006E6669672E656E61626C65203D202564EB
:1006D0000A007267626C696768745F636F6E66694F
:1006E0006720454550524F4D3A0A0032190A00041E
:1006F0007F3F1F643214643214783C1E1E140A05B6
:100700002223252628292A2C2D2F3032333536381E
:100710003A3B3D3E4042434547494A4C4E50515377
:100720005557595A5C5E6062646668696B6D6F719B
:10073000737577797B7D7F81838587898A8C8E909D
:10074000929496989A9C9E9FA1A3A5A7A8AAACAEA6
:10075000AFB1B3B4B6B8B9BBBCBEBFC1C2C3C5C6E6
:10076000C7C9CACBCCCDCED0D1D2D2D3D4D5D6D78F
:10077000D7D8D9D9DADADBDBDBDCDCDCDCDCDDDDCD
:10078000DDDDDCDCDCDCDCDBDBDBDADAD9D9D8D7BD
:10079000D7D6D5D4D3D2D2D1D0CECDCCCBCAC9C75F
:1007A000C6C5C3C2C1BFBEBCBBB9B8B6B4B3B1AF96
:1007B000AEACAAA8A7A5A3A19F9E9C9A9896949236
:1007C000908E8C8A89878583817F7D7B797775730D
:1007D000716F6D6B6968666462605E5C5A595755EB
:1007E0005351504E4C4A4947454342403E3D3B3AA7
:1007F0003836353332302F2D2C2A2928262523222E
:10080000FFAA7F55406261636B6C69676874206200
:100810007265617468696E672064697361626C6592
:100820000A006261636B6C6967687420627265615B
:100830007468696E6720656E61626C650A0062614A
:10084000636B6C6967687420627265617468696E55
:100850006720746F67676C653A2025750A006261CE
:10086000636B6C6967687420737465703A202575D2
:100870000A006261636B6C69676874206469736104
:10088000626C650A006261636B6C696768742065FD
:100890006E61626C650A006261636B6C69676874A3
:1008A00020746F67676C653A2025750A0062616382
:1008B0006B6C696768742064656372656173653A1F
:1008C0002025750A006261636B6C69676874206932
:1008D0006E6372656173653A2025750A0000000039
:1008E00000000000000000000101020304050608EA
:1008F0000A0C0F1114181C2024292E33393F464CA2
:10090000535B626A7179818A929AA2AAB2B9C1C80C
:10091000CFD5DCE1E7EBF0F4F7FAFCFDFEFFFEFDDE
:10092000FCFAF7F4F0EBE7E1DCD5CFC8C1B9B2AA25
:10093000A29A928A8179716A625B534C463F39333D
:100940002E2924201C1814110F0C0A080605040374
:100950000201010000000000000000000000010191
:10096000010101010101010202020202020202026E
:10097000030303030303030304040404040404053E
:100980000505050506060606060707070707080802
:100990000808090909090A0A0A0B0B0B0C0C0C0DB3
:1009A0000D0D0E0E0E0F0F0F10101111111212134C
:1009B000131414151516161717181819191A1A1BC7
:1009C0001B1C1D1D1E1E1F20202122222324242526
:1009D0002626272829292A2B2C2D2D2E2F3031325F
:1009E00032333435363738393A3B3C3D3E3F40416F
:1009F00042434445464748494A4C4D4E4F50515357
:100A000054555658595A5B5D5E5F6162646566680D
:100A1000696B6C6D6F7072737577787A7B7D7E8091
:100A200082838587888A8C8E8F91939596989A9CDD
:100A30009EA0A2A3A5A7A9ABADAFB1B3B5B7BABCF1
:100A4000BEC0C2C4C6C9CBCDCFD1D4D6D8DBDDDFC2
:100A5000E2E4E7E9EBEEF0F3F5F8FAFDFF6F6C6521
:100A6000645F6F666620636D64206661696C6564AF
:100A70000A0000AE6F6C65645F6F6E20636D64206A
:100A80006661696C65640A0000AF6F6C65645F72D3
:100A9000656E6465723930206461746120666169D5
:100AA0006C65640A006F6C65645F72656E64657284
:100AB0002064617461206661696C65640A006F6C12
:100AC00065645F72656E646572206F6666736574D7
:100AD00020636F6D6D616E64206661696C65640A88
:100AE00000646973706C61795F736574757032202E
:100AF0006661696C65640A0000DA02818FD9F1DBF6
:100B000040A4A62EAF646973706C61795F666C69EE
:100B100070706564206661696C65640A0000A0C03D
:100B20006F6C65645F696E697420636D64206E6FBD
:100B3000726D616C20726F746174696F6E20666192
:100B4000696C65640A0000A1C86F6C65645F696EBA
:100B5000697420636D642073657420312066616957
:100B60006C65640A0000AED580A81FD300408D14C8
:100B700020000000000000003E5B4F5B3E003E6B2B
:100B80004F6B3E001C3E7C3E1C00183C7E3C180017
:100B90001C577D571C001C5E7F5E1C0000183C1813
:100BA0000000FFE7C3E7FF00001824180000FFE77C
:100BB000DBE7FF0030483A060E0026297929260097
:100BC000407F05050700407F05253F005A3CE73C74
:100BD0005A007F3E1C1C0800081C1C3E7F0014228B
:100BE0007F2214005F5F005F5F0006097F017F00C6
:100BF000006689956A0060606060600094A2FFA250
:100C0000940008047E04080010207E2010000808CC
:100C10002A1C0800081C2A0808001E1010101000CA
:100C20000C1E0C1E0C0030383E383000060E3E0EF6
:100C3000060000000000000000005F000000000748
:100C400000070000147F147F1400242A7F2A12005A
:100C50002313086462003649562050000008070339
:100C60000000001C224100000041221C00002A1C40
:100C70007F1C2A0008083E08080000807030000031
:100C80000808080808000000606000002010080440
:100C900002003E5149453E0000427F40000072493B
:100CA000494946002141494D33001814127F100074
:100CB0002745454539003C4A494931004121110940
:100CC0000700364949493600464949291E000000B7
:100CD000140000000040340000000008142241000D
:100CE00014141414140000412214080002015909BC
:100CF00006003E415D594E007C1211127C007F4976
:100D0000494936003E41414122007F4141413E0078
:100D10007F49494941007F09090901003E4141518C
:100D200073007F0808087F0000417F4100002040D9
:100D3000413F01007F08142241007F4040404000B5
:100D40007F021C027F007F0408107F003E4141416A
:100D50003E007F09090906003E4151215E007F09DE
:100D60001929460026494949320003017F01030041
:100D70003F4040403F001F2040201F003F40384080
:100D80003F006314081463000304780403006159EE
:100D9000494D4300007F41414100020408102000FA
:100DA000004141417F0004020102040040404040F4
:100DB00040000003070800002054547840007F28BA
:100DC00044443800384444442800384444287F00D0
:100DD00038545454180000087E09020018A4A49C3A
:100DE00078007F080404780000447D400000204023
:100DF000403D00007F102844000000417F4000007B
:100E00007C04780478007C08040478003844444466
:100E10003800FC182424180018242418FC007C082E
:100E20000404080048545454240004043F4424009B
:100E30003C4040207C001C2040201C003C403040B6
:100E40003C004428102844004C9090907C0044645E
:100E5000544C4400000836410000000077000000B8
:100E60000041360800000201020402003C2623264D
:100E70003C00000000000000404040F0F8F8FF385F
:100E8000FFF8F83FF8F8FF38FFF8F8F0404040006E
:100E9000000000000080C0C0C0800000C0C0800012
:100EA000000080C0C000C0C0000080C0C0000000C2
:100EB0000000C0C0C0C0C000C0C0000000000000F2
:100EC0000000000000000000000000000000000022
:100ED0000000000000000000000000000000000012
:100EE0000000000000000000000000000000000002
:100EF00000C0F0F8FC3E1E06010000007F414141A9
:100F00007F007F4141417F000080C0E07E5B4F5BFE
:100F1000FEC00000C000DCD7DEDEDED7DC00C00093
:100F200000000000000000000000000000000000C1
:100F30000000000000000000494949FFFFFFFFE0FA
:100F4000DFBFBF00BFBFDFE0FFFFFFFF4949490030
:100F5000000000001F3F6060E0BF1F007F7F071E92
:100F6000381E077F7F007F7F0E1F3B7160000000EF
:100F700000007F7F0C0C0C007E7E007F7E03030050
:100F80007F7E03037E7E03037F7E000F3E703C0660
:100F90003C703E0F00327B49493F7E007F7E030359
:100FA000001E3F69696F260000000000000000007D
:100FB00000030F1F3F3C7870600000007F414141FB
:100FC0007F007F4141417F00307B7F78302020309F
:100FD000787F3B0003000F7F0F0F0F7F0F00030090
:100FE0000000000000000000000000000000000001
:100FF0000000000000000000010101070F0F7F0F3B
:101000007F0F0F7E0F0F7F0F7F0F0F070101010072
:1010100000000000000000000001010000000000CE
:1010200000000000000000000000000000000000C0
:1010300000000000000000000000000000000000B0
:1010400000000000000000000000000000000000A0
:101050000000000000000000000000000000000090
:101060000000000000000000000000000000000080
:101070000000000000000000000000000000000070
:101080000000000000000000000000000000000060
:101090000000000000000000000000000000000050
:1010A0000000000000000000000000000000000040
:1010B00000000A002530325820006B6579626F61AC
:1010C00072645F7265706F72743A20000A00253096
:1010D0003258006B6579626F6172645F7365745F2B
:1010E0006C65643A200064656C5F6B65795F62696A
:1010F000743A2063616E27742064656C3A20253051
:1011000032580A006164645F6B65795F6269743AA2
:101110002063616E2774206164643A202530325860
:101120000A00290A002575002F002575005D28009A
:10113000256400200025640020002564002000258F
:1011400064007C0025303258006D6F7573656B65E7
:1011500079205B62746E7C782079207620685D2827
:101160007265702F61636C293A205B006D6B5F774D
:101170006865656C5F74696D655F746F5F6D6178DC
:10118000203D2025640A006D6B5F776865656C5FA4
:101190006D61785F7370656564203D2025640A0089
:1011A0006D6B5F74696D655F746F5F6D6178203D15
:1011B0002025640A006D6B5F6D61785F73706565F3
:1011C00064203D2025640A006D6B5F696E74657252
:1011D00076616C203D2025640A006D6B5F64656C50
:1011E0006179203D2025640A006D6B5F7768656535
:1011F0006C5F74696D655F746F5F6D6178203D2011
:1012000025640A006D6B5F776865656C5F6D61785A
:101210005F7370656564203D2025640A006D6B5F17
:1012200074696D655F746F5F6D6178203D20256422
:101230000A006D6B5F6D61785F7370656564203D5A
:101240002025640A006D6B5F696E74657276616C4F
:10125000203D2025640A006D6B5F64656C61792018
:101260003D2025640A000A00257500363A2077687B
:1012700065656C5F74696D655F746F5F6D61783A09
:1012800020000A00257500353A20776865656C5F97
:101290006D61785F73706565643A20000A0025759A
:1012A00000343A2074696D655F746F5F6D61783AE0
:1012B00020000A00257500333A206D61785F737055
:1012C0006565643A20000A00257500323A20696E8F
:1012D00074657276616C286D73293A20000A0025C6
:1012E0007500313A2064656C6179282A31306D735C
:1012F000293A20000A092D2056616C756573202D4E
:101300000A004D3E004D25643E20003F0073657489
:101310002064656661756C740A00433E200077683E
:101320006572652064656C74613A20637572736FD1
:10133000723D25642C20776865656C3D25640A53F1
:10134000656520687474703A2F2F656E2E77696B0F
:101350006970656469612E6F72672F77696B692F99
:101360004D6F7573655F6B6579730A000A092D20EF
:101370004D6F7573656B6579202D0A4553432F7149
:101380003A09717569740A313A0964656C617928A2
:101390002A31306D73290A323A09696E74657276A2
:1013A000616C286D73290A333A096D61785F737037
:1013B0006565640A343A0974696D655F746F5F6DC1
:1013C00061780A353A09776865656C5F6D61785FA9
:1013D00073706565640A363A09776865656C5F7491
:1013E000696D655F746F5F6D61780A0A703A0970A4
:1013F00072696E742076616C7565730A643A09735C
:1014000065742064656661756C74730A75703A0959
:101410002B310A646F776E3A092D310A7067757047
:101420003A092B31300A7067646F776E3A092D31B3
:10143000300A0A7370656564203D2064656C7461D0
:10144000202A206D61785F7370656564202A2028EA
:10145000726570656174202F2074696D655F746FAB
:101460005F6D6178290A003F004D3E2000433E2019
:10147000004C25640A0074696D65725F7265616471
:10148000333228293A202530346C580A006B6579AC
:101490006D61705F636F6E6669672E6E6B726F3A17
:1014A0002025580A006B6579626F6172645F696418
:1014B0006C653A2025580A006B6579626F61726429
:1014C0005F70726F746F636F6C3A2025580A006802
:1014D0006F73745F6B6579626F6172645F6C656472
:1014E0007328293A2025580A000A092D20537461CF
:1014F000747573202D0A004743433A20382E332E4B
:1015000030204156522D4C4942433A20322E302E43
:1015100030204156525F415243483A20617672353D
:10152000310A004F5054494F4E533A204C554641D2
:10153000204D4F5553454B45592045585452414B2A
:10154000455920434F4E534F4C4520434F4D4D413D
:101550004E44204E4B524F20383139320A0042550A
:10156000494C443A2022302E392E34332D31342D3B
:10157000676334643737382D6469727479222028A0
:1015800032313A32393A3533204A756C20313920BC
:1015900032303230290A005649443A203078353406
:1015A000344228546865204B657920436F6D706123
:1015B0006E7929205049443A203078303030342830
:1015C0004D306C6C7929205645523A2030783030B5
:1015D00030310A000A092D2056657273696F6E203A
:1015E0002D0A000A092D20436F6E736F6C65202D44
:1015F0000A4553432F713A09717569740A6D3A09A6
:101600006D6F7573656B65790A000A092D204D6150
:10161000676963202D0A443A094465627567204D65
:1016200065737361676520546F67676C650A583A24
:10163000094D6174726978204465627567204D6F49
:10164000646520546F67676C65202D2053686F7741
:10165000206B65797072657373657320696E206D98
:10166000617472697820677269640A4B3A094B6544
:1016700079626F61726420446562756720546F6798
:10168000676C65202D2053686F77206B65797072C9
:10169000657373207265706F72740A4D3A09446500
:1016A000627567204D6F75736520546F67676C6551
:1016B0000A563A0956657273696F6E0A533A0953AE
:1016C00074617475730A433A09416374697661748D
:1016D0006520436F6E736F6C65204D6F64650A46BD
:1016E000312D4631303A0953776974636820746F3D
:1016F000204C6179657220302D3920284631302008
:101700003D204C30290A302D393A095377697463EA
:101710006820746F204C6179657220302D390A473A
:10172000524156453A0953776974636820746F20B3
:101730004C6179657220302028616C7465726E612D
:101740007465290A423A094A756D7020746F204207
:101750006F6F746C6F616465720A4553433A094A4E
:10176000756D7020746F20426F6F746C6F6164656B
:10177000722028616C7465726E617465290A453A3D
:10178000095072696E7420454550524F4D20536583
:101790007474696E67730A4253504143453A094372
:1017A0006C65617220454550524F4D0A4E3A094EC4
:1017B0004B524F20546F67676C650A000A0025750D
:1017C000002E6C6576656C3A20000A002575002EA7
:1017D000656E61626C653A20000A0025303258005F
:1017E0006261636B6C696768745F636F6E6669677B
:1017F0002E7261773A20000A002575002E6E6B72FA
:101800006F3A20000A002575002E737761705F62C1
:1018100061636B736C6173685F6261636B7370614A
:1018200063653A20000A002575002E737761705FAA
:1018300067726176655F6573633A20000A002575FB
:10184000002E6E6F5F6775693A20000A00257500EB
:101850002E737761705F72616C745F726775693A3D
:1018600020000A002575002E737761705F6C616C33
:10187000745F6C6775693A20000A002575002E7345
:101880007761705F7263746C5F726775693A20008C
:101890000A002575002E737761705F6C63746C5F4E
:1018A0006C6775693A20000A002575002E63617027
:1018B000736C6F636B5F746F5F636F6E74726F6C6A
:1018C0003A20000A002575002E737761705F636F00
:1018D0006E74726F6C5F636170736C6F636B3A20D0
:1018E000000A0025303258006B65796D61705F63C6
:1018F0006F6E6669672E7261773A20000A0025755F
:10190000002E6D6F7573653A20000A002575002E54
:101910006B6579626F6172643A20000A0025750078
:101920002E6D61747269783A20000A002575002EC8
:10193000656E61626C653A20000A002530325800FD
:1019400064656275675F636F6E6669672E72617743
:101950003A20000A0025750064656661756C745F45
:101960006C617965723A20003F004E4B524F3A202D
:101970006F66660A004E4B524F3A206F6E0A000A9D
:101980006D6F7573653A206F66660A000A6D6F7534
:1019900073653A206F6E0A000A6B6579626F617237
:1019A000643A206F66660A000A6B6579626F61723D
:1019B000643A206F6E0A000A6D61747269783A2089
:1019C0006F66660A000A6D61747269783A206F6EFC
:1019D0000A000A64656275673A206F66660A000A43
:1019E00064656275673A206F6E0A000A0A4A756D6F
:1019F00070696E6720746F20626F6F746C6F6164C2
:101A000065722E2E2E2000433E2000436C656172CD
:101A1000696E6720454550524F4D0A006565636FFA
:101A20006E6669673A0A005B735D004B6579626FA9
:101A30006172642073746172742E0A005B575D00DA
:101A40005B535D005B525D005B445D005B435D008A
:101A50000403300000000C034D0030006C006C00EB
:101A600079000000200354006800650020004B004E
:101A700065007900200043006F006D007000610078
:101A80006E00790000000403090409027B000401D0
:101A900000A0FA090400000103010100092111015D
:101AA00000012240000705810308000A0904010023
:101AB0000203000000092111010001222200070594
:101AC000820320000107050303200001090402002E
:101AD000010300000009211101000122BC000705DB
:101AE000840320000A090403000203000000092106
:101AF00011010001222200070585032000010705CE
:101B0000050320000112011001000000084B5404DD
:101B1000000100010203010631FF0974A1010975EA
:101B2000150026FF0095207508810209761500260C
:101B3000FF00952075089102C00660FF0961A101B0
:101B40000962150026FF00952075088102096315BA
:101B50000026FF00952075089102C005010902A129
:101B60000185020901A100050919012905150025B2
:101B70000195057501810295017503810105010932
:101B80003009311581257F950275088106093815C0
:101B900081257F950175088106050C0A380215819B
:101BA000257F950175088106C0C005010980A10146
:101BB000850319012AB700150126B7009501751094
:101BC0008100C0050C0901A101850419012AA002A8
:101BD000150126A002950175108100C005010906B6
:101BE000A1018505050719E029E7150025019508DC
:101BF000750181020507190029EF1500250195F0EF
:101C000075018102050819012905950575019102E3
:101C1000950175039101C005010906A10105071988
:101C2000E029E715002501950875018102950175E8
:101C30000881010507190029FF150026FF009506F8
:101C4000750881000508190129059505750191029E
:101C5000950175039101C00011241FBECFEFD0E2A2
:101C6000DEBFCDBF04B603FE27C080916F06909102
:101C70007006A0917106B09172068730904BA74014
:101C8000B04BD1F410926F0610927006109271064C
:101C90001092720614BE84B7877F84BF0FB6F89483
:101CA000A895809160008861809360001092600028
:101CB0000FBEE0E0F0EF099511E0A0E0B1E0E8ED43
:101CC000F8E900E00BBF02C007900D92AE3FB107EC
:101CD000D9F726E0AEEFB1E001C01D92AF36B207F2
:101CE000E1F70E9467440C94D54B0C940000FF93DD
:101CF000EF93E091FE01F091FF01309709F0099513
:101D0000EF91FF910895FC018591803011F0EFDF94
:101D1000FBCF0895FF27E0E230E247FF0CC041957A
:101D200097FF09C0EDE26095709580959095611DD3
:101D3000711D811D911D27FF02C0219530E350E2E6
:101D4000AA27660F771F881F991FAA1FA41710F0D4
:101D5000A41B63955A95A9F7AA3008F0A95FA05D66
:101D6000AF93F395611571058105910541F7ED324A
:101D700011F4EF93F395F21718F43F93F395FBCF1B
:101D80008F91B5DFFA95E1F70895E991F991859181
:101D9000803021F0853219F0AADFF9CF089520E0D4
:101DA000E89455915532C1F3503311F4689455912C
:101DB0005A3348F4505390F3220F022E220F220F71
:101DC000200D250FF4CF0EF421958991999153366A
:101DD00019F3533729F1533559F1BC018827992755
:101DE000E8945C3621F48991999168945591543620
:101DF00039F446EF7EF077FF0DC08FEF9FEF0AC0FA
:101E000055374AE039F0583540E121F0523642E08A
:101E100009F00895FF93EF937DDFEF91FF91B7CF26
:101E2000FF93EF93FC0181918030B9F360DFFBCF2A
:101E3000FF93EF9368DFF1CFDF93CF93CDB7DEB79A
:101E40002596A3DFCF91DF9108955098589A519825
:101E5000599A0C94352B0C9485130C94920F8AB1DB
:101E60008C618AB9279A2F9A08950E942F0F0C949B
:101E7000841380FF08C05A9A81FF07C05B9A82FFD3
:101E800006C05C9A08955A98F7CF5B98F8CF5C9893
:101E90000895CF9360E088ED90E00E94062660E010
:101EA00080ED90E00E9406266091690370916A03BC
:101EB00080916B0390916C030E944336882341F01C
:101EC000813051F160E086EB90E00E94182605C059
:101ED00060E08AEC90E00E9406260E948C2AC82FBF
:101EE0008CEA90E0C0FF02C081EB90E060E00E94CD
:101EF000062682EA90E0C1FF02C087EA90E060E037
:101F00000E94062688E990E0C2FF02C08DE990E0B9
:101F100060E0CF910C94062660E080EC90E0DBCF8F
:101F200081E0089581E0089508950C94940F1F9323
:101F3000CF93DF9300D000D00F92CDB7DEB74983A7
:101F40005A836B833091F40289819A8131111DC0CB
:101F50006623B9F02223A9F00E94FA34182F682FC3
:101F600089819A810E94A63469817A81812F0F909C
:101F70000F900F900F900F90DF91CF911F910C94C5
:101F8000BC230E94D234182FEFCF0E94FA3469810B
:101F90007A81EDCFFC01262F4081518162817381CE
:101FA00084810C94970FCF93DF93EC0160E00E9443
:101FB000CA0FBE01DF91CF910C94950FFF920F9342
:101FC0001F93CF93DF93E82FF0E0E258FD4FF4909A
:101FD000C82FC695C695C695D0E0FE01E25FFC4FBE
:101FE0000491877010E0082E02C0159507950A9499
:101FF000E2F701701127C250DD4FFE01C491D0E01D
:1020000002C0D595C7958A95E2F7C170DD27011505
:10201000110519F081EE0E94942C209719F086EE9C
:102020000E94942C8F2D0E94812DCD2B19F086EECD
:102030000E942B2D012B41F081EEDF91CF911F915A
:102040000F91FF900C942B2DDF91CF911F910F9149
:10205000FF900895EF92FF920F931F93CF93DF931A
:10206000EC01162F0AE08881882309F454C08130DE
:1020700009F04EC08981813099F47E0122E0E20EA0
:10208000F11C8A810E94812DE7012196812F8150C8
:1020900050F3EFE9FFE03197F1F700C00000F7CF10
:1020A000823041F47E0182E0E80EF11C8A810E94B8
:1020B000942CEACF833041F47E01E2E0EE0EF11C75
:1020C0008A810E942B2DE0CF843011F02196DDCF44
:1020D0002A81229690E080E0AE014F5F5F4F20534F
:1020E000330B2A30310548F0019778F2EFE9FFE031
:1020F0003197F1F700C00000F7CF089FB001099FAA
:10210000700D1124C901860F971F2981EA01E4CFC0
:102110000E94DE0FBACFDF91CF911F910F91FF90F8
:10212000EF90089560E00C942A108F929F92AF92E6
:10213000BF92CF92DF92EF92FF920F931F936B01AA
:102140007C0181E090E0A0E0B0E04C015D0104C0C2
:10215000880C991CAA1CBB1C4A95D2F7B501A40196
:102160004C015D0104C0880C991CAA1CBB1C2A955B
:10217000D2F7482959296A297B2904C0880F991F59
:10218000AA1FBB1F0A95D2F78A019B010C211D21B2
:102190002E213F21041715072607370789F48C29BC
:1021A0009D29AE29BF29BC01CD011F910F91FF9040
:1021B000EF90DF90CF90BF90AF909F908F90089559
:1021C00080959095A095B0958C219D21AE21BF2141
:1021D000EACF0F93382F262F6091690370916A031D
:1021E00080916B0390916C03042F432F0E949510F4
:1021F0000F910C94E4330E9469390E94E1368111F9
:1022000002C00E9487370E94B7200C94350F0C94AF
:102210002B0F81E008950C940911CF93C82F0E94D1
:10222000390F8C2FCF910C940B1108950E94103010
:102230000E9415112FEF84E39CE0215080409040D4
:10224000E1F700C000000C9443390F931F93CF9324
:10225000DF93EC0161E00E94CA0F8C01BE010E9475
:1022600050218823A1F1BE01C8010E942D0F8823AF
:1022700071F1BE01C8010E949C1F882341F1BE017B
:10228000C8010E940428882311F1BE01C8010E94E0
:1022900045288823E1F0BE01C8010E9468298823EF
:1022A000B1F0BE01C8010E94981D882381F08A8187
:1022B000882341F101308CE5180779F00E3D8CE55B
:1022C0001807E9F001151C45E9F40E94161180E099
:1022D000DF91CF911F910F91089590919603892FCF
:1022E0008E7F90FF81608093960380FF05C08DE60E
:1022F00092E00E94830EEBCF8BE592E0FACF0E9432
:102300008737E5CFCE01DF91CF911F910F910C94CC
:10231000900F90E080E008950895FC01EE0FFF1FFC
:10232000E25EFC4F859194910895CF93DF930E94D4
:10233000BC230E94AA12EC01811520E5920708F047
:1023400042C0811530E4930708F0BDC0883E910576
:1023500028F5803E910508F09DC0883A910588F4E3
:10236000853A910508F08FC08130910509F492C03B
:10237000009709F48FC0049708F08CC0D0E0C0E04B
:1023800089C08F3B910508F489C0805C9109C03CED
:10239000D105A0F30E948D11EC017CC08115904203
:1023A00050F4C11581E0D80708F074C0C03FD105D2
:1023B00028F3D0656FC0C11590E3D90708F079C044
:1023C000CE019F70E7CF811525E5920758F581155D
:1023D00034E5930708F0A6C0811542E5940750F450
:1023E000C11581E5D80708F471C0DC2FCC27C16F77
:1023F000D06A50C0982F969596959E0123703327EA
:10240000C115D34508F07FC0C1E0D0E002C0CC0FB9
:10241000DD1F2A95E2F720E2929FC0011124C82B0C
:10242000D92B6FC0C11589E5D807A8F4C11598E567
:10243000D90708F07CC0C11526E5D20708F09ECF69
:102440008C2F0E944113C82FD0E0DC2FCC27CC2743
:10245000DF71D0621FC0C1153AE5D30708F46CC024
:10246000CE0190568115904208F088CF8D2F8F7144
:102470000E94411390E0982F882788279F719C0124
:102480002C2BE901E6CFC55AD0E0CF59DE4FC881E9
:10249000D0E0D064CE01DF91CF910895C85AD0E04A
:1024A000CC0FDD1FCD5CDE4F0990D881C02DD464E8
:1024B000F1CFCE019927D3FF03C0EC01D86CEACF4E
:1024C000EC01D06CE7CFDF70D06AE4CFCE01E4E05E
:1024D00096958795EA95E1F783702C2F269526959A
:1024E000237090E2299F90011124382B8C2F837048
:1024F000C1E0D0E002C0CC0FDD1F8A95E2F7C22B0D
:10250000D32BDC68C7CFC1E0D0E002C0CC0FDD1F09
:102510002A95E2F730E2939FC0011124C82BD92BF2
:10252000DA68B8CFD82FCC27C46FD06AB3CFDC2FEE
:10253000CC27C06FD06AAECF8C2F8F700E94411312
:1025400034E0D695C7953A95E1F7CF709C2FEC0112
:10255000D069A0CF82389105B1F1B0F481339105F3
:1025600009F475C048F48932910509F469C08A32CA
:10257000910509F473C008958533910509F459C094
:102580008933910501F10895833E9105A9F138F44D
:10259000803E9105F9F0823E910549F10895863E0D
:1025A0009105A9F1873E9105C9F1843E910519F580
:1025B0002091610621FF1FC08091600684FD14C038
:1025C00087EE90E00895209160062370A1F080EEE0
:1025D00090E008952091600620FD47C0309161068B
:1025E00030FF09C024FF44C090E080E004C0209187
:1025F000600622FDF7CF08952091600622FD3BC0C2
:102600003091610630FDE3CF24FFF5CFEDCF20916F
:10261000600623FFF0CF24FDE7CFD2CF20916006E4
:1026200023FD2CC03091610631FFEECF84EE90E0A7
:1026300008952091600625FFDECF89E290E008959D
:102640002091600625FFD7CF85E390E00895209183
:10265000600626FFD0CF8AE290E0089520916006C0
:1026600026FFC9CF81E390E0089589E390E00895C3
:1026700083EE90E0089582EE90E0089586EE90E07B
:1026800008959091600692FF06C0282F2871283087
:10269000F9F4877F846093FF06C0282F28712831C2
:1026A000F1F4877E84612091610620FF06C0382FF7
:1026B00038713830D9F4877F816021FF06C0282F18
:1026C00028712831D1F4877E816194FD877E089539
:1026D000282F24712430F9F68B7F8860DCCF282FD7
:1026E0002471243101F78B7E8861DDCF382F317161
:1026F000313019F78E7F8860E0CF282F217121318A
:1027000021F78E7E8861E1CF0895089594E0899F36
:10271000F0011124EE51FC4F60817181828193811F
:102720000895CF92DF92EF92FF920F931F93CF9372
:10273000DF938FE293E00E94830E82EEE82E83E027
:10274000F82ED0E0C0E09AE2C92E93E0D92E00E244
:1027500013E0DF93CF93DF92CF920E941C0F87E2AA
:1027600093E00E94830EF7016191719181919191A3
:102770007F010E94B5369F938F937F936F931F9332
:102780000F930E941C0F8EE193E00E94830E21960E
:102790008DB79EB70A960FB6F8949EBF0FBE8DBF39
:1027A000C530D105B1F6DF91CF911F910F91FF9008
:1027B000EF90DF90CF90089580EA8A95F1F7089521
:1027C000A7E7B1E061E070E08D91E82FE295EF704E
:1027D000F0E041A18F709B0101C0220F8A95EAF7BA
:1027E000922F9095942391A382A1822B82A381E0C2
:1027F000AC37B80749F7A4E6B1E061E070E08D912D
:10280000E82FE295EF70F0E041A18F709B0101C0CD
:10281000220F8A95EAF7922F9095942391A382A193
:10282000822B82A381E0A737B80749F7EEECF3E0EB
:10283000A2EEB3E082EE93E0119211921192119206
:102840001D921D921D921D928E179F07A9F785E07C
:102850000E94CF140C94FB102F923F924F925F92E4
:102860006F927F928F929F92AF92BF92CF92DF92A0
:10287000EF92FF920F931F93CF93DF9337E7C32E0F
:1028800031E0D32E4EECE42E43E0F42E10E0882409
:102890008394912CF60181916F01C82FC295CF705E
:1028A000D0E099A18F70540101C0AA0C8A95EAF773
:1028B000892F8A2989A38AA10A2D009580238AA3BA
:1028C0000E94DC13A4E6B1E090E080E040E050E03C
:1028D000BA012D90E22DE295EF70F0E020A130E0FA
:1028E000E22DEF7002C035952795EA95E2F7412C6D
:1028F000512C320120FD0CC0412C512C320143944B
:10290000082E04C0440C551C661C771C0A94D2F790
:102910004429552966297729019683319105C9F6FD
:1029200089A1082309A38AA1A82AAAA2F701808164
:102930009181A281B381481759076A077B0769F122
:10294000408351836283738381E0182BF4E0EF0EA0
:10295000F11C8CE7C81681E0D80609F09BCF212F27
:1029600045E062EE73E08EEC93E00E94D0140E948A
:102970000711812FDF91CF911F910F91FF90EF9061
:10298000DF90CF90BF90AF909F908F907F906F908F
:102990005F904F903F902F90089580E0D6CF08959C
:1029A000FF920F931F93CF93DF93F82ED92F8B01B4
:1029B000C42F222349F081E0809302020E94F8385C
:1029C000909301028093000280910202882399F083
:1029D00080910002909101020E941039069758F0F0
:1029E000EF2DFD2FD80190E080E0D0E08C179D07FF
:1029F00044F010920202DF91CF911F910F91FF904E
:102A0000089501911191219131910D931D932D9371
:102A10003D930196EBCFAF92BF92CF92DF92FF92A0
:102A20000F931F93CF93DF93362F472FE82FF0E0BC
:102A3000E35AF64F71110DC06491762F862FDF9106
:102A4000CF911F910F91FF90DF90CF90BF90AF90EB
:102A50000895C72FD0E02491F22E022F10E056E007
:102A6000659FC0011124EFEFF0E0BF010E94754A9D
:102A7000832F90E0880F991F35E5369FD001379F4F
:102A8000B00D11248A1B9B0B982F990F980F6F0183
:102A9000CC1ADD0AC09ED001C19EB00DD09EB00DF3
:102AA00011248B2F949FA0011124452F55276F01CE
:102AB000C41AD50AC09EA001C19E500DD09E500DD3
:102AC00011245F01A91AB108AC9E6001AD9ED00C23
:102AD000BC9ED00C1124CD2CDD24EC19FD09E09F07
:102AE000E001E19FD00DF09FD00D1124ED2F623059
:102AF0007105A1F048F46115710569F06130710547
:102B000089F0EB2F852F07C06430710571F088F0D4
:102B100066307105B1F76E2F722F91CFE22F2B2FF8
:102B20008D2FF9CFE22F252FF6CFEB2F822F2D2FD0
:102B3000F2CF2B2F8F2DE52FEECF0895CF93DF937C
:102B4000762FE901682F842F0E940B157983688303
:102B50008A83DF91CF9108958091F603982F9E7F0D
:102B600029F4817082608093F60308958635E8F336
:102B700081708465F8CF88E090E00C946E4BCF9222
:102B8000DF92EF92FF926B017C010E94AC15B701BE
:102B9000A60188E090E0FF90EF90DF90CF900C943A
:102BA0008C4B6091F6037091F7038091F80390913C
:102BB000F9030C94BF15E6EFF3E083E08083118204
:102BC0008FEF8283838314826081718182819381FC
:102BD0000C94BF158091960380FF76C082ED96E03D
:102BE0009F938F930E941C0F809196030F900F90DC
:102BF00080FF6AC08091F60381701F928F9385EBEE
:102C000096E09F938F930E941C0F809196030F90E4
:102C10000F900F900F9080FF57C08091F60386951C
:102C20001F928F938AE996E09F938F930E941C0FC7
:102C3000809196030F900F900F900F9080FF44C0EB
:102C40008091F7031F928F9380E896E09F938F9374
:102C50000E941C0F809196030F900F900F900F9081
:102C600080FF32C08091F8031F928F9386E696E032
:102C70009F938F930E941C0F809196030F900F904B
:102C80000F900F9080FF20C08091F9031F928F93C7
:102C90008CE496E09F938F930E941C0F8091960383
:102CA0000F900F900F900F9080FF0EC08091FA034D
:102CB0001F928F9380E396E09F938F930E941C0F47
:102CC0000F900F900F900F9008958091F60380FF62
:102CD00002C08695089580E008958091FA038330BC
:102CE00018F48F5F8093FA036091F6037091F703F5
:102CF0008091F8039091F9030C94BF158091FA0329
:102D0000882319F081508093FA036091F603709143
:102D1000F7038091F8039091F9030C94BF1580910B
:102D2000FA0308958093FA036623E9F06091F603AD
:102D30007091F7038091F8039091F9030E94BF15F9
:102D40008091960380FF0EC08091FA031F928F93AB
:102D50008BEA93E09F938F930E941C0F0F900F902C
:102D60000F900F9008959091960390FFFBCF1F92C4
:102D70008F9388E893E0EECF60E00C9492168091F8
:102D8000F70308958091F80308958091F903089559
:102D900070E00C94CD20609107018091F60380FFD4
:102DA0000AC08091060123E0829FC0011124855052
:102DB0009C4F0C94C816809108019091090123E062
:102DC000829FF0011124E550FC4F891750F71182C2
:102DD000108212828F5F3396F8CF9091F60390FFA6
:102DE00014C0909108012091090133E0939FF001F4
:102DF0001124E550FC4F921710F00C94CB168183F0
:102E0000608342839F5F3396F6CF0895CF93DF931D
:102E100000D00F92CDB7DEB79091F60390FF0AC0B5
:102E20009E012F5F3F4F0E949E154B8169818A81D1
:102E30000E94ED160F900F900F90DF91CF910895A3
:102E4000CF93DF93EC01EC81F0E0E050F94F449137
:102E5000E6EFF3E0628181810E9406178C818F5F2B
:102E60008C83DF91CF910895CF93DF93EC01E6EF50
:102E7000F3E0438162818C810E9406178C818F5F11
:102E80008C83DF91CF9108950F931F93CF93DF939E
:102E900000D00F92CDB7DEB78C0180910302811173
:102EA0000AC09E012F5F3F4F4FEF6FEF0E949E15AC
:102EB0008A8180930302F8016481613069F0809116
:102EC000030240E0662361F040E0623011F440917B
:102ED000030280E060E004C06091030240E080E013
:102EE0000E94ED16F801848190E0019663E070E0A5
:102EF0000E94894A84830F900F900F90DF91CF91A9
:102F00001F910F9108954F925F926F927F928F92CF
:102F10009F92AF92BF92CF92DF92EF92FF920F9368
:102F20001F93CF93DF9300D00F92CDB7DEB7182F4A
:102F3000D62E042F722E9091F60390FF46C0E92FF3
:102F4000E695AE2FB0E0A458BE4F8C918093A302BB
:102F50009E7F923009F04DC09E012F5F3F4F812F21
:102F60000E949E154B8169818A810E94ED16109303
:102F7000F703D092F8030093F903772009F49CC07B
:102F80006091F6037091F7038091F8039091F90333
:102F90000E94BF158091960380FF17C08091F903AE
:102FA0001F928F938091F8031F928F938091F70364
:102FB0001F928F9383EF93E09F938F930E941C0F38
:102FC0000FB6F894DEBF0FBECDBF0F900F900F90DD
:102FD000DF91CF911F910F91FF90EF90DF90CF90F5
:102FE000BF90AF909F908F907F906F905F904F9029
:102FF0000895823019F40091F903B9CF863019F49D
:103000001091F703B4CF8930D9F3893109F0AFCFEC
:10301000E9518E2F8170682E8E2F80958170C82E79
:10302000E695F0E0E050F84FE590F490412CFF2455
:1030300098E1A92E94E0B92E60910A01461618F085
:103040000E94CB1694CF842C912C8E9CC0018F9C17
:10305000900D9E9C900D112470E00E94754A512E97
:10306000611028C0560E8091960380FF11C0FF9218
:10307000EF921F92CF921F925F921F924F92BF9238
:10308000AF920E941C0F0FB6F894DEBF0FBECDBFEB
:1030900020910801820E911C9401220F331F280DEC
:1030A000391D25503C4F402F6D2D852D0E949E15BA
:1030B0004394C2CF561AD7CF8091960380FF85CF15
:1030C0001F920F931F92DF921F921F938CEC93E03D
:1030D00073CFE6EFF3E09181282F4381628185E091
:1030E000890F0C94831781E00C946918E6EFF3E0E4
:1030F0009181282F438162818BEF890F0C94831774
:1031000081E00C947618E6EFF3E062812AE0620F2A
:1031100008F46FEF282F438181810C94831781E09D
:103120000C948318E6EFF3E062812AE0621B08F456
:1031300060E0282F438181810C94831781E00C94F7
:103140009218E6EFF3E043812AE0420F08F44FEFD4
:10315000282F628181810C94831781E00C94A1183F
:10316000E6EFF3E043812AE0421B08F440E0282F19
:10317000628181810C94831781E00C94B01820E067
:103180000C948317EF92FF921F93CF93DF93EC0180
:1031900010E0EE24EA94F12C60910A01161770F009
:1031A0000E94CB169A818C8190FF27C08F5F8C8301
:1031B000DF91CF911F91FF90EF900895209108012A
:1031C000422F410F5527551FCA019A01220F331F65
:1031D000280F391F25503C4F70E0C7010E94894AD3
:1031E000962F8C814091F9036091F803199F800D0F
:1031F00011240E949E151F5FCFCF8150D8CFAF9270
:10320000BF92CF92DF92EF92FF920F931F93CF93D3
:10321000DF93FC0182810FEF80FF01E010E04EE1BF
:10322000A42E80910A011817C8F00E94CB16809135
:103230000502013009F055C0811102C080910A01D8
:10324000815080930502DF91CF911F910F91FF90E4
:10325000EF90DF90CF90BF90AF900895C09108019C
:10326000C12ED12CCC0DDD2DD11DCE01880F991F83
:10327000C80FD91FC550DC4F198218821A8234E05A
:10328000E32EF12CB12C809105028B0D8F311CF1B6
:103290006A2D0E94674A892F082E000C990BC816C8
:1032A000D90691F48091F9038E9DA0018F9D500D58
:1032B000112455954795559547959E016091F803C2
:1032C0008091F7030E949E15B00EF1E0EF1AF1080D
:1032D000D1F61F5FA6CF87FFDFCF90910A01890F3C
:1032E000DBCF90E0019660910A0170E00E94894A6C
:1032F000A8CF0F931F93CF93DF93809108019091F4
:10330000090123E0829FF0011124E550FC4F891749
:1033100040F1C0E0D3E060910A01C61740F10E947D
:10332000CB162091040180910402820F8093040245
:1033300090910501920F90930501191654F4082EEF
:10334000000C990B40910A014150550B84179507C9
:103350001CF0219520930401DF91CF911F910F91D3
:1033600008951182108212828F5F3396D0CF0C2F76
:1033700010E070E0C8010E94894A20910801820F84
:10338000482F50E020910402022E000C330B02174C
:103390001307BCF020910501022E000C330B2017FF
:1033A00031077CF08D9F9001112425503C4F4091B6
:1033B000F9036091F8038091F7030E949E15CF5F97
:1033C000AACFFA01EE0FFF1FE40FF51FE550FC4FE7
:1033D000118210821282F3CF0F931F93CF93DF934A
:1033E0008C01FC01848195810196817099279583D8
:1033F0008483C0E0D5E580910A01C81730F0DF91E1
:10340000CF911F910F910C94CB1620910801422F60
:103410004C0F5527551FCA019A01220F331F280F41
:10342000391F25503C4F8C2F8695F80144815581DA
:10343000840F952F911D81704091F9036091F803DD
:103440008D9F802D11240E949E15CF5FD4CF0F93A6
:103450001F93CF93DF93EC0110E000E090910A01FD
:103460009017110609F06CF40E94CB168C8190E045
:103470000196817099278C83DF91CF911F910F91D5
:10348000089520910801A801420F511D9A01220FB1
:10349000331F240F351F25503C4F4C816091F8039A
:1034A0008091F70396959017110651F04CF0442344
:1034B00049F04091F9030E949E150F5F1F4FCECF38
:1034C0004423B9F340E0F7CF8F929F92AF92BF921F
:1034D000CF92DF92EF92FF920F931F93CF93DF93E0
:1034E000FC01B280948081E0848300E015E05BE41D
:1034F000A52E88248394EE24EA94F12C7BE4C72E35
:10350000D12C80910A01081770F0DF91CF911F91A3
:103510000F91FF90EF90DF90CF90BF90AF909F9072
:103520008F900C94CB16C02FD0E01C9FF0011D9FF4
:10353000F00D1124EA5FFD4F91101CC0138212821E
:1035400020910801CE01820F911D9C01220F331F93
:10355000280F391F25503C4F1C9FF0011D9FF00D77
:103560001124EA5FFD4F4281618180810E949E1596
:103570000F5FC7CF2381222379F121502383348128
:103580008A2D821B311101C0822F1C9FF0011D9FCB
:10359000F00D1124EA5FFD4F9091F903899FC0015E
:1035A0001124B6010E94754A6283211104C033239D
:1035B00011F01482A38222E02B1510F21C9FF0015F
:1035C0001D9FF00D1124EA5FFD4F8091F70380836A
:1035D0008091F8038183B4CF0E94344B82309140B4
:1035E0000CF0AECF82E08B1530F50E94344BB70162
:1035F0000E94894A1C9FF0011D9FF00D1124EA5F73
:10360000FD4F808322E02B15C8F40E94344B20919B
:10361000F8032695622F70E00E94894A280F1C9FAC
:10362000F0011D9FF00D1124EA5FFD4F21831282EE
:10363000A382848285CF8091F703DCCF2091F803A9
:10364000EECF6091F603669570E04BE050E08BE0C2
:1036500091E00E944C4B892B19F481E08093A402E5
:103660000E94F83890939D0280939C02809196036B
:1036700080FF08C08FE693E09F938F930E941C0FFA
:103680000F900F9008951092A4028091960380FFEE
:1036900008C086E593E09F938F930E941C0F0F90C4
:1036A0000F9008959091F60390FF54C0917081118E
:1036B0003BC092609093F6036623E9F16091F603B4
:1036C0007091F7038091F8039091F9030E94BF1560
:1036D0008091960380FF0FC08091F60386951F921C
:1036E0008F9386E795E09F938F930E941C0F0F9016
:1036F0000F900F900F906091F603669570E04BE08D
:1037000050E08BE091E00E944C4B892B01F10E942C
:10371000431B81E080939F024091F9036091F8037D
:103720008091F7030C94BF188B3210F09465C2CFD0
:10373000880F982BBFCF8091960380FFDCCF8091BC
:10374000F60386951F928F9388E595E0CCCF0E9473
:10375000211BDFCF0895682F9091F603969581E0A5
:10376000890F8B3208F081E00C94521B81E00C949D
:10377000AB1B682F9091F60396958FEF890F09F494
:103780008AE20C94521B81E00C94B91B61E00C940A
:10379000521B8091F60381608093F603809196031B
:1037A00080FF0DC01F9281E08F938AEE94E09F937B
:1037B0008F930E941C0F0F900F900F900F9080918D
:1037C000F60386950C94C61B60E00C94521B809106
:1037D000A202811160C08091960380FF14C089E12C
:1037E00096E09F938F930E941C0F809196030F90F9
:1037F0000F9080FF08C083E096E09F938F930E9414
:103800001C0F0F900F900E94E136811110C0809123
:10381000960380FF08C08BED95E09F938F930E94E5
:103820001C0F0F900F900E9487370E94DB150E949B
:10383000BB156093F6037093F7038093F80390939E
:10384000F9036E7FC1F48091960380FF08C082E97E
:1038500095E09F938F930E941C0F0F900F900E94F2
:10386000DB150E94BB156093F6037093F7038093FA
:10387000F8039093F9030E94AC150E94EA15109288
:10388000A4028091F60380FF03C086950E94E41B8A
:1038900081E08093A20208958091F6038160809375
:1038A000F6038091960380FF0DC01F9281E08F93F5
:1038B00081EB94E09F938F930E941C0F0F900F90C9
:1038C0000F900F908091F60386950C94E41B8091E5
:1038D000F6038E7F8093F6036091F6037091F703F1
:1038E0008091F8039091F9030E94BF15809196038F
:1038F00080FF0FC08091F60381701F928F9389E73C
:1039000094E09F938F930E941C0F0F900F900F9045
:103910000F900E94431B2FEF80E792E021508040E0
:103920009040E1F700C000000C94CB168091960304
:1039300080FF10C08091F603809581701F928F9355
:1039400081E295E09F938F930E941C0F0F900F9040
:103950000F900F908091F60380FD0C94671C0C94DF
:10396000C91B8091F6038E7F8093F60380919603A6
:1039700080FF0CC01F921F928FE394E09F938F9360
:103980000E941C0F0F900F900F900F900E94431BEE
:103990002FEF80E792E0215080409040E1F700C097
:1039A00000000C94CB160F931F93CF93DF9380915D
:1039B000A402882309F49DC08091A302E091F6033C
:1039C000E695E81BE0939E028230C9F5F0E0E450F2
:1039D000F94FE491CE2FD0E000E217E180919F02F1
:1039E000882389F010929F020E94F8389E0120954A
:1039F0003095820F931F90939D0280939C021092AA
:103A0000A1021092A00280919C0290919D020E94BE
:103A100010398C179D0708F46CC0E0919C02F0915E
:103A20009D02CE0FDF1FD0939D02C0939C028CE9B4
:103A300092E0F801DF91CF911F910F9109948630A8
:103A400049F4F0E0E750F94FE491CE2FD0E004E3E1
:103A500017E1C4CF893051F4E695F0E0EA50F94F10
:103A6000E491CE2FD0E002EC18E1B8CF8F3051F4C2
:103A7000E695F0E0ED50F94FE491CE2FD0E00FEF56
:103A800018E1ACCF853149F4F0E0E051F94FE49111
:103A9000CE2FD0E009E719E1A1CFC8EED3E00CEEBC
:103AA00019E1883109F49ACF833239F4EEEEF6E069
:103AB000C591D49104E417E191CFC4EFD1E007E2BE
:103AC0001AE1843209F48ACFC0EDD7E00DE915E19F
:103AD000853209F083CF8E2F63E00E945B4AE92F85
:103AE000F0E0E551F94FE491CE2FD0E004E61AE181
:103AF00075CFDF91CF911F910F910895FA01811138
:103B000001C0FB010994CF93DF93C82FD62F0E94E9
:103B100065168C1740F00E9465168D1720F4DF9112
:103B2000CF910C94B61B8C2FDF91CF910C94C61BB8
:103B30000F931F93CF938C01FB01C281CC2309F417
:103B400065C00E948F358272F801E25CFC45E43169
:103B5000F10538F4E952F44B0C94BF4A0E94961CCC
:103B6000C0E08C2FCF911F910F91089543EC5BE142
:103B700066EB7BE10E947E1DF3CF46EB5BE163ECDD
:103B80007BE1F8CF40E858E163E778E1F3CF43E722
:103B900058E160E878E1EECF4EE958E16FE878E16E
:103BA000E9CF4FE858E16EE978E1E4CF4CEB58E11A
:103BB0006DEA78E1DFCF4DEA58E16CEB78E1DACFDE
:103BC0004EE756E16DE676E1D5CF4DE656E16EE77C
:103BD00076E1D0CF81E00E94C61BC2CF65E082E0D3
:103BE0000E94831DBDCF68E086E0FACF6EE089E0D9
:103BF000F7CF64E18FE0F4CF67E185E1F1CF88E1B1
:103C0000EACF62E289E1ECCF83E2E5CFC1E0A9CF60
:103C1000809155040C9413378091550486958695B0
:103C2000869508958091550481FD13C0826080932C
:103C300055040E9413378091960380FF08C082E2EA
:103C400098E09F938F930E941C0F0F900F900C94FD
:103C50002F2008958091550481FF13C08D7F80939C
:103C600055040E9413378091960380FF08C085E0B9
:103C700098E09F938F930E941C0F0F900F900C94CD
:103C80003B200895CF93C0915504C695C170809193
:103C9000960380FF0CC01F92CF938EE398E09F9312
:103CA0008F930E941C0F0F900F900F900F90CC23BA
:103CB00019F0CF910C942A1ECF910C94121E809172
:103CC00055048695817008958091160108950E948B
:103CD000E136811102C00E9487370E940F3780931E
:103CE0005504803220F0877088618093550490914C
:103CF0005504892F817090FF04C0892F8695869581
:103D000086950C94052080915504982F969596954C
:103D10009695933040F49F5F990F990F990F877094
:103D2000892B8093550480915504816080935504BC
:103D30000E9413378091960380FF11C08091550433
:103D40008695869586951F928F9385EC98E09F9334
:103D50008F930E941C0F0F900F900F900F908091E7
:103D600055048695869586950C940520809155047A
:103D7000982F987F79F0885080935504887F91E040
:103D800009F490E08091550490FB80F980935504EC
:103D90000E9413378091960380FF11C080915504D3
:103DA0008695869586951F928F938DEA98E09F93CE
:103DB0008F930E941C0F0F900F900F900F90809187
:103DC00055048695869586950C940520809155041A
:103DD00080FD1FC0816080935504813019F489E013
:103DE00080935504809155040E9413378091960367
:103DF00080FF08C085E898E09F938F930E941C0F76
:103E00000F900F90809155048695869586950C9419
:103E1000052008958091550480FF14C08E7F809303
:103E200055040E9413378091960380FF08C082E7F3
:103E300098E09F938F930E941C0F0F900F9080E04B
:103E40000C9405200895CF93C0915504C1708091C2
:103E5000960380FF0CC01F92CF9387E998E09F9351
:103E60008F930E941C0F0F900F900F900F90CC23F8
:103E700019F0CF910C940A1FCF910C94E61E9091EB
:103E80005504892F8695869586958F5F8F719770DB
:103E9000843080F5880F880F880F892B8093550414
:103EA00080915504887F91E009F490E08091550459
:103EB00090FB80F9809355040E94133780919603FC
:103EC00080FF11C0809155048695869586951F9236
:103ED0008F938EE598E09F938F930E941C0F0F9015
:103EE0000F900F900F90809155048695869586953A
:103EF0000C94052090935504D3CF843008F083E0D0
:103F0000909155049770282F220F220F220F922B89
:103F100090935504987F21E009F420E09091550496
:103F200020FB90F9909355040C9405200E947D1F6E
:103F3000809155040C941337FC01DB0112968C918F
:103F40008823F9F0EB5BFC45E730F105D8F4E55147
:103F5000F44B0C94BF4A83E00E94961F80E00895C2
:103F600080E0FACF0E94B61EF9CF0E94831EF6CFE2
:103F70000E94231FF3CF0E943F1FF0CF0E94421EDA
:103F8000EDCF81E00895269A2E9808952E980895F1
:103F9000CF92DF92EF92FF928C3724E1920750F498
:103FA00069E070E00E94754ACB01FF90EF90DF90CE
:103FB000CF900895B0E0A0E0BC01CD016A50774DEC
:103FC0008F4F9F4F982F872F762F662725EF38E248
:103FD00041E050E00E949D4A69017A01CA01B9019D
:103FE0000E944B4A9B01AC01C701B6010E944B4A9B
:103FF000672F782F892F99276115710521E0820796
:10400000910591F66FEF7FEFCFCFCF93C82F84301C
:10401000F0F481111DC0809180008F7D809380001D
:104020000E94C61F2C2F30E0AFEFBFEF0E94CF4A97
:1040300023E030E040E050E00E949D4AC9010E9428
:10404000C81F90938B0080938A00CF910895C3E09E
:1040500080918000806280938000E4CF0895109268
:10406000A6021092A5021092A702EFE6F0E080816E
:10407000816080830895EFE6F0E080818E7F808309
:104080000E940C1E0C9405201F920F920FB60F92E7
:1040900011240BB60F922F933F934F935F936F931F
:1040A0007F938F939F93AF93BF93CF93EF93FF93A0
:1040B0000E94641E4091A5025091A6024F5F5F4F7F
:1040C00094EF899F90011124CA01B9010E94754A99
:1040D0009093A6028093A502B901660F672F661F11
:1040E000770B71950E94754A6F778091A702823095
:1040F00041F4603451F480916F008E7F80936F00A3
:1041000004C0813011F46F37B1F3E62FF0E0E352D1
:10411000F74FC4910E940C1E282F41E051E0C49F2C
:10412000C001C59F900D112463E070E00E94754AA4
:10413000269FC001279F900D11240E94C81F9093B5
:104140008B0080938A00FF91EF91CF91BF91AF9147
:104150009F918F917F916F915F914F913F912F919F
:104160000F900BBE0F900FBE0F901F9018950E94DE
:10417000C31F82E28093800089E1809381008FEFEA
:104180009FEF90938700809386000E94671E0E9495
:104190005F1E81110C942F200895579A4BB14F77D1
:1041A0005BB15068EFB7F8949B01220F331F260FC5
:1041B000371F280F391F2817390741F4EFBF8FE544
:1041C00094E00197F1F700C000000895DC016D91C3
:1041D000CD0178E05BB9000000C067FF4BB9660F06
:1041E000000000C000C000C04BB900C07A9591F734
:1041F000E2CF82E290E00E94664B803289F483E253
:1042000090E00E94664B873059F484E290E00E946F
:10421000664B91E0893109F090E0892F8170089513
:1042200080E0FCCFCF93C82F6FEF811160E282E274
:1042300090E00E947A4B6FEFC11167E083E290E05B
:104240000E947A4B6FEFC11169E184E290E0CF9157
:104250000C947A4B80E00E9412210C94DB36089576
:1042600085E290E00E94664B682F70E090E080E06D
:10427000089585E290E00C947A4B0E942F210E94D1
:10428000F92081110CC060E070E0CB010E9439215F
:104290000E9432230E94202481E00C941221089570
:1042A000CF93FB01C281CC2309F19C0122513F45F0
:1042B0002031310520F582510E943024C0E08C2F3E
:1042C000CF91089581E00E940A3443E062E081E0EA
:1042D0000E94E910F3CF81E00E942B3443E062E0BA
:1042E00081E00E94E910EBCF82E0F6CF8031FFE55C
:1042F0009F0789F381319F45B9F3C1E0E0CF803159
:10430000EFE59E07F9F281319F45C9F682E0DBCFE8
:104310002FEFFC0120830895CF93DF93EC01888178
:10432000893029F08A3079F0DF91CF9108950E9489
:104330000C1E2FEF829FC001112463E070E00E94E9
:10434000754A6983F1CF0E945F1E8983EDCFFC011E
:104350008081893019F08A3069F00895818123E0E5
:10436000829FC00111246FEF70E00E94754A862F72
:104370000C947D1F8181811102C00C942A1E0C9423
:10438000121ECF93DF93EC0188818138A9F028F4C5
:10439000803871F0DF91CF910895823881F08338B1
:1043A000C9F70E94BF1689830E94C2168A83F2CF82
:1043B0000E94C5168983EECF0E946516FBCF0E942E
:1043C0008F16F8CFCF93DF93EC0188818138E1F02D
:1043D00028F4803869F0DF91CF910895823811F187
:1043E0008338C9F70E94C516482F6A81898108C0A1
:1043F000D9810E94C216C82F0E94BF164D2F6C2F64
:10440000DF91CF910C94BF1889810E94E41B8981B0
:10441000811104C0DF91CF910C94B11CDF91CF9139
:104420000C944C1C8981DF91CF910C94BC16EF92B7
:10443000FF920F931F93CF93DF93EC01E62EDC01E5
:10444000ED918D01E150E33108F0C9C0F0E0EE508C
:10445000F44B0C94BF4A198289E08A836E2DCE01F9
:10446000DF91CF911F910F91FF90EF900C94034338
:104470008981823069F0833071F08130E1F40E94EB
:1044800004390E94C84A6A837B838C839D83E6CF6C
:104490000E943021F6CF8E01F12C8F2D0E948613C1
:1044A000F801828373836483F3940D5F1F4FF5E0FB
:1044B000FF12F3CFD3CF6E2DCE010E948821CECF35
:1044C00089818230C1F76A817B818C819D810E94C4
:1044D000C84A0E943921C2CF4B816A8189810E94DA
:1044E00004239827892798279D838C83B7CF2C8115
:1044F0003D813227232732274B816A8189810E949F
:104500001D23ACCF0E943223A9CFCD010E94A72149
:10451000C8010E94E221A2CFCD010E948C21C801D6
:104520000E94C1219BCF0E94081E0E94D11596CFE8
:104530000E94C923898392CF0E94CB239827892781
:1045400098279A8389838ACF6B8170E089819A81C9
:10455000AE014C5F5F4F9827892798270E94CE2392
:104560007DCF6B8170E089819A81AE014C5F5F4F96
:104570009827892798270E94F52370CF0E9420242E
:104580006DCF0E94F222D6CF6B8170E089819A8133
:10459000AE014C5F5F4F9827892798270E946C23B4
:1045A0005DCF6B8170E089819A81AE014C5F5F4F76
:1045B0009827892798270E94922350CF0E942A216A
:1045C0004DCF0E9403432FEF81EE94E021508040B5
:1045D0009040E1F700C000000E9443393FCF8FEFC9
:1045E00088833CCF82E0089550E0440F551F96E247
:1045F000699F400D511D11249EEB899F400D511D57
:104600001124CA01869608950F931F93CF93DF93C9
:104610000E94F4228C010E94664BC82FD0E0DC2F50
:10462000CC27C80101960E94664B9E01282BC90128
:10463000DF91CF911F910F9108950F931F93CF9307
:10464000DF93122F032F0E94F422EC01602F0E94AF
:104650007A4B612FCE010196DF91CF911F910F917F
:104660000C947A4BAF92BF92DF92EF92FF920F932E
:104670001F93CF93DF938FEDE82E80E0F82ED12C9F
:104680008701C0E013C0F501259134914D2F6C2FA7
:104690008D2D0E941D2382E0A80EB11CDF5FD33157
:1046A00091F70A5D1F4FCF5FC53019F05801D0E078
:1046B000EACF8EEBE80EF11C81E0D81619F0DD246C
:1046C000D394DECFDF91CF911F910F91FF90EF90A8
:1046D000DF90BF90AF900895EF92FF920F931F93DA
:1046E000CF93DF93EC018A017C01E60EF71ECE0129
:1046F0008696CE15DF0539F4DF91CF911F910F918A
:10470000FF90EF900895CC3721E0D20740F40E944B
:10471000664BF80180830F5F1F4F2196E8CFF801A9
:104720001082F9CFCF92DF92EF92FF920F931F93F7
:10473000CF93DF937C016A018C01060F171FEC01F8
:10474000CE018696C017D10749F4DF91CF911F9112
:104750000F91FF90EF90DF90CF900895CC3721E03C
:10476000D20740F4FE01EE19FF09EC0DFD1D60813A
:104770000E947A4B2196E4CF462F823038F4753070
:1047800028F4633118F4672F0C94042390E080E040
:10479000089580E108958EE592E00895EF92FF92EA
:1047A0000F931F93CF93DF93EC018A017C01E60EF8
:1047B000F71ECE018E559E4FCE15DF0539F4DF91E1
:1047C000CF911F910F91FF90EF900895CE3522E089
:1047D000D20740F40E94664BF80180830F5F1F4FA1
:1047E0002196E7CFF8011082F9CFCF92DF92EF92B6
:1047F000FF920F931F93CF93DF937C016A018C018B
:10480000060F171FEC01CE018E559E4FC017D10722
:1048100049F4DF91CF911F910F91FF90EF90DF90BE
:10482000CF900895CE3522E0D20740F4FE01EE1974
:10483000FF09EC0DFD1D60810E947A4B2196E3CFAC
:10484000CF93DF93C2EAD1E060E0CE010E947A4BC1
:104850002196C11584E0D807B9F7DF91CF9108956B
:10486000DF92EF92FF920F931F93CF93DF9300D0CD
:1048700000D0CDB7DEB7F82E8FE08F1540F08FEF68
:1048800093E00E94664B02EA11E08823C1F00F908A
:104890000F900F900F90DF91CF911F910F91FF908C
:1048A000EF90DF900895011584E0180781F3C801A7
:1048B0000E94664B811101C0FA940F5F1F4FF110E7
:1048C000F2CF19821A821B821C82DD24D3947801D4
:1048D0008FEFE81AF80AC8010E94664B89831A8292
:1048E0008823A9F29FEF980F933078F48A83D982B6
:1048F0000E5F1F4FC7010E94664B8B83882339F2DE
:10490000CE0101960E949210E2CF8701F9CFCF929B
:10491000DF92EF92FF920F931F93CF93DF936C017F
:104920007B0164E670E088E70E949829EC0197FD1E
:1049300012C010E000E0F601E00FF11F849164E680
:1049400070E00E94F429EC01892B29F40F5F1F4FBE
:104950000E151F0581F70E94772ACE01DF91CF91B6
:104960001F910F91FF90EF90DF90CF9008950895E1
:10497000E6E5F4E080E092E0DF019C011D92215029
:104980003040E1F7F0935B06E0935A068FEF9FEF1C
:104990009093D4028093D30208950E94B724809309
:1049A000CF0280FD13C080E88093CE020E9492293E
:1049B0006DE070E085E69BE00E948724892B41F042
:1049C00089E49BE00E94830E80E0089580E2ECCFB2
:1049D0008091CF0263E070E081FD09C086E49BE036
:1049E0000E948724892B61F080E29BE0EBCF8DE170
:1049F0009BE00E948724892B19F085E09BE0E2CFA1
:104A00006DE070E088EF9AE00E948724892B19F00E
:104A100081EE9AE0D7CF0E940439605A75418F4FDA
:104A20009F4F609356067093570680935806909355
:104A300059060E94B82481E08093D2028093D1026B
:104A40001092D00208952091CE0236E0839FC001DB
:104A50001124629F800D911D1124811522E092077F
:104A600014F090E080E08A5A9B4F90935B0680930D
:104A70005A06089520915A0630915B06205534401D
:104A80004091CE02642F70E0C9010E94754A481B14
:104A9000463010F4240F311D211582E0380710F044
:104AA00030E020E02A5A3B4F30935B0620935A06B1
:104AB00008951F93CF93DF93162F8A3031F481E04E
:104AC000DF91CF911F910C94D3258D3011F480E0AC
:104AD000F7CFC0915A06D0915B0696E0FE01A8EA96
:104AE000B2E001900D929A95E1F7803EC8F086E021
:104AF000FE0111928A95E9F711111EC0C0915A0664
:104B0000D0915B0646E050E0BE0188EA92E00E9448
:104B1000594B892BF9F4DF91CF911F910C943A25D1
:104B2000F6E08F9FB00111246E58744F46E050E0BC
:104B3000CE010E94434BE0CFE0915A06F0915B0614
:104B40009F012A5F3F4F2E173F07C1F2808180955A
:104B50008193F9CFC655D440CE0125E0969587952F
:104B60002A95E1F721E030E0A90102C0440F551F6A
:104B70008A95E2F7CA014091D3025091D402842B66
:104B8000952B269645E0D695C7954A95E1F702C044
:104B9000220F331FCA95E2F7822B932B9093D402F6
:104BA0008093D302B8CFCF93382FE0915A06F0917B
:104BB0005B06E655F4402091CE02622F70E0CF01F3
:104BC0000E94754A281B822F332369F066E00E94F9
:104BD0005B4AC82FC15010F4CF91089560E080E285
:104BE0000E945925F7CF9F01280F311D2115324012
:104BF00018F080E0F0E0E0E08E0F9F2F911D8A5AC0
:104C00009B4F90935B0680935A06E6CF1F93CF93FA
:104C1000DF93EC01162FFE018491811104C0DF9116
:104C2000CF911F910895612F0E9459252196F3CFAE
:104C30000E94062681E00C94D3250E940439605A14
:104C400075418F4F9F4F6093560670935706809320
:104C50005806909359068091D10281110CC062E0F0
:104C600070E088E89AE00E948724892B39F084E775
:104C70009AE00E94830E8091D102089581E0809392
:104C8000D102F9CF2F923F925F926F927F928F92D3
:104C90009F92AF92BF92CF92DF92EF92FF920F93CB
:104CA0001F93CF93DF932091D3023091D40221152B
:104CB000310531F08091D00261E070E0882399F0F5
:104CC000DF91CF911F910F91FF90EF90DF90CF90E8
:104CD000BF90AF909F908F907F906F905F903F902C
:104CE0002F9008958F5F082F10E01B01082E02C03F
:104CF000220C331C0A94E2F7A10142235323452BD3
:104D000089F39091CF0290FD31C08295880F807613
:104D1000809319019801369527953695279520930C
:104D20001C01815E80931A0110921D0124E630E07F
:104D300047E050E067E171E088E70E94232A892B71
:104D400019F18EEB9AE0DF91CF911F910F91FF90B7
:104D5000EF90DF90CF90BF90AF909F908F907F901B
:104D60006F905F903F902F900C94830E880F880F68
:104D7000880F8093190110921C01895F80931A019A
:104D800083E080931D01D2CFA80125E0440F551F79
:104D90002A95E1F78091CF0280FD10C04A5A5B4FFF
:104DA00004E610E020E230E060E488E70E944A2A4E
:104DB000892B09F469C085EA9AE0C5CFEEEAF2E0F2
:104DC00080E2DF011D928A95E9F7ABEAB1E007EADC
:104DD00011E08FEAC82E81E0D82E97E0592E772473
:104DE00073948D91E80129918E01240F352F311D87
:104DF0002A5A3B4FE82FF0E0E255FD4F90E080E06B
:104E0000652C681A872C082E01C0880C0A94EAF7D2
:104E10007901A12CE701B9907E01B820662D6A19AD
:104E20006770962E062E000C770BDB2D01C0DD0F70
:104E30009A94EAF77195619571096770772701C0B7
:104E4000B6946A95EAF7BD2A6081962E9B289082D7
:104E5000A39468E0A612DECF0196319688309105C2
:104E600079F6CA16DB0609F0BCCF04E610E020E2B2
:104E700030E04EEA52E060E488E70E944A2A892B3B
:104E800019F08AE89AE05FCF0E941D26E101C095E3
:104E9000D0958091D3029091D402C823D923D09386
:104EA000D402C093D3020CCF8091D102882389F021
:104EB00062E070E082E79AE00E948724892B39F053
:104EC0008DE59AE00E94830E8091D10208951092A0
:104ED000D1028091D10291E0892708950F931F9309
:104EE0008091D202882301F160E080E00E942325B6
:104EF0000E94490F0E9442268091D1028823A1F08E
:104F00000E940439009156061091570620915806C8
:104F100030915906601B710B820B930B97FD04C0F7
:104F20001F910F910C9454271F910F9108950F9387
:104F30001F93CF93DF93C62FD42F022FFC018281C2
:104F40008823C9F06093D7020E94F8389093D60264
:104F50008093D50280E28C0F883008F050C0C77073
:104F600081E001C0880FCA95EAF7DF91CF911F91C8
:104F70000F910C94942D1091D702161335C0809187
:104F8000D5029091D6020E941039883C910560F5B7
:104F9000C0E2CD0F1D17B9F080E2810F883040F4D8
:104FA000177081E001C0880F1A95EAF70E949B2DC7
:104FB000C83048F481E09D2F977001C0880F9A9502
:104FC000EAF70E94942D802F0E94812DC830B8F4FA
:104FD000D77081E001C0880FDA95EAF7DF91CF91B1
:104FE0001F910F910C949B2D80E28C0F883038F428
:104FF000C77081E001C0880FCA95EAF7EFCFDF9153
:10500000CF911F910F9108959C01CB01233F4CE557
:10501000340731F190F4283DFCE53F07E9F0293DE4
:105020004CE5340769F1273D3C4579F426E241EE31
:1050300061EE0E94972780E00895253FFCE53F0739
:10504000B9F090F0263F3C45B9F0FC0182818823FD
:10505000D1F01092D702089527E245EE65EEE9CF30
:1050600026E241EE60EEE5CF27E245EE64EEE1CFC9
:1050700026E241EE62EEDDCF27E245EE66EED9CFC5
:1050800028E241E0EBCF81E00895CF93DF93EC017C
:10509000FB018281882309F419C1C230FCE5DF07D6
:1050A000C0F1C6319CE5D90730F09E012A5F3C452E
:1050B0002930310570F50E94F43690936106809393
:1050C0006006C031ECE5DE0709F4CFC008F05BC034
:1050D000C8308CE5D80709F4B6C088F5C430ECE5D3
:1050E000DE0709F4A8C0C0F4C2308CE5D80709F483
:1050F0009CC0809160068260C330DC4509F498C092
:1051000080916006909161060E9402370E941030E3
:1051100080E0DF91CF910895809160068061C63074
:10512000ECE5DE0709F484C0809160068860C73032
:10513000DC4508F47DC080916006806279C0CC3087
:105140008CE5D80709F489C070F4809160068C6002
:10515000CA30ECE5DE0709F46BC008F478C0809132
:1051600060068E7F65C0CE308CE5D80709F479C023
:10517000809160068B7FCF30DC4508F459C0809168
:1051800060068F7E55C0CB3FECE5DE0709F457C0C3
:1051900030F5C3318CE5D80709F46FC078F4C1311C
:1051A000ECE5DE0709F465C0C231DC4509F0A8CFA3
:1051B0000E941030809160068F773AC0C5318CE52F
:1051C000D80709F462C008F476C080916106816056
:1051D000CA3FDC4509F094CF8093610691CFCF3F61
:1051E000FCE5DF0709F44DC088F4809161068D7FEE
:1051F000CD3F9CE5D90781F3809161068E7FCE3F3C
:10520000DC4550F3809161068360E6CFC130FDE557
:10521000DF0709F459C008F444C080E0C230DD451E
:1052200009F06ECF0E9489376BCF80916006816054
:105230008093600665CF809160068460F9CF80918D
:1052400061068260C9CF809160068064F1CF0E94C0
:105250001030809160068068EBCF809160068D7F72
:10526000E7CF80916006877FE3CF809160068F7DD6
:10527000DFCF809160068F7BDBCF80916006837FDC
:10528000D7CF809161068C7FA7CF8091600682FB8B
:10529000992790F921E0922790FB82F990FB83F9FE
:1052A000C7CF80916106982F909591708E7F892B42
:1052B00090FB81F991CF0E94103090916006892F68
:1052C00097FB87F98058B4CF81E0ACCF81E021CF44
:1052D000CF93DF93EB0186319C4511F50E948F350A
:1052E0009A81992399F08A7A91E009F490E0909359
:1052F000D802811109C089E20E946A350E94DB351B
:1053000080E0DF91CF91089585E3F6CF8091D802B8
:10531000811104C089E20E947135F0CF85E3FBCF93
:1053200081E0EFCF1092B9008CE08093B80008952F
:10533000EF92FF920F931F93CF93DF93182FEB0100
:105340001092BC0084EA8093BC000E94F8387C0173
:105350008091BC0087FF27C08091B900887F88308A
:1053600029F08091B900887F8031D9F51093BB0076
:1053700084E88093BC000E94F8388C018091BC00C6
:1053800087FF24C02091B900287F90E080E0283179
:10539000B1F081E090E0203411F490E080E091954C
:1053A000819591090CC0CF3FDC0791F20E94F8383B
:1053B0008E199F098C179D0758F28EEF9FEFDF9192
:1053C000CF911F910F91FF90EF900895CF3FDC0791
:1053D000A9F20E94F838801B910B8C179D0770F280
:1053E000ECCF8FEF9FEFEBCF0F931F93CF93DF9314
:1053F000EB018093BB0084E88093BC000E94F838E6
:105400008C018091BC0087FF11C02091B900287FDA
:1054100081E090E0283211F490E080E09195819550
:105420009109DF91CF911F910F910895CF3FDC0734
:1054300041F30E94F838801B910B8C179D0708F3ED
:105440008EEF9FEFEECFCF92DF92EF92FF920F930E
:105450001F93CF93DF936B018A017901B9010E94F9
:105460009829E6010C0D1D1DC017D10761F424E930
:105470002093BC00DF91CF911F910F91FF90EF908F
:10548000DF90CF90089597FDF2CFB70189910E94E8
:10549000F429EACFCF92DF92EF92FF920F931F93FE
:1054A000CF93DF93C62F6A017901B8010E94982932
:1054B00097FD0CC0B8018C2F0E94F429E601EC0C7A
:1054C000FD1CCE15DF0511F097FF0CC024E92093D9
:1054D000BC00DF91CF911F910F91FF90EF90DF9073
:1054E000CF900895B80189910E94F429EACF84E908
:1054F0008093BC0008959093DE028093DD020895AE
:10550000E091DD02F091DE02309721F00190F08110
:10551000E02D099480E00895E091DD02F091DE0233
:10552000309711F480E008950190F081E02D099505
:105530000895EF92FF920F931F93CF93DF93EC01A7
:10554000E091DD02F091DE02309709F446C08091CF
:105550003201882341F08091600687FF04C0888172
:10556000898385E088830280F381E02DCE0109954F
:105570008091960382FF31C080FF04C08AEB90E1E6
:105580000E94830E10E000E084EBE82E80E1F82E0C
:105590008091960380FF0EC0FE01E00FF11F808115
:1055A0001F928F93FF92EF920E941C0F0F900F900B
:1055B0000F900F900F5F1F4F0830110549F7809132
:1055C000960380FF0AC082EB90E1DF91CF911F919B
:1055D0000F91FF90EF900C94830EDF91CF911F916C
:1055E0000F91FF90EF900895E091DD02F091DE02BF
:1055F000309739F022E0DC012C930480F581E02D16
:10560000099408952091DB023091DC0228173907B4
:1056100071F09093DC028093DB02E091DD02F09167
:10562000DE02309721F00680F781E02D099408957D
:105630002091D9023091DA022817390771F090933E
:10564000DA028093D902E091DD02F091DE02309718
:1056500021F00084F185E02D0994089585B78068D4
:1056600085BF85B7806885BF08950895089508951A
:105670000C94372B0E942E2B0E94362B0C94250F56
:1056800081E008950C94402B0E94EF380E94E013B3
:105690000E943D2180E00E94CD240E947D390E941D
:1056A000671E0E94E71B0C94382BCF93C82F809164
:1056B000960382FF1EC080FF1CC083ED90E10E9414
:1056C000830E8091960380FF14C01F92CF938EECBF
:1056D00090E19F938F930E941C0F809196030F90EF
:1056E0000F900F900F9080FF04C08CEC90E10E940F
:1056F000830E8C2FCF910C940D112F923F924F92CD
:105700005F926F927F928F929F92AF92BF92CF9251
:10571000DF92EF92FF920F931F93CF93DF93CDB75A
:10572000DEB72C970FB6F894DEBF0FBECDBF0E9438
:105730002C148B870E94422B882309F49CC040EED6
:10574000242E42E0342E10E000E00C87802F0E94CF
:1057500086134B015C01F101419051906190719071
:105760001F01481459046A047B0409F47EC0809127
:10577000960381FD0E94911380E0C12CD12C76010B
:10578000C394482459246A247B24B301A2014C21E8
:105790005D216E217F21452B462B472B09F45DC0EF
:1057A0008E83FC85FF838C209D20AE20BF2081E06E
:1057B00089288A288B2809F480E088870E94F83895
:1057C0008160782F9A8789874E815F8168858A8575
:1057D0000E94652C000F111F000F111FF801E052ED
:1057E000FD4F80819181A281B3818C259D25AE25BD
:1057F000BF2580839183A283B3830E94D31C0E9420
:105800002E200E946E278B8581110E941D260E94EA
:105810008C3B0E94802A9091DF028917E9F10E9457
:10582000802A8093DF022C960FB6F894DEBF0FBE5D
:10583000CDBFDF91CF911F910F91FF90EF90DF903F
:10584000CF90BF90AF909F908F907F906F905F9020
:105850004F903F902F900C94552B8F5FCC0CDD1CFC
:10586000EE1CFF1C833109F090CF0F5F1F4F0530F6
:10587000110509F06ACF8FEF89838A831B820E940A
:10588000F8388160782F9D838C8349815A816B81A0
:105890008D810E94652CB1CF2C960FB6F894DEBF97
:1058A0000FBECDBFDF91CF911F910F91FF90EF9071
:1058B000DF90CF90BF90AF909F908F907F906F9030
:1058C0005F904F903F902F900895CF93DF93CDB787
:1058D000DEB72B970FB6F894DEBF0FBECDBF4F8358
:1058E000588769877A878B871E821D8285E0FE0133
:1058F0003796DE01119601900D928A95E1F7498164
:105900005A816B817C818D819E812B960FB6F89494
:10591000DEBF0FBECDBFDF91CF910C948632FC016C
:10592000808191810C943C35CF93C82F882309F452
:1059300090C08238C1F40E94802A81FD8AC089E328
:105940000E946A350E94DB352FEF81EE94E02150F2
:1059500080409040E1F700C0000089E30E9471356B
:10596000CF910C94DB358338A1F40E94802A80FD0E
:1059700070C083E50E946A350E94DB352FEF81EE0F
:1059800094E0215080409040E1F700C0000083E5A2
:10599000E5CF8438A1F40E94802A82FD5AC087E4B2
:1059A0000E946A350E94DB352FEF81EE94E0215092
:1059B00080409040E1F700C0000087E4CFCF8CEF3B
:1059C0008C0F813AB8F48C2F0E94A240811141C003
:1059D0006C2F80911E0190911F010E94A237882395
:1059E00029F08C2F0E9471350E94DB358C2F0E948C
:1059F0006A35B6CF80E28C0F883048F4C77081E0FA
:105A000001C0880FCA95EAF70E949235A9CFEBE54D
:105A1000EC0FE33040F4F0E0E352FE4F808190E081
:105A2000CF910C94022BE8E5EC0FE73150F4F0E055
:105A3000EE0FFF1FE155FE4F80819181CF910C94B5
:105A4000182BC03F30F08C2F0E94183ACF910C9445
:105A5000FF3ACF910895882309F452C0823871F437
:105A60000E94802A81FF4CC089E30E946A350E940F
:105A7000DB3589E30E9471350C94DB35833859F4AA
:105A80000E94802A80FF3CC083E50E946A350E9404
:105A9000DB3583E5EFCF843859F40E94802A82FFFA
:105AA0002FC087E40E946A350E94DB3587E4E2CF8D
:105AB0009CEF980F913AF0F290E2980F983050F4E2
:105AC000877091E001C0990F8A95EAF7892F0E94AB
:105AD0009835D2CF9BE5980F933020F490E080E08A
:105AE0000C94022B98E5980F973120F490E080E019
:105AF0000C94182B803F20F00E94803A0C94FF3ABF
:105B00000895CF93C82F0E94942CC93349F42FEFE6
:105B100087EE93E0215080409040E1F700C0000004
:105B20008C2FCF910C942B2D882321F00E9492353D
:105B30000C94DB350895882321F00E9498350C944D
:105B4000DB350895BF92CF92DF92EF92FF920F93D1
:105B50001F93CF93DF936C01D62FC72FFC010581D4
:105B600002950F70128111110E94AF350E94883585
:105B7000E82E882391F01123D1F08C2F807F803480
:105B800021F080E28D0F883090F082E00E9426366E
:105B90000E94883591E0E82EE926BC2EB2949FE061
:105BA000B922EB2DF0E0EB5FF34B0C94BF4AE12CF4
:105BB000F4CF0C2F0F70C07F11F00295007F1123DE
:105BC000A9F0002359F080E28D0F883010F0D11138
:105BD00009C0802F0E9492350E94DB358D2F0E94D4
:105BE000942C14C0802F0E94A235F6CF8D2F0E94D6
:105BF0002B2D002359F080E28D0F883010F0D11149
:105C00002CC0802F0E9498350E94DB352B2D285008
:105C1000330B2430310520F40E94802A0E940D119C
:105C2000EE2009F49EC10E94843580FD9AC1F601E0
:105C300012820E947E350E940A34C6010E94D22F31
:105C40000E947E35DF91CF911F910F91FF90EF90D1
:105C5000DF90CF90BF900C942B34802F0E94A835FA
:105C6000D3CFFC2FFF70FF2EC07FC03219F0F2940B
:105C700080EFF822DD2369F0D13049F1112391F151
:105C8000002351F1F601858180FFA8CF8F708583B5
:105C900023C0112381F0011106C00E94C2358F2953
:105CA0000E94942DB3CF0130C1F70E94C2358F29D5
:105CB0000E94C835ABCF011106C00E94D1358F2D8F
:105CC0000E949B2DA3CF013009F4A0CFF6CF112362
:105CD00029F0063008F09ACF8F2DE2CF053008F07A
:105CE00095CFEDCF002359F3D93349F4FFEF27EED9
:105CF00033E0F15020403040E1F700C000008D2F2C
:105D00000E942B2D83CF8C2F86958695837069F00A
:105D1000813009F07BCF8D2F9C2F9370111102C021
:105D200090E080E00E94182B71CF8D2F9C2F9370F4
:105D3000111102C090E080E00E94022B67CF8D2FEE
:105D4000112329F00E94183A0E94FF3A5FCF0E9467
:105D5000803AFACF8C2F837009F041C0111156CFD1
:105D60004D2F429546954770440F440F0D2F0F70ED
:105D700010E030E020E0042E04C0000F111F221FAD
:105D8000331F0A94D2F760E070E0CB01D4FF0FC05C
:105D90006FE070E080E090E004C0660F771F881F1E
:105DA000991F4A95D2F76095709580959095C69504
:105DB000C695C370602B712B822B932BC23049F098
:105DC00058F4C13019F00E94BC3320CF0E94AA338E
:105DD0001DCF0E94CE331ACF0E94A83317CF8695CD
:105DE000112311F08C2F8170882309F40FCF4D2FD0
:105DF000429546954770440F440F0D2F0F7010E0E9
:105E000030E020E0042E04C0000F111F221F331FBA
:105E10000A94D2F760E070E0CB01D4FF0FC06FE0CE
:105E200070E080E090E004C0660F771F881F991F24
:105E30004A95D2F76095709580959095C695C695D0
:105E4000C370602B712B822B932BC23049F058F416
:105E5000C13019F00E948134D9CE0E946F34D6CE61
:105E60000E949334D3CE0E94E433D0CECF7011235E
:105E700029F08C2F0E940A348D2F12CF8D2F0E9473
:105E80009B2D8C2F0E942B34C1CED23F89F160F420
:105E9000D03FC9F0D13F29F1112309F442C00111CB
:105EA0009DCE8C2F8F7121C0D33F39F1D43FA1F704
:105EB000112369F1CF718C2F0E940A3463E08C2F7B
:105EC0000E941136A3CE112341F0053008F09ECE7A
:105ED0008C2F8F710E944E3499CE063008F096CEEA
:105EE000F7CF8C2F8F71112369F20E940A348ECE66
:105EF0008C2F8F711123C9F3C5CF112329F08C2F5B
:105F00008F710E94F53382CE0E94F0337FCE81E004
:105F10000E942636023008F479CE82E00E942636AE
:105F200075CE002359F0D93309F0E9CE8FEF97EE03
:105F3000E3E081509040E040E1F7DFCE8C2F8F719D
:105F4000A1CF4C2F4F706D2FC6010E9489110E9466
:105F500020335CCE4C2F4F706D2FC6010E948C11E8
:105F600055CEDF91CF911F910F91FF90EF90DF9071
:105F7000CF90BF9008950F931F93CF93DF93EC01C1
:105F8000688179818A810E9446358C010E94A534FE
:105F90000E94A733B801CE01DF91CF911F910F91DD
:105FA0000C94A22DCF93DF93EC018B819C81892BE4
:105FB00029F08881998189238F3F59F4DF91CF910E
:105FC0000895CE010E94BB2FCE01DF91CF910C949A
:105FD000D30FCE010E9425118111F3CF0E94883585
:105FE000882361F38A81882349F382E0DF91CF918E
:105FF0000C9426360E94AF350E94BF350E94DB35D7
:106000000E94A63C0E94FF3A90E080E00E94022B92
:1060100090E080E00C94182B0E9478350C94FA2FB5
:106020000E949F350C940C30E92FE295EF70E250FE
:10603000EE3070F4F0E0EB5EF34B0C94BF4A803F1F
:1060400019F020F4883E20F481E00895843FE1F3C4
:1060500080E00895883EC0F3813FD1F7F5CF93FBF0
:10606000882780F908950E943C350C941430CF9312
:10607000DF9300D000D00F92CDB7DEB70F900F9016
:106080000F900F900F90DF91CF910895CF93DF93F2
:1060900000D000D000D0CDB7DEB726960FB6F8946A
:1060A000DEBF0FBECDBFDF91CF9108951F93CF9379
:1060B000DF93C091F50216E08091F6028C1304C0C4
:1060C000DF91CF911F910895D0E01C9FF0011D9F9B
:1060D000F00D1124E950FD4F40815181628173819F
:1060E000848195810E9446302196C770E5CF40910A
:1060F0002703509128036091290370912A0380910E
:106100002B0390912C030C9446301F93CF93DF9375
:1061100080912C03807FA9F480912903882389F042
:106120008091F502C091F6026091270370912803D7
:10613000A0912A03B0912B03D62FD72316E0C813C2
:1061400004C0DF91CF911F91089590E0109711F056
:10615000DF3F19F401968770F2CF189F9001199FC5
:10616000300D1124F901E950FD4F41814713F2CF61
:1061700040814613EFCF42814111ECCF43815481DE
:106180004A1B5B0B483C510528F780912C038F700C
:10619000806180932C03F901E450FD4F80818F7062
:1061A0008061808387E293E00E94D22FDF91CF91BC
:1061B0001F910C945630AF92BF92CF92DF92EF9224
:1061C000FF920F931F93CF93DF93CDB7DEB7619705
:1061D0000FB6F894DEBF0FBECDBF8C0185E0F8018D
:1061E000DE011D9601900D928A95E1F7F80140813C
:1061F0005181E28087E2C82E83E0D82E60912A0385
:1062000070912B036115710509F461C19091270309
:1062100020912803892F82238F3F09F458C1A3803E
:10622000B480F0902903F501E61BF70BFF2009F479
:10623000FCC080912C03382F307FE83CF10508F03A
:10624000B2C0311179C0FE2C251323C0941321C094
:10625000E1101FC08F70806180932C030E94773003
:10626000C6010E94D22F80912C03F80185838F2DC7
:1062700061960FB6F894DEBF0FBECDBFDF91CF9110
:106280001F910F91FF90EF90DF90CF90BF90AF9054
:106290000895AB2829F0842F85238F3F09F033C15F
:1062A00080E0F82FF170DF2E80FF3CC08091F50276
:1062B0002091F60236E0821315C04D875E878D85EA
:1062C0009E850E943C35292F22952F702230F0F0B8
:1062D000243018F59F70F1F0F8019581907FD1F48A
:1062E000D12C1EC090E0389FF001399FF00D112491
:1062F000E950FD4F6181651306C06081641303C0DE
:1063000062816E110FC001968770D5CF9F7011F01A
:10631000882331F3805E883018F3C8010E94D22FA1
:10632000FD2CA5CFEE2009F4A2CF80912C03816033
:1063300080932C03F12C9BCF251306C0941304C02B
:10634000F801EE2009F48DC04D875E878D859E850E
:106350000E943330882319F1EE2009F180912C033B
:10636000803270F0209127033091280338872F83E3
:106370001986BB86AA868C87CE0107960E94D22FEB
:1063800086E0F801A7E2B3E001900D928A95E1F76B
:106390000E9485300E947730FF24F39468CFC801B3
:1063A0000E94D22FF9CF311113C07A2DB98AA88A51
:1063B0006E2D89890E94373087E293E00E94D22FA8
:1063C00086E0F60111928A95E9F70E947730B2CF04
:1063D00025130FC094130DC0E1100BC0F801858385
:1063E000C8010E94D22F86E0F60111928A95E9F742
:1063F0003ECF4D875E878D859E850E9433308823F2
:1064000071F2EE2061F280912C03803208F4B8CF53
:1064100020912703309128033A8329831B82BD8270
:10642000AC828E83CE010196A9CFE83CF10508F03D
:1064300041C0FE2CEE2009F4B2CF25132AC09413DC
:1064400028C080912C0380FD1BC0982F907FC1F045
:10645000F8018583903F31F0982F907F905F8F7087
:10646000892B8583C8010E94D22F86E0F801A7E21C
:10647000B3E001900D928A95E1F70E947730F7CE54
:1064800086E0F801A7E2B3E001900D928A95E1F76A
:10649000EECE4D875E878D859E850E9433308111BB
:1064A0006FCF80912C03816080932C03C8010E94E0
:1064B000D22FDDCE7A2DB98AA88A6E2D89890E94C5
:1064C000373086E0F60111928A95E9F7D6CFEE20B3
:1064D00009F465CF4D875E878D859E850E94333098
:1064E000F82E882309F45BCF86E0F801A7E2B3E039
:1064F00001900D928A95E1F787E293E00E948F2C3C
:106500000E948530BACF81E08E25CBCE1F93CF93EA
:10651000DF93CDB7DEB72C970FB6F894DEBF0FBE72
:10652000CDBF4F83588769877A878B879C87CE0139
:1065300007960E94DB30882369F08A859B85892B2A
:1065400039F04F815885842F85238F3F09F071C022
:1065500016E05FC086E0FE013796DE0111960190DD
:106560000D928A95E1F78A859B85892B89F3888529
:106570009F8189238F3F61F32091F60230E0C901AA
:106580000196877099274091F5024817190671F412
:106590000E9410301092F6021092F50286E0E7E2B7
:1065A000F3E0DF011D928A95E9F7D2CF96E0929F42
:1065B000D001939FB00D1124A950BD4FFE0131961B
:1065C00001900D929A95E1F78093F6020E94563061
:1065D000BFCF819FC001112489509D4F0E94DB30A5
:1065E0008823E9F0E091F5021E9FF0011124E950A3
:1065F000FD4F4081518162817381848195810E9428
:1066000046308091F50290E001968770992780933B
:10661000F5028091F5029091F6028913DACF2C965B
:106620000FB6F894DEBF0FBECDBFDF91CF911F91A3
:10663000089569857A858B859C850E94463088CF30
:10664000EF92FF920F931F93CF93DF938C01892BCF
:1066500081F0F12CEE24E394E8012196F801849175
:10666000843770F4843008F05FC08130B1F082303C
:10667000A1F1DF91CF911F910F91FF90EF900895BD
:10668000853709F44CC008F43DC09CE7980F90375B
:1066900080F78F770E942B2D49C00E5F1F4FFE01A0
:1066A000849190E2980F983060F48770FE2D01C0BD
:1066B000FF0F8A95EAF78F2F0E94B2350E94DB35D3
:1066C00002C00E94942C8F2D815030F2EFE9FFE040
:1066D0003197F1F700C00000F7CF0E5F1F4FFE01AA
:1066E000849190E2980F983050F48770FE2D01C08D
:1066F000FF0F8A95EAF78F2F0E94B835DFCF0E94EF
:106700002B2DE1CF0E5F1F4FFE01C491C150D8F277
:106710008FE99FE00197F1F700C00000F7CF0E5F0F
:106720001F4FFE01F490CFCF0E94942C8E01CBCF4F
:1067300008950C9498330E94993360936D0370937D
:106740006E0380936F03909370030C94FA2F089557
:106750000C949B330F931F9300916D0310916E0364
:1067600020916F0330917003602B712B822B932B40
:106770001F910F910C949B330F931F9300916D0306
:1067800010916E0320916F03309170036023712389
:10679000822393231F910F910C949B330F931F938C
:1067A00000916D0310916E0320916F03309170037F
:1067B00060277127822793271F910F910C949B3399
:1067C0000C9498330C94E0330E94E2336093690395
:1067D00070936A0380936B0390936C030C94FA2F6D
:1067E00060E070E0CB010C94E4330F931F9341E021
:1067F00050E060E070E08A019B0104C0000F111FAF
:10680000221F331F8A95D2F7C901B8011F910F913A
:106810000C94E4330F931F9341E050E060E070E08C
:1068200004C0440F551F661F771F8A95D2F78091C9
:10683000690390916A03A0916B03B0916C038A0184
:106840009B01082B192B2A2B3B2BC901B8011F9147
:106850000F910C94E4330F931F9341E050E060E0FC
:1068600070E004C0440F551F661F771F8A95D2F74A
:10687000CB01BA0160957095809590950091690360
:1068800010916A0320916B0330916C036023712394
:10689000822393231F910F910C94E4330F931F9342
:1068A00041E050E060E070E004C0440F551F661FF7
:1068B000771F8A95D2F78091690390916A03A0911E
:1068C0006B03B0916C038A019B01082719272A27C3
:1068D0003B27C901B8011F910F910C94E4330F932A
:1068E0001F930091690310916A0320916B0330910B
:1068F0006C03602B712B822B932B1F910F910C94A7
:10690000E4330F931F930091690310916A03209160
:106910006B0330916C0360237123822393231F91B7
:106920000F910C94E4330F931F930091690310911E
:106930006A0320916B0330916C03602771278227D3
:1069400093271F910F910C94E433089523E1929FB4
:10695000800D1124982F977041E001C0440F9A9543
:10696000EAF786958695869595E0899FF001112432
:10697000E35DFC4F90E080E070E05191DF01119702
:106980009B01082E02C0369527950A94E2F72170E4
:1069900021952527242325272C93019685309105C1
:1069A00061F7089523E1929F800D1124982F97702D
:1069B00086958695869525E0829FF0011124E35DFA
:1069C000FC4F50E040E080E0219130E0092E02C011
:1069D000369527950A94E2F721703327042E01C0DB
:1069E000220F0A94EAF7822B4F5F5F4F4530510523
:1069F00059F70895BF92CF92DF92EF92FF920F93D3
:106A00001F93CF93DF938C01C0906903D0906A03EA
:106A1000E0906B03F0906C0380916D0390916E0396
:106A2000A0916F03B0917003C82AD92AEA2AFB2AE1
:106A3000CFE1D0E0BC2ED701C6010C2E04C0B69524
:106A4000A795979587950A94D2F780FD0EC0219758
:106A500088F7B12C8B2DDF91CF911F910F91FF9073
:106A6000EF90DF90CF90BF900895B8018C2F0E94D7
:106A70009511019761F3EECFCF93DF93EC010E9464
:106A8000FA34BE01DF91CF910C9495111F93CF93EF
:106A9000DF93EB019091F402992331F0CB01DF9168
:106AA000CF911F910C943C35882379F0CB010E9443
:106AB000FA34182F682FCE010E94A634BE01812F10
:106AC000DF91CF911F910C949511CB010E94D2348C
:106AD000182FF4CF682F80911E0190911F010C9404
:106AE0004438682F80911E0190911F010C944F38FB
:106AF00080911E0190911F010C945A38809171036E
:106B00008595859585950895809171038770089581
:106B100090917103977081E009F480E0089580916D
:106B20009503089590919503892B8093950308957B
:106B300080959091950398239093950308951092D2
:106B40009503089590919403892B8093940308955D
:106B500080959091940398239093940308951092B4
:106B60009403089590919303892B80939303089540
:106B70008095909193039823909393030895109296
:106B80009303089580917203089508950C94C53578
:106B900090917203981721F0809372030C94C6357C
:106BA000089580917203882329F01092720380E087
:106BB0000C94C6350895E0911E01F0911F0180915B
:106BC00095038083E0911E01F0911F0180819091D7
:106BD0009403892B8083E0911E01F0911F01808135
:106BE00090919303892B808390917203992381F074
:106BF000E0911E01F0911F018081892B808380919B
:106C00001E0190911F010E948E3781110E94D13583
:106C100080911E0190911F010C94992A08950C9463
:106C20000E3698E0899F90011124622B60937103C6
:106C30000E940A34809171038595859585950C9401
:106C40000F361092710380E00C940F36909171030F
:106C50008095892380937103282F277071F4282F42
:106C6000082E000C330B9217130639F08595859585
:106C700085950E942B340C94213608959093FF0142
:106C80008093FE010895CF92DF92EF92FF926C0104
:106C9000EE24FF2420E0C114D104E104F10419F032
:106CA000C701B60120E1C72ED82EE92EFF24C1145A
:106CB000D104E104F10419F0285FC701B6016B01AA
:106CC0007C0154E0F694E794D794C7945A95D1F791
:106CD000C114D104E104F10419F02C5FC701B6011D
:106CE0006B017C0142E0F694E794D794C7944A95EF
:106CF000D1F7C114D104E104F10419F02E5FC701EA
:106D0000B6019695879577956795672B682B692BC4
:106D100009F02F5F822FFF90EF90DF90CF900895C2
:106D2000829590E09C01220F331F220F331F2C7C91
:106D300095958795959587958373282B30E0C901A4
:106D4000880F991F8A7A359527952575822B089586
:106D5000CF93DF93D92F0E949036C82F8D2F0E949A
:106D600090369C2FDF91CF910895CF92DF92EF92D2
:106D7000FF920F931F93CF93DF937C01CB010E946F
:106D8000A836EC01C7010E94A8368C01BE0190E034
:106D900080E0CB017727662730E020E0602B712B65
:106DA000822B932BDF91CF911F910F91FF90EF904A
:106DB000DF90CF9008956FEF7FEF90E080E00C942C
:106DC000984B90E080E00E94744B21E08C3E9E4FF7
:106DD00009F020E0822F089582E090E00C94664B49
:106DE00083E090E00C94664BCF9384E090E00E94A7
:106DF000664BC82F81E290E00E94664B982F8C2F43
:106E0000CF910895CF93C92F682F84E090E00E941E
:106E10007A4B6C2F81E290E0CF910C947A4B86E014
:106E200090E00C94664B682F86E090E00C947A4BCF
:106E3000AB01BC018FE090E00C948C4BAB01BC012A
:106E400083E190E00C948C4B60E070E0CB010C94FB
:106E50001E3760E070E0CB010E9418370C94243795
:106E60006CEE7EEF90E080E00E94984B60E082E064
:106E700090E00E947A4B60E083E090E00E947A4BC1
:106E800010926D0310926E0310926F0310927003B4
:106E900060E084E090E00E947A4B60E081E290E064
:106EA0000E947A4B60E085E090E00E947A4B60E0BF
:106EB00086E090E00E947A4B6FEF87E090E00E94BE
:106EC0007A4B40E050E0BA0188E090E00E948C4BA1
:106ED00060E08DE090E00E947A4B40E050E0BA0123
:106EE00088E190E00E948C4B60E087E190E00E9496
:106EF0007A4B40E050E0BA018CE190E00E948C4B6C
:106F000060E080E290E00E947A4B0C9429370C9468
:106F10003037682F8EE090E00C947A4BFC0132966B
:106F200080913201882321F0809160069EE187FFE5
:106F300096E080E0915008F4089521912223D1F346
:106F40008F5FF8CF662301F1209132012223F1F007
:106F50002091600627FF1AC0462F46954695469514
:106F60004E3190F4677021E030E002C0220F331FF1
:106F70006A95E2F7840F911DFC01828190E028233D
:106F8000392381E0232B69F480E00895FC013296D7
:106F900008962191261721F0E817F907D1F7F4CFC9
:106FA00081E008959C01FC0132969FEF80E04191C1
:106FB000461751F09F3F19F4411101C0982F8F5F80
:106FC0008630A9F79F3F09F40895290F311D97FDD9
:106FD0003A95F90162830895FC0132960896219151
:106FE000261303C0DF0111971C92E817F907B9F7C0
:106FF0000895E62FE695E695E695EE3170F4E80FF4
:10700000F92FF11D677021E030E001C0220F6A9571
:10701000EAF78281822B828308958091960380FF14
:107020000CC01F926F9384E091E19F938F930E9415
:107030001C0F0F900F900F900F900895E62FE6957C
:10704000E695E695EE3178F4E80FF92FF11D6770BB
:1070500021E030E001C0220F6A95EAF72095828195
:107060002823228308958091960380FF0CC01F92ED
:107070006F9386EE90E19F938F930E941C0F0F9069
:107080000F900F900F90089520913201222329F044
:107090002091600627FD0C94F9370C94D23720918B
:1070A0003201222329F02091600627FD0C941E381E
:1070B0000C94EC37FC01329680913201882351F018
:1070C0008091600687FF06C08EE1DF011D928A95E0
:1070D000E9F7089586E0F9CF089508950C946D3886
:1070E0000E946E3880916606843061F11092970399
:1070F00088E190E020E40FB6F894A89580936000B2
:107100000FBE2093600080E00E94052080E00E9476
:107110000D110E946E3883B7817F846083BF83B76F
:10712000816083BF7894889583B78E7F83BF0FB6C5
:10713000F894A89580916000886180936000109217
:1071400060000FBE08950895CF930E946C380E948E
:107150002C140E94A338C0E08C2F0E948613672B4A
:10716000682B692B31F4CF5FC530B1F780E0CF9148
:10717000089581E0FCCF08950C94BB380E94103034
:107180000E94671E0E94802A0E940D110C94BC3838
:107190001F921FB61F9211248F939F93AF93BF939B
:1071A00080919703811113C080915C0690915D06D8
:1071B000A0915E06B0915F064196A11DB11D80931E
:1071C0005C0690935D06A0935E06B0935F06BF9148
:1071D000AF919F918F911F901FBE1F90189582E0D5
:1071E00084BD93E095BD9AEF97BD80936E0008959E
:1071F0002FB7F89480915C0690915D06A0915E0691
:10720000B0915F062FBF08952FB7F89460915C0688
:1072100070915D0680915E0690915F062FBF089584
:107220009C014FB7F89480915C0690915D06A09107
:107230005E06B0915F064FBF821B930B0895789452
:107240001F921FB61F9211248F939F93AF93BF93EA
:1072500080915C0690915D06A0915E06B0915F06FC
:107260000196A11DB11D80935C0690935D06A093CD
:107270005E06B0935F06BF91AF919F918F911F9073
:107280001FBE1F90189581E08093E00080E28093FC
:10729000D8001092C9008FE19EE40197F1F700C079
:1072A000000087E090EBDC0180936F0690937006FE
:1072B000A0937106B093720688E19CE00FB6F89433
:1072C000A895809360000FBE90936000FFCF0C9450
:1072D0002A210E942C148FE39CE90197F1F700C04A
:1072E00000000E942C1480E00E94861360FF04C0FE
:1072F0000E9467390C94433908950E94E136811148
:1073000002C00E9487370E94EC36809396030E9449
:10731000F43690936106809360060E94F036682FE1
:1073200070E090E080E00C94A83380919F0380FF90
:1073300012C06091250185E0689FB0011124759508
:1073400067957595679560387105A8F561157105A4
:10735000A1F1862F089581FF09C06091250185E084
:10736000689FB001112475956795EDCF6091250157
:1073700082FD0AC080919E038823D1F09091240160
:1073800060912501891728F085E0689FB0011124DC
:10739000DACF869FB001112485E0869F9001879FF8
:1073A000300D1124692F70E0C9010E94894ACBCFAA
:1073B00065E070E0CECF8FE7089581E00895809179
:1073C0009F0380FF0CC06091210170E07595679567
:1073D000759567956115710549F1862F089581FFAF
:1073E00006C06091210170E075956795F3CF6091BB
:1073F000210182FD0BC090919E039923A1F0609121
:10740000200180912101961738F0682F70E06038D4
:10741000710500F38FE70895899FC001112470E082
:107420000E94894AF4CF61E070E0D7CF81E00895EF
:10743000803F31F40E94953981958093A30308958C
:10744000813F19F40E949539F8CF823F31F40E94B0
:10745000953981958093A2030895833F19F40E9482
:107460009539F8CF893F29F40E94DF398093A4032E
:1074700008958A3F21F40E94DF398195F7CF8B3F31
:1074800031F40E94DF3981958093A50308958C3FE4
:1074900019F40E94DF39F8CF843F31F48091A103C1
:1074A00081608093A1030895853F21F48091A10319
:1074B0008260F7CF863F21F48091A1038460F1CFF1
:1074C000873F21F48091A1038860EBCF883F21F4AE
:1074D0008091A1038061E5CF8D3F31F480919F03BE
:1074E000816080939F0308958E3F21F480919F03D4
:1074F0008260F7CF8F3FB9F780919F038460F1CF0F
:107500009091A203803F41F48091A30387FD1092E4
:10751000A303992371F00895813F29F48091A30377
:107520001816ACF3F6CF823F81F497FFF2CF10929A
:10753000A2038091A3039091A403892B9091A503AA
:10754000892B49F710929E030895833F19F4191669
:1075500074F3DFCF893F39F48091A4031816CCF679
:107560001092A403D6CF8A3F29F48091A40387FF09
:10757000D0CFF6CF8B3F39F48091A50387FFC9CFD9
:107580001092A503C6CF8C3F29F48091A50318164D
:10759000BCF3BFCF843F31F48091A1038E7F8093F1
:1075A000A103B7CF853F21F48091A1038D7FF7CF51
:1075B000863F21F48091A1038B7FF1CF873F21F497
:1075C0008091A103877FEBCF883F21F48091A103B5
:1075D0008F7EE5CF8D3F31F480919F038E7F809326
:1075E0009F0397CF8E3F21F480919F038D7FF7CF2C
:1075F0008F3F09F08ECF80919F038B7FF0CF8091DA
:10760000960383FF7EC089E491E10E94830E8091FE
:10761000A1031F928F9384E491E19F938F930E9423
:107620001C0F82E491E10E94830E8091A203282F17
:10763000082E000C330B3F938F938FE391E19F93C0
:107640008F930E941C0F8DE391E10E94830E809125
:10765000A303282F082E000C330B3F938F938AE34C
:1076600091E19F938F930E941C0F88E391E10E9408
:10767000830E8091A403282F082E000C330B3F9318
:107680008F9385E391E19F938F930E941C0F83E377
:1076900091E10E94830E8091A503282F082E000CF3
:1076A000330B3F938F9380E391E19F938F930E94DD
:1076B0001C0F8DE291E10E94830E80919E031F9228
:1076C0008F938AE291E19F938F930E941C0F88E22F
:1076D00091E10E94830E80919F031F928F9385E218
:1076E00091E19F938F930E941C0F82E291E10E948F
:1076F000830E8DB79EB74C960FB6F8949EBF0FBE03
:107700008DBF80EA93E00E94F42A0E94F83890939B
:107710009D0380939C030895CF93DF9300D000D006
:1077200000D0CDB7DEB786E0E0EAF3E0DE011196E7
:1077300001900D928A95E1F78091A2039091A303A5
:10774000892B81F080919A0390919B030E941039BC
:10775000AC0190919E03992331F180912601841709
:10776000150670F18091A4039091A503892B91F0E7
:1077700080919803909199030E941039AC019091E7
:107780009E03992309F478C080912201841715067D
:1077900008F480C026960FB6F894DEBF0FBECDBFAA
:1077A000DF91CF910895209127018AE0289F9001D1
:1077B000112424173507B0F69F5F90939E0302C0F3
:1077C0009F3FD1F71092A4031092A5038091A203CA
:1077D000181624F40E9495398093A2038091A20385
:1077E00087FF05C00E94953981958093A2038091FF
:1077F000A303181624F40E9495398093A303809163
:10780000A30387FF05C00E94953981958093A30348
:107810003091A2033323A1F02091A303222381F00E
:1078200045EB3403C00111249923F1F09093A20396
:1078300045EB2403900111243323D1F03093A303AB
:107840000E94FF3A80919C0390919D0390939B032B
:1078500080939A0386E0FE013196A0EAB3E001909E
:107860000D928A95E1F77ECF81E08093A203E0CF6D
:1078700081E08093A303E4CF209123018AE0289F35
:10788000900111242417350708F084CF9F5F90934F
:107890009E0302C09F3FD1F71092A2031092A30350
:1078A0008091A403181624F40E94DF398093A40366
:1078B0008091A40387FF05C00E94DF3981958093E2
:1078C000A4038091A503181624F40E94DF39809345
:1078D000A5038091A50387FF05C00E94DF3981952C
:1078E0008093A5033091A4033323A1F02091A50335
:1078F000222381F045EB3403C00111249923F1F0D8
:107900009093A40345EB2403900111243323D1F079
:107910003093A5030E94FF3A80919C0390919D03B0
:10792000909399038093980386E0FE013196A0EA34
:10793000B3E001900D928A95E1F72CCF81E080931E
:10794000A403E0CF81E08093A503E4CF86E0E0EAE2
:10795000F3E0DF011D928A95E9F710929E031092E1
:107960009F0308958CE693E10E94830E1F9281E0AD
:107970008F931F9285E08F938EE193E19F938F9376
:107980000E941C0F0F900F900F900F900F900F9070
:107990000895833009F445C028F4813061F08230C5
:1079A00049F10895853009F46AC008F451C0863061
:1079B00009F47CC0089580912701482F460F552770
:1079C000551F4F3F510594F4680F60932701809134
:1079D00027011F928F9387E592E19F938F930E94D7
:1079E0001C0F0F900F900F900F9008958FEF8093C2
:1079F0002701EDCF80912601482F460F5527551FAF
:107A00004F3F510554F4680F609326018091260181
:107A10001F928F9385E492E1E0CF8FEF8093260150
:107A2000F5CF80912501482F460F5527551F4F3F11
:107A3000510554F4680F60932501809125011F9230
:107A40008F9382E392E1C9CF8FEF80932501F5CF29
:107A500080912401482F460F5527551F4F3F510550
:107A600054F4680F60932401809124011F928F9336
:107A70008DE192E1B2CF8FEF80932401F5CF809119
:107A80002101482F460F5527551F4F3F510554F4EC
:107A9000680F60932101809121011F928F9384E0F0
:107AA00092E19BCF8FEF80932101F5CF8091200150
:107AB000482F460F5527551F4F3F510554F4680F67
:107AC00060932001809120011F928F9389EE91E1B4
:107AD00084CF8FEF80932001F5CF8330C9F128F454
:107AE000813061F0823019F10895853009F452C077
:107AF00008F43FC0863009F45EC0089580912701E4
:107B0000681790F4861B80932701809127011F92AC
:107B10008F938AED91E19F938F930E941C0F0F909A
:107B20000F900F900F90089510922701EECF809143
:107B30002601681750F4861B809326018091260148
:107B40001F928F9388EC91E1E6CF10922601F6CF39
:107B500080912501681750F4861B80932501809140
:107B600025011F928F9385EB91E1D5CF10922501CE
:107B7000F6CF80912401681750F4861B809324016E
:107B8000809124011F928F9380EA91E1C4CF1092DB
:107B90002401F6CF80912101681750F4861B809351
:107BA0002101809121011F928F9387E891E1B3CF4A
:107BB00010922101F6CF80912001681750F4861BA6
:107BC00080932001809120011F928F938CE691E198
:107BD000A2CF10922001F6CFCF93C82F1F928F9380
:107BE00081E794E19F938F930E941C0F61E070E006
:107BF00080E090E004C0660F771F881F991FCA9528
:107C0000D2F70E94A8330F900F900F900F90CF9152
:107C10000C941030CF93DF93EBEFE80FEF3308F0C5
:107C20007CC2F0E0ED5DF34B0C94BF4A8CE19AE12D
:107C30000E94830E88E599E10E94830E0E94F0362F
:107C40001F928F9385E599E19F938F930E941C0F5C
:107C500083E599E10E94830E0E94EC36C82F80E4F0
:107C600099E10E94830E1F92CF938BE399E19F933A
:107C70008F930E941C0F89E399E10E94830E8FE28B
:107C800099E10E94830E8C2F81701F928F938CE25A
:107C900099E19F938F930E941C0F8AE299E10E94C1
:107CA000830E80E299E10E94830EC1FB882780F950
:107CB0001F928F938DE199E19F938F930E941C0FE8
:107CC0008BE199E10E94830E8FE099E10E94830E7F
:107CD000C2FB882780F91F928F938CE099E19F93D4
:107CE0008F930E941C0F8AE099E10E94830E81E02D
:107CF00099E10E94830EC3FBCC27C0F91F92CF935A
:107D00008EEF98E19F938F930E941C0F8CEF98E168
:107D10000E94830E0E94F436EC0188EE98E10E94E6
:107D2000830EDF93CF9383EE98E19F938F930E940E
:107D30001C0F81EE98E10E94830E88EC98E10E946E
:107D4000830E8C2F81701F928F9385EC98E19F9307
:107D50008F930E941C0F8DB79EB780960FB6F89434
:107D60009EBF0FBE8DBF83EC98E10E94830E8CEA0C
:107D700098E10E94830EC1FB882780F91F928F93A0
:107D800089EA98E19F938F930E941C0F87EA98E1FC
:107D90000E94830E85E998E10E94830E8D2F8170E9
:107DA0001F928F9382E998E19F938F930E941C0FFB
:107DB00080E998E10E94830E8EE798E10E94830E8D
:107DC000D695D1701F92DF938BE798E19F938F93A5
:107DD0000E941C0F89E798E10E94830E87E698E1D4
:107DE0000E94830EC2FB882780F91F928F9384E63E
:107DF00098E19F938F930E941C0F82E698E10E9466
:107E0000830E80E598E10E94830EC3FB882780F9EA
:107E10001F928F938DE498E19F938F930E941C0F84
:107E20008BE498E10E94830E81E498E10E94830E26
:107E3000C4FB882780F91F928F938EE398E19F936C
:107E40008F930E941C0F8CE398E10E94830E8AE2BC
:107E500098E10E94830EC5FB882780F91F928F93BB
:107E600087E298E19F938F930E941C0F85E298E12F
:107E70000E94830E89E098E10E94830EC6FB88274A
:107E800080F91F928F9386E098E19F938F930E94D1
:107E90001C0F8DB79EB780960FB6F8949EBF0FBE8D
:107EA0008DBF84E098E10E94830E8CEF97E10E94E1
:107EB000830EC7FBCC27C0F91F92CF9389EF97E1C0
:107EC0009F938F930E941C0F87EF97E10E94830E70
:107ED0000E940F37C82F80EE97E10E94830E1F92F9
:107EE000CF938BED97E19F938F930E941C0F89EDA9
:107EF00097E10E94830E8FEC97E10E94830E8C2FF6
:107F000081701F928F938CEC97E19F938F930E94C7
:107F10001C0F8AEC97E10E94830E81EC97E10E948E
:107F2000830EC695C695C6951F92CF938EEB97E1AB
:107F30009F938F930E941C0F8CEB97E10E94830EFE
:107F40008DB79EB740960FB6F8949EBF0FBE8DBFFB
:107F500081E01CC08BE09AE10E94830E0E9487376B
:107F6000F7CF8AE096E10E94830EF2CF80919603CC
:107F7000807F8093960383EE95E10E94830E87E0D5
:107F80009AE10E94830E81E08093A703DF91CF9155
:107F900008958BEE99E10E94830E0E941611D8CFAE
:107FA00090919603892F8E7F90FF81608093960336
:107FB00080FF03C08FED99E1D6CF82ED99E10E9459
:107FC000830E80919603817F80939603C1CF909119
:107FD0009603892F8D7F91FF82608093960381FFA6
:107FE00008C085EC99E10E94830E80919603816020
:107FF000EBCF87EB99E1B7CF90919603892F8B7FD9
:1080000092FF84608093960382FF03C088EA99E11F
:10801000EACF88E999E1A7CF90919603892F877FCE
:1080200093FF88608093960383FF03C08CE899E1F7
:10803000DACF8FE799E197CF84ED95E10E94830E27
:1080400087E995E10E94830E8EE595E10E94830EFB
:1080500083E295E10E94830E87EF94E184CF89EE5D
:1080600094E10E94830E0E94802A1F928F938FECCE
:1080700094E19F938F930E941C0F809132011F9275
:108080008F9388EB94E19F938F930E941C0F8091B4
:10809000CC031F928F9385EA94E19F938F930E9464
:1080A0001C0F8091600687FB882780F91F928F93B1
:1080B0008DE894E19F938F930E941C0F0E940439D6
:1080C0009F938F937F936F9386E794E19F938F9312
:1080D0000E941C0F8DB79EB746960FB6F8949EBFB0
:1080E0000FBE8DBF35CF0E94103090916006892F52
:1080F00097FB87F980588093600687FF03C085E768
:1081000099E131CF8AE699E12ECF80E00E94EC3DE3
:108110001FCF8953FBCF8D51F9CF88E699E10E949B
:10812000830E80E033CF80E008950C9493408E510D
:108130008A3030F4E82FF0E0E052FE4F808108955D
:1081400080E00895CF93C82F8091A7038130C1F0BC
:10815000882339F0823009F447C01092A70380E0E9
:108160000DC00E948F358232D1F78C2F0E94934030
:1081700081111BC08C2F0E940A3E8170CF910895FF
:108180000E948F35823289F38C2F0E949540811195
:108190001BC0C431D9F060F4CB3071F0C031D1F0E4
:1081A00087E694E10E94830E13C081E090E0E5CF62
:1081B000C93261F0C833A1F783EE95E10E94830EC6
:1081C0008DE694E10E94830E81E0D7CF1092A70341
:1081D00080E0D3CF0E94B23C89E694E10E94830EF6
:1081E00082E08093A703F0CFC432C8F4CE3108F008
:1081F000BEC0CB30E1F040F4C73009F4CCC08BE016
:1082000093E10E94830E26C0C331C1F1C431B9F796
:108210008091A603882351F11092A6030AC0CB34A3
:1082200009F4B7C0C8F4C93299F3C83341F70E94C2
:10823000B23C8091A603882309F4C4C01F928F9397
:1082400085E093E19F938F930E941C0F0F900F90F6
:108250000F900F9081E092CFC13509F494C0C235E0
:1082600009F48BC0CE3459F66AE08EC08AE193E1FE
:108270000E94830E81E08093A70380CF84EF92E178
:108280000E94830E82EE92E10E94830E809127016C
:108290001F928F938FED92E19F938F930E941C0FFB
:1082A0008DED92E10E94830E8BEC92E10E94830E91
:1082B000809126011F928F9388EC92E19F938F9378
:1082C0000E941C0F86EC92E10E94830E87EB92E1E4
:1082D0000E94830E809125011F928F9384EB92E17F
:1082E0009F938F930E941C0F82EB92E10E94830E5A
:1082F00081EA92E10E94830E809124011F928F9364
:108300008EE992E19F938F930E941C0F8CE992E17A
:108310000E94830E87E892E10E94830E80912101E2
:108320001F928F9384E892E19F938F930E941C0F7A
:1083300082E892E10E94830E8BE692E10E94830E16
:10834000809120011F928F9388E692E19F938F93F3
:108350000E941C0F86E692E10E94830E8DB79EB7A5
:1083600048960FB6F8949EBF0FBE8DBF62CF8C2F7C
:108370000E9497408093A6035CCF61E08091A603A2
:108380000E94C93C56CF61E08091A6030E946D3DDA
:1083900050CF6AE0F3CF8EE18093270182E3809390
:1083A00026018AE08093250184E18093240188E0FE
:1083B0008093210188E2809320018DE093E10E9467
:1083C000830E37CF82E093E11CCF8091CB030895D9
:1083D0009FB7F8941092AA039FBF909166069430BD
:1083E00009F048C02091E9002F703091EC00932FE4
:1083F000917030FD90E8922B25E02093E9002091C8
:10840000EB0020FF34C02091EE0027FF30C0209108
:10841000A803222321F02091E80025FF28C0109214
:10842000A80326E03091E80035FF14C08093F100E6
:108430008091E80085FD27C08091E80080FFFCCF97
:108440008091E8008E778093E8009F709093E90018
:1084500080E0089530916606343049F43091EB00A5
:1084600035FD05C0215041F481E08093A8039F7041
:108470009093E9008FEF0895EFE9FFE03197F1F76E
:1084800000C00000CFCF8FB7F89421E02093AA035B
:108490008FBFDBCFCF93DF9300D00F92CDB7DEB786
:1084A00090916606943011F589837B836A8390935B
:1084B000E9008FEF9091E800815095FD06C095EDA1
:1084C0009A95F1F700008111F5CF8091E80085FFC2
:1084D0000DC050E040E063E070E0CE0101960E94E4
:1084E00063458091E8008E778093E8000F900F90AD
:1084F0000F90DF91CF910895CF93DF93EC010E940D
:108500004645823011F0843031F4BE0184E0DF91C1
:10851000CF910C944A42DF91CF910895BC0183E042
:108520000C944A42CF93DF93EC010E94464582307F
:1085300011F08430F9F484E08093E9008FEF90919A
:10854000E800815095FD06C095ED9A95F1F7000081
:108550008111F5CF8091E80085FF0CC050E040E02C
:1085600066E070E0CE010E9463458091E8008E775E
:108570008093E800DF91CF910895CF93DF93EC01D2
:108580000E944645823011F08430B9F58091320165
:108590008823B1F18091600687FF32C060E284E0F9
:1085A0008093E9008FEF9091E800815095FD06C01F
:1085B00095ED9A95F1F700008111F5CF8091E800D3
:1085C00085FF1BC08091320170E050E040E08111D6
:1085D00004C050E040E068E070E0CE010E946345D6
:1085E0008091E8008E778093E80080E2FE01ABEA9C
:1085F000B3E001900D928A95E1F7DF91CF91089554
:1086000068E081E0CDCFCF93FC01603221F580910D
:108610006606843001F5C091E900CF702091EC002E
:10862000922F917020FD90E8C92B82E08093E900A1
:108630008091E80080FF0CC050E040E060E270E014
:10864000CF010E9463458091E8008E778093E80017
:10865000CF70C093E900CF9108958CE49AE10E9415
:10866000830E80916506811109C00E9440470E94D7
:10867000A2478091E20084608093E200089588E43C
:108680009AE10E94830E10926506089584E49AE1AF
:108690000C94830E80E49AE10C94830E8CE39AE1AF
:1086A0000E94830E0C94BE382091A9032F5F822F65
:1086B00062E30E945B4A992319F02093A90308956D
:1086C0001092A9038091AA038823F1F08091660695
:1086D0008430C1F49091E9009F702091EC00822FCA
:1086E000817020FD80E8892B95E09093E9009091BE
:1086F000EB0090FF04C09091EE0097FD08C08F70D2
:108700008093E9001092AA0308951092F1009091CD
:10871000E80095FDFACF9091E80090FFF0CF90919E
:10872000E8009E779093E800EACF42E061EC81E0B8
:108730000E94BC4642E261EC84E00E94BC4642E2F8
:1087400061EC82E00E94BC4642E260EC83E00E9461
:10875000BC4642E261EC85E00C94BC468091680620
:10876000833009F461C030F48130D1F1823009F4F2
:108770009DC008958A3009F489C08B3009F46FC018
:10878000893009F050C080916706813209F04BC0F2
:1087900080916B0690916C06009719F0029709F092
:1087A00042C08091E800877F8093E8008091E800D4
:1087B00082FF35C08091F2009091F300029729F476
:1087C0008091F1008B7F813021F48091F1008093C2
:1087D000CB038091E8008B778093E8000C94F046FF
:1087E00080916706813AF9F48091E800877F809351
:1087F000E80080916B0690916C06892B61F460E231
:108800008BEA93E070E00E9401468091E8008B774C
:108810008093E800089560E090E080E0F3CF8091DD
:1088200066068111C3CF089580916706813AD9F712
:1088300080916B0690916C06892BA9F78091E800D6
:10884000877F8093E8008091E80080FFFCCF8091D3
:1088500032018093F1008091E8008E77BDCF809146
:108860006706813201F780916B0690916C06892B27
:10887000D1F68091E800877F8093E8000E94F0465F
:1088800080916906809332010C94103080916706C4
:10889000813249F68091E800877F8093E8000E944A
:1088A000F04680916A068093CC0308958091670614
:1088B000813A09F0B8CF8091E800877F8093E80083
:1088C0008091E80080FFFCCF8091CC03C2CFCDB770
:1088D000DEB7A0970FB6F894DEBF0FBECDBF84B74A
:1088E000877F84BF0FB6F894A89580916000886157
:1088F00080936000109260000FBE80E890E00FB699
:10890000F89480936100909361000FBE0E943A2B0F
:108910000E9440470E94A2478091E20084608093B9
:10892000E20088EE91E40E943E3678940E94304A3C
:108930000E94442B88E291E00E947B2A8BE29AE11C
:108940000E94830E13E080916606853039F10E9403
:108950007D2B809166068430B1F71093E9008091F9
:10896000E80082FFF0CF8091E80090E085FF09C029
:1089700050E040E060E270E0CE0101960E94B24516
:1089800091E08091E8008B778093E8009923D9F2F9
:1089900060E2CE0101960E941722D5CF87E29AE1CC
:1089A0000E94830E0E94703880916406882359F2D9
:1089B0000E94A438882339F20E944D45C4CF0C94FC
:1089C000E144292F33272330310521F168F4213088
:1089D000310509F449C02230310509F44AC090E05C
:1089E00080E030E020E029C02132310581F12232DF
:1089F0003105A9F76430710590F7FB01EE0FFF1FF9
:108A0000E251FE4F2081318166517E4FFB01808112
:108A100090E013C099278130910599F0009741F0BB
:108A20008230910589F00397D1F6E0E5FAE102C0C2
:108A3000E6E8FAE1849190E09F01FA013183208316
:108A40000895E4E6FAE1F6CFE6E5FAE1F3CF643023
:108A5000710528F6660F771FFB01EA50FE4F208153
:108A6000318189E090E0E9CF82E190E025E03BE1CF
:108A7000E4CF8BE790E02AE83AE1DFCF8091660609
:108A8000843011F482E0089581E008958091CD034F
:108A9000811102C00C943E45089584E189BD86E1B0
:108AA00089BD09B400FEFDCF8091D8008F7D8093F1
:108AB000D8008091E00082608093E0008091E00027
:108AC00081FDFCCF0895AF92BF92CF92DF92FF92CB
:108AD0000F931F93CF93DF936C01EB018A010E94E8
:108AE0000F47F82E811123C00115110539F0F80147
:108AF00080819181C81BD90BC80ED91EB12CA12C25
:108B00002097A9F08091E80085FD22C08091E800BF
:108B10008E778093E80001151105A1F0F80180819E
:108B20009181A80EB91EB182A08285E0F82E8F2D0A
:108B3000DF91CF911F910F91FF90DF90CF90BF9069
:108B4000AF9008950E940F478823D1F2F82EEFCFFF
:108B5000F60181916F018093F1002197FFEFAF1A29
:108B6000BF0ACECFAF92BF92CF92DF92FF920F9308
:108B70001F93CF93DF936C01EB018A010E940F4793
:108B8000F82E811123C00115110539F0F8018081FB
:108B90009181C81BD90BC80ED91EB12CA12C2097CE
:108BA000A9F08091E80085FD22C08091E8008B77D4
:108BB0008093E80001151105A1F0F80180819181F1
:108BC000A80EB91EB182A08285E0F82E8F2DDF910C
:108BD000CF911F910F91FF90DF90CF90BF90AF90FA
:108BE00008950E940F478823D1F2F82EEFCF80918D
:108BF000F100F60181936F012197FFEFAF1ABF0AD1
:108C0000CECFFC0180916D0690916E068617970776
:108C1000A0F06115710529F49091E8009E7790937A
:108C2000E80090E06115710551F4911108C0809140
:108C3000E80082FF33C080E00895BC01F2CF80914C
:108C400066068823B9F18530B9F18091E80083FD8B
:108C50002FC08091E80082FDEACF8091E80080FF7C
:108C6000E1CF2091F2003091F3006115710519F008
:108C70002830310558F091E02830310509F090E0B6
:108C80002091E8002E772093E800CCCF819180934B
:108C9000F100615071092F5F3F4FE7CF8091660669
:108CA000882341F0853041F08091E80083FFBFCFF9
:108CB00081E0089582E0089583E00895FC018091A9
:108CC0006D0690916E0686179707A0F061157105E5
:108CD00029F48091E8008E778093E80090E0611598
:108CE000710551F4911108C08091E80082FF34C0F1
:108CF00080E00895BC01F2CF809166068823C1F11F
:108D00008530C1F18091E80083FD30C08091E8009A
:108D100082FDEACF8091E80080FFE1CF2091F20050
:108D20003091F3006115710519F02830310558F0C4
:108D300091E02830310509F090E08091E8008E77CD
:108D40008093E800CCCF84918093F10031966150FC
:108D500071092F5F3F4FE6CF80916606882341F06F
:108D6000853041F08091E80083FFBECF81E0089517
:108D700082E0089583E00895982F973028F08F704F
:108D80008093E90081E008959093E900242F762FE5
:108D900050E0981731F07091EC002091ED00509167
:108DA000F00021FD02C09F5FE8CF3091EB003E7FD5
:108DB0003093EB003091ED003D7F3093ED0030912A
:108DC000EB0031603093EB007093EC002093ED00EA
:108DD0005093F0002091EE0027FDE5CF80E008954C
:108DE0008091670687FF13C08091E80082FF06C06C
:108DF0008091E8008B778093E80004C0809166063C
:108E00008111F2CF0895809166068823D9F380916D
:108E1000E80080FFF8CF8091E8008E77ECCF2091BA
:108E2000E4003091E50095E6A9012091EC00822F45
:108E3000817020FF06C08091E80080FF06C080E0BE
:108E400008952091E80022FD1AC0809166068823CB
:108E500089F0853089F08091EB0085FD0FC020916D
:108E6000E4003091E50042175307F9F29150E1F622
:108E700084E0089582E0089583E0089581E00895F4
:108E80000E94B1470E94B947E0EEF0E08081816026
:108E90008083E8EDF0E080818F77808319BCA7EDB7
:108EA000B0E08C918E7F8C9380818F7E8083109236
:108EB000650608950F931F93CF93DF930E94B147E8
:108EC0000E94B947C8EDD0E088818F778883888178
:108ED0008068888388818F7D8883E7EDF0E08081DA
:108EE0008068808319BC1092660610926206109208
:108EF00064061092630600EE10E0F80180818B7F1B
:108F0000808388818160888342E060E080E00E9405
:108F1000BC46E1EEF0E080818E7F8083E2EEF0E0FF
:108F2000808181608083808188608083F801808176
:108F30008E7F8083888180618883DF91CF911F91AC
:108F40000F910895E8EDF0E080818F7E8083E7ED5A
:108F5000F0E080818160808381E0809365060C94DD
:108F60005A47E8EDF0E080818C7F80831092E20028
:108F700008951092DA001092E10008951F920F9266
:108F80000FB60F9211240BB60F922F933F934F936E
:108F90005F936F937F938F939F93AF93BF93EF9361
:108FA000FF938091E10082FF0BC08091E20082FF7D
:108FB00007C08091E1008B7F8093E1000E945443C1
:108FC0008091DA0080FF19C08091D80080FF15C021
:108FD0008091DA008E7F8093DA008091D90080FF43
:108FE00098C084E189BD86E189BD09B400FEFDCF4A
:108FF00081E0809366060E942D438091E10080FF0E
:1090000019C08091E20080FF15C08091E2008E7F40
:109010008093E2008091E20080618093E200809181
:10902000D80080628093D80019BC85E080936606E2
:109030000E944A438091E10084FF2BC08091E200AE
:1090400084FF27C084E189BD86E189BD89B5982F59
:10905000917080FFFBCF8091D8008F7D8093D800E6
:109060008091E1008F7E8093E1008091E2008F7E0D
:109070008093E2008091E20081608093E200809121
:109080006206882309F44BC084E0809366060E9440
:109090004E438091E10083FF29C08091E20083FF6D
:1090A00025C08091E100877F8093E10082E080937A
:1090B0006606109262068091E1008E7F8093E10047
:1090C0008091E2008E7F8093E2008091E2008061D7
:1090D0008093E20042E060E080E00E94BC46809124
:1090E000F00088608093F0000E944643FF91EF916A
:1090F000BF91AF919F918F917F916F915F914F91B0
:109100003F912F910F900BBE0F900FBE0F901F90AD
:10911000189519BC109266060E943F436ECF80914D
:10912000E30087FD93E090936606B1CF1F920F9204
:109130000FB60F9211240BB60F922F933F934F93BC
:109140005F936F937F938F939F93AF93BF93CF93CF
:10915000DF93EF93FF93D091E900DF708091EC00F3
:10916000C82FC17080FDC0E81092E9008091F00026
:10917000877F8093F00078940E94DE481092E90087
:109180008091F00088608093F000CD2BCF70C09369
:10919000E900FF91EF91DF91CF91BF91AF919F9146
:1091A0008F917F916F915F914F913F912F910F9090
:1091B0000BBE0F900FBE0F901F9018951F93CF936B
:1091C000DF93CDB7DEB7AA970FB6F894DEBF0FBE18
:1091D000CDBF87E696E02091F100FC012193CF01FD
:1091E000F6E08F369F07B9F70E94AE438091E80002
:1091F00083FF1EC180916706909168069A3008F03F
:1092000017C1E92FF0E0EE59F34B0C94BF4A8038B8
:1092100099F0823809F00CC180916B068F7087300D
:1092200008F006C18093E9008091EB0085FB882758
:1092300080F91092E90006C080916306909164065F
:10924000911182609091E800977F9093E80080935D
:10925000F1001092F1008091E8008E77E5C088233C
:1092600009F4D3C0823009F0E3C08091690681110E
:10927000D6C080916B068F702FEF280F263008F034
:10928000D7C08093E9002091EB0020FFC8C0933045
:1092900031F48091EB0080628093EB00C0C090912C
:1092A000EB0090619093EB0021E030E001C0220FD1
:1092B0008A95EAF72093EA001092EA008091EB0089
:1092C0008860EACF8111B4C0109169061F77809140
:1092D000E3008078812B8093E3008091E800877F12
:1092E0008093E8000E94F0468091E80080FFFCCF68
:1092F0008091E30080688093E30082E0111183E0B5
:109300008093660695C08058823008F091C08091A5
:10931000690690916A068C3D23E09207A1F583E0EF
:109320008A838AE289834FB7F894DE01139620E09E
:109330003EE051E2E32FF0E050935700E49120FF2C
:1093400003C0E295EF703F5FEF708E2F90E0EA3040
:10935000C0F0C7968D939D932F5F243159F74FBF6F
:109360008091E800877F8093E8006AE270E0CE0198
:1093700001960E9401468091E8008B778093E80077
:1093800057C0C096E7CF60916B0670916C06AE0136
:109390004F5F5F4F0E94DF44BC01892B09F448C036
:1093A0009091E800977F9093E80089819A810E94CC
:1093B0005E46E1CF8038E1F58091E800877F8093B9
:1093C000E800809162068093F10045CF811130C0A2
:1093D00090916906923060F58091E800877F8093D4
:1093E000E800909362060E94F0468091620688230E
:1093F00011F084E005C08091E30087FDFACF81E0A1
:10940000809366060E94954313C08091690681305F
:1094100079F481E0933009F080E080936406109243
:10942000E9008091E800877F8093E8000E94F04681
:109430008091E80083FF0AC08091E800877F8093D5
:10944000E8008091EB0080628093EB00AA960FB653
:10945000F894DEBF0FBECDBFDF91CF911F9108956D
:10946000CF93809166068823A1F0C091E900CF7068
:109470009091EC00892F817090FD80E8C82B1092AC
:10948000E9008091E80083FD0E94DE48CF70C09320
:10949000E900CF910895DB018F939F930E94DE4AEC
:1094A000BF91AF91A29F800D911DA39F900DB29F80
:1094B000900D11240895991B79E004C0991F961707
:1094C00008F0961B881F7A95C9F78095089587FB49
:1094D000082E062687FD819567FD61950E945B4AEF
:1094E0000EF4919507FC81950895AA1BBB1B51E1D1
:1094F00007C0AA1FBB1FA617B70710F0A61BB70B04
:10950000881F991F5A95A9F780959095BC01CD01A8
:10951000089597FB072E16F4009407D077FD09D025
:109520000E94754A07FC05D03EF4909581959F4FA7
:109530000895709561957F4F0895A1E21A2EAA1B98
:10954000BB1BFD010DC0AA1FBB1FEE1FFF1FA217F3
:10955000B307E407F50720F0A21BB30BE40BF50BF0
:10956000661F771F881F991F1A9469F76095709579
:10957000809590959B01AC01BD01CF010895EE0F40
:10958000FF1F0024001C0BBE0790F691E02D0994EC
:109590006927962769277827872778270895A29F24
:1095A000B001B39FC001A39F700D811D1124911DB7
:1095B000B29F700D811D1124911D08950E94CF4A04
:1095C000A59F900DB49F900DA49F800D911D112417
:1095D00008958F929F92AF92BF92CF92DF92EF92B7
:1095E000FF92CF93DF93EC01688179818A819B811F
:1095F000611571058105910521F464E279ED8BE532
:1096000097E02DE133EF41E050E00E94AE4B49017D
:109610005A019B01AC01A7EAB1E40E94DE4A6B014A
:109620007C01ACEEB4EFA50194010E94D04BDC01AB
:10963000CB018C0D9D1DAE1DBF1DB7FF03C0019753
:10964000A109B04888839983AA83BB839F77DF9160
:10965000CF91FF90EF90DF90CF90BF90AF909F9011
:109660008F9008950C94E94A80E091E00C94E94AC7
:10967000B0E0A0E08093000190930101A09302016B
:10968000B09303010895FB01DC0102C005900D9227
:1096900041505040D8F70895FC014150504030F0FF
:1096A00001900616D1F73197CF01089588279927A1
:1096B0000895FB01DC0104C08D910190801921F413
:1096C00041505040C8F7881B990B0895F999FECF77
:1096D00092BD81BDF89A992780B50895A6E1B0E0C2
:1096E00044E050E00C94A04BA8E1B0E042E050E030
:1096F0000C94A04B262FF999FECF92BD81BDF89A0C
:10970000019700B4021639F01FBA20BD0FB6F894C5
:10971000FA9AF99A0FBE08950396272F0E947B4B61
:109720000E947A4B252F0E947B4B242F0C947B4B5D
:109730000196272F0E947B4B0C947A4BDC01CB01C6
:10974000FC01F999FECF06C0F2BDE1BDF89A319651
:1097500000B40D9241505040B8F70895052E97FB84
:109760001EF400940E94C54B57FD07D00E949D4AED
:1097700007FC03D04EF40C94C54B509540953095A2
:1097800021953F4F4F4F5F4F08959095809570956D
:1097900061957F4F8F4F9F4F0895B7FF0C94DE4A1E
:1097A0000E94DE4A821B930B0895F894FFCFAE1DF2
:1097B000B61DBD1DC21DC71DCC1DD11DD61DDB1D77
:1097C000E01DE51DEA1DEE1DF31DF61DF91DFC1D36
:1097D000FF1D011E041EAB1FB01FB21FB51FB81F17
:1097E000BB1FBE1F2B22382260226C2277228222CE
:1097F00085228C229322DE22E12298229C22A4221E
:10980000B122BE22C122C422D122D92DD92D312E7E
:10981000312E832E9F2E062E062EAA2E362F452F52
:10982000452FA12F062E062EAA2F1F301F302830BD
:1098300028302A302830283028301F301F302F3071
:10984000283028302F30C93FB63FD03F163E8D40DC
:109850008D40B13F8D408D40FC3F8D400C407340AA
:109860008D408D408D408D402F408D408D401C405F
:109870008D40E73F8D408D408B408B408B408B402F
:109880008B408B408B408B408B4085408D40C93F47
:10989000AA3F8D408D408D408D408D408D408D4044
:1098A0008D408D408D4085408D408D40B13F8D4035
:1098B0008940894089408940894089408940894060
:1098C0008940854007492F49184A2F49184A62495B
:0898D0008349184ADA49E64910
:1098D800010000000102001E001E1E01191A1B1CB7
:1098E8001D1E1F202122060021007F220003730372
:1098F8002808641E140A321EE541BD4292428E4277
:109908007C4201E200E900EA00B500B600B700CDEC
:10991800008301CC008A01920194012102230224D0
:10992800022502260227022A02B300B4006F007043
:1099380000818283000102030405060767666564E7
:1099480063626160F5F6F7F2F1F0C1C0000102024E
:1099580002020606060909090909090F0F0F0F0F68
:109968000F1515151819191919191919191919236C
:10997800242525252525250008101818100800E29B
:1099880000E900EA00B500B600B700CD008301CCBD
:10999800008A019201940121022302240225022651
:1099A8000227022A02B300B4006F0070008182838C
:1099B800010203040506070809004022BC22171CFF
:0E99C800391B5B1B171B9C1AB51AD51AEE1A19
:00000001FF
