:020000040800F2
:1000000000040020590300085B0300085B0300089C
:100010005B0300085B0300085B0300085B03000848
:100020005B0300085B0300085B030008ED85000824
:100030005B0300085B0300085B0300085B03000828
:100040005B0300085B0300085B0300085B03000818
:100050005B0300085B030008AD85000869850008A4
:1000600025850008E18400089D8400086582000859
:10007000518200083D82000829820008158200088C
:1000800001820008ED8100085B0300085B030008A3
:100090005B0300085B0300085B030008B5830008EE
:1000A000858200087D82000881820008798200082C
:1000B000197F0008C97E0008B57E00085580000839
:1000C000BD7F00085B0300085B0300085B030008BA
:1000D0005B0300085B0300085B0300085B03000888
:1000E000998200085B0300085B0300085B030008BB
:1000F000DD7E00085B0300085B0300085B0300086B
:100100005B0300085B0300085B0300085B03000857
:100110005B0300085B030008057F0008F17E000810
:10012000D9810008C5810008B18100089D810008BF
:10013000898100085B0300085B0300085B0300087B
:100140005B0300085B0300085B0300085B03000817
:100150005B0300085B0300085B0300085B03000807
:100160005B0300085B0300085B030008B17B000829
:100170005B0300085B0300085B0300085B030008E7
:100180005B0300085B0300085B0300085B030008D7
:100190005B0300085B0300085B0300085B030008C7
:0801A00019020008F10100083A
:1001B0000348044B834202D0034B03B118477047F6
:1001C000880F0020880F0020000000000548064925
:1001D0000B1AD90F01EBA301491002D0034B03B155
:1001E00018477047880F0020880F0020000000008B
:1001F00010B5064C237843B9FFF7DAFF044B13B16F
:100200000448AFF300800123237010BD880F002045
:1002100000000000D4BA000808B5044B1BB1044923
:100220000448AFF30080BDE80840CFE700000000BD
:100230008C0F0020D4BA000872B6394880F30888C1
:10024000384880F3098838484EF60851CEF200014C
:10025000086040F20000CCF200004EF63471CEF29D
:1002600000010860BFF34F8FBFF36F8F40F20000B3
:10027000C0F2F0004EF68851CEF200010860BFF3E4
:100280004F8FBFF36F8F4FF00000E1EE100A4EF674
:100290003C71CEF200010860062080F31488BFF3A1
:1002A0006F8F08F02BFA09F08BFD4FF055301F4986
:1002B0001B4A91423CBF41F8040BFAE71C49194A1A
:1002C00091423CBF41F8040BFAE71A491A4A1B4B0A
:1002D0009A423EBF51F8040B42F8040BF8E70020A5
:1002E0001749184A91423CBF41F8040BFAE708F05D
:1002F000DDF908F002FA144C144DAC4203DA54F85C
:10030000041B8847F9E708F0FBF9114C114DAC428A
:1003100003DA54F8041B8847F9E708F0EDB9000048
:1003200000040020000C0020000000080000002055
:1003300000040020D4BA0008000C0020880F002020
:10034000880F0020D8210020A0010008A401000887
:10035000A4010008A80100086EE700F000F8FEE71D
:100360002DE9F04F2DED108AC1F80CD0C3689D46E1
:10037000BDEC108ABDE8F08F002383F31188284676
:10038000A047002008F042F9FEE708F063F900DF1B
:10039000FEE70000014B1868704700BF000C00200A
:1003A000F0B4860746D0541E002A3CD0CAB2034699
:1003B00002E014F1FF3436D303F8012B9D07F8D186
:1003C000032C29D9CDB245EA05250F2C45EA054570
:1003D00033D9A4F11006360903F1200707EB0617FD
:1003E00003F1100242E9045542E902551032BA42C3
:1003F000F8D1721C14F00C0F03EB021204F00F067C
:1004000013D0331F23F003030433134442F8045B77
:100410009342FBD106F003042CB1C9B21C4403F88B
:10042000011B9C42FBD1F0BC704734461346002CA4
:10043000F3D1F8E714460346C2E71A462646E0E73A
:1004400038B5124B1C68A26B05461AB10023C2E9ED
:10045000045338BD182000F0B3F80246A06378B109
:10046000012000210A4B1360C2E904010B23094853
:10047000094993810023C2E90101C2E9045338BD4F
:10048000064B0748422100F055F800BF000C002041
:100490000E33CDAB34126DE6ECDE050004BA000875
:1004A0001CBA000838B51A4B1C68A26B92B11469CB
:1004B00018495369184801FB04F100FB0313A4FB1E
:1004C0000045611C1D4445F1000323F00040C2E9D2
:1004D000041338BD182000F073F80246A06388B1F9
:1004E00001200021C2E904010A480C4C0C4B0D49C3
:1004F0000D4D146053600B24034695609481C2E94E
:10050000041338BD094B0A484E2100F013F800BF10
:10051000000C00202DF451582D7F954C0E33CDAB9F
:1005200034126DE62E7F954CECDE050004BA00080F
:100530001CBA000800B50A4C2668054685B01C4662
:10054000F06852B1074B0091CDE9013206492B46C4
:10055000224600F021F800F071FD044B1A46F2E744
:10056000000C002050BA000860BA00085CBA00080D
:1005700008B513460022FFF7DDFF00BF0CB400B53D
:1005800083B004AB53F8042B019300F027F903B0B8
:100590005DF804EB02B070470EB410B583B005AB44
:1005A000064C53F8042B01930146206800F016F91D
:1005B00003B0BDE8104003B0704700BF000C00203E
:1005C000024B0146186800F061B800BF000C002023
:1005D000024B0146186800F003B800BF000C002071
:1005E00000293CD038B551F8043C0C1F002BB8BF93
:1005F000E418054601F0AEFA234B1A682AB1A2426C
:100600000DD921686018824223D0626028461C60A0
:10061000BDE8384001F0A0BAA34203D81A46536897
:10062000002BF9D111685018A04219D024D82168A4
:100630006018834206D0636054602846BDE83840A5
:1006400001F08ABAD3E90003014463602160546079
:10065000F3E7D2E90002014462602160D6E7704707
:1006600020680144501883421160E6D1D3E90003A9
:10067000014453601160E0E70C232B602846BDE87D
:10068000384001F069BA00BFA40F0020F8B5CD1CB6
:1006900025F0030508350C2D38BF0C25002D064626
:1006A00033DBA94231D82A4F01F054FA3A6852B1EB
:1006B00013685B1B04D43FE023685B1B29D52246EB
:1006C0005468002CF8D1796800293BD0294630467F
:1006D00007F044FA431C28D0C41C24F00304A042B1
:1006E00005D0211A304607F039FA01301DD02560B7
:1006F000304601F031FA04F10B0020F00700231D11
:10070000C21A01D01B1AA350F8BD0C22326000207F
:10071000F8BD0B2B05D8A242636811D05360E7E700
:10072000144623601C442560E2E70C233046336006
:1007300001F012FA0020F8BD0B2BF1D853681446D3
:100740003B60D5E7304607F009FA7860BEE700BFA6
:10075000A40F00209368013B002B936011DA10B4C2
:100760009469A34209DB0A2907D01368581C10605A
:10077000197008465DF8044B70475DF8044B00F0B3
:100780007DBB1368581C106019700846704700BF85
:100790009BB1F8B513440F4606465D1E541E01E09A
:1007A000AC4208D03A4614F8011F3046FFF7D2FF9A
:1007B000431CF5D1F8BD0020F8BD0020704700BFF4
:1007C000936810B5144613B95360184610BD00F075
:1007D0001DFE0023C4E9013310BD00BF2DE9F04F19
:1007E0009FB08B4690461C46039018B18369002B3E
:1007F00000F0B780A24B9B4500F0B980A14B9B4510
:1008000000F0C780A04B9B4504BF039BD3F80CB0FE
:10081000BBF80C30180740F1B280DBF81030002B29
:1008200000F0AD8030238DF8323098F80030059418
:10083000002120220B918DF83120944E0127002BAE
:1008400000F08780252B00F01581454603E0252B1D
:1008500000F0A38025466B786C1C002BF7D1B4EB1D
:10086000080A76D04246534659460398FFF790FF50
:1008700001306ED00B9B6A7853440B93002A68D0EA
:1008800000234FF0FF3201340693CDE908338DF891
:100890005B301C93079205E0069A07FA03F31343B3
:1008A0002C4606932546052215F8011B304600F01C
:1008B000FFFFAA46831B0028EED1069BD90644BF42
:1008C00020228DF85B2021781A0744BF2B228DF857
:1008D0005B202A2966D1059A116804320029059205
:1008E000C0F29D8009916178A51C2E2973D0684CB7
:1008F0000322204600F0DCFF002800F08680001B69
:10090000069B402404FA00F00343069305F1010816
:10091000297860488DF83010062200F0C9FF0028C1
:1009200000F083805C4B002B72D005AB00935A46DD
:100930005A4B039806A9AFF300808146B9F1FF3FF7
:1009400007D00B9B4B440B9398F80030002B7FF49F
:1009500079AFBBF80C305B0618D40B981FB0BDE81C
:10096000F08F00F033FD464B9B457FF447AF039B70
:10097000D3F804B0BBF80C3018073FF54EAF59461A
:10098000039800F0DBFA00283FF44CAF4FF0FF3043
:10099000E4E7039BD3F808B03AE7B4EB080A3FF466
:1009A0006FAF5FE7A1F13002092A88BFA2469CD849
:1009B000099B01E02C460135297803EB830302EB08
:1009C0004303A1F13002092AAA46F3D92E2904F1E2
:1009D000020509938BD19AF801102A292FD1059B82
:1009E0009AF802101A6807920433002A05930AF154
:1009F00003050AF1020338DB254C032220469A4600
:100A000000F056FF00287FF47AAFA84655467FE7EE
:100A1000059B073323F007030833059391E7494209
:100A200043F00203099106935DE705AB00935A4634
:100A30001A4B039806A900F0D5F881467EE7A1F18C
:100A400030020023092A079301D915E05546697839
:100A500003EB830302EB4303A1F13002092A05F102
:100A6000010AF3D90235079341E74FF0FF329A4666
:100A700007923CE7444603E7AA46013537E700BF43
:100A80005CA000083CA000081CA0000890BA000868
:100A900098BA00089CBA00080000000091070008FE
:100AA00010B4044C13460A46014620685DF8044B16
:100AB000FFF794BE000C00202DE9F0470C4691464C
:100AC0000A698968DDF820808A42B8BF0A46C9F8F9
:100AD000002094F8431006461F4611B10132C9F8B0
:100AE0000020236899065CD5D9F800200232C9F8A5
:100AF0000020236813F0060F19461DD1E1688A1AF9
:100B0000002AD8BF194617DD04F1190A002505E0AF
:100B1000E368D9F800209B1AAB420CDD0123524652
:100B200039463046C047013005F10105F0D14FF09C
:100B3000FF30BDE8F087216894F84330003318BFD8
:100B400001238A060AD5E1185A1C302081F8430097
:100B5000224494F8451082F84310023304F1430212
:100B600039463046C0470130E1D02368A268216988
:100B700003F00603042B1DD08A4226DD4FF0000946
:100B8000521A91441A34002501E04D451DDA012323
:100B9000224639463046C047013005F10105F4D1FF
:100BA000C5E713F0060F13D094F84330003318BF95
:100BB0000123D3E7D9F80000E3688A42A3EB0003DE
:100BC00023EAE379DCDC002BDCDC0020BDE8F087E5
:100BD000E168D9F800208A1A002AD8BF194693DCA8
:100BE000AAE700BF2DE9F0430C46097E85B06E29C7
:100BF000064617460C98984604F1430E6DD039D935
:100C0000732900F0F68044D9752900F00481782911
:100C100040F0118178232268DFF858C284F845300B
:100C20000168150651F8043B016040F1A180D1072D
:100C300044BF42F020022260002B00F0938010227B
:100C4000002184F843106068A0600028C0F2C880CA
:100C5000216821F004012160002B40F0A3800028CE
:100C600040F0C0807546082A00F0AC80AEEB05036A
:100C7000236141E0632900F0E5801AD8002938D0CB
:100C8000582940F0D88084F845102268DFF8E8C180
:100C9000C6E76F2900F0BF80702940F0CC80226841
:100CA000DFF8D0C142F020027823226084F845307A
:100CB000B6E7642902D0692940F0BD802268036844
:100CC000110603F1040557D5196805600B46002984
:100CD00059DBDFF8A4C10A22B5E70368226861691D
:100CE0001D1D056015061B6802D4500600F1BD806D
:100CF0001960002375462361CDF800803B4603AAA6
:100D000021463046FFF7D8FE013020D02A4623691D
:100D100039463046C047013019D022680398E3684D
:100D2000920719D51A1A002A16DD04F119090025AF
:100D300004E0E36803981A1AAA420DDD01234A462B
:100D400039463046C047013005F10105F1D14FF079
:100D5000FF3005B0BDE8F0839842B8BF184605B033
:100D6000BDE8F083226822F020022260102267E7AB
:100D7000500648BF9BB25AE75106A5D5B3F90030DB
:100D800005601946A3E76168A1602D200029C3F121
:100D9000000384F8430002DB22F004022260DFF843
:100DA000D8C00A22754600E00B46B3FBF2F102FB05
:100DB000113093421CF8000005F8010DF4D2082A06
:100DC0007FF454AF2368DB077FF550AF6268236977
:100DD0009A423FF74BAF302305F8013C013D45E710
:100DE000002BDFD19CF8003084F8423004F142053A
:100DF00039E703686268191D01601D6800212846F3
:100E000000F056FD002832D0401B606020610023B6
:100E100084F8433070E72268036812F0800F03F112
:100E200004051AD01B6805606F290CBF08220A222E
:100E3000DFF844C004E7012384F84210236104F181
:100E40004205E4E703681A68191D0123016004F1F3
:100E5000420584F842202361D9E712F0400F0DBF0C
:100E60001B6805601B880560DEE7198041E7606844
:100E7000CCE700BFB8BA0008A4BA0008F8B50D4620
:100E80001446064608B1836943B3254B9C422AD0D9
:100E9000244B9C4229D0244B9C4208BFF468A38970
:100EA000A269A2601A0722D5236903B32268616987
:100EB000D31AEDB299422F4629DD0133A168501CA7
:100EC0000139A1602060157062699A4216D0A38929
:100ED000DB0701D50A2D11D03846F8BD00F076FAAF
:100EE0000F4B9C42D4D17468D9E7B468D7E7214648
:100EF000304600F023F838B92369D7E72146304659
:100F000000F03AF90028E7D04FF0FF37E4E7214638
:100F1000304600F031F90028F6D122680123CDE7F0
:100F20005CA000083CA000081CA00008024B0A4678
:100F300001461868FFF7A2BF000C00203B4B70B5BC
:100F40001D6806460C460DB1AB69DBB1384B9C42BF
:100F50001ED0384B9C424AD0374B9C4208BFEC68AD
:100F6000B4F90C2093B2190718D5206908B313F00F
:100F700001022CD0636900225B42A361A26060B3CE
:100F8000002070BD284600F021FA294B9C42E0D198
:100F90006C68B4F90C2093B21907E6D4DD063CD591
:100FA000580726D4206942F00803A3819BB2002889
:100FB000DDD103F42072B2F5007FD8D0304621464F
:100FC00000F026FCA389206913F00102D2D1990711
:100FD00058BF6269A2600028D2D1B4F90C301A0659
:100FE000CFD543F04003A3814FF0FF3070BDAC6814
:100FF000B6E7616B51B104F14403994204D0304625
:10100000FFF7EEFAB4F90C20002363630023206994
:10101000636022F024022060C5E742F04002092309
:1010200033604FF0FF30A28170BD00BF000C002084
:101030005CA000083CA000081CA0000808B5062021
:1010400000F038FE012006F06FFD00BF8B891A0703
:101050002DE9F0410C46804641D44A68002A59DD0A
:10106000E66A002E53D00022D8F80050216AC8F852
:10107000002013F4805251D101234046B047431C55
:101080005FD0A389E66A216A5F0705D56268636B52
:10109000801A0BB1236CC01A024600234046B047A9
:1010A000461C45D1D8F80030B4F90C20002B55D09F
:1010B0001D2B01D0162B5AD123690022C4E900321E
:1010C000616BC8F8005011B304F14403994202D097
:1010D0004046FFF785FA00206063BDE8F0810E69A5
:1010E000AEB10D680E6099070CBF63690023AD1B9C
:1010F000A3600AE02B463246A76A216A4046B847F9
:101100000028A5EB000506440ADD002DF2DC0020D6
:10111000BDE8F0810A6C002AA2DCF8E7606DB3E755
:10112000A38943F04003A3814FF0FF30BDE8F08175
:101130002269A389226000226260DA04C0D560655A
:10114000BEE7D8F80030002B9BD01D2B0CD0162BFF
:101150000AD0A38943F04003A381D9E72169C4E9F8
:101160000013D304ACD5EAE7C8F80050CFE742F04B
:101170004002A281CCE700BF0B6923B310B504463F
:1011800082B008B18369BBB1104B994212D0104BA9
:10119000994216D00F4B994208BFE168B1F90C3063
:1011A0002BB1204602B0BDE81040FFF74FBF002032
:1011B00002B010BD6168F1E7019100F007F90199F3
:1011C000E2E7A168EAE70020704700BF5CA00008E2
:1011D0003CA000081CA0000820B1054B014618687F
:1011E000FFF7CABF034B0449186800F0B9BA00BF43
:1011F000000C002018A0000879110008002070479A
:10120000014900F0ADBA00BF791100080020704715
:1012100070B54A1E682505FB02F50E4605F17401FE
:10122000FFF734FA044640B100210C30666005F146
:1012300068022160A060FFF7B3F8204670BD00BFD0
:101240001E4B70B51D68AB69064643B34835D5E9FA
:101250000134013B05D51EE0013B5A1C04F1680432
:1012600019D0B4F90C20002AF6D10025144B65667C
:10127000C4E90055A560C4E90455A5612946E360A9
:10128000082204F15C00FFF78BF8C4E90D55C4E9AE
:101290001255204670BD2C682CB12546D7E728464C
:1012A00000F010F8D2E704213046FFF7B1FF044602
:1012B00028600028F1D10C233360EAE718A0000869
:1012C0000100FFFF2DE9F84F334B34491A68816262
:1012D00090424FF00003C0E91233036504BF0123BD
:1012E00083610546FFF7ACFF68602846FFF7A8FF5B
:1012F000A8602846FFF7A4FF6E68E8600024042376
:10130000F3607466C6E90044B460C6E90444B4619D
:10131000214606F15C000822FFF742F8DFF888B0AA
:10132000AF68DFF888A0DFF88890DFF888801C4B72
:10133000C6F83080C6E9086BC6E90AA92146FB60F9
:1013400008227C66C7E90044BC60C7E90444BC616C
:1013500007F15C00FFF724F8EE68124BC7F8308005
:10136000C7E9087BC7E90AA92146F3607466C6E9A4
:101370000044B460C6E90444B46106F15C0008228C
:10138000FFF70EF80123C6E9086BC6E90AA9C6F8FB
:101390003080AB61BDE8F88F18A00008011200088A
:1013A0000900010012000200251D00084D1D000863
:1013B0008D1D0008AD1D0008024B0349186800F0A0
:1013C000CFB900BF18A0000879110008836903B9DC
:1013D00078E77047704700BF704700BF704700BF95
:1013E000704700BF024B0349186800F093B900BF73
:1013F000000C0020FD110008024B0349186800F0A2
:1014000089B900BF000C00200D1200089368002B62
:1014100000F002812DE9F04FB1F90C309BB20C467F
:10142000190783B08246904635D522699AB313F0E6
:101430000202D8F800603DD00027D4F828B0D4F8D4
:1014400020C0DFF8CC923D464D452B463A4628BF9A
:101450004B4661465046D5B1D847002840F3D2806C
:10146000D8F808301B1A07442D1AC8F80830002B8A
:1014700000F0B780D4F820C0D4F828B04D452B46F2
:101480003A4628BF4B4661465046002DE4D1D6E986
:1014900000750836D8E721465046FFF74FFD002873
:1014A00040F03081B4F90C30D8F800609BB213F0F2
:1014B0000202C1D113F0010940F0B080A768206892
:1014C0004D46002D54D09A0540F1BC80AF42BB463A
:1014D00000F2E78013F4906F2FD0D4E9041707EBE4
:1014E0004707A0EB010B07EBD777681C7F10584428
:1014F000B8423A4684BF07463A465B0540F1E98068
:1015000011465046FFF7C2F8002800F0F5805A4611
:101510002169019000F01CFAA289019B22F49062DB
:1015200042F08002A281A7EB0B0203EB0B00676184
:1015300023612060A2602F46AB465A46494600F020
:10154000A1FAA2682368D21B5B442F46A2602360E5
:101550000025D8F80830DB1BB944C8F80830002B48
:101560003FD0B4F90C30A76820689BB2002DAAD1F7
:10157000D6E900950836A4E70BF1080353E90267A2
:101580009B460833002FF9D03A460A21304600F036
:101590008FF9002853D00130A0EB06094B46D4E95F
:1015A00004122068BB4228BF3B46884203D9A56885
:1015B0001544AB4219DC9A427DDC1346A56A216AC8
:1015C00032465046A847051E1CDDB9EB05096BD015
:1015D0000120D8F808305B1B2E447F1BC8F8083068
:1015E00013BB002003B0BDE8F08F31462A4600F05F
:1015F00049FA23682B44236021465046FFF7BCFD7F
:101600000028E2D0B4F90C3043F040034FF0FF3033
:10161000A38103B0BDE8F08F0020704733469146A8
:10162000104617464E469B46002FA5D00028B5D140
:101630003A460A21304600F03BF90028ABD17B1C2A
:101640009946ACE72369834215D36169A94212D850
:101650002E4BA76A9D4294BF2B466FF000434A462B
:1016600093FBF1F3504601FB03F3216AB847071ED1
:10167000C8DDED1B6DE7AF4228BF2F463A4649460D
:1016800000F000FAA3682268DB1B3A44A3602260E2
:10169000002BEED121465046FFF76EFD0028E8D022
:1016A000B0E72F46AB4648E721465046FFF764FDBA
:1016B00000288ED0A6E71A463146019300F0E2F9E1
:1016C000019BA1682268C91A1A44A16022601D46C4
:1016D0007BE7504600F042FA034600287FF423AF30
:1016E00021695046FEF77CFFB4F90C300C2223F040
:1016F0008003CAF8002087E70C23CAF80030B4F949
:101700000C3081E74FF0FF306CE700BFFEFFFF7F3A
:1017100000FCFF7F2DE9F04110F148071BD08846FF
:101720000026D7E90154013D0FD4A389012B05F10F
:10173000FF3506D9B4F90E300133204601D0C04739
:1017400006436B1C04F16804EFD13F68002FE8D119
:101750003046BDE8F0813E463046BDE8F08100BF2E
:101760002DE9F84310F148071FD0884606464FF090
:101770000009D7E90154013D11D4A389012B05F1DA
:10178000FF3508D9B4F90E3001332146304602D076
:10179000C04749EA00096B1C04F16804EDD13F68B9
:1017A000002FE6D14846BDE8F883B9464846BDE873
:1017B000F88300BF70B50C46B1F90E10002996B041
:1017C00016461D4613DB6A4606F0BBF900280EDB01
:1017D000019A02F47042A2F50052B2FA82F2520962
:1017E0004FF4806300202A60336016B070BDA38977
:1017F00000221B062A6004D540230020336016B067
:1018000070BD4FF480630020336016B070BD00BF20
:101810008A8992070B4606D501F1470201211A6019
:10182000C3E90421704770B582B001AB6A460C462B
:101830000646FFF7BFFF009905463046FEF726FF34
:10184000B4F90C3070B11649B162019A0099206068
:1018500043F08003A381C4E904018AB92B43A38127
:1018600002B070BD9A05FBD423F0030304F14702D4
:1018700043F002030121A3812260C4E90421EFE7C0
:101880003046B4F90E1006F05AF910B9B4F90C301C
:10189000E4E7A38923F0030343F001031BB2DDE770
:1018A000011200080000000000000000000000001D
:1018B00001F0FF01102A2BDB10F0070F08D010F801
:1018C000013B013A8B422DD010F0070F42B3F6D105
:1018D000F0B441EA012141EA014122F007047FF01E
:1018E00000070023F0E80256083C85EA010586EA75
:1018F000010685FA47F5A3FA87F586FA47F6A5FAB1
:1019000087F68EB9EED1F0BC01F0FF0102F00702BC
:1019100032B110F8013B013A83EA010313B1F8D167
:101920000020704701387047002D06BF3546033848
:10193000073815F0010F07D1013015F4807F02BF81
:10194000013015F4C03F0130F0BC0138704700BFD2
:10195000844641EA000313F003036DD1403A41D3BA
:1019600051F8043B40F8043B51F8043B40F8043B79
:1019700051F8043B40F8043B51F8043B40F8043B69
:1019800051F8043B40F8043B51F8043B40F8043B59
:1019900051F8043B40F8043B51F8043B40F8043B49
:1019A00051F8043B40F8043B51F8043B40F8043B39
:1019B00051F8043B40F8043B51F8043B40F8043B29
:1019C00051F8043B40F8043B51F8043B40F8043B19
:1019D00051F8043B40F8043B51F8043B40F8043B09
:1019E000403ABDD2303211D351F8043B40F8043BA9
:1019F00051F8043B40F8043B51F8043B40F8043BE9
:101A000051F8043B40F8043B103AEDD20C3205D3B8
:101A100051F8043B40F8043B043AF9D2043208D0B0
:101A2000D2071CBF11F8013B00F8013B01D30B8822
:101A300003806046704700BF082A13D38B078DD000
:101A400010F003038AD0C3F10403D21ADB071CBFD2
:101A500011F8013B00F8013B80D331F8023B20F83C
:101A6000023B7BE7043AD9D3013A11F8013B00F875
:101A7000013BF9D20B7803704B7843708B788370FD
:101A8000604670478842F0B40DD98B1883420AD95A
:101A9000841832B1224613F8014D02F8014D9942E3
:101AA000F9D1F0BC70470F2A0ED80346541E002A05
:101AB000F7D001340C44013B11F8012B03F8012F3E
:101AC000A142F9D1F0BC704740EA01039B073BD12A
:101AD000A2F110073F0901F1200606EB071601F1FC
:101AE000100300F1100453F8105C44F8105C53F834
:101AF0000C5C44F80C5C53F8085C44F8085C53F840
:101B0000045C44F8045C1033B34204F11004EAD1DD
:101B10007B1C1B0112F00C0F194402F00F0503444B
:101B200015D0043DAD0803EB850C1C1F0E4656F87E
:101B3000047B44F8047F6445F9D10135AD002B44A2
:101B4000294402F00302B1E7541E0346B1E72A46D6
:101B5000ACE700BF704700BF704700BF09B3F8B5DE
:101B60001446CAB106460D4600F024F9A04202D33D
:101B70002F463846F8BD21463046FEF787FD07461A
:101B80000028F6D022462946FFF7E2FE30462946D5
:101B9000FEF726FD3846F8BD2746FEF721FD3846FC
:101BA000F8BD1146FEF772BD10B580210446FEF760
:101BB0006DFD606440B1031F00227C3043F8042FA8
:101BC0008342FBD1002010BD4FF0FF3010BD00BF9D
:101BD000436C0BB100207047E6E700BF1F2970B5CA
:101BE000054608D8436C16460C464BB153F8240002
:101BF00043F8246070BD162202604FF0FF3070BDC4
:101C0000FFF7D2FF08B96B6CF0E74FF0FF3070BD03
:101C10001F2938B521D8426C05460C466AB152F8E6
:101C2000213053B1012B16D0591C10D0002520466D
:101C300042F824509847284638BD284600F070F8EE
:101C4000224601462846BDE8384000F055B8162324
:101C50000360012038BD002038BD162303604FF01B
:101C6000FF3038BD1F2921D838B5436C05460C46D6
:101C700083B153F8242003EB84034AB1511C10D0E4
:101C8000012A0CD0002520461D609047284638BD0B
:101C9000012038BDFFF788FF28B96B6CE9E7032006
:101CA00038BD022038BD4FF0FF3038BD4FF0FF3057
:101CB000704700BF024B01461868FFF7A9BF00BF7D
:101CC000000C0020024B0A4601461868FFF786BF49
:101CD000000C0020034B1868436C0BB100207047C8
:101CE00062E700BF000C0020024B01461868FFF7B6
:101CF000B9BF00BF000C002038B50B46074C0546A5
:101D0000114618460023236005F011FF431C00D044
:101D100038BD2368002BFBD02B6038BDD4210020B8
:101D200005F003BF10B50C46B1F90E1005F03AFFEF
:101D3000002803DB636D0344636510BDA38923F4AE
:101D40008053A38110BD00BF002070472DE9F041F2
:101D50001646B1F90C201F46D3050C460546B1F9CD
:101D60000E1009D422F48052A2813B463246284606
:101D7000BDE8F04105F012BF0022022305F010FF7C
:101D8000B4F90C20B4F90E10ECE700BF10B50C4606
:101D9000B1F90E1005F004FFA389421C0EBF23F415
:101DA000805343F480536065A38110BDB1F90E10D8
:101DB00005F0F2BE51F8043C181F002BBCBF0B58B5
:101DC000C018704753B94AB9002908BF00281CBF82
:101DD0004FF0FF314FF0FF3000F06EB9ADF1080C5D
:101DE0006DE904CE00F006F8DDF804E0DDE9022339
:101DF00004B070472DE9F047089D04468C46002B3F
:101E000040F083808A42174647D9B2FA82F242B143
:101E1000C2F1200024FA00F09140974040EA010C02
:101E200094404FEA1748230CBCFBF8F61FFA87FED4
:101E300008FB16C143EA014306FB0EF1994209D99A
:101E4000FB1806F1FF3080F01981994240F21681AB
:101E5000023E3B445B1AA4B2B3FBF8F008FB10331C
:101E600044EA034400FB0EFEA64509D93C1900F1E3
:101E7000FF3380F00581A64540F2028102383C44E0
:101E800040EA0640A4EB0E0400261DB1D440002316
:101E9000C5E900433146BDE8F08702B9FFDEB2FA7A
:101EA00082F2002A50D1CB1B4FEA174E1FFA87F857
:101EB0000126B3FBFEFC210C0EFB1C3341EA03415F
:101EC00008FB0CF38B4207D979180CF1FF3002D2D2
:101ED0008B4200F2E9808446C91AA3B2B1FBFEF03E
:101EE0000EFB101143EA014408FB00F8A04507D996
:101EF0003C1900F1FF3302D2A04500F2D980184608
:101F0000A4EB080440EA0C40BFE78B4209D9002D3E
:101F100000F0B1800026C5E9000130463146BDE839
:101F2000F087B3FA83F6002E4AD18B4202D3824265
:101F300000F2B880841A61EB030101208C46002D69
:101F4000A8D0C5E9004CA5E7C2F1200320FA03F6AA
:101F5000974001FA02F04FEA174ED9403043030C84
:101F6000B1FBFEF61FFA87F80EFB161143EA014398
:101F700006FB08F1994204FA02F409D9FB1806F1AC
:101F8000FF3C80F08D80994240F28A80023E3B44C3
:101F90005B1A81B2B3FBFEF00EFB103341EA034142
:101FA00000FB08F38B4207D9791800F1FF3C73D28C
:101FB0008B4271D902383944CB1A40EA064678E799
:101FC000C6F1200C03FA06F422FA0CF31C4320FAA3
:101FD0000CF701FA06F34FEA144E21FA0CF11F43F5
:101FE0003B0CB1FBFEF91FFA84F80EFB191143EA12
:101FF000014109FB08FA8A4502FA06F200FA06F3E3
:1020000008D9611809F1FF3048D28A4546D9A9F1AB
:1020100002092144A1EB0A01BFB2B1FBFEF00EFBA5
:10202000101147EA014700FB08F8B84507D9E7193E
:1020300000F1FF312ED2B8452CD90238274440EAAE
:102040000940A7EB0807A0FB02894F45C646494651
:102050001AD317D05DB1B3EB0E0267EB010707FA95
:102060000CFCF2404CEA0202F740C5E900270026CA
:102070003146BDE8F0872E4628460BE70646E9E6DE
:102080001846FDE64345E5D2B8EB020E69EB0401C4
:102090000138DFE70846D2E760468DE78146B9E7B9
:1020A000664675E730464AE7ACF1020C394413E75F
:1020B00002383C4424E700BF704700BF2DE9F04FD1
:1020C0008BB0814616469DF850E01598DDE9175211
:1020D0001C460BB922F0100212F4806A00D00CB337
:1020E00012F0200F27460DF108084FF0000414BF2E
:1020F0004FF0370B4FF0570BB7FBF0FC00FB1C7C8D
:102100005FFA8CF3BCF1090F94BF30335B44DBB250
:10211000874208F8013BB7FBF0F304F1010401D357
:10212000202C10D112F0020B1ED102F001033DB1A0
:1021300033B1BEF1000F02D112F00C0F00D0013DFF
:102140004FF0300C05E01F46D6E702AF07F804C099
:102150000134169FA74201D9202CF6D130271BB19C
:10216000A54201D91F2C4AD9D70620D5BAF1000FB4
:102170004CD1002C4AD0169BA34201D0AC4245D191
:10218000631E42D010284BD1023C93064AD41F2C28
:1021900018D80AAB2344782003F8200C01341F2CF4
:1021A00010D80AAB2344302003F8200C01341F2C34
:1021B00008D8BEF1000F3BD00AAB23442D2003F812
:1021C000200C0134930750D03746A24604EB070891
:1021D000A8EB0A02BAF1000F4BD1BBF1000F0AD0F5
:1021E000A8EB06073C46AC4206EB04024CD32E4457
:1021F000BD4228BFB04640460BB0BDE8F08F0DF1A0
:10220000080C0CF804700134A9E71C461028BCD057
:102210000228C4D11F2CD5D80AAB23446220BBE7C7
:102220001C46F5E71F2CCDD80AAB23445820B3E752
:10223000570703D50AAB23442B20C0E71007C1D5AD
:102240000AAB23442020BAE74FF0FF33202001914E
:10225000C84701990137BD4208EB0702F4D82F1B8C
:10226000A54238BF00273744AFE72746A6EB04084E
:10227000F1E70AF1FF3A02A84FF0FF3310F80A0025
:102280000191C8470199A1E74FF0FF332020019148
:102290000134C8470199A6E7064B07481A78997890
:1022A00004331B7800781B0443EA0123134343EAF9
:1022B0000060704710E0030816E003080D498B6AC0
:1022C0005B6830B50C6B58684B6862689B68FF2888
:1022D00088BFFF2022F0FF7243EA004322F48032DD
:1022E00094BF00254FF0807513432B4343F4806364
:1022F000636030BD4C1800204B6843608B6883607E
:10230000CB68C3600B6943614B6903628B694362AD
:102310000B6803607047000000EB810370B5DD6857
:102320002B6803F00303032B5AD0002B0CBF4FF490
:10233000007300232F4A146D6A6904F1804404F588
:10234000C04404EB01146AB1002262602A8AD0F80A
:102350008460013222F001023244C0F8842043F04C
:1023600020032660AA69C2B16D8A3E2D05F1FF32B5
:1023700039D942F01F02204E0132521146EA822220
:1023800092B2E260D0F88420013525F001051544B1
:10239000C0F8845043F40053A2608A0002F18042E6
:1023A00002F5B84210684404106848BF43F4804303
:1023B000400648BF43F04003194321F4784148F2F6
:1023C000800021F0F001014323F4F163116023F058
:1023D000070311685B045B0C4B400343136070BD43
:1023E0004FF4C063A6E742F001020132520202F448
:1023F0007C42C6E7005C00400080FFFF0B4B0C48AE
:102400000021802219655964DA644268D2688A42E0
:102410000CBF4FF41C424FF41E421A644023C0F814
:102420008430044BC360FFF777BF00BF005C0040FF
:10243000E8180020BCB300080E4BDA6942F4000231
:10244000DA610D4ADB69012313640C4BD02183F858
:102450004A134FF48061C3F888119960E02183F832
:102460004B134FF40061C3F8881199600023136483
:10247000FFF7C4BF00100240005C004000E100E034
:102480000C4B1B6D03F1804303F5C04303EB0010BD
:1024900011440368426003F1005303F540535B00AD
:1024A000002AA1EB020000DC7047008843F8040B0F
:1024B000023AF5E7005C0040836970B51A69DD688F
:1024C0001540EAB2D243AE0704461A6103D5436809
:1024D0001B6903B19847680704D563689B690BB112
:1024E00020469847290704D563681B6A0BB120462C
:1024F0009847EA0604D563689B6A0BB12046984763
:10250000EB0706D563689B681BB12046BDE87040A9
:10251000184770BDC3681969DA680A40D1B2C94367
:10252000D20719610FD50278042A08D1022202705D
:1025300000221A601A61DA6822F0FF02DA6043684A
:102540005B6803B1184770472DE9F74FD30902F0D4
:102550000308C2F3411E0193474600224FF00109D0
:102560004FF0030A4FF00F0BCB0732D5019C02F05E
:1025700007039B0004FA03FC446809FA02F524EA05
:1025800005044460856856000AFA06F625EA060541
:102590008560C56825EA060545EA0E050BFA03F3D2
:1025A000B8F1020F6FEA0604C5606FEA030317D1A2
:1025B000072A95BF056A456A2B402B4095BF43EA21
:1025C0000C0343EA0C030362436203681C403C4370
:1025D0000460490816D04FEA8E0EBF000132C3E7EF
:1025E00005682C403C43072A046095BF046A446A8E
:1025F0002340234095BF43EA0C0343EA0C030362E4
:102600004362E6E703B0BDE8F08F000010B4046851
:10261000437B21684268D940126801F00E010A42EA
:102620000FD0827B01FA03F363600132064B53F84B
:10263000324034B103EBC203586823465DF8044BC3
:1026400018475DF8044B7047F01E002038B50C4663
:10265000012511460289A5401543058100EB840040
:102660000025C2685069128A03609A4228BF1A4640
:1026700081604560C56002612046A40004F1804489
:1026800004F5B844FFF7FCFE236823F4F04323F07D
:10269000400383F0300343F4004343F0800323609E
:1026A00038BD000010B590F86430142B044636D0C5
:1026B00024D8062B05D001D81BB110BD093B022B35
:1026C000FBD81D490B6823F4F04323F0400383F04B
:1026D000100248F2800002430A600B6823F4904322
:1026E00023F0700383F4805303430B6063681B681B
:1026F00013B1062120469847062319E0152BDCD19B
:102700000B2380F86430202383F3118800231A46BA
:102710001946FFF79BFF002383F31188CDE7C368B9
:102720009B695B68002BC8D1036F03B198470023F6
:1027300084F86430C1E700BF005C004070B5468992
:10274000012404FA01F53543458100EB8100C56899
:10275000A8698260002203604260C2602BB16A8A6D
:10276000013B1344B3FBF2F39CB2890001F18041B9
:1027700001F5B84104820B6823F4904323F0700301
:1027800083F4405343F4004343F080030B6070BD77
:1027900038B590F864300446002B42D0063BDAB2DC
:1027A0000F2A38D80F2B36D8DFE803F03B35350831
:1027B000263635353535353535353B3B90F87B108C
:1027C00090F87A20C36E42EA0122934214D2C26882
:1027D000128AB3FBF2F502FB15356DB9202383F3A2
:1027E00011882B462A462946FFF730FF85F31188CA
:1027F0000A2384F864300EE0142384F86430202324
:1028000083F3118800231A4619462046FFF796FFE6
:10281000002383F3118838BD036F03B19847002369
:10282000E7E70E490B6823F4F04323F0400383F0FD
:10283000100248F2800002430A600B6823F49043C0
:1028400023F0700383F4805303430B6063681B68B9
:1028500013B10621204698470623CAE7005C0040D2
:1028600090F87630074A80F87E3043F0800310B548
:10287000D36443681B6804460BB1012198470323C6
:10288000237010BD005C004003691960C268013A02
:10289000C260C269134482690361934224BF436AE0
:1028A000036100238362036B03B118477047D0E9CB
:1028B00004239A4201D1C26822B9184650F8043B59
:1028C0000B60704700207047C368C269013BC3605A
:1028D0004369134482694361934224BF436A43615D
:1028E00000238362036B03B118477047202383F3EF
:1028F0001188104B5B6813F4006317D0F1EE103AA7
:10290000EFF30983683B4FF08072DA610A4AD268BC
:102910001A6683F30988094A11689269896892687E
:1029200091428CBF064A074A9A61704783F3118827
:10293000704700BF00ED00E030EF00E0DC1C00203D
:102940008B0300088E0300080D4A0E4B516FC268BE
:102950005B68013230B5C260D0E9044582685B1A19
:102960009B1A42688360E41845F1000593420268AF
:1029700088BF43609342C0E9044538BF036030BD5F
:10298000DC1C0020001000E0014B5B688360704796
:10299000001000E0002380F820308268054B1B689F
:1029A00099689142FBD25A68036042601060586097
:1029B000704700BFDC1C0020F8B5046805460E46D1
:1029C0000027AC4200D1F8BDE3683343E3602369DC
:1029D0001E420BD0D4E90103426B134390F8202030
:1029E00043630A2A04D1426A134207D12468E8E704
:1029F0000B2AFBD1426A32EA0303F7D14762FFF7A1
:102A0000C9FFF3E738B504460D462068844200D17B
:102A100038BD036823605C604562FFF7BBFFF4E7E5
:102A200003682BB10022026059621846FFF7B2BF5B
:102A300070470000F8B590F86430044613B10023E5
:102A400080F86430BF4B1B6D03F1804303F5C04336
:102A500003EB011104F174008B6803F1005303F5DB
:102A600040535B0003F1100219460433096820F853
:102A7000021B9342F8D163689B681BBB94F87430C7
:102A800013F0600546D0AF490B6823F4F04323F000
:102A9000400383F0100248F2800002430A600B6892
:102AA00023F4904323F0700383F4805303430B60BB
:102AB00063681B6813B1062120469847062384F8F3
:102AC0006430F8BD204698470028D7D094F87B2082
:102AD00094F87A3043EA0223E26E9A4288BFE366B2
:102AE00094F97430E56E002B4FF0200380F264817E
:102AF000002D00F05381092284F8642083F31188AB
:102B00000021D4E91A232046FFF7A0FD002383F318
:102B10001188D6E794F8752003F07F0343EA022377
:102B200040F20232934200F0178121D8B3F5807F42
:102B30004ED00DD8012B45D0022B00F0B680002BD3
:102B4000A1D104F17C02A2660222E2662367BDE7FE
:102B5000B3F5817F00F0C380B3F5407F93D194F843
:102B60007630012B8FD1B4F87C3043F0020338E08B
:102B7000B3F5006F3FD01DD8B3F5A06F37D0A3F5E4
:102B8000C063012B3FF67FAF94F87920616894F819
:102B900078304E6894F8771043EA0223204694F880
:102BA0007620B04700283FF46EAF4368A366036801
:102BB000E3661AE0B3F5106F22D040F6024293426A
:102BC0007FF461AF604BA3660223E3660023BDE799
:102BD00094F87630012B7FF456AFB4F87C3023F0B4
:102BE0000203C4E91A55A4F87C3025676EE7C4E9EE
:102BF0001A55564BAAE704F17F03A3660123D7E7D2
:102C00002378042B40D1202383F31188A36803F099
:102C10000113A36004F1100604F12C0756F8043BDD
:102C20007BB1586920B16FF001010C30FFF7F8FE5D
:102C300056F8043C986920B16FF001010C30FFF7A1
:102C4000EFFEB74246F8045CE8D14023C4F8843074
:102C5000012248F28000930003F1804303F5B8435A
:102C600001321968082A41EA000119601860F2D19E
:102C7000002383F31188032184F87F306368217077
:102C80001B680BB12046984794F876304BB184F816
:102C90007F300423237063681B6813B10221204630
:102CA00098470023C4E91A3350E794F8783003F0CA
:102CB0000F0213F0800F234B53F8223008D013F08B
:102CC00030033FF4E0AE102B14BF214B214B7AE7C9
:102CD00013F440533FF4D7AEB3F5805FF4E794F8B4
:102CE0007630002B7FF4CFAE94F8782012F00F03EB
:102CF000D7D01BB29B0003F1804303F5B84312F019
:102D0000800F1A680DD002F03002302AC9D01A683C
:102D100022F4F04222F0400282F0200242F400420B
:102D20000BE002F44052B2F5405FBAD01A6822F4C8
:102D3000F04222F0400242F4204242F080021A6047
:102D4000AFE700BF005C004000BA0008612800083F
:102D500008B2000888B4000894F87630002B7FF49D
:102D600092AE94F8782012F00F039AD01BB29B0019
:102D700003F1804303F5B84312F0800F1A6806D0C0
:102D800022F4F04222F0400282F01002C6E722F460
:102D9000904222F0700282F48052BFE7142284F83D
:102DA000642083F311882B462A4629462046FFF7E4
:102DB000C5FC85F3118884E65DB1152284F8642092
:102DC00083F311880021D4E91A232046FFF7B6FCCB
:102DD0009CE60B2284F8642083F311882B462A4654
:102DE00029462046FFF732FCE3E700BF08B5202361
:102DF00083F3118890F820200023072A07D8DFE802
:102E000002F00C060604130F0613426A13604FF01B
:102E1000FF334362FFF7BEFD002383F3118808BD33
:102E2000426A936801339360D0E9003213605A60BC
:102E3000EDE700001A4902680B4610B553F81C4F25
:102E400084420DD041680A60026851609A424FF096
:102E50000001C16003D0936881680B44936010BD8A
:102E600000209A42CA615360E06003D14FF0804372
:102E7000D860F4E79368A068896A034493604FF0D0
:102E80008042526A501A8342E9D98A1A1A44012AA6
:102E900098BF831C4FF080420B445363DFE700BFB1
:102EA000DC1C0020C0E90323294A2DE9F041144627
:102EB000022954F81C3F4FF0804738BF0221A3423B
:102EC0007E6A9446A6460DD1C2E907009662C0E923
:102ED000003381600023314479633B610223FB604E
:102EE000BDE8F081956A741B09190A4626D31A4673
:102EF0004FF0000803E0C2F808801268E41B9768EE
:102F0000BC42F8D8724505EB040818BF3C1BCCF84E
:102F1000288018BF9460AA1B0A449968914213D371
:102F200059680360416008605860826099688A1A35
:102F30009A604FF0FF33CCF82430D1E799688A4289
:102F4000EBD215447D63E8E71B68521AE5E700BF42
:102F5000DC1C002013B504460748C2680B461AB1B2
:102F60000191FFF767FF019B044A0348214602B025
:102F7000BDE81040FFF796BFA81F002041320008AF
:102F8000FEE7000030B5202383F31188094C656803
:102F90002368281A49420840821A9A424FF00003D7
:102FA00005D3954203D3626083F3118830BD184680
:102FB000FAE700BFB81E00207047704700EB81039E
:102FC0002DE9F3419C6A05460E46002C33D02023A0
:102FD00083F3118805EB86080821201DFFF7ECFC20
:102FE000D8F80C305B691B6804F14407ABB1236D62
:102FF000226E606C01332365A36D1344E26DA365FB
:10300000934224BFA36EA365B84206D003686364ED
:103010005F6000234362FFF7BDFC01A93846FFF75C
:1030200046FC024650B1019B31462846FFF70EFB95
:10303000002383F3118802B0BDE8F081D8F80C308A
:103040005A691268002AF3D01B8A013B1342EFD160
:10305000E36F1B7E002BEBD105F17402E4E713B59F
:10306000446BE36F1A681178042915D1217A02297B
:1030700012D11979128901238B4013420CD101A975
:1030800004F14400FFF713FC024628B1E46F019BF2
:1030900021792068FFF7DAFA02B010BD38B5C16FA8
:1030A0000C682378042B18D1037A022B15D10A79E6
:1030B0006589012303FA02F22A420ED1D0E90725DD
:1030C000AA4201D1856955B9836A49792046043BF2
:1030D0000432FFF733FB002038BD0120FCE718461F
:1030E000FAE7113110B550F82140002C2DD02023E3
:1030F00083F3118804216018FFF75EFCE26FE0683B
:103100001368527903EB820304F10C01DB689B69BD
:103110005A68E3691A60A2690132A261A26A134483
:10312000626AE361934224BF236BE361814206D06C
:103130000368E360596000234362FFF72BFC2046DD
:10314000FFF7ACFF002383F3118810BD406BFFF73E
:10315000A5BF7047202383F31188074BDA6822F05C
:103160000402DA609B690021D963DA6822F0080260
:10317000DA6081F3118870478018002080B2400027
:1031800000F1006000F578300078704737B50C4CDE
:103190008DF8070023780B48002B50F8D43F4FF0F0
:1031A0000102DD690DF107010CBF4FF4FA73002332
:1031B000A847B0FA80F35B0940B2237003B030BD7A
:1031C0008E210020780C002013B5202383F3118872
:1031D000094C2178042904D0002383F3118802B01C
:1031E00010BDADF80500032301AA20468DF8041098
:1031F000FFF72CFAF0E700BFE818002013B52023F2
:1032000083F31188094C2178042904D0002383F327
:10321000118802B010BD0323ADF8050001AA2046B5
:103220008DF80430FFF712FAF0E700BFE81800202D
:1032300070470000014B1878704700BFBC1F00208A
:1032400070B52023064683F311880378042B03D03E
:10325000002383F3118870BD144B1B78DB09F7D171
:10326000134C2278002AF3D0124B1B78002BEFD09E
:1032700003899B0704D4104A08230121FFF7E6F9CC
:103280000E4B247840F2E730A4FB034520184FF0A2
:1032900000014FF47A724FF0000345EB0101FEF795
:1032A00091FD31468000FFF755FED1E7DE1F00207B
:1032B000A41F0020280F0020BD1F0020A0860100B1
:1032C000F8B590F8743003F07F02212A044672D1D9
:1032D00013F0800F90F875001FD0022817D0032834
:1032E0000BD0012867D194F87830002B56D14D4A85
:1032F000A2662022E266236708E0B4F87820002A5C
:1033000059D10120C4E91B02474BA366F8BD474BC6
:10331000A3660120E0660023EDE70A2842D00B28CF
:103320000ED0092847D194F8782012F0FD0F42D131
:103330003F4BA3660223E3663E4B23670120E5E78C
:10334000B4F8783053BB94F87650374B002D14BF47
:10335000012100211970384B1A7861F3C7121A70D5
:103360001CD1324B1A78CAB1202282F311881E7800
:10337000324B40F2E730A6FB036730184FF00001F4
:103380004FF47A724FF0000347EB0101FEF71AFD8C
:1033900021468000FFF7DEFD85F311880023C4E994
:1033A0001A33CAE72449214B0D7894F877201A7014
:1033B000ED09F3D1D7E7B4F8741040F2816291427D
:1033C00008D01F4A92F8B610D1B992F80A22BAB9B9
:1033D00000209BE794F87920616894F878304D6874
:1033E00094F8771043EA0223204694F87620A84701
:1033F0000028EDD04368A3660368E36600239CE7DA
:1034000003F06003202BE3D194F87530212B05D80D
:103410001F2BDDD90B4BA3660723EEE7222BBDD074
:10342000D6E700BFBD1F0020280F0020A41F0020EA
:103430002E21002049340008DE1F0020A086010054
:10344000780C0020290F002090F87A10074A0229F2
:10345000137807D103F0FB03012B05D1044B5278FD
:103460001A707047024A1370704700BF2E21002067
:10347000BC1F002010B5084A084C117824784B1C5A
:1034800003F00F039C421DBF054C137060540020D5
:1034900018BF012010BD00BF881F0020891F002019
:1034A000781F002042EA0122100A032811B214D02A
:1034B0000CD8012828D002280CD1154A7B231548A6
:1034C000002AC0E9003208BF1046704721280DD0FD
:1034D000222812D000231A46F1E7CBB2022BF9D8EA
:1034E0000D4A0E4952F82320CB5CE8E7032BF1D8B4
:1034F0000B4A52F823200923E1E7032BEAD8094AB3
:10350000094952F82320EFE7084A1223D7E700BF02
:1035100020AF0008E81E0020B4AE0008C0AE0008CE
:10352000C4AE0008D4AE000812AF0008BDAF00085A
:103530000020704710B1024B1B681847704700BF4E
:10354000200F0020074B084A1A60BFF34F8F07492E
:10355000074BCA6802F4E0621343CB60BFF34F8F9E
:1035600000BFFDE7FC9F0020EFBEADDE00ED00E0F8
:103570000400FA0538B5202383F311884FF0804307
:10358000596A002383F31188074B084C1B68084ACB
:10359000C91A4FF47A700025E0FB0145002320464C
:1035A0002946FEF70FFC38BD1C2100209F86010034
:1035B000A0860100064B187802331B7840EA0320EE
:1035C00000B210F58B7F14BF00200120704700BFB0
:1035D00000E00308024B1A780AB100221A70704703
:1035E000FC200020C0F3072303EB031313B553FAA9
:1035F00080F00B4900F00704C0F3C40000EB80002A
:1036000000220144104611F8013BE34003F001039E
:10361000934001321843052AC0B2F4D102B010BD64
:1036200044210020C0F3072303EB031337B553FAFB
:1036300080F000F0070301229A40C0F3C4000A4B57
:1036400000EB8000D2B218440024057821FA04F37C
:1036500043F300036B40134001346B40052C00F82A
:10366000013BF2D103B030BD44210020054B064A96
:103670001B7812789A4200D17047013303F0070398
:10368000F8E700BFD1210020D0210020054A118891
:10369000814205D0044B10801B680BB11B69184791
:1036A000704700BFE01F0020581F0020054A118806
:1036B000814205D0044B10801B680BB1DB681847B2
:1036C000704700BFE21F0020581F0020024B1868FF
:1036D00008B1036818477047581F002008B552000A
:1036E000222303FB0121CC2202FB001101F1270060
:1036F000FFF744FD030201F128009BB2FFF73EFDF6
:10370000184380B208BD82B00328ADF804100AD86F
:103710009DF80510052906D89DF80420102A02D826
:1037200002B0FFF7DBBF002002B0704730B50722C0
:1037300001254FF090414FF4004405FA02F3034095
:103740000C8319D0002300BF00BF00BF00BF00BF23
:1037500000BF0133052BF6D14C8300BF00BF00BF73
:1037600000BF00BF00BF00BF00BF00BF00BF00BF61
:1037700000BF013AE1D230BD00BF00BF00BF00BFB3
:1037800000BF00BF00BF00BF00BF00BF00BF00BF41
:103790004C8300BF00BF00BF00BF00BF00BF0133AC
:1037A000052BF6D1E5E7000023490B8810B55A1C1C
:1037B0004FF4C064B2FBF4F304FB13239BB20C225E
:1037C0000B80B3FBF2F31D4AD35C03221B02B3FB55
:1037D000F2F21B4B1B78DB0813FB02F39BB241F2A6
:1037E0007B42934216D80922B3FBF2F3202282F3E4
:1037F0001188C26842F00402C260124A92685343C0
:103800004FF6FF72B3FBF2F38269D363002383F3B5
:10381000118810BD03F5235336330B4A1B02B3FB4B
:10382000F2F303FB03F253431B0AB3F5803F14BFCB
:103830009BB24FF6FF73D9E7D81C0020AAB200084C
:10384000D61C002080180020F52801000A4B0B4AE6
:103850009A60202383F31188094B9A69D368D907AA
:103860005FBF43F001036FF001011161D3600023DA
:1038700083F31188704700BF380F0020A937000874
:1038800080180020032802D810B9FFF763BC03207A
:10389000C0EB00400323B0FBF3F303F523533633AF
:1038A0000F4A10491B02B3FBF2F303FB03F253432D
:1038B0004FF6FF708A681B0AB3F5803F08BF0346C6
:1038C00053432022B3FBF0F382F31188CA6842F01D
:1038D0000402CA608A69D363002383F311887047A6
:1038E000F528010080180020064A137860F3C7030A
:1038F00013F0F80F14BF0121002161F300031370CE
:10390000FFF7C0BFD61C002000B1104708470000D9
:1039100038B5224B1B7813F0010309D1204A194610
:1039200001331A2B51701170917002F10302F7D11B
:103930001C4C237843B901224FF400414FF09040D2
:10394000FEF702FE01232370202383F31188144C19
:1039500000252078FFF7EAFE6078FFF7E7FE0135E3
:10396000A078FFF7E3FE1A2D04F10304F1D1DFED97
:103970000E7A002300BF00BF00BF00BF00BF00BF22
:10398000013307EE103AB8EEC77AB4EEE77AF1EEFB
:1039900010FAEFD4002383F3118838BD20210020D2
:1039A000EC1F00202A2100200000A844074B10B47F
:1039B000002401341A2C587019709A7003F1030313
:1039C000F7D15DF8044BFFF7A3BF00BFEC1F002049
:1039D000064A137813F0FE0F04D1012161F3470367
:1039E00013707047552BFCD92A21F7E720210020BE
:1039F00070B5264CA45C002945D000EB40056FF063
:103A00005406FF226D00B5FBF2F56E4306EB400253
:103A100002EB4202D2B211FB02F6C2F1FF024A43AC
:103A200036121212C1F1FF00C6F1FF06C2F1FF0209
:103A3000604366436243C0F30720C6F30726C2F320
:103A40000722062D1CD8DFE805F006040C11161B12
:103A50000600224634462146144659701C70987060
:103A600070BD1146224604460846F4E72246044645
:103A700010463246EFE71146024620460C46EAE77A
:103A800002463046E7E720462146E6E7B2AD0008A9
:103A900070B50F4B0F4E044600252079F278B178AF
:103AA0002844C0B2FFF7A4FF0935EDB2EA2D03F1B7
:103AB0000303F2D1FFF72CFFA37813F0010F237952
:103AC00014BF013303F1FF335BB2237170BD00BF3C
:103AD000EC1F0020202100202DE9F74F8378DFF82C
:103AE000B4B0DFF8B49013F0010F294B0CBF4FF0C6
:103AF000010A4FF0FF3A0026D84600245FFA8AF206
:103B00005C701C709C70019227469BF800502A192B
:103B1000D1B252B21A2A2BDD1A2192FBF1F001FB2D
:103B2000102252B2B2420CD199F8031099F8010058
:103B3000C7F104024A43C2F3870299F80210FFF763
:103B400057FF019A01371444042FE4B2DDD1013646
:103B50001A2E03F10303D0D1FFF7DAFEBAF1010FF9
:103B60000FD155B9192388F8003003B0BDE8F08FA4
:103B7000002AD7DA01F11A02D3E7013D88F8005094
:103B8000F3E70135B5FBF6F306FB1355F6E700BF87
:103B9000EC1F0020FD200020202100202DE9F8430B
:103BA0001E4B00211A46084601311A295070107028
:103BB000907002F10302F7D1DFF87090184E4FF0C9
:103BC00000084F4699F9004096F90050444520DC22
:103BD00045451EDB1348C27881784078FFF708FF1F
:103BE00008F10108B8F11A0F03F10303EAD1FFF756
:103BF0008FFE0D4A13781D446DB21C4464B2002D33
:103C00003C70357001DD182C01DD5B421370BDE89E
:103C1000F88300225A701A709A70E1E7EC1F0020B6
:103C2000240F002020210020250F0020BD2000208F
:103C30002DE9F8430379DFF8909013FB03F25A4320
:103C4000C3F12003552503FB03F103FB0123554377
:103C5000B5FBF3F5EDB2292D85BFC5F1550404EB95
:103C6000440405EB450404EBD47494BF6FEA540498
:103C70006FEA6404C5F15508114B0646E4B200270B
:103C80005FFA88F8BA0754BF4046284699F80210F0
:103C90002246FFF7ADFE01371A2F03F10303F1D1DE
:103CA000FFF736FE3379074A33B9012111701278D4
:103CB00013443371BDE8F883202BF8D1FF21F5E7D9
:103CC000EC1F0020260F00202021002037B5184CC3
:103CD0000546207838B9FF2201AB1146FFF788FE70
:103CE0009DF8053023702979012915D0022917D0B4
:103CF000D1B920780A460F4B1B78DB0701D5FFF7B7
:103D000055FE2B7903220133B3FBF2F202EB4202A0
:103D10009B1A2B7103B030BD002221781046EAE7D0
:103D2000002022780146E6E7002210461146E2E72D
:103D3000F02000202021002070B50F4B0F4E0446CC
:103D400000250C2D7078B178227910DC8AB1F278D8
:103D5000FFF74EFE01351A2D03F10303F1D1FFF7F2
:103D6000D7FD2379013303F00103237170BD002ACD
:103D7000EDD00022ECE700BFEC1F00202021002046
:103D800007B501ABFFF734FE074B1B78DB0707D500
:103D90009DF806209DF804109DF80500FFF706FE2B
:103DA00003B05DF804FB00BF20210020084B1A7807
:103DB000D20710B5044606D50279064958788A5CC0
:103DC0009978FFF7DDFF23790133237110BD00BF20
:103DD000202100208CB80008074B1A78D20710B5B4
:103DE000044604D5DA7899780079FFF7C9FF23797A
:103DF0000133237110BD00BF202100200B4BDA6876
:103E0000D0070CD4DA6851070BD4DA68D2060AD48A
:103E1000D86800F00100C0F10500C0B27047012071
:103E20007047022070470320704700BF0020024007
:103E300073B50446FFF7E2FF0025FF2601280FD1E6
:103E400014B9062002B070BD01950196019B1BB903
:103E5000FFF7D4FF013CF1E7019B013B0193F5E73C
:103E6000002C08BF0620EDE710B50B4C236943F08A
:103E7000020323616061236943F04003236140F63C
:103E8000FF70FFF7D5FF06281EBF236923F002034A
:103E900023613423E36010BD0020024070B5054665
:103EA0001F200E46FFF7C4FF052810D1084C2369D8
:103EB00043F0010323611F202E80FFF7B9FF06287E
:103EC0001EBF236923F0010323613423E36070BD27
:103ED00000200240B0F5805F2DE9F041884602D312
:103EE0000020BDE8F081450005F1006404F5783458
:103EF0004FF6FF7223889BB293424FEAA02604D16B
:103F00002046FFF7CBFF80B2EBE7F602154F06F134
:103F1000006606F578364FF4006231463846FDF704
:103F200017FD23789845DBD040F2FE70284007F853
:103F3000008040F6FF70FFF77BFF052802D1304676
:103F4000FFF792FF0024395D61F0FF014B1C03D0A5
:103F500089B23019FFF7A2FF0234B4F5006FF2D135
:103F6000D1E700BF0C10002010B540F25734A0B2CA
:103F700000210134FFF7AEFFB4F5806FF7D110BD1B
:103F80002DE9F84F174B00254FF0CC085F192E464E
:103F900019E03AF802BB20464FEA1B21FFF79AFFCF
:103FA000601C5FFA8BF180B209F10109FFF792FF03
:103FB0000234B9F1110F0B4BA4B2EAD12236B0454D
:103FC00007F1220706D006F12704A4B2BA464FF043
:103FD0000009DEE7CC35B5F54C7F08F1CC08D5D12A
:103FE000BDE8F88FB0B4000801460620FFF772BFA5
:103FF00082B2F8B5571CBFB20C465300790003F1EA
:10400000006301F1006103F5783301F57831961C06
:10401000B6B2187891F800C0710001F1006101F5A5
:104020007831D51CADB20B78690001F1006101F562
:1040300078311B04097843EA0C23034343EA016304
:10404000A34213D0E1B21046FFF744FFC4F30721A7
:104050003846FFF73FFFC4F307413046FFF73AFF0A
:10406000210E2846BDE8F840FFF734BFF8BD07B57C
:104070000190FFF7ADFC0199082003B05DF804EB57
:10408000FFF7B6BF034B1A790AB1013A1A711868E3
:10409000FFF7EDBF20210020044B1A791868022A8F
:1040A0009CBF01321A71FFF7E2BF00BF2021002040
:1040B000034B0448186000221A71FFF7D8BF00BFF5
:1040C000202100200300FFFF10B5042440F6FF70FC
:1040D000FFF7AEFE052808D1C4EB4450C00200F142
:1040E000006000F58020FFF7BFFE013CEED110BD5F
:1040F00010B5FFF7E9FFEA210020FFF7EBFEFE21F4
:104100000120FFF7E7FE00210220FFF7E3FE002178
:1041100003200024FFF7DEFE1F4B214604201C6015
:10412000FFF7D8FE21462220FFF7D4FE21460520C6
:10413000FFF7D0FE21460620FFF7CCFEFF21072027
:10414000FFF7C8FE21460820FFF752FF21460D2049
:10415000FFF7C0FE21461820FFF74AFF214617202F
:10416000FFF7B8FE21461C20FFF742FF2146202022
:10417000FFF7B0FE21462120FFF7ACFE21461820B4
:10418000FFF736FF21460F20FFF732FF21461320AD
:10419000BDE81040FFF72CBFE41E002010B5FFF76C
:1041A00009FA104C48B9FFF7A3FF207800F004008B
:1041B00040F019002070FFF717FF0B4B1B78DBB2A4
:1041C0001F2B88BF0322237084BF62F3C7032370B1
:1041D000237813F00100BDE8104018BFD808FFF79E
:1041E00051BB00BFD61C00200CE00308364BF02862
:1041F00093F902200AD193F9031000290CDA002167
:10420000D97052B9314A0021117006E0F1280DD160
:1042100093F903100029F2DC72B11A795B79134328
:104220005AB2002B4FD12A4B1A707047F22806D190
:10423000002AF1DA00229A7093F90320E1E7F328CB
:1042400002D1002AF6DCE7E7F92893F9041004D13B
:104250000029E1DD00211971DEE7FA2802D10029E9
:10426000DADAF7E7FB2893F9051004D10029D3DA4D
:1042700000215971D0E7FC2802D10029F8DCCBE7F6
:1042800000F10C01C9B2042907D8F438012181409A
:10429000587820EA01005870BEE7FD2805D10D4886
:1042A000017821F001010170B6E7FE2804D1094828
:1042B000017821F00201F6E7FF28ADD10548017829
:1042C00021F00401EFE77047F1200020F9200020E1
:1042D000FA200020F7200020154B1B78D90705D5C0
:1042E000144B1878800800B3C0B270479A0703D502
:1042F000104B18784008F6E75B0705D50D4B18788A
:104300007F28F0D97F2070470B4B1B785BB10B4A9D
:10431000084912780878934236BF10FB03F080B248
:10432000B0FBF2F0ECE70120DEE70120704700BFB0
:10433000F7200020340F0020FA200020350F002045
:10434000194B1B78D90709D5184B187800EB80005A
:1043500080087F2824D828B3C0B270479A0705D5B3
:10436000124B187800EB80004008F2E75B0704D599
:104370000E4B187800EB8000EBE70D4B1B786BB110
:104380000C4A0A49127808789342F3D210FB03F0E2
:1043900000EB8000B0FBF2F080B2DAE70520DBE74B
:1043A0007F20704701207047F7200020320F002047
:1043B000F9200020330F0020F02808B505D1FFF7C1
:1043C000BFFF4042294BD87008BDF12802D1FFF74A
:1043D000B7FFF7E7F22805D1FFF7B2FF4042234BC2
:1043E0009870F1E7F32802D1FFF7AAFFF7E7F92861
:1043F00004D1FFF771FF1D4B1871E5E7FA2803D1CF
:10440000FFF76AFF4042F6E7FB2805D1FFF764FF9C
:104410004042164B5871D7E7FC2802D1FFF75CFFEA
:10442000F7E700F10C03DBB2042B08D80F4A012395
:10443000F43803FA00F0537818435070C4E7FD28AD
:1044400005D10B4A137843F001031370BCE7FE2833
:1044500004D1074A137843F00203F6E7FF28B3D1EB
:10446000034A137843F00403EFE700BFF120002074
:10447000F720002008B5202282F31188012100F0E6
:104480000F03994020F00F00FEF75EF8002383F33E
:10449000118808BD294B1A78510707D500F018017B
:1044A000082927D100F0F70040F00400110707D5D4
:1044B00000F01801182926D100F0E70040F01400A0
:1044C0005B78D90707D500F01801082924D100F03E
:1044D000F70040F00100990707D500F01803182BEA
:1044E00023D100F0E70040F01100D30648BF00F0F0
:1044F000E700704700F01401042904BF00F0FB003E
:1045000040F00800D2E700F01401142904BF00F0C5
:10451000EB0040F01800D3E700F01101012904BFBF
:1045200000F0FE0040F00800D5E700F01103112B69
:1045300004BF00F0EE0040F01800D6E7DE1F0020B8
:1045400013B5ADF804100199FFF7DDF8E72804462C
:1045500000F28680DF280ED8312873D015D829289C
:1045600069D02A2875D0012C51D0231F9BB2A12BD2
:1045700028BF00244BE0A0F1E003072B73D8DFE84D
:1045800003F01872282D3872424939280BD082283E
:1045900009D0352848D0A72C6FD8A42CE3D9243CC7
:1045A00044F480448CE07C4B1B789807F3D0E024E3
:1045B0002DE0794A1378D90700F1E880527812F09B
:1045C000010F24D013F0100F08BFE32418BF0024FC
:1045D0001DE0714B1B7813F0040FF2E76E4A13785D
:1045E000580700F1D5805278D107E0D413F0100FAE
:1045F000ECE7694B5A78920709D51B7813F0100F36
:1046000008BFE724E2E7644B1B781807F6D420467E
:1046100002B010BD604A1378190700F1BB805278D0
:104620009207E3D5E424F2E75B4B1B7813F0200FED
:1046300018BF2924EBE7584B1B7813F0200F18BF45
:104640003524E4E7544B1B7813F0400F18BF2A249D
:10465000DDE7514B1B7813F0400F18BF3124D6E72C
:10466000B0F5A44F2ED2B4F5A24F76D2FF2C0BD8C2
:10467000EF2C90D944F4A04422E0BE2C60D9A4F1E0
:10468000E1039BB2072B73E7B4F5A04F0AD2B4F550
:10469000804F5DD2A4F580739BB2B3F5F85F0FD362
:1046A0000024B4E7C4F38103C4F3011204F003004F
:1046B0005B01012443EA022384401C4344F40C447C
:1046C000A4B2A4E7B0F5AC4F1AD2B0F5AA4FC0B26D
:1046D00049D2B4F5A84F0ED28308B4F5A64F00F026
:1046E00003004FF0010404FA00F040EA4314E5D35C
:1046F00044F40A44E4E74AF2F40444EA002486E776
:10470000B0F5B44F0CD2B0F5B24F34D2A0F5B043EF
:104710009BB2FF2BC4D84AF2F00040EA0424CFE752
:10472000A0F5C0439BB2B3F5005FB9D2C0F304203B
:10473000FFF7B0FE000200F4F850E4B2044317E0C3
:104740005834164BE4B233F8144044F488445EE71E
:10475000C4F30B0444F4204459E7E4B24AF2F103F1
:1047600043EA042453E7FFF795FE000200F4F854EF
:1047700044F400544BE700F00F00FFF78BFEC4F346
:10478000031440EA042444F4104499E739243EE732
:10479000E2243CE7E6243AE7DE1F0020E4AE00080E
:1047A0000D4B73B51E680D4BADF804001B681F243C
:1047B0001E4326FA04F3DB07E5B205D4013CF8D228
:1047C0000025284602B070BD01992846FFF7B8FEC3
:1047D00080B20128F2D0F4E7E81F0020E41E002098
:1047E00007B5ADF804000198FFF7DAFF019903B0AF
:1047F0005DF804EBFFF7A4BE07B5ADF8040001981F
:10480000FFF7EEFFC3B2C0F30322C0F30330023858
:104810000D281DD8DFE800F007071C1C161C1C1C07
:1048200007071A1C1C1AF02B14D006D8E72B8CBFD4
:104830000020012003B05DF804FBF42B14BF00201E
:104840000120F7E7E72B05D9F12BF7E7D008F1E7CF
:104850000020EFE70120EDE74FF0904310F0020F4A
:104860004FF0100214BF1A835A83C1B24FF0904325
:1048700011F0040F4FF4807214BF1A835A83012081
:104880007047030943EA0010C0B28300801000F0B3
:10489000330003F0CC03034358005B1003F05503CF
:1048A00000F0AA001843704713B502AB03E90300F8
:1048B0009DF80230009873B16AB1FFF771FF0446AA
:1048C00001460098FEF7AEFE0099204602B0BDE812
:1048D0001040FEF718BFFEF785FE0446F4E770B5FA
:1048E00000EB810305465069DA600E46144618B1A4
:1048F00014220021FBF754FDA06918B114220021F5
:10490000FBF74EFD31462846BDE87040FDF704BD7B
:10491000F8B50546052900F2AF80DFE801F0B1AD3A
:1049200025B1AE03202686F31188714D00240121A4
:1049300005F1D800FEF740F885F8E84085F82041F9
:1049400084F3118886F31188012105F50B70FEF7B9
:1049500033F885F83C4285F8744284F311880520C9
:10496000BDE8F840FEF786BD202383F31188604C34
:10497000604A0121FFF7B3FF5F4A04212846FFF791
:10498000AEFF94F8B41004F144022846FFF7A7FFE5
:1049900094F8B51004F168022846FFF7A0FF94F8D8
:1049A000B61021B104F18C022846FFF798FFD4F825
:1049B000043152480026C4E93C336FF00101C4E9D8
:1049C0004266C4F8EC60FEF71DF8D4F83831C4F83C
:1049D0002431D4F83C314A4884F8E860C4E94A33C9
:1049E0006FF00101C4E95066FEF70CF8012145485B
:1049F00084F82061FDF7E0FF4348FEF74FFB434A90
:104A000094F808122846FFF76AFF94F80912404A02
:104A10002846FFF764FF94F80A1219B13D4A284668
:104A2000FFF75DFFD4F858323B480025C4E99133C5
:104A3000C4E99755C4F840526FF00101FDF7E2FF59
:104A4000D4F88C32C4F87832D4F89032334884F8F1
:104A50003C52C4E99F33C4E9A5556FF00101FDF74D
:104A6000D1FF01212E4884F87452FDF7A5FF2D488F
:104A7000FEF714FB85F31188F8BD0420FEF7FAFC5D
:104A8000202787F311881A4C012504F1D800022150
:104A9000FDF792FF04F1E00084F8E8506FF00101A7
:104AA000FDF7B0FF84F820516FF0010104F58C7020
:104AB000FDF7A8FF002686F3118887F311880221ED
:104AC00004F50B70FDF778FF04F50D7084F83C5287
:104AD0006FF00101FDF796FF84F874526FF0010149
:104AE00004F51B70FDF78EFF86F31188C4E700BF45
:104AF000780C00208CB40008A4B90008580D0020E0
:104B0000900D0020500D00204C0D0020100E0020B4
:104B1000340E0020580E0020AC0E0020E40E0020C1
:104B2000A40E0020A00E00202DE9F347202383F3DC
:104B30001188324C0025264601274FF4AA78A94651
:104B4000D4F850311A68117804294CD194F8DC104B
:104B5000022948D11B79128907FA03F3134242D183
:104B6000D4E94A3293423ED108FB0561D1F82421B1
:104B7000002A38D0D4F84021002A34D0043AD21A7E
:104B800031D01A60D1F82421013AC1F82421D4F897
:104B90003421C4F840911344D4F83021C4F82831AA
:104BA000934224BFD4F83C31C4F8283101A904F55C
:104BB0008C70FDF77CFED4F850311A7E824652B1DB
:104BC00001981A690021121A5044FBF7E9FBD4F846
:104BD00050311B690193D4F85001019B01790068A1
:104BE0005246FDF733FD04F5AA742DB1002383F37B
:104BF000118802B0BDE8F0870125A1E7780C0020FC
:104C0000094A1278831C4AB1084A92F90020002A06
:104C100004DA1E2200211846FBF7C2BB0022C0F8AE
:104C200002209A80704700BF280F0020DE1F00205E
:104C30000D4B996910B481F82000186802681A6059
:104C400053600122986180F82020EFF30982CC693B
:104C5000643A944203D972B6044ADA62FEE75DF818
:104C6000044BFBF77DBB00BFDC1C00207CA00008D0
:104C700030B54B1C0B4D87B0044610D0AB690A4AC7
:104C800001A8FEF70FF92046FFF7D2FF049B13B1EE
:104C900001A8FEF7CFF8AB69586A07B030BDFFF73F
:104CA000C7FFF8E7DC1C0020ED2D000870B5114EA1
:104CB00004460D46E3683BB123691A1DA262E2690E
:104CC0001344E36200200EE0237A6BB97DB1B3692F
:104CD00062681C605A602946136004206360FFF715
:104CE000C7FF0028E6DA70BD6FF00100FBE74FF068
:104CF000FF30F8E7DC1C00202DE9F84F04460D4694
:104D000091469A464FF0200888F311880026B34652
:104D1000A76A4FB951462046FFF7C8FF20B187F375
:104D200011883046BDE8F88FD4E90A073A1AA9EB92
:104D30000607974228BF1746402F1BD905F14003AD
:104D400055F8042B40F8042B9D42F9D1A36A403357
:104D5000A3624036D4E90A239A4204D3E16920468B
:104D60000439FDF791FD8BF311884E45D9D288F3B4
:104D70001188CDE729463A46FCF7EAFDA36A3B4491
:104D80003D44A3623E44E5E74430FFF7B5BF4FF032
:104D9000FF334430FFF7B0BF70B520230D46044603
:104DA000114683F31188866A2EB9FFF77FFF10B191
:104DB00086F3118870BDA36A1D70A36AE26A01338D
:104DC0009342A36204D3E16920460439FDF75CFDF8
:104DD000002080F31188EDE74430FFF7DDBF4FF08E
:104DE000FF324430FFF7D8BF70B5114E04460D4670
:104DF000E3683BB16269131D1268A3621344E36266
:104E000000200EE0237A6BB97DB1B36962681C6043
:104E10005A602946136004206360FFF729FF0028C9
:104E2000E6DA70BD6FF00100FBE74FF0FF30F8E706
:104E3000DC1C00202DE9F84F04460E4690469946AA
:104E4000202787F311880025AA46D4F828B0BBF1A3
:104E5000000F09D149462046FFF7C6FF20B18BF36A
:104E600011882846BDE8F88FD4E90A12A8EB050B93
:104E7000521A934528BF9346BBF1400F1BD93346C6
:104E800001F1400251F8040B43F8040B9142F9D1AF
:104E9000A36A40334036A3624035D4E90A239A42DC
:104EA00002D32046FDF710FD8AF311884545D8D27C
:104EB00087F31188C9E730465A46FCF749FDA36AD3
:104EC0005B445E44A3625D44E7E70C30FFF7B2BF8A
:104ED0004FF0FF330C30FFF7ADBF70B52023044611
:104EE00083F31188866A3EB9FFF77EFF054618B145
:104EF00086F31188284670BDA36AE26A13F8015B45
:104F0000A362934202D32046FDF7DEFC002383F325
:104F10001188EFE70C30FFF7E0BF4FF0FF310C30A6
:104F2000FFF7DBBF08B50146202383F31188082073
:104F3000FFF79EFE002383F3118808BD2DE9F84F8B
:104F4000DFF81881DFF818A10026062745464FF044
:104F50000109B3465AF8044B202383F3118824F047
:104F60000F0004F00F0409FA04F421460122FDF7B2
:104F7000EBFAA4B244838BF3118800BF00BF00BFDB
:104F800000BF00BF00BF00BF00BF00BF00BF00BF29
:104F900000BF00BF00BF00BF00BF00BF00BF0022B6
:104FA0002A48144650F8041B21F00F0C01F00F01A1
:104FB000DCF8103023FA01F1CB0758BF09FA02F1EF
:104FC00002F1010248BF0021112A44EA0104E9D19B
:104FD0005AF8040CFFF74EFA0320FFF7A3FFD8F8A6
:104FE0000020013F94421ABFC8F80040012200226D
:104FF00017F0FF0746EA020608F10408AAD1144C8C
:10500000EEB101232370FEF7B5FA124B1880114B55
:105010001F88FEF7AFFAC01B80B2052812D90E4BCD
:105020002A681A606A685A60AA689A60EA68DA6050
:105030002A691A616A695A610023237002E02378A1
:10504000002BE4D13046BDE8F88F00BF40B3000824
:10505000C11E0020C21E0020C02000200021002010
:105060008CB9000807B52023024683F31188114B41
:105070001978042905D0002383F3118803B05DF863
:1050800004FB1989C9060FD5DB690B495B6989697E
:1050900043F80C1F01904B6203204FF47A71FFF725
:1050A000E7FD0130019AE6D0024806230421FDF70E
:1050B000CDFAE0E7E8180020DC1C002070B52023C2
:1050C000044683F31188234D2B78042B2E4628D1D8
:1050D000214A2B8992F90020002A26DA1F4A1278E9
:1050E0001AB3DA0610D42023224604211948FDF70A
:1050F000ADFA1B4B224604F1200152F8040B43F891
:10510000040B8A42F9D10CE0EB69164A5B6992699B
:1051100043F80C2F03205362FFF78AFD2B78042BF2
:10512000E1D0002383F3118870BD9B0703D40823CB
:1051300022460121DAE733690A4A5B69926943F83A
:105140000C2F03205362FFF773FD3378042BE8D153
:10515000EDE700BFE8180020DE1F0020280F002028
:10516000BD1F0020DC1C00202DE9F047012390F832
:105170000280354C354DDFF8D8A0DFF8D89007799C
:1051800003710026B8F1020F9FBF6B782370AB78D4
:1051900063708FB9E770A77006EB4603A278617859
:1051A00014F8050B4B440136FEF722FC1A2EE9D108
:1051B000BDE8F047FEF7ACBBE378BBB1013BDBB227
:1051C0002279E370C3EB0323B3FBF2F3DBB2BB2220
:1051D0001AF80330223BDBB2C3EB0323B3FBF2F339
:1051E000EA78DBB253431B12A370D5E7FBF75AF9F9
:1051F000EB785B0803F17F024FF401735343C3F371
:1052000007239842C8DAB8F1020F10D9FBF74AF920
:10521000FF2390FBF3F303442370FBF743F9AB78D0
:105220005B0890FBF3F202FB13021344637000234C
:10523000A370EB78C82B28BFC823142B38BF1423C6
:105240002371E370A8E700BF3B200020202100204D
:105250008CB80008EC1F00200FB42DE9F04F8DB082
:1052600016ABDFF82CA453F8046B0B93984600247C
:10527000307878B96FF00102A2424FF0FF3328BFB7
:1052800022460AA9FEF756F920460DB0BDE8F04FB8
:1052900004B07047252806F1010608D02246651C97
:1052A0004FF0FF330AA9FEF745F92C46E0E700224C
:1052B00006E02D2B14D0302B0CD142F001020E460B
:1052C000314611F8013B2B2B0DD0F2D8202B0DD0FD
:1052D000232B0ED0A3F13000092827D8002510E099
:1052E00042F00202EBE742F00402E8E742F0080273
:1052F000E5E742F01002E2E70A2000FB0535303D09
:105300000E46314611F8013BA3F130000928F3D9CC
:1053100033782E2B44D17178A1F13000092806F1A1
:10532000010342F4806233D8002711E02A2B08D110
:1053300058F8045B002DBCBF42F002026D420E46DD
:10534000E6E70025E4E70A2303FB0717303F03469F
:10535000184610F8011BA1F13006092EF3D91E469C
:1053600016F8011B6C2923D01DD8682927D06A297B
:105370002ED01E4616F8010B78288FD861282AD81F
:1053800025288BD0582889D142F02002102169E0CD
:105390002A2906D158F8047BB31C27EAE777DEE711
:1053A00033460027DBE77A29E3D142F48072E1E754
:1053B00059786C29F9D142F440729E1CDAE7597889
:1053C000682902D042F08002D4E742F0C002F4E73C
:1053D00042F40072CEE7A0F16203162B3FF65EAFF7
:1053E00001A151F823F000BF4554000809550008F9
:1053F000455400089D5200089D5200089D52000827
:105400009D520008455400089D5200089D52000816
:105410009D5200089D5200089D5200084554000806
:10542000615600089D5200089D5200088B550008E7
:105430009D520008455400089D5200089D520008E6
:10544000455400087828A1D06F2800F01C816228FC
:1054500000F01B81692822F010024FF00A0103D0EE
:10546000642801D022F00C02530548BF22F001024B
:10547000692802F4007301D0642825D1002B7FF441
:10548000F7AED30508F1040913D5D8F80030CDE9FB
:105490000117CDE90352002B4FEAD3720092B8BF37
:1054A0005B4222460AA95046FCF708FEC84604465D
:1054B000DEE612F0400FD8F8003001D0DBB2E6E7AC
:1054C000100648BF1BB2E2E7002B7FF4D1AED00537
:1054D00008F1040907D5CDE90352CDE9011700937E
:1054E000D8F80030DDE712F0400FD8F8003007D0D0
:1054F000DBB2CDE903520022CDE901170092D0E7DB
:10550000100648BF9BB2F4E712F0020728D04FF014
:10551000010958F8040B4FF0FF3322460AA9C0B224
:1055200004F1010BFEF706F86FB34C465A4622E031
:105530004FF0FF330AA92020FDF7FCFF04EB09021E
:1055400009F101094D45F3D8002D05F1FF3308BFDE
:10555000002305F101091C4408BF4FF00209D8E7F8
:10556000B946EBE7571C4FF0FF330AA92020FDF79F
:10557000E1FF01343A46A542F4D8A5EB09034D45B5
:1055800038BF00239B445C4672E64346002F53F825
:10559000049B069314BF3B464FF0FF334B44C84671
:1055A00098F8001009B1434511D112F48063A8EBBB
:1055B0000908079302D0B84528BFB84612F0020385
:1055C00008931DD1A8EB0403224609930BE008F1D0
:1055D0000108E5E702F1010B4FF0FF330AA9202093
:1055E000FDF7A8FF5A46099BD3189D42F2D8A5EBB8
:1055F0000803454538BF002308F101081C449844BE
:10560000A4EB090B06E01F464FF0FF3322460AA920
:10561000FDF790FF0BEB090419F8010B28B1079B6C
:10562000002BF1D07B1E002FEDD1089BABB12246A1
:10563000A8EB040708E002F101094FF0FF330AA9C3
:105640002020FDF777FF4A46D319AB42F3D3A5EBF1
:105650000803454538BF00231C44DDF8188007E6E1
:1056600042F021020823CDE90273049200231022A4
:10567000CDE900320AA9224658F8043B5046FCF70F
:105680001DFD0446F4E50821ECE60221EAE600BF30
:105690003535000810B4174A12780B46EAB1164A9D
:1056A00092F90020002A18DAEF294FEAD1020BD82C
:1056B000104401F0070301219940837823EA010394
:1056C00083705DF8044B70470C4B1B78DB07F8D5F3
:1056D0000B485DF8044BFFF7BFBD821C002108306A
:1056E00012F8014BA34208BF02F8011C8242F7D115
:1056F000E7E700BF280F0020DE1F0020C41E0020A7
:105700008BA0000830B41B4A12780B46D2B11A4A5B
:1057100092F90020002A15DAEF294FEAD10209D8C0
:10572000024401F0070101238B4091780B439370F1
:1057300030BC7047114B1B78DB07F9D530BC1048E3
:10574000FFF78ABD841C4FF0FF32002114F8015B83
:10575000AB42EDD0B2F1FF3F02D1002D08BF0A46A7
:105760000131CDB2062D49B2F0D1511CE0D0024436
:10577000DDE700BF280F0020DE1F0020C41E002030
:10578000A9A00008F8B52E4A2E4B12781B782E4C93
:1057900013432E4A127813432D4A23701278AAB16C
:1057A000134323702B4B1B78002B3FD02A4B93F9CC
:1057B0000030002BACBF06231E2328490022013BEA
:1057C000DBB2FF2B34D10AB1FDF704FF244B1B6879
:1057D000002B34D01F4A127842B11F4A92F90020A0
:1057E000002ABFBF22786270052222701D4D5B68BF
:1057F000154898472B78580721D5D90702D51A485C
:10580000FFF72AFD194F00262B78DA0703D5A15D93
:105810003846FFF721FD0136082EF5D12B78DB073E
:105820000DD5BDE8F8401248FFF716BD0623C4E7C2
:1058300011F8010B0028C2D00132D2B2BFE7F8BD87
:10584000D22100201821002070190020BE20002045
:10585000FC200020280F0020DE1F002072190020ED
:10586000581F0020C41E0020C7A00008D9A00008AF
:105870000BAC000830B1044A137823EA0000107022
:10588000FFF780BF704700BF1821002028B1034BED
:105890001A7810431870FFF775BF70471821002061
:1058A0000F4A38B55378C3F380018142044615D0BE
:1058B00060F382035370158811780420FEF70AFB09
:1058C000290A2220FEF706FB064B1B78DB0705D5CD
:1058D00021460548BDE83840FFF7BEBC38BD00BFD3
:1058E000DE1F0020C41E0020DFA0000810B5114CF0
:1058F00020786FF341002070C0B2FEF775FB0E4BAD
:105900001B78DB0702D50D48FFF7A6FC0C4B0022E5
:105910009A60202383F311880A4B9969CB6823F09E
:105920000103CB6082F311882078BDE81040C008E5
:10593000FDF7A8BFD61C0020C41E0020F4A000085C
:10594000380F00208018002008B5094B187840F067
:1059500002001870FEF748FB064B1B78DB0702D5E8
:105960000548FFF779FCBDE80840FDF76FBF00BFB1
:10597000D61C0020C41E002011A10008054B0022E7
:105980005A70054B1B78DB0702D50448FFF764BC4F
:10599000704700BF28210020C41E00202DA1000850
:1059A0002DE9F04F474D2DED028B2E7887B0F4078F
:1059B00007468946904603932ED57308424CDFF87C
:1059C00024C1E45C8CF8004006F0FE06022E28D1CB
:1059D00005ABFEF70DF82B78DA0707D59DF81620F2
:1059E0009DF814109DF81500FDF7E0FF374B6F7020
:1059F0001C78039B85F8029085F8038004F001046D
:105A0000002B57D02868FEF732FB2CB1EB78AA7830
:105A100069782F48FFF720FC07B0BDEC028BBDE88A
:105A2000F08F022C02D195F80380DFE7062C01D11C
:105A30006F78DBE7092CFBD0192CD7D1193B03F089
:105A40000102029282F0010208EE102AC3F346031B
:105A5000204A12F803B04FF01A0A00261A2316FB48
:105A60000BF4B4FBF3F4029BE4B20BBB3C44174BC6
:105A70001B78DB07E4B208D518EE103A1648CDF8CB
:105A800000B022463146FFF7E7FB144A06EB460317
:105A90001344494642462046FDF7AAFF0AF1FF3368
:105AA000013613F0FF0AF6B2D8D1FDF731FF9DE7BA
:105AB0003C1BDCE7002CAFD0094843464A46394638
:105AC000A8E700BF20210020E0B70008C41E002086
:105AD0006DA100085FB0000846A10008EC1F00207F
:105AE00092A10008282100200548C27881784078DA
:105AF000113A22EAE2720123D2B2FFF751BF00BF8E
:105B0000202100200548C278817840781132FF2A90
:105B100028BFFF220123D2B2FFF742BF202100207D
:105B200005488178C2784078113921EAE171012372
:105B3000C9B2FFF735BF00BF20210020054881789A
:105B4000C27840781131FF2928BFFF210123C9B253
:105B5000FFF726BF2021002004494878CA788978B9
:105B600008380123C0B2FFF71BBF00BF202100206F
:105B700004494878CA78897808300123C0B2FFF711
:105B80000FBF00BF2021002008B50B4B1A786FF320
:105B900000021A70094B1B78DB0703D50848002167
:105BA000FFF75AFBFFF7EAFE41F28830FFF7BAF938
:105BB000BDE80840FDF7ACBE20210020C41E002037
:105BC000B9A100082D4B1B7813F0080F10B52C4C11
:105BD00039D02C48FFF740FB61782B48FFF73CFB9E
:105BE0002A48FFF739FB94F902102948FFF734FBE4
:105BF0002848FFF731FB94F903102548FFF72CFBE9
:105C00002448FFF729FB94F904102148FFF724FBEF
:105C10002048FFF721FB94F905101D48FFF71CFBF6
:105C20001D48FFF719FB1D4B1D481978FFF714FBA2
:105C30001C48FFF711FB1C4B19481978FFF70CFBA8
:105C40001A48FFF709FBFDF795FCE378A2781343A8
:105C500018BF174B227980B218BF1880637913439D
:105C60001CBF144B1880144B1B6833B102222270E6
:105C70009B680348BDE81040184710BDC41E0020B3
:105C8000F1200020F3A1000816A200081BA20008C2
:105C90001DA200083EA7000820A20008F92000204D
:105CA00023A2000826A20008F720002018A8000858
:105CB000E41F0020E61F0020581F002010B5002020
:105CC000FDF7F4FC0020FDF7E1FC0A4B00241C70FA
:105CD000094B1C70FFF756FD084B1C609C80084B5D
:105CE0001C70084B1C70084B1C70BDE81040FFF77F
:105CF00069BF00BFD2210020BE200020F12000207B
:105D0000F9200020FA200020F7200020064A13681E
:105D100003F0060106290CBF43F0080323F0080333
:105D20001360FFF7CBBF00BFE81F0020044901222A
:105D30000B6802FA00F023EA00030B60FFF7BEBF16
:105D4000E81F002010B50B4C94F9002022EA000057
:105D500040B24107207002D1D2B2824203D1064B39
:105D60005B785B0705D5C0F3C700FFF7DFFF0023B3
:105D7000237010BDFB200020DE1F0020044A0123F9
:105D800003FA00F0136818431060FFF797BF00BFD5
:105D9000E81F002008B5054B054800221A70FEF7E1
:105DA0002FFFBDE80840FFF789BF00BF1821002082
:105DB0007019002008B50146A8B3031FDBB2A02B61
:105DC00006D81948FFF766FCBDE80840FFF7DABCC3
:105DD00000F12003DBB2072B09D8144B00F00701B8
:105DE00001208840197821EA00011970ECE700F1E0
:105DF0005B03DBB2022B04D8BDE808400020FDF7AE
:105E000055BC00F15803DBB2162B04D8BDE808409E
:105E10000020FDF73BBCEF2805D9FEF7E7F9BDE808
:105E20000840FFF7CFBE08BD7019002018210020E0
:105E300010B5014604460648FFF70EFA054B01204F
:105E4000A0401860FFF73AFFBDE81040FFF7A2BF7F
:105E500028A20008E41E002008B50548FFF7FCF959
:105E6000BDE80840034801220521FFF7F5B900BF4E
:105E70002DA2000828A300080138052841D8DFE832
:105E800000F0030E18222C361E4A1F4813788B424E
:105E900086BF591AC9B200211170FFF7DDB91B4A3C
:105EA0001B4813788B4286BF591AC9B20021117062
:105EB000F3E7184A184813788B4286BF591AC9B2BB
:105EC00000211170E9E7154A154813788B4286BF07
:105ED000591AC9B200211170DFE7124A124813782B
:105EE0008B4286BF591AC9B200211170D5E70F4AFB
:105EF0000F4813788B4286BF591AC9B2002111701E
:105F0000CBE77047300F002076A30008310F002048
:105F100085A30008320F002097A30008330F00204C
:105F2000AAA30008340F0020BFA30008350F0020EB
:105F3000D8A300080138052841D8DFE800F0030E97
:105F400018222C361E4A1F4813781944FE29D4BF44
:105F5000C9B2FF211170FFF77FB91B4A1B481378A4
:105F60001944FE29D4BFC9B2FF211170F3E7184AC2
:105F7000184813781944FE29D4BFC9B2FF21117003
:105F8000E9E7154A154813781944FE29D4BFC9B268
:105F9000FF211170DFE7124A124813781944FE29D5
:105FA000D4BFC9B2FF211170D5E70F4A0F4813784B
:105FB0001944FE29D4BFC9B2FF211170CBE7704745
:105FC000300F002076A30008310F002085A30008C1
:105FD000320F002097A30008330F0020AAA3000867
:105FE000340F0020BFA30008350F0020D8A30008FD
:105FF000431F10B53E2B00F23E82DFE813F03F0155
:1060000030014A013F003C023C022E013C023C02AE
:1060100073013C02820123023C023C023C023C022E
:1060200003023C023C0291013C025F013C023C0243
:106030003A023A023A023A023A023A023A023A0280
:106040003A0233023C023F0127013C023C023C027F
:106050003C023C023C023C023C023C023C02330259
:106060003C023C022E013C02370237023702370263
:10607000370237023702370237023302B148FFF7DF
:10608000EBF8B148FFF7E8F8B04BB1481978FFF7E3
:10609000E3F8B048FFF7E0F8AF4BB0481C78E4B243
:1060A000FFF7DAF82146AE48FFF7D6F8A948FFF720
:1060B000D3F8AC48FFF7D0F804F00101A448FFF78B
:1060C000CBF8A448FFF7C8F8A748FFF7C5F8C4F312
:1060D00040019F48FFF7C0F89E48FFF7BDF8A3486E
:1060E000FFF7BAF8C4F380019948FFF7B5F899486B
:1060F000FFF7B2F89E48FFF7AFF8C4F3C001944829
:10610000FFF7AAF89348FFF7A7F89A4B9A481C782C
:106110003C331B7844EA0324FFF79EF8214690485D
:10612000FFF79AF88B48FFF797F89448FFF794F831
:1061300004F001018648FFF78FF88648FFF78CF8D6
:106140008F48FFF789F8C4F340018148FFF784F8CE
:106150008048FFF781F88B48FFF77EF8C4F30021F1
:106160007B48FFF779F87B48FFF776F88648FFF71A
:1061700073F8C4F340217648FFF76EF87548FFF7CF
:106180006BF88248FFF768F8C4F380017048FFF7A6
:1061900063F87048FFF760F87D48FFF75DF8C4F3D7
:1061A000C0016B48FFF758F86A48FFF755F879487F
:1061B000FFF752F8C4F300116548FFF74DF8654842
:1061C000FFF74AF87448FFF747F8C4F340116048F6
:1061D000FFF742F85F48FFF73FF87048FFF73CF8D9
:1061E000C4F380115A48FFF737F85A48FFF734F8DC
:1061F0006B48FFF731F8C4F3C0115548FFF72CF88E
:106200005448FFF729F8674B67481C78E4B2FFF75A
:1062100023F821465248FFF71FF84E48FFF71CF8B5
:106220005048FFF719F804F001014948FFF714F846
:106230004848FFF711F85D48FFF70EF84448E108B9
:10624000FFF70AF84348FFF707F804E05848FFF75C
:1062500003F8FDF74DFF01200FE05648F3E7564ADB
:106260005648137823F00F031370FEF7F5FF5448D8
:10627000FEF7F2FF534B0120187010BD5248FEF795
:10628000EBFFFFF787FD46F2A810FEF74BFEFDF788
:1062900059F9494C2378C3F3000282F0010262F3FA
:1062A00000032370DB0701D54848CCE74848FEF7D8
:1062B000D3FF237823F00E032370CCE73E4C2378E2
:1062C000C3F3400282F0010262F341039807237096
:1062D00006D54048FEF7C0FF237843F00103EBE703
:1062E0003D48B0E7344C2378C3F3800282F00102CA
:1062F00062F382035907237001D53848EAE738482A
:10630000A1E72D4C2378C3F3C00282F0010262F3AF
:10631000C3031A07237001D53248DBE7324892E7FE
:106320003248FEF799FF3248FEF796FF3148FEF7F4
:1063300093FF3148FEF790FF3048FEF78DFF30485D
:1063400081E700BFF3A30008FEA3000806E00308EE
:1063500023A200080BAC000804E003080EA4000808
:1063600016A2000821A400082BA4000835A40008E8
:1063700041A4000808E003084AA400085EA400083D
:1063800077A400088EA40008A0A40008B2A4000806
:10639000C4A40008D6A40008E0A40008F2A40008E1
:1063A0000EA500080CE0030816A500082DA500089E
:1063B00036A5000847A50008C41E0020F9A600085D
:1063C00020A70008C01E002024A7000840A700083E
:1063D0004CA7000859A7000866A7000874A7000882
:1063E00083A7000893A700089FA70008ACA7000890
:1063F000BBA7000804A800081BA8000855A80008AF
:106400009AA800081E48FEF727FFFDF75FF901462E
:106410001C48FEF721FF1C4B1C481978FEF71CFF97
:106420001B4B1C481978FEF717FF1B4B1B481978AC
:10643000C909FEF711FFFDF79DF801461848FEF760
:106440000BFF08E7FFF7A6FC13490B78C3F3C01254
:1064500082F0010262F3C7130B701B064CBF114898
:106460001148F0E60020FFF7E3FCF4E63938C0B24B
:10647000F9E71D38FBE70D48FEF7EEFE0020FCE6CD
:10648000A6A80008B4A80008280F0020CEA800087D
:10649000A41F0020E5A80008DE1F0020F8A80008BF
:1064A00010A9000827A9000831A900083CA9000884
:1064B000F8B50446002800F09080031FDBB2A02B43
:1064C00000F22481A84E3578012D374610D0022DD8
:1064D00035D0002D40F0EE80A44B1B78222B40F0ED
:1064E000EB802046FFF784FD0546002D75D1E3E0E3
:1064F0009E4B1B78222BF4D0142815D008D80B28DB
:106500000AD0102813D09A48FEF7A6FE0025ECE723
:10651000292809D03828F6D19648FEF79DFE9648DE
:10652000FEF79AFE0125E0E700253D70DDE7FFF765
:1065300093FC9248FEF790FE02233370D5E729289A
:1065400041D018D8132849D009D8072800F09C80DA
:106550000B282DD08648BDE8F840FEF77DBE1428F4
:1065600031D0A0F11E04E4B2052CF3D8844B1A5D9F
:10657000844B1A701EE038281AD0A0F14B04E3B205
:10658000072BE7D8072CE5D801A353F824F000BF68
:106590008166000855650008556500088566000895
:1065A00055650008556500087566000869660008AD
:1065B000FFF752FC734B1978002979D0BDE8F840F9
:1065C0007148FEF749BE6F4B1A780AB10022D0E736
:1065D0006948FEF741FE01233B70F8BD6B48FEF7AA
:1065E0003BFE6B48FEF738FE6A4B6B481978FEF7A6
:1065F00033FE6A48FEF730FE6948FEF72DFE694B10
:1066000065481978FEF728FE6448FEF725FE6648BF
:10661000FEF722FE654B60481978FEF71DFE5F48C5
:10662000FEF71AFE6248FEF717FE624B5A481978C9
:10663000FEF712FE5948FEF70FFE5F48FEF70CFE0C
:106640005E4B55481978FEF707FE5448FEF704FEE6
:106650005B48FEF701FE5B4B4F481978FEF7FCFDE7
:106660004E48FEF7F9FDA5E70121464B1878FFF7E4
:1066700061FC9FE70121434B1878FFF7FDFB99E789
:106680000A21F2E70A21F6E7424B4F481E221A7010
:10669000444B32221A70454B0A221A70454B142281
:1066A0001A70464B08221A70464B28221A70D8E7F7
:1066B000464850E700233370454B1B78ABB1454B40
:1066C00093F90030002B10DA434B03EBD40304F0B2
:1066D00007019A7801238B401A420FD03E48214689
:1066E000FEF7D8FFFFF74EF808E03C4A002312F807
:1066F000011B8C42F2D00133062BF8D136482146DB
:10670000FFF700F8BDE8F840FFF73CB800F12003C0
:10671000DBB2072B08D8154B00F0070019780124CD
:1067200084400C431C70EDE700F15B03DBB2022BED
:1067300005D82438BDE8F84080B2FCF7B7BF00F1B7
:106740005803DBB2162B06D8254A32F81300BDE8F1
:10675000F840FCF79BBFEF287FF63FAFFDF72CFE1C
:10676000BDE8F840FFF72EBAC01E00201821002017
:106770003CA90008F9A6000820A700083EA90008C7
:1067800016AF0008F8200020CDA9000842A9000893
:1067900050A90008300F002023A200080BAC00080D
:1067A00062A90008310F002074A90008320F0020F0
:1067B00083A90008330F002094A90008340F00209B
:1067C000A9A90008350F0020C0A90008D3A9000816
:1067D000280F0020DE1F00207019002072190020F1
:1067E000E4AE000838B5392805460CBF5024002413
:1067F000FFF75EFE24B92846BDE83840FFF7DABA55
:106800006420013CFEF78EFBA4B2F3E72DE9F041D2
:10681000164682781F460C46234B6AB11970FCF766
:10682000A9FE224B04F0070418800120A040C0B24A
:10683000BDE8F041FFF72AB81D788D422DD11B4BE2
:10684000B3F80080FCF796FEA0EB080080B2C728E2
:1068500023D806F12004B542E4B210D005F00700B9
:10686000012505FA00F0C0B2FFF704F8072C06D89E
:1068700006F0070005FA00F0C0B2FFF707F8384647
:10688000FFF7B0FF072C0DD806F007060120B04037
:10689000BDE8F041C0B2FEF7EDBF04F007040120EF
:1068A000A040F5E7BDE8F0812B2100202C2100203D
:1068B00008B50C4B0C4819780B224908FAF7F8FF79
:1068C00010B90A4B01225A70FCF754FE084B18808D
:1068D000084B1B78DB0704D5BDE808400648FEF7E7
:1068E000BBBC08BD202100207C0F002028210020F7
:1068F000D01C0020C41E0020D6A9000870B51E4C74
:106900002378DA0736D528BB012262F347032370C8
:106910001A4B1D7805F0010519B32068FDF7A7FB98
:1069200025B1217816484908FEF796FC21781548CC
:106930000B224908FAF7BCFFC8B1FFF71FF8124B4A
:10694000A17860780122DA70E2780023BDE8704017
:10695000FFF726B82A2801D92A22D6E760F3470391
:10696000D5E7002DE2D0217808484908DCE7FFF799
:106970009FFFE4E770BD00BF20210020C41E00205F
:10698000EFA900087C0F0020D01C00200BAA0008F3
:1069900010B50A4C227842F001022270084A12789F
:1069A000D30703D507480121FEF756FC20780021C4
:1069B000BDE810404008FFF7A1BF00BF2021002024
:1069C000C41E002029AA0008064B1878C0F3460010
:1069D000013810F0FF004FF0010108BF2A20FFF737
:1069E0008DBF00BF20210020054B187840080130E2
:1069F0002B284FF0010128BF0846FFF77FBF00BFDB
:106A000020210020074B1B78DA0708D5B0EB530F85
:106A10004FEA530203D8914201D9FFF7E5BF0121A4
:106A2000FFF76CBF202100202DE9F04F81880388FB
:106A300085B00446ADF80C30002900F05286BDF850
:106A40000C204FF6FF739A4200F04B86006801223B
:106A5000FDF72AFFA1780346002900F0B785A0F5CD
:106A6000BE42123A92B20F2A00F28785B44A1278D7
:106A70000ABBA0F11203DBB240F2573653BBDFF87A
:106A8000F8A203933046731CFCF778FB00228DF8C4
:106A90000C008DF80D2070B1421E022A25D88DF809
:106AA0000D00012218468DF80C20FCF767FB02361A
:106AB0008DF80E00D0B9A34B1B785E0700F011864D
:106AC000A378002B00F00D86022005B0BDE8F04F42
:106AD000FFF738B9B6F5806FEDD03046FCF74EFBC6
:106AE00008B9013BDBB20136C8E71E4603AD2B787F
:106AF000002BC7D0012B2FD16B78A878012B03D1A5
:106B00000235FFF76FFE04E0022B04D10235FFF7D8
:106B1000CFFC0135EBE7032B03D10235FFF74AF930
:106B2000F7E7042B01D00135F3E7874A0235002748
:106B30004FF00A0E835C69785B0705F1010C05D400
:106B4000013FE6D36420FEF7EDF9F9E730380EFB9C
:106B5000070765460846EDE77C4A7D4912F803B011
:106B6000DA0803F0070311F802807A491AF8027074
:106B700011F802901F4148FA03F817F0010749FA8B
:106B800003F308F0010803F0010902D0E120FFF748
:106B90008FFCB8F1000F02D0E620FFF789FC5846C1
:106BA000FFF720FEB8F1000F02D0E620FFF702F950
:106BB00017B1E120FFF7FEF8B9F1000FA9D02C20A2
:106BC0009FE70120FFF7DAF8FFF7A0F873E701204D
:106BD000FFF7ACF8F8E70220F4E70220F8E703201B
:106BE000FCF782FE5C4B1878FDF7FEF963E70020A6
:106BF000F6E7594D287810F0F80F0BD0083810F050
:106C0000F80F14BF0123002363F300002870C0B203
:106C1000FDF7EAF9514B1B78D90740F141852978F6
:106C20004F48C908FEF718FB00F03ABD4A4D2B78D3
:106C3000172B4FEAD3029EBF013262F3C7032B70BA
:106C4000287840F001002870FDF7CEF9434B1B78FF
:106C5000DA0740F1258529784248C908E2E73F4F25
:106C60003D4D3B782E78DB0706F0010640F1FE84AF
:106C70003D483146FEF7F0FA002E00F0FA842B78FA
:106C8000D8077FF518AF28786FF300002870C0B2DE
:106C9000FDF7AAF93B78D90702D53448FEF7DCFAAC
:106CA000FCF758FA07E72C4D2B78C3F3C4020132E6
:106CB00002F01F02032A94BF62F3C7036FF3C703F6
:106CC0002B70287810F0F80F14BF0123002363F312
:106CD00000002870C0B2FDF787F9204B1B78DE0753
:106CE00040F1DE8429782248C9089BE71B4B1A4EE5
:106CF0001B78357813F0010FC5F34005374600F0D7
:106D0000D5841C482946FEF7A7FA002D00F0D1844F
:106D1000337898077FF5CFAEFEF7E8FDCBE6A3F515
:106D2000B943743B022B2DD8DFE803F03034380030
:106D3000E122262311462046FFF768FDBBE600BF8F
:106D4000FEE70308FB200020159F00081AB2000888
:106D50000AB200080AB20008D61C0020C41E002097
:106D600062AA00087AAA000892AA0008A8AA000845
:106D7000CDAA0008E1AA00089AB200082723E5225C
:106D8000E521D8E72623E122E021D4E72723E522E5
:106D9000E421D0E72623E122E221CCE72723E522E4
:106DA000E621C8E728230122EAE7A3F5B9427A3AA7
:106DB00092B2082A40F23B8445F61642934240F0D4
:106DC000C480754B75481B7803F0AA03002B744BE5
:106DD00015BF01220022352129211A70FEF792FCED
:106DE000FEF7D0FC67E6A3F5B843033B122B1CD893
:106DF000DFE803F0212529363A3E424854585C60CA
:106E00006C7074787E9A8600A3F5B9437A3B9AB287
:106E1000082A00F21E84082B00F21B84DFE803F02E
:106E2000171C4E52386C7B8E93002B7843F0010375
:106E30002B7000F00EBC2B7843F00203F8E72B78A0
:106E400043F00403F4E72B7843F00803F0E76B7892
:106E500043F001036B70FCE36B7843F00203F9E746
:106E60002B7843F01003E3E72B7843F02003DFE7B0
:106E70002B7843F04003DBE7FEF78CFF2B7843F0E1
:106E80008003D5E72B7823F00C0343F00C03CFE706
:106E90006B7823F0030343F00303DBE72B786FF3F6
:106EA0000003C5E72B786FF34103C1E72B786FF33D
:106EB0008203BDE72B786FF3C303B9E76B786FF3F9
:106EC0000003C7E76B786FF34103C3E72B786FF3D9
:106ED0000413ADE72B786FF34513A9E72B786FF315
:106EE0008613A5E7FEF756FF2B786FF3C7139FE7CE
:106EF0002B7823F00C039BE76B7823F00303A9E7BF
:106F00002B78C3F3800282F00102D2B262F38203D3
:106F100062F3C3038CE76B78DA4302F0010262F399
:106F2000000362F3410395E7FEF734FF2B78C3F3C8
:106F3000C01282F0010262F3C71379E701210E202B
:106F4000FCF7C8FF85E30021F9E7134A107845F6FE
:106F5000D542934200F0220024D845F6C142934224
:106F60002CD9A3F5B943433B122B00F28080DFE814
:106F700013F0B500BA00BD00C000C300C600C900D0
:106F8000CC00CF00D200D500D800DD00E000E30047
:106F9000E600E900EC00EF00182100207019002045
:106FA0008A1F002045F65D52934200F0D48045F6DA
:106FB0005A52934200F0018100F2D08045F601421E
:106FC000934200F0E78045F6DE42934200F0F28003
:106FD000B3F5B84F00F0D6802288A378ADF80C2026
:106FE0000398002B00F0ED80FDF7DAFB0546014623
:106FF0000398FCF717FBA44F03992846FDF7A0FA66
:107000003E7894F80690A17816F0070605464FEAF8
:10701000191918D00E46B1B1C5F3072303F0F003D8
:10702000402B05D005F12003DBB2072B40F2CD80C9
:1070300002200191FEF786FE3B78019913F0070FBD
:107040000CBF01260026C5F30338B8F10B0F00F280
:10705000F480DFE818F0BC00BC0043014301980154
:10706000B001F200F200BA0119022A022A02874E88
:10707000874D327812F0010F06D029788548C94330
:1070800001F00101FEF7E8F82B783678DA0706F010
:10709000010615D56FF300032B702868FCF7E7FF96
:1070A0002EB129787C4801F00101FEF7D5F8FEF7F2
:1070B00065FC41F28830FDF735FFFCF729FCFAE466
:1070C00043F001032B701EB174480121FEF7C4F890
:1070D00028780121C840FFF711FCECE4704A71499F
:1070E000FCF712FCE7E46F4A6D49F9E76E4A6F4915
:1070F000F6E76E4A6C49F3E76D4A6E49F0E76D4A70
:107100006B49EDE76C4A6D49EAE76C4A6A49E7E783
:107110006B4A6C49E4E76B4A6949E1E7012108469B
:10712000D9E705210220FFF76DFCC4E40821062001
:10713000F9E70E210920F6E714210F20F3E71721C4
:107140001520F0E701211820C5E722211920EAE7E0
:1071500001212320BFE72A212520E4E745F65B52E1
:1071600093422CD045F65C5293427FF435AF564B98
:107170005878C0F3800080F0010000F00100FEF7B5
:107180008FFB29E7FEF706FE46F2A810FDF7CAFEC0
:10719000FCF7D8F93D490B78C3F3000282F00102F5
:1071A00062F30003DF074CBF484849480B70FEF705
:1071B00053F880E4FCF79CFF7DE40120DFE700202A
:1071C000DDE7FCF70FFA054615E700263BE7C5F3B8
:1071D0000723C5F3032913F0F00F18BF4FEA09196D
:1071E000EDB2A9B1B9F1000F0CD005F12003DBB26B
:1071F000072B00D955B9374A137849EA03031370AE
:10720000FEF7C0FA2846FFF753F916E0324AF3E7D3
:107210002846FEF7CFFDB9F1000F0ED005F1200290
:10722000D2B26FEA0903072A5BB200D955BB294ADB
:1072300011780B401370FEF7A5FAA8F10808B8F111
:10724000030F03D8FCF742FAFDF706FB96B197F956
:10725000000010F001030DD1A370C0F3C700FEF7CA
:107260008DFD2046FFF7E0FB97F90000C0F3C70053
:10727000FEF75CFD2068A188002205B0BDE8F04F54
:10728000FDF712BB144AD3E7FB200020C41E0020E8
:107290002021002001AB000838AB000870AB0008CB
:1072A000C9690008E9690008595B0008715B0008BA
:1072B000215B00083D5B0008E95A0008055B0008F7
:1072C0008540000899400008DE1F0020A7AB000899
:1072D000B8AB000818210020D2210020C5F30723F5
:1072E00003F0F003C5F30320202BEDB218BF00011B
:1072F00075B1012D2ED0002937D0B9F1000F0ED075
:10730000A379D9077FF57EAF6FF30713A37106E06A
:1073100099B1AA4B1A781043B9F1000F02D1FEF7C8
:10732000B5FA8AE7B9F1010FF9D1A54949784D07B6
:1073300083D4824281D018707FE7B9F1000F04D165
:10734000FCF748F9FEF796FA77E7B9F1010F3FF439
:1073500074AFF5E721B1B9F1050F3FF66EAFDEE787
:10736000B9F1040F3FF669AFECE7B9F1000FE9D0CE
:10737000392D0CBF4FF4FA500120FDF7D3FD2846FC
:10738000FEF718FD59E715F4406FC5F3812308D0C7
:10739000012B7FF452AF61B1C5F30900FCF776F918
:1073A0004BE721B1C5F30900FCF780F945E7084632
:1073B000FAE70846F2E7E8B221B1FCF7FDFFFEF775
:1073C00001FC3AE7FCF712FFF9E715F4407F29D1F9
:1073D00000297FF432AFC5F342129200D0B205F01B
:1073E0000F0202FA00F3EA0644BF0F228240C5F3FF
:1073F000812054BF0A46D243022872490ED0032886
:107400000AD0012806D013430A6813400B60FEF728
:1074100055FC12E7086803431343F7E713430A6870
:107420005340F3E7C5F3012209B302F00103002B37
:107430003FF403AFC5F342118900CAB215F0100141
:107440001CBF0F219140C5F3812005F00F0318BF29
:10745000C94302285C4D03FA02F30FD0032811D070
:10746000012806D02A680B4313402B60CFE753084E
:10747000DDE72A681A430A432A60C8E72A680B43F3
:107480005340F2E70B43F0E75FFA85F9C5F30325B4
:1074900021B12846FEF772FC484640E74846FEF711
:1074A000E9F92846FEF742FCC7E65FFA85FAAAF139
:1074B000F003042B48D8DFE803F003141B202B0053
:1074C00061B1B9F1040F3FF6B8AE3F4BC5F30420EC
:1074D0001A680125854055401D6098E7B9F1050FF0
:1074E000F1E7C5F304200029DCD0FEF747FCA4E651
:1074F000C5F304200029F8D0D4E7334A31B1C5F3ED
:107500000425012303FA05F5156080E711607EE785
:1075100079B1C5F304200190FEF730FC284B0198A7
:107520005B7813F0040FE0D1C30043F003033B701A
:10753000DBE70120FEF706FCB9F1010F7FF67DAE17
:107540000220FEF7FFFB78E639B1B9F1000F01D058
:10755000504658E6C5F30420C7E7B9F1000F09D03B
:10756000BAF1390F0CBF4FF4FA500120FDF7DAFCE5
:10757000504605E7C5F3042094E745F610729042A3
:107580003FF41FAB45F6117290423FF424ABA3F5D4
:10759000B9423B3A062A23D801A050F822F000BF96
:1075A000DF6B0008EF6B0008F36B00082D6C000820
:1075B0005F6C0008A76C0008ED6C0008FC20002040
:1075C000DE1F0020E41E0020E81F002045F6107298
:1075D00090423FF4FCAA45F6117290423FF4FDAA96
:1075E00045F6F642934213D845F6F24293423FF6EF
:1075F00096AB45F6D84293423FF4C0AB45F6D9422C
:1076000093423FF4CFAB45F6D74293423FF490AB61
:10761000002956D0344A0021117045F61542934294
:107620003FF6C3AB45F6014293427FF68EAC2F4A3C
:107630002F49127809782F4D42EA01222A8045F617
:10764000154293423FF6E0AB45F6014293423FF6C6
:10765000CAAB2E8829780420FCF73CFC310A222092
:10766000FCF738FCFEF796FBFFF725BA002E7FF4F7
:107670000AAB2B78DA073FF51EAA43F00103012B72
:1076800004BF1A4663F3C7022B7008BF2A7028781C
:10769000FCF7AAFC3B78DF0702D51748FDF7DCFDB5
:1076A0002878C008FCF7EEF8FFF705BA002D7FF444
:1076B00033AB3B7899073FF5FEA9FEF745F9FFF795
:1076C000FAB945F6164293427FF486AC0B4B0C4850
:1076D0001B78002B14BF35212921FDF7DBFFFFF7B5
:1076E0007FBB05B0BDE8F08F2B21002008E0030828
:1076F00044E00308DE1F0020BBAA00088A1F002008
:1077000070190020214BF7B59A7912F0F00F0AD1C9
:107710009A7842B11E4A1F4E12781F4D4FF6FF77DE
:107720003178914201D103B0F0BD98881988ADF845
:10773000041038B389B2B94224D005EBC20493F8DF
:1077400001C061788C451DD193F800C015F8321046
:107750008C4517D1A178A9B9A188091A89B2C7297E
:1077600010D899790948012262F307119971A37918
:1077700062F30713A371FFF757F903B0BDE8F040B8
:10778000FBF774BF013202F00702C9E7862100202F
:10779000D1210020D0210020902100202DE9FF4799
:1077A000B34F0446BB88006800903888227861781F
:1077B00094F80280B4F804A0ADF808003D46002B10
:1077C00000F0C08080B24FF6FF7C604500F0BA80C8
:1077D000BE78002E00F0B680AAEB0303B8799BB206
:1077E000C72B00F0F00900F28D803B88ADF808301F
:1077F000B9F1000F49D16345C14619D08DF8002079
:107800008DF80110BDF800C09C4511D1B8F1000FF2
:1078100040F0F580012363F30710B8713846FFF795
:1078200003F9BB79A3710026304604B0BDE8F087A8
:10783000BAF1000F40F0E780B8F1000FF3D0AB7958
:1078400043F00103AB71EEE700EBC30595F801C00F
:107850008C4506D110F833C0944502D1AD78002D87
:10786000E1D1013303F00703E1E010F4706F02D0BF
:10787000002B00F0FB802033DBB2072B40F2F680B8
:107880002046FFF7D1F8B146F0E0634513D08DF8FC
:1078900000208DF80110BDF800C09C450BD1B8F157
:1078A000000F08D1A0712046FFF7BEF823683B60A7
:1078B00063687B60B8E78DF800208DF801100098B0
:1078C000FCF79AFFD0B1B8F1000F17D0AB791F2B9E
:1078D0000CD92A88ADF8082002A800228DF80A20C9
:1078E000ADF80CA08DF80E30FFF79EF823682B60E2
:1078F00063686B60FFF706FF012695E72046FFF7F8
:1079000093F8F9E7B9F1000F07D13846FFF78CF883
:10791000C7F80090C7F80490A8E08DF800208DF813
:1079200001103B88BDF800C09C45C4D1B8F1000FE0
:10793000C1D1A0712046FFF777F8C7F80080C7F8DB
:10794000048071E72888ADF80800002B40D086B28B
:107950004FF6FF7086423BD0AE78002E38D1AAEBAE
:1079600003039BB2C72B30D84646002EC6D08DF8F5
:1079700000208DF801102B88BDF800209A4217D105
:10798000AB79DA070FD413F0F0020CD0F02AA37110
:1079900006D0DBB2C3F30312013262F30713A37103
:1079A0002046FFF741F823682B6063686B603BE774
:1079B0000098FCF721FF002898D1AB79204643F0CE
:1079C0000103AB71FFF730F82EE72E606E602BE7F6
:1079D000B8F1000F92D08DF800208DF801100098BA
:1079E000FCF70AFF0646002888D023682B606368EE
:1079F00028886B60FCF7F4FEFFF784FE14E7BAF109
:107A0000000F3FF41CAF8DF808208DF80910BDF869
:107A100008004FF6FF7398423FF40EAFB8F1000F25
:107A20007FF40DAF1348144B07781B781348BB4203
:107A30007FF40AAF8DF800208DF801100098FCF754
:107A4000CFFEC0F30332012AC3B27FF60EAF0E326F
:107A500002F00F02012A3FF613AF10F4706F3FF4EB
:107A60000AAFA27912F0F00F7FF405AF4E46DBE6C5
:107A700086210020D0210020D1210020902100204B
:107A8000F0B587B06F4687E803003846FFF786FEFB
:107A9000214E224D044628BB97E8030004AB83E83F
:107AA0000300BDF80410BDF81020ADF80C20C9B1DA
:107AB0001FFA82FC4FF6FF7294453778287811D070
:107AC0007A1C02F0070282420ED0154CADF8141059
:107AD00003CB04EBC70C44F837003270CCF8041029
:107AE000FBF7C4FD0E4C11E0FEF754F90D4B34705A
:107AF0002C701C605C60F5E704EBC000FFF74EFEE5
:107B000040B12B78013303F007032B7028783378CA
:107B10008342F1D107B0F0BDD0210020D121002057
:107B20009021002086210020FEE70120704708B543
:107B3000F8F730FC012303604FF0FF3008BD01204F
:107B4000704708B51346002158221846F8F728FC5C
:107B50004FF400524260002008BD000010B50346FB
:107B6000202282F311880B4C206862680144914204
:107B70004FF0000206D982F311880C221A604FF0F0
:107B8000FF3006E08842F6D8216082F31188002891
:107B9000F3D010BDB81E0020002070471846704773
:107BA00000207047162303604FF0FF30704700003D
:107BB0002DE9F84FB04B5C6C660534D5AF4D6FF4D2
:107BC00080625A64002602222A70EE67AE6005F1D8
:107BD0000C0808274FF0200958F8043BABB189F393
:107BE000118858F8043C586920B16FF001010C303D
:107BF000FAF716FF58F8043C986920B16FF00101BC
:107C00000C30FAF70DFF86F31188013F48F8046C39
:107C1000E2D185F86470FAF7F1FB6B681B6813B169
:107C2000964839469847250514D4E00448D4A2055F
:107C300008D592484368DB6803B198478E4B6FF4D0
:107C400000725A648D4D8E4E23044FD4BDE8F84F18
:107C5000FAF74CBE884B894D1A6C42F008021A6440
:107C60006FF400625A642B7885F8803005232B70FE
:107C70006B681B6813B10421284698470026AE6044
:107C8000804D08274FF0200855F8043BABB188F32E
:107C9000118855F8043C586920B16FF001010C308F
:107CA000FAF7BEFE55F8043C986920B16FF0010167
:107CB0000C30FAF7B5FE86F31188013FE4D1B4E742
:107CC0006D4B9A6C11040CD41A6C6C4822F00802AB
:107CD0001A6490F88030037043681B680BB105216B
:107CE0009847654B6FF480525A64A0E704F00F0484
:107CF000A70007F1804707F5B84704F10209D7F854
:107D000000A005EB89031AF0800FD3F8048025D07A
:107D10003B68D8F8140033404268016943F40043DB
:107D20003B6003680A449B1A42602DD0B8F81020CB
:107D30009A4228BF1A46836802611944816020462E
:107D4000FAF79EFB3B6823F4F04323F0400383F0F3
:107D5000300343F4004343F080033B601AF4004FC8
:107D60000FD03B68334043F080031AF4006F3B6050
:107D7000E1B225D005EB89092846D9F804305B68C3
:107D800098473D4B5C6C5FE7012303FA04F22B89B3
:107D900023EA02032B81D8F8083013B12146284684
:107DA0009847202383F3118805EB890300215B6842
:107DB00058690C30FAF734FE002383F31188CDE7BD
:107DC0002D4BD8F818201B6DD2F808C003F1804362
:107DD00003F5C04303EB0410E1468368D0F80CE0E0
:107DE00003F10053CEF30900CEF3480E03F54053E0
:107DF0004FEA8E0A0AEB430A5B00534509F1020978
:107E000042D16FF0010909FB0E09B9F1000F02D050
:107E10001B680CF81E309368034493605368034456
:107E2000536013681B1A1360138A013B9BB21382C1
:107E3000B8F81220824200D87BBB012303FA04F277
:107E40006B89023423EA02036B8105EB84035B68D0
:107E5000DB680BB128469847202383F3118805EB94
:107E600084046368986941680C30FAF7D9FD0023EF
:107E700083F3118885E700BF005C0040E81800200C
:107E80000F07FFFFF418002053F804BB09F802BCE9
:107E90004FEA1B2B09F801BCAFE73B6823F4904382
:107EA00023F0700383F4405343F4004343F0800312
:107EB0003B6066E708B50348FAF7FEFABDE80840FC
:107EC000FAF714BD9C18002008B50348FAF7F4FA35
:107ED000BDE80840FAF70ABD8018002008B503483D
:107EE000FAF718FBBDE80840FAF700BD3C1800207F
:107EF00008B50348FAF70EFBBDE80840FAF7F6BCF0
:107F00002C18002008B50348FAF704FBBDE8084028
:107F1000FAF7ECBC1C1800204FF080422DE9F84322
:107F20001369D1680B40D9B2C9439B0711613FD592
:107F3000202383F31188204C4FF00008E36904F1FB
:107F40001C06C1464FF08040A16A426A9F68551ADC
:107F5000BD421CD307469968A26A0A44A2621A6805
:107F6000B2425660A5EB0105E261D968C3F80C8006
:107F700008BFC7F80C8089F3118818698847202347
:107F800083F31188E3699A689542E4D2DAE7E569F8
:107F9000B5420AD0A262AC682144891AA9609B68E4
:107FA000022B2CBFD21802324263002383F31188C4
:107FB000BDE8F843FAF79ABCDC1C002038B5234B27
:107FC000196B8A6902F47C50C861D96A4C682068D0
:107FD00020F00F002060487B0C680E2101FA00F0B1
:107FE0006060986A45682C6824F00F042C6004686F
:107FF000407B81406160D40542BF996841F0010136
:108000009960900542BF996841F00201996051055D
:1080100042BF996841F008019960D20499680ED571
:1080200041F020019960202383F3118808486FF004
:108030000101FAF7F5FC002383F3118801E0002920
:10804000F1D1BDE83840FAF751BC00BF4C18002010
:108050006818002038B54A4D2C6BA26902F0FE0367
:1080600012F01000E3612ED0EB6A59680A6822F022
:108070000F020A605A7B19680E2303FA02F24A6063
:10808000AA6A5068016821F00F0101601168527BF3
:1080900093404B60AB6843F00403AB60636843F408
:1080A00080436360236823F046032360202383F327
:1080B00011886FF0010105F11C00FAF7B1FC0023F3
:1080C00083F311881AE013061FD52B78032B19D1DF
:1080D000EB6A69685B6889685A68636823F0FF73B4
:1080E000FF2A23F4803388BF4FF0807043EA0103F6
:1080F00088BFFF22034343EA02436360BDE8384080
:10810000FAF7F4BBFAF7DAF8F8E75306F6D5297868
:10811000AB6A03295A681BD1EB6A5868016821F0E1
:108120000F010160587B19680E2383404B60536830
:10813000BBB1FAF7C3F8AB6A5A68136843F001039E
:108140001360636843F40053636004232B70D5E726
:10815000116821F00F011160597B1A680E238B40C2
:108160005360636843F480436360236823F04003F3
:108170002360202383F31188024800219DE700BF7C
:108180004C1800206818002008B50348FAF73EFA9A
:10819000BDE80840FAF7AABBF8B1000808B50348E3
:1081A000FAF734FABDE80840FAF7A0BBE8B10008D6
:1081B00008B50348FAF72AFABDE80840FAF796BB73
:1081C000D8B1000808B50348FAF720FABDE808401E
:1081D000FAF78CBBC8B1000808B50348FAF716FADD
:1081E000BDE80840FAF782BBB8B1000808B50348FB
:1081F000FAF70CFABDE80840FAF778BBA8B1000816
:1082000008B50348FAF702FABDE80840FAF76EBB72
:1082100098B1000808B50348FAF7F8F9BDE8084036
:10822000FAF764BB88B1000808B50348FAF7EEF91D
:10823000BDE80840FAF75ABB78B1000808B5034812
:10824000FAF7E4F9BDE80840FAF750BB68B1000856
:1082500008B50348FAF7DAF9BDE80840FAF746BB73
:1082600058B1000808B50348FAF7D0F9BDE808404E
:10827000FAF73CBB48B10008FAF738BBFAF736BB4F
:10828000FAF734BB08B50348FAF744F9BDE80840EB
:10829000FAF72CBB0C1800203E4B10B55A691C682D
:1082A000144004F47C425A61620510D53A4AD2F86F
:1082B000A83013B1D2F8AC009847202383F311887B
:1082C00036480021FAF79EFB002383F3118823052B
:1082D00010D5314AD2F8B83013B1D2F8BC00984763
:1082E000202383F311882E480021FAF78BFB00230B
:1082F00083F31188E00410D5274AD2F8C83013B1AF
:10830000D2F8CC009847202383F311882548002118
:10831000FAF778FB002383F31188A10410D51E4AD5
:10832000D2F8D83013B1D2F8DC009847202383F379
:1083300011881D480021FAF765FB002383F311889B
:10834000620410D5144AD2F8E83013B1D2F8EC0028
:108350009847202383F3118814480021FAF752FB31
:10836000002383F31188230410D50B4AD2F8F83088
:1083700013B1D2F8FC009847202383F311880C48EE
:108380000021FAF73FFB002383F31188BDE810407A
:10839000FAF7ACBA00040140D01B0020701C00208A
:1083A000801C0020901C0020A01C0020B01C00207D
:1083B000C01C0020324B10B55A691C68144004F4EC
:1083C00078725A61A3060ED52E4A936D0BB1D06D0B
:1083D0009847202383F311882B480021FAF712FBDA
:1083E000002383F3118860060ED5264A936E0BB1E5
:1083F000D06E9847202383F3118824480021FAF790
:1084000001FB002383F3118821060ED51D4A936FCB
:108410000BB1D06F9847202383F311881C480021AB
:10842000FAF7F0FA002383F31188E20510D5154A14
:10843000D2F8883013B1D2F88C009847202383F308
:10844000118814480021FAF7DDFA002383F311881C
:10845000A30510D50B4AD2F8983013B1D2F89C007E
:108460009847202383F311880B480021FAF7CAFAB2
:10847000002383F31188BDE81040FAF737BA00BF34
:1084800000040140D01B0020201C0020301C0020D4
:10849000401C0020501C0020601C00200D4A08B524
:1084A000516913680B4003F01003536173B10A4A1A
:1084B000936C0BB1D06C9847202383F31188074845
:1084C0000021FAF79FFA002383F31188BDE80840E2
:1084D000FAF70CBA00040140D01B0020101C002049
:1084E0000D4A08B5516913680B4003F00803536146
:1084F00073B10A4A936B0BB1D06B9847202383F377
:10850000118807480021FAF77DFA002383F31188C8
:10851000BDE80840FAF7EAB900040140D01B00208A
:10852000001C00200D4A08B5516913680B4003F088
:108530000403536173B10A4A936A0BB1D06A984736
:10854000202383F3118807480021FAF75BFA002300
:1085500083F31188BDE80840FAF7C8B90004014068
:10856000D01B0020F01B00200D4A08B5516913688C
:108570000B4003F00203536173B10A4A93690BB1D4
:10858000D0699847202383F3118807480021FAF720
:1085900039FA002383F31188BDE80840FAF7A6B939
:1085A00000040140D01B0020E01B00200D4A08B54C
:1085B000516913680B4003F00103536173B10A4A18
:1085C00093680BB1D0689847202383F3118806483D
:1085D0000021FAF717FA002383F31188BDE8084059
:1085E000FAF784B900040140D01B0020EFF309839F
:1085F00005494A6822F001024A60683383F309881A
:10860000002383F31188704730EF00E038B5202352
:1086100083F311880E4B9C69606204F12805A06AFF
:10862000A8420FD194F822303BB994F821309B072F
:1086300002BFD4E9043213615A61BDE838400F200B
:10864000FCF7F6BA0368A362FAF7A4F9E7E700BFFC
:10865000DC1C0020134B1A689969106810B4436041
:108660001860012082F820009A618868002281F851
:1086700020201A461B689C688442FBD858680B600F
:10868000486001605960EFF30983C869643B984210
:1086900003D972B6044BD362FEE790695DF8044BD0
:1086A000F7F75EBEDC1C00207CA000081149F0B585
:1086B00008200026D1E901340A681D46043AAC427C
:1086C00010D8E21CD21ADD1E22F00302AC4238BFE1
:1086D00000221344CA689A4209D8013801F11001F6
:1086E000E8D1F0BD52F8047F45F8047BE7E743F892
:1086F000046BF0E70CB80008FEE770477047000015
:10870000B24EB36A63F4FC032DE98048B362B36AE6
:1087100003F4FC03B3624FF0FF32B36A3369326192
:108720003369002333613169F168F260F268F36004
:10873000F268F269A64942F08052F261F2690A6871
:1087400042F480720A60326A02F44072B2F5007F2D
:108750001EBF4FF4803232623362336A1D048FB021
:1087600007D4336A43F400733362336A43F400433B
:108770003362984A98480023C2E9003301214468D3
:10878000236042F8313001310D2900F11000F6D19B
:10879000924A4FF0FF335360C2F80434904B60228A
:1087A000402183F80623C3F880111960802183F8E3
:1087B00007234FF40070C3F8801119604FF48071E3
:1087C00083F80823C3F88011196083F80923C3F8DC
:1087D000800118604FF4806083F80A23C3F8800199
:1087E00018604FF4000083F81723C3F88001186065
:1087F00083F82823C3F88411702259604FF08071E8
:1088000083F81823C3F8801119604FF0007183F8C2
:108810001923C3F8801119604FF0806183F81A237F
:10882000C3F88011196083F81B234FF00062C3F86E
:1088300080211A60B3696B4A43F00103B361B369E5
:10884000136843F0200313600021674A0B4601318F
:108850001029C2E90022C2E9023302F11002F6D166
:10886000624A634F136202F11800C2E906006148D0
:1088700001211170C2E90433C2E90A035E4A02F120
:108880001800C2E906005D481170C2E90433C2E96C
:108890000A0313625A4A5B48D060117053605A4A07
:1088A00000F58060D06011705360584A00F5903038
:1088B000D06011705360564A00F54060D06011706E
:1088C0005360544A02F10C00C2E90300524811708F
:1088D00053605361C2E90A33D36110634F4ABA61EE
:1088E0004F4A39700420107438744E481170536028
:1088F000D36090614C4A7B6002F10C00C2E9030036
:108900004A481170C2E9070341F20A0441F2180013
:10891000C2E90A40464C5361C2E901335362002266
:10892000FB602170636004F12C01134641F8043BA5
:108930000132072A8B61F9D1F2693E49A36042F006
:108940000102F261F2698A683B4D42F001028A60DD
:108950004FF0804240F2CF21916201204FF0FF3171
:10896000D16293615363D3605360506110601C4ABD
:10897000802082F81C034FF08050C2F88001106004
:1089800005F11C02C5E907222C4A2D4810602D482C
:1089900050602D4A2D489360C2E9000302F10C009B
:1089A000C5E90913AB60C5E90055C5E90455C2E93D
:1089B00003005361CDE90613CDE908336B6700224C
:1089C0000023CDE90A234FF0040841E000100240E3
:1089D00000700040F01E002048B100080000024076
:1089E00000E100E000000140D01B0020AC0F00209F
:1089F0008018002084B30008DC0F0020A0B300081A
:108A00001C180020001000402C1800203C180020EA
:108A10000C1800204C1800200054004000040040B6
:108A20009C18002000080040B818002000380040C2
:108A3000E8180020002004E0DC1C0020B81E002004
:108A4000D821002000A00020C81E0020852F00088B
:108A500006A8F9F799FF06A8F9F776FFB8F101081B
:108A6000F6D1069B6B678023C5E91A83AB63DE4BA7
:108A7000DE4AAB646B696B64012185F85180C5F8EF
:108A8000648085F852102D641A6102F12803AB65E9
:108A900002F12C03C5E91733D54B6A61AA61EB6477
:108AA00085F85010202080F3118862B6D14BDFF892
:108AB0009CC3D3F80CE02EF4E06E4FEA0E4E4FEA62
:108AC0001E4E4EEA0C0CDFF888E3C3F80CC0DEF84B
:108AD0000CC04CF0807CCEF80CC0DFF878E3DEF8F8
:108AE00000C04CEA010CCEF800C04FF0100C83F827
:108AF0001FC083F8220088F3118862B680F31188C2
:108B0000BD4B03F1B400C3F82401BC48C3F82011E5
:108B1000C3E93D08C3E9548183F83A11B848B9491B
:108B2000C3F81401C3F8301102206969A3F83801B1
:108B300003F58C70C3F82C11C3F83431C3F84C81A1
:108B4000C3F82851086103F5A071C3F8401103F57B
:108B5000A271C3E95111A969C3F83C819E468B6893
:108B600068618446002B00F0DA81F9F713FF0025D5
:108B700085F31188A44BA54A1A60A54BA54A5A60F3
:108B800002F188325A6029461022A348DFF8C882D1
:108B9000F7F706FCA14B1D70A14B1D70A14B03F113
:108BA00008029A6503F11C02C3F8802003F1E0017A
:108BB00003F13002C3E93811C3F8A020D3F8C41080
:108BC000D3F8BC00D3F8B890C3F8EC5003F1D80246
:108BD000C3F8D820D3F8D020C3F8D480043101FBE7
:108BE000002EC3E94002C3E93C22D3F8CC20C3F8ED
:108BF0002491C3E93EE14FF0010C03F1D40003F5E9
:108C00008C71DFF858E283F8DCC0C3E94255C3E950
:108C1000461183F8E8C083F820C1C3F810E1C3F817
:108C20001401C3E94A22D3F8C010C3E950550431F6
:108C30007D4D09FB012CC3E94CC1C3E94E92C3E948
:108C40005250D3F8B020202181F3118893F8B4104A
:108C500002EB8101AC46886293F8B510113142F8FD
:108C6000210093F8B61011B102EB810290626F4AB5
:108C7000C3F85021022183F8DC10002181F3118810
:108C800002F1AC00C3F8AC0102F1C000C3F8D4019A
:108C900002F1D400C3F8F40102F5BE70C3F82C024F
:108CA00002F5C270C3E98D00D3F81802D3F824523C
:108CB000D3F81092C3F864E2043000FB095AC3E908
:108CC00093A0D3F81402D3F820E2C3F82882C3E9B2
:108CD0009595D3F80C92C3F84012C3E9915504302E
:108CE00002F5BC7502F5DE724FF00108C3E99B2264
:108CF00000FB09E2C3E99711C3E99FEE83F83082D4
:108D000083F83C82C3F8685283F87482C3F878927F
:108D1000C3E9A120C3E9A511C3E9A39EC3E9A7C57F
:108D2000D3F80422202181F3118893F8081202EB72
:108D300081018D6293F80912113142F8215093F8A4
:108D40000A1211B102EB81029562394AC3F8A422DA
:108D50004FF0020883F83082002585F311884FF424
:108D6000805101224FF09040F9F7EEFB4FF0904315
:108D70004FF480525A832F48FCF7D4F8202383F312
:108D800011882D4B63602378012BC4E90355C4E996
:108D90000555C4E90755C4E9095501D1F9F74CFB5C
:108DA00084F80080002585F3118840F202724FF4A8
:108DB00080514FF09040F9F7C7FB204B41F28830CB
:108DC000DD60FCF7AFF81E48FCF746FA202383F37A
:108DD00011884FF080435A6A85F31188194B1A485D
:108DE0001A60FBF747FB3BE02AB300080C1D00208C
:108DF0000004002000ED00E0581D0020812F000835
:108E000079030008CAAB0008200F00208D3100084C
:108E10000020024023016745781F0020881F0020A2
:108E2000891F0020780C00205F300008280D0020EA
:108E30007C0E0020F0490200C8B90008A81F0020DD
:108E4000CFAB00081C2100200A0000480003FA05EF
:108E5000F0ED00E0001000E0D8B900084D31000846
:108E60003E48DFF82C81FBF705FB3D48FBF702FB92
:108E70003C48FBF7FFFA3C48FBF7FCFA3B48FBF7A2
:108E8000F9FA013558F8040BEDB2FBF7F3FA112D9E
:108E9000F7D1374D374800232A46A94619460133F2
:108EA000DBB2062B40F8041B42F8041BF7D1FAF79B
:108EB00081FB08B9FBF71CF92F4BDFF8D8801B7832
:108EC00088F800302D4A2E4B1B78127843EA022393
:108ED0002C4A1380FCF732F840F6B830FCF722F841
:108EE000FCF72CF8D9F8003013F0010954D0FF2119
:108EF0002320FAF7EFFFFF212420FAF7EBFFFF21F1
:108F00002520FAF7E7FFFBF7DFF8FF210020FAF74B
:108F1000E1FFFF210120FAF7DDFFFAF713FB81F8EB
:108F20002080303A126890680028FBD150680A60AF
:108F30004860016051600122C5F818C08EF83821E0
:108F4000EFF30983CA69643B9A4203D972B60E4BA8
:108F5000EB62FEE70D48F7F703FA08E60D04004858
:108F60000C0400480B0400480E0800480F08004895
:108F7000C02000200021002004E0030844E0030892
:108F800008E00308DE1F00207CA00008701E0020FF
:108F900040B30008C41E0020B94B1A78B94B1A60C0
:108FA000FCF78CFE012210214FF09040F9F7CCFA2B
:108FB0004FF090401023438301224FF48071F9F762
:108FC000C3FA4FF4807343834FF48172AE4801219A
:108FD000F9F7BAFAAD4A0123D361202383F311884C
:108FE0003B7850687A60012BB86040F0AD81F3693E
:108FF00043F00203F361F369336943F00203336121
:10900000336923F0020333613369A14B702183F884
:109010001D134FF00051C3F8801119609D4B7B6107
:10902000BB6946F668019961D96101F1807101F56A
:10903000803159657B691168B3FBF1F3B969013B74
:109040008B620138D36BC8624B60D36803F00F03A7
:10905000012B00F08F81022B40F08E8143F0010341
:10906000506900F00F00012803D0022803D143F01B
:10907000200343F01003D06900F00F00012803D053
:10908000022803D143F4007343F48073506A00F064
:109090000F00012803D0022803D143F4005343F406
:1090A0008053126C0B6201234B6122F0FF020023FC
:1090B0000B61CA6085220A600222FB603A7083F36A
:1090C0001188754E3078C008FAF7DCFB33789907C1
:1090D00001D5FAF7BBFB714B1B78212B07D1704BE5
:1090E0001B78072B03D16F4B1B78132B13D0002158
:1090F0002620FAF7EFFEFAF743FFFAF735FF2121B2
:109100002320FAF7E7FE07212420FAF7E3FE1321D4
:109110002520FAF7DFFE644FFBF740F83B78002B81
:1091200075D198F80030DA0709D56048FCF794F853
:1091300098F80030DB0702D55D48FCF78DF8FAF7A8
:1091400039FA50B998F80030DE0702D55948FCF7D3
:1091500083F8FAF7CDFFFAF7ABFFF9F79DF8564E13
:1091600010F0FE0F30600BD198F80030D80702D510
:109170005248FCF771F8FAF79BFFF9F78DF8306069
:10918000FAF726FC98F80030D90735D54C48FCF79B
:1091900063F898F80030DA072ED53178494801F0A5
:1091A0000101FCF759F898F80030DB0724D5317835
:1091B00045484908FCF750F898F80030D8071BD507
:1091C00071784248FCF748F898F80030D90713D571
:1091D000B1783F48FCF740F898F80030DA070BD533
:1091E000F1783C48FCF738F898F80030DB0703D5F5
:1091F00031793948FCF730F83078384B0021C60710
:10920000597002D54008FDF779FB01233B70344BC0
:10921000344A35481A60FCF71FF8DFF8F4B0334ED3
:10922000334FB0463A783378DFF8E8C000219A42ED
:1092300000F0A480184601331CF80000052803F054
:109240000F034FF00101F2D188F80030294B2A4872
:109250004FF0000983F80090284B83F80090FBF74B
:10926000CFFC274BC3F80090A3F80490254B83F85C
:109270000090254B83F80090244B48464CE000BFFB
:1092800006E00308E41E002000040048380F002018
:1092900000E100E000A24A04D61C002046E00308DA
:1092A00048E003084AE003088B1F0020E0AB0008F9
:1092B000F7AB00080DAC00082021002035AC0008F9
:1092C0007EAC000897AC0008B4AC0008CFAC000836
:1092D000E9AC000803AD00081DAD000828210020FE
:1092E000581F0020640C002039AD0008891F0020A1
:1092F000881F00201821002070190020D221002092
:10930000F1200020F9200020FA200020F720002082
:1093100080180020781F002083F80090FAF7C6F923
:109320004846FAF7B3F9FAF739FFFAF7CFF9FBF73E
:1093300093FA4D4B83F800904C4B1B780BB1FDF723
:1093400027FBFDF7B5FA6DE7BB69C3F80090397CE0
:10935000C3F8349004294FF00001C3F83890C3F8E3
:109360003C90C3F8409084BFC3F85890C3F85C9019
:1093700059625FE6002371E6002371E601B13270A5
:109380002378052B41D13A48DFF8F080FBF764FFE2
:10939000354E364F32E0202383F31188DBF80C3052
:1093A00023F00403CBF80C30DBF818300020D8632E
:1093B000DA6822F00802DA6080F31188FBF74CFAD1
:1093C000FCF7DCFA337843B901233370294B1B785F
:1093D000C3F300033B70FCF7D7FB40F2A460FBF73C
:1093E000A1FDFBF7ABFD2A46062352F8041B00291A
:1093F00040F03E84013B13F0FF03F6D12378052BA8
:10940000C9D0FCF7BFF9FCF7DDFBFBF797FD08B10E
:10941000FAF7B0F8184B019303950026F3B20493C2
:10942000039B53F8047B0393019B1A4652F8043BB9
:109430000293029B0192BB4222D10136062EEDD14E
:10944000FAF798F800234FF6FF7240F00100ADF8EC
:109450001E30ADF818208DF81A30ADF81C00DDE98B
:109460000601FEF70DFB42E08C1F0020FE200020CD
:109470004AAD000820210020D82000200010024022
:10948000A04B1B78980700F16381029B4FF0010904
:1094900083EA0708002319EA080F5FFA83FA00F04D
:1094A0008F8119EA070714BF4FF001084FF0000839
:1094B000FAF760F840F0010080B200230FB1924A41
:1094C0001370ADF81E30049B8DF819308DF818A07C
:1094D0008DF81A80ADF81C00DDE90601FEF7D0FA20
:1094E0008A4A52F8263083EA090342F82630884B2C
:1094F0005A7822B31A78874B874E1B78C2EB5303F6
:10950000DBB2022AB37040F06281844ADFF838820D
:1095100012F80390F3782BB10027F770FAF72AF8C6
:10952000B7803080FAF726F83388C01A80B247F641
:10953000FE72904203D84B4477483380C047DFF82F
:109540000CA29AF800309AF902609AF9037001931C
:109550009AF801300293002256EA07039AF9048030
:109560009AF905908AF802208AF803208AF80420E4
:109570008AF8052011D06A4A12880392F9F7FAFF97
:10958000039A684B801A1A7880B2002A00F06A8128
:1095900065490978884200F3708158EA090340D090
:1095A000624A12880392F9F7E5FF039A6049801A2C
:1095B0000A7880B2002A00F0ED83642831D9FF2AAE
:1095C00001D001320A70B8F1000F09D0FAF784FE19
:1095D000B8F1000FCCBF0122FF2250438AF80400EB
:1095E000B9F1000F09D0FAF777FEB9F1000FCCBF3F
:1095F0000122FF2250438AF805009AF9041081B134
:109600009AF9050068B1B5225143091202FB00F234
:1096100008BF0121121208BF01228AF804108AF83B
:1096200005209AF803109AF802200A439AF80410C9
:109630000A439AF8051052EA010301D0FCF7C2FA76
:10964000019B8AF80030029B8AF801308AF8026098
:109650008AF80370374E8AF804808AF80590FAF782
:1096600035F8337883421CD0FAF730F83070254E45
:1096700033785907074611D5DA070FD52E48FBF77F
:10968000EBFD3378DB0709D52C483946FBF7E4FDC1
:109690003378D80702D52A48FBF7DEFD3846FBF7BA
:1096A000DBF8284F3846202250F8D43F06A91E6A1E
:1096B0000023B047D7F8283220221E6A06A90023CB
:1096C00007F50A70B04700283FF4A9AD9DF818309F
:1096D000013BC6B2122B00F24581DFE813F0FD001A
:1096E000040137014701500173017601FB012D028E
:1096F0004301430136023A023F02620281028402C0
:109700008602AA02C41E0020D2210020D8200020F8
:109710002821002020210020D01C00205BB0000860
:10972000E41F0020F9200020310F0020E61F002058
:10973000FA2000203A2000207CAD000816A2000884
:109740000BAC0008780C0020AD3D0008F120002093
:10975000C348FBF781FDA8464FF000094946C148C0
:10976000FBF77AFDC048FBF777FD58F804AB5FFACA
:109770008AF0FBF786F80590CAF30720FBF781F81B
:109780000246CAF307404FEA1A41FBF77AF88246CD
:10979000080AFBF776F8059B40EA0A2A42EA032208
:1097A0001FFA8AFA4AEA0241B048FBF755FD09F16F
:1097B0000109AF48FBF750FDB9F1060FCED164E6C1
:1097C0000133112B4FEA49097FF465AE35E6062ACD
:1097D00005D1A84ADFF8C88212F803909AE6092A50
:1097E00006D1A54ADFF8BC825B0812F8039091E627
:1097F0000F2A06D1A14ADFF8B0825B0812F8039065
:1098000088E6152A05D19E4ADFF8A08212F8039057
:1098100080E6182A12D0232A15D0242A18D0252A07
:109820001BD10322B3FBF2F202EB42029B1ADBB222
:10983000944ADFF87C8212F803906BE6DFF87482BA
:109840004FF0280966E6DFF870824FF4806961E620
:10985000DFF868824FF4FA795CE6DFF864824FF44F
:10986000FA6957E68849097801EB8101B0EB410FAD
:109870007FF793AE01321A7001E0FF2AFAD146B1A8
:10988000FAF75EFD002ECCBF0122FF2250438AF87A
:10989000020047B1FAF754FD002FCCBF0122FF228E
:1098A00050438AF803009AF9021000293FF475AE7C
:1098B0009AF9030000283FF470AEB5225143091213
:1098C00002FB00F208BF0121121208BF01228AF830
:1098D00002108AF8032060E600238DF8193009236E
:1098E0008DF81A3027E09DF81930022B00F04782DE
:1098F000032B0DD0012B35D1F9F73CFE030E8DF86B
:109900001A30030C8DF81B3040BAADF81C0012E081
:1099100006AB2846042250F8041B19714FEA114C7B
:10992000033283F802C0162A4FEA112C83F803C0D1
:1099300003F10303EFD1202E7FF471ACD7F8283266
:1099400052485B68324606A9984768E49DF819308A
:10995000022B07D1DDF81A1009BAC9B22620FAF78E
:10996000B9FAE8E7FF238DF81830E4E79DF81B20EB
:109970009DF81A109DF81900F9F7B0FEC4E79DF89C
:109980001C309DF81D109DF819209DF81B0041EA20
:1099900003219DF81A3003EB03135B004FF0CC0852
:1099A00018FB023808EB400808F127000FFA81F98C
:1099B00080B2090AFAF78EFA08F128005FFA89F1F5
:1099C00080B2CCE7FAF7DCFAB5E79DF81930092B3D
:1099D0000AD00A2B10D09DF81930803B032BAAD84F
:1099E000DFE803F0192230709DF81A005523B0FB10
:1099F000F3F0F9F779FFEEE7254B9DF81A201B7875
:109A000022B99907E7D5FBF771FFE4E79A07E2D49B
:109A1000FBF79AFFDFE71F489DF81A20817840780E
:109A20000023FBF7BDFF86E79DF81A000021FCF735
:109A300065FF9DF81A3013B9FCF7A6F87BE7FCF731
:109A4000A7FF78E7134B9DF81A101971124B1B787A
:109A5000DB077FF570AF1148FBF7FEFB6BE700BF3C
:109A60004EAD000816A2000871A9000875AD0008E7
:109A70000BAC000867B000086AB000086AB00008C4
:109A800064B000086DB00008300F0020A00E002068
:109A9000D61C002020210020C41E00208FAD00080D
:109AA000D93D0008913A0008D93A00089D3B0008CA
:109AB00069510008313C0008CD3C0008393D0008E0
:109AC00053310008B64A9DF81B10D2789DF81A0051
:109AD0000023A6E79DF81930092B09D00A2B10D0D6
:109AE000803B032B3FF627AFDFE803F010131B1E6C
:109AF000AC4B1B78C3F3C40303EB830303EB0313E7
:109B0000EEE6A84B1B78C3F34003E9E6A44BDB78F1
:109B1000E6E6A34B1A7812F001033FF4E1AE5308D6
:109B2000DEE69F4B1B79DBE69D4B5A789B788DF8E0
:109B30001A208DF81B30FEE69A4B1878FAF754FA83
:109B4000974B1868FAF793FAF5E610238DF8193059
:109B5000F1E600238DF81930A923C1E69DF81920FC
:109B60009DF81A309DF81B8043EA022303F2573216
:109B7000C3F57C4306A9A9334FF00009D01880B281
:109B80004045BFF4D8AEA2F25730A82806DC1046F4
:109B9000F9F7F4FA087101320131EFE781F8049026
:109BA000F9E79DF819309DF81A809DF81BA048EA46
:109BB00003284FF000091FFA89F35345BFF4BBAEE9
:109BC000B8F1A80F07DC06AB4B4408F257301979FF
:109BD00080B2FAF77FF909F1010908F10108EAE713
:109BE000FAF7C2F9A7E60423B0E79DF819209DF81B
:109BF0001A309DF81B8043EA022303F12702C3F5C4
:109C00007F4306A9D9334FF00009D01880B28045B0
:109C10007FF691AEA2F12700B0F54C7F06DA104630
:109C2000F9F7ACFA087101320131EEE781F80490DE
:109C3000F9E79DF819309DF81A809DF81BA048EAB5
:109C400003284FF000091FFA89F39A457FF673AE97
:109C5000B8F54C7F07DA06AB4B4408F127001979B9
:109C600080B2FAF737F909F1010908F10108EAE7CA
:109C70004D4E3378052B0BD14C4F3B6C43F010030A
:109C80003B64C820FBF74EF93B6C23F010033B64A8
:109C9000202383F311883378012B18D0444B4FF4E1
:109CA0008062C3F888204FF40061002283F84A23C1
:109CB000C3F8881083F84B233C4B03221A64D8F86E
:109CC0001C3023F40003C8F81C30D8F81C30DFF82F
:109CD000EC900027012377603370BA4659F8043BB3
:109CE0007BB1586920B16FF001010C30F8F798FE94
:109CF00059F8043C986920B16FF001010C30F8F775
:109D00008FFE0137082F49F804ACE7D1294B1A68B8
:109D10009B6992689B689A4201D9FEF79BFC0027D9
:109D200087F3118801224FF480514FF09040F8F7EB
:109D30000BFC4FF090434FF480525A83202383F35F
:109D400011881D4B73603378012BC6E90377C6E990
:109D50000577C6E90777C6E9097701D1F8F76CFB03
:109D600002233370002383F3118840F202724FF410
:109D700080514FF09040F8F7E7FBFFF709BB262032
:109D8000F9F7FCF90023ADF81A308DF81C308DF886
:109D90001D00D0E5B0F5967F3FF613AC41E400BF5F
:109DA00020210020D61C0020E8180020005C004084
:109DB00000E100E0DC1C0020C8B90008F418002015
:109DC000404A08B552F8041C3F4B99420DD100237C
:109DD00042F8043C83F314883C4B1B6883F30888E7
:109DE00062B63B4B1B689847FEE73A4A3A49936A8A
:109DF00043F4FC039362936A23F4FC039362936A33
:109E0000536943F4FC0353614FF090405369F8F7F2
:109E100073FA32493248F8F76FFA32493248F8F7A4
:109E20006BFA32493248F8F767FA32493248F8F7A4
:109E300063FA32493248F8F75FFA136843F00103D6
:109E4000136013461A689207FCD55A6822F0030281
:109E50005A605A6812F00C02FBD1196801F0F9013E
:109E600019605A601A6842F480321A601A689003C6
:109E7000FCD55A6A42F001025A625A6A9107FCD52F
:109E8000204A5A604FF40452DA6230221A631A6888
:109E900042F080721A601A689201FCD51A4A1221A7
:109EA0001160116801F007010229FAD15A6842F0E5
:109EB00002025A605A6802F00C02082AFAD11A6BA0
:109EC0001A6308BD00A00020EFBEADDE00D8FF1F62
:109ED00004D8FF1F00100240E0B30008FCB30008E4
:109EE0000004004818B400080008004834B4000812
:109EF000000C004850B40008001000486CB4000882
:0C9F00000014004800241D000020024056
:049F0C00F8B500BFE5
:049F1000F8B500BFE1
:109F14000020202020202020202028282828282035
:109F2400202020202020202020202020202020202D
:109F34002088101010101010101010101010101095
:109F44001004040404040404040404101010101085
:109F5400101041414141414101010101010101014F
:109F640001010101010101010101010110101010A1
:109F74001010424242424242020202020202020221
:109F84000202020202020202020202021010101075
:109F9400200000000000000000000000000000009D
:109FA40000000000000000000000000000000000AD
:109FB400000000000000000000000000000000009D
:109FC400000000000000000000000000000000008D
:109FD400000000000000000000000000000000007D
:109FE400000000000000000000000000000000006D
:109FF400000000000000000000000000000000005D
:10A00400000000000000000000000000000000004C
:10A0140000000000040C002000000000000000000C
:10A02400000000000000000000000000000000002C
:10A03400000000000000000000000000000000001C
:10A04400000000000000000000000000000000000C
:10A0540000000000000000000000000000000000FC
:10A0640000000000000000000000000000000000EC
:10A074000000000000000000737461636B206F76C1
:10A084006572666C6F770064656C5F6B65795F629F
:10A0940069743A2063616E27742064656C3A2025E4
:10A0A4003032580A006164645F6B65795F62697479
:10A0B4003A2063616E2774206164643A202530324B
:10A0C400580A006B6579626F6172645F7265706FC4
:10A0D40072743A20002530325820004F6E65736840
:10A0E4006F743A206163746976653A2025640A00C6
:10A0F4006261636B6C69676874206272656174681D
:10A10400696E672064697361626C650A00626163E9
:10A114006B6C6967687420627265617468696E67E4
:10A1240020656E61626C650A007267626C696768BB
:10A13400742074696D65722064697361626C652E44
:10A144000A007267626C69676874207261696E6282
:10A154006F7720736574206873763A2025642C2504
:10A16400642C25642C25750A007267626C69676823
:10A17400742073657420687376205B454550524F94
:10A184004D5D3A2025752C25752C25750A007267BE
:10A19400626C696768742073657420687376205BE9
:10A1A4004E4F454550524F4D5D3A2025752C25752F
:10A1B4002C25750A007267626C696768742064698B
:10A1C4007361626C65205B4E4F454550524F4D5D47
:10A1D4003A207267626C696768745F636F6E666960
:10A1E400672E656E61626C65203D2025750A006DE1
:10A1F4006F7573656B6579205B62746E7C7820790A
:10A20400207620685D287265702F61636C293A207E
:10A214005B0025303258007C002564005D28002551
:10A2240075002F004C25640A000A092D204D6F7516
:10A2340073656B6579202D0A4553432F713A097173
:10A244007569740A313A0964656C6179282A313078
:10A254006D73290A323A09696E74657276616C28E5
:10A264006D73290A333A096D61785F7370656564AB
:10A274000A343A0974696D655F746F5F6D61780AB9
:10A28400353A09776865656C5F6D61785F737065F1
:10A2940065640A363A09776865656C5F74696D654B
:10A2A4005F746F5F6D61780A0A703A097072696E43
:10A2B400742076616C7565730A643A097365742059
:10A2C40064656661756C74730A75703A092B310A9A
:10A2D400646F776E3A092D310A706775703A092BED
:10A2E40031300A7067646F776E3A092D31300A0A8B
:10A2F4007370656564203D2064656C7461202A2058
:10A304006D61785F7370656564202A2028726570BA
:10A31400656174202F2074696D655F746F5F6D6172
:10A3240078290A0077686572652064656C74613AFF
:10A3340020637572736F723D25642C2077686565A0
:10A344006C3D25640A53656520687474703A2F2F38
:10A35400656E2E77696B6970656469612E6F7267CB
:10A364002F77696B692F4D6F7573655F6B657973B3
:10A374000A006D6B5F64656C6179203D2025640A79
:10A38400006D6B5F696E74657276616C203D20258B
:10A39400640A006D6B5F6D61785F7370656564203E
:10A3A4003D2025640A006D6B5F74696D655F746F91
:10A3B4005F6D6178203D2025640A006D6B5F7768CE
:10A3C40065656C5F6D61785F7370656564203D20C1
:10A3D40025640A006D6B5F776865656C5F74696DF1
:10A3E400655F746F5F6D6178203D2025640A0065A8
:10A3F40065636F6E6669673A0A0064656661756CC9
:10A40400745F6C617965723A200064656275675F98
:10A41400636F6E6669672E7261773A20002E656EEF
:10A4240061626C653A20002E6D61747269783A201D
:10A43400002E6B6579626F6172643A20002E6D6F35
:10A444007573653A20006B65796D61705F636F6E3B
:10A454006669672E7261773A20002E737761705FA8
:10A46400636F6E74726F6C5F636170736C6F636B38
:10A474003A20002E636170736C6F636B5F746F5F5F
:10A48400636F6E74726F6C3A20002E737761705F25
:10A494006C63746C5F6C6775693A20002E73776126
:10A4A400705F7263746C5F726775693A20002E7313
:10A4B4007761705F6C616C745F6C6775693A2000DA
:10A4C4002E737761705F72616C745F726775693A3D
:10A4D40020002E6E6F5F6775693A20002E737761D6
:10A4E400705F67726176655F6573633A20002E73EF
:10A4F4007761705F6261636B736C6173685F6261E3
:10A50400636B73706163653A20002E6E6B726F3AF1
:10A5140020006261636B6C696768745F636F6E6669
:10A5240069672E7261773A20002E6C6576656C3A05
:10A534002000436C656172696E6720454550524F37
:10A544004D0A000A092D204D61676963202D0A44D4
:10A554003A094465627567204D65737361676520C8
:10A56400546F67676C650A583A094D61747269786B
:10A57400204465627567204D6F646520546F67677A
:10A584006C65202D2053686F77206B657970726538
:10A594007373657320696E206D61747269782067C6
:10A5A4007269640A4B3A094B6579626F617264207F
:10A5B400446562756720546F67676C65202D20536E
:10A5C400686F77206B65797072657373207265703C
:10A5D4006F72740A4D3A094465627567204D6F7550
:10A5E400736520546F67676C650A563A095665723D
:10A5F40073696F6E0A533A095374617475730A432D
:10A604003A09416374697661746520436F6E736FB0
:10A614006C65204D6F64650A46312D4631303A0928
:10A6240053776974636820746F204C617965722074
:10A63400302D392028463130203D204C30290A3035
:10A644002D393A0953776974636820746F204C611B
:10A6540079657220302D390A47524156453A0953DB
:10A66400776974636820746F204C61796572203057
:10A674002028616C7465726E617465290A423A0916
:10A684004A756D7020746F20426F6F746C6F6164D3
:10A6940065720A4553433A094A756D7020746F20F8
:10A6A400426F6F746C6F616465722028616C7465AD
:10A6B400726E617465290A453A095072696E742094
:10A6C400454550524F4D2053657474696E67730A43
:10A6D4004253504143453A09436C656172204545F4
:10A6E40050524F4D0A4E3A094E4B524F20546F6709
:10A6F400676C650A000A092D20436F6E736F6C65E1
:10A70400202D0A4553432F713A09717569740A6DF6
:10A714003A096D6F7573656B65790A00433E2000D5
:10A724000A0A4A756D70696E6720746F20626F6FD4
:10A73400746C6F616465722E2E2E20000A6465624B
:10A7440075673A206F6E0A000A64656275673A207D
:10A754006F66660A000A6D61747269783A206F6EDA
:10A764000A000A6D61747269783A206F66660A009D
:10A774000A6B6579626F6172643A206F6E0A000A2F
:10A784006B6579626F6172643A206F66660A000ACB
:10A794006D6F7573653A206F6E0A000A6D6F75737D
:10A7A400653A206F66660A000A092D2056657273A1
:10A7B400696F6E202D0A005649443A20307834449B
:10A7C4003443284D6563686C6F76696E2E537475D7
:10A7D40064696F29205049443A2030783837303141
:10A7E40028496E66696E69747920383720726576F7
:10A7F4003129205645523A203078303030310A0021
:10A804004255494C443A2020284A756C2031332063
:10A8140032303231290A0043484942494F533A20E1
:10A8240022627265616B696E675F323032315F71CB
:10A8340031222C20434F4E545249423A2022627214
:10A8440065616B696E675F323032315F7131220A44
:10A85400004F5054494F4E533A204D4F5553454B9A
:10A8640045592045585452414B455920434F4E5366
:10A874004F4C4520434F4D4D414E44204E4B524F7B
:10A88400204C544F20424F4F544C4F414445525F4B
:10A8940053495A450A004743433A20392E322E3150
:10A8A4000A000A092D20537461747573202D0A005F
:10A8B400686F73745F6B6579626F6172645F6C65F6
:10A8C400647328293A2025580A006B6579626F6100
:10A8D40072645F70726F746F636F6C3A2025580AEC
:10A8E400006B6579626F6172645F69646C653A20BC
:10A8F40025580A006B65796D61705F636F6E6669D8
:10A90400672E6E6B726F3A2025580A0074696D6564
:10A91400725F72656164333228293A202530346CC1
:10A92400580A004E4B524F3A206F6E0A004E4B525B
:10A934004F3A206F66660A003F004D3E20000A0928
:10A944002D2056616C756573202D0A00313A206400
:10A95400656C6179282A31306D73293A2000323AC6
:10A9640020696E74657276616C286D73293A2000D3
:10A97400333A206D61785F73706565643A20003402
:10A984003A2074696D655F746F5F6D61783A200079
:10A99400353A20776865656C5F6D61785F737065C3
:10A9A40065643A2000363A20776865656C5F74699F
:10A9B4006D655F746F5F6D61783A20007365742014
:10A9C40064656661756C740A004D25643E20004D13
:10A9D4003E007267626C696768742074696D6572A1
:10A9E40020656E61626C65642E0A007267626C6930
:10A9F400676874206D6F6465205B454550524F4D08
:10AA04005D3A2025750A007267626C696768742074
:10AA14006D6F6465205B4E4F454550524F4D5D3A16
:10AA24002025750A007267626C6967687420656E18
:10AA340061626C65205B4E4F454550524F4D5D3A07
:10AA4400207267626C696768745F636F6E666967BA
:10AA54002E656E61626C65203D2025750A00626179
:10AA6400636B6C69676874206465637265617365A0
:10AA74003A2025750A006261636B6C69676874200B
:10AA8400696E6372656173653A2025750A006261B7
:10AA9400636B6C6967687420746F67676C653A20D0
:10AAA40025750A006261636B6C6967687420646968
:10AAB4007361626C650A006261636B6C69676874D8
:10AAC40020656E61626C650A006261636B6C696724
:10AAD400687420737465703A2025750A0062616396
:10AAE4006B6C6967687420627265617468696E670B
:10AAF40020746F67676C653A2025750A0072676277
:10AB04006C6967687420746F67676C65205B454582
:10AB140050524F4D5D3A207267626C696768745F8A
:10AB2400636F6E6669672E656E61626C65203D2099
:10AB340025750A007267626C6967687420646973BA
:10AB440061626C65205B454550524F4D5D3A207201
:10AB540067626C696768745F636F6E6669672E65A8
:10AB64006E61626C65203D2025750A007267626C17
:10AB74006967687420656E61626C65205B45455049
:10AB8400524F4D5D3A207267626C696768745F6307
:10AB94006F6E6669672E656E61626C65203D202567
:10ABA400750A0044454255473A20656E61626C65FA
:10ABB400642E0A0044454255473A20646973616231
:10ABC4006C65642E0A0069646C6500555342206309
:10ABD4006F6E666967757265642E0A007267626CCF
:10ABE400696768745F696E69742063616C6C65641D
:10ABF4002E0A007267626C696768745F696E6974B3
:10AC0400207374617274210A007267626C696768E8
:10AC1400745F696E6974206565636F6E6669672029
:10AC24006973206E6F7420656E61626C65642E0AB0
:10AC3400007267626C696768745F696E6974207218
:10AC440067626C696768745F636F6E6669672E6DAF
:10AC54006F6465203D20302E20577269746520642E
:10AC6400656661756C742076616C75657320746FAC
:10AC740020454550524F4D2E0A007267626C696739
:10AC840068745F636F6E66696720454550524F4D27
:10AC94003A0A007267626C696768745F636F6E6614
:10ACA40069672E656E61626C65203D2025640A002B
:10ACB4007267686C696768745F636F6E6669672E34
:10ACC4006D6F6465203D2025640A007267626C69BB
:10ACD4006768745F636F6E6669672E687565203D8B
:10ACE4002025640A007267626C696768745F636F29
:10ACF4006E6669672E736174203D2025640A0072B4
:10AD040067626C696768745F636F6E6669672E76E5
:10AD1400616C203D2025640A007267626C69676873
:10AD2400745F636F6E6669672E7370656564203D3A
:10AD34002025640A004B6579626F61726420737424
:10AD44006172742E0A005B735D000A722F632030F7
:10AD5400313233343536373839414243444546304D
:10AD64003132333435363738394142434445460A63
:10AD740000253033326C62006B6579626F617264F6
:10AD84005F7365745F6C65643A20007267626C6916
:10AD940067687420736574207370656564205B4E06
:10ADA4004F454550524F4D5D3A2025750A0000012C
:10ADB4000101010101010101020202020202020277
:10ADC4000203030303030303030404040404040449
:10ADD400050505050506060606060707070707080D
:10ADE400080808090909090A0A0A0B0B0B0C0C0CC0
:10ADF4000D0D0D0E0E0E0F0F0F101011111112125A
:10AE040013131414151516161717181819191A1AD6
:10AE14001B1B1C1D1D1E1E1F202021222223242437
:10AE2400252626272829292A2B2C2D2D2E2F303173
:10AE34003232333435363738393A3B3C3D3E3F4085
:10AE44004142434445464748494A4C4D4E4F505170
:10AE54005354555658595A5B5D5E5F61626465662A
:10AE640068696B6C6D6F7072737577787A7B7D7EB1
:10AE74008082838587888A8C8E8F91939596989A01
:10AE84009C9EA0A2A3A5A7A9ABADAFB1B3B5B7BA19
:10AE9400BCBEC0C2C4C6C9CBCDCFD1D4D6D8DBDDED
:10AEA400DFE2E4E7E9EBEEF0F3F5F8FAFDFF00008A
:10AEB4000FB0000813B0000837B0000804222200C5
:10AEC40032AF00084BAF00086BAF000884AF000836
:10AED400CFAF000870B0000892B000089BAF000824
:10AEE400E200E900EA00B500B600B700CD00830136
:10AEF400CC008A019201940121022302240225023A
:10AF0400260227022A02B300B4006F007000402218
:10AF1400B6220102030405060708090009027B00A2
:10AF2400040100A0FA090400000103010100092141
:10AF3400110100012240000705810308000A0904E9
:10AF44000100020300000009211101000122220076
:10AF540007058203200001070503032000010904FB
:10AF64000200010300000009211101000122B600C2
:10AF74000705840320000A090403000203000000FB
:10AF84000921110100012222000705850320000187
:10AF9400070506032000010631FF0974A1010975A4
:10AFA400150026FF009520750881020976150026F4
:10AFB400FF00952075089102C012011001000000E5
:10AFC400404C4D018701000102000105010906A161
:10AFD40001050719E029E715002501950875018188
:10AFE400029501750881010507190029FF1500263E
:10AFF400FF009506750881000508190129059505C6
:10B0040075019102950175039101C004030904229D
:10B01400034D006500630068006C006F00760069F2
:10B02400006E002E00530074007500640069006F08
:10B03400000000220349006E00660069006E00698A
:10B044000074007900200038003700200072006589
:10B05400007600310000001E140A05FFAA7F554047
:10B064007F3F1F783C1E6432141E0F050660FF09E3
:10B0740061A1010962150026FF009520750881026F
:10B084000963150026FF00952075089102C005018B
:10B094000902A10185020901A10005091901290874
:10B0A4001500250195087501810205010930093152
:10B0B4001581257F95027508810609381581257F3C
:10B0C400950175088106050C0A38021581257F95BE
:10B0D4000175088106C0C005010980A10185031915
:10B0E400012AB700150126B700950175108100C02B
:10B0F400050C0901A101850419012AA002150126E4
:10B10400A002950175108100C005010906A1018501
:10B1140005050719E029E715002501950875018142
:10B12400020507190029EF1500250195F075018125
:10B134000205081901290595057501910295017506
:10B14400039101C000000240080002400100000019
:10B154000000000B000002401C000240020000003E
:10B164000004010C00000240300002400400000012
:10B174000008020D000002404400024008000000E4
:10B18400000C030E000002405800024010000000B2
:10B194000010040F000002406C0002402000000078
:10B1A400001405100000024080000240400000002E
:10B1B4000018061100040240080402408000000048
:10B1C40000000738000402401C0402400001000093
:10B1D4000004083900040240300402400002000068
:10B1E4000008093A0004024044040240000400003C
:10B1F400000C0A3B0004024058040240000800000E
:10B2040000100B3C000000000000000000000000E3
:10B2140000000000000000000000000000002A2BD5
:10B2240028000000000000000000000000000000F2
:10B234000029000000002C1E34202122243426275B
:10B24400252E362D3738271E1F202122232425267C
:10B254003333362E37381F0405060708090A0B0C4A
:10B264000D0E0F101112131415161718191A1B1C92
:10B274001D2F3130232D350405060708090A0B0C50
:10B284000D0E0F101112131415161718191A1B1C72
:10B294001D2F3130354C000000007E0F00D4FFFF1D
:10B2A400FFC700000078000000000000000000005C
:10B2B4000001010203040506080A0C0F1114181CEE
:10B2C4002024292E33393F464C535B626A717981BD
:10B2D4008A929AA2AAB2B9C1C8CFD5DCE1E7EBF051
:10B2E400F4F7FAFCFDFEFFFEFDFCFAF7F4F0EBE7E1
:10B2F400E1DCD5CFC8C1B9B2AAA29A928A81797188
:10B304006A625B534C463F39332E2924201C18149F
:10B31400110F0C0A080605040302010100000000D5
:10B324000000000000006D61696E001642300404E4
:10B3340044080C1014181C20212200000D08004899
:10B3440009040048040400480704004808040048AD
:10B3540005040048060400480900004805000048A8
:10B3640006000048070000480104004802040048A1
:10B374000A040048030400480E0400480F0400486F
:10B384000074004000000000000000000000FFFF07
:10B3940009000000BE2000000A0000000074004004
:10B3A4000300000010000000FFFF00000A0000007E
:10B3B400BE2000000A00000000000000352A00083A
:10B3C40091270008A5260008400040005C1F0020CB
:10B3D4005C1F002001000000701F002000A8802ACC
:10B3E4000000000000FCC03C54111564FFFF000085
:10B3F4000000505500E00E0080A00000C0000000D6
:10B40400C0F0000015055555FFFF00000000004482
:10B4140000000000000A000000000000000000F02E
:10B4240055555505FFFF000000007700000000009F
:10B4340000000000000000000000000055555555B4
:10B44400FFFF000000000000000000004000555510
:10B4540000000000C000FFFF15551501FF000000AB
:10B4640000000000000000000000000000000000D8
:10B474000F00000050555555FFFF0000000000006C
:10B4840000000000010000000300000000000000B4
:10B49400B92F00080000000008000000901F0020E1
:10B4A40000000000020000000000000029003A0033
:10B4B4003B003C003D003E003F0040004100420094
:10B4C4004300440045004C00460047004800350056
:10B4D4001E001F002000210022002300240025005C
:10B4E400260027002D002E002A0049004A004B00A8
:10B4F4002B0014001A000800150017001C00180087
:10B504000C00120013002F00300031004C004D00DD
:10B514004E00390004001600070009000A000B0061
:10B524000D000E000F00330034002002280000003C
:10B5340000000000E10031001D001B00060019009E
:10B54400050011001000360037003800E100E1006A
:10B55400000052000000E000E300E20000000000F0
:10B5640000002C00000000000000E200E300015194
:10B57400E000500051004F000100010001000100F3
:10B5840001000100010001000100010001000100AF
:10B59400010001000100010001000100010001009F
:10B5A400010001000100010001000100010001008F
:10B5B400010001000100010001000100010001007F
:10B5C400010001000100010001000100010001006F
:10B5D400010001000100010001000100010001005F
:10B5E400010001000100010001000100010001004F
:10B5F4000100010001000100010000000000000042
:10B60400010001000100010001000100010001002E
:10B61400010001000100010001000100000001001F
:10B624000000010001000100000000000000010012
:10B634000000000000000100010001000100010001
:10B6440001000100010001000100010001000100EE
:10B6540001000100010001000100010001000100DE
:10B6640001000100010001000100010001000100CE
:10B6740001000100010001000100010001000100BE
:10B6840001000100010001000100010001000100AE
:10B69400010001000100010001000100010001009E
:10B6A400010001000100010001000100010001008E
:10B6B400010001000100010001000100010001007E
:10B6C4000100010001000000000000000100010071
:10B6D400010001000100010001000100010001005E
:10B6E4000100010001000100000001000000010050
:10B6F4000100010000000000000001000000000043
:10B70400000001000100010001000100010001002E
:10B71400010001000100010001000100010001001D
:10B72400010001000100010001000100010001000D
:10B7340001000100010001000100010001000100FD
:10B7440001000100010001000100010001000100ED
:10B7540001000100010001000100010001000100DD
:10B7640001000100010001000100010001000100CD
:10B7740001000100010001000100010001000100BD
:10B7840001000100010001000100010001000100AD
:10B7940001000000000000000100010001000100A0
:10B7A400010001000100010001000100010001008D
:10B7B400010001000000010000000100010001007F
:10B7C4000000000000000100000000000000010073
:10B7D400010001000100010001000100000102025A
:10B7E40002020606060909090909090F0F0F0F0FBE
:10B7F4000F151515181919191919191919191923C2
:10B8040024252525252525005CBE0008D8210020F7
:10B81400D8210020D82100205CBE000800000000D0
:10B8240000000000000000005CBE000800000000F2
:10B8340000000000000000005CBE000800000000E2
:10B8440000000000000000005CBE000800000010C2
:10B8540000000010000000105CBE000800000000A2
:10B8640000000000000000005CBE000800000000B2
:10B8740000000000000000005CBE000800000000A2
:10B8840000000000000000002223252628292A2C7D
:10B894002D2F3032333536383A3B3D3E4042434516
:10B8A40047494A4C4E5051535557595A5C5E606251
:10B8B400646668696B6D6F71737577797B7D7F8161
:10B8C400838587898A8C8E90929496989A9C9E9F61
:10B8D400A1A3A5A7A8AAACAEAFB1B3B4B6B8B9BB7F
:10B8E400BCBEBFC1C2C3C5C6C7C9CACBCCCDCED0EE
:10B8F400D1D2D2D3D4D5D6D7D7D8D9D9DADADBDBDB
:10B90400DBDCDCDCDCDCDDDDDDDDDCDCDCDCDCDB71
:10B91400DBDBDADAD9D9D8D7D7D6D5D4D3D2D2D1BA
:10B92400D0CECDCCCBCAC9C7C6C5C3C2C1BFBEBCAD
:10B93400BBB9B8B6B4B3B1AFAEACAAA8A7A5A3A11E
:10B944009F9E9C9A98969492908E8C8A89878583E0
:10B95400817F7D7B79777573716F6D6B69686664C0
:10B9640062605E5C5A5957555351504E4C4A494790
:10B97400454342403E3D3B3A3836353332302F2D35
:10B984002C2A2928262523220A0000480D040048D1
:10B994000C0400480B0400480E0800480F08004837
:10B9A4000300000000000000313200080000000025
:10B9B40020000000302100200000000002000000F0
:10B9C4000000000011490008A5340008C132000835
:10B9D400294B0008000000008F4D0008D14E0008DC
:10B9E400DF4D00081B4F0008D94D0008154F000813
:10B9F400894D0008CB4E0008000000000000000044
:10BA04005245454E54206D616C6C6F6320737563B1
:10BA140063656564656400002E2E2F2E2E2F2E2E56
:10BA24002F2E2E2F2E2E2F2E2E2F2E2E2F2E2E2F2C
:10BA34006E65776C69622F6C6962632F7374646CD2
:10BA440069622F72616E642E630000002C2066759B
:10BA54006E6374696F6E3A20000000006173736551
:10BA64007274696F6E2022257322206661696C6589
:10BA7400643A2066696C6520222573222C206C6947
:10BA84006E65202564257325730A0000232D302B51
:10BA940020000000686C4C0065666745464700005E
:10BAA40030313233343536373839414243444546F0
:10BAB40000000000303132333435363738396162B2
:08BAC4006364656600000000E8
:08BACC002863FF7F0100000068
:10BAD400040C0020000000005CA000083CA000084A
:10BAE4001CA000080000000000000000000000008E
:10BAF4000000000000000000000000000000000042
:10BB04000000000000000000000000000000000031
:10BB14000000000000000000000000000000000021
:10BB24000000000000000000000000000000000011
:10BB34000000000035320008BD50000865500008C0
:10BB4400FD310008C93100080400000004000000B1
:10BB540000000000000000000000000000000000E1
:10BB640000000000000000000000000000000000D1
:10BB740000000000000000000000000000000000C1
:10BB840000000000000000000000000003000000AE
:10BB940000000000BD2F000800000000200000008D
:10BBA400000000000000000002000000000000008F
:10BBB400030000000000000000000000E330000863
:10BBC400000020000000000000000000020000004F
:10BBD400000000000300000000000000BB2F00086C
:10BBE4000000000008000000000000000000000049
:10BBF4000200000000000000E81800200506000014
:10BC040004000000040000002000000020000000E8
:10BC14000100000090190020201A002000000000FC
:10BC24000000000000000000000000000000000010
:10BC34000000000000000000000000000000000000
:10BC440000000000000000000000000000000000F0
:10BC540000000000000000000000000000000000E0
:10BC640000000000000000000000000000000000D0
:10BC740000000000000000000000000000000000C0
:10BC840000000000000000000000000000000000B0
:10BC9400000000000000000000000000040000009C
:10BCA400040000000000000000000000000000008C
:10BCB4000000000000000000000000000000000080
:10BCC4000000000000000000000000000000000070
:10BCD4000000000000000000000000000000000060
:10BCE4000300000000000000BD2F00080000000059
:10BCF400200000000000000000000000020000001E
:10BD0400000000000300000000000000000000002C
:10BD1400E3300008000020000000000000000000E4
:10BD2400020000000000000003000000000000000A
:10BD3400BB2F000800000000080000000000000005
:10BD4400000000000200000000000000E8180020CD
:10BD540002030000040000000400000020000000B2
:10BD64002000000000000000B01A0020401B00204A
:10BD740000000000000000000000000000000000BF
:10BD840000000000000000000000000000000000AF
:10BD9400000000000000000000000000000000009F
:10BDA400000000000000000000000000000000008F
:10BDB400000000000000000000000000000000007F
:10BDC400000000000000000000000000000000006F
:10BDD400000000000000000000000000000000005F
:10BDE400000000000000000000000000000000004F
:10BDF400313500080201010001009600000000082E
:10BE04001E320A1408280000FFFF00000001000091
:10BE1400000000000000000000000000000000001E
:10BE2400000000000000000000000000000000000E
:10BE340000000000000000000000000000000000FE
:10BE440000000000000000000000000001191A1B9F
:08BE54001C1D1E1F202122000D
:040000050800035993
:00000001FF
