:020000040800F2
:1000000000040020590300085B0300085B0300089C
:100010005B0300085B0300085B0300085B03000848
:100020005B0300085B0300085B0300087987000896
:100030005B0300085B0300085B0300085B03000828
:100040005B0300085B0300085B0300085B03000818
:100050005B0300085B0300085B0300085B03000808
:100060005B0300085B0300085B030008719600084F
:100070008596000899960008AD960008C19600087C
:10008000D5960008E99600085B0300085B030008AA
:100090005B0300085B0300085B0300085B030008C8
:1000A0008193000885930008899300088D930008C8
:1000B000B19C00085B030008F99D0008A5980008A2
:1000C000AD9900085B0300085B0300085B030008B0
:1000D0005B0300085B0300085B0300085B03000888
:1000E0005B0300085B0300085B0300085B03000878
:1000F0006D9D00085B0300085B0300085B030008BC
:100100005B0300085B0300085B0300085B03000857
:100110005B0300085B030008459D0008599D00082B
:10012000FD960008119700082597000839970008E8
:100130004D9700085B0300085B0300085B030008A1
:100140005B0300085B0300085B0300085B03000817
:100150005B0300085B0300085B0300085B03000807
:100160005B0300085B0300085B030008459E000872
:100170005B0300085B0300085B0300085B030008E7
:100180005B0300085B0300085B0300085B030008D7
:100190005B0300085B0300085B0300085B030008C7
:0801A00019020008F10100083A
:1001B0000348044B834202D0034B03B118477047F6
:1001C000500F0020500F0020000000000548064995
:1001D0000B1AD90F01EBA301491002D0034B03B155
:1001E00018477047500F0020500F002000000000FB
:1001F00010B5064C237843B9FFF7DAFF044B13B16F
:100200000448AFF300800123237010BD500F00207D
:1002100000000000DCBE000808B5044B1BB1044917
:100220000448AFF30080BDE80840CFE700000000BD
:10023000540F0020DCBE000872B6394880F30888ED
:10024000384880F3098838484EF60851CEF200014C
:10025000086040F20000CCF200004EF63471CEF29D
:1002600000010860BFF34F8FBFF36F8F40F20000B3
:10027000C0F2F0004EF68851CEF200010860BFF3E4
:100280004F8FBFF36F8F4FF00000E1EE100A4EF674
:100290003C71CEF200010860062080F31488BFF3A1
:1002A0006F8F07F0A7FE07F02BFC4FF055301F496A
:1002B0001B4A91423CBF41F8040BFAE71C49194A1A
:1002C00091423CBF41F8040BFAE71A491A4A1B4B0A
:1002D0009A423EBF51F8040B42F8040BF8E70020A5
:1002E0001749184A91423CBF41F8040BFAE707F05E
:1002F00085FE07F080FE144C144DAC4203DA54F82E
:10030000041B8847F9E707F009FC114C114DAC427A
:1003100003DA54F8041B8847F9E707F06DBE0000C4
:1003200000040020000C0020000000080000002055
:1003300000040020DCBE0008000C0020500F00204C
:10034000500F0020AC210020A0010008A4010008EB
:10035000A4010008A80100086EE700F000F8FEE71D
:100360002DE9F04F2DED108AC1F80CD0C3689D46E1
:10037000BDEC108ABDE8F08F002383F31188284676
:10038000A047002008F0D4F8FEE708F068F800DF86
:10039000FEE7000053B94AB9002908BF00281CBF76
:1003A0004FF0FF314FF0FF3000F06EB9ADF1080CA7
:1003B0006DE904CE00F006F8DDF804E0DDE9022383
:1003C00004B070472DE9F047089D04468C46002B89
:1003D00040F083808A42174647D9B2FA82F242B18E
:1003E000C2F1200024FA00F09140974040EA010C4D
:1003F00094404FEA1748230CBCFBF8F61FFA87FE1F
:1004000008FB16C143EA014306FB0EF1994209D9E4
:10041000FB1806F1FF3080F01981994240F21681F5
:10042000023E3B445B1AA4B2B3FBF8F008FB103366
:1004300044EA034400FB0EFEA64509D93C1900F12D
:10044000FF3380F00581A64540F2028102383C442A
:1004500040EA0640A4EB0E0400261DB1D440002360
:10046000C5E900433146BDE8F08702B9FFDEB2FAC4
:1004700082F2002A50D1CB1B4FEA174E1FFA87F8A1
:100480000126B3FBFEFC210C0EFB1C3341EA0341A9
:1004900008FB0CF38B4207D979180CF1FF3002D21C
:1004A0008B4200F2E9808446C91AA3B2B1FBFEF088
:1004B0000EFB101143EA014408FB00F8A04507D9E0
:1004C0003C1900F1FF3302D2A04500F2D980184652
:1004D000A4EB080440EA0C40BFE78B4209D9002D89
:1004E00000F0B1800026C5E9000130463146BDE884
:1004F000F087B3FA83F6002E4AD18B4202D38242B0
:1005000000F2B880841A61EB030101208C46002DB3
:10051000A8D0C5E9004CA5E7C2F1200320FA03F6F4
:10052000974001FA02F04FEA174ED9403043030CCE
:10053000B1FBFEF61FFA87F80EFB161143EA0143E2
:1005400006FB08F1994204FA02F409D9FB1806F1F6
:10055000FF3C80F08D80994240F28A80023E3B440D
:100560005B1A81B2B3FBFEF00EFB103341EA03418C
:1005700000FB08F38B4207D9791800F1FF3C73D2D6
:100580008B4271D902383944CB1A40EA064678E7E3
:10059000C6F1200C03FA06F422FA0CF31C4320FAED
:1005A0000CF701FA06F34FEA144E21FA0CF11F433F
:1005B0003B0CB1FBFEF91FFA84F80EFB191143EA5C
:1005C000014109FB08FA8A4502FA06F200FA06F32D
:1005D00008D9611809F1FF3048D28A4546D9A9F1F6
:1005E00002092144A1EB0A01BFB2B1FBFEF00EFBF0
:1005F000101147EA014700FB08F8B84507D9E71989
:1006000000F1FF312ED2B8452CD90238274440EAF8
:100610000940A7EB0807A0FB02894F45C64649469B
:100620001AD317D05DB1B3EB0E0267EB010707FADF
:100630000CFCF2404CEA0202F740C5E90027002614
:100640003146BDE8F0872E4628460BE70646E9E628
:100650001846FDE64345E5D2B8EB020E69EB04010E
:100660000138DFE70846D2E760468DE78146B9E703
:10067000664675E730464AE7ACF1020C394413E7A9
:1006800002383C4424E700BF704700BF014B1868A4
:10069000704700BF000C00200000000000000000B8
:1006A00001F0FF01102A2BDB10F0070F08D010F823
:1006B000013B013A8B422DD010F0070F42B3F6D127
:1006C000F0B441EA012141EA014122F007047FF040
:1006D00000070023F0E80256083C85EA010586EA97
:1006E000010685FA47F5A3FA87F586FA47F6A5FAD3
:1006F00087F68EB9EED1F0BC01F0FF0102F00702DF
:1007000032B110F8013B013A83EA010313B1F8D189
:100710000020704701387047002D06BF354603386A
:10072000073815F0010F07D1013015F4807F02BFA3
:10073000013015F4C03F0130F0BC0138704700BFF4
:10074000844641EA000313F003036DD1403A41D3DC
:1007500051F8043B40F8043B51F8043B40F8043B9B
:1007600051F8043B40F8043B51F8043B40F8043B8B
:1007700051F8043B40F8043B51F8043B40F8043B7B
:1007800051F8043B40F8043B51F8043B40F8043B6B
:1007900051F8043B40F8043B51F8043B40F8043B5B
:1007A00051F8043B40F8043B51F8043B40F8043B4B
:1007B00051F8043B40F8043B51F8043B40F8043B3B
:1007C00051F8043B40F8043B51F8043B40F8043B2B
:1007D000403ABDD2303211D351F8043B40F8043BCB
:1007E00051F8043B40F8043B51F8043B40F8043B0B
:1007F00051F8043B40F8043B103AEDD20C3205D3DB
:1008000051F8043B40F8043B043AF9D2043208D0D2
:10081000D2071CBF11F8013B00F8013B01D30B8844
:1008200003806046704700BF082A13D38B078DD022
:1008300010F003038AD0C3F10403D21ADB071CBFF4
:1008400011F8013B00F8013B80D331F8023B20F85E
:10085000023B7BE7043AD9D3013A11F8013B00F897
:10086000013BF9D20B7803704B7843708B7883701F
:1008700060467047F0B4860746D0541E002A3CD02C
:10088000CAB2034602E014F1FF3436D303F8012B59
:100890009D07F8D1032C29D9CDB245EA05250F2CA7
:1008A00045EA054533D9A4F11006360903F12007BE
:1008B00007EB061703F1100242E9045542E902551D
:1008C0001032BA42F8D1721C14F00C0F03EB021272
:1008D00004F00F0613D0331F23F003030433134433
:1008E00042F8045B9342FBD106F003042CB1C9B279
:1008F0001C4403F8011B9C42FBD1F0BC70473446FA
:100900001346002CF3D1F8E714460346C2E71A4613
:100910002646E0E738B5124B1C68A26B05461AB1B3
:100920000023C2E9045338BD182000F0B3F8024692
:10093000A06378B1012000210A4B1360C2E90401D1
:100940000B230948094993810023C2E90101C2E947
:10095000045338BD064B0748422100F055F800BF4C
:10096000000C00200E33CDAB34126DE6ECDE05003A
:100970000CBE000824BE000838B51A4B1C68A26BD8
:1009800092B1146918495369184801FB04F100FB3E
:100990000313A4FB0045611C1D4445F1000323F033
:1009A0000040C2E9041338BD182000F073F8024675
:1009B000A06388B101200021C2E904010A480C4C5F
:1009C0000C4B0D490D4D146053600B24034695608C
:1009D0009481C2E9041338BD094B0A484E2100F046
:1009E00013F800BF000C00202DF451582D7F954CBA
:1009F0000E33CDAB34126DE62E7F954CECDE050048
:100A00000CBE000824BE000800B50A4C2668054646
:100A100085B01C46F06852B1074B0091CDE9013218
:100A200006492B46224600F021F800F071FD044BE8
:100A30001A46F2E7000C002058BE000868BE000805
:100A400064BE000808B513460022FFF7DDFF00BFB3
:100A50000CB400B583B004AB53F8042B019300F041
:100A600027F903B05DF804EB02B070470EB410B57F
:100A700083B005AB064C53F8042B01930146206864
:100A800000F016F903B0BDE8104003B0704700BF96
:100A9000000C0020024B0146186800F061B800BF4E
:100AA000000C0020024B0146186800F003B800BF9C
:100AB000000C002000293CD038B551F8043C0C1F34
:100AC000002BB8BFE418054601F0BEF9234B1A68A5
:100AD0002AB1A2420DD921686018824223D06260F7
:100AE00028461C60BDE8384001F0B0B9A34203D8E5
:100AF0001A465368002BF9D111685018A04219D03A
:100B000024D821686018834206D063605460284668
:100B1000BDE8384001F09AB9D3E9000301446360AD
:100B200021605460F3E7D2E9000201446260216071
:100B3000D6E7704720680144501883421160E6D11F
:100B4000D3E90003014453601160E0E70C232B60FC
:100B50002846BDE8384001F079B900BF6C0F00208D
:100B6000F8B5CD1C25F0030508350C2D38BF0C2534
:100B7000002D064633DBA94231D82A4F01F064F933
:100B80003A6852B113685B1B04D43FE023685B1BD7
:100B900029D522465468002CF8D1796800293BD029
:100BA0002946304609F088FC431C28D0C41C24F098
:100BB0000304A04205D0211A304609F07DFC013023
:100BC0001DD02560304601F041F904F10B0020F002
:100BD0000700231DC21A01D01B1AA350F8BD0C2216
:100BE00032600020F8BD0B2B05D8A242636811D0FB
:100BF0005360E7E7144623601C442560E2E70C23BA
:100C00003046336001F022F90020F8BD0B2BF1D8FB
:100C1000536814463B60D5E7304609F04DFC7860D8
:100C2000BEE700BF6C0F00209368013B002B936070
:100C300011DA10B49469A34209DB0A2907D01368BA
:100C4000581C1060197008465DF8044B70475DF839
:100C5000044B00F07DBB1368581C106019700846E7
:100C6000704700BF9BB1F8B513440F4606465D1EA2
:100C7000541E01E0AC4208D03A4614F8011F304639
:100C8000FFF7D2FF431CF5D1F8BD0020F8BD0020CE
:100C9000704700BF936810B5144613B953601846E7
:100CA00010BD00F01DFE0023C4E9013310BD00BFDC
:100CB0002DE9F04F9FB08B4690461C46039018B12B
:100CC0008369002B00F0B780A24B9B4500F0B980F0
:100CD000A14B9B4500F0C780A04B9B4504BF039BE5
:100CE000D3F80CB0BBF80C30180740F1B280DBF839
:100CF0001030002B00F0AD8030238DF8323098F8A2
:100D000000300594002120220B918DF83120944E63
:100D10000127002B00F08780252B00F01581454628
:100D200003E0252B00F0A38025466B786C1C002B7C
:100D3000F7D1B4EB080A76D0424653465946039899
:100D4000FFF790FF01306ED00B9B6A7853440B93F2
:100D5000002A68D000234FF0FF3201340693CDE91A
:100D600008338DF85B301C93079205E0069A07FA6A
:100D700003F313432C4606932546052215F8011B61
:100D80003046FFF78DFCAA46831B0028EED1069B58
:100D9000D90644BF20228DF85B2021781A0744BF72
:100DA0002B228DF85B202A2966D1059A116804321E
:100DB00000290592C0F29D8009916178A51C2E2919
:100DC00073D0684C03222046FFF76AFC002800F02D
:100DD0008680001B069B402404FA00F00343069320
:100DE00005F10108297860488DF830100622FFF7D8
:100DF00057FC002800F083805C4B002B72D005ABC1
:100E000000935A465A4B039806A9AFF300808146D7
:100E1000B9F1FF3F07D00B9B4B440B9398F8003080
:100E2000002B7FF479AFBBF80C305B0618D40B981D
:100E30001FB0BDE8F08F00F033FD464B9B457FF4BB
:100E400047AF039BD3F804B0BBF80C3018073FF54D
:100E50004EAF5946039800F0DBFA00283FF44CAF40
:100E60004FF0FF30E4E7039BD3F808B03AE7B4EB68
:100E7000080A3FF46FAF5FE7A1F13002092A88BF8B
:100E8000A2469CD8099B01E02C460135297803EB4A
:100E9000830302EB4303A1F13002092AAA46F3D9E6
:100EA0002E2904F1020509938BD19AF801102A2901
:100EB0002FD1059B9AF802101A6807920433002A72
:100EC00005930AF103050AF1020338DB254C0322DE
:100ED00020469A46FFF7E4FB00287FF47AAFA84645
:100EE00055467FE7059B073323F007030833059337
:100EF00091E7494243F00203099106935DE705AB90
:100F000000935A461A4B039806A900F0D5F881467B
:100F10007EE7A1F130020023092A079301D915E0E9
:100F20005546697803EB830302EB4303A1F13002DA
:100F3000092A05F1010AF3D90235079341E74FF079
:100F4000FF329A4607923CE7444603E7AA4601353A
:100F500037E700BF54A6000834A6000814A600080E
:100F600098BE0008A0BE0008A4BE00080000000053
:100F7000650C000810B4044C13460A46014620686C
:100F80005DF8044BFFF794BE000C00202DE9F047FC
:100F90000C4691460A698968DDF820808A42B8BF0C
:100FA0000A46C9F8002094F8431006461F4611B1BE
:100FB0000132C9F80020236899065CD5D9F80020D1
:100FC0000232C9F80020236813F0060F19461DD11C
:100FD000E1688A1A002AD8BF194617DD04F1190AF8
:100FE000002505E0E368D9F800209B1AAB420CDD30
:100FF0000123524639463046C047013005F101050C
:10100000F0D14FF0FF30BDE8F087216894F843300D
:10101000003318BF01238A060AD5E1185A1C302074
:1010200081F84300224494F8451082F843100233BB
:1010300004F1430239463046C0470130E1D023680D
:10104000A268216903F00603042B1DD08A4226DD25
:101050004FF00009521A91441A34002501E04D4521
:101060001DDA0123224639463046C047013005F1DA
:101070000105F4D1C5E713F0060F13D094F84330FF
:10108000003318BF0123D3E7D9F80000E3688A4290
:10109000A3EB000323EAE379DCDC002BDCDC00209B
:1010A000BDE8F087E168D9F800208A1A002AD8BF85
:1010B000194693DCAAE700BF2DE9F0430C46097EF0
:1010C00085B06E29064617460C98984604F1430EE3
:1010D0006DD039D9732900F0F68044D9752900F014
:1010E0000481782940F0118178232268DFF858C202
:1010F00084F845300168150651F8043B016040F161
:10110000A180D10744BF42F020022260002B00F0F2
:1011100093801022002184F843106068A0600028AA
:10112000C0F2C880216821F004012160002B40F04A
:10113000A380002840F0C0807546082A00F0AC80EB
:10114000AEEB0503236141E0632900F0E5801AD886
:10115000002938D0582940F0D88084F845102268FA
:10116000DFF8E8C1C6E76F2900F0BF80702940F0C2
:10117000CC802268DFF8D0C142F0200278232260C0
:1011800084F84530B6E7642902D0692940F0BD8073
:1011900022680368110603F1040557D51968056034
:1011A0000B46002959DBDFF8A4C10A22B5E7036822
:1011B000226861691D1D056015061B6802D4500672
:1011C00000F1BD801960002375462361CDF80080D1
:1011D0003B4603AA21463046FFF7D8FE013020D017
:1011E0002A46236939463046C047013019D0226863
:1011F0000398E368920719D51A1A002A16DD04F13C
:101200001909002504E0E36803981A1AAA420DDDC3
:1012100001234A4639463046C047013005F10105F1
:10122000F1D14FF0FF3005B0BDE8F0839842B8BF70
:10123000184605B0BDE8F083226822F02002226043
:10124000102267E7500648BF9BB25AE75106A5D562
:10125000B3F9003005601946A3E76168A1602D204D
:101260000029C3F1000384F8430002DB22F00402EA
:101270002260DFF8D8C00A22754600E00B46B3FBB7
:10128000F2F102FB113093421CF8000005F8010D49
:10129000F4D2082A7FF454AF2368DB077FF550AF00
:1012A000626823699A423FF74BAF302305F8013C4F
:1012B000013D45E7002BDFD19CF8003084F8423037
:1012C00004F1420539E703686268191D01601D6871
:1012D00000212846FFF7E4F9002832D0401B606067
:1012E0002061002384F8433070E72268036812F01D
:1012F000800F03F104051AD01B6805606F290CBF2D
:1013000008220A22DFF844C004E7012384F84210CF
:10131000236104F14205E4E703681A68191D0123FB
:10132000016004F1420584F842202361D9E712F0FC
:10133000400F0DBF1B6805601B880560DEE7198044
:1013400041E76068CCE700BFC0BE0008ACBE000843
:10135000F8B50D461446064608B1836943B3254BDC
:101360009C422AD0244B9C4229D0244B9C4208BF4B
:10137000F468A389A269A2601A0722D5236903B37E
:1013800022686169D31AEDB299422F4629DD0133F3
:10139000A168501C0139A1602060157062699A42F1
:1013A00016D0A389DB0701D50A2D11D03846F8BD28
:1013B00000F076FA0F4B9C42D4D17468D9E7B46838
:1013C000D7E72146304600F023F838B92369D7E73C
:1013D0002146304600F03AF90028E7D04FF0FF37B9
:1013E000E4E72146304600F031F90028F6D12268C2
:1013F0000123CDE754A6000834A6000814A600086F
:10140000024B0A4601461868FFF7A2BF000C0020F5
:101410003B4B70B51D6806460C460DB1AB69DBB1A0
:10142000384B9C421ED0384B9C424AD0374B9C4292
:1014300008BFEC68B4F90C2093B2190718D52069DD
:1014400008B313F001022CD0636900225B42A36150
:10145000A26060B3002070BD284600F021FA294B3D
:101460009C42E0D16C68B4F90C2093B21907E6D421
:10147000DD063CD5580726D4206942F00803A38135
:101480009BB20028DDD103F42072B2F5007FD8D0E2
:101490003046214600F026FCA389206913F00102A2
:1014A000D2D1990758BF6269A2600028D2D1B4F99D
:1014B0000C301A06CFD543F04003A3814FF0FF3024
:1014C00070BDAC68B6E7616B51B104F14403994259
:1014D00004D03046FFF7EEFAB4F90C200023636322
:1014E00000232069636022F024022060C5E742F0F7
:1014F0004002092333604FF0FF30A28170BD00BF6E
:10150000000C002054A6000834A6000814A6000809
:1015100008B5062000F048FD012008F0F2FF00BFEA
:101520008B891A072DE9F0410C46804641D44A6860
:10153000002A59DDE66A002E53D00022D8F8005068
:10154000216AC8F8002013F4805251D1012340468B
:10155000B047431C5FD0A389E66A216A5F0705D5BF
:101560006268636B801A0BB1236CC01A02460023B9
:101570004046B047461C45D1D8F80030B4F90C209D
:10158000002B55D01D2B01D0162B5AD123690022D8
:10159000C4E90032616BC8F8005011B304F1440390
:1015A000994202D04046FFF785FA00206063BDE80B
:1015B000F0810E69AEB10D680E6099070CBF6369CA
:1015C0000023AD1BA3600AE02B463246A76A216ABE
:1015D0004046B8470028A5EB000506440ADD002D6B
:1015E000F2DC0020BDE8F0810A6C002AA2DCF8E7FA
:1015F000606DB3E7A38943F04003A3814FF0FF3050
:10160000BDE8F0812269A389226000226260DA04C9
:10161000C0D56065BEE7D8F80030002B9BD01D2BED
:101620000CD0162B0AD0A38943F04003A381D9E73D
:101630002169C4E90013D304ACD5EAE7C8F8005027
:10164000CFE742F04002A281CCE700BF0B6923B391
:1016500010B5044682B008B18369BBB1104B994202
:1016600012D0104B994216D00F4B994208BFE16837
:10167000B1F90C302BB1204602B0BDE81040FFF7A5
:101680004FBF002002B010BD6168F1E7019100F08A
:1016900007F90199E2E7A168EAE70020704700BF77
:1016A00054A6000834A6000814A6000820B1054B73
:1016B00001461868FFF7CABF034B0449186800F0D9
:1016C000B9BA00BF000C002010A600084D16000893
:1016D00000207047014900F0ADBA00BF4D16000868
:1016E0000020704770B54A1E682505FB02F50E46BE
:1016F00005F17401FFF734FA044640B100210C30C3
:10170000666005F168022160A060FFF7B3F820462B
:1017100070BD00BF1E4B70B51D68AB69064643B374
:101720004835D5E90134013B05D51EE0013B5A1C83
:1017300004F1680419D0B4F90C20002AF6D1002570
:10174000144B6566C4E90055A560C4E90455A5615C
:101750002946E360082204F15C00FFF78BF8C4E936
:101760000D55C4E91255204670BD2C682CB1254694
:10177000D7E7284600F010F8D2E704213046FFF7FB
:10178000B1FF044628600028F1D10C233360EAE75A
:1017900010A600080100FFFF2DE9F84F334B344934
:1017A0001A68816290424FF00003C0E9123303656A
:1017B00004BF012383610546FFF7ACFF686028463C
:1017C000FFF7A8FFA8602846FFF7A4FF6E68E8604F
:1017D00000240423F3607466C6E90044B460C6E9DB
:1017E0000444B461214606F15C000822FFF742F888
:1017F000DFF888B0AF68DFF888A0DFF88890DFF8FE
:1018000088801C4BC6F83080C6E9086BC6E90AA977
:101810002146FB6008227C66C7E90044BC60C7E93A
:101820000444BC6107F15C00FFF724F8EE68124B3A
:10183000C7F83080C7E9087BC7E90AA92146F360E9
:101840007466C6E90044B460C6E90444B46106F1B4
:101850005C000822FFF70EF80123C6E9086BC6E911
:101860000AA9C6F83080AB61BDE8F88F10A6000861
:10187000D516000809000100120002001920000816
:101880004120000881200008A1200008024B0349E4
:10189000186800F0CFB900BF10A600084D16000868
:1018A000836903B978E77047704700BF704700BF8E
:1018B000704700BF704700BF024B0349186800F033
:1018C00093B900BF000C0020D1160008024B034959
:1018D000186800F089B900BF000C0020E11600086C
:1018E0009368002B00F002812DE9F04FB1F90C3024
:1018F0009BB20C46190783B08246904635D52269C3
:101900009AB313F00202D8F800603DD00027D4F853
:1019100028B0D4F820C0DFF8CC923D464D452B4688
:101920003A4628BF4B4661465046D5B1D8470028B5
:1019300040F3D280D8F808301B1A07442D1AC8F893
:101940000830002B00F0B780D4F820C0D4F828B0BD
:101950004D452B463A4628BF4B4661465046002D22
:10196000E4D1D6E900750836D8E721465046FFF79E
:101970004FFD002840F03081B4F90C30D8F80060F9
:101980009BB213F00202C1D113F0010940F0B08004
:10199000A76820684D46002D54D09A0540F1BC80C0
:1019A000AF42BB4600F2E78013F4906F2FD0D4E92A
:1019B000041707EB4707A0EB010B07EBD777681C71
:1019C0007F105844B8423A4684BF07463A465B0502
:1019D00040F1E98011465046FFF7C2F8002800F0B8
:1019E000F5805A4621690190FEF7AAFEA289019B63
:1019F00022F4906242F08002A281A7EB0B0203EB7B
:101A00000B00676123612060A2602F46AB465A46F7
:101A1000494600F0B1F9A2682368D21B5B442F4607
:101A2000A26023600025D8F80830DB1BB944C8F851
:101A30000830002B3FD0B4F90C30A76820689BB267
:101A4000002DAAD1D6E900950836A4E70BF10803CA
:101A500053E902679B460833002FF9D03A460A2122
:101A60003046FEF71DFE002853D00130A0EB0609DA
:101A70004B46D4E904122068BB4228BF3B4688424B
:101A800003D9A5681544AB4219DC9A427DDC1346A4
:101A9000A56A216A32465046A847051E1CDDB9EBEF
:101AA00005096BD00120D8F808305B1B2E447F1B42
:101AB000C8F8083013BB002003B0BDE8F08F3146F2
:101AC0002A4600F059F923682B44236021465046EA
:101AD000FFF7BCFD0028E2D0B4F90C3043F040031E
:101AE0004FF0FF30A38103B0BDE8F08F00207047B6
:101AF00033469146104617464E469B46002FA5D0CA
:101B00000028B5D13A460A213046FEF7C9FD002823
:101B1000ABD17B1C9946ACE72369834215D361693D
:101B2000A94212D82E4BA76A9D4294BF2B466FF054
:101B300000434A4693FBF1F3504601FB03F3216A4D
:101B4000B847071EC8DDED1B6DE7AF4228BF2F4623
:101B50003A46494600F010F9A3682268DB1B3A4474
:101B6000A3602260002BEED121465046FFF76EFDA8
:101B70000028E8D0B0E72F46AB4648E7214650465C
:101B8000FFF764FD00288ED0A6E71A463146019380
:101B900000F0F2F8019BA1682268C91A1A44A160FA
:101BA00022601D467BE7504600F052F903460028AC
:101BB0007FF423AF21695046FEF77CFFB4F90C3067
:101BC0000C2223F08003CAF8002087E70C23CAF810
:101BD0000030B4F90C3081E74FF0FF306CE700BF04
:101BE000FEFFFF7F00FCFF7F2DE9F04110F1480769
:101BF0001BD088460026D7E90154013D0FD4A389A4
:101C0000012B05F1FF3506D9B4F90E30013320461A
:101C100001D0C04706436B1C04F16804EFD13F6854
:101C2000002FE8D13046BDE8F0813E463046BDE8A1
:101C3000F08100BF2DE9F84310F148071FD0884616
:101C400006464FF00009D7E90154013D11D4A3899C
:101C5000012B05F1FF3508D9B4F90E3001332146C7
:101C6000304602D0C04749EA00096B1C04F1680401
:101C7000EDD13F68002FE6D14846BDE8F883B9466C
:101C80004846BDE8F88300BF70B50C46B1F90E10A8
:101C9000002996B016461D4613DB6A4608F019FC6B
:101CA00000280EDB019A02F47042A2F50052B2FA4B
:101CB00082F252094FF4806300202A60336016B02C
:101CC00070BDA38900221B062A6004D54023002092
:101CD000336016B070BD4FF480630020336016B0DF
:101CE00070BD00BF8A8992070B4606D501F14702F5
:101CF00001211A60C3E90421704770B582B001ABBD
:101D00006A460C460646FFF7BFFF00990546304677
:101D1000FEF726FFB4F90C3070B11649B162019A92
:101D20000099206043F08003A381C4E904018AB9CB
:101D30002B43A38102B070BD9A05FBD423F00303AB
:101D400004F1470243F002030121A3812260C4E9A8
:101D50000421EFE73046B4F90E1008F0C6FB10B9C5
:101D6000B4F90C30E4E7A38923F0030343F0010343
:101D70001BB2DDE7D51600088842F0B40DD98B18E8
:101D800083420AD9841832B1224613F8014D02F871
:101D9000014D9942F9D1F0BC70470F2A0ED8034685
:101DA000541E002AF7D001340C44013B11F8012BDA
:101DB00003F8012FA142F9D1F0BC704740EA0103BA
:101DC0009B073BD1A2F110073F0901F1200606EB6A
:101DD000071601F1100300F1100453F8105C44F8E9
:101DE000105C53F80C5C44F80C5C53F8085C44F845
:101DF000085C53F8045C44F8045C1033B34204F10B
:101E00001004EAD17B1C1B0112F00C0F194402F0E4
:101E10000F05034415D0043DAD0803EB850C1C1FD2
:101E20000E4656F8047B44F8047F6445F9D1013529
:101E3000AD002B44294402F00302B1E7541E0346CF
:101E4000B1E72A46ACE700BF704700BF704700BF4C
:101E500009B3F8B51446CAB106460D4600F024F998
:101E6000A04202D32F463846F8BD21463046FEF741
:101E700077FE07460028F6D022462946FEF760FC8A
:101E800030462946FEF716FE3846F8BD2746FEF7CF
:101E900011FE3846F8BD1146FEF762BE10B580212E
:101EA0000446FEF75DFE606440B1031F00227C30F3
:101EB00043F8042F8342FBD1002010BD4FF0FF30C8
:101EC00010BD00BF436C0BB100207047E6E700BFB8
:101ED0001F2970B5054608D8436C16460C464BB111
:101EE00053F8240043F8246070BD162202604FF0BE
:101EF000FF3070BDFFF7D2FF08B96B6CF0E74FF011
:101F0000FF3070BD1F2938B521D8426C05460C46FC
:101F10006AB152F8213053B1012B16D0591C10D0A0
:101F20000025204642F824509847284638BD2846C8
:101F300000F070F8224601462846BDE8384000F01F
:101F400055B816230360012038BD002038BD162384
:101F500003604FF0FF3038BD1F2921D838B5436CDE
:101F600005460C4683B153F8242003EB84034AB1A1
:101F7000511C10D0012A0CD0002520461D6090472E
:101F8000284638BD012038BDFFF788FF28B96B6CA3
:101F9000E9E7032038BD022038BD4FF0FF3038BDDF
:101FA0004FF0FF30704700BF024B01461868FFF743
:101FB000A9BF00BF000C0020024B0A46014618686A
:101FC000FFF786BF000C0020034B1868436C0BB171
:101FD0000020704762E700BF000C0020024B014662
:101FE0001868FFF7B9BF00BF000C002038B50B46DA
:101FF000074C0546114618460023236008F077FA7F
:10200000431C00D038BD2368002BFBD02B6038BDAB
:10201000A821002008F073BA10B50C46B1F90E10D3
:1020200008F03FFA002803DB636D0344636510BDCD
:10203000A38923F48053A38110BD00BF0020704703
:102040002DE9F0411646B1F90C201F46D3050C4688
:102050000546B1F90E1009D422F48052A2813B4604
:1020600032462846BDE8F04108F022BA0022022399
:1020700008F01CFAB4F90C20B4F90E10ECE700BF1C
:1020800010B50C46B1F90E1008F010FAA389421CE5
:102090000EBF23F4805343F480536065A38110BDC9
:1020A000B1F90E1008F006BA51F8043C181F002BC5
:1020B000BCBF0B58C0187047012070470120704703
:1020C00008B5FFF7FBFF08BD704708B5FFF7FCFF39
:1020D00008BD000013B502AB03E903000F4B1B78EA
:1020E000B3B99DF80230009873B16AB104F05EFA9A
:1020F00004460146009804F015FA0099204602B003
:10210000BDE8104002F0F8BF04F030FA0446F4E7EE
:10211000009804F04BFA0099F1E700BFB4110020D9
:1021200003460A4600689988FFF7D4BF10B500211E
:102130000446FFF7F5FF2146FFF7C7FF10BD10B5B6
:10214000012404FA02F204FA01F1114304FA03F340
:1021500031EA00020CBF1843984310BD08B513467E
:102160000A46014603480068FFF7E9FFBDE808405A
:1021700004F08AB90412002008B500F04FFB00F00B
:1021800055F9BDE8084000F06ABB00F06DBB704730
:1021900008B503F02FFEFFF7FAFF46F2A81006F08D
:1021A000CCF9BDE8084004F08FBD000038B501212E
:1021B0000546FFF7B5FF2946044602F0F3FD08B9CE
:1021C000002038BD29462046FFF77AFF0028F7D0C7
:1021D0002946204603F074F80028F1D0294620460D
:1021E00003F0C8F80028EBD02946204603F09CF9FC
:1021F0000028E5D02946204602F072FC0028DFD0F6
:10220000AB787BB145F65A539C4232D00ED845F696
:1022100001439C4218D045F6DE439C4226D0B4F5DB
:10222000B84F0ED02846FFF747FFCAE745F65B5385
:102230009C4221D045F65C539C42F3D104F056FAFF
:10224000F0E7FFF7A5FFBBE70D4A1078C0F30003E6
:1022500083F0010363F3000010F00104107003D059
:10226000084805F08DF8ABE70748FAE704F0BCFB37
:10227000A6E704F047FAD5E704F047FAD2E700BF33
:102280005F120020CCA80008DDA80008F8B5174BA5
:1022900017491F5C174BC20800F007008D5C1649F8
:1022A0009B5C8E5C0341054113F0010446FA00F08B
:1022B00005F0010500F0010602D0E12003F0D0FA9C
:1022C00015B1E62003F0CCFA384603F060FB15B1F7
:1022D000E62003F015FB14B1E12003F011FB26B159
:1022E000BDE8F8402C2003F052BBF8BD0FA9000850
:1022F000EFA800088FA90008FFA800082DE9F04109
:10230000234F04460E464FF00A08207800283CD0A0
:10231000012837D16378012B0ED1A078A51C03F0DA
:1023200036FB2C4601343546013DEDB2FF2DECD095
:10233000642006F002F9F7E7022B04D1A078A51C6F
:1023400003F08EFAEDE7032B04D1A078A51C03F06F
:10235000D7FAE6E7042B01D00134E3E72246002553
:1023600012F8023FD95D4907144605D4013DD9D37F
:10237000642006F0E2F8F9E7303B08FB053512F877
:10238000013FEFE7FFF782FFCCE7BDE8F08100BF38
:102390000DA500080021FFF7B1BF030943EA0010B3
:1023A000C0B28300801000F0330003F0CC0303437D
:1023B00058005B1003F0550300F0AA001843704763
:1023C000024608B5C0B2FFF7E8FF0146100AFFF762
:1023D000E4FF40EA012080B208BD704708B5FFF76E
:1023E000FCFF08BD0120704710B50446FFF7FAFF57
:1023F000B8B10C4B14F0010F4FF4004114BF198316
:102400005983E2B2084B12F0020F4FF0040114BFDF
:102410001983598312F0040F4FF4007214BF1A830A
:102420005A8310BD000800480004004810B50E4C47
:10243000012220464FF4004107F093F94FF4004386
:102440006383A4F5806401220421204607F089F902
:102450000423638301224FF40071204607F081F9C1
:102460004FF40073638310BD0008004810B50446A4
:10247000FFF7B4FF2046FFF7B7FF10BD00207047FD
:1024800070470000014B33F810007047CEA90008D8
:1024900013B5ADF80410019902F02EFE00F0CCF84F
:1024A000B0F5A04F044630D2B0F5804F80F08A805E
:1024B000E72817D8DF280AD8A7280BD8A4286AD875
:1024C000012804D0031F9BB2A12B28BF0024204663
:1024D00002B010BDBE2864D9C03880B21F286AD9A6
:1024E0000024F4E7B0F5405F09D2B0F5005F60D298
:1024F000FF2854D8EF28F3D940F4A04024E0020587
:10250000C3B25CD443F44044E1E7B0F5AA4F1DD216
:10251000B0F5A84FC3B275D2B0F5A64F0AD2B0F548
:10252000A44F64D2B0F5A24F51D34AF2F10040EA71
:102530000324CCE79C08012003F0030300FA03F313
:1025400043EA441040F40A4084B2C0E7B0F5B44F07
:102550000FD2B0F5B24F61D2B0F5AC4F55D3A0F564
:10256000B0439BB2FF2BBBD84AF2F00040EA0420F4
:10257000EAE7A0F5C0439BB2B3F5005FB0D2C0F369
:10258000042000F0D9F8000200F4F853E4B21C4330
:1025900044F400549BE7A0F1240444F48044A4B222
:1025A00095E75834E4B2234B33F8140040F48844E0
:1025B0008DE7C0F30B00FFF765FF044687E743F4A0
:1025C000484484E7C0F30B0040F420447FE7C3F3A2
:1025D0008104C0F30110640144EA002403F0030302
:1025E000012000FA03F31C4344F40C40ACE79C08C0
:1025F000012003F0030300FA03F343EA441040F41C
:102600000C40A1E74AF2F40091E7C0B200F094F860
:10261000000200F4F85040F4005458E700F00F00B6
:1026200000F08AF8C4F3031440EA042040F4104098
:102630008AE700BFA0A90008E7284DD8DF2807D8FF
:10264000312861D00ED8292857D02A2863D0704766
:10265000A0F1E003072B3FD8DFE803F0123E21266C
:10266000303E3A3F392804D0822802D035283DD068
:102670007047304B1B7813F0030F18BFE0207047F2
:102680002C4A1378D9074DD4527812F0010F23D079
:1026900013F0100F08BFE32018BF00207047254B30
:1026A0001B7813F0040FF2E7224A137859073BD442
:1026B0005278D2073AD413F0100FEDE71D4B5A7839
:1026C000910709D51B7813F0100F08BFE720E3E747
:1026D000184B1B781A07F6D47047164A1378190757
:1026E00026D452789207E6D5E420F5E7114B1B7803
:1026F00013F0200F18BF292070470E4B1B7813F0E2
:10270000200F18BF352070470A4B1B7813F0400F7D
:1027100018BF2A207047074B1B7813F0400F18BFD3
:102720003120704739207047E2207047E020704721
:10273000E6207047B8150020294B1A78510707D5B5
:1027400000F01801082927D100F0F70040F004003C
:10275000110707D500F01801182926D100F0E7006D
:1027600040F014005B78D90707D500F0180108295C
:1027700024D100F0F70040F00100990707D500F0E0
:102780001803182B23D100F0E70040F01100D30606
:1027900048BF00F0E700704700F01401042904BFAF
:1027A00000F0FB0040F00800D2E700F0140114290B
:1027B00004BF00F0EB0040F01800D3E700F0110177
:1027C000012904BF00F0FE0040F00800D5E700F04A
:1027D0001103112B04BF00F0EE0040F01800D6E703
:1027E000B815002002F0BABA08B500F0DBF840F6E0
:1027F000B83005F0A2FE00F0D5F8002000F038F85F
:10280000C30705D5FFF7EEFFBDE8084004F05CBA4A
:1028100008BD08B5FFF7E8FF08BD000008B504F0E3
:1028200061F808B904F0E0F804F066F8084B187095
:1028300004F068F8074B1880FFF7EBFF04F05FF82F
:1028400003F001FE044B1868BDE8084003F017BE12
:102850005F120020B815002004120020704708B550
:10286000FFF7FCFF08BD704708B5FFF7FCFF08BD88
:10287000014B33F810007047C41500202DE9F041DA
:102880000F48104DDFF84C800F4F104E04F078FDCC
:1028900000242146404604F073FD384604F070FDE4
:1028A00035F8020BFFF78CFD0146304604F068FD59
:1028B0000134074804F064FD052CEAD1BDE8F0813D
:1028C000CEA90008C41500205DB10008EAA90008DF
:1028D00039B40008E5A90008032005F02EBE00BFAA
:1028E00000BF00BF00BF00BF00BF00BF00BF00BFF0
:1028F00000BF00BF00BF00BF00BF00BF00BF00BFE0
:1029000000BF704708B5FFF7E7FF08BD08B52022F4
:1029100082F31188012100F00F03994020F00F008D
:1029200006F01FFF002383F3118808BD38B5164851
:10293000164DFFF7EBFF4FF09040FFF7E7FF14480D
:10294000FFF7E4FF1348FFF7E1FF1348FFF7DEFF4F
:102950000F2455F8040B013CFFF7D8FF14F0FF04D7
:10296000F7D10E4B0E4A1C800520148054805C80E9
:1029700094809C80D480DC8014811C8100F074F8E9
:10298000BDE83840FFF7F8BB01040048F0A9000893
:102990000D0800480100004802000048C41500204E
:1029A000BA1500202DE9F74F0025DFF8B8B02A4FFF
:1029B00005264FF020094FF00108AA465BF8044BAA
:1029C00089F3118824F00F0004F00F0408FA04F4CE
:1029D00021460122019006F0C4FE0198A4B244836E
:1029E0008AF31188FFF77BFF00211C480C4650F842
:1029F000043B23F00F0203F00F03126922FA03F3E2
:102A0000DB075ABF08FA01F213B200230131234356
:102A10000F299CB2EBD15BF8040CFFF777FFFFF7AF
:102A200071FF3B88013EA3421ABF3C800123002373
:102A300016F0FF0645EA030507F10207BED1084973
:102A400005482B46052200F011F8FFF79EFB2846AB
:102A500003B0BDE8F08F00BFBA150020F0A9000850
:102A6000C41500202CAA000870470000F8B5104CCF
:102A700006460F4615462BB10123237004F018F9C2
:102A80000C4B188023782BB10A4B188804F015F9E9
:102A900005280AD8F8BD36F8132027F8132001338B
:102AA0009D42F8DC00232370F4E70023F8E700BF21
:102AB000740F0020760F002008B5054804F060FC74
:102AC000BDE8084003480122052104F059BC00BFBD
:102AD00040AA00083BAB00080138052841D8DFE8D0
:102AE00000F0030E18222C361E4A1F481378194492
:102AF000FE29D4BFC9B2FF21117004F041BC1B4AAA
:102B00001B4813781944FE29D4BFC9B2FF211170A4
:102B1000F3E7184A184813781944FE29D4BFC9B2FC
:102B2000FF211170E9E7154A154813781944FE2969
:102B3000D4BFC9B2FF211170DFE7124A12481378DF
:102B40001944FE29D4BFC9B2FF211170D5E70F4A3D
:102B50000F4813781944FE29D4BFC9B2FF21117060
:102B6000CBE77047640C002089AB0008650C00209F
:102B700098AB0008660C0020AAAB0008670C002088
:102B8000BDAB00086A0C0020D2AB00086B0C002023
:102B9000EBAB00080138052841D8DFE800F0030E50
:102BA00018222C361E4A1F4813788B4286BF591AAA
:102BB000C9B20021117004F0E3BB1B4A1B48137813
:102BC0008B4286BF591AC9B200211170F3E7184A27
:102BD000184813788B4286BF591AC9B20021117068
:102BE000E9E7154A154813788B4286BF591AC9B2CE
:102BF00000211170DFE7124A124813788B4286BF1A
:102C0000591AC9B200211170D5E70F4A0F4813783D
:102C10008B4286BF591AC9B200211170CBE77047A9
:102C2000640C002089AB0008650C002098AB0008FC
:102C3000660C0020AAAB0008670C0020BDAB0008A2
:102C40006A0C0020D2AB00086B0C0020EBAB000834
:102C500010B501460446054804F092FB0120A0404F
:102C600003F0F1FBBDE8104003F0C4B806AC000867
:102C7000431F10B53E2B00F2B481DFE813F01B01B7
:102C80000C0121013F00B201B2010A01B201B201FF
:102C90004A01B20159019901B201B201B201B20176
:102CA0007901B201B2016801B2013601B201B2018B
:102CB000B001B001B001B001B001B001B001B0018C
:102CC000B001A901B2011B010301B201B201B201BD
:102CD000B201B201B201B201B201B201B201A90165
:102CE000B201B2010A01B201AD01AD01AD01AD0108
:102CF000AD01AD01AD01AD01AD01A901BB4804F0CD
:102D00003FFBBB4804F03CFB03F0F9FD0146B9482A
:102D100004F036FBB84804F033FB03F0EDFD044645
:102D2000B64804F02DFB2146B54804F029FBB24813
:102D300004F026FBB34804F023FB04F00101AD4886
:102D400004F01EFBAC4804F01BFBAF4804F018FB7A
:102D5000C4F34001A74804F013FBA74804F010FB9C
:102D6000AA4804F00DFBC4F38001A24804F008FB5C
:102D7000A14804F005FBA64804F002FBC4F3C0011F
:102D80009C4804F0FDFA9C4804F0FAFA03F0BAFDFE
:102D90000446A04804F0F4FA2146994804F0F0FAF9
:102DA000954804F0EDFA9C4804F0EAFA04F00101B9
:102DB000904804F0E5FA904804F0E2FA974804F0ED
:102DC000DFFAC4F340018B4804F0DAFA8A4804F0D1
:102DD000D7FA934804F0D4FAC4F30021854804F0EC
:102DE000CFFA854804F0CCFA8E4804F0C9FAC4F34F
:102DF0004021804804F0C4FA7F4804F0C1FA8A48B0
:102E000004F0BEFAC4F380017A4804F0B9FA7A48B3
:102E100004F0B6FA854804F0B3FAC4F3C00175486B
:102E200004F0AEFA744804F0ABFA814804F0A8FA52
:102E3000C4F300116F4804F0A3FA6F4804F0A0FA3D
:102E40007C4804F09DFAC4F340116A4804F098FAF3
:102E5000694804F095FA784804F092FAC4F38011B6
:102E6000644804F08DFA644804F08AFA734804F068
:102E700087FA6048C4F3C01104F082FA5E4804F097
:102E80007FFA04E06E4804F07BFA03F0ADFD012008
:102E90000FE06C48F3E76C4A6C48137823F00F039B
:102EA000137004F06DFA6A4804F06AFA694B012065
:102EB000187010BD684804F063FAFFF769F9E6E797
:102EC000614C2378C3F3000282F0010262F3000335
:102ED0002370DB0701D56148D1E7614804F050FA5F
:102EE000237823F00E032370D1E7574C2378C3F3E4
:102EF000400282F0010262F341039807237006D575
:102F0000584804F03DFA237843F00103EBE75648B4
:102F1000B5E74D4C2378C3F3800282F0010262F3DF
:102F200082035907237001D55048EAE75048A6E7C5
:102F3000454C2378C3F3C00282F0010262F3C3035D
:102F40001A07237001D54B48DBE74B4897E74B48FE
:102F500004F016FA4A4804F013FA4A4804F010FA4A
:102F6000494804F00DFA494804F00AFA484886E74F
:102F7000484804F005FA02F003FB0146464804F015
:102F8000FFF9464B4648197804F0FAF9454B464894
:102F9000197804F0F5F9454B45481978C90904F04A
:102FA000EFF903F065FE0146424804F0E9F96EE7E7
:102FB00002F020FF3D490B78C3F3C01282F00102FA
:102FC00062F3C7130B701B064CBF3B483B4856E7E8
:102FD0000020FFF73DFE5AE73938C0B2F9E71D3847
:102FE000FBE7374804F0CCF9002062E70BAC00089F
:102FF00016AC000826AC000839B4000829AC00085B
:10300000E5A900083CAC000846AC000850AC00083C
:103010005CAC000865AC000879AC000892AC000814
:10302000A9AC0008BBAC0008CDAC0008DFAC0008C0
:10303000F1AC0008FBAC00080DAD000829AD00089C
:1030400031AD000842AD00085F120020F4AE000868
:103050001BAF0008780F00201FAF00083BAF00082F
:1030600047AF000854AF000861AF00086FAF000819
:103070007EAF00088EAF00089AAF0008A7AF000827
:10308000B6AF0008F4AF00080BB0000845B0000868
:1030900086B0000892B00008A0B00008300F0020F1
:1030A000BAB00008C0140020D1B00008B815002044
:1030B000E4B00008FCB0000813B100081DB100081E
:1030C00028B1000800207047002070471E38C0B2A9
:1030D00009289ABF014B185C00207047C2B1000854
:1030E000F8B5834E3478012C0546374614D0022CAF
:1030F00043D0002C40F0F88003F00AFB22283AD19C
:103100002846FFF7DFFF18B92846FFF7B1FD00E0BA
:10311000012000F00100F8BD03F0FAFA2228284649
:1031200005D1FFF7CFFF0028EED02046F1E7FFF7EB
:10313000CBFF00BB142D14D008D80B2D0AD0102DB6
:1031400012D06C4804F01CF90020E4E7292D08D0C7
:10315000382DF6D1684804F013F9684804F010F9E6
:103160002AE000203870D6E7FFF7A6FC644804F098
:1031700007F9022333702046CDE729283DD01DD81A
:10318000132845D006D8072800F098800B2831D0A6
:103190005848E3E7142830D0A0F11E05052DF7D8D4
:1031A000FFF794FF574B1870564B1978002900F021
:1031B0009980554804F0E4F80120ACE7382819D08C
:1031C000A0F14B05EBB2072BE2D8072DE0D801A305
:1031D00053F825F0B532000891310008913100080C
:1031E000B93200089131000891310008A932000875
:1031F0009D320008FFF760FCD6E7424B1A7812B107
:1032000000221A70D0E73D4804F0BAF80120A9E77F
:103210003E4804F0B5F83E4804F0B2F83D4B3E4855
:10322000197804F0ADF83D4804F0AAF83C4804F0E1
:10323000A7F83C4B3848197804F0A2F8374804F056
:103240009FF8394804F09CF8384B3348197804F05B
:1032500097F8324804F094F8354804F091F8354B6B
:103260002D48197804F08CF82C4804F089F832487D
:1032700004F086F8314B2848197804F081F8274883
:1032800004F07EF82E4804F07BF82E4B2248197883
:1032900004F076F8214804F073F885E70121194B12
:1032A0001878FFF719FC7FE70121164B1878FFF714
:1032B00071FC79E70A21F2E70A21F6E7154B22486B
:1032C0001E221A70174B32221A70184B0A221A70DB
:1032D000184B14221A70194B08221A70194B282205
:1032E0001A70D8E7194839E70020307013E700BF9B
:1032F000780F002028B10008F4AE00081BAF0008CA
:103300002AB10008790F0020B9B100082EB10008D9
:103310003CB10008640C002026AC000839B4000859
:103320004EB10008650C002060B10008660C00205A
:103330006FB10008670C002080B100086A0C002003
:1033400095B100086B0C0020ACB10008BFB10008BB
:10335000194B1B78D90709D5184B187800EB80005A
:1033600080087F2824D828B3C0B270479A0705D5B3
:10337000124B187800EB80004008F2E75B0704D599
:103380000E4B187800EB8000EBE70D4B1B786BB110
:103390000C4A0A49127808789342F3D210FB03F0E2
:1033A00000EB8000B0FBF2F080B2DAE70520DBE74B
:1033B0007F20704701207047840F0020660C00209A
:1033C000850F0020670C0020154B1B78D90705D509
:1033D000144B1878800800B3C0B270479A0703D521
:1033E000104B18784008F6E75B0705D50D4B1878A9
:1033F0007F28F0D97F2070470B4B1B785BB10B4ABD
:10340000084912780878934236BF10FB03F080B267
:10341000B0FBF2F0ECE70120DEE70120704700BFCF
:10342000840F00206A0C0020860F00206B0C002007
:10343000F02808B505D1FFF78BFF4042294BD87023
:1034400008BDF12802D1FFF783FFF7E7F22805D185
:10345000FFF77EFF4042234B9870F1E7F32802D13B
:10346000FFF776FFF7E7F92804D1FFF7ADFF1D4B13
:103470001871E5E7FA2803D1FFF7A6FF4042F6E707
:10348000FB2805D1FFF7A0FF4042164B5871D7E744
:10349000FC2802D1FFF798FFF7E700F10C03DBB23D
:1034A000042B08D80F4A0123F43803FA00F05378AC
:1034B00018435070C4E7FD2805D10B4A137843F038
:1034C00001031370BCE7FE2804D1074A137843F0C8
:1034D0000203F6E7FF28B3D1034A137843F004034D
:1034E000EFE700BF7E0F0020840F0020364BF0284E
:1034F00093F902200AD193F9031000290CDA002174
:10350000D97052B9314A0021117006E0F1280DD16D
:1035100093F903100029F2DC72B11A795B79134335
:103520005AB2002B4FD12A4B1A707047F22806D19D
:10353000002AF1DA00229A7093F90320E1E7F328D8
:1035400002D1002AF6DCE7E7F92893F9041004D148
:103550000029E1DD00211971DEE7FA2802D10029F6
:10356000DADAF7E7FB2893F9051004D10029D3DA5A
:1035700000215971D0E7FC2802D10029F8DCCBE703
:1035800000F10C01C9B2042907D8F43801218140A7
:10359000587820EA01005870BEE7FD2805D10D4893
:1035A000017821F001010170B6E7FE2804D1094835
:1035B000017821F00201F6E7FF28ADD10548017836
:1035C00021F00401EFE770477E0F0020850F0020F7
:1035D000860F0020840F00202A4B1B7813F0080F61
:1035E00010B5294C39D0294803F0CAFE6178284823
:1035F00003F0C6FE274803F0C3FE94F902102648E4
:1036000003F0BEFE254803F0BBFE94F903102248E8
:1036100003F0B6FE214803F0B3FE94F904101E48EF
:1036200003F0AEFE1D4803F0ABFE94F905101A48F6
:1036300003F0A6FE1A4803F0A3FE1A4B1A481978A5
:1036400003F09EFE194803F09BFE194B16481978AB
:1036500003F096FE174803F093FE03F029FBE3788E
:10366000A278134318BF144B227918BF18806379CE
:10367000134318BF114BBDE8104018BF1880024813
:1036800001F0C8BF5F1200207E0F0020CCB10008FF
:10369000E5A90008EFB10008F1B1000839AF000852
:1036A000F4B10008850F002026AC0008F7B100082F
:1036B000840F002008B000087A0F00207C0F002043
:1036C0002DE9F047564C94F9028094F9037094F96F
:1036D000046094F9055094F800A094F80190002338
:1036E000A370E3702371637158EA07030AD04D4B4E
:1036F000188803F0E2FA4C490B783BB34B4A127836
:1037000090422DDC56EA05030BD0494B188803F094
:10371000D4FA48490B78002B4ED0474A1278904291
:1037200054DCE278A378134322791343627913437C
:1037300001D0FFF751FF84F800A084F8019084F8CD
:103740000280E77026716571BDE8F0873B4A127808
:1037500002EB8202B0EB420FD4DD01330B7001E0CB
:10376000FF2BFAD1B8F1000F08D0FFF7F1FDB8F147
:10377000000FCCBF0123FF235843A0703FB1FFF7D8
:10378000E7FD002FCCBF0123FF235843E07094F9DD
:103790000220002AB6D094F903100029B2D0B52334
:1037A0005A43121203FB01F308BF01221B1208BF88
:1037B0000123A270E370A5E7214A127802EB82028E
:1037C000B0EB420FADDD01330B7001E0FF2BFAD1FE
:1037D0003EB1FFF7F9FD002ECCBF0123FF23584374
:1037E00020713DB1FFF7F0FD002DCCBF0123FF2379
:1037F0005843607194F90420002A92D094F905107E
:1038000000298ED0B5235A43121203FB01F308BFDF
:1038100001221B1208BF01232271637181E700BFDF
:103820007E0F00207A0F0020850F0020650C0020FD
:103830007C0F0020860F0020690C0020640C002003
:10384000680C0020054A002313609380044A13701B
:10385000044A1370044A1370704700BF7E0F0020A3
:10386000850F0020860F0020840F002008B500F08F
:1038700071F940F6FF7008BD08B5074800F022F95D
:10388000064800F01FF9064800F01CF9BDE80840A2
:10389000044800F017B900BF00E0030800E803087F
:1038A00000F0030800F80308B0F5805F2DE9F0414F
:1038B000884602D30020BDE8F081450005F1006490
:1038C00004F578344FF6FF7223889BB293424FEA97
:1038D000A02604D1204600F017F980B2EBE7F602EB
:1038E000124F06F1006606F578364FF40062314655
:1038F0003846FCF725FF23789845DBD040F2FE7070
:103900002840002407F80080304600F0DBF8395DDD
:1039100061F0FF014B1C03D089B2301900F0F4F8BC
:103920000234B4F5006FF2D1D7E700BFCE15002006
:1039300080B2400000F1006000F5783000787047F8
:1039400080B2FFF7B1BF83B25B0003F1006303F500
:1039500078331A78431C9BB25B0003F1006303F5D4
:103960007833187842EA0020704738B584B20D46A3
:103970002046C9B2FFF798FF601C290A80B2BDE853
:103980003840FFF791BFFFF7F0BF10B583B25A0080
:1039900002F1006202F5783211785A1C92B252009C
:1039A00002F1006202F5783214789A1C92B2520049
:1039B000033302F100629BB202F578325B0003F13F
:1039C0000063127803F578331878130443EA04236C
:1039D0000B4343EA006010BD82B2F8B5571CBFB27A
:1039E0000C465300790003F1006301F1006103F517
:1039F000783301F57831961CB6B2187891F800C08A
:103A0000710001F1006101F57831D51CADB20B7880
:103A1000690001F1006101F578311B04097843EA7E
:103A20000C23034343EA0163A34213D0E1B21046DF
:103A3000FFF73AFFC4F307213846FFF735FFC4F319
:103A400007413046FFF730FF210E2846BDE8F84019
:103A5000FFF72ABFF8BD00000B4BDA68D0070CD483
:103A6000DA6851070BD4DA68D2060AD4D86800F0B5
:103A70000100C0F10500C0B270470120704702206C
:103A800070470320704700BF0020024073B5044612
:103A9000FFF7E2FF0025FF2601280FD114B9062009
:103AA00002B070BD01950196019B1BB9FFF7D4FFD1
:103AB000013CF1E7019B013B0193F5E7002C08BFB6
:103AC0000620EDE738B5054640F6FF70FFF7DEFF4C
:103AD000052815D10B4C236943F00203236165616E
:103AE000236943F04003236140F6FF70FFF7CEFFE8
:103AF00006281EBF236923F0020323613423E360F9
:103B000038BD00BF00200240104B00F178429A42BD
:103B100070B505460E4616D81F20FFF7B7FF0528DB
:103B200010D10B4C236943F0010323611F202E8029
:103B3000FFF7ACFF06281EBF236923F001032361B2
:103B40003423E36070BD0720FCE700BFFEFF0700E1
:103B500000200240034B044A5A6002F188325A6046
:103B6000704700BF00200240230167457FB510F475
:103B70007F4F0190C0F30726C0F3074217D109B168
:103B80002F4B9A5C8DF80C208DF80D208DF80E20AF
:103B90009DF80C30002063F307009DF80D3063F3AF
:103BA0000F209DF80E3063F3174004B070BD9DF8F0
:103BB000043061B322498A5C03EB43046FF0540084
:103BC000FF216400B4FBF1F4604300EB430000EB21
:103BD0004000C0B216FB00F31B12081A8D1BCB1A53
:103BE00006FB00F10912C1F1FF0155435343514354
:103BF000C5F30725C3F30723C1F30721D2B2062C6F
:103C000019D8DFE804F00608110F1418060092B264
:103C1000D2E713460A468DF80C208DF80D308DF84A
:103C20000E50B5E711461A462B460D46F3E70B46F4
:103C300011462A46F9E711462A461D460B46EAE791
:103C4000E8B6000884B0012104B0FFF78FBF7047C9
:103C500084B004B0FFF7F6BF13B58DF802208DF8DD
:103C600000008DF8011000981C46FFF7F1FFC0F32B
:103C70000743C0F3072262702070A37002B010BD2A
:103C8000064A137813F0FE0F04D1012161F34703B4
:103C900013707047552BFCD92A21F7E7D01D00205F
:103CA0000820FFF772BE07B50190FFF7E9FF019901
:103CB000082003B05DF804EBFFF78EBE014B1868D7
:103CC000FFF7F1BFD01D0020034B0448186000220D
:103CD0001A71FFF7E8BF00BFD01D00200300FFFFEF
:103CE00038B51C4C2378D90732D51B4803F048FB64
:103CF0002378DA072CD5194D1948297801F00101EC
:103D000003F03EFB2378DB0722D5297815484908C4
:103D100003F036FB2378D8071AD56978124803F0E8
:103D20002FFB2378D90713D5A978104803F028FB77
:103D30002378DA070CD5E9780D4803F021FB2378C6
:103D4000DB0705D529790B48BDE8384003F018BBDF
:103D500038BD00BF5F120020F9B10008D01D00205F
:103D600012B200082FB200084AB2000864B200087C
:103D70007EB2000898B20008034B1B7813F00100D4
:103D800018BF5808704700BFD01D0020054B1A7996
:103D9000022A9CBF01321A7110B11868FFF783BF65
:103DA000704700BFD01D00200120FFF7EFBF0000CB
:103DB000044B1A790AB1013A1A7110B11868FFF769
:103DC00072BF7047D01D00200120FFF7F1BF000037
:103DD000014B1879704700BFD01D002038B50B4C3F
:103DE0000B4D207159B12068FFF75DFF2B78DA0782
:103DF0000BD521790748BDE8384003F0C1BA2B78CC
:103E0000DB0702D501460448F5E738BDD01D002088
:103E10005F120020B4B20008D5B200080021FFF7FD
:103E2000DDBF0000014B5878704700BFD01D002057
:103E3000014B9878704700BFD01D0020014BD87807
:103E4000704700BFD01D002000F0FABE104B114893
:103E50001A7870B5104C12F00102617806D0237800
:103E600003EB43031844FFF7EFFF70BDA578E67836
:103E700005EB45030344AE4203F10303EFD90135DB
:103E800003F8022C03F8032C03F8012CEDB2F2E73F
:103E9000D01D0020D81D00206F0C00200E4B1B7879
:103EA000DB0770B416D50D4B0D4E9C78DD7804EB16
:103EB00044033344AC4203F1030302D370BCFFF765
:103EC000C5BF013403F8020C03F8031C03F8012CEE
:103ED000E4B2EFE770BC7047D01D00206F0C0020EB
:103EE000D81D0020094B1B78DB0707B50AD501ABAD
:103EF000FFF7B2FE9DF806209DF804109DF805001E
:103F0000FFF7CCFF03B05DF804FB00BFD01D00201D
:103F1000064B0279064910B504468A5C58789978B0
:103F2000FFF7E0FF23790133237110BDD01D00207E
:103F3000D3B50008054B10B50446DA7899780079B6
:103F4000FFF7D0FF23790133237110BDD01D00206E
:103F500037B5164C0546207838B9FF2201AB11461B
:103F6000FFF77AFE9DF8053023702979012911D0D9
:103F7000022913D0B1B920780A46FFF78FFF2B79B9
:103F800003220133B3FBF2F202EB42029B1A2B71C4
:103F900003B030BD002221781046EEE700202278E1
:103FA0000146EAE7002210461146E6E7031000202A
:103FB0002DE9F04F4A4D2DED028B95F800C089B0E8
:103FC0001CF0010F06468846174604932DD04FEA91
:103FD0005C03444CDFF828E1E45CDFF828918EF8BC
:103FE00000400CF0FE0CBCF1020F23D107ABFFF731
:103FF00033FE9DF81E209DF81C109DF81D00FFF754
:104000004DFF049B6E7085F80280EF70002B5DD031
:104010002868FFF748FE99F80030DA0705D5EB78F5
:10402000AA786978304803F0ABF909B0BDEC028B8F
:10403000BDE8F08F022C01D1EF78E2E7062C01D128
:104040006E78DEE7092CFBD0192CDAD1193B03F08E
:104050000102039282F0010208EE102AC3F3460324
:10406000224A12F803B04FF0000A214B1B795FFA85
:104070008AF18B4202D8FFF7E9FEC2E70BFB01F49D
:10408000B4FBF3F4039BE4B2F3B9344499F8003081
:10409000D807E4B209D518EE103A1648CDF800B0AA
:1040A0002246059103F06CF90599114B9B78194450
:1040B000114B01EB41010B443A4641462046FFF7C4
:1040C000CBFD0AF1010AD0E7341BDFE799F8003095
:1040D000DB07AAD509483B4642463146A3E700BF65
:1040E000D01D0020A8B500081FB3000892B5000835
:1040F0006F0C0020F8B20008D81D002044B300085F
:10410000051000205F120020054910B44C78CA78D1
:10411000897808340346E0B25DF8044BFFF748BFE6
:10412000D01D00200120FFF7EFBF0000054910B4AB
:104130004C78CA788978083C0346E0B25DF8044BB5
:10414000FFF736BFD01D00200120FFF7EFBF0000B2
:1041500010B4074CA178E2781131FF2928BFFF2164
:104160000346C9B260785DF8044BFFF721BF00BF7A
:10417000D01D00200120FFF7EBBF000010B4064C5B
:10418000A178E278113921EAE1710346C9B2607879
:104190005DF8044BFFF70CBFD01D00200120FFF796
:1041A000EDBF000010B4074CE278A1781132FF2A6D
:1041B00028BFFF220346D2B260785DF8044BFFF7B8
:1041C000F7BE00BFD01D00200120FFF7EBBF0000AD
:1041D00010B4064CE278A178113A22EAE272034662
:1041E000D2B260785DF8044BFFF7E2BED01D00202C
:1041F0000120FFF7EDBF0023FFF7DABE2DE9F04104
:10420000144EDFF85880144F044600253179E8B287
:1042100081420DD8FFF71AFEA37813F0010F23791E
:1042200014BF013303F1FF335BB22371BDE8F081AA
:10423000B378FF22B2FBF1F22179034403EB43038D
:1042400002FB00104344FA78B978C0B2FFF704FDCE
:104250000135DBE76F0C0020D01D0020D81D0020A9
:104260002DE9F04F8378314E314D13F0010F85B0B9
:104270000CBF01234FF0FF3301934FF00009337956
:104280005FFA89F843450CD8FFF7E0FD019B012B4D
:104290002B7843D103B93379013B2B7005B0BDE8CE
:1042A000F08FB2782349DFF890A0424402EB42023B
:1042B000531800245C7054549DF804209C700292A2
:1042C00027464FF0170B2A782244D1B252B2172A50
:1042D0001EDD92FBFBF10BFB112252B242450ED1C7
:1042E0009AF803109AF801000393C7F104024A43B5
:1042F000C2F387029AF80210FFF7AEFC039B029A02
:1043000001371444042FE4B2DDD109F10109B6E705
:10431000002AE3DA054A12790A44DEE731790133EB
:10432000B3FBF1F201FB1233B7E700BF6F0C0020C3
:1043300004100020D81D0020D01D00202DE9F843D6
:104340002B4C2C4DA278E07802EB42032B44002149
:10435000904203F1030320D8274EDFF8A090DFF846
:10436000A48000272179FAB291421FD8FFF76EFD91
:10437000224D23482A78017833780A4452B20B44FC
:104380005BB2002A33702A7003DD2279013A93422E
:1043900001DB49420170BDE8F883013203F8021CD9
:1043A00003F8031C03F8011CD2B2D1E7B2FBF1F30E
:1043B00001FB1323A1780B4496F90010DBB28A426B
:1043C00003EB43030EDB99F900108A420ADC98F8EC
:1043D000032098F8021098F801002B44FFF73CFCEA
:1043E0000137BFE7E9180022EA544A708A70F7E7FC
:1043F0006F0C0020D81D0020021000206C0C002043
:104400006D0C0020D01D0020037913FB03F25A43EA
:10441000C3F120032DE9F04703FB03F15525554374
:1044200003FB0123B5FBF3F5EDB2292D85BFC5F1E3
:10443000550404EB440405EB450404EBD474DFF8A5
:104440007480DFF874A094BF6FEA54046FEA6404C8
:104450000646E4B20027C14698F80420FBB29A420F
:104460000BD8FFF7F3FC3379104AD3B9012111704F
:10447000127813443371BDE8F0879A0799F8022047
:104480000B49134458BFC5F1550003EB430389782A
:1044900054BFC0B2284653442246FFF7DDFB013724
:1044A000DAE7202BE4D1FF21E1E700BF6E0C00200A
:1044B000D01D00206F0C0020D81D00202DE9F041F8
:1044C000154FDFF85C80154E044600253A79AA4264
:1044D00008DCFFF7BBFC2379013303F001032371F0
:1044E000BDE8F081BB7894F804C07078B1782B44B3
:1044F00003EB4303B5EB520F434407DABCF1000F63
:1045000007D0F278FFF7A8FB0135DFE7BCF1000F19
:10451000F7D00022F6E700BF6F0C0020D01D00206E
:10452000D81D00202DE9F74F83780193494D077975
:10453000012303710026484B1B79F4B2A34204D82F
:1045400003B0BDE8F04FFFF781BC019B022B4FEA9F
:10455000840B09D8414B0BEB040193F801C005F81B
:1045600001C068189B784370A7B90BEB04032B4478
:10457000DF709F70384B3A4A9B7823445C4429197A
:1045800003EB43031344285D8A784978FFF764FB03
:104590000136D0E70BEB040A05EB0A09DFF8BC8013
:1045A00099F80300E0B10138C0B299F804C02D4B6E
:1045B00089F80300C0EB0020B0FBFCF0C0B298F813
:1045C0000310185C2238C0B2C0EB00204FF0BB0CC7
:1045D000B0FBFCF0C0B24843001289F80200C9E702
:1045E000FCF7CAF998F803C04FEA5C0C0CF17F0E97
:1045F0004FF4017C0CFB0EFCCCF3072C6045B9DAC0
:10460000019B022B15D9FCF7B7F94FF0FF0C90FB7B
:10461000FCFC844405F80AC0FCF7AEF998F802C027
:104620004FEA5C0C90FBFCFE0EFB1C0EF44489F878
:1046300001C00BEB040028440023837098F803307A
:10464000C82B28BFC823142B38BF14230371C37091
:1046500090E700BF8F0F00206F0C0020D01D0020BE
:10466000D81D0020D3B5000808B50C4B0C481978AC
:104670000B224908FCF714F810B90A4B01225A70B2
:1046800002F016FB084B1880084B1B78DB0704D59B
:10469000BDE80840064802F073BE08BDD01D0020EA
:1046A000740C002005100020880F00205F120020ED
:1046B0006BB30008054B00225A70054B1B78DB07D3
:1046C00002D5044802F05CBE704700BF0510002010
:1046D0005F12002084B3000838B51D4C2378DD0735
:1046E00035D518BB012262F347031A4D237021B35D
:1046F0002068FFF7D8FA2B78DA0704D52178164816
:10470000490802F03DFE217814480B224908FBF7C6
:10471000C7FFC8B1FFF7CEFF114BA1786078012227
:10472000DA70E278BDE83840FFF765BD2A2801D984
:104730002A22D8E760F34703D7E72B78DB07E2D5D7
:10474000217808484908DCE7FFF78EFFE4E738BD29
:10475000D01D00205F1200209DB30008740C0020C3
:10476000880F0020B9B30008054B1B785B080133A4
:104770002B2B014634BF18460120FFF7ADBF00BF09
:10478000D01D00200120FFF7EFBF0000064B1B7873
:10479000C3F34603013B13F0FF03014614BF184661
:1047A0002A20FFF799BF00BFD01D00200120FFF78E
:1047B000EDBF0121FFF790BF10B5094C227842F000
:1047C00001022270074A1278D30703D50648012157
:1047D00002F0D6FD2078BDE810404008FFF7E9BFA1
:1047E000D01D00205F120020D7B300080021FFF782
:1047F00073BF000070B5204E3278002A3AD11F4CAA
:104800002378DD0708D51E4802F0BAFD2378D807C3
:1048100002D51C4802F0B4FD02F064F848B92378D0
:10482000D90702D5184802F0ABFD02F0DDF8FFF71A
:104830004BFAFFF735FA154D10F0FE0F28600AD13C
:104840002378DA0702D5124802F09AFDFFF73CFA06
:10485000FFF726FA2860FFF713FAFFF741FA0D4B2E
:10486000287800225A70C30702D54008FFF7BEFF20
:104870000123337070BD00BF8E0F00205F12002037
:104880000EB4000825B400083BB40008D01D002079
:1048900063B400080510002010B5094C227842F0DE
:1048A00001022270074A1278D30703D50648012176
:1048B00002F066FD2078BDE810404008FFF796BF83
:1048C000D01D00205F120020ACB4000810B50E4CC3
:1048D00023786FF3000323702068FFF7E4F90B4B94
:1048E0001B78DB0705D52178094801F0010102F0AA
:1048F00047FDFFF7DFFE41F2883003F01EFEBDE802
:104900001040FFF7A3BA00BFD01D00205F120020A7
:10491000E5B400080C4B1B7813F0010F10B50B4CDD
:1049200006D021780A48C94301F0010102F028FDB0
:104930002378DB0703D5BDE81040FFF7C7BFBDE80C
:104940001040FFF739BF00BF5F120020D01D0020CC
:104950001DB5000808B50B4B1A786FF300021A70EA
:10496000094B1B78DB0703D50848002102F008FD3E
:10497000FFF7A0FE41F2883003F0DFFDBDE80840FC
:10498000FFF764BAD01D00205F12002054B5000864
:10499000344B5A782DE9F041002A60D01A78324B16
:1049A000324E1B78C2EB5303DBB2022AB3701AD12A
:1049B0002F4A304CD55CF3782BB10027F77002F00A
:1049C00077F9B780308002F073F93388C01A80B26B
:1049D00047F6FE72904242D81D4435802346234854
:1049E000BDE8F0411847062A03D1234A234CD55C81
:1049F000E1E7092A04D1224A224C5B08D55CDAE7B8
:104A00000F2A04D1204A214C5B08D55CD3E7152A34
:104A100003D11F4A1F4CD55CCDE7182A14D0232A96
:104A200003D11D4B1D4C1D88C5E7242A0FD0252A14
:104A300011D10322B3FBF2F202EB42029B1ADBB26A
:104A4000174A184CD55CB6E7174C2825B3E7174C26
:104A50004FF4FA75AFE7164C4FF4FA65ABE7BDE8D3
:104A6000F08100BF05100020D01D0020880F00201D
:104A70008EB50008113F00089AB50008353F0008C0
:104A80009DB50008FD410008A2B50008614200087C
:104A900097B500083D430008A0B50008513F000845
:104AA000A5B500082545000809440008BD440008D4
:104AB0004F3C000800B11047084738B504460D4682
:104AC000FFF75AF9A04206D3FFF756F9A84202D2DF
:104AD000FFF758FE38BD2046BDE83840FFF769BEF5
:104AE00038B58C780546002C65D001F011FE45F6EE
:104AF000D5439D4200F0220014D845F6C1439D42A3
:104B000014D9A5F5B945433D122D11D8DFE805F0BC
:104B100014191C1F2225282B2E3134383D404346C2
:104B2000494B4E0045F65D539D4241D0204638BD6D
:104B3000FFF7F0FE0024F9E7204A2149FFF7BAFF0A
:104B4000F8E71F4A1D49F9E71E4A1F49F6E71E4AC2
:104B50001C49F3E71D4A1E49F0E71D4A1B49EDE7D2
:104B60001C4A1D49EAE71C4A1A49E7E71B4A1C4947
:104B7000E4E71B4A1949E1E70120FFF71AFED9E7EC
:104B800005210220FFF799FFD4E708210620F9E765
:104B90000E210920F6E714210F20F3E71721152035
:104BA000F0E71820E9E722211920EBE72320E4E7CA
:104BB0002A212520E6E70124B8E700BFAD47000819
:104BC0008547000849410008254100089D4100082B
:104BD00075410008F1410008C9410008C93D0008BD
:104BE000A93D0008C1F10301490040FA01F3022286
:104BF00013F0010F02FA01F114BF0E230823014242
:104C00001ABFA3F12000C0B243F08000704700003B
:104C100008B540F2822280214FF0904004F0A1FDBF
:104C2000054804F04DF80448044904F021F8BDE8B3
:104C30000840014804F02AB8A4200020D4B6000897
:104C40002DE9F04F2B4C237885B006460F461BB953
:104C5000FFF7DEFF01232370DFF89C8000254FF073
:104C60000C09ECB2BC4208D3234A24484FF4C47167
:104C700005B0BDE8F04F04F017B804EB4403F21898
:104C800009FB04F492F801B092F802A0F35C221D33
:104C9000424400211846CDE902120193FFF7A2FF1A
:104CA0000299039A019B02F8010B01310429F1D109
:104CB00004F10803434400215846CDE90113FFF7EE
:104CC00091FF0199029B0131042903F8010BF3D1F3
:104CD0000C3444444FF0000B59465046FFF782FF16
:104CE0000BF1010BBBF1040F04F8010BF4D10135FA
:104CF000B7E700BF0710002008100020A420002004
:104D000008B52320FEF714FE212801D0002008BD9D
:104D10002420FEF70DFE0728F8D12520FEF708FE17
:104D2000A0F1130358425841F1E710B5041E14BF17
:104D30002121FF212320FEF703FE002C14BF0721B1
:104D4000FF212420FEF7FCFD002C18BF1321BDE835
:104D5000104008BFFF212520FEF7F2BD08B5002056
:104D6000FFF7E3FFBDE8084001F0B2BD704708B5AA
:104D70002620FEF7DDFD08BDC1B22620FEF7E0BD0E
:104D800008B5FFF7F3FFFFF7BBFF50B9FFF7F4FFDC
:104D900000F05CF900F0F4F9BDE808400120FFF7ED
:104DA000C4BF08BD10B58C78FCB1A0F5BE43123B62
:104DB0000F2B24D81238C0B200F0EEF900242046A0
:104DC00010BD012001F074FB032202210120FDF738
:104DD000C5F9F3E7012001F075FB03220221012050
:104DE000FDF7BCF9EBE70220F5E745F610739842B2
:104DF000F0D045F611739842F5D00124DFE745F66F
:104E000010739842DDD045F611739842D7D1022035
:104E1000D8E7FF230370704710B50378803B044642
:104E2000032B06D8DFE803F00206090CFFF706F8AB
:104E3000607010BDFEF7A0FFFAE7FEF7C9FFF7E7C5
:104E4000FEF7F0FF6070FEF7F3FFA070F1E737B5F3
:104E50000378803B0446032B2DD8DFE803F0020FD4
:104E60001E24FEF7DFFF0546FEF7E2FF62780146EB
:104E7000284603B0BDE83040FFF7BDB94078FFF7E2
:104E8000B5FC637823B903B0BDE83040FFF762BDDD
:104E900003B0BDE83040FFF7FFBC407803B0BDE889
:104EA0003040FEF7BBBF817801914578FEF7C6FF21
:104EB00001990246DCE703B030BDF8B5044610F8AE
:104EC000013B013B0D46122B00F29680DFE803F018
:104ED0000A143B444A54575A5D949460646A737C44
:104EE0007F828B00002363700923A370294620462C
:104EF000BDE8F84002F0D6BD6378022B0DD0032B3D
:104F00000ED0012B1AD101F0B3FE030EA370030CD7
:104F1000E370030A23716071E8E7FFF728FFF4E705
:104F200027460026F0B2FDF7A3FC0136030A052E42
:104F3000BB70F87007F10207F4D1D7E72946204685
:104F4000FFF767FFD2E76378022BF7D1D4F80200AE
:104F500000BAFFF711FFC9E7E278A178607800F0A6
:104F600059F8D6E722796379A178607843EA022379
:104F7000E27800F05DF8B9E700F068F8B6E7FFF70F
:104F800066FFB3E7FFF748FFB0E7FEF797FEADE730
:104F900000F0C5F86070A9E700F0C3F8030A637079
:104FA000A070A3E76078A378E178221D43EA00208F
:104FB00000F0BAF89AE76078A378E178221D43EA16
:104FC000002000F0C8F891E700F0DAF88EE700F072
:104FD00016F8DFE76078A378E178221D43EA002025
:104FE00000F05EF882E76078A378E178221D43EA5A
:104FF000002000F06CF879E7FF23237076E70420A7
:10500000704752001E2303FB0121962202FB001071
:105010002730704738B5FFF7F4FF0546FEF788FCE8
:105020000402681CFEF784FCA4B2204380B238BDA1
:1050300038B51C46FFF7E5FF210A0546FEF780FC60
:10504000E1B2681CBDE83840FEF77ABC2DE9F74FA5
:105050000026DFF848B0344606EB0B0800255FFA5F
:1050600084FA0FE0FAB239F8023B01915046013759
:10507000FFF7DEFF0F2F0199F4D10135052D08F15F
:105080001E0803D0C1460027E9B2EBE70134042C27
:1050900006F19606E0D103B0BDE8F08F74A60008D3
:1050A000F8B5144600F1270556180027B44200D180
:1050B000F8BDA5F12703B3F5167F06DA2846FEF7FB
:1050C00037FC207001350134F0E72770FAE7F8B5B6
:1050D0000E46174600F127040025B54200D1F8BD61
:1050E000A4F12703B3F5167F03DA795D2046FEF7B6
:1050F00027FC01340135F0E782B00328ADF8041035
:105100000AD89DF80510042906D89DF804200E2A17
:1051100002D802B0FFF77EBF002002B07047102017
:10512000704740F281107047F8B5144600F27F25B1
:1051300056180027B44200D1F8BDA5F27F23B3F57D
:10514000C07F06DC2846FEF7F3FB207001350134F2
:10515000F0E72770FAE7F8B50E46174600F27F240D
:105160000025B54200D1F8BDA4F27F23B3F5C07F7E
:1051700003DC795D2046FEF7E3FB01340135F0E7FF
:1051800010B540F27F24204600210134FEF7D8FB01
:10519000B4F5806FF7D110BD0F28F7B5044620D8BD
:1051A00040F2FF30FEF7C4FBD8B940F27F25D4B9F6
:1051B000019401272846FEF7BBFB6E1C8DF8040006
:1051C0008DF8054068B1431E022B17D88DF80500F5
:1051D00030468DF80470FEF7ABFB02358DF8060003
:1051E00068B903B0F0BDB5F5806FFAD02846FEF778
:1051F0009FFB08B9013CE4B20135D8E7354601A868
:10520000FDF7C8F8D6E70000F8B5144682789DF897
:1052100018701D46284B92B11C7001F049FD274BB8
:10522000188004F12003DBB2072B44D804F00704F4
:105230000120A040C0B2BDE8F84000F0AEBB1E782F
:10524000A6422ED11D4B188801F037FDC72828D85B
:10525000AE4205F1200415D006F12003DBB2072B86
:1052600006D806F007060120B040C0B200F09EFB51
:10527000E3B2072B06D805F0070301209840C0B21F
:1052800000F08BFB3846E4B200F081FB072C12D80B
:1052900005F007050120A840BDE8F840C0B200F0C5
:1052A00085BB04F12003DBB2072B04D804F007040C
:1052B0000120A040F0E7F8BD9011002092110020DD
:1052C00013B545F6F64304469C4208460FD845F60A
:1052D000F2439C4212D845F6D8439C421DD045F675
:1052E000D9439C423ED045F6D7439C420FD08078AC
:1052F00000283BD01E4B00221A701CE0A4F5B944D4
:10530000743C022C0ED8DFE804F0181F2600262378
:105310000093E1231A4621460AE027230093E52360
:10532000E522F8E726230093E022E12345F6F34146
:10533000FFF76AFF002002B010BD27230093E4228C
:10534000E52345F6F441F3E726230093E222E12327
:1053500045F6F541ECE727230093E622E52345F6E1
:10536000F641E5E7282300930123D9E70120E2E78E
:105370009011002038B505468878002800F0CF80CD
:1053800045F615439D4216D845F601439D4217D96F
:1053900001F0B8FA634C45F615439D42208021D8B0
:1053A00045F601439D420CD8208801F0B7FA00F081
:1053B00021FD002004E0A5F5B9437A3B082BE7D98D
:1053C00038BDA5F5B845033D122D1AD8DFE805F024
:1053D0001E222633373B3F455155595D696D717526
:1053E0007B978300A5F5B9457A3DABB2082BDBD896
:1053F000082DD9D8DFE805F0161B4D51376B7A8D93
:105400009100237843F001032370CDE7237843F024
:105410000203F9E7237843F00403F5E7237843F028
:105420000803F1E7637843F001036370BCE7637836
:1054300043F00203F9E7237843F01003E4E723780D
:1054400043F02003E0E7237843F04003DCE700F07B
:10545000D1FC237843F08003D6E7237823F00C03B4
:1054600043F00C03D0E7637823F0030343F0030316
:10547000DBE723786FF30003C6E723786FF341037C
:10548000C2E723786FF38203BEE723786FF3C30389
:10549000BAE763786FF30003C7E763786FF34103FC
:1054A000C3E723786FF30413AEE723786FF3451354
:1054B000AAE723786FF38613A6E700F09BFC237816
:1054C0006FF3C713A0E7237823F00C039CE76378FE
:1054D00023F00303A9E72378C3F3800282F00102DB
:1054E000D2B262F3820362F3C3038DE76378DA43D7
:1054F00002F0010262F3000362F3410395E700F05A
:1055000079FC2378C3F3C01282F0010262F3C7135F
:105510007AE7012001F06AFA46E70020FAE7012065
:105520004EE700BFB815002045F61643984210B567
:105530000C461BD101F0ECF8A2780D4B72B100F0D3
:10554000AA00002815BF01220022352029201A7048
:1055500001F07CF801F04EF9002010BD1B78002B03
:1055600014BF3520292001F079F8F3E70120F4E792
:1055700094110020014B1860704700BF9811002063
:10558000024B186808B1036818477047981100204B
:10559000F8B5194B1B680446002B2BD0174A12781C
:1055A00042B1174A92F90020002ABFBF0278427028
:1055B00005220270134D5B68204698472B785807E8
:1055C00018D5D90702D5104801F0DAFE0F4F002692
:1055D0002B78DA0703D5A15D384601F0D1FE0136FC
:1055E000082EF5D12B78DB0704D5BDE8F840084834
:1055F00001F0C6BEF8BD00BF98110020300F00209A
:10560000B81500205F120020E8B70008FAB70008BC
:1056100039B40008034A12681AB102210170936874
:105620001847704798110020054A1188814205D01B
:10563000044B10801B680BB1DB681847704700BF34
:105640009E11002098110020054A1188814205D042
:10565000044B10801B680BB11B691847704700BFD3
:105660009C1100209811002008B501F001FB024BAD
:105670001860024B186008BDA0110020A411002082
:105680007047704708B5FFF7FCFF08BD704708B5C5
:10569000FFF7FCFF08BD000008B5054801F086FED5
:1056A000FEF7E4F8FFF7ECFFFFF7ECFF08BD00BFE3
:1056B000497A00080120704708B5FFF7FBFF08BDD5
:1056C0007047704708B5FFF7FBFFFFF7FAFF08BD0B
:1056D00008B501F0CBFAFDF729F9FFF751FBFFF709
:1056E00089F8FFF7D4FF08BD38B50E4D2B78044676
:1056F000580711D5D9070FD50B4801F041FE2B787B
:10570000DA0709D50948214601F03AFE2B78DB0774
:1057100002D5074801F034FE2046BDE83840FCF7CA
:10572000A5BE00BF5F12002000B80008E5A9000870
:1057300039B400082DE9F74FFDF734F908B1FFF748
:1057400093FFDFF8DCA0DFF8DC8000255646EFB2DF
:105750003846FDF78DF83AF8024B8442814643D033
:1057600098F800309B0701D5FDF788F884EA090412
:10577000A3B20022012423425FFA82FB2FD0FFF75D
:105780009BFFA8B119EA040F14BF012300238DF871
:1057900002308DF800B08DF8017001F089FA40F008
:1057A0000100ADF8040002AB13E9030000F03CF87F
:1057B00036F815305C4026F81540184CFFF7E8F82D
:1057C000FDF77EFFFFF7DCFE2378834222D0FFF750
:1057D000D7FE207003B0BDE8F04FFFF785BF013260
:1057E00064000F2AA4B2C6D10135052DAFD14FF602
:1057F000FF73ADF8003000238DF8023001F058FA45
:1058000040F00100ADF8040002AB13E9030000F022
:105810000BF8D2E703B0BDE8F08F00BFA81100205D
:10582000AA1100205F1200201FB56C4684E8030017
:105830009DF802300BB100F097FF0023ADF80E3059
:1058400094E8030004AB0290ADF80C1013E90300D8
:1058500004B0BDE8104000F01BBD008800F0C6BEDB
:1058600010B50446002845D0031FDBB2A02B15D885
:10587000FDF736FC00283DD11F4B2146186801F08A
:10588000D7F820B1204600F0E9FE00F0B3FF204633
:1058900000F0DCFEBDE8104000F0ACBF00F12003DA
:1058A000DBB2072B07D800F007040120A040C0B2EC
:1058B00000F034FFEEE700F15B03DBB2022B05D80A
:1058C0002438BDE8104080B2FFF7AEBE00F15803A7
:1058D000DBB2162B06D8094ABDE8104032F8130097
:1058E000FFF7B2BEEF2805D9FDF7A2FDBDE81040D5
:1058F000FDF772BE10BD00BF800C002014B8000878
:1059000008B590B3021FD2B2A02A05D800F0A6FEB7
:10591000BDE8084000F06EBF00F12002D2B2072AB5
:1059200007D800F0070301209840C0B200F0FEFE47
:10593000EEE700F15B02D2B2022A04D8BDE80840CB
:105940000020FFF771BE00F15802D2B2162A04D827
:10595000BDE808400020FFF777BEEF2805D9FDF726
:10596000C5FDBDE80840FDF737BE08BD38B50546A2
:105970000C46FFF775FF24B92846BDE83840FFF70D
:10598000BFBF6420013C02F0D8FDA4B2F3E7392880
:105990000CBF50210021FFF7E9BF08B528B100F086
:1059A000BDFEBDE8084000F025BF08BD08B528B120
:1059B00000F0BCFEBDE8084000F01CBF08BD2DE9AA
:1059C000F3478679857880460C4600F065FE3609F7
:1059D0000746A0B12F4695B1C4F3072303F0F003A7
:1059E000402B04D004F12003DBB2072B1ED9022088
:1059F00000F050FF00F050FE80F00100C7B2C4F389
:105A00000339B9F10F0F3FD8DFE819F01200120087
:105A100063006300AF00C6003E003E00D0002C01D2
:105A20003C013C0191013E003E009A010027E6E75F
:105A3000C4F30723C4F3032613F0F00F18BF360195
:105A4000E4B295B156B104F12003DBB2072B304626
:105A500000D93CB900F062FE00F0CCFE2046FFF712
:105A6000FFFE11E000F070FEF6E72046FFF748FF6A
:105A700056B104F12003DBB2072B304600D92CBB12
:105A800000F054FE00F0B6FEA9F10809B9F1030FC9
:105A900003D8FFF775FDFCF7E9FC002F00F05781F4
:105AA00000F0F2FD10F0010040F0518188F8020092
:105AB00000F0E2FD00F0FCFC404600F05EF900F072
:105AC000DBFD02B0BDE8F04700F0FCBC00F044FE96
:105AD000D8E7C4F3072303F0F003C4F3032A202B11
:105AE000E4B218BF4FEA0A1A64B1012C28D07DB382
:105AF0004EB398F80630D907B0D56FF3071388F87E
:105B0000063020E095B13EB900F04AFE40EA0A00B6
:105B1000C0B2FFF742FFB7E7012EF5D100F040FE1B
:105B200040EA0A00C0B200F047FEADE72EB900F02F
:105B300055FE5046FFF73AFFA6E7012EA4D0F6E740
:105B40001DB1052EA0D85046E3E7042E9CD8F0E7FF
:105B5000002EEED0392C0CBF4FF4FA50012002F089
:105B6000ECFC2046FFF7CCFE8EE714F4406FC4F344
:105B7000812307D0012B87D165B1C4F30900FFF75A
:105B800063FD81E725B1C4F30900FFF74DFD7BE715
:105B90002846FAE72846F2E7E0B225B1FDF748FCCF
:105BA000FDF71AFD70E7FDF7A1FCF9E714F4407F5B
:105BB00027D1002D7FF468AFC4F34210E2064FEA0C
:105BC000800048BF0F25C0B248BF854004F00F03D6
:105BD000C4F3812448BFED438340022C45EA03000F
:105BE00009D0032C0AD0012C02D000F037FC4BE77F
:105BF00000F02CFC48E700F039FC45E700F023FCFE
:105C000042E7C4F3012215B302F00103002B3FF475
:105C10003BAFC4F342108000C2B204F00F0000FAA0
:105C200002F114F010001CBF0F2303FA02F0C4F3BA
:105C3000812414BFC3430346022C43EA01000BD066
:105C4000032C0CD0012C04D000F05AFC1CE75308A4
:105C5000DCE700F04DFC17E700F05AFC14E700F019
:105C600013FC11E7E6B2C4F3032425B1204600F08B
:105C70001FFC30464DE73046FFF798FE204600F007
:105C800021FC01E75FFA84FAAAF1F003042B39D86A
:105C9000DFE803F0030E151A23003DB1042E3FF692
:105CA000F3AEC4F3042000F019FCEDE6052EF6E790
:105CB000C4F30420002DE2D000F0FAFBE4E6C4F3C4
:105CC0000420002DF8D0DAE725B1C4F3042000F059
:105CD000EAFBD9E600F0E4FBD6E64DB1C4F30420BC
:105CE000019000F0E5FB0198032100F0AFFDCBE649
:105CF000012000F0CFFD012E7FF6C6AE022000F09D
:105D0000C9FDC1E62DB10EB15046A8E6C4F304208A
:105D1000D2E74EB1BAF1390F0CBF4FF4FA5001205F
:105D200002F00BFC50461DE7C4F30420A7E7C4F3C0
:105D30000322E1B24046FCF7A1FB00F017FBA3E60B
:105D4000C4F30322E1B24046FCF79AFB9CE602B0A2
:105D5000BDE8F08713B501880446807800F052FC56
:105D60000146019100F0DCFB00F06CFB019920463C
:105D700002B0BDE81040FFF722BE13B58388028849
:105D8000ADF804200446CBB1BDF804204FF6FF73F4
:105D90009A4213D0FCF70AFA50B900F07DFC68B1C2
:105DA000A3785BB1022002B0BDE8104000F072BDE4
:105DB0002046FFF7CFFF2046FCF7B8F902B010BD30
:105DC00008B50020FFF730FC0020FFF73DFC00F095
:105DD000CBFC00F0DFFC00F00DFDFDF733FDBDE86E
:105DE0000840FDF7F9BB08B500F040FCBDE80840ED
:105DF000FFF7E6BF08B500F0A1FCBDE80840FFF7DB
:105E0000F2BFC0F30332023AC3B20D2A1CD8DFE856
:105E100002F007071B1B141B1B1B0707181B1B1873
:105E2000F02B13D004D8E72B8CBF00200120704743
:105E3000F42B14BF002001207047E72B06D9F12B6B
:105E4000F7E7C0F3C020704700207047012070477B
:105E500007B5ADF80400019800F0C8FB03B05DF889
:105E600004EBFFF7CEBF82B002AB03E9030002B040
:105E7000704782B002AB03E9030002B07047000034
:105E800070B5094B094E1C78094D3378A34200D1F7
:105E900070BD05EBC40355F8340059680134FFF7B1
:105EA000E8FF04F00704F0E7FF110020FE110020D6
:105EB000BE110020024B18685968FFF7DABF00BF17
:105EC000B6110020214BF7B59A7912F0F00F0AD1E4
:105ED0009A7842B11E4A1F4E12781F4D4FF6FF7737
:105EE0003178914201D103B0F0BD98881988ADF89E
:105EF000041038B389B2B94224D005EBC20493F838
:105F000001C061788C451DD193F800C015F832109E
:105F10008C4517D1A178A9B9A188091A89B2C729D6
:105F200010D899790948012262F307119971A37970
:105F300062F30713A371FFF720FF03B0BDE8F04041
:105F4000FFF79EBF013202F00702C9E7B611002039
:105F5000FF110020FE110020BE1100202DE9FF4797
:105F6000C74F0446B9880068009038882378627863
:105F700094F80280B4F804A0ADF80800EC463D4661
:105F8000002900F0D48080B24FF6FF7E704500F00B
:105F9000CE80BE78002E00F0CA80AAEB0101B8794D
:105FA00089B2C72900F0F00900F293803988ADF872
:105FB0000810B9F1000F4BD17145C1461BD08DF8C7
:105FC00000308DF80120BDF800C08C4513D1B8F128
:105FD000000F40F01C81012363F30710B871FFF735
:105FE00069FF3846FFF7C9FEBB79A371002630462A
:105FF00004B0BDE8F087BAF1000F40F00C81B8F1B1
:10600000000FF3D0AB7943F00103AB71EEE700EB87
:10601000C10595F801C0944506D110F831C09C45E2
:1060200002D1AD78002DE1D1013101F0070106E187
:1060300010F4706F02D0002B00F020812033DBB20F
:10604000072B40F21B812046FFF797FEB14615E172
:10605000714515D08DF800308DF80120BDF800C0D5
:106060008C450DD1B8F1000F0AD1A0712046FFF781
:1060700084FE23683B6063687B60FFF71BFFB6E725
:106080008DF800308DF801200098FFF7E1FEE0B1B7
:10609000B8F1000F19D0AB791F2B0CD92A88ADF8B5
:1060A000082002A800228DF80A20ADF80CA08DF877
:1060B0000E30FFF762FE23682B6063686B60FFF7AA
:1060C00001FFFFF7F7FE012691E72046FFF755FE97
:1060D000F9E7B9F1000F15D18DF800308DF80120E6
:1060E0008DF80280ADF804A09CE80300FFF7BBFE2A
:1060F0003846FFF742FEC7F80090C7F80490FFF754
:10610000D9FEBBE08DF800308DF801203988BDF84C
:1061100000C08C45B4D1B8F1000FB1D1A0712046B8
:10612000FFF72BFEC7F80080C7F804805FE72888D8
:10613000ADF80800002951D086B24FF6FF708642B4
:106140004CD0AE78002E49D1AAEB010189B2C72903
:1061500035D84646002EB8D08DF800308DF8012095
:106160002988BDF800308B421CD1AB79DA0714D4F2
:1061700013F0F00211D0F02AA37106D0DBB2C3F302
:106180000312013262F30713A3712046FFF7F5FDF6
:1061900023682B6063686B606FE723682B6063681C
:1061A0006B6024E70098FFF753FE002883D1AB799A
:1061B000204643F00103AB71FFF7DFFD17E78DF8D1
:1061C0000280ADF804A08DF800308DF801209CE825
:1061D0000300FFF748FE2E606E604EE7B8F1000F37
:1061E0003FF473AF8DF800308DF801200098FFF771
:1061F0002FFE064600283FF468AF23682B606368D3
:106200001F486B60FFF729FBFFF75CFE35E7BAF12B
:10621000000F3FF4F7AE8DF808308DF80920BDF877
:1062200008004FF6FF7188423FF4E9AEB8F1000F65
:106230007FF4E8AE13481449077809781348B94247
:106240007FF4E5AE8DF800308DF80120009800F065
:10625000CDF9C0F30332012AC3B27FF6E9AE0E32A4
:1062600002F00F02012A3FF6EEAE10F4706F3FF419
:10627000E5AEA27912F0F00F7FF4E0AE4E46B6E63E
:10628000B6110020FE110020FF110020BE110020D9
:10629000F0B587B06D4685E803002846FFF75EFE3F
:1062A0002E4F2F4E044688B1BDF80430BDF80020B3
:1062B000ADF8102043B192B24FF6FF739A4203D06B
:1062C00095E80300FFF7D5FD264C41E095E8030073
:1062D00004AB83E80300BDF80410BDF81020ADF84E
:1062E0000C200029F0D01FFA82FC4FF6FF72944573
:1062F0003D783078E8D06A1C02F0070282420DD067
:10630000184CADF8141003CB04EBC50C44F8350061
:106310003A70CCF80410FFF7B3FDD5E7FFF76AFD3C
:10632000114B3C7034701C605C60CDE704EBC00026
:10633000FFF714FE80B1337804EBC30254F8330046
:106340005168FFF796FD3378013303F0070333708C
:1063500030783B788342E9D107B0F0BDFE110020D0
:10636000FF110020BE110020B6110020F8B5034631
:1063700060B1002501261C4614F8010B74283FD09B
:106380000BD802282DD002D8012812D0F8BD031F47
:106390006F2BFBD8FFF764FA1AE075283AD000F1AA
:1063A0007C03DBB26F2BF1D800F07F00FFF7A8FA77
:1063B0000EE09C1C5B7803F12002D2B2072A0ED8B3
:1063C00003F007039840C0B200F0D4F900F012FACD
:1063D0002F46013FFFB2FF2F1FD12346CBE71846C0
:1063E000D8E758789C1C00F12003DBB2072BDDD8DE
:1063F00000F0070006FA00F0C0B200F0C3F9E5E7CC
:106400005F789C1C013FFFB2FF2FE1D0642002F0B7
:1064100094F8F7E75D789C1CDAE7642002F08DF8C9
:10642000D7E7704708B5FFF7FCFF08BD08B5FFF7D1
:10643000F9FF034B1860BDE80840FFF7C1BC00BF7F
:10644000001200207047FFF7F1BF0000024B1B68ED
:106450001843FFF7EBBF00BF00120020024B1B6880
:106460001840FFF7E3BF00BF00120020024B1B687B
:106470005840FFF7DBBF00BF00120020704708B58F
:10648000FFF7FCFF08BD000008B5FFF7F8FF034B5E
:106490001860BDE80840FFF793BC00BF041200205D
:1064A0000020FFF7F1BF012303FA00F0FFF7ECBF74
:1064B000012303FA00F0024B1B681843FFF7E4BF07
:1064C00004120020012303FA00F0034B1B6823EAA7
:1064D0000000FFF7D9BF00BF04120020012303FA18
:1064E00000F0024B1B685840FFF7CEBF041200209B
:1064F000024B1B681843FFF7C7BF00BF0412002000
:10650000024B1B681840FFF7BFBF00BF04120020FA
:10651000024B1B685840FFF7B7BF00BF04120020B2
:1065200070470000C0F30723C3EB031337B553FADA
:1065300080F000F0070301229A40C0F3C4000A4B28
:1065400000EB8000D2B218440024057821FA04F34D
:1065500043F300036B40134001346B40052C00F8FB
:10656000013BF2D103B030BD08120020C0F3072375
:10657000C3EB031313B553FA80F00B4900F0070483
:10658000C0F3C40000EB800000220144104611F863
:10659000013BE34003F00103934001321843052A15
:1065A000C0B2F4D102B010BD081200200D4B73B57B
:1065B0001E680D4BADF804001B681F241E4326FA0D
:1065C00004F3DB07E5B205D4013CF8D200252846E8
:1065D00002B070BD01992846FBF75AFF80B201282E
:1065E000F2D0F4E7041200200012002007B5ADF845
:1065F00004000198FFF7DAFF019903B05DF804EB9E
:10660000FBF746BF13B5104BADF804101B782BB148
:10661000019802B0BDE81040FFF7E8BF70B10198E3
:10662000FFF7C4FF044601460198FFF77BFF01997D
:10663000204602B0BDE81040FBF72ABF0198FFF7E3
:1066400095FF0446F3E700BFB4110020024B01465A
:10665000186800F071BA00BF800C0020024B0146A0
:10666000186800F083BA00BF800C0020014B186846
:1066700000F096BA800C0020024B93F90000C0F3A2
:10668000C70070475B120020024B187800F007002B
:10669000704700BF5B120020034B187810F0070012
:1066A00018BF0120704700BF5B1200200C4A5378CE
:1066B000C3F38001814210B504460FD060F382031A
:1066C0005370108800F02AF9064B1B78DB0705D5BC
:1066D00021460548BDE8104000F052BE10BD00BF85
:1066E000B81500205F12002042B80008044B58780B
:1066F000C0F3800080F0010000F00100FFF7D6BF7A
:10670000B81500200120FFF7D1BF0020FFF7CEBF52
:10671000014B1878704700BF5D120020024B1A78B9
:1067200010431870704700BF5D120020024A1378B2
:1067300023EA0000107070475D120020014B002218
:106740001A7070475D120020024B1A7810431870BF
:10675000704700BF5E120020024A137823EA00004F
:10676000107070475E120020014B00221A707047B3
:106770005E120020024B1A7810431870704700BF59
:106780005A120020024A137823EA00001070704762
:106790005A120020014B00221A7070475A12002032
:1067A000014B1878704700BF5C120020704708B595
:1067B000FFF7FCFF08BD0000064A5278520708B5F3
:1067C00006D4054A1178814202D01070FFF7EFFF1E
:1067D00008BD00BFB81500205C12002008B5044BAE
:1067E0001A781AB100201870FFF7E1FF08BD00BF4A
:1067F0005C12002010B50D4B0D491B7809780D4C2B
:106800000B430D49206809780B430C490370097844
:1068100031B10B43037000F0EDF808B1FFF7DEFF74
:106820002068BDE81040FEF7B3BE00BF5D12002037
:106830005E120020800C00205A1200205C12002002
:10684000704708B5FFF7FCFF08BD00000A4A527800
:10685000520710B50CD4094C41EAC0012170FFF772
:1068600027FE94F90000C0F3C700FFF7EAFF10BD50
:10687000BDE81040FFF71CBEB81500205B120020D9
:1068800008B5034B00201870FFF7DBFF08BD00BF01
:106890005B12002008B50C4A92F9003023EA000090
:1068A00040B21070420702D1DBB2834203D1074BE2
:1068B0005B785B0707D5C0F3C700FFF703FEBDE8B1
:1068C0000840FFF7DDBF08BD5B120020B8150020AF
:1068D00008B5FCF7D1FFBDE808404FF6FF71002076
:1068E000FDF751B808B50020FDF72DF84FF6EA6323
:1068F000C31A5842584108BD0220FDF719B80320B9
:10690000FDF716B810B50420FDF712F80446222052
:10691000FDF70EF844EA002080B210BD10B5C1B2F8
:1069200004460420FDF70CF8210A2220BDE810409F
:10693000FDF706B801460F20FDF74EB801461320BB
:10694000FDF74AB80020FFF7F9BF08B50020FFF7B0
:10695000F1FFFFF7F7FF08BD10B5FCF78DFF4FF60D
:10696000EA610020FDF70FF800210220FCF7E8FFA4
:10697000002103200024FCF7E3FF1A4B21460420EA
:106980001C60FCF7DDFF21462220FCF7D9FF2146E1
:106990000520FCF7D5FF21460620FCF7D1FFFF219B
:1069A0000720FCF7CDFF21460820FDF715F821460A
:1069B0000D20FCF7C5FF21461820FDF70DF82146F4
:1069C0001720FCF7BDFF21461C20FDF705F82146E6
:1069D0002020FCF7D8FF21461820FCF7FDFFFFF729
:1069E000B4FF10BD00120020FFF7B6BF01460E2015
:1069F000FCF7A6BF0C4B1B78821C63B10B4B93F9C1
:106A00000030002BACBF06231E230020013BDBB26D
:106A1000FF2B02D170470623F7E712F8011B00296C
:106A2000F4D00130C0B2F1E7300F0020B8150020DB
:106A3000F9B1124B1B78A3B1114B93F90030002B25
:106A40000FDAEF294FEAD10213D81044012301F0E5
:106A5000070103FA01F18378194214BF01200020D5
:106A60007047831C083013F8012B8A4203D08342FD
:106A7000F9D1002070470120704700BF300F00207F
:106A8000B815002030B54FF0FF32841C002314F8F5
:106A9000015B8D420ED0B2F1FF3F02D1002D08BF45
:106AA0001A460133DDB2062D5BB2F0D1531C01D082
:106AB0001044817030BD10B5831C0022083013F8DB
:106AC000014B8C4208BF03F8012C8342F7D110BD63
:106AD000EF294FEAD10209D8104401F00703827868
:106AE000012101FA03F3134383707047034B1B78B2
:106AF000DB0702D5024800F043BC70475F1200205C
:106B000057B80008EF294FEAD10209D8104401F024
:106B1000070301219940837823EA010383707047BA
:106B2000034B1B78DB0702D5024800F029BC7047F5
:106B30005F12002075B8000810B40A4C2478034690
:106B40000A4644B1084C94F90040002C03DA5DF881
:106B5000044BFFF7BDBF5DF8044B11461846FFF725
:106B600091BF00BF300F0020B815002010B40A4CB0
:106B7000247803460A4644B1084C94F90040002C9E
:106B800003DA5DF8044BFFF7BDBF5DF8044B114617
:106B90001846FFF790BF00BF300F0020B815002047
:106BA000094A1278831C4AB1084A92F90020002A47
:106BB00004DA1E2200211846F9F75CBE0022C0F854
:106BC00002209A80704700BF300F0020B8150020C7
:106BD000704708B5FFF7FCFF08BD08B50020FBF7BC
:106BE00045FCFFF7F6FFBDE8084040F2A46001F065
:106BF000A4BC7047704710B5FFF7FBFFFBF7D2FE50
:106C0000FFF7F8FF0024E0B2FBF732FE18B90134B9
:106C1000052CF8D110BD0120FCE7704708B5FFF73F
:106C2000FCFF08BD08B5FFF789FDFFF79DFDFFF7E5
:106C30001DFDFCF707FE0020FEF7F6FC0020FEF726
:106C400003FDFEF79DFCFBF711FCFFF7E7FF08BD16
:106C500008B5202383F3118801F018FE002383F385
:106C60001188014B186008BD60120020FFF7F0BFCB
:106C700038B5202383F3118801F008FE002383F345
:106C80001188084B084C1968084A411A00254FF42E
:106C90007A70E0FB0145002320462946F9F77AFB8C
:106CA00038BD00BF601200209F860100A086010051
:106CB00008B5FFF7DDFF80B208BD10B50446FFF749
:106CC000D7FF001B80B210BD074B084A1A60BFF304
:106CD0004F8F0749074BCA6802F4E0621343CB6049
:106CE000BFF34F8F00BFFDE7FC9F0020EFBEADDE7E
:106CF00000ED00E00400FA050A4A08B552F8041C49
:106D0000094B99420DD1002342F8043C83F31488C7
:106D1000064B1B6883F3088862B6054B1B689847CF
:106D2000FEE708BD00A00020EFBEADDE00D8FF1FCB
:106D300004D8FF1F70472DE9F04F8BB01646149C06
:106D40009DF85480169FDDE9185281460CB922F057
:106D5000100212F48060009000D00CB312F0200FEB
:106D6000A4460DF1080A4FF0000414BF4FF0370B92
:106D70004FF0570BBCFBF7FE07FB1ECE5FFA8EF001
:106D8000BEF1090F94BF30305844C0B2BC450AF878
:106D9000010BBCFBF7F004F1010401D3202C12D14C
:106DA00012F0020B23D102F0010E4DB1BEF1000F23
:106DB00006D0B8F1000F02D112F00C0F00D0013D47
:106DC0004FF0300C05E08446D4E702A800F804C078
:106DD00001341798A04201D9202CF6D14FF0300C85
:106DE000BEF1000F03D0A54201D91F2C4AD9D0060D
:106DF00020D5009800284BD1002C49D01798A042EC
:106E000001D0AC4244D1601E41D0102F4AD1023C87
:106E1000900649D41F2C18D80AA82044782700F8D7
:106E2000207C01341F2C10D80AA82044302700F8F9
:106E3000207C01341F2C08D8B8F1000F3AD00AA8E2
:106E400020442D2700F8207C013492074FD037468C
:106E5000A24604EB0708A8EB0A02BAF1000F4AD1D8
:106E6000BBF1000F0AD0A8EB06042746AF4206EBA1
:106E700007024BD32E44A54228BFB04640460BB074
:106E8000BDE8F08F02A800F804C00134A8E704466A
:106E9000102FBDD0022FC5D11F2CD6D80AA8204450
:106EA0006227BCE70446F5E71F2CCED80AA8204489
:106EB0005827B4E7570703D50AA820442B27C1E772
:106EC0001007C2D50AA820442027BBE72020CDE91F
:106ED0000013C847DDE900130137BD4208EB070284
:106EE000F4D82F1BA54238BF00273744B0E7274608
:106EF000A6EB0408F1E70AF1FF3A02A8CDE9001376
:106F000010F80A00C847DDE90013A2E72020CDE908
:106F100000130137C847DDE90013A7E708B100F007
:106F20004BBA70472DE9F04F8FB000291F46189ECD
:106F3000B74B18BF0346914607930025387860B9D0
:106F40004D45079C2CBF09F1FF322A464B460020D5
:106F5000A04728460FB0BDE8F08F252807F10107AC
:106F600007D06C1C2A464B46079D0891A84725462A
:106F700024E1002306E02D2A15D0302A0CD143F05D
:106F800001030746384610F8012B2B2A0ED0F2D801
:106F9000202A0ED0232A0FD0A2F13004092C29D8A0
:106FA0004FF0000811E043F00203EAE743F0040366
:106FB000E7E743F00803E4E743F01003E1E70A24BE
:106FC00004FB0828A8F130080746384610F8012BC2
:106FD000A2F13004092CF2D93A782E2A4CD17878D3
:106FE000A0F13004092C07F1010243F480633AD880
:106FF000002414E02A2A0AD156F8048BB8F1000FB5
:10700000BCBF43F00203C8F100080746E4E74FF0B5
:107010000008E1E70A2202FB0404303C3A46174626
:1070200017F8010BA0F1300CBCF1090FF2D917468B
:107030003A4612F8010B6C2825D01FD8682829D0B1
:107040006A2830D03A46174617F8010B782888D8B6
:1070500061282BD8252884D0582882D143F02003DA
:107060004FF0100C6AE02A2805D156F8044B02377D
:1070700024EAE474DCE717460024D9E77A28E1D152
:1070800043F48073DFE778786C28F9D143F44073D8
:10709000BA1CD8E77878682802D043F08003D2E79A
:1070A00043F0C003F4E743F40073CCE7A0F16202BD
:1070B000162A3FF656AF0FF2080C5CF822F000BF1C
:1070C0001D710008E17100081D710008636F000860
:1070D000636F0008636F0008636F00081D7100088C
:1070E000636F0008636F0008636F0008636F000838
:1070F000636F00081D7100084B730008636F000880
:10710000636F000875720008636F00081D71000846
:10711000636F0008636F00081D71000878289FD016
:107120006F2800F02781622800F02781692823F06A
:1071300010034FF00A0C03D0642801D023F00C0395
:107140005A0548BF23F00103692803F4007201D0F7
:1071500064281DD1002A7FF4F1AEDA0506F1040A95
:107160000CD53268CDE902C4CDE90483002A4FEA88
:10717000D2730193B8BF5242009217E013F0400F50
:10718000326801D0D2B2EDE71E0648BF12B2E9E77D
:10719000002A7FF4D3AED80506F1040A10D5CDE954
:1071A0000483CDE902C40192336800932A4607980C
:1071B00008914B46FFF7BFFD564605460899BDE6C8
:1071C00013F0400F326807D0D2B2CDE90483002318
:1071D000CDE902C40193CFE7180648BF92B2F4E7A5
:1071E00013F0020308932ED04FF0010A56F8040B57
:1071F00009914B46079C2A46C0B2A047DDE90831F9
:1072000005F1010B002B33D054465A4628E000BF4D
:10721000356D00080991079C4B462020A04709992D
:107220000AEB05020AF1010AC245F3D3B8F1000FD7
:1072300008F1FF3308BF002308F1010A1D4408BF0D
:107240004FF0020AD2E7DDF820A0E9E7531C0893CB
:107250000991079D4B462020A847DDE9082101340C
:107260004445F3D3A8EB0A03D04538BF00239B4421
:107270005D4663E63246002C52F804AB089214BF18
:1072800022464FF0FF325244D3469BF8000008B12B
:107290005A4511D113F48062ABEB0A0B099202D06C
:1072A000A34528BFA34613F002030A931DD1ABEBFD
:1072B00005032A460B930BE00BF1010BE5E7531C8A
:1072C0000C930D91079E4B462020B047DDE90C2121
:1072D0000B9B13444345F2D3A8EB0B03D84538BFAF
:1072E00000230BF1010B1D449B445646A5EB0A0AF3
:1072F00006E01C462A460B91079D4B46A8470B9972
:107300000AEB060516F8010B28B1099B002BF1D0FA
:10731000631E002CEDD10A9BABB12A46ABEB050AEC
:1073200007E00991079C4B462020561CA04709996D
:10733000324602EB0A039845F3D8A8EB0B03D84575
:1073400038BF00231D44089EF8E543F02103059350
:107350000823CDE9034310220023CDE9013256F87A
:10736000043B00932A46079808914B46FFF7E3FC3D
:10737000054623E74FF0080CE0E64FF0020CDDE68F
:107380000FB41FB506AA02A952F8043B039200925B
:1073900004484FF0FF32FFF7C5FD05B05DF804EB80
:1073A00004B070471D6F000800207047014B186043
:1073B000704700BF840C0020014B1B68184700BFBA
:1073C000840C002010B5084A084C117824784B1C16
:1073D00003F00F039C421DBF054C13706054002046
:1073E00018BF012010BD00BF2D1E00202E1E002042
:1073F0001D1E00207047000010B5202383F3118864
:10740000064C04F1D40000F013FD04F50A7000F0FE
:107410000FFD002383F3118810BD00BF880C0020EE
:1074200038B5094C104622460D46002142F8041F8B
:1074300040EA0520194600F0BFFB20606068002884
:1074400018BF204638BD00BFA414002090F87A1061
:10745000074A0229137807D103F0FB03012B05D15A
:10746000044B52781A707047024A1370704700BF7D
:10747000FA140020D814002038B50546052958D83C
:10748000DFE801F05B57185B5803202585F311886E
:10749000324800F08DFC002484F3118885F31188B4
:1074A0002F4800F085FC84F311880520BDE83840A2
:1074B000FFF788BF202383F311882A4C2A4A012131
:1074C00001F063FC294A0421284601F05EFC94F88F
:1074D000B41004F14402284601F057FC94F8B510AA
:1074E00004F16802284601F050FC94F8B61021B16E
:1074F00004F18C02284601F048FC184800F063FCB7
:107500001B4A94F80812284601F03FFC94F809122F
:10751000184A284601F039FC94F80A1219B1164AA3
:10752000284601F032FC0E4800F04DFC002383F3A6
:10753000118838BD0420FFF745FF202585F3118809
:10754000064800F01DFC002484F3118885F311889F
:10755000034800F015FC84F31188EAE75C0D002075
:10756000B00E0020880C002094B80008B8B80008BD
:10757000200E0020440E0020680E002013B50446A3
:107580000748C2680B461AB1019100F0FBFD019B50
:10759000044A0348214602B0BDE8104000F098BDFF
:1075A000C4140020A975000870B52023064683F393
:1075B00011880378042B03D0002383F3118870BD56
:1075C000144B1B78DB09F7D1134C2278002AF3D037
:1075D000124B1B78002BEFD003899B0704D4104A71
:1075E0000823012101F023FC0E4B247840F2E73000
:1075F000A4FB034520184FF000014FF47A724FF0BE
:10760000000345EB0101F8F7C5FE31468000FFF7A6
:10761000B5FFD1E7B8150020C0140020300F0020BE
:10762000D9140020A0860100F8B590F8743003F05A
:107630007F02212A044674D113F0800F90F8750060
:1076400021D0022819D003280ED0012869D194F83E
:1076500078302BB9484AA2662022E2662367F8BD3B
:107660000023C4E91A33F9E7B4F87830002B58D175
:10767000424AA2660120E066F0E7414BA366012082
:10768000E0660023EAE70A2842D00B280ED009283A
:1076900047D194F8783013F0FD0F42D1394BA366EF
:1076A0000223E366384B23670120D8E7B4F878302B
:1076B00053BB94F87650314B002D14BF01210021AB
:1076C0001970324B1A7861F3C7121A701CD12C4B07
:1076D0001A78CAB1202282F311881E782C4B40F20E
:1076E000E730A6FB036730184FF000014FF47A72C1
:1076F0004FF0000347EB0101F8F74CFE21468000F4
:10770000FFF73CFF85F311880023C4E91A33CAE769
:107710001E491B4B0D7894F877201A70ED09F3D1B0
:10772000D7E7B4F8742040F281639A4208D0194B2D
:1077300093F8B620D2B993F80A32BBB900208EE78D
:1077400094F87920616894F878304D6894F877104F
:1077500043EA0223204694F87620A8470028EDD07B
:107760004368A3660368E36600239CE72046BDE800
:10777000F84000F03FBB00BFD9140020300F0020BC
:10778000C0140020FA1400204D740008B815002021
:10779000A0860100880C00207047000008B5102268
:1077A00004480021F9F766F8034A00231370034ADE
:1077B000137008BD1D1E00202D1E00202E1E00204F
:1077C000F8B50C4C0C4E2546307823780B4F002131
:1077D000984202D101B12870F8BD1A460133BA5C53
:1077E000052A03F00F034FF00101F1D12B70FFF7D1
:1077F00019FAE9E72E1E00202D1E00201D1E002074
:1078000070B5274C04F10803A36504F11C03C4F808
:10781000803004F13003C4F8A03004F1B001054613
:1078200004F1D40000F06AFA04F1B00101F124007F
:1078300000F08EFA04F5AE73C4F8AC3104F5B873F9
:10784000C4F8D43104F5C273C4F8F43104F50171FD
:1078500004F50A7000F052FA04F5017101F12400F8
:107860004FF0904400F074FA4FF4805601224FF428
:1078700080514FF0904001F074FF0A48668300F099
:107880005CFE0949284601F040FA40F20272314696
:10789000204601F066FF054B0022DA6070BD00BF94
:1078A000880C0020F0490200DCB80008C414002055
:1078B00070B54FF0904504464FF4805601F03BFA06
:1078C00001224FF480514FF0904001F04AFF2046D2
:1078D00005496E8301F019FA3146284640F20272DA
:1078E000BDE8704001F03DBFDCB80008014B1878DE
:1078F000704700BFD814002070B52023044683F3DE
:107900001188204D2B78042B2E4625D11E4A2B8919
:1079100092F90020002A23DA1C4A127802B3DA0610
:1079200010D4202322460421164801F080FA184B77
:10793000224604F1200152F8040B43F8040B8A425A
:10794000F9D109E0EB6958694FF0FF310C3000F0D4
:1079500001FE2B78042BE4D0002383F3118870BD43
:107960009B0703D4082322460121DDE733695869C8
:107970004FF0FF310C3000F0EDFD3378042BEBD1EC
:10798000F0E700BF20210020B8150020300F0020B4
:10799000D914002007B52023024683F311880F4B2A
:1079A0001978042905D0002383F3118803B05DF80A
:1079B00004FB1989C9060AD5DB69019058694FF49F
:1079C0007A710C3000F0C6FD0130019AEBD003480B
:1079D0000623042101F02BFAE5E700BF2021002057
:1079E00013B5202383F31188094C2178042904D08E
:1079F000002383F3118802B010BD0323ADF8050006
:107A000001AA20468DF8043001F011FAF0E700BF1A
:107A10002021002013B5202383F31188094C2178FD
:107A2000042904D0002383F3118802B010BDADF8FF
:107A30000500032301AA20468DF8041001F0F7F990
:107A4000F0E700BF2021002037B50C4C8DF807006F
:107A500023780B48002B50F8D43F4FF00102DD692A
:107A60000DF107010CBF4FF4FA730023A847B0FAD9
:107A700080F35B0940B2237003B030BD10150020C5
:107A8000880C002010B50648D0F8D43088B01C6AA5
:107A9000202200236946D430A04708B010BD00BFA3
:107AA000880C0020202910B40A460AD1064BD3F8CE
:107AB00028124C68014603F50A7023465DF8044B12
:107AC00018475DF8044B7047880C002010B5094832
:107AD000D0F8283288B01C6A20220023694600F5BD
:107AE0000A70A04718B1C1B26846FDF7E6F908B0C0
:107AF00010BD00BF880C0020FFF7FEB8704770472C
:107B000008B5FFF7F9FF02F089FCFFF7F7FF08BDA2
:107B100008B502F0C5FCFFF7F2FF08BD70B500F034
:107B200089FE00F093FAFDF7B7FDFFF737FE1D4819
:107B30001C4D1D4EFFF764FE41F2883000F0FDFC45
:107B40001A48FFF71DFCFDF7C3FD1948FDF712FDAC
:107B50001848FFF715FC2C46FFF732FE2B78052B53
:107B600009D13046FFF70CFC2378052B0CD0FEF72B
:107B700041FEFBF731FDFDF7DDFDFFF783FFFFF76A
:107B8000A5FFFDF79FFDE7E7FFF727F8FFF733F8BD
:107B90000028E9D0204601F05DF92046FFF788FE75
:107BA000E2E700BF202100200EB90008ECB8000871
:107BB000340F0020FDB8000810B5040A032C0FD0C4
:107BC00007D8012C23D0022C07D1124B7B20136045
:107BD00010BD212C0DD0222C12D000200346F6E738
:107BE000C0B20228F9D80C4B0C4953F82030405C45
:107BF000EDE70329F1D80A4B092053F82130E6E7D5
:107C00000329EAD8074B084853F82130EFE7074B20
:107C10001220DCE748B9000814B9000820B90008B0
:107C200024B9000834B9000844B90008E5B90008CF
:107C300013B5446BE36F1A681178042915D1217AC2
:107C4000022912D11979128901238B4013420CD1D8
:107C500001A904F1440000F00FFF024628B1E46FCF
:107C6000019B2179206801F0E2F802B010BD0C30D0
:107C700000F094BE4FF0FF330C3000F08FBE443064
:107C800000F062BF4FF0FF33443000F05DBF0C30B6
:107C900000F067BE4FF0FF310C3000F062BE4430A0
:107CA00000F032BF4FF0FF32443000F02DBF70B50E
:107CB000C36F1A6811780429054601D0012070BDF0
:107CC000017A0229FAD1187901238340508913EAF5
:107CD0000004F3D105F10C0000F0FEFD024600287F
:107CE000ECD0EE6FAB6A30687179043B01F08DF82F
:107CF0002046E4E7406BFFF7DABF00007FB503469C
:107D0000104A43F8042B012643600F4B0672029081
:107D10000193CB6800930D4604464B690A6A0C3008
:107D2000314600F0B7FD094B0193AB680093EA6957
:107D30002B690294314604F1440000F07AFE04B04D
:107D400070BD00BF48BB0008F57C0008317C00080E
:107D50000B68202282F311880A7903EB8202906279
:107D60004A79113243F822008A7912B103EB820377
:107D7000986202230372C167002383F3118870475E
:107D800038B5044601250221043000F0E0FC04F17E
:107D90000C0025756FF0010100F00FFC84F84C50C9
:107DA00004F144006FF00101BDE8384000F005BC6B
:107DB00010B501210446043000F0C9FC00232375EE
:107DC00084F84C3010BD38B5044600250C3000F066
:107DD00078FD04F14400257500F042FE201D84F872
:107DE0004C50012100F0B3FC2046BDE83840FFF7BD
:107DF0005EBF000090F8743003F06003202B07D1C1
:107E000090F87520212A4FF0000303D81F2A06D8C6
:107E100000207047222AFBD1C0E91A3303E0034A4D
:107E200082660722C266036701207047480F002060
:107E300073B5C36F1A6811780429044627D1017AF3
:107E4000022924D11979158901238B401D401ED1A7
:107E500000F14406304600F0BFFEC0B1304601A933
:107E600000F00AFEE36F1A7E06464AB101981A69CD
:107E70002946121A3044F8F7FDFCE36F1B690193A1
:107E8000E06F019B01790068324600F0D0FF02B03C
:107E900070BDF0B500EB810385B09E6A04460D46C7
:107EA000FEB1202383F3118804EB8507301D0821E0
:107EB00000F04DFCFB685B691B6806F144001BB1D8
:107EC000019000F0E6FD019803A900F0D5FD0246FF
:107ED00048B1039B2946204600F0A9FF002383F305
:107EE000118805B0F0BDFB685A691268002AF5D008
:107EF0001B8A013B1342F1D1F36F1B7E002BEDD1A6
:107F000004F17402E6E7113110B550F82140C4B114
:107F1000202383F311880421601800F018FCE26F1D
:107F20001368527903EB820304F10C00DB689B6950
:107F3000596800F0DBFC2046FFF7B9FE002383F30D
:107F4000118810BD70470000024B034A1A60034AB3
:107F50005A607047301E0020B021002000A0002091
:107F6000094B30B51C684D1E224449422A440A4040
:107F700059681044814204D3844202D818601046E4
:107F800030BD0022FBE700BF301E0020074B10B5BC
:107F90005C684942201A08401968821A914203D845
:107FA000944201D35A6010BD0020FCE7301E00202F
:107FB00008B5202383F31188FFF7D2FF002383F352
:107FC000118808BD08B5202383F31188FFF7DEFF71
:107FD000002383F3118808BD0448054B0360002388
:107FE000C0E901330C3000F050BB00BF1415002075
:107FF000C57F000870477047FEE700001149F0B5E3
:1080000008200026D1E901340A681D46043AAC4232
:1080100010D8E21CD21ADD1E22F00302AC4238BF97
:1080200000221344CA689A4209D8013801F11001AC
:10803000E8D1F0BD52F8047F45F8047BE7E743F848
:10804000046BF0E770BB0008FEE7000010B5114CB0
:1080500000F016F900F02EF8FFF776FFFFF7BCFFEF
:1080600000F0ECFA0C498022204600F0FBF90B4BA3
:10807000C361012380F8203044F8180C00F08CFB19
:10808000002383F3118862B60548BDE8104000F074
:108090001FBA00BFC81F002020BC00080004002039
:1080A000F8BB000872B6014BD862FEE7981F0020AB
:1080B00000F0A4B8054B03F11C02C3E907224FF0FE
:1080C000FF310022C3E90912704700BF981F00204A
:1080D000F8B50D46C0E90323044600F0D7FB022D96
:1080E0002946274D2A4638BF022152F81C3F9342A9
:1080F0002E4617460AD1A862C5E907440844C4E9D8
:108100000033A160BDE8F84000F0AFBBD5F828C04F
:10811000A0EB0C0289180D4627D34FF0000E9D6886
:10812000AA421DD8BB420CEB020EACEB000018BFFC
:10813000AA1AC6F828E001EB000518BF9A60F36997
:108140009A68AA4219D35A682360626014605C601E
:10815000A5609A68551B9D604FF0FF337362F8BDB0
:10816000C3F808E0521B1B68D9E79B689942E6D226
:108170000CEB010000F086FBE1E71B68AD1ADFE7BE
:10818000981F00201C4AD169814238B50368154602
:1081900002F11C040DD04268136003685A60A342C8
:1081A0004FF00002C26003D09A6881680A449A6066
:1081B00038BDD361A3424FF000025C60CA6003D1B6
:1081C000BDE8384000F059BB9A688968AC6A0A4437
:1081D0009A6000F05BFBEB699B68021B9342E7D956
:1081E0001C44201A0128A86A98BF931C1844BDE8B3
:1081F000384000F047BB00BF981F00202DE9F84F22
:108200001E4C0027E56904F11C06B84600F03EFB51
:10821000A36AAA68A0EB03094A451CD84FF0200ABC
:10822000AA68A36AD5F80CB01344A3622B68B342C2
:108230005E60A9EB0209E361EF6001D100F01DFB74
:1082400088F311882869D8478AF31188E569AB68F3
:108250004B45E5D9DAE7E269B2420DD09168A062F8
:108260000B441B1A9360AB68022B2CBFC018023062
:10827000BDE8F84F00F006BBBDE8F88F981F00205E
:10828000034B0022C3E90033C3E904339A6070470B
:10829000981F0020002380F820308268054B1B685F
:1082A00099689142FBD25A6803604260106058603E
:1082B000704700BF981F002008B5202383F3118862
:1082C00090F820200023072A07D8DFE802F00C06E8
:1082D0000604130F0613426A13604FF0FF33436224
:1082E000FFF7D8FF002383F3118808BD426A936823
:1082F00001339360D0E9003213605A60EDE700006B
:10830000002380F820308268054B1B6899689142F1
:10831000FBD85A680360426010605860704700BF25
:10832000981F002038B50D4CA569226885F82000FB
:10833000116821604C600121A26182F82010EFF3E6
:108340000982E969643A914202D90548FFF7AAFE19
:10835000A0692946BDE83840F8F702B8981F002008
:1083600010BC000830B54B1C0B4D87B0044610D034
:10837000AB690A4A01A8FFF7ABFE2046FFF7D2FF20
:10838000049B13B101A8FFF7FDFEAB69586A07B063
:1083900030BDFFF7C7FFF8E7981F0020B98200083B
:1083A00070B5114E4162B36981689A689142044682
:1083B00003D8BDE87040FFF76DBF1846FFF7A0FF78
:1083C00001230546B46184F82030EFF30983C269C4
:1083D000643B9A4202D90548FFF764FE29462046CD
:1083E000BDE87040F7F7BCBF981F002010BC000824
:1083F000044B1A689B6990689B68984294BF002060
:1084000001207047981F002038B50E4C2368A069E2
:108410001A6822605460012283F82020A361FFF7CC
:108420006FFF0546EFF30983C269643B9A4202D9A4
:108430000548FFF737FEA0692946BDE83840F7F741
:108440008FBF00BF981F002010BC000808B5FFF7C1
:10845000CFFF18B1BDE80840FFF7D6BF08BDFFF752
:10846000D3BF00008260C2630022C0E90D22022255
:108470000284012280F82220074A81615169026149
:1084800041610861506100F12802826200F12C0212
:10849000C0E90B22704700BF981F0020D0E90123DC
:1084A00043F82C2CA3F1AC0243F83C2C026943F8AE
:1084B0006C2C426943F8682C044A016843F84C2C40
:1084C000C268A3F14800FFF7CDBF00BF79030008E1
:1084D00010B5202383F31188FFF7E0FF0021044645
:1084E000FFF75EFF002383F31188204610BD0000D4
:1084F00038B50E4B9C69606204F12805A06AA84259
:108500000FD194F822303BB994F821309B0702BF79
:10851000D4E9043213615A61BDE838400F20FFF7F7
:1085200001BF0368A362FFF7B5FEE7E7981F0020CD
:10853000202383F31188FFF7DBBF08B50146202312
:1085400083F311880820FFF70DFF002383F31188C0
:1085500008BD0000054B9B6921B1036058620320F0
:10856000FFF700BF4FF0FF30704700BF981F00209B
:1085700003682BB10022026059621846FFF78ABED9
:108580007047000049B1064B42689B6918605A6009
:10859000136043600420FFF7E5BE4FF0FF307047E3
:1085A000981F00200368984206D01A680260506045
:1085B00059621846FFF76EBE704738B504460D463F
:1085C0002068844200D138BD036823605C60456246
:1085D000FFF760FEF4E700234FF0FF32C0E900230D
:1085E000C0E9023300220023C0E9042370470000E1
:1085F000014B5B6883607047001000E00D4A0E4B32
:10860000516FC2685B68013230B5C260D0E9044581
:1086100082685B1A9B1A42688360E41845F1000582
:108620009342026888BF43609342C0E9044538BF63
:10863000036030BD981F0020001000E030B50A4CE8
:1086400087B0002368466367FFF7C5FF04256846C7
:10865000FFF7CEFF6846FFF7D1FF013DF7D1009B42
:10866000636707B030BD00BF981F002010B50B46F0
:108670001B68994203D09C6882689442F8D25A6879
:10868000036042601060586010BD0023C0E9000024
:108690008360704738B51D4B044680689D69C8B932
:1086A000AB6BA560E360AC6338BD072B01D00C2B2E
:1086B0001BD1D0E90032416A13605A60FFF7D6FF40
:1086C00013E0D0E90032416A13605A60FFF7CEFF31
:1086D000436A9868AB6882689A4206D2836090F8D1
:1086E0002030062BEDD0E0D84BB128462146FFF7CD
:1086F000BDFF6C620620BDE83840FFF713BED0E92D
:10870000003213605A60FFF7C5FDEEE7981F0020A6
:1087100008B5202383F31188FFF7BCFF002383F300
:10872000118808BD436B194390F8203041630A2B30
:1087300003D1436A194205D170470B2B06D1436A16
:108740008B4303D100234362FFF7A4BD704770B58C
:10875000046806460D46B44200D170BDE3682B4361
:10876000E36015B123691D4203D0D4E90101FFF78D
:10877000D9FF2468EFE70000EFF3098305494A6851
:1087800022F001024A60683383F30988002383F3EF
:108790001188704730EF00E0202080F3118862B626
:1087A0000B4B0C4AD96821F4E0610904090C0A4317
:1087B0000949DA60CA6842F08072CA6007490A68EB
:1087C00042F001020A601022DA7783F82200704733
:1087D00000ED00E00003FA05F0ED00E0001000E01D
:1087E00010B5202383F311880E4B5B6813F40063EC
:1087F00014D0F1EE103AEFF30984683C4FF0807327
:10880000E361094BDB68236684F30988FFF7F0FD19
:1088100010B1064BA36110BD054BFBE783F3118834
:10882000F9E700BF00ED00E030EF00E08B03000847
:108830008E03000808B500F0DBFD00F091FF00F0AA
:10884000E9F900F0F1F900F0F6F900F0FDF900F0B7
:1088500005FA00F049FA00F000FAFFF759F9BDE80F
:10886000084000F000B801F0EBB94FF0804300225F
:1088700058631A610222DA6070474FF08043002289
:10888000DA6070474FF08043586370474FF0804381
:10889000586A704730B5039C0172043304FB03250A
:1088A000C0E90653049B03630021059BC160C0E936
:1088B0000000C0E90422C0E90842C0E90A1143638C
:1088C00030BD416A0022C0E90411C0E90A22C26039
:1088D0006FF00101FFF771BED0E90432934201D17C
:1088E000C2680AB9181D70470020704703691960F3
:1088F000C2680132C260C269134482690361934253
:1089000024BF436A03610021FFF74CBE38B504461B
:108910000D46E3683BB16269131D1268A3621344FC
:10892000E362002007E0237A33B929462046FFF7A7
:1089300029FE0028EDDA38BD6FF00100FBE7C368BF
:10894000C269013BC3604369134482694361934236
:1089500024BF436A436100238362036B03B118475A
:10896000704770B52023044683F31188866A3EB9A8
:10897000FFF7CCFF054618B186F31188284670BD75
:10898000A36AE26A13F8015BA362934202D3204612
:10899000FFF7D5FF002383F31188EFE72DE9F84FA8
:1089A00004460E4690469946202787F311880025F5
:1089B000AA46D4F828B0BBF1000F09D14946204699
:1089C000FFF7A4FF20B18BF311882846BDE8F88F8C
:1089D000D4E90A12A8EB050B521A934528BF934617
:1089E000BBF1400F1BD9334601F1400251F8040B93
:1089F00043F8040B9142F9D1A36A40334036A36295
:108A00004035D4E90A239A4202D32046FFF797FF64
:108A10008AF311884545D8D287F31188C9E73046D3
:108A20005A46F7F78DFEA36A5B445E44A3625D4439
:108A3000E7E710B5029C0172043304FB0321C0E98F
:108A400006130023C0E90A33039B0363049BC4603D
:108A5000C0E90000C0E90422C0E90842436310BD38
:108A6000026AC260426AC0E904220022C0E90A2206
:108A70006FF00101FFF7A1BDD0E904239A4201D1B3
:108A8000C26822B9184650F8043B0B6070470020BA
:108A90007047C368C2690133C36043691344826984
:108AA0004361934224BF436A43610021FFF77ABDCB
:108AB00038B504460D46E3683BB123691A1DA2622E
:108AC000E2691344E362002007E0237A33B92946C0
:108AD0002046FFF757FD0028EDDA38BD6FF00100A2
:108AE000FBE703691960C268013AC260C2691344B6
:108AF00082690361934224BF436A03610023836256
:108B0000036B03B11847704770B520230D46044628
:108B1000114683F31188866A2EB9FFF7C9FF10B199
:108B200086F3118870BDA36A1D70A36AE26A0133DF
:108B30009342A36204D3E16920460439FFF7D1FFD1
:108B4000002080F31188EDE72DE9F84F04460D462B
:108B500091469A464FF0200888F311880026B346C4
:108B6000A76A4FB951462046FFF7A2FF20B187F30D
:108B700011883046BDE8F88FD4E90A073A1AA9EB04
:108B80000607974228BF1746402F1BD905F140031F
:108B900055F8042B40F8042B9D42F9D1A36A4033C9
:108BA000A3624036D4E90A239A4204D3E1692046FD
:108BB0000439FFF796FF8BF311884E45D9D288F31D
:108BC0001188CDE729463A46F7F7BAFDA36A3B4438
:108BD0003D44A3623E44E5E7D0E904239A4217D11D
:108BE000C3689BB1836A8BB1043B9B1A0ED01360A0
:108BF000C368013BC360C3691A44836902619A4236
:108C000024BF436A0361002383620123184670472F
:108C10000023FBE700F084BC012303700023C0E9BC
:108C200004331830FFF731BD01F04AB80123037057
:108C300000234360704700F005BF01230370002349
:108C400043600C30FFF721BD01F09AB80123037097
:108C500000234360C36003747047704700F05ABF3D
:108C6000012303700023C0E901330C30FFF70DBD71
:108C700010B52023044683F31188416000F060FFA3
:108C800002232370002383F3118810BD202383F374
:108C900011884368D3E9022101238B409BB253839F
:108CA000002383F31188704710B5202484F31188C2
:108CB0000324047000F0A8FF002383F3118810BD83
:108CC0000C30FFF725BD10B5044690F8763080F8DB
:108CD0007E3001F0F5F963681B6813B1012120466D
:108CE00098470323237010BD01F0C8B90123037016
:108CF0000023436000F12C0200F1480142F8043BDC
:108D00008A429361FAD18360704738B504462023C4
:108D100083F311880025C0E90355C0E90555C0E972
:108D20000755C0E90955416001F064FA0223237038
:108D300085F3118838BD70B52023044683F311886C
:108D4000254601F0A1F900260123666005F80C3BD9
:108D50002C3455F8043B7BB1586920B16FF0010108
:108D60000C30FFF705FC55F8043C986920B16FF012
:108D700001010C30FFF7FCFBA54245F8046CE8D17B
:108D8000FFF764FB86F3118870BD70B500EB8103BB
:108D900005465069DA600E46144618B114220021C7
:108DA000F7F768FDA06918B114220021F7F762FDFA
:108DB00031462846BDE8704001F08CB9F8B58368AB
:108DC00003F001130446836000F1100500F12C0646
:108DD000002755F8043B7BB1586920B16FF00101C1
:108DE0000C30FFF7C5FB55F8043C986920B16FF0D3
:108DF00001010C30FFF7BCFBB54245F8047CE8D11B
:108E00002046BDE8F84001F01BBAF0B400EB810445
:108E10004789E4680125A4698D403D43458123606D
:108E20000023A2606360E360F0BC01F053BAF0B4C9
:108E300000EB81040789E468012564698D403D43A6
:108E4000058123600023A2606360E360F0BC01F051
:108E500063BA000010B50378052B0BD1064C236CC8
:108E600043F010032364C820FFF767FB236C23F053
:108E70001003236410BD00BF005C00402DE9F041E9
:108E80000223002504460370C567856000F10C06C7
:108E900000F12C074FF0200856F8043BABB188F3E3
:108EA000118856F8043C586920B16FF001010C306C
:108EB000FFF75EFB56F8043C986920B16FF00101A2
:108EC0000C30FFF755FB85F31188BE4246F8045C71
:108ED000E2D184F86450204601F06EF963681B68A3
:108EE00023B120460021BDE8F0411847BDE8F081DC
:108EF000F8B5037880F880300523037043681B6859
:108F000004460BB1042198470026A66004F10C0525
:108F100020272C3455F8043BABB187F3118855F862
:108F2000043C586920B16FF001010C30FFF720FBC1
:108F300055F8043C986920B16FF001010C30FFF73F
:108F400017FB86F31188A542E4D1F8BD90F8802084
:108F5000436802701B680BB1052118477047000079
:108F600070B590F86430044613B1002380F8643083
:108F700004F17402204601F093F963689B68B3B969
:108F800094F8743013F0600539D00021204601F0C8
:108F9000F7F90021204601F0E1F963681B6813B17D
:108FA000062120469847062384F8643070BD204689
:108FB00098470028E4D094F87B2094F87A3043EA6C
:108FC0000223E26E9A4288BFE36694F97430E56E3C
:108FD000002B4FF0200380F2F580002D00F0E4809C
:108FE000092284F8642083F311880021D4E91A232C
:108FF0002046FFF71CFF002383F31188D6E794F87F
:10900000752003F07F0343EA022340F202329342C9
:1090100000F0B78021D8B3F5807F4DD00DD8012B5B
:1090200044D0022B00F08580002BAED104F17C02ED
:10903000A2660222E2662367BDE7B3F5817F00F0F6
:109040008D80B3F5407FA0D194F87630012B9CD170
:10905000B4F87C3043F0020337E0B3F5006F3ED044
:109060001CD8B3F5A06F36D0A3F5C063012B8CD804
:1090700094F87920616894F878304E6894F8771005
:1090800043EA0223204694F87620B04700283FF4B4
:109090007CAF4368A3660368E3661AE0B3F5106F1C
:1090A00022D040F6024293427FF46FAF524BA36648
:1090B0000223E3660023BEE794F87630012B7FF4A9
:1090C00064AFB4F87C3023F00203C4E91A55A4F865
:1090D0007C3025676FE7C4E91A55484BABE704F1CC
:1090E0007F03A3660123D7E72378042B10D1202325
:1090F00083F311882046FFF761FE85F31188032171
:10910000636884F87F5021701B680BB12046984734
:1091100094F876304BB184F87F3004232370636871
:109120001B6813B10221204698470023C4E91A3373
:1091300081E794F878301D0603F00F0120460AD528
:1091400001F0A0F8012804D002287FF41EAF2C4BB8
:10915000ADE72C4BABE701F087F8F3E794F87630F6
:10916000002B7FF412AF94F8783013F00F01DCD0AD
:109170001A06204602D501F02BF9D6E701F012F9C4
:10918000D3E794F87630002B7FF4FFAE94F8783074
:1091900013F00F01C9D01B06204602D501F0F0F8EC
:1091A000C3E701F0DBF8C0E7142284F8642083F3FE
:1091B00011882B462A4629462046FFF726FE85F3CE
:1091C0001188F3E65DB1152284F8642083F31188D9
:1091D0000021D4E91A232046FFF717FE0BE70B22E4
:1091E00084F8642083F311882B462A4629462046BA
:1091F000FFF71DFEE3E700BF3ABC0008C78C00087C
:1092000036BC000838BC000838B590F86430044615
:10921000002B42D0063BDAB20F2A38D80F2B36D8B3
:10922000DFE803F03B35350826363535353535353D
:1092300035353B3B90F87B1090F87A20C36E42EABC
:109240000122934214D2C268128AB3FBF2F502FBE8
:1092500015356DB9202383F311882B462A462946FC
:10926000FFF7E5FD85F311880A2384F864300EE0EA
:10927000142384F86430202383F3118800231A46D2
:1092800019462046FFF7C1FD002383F3118838BD3E
:10929000036F03B198470023E7E70021204601F060
:1092A0006FF80021204601F059F863681B6813B17C
:1092B0000621204698470623D7E710B590F864307A
:1092C000142B044629D017D8062B05D001D81BB182
:1092D00010BD093B022BFBD80021204601F050F8BD
:1092E0000021204601F03AF863681B6813B106219B
:1092F00020469847062319E0152BE9D10B2380F867
:109300006430202383F3118800231A461946FFF79F
:109310008EFD002383F31188DAE7C3689B695B68DD
:10932000002BD5D1036F03B19847002384F8643034
:10933000CEE700F1604303F561430901C9B283F848
:109340000013012200F01F039A4043099B0003F120
:10935000604303F56143C3F880211A607047000041
:1093600000F01F03012142099940044B20321844A8
:1093700043F82210002380F80033704700E100E03A
:10938000FFF72EBAFFF72CBAFFF72ABAFFF728BA71
:10939000062108B50846FFF7CCFF06210720FFF796
:1093A000C8FF06210820FFF7C4FF06210920FFF7A8
:1093B000C0FF06210A20FFF7BCFF06211720FFF798
:1093C000B8FF06212820FFF7B4FF07211820FFF778
:1093D000B0FF07211920FFF7ACFF07211A20FFF784
:1093E000A8FFBDE8084007211B20FFF7A2BF00002F
:1093F00010B5224CA26A62F4FC02A262A26A02F4D4
:10940000FC02A2624FF0FF31A26A22692161226947
:10941000002222612069E068E160E168E260E168C1
:10942000E169174841F08051E161E169016841F467
:1094300080710160216A01F44071B1F5007F1EBFA7
:109440004FF4803323622262236A1B0407D4236A09
:1094500043F400732362236A43F40043236200F061
:1094600079F8FFF795FFA369064A43F00103A3616A
:10947000A369136843F02003136010BD001002407D
:109480000070004000000140224B1A6842F00102C7
:109490001A601A689207FCD55A6822F003025A60D3
:1094A0005A6812F00C02FBD1196801F0F901196039
:1094B0005A601A6842F480321A601A689003FCD528
:1094C0005A6A42F001025A625A6A9107FCD5124A5E
:1094D0005A604FF40452DA6230221A631A6842F07A
:1094E00080721A601A689201FCD50C4A1221116030
:1094F000116801F007010229FAD15A6842F002020C
:109500005A605A6802F00C02082AFAD11A6B1A63E0
:10951000704700BF0010024000241D0000200240E0
:1095200038B5084C2046FFF777FB0025064BA362B1
:10953000E562064C2046FFF76FFB054BC4E90A3590
:1095400038BD00BF102000203CBC00084020002097
:1095500058BC00080B4A0C48002310B5C2E9003380
:1095600001214468236042F8313001310D2900F1B6
:109570001000F6D1054A4FF0FF335360C2F80434AF
:1095800010BD00BF3015002074BC00080000024070
:109590000B282DE9F84342D8224C01252768854045
:1095A0003D423CD1204E4FEA001906EB0018013035
:1095B0002F4344F8302004EBC000276043606B0663
:1095C00005D01A4B586940F0010058615B6915F4E9
:1095D000786F05D0154B586940F0020058615B69FF
:1095E0005AB106EB0900626883681A4202D1C07B57
:1095F000FFF79FFE63681D43656006EB090156F89F
:1096000009004B68497B1A6822F00F021A600E228B
:109610008A40426000221A604046BDE8F8834FF05D
:109620000008F9E73015002074BC00080010024063
:1096300010B40468437B21684268D940126801F085
:109640000E010A420FD0827B01FA03F363600132FC
:10965000064B53F8324034B103EBC203586823463B
:109660005DF8044B18475DF8044B70473015002037
:1096700008B50348FFF7DCFFBDE80840FFF7B0B8C6
:1096800074BC000808B50348FFF7D2FFBDE80840E6
:10969000FFF7A6B884BC000808B50348FFF7C8FF69
:1096A000BDE80840FFF79CB894BC000808B5034823
:1096B000FFF7BEFFBDE80840FFF792B8A4BC000862
:1096C00008B50348FFF7B4FFBDE80840FFF788B8C6
:1096D000B4BC000808B50348FFF7AAFFBDE808407E
:1096E000FFF77EB8C4BC000808B50348FFF7A0FF29
:1096F000BDE80840FFF774B8D4BC000808B50348BB
:10970000FFF796FFBDE80840FFF76AB8E4BC000821
:1097100008B50348FFF78CFFBDE80840FFF760B8C5
:10972000F4BC000808B50348FFF782FFBDE8084015
:10973000FFF756B804BD000808B50348FFF778FFE7
:10974000BDE80840FFF74CB814BD000808B5034851
:10975000FFF76EFFBDE80840FFF742B824BD0008E0
:1097600070472DE9F74FC2F3C31302F0030AC2F3A7
:109770008009C2F3C108C2F3411E0193574600227B
:109780004FF00F0BCB0737D5019C02F007039B006E
:1097900004FA03FC01254468954024EA050444EAE0
:1097A0000904446085680324560004FA06F625EA95
:1097B000060545EA08058560C56825EA060545EA07
:1097C0000E050BFA03F3BAF1020F6FEA0604C56047
:1097D0006FEA03031BD1072A95BF056A456A2B4030
:1097E0002B4095BF43EA0C0343EA0C030362436238
:1097F00003681C403C43046049081AD04FEA4909F9
:109800004FEA88084FEA8E0EBF000132BAE70568BA
:109810002C403C43072A046095BF046A446A2340F5
:10982000234095BF43EA0C0343EA0C0303624362FF
:10983000E2E703B0BDE8F08F836A5B6830B5046B84
:109840005968436862689B68FF2988BFFF2122F03E
:10985000FF7243EA014322F4803294BF00254FF0A7
:10986000807513432B4343F48063636030BDD0E9BC
:109870000B315B6840685A684B68806810B523F00C
:10988000FF73FF2A23F4803394BF00244FF08074C9
:1098900043EA000388BFFF22234343EA02434B60AD
:1098A00010BD00003F4838B5046BA36903F0FE0209
:1098B000D906E2612DD5C36A59680A6822F00F0201
:1098C0000A605A7B19680E2303FA02F24A60826A20
:1098D0005568296821F00F0129601168527B934077
:1098E0004B60836843F004038360636843F4804300
:1098F0006360236823F046032360202383F31188E9
:109900006FF001011C30FEF733FE002383F3118852
:1099100006E01A060BD50378032B05D1FFF7A7FF46
:10992000BDE83840FEF75CBFFFF786FFF8E75B064F
:10993000F6D50178836A03295A681BD1C36A5D682A
:10994000296821F00F0129605D7B19680E23AB4067
:109950004B605368BBB1FFF76FFF836A5A681368A7
:1099600043F001031360636843F40053636004230E
:109970000370D5E7116821F00F011160597B1A6857
:109980000E238B405360636843F480436360236815
:1099900023F040032360202383F311880248002131
:1099A000B1E700BF702000208C20002038B5234B89
:1099B000196B8A6902F47C50C861D96A4C682068C6
:1099C00020F00F002060487B0C680E2101FA00F0A7
:1099D0006060986A45682C6824F00F042C60046865
:1099E000407B81406160D40542BF996841F001012C
:1099F0009960900542BF996841F002019960510554
:109A000042BF996841F008019960D20499680ED567
:109A100041F020019960202383F3118808486FF0FA
:109A20000101FEF7A5FD002383F3118801E0002961
:109A3000F1D1BDE83840FEF7D3BE00BF7020002052
:109A40008C20002010B5054C2046FFF7F6F80023C7
:109A5000034AE361C4E90A33226310BD7020002089
:109A6000005400400B0702D50148FEF71BBB7047AE
:109A700034BD000838B5044608070D4602D5244811
:109A8000FEF710FB62681378A3B1690703D553682A
:109A90000BB120469847AB070BD563685B6843B1B1
:109AA00004222270204698472378042B01D10323F7
:109AB000237038BD636A5868016821F00F010160A6
:109AC000597B18680E2303FA01F14160216A4D6841
:109AD000286820F00F0028600868497B8B404360AD
:109AE000536833B104222270204698472378042B10
:109AF00001D102232370202383F31188002104F174
:109B00000800FEF735FD002383F31188D1E700BF7D
:109B100034BD000810B5084C2046FFF7A1F8074AED
:109B20000023C4E90723636241F20A0141F21803EA
:109B3000C4E90A1310BD00BFA4200020003001407A
:109B400038B50446007801281DD12B4B9C4212D118
:109B50002A4A23460A21FFF71BFD294A2062234691
:109B60000A210220FFF714FD264B60629A6942F435
:109B700080529A619B69236A5A68E3690C33936047
:109B8000626A526893606068A16A428AE36A02F47A
:109B90007065B5F5E06F21F4706123F4706384BFE4
:109BA00041F4A06143F4A063057894BFA162A1626F
:109BB000E362D4E90A13C5B141F02401A16243F084
:109BC0002403E362E369196821F040011960018A06
:109BD00042F4805242F0070241F0040119605A60D9
:109BE0001A6842F040021A6038BD21F02401A162D7
:109BF00023F02403E5E700BFA4200020759A0008A5
:109C0000659A000800100240036A10B55C680B4BAF
:109C1000E360836A61602360436A5B68DA60C26AFA
:109C2000596042F080021A60226842F0010222600C
:109C30001A6842F001021A6010BD00BF981500209A
:109C40000F4BDA6942F00102DA610E4ADB69936870
:109C500043F0010393604FF0804340F2CF229A62B9
:109C60004FF0FF32DA6200229A615A63DA605A607A
:109C700001225A6108211A601C20FFF75ABB00BF5D
:109C800000100240002004E04FF0804208B5116946
:109C9000D3680B40D9B2C9439B07116107D5202374
:109CA00083F31188FEF704FA002383F3118808BDBB
:109CB00008B5FFF7E9FFBDE80840FEF791BD0000D9
:109CC000084808B5084BC360FEF7B0FF0748084BCB
:109CD000C360FEF7ABFF0748074BC360BDE8084011
:109CE000FEF7A4BFD420002000100040F420002084
:109CF00000140040E420002000340140C36800222A
:109D00001A601A61DA6822F0FF02DA607047C268EE
:109D100010B51469D3682340DCB2E443DB07014685
:109D200014610DD50378042B03D102230370FFF7D0
:109D3000E5FF4B685B681BB1BDE81040084618475B
:109D400010BD000008B50348FFF7E1FFBDE808407B
:109D5000FEF746BDD420002008B50348FFF7D7FF23
:109D6000BDE80840FEF73CBDF420002008B50348DC
:109D7000FFF7CDFFBDE80840FEF732BDE42000202C
:109D800010B5044C2046FEF761FF04232374024BF8
:109D9000A36110BD0421002000080040836970B554
:109DA0001A69DD681540EAB2D243AE0704461A616B
:109DB00003D543681B6903B19847680704D56368F6
:109DC0009B690BB120469847290704D563681B6A35
:109DD0000BB120469847EA0604D563689B6A0BB12D
:109DE00020469847EB0706D563689B681BB1204661
:109DF000BDE87040184770BD08B50348FFF7CEFFB7
:109E0000BDE80840FEF7ECBC042100200C4B1B6DA4
:109E100003F1804303F5C04303EB001011440368D2
:109E2000426003F1005303F540535B00002AA1EBAD
:109E3000020000DC7047008843F8040B023AF5E7A3
:109E4000005C00402DE9F84F894D6C6C670505D525
:109E50006FF4806387486B64FFF710F8260509D517
:109E60002B6C844843F008032B646FF400636B642D
:109E7000FFF73EF8E0040DD57D4DAB6C190406D418
:109E80002B6C7C4823F008032B64FFF75FF86FF41A
:109E900080536B64A20508D576484368DB6803B13C
:109EA0009847734B6FF400725A64724D724E2304DC
:109EB00003D4BDE8F84FFEF793BC04F00F04A700ED
:109EC00007F1804707F5B84704F10209D7F800A069
:109ED00005EB89031AF0800FD3F8048025D03A6887
:109EE000D8F81430324042F400423A6019695A6896
:109EF00018680A44801A5A602DD0B8F8102082429F
:109F000028BF024698681A61014499602046FFF70D
:109F10007DFF3B6823F4F04323F0400383F03003DC
:109F200043F4004343F080033B601AF4004F0FD02A
:109F30003B68334043F080031AF4006F3B60E1B2AA
:109F400025D005EB89092846D9F804305B68984785
:109F5000474B5C6CABE7012303FA04F22B8923EA3D
:109F600002032B81D8F8083013B1214628469847C0
:109F7000202383F3118805EB890300215B6858696E
:109F80000C30FEF7F5FA002383F31188CDE7384B48
:109F9000D8F818201B6DD2F808C003F1804303F5F0
:109FA000C04303EB0410E1468368D0F80CE003F1F2
:109FB0000053CEF30900CEF3480E03F540534FEAA9
:109FC0008E0A0AEB430A5B00534509F1020939D1B5
:109FD0006FF0010909FB0E09B9F1000F02D01B68EF
:109FE0000CF81E3093680344936053680344536035
:109FF00013681B1A1360138A013B9BB21382B8F8D3
:10A000001220824200D833BB012303FA04F26B8989
:10A01000023423EA02036B8105EB84035B68DB688F
:10A020000BB128469847202383F3118805EB84045D
:10A030006368986941680C30FEF79AFA002383F34D
:10A04000118885E753F804BB09F802BC4FEA1B2BC3
:10A0500009F801BCB8E73B6823F4904323F0700390
:10A0600083F4405343F4004343F080033B606FE7C5
:10A07000005C0040202100200F07FFFF0148FEF791
:10A0800035BE00BF2021002008B50378012B12D077
:10A09000094B98420FD14A20FFF762F94B20FFF796
:10A0A0005FF9064B03221A6403F5DA33DA6922F406
:10A0B0000002DA61DB6908BD20210020005C00405D
:10A0C00090F87E30024A43F08003D364704700BFAB
:10A0D000005C004000EB810370B5DD682B6803F085
:10A0E0000303032B5AD0002B0CBF4FF40073002343
:10A0F0002F4A146D6A6904F1804404F5C04404EBEE
:10A1000001146AB1002262602A8AD0F884600132A8
:10A1100022F001023244C0F8842043F0200326607C
:10A12000AA69C2B16D8A3E2D05F1FF3239D942F0DC
:10A130001F02204E0132521146EA822292B2E260A0
:10A14000D0F88420013525F001051544C0F884506D
:10A1500043F40053A2608A0002F1804202F5B84243
:10A1600010684404106848BF43F48043400648BF69
:10A1700043F04003194321F4784148F2800021F074
:10A18000F001014323F4F163116023F00703116828
:10A190005B045B0C4B400343136070BD4FF4C06322
:10A1A000A6E742F001020132520202F47C42C6E705
:10A1B000005C00400080FFFF0C4A10B400218024A6
:10A1C00011655164D4644468E4688C420CBF4FF458
:10A1D0001C444FF41E4414644022C0F88420044AF6
:10A1E0005DF8044BC260FFF775BF00BF005C004024
:10A1F00040BD000838B501780129044619D10D4B3E
:10A20000984211D10C4B0D4DDA6942F40002DA612B
:10A21000DB6929644A200D21FFF78BF80E214B20C2
:10A22000FFF787F800232B642046BDE83840FFF78E
:10A23000C3BF38BD2021002000100240005C004058
:10A240004023C0F88430012248F28000930003F1DB
:10A25000804303F5B84301321968082A41EA000136
:10A2600019601860F2D17047054B53F8210010F4C3
:10A27000405004D0B0F5805F14BF02200120704729
:10A28000005C0040054B53F8210010F0300003D073
:10A29000102814BF02200120704700BF005C00405E
:10A2A0000B4B1B6D03F1804303F5C04303EB01111E
:10A2B00002F108008B6803F1005303F540535B0083
:10A2C000196822F8021B904203F10403F8D1704789
:10A2D000005C004000EB810010B5C368986902681B
:10A2E000C2B15C8A1319013BB3FBF4F39BB2890042
:10A2F00001F1804101F5B84103820B6823F49043DA
:10A3000023F0700383F4405343F4004343F080038D
:10A310000B6010BD0123EAE700EB810010B50C468D
:10A32000C1684B690A8A18689968824228BF024648
:10A330001A612046FFF76AFDA00000F1804000F599
:10A34000B840036823F4F04323F0400383F0300364
:10A3500043F4004343F08003036010BD890001F122
:10A36000804101F5B8410B6823F4904323F070035A
:10A3700083F4805343F4004343F080030B60704741
:10A38000890001F1804101F5B8410B6823F4F043E5
:10A3900023F0400383F0100343F4004343F08003B1
:10A3A0000B607047890001F1804101F5B8410B68ED
:10A3B00003F44053B3F5405F09D00B6823F4F04336
:10A3C00023F0400343F4204343F080030B607047C5
:10A3D000890001F1804101F5B8410B6803F03003B9
:10A3E000302B0BD00B6823F4F04323F0400383F0B1
:10A3F000200343F4004343F080030B6070474B6835
:10A4000043608B688360CB68C3600B6943614B69B1
:10A4100003628B6943620B680360704708B5194B90
:10A420009A6A42F4FC029A629A6A22F4FC029A62E4
:10A430009A6A5A6942F4FC025A61134A5B691146EE
:10A440004FF09040FFF7DBFF104802F11C01FFF7CF
:10A45000D6FF0F4802F13801FFF7D1FF0D4802F196
:10A460005401FFF7CCFF0C4802F17001FFF7C7FF62
:10A470000A4802F18C01FFF7C2FFBDE80840FFF770
:10A4800003B800BF0010024064BD0008000400488B
:10A4900000080048000C0048001000480014004864
:10A4A0007047162303604FF0FF307047002070475D
:10A4B000184670470020704710B500220446084631
:10A4C0000121FDF775FD18B90C2323604FF0FF3013
:10A4D00010BD08B51346002158221846F6F7CAF9F0
:10A4E0004FF400524260002008BD0120704708B5BB
:10A4F000F6F7CCF8012303604FF0FF3008BD0120D0
:04A500007047FEE7BB
:04A50400F8B500BFE7
:04A50800F8B500BFE3
:10A50C000020202020202020202028282828282037
:10A51C00202020202020202020202020202020202F
:10A52C002088101010101010101010101010101097
:10A53C001004040404040404040404101010101087
:10A54C001010414141414141010101010101010151
:10A55C0001010101010101010101010110101010A3
:10A56C001010424242424242020202020202020223
:10A57C000202020202020202020202021010101077
:10A58C00200000000000000000000000000000009F
:10A59C0000000000000000000000000000000000AF
:10A5AC00000000000000000000000000000000009F
:10A5BC00000000000000000000000000000000008F
:10A5CC00000000000000000000000000000000007F
:10A5DC00000000000000000000000000000000006F
:10A5EC00000000000000000000000000000000005F
:10A5FC00000000000000000000000000000000004F
:10A60C0000000000040C002000000000000000000E
:10A61C00000000000000000000000000000000002E
:10A62C00000000000000000000000000000000001E
:10A63C00000000000000000000000000000000000E
:10A64C0000000000000000000000000000000000FE
:10A65C0000000000000000000000000000000000EE
:10A66C00000000000000000029001E001F00200058
:10A67C0021002200230024002500260027002D00A5
:10A68C002E002A004C002B0014001A0008001500A4
:10A69C0017001C0018000C00120013002F003000D3
:10A6AC0038002C00390004001600070009000A00CD
:10A6BC000B000D000E000F003300340000002800CA
:10A6CC002C00E10000001D001B0006001900050015
:10A6DC0011001000360037003100E50001512C004C
:10A6EC00E0000000E20000002C000000025100001D
:10A6FC002C000000E600000000005200E400010005
:10A70C000100010001000100010001000100010035
:10A71C000100010001000100010001000100010025
:10A72C000100010001000100010001000100010015
:10A73C000100010001000100010001000100010005
:10A74C0001000100010001000100010001000100F5
:10A75C0001000000010001000100000001000100E7
:10A76C0001000100010001000100010001000100D5
:10A77C0001000100010001000000010000000100C7
:10A78C0000000100000001000000010000000000BA
:10A79C0001000100010001000100010001000100A5
:10A7AC000100010001000100010001000100010095
:10A7BC000100010001000100010001000100010085
:10A7CC000100010001000100010001000100010075
:10A7DC000100010001000100010001000100010065
:10A7EC000100010001000100000001000100010056
:10A7FC000000010001000100010001000100010046
:10A80C000100010001000100010001000100000035
:10A81C000100000001000000010000000100000028
:10A82C000100000000000100010001000100010016
:10A83C000100010001000100010001000100010004
:10A84C0001000100010001000100010001000100F4
:10A85C0001000100010001000100010001000100E4
:10A86C0001000100010001000100010001000100D4
:10A87C0001000100010001000100010001000000C5
:10A88C0001000100010000000100010001000100B5
:10A89C0001000100010001000100010001000100A4
:10A8AC000100010000000100000001000000010097
:10A8BC000000010000000100000000000100010088
:10A8CC0044454255473A20656E61626C65642E0AB8
:10A8DC000044454255473A2064697361626C656473
:10A8EC002E0A000000000000000000000000000024
:10A8FC00000000000000000000000000000000004C
:10A90C0000000000000000000000002A2B280000BE
:10A91C000000000000000000000000000000290002
:10A92C000000002C1E3420212224342627252E360C
:10A93C002D3738271E1F202122232425263333367A
:10A94C002E37381F0405060708090A0B0C0D0E0FCD
:10A95C00101112131415161718191A1B1C1D2F3150
:10A96C0030232D350405060708090A0B0C0D0E0FB4
:10A97C00101112131415161718191A1B1C1D2F3130
:10A98C0030354C000000007E0F00D4FFFFFFC700E5
:10A99C0000007800E200E900EA00B500B600B7005C
:10A9AC00CD008301CC008A01920194012102230283
:10A9BC0024022502260227022A02B300B4006F00EB
:10A9CC0070000A722F632030313233343536373809
:10A9DC00394142434445460A00253032580025305F
:10A9EC00313662000A00004809000048080000489F
:10A9FC000F0400480E0400480D0400480C040048E5
:10AA0C000B0400480A0400480804004804040048E9
:10AA1C0005040048030400480E0800480F000048D5
:10AA2C0001040048000000480D08004801000048DF
:10AA3C00020000480A092D204D6F7573656B65790E
:10AA4C00202D0A4553432F713A09717569740A31E7
:10AA5C003A0964656C6179282A31306D73290A32A0
:10AA6C003A09696E74657276616C286D73290A33C4
:10AA7C003A096D61785F73706565640A343A0974DC
:10AA8C00696D655F746F5F6D61780A353A09776837
:10AA9C0065656C5F6D61785F73706565640A363AE5
:10AAAC0009776865656C5F74696D655F746F5F6D60
:10AABC0061780A0A703A097072696E742076616C5A
:10AACC007565730A643A097365742064656661750B
:10AADC006C74730A75703A092B310A646F776E3A8D
:10AAEC00092D310A706775703A092B31300A70677D
:10AAFC00646F776E3A092D31300A0A73706565649C
:10AB0C00203D2064656C7461202A206D61785F7330
:10AB1C0070656564202A2028726570656174202F29
:10AB2C002074696D655F746F5F6D6178290A0077B9
:10AB3C00686572652064656C74613A206375727324
:10AB4C006F723D25642C20776865656C3D25640A21
:10AB5C0053656520687474703A2F2F656E2E776973
:10AB6C006B6970656469612E6F72672F77696B69A9
:10AB7C002F4D6F7573655F6B6579730A006D6B5F35
:10AB8C0064656C6179203D2025640A006D6B5F69FA
:10AB9C006E74657276616C203D2025640A006D6BC5
:10ABAC005F6D61785F7370656564203D2025640A74
:10ABBC00006D6B5F74696D655F746F5F6D6178209C
:10ABCC003D2025640A006D6B5F776865656C5F6D71
:10ABDC0061785F7370656564203D2025640A006DA3
:10ABEC006B5F776865656C5F74696D655F746F5FCB
:10ABFC006D6178203D2025640A004C25640A0065AF
:10AC0C0065636F6E6669673A0A0064656661756CA8
:10AC1C00745F6C617965723A200025750064656219
:10AC2C0075675F636F6E6669672E7261773A200095
:10AC3C002E656E61626C653A20002E6D61747269CE
:10AC4C00783A20002E6B6579626F6172643A20004D
:10AC5C002E6D6F7573653A20006B65796D61705F51
:10AC6C00636F6E6669672E7261773A20002E737778
:10AC7C0061705F636F6E74726F6C5F636170736C25
:10AC8C006F636B3A20002E636170736C6F636B5F44
:10AC9C00746F5F636F6E74726F6C3A20002E7377F3
:10ACAC0061705F6C63746C5F6C6775693A20002E21
:10ACBC00737761705F7263746C5F726775693A2049
:10ACCC00002E737761705F6C616C745F6C67756973
:10ACDC003A20002E737761705F72616C745F7267DB
:10ACEC0075693A20002E6E6F5F6775693A20002EE9
:10ACFC00737761705F67726176655F6573633A2025
:10AD0C00002E737761705F6261636B736C61736843
:10AD1C005F6261636B73706163653A20002E6E6BCA
:10AD2C00726F3A2000436C656172696E672045450D
:10AD3C0050524F4D0A000A092D204D61676963205E
:10AD4C002D0A443A094465627567204D6573736139
:10AD5C00676520546F67676C650A583A094D6174D2
:10AD6C00726978204465627567204D6F6465205464
:10AD7C006F67676C65202D2053686F77206B657942
:10AD8C007072657373657320696E206D617472697E
:10AD9C007820677269640A4B3A094B6579626F6176
:10ADAC00726420446562756720546F67676C652018
:10ADBC002D2053686F77206B6579707265737320E3
:10ADCC007265706F72740A4D3A094465627567203A
:10ADDC004D6F75736520546F67676C650A563A0939
:10ADEC0056657273696F6E0A533A095374617475C0
:10ADFC00730A433A09416374697661746520436F41
:10AE0C006E736F6C65204D6F64650A46312D46314B
:10AE1C00303A0953776974636820746F204C6179F8
:10AE2C00657220302D392028463130203D204C30A1
:10AE3C00290A302D393A0953776974636820746F85
:10AE4C00204C6179657220302D390A4752415645A4
:10AE5C003A0953776974636820746F204C61796583
:10AE6C007220302028616C7465726E617465290AD9
:10AE7C00423A094A756D7020746F20426F6F746C82
:10AE8C006F616465720A4553433A094A756D7020C7
:10AE9C00746F20426F6F746C6F61646572202861EF
:10AEAC006C7465726E617465290A453A0950726951
:10AEBC006E7420454550524F4D2053657474696E25
:10AECC0067730A4253504143453A09436C656172BA
:10AEDC0020454550524F4D0A4E3A094E4B524F2089
:10AEEC00546F67676C650A000A092D20436F6E73F7
:10AEFC006F6C65202D0A4553432F713A09717569A2
:10AF0C00740A6D3A096D6F7573656B65790A004348
:10AF1C003E20000A0A4A756D70696E6720746F20B6
:10AF2C00626F6F746C6F616465722E2E2E20000A36
:10AF3C0064656275673A206F6E0A000A6465627513
:10AF4C00673A206F66660A000A6D61747269783A16
:10AF5C00206F6E0A000A6D61747269783A206F6610
:10AF6C00660A000A6B6579626F6172643A206F6ED3
:10AF7C000A000A6B6579626F6172643A206F6666CB
:10AF8C000A000A6D6F7573653A206F6E0A000A6DC0
:10AF9C006F7573653A206F66660A000A092D205694
:10AFAC00657273696F6E202D0A005649443A203041
:10AFBC007834443443285465616D2E4D6563686C58
:10AFCC006F76696E29205049443A203078414430DC
:10AFDC0031284164656C61697329205645523A20C9
:10AFEC003078303030310A004255494C443A2020F8
:10AFFC00284A756C2031332032303231290A004313
:10B00C00484942494F533A2022627265616B696E1E
:10B01C00675F323032315F7131222C20434F4E54F6
:10B02C005249423A2022627265616B696E675F32E7
:10B03C003032315F7131220A004F5054494F4E5318
:10B04C003A204D4F5553454B455920455854524184
:10B05C004B455920434F4E534F4C4520434F4D4D7C
:10B06C00414E44204E4B524F20424F4F544C4F4177
:10B07C004445525F53495A450A004743433A2039E5
:10B08C002E322E310A000A092D2053746174757307
:10B09C00202D0A00686F73745F6B6579626F617243
:10B0AC00645F6C65647328293A2025580A006B6527
:10B0BC0079626F6172645F70726F746F636F6C3AF8
:10B0CC002025580A006B6579626F6172645F696450
:10B0DC006C653A2025580A006B65796D61705F6369
:10B0EC006F6E6669672E6E6B726F3A2025580A0078
:10B0FC0074696D65725F72656164333228293A2018
:10B10C002530346C580A004E4B524F3A206F6E0A61
:10B11C00004E4B524F3A206F66660A003F004D3E80
:10B12C0020000A092D2056616C756573202D0A00CC
:10B13C00313A2064656C6179282A31306D73293A73
:10B14C002000323A20696E74657276616C286D73DA
:10B15C00293A2000333A206D61785F73706565641D
:10B16C003A2000343A2074696D655F746F5F6D61CD
:10B17C00783A2000353A20776865656C5F6D6178A8
:10B18C005F73706565643A2000363A2077686565B0
:10B19C006C5F74696D655F746F5F6D61783A2000E8
:10B1AC007365742064656661756C740A004D256462
:10B1BC003E20004D3E00010203040506070809006D
:10B1CC006D6F7573656B6579205B62746E7C78202E
:10B1DC0079207620685D287265702F61636C293A3E
:10B1EC00205B007C002564005D28002F00726762E4
:10B1FC006C696768745F636F6E666967204545505C
:10B20C00524F4D3A0A007267626C696768745F63EB
:10B21C006F6E6669672E656E61626C65203D2025D8
:10B22C00640A007267686C696768745F636F6E6646
:10B23C0069672E6D6F6465203D2025640A00726776
:10B24C00626C696768745F636F6E6669672E687598
:10B25C0065203D2025640A007267626C696768741A
:10B26C005F636F6E6669672E736174203D20256481
:10B27C000A007267626C696768745F636F6E6669F7
:10B28C00672E76616C203D2025640A007267626C23
:10B29C00696768745F636F6E6669672E7370656546
:10B2AC0064203D2025640A007267626C69676874CB
:10B2BC0020736574207370656564205B454550523E
:10B2CC004F4D5D3A2025750A007267626C6967689C
:10B2DC007420736574207370656564205B4E4F45F4
:10B2EC004550524F4D5D3A2025750A007267626CCD
:10B2FC0069676874207261696E626F772073657418
:10B30C00206873763A2025642C25642C25642C2522
:10B31C00750A007267626C696768742073657420C3
:10B32C00687376205B454550524F4D5D3A2025752C
:10B33C002C25752C25750A007267626C6967687418
:10B34C002073657420687376205B4E4F45455052D0
:10B35C004F4D5D3A2025752C25752C25750A0072EC
:10B36C0067626C696768742074696D657220656EBC
:10B37C0061626C65642E0A007267626C696768743E
:10B38C002074696D65722064697361626C652E0A44
:10B39C00007267626C69676874206D6F6465205B0E
:10B3AC00454550524F4D5D3A2025750A0072676233
:10B3BC006C69676874206D6F6465205B4E4F454502
:10B3CC0050524F4D5D3A2025750A007267626C69C8
:10B3DC0067687420656E61626C65205B45455052F0
:10B3EC004F4D5D3A207267626C696768745F636F7A
:10B3FC006E6669672E656E61626C65203D202575F1
:10B40C000A007267626C696768745F696E697420A0
:10B41C0063616C6C65642E0A007267626C696768A4
:10B42C00745F696E6974207374617274210A00729E
:10B43C0067626C696768745F696E697420656563BF
:10B44C006F6E666967206973206E6F7420656E611C
:10B45C00626C65642E0A007267626C696768745F5F
:10B46C00696E6974207267626C696768745F636F78
:10B47C006E6669672E6D6F6465203D20302E2057F7
:10B48C00726974652064656661756C742076616C94
:10B49C0075657320746F20454550524F4D2E0A0030
:10B4AC007267626C6967687420656E61626C652096
:10B4BC005B4E4F454550524F4D5D3A207267626C62
:10B4CC00696768745F636F6E6669672E656E61622B
:10B4DC006C65203D2025750A007267626C6967688F
:10B4EC00742064697361626C65205B454550524FF2
:10B4FC004D5D3A207267626C696768745F636F6E4A
:10B50C006669672E656E61626C65203D2025750A43
:10B51C00007267626C6967687420746F67676C652A
:10B52C00205B454550524F4D5D3A207267626C6905
:10B53C006768745F636F6E6669672E656E61626CB7
:10B54C0065203D2025750A007267626C6967687416
:10B55C002064697361626C65205B4E4F45455052A7
:10B56C004F4D5D3A207267626C696768745F636FF8
:10B57C006E6669672E656E61626C65203D2025756F
:10B58C000A001E140A05FFAA7F55407F3F1F783C16
:10B59C001E64321400046432141E0F0500010202F2
:10B5AC0002020606060909090909090F0F0F0F0FF8
:10B5BC000F151515181919191919191919191923FC
:10B5CC00242525252525252223252628292A2C2D09
:10B5DC002F3032333536383A3B3D3E4042434547B7
:10B5EC00494A4C4E5051535557595A5C5E606264EF
:10B5FC006668696B6D6F71737577797B7D7F8183FD
:10B60C008587898A8C8E90929496989A9C9E9FA1FD
:10B61C00A3A5A7A8AAACAEAFB1B3B4B6B8B9BBBC1E
:10B62C00BEBFC1C2C3C5C6C7C9CACBCCCDCED0D193
:10B63C00D2D2D3D4D5D6D7D7D8D9D9DADADBDBDB8B
:10B64C00DCDCDCDCDCDDDDDDDDDCDCDCDCDCDBDB2C
:10B65C00DBDADAD9D9D8D7D7D6D5D4D3D2D2D1D080
:10B66C00CECDCCCBCAC9C7C6C5C3C2C1BFBEBCBB7D
:10B67C00B9B8B6B4B3B1AFAEACAAA8A7A5A3A19FF5
:10B68C009E9C9A98969492908E8C8A8987858381B9
:10B69C007F7D7B79777573716F6D6B69686664629A
:10B6AC00605E5C5A5957555351504E4C4A49474568
:10B6BC004342403E3D3B3A3836353332302F2D2C09
:10B6CC002A29282625232200000000000000000063
:10B6DC0000000048070000001800000000010101F4
:10B6EC000101010101010202020202020202020333
:10B6FC000303030303030304040404040404050503
:10B70C0005050506060606060707070707080808C5
:10B71C0008090909090A0A0A0B0B0B0C0C0C0D0D74
:10B72C000D0E0E0E0F0F0F1010111111121213130C
:10B73C001414151516161717181819191A1A1B1B85
:10B74C001C1D1D1E1E1F20202122222324242526E1
:10B75C0026272829292A2B2C2D2D2E2F3031323219
:10B76C00333435363738393A3B3C3D3E3F40414225
:10B77C00434445464748494A4C4D4E4F505153540B
:10B78C00555658595A5B5D5E5F61626465666869BF
:10B79C006B6C6D6F7072737577787A7B7D7E80823F
:10B7AC00838587888A8C8E8F91939596989A9C9E88
:10B7BC00A0A2A3A5A7A9ABADAFB1B3B5B7BABCBE98
:10B7CC00C0C2C4C6C9CBCDCFD1D4D6D8DBDDDFE265
:10B7DC00E4E7E9EBEEF0F3F5F8FAFDFF6B6579625F
:10B7EC006F6172645F7265706F72743A20002530FD
:10B7FC00325820006B6579626F6172645F73657497
:10B80C005F6C65643A200000E200E900EA00B500D4
:10B81C00B600B700CD008301CC008A0192019401DF
:10B82C002102230224022502260227022A02B30047
:10B83C00B4006F0070004F6E6573686F743A2061CE
:10B84C0063746976653A2025640A006164645F6BF1
:10B85C0065795F6269743A2063616E277420616454
:10B86C00643A20253032580A0064656C5F6B657948
:10B87C005F6269743A2063616E27742064656C3A68
:10B88C0020253032580A00000300000000000000A0
:10B89C00F57300080000000008000000AC14002044
:10B8AC000000000002000000000000000300000087
:10B8BC000000000099770008000000002000000044
:10B8CC00FC1400200000000002000000000000003A
:10B8DC00797400082174000829760008F9730008AF
:10B8EC0055534220636F6E666967757265642E0AE4
:10B8FC00004B6579626F6172642073746172742E8F
:10B90C000A005B735D00000037BA00083BBA000800
:10B91C005BBA0008041E10005AB9000873B900087D
:10B92C0093B90008ACB90008F7B900086DBA000863
:10B93C008FBA0008C3B900084022B62209027B0066
:10B94C00040100A0FA09040000010301010009210F
:10B95C00110100012240000705810308000A0904B7
:10B96C000100020300000009211101000122220044
:10B97C0007058203200001070503032000010904C9
:10B98C000200010300000009211101000122B60090
:10B99C000705840320000A090403000203000000C9
:10B9AC000921110100012222000705850320000155
:10B9BC00070506032000010631FF0974A101097572
:10B9CC00150026FF009520750881020976150026C2
:10B9DC00FF00952075089102C012011001000000B3
:10B9EC00404C4D01AD01000102000105010906A109
:10B9FC0001050719E029E715002501950875018156
:10BA0C00029501750881010507190029FF1500260B
:10BA1C00FF00950675088100050819012905950593
:10BA2C0075019102950175039101C0040309041E6F
:10BA3C00035400650061006D002E004D006500632D
:10BA4C000068006C006F00760069006E000000104A
:10BA5C00034100640065006C006100690073000024
:10BA6C00000660FF0961A1010962150026FF00951F
:10BA7C0020750881020963150026FF0095207508C2
:10BA8C009102C005010902A10185020901A100056D
:10BA9C000919012908150025019508750181020570
:10BAAC0001093009311581257F9502750881060938
:10BABC00381581257F950175088106050C0A380219
:10BACC001581257F950175088106C0C00501098087
:10BADC00A101850319012AB700150126B7009501AC
:10BAEC0075108100C0050C0901A101850419012AFA
:10BAFC00A002150126A002950175108100C0050158
:10BB0C000906A1018505050719E029E7150025019E
:10BB1C009508750181020507190029EF150025010B
:10BB2C0095F0750181020508190129059505750126
:10BB3C009102950175039101C00000000000000006
:10BB4C00857C0008757C0008A57C0008957C0008A5
:10BB5C009F7C00088F7C00087F7C00086F7C0008AD
:10BB6C00000000002CC20008AC210020AC210020F9
:10BB7C00AC2100202CC200080000000000000000D6
:10BB8C00000000002CC200080000000000000000B3
:10BB9C00000000002CC200080000000000000000A3
:10BBAC00000000002CC20008000000100000001073
:10BBBC00000000102CC20008000000000000000073
:10BBCC00000000002CC20008000000000000000073
:10BBDC00000000002CC20008000000000000000063
:10BBEC000000000069646C6500000000F0BB0008F8
:10BBFC00381E0020981F002001000000498000081A
:10BC0C0000000000737461636B206F766572666C64
:10BC1C006F7700006D61696E0016423004044408B1
:10BC2C000C1014181C202122000000000100000040
:10BC3C000074004000000000000000000000FFFF46
:10BC4C0009000000BE2000000A0000000074004043
:10BC5C000300000010000000FFFF00000A000000BD
:10BC6C00BE2000000A000000000002400800024054
:10BC7C00010000000000000B000002401C0002400C
:10BC8C00020000000004010C0000024030000240E1
:10BC9C00040000000008020D0000024044000240B5
:10BCAC0008000000000C030E000002405800024087
:10BCBC00100000000010040F000002406C00024055
:10BCCC00200000000014051000000240800002401B
:10BCDC004000000000180611000402400804024055
:10BCEC008000000000000738000402401C040240E1
:10BCFC000001000000040839000402403004024036
:10BD0C00000200000008093A00040240440402400A
:10BD1C0000040000000C0A3B0004024058040240DE
:10BD2C000008000000100B3C444D41206661696C1A
:10BD3C007572650000000000618F00080992000810
:10BD4C00BB920008400040009C1500209C15002070
:10BD5C0001000000B015002000A8802A000000009F
:10BD6C0000FCC03C54111564FFFF0000000050554E
:10BD7C0000E00E0080A00000C0000000C0F0000039
:10BD8C0015055555FFFF00000000004400000000A1
:10BD9C00000A000000000000000000F05555550599
:10BDAC00FFFF000000007700000000000000000012
:10BDBC00000000000000000055555555FFFF000025
:10BDCC00000000000000000040005555000000007D
:10BDDC00C000FFFF15551501FF000000000000001A
:10BDEC000000000000000000000000000F00000038
:10BDFC0050555555FFFF00000000000000000000EA
:10BE0C005245454E54206D616C6C6F6320737563A5
:10BE1C0063656564656400002E2E2F2E2E2F2E2E4A
:10BE2C002F2E2E2F2E2E2F2E2E2F2E2E2F2E2E2F20
:10BE3C006E65776C69622F6C6962632F7374646CC6
:10BE4C0069622F72616E642E630000002C2066758F
:10BE5C006E6374696F6E3A20000000006173736545
:10BE6C007274696F6E2022257322206661696C657D
:10BE7C00643A2066696C6520222573222C206C693B
:10BE8C006E65202564257325730A0000232D302B45
:10BE9C0020000000686C4C00656667454647000052
:10BEAC0030313233343536373839414243444546E4
:10BEBC0000000000303132333435363738396162A6
:08BECC006364656600000000DC
:08BED400F044FF7F01000000B3
:10BEDC00040C00200000000054A6000834A6000842
:10BEEC0014A6000800000000000000000000000084
:10BEFC000000000000000000000000000000000036
:10BF0C000000000000000000000000000000000025
:10BF1C000000000000000000000000000000000015
:10BF2C000000000000000000000000000000000005
:10BF3C00000000001E320A141E64082802010100D1
:10BF4C001700171701191A1B1C1D1E1F2021220078
:10BF5C003A120020A973000804000000040000003D
:10BF6C0000000000000000000000000000000000C5
:10BF7C0000000000000000000000000000000000B5
:10BF8C0000000000000000000000000000000000A5
:10BF9C000000000000000000000000000300000092
:10BFAC0000000000937E000800000000200000004C
:10BFBC000000000000000000020000000000000073
:10BFCC00030000000000000000000000077F0008D4
:10BFDC000000200000000000000000000200000033
:10BFEC00000000000300000000000000457F000876
:10BFFC00000000000800000000000000000000002D
:10C00C0002000000000000002021002005060000B6
:10C01C0004000000040000002000000020000000CC
:10C02C000100000064120020F41200200000000047
:10C03C0000000000000000000000000000000000F4
:10C04C0000000000000000000000000000000000E4
:10C05C0000000000000000000000000000000000D4
:10C06C0000000000000000000000000000000000C4
:10C07C0000000000000000000000000000000000B4
:10C08C0000000000000000000000000000000000A4
:10C09C000000000000000000000000000000000094
:10C0AC000000000000000000000000000400000080
:10C0BC000400000000000000000000000000000070
:10C0CC000000000000000000000000000000000064
:10C0DC000000000000000000000000000000000054
:10C0EC000000000000000000000000000000000044
:10C0FC000300000000000000937E00080000000018
:10C10C002000000000000000000000000200000001
:10C11C000000000003000000000000000000000010
:10C12C00077F000800002000000000000000000055
:10C13C0002000000000000000300000000000000EE
:10C14C00457F00080000000008000000000000000F
:10C15C000000000002000000000000002021002070
:10C16C000203000004000000040000002000000096
:10C17C002000000000000000841300201414002094
:10C18C0000000000000000000000000000000000A3
:10C19C000000000000000000000000000000000093
:10C1AC000000000000000000000000000000000083
:10C1BC000000000000000000000000000000000073
:10C1CC000000000000000000000000000000000063
:10C1DC000000000000000000000000000000000053
:10C1EC000000000000000000000000000000000043
:10C1FC000000000000000000000000000000000033
:10C20C0001000000ED780008F97800089579000825
:10C21C00E1790008157A000800960000000008007B
:040000050800035993
:00000001FF
