:020000040800F2
:1000000000040020590300085B0300085B0300089C
:100010005B0300085B0300085B0300085B03000848
:100020005B0300085B0300085B030008E18C000829
:100030005B0300085B0300085B0300085B03000828
:100040005B0300085B0300085B0300085B03000818
:100050005B0300085B0300081D9900085D99000818
:10006000A1990008E5990008299A0008D19E000886
:10007000E59E0008F99E00080D9F0008219F0008DA
:10008000359F0008499F00085B0300085B030008D8
:100090005B0300085B0300085B0300086D9A00081F
:1000A000719C0008859C0008899C00088D9C0008B4
:1000B0007DA3000891A60008A5A6000821A10008BC
:1000C00029A200085B0300085B0300085B0300082B
:1000D0005B0300085B0300085B0300085B03000888
:1000E000559B00085B0300085B0300085B030008E6
:1000F0004DA400085B0300085B0300085B030008D5
:100100005B0300085B0300085B0300085B03000857
:100110005B0300085B03000825A4000839A400085D
:100120005D9F0008719F0008859F0008999F000847
:10013000AD9F00085B0300085B0300085B03000839
:100140005B0300085B0300085B0300085B03000817
:100150005B0300085B0300085B0300085B03000807
:100160005B0300085B0300085B030008F1A60008BE
:100170005B0300085B0300085B0300085B030008E7
:100180005B0300085B0300085B0300085B030008D7
:100190005B0300085B0300085B0300085B030008C7
:0801A00019020008F10100083A
:1001B0000348044B834202D0034B03B118477047F6
:1001C000940F0020940F002000000000054806490D
:1001D0000B1AD90F01EBA301491002D0034B03B155
:1001E00018477047940F0020940F00200000000073
:1001F00010B5064C237843B9FFF7DAFF044B13B16F
:100200000448AFF300800123237010BD980F002035
:1002100000000000E4C9000808B5044B1BB1044904
:100220000448AFF30080BDE80840CFE700000000BD
:100230009C0F0020E4C9000872B6394880F3088892
:10024000384880F3098838484EF60851CEF200014C
:10025000086040F20000CCF200004EF63471CEF29D
:1002600000010860BFF34F8FBFF36F8F40F20000B3
:10027000C0F2F0004EF68851CEF200010860BFF3E4
:100280004F8FBFF36F8F4FF00000E1EE100A4EF674
:100290003C71CEF200010860062080F31488BFF3A1
:1002A0006F8F08F0B3F907F037FF4FF055301F4953
:1002B0001B4A91423CBF41F8040BFAE71C49194A1A
:1002C00091423CBF41F8040BFAE71A491A4A1B4B0A
:1002D0009A423EBF51F8040B42F8040BF8E70020A5
:1002E0001749184A91423CBF41F8040BFAE708F05D
:1002F00091F908F08CF9144C144DAC4203DA54F81F
:10030000041B8847F9E707F015FF114C114DAC426B
:1003100003DA54F8041B8847F9E708F079B90000BC
:1003200000040020000C0020000000080000002055
:1003300000040020E4C90008000C0020940F0020F5
:10034000980F0020F0210020A0010008A40100085F
:10035000A4010008A80100086EE700F000F8FEE71D
:100360002DE9F04F2DED108AC1F80CD0C3689D46E1
:10037000BDEC108ABDE8F08F002383F31188284676
:10038000A047002008F0E0FBFEE708F074FB00DF68
:10039000FEE7000053B94AB9002908BF00281CBF76
:1003A0004FF0FF314FF0FF3000F06EB9ADF1080CA7
:1003B0006DE904CE00F006F8DDF804E0DDE9022383
:1003C00004B070472DE9F047089D04468C46002B89
:1003D00040F083808A42174647D9B2FA82F242B18E
:1003E000C2F1200024FA00F09140974040EA010C4D
:1003F00094404FEA1748230CBCFBF8F61FFA87FE1F
:1004000008FB16C143EA014306FB0EF1994209D9E4
:10041000FB1806F1FF3080F01981994240F21681F5
:10042000023E3B445B1AA4B2B3FBF8F008FB103366
:1004300044EA034400FB0EFEA64509D93C1900F12D
:10044000FF3380F00581A64540F2028102383C442A
:1004500040EA0640A4EB0E0400261DB1D440002360
:10046000C5E900433146BDE8F08702B9FFDEB2FAC4
:1004700082F2002A50D1CB1B4FEA174E1FFA87F8A1
:100480000126B3FBFEFC210C0EFB1C3341EA0341A9
:1004900008FB0CF38B4207D979180CF1FF3002D21C
:1004A0008B4200F2E9808446C91AA3B2B1FBFEF088
:1004B0000EFB101143EA014408FB00F8A04507D9E0
:1004C0003C1900F1FF3302D2A04500F2D980184652
:1004D000A4EB080440EA0C40BFE78B4209D9002D89
:1004E00000F0B1800026C5E9000130463146BDE884
:1004F000F087B3FA83F6002E4AD18B4202D38242B0
:1005000000F2B880841A61EB030101208C46002DB3
:10051000A8D0C5E9004CA5E7C2F1200320FA03F6F4
:10052000974001FA02F04FEA174ED9403043030CCE
:10053000B1FBFEF61FFA87F80EFB161143EA0143E2
:1005400006FB08F1994204FA02F409D9FB1806F1F6
:10055000FF3C80F08D80994240F28A80023E3B440D
:100560005B1A81B2B3FBFEF00EFB103341EA03418C
:1005700000FB08F38B4207D9791800F1FF3C73D2D6
:100580008B4271D902383944CB1A40EA064678E7E3
:10059000C6F1200C03FA06F422FA0CF31C4320FAED
:1005A0000CF701FA06F34FEA144E21FA0CF11F433F
:1005B0003B0CB1FBFEF91FFA84F80EFB191143EA5C
:1005C000014109FB08FA8A4502FA06F200FA06F32D
:1005D00008D9611809F1FF3048D28A4546D9A9F1F6
:1005E00002092144A1EB0A01BFB2B1FBFEF00EFBF0
:1005F000101147EA014700FB08F8B84507D9E71989
:1006000000F1FF312ED2B8452CD90238274440EAF8
:100610000940A7EB0807A0FB02894F45C64649469B
:100620001AD317D05DB1B3EB0E0267EB010707FADF
:100630000CFCF2404CEA0202F740C5E90027002614
:100640003146BDE8F0872E4628460BE70646E9E628
:100650001846FDE64345E5D2B8EB020E69EB04010E
:100660000138DFE70846D2E760468DE78146B9E703
:10067000664675E730464AE7ACF1020C394413E7A9
:1006800002383C4424E700BF704700BF014B1868A4
:10069000704700BF000C00200000000000000000B8
:1006A00001F0FF01102A2BDB10F0070F08D010F823
:1006B000013B013A8B422DD010F0070F42B3F6D127
:1006C000F0B441EA012141EA014122F007047FF040
:1006D00000070023F0E80256083C85EA010586EA97
:1006E000010685FA47F5A3FA87F586FA47F6A5FAD3
:1006F00087F68EB9EED1F0BC01F0FF0102F00702DF
:1007000032B110F8013B013A83EA010313B1F8D189
:100710000020704701387047002D06BF354603386A
:10072000073815F0010F07D1013015F4807F02BFA3
:10073000013015F4C03F0130F0BC0138704700BFF4
:10074000844641EA000313F003036DD1403A41D3DC
:1007500051F8043B40F8043B51F8043B40F8043B9B
:1007600051F8043B40F8043B51F8043B40F8043B8B
:1007700051F8043B40F8043B51F8043B40F8043B7B
:1007800051F8043B40F8043B51F8043B40F8043B6B
:1007900051F8043B40F8043B51F8043B40F8043B5B
:1007A00051F8043B40F8043B51F8043B40F8043B4B
:1007B00051F8043B40F8043B51F8043B40F8043B3B
:1007C00051F8043B40F8043B51F8043B40F8043B2B
:1007D000403ABDD2303211D351F8043B40F8043BCB
:1007E00051F8043B40F8043B51F8043B40F8043B0B
:1007F00051F8043B40F8043B103AEDD20C3205D3DB
:1008000051F8043B40F8043B043AF9D2043208D0D2
:10081000D2071CBF11F8013B00F8013B01D30B8844
:1008200003806046704700BF082A13D38B078DD022
:1008300010F003038AD0C3F10403D21ADB071CBFF4
:1008400011F8013B00F8013B80D331F8023B20F85E
:10085000023B7BE7043AD9D3013A11F8013B00F897
:10086000013BF9D20B7803704B7843708B7883701F
:1008700060467047F0B4860746D0541E002A3CD02C
:10088000CAB2034602E014F1FF3436D303F8012B59
:100890009D07F8D1032C29D9CDB245EA05250F2CA7
:1008A00045EA054533D9A4F11006360903F12007BE
:1008B00007EB061703F1100242E9045542E902551D
:1008C0001032BA42F8D1721C14F00C0F03EB021272
:1008D00004F00F0613D0331F23F003030433134433
:1008E00042F8045B9342FBD106F003042CB1C9B279
:1008F0001C4403F8011B9C42FBD1F0BC70473446FA
:100900001346002CF3D1F8E714460346C2E71A4613
:100910002646E0E738B5124B1C68A26B05461AB1B3
:100920000023C2E9045338BD182000F0B3F8024692
:10093000A06378B1012000210A4B1360C2E90401D1
:100940000B230948094993810023C2E90101C2E947
:10095000045338BD064B0748422100F055F800BF4C
:10096000000C00200E33CDAB34126DE6ECDE05003A
:1009700014C900082CC9000838B51A4B1C68A26BB2
:1009800092B1146918495369184801FB04F100FB3E
:100990000313A4FB0045611C1D4445F1000323F033
:1009A0000040C2E9041338BD182000F073F8024675
:1009B000A06388B101200021C2E904010A480C4C5F
:1009C0000C4B0D490D4D146053600B24034695608C
:1009D0009481C2E9041338BD094B0A484E2100F046
:1009E00013F800BF000C00202DF451582D7F954CBA
:1009F0000E33CDAB34126DE62E7F954CECDE050048
:100A000014C900082CC9000800B50A4C2668054620
:100A100085B01C46F06852B1074B0091CDE9013218
:100A200006492B46224600F021F800F071FD044BE8
:100A30001A46F2E7000C002060C9000870C90008DF
:100A40006CC9000808B513460022FFF7DDFF00BFA0
:100A50000CB400B583B004AB53F8042B019300F041
:100A600027F903B05DF804EB02B070470EB410B57F
:100A700083B005AB064C53F8042B01930146206864
:100A800000F016F903B0BDE8104003B0704700BF96
:100A9000000C0020024B0146186800F061B800BF4E
:100AA000000C0020024B0146186800F003B800BF9C
:100AB000000C002000293CD038B551F8043C0C1F34
:100AC000002BB8BFE418054601F0BEF9234B1A68A5
:100AD0002AB1A2420DD921686018824223D06260F7
:100AE00028461C60BDE8384001F0B0B9A34203D8E5
:100AF0001A465368002BF9D111685018A04219D03A
:100B000024D821686018834206D063605460284668
:100B1000BDE8384001F09AB9D3E9000301446360AD
:100B200021605460F3E7D2E9000201446260216071
:100B3000D6E7704720680144501883421160E6D11F
:100B4000D3E90003014453601160E0E70C232B60FC
:100B50002846BDE8384001F079B900BFB40F002045
:100B6000F8B5CD1C25F0030508350C2D38BF0C2534
:100B7000002D064633DBA94231D82A4F01F064F933
:100B80003A6852B113685B1B04D43FE023685B1BD7
:100B900029D522465468002CF8D1796800293BD029
:100BA000294630460AF0DEF8431C28D0C41C24F045
:100BB0000304A04205D0211A30460AF0D3F80130D0
:100BC0001DD02560304601F041F904F10B0020F002
:100BD0000700231DC21A01D01B1AA350F8BD0C2216
:100BE00032600020F8BD0B2B05D8A242636811D0FB
:100BF0005360E7E7144623601C442560E2E70C23BA
:100C00003046336001F022F90020F8BD0B2BF1D8FB
:100C1000536814463B60D5E730460AF0A3F8786085
:100C2000BEE700BFB40F00209368013B002B936028
:100C300011DA10B49469A34209DB0A2907D01368BA
:100C4000581C1060197008465DF8044B70475DF839
:100C5000044B00F07DBB1368581C106019700846E7
:100C6000704700BF9BB1F8B513440F4606465D1EA2
:100C7000541E01E0AC4208D03A4614F8011F304639
:100C8000FFF7D2FF431CF5D1F8BD0020F8BD0020CE
:100C9000704700BF936810B5144613B953601846E7
:100CA00010BD00F01DFE0023C4E9013310BD00BFDC
:100CB0002DE9F04F9FB08B4690461C46039018B12B
:100CC0008369002B00F0B780A24B9B4500F0B980F0
:100CD000A14B9B4500F0C780A04B9B4504BF039BE5
:100CE000D3F80CB0BBF80C30180740F1B280DBF839
:100CF0001030002B00F0AD8030238DF8323098F8A2
:100D000000300594002120220B918DF83120944E63
:100D10000127002B00F08780252B00F01581454628
:100D200003E0252B00F0A38025466B786C1C002B7C
:100D3000F7D1B4EB080A76D0424653465946039899
:100D4000FFF790FF01306ED00B9B6A7853440B93F2
:100D5000002A68D000234FF0FF3201340693CDE91A
:100D600008338DF85B301C93079205E0069A07FA6A
:100D700003F313432C4606932546052215F8011B61
:100D80003046FFF78DFCAA46831B0028EED1069B58
:100D9000D90644BF20228DF85B2021781A0744BF72
:100DA0002B228DF85B202A2966D1059A116804321E
:100DB00000290592C0F29D8009916178A51C2E2919
:100DC00073D0684C03222046FFF76AFC002800F02D
:100DD0008680001B069B402404FA00F00343069320
:100DE00005F10108297860488DF830100622FFF7D8
:100DF00057FC002800F083805C4B002B72D005ABC1
:100E000000935A465A4B039806A9AFF300808146D7
:100E1000B9F1FF3F07D00B9B4B440B9398F8003080
:100E2000002B7FF479AFBBF80C305B0618D40B981D
:100E30001FB0BDE8F08F00F033FD464B9B457FF4BB
:100E400047AF039BD3F804B0BBF80C3018073FF54D
:100E50004EAF5946039800F0DBFA00283FF44CAF40
:100E60004FF0FF30E4E7039BD3F808B03AE7B4EB68
:100E7000080A3FF46FAF5FE7A1F13002092A88BF8B
:100E8000A2469CD8099B01E02C460135297803EB4A
:100E9000830302EB4303A1F13002092AAA46F3D9E6
:100EA0002E2904F1020509938BD19AF801102A2901
:100EB0002FD1059B9AF802101A6807920433002A72
:100EC00005930AF103050AF1020338DB254C0322DE
:100ED00020469A46FFF7E4FB00287FF47AAFA84645
:100EE00055467FE7059B073323F007030833059337
:100EF00091E7494243F00203099106935DE705AB90
:100F000000935A461A4B039806A900F0D5F881467B
:100F10007EE7A1F130020023092A079301D915E0E9
:100F20005546697803EB830302EB4303A1F13002DA
:100F3000092A05F1010AF3D90235079341E74FF079
:100F4000FF329A4607923CE7444603E7AA4601353A
:100F500037E700BF00AF0008E0AE0008C0AE0008F1
:100F6000A0C90008A8C90008ACC90008000000001A
:100F7000650C000810B4044C13460A46014620686C
:100F80005DF8044BFFF794BE000C00202DE9F047FC
:100F90000C4691460A698968DDF820808A42B8BF0C
:100FA0000A46C9F8002094F8431006461F4611B1BE
:100FB0000132C9F80020236899065CD5D9F80020D1
:100FC0000232C9F80020236813F0060F19461DD11C
:100FD000E1688A1A002AD8BF194617DD04F1190AF8
:100FE000002505E0E368D9F800209B1AAB420CDD30
:100FF0000123524639463046C047013005F101050C
:10100000F0D14FF0FF30BDE8F087216894F843300D
:10101000003318BF01238A060AD5E1185A1C302074
:1010200081F84300224494F8451082F843100233BB
:1010300004F1430239463046C0470130E1D023680D
:10104000A268216903F00603042B1DD08A4226DD25
:101050004FF00009521A91441A34002501E04D4521
:101060001DDA0123224639463046C047013005F1DA
:101070000105F4D1C5E713F0060F13D094F84330FF
:10108000003318BF0123D3E7D9F80000E3688A4290
:10109000A3EB000323EAE379DCDC002BDCDC00209B
:1010A000BDE8F087E168D9F800208A1A002AD8BF85
:1010B000194693DCAAE700BF2DE9F0430C46097EF0
:1010C00085B06E29064617460C98984604F1430EE3
:1010D0006DD039D9732900F0F68044D9752900F014
:1010E0000481782940F0118178232268DFF858C202
:1010F00084F845300168150651F8043B016040F161
:10110000A180D10744BF42F020022260002B00F0F2
:1011100093801022002184F843106068A0600028AA
:10112000C0F2C880216821F004012160002B40F04A
:10113000A380002840F0C0807546082A00F0AC80EB
:10114000AEEB0503236141E0632900F0E5801AD886
:10115000002938D0582940F0D88084F845102268FA
:10116000DFF8E8C1C6E76F2900F0BF80702940F0C2
:10117000CC802268DFF8D0C142F0200278232260C0
:1011800084F84530B6E7642902D0692940F0BD8073
:1011900022680368110603F1040557D51968056034
:1011A0000B46002959DBDFF8A4C10A22B5E7036822
:1011B000226861691D1D056015061B6802D4500672
:1011C00000F1BD801960002375462361CDF80080D1
:1011D0003B4603AA21463046FFF7D8FE013020D017
:1011E0002A46236939463046C047013019D0226863
:1011F0000398E368920719D51A1A002A16DD04F13C
:101200001909002504E0E36803981A1AAA420DDDC3
:1012100001234A4639463046C047013005F10105F1
:10122000F1D14FF0FF3005B0BDE8F0839842B8BF70
:10123000184605B0BDE8F083226822F02002226043
:10124000102267E7500648BF9BB25AE75106A5D562
:10125000B3F9003005601946A3E76168A1602D204D
:101260000029C3F1000384F8430002DB22F00402EA
:101270002260DFF8D8C00A22754600E00B46B3FBB7
:10128000F2F102FB113093421CF8000005F8010D49
:10129000F4D2082A7FF454AF2368DB077FF550AF00
:1012A000626823699A423FF74BAF302305F8013C4F
:1012B000013D45E7002BDFD19CF8003084F8423037
:1012C00004F1420539E703686268191D01601D6871
:1012D00000212846FFF7E4F9002832D0401B606067
:1012E0002061002384F8433070E72268036812F01D
:1012F000800F03F104051AD01B6805606F290CBF2D
:1013000008220A22DFF844C004E7012384F84210CF
:10131000236104F14205E4E703681A68191D0123FB
:10132000016004F1420584F842202361D9E712F0FC
:10133000400F0DBF1B6805601B880560DEE7198044
:1013400041E76068CCE700BFC8C90008B4C900081D
:10135000F8B50D461446064608B1836943B3254BDC
:101360009C422AD0244B9C4229D0244B9C4208BF4B
:10137000F468A389A269A2601A0722D5236903B37E
:1013800022686169D31AEDB299422F4629DD0133F3
:10139000A168501C0139A1602060157062699A42F1
:1013A00016D0A389DB0701D50A2D11D03846F8BD28
:1013B00000F076FA0F4B9C42D4D17468D9E7B46838
:1013C000D7E72146304600F023F838B92369D7E73C
:1013D0002146304600F03AF90028E7D04FF0FF37B9
:1013E000E4E72146304600F031F90028F6D12268C2
:1013F0000123CDE700AF0008E0AE0008C0AE000852
:10140000024B0A4601461868FFF7A2BF000C0020F5
:101410003B4B70B51D6806460C460DB1AB69DBB1A0
:10142000384B9C421ED0384B9C424AD0374B9C4292
:1014300008BFEC68B4F90C2093B2190718D52069DD
:1014400008B313F001022CD0636900225B42A36150
:10145000A26060B3002070BD284600F021FA294B3D
:101460009C42E0D16C68B4F90C2093B21907E6D421
:10147000DD063CD5580726D4206942F00803A38135
:101480009BB20028DDD103F42072B2F5007FD8D0E2
:101490003046214600F026FCA389206913F00102A2
:1014A000D2D1990758BF6269A2600028D2D1B4F99D
:1014B0000C301A06CFD543F04003A3814FF0FF3024
:1014C00070BDAC68B6E7616B51B104F14403994259
:1014D00004D03046FFF7EEFAB4F90C200023636322
:1014E00000232069636022F024022060C5E742F0F7
:1014F0004002092333604FF0FF30A28170BD00BF6E
:10150000000C002000AF0008E0AE0008C0AE0008EC
:1015100008B5062000F048FD012009F048FC00BF96
:101520008B891A072DE9F0410C46804641D44A6860
:10153000002A59DDE66A002E53D00022D8F8005068
:10154000216AC8F8002013F4805251D1012340468B
:10155000B047431C5FD0A389E66A216A5F0705D5BF
:101560006268636B801A0BB1236CC01A02460023B9
:101570004046B047461C45D1D8F80030B4F90C209D
:10158000002B55D01D2B01D0162B5AD123690022D8
:10159000C4E90032616BC8F8005011B304F1440390
:1015A000994202D04046FFF785FA00206063BDE80B
:1015B000F0810E69AEB10D680E6099070CBF6369CA
:1015C0000023AD1BA3600AE02B463246A76A216ABE
:1015D0004046B8470028A5EB000506440ADD002D6B
:1015E000F2DC0020BDE8F0810A6C002AA2DCF8E7FA
:1015F000606DB3E7A38943F04003A3814FF0FF3050
:10160000BDE8F0812269A389226000226260DA04C9
:10161000C0D56065BEE7D8F80030002B9BD01D2BED
:101620000CD0162B0AD0A38943F04003A381D9E73D
:101630002169C4E90013D304ACD5EAE7C8F8005027
:10164000CFE742F04002A281CCE700BF0B6923B391
:1016500010B5044682B008B18369BBB1104B994202
:1016600012D0104B994216D00F4B994208BFE16837
:10167000B1F90C302BB1204602B0BDE81040FFF7A5
:101680004FBF002002B010BD6168F1E7019100F08A
:1016900007F90199E2E7A168EAE70020704700BF77
:1016A00000AF0008E0AE0008C0AE000820B1054B56
:1016B00001461868FFF7CABF034B0449186800F0D9
:1016C000B9BA00BF000C0020BCAE00084D160008DF
:1016D00000207047014900F0ADBA00BF4D16000868
:1016E0000020704770B54A1E682505FB02F50E46BE
:1016F00005F17401FFF734FA044640B100210C30C3
:10170000666005F168022160A060FFF7B3F820462B
:1017100070BD00BF1E4B70B51D68AB69064643B374
:101720004835D5E90134013B05D51EE0013B5A1C83
:1017300004F1680419D0B4F90C20002AF6D1002570
:10174000144B6566C4E90055A560C4E90455A5615C
:101750002946E360082204F15C00FFF78BF8C4E936
:101760000D55C4E91255204670BD2C682CB1254694
:10177000D7E7284600F010F8D2E704213046FFF7FB
:10178000B1FF044628600028F1D10C233360EAE75A
:10179000BCAE00080100FFFF2DE9F84F334B344980
:1017A0001A68816290424FF00003C0E9123303656A
:1017B00004BF012383610546FFF7ACFF686028463C
:1017C000FFF7A8FFA8602846FFF7A4FF6E68E8604F
:1017D00000240423F3607466C6E90044B460C6E9DB
:1017E0000444B461214606F15C000822FFF742F888
:1017F000DFF888B0AF68DFF888A0DFF88890DFF8FE
:1018000088801C4BC6F83080C6E9086BC6E90AA977
:101810002146FB6008227C66C7E90044BC60C7E93A
:101820000444BC6107F15C00FFF724F8EE68124B3A
:10183000C7F83080C7E9087BC7E90AA92146F360E9
:101840007466C6E90044B460C6E90444B46106F1B4
:101850005C000822FFF70EF80123C6E9086BC6E911
:101860000AA9C6F83080AB61BDE8F88FBCAE0008AD
:10187000D516000809000100120002001920000816
:101880004120000881200008A1200008024B0349E4
:10189000186800F0CFB900BFBCAE00084D160008B4
:1018A000836903B978E77047704700BF704700BF8E
:1018B000704700BF704700BF024B0349186800F033
:1018C00093B900BF000C0020D1160008024B034959
:1018D000186800F089B900BF000C0020E11600086C
:1018E0009368002B00F002812DE9F04FB1F90C3024
:1018F0009BB20C46190783B08246904635D52269C3
:101900009AB313F00202D8F800603DD00027D4F853
:1019100028B0D4F820C0DFF8CC923D464D452B4688
:101920003A4628BF4B4661465046D5B1D8470028B5
:1019300040F3D280D8F808301B1A07442D1AC8F893
:101940000830002B00F0B780D4F820C0D4F828B0BD
:101950004D452B463A4628BF4B4661465046002D22
:10196000E4D1D6E900750836D8E721465046FFF79E
:101970004FFD002840F03081B4F90C30D8F80060F9
:101980009BB213F00202C1D113F0010940F0B08004
:10199000A76820684D46002D54D09A0540F1BC80C0
:1019A000AF42BB4600F2E78013F4906F2FD0D4E92A
:1019B000041707EB4707A0EB010B07EBD777681C71
:1019C0007F105844B8423A4684BF07463A465B0502
:1019D00040F1E98011465046FFF7C2F8002800F0B8
:1019E000F5805A4621690190FEF7AAFEA289019B63
:1019F00022F4906242F08002A281A7EB0B0203EB7B
:101A00000B00676123612060A2602F46AB465A46F7
:101A1000494600F0B1F9A2682368D21B5B442F4607
:101A2000A26023600025D8F80830DB1BB944C8F851
:101A30000830002B3FD0B4F90C30A76820689BB267
:101A4000002DAAD1D6E900950836A4E70BF10803CA
:101A500053E902679B460833002FF9D03A460A2122
:101A60003046FEF71DFE002853D00130A0EB0609DA
:101A70004B46D4E904122068BB4228BF3B4688424B
:101A800003D9A5681544AB4219DC9A427DDC1346A4
:101A9000A56A216A32465046A847051E1CDDB9EBEF
:101AA00005096BD00120D8F808305B1B2E447F1B42
:101AB000C8F8083013BB002003B0BDE8F08F3146F2
:101AC0002A4600F059F923682B44236021465046EA
:101AD000FFF7BCFD0028E2D0B4F90C3043F040031E
:101AE0004FF0FF30A38103B0BDE8F08F00207047B6
:101AF00033469146104617464E469B46002FA5D0CA
:101B00000028B5D13A460A213046FEF7C9FD002823
:101B1000ABD17B1C9946ACE72369834215D361693D
:101B2000A94212D82E4BA76A9D4294BF2B466FF054
:101B300000434A4693FBF1F3504601FB03F3216A4D
:101B4000B847071EC8DDED1B6DE7AF4228BF2F4623
:101B50003A46494600F010F9A3682268DB1B3A4474
:101B6000A3602260002BEED121465046FFF76EFDA8
:101B70000028E8D0B0E72F46AB4648E7214650465C
:101B8000FFF764FD00288ED0A6E71A463146019380
:101B900000F0F2F8019BA1682268C91A1A44A160FA
:101BA00022601D467BE7504600F052F903460028AC
:101BB0007FF423AF21695046FEF77CFFB4F90C3067
:101BC0000C2223F08003CAF8002087E70C23CAF810
:101BD0000030B4F90C3081E74FF0FF306CE700BF04
:101BE000FEFFFF7F00FCFF7F2DE9F04110F1480769
:101BF0001BD088460026D7E90154013D0FD4A389A4
:101C0000012B05F1FF3506D9B4F90E30013320461A
:101C100001D0C04706436B1C04F16804EFD13F6854
:101C2000002FE8D13046BDE8F0813E463046BDE8A1
:101C3000F08100BF2DE9F84310F148071FD0884616
:101C400006464FF00009D7E90154013D11D4A3899C
:101C5000012B05F1FF3508D9B4F90E3001332146C7
:101C6000304602D0C04749EA00096B1C04F1680401
:101C7000EDD13F68002FE6D14846BDE8F883B9466C
:101C80004846BDE8F88300BF70B50C46B1F90E10A8
:101C9000002996B016461D4613DB6A4609F06FF818
:101CA00000280EDB019A02F47042A2F50052B2FA4B
:101CB00082F252094FF4806300202A60336016B02C
:101CC00070BDA38900221B062A6004D54023002092
:101CD000336016B070BD4FF480630020336016B0DF
:101CE00070BD00BF8A8992070B4606D501F14702F5
:101CF00001211A60C3E90421704770B582B001ABBD
:101D00006A460C460646FFF7BFFF00990546304677
:101D1000FEF726FFB4F90C3070B11649B162019A92
:101D20000099206043F08003A381C4E904018AB9CB
:101D30002B43A38102B070BD9A05FBD423F00303AB
:101D400004F1470243F002030121A3812260C4E9A8
:101D50000421EFE73046B4F90E1009F01CF810B971
:101D6000B4F90C30E4E7A38923F0030343F0010343
:101D70001BB2DDE7D51600088842F0B40DD98B18E8
:101D800083420AD9841832B1224613F8014D02F871
:101D9000014D9942F9D1F0BC70470F2A0ED8034685
:101DA000541E002AF7D001340C44013B11F8012BDA
:101DB00003F8012FA142F9D1F0BC704740EA0103BA
:101DC0009B073BD1A2F110073F0901F1200606EB6A
:101DD000071601F1100300F1100453F8105C44F8E9
:101DE000105C53F80C5C44F80C5C53F8085C44F845
:101DF000085C53F8045C44F8045C1033B34204F10B
:101E00001004EAD17B1C1B0112F00C0F194402F0E4
:101E10000F05034415D0043DAD0803EB850C1C1FD2
:101E20000E4656F8047B44F8047F6445F9D1013529
:101E3000AD002B44294402F00302B1E7541E0346CF
:101E4000B1E72A46ACE700BF704700BF704700BF4C
:101E500009B3F8B51446CAB106460D4600F024F998
:101E6000A04202D32F463846F8BD21463046FEF741
:101E700077FE07460028F6D022462946FEF760FC8A
:101E800030462946FEF716FE3846F8BD2746FEF7CF
:101E900011FE3846F8BD1146FEF762BE10B580212E
:101EA0000446FEF75DFE606440B1031F00227C30F3
:101EB00043F8042F8342FBD1002010BD4FF0FF30C8
:101EC00010BD00BF436C0BB100207047E6E700BFB8
:101ED0001F2970B5054608D8436C16460C464BB111
:101EE00053F8240043F8246070BD162202604FF0BE
:101EF000FF3070BDFFF7D2FF08B96B6CF0E74FF011
:101F0000FF3070BD1F2938B521D8426C05460C46FC
:101F10006AB152F8213053B1012B16D0591C10D0A0
:101F20000025204642F824509847284638BD2846C8
:101F300000F070F8224601462846BDE8384000F01F
:101F400055B816230360012038BD002038BD162384
:101F500003604FF0FF3038BD1F2921D838B5436CDE
:101F600005460C4683B153F8242003EB84034AB1A1
:101F7000511C10D0012A0CD0002520461D6090472E
:101F8000284638BD012038BDFFF788FF28B96B6CA3
:101F9000E9E7032038BD022038BD4FF0FF3038BDDF
:101FA0004FF0FF30704700BF024B01461868FFF743
:101FB000A9BF00BF000C0020024B0A46014618686A
:101FC000FFF786BF000C0020034B1868436C0BB171
:101FD0000020704762E700BF000C0020024B014662
:101FE0001868FFF7B9BF00BF000C002038B50B46DA
:101FF000074C0546114618460023236008F0CDFE25
:10200000431C00D038BD2368002BFBD02B6038BDAB
:10201000EC21002008F0C9BE10B50C46B1F90E1035
:1020200008F095FE002803DB636D0344636510BD73
:10203000A38923F48053A38110BD00BF0020704703
:102040002DE9F0411646B1F90C201F46D3050C4688
:102050000546B1F90E1009D422F48052A2813B4604
:1020600032462846BDE8F04108F078BE002202233F
:1020700008F072FEB4F90C20B4F90E10ECE700BFC2
:1020800010B50C46B1F90E1008F066FEA389421C8B
:102090000EBF23F4805343F480536065A38110BDC9
:1020A000B1F90E1008F05CBE51F8043C181F002B6B
:1020B000BCBF0B58C0187047012070470120704703
:1020C00008B5FFF7FBFF08BD704708B5FFF7FCFF39
:1020D00008BD000013B502AB03E903000F4B1B78EA
:1020E000B3B99DF80230009873B16AB104F060FD95
:1020F00004460146009804F017FD0099204602B0FE
:10210000BDE8104003F0FCBA04F032FD0446F4E7E9
:10211000009804F04DFD0099F1E700BF94100020F5
:1021200003460A4600689988FFF7D4BF10B500211E
:102130000446FFF7F5FF2146FFF7C7FF10BD10B5B6
:10214000012404FA02F204FA01F1114304FA03F340
:1021500031EA00020CBF1843984310BD08B513467E
:102160000A46014603480068FFF7E9FFBDE808405A
:1021700004F08CBCE410002008B500F04DFB00F02A
:1021800060F902F0DBFFBDE8084000F066BB00F03C
:1021900069BB704708B504F02FF9FFF7FAFF46F264
:1021A000A81006F0D6FCBDE8084005F099B800007C
:1021B00038B501210546FFF7B3FF2946044603F071
:1021C000C1F808B9002038BD29462046FFF778FF3E
:1021D0000028F7D02946204602F0FAFE0028F1D068
:1021E0002946204603F06CFB0028EBD02946204608
:1021F00003F0C0FB0028E5D02946204603F094FCFC
:102200000028DFD02946204602F0C4FC0028D9D09F
:10221000AB787BB145F65A539C4232D00ED845F686
:1022200001439C4218D045F6DE439C4226D0B4F5CB
:10223000B84F0ED02846FFF73FFFC4E745F65B5383
:102240009C4221D045F65C539C42F3D104F050FDF2
:10225000F0E7FFF79FFFB5E70D4A1078C0F30003E2
:1022600083F0010363F3000010F00104107003D049
:10227000084805F091FBA5E70748FAE704F0B6FE29
:10228000A0E704F041FDD5E704F041FDD2E700BF2F
:102290004E11002050B2000861B20008F8B5174B8B
:1022A00017491F5C174BC20800F007008D5C1649E8
:1022B0009B5C8E5C0341054113F0010446FA00F07B
:1022C00005F0010500F0010602D0E12003F0CAFD8F
:1022D00015B1E62003F0C6FD384603F05AFE15B1ED
:1022E000E62003F00FFE14B1E12003F00BFE26B14F
:1022F000BDE8F8402C2003F04CBEF8BD93B20008B6
:1023000073B2000813B3000883B200082DE9F0414E
:10231000234F04460E464FF00A08207800283CD090
:10232000012837D16378012B0ED1A078A51C03F0CA
:1023300030FE2C4601343546013DEDB2FF2DECD088
:10234000642006F006FCF7E7022B04D1A078A51C58
:1023500003F088FDEDE7032B04D1A078A51C03F062
:10236000D1FDE6E7042B01D00134E3E72246002546
:1023700012F8023FD95D4907144605D4013DD9D36F
:10238000642006F0E6FBF9E7303B08FB053512F860
:10239000013FEFE7FFF782FFCCE7BDE8F08100BF28
:1023A000B9AD00080021FFF7B1BF030943EA0010EF
:1023B000C0B28300801000F0330003F0CC0303436D
:1023C00058005B1003F0550300F0AA001843704753
:1023D000024608B5C0B2FFF7E8FF0146100AFFF752
:1023E000E4FF40EA012080B208BD38B5044680B25F
:1023F000FFF7EEFF0546200CFFF7EAFF40EA054035
:1024000038BD704708B5FFF7FCFF08BD01207047D5
:1024100010B50446FFF7FAFF90B14FF0904314F067
:10242000010F4FF0080214BF1A835A83E1B24FF034
:10243000904311F0020F4FF0100214BF1A835A8319
:1024400010BD10B501224FF0904408214FF090408C
:1024500007F0C6FD0823638301221021204607F000
:10246000BFFD1023638310BD10B50446FFF7CAFFFC
:102470002046FFF7CDFF10BD0020704770470000D9
:10248000014B33F81000704752B3000813B5ADF894
:102490000410019903F034F900F0CCF8B0F5A04F26
:1024A000044630D2B0F5804F80F08A80E72817D8F4
:1024B000DF280AD8A7280BD8A4286AD8012804D076
:1024C000031F9BB2A12B28BF0024204602B010BDE1
:1024D000BE2864D9C03880B21F286AD90024F4E726
:1024E000B0F5405F09D2B0F5005F60D2FF2854D844
:1024F000EF28F3D940F4A04024E00205C3B25CD435
:1025000043F44044E1E7B0F5AA4F1DD2B0F5A84F1F
:10251000C3B275D2B0F5A64F0AD2B0F5A44F64D2BB
:10252000B0F5A24F51D34AF2F10040EA0324CCE7C0
:102530009C08012003F0030300FA03F343EA44106C
:1025400040F40A4084B2C0E7B0F5B44F0FD2B0F502
:10255000B24F61D2B0F5AC4F55D3A0F5B0439BB2AA
:10256000FF2BBBD84AF2F00040EA0420EAE7A0F5CE
:10257000C0439BB2B3F5005FB0D2C0F3042000F0BB
:10258000D9F8000200F4F853E4B21C4344F40054B8
:102590009BE7A0F1240444F48044A4B295E75834A6
:1025A000E4B2234B33F8140040F488448DE7C0F3C1
:1025B0000B00FFF765FF044687E743F4484484E7D0
:1025C000C0F30B0040F420447FE7C3F38104C0F361
:1025D0000110640144EA002403F00303012000FA1F
:1025E00003F31C4344F40C40ACE79C08012003F0C7
:1025F000030300FA03F343EA441040F40C40A1E75C
:102600004AF2F40091E7C0B200F094F8000200F43E
:10261000F85040F4005458E700F00F0000F08AF83A
:10262000C4F3031440EA042040F410408AE700BFDA
:1026300024B30008E7284DD8DF2807D8312861D017
:102640000ED8292857D02A2863D07047A0F1E0037C
:10265000072B3FD8DFE803F0123E2126303E3A3FF9
:10266000392804D0822802D035283DD07047304B1D
:102670001B7813F0030F18BFE02070472C4A137823
:10268000D9074DD4527812F0010F23D013F0100F58
:1026900008BFE32018BF00207047254B1B7813F0BC
:1026A000040FF2E7224A137859073BD45278D20735
:1026B0003AD413F0100FEDE71D4B5A78910709D566
:1026C0001B7813F0100F08BFE720E3E7184B1B78C7
:1026D0001A07F6D47047164A1378190726D4527889
:1026E0009207E6D5E420F5E7114B1B7813F0200F95
:1026F00018BF292070470E4B1B7813F0200F18BF0E
:10270000352070470A4B1B7813F0400F18BF2A2062
:102710007047074B1B7813F0400F18BF31207047EC
:1027200039207047E2207047E0207047E62070476C
:10273000A4140020294B1A78510707D500F018017E
:10274000082927D100F0F70040F00400110707D551
:1027500000F01801182926D100F0E70040F014001D
:102760005B78D90707D500F01801082924D100F0BB
:10277000F70040F00100990707D500F01803182B67
:1027800023D100F0E70040F01100D30648BF00F06D
:10279000E700704700F01401042904BF00F0FB00BB
:1027A00040F00800D2E700F01401142904BF00F043
:1027B000EB0040F01800D3E700F01101012904BF3D
:1027C00000F0FE0040F00800D5E700F01103112BE7
:1027D00004BF00F0EE0040F01800D6E7A41400207B
:1027E00002F08CBD08B500F0E1F840F6B83006F014
:1027F000B0F900F0DBF8002000F038F8C30705D589
:10280000FFF7EEFFBDE8084004F06ABD08BD08B55B
:10281000FFF7E8FF08BD000008B504F065FB08B944
:1028200004F0E4FB04F06AFB084B187004F06CFB46
:10283000074B1880FFF7EBFF04F063FB04F005F98A
:10284000044B1868BDE8084004F01BB94E11002085
:10285000A4140020E4100020704708B5FFF7FCFF27
:1028600008BD704708B5FFF7FCFF08BD014B53F8E2
:1028700020007047C01400202DE9F0410F48104D92
:10288000DFF84C800F4F104E05F086F800242146EB
:10289000404605F081F8384605F07EF855F8040BFF
:1028A000FFF7A3FD0146304605F076F801340748EE
:1028B00005F072F8062CEAD1BDE8F08152B30008A9
:1028C000C014002025BB00087EB3000801BE00082C
:1028D00079B30008032006F03CB900BF00BF00BF79
:1028E00000BF00BF00BF00BF00BF00BF00BF00BFF0
:1028F00000BF00BF00BF00BF00BF00BF00BF7047E8
:1029000008B5FFF7E7FF08BD08B5202282F311885C
:10291000012100F00F03994020F00F0007F060FB49
:10292000002383F3118808BD38B51748174DFFF70A
:10293000EBFF1748FFF7E8FF1648FFF7E5FF1648DB
:10294000FFF7E2FF1548FFF7DFFF1548FFF7DCFF51
:10295000112455F8040B013CFFF7D6FF14F0FF04D7
:10296000F7D11049104A0623013B13F0FF0341F849
:10297000044B42F8044BF7D1062000F079F8BDE88B
:102980003840FFF7F9BB00BF0A00004888B30008D1
:102990000D0400480C0400480B0400480E080048D1
:1029A0000F080048A8140020C01400202DE9F74F9C
:1029B0000025DFF8B8B02A4F06264FF020094FF067
:1029C0000108AA465BF8044B89F3118824F00F0034
:1029D00004F00F0408FA04F421460122019007F0E4
:1029E000FFFA0198A4B244838AF31188FFF775FFB8
:1029F00000231C481C4650F8042B22F00F0102F063
:102A00000F02096921FA02F2D20758BF08FA03F24D
:102A100003F1010348BF0022112B44EA0204EAD16A
:102A20005BF8040CFFF770FFFFF76AFF3B68013E9D
:102A30009C421ABF3C600123002316F0FF0645EAC2
:102A4000030507F10407BDD1074905482B460622B7
:102A500000F010F8FFF79BFB284603B0BDE8F08FAD
:102A6000A814002088B30008C0140020CCB30008CC
:102A700070470000F8B5104C06460F4615462BB1BE
:102A80000123237004F020FC0C4B188023782BB119
:102A90000A4B188804F01DFC05280AD8F8BD56F822
:102AA000232047F8232001339D42F8DC00232370C4
:102AB000F4E70023F8E700BFBC0F0020BE0F0020A2
:102AC00008B5054804F068FFBDE808400348012246
:102AD000052104F061BF00BFE4B30008DFB40008C3
:102AE0000138052841D8DFE800F0030E18222C3603
:102AF0001E4A1F4813781944FE29D4BFC9B2FF21CA
:102B0000117004F049BF1B4A1B4813781944FE2971
:102B1000D4BFC9B2FF211170F3E7184A18481378DF
:102B20001944FE29D4BFC9B2FF211170E9E7154A43
:102B3000154813781944FE29D4BFC9B2FF2111707A
:102B4000DFE7124A124813781944FE29D4BFC9B2EC
:102B5000FF211170D5E70F4A0F4813781944FE2959
:102B6000D4BFC9B2FF211170CBE77047640C0020BD
:102B70002DB50008650C00203CB50008660C00204F
:102B80004EB50008670C002061B500086A0C0020F3
:102B900076B500086B0C00208FB5000801380528B9
:102BA00041D8DFE800F0030E18222C361E4A1F48D9
:102BB00013788B4286BF591AC9B20021117004F0F4
:102BC000EBBE1B4A1B4813788B4286BF591AC9B209
:102BD00000211170F3E7184A184813788B4286BF1A
:102BE000591AC9B200211170E9E7154A154813783E
:102BF0008B4286BF591AC9B200211170DFE7124A11
:102C0000124813788B4286BF591AC9B2002111703D
:102C1000D5E70F4A0F4813788B4286BF591AC9B2BD
:102C200000211170CBE77047640C00202DB500081F
:102C3000650C00203CB50008660C00204EB500086D
:102C4000670C002061B500086A0C002076B500080A
:102C50006B0C00208FB5000810B5014604460548EE
:102C600004F09AFE0120A04003F0EFFEBDE8104002
:102C700003F0C2BBAAB50008431F10B53E2B00F2FB
:102C80004282DFE813F03E012F0144013F00400281
:102C900040022D01400240026D0140027C012702EA
:102CA00040024002400240029C01400240028B016F
:102CB00040025901400240023E023E023E023E02F4
:102CC0003E023E023E023E023E02370240023E010A
:102CD00026014002400240024002400240024002FF
:102CE0004002400240023702400240022D014002F1
:102CF0003B023B023B023B023B023B023B023B02EC
:102D00003B023702BE4804F047FEBE4804F044FED2
:102D100004F0F7F80146BC4804F03EFEBB4804F05E
:102D20003BFE04F0EBF80446B94804F035FE2146BA
:102D3000B84804F031FEB54804F02EFEB64804F061
:102D40002BFE04F00101B04804F026FEAF4804F069
:102D500023FEB24804F020FEC4F34001AA4804F068
:102D60001BFEAA4804F018FEAD4804F015FEC4F39B
:102D70008001A54804F010FEA44804F00DFEA94807
:102D800004F00AFEC4F3C0019F4804F005FE9F480A
:102D900004F002FE04F0B8F80446A34804F0FCFD79
:102DA00021469C4804F0F8FD984804F0F5FD9F4842
:102DB00004F0F2FD04F00101934804F0EDFD9348A6
:102DC00004F0EAFD9A4804F0E7FDC4F340018E48A0
:102DD00004F0E2FD8D4804F0DFFD964804F0DCFDD0
:102DE000C4F30021884804F0D7FD884804F0D4FDDE
:102DF000914804F0D1FDC4F34021834804F0CCFD98
:102E0000824804F0C9FD8D4804F0C6FDC4F380017A
:102E10007D4804F0C1FD7D4804F0BEFD884804F003
:102E2000BBFDC4F3C001784804F0B6FD774804F058
:102E3000B3FD844804F0B0FDC4F30011724804F0FF
:102E4000ABFD724804F0A8FD7F4804F0A5FDC4F373
:102E500040116D4804F0A0FD6C4804F09DFD7B48D6
:102E600004F09AFDC4F38011674804F095FD6748AB
:102E700004F092FD764804F08FFDC4F3C01162485F
:102E800004F08AFD614804F087FD01F005FF044667
:102E9000704804F081FD21465E4804F07DFD5B48EA
:102EA00004F07AFD5C4804F077FD04F00101564817
:102EB00004F072FD554804F06FFD674804F06CFDA6
:102EC0005148C4F3C40104F067FD504804F064FDA8
:102ED00004E0624804F060FD04F088F801200FE08F
:102EE0005F48F3E75F4A6048137823F00F031370DD
:102EF00004F052FD5D4804F04FFD5D4B0120187059
:102F000010BD5C4804F048FDFFF744F9E6E7554C76
:102F10002378C3F3000282F0010262F300032370FE
:102F2000DB0701D55448D1E7544804F035FD237838
:102F300023F00E032370D1E74A4C2378C3F34002F9
:102F400082F0010262F341039807237006D54C48D2
:102F500004F022FD237843F00103EBE74948B5E78D
:102F6000404C2378C3F3800282F0010262F38203B3
:102F70005907237001D54448EAE74448A6E7394C8D
:102F80002378C3F3C00282F0010262F3C3031A077D
:102F9000237001D53E48DBE73E4897E73E4804F002
:102FA000FBFC3E4804F0F8FC3D4804F0F5FC3D48CD
:102FB00004F0F2FC3C4804F0EFFC3C4886E73C4857
:102FC00004F0EAFC02F0DCFD01463A4804F0E4FCBF
:102FD000394B3A48197804F0DFFC394B39481978F5
:102FE00004F0DAFC384B39481978C90904F0D4FCEC
:102FF00004F04AF90146364804F0CEFC6EE700BF03
:10300000AFB50008BAB50008CAB5000801BE00088F
:10301000CDB5000879B30008E0B50008EAB50008AE
:10302000F4B5000800B6000809B600081DB600088F
:1030300036B600084DB600085FB6000871B6000845
:1030400083B6000895B600089FB60008B1B6000820
:10305000CDB60008D5B60008ECB60008F5B60008F5
:1030600006B700084E110020B8B80008DFB8000805
:10307000C00F0020E3B80008FFB800080BB9000833
:1030800018B9000825B9000833B9000842B900088A
:1030900052B900085EB900086BB900087AB9000897
:1030A000BCB90008D3B900080DBA00084EBA000830
:1030B0005ABA000868BA0008740F002082BA0008E3
:1030C000B013002099BA0008A4140020ACBA00087C
:1030D000C4BA000803F090F90D490B78C3F3C0128D
:1030E00082F0010262F3C7130B701B064CBF094844
:1030F0000948EBE60020FFF7AFFDEFE63938C0B234
:10310000F9E71D38FBE7054804F046FC0020F7E628
:10311000A4140020DBBA0008E5BA0008F0BA0008E1
:1031200000207047002070471E38C0B209289ABF9F
:10313000014B185C002070478ABB0008F8B5834E2D
:103140003478012C0546374614D0022C43D0002C8D
:1031500040F0F88003F0DEFD22283AD12846FFF740
:10316000DFFF18B92846FFF787FD00E0012000F0D7
:103170000100F8BD03F0CEFD2228284605D1FFF757
:10318000CFFF0028EED02046F1E7FFF7CBFF00BBD2
:10319000142D14D008D80B2D0AD0102D12D06C4845
:1031A00004F0FAFB0020E4E7292D08D0382DF6D1F1
:1031B000684804F0F1FB684804F0EEFB2AE00020C8
:1031C0003870D6E7FFF77CFC644804F0E5FB022387
:1031D00033702046CDE729283DD01DD8132845D08F
:1031E00006D8072800F098800B2831D05848E3E72C
:1031F000142830D0A0F11E05052DF7D8FFF794FF55
:10320000574B1870564B1978002900F09980554893
:1032100004F0C2FB0120ACE7382819D0A0F14B051F
:10322000EBB2072BE2D8072DE0D801A353F825F025
:1032300011330008ED310008ED31000815330008A6
:10324000ED310008ED31000805330008F9320008BF
:10325000FFF736FCD6E7424B1A7812B100221A70FB
:10326000D0E73D4804F098FB0120A9E73E4804F070
:1032700093FB3E4804F090FB3D4B3E48197804F028
:103280008BFB3D4804F088FB3C4804F085FB3C4B3D
:103290003848197804F080FB374804F07DFB394842
:1032A00004F07AFB384B3348197804F075FB324848
:1032B00004F072FB354804F06FFB354B2D4819784C
:1032C00004F06AFB2C4804F067FB324804F064FB0E
:1032D000314B2848197804F05FFB274804F05CFB69
:1032E0002E4804F059FB2E4B2248197804F054FB69
:1032F000214804F051FB85E70121194B1878FFF7AD
:10330000EFFB7FE70121164B1878FFF747FC79E7C1
:103310000A21F2E70A21F6E7154B22481E221A700D
:10332000174B32221A70184B0A221A70184B1422AB
:103330001A70194B08221A70194B28221A70D8E7F4
:10334000194839E70020307013E700BFC00F002094
:10335000F0BA0008B8B80008DFB80008F2BA0008F0
:10336000C10F002081BB0008F6BA000804BB0008AA
:10337000640C0020CAB5000801BE000816BB000896
:10338000650C002028BB0008660C002037BB000835
:10339000670C002048BB00086A0C00205DBB0008D9
:1033A0006B0C002074BB000887BB0008194B1B780E
:1033B000D90709D5184B187800EB800080087F28C2
:1033C00024D828B3C0B270479A0705D5124B187895
:1033D00000EB80004008F2E75B0704D50E4B18783D
:1033E00000EB8000EBE70D4B1B786BB10C4A0A49F0
:1033F000127808789342F3D210FB03F000EB8000C0
:10340000B0FBF2F080B2DAE70520DBE77F207047FF
:1034100001207047CC0F0020660C0020CD0F00204B
:10342000670C0020154B1B78D90705D5144B18786D
:10343000800800B3C0B270479A0703D5104B1878C4
:103440004008F6E75B0705D50D4B18787F28F0D9C3
:103450007F2070470B4B1B785BB10B4A08491278F1
:103460000878934236BF10FB03F080B2B0FBF2F055
:10347000ECE70120DEE70120704700BFCC0F002001
:103480006A0C0020CE0F00206B0C0020F02808B53D
:1034900005D1FFF78BFF4042294BD87008BDF128BA
:1034A00002D1FFF783FFF7E7F22805D1FFF77EFF90
:1034B0004042234B9870F1E7F32802D1FFF776FFE3
:1034C000F7E7F92804D1FFF7ADFF1D4B1871E5E7C9
:1034D000FA2803D1FFF7A6FF4042F6E7FB2805D103
:1034E000FFF7A0FF4042164B5871D7E7FC2802D1E6
:1034F000FFF798FFF7E700F10C03DBB2042B08D8C5
:103500000F4A0123F43803FA00F05378184350703F
:10351000C4E7FD2805D10B4A137843F0010313706B
:10352000BCE7FE2804D1074A137843F00203F6E70C
:10353000FF28B3D1034A137843F00403EFE700BF39
:10354000C60F0020CC0F0020364BF02893F9022044
:103550000AD193F9031000290CDA0021D97052B96D
:10356000314A0021117006E0F1280DD193F90310C2
:103570000029F2DC72B11A795B7913435AB2002B3D
:103580004FD12A4B1A707047F22806D1002AF1DA7F
:1035900000229A7093F90320E1E7F32802D1002A70
:1035A000F6DCE7E7F92893F9041004D10029E1DDFE
:1035B00000211971DEE7FA2802D10029DADAF7E7EB
:1035C000FB2893F9051004D10029D3DA00215971A1
:1035D000D0E7FC2802D10029F8DCCBE700F10C0190
:1035E000C9B2042907D8F43801218140587820EA6B
:1035F00001005870BEE7FD2805D10D48017821F083
:1036000001010170B6E7FE2804D10948017821F0D4
:103610000201F6E7FF28ADD10548017821F0040149
:10362000EFE77047C60F0020CD0F0020CE0F00201F
:10363000CC0F00202A4B1B7813F0080F10B5294C33
:1036400039D0294804F0A8F96178284804F0A4F991
:10365000274804F0A1F994F90210264804F09CF9D7
:10366000254804F099F994F90310224804F094F9DC
:10367000214804F091F994F904101E4804F08CF9E3
:103680001D4804F089F994F905101A4804F084F9EA
:103690001A4804F081F91A4B1A48197804F07CF999
:1036A000194804F079F9194B1648197804F074F99F
:1036B000174804F071F903F007FEE378A27813438A
:1036C00018BF144B227918BF18806379134318BFB1
:1036D000114BBDE8104018BF1880024802F09ABA9A
:1036E0004E110020C60F002094BB000879B30008DB
:1036F000B7BB0008B9BB0008FDB80008BCBB000898
:10370000CD0F0020CAB50008BFBB0008CC0F0020B9
:10371000D0B90008C20F0020C40F00202DE9F047E7
:10372000564C94F9028094F9037094F9046094F96A
:10373000055094F800A094F801900023A370E37062
:103740002371637158EA07030AD04D4B188803F0C0
:10375000C0FD4C490B783BB34B4A127890422DDCAC
:1037600056EA05030BD0494B188803F0B2FD4849CF
:103770000B78002B4ED0474A1278904254DCE27806
:10378000A3781343227913436279134301D0FFF7DF
:1037900051FF84F800A084F8019084F80280E7705B
:1037A00026716571BDE8F0873B4A127802EB820210
:1037B000B0EB420FD4DD01330B7001E0FF2BFAD1E7
:1037C000B8F1000F08D0FFF7F1FDB8F1000FCCBF42
:1037D0000123FF235843A0703FB1FFF7E7FD002FFF
:1037E000CCBF0123FF235843E07094F90220002A44
:1037F000B6D094F903100029B2D0B5235A4312125F
:1038000003FB01F308BF01221B1208BF0123A270B2
:10381000E370A5E7214A127802EB8202B0EB420F77
:10382000ADDD01330B7001E0FF2BFAD13EB1FFF7A4
:10383000F9FD002ECCBF0123FF23584320713DB179
:10384000FFF7F0FD002DCCBF0123FF23584360712B
:1038500094F90420002A92D094F9051000298ED002
:10386000B5235A43121203FB01F308BF01221B12B6
:1038700008BF01232271637181E700BFC60F0020DA
:10388000C20F0020CD0F0020650C0020C40F0020C7
:10389000CE0F0020690C0020640C0020680C002072
:1038A000054A002313609380044A1370044A13707E
:1038B000044A1370704700BFC60F0020CD0F0020D0
:1038C000CE0F0020CC0F002008B500F071F940F6B3
:1038D000FF7008BD08B5074800F022F9064800F05F
:1038E0001FF9064800F01CF9BDE80840044800F044
:1038F00017B900BF00E0030800E8030800F0030860
:1039000000F80308B0F5805F2DE9F041884602D346
:103910000020BDE8F081450005F1006404F578342D
:103920004FF6FF7223889BB293424FEAA02604D140
:10393000204600F017F980B2EBE7F602124F06F1CD
:10394000006606F578364FF4006231463846FCF7DB
:10395000F7FE23789845DBD040F2FE702840002423
:1039600007F80080304600F0DBF8395D61F0FF01B8
:103970004B1C03D089B2301900F0F4F80234B4F5CE
:10398000006FF2D1D7E700BFD814002080B240000A
:1039900000F1006000F578300078704780B2FFF7E2
:1039A000B1BF83B25B0003F1006303F578331A788B
:1039B000431C9BB25B0003F1006303F57833187876
:1039C00042EA0020704738B584B20D462046C9B29D
:1039D000FFF798FF601C290A80B2BDE83840FFF766
:1039E00091BFFFF7F0BF10B583B25A0002F1006239
:1039F00002F5783211785A1C92B2520002F100623C
:103A000002F5783214789A1C92B25200033302F114
:103A100000629BB202F578325B0003F1006312781A
:103A200003F578331878130443EA04230B4343EA7D
:103A3000006010BD82B2F8B5571CBFB20C465300EF
:103A4000790003F1006301F1006103F5783301F5BA
:103A50007831961CB6B2187891F800C0710001F167
:103A6000006101F57831D51CADB20B78690001F128
:103A7000006101F578311B04097843EA0C23034304
:103A800043EA0163A34213D0E1B21046FFF73AFFC5
:103A9000C4F307213846FFF735FFC4F3074130462A
:103AA000FFF730FF210E2846BDE8F840FFF72ABF98
:103AB000F8BD00000B4BDA68D0070CD4DA68510768
:103AC0000BD4DA68D2060AD4D86800F00100C0F13D
:103AD0000500C0B2704701207047022070470320E4
:103AE000704700BF0020024073B50446FFF7E2FFB5
:103AF0000025FF2601280FD114B9062002B070BDA1
:103B000001950196019B1BB9FFF7D4FF013CF1E73A
:103B1000019B013B0193F5E7002C08BF0620EDE770
:103B200038B5054640F6FF70FFF7DEFF052815D1D2
:103B30000B4C236943F0020323616561236943F061
:103B40004003236140F6FF70FFF7CEFF06281EBF3B
:103B5000236923F0020323613423E36038BD00BFEF
:103B600000200240104B00F178429A4270B50546A1
:103B70000E4616D81F20FFF7B7FF052810D10B4CB3
:103B8000236943F0010323611F202E80FFF7ACFF60
:103B900006281EBF236923F0010323613423E36059
:103BA00070BD0720FCE700BFFEFF070000200240B9
:103BB000034B044A5A6002F188325A60704700BFD2
:103BC00000200240230167457FB510F47F4F01902C
:103BD000C0F30726C0F3074217D109B12F4B9A5CF7
:103BE0008DF80C208DF80D208DF80E209DF80C30EE
:103BF000002063F307009DF80D3063F30F209DF85C
:103C00000E3063F3174004B070BD9DF8043061B30B
:103C100022498A5C03EB43046FF05400FF216400E7
:103C2000B4FBF1F4604300EB430000EB4000C0B292
:103C300016FB00F31B12081A8D1BCB1A06FB00F1B2
:103C40000912C1F1FF01554353435143C5F3072501
:103C5000C3F30723C1F30721D2B2062C19D8DFE83A
:103C600004F00608110F1418060092B2D2E71346AA
:103C70000A468DF80C208DF80D308DF80E50B5E702
:103C800011461A462B460D46F3E70B4611462A46C7
:103C9000F9E711462A461D460B46EAE7F3C100083C
:103CA00084B0012104B0FFF78FBF704784B004B027
:103CB000FFF7F6BF13B58DF802208DF800008DF8E0
:103CC000011000981C46FFF7F1FFC0F30743C0F353
:103CD000072262702070A37002B010BD064A1378EC
:103CE00013F0FE0F04D1012161F3470313707047F5
:103CF000552BFCD92A21F7E7D81C00200820FFF714
:103D000072BE07B50190FFF7E9FF0199082003B0E3
:103D10005DF804EBFFF78EBE014B1868FFF7F1BFAB
:103D2000D81C0020034B0448186000221A71FFF7CA
:103D3000E8BF00BFD81C00200300FFFF38B51C4CB3
:103D40002378D90732D51B4803F026FE2378DA07FB
:103D50002CD5194D1948297801F0010103F01CFEFA
:103D60002378DB0722D529781548490803F014FE8B
:103D70002378D8071AD56978124803F00DFE237806
:103D8000D90713D5A978104803F006FE2378DA077F
:103D90000CD5E9780D4803F0FFFD2378DB0705D546
:103DA00029790B48BDE8384003F0F6BD38BD00BFA7
:103DB0004E110020C1BB0008D81C0020DABB00084F
:103DC000F7BB000812BC00082CBC000846BC000869
:103DD00060BC0008034B1B7813F0010018BF5808A3
:103DE000704700BFD81C0020054B1A79022A9CBFDF
:103DF00001321A7110B11868FFF783BF704700BF16
:103E0000D81C00200120FFF7EFBF0000044B1A79F7
:103E10000AB1013A1A7110B11868FFF772BF704702
:103E2000D81C00200120FFF7F1BF0000014B1879DA
:103E3000704700BFD81C002038B50B4C0B4D2071CB
:103E400059B12068FFF75DFF2B78DA070BD5217990
:103E50000748BDE8384003F09FBD2B78DB0702D54B
:103E600001460448F5E738BDD81C00204E1100205B
:103E70007CBC00089DBC00080021FFF7DDBF0000EE
:103E8000014B5878704700BFD81C0020014B987830
:103E9000704700BFD81C0020014BD878704700BF86
:103EA000D81C002001F0C0B9104B11481A7870B529
:103EB000104C12F00102617806D0237803EB430323
:103EC0001844FFF7EFFF70BDA578E67805EB4503D2
:103ED0000344AE4203F10303EFD9013503F8022C8A
:103EE00003F8032C03F8012CEDB2F2E7D81C0020F4
:103EF000E01C00206F0C00200E4B1B78DB0770B419
:103F000016D50D4B0D4E9C78DD7804EB44033344FD
:103F1000AC4203F1030302D370BCFFF7C5BF013409
:103F200003F8020C03F8031C03F8012CE4B2EFE7DA
:103F300070BC7047D81C00206F0C0020E01C0020D3
:103F4000094B1B78DB0707B50AD501ABFFF7B2FEBB
:103F50009DF806209DF804109DF80500FFF7CCFFA2
:103F600003B05DF804FB00BFD81C0020064B0279AB
:103F7000064910B504468A5C58789978FFF7E0FF47
:103F800023790133237110BDD81C00209BBF00088A
:103F9000054B10B50446DA7899780079FFF7D0FF21
:103FA00023790133237110BDD81C002037B5164C7E
:103FB0000546207838B9FF2201AB1146FFF77AFE9B
:103FC0009DF8053023702979012911D0022913D0D9
:103FD000B1B920780A46FFF78FFF2B79032201330E
:103FE000B3FBF2F202EB42029B1A2B7103B030BD1D
:103FF000002221781046EEE7002022780146EAE709
:10400000002210461146E6E75B1000202DE9F04F34
:104010004A4D2DED028B95F800C089B01CF0010FC0
:1040200006468846174604932DD04FEA5C03444C5D
:10403000DFF828E1E45CDFF828918EF800400CF00E
:10404000FE0CBCF1020F23D107ABFFF733FE9DF846
:104050001E209DF81C109DF81D00FFF74DFF049BCE
:104060006E7085F80280EF70002B5DD02868FFF736
:1040700048FE99F80030DA0705D5EB78AA78697818
:10408000304803F089FC09B0BDEC028BBDE8F08F2D
:10409000022C01D1EF78E2E7062C01D16E78DEE741
:1040A000092CFBD0192CDAD1193B03F00102039241
:1040B00082F0010208EE102AC3F34603224A12F8E6
:1040C00003B04FF0000A214B1B795FFA8AF18B4253
:1040D00002D8FFF7E9FEC2E70BFB01F4B4FBF3F4EF
:1040E000039BE4B2F3B9344499F80030D807E4B242
:1040F00009D518EE103A1648CDF800B022460591C1
:1041000003F04AFC0599114B9B781944114B01EBC4
:1041100041010B443A4641462046FFF7CBFD0AF1E8
:10412000010AD0E7341BDFE799F80030DB07AAD596
:1041300009483B4642463146A3E700BFD81C002051
:1041400070BF0008E7BC00085ABF00086F0C0020D1
:10415000C0BC0008E01C00200CBD00085E10002060
:104160004E110020054910B44C78CA78897808347B
:104170000346E0B25DF8044BFFF748BFD81C0020AF
:104180000120FFF7EFBF0000054910B44C78CA7852
:104190008978083C0346E0B25DF8044BFFF736BF70
:1041A000D81C00200120FFF7EFBF000010B4074C1F
:1041B000A178E2781131FF2928BFFF210346C9B257
:1041C00060785DF8044BFFF721BF00BFD81C0020CA
:1041D0000120FFF7EBBF000010B4064CA178E27895
:1041E000113921EAE1710346C9B260785DF8044BE8
:1041F000FFF70CBFD81C00200120FFF7EDBF000027
:1042000010B4074CE278A1781132FF2A28BFFF22B0
:104210000346D2B260785DF8044BFFF7F7BE00BFEB
:10422000D81C00200120FFF7EBBF000010B4064CA3
:10423000E278A178113A22EAE2720346D2B26078BB
:104240005DF8044BFFF7E2BED81C00200120FFF709
:10425000EDBF0023FFF7DABE2DE9F041144EDFF881
:104260005880144F044600253179E8B281420DD8B8
:10427000FFF71AFEA37813F0010F237914BF01335F
:1042800003F1FF335BB22371BDE8F081B378FF2205
:10429000B2FBF1F22179034403EB430302FB00106C
:1042A0004344FA78B978C0B2FFF704FD0135DBE783
:1042B0006F0C0020D81C0020E01C00202DE9F04FDE
:1042C0008378314E314D13F0010F85B00CBF0123BF
:1042D0004FF0FF3301934FF0000933795FFA89F80B
:1042E00043450CD8FFF7E0FD019B012B2B7843D110
:1042F00003B93379013B2B7005B0BDE8F08FB2787C
:104300002349DFF890A0424402EB420253180024F4
:104310005C7054549DF804209C70029227464FF024
:104320001A0B2A782244D1B252B21A2A1EDD92FB0D
:10433000FBF10BFB112252B242450ED19AF8031049
:104340009AF801000393C7F104024A43C2F38702BB
:104350009AF80210FFF7AEFC039B029A013714444F
:10436000042FE4B2DDD109F10109B6E7002AE3DA4E
:10437000054A12790A44DEE731790133B3FBF1F2E1
:1043800001FB1233B7E700BF6F0C00205C10002068
:10439000E01C0020D81C00202DE9F8432B4C2C4DAC
:1043A000A278E07802EB42032B440021904203F113
:1043B000030320D8274EDFF8A090DFF8A480002761
:1043C0002179FAB291421FD8FFF76EFD224D2348A2
:1043D0002A78017833780A4452B20B445BB2002A3F
:1043E00033702A7003DD2279013A934201DB49429E
:1043F0000170BDE8F883013203F8021C03F8031CC6
:1044000003F8011CD2B2D1E7B2FBF1F301FB132395
:10441000A1780B4496F90010DBB28A4203EB430308
:104420000EDB99F900108A420ADC98F8032098F80C
:10443000021098F801002B44FFF73CFC0137BFE75E
:10444000E9180022EA544A708A70F7E76F0C0020DE
:10445000E01C00205A1000206C0C00206D0C002085
:10446000D81C0020037913FB03F25A43C3F1200345
:104470002DE9F04703FB03F15525554303FB0123C9
:10448000B5FBF3F5EDB2292D85BFC5F1550404EB5D
:10449000440405EB450404EBD474DFF87480DFF8C2
:1044A00074A094BF6FEA54046FEA64040646E4B251
:1044B0000027C14698F80420FBB29A420BD8FFF7B8
:1044C000F3FC3379104AD3B90121117012781344E7
:1044D0003371BDE8F0879A0799F802200B4913441D
:1044E00058BFC5F1550003EB4303897854BFC0B2F0
:1044F000284653442246FFF7DDFB0137DAE7202B3D
:10450000E4D1FF21E1E700BF6E0C0020D81C0020A1
:104510006F0C0020E01C00202DE9F041154FDFF862
:104520005C80154E044600253A79AA4208DCFFF764
:10453000BBFC2379013303F001032371BDE8F08153
:10454000BB7894F804C07078B1782B4403EB430334
:10455000B5EB520F434407DABCF1000F07D0F278F5
:10456000FFF7A8FB0135DFE7BCF1000FF7D0002211
:10457000F6E700BF6F0C0020D81C0020E01C0020D4
:104580002DE9F74F83780193494D07790123037192
:104590000026484B1B79F4B2A34204D803B0BDE80F
:1045A000F04FFFF781BC019B022B4FEA840B09D827
:1045B000414B0BEB040193F801C005F801C06818EA
:1045C0009B784370A7B90BEB04032B44DF709F70FB
:1045D000384B3A4A9B7823445C44291903EB430344
:1045E0001344285D8A784978FFF764FB0136D0E7E9
:1045F0000BEB040A05EB0A09DFF8BC8099F803000D
:10460000E0B10138C0B299F804C02D4B89F803001D
:10461000C0EB0020B0FBFCF0C0B298F80310185CAF
:104620002238C0B2C0EB00204FF0BB0CB0FBFCF056
:10463000C0B24843001289F80200C9E7FCF79CF9B0
:1046400098F803C04FEA5C0C0CF17F0E4FF4017C2C
:104650000CFB0EFCCCF3072C6045B9DA019B022B56
:1046600015D9FCF789F94FF0FF0C90FBFCFC844452
:1046700005F80AC0FCF780F998F802C04FEA5C0C14
:1046800090FBFCFE0EFB1C0EF44489F801C00BEB02
:10469000040028440023837098F80330C82B28BFF7
:1046A000C823142B38BF14230371C37090E700BFD5
:1046B000D80F00206F0C0020D81C0020E01C002028
:1046C0009BBF000808B50C4B0C4819780B22490811
:1046D000FBF7E6FF10B90A4B01225A7002F0F4FD15
:1046E000084B1880084B1B78DB0704D5BDE8084051
:1046F000064803F051B908BDD81C0020740C0020F6
:104700005E100020D00F00204E11002033BD0008A5
:10471000054B00225A70054B1B78DB0702D5044875
:1047200003F03AB9704700BF5E1000204E11002020
:104730004CBD000838B51D4C2378DD0735D518BBB6
:10474000012262F347031A4D237021B32068FFF75B
:10475000D8FA2B78DA0704D521781648490803F0EF
:104760001BF9217814480B224908FBF799FFC8B1BF
:10477000FFF7CEFF114BA17860780122DA70E27862
:10478000BDE83840FFF765BD2A2801D92A22D8E7BD
:1047900060F34703D7E72B78DB07E2D52178084899
:1047A0004908DCE7FFF78EFFE4E738BDD81C00209E
:1047B0004E11002065BD0008740C0020D00F0020B1
:1047C00081BD0008054B1B785B0801332B2B01468C
:1047D00034BF18460120FFF7ADBF00BFD81C002032
:1047E0000120FFF7EFBF0000064B1B78C3F3460321
:1047F000013B13F0FF03014614BF18462A20FFF7C0
:1048000099BF00BFD81C00200120FFF7EDBF012198
:10481000FFF790BF10B5094C227842F001022270D8
:10482000074A1278D30703D50648012103F0B4F8EC
:104830002078BDE810404008FFF7E9BFD81C0020F1
:104840004E1100209FBD00080021FFF773BF00003C
:1048500070B5204E3278002A3AD11F4C2378DD07FC
:1048600008D51E4803F098F82378D80702D51C48CD
:1048700003F092F802F038FB48B92378D90702D543
:10488000184803F089F802F0B1FBFFF74BFAFFF785
:1048900035FA154D10F0FE0F28600AD12378DA079B
:1048A00002D5124803F078F8FFF73CFAFFF726FA32
:1048B0002860FFF713FAFFF741FA0D4B2878002222
:1048C0005A70C30702D54008FFF7BEFF01233370BB
:1048D00070BD00BFD60F00204E110020D6BD0008CD
:1048E000EDBD000803BE0008D81C00202BBE000848
:1048F0005E10002010B5094C227842F001022270AF
:10490000074A1278D30703D50648012103F044F87B
:104910002078BDE810404008FFF796BFD81C002063
:104920004E11002074BE000808B5064B00221A7014
:10493000054B1B780BB1FFF7DDFFBDE80840FFF723
:10494000C1BE00BFD70F00205D10002010B50E4C77
:1049500023786FF3000323702068FFF7D2F90B4B25
:104960001B78DB0705D52178094801F0010103F028
:1049700013F8FFF7CDFE41F2883004F0EAF8BDE805
:104980001040FFF791BA00BFD81C00204E11002044
:10499000ADBE00080C4B1B7813F0010F10B50B4C8B
:1049A00006D021780A48C94301F0010102F0F4FF62
:1049B0002378DB0703D5BDE81040FFF7C7BFBDE88C
:1049C0001040FFF727BF00BF4E110020D81C002069
:1049D000E5BE000808B50B4B1A786FF300021A7099
:1049E000094B1B78DB0703D50848002102F0D4FFF0
:1049F000FFF78EFE41F2883004F0ABF8BDE80840C6
:104A0000FFF752BAD81C00204E1100201CBF00082E
:104A100008B5FFF77DFE084B1A785AB901221A70C3
:104A2000064B074A1B78C3F300031370BDE8084028
:104A3000FFF7D0BF08BD00BFD70F0020D81C002053
:104A40005D100020344B5A782DE9F041002A60D0E7
:104A50001A78324B324E1B78C2EB5303DBB2022A78
:104A6000B3701AD12F4A304CD55CF3782BB10027A4
:104A7000F77002F029FCB780308002F025FC338803
:104A8000C01A80B247F6FE72904242D81D4435806B
:104A900023462348BDE8F0411847062A03D1234A9C
:104AA000234CD55CE1E7092A04D1224A224C5B0859
:104AB000D55CDAE70F2A04D1204A214C5B08D55C8B
:104AC000D3E7152A03D11F4A1F4CD55CCDE7182A1E
:104AD00014D0232A03D11D4B1D4C1D88C5E7242A61
:104AE0000FD0252A11D10322B3FBF2F202EB4202CE
:104AF0009B1ADBB2174A184CD55CB6E7174C282531
:104B0000B3E7174C4FF4FA75AFE7164C4FF4FA655C
:104B1000ABE7BDE8F08100BF5E100020D81C00208C
:104B2000D00F002056BF00086D3F000862BF00088C
:104B3000913F000865BF0008594200086ABF00089D
:104B4000BD4200085FBF00089943000868BF000825
:104B5000AD3F00086DBF00088145000865440008AE
:104B600019450008AB3C000800B11047084738B5AC
:104B700004460D46FFF72EF9A04206D3FFF72AF9A7
:104B8000A84202D2FFF72CFE38BD2046BDE83840CF
:104B9000FFF73DBE38B58C780546002C65D002F095
:104BA000B9F845F6D5439D4200F0220014D845F6E9
:104BB000C1439D4214D9A5F5B945433D122D11D8E5
:104BC000DFE805F014191C1F2225282B2E3134385C
:104BD0003D404346494B4E0045F65D539D4241D012
:104BE000204638BDFFF7D6FE0024F9E7204A2149C8
:104BF000FFF7BAFFF8E71F4A1D49F9E71E4A1F49A8
:104C0000F6E71E4A1C49F3E71D4A1E49F0E71D4A14
:104C10001B49EDE71C4A1D49EAE71C4A1A49E7E728
:104C20001B4A1C49E4E71B4A1949E1E70120FFF749
:104C3000EEFDD9E705210220FFF799FFD4E708210F
:104C40000620F9E70E210920F6E714210F20F3E7EB
:104C500017211520F0E71820E9E722211920EBE7BA
:104C60002320E4E72A212520E6E70124B8E700BF56
:104C700009480008E1470008A541000881410008F3
:104C8000F9410008D14100084D42000825420008C2
:104C9000253E0008053E00080620FEF777BE0146C7
:104CA0000620FEF77BBE0000014B1878FFF7F7BF28
:104CB0002E1D0020044B187800F0040040F019006D
:104CC0001870FFF7ECBF00BF2E1D0020014B1878B5
:104CD000C00870472E1D002008B50A4B18788207BF
:104CE0000FD440F002001870FFF7D9FF064B1B7875
:104CF000DB0702D5054802F04FFEBDE8084000F092
:104D000011BA08BD2E1D00204E1100209BC00008C6
:104D100008B50B4B1878820710D56FF34100187057
:104D2000C0B2FFF7BCFF074B1B78DB0702D5064874
:104D300002F032FEBDE8084000F020BA08BD00BF16
:104D40002E1D00204E110020B7C000080A4B10B5E0
:104D50001C780A4B1B78DB07C4F3400403D50848D2
:104D6000214602F019FE1CB1BDE81040FFF7D0BF8C
:104D7000BDE81040FFF7B0BF2E1D00204E110020EF
:104D8000D4C00008024B1878C0F34000704700BF41
:104D90002E1D0020014B1878704700BF7F0C0020AB
:104DA00008B502F0A1F818B902F020F9FFF782FF68
:104DB000FFF772FF084B1F2888BF0322187084BFBB
:104DC00062F3C70018701B7813F0010018BFD808F1
:104DD00000F07CF908BD00BF2E1D002010B50F4C5F
:104DE0002378172B4FEAD3029EBF013262F3C70329
:104DF0002370207840F001002070FFF750FF084B2F
:104E00001B78DB0704D521780648C90802F0C4FDE9
:104E10002078C00800F05AF910BD00BF2E1D0020F8
:104E20004E110020F4C0000810B50F4C207810F08F
:104E3000F80F0BD0083810F0F80F14BF012300232F
:104E400063F300002070C0B2FFF729FF074B1B7807
:104E5000DB0704D521780648C90802F09DFD2078BB
:104E6000C00800F033F910BD2E1D00204E110020A7
:104E70000CC1000810B50E4C2378DA0717D443F0A4
:104E80000103012B04BF1A4663F3C702237008BF56
:104E900022702078FFF703FF064B1B78DB0702D553
:104EA000054802F079FD2078C00800F00FF910BD28
:104EB0002E1D00204E11002024C1000808B50A4B09
:104EC0001878C2070FD56FF300001870C0B2FFF753
:104ED000E6FE064B1B78DB0702D5054802F05CFDB9
:104EE000002000F0F3F808BD2E1D00204E11002018
:104EF00036C100080A4B10B51C780A4B1B78DB073B
:104F000004F0010403D50848214602F045FD1CB118
:104F1000BDE81040FFF7D2BFBDE81040FFF7AABFC1
:104F20002E1D00204E11002049C1000810B5144C60
:104F30002378C3F3C402013202F01F02032A94BF94
:104F400062F3C7036FF3C7032370207810F0F80FE4
:104F500014BF0123002363F300002070C0B2FFF7E9
:104F60009EFE084B1B78DB0704D521780648C9084C
:104F700002F012FD2078C00800F0A8F810BD00BFB4
:104F80002E1D00204E1100205FC10008094A08B5FF
:104F90000328137828BF032060F3C70313F0F80F2A
:104FA00014BF0121002161F30003137000F08EF89B
:104FB00008BD00BF2E1D002008B5FFF7E7FF034B1B
:104FC0001878BDE80840FFF76ABE00BF2E1D00201C
:104FD00008B50346887800B3A3F5B9433B3B062BDD
:104FE00009D8DFE803F004090B0E111417000320A1
:104FF000FFF7E2FF002008BD0020F9E7FFF714FFEC
:10500000F8E7FFF7EBFEF5E7FFF774FFF2E7FFF7CE
:105010008DFFEFE7FFF79AFEECE70120EBE70000DA
:1050200038B50446FFF7B6FE24490B8805025A1C22
:10503000B2FBF5F305FB13239BB240000B8080B25B
:105040001F4AB3FBF0F303F07F030325D25C120287
:10505000B2FBF5F5FFF73AFE10FB05F292B241F212
:105060007B439A4218D80920B2FBF0F2202383F345
:105070001188E36843F00403E360124B9B6802214C
:105080005A4320464FF6FF73B2FBF3F205F09EFA47
:10509000002383F3118838BD02F5235236320A4BC0
:1050A0001202B2FBF3F202FB02F35A43120AB2F508
:1050B000803F14BF92B24FF6FF72D7E76010002016
:1050C00073C1000848210020F5280100032804D8F6
:1050D00020B91148022104F095B80320C0EB00402C
:1050E0000323B0FBF3F303F5235336330B4A0A488B
:1050F0001B02B3FBF2F303FB03F2534381684FF649
:10510000FF721B0AB3F5803F08BF13464B430221D1
:10511000B3FBF2F204F066B848210020F528010044
:1051200070470000024B034A03489A6004F07BB8C2
:10513000800C0020215000084821002008B54FF4C1
:1051400081720B48012104F04BFF0A490A480123F0
:10515000CB6104F036F8FFF7B9FDFFF7B7FFFFF7B3
:1051600011FE18B1BDE80840FFF7DCBF08BD00BF65
:1051700000040048800C00204821002008B5064BA0
:10518000064800229A6004F058F8FFF79FFDBDE83A
:105190000840FFF79BBF00BF800C00204821002083
:1051A00030B5072201254FF090414FF4004405FA35
:1051B00002F303400C8319D0002300BF00BF00BFDF
:1051C00000BF00BF00BF0133052BF6D14C8300BFE9
:1051D00000BF00BF00BF00BF00BF00BF00BF00BFD7
:1051E00000BF00BF00BF013AE1D230BD00BF00BF29
:1051F00000BF00BF00BF00BF00BF00BF00BF00BFB7
:1052000000BF00BF4C8300BF00BF00BF00BF00BF96
:1052100000BF0133052BF6D1E5E701224FF4004131
:105220004FF0904004F0DCBEF8B51B4E33780446D6
:105230000D461BB9FFF7F1FF01233370202383F3E1
:1052400011880023DAB2AA4203F1010716D3DFED79
:10525000137A002300BF00BF00BF00BF00BF00BF24
:10526000013307EE103AB8EEC77AB4EEE77AF1EE02
:1052700010FAEFD4002383F31188F8BD02EB420249
:10528000A618A05CFFF78CFF7078FFF789FFB07855
:10529000FFF786FF3B46D5E7621000200000A844D8
:1052A00008B52320FEF772FB212801D0002008BD9D
:1052B0002420FEF76BFB0728F8D12520FEF766FBBC
:1052C000A0F1130358425841F1E710B5041E14BF72
:1052D0002121FF212320FEF761FB002C14BF0721B1
:1052E000FF212420FEF75AFB002C18BF1321BDE834
:1052F000104008BFFF212520FEF750BB08B5002055
:10530000FFF7E3FFBDE8084001F0E4BD704708B5D2
:105310002620FEF73BFB08BDC1B22620FEF73EBBB0
:1053200008B5FFF7F3FFFFF7BBFF50B9FFF7F4FF36
:1053300000F090F900F025FABDE808400120FFF7E1
:10534000C4BF08BD10B58C78FCB1A0F5BE43123BBC
:105350000F2B24D81238C0B200F01FFA00242046C8
:1053600010BD012001F0A6FB032202210120FCF761
:10537000F5FEF3E7012001F0A7FB03220221012043
:10538000FCF7ECFEEBE70220F5E745F610739842D8
:10539000F0D045F611739842F5D00124DFE745F6C9
:1053A00010739842DDD045F611739842D7D1022090
:1053B000D8E7FF230370704710B50378092B044624
:1053C00002D00A2B08D010BDFFF780FC00EB800351
:1053D00003EB03136370F6E7FFF7D4FC6070F2E7AA
:1053E0000378092B02D00A2B06D07047407855234A
:1053F000B0FBF3F0FFF7CABD43780BB9FFF788BCE9
:10540000FFF76ABC10B50378803B0446032B06D82F
:10541000DFE803F00206090CFEF73EFD607010BDE8
:10542000FEF7D8FCFAE7FEF701FDF7E7FEF728FDE7
:105430006070FEF72BFDA070F1E737B50378803B75
:105440000446032B2DD8DFE803F0020F1E24FEF7DD
:1054500017FD0546FEF71AFD62780146284603B09F
:10546000BDE83040FEF7F5BE4078FFF7EDF9637810
:1054700023B903B0BDE83040FFF7ACBA03B0BDE8D4
:105480003040FFF737BA407803B0BDE83040FEF750
:10549000F3BC817801914578FEF7FEFC0199024644
:1054A000DCE703B030BDF7B5044610F8013B013B23
:1054B0000E46122B00F2A480DFE803F00A153F48E5
:1054C0004E585B6269A2A26E7278818A8D909900B3
:1054D000002363700923A3703146204603B0BDE862
:1054E000F04002F0EBBD6378022B0DD0032B0ED001
:1054F000012B1DD101F0C8FE030EA370030CE37055
:10550000030A23716071E7E7FFF701FFF4E725461F
:105510000027F8B2FDF7AAF90137030CAB70062F8C
:105520004FEA1023EB70287105F10305F1D1D3E7A1
:1055300031462046FFF73DFFCEE76378022BF7D1D7
:10554000D4F8020000BAFFF7E7FEC5E7E278A178D9
:10555000607800F063F8D3E722796379A178607806
:1055600043EA0223E27800F067F8B5E700F072F84A
:10557000B2E70190FFF734FF0198FFF75EFFABE75A
:105580000190FFF719FF0198FFF73CFFA4E7FFF731
:105590008BFBFEF7C1FB9FE700F0C5F860709BE74F
:1055A00000F0C3F8030A6370A07095E76078A378F1
:1055B000E178221D43EA002000F0B9F88CE760781A
:1055C000A378E178221D43EA002000F0C6F883E7C3
:1055D00000F0D7F880E700F016F8DFE76078A378EE
:1055E000E178221D43EA002000F05EF874E760785D
:1055F000A378E178221D43EA002000F06CF86BE705
:10560000FF23237068E7042070475200222303FB26
:105610000121CC2202FB00102730704738B5FFF77C
:10562000F4FF0546FEF7B2F90402681CFEF7AEF976
:10563000A4B2204380B238BD38B51C46FFF7E5FF61
:10564000210A0546FEF7AAF9E1B2681CBDE8384018
:10565000FEF7A4B92DE9F74F0026DFF848B034462D
:1056600006EB0B0800255FFA84FA0FE0FAB239F86E
:10567000023B019150460137FFF7DEFF112F0199E0
:10568000F4D10135062D08F1220803D0C1460027C8
:10569000E9B2EBE70134042C06F1CC06E0D103B00B
:1056A000BDE8F08F20AF0008F8B5144600F12705DB
:1056B00056180027B44200D1F8BDA5F12703B3F571
:1056C0004C7F06DA2846FEF761F920700135013477
:1056D000F0E72770FAE7F8B50E46174600F1270401
:1056E0000025B54200D1F8BDA4F12703B3F54C7FE6
:1056F00003DA795D2046FEF751F901340135F0E710
:1057000082B00328ADF804100AD89DF805100529C9
:1057100006D89DF80420102A02D802B0FFF77EBFF9
:10572000002002B0704710207047A9207047F8B5DC
:10573000144600F2573556180027B44200D1F8BD80
:10574000A5F25733A82B06DC2846FEF71FF9207078
:1057500001350134F1E72770FAE7F8B50E46174630
:1057600000F257340025B54200D1F8BDA4F25733FA
:10577000A82B03DC795D2046FEF710F901340135D2
:10578000F1E710B540F25734204600210134FEF70E
:1057900005F9B4F5806FF7D110BD0F28F7B50446B1
:1057A00020D840F2FF30FEF7F1F8D8B940F2573573
:1057B000D4B9019401272846FEF7E8F86E1C8DF84D
:1057C00004008DF8054068B1431E022B17D88DF8F0
:1057D000050030468DF80470FEF7D8F802358DF8D4
:1057E000060068B903B0F0BDB5F5806FFAD0284661
:1057F000FEF7CCF808B9013CE4B20135D8E73546EC
:1058000001A8FCF7CFFDD6E7F8B5144682789DF8DD
:1058100018701D46284B92B11C7001F055FD274BA6
:10582000188004F12003DBB2072B44D804F00704EE
:105830000120A040C0B2BDE8F84000F0B0BB1E7827
:10584000A6422ED11D4B188801F043FDC72828D849
:10585000AE4205F1200415D006F12003DBB2072B80
:1058600006D806F007060120B040C0B200F0A0FB49
:10587000E3B2072B06D805F0070301209840C0B219
:1058800000F08DFB3846E4B200F083FB072C12D801
:1058900005F007050120A840BDE8F840C0B200F0BF
:1058A00087BB04F12003DBB2072B04D804F0070404
:1058B0000120A040F0E7F8BD631000206410002034
:1058C00013B545F6F64304469C4208460FD845F604
:1058D000F2439C4212D845F6D8439C421DD045F66F
:1058E000D9439C423ED045F6D7439C420FD08078A6
:1058F00000283BD01E4B00221A701CE0A4F5B944CE
:10590000743C022C0ED8DFE804F0181F2600262372
:105910000093E1231A4621460AE027230093E5235A
:10592000E522F8E726230093E022E12345F6F34140
:10593000FFF76AFF002002B010BD27230093E42286
:10594000E52345F6F441F3E726230093E222E12321
:1059500045F6F541ECE727230093E622E52345F6DB
:10596000F641E5E7282300930123D9E70120E2E788
:105970006310002038B505468878002800F0CF80F5
:1059800045F615439D4216D845F601439D4217D969
:1059900001F0BAFA634C45F615439D42208021D8A8
:1059A00045F601439D420CD8208801F0B9FA00F079
:1059B00023FD002004E0A5F5B9437A3B082BE7D985
:1059C00038BDA5F5B845033D122D1AD8DFE805F01E
:1059D0001E222633373B3F455155595D696D717520
:1059E0007B978300A5F5B9457A3DABB2082BDBD890
:1059F000082DD9D8DFE805F0161B4D51376B7A8D8D
:105A00009100237843F001032370CDE7237843F01E
:105A10000203F9E7237843F00403F5E7237843F022
:105A20000803F1E7637843F001036370BCE7637830
:105A300043F00203F9E7237843F01003E4E7237807
:105A400043F02003E0E7237843F04003DCE700F075
:105A5000D3FC237843F08003D6E7237823F00C03AC
:105A600043F00C03D0E7637823F0030343F0030310
:105A7000DBE723786FF30003C6E723786FF3410376
:105A8000C2E723786FF38203BEE723786FF3C30383
:105A9000BAE763786FF30003C7E763786FF34103F6
:105AA000C3E723786FF30413AEE723786FF345134E
:105AB000AAE723786FF38613A6E700F09DFC23780E
:105AC0006FF3C713A0E7237823F00C039CE76378F8
:105AD00023F00303A9E72378C3F3800282F00102D5
:105AE000D2B262F3820362F3C3038DE76378DA43D1
:105AF00002F0010262F3000362F3410395E700F054
:105B00007BFC2378C3F3C01282F0010262F3C71357
:105B10007AE7012001F06CFA46E70020FAE701205D
:105B20004EE700BFA414002045F61643984210B576
:105B30000C461BD101F0EEF8A2780D4B72B100F0CB
:105B4000AA00002815BF01220022352029201A7042
:105B500001F07EF801F050F9002010BD1B78002BF9
:105B600014BF3520292001F07BF8F3E70120F4E78A
:105B700066100020014B1860704700BF68100020BD
:105B8000024B186808B10368184770476810002076
:105B9000F8B5194B1B680446002B2BD0174A127816
:105BA00042B1174A92F90020002ABFBF0278427022
:105BB00005220270134D5B68204698472B785807E2
:105BC00018D5D90702D5104801F0E6FE0F4F002680
:105BD0002B78DA0703D5A15D384601F0DDFE0136EA
:105BE000082EF5D12B78DB0704D5BDE8F84008482E
:105BF00001F0D2BEF8BD00BF68100020740F002075
:105C0000A41400204E110020F3C2000805C30008B0
:105C100001BE0008034A12681AB10221017093689C
:105C20001847704768100020054A1188814205D046
:105C3000044B10801B680BB1DB681847704700BF2E
:105C40006E10002068100020054A1188814205D09E
:105C5000044B10801B680BB11B691847704700BFCD
:105C60006C1000206810002008B501F00DFB024BFD
:105C70001860024B186008BD7010002074100020DE
:105C80007047704708B5FFF7FCFF08BD704708B5BF
:105C9000FFF7FCFF08BD000008B5054801F092FEC3
:105CA000FDF712FEFFF7ECFFFFF7ECFF08BD00BFAA
:105CB000618000080120704708B5FFF7FBFF08BDB1
:105CC0007047704708B5FFF7FBFFFFF7FAFF08BD05
:105CD00008B501F0D7FAFCF727FEFFF721FBFFF725
:105CE0005FF8FEF7B5FDFFF7D2FF08BD38B50E4DE2
:105CF0002B780446580711D5D9070FD50B4801F06A
:105D00004BFE2B78DA0709D50948214601F044FEFD
:105D10002B78DB0702D5074801F03EFE2046BDE8A0
:105D20003840FCF7A1BB00BF4E1100200BC3000898
:105D300079B3000801BE00082DE9F74FFCF736FEE5
:105D400008B1FFF791FFDFF8DCA0DFF8DC9000245A
:105D500057465FFA84F84046FCF788FD5AF8045B22
:105D60008542064643D099F800309B0701D5FCF7E1
:105D700083FD85EA0602002301252A425FFA83FBA0
:105D800030D0FFF799FFA0B12E4214BF01230023AA
:105D90008DF802308DF800B08DF8018001F094FA92
:105DA00040F00100ADF8040002AB13E9030000F07D
:105DB0003DF857F824305D4047F82450184CFEF762
:105DC00041FEFFF7ADF9FDF7A9FCFFF7D9FE2378F7
:105DD000834222D0FFF7D4FE207003B0BDE8F04F1D
:105DE000FFF784BF0133112B4FEA4505C5D10134BC
:105DF000062CAED14FF6FF73ADF8003000238DF8BE
:105E0000023001F061FA40F00100ADF8040002AB8D
:105E100013E9030000F00AF8D0E703B0BDE8F08F03
:105E2000781000207C1000204E1100201FB56C4619
:105E300084E803009DF802300BB100F097FF0023C7
:105E4000ADF80E3094E8030004AB0290ADF80C10EE
:105E500013E9030004B0BDE8104000F01BBD00884A
:105E600000F0C6BE10B50446002845D0031FDBB2C3
:105E7000A02B15D8FDF762F900283DD11F4B214614
:105E8000186801F0D7F820B1204600F0E9FE00F0D4
:105E9000B3FF204600F0DCFEBDE8104000F0ACBFD0
:105EA00000F12003DBB2072B07D800F00704012024
:105EB000A040C0B200F034FFEEE700F15B03DBB2BC
:105EC000022B05D82438BDE8104080B2FFF7ACBEE5
:105ED00000F15803DBB2162B06D8094ABDE8104082
:105EE00032F81300FFF7B0BEEF2805D9FDF7CEFA60
:105EF000BDE81040FDF79EBB10BD00BFC40C0020E4
:105F00001EC3000808B590B3021FD2B2A02A05D85C
:105F100000F0A6FEBDE8084000F06EBF00F12002D0
:105F2000D2B2072A07D800F0070301209840C0B278
:105F300000F0FEFEEEE700F15B02D2B2022A04D8C6
:105F4000BDE808400020FFF76FBE00F15802D2B252
:105F5000162A04D8BDE808400020FFF775BEEF28D8
:105F600005D9FDF7F1FABDE80840FDF763BB08BDB0
:105F700038B505460C46FFF775FF24B92846BDE83D
:105F80003840FFF7BFBF6420013C02F0E2FDA4B23D
:105F9000F3E739280CBF50210021FFF7E9BF08B50E
:105FA00028B100F0BDFEBDE8084000F025BF08BDE7
:105FB00008B528B100F0BCFEBDE8084000F01CBFE9
:105FC00008BD2DE9F3478679857880460C4600F0B8
:105FD00065FE36090746A0B12F4695B1C4F30723E5
:105FE00003F0F003402B04D004F12003DBB2072BB5
:105FF0001ED9022000F050FF00F050FE80F001009A
:10600000C7B2C4F30339B9F10F0F3FD8DFE819F075
:106010001200120063006300AF00C6003E003E00A5
:10602000D0002C013C013C0191013E003E009A0150
:106030000027E6E7C4F30723C4F3032613F0F00FA9
:1060400018BF3601E4B295B156B104F12003DBB2BA
:10605000072B304600D93CB900F062FE00F0CCFEC0
:106060002046FFF7FFFE11E000F070FEF6E7204645
:10607000FFF748FF56B104F12003DBB2072B30468F
:1060800000D92CBB00F054FE00F0B6FEA9F10809BF
:10609000B9F1030F03D8FFF773FDFCF7E5F9002F03
:1060A00000F0578100F0F2FD10F0010040F0518146
:1060B00088F8020000F0E2FD00F0FCFC404600F031
:1060C0005EF900F0DBFD02B0BDE8F04700F0FCBC7B
:1060D00000F044FED8E7C4F3072303F0F003C4F351
:1060E000032A202BE4B218BF4FEA0A1A64B1012C2C
:1060F00028D07DB34EB398F80630D907B0D56FF3EA
:10610000071388F8063020E095B13EB900F04AFE4A
:1061100040EA0A00C0B2FFF742FFB7E7012EF5D10F
:1061200000F040FE40EA0A00C0B200F047FEADE7D2
:106130002EB900F055FE5046FFF73AFFA6E7012EB4
:10614000A4D0F6E71DB1052EA0D85046E3E7042EF3
:106150009CD8F0E7002EEED0392C0CBF4FF4FA504B
:10616000012002F0F6FC2046FFF7CCFE8EE714F487
:10617000406FC4F3812307D0012B87D165B1C4F3ED
:106180000900FFF761FD81E725B1C4F30900FFF7BE
:106190004BFD7BE72846FAE72846F2E7E0B225B157
:1061A000FDF774F9FDF746FA70E7FDF7CDF9F9E769
:1061B00014F4407F27D1002D7FF468AFC4F3421060
:1061C000E2064FEA800048BF0F25C0B248BF8540B5
:1061D00004F00F03C4F3812448BFED438340022C35
:1061E00045EA030009D0032C0AD0012C02D000F0AC
:1061F00037FC4BE700F02CFC48E700F039FC45E7A2
:1062000000F023FC42E7C4F3012215B302F00103BE
:10621000002B3FF43BAFC4F342108000C2B204F045
:106220000F0000FA02F114F010001CBF0F2303FA54
:1062300002F0C4F3812414BFC3430346022C43EA93
:1062400001000BD0032C0CD0012C04D000F05AFC20
:106250001CE75308DCE700F04DFC17E700F05AFCA0
:1062600014E700F013FC11E7E6B2C4F3032425B1F0
:10627000204600F01FFC30464DE73046FFF798FE01
:10628000204600F021FC01E75FFA84FAAAF1F0034E
:10629000042B39D8DFE803F0030E151A23003DB1B3
:1062A000042E3FF6F3AEC4F3042000F019FCEDE633
:1062B000052EF6E7C4F30420002DE2D000F0FAFB2F
:1062C000E4E6C4F30420002DF8D0DAE725B1C4F3E6
:1062D000042000F0EAFBD9E600F0E4FBD6E64DB17D
:1062E000C4F30420019000F0E5FB0198032100F0C5
:1062F000AFFDCBE6012000F0CFFD012E7FF6C6AE4C
:10630000022000F0C9FDC1E62DB10EB15046A8E64D
:10631000C4F30420D2E74EB1BAF1390F0CBF4FF4E9
:10632000FA50012002F015FC50461DE7C4F304208A
:10633000A7E7C4F30322E1B24046FCF79DF800F062
:1063400017FBA3E6C4F30322E1B24046FCF796F83C
:106350009CE602B0BDE8F08713B50188044680785A
:1063600000F052FC0146019100F0DCFB00F06CFBF8
:106370000199204602B0BDE81040FFF722BE13B5D8
:1063800083880288ADF804200446CBB1BDF8042010
:106390004FF6FF739A4213D0FBF70AFF50B900F093
:1063A0007DFC68B1A3785BB1022002B0BDE810406B
:1063B00000F072BD2046FFF7CFFF2046FBF7B6FE88
:1063C00002B010BD08B50020FFF72EFC0020FFF73B
:1063D0003BFC00F0CBFC00F0DFFC00F00DFDFDF716
:1063E0005FFABDE80840FDF725B908B500F040FCAC
:1063F000BDE80840FFF7E6BF08B500F0A1FCBDE826
:106400000840FFF7F2BFC0F30332023AC3B20D2ACD
:106410001CD8DFE802F007071B1B141B1B1B070718
:10642000181B1B18F02B13D004D8E72B8CBF0020AF
:1064300001207047F42B14BF002001207047E72B88
:1064400006D9F12BF7E7C0F3C02070470020704752
:106450000120704707B5ADF80400019800F0C8FBB3
:1064600003B05DF804EBFFF7CEBF82B002AB03E9E7
:10647000030002B0704782B002AB03E9030002B030
:106480007047000070B5094B094E1C78094D3378F0
:10649000A34200D170BD05EBC40355F83400596820
:1064A0000134FFF7E8FF04F00704F0E7DF100020F5
:1064B000DE1000209E100020024B18685968FFF77C
:1064C000DABF00BF96100020214BF7B59A7912F081
:1064D000F00F0AD19A7842B11E4A1F4E12781F4D12
:1064E0004FF6FF773178914201D103B0F0BD988823
:1064F0001988ADF8041038B389B2B94224D005EB3D
:10650000C20493F801C061788C451DD193F800C096
:1065100015F832108C4517D1A178A9B9A188091AAC
:1065200089B2C72910D899790948012262F3071165
:106530009971A37962F30713A371FFF720FF03B0EA
:10654000BDE8F040FFF79EBF013202F00702C9E745
:1065500096100020DF100020DE1000209E1000208A
:106560002DE9FF47C74F0446B98800680090388876
:106570002378627894F80280B4F804A0ADF808009B
:10658000EC463D46002900F0D48080B24FF6FF7EF5
:10659000704500F0CE80BE78002E00F0CA80AAEBD5
:1065A0000101B87989B2C72900F0F00900F293809F
:1065B0003988ADF80810B9F1000F4BD17145C146CB
:1065C0001BD08DF800308DF80120BDF800C08C453F
:1065D00013D1B8F1000F40F01C81012363F30710C1
:1065E000B871FFF769FF3846FFF7C9FEBB79A371A1
:1065F0000026304604B0BDE8F087BAF1000F40F045
:106600000C81B8F1000FF3D0AB7943F00103AB710B
:10661000EEE700EBC10595F801C0944506D110F8EE
:1066200031C09C4502D1AD78002DE1D1013101F09E
:10663000070106E110F4706F02D0002B00F02081FA
:106640002033DBB2072B40F21B812046FFF797FE79
:10665000B14615E1714515D08DF800308DF8012057
:10666000BDF800C08C450DD1B8F1000F0AD1A07162
:106670002046FFF784FE23683B6063687B60FFF77A
:106680001BFFB6E78DF800308DF801200098FFF76A
:10669000E1FEE0B1B8F1000F19D0AB791F2B0CD996
:1066A0002A88ADF8082002A800228DF80A20ADF84B
:1066B0000CA08DF80E30FFF762FE23682B60636834
:1066C0006B60FFF701FFFFF7F7FE012691E7204619
:1066D000FFF755FEF9E7B9F1000F15D18DF800303D
:1066E0008DF801208DF80280ADF804A09CE803002D
:1066F000FFF7BBFE3846FFF742FEC7F80090C7F829
:106700000490FFF7D9FEBBE08DF800308DF8012032
:106710003988BDF800C08C45B4D1B8F1000FB1D1B3
:10672000A0712046FFF72BFEC7F80080C7F8048051
:106730005FE72888ADF80800002951D086B24FF6EF
:10674000FF7086424CD0AE78002E49D1AAEB0101F1
:1067500089B2C72935D84646002EB8D08DF800300A
:106760008DF801202988BDF800308B421CD1AB790F
:10677000DA0714D413F0F00211D0F02AA37106D076
:10678000DBB2C3F30312013262F30713A371204695
:10679000FFF7F5FD23682B6063686B606FE7236884
:1067A0002B6063686B6024E70098FFF753FE0028B6
:1067B00083D1AB79204643F00103AB71FFF7DFFDD6
:1067C00017E78DF80280ADF804A08DF800308DF841
:1067D00001209CE80300FFF748FE2E606E604EE744
:1067E000B8F1000F3FF473AF8DF800308DF8012041
:1067F0000098FFF72FFE064600283FF468AF236895
:106800002B6063681F486B60FFF729FBFFF75CFE96
:1068100035E7BAF1000F3FF4F7AE8DF808308DF888
:106820000920BDF808004FF6FF7188423FF4E9AE39
:10683000B8F1000F7FF4E8AE1348144907780978DF
:106840001348B9427FF4E5AE8DF800308DF8012091
:10685000009800F0CDF9C0F30332012AC3B27FF6ED
:10686000E9AE0E3202F00F02012A3FF6EEAE10F44E
:10687000706F3FF4E5AEA27912F0F00F7FF4E0AE56
:106880004E46B6E696100020DE100020DF100020F5
:106890009E100020F0B587B06D4685E803002846BD
:1068A000FFF75EFE2E4F2F4E044688B1BDF8043030
:1068B000BDF80020ADF8102043B192B24FF6FF733F
:1068C0009A4203D095E80300FFF7D5FD264C41E03E
:1068D00095E8030004AB83E80300BDF80410BDF89D
:1068E0001020ADF80C200029F0D01FFA82FC4FF6E2
:1068F000FF7294453D783078E8D06A1C02F00702B8
:1069000082420DD0184CADF8141003CB04EBC50C2B
:1069100044F835003A70CCF80410FFF7B3FDD5E722
:10692000FFF76AFD114B3C7034701C605C60CDE772
:1069300004EBC000FFF714FE80B1337804EBC30210
:1069400054F833005168FFF796FD3378013303F0B4
:106950000703337030783B788342E9D107B0F0BD4C
:10696000DE100020DF1000209E1000209610002076
:10697000F8B5034660B1002501261C4614F8010B4A
:1069800074283FD00BD802282DD002D8012812D06D
:10699000F8BD031F6F2BFBD8FFF764FA1AE07528C8
:1069A0003AD000F17C03DBB26F2BF1D800F07F000E
:1069B000FFF7A8FA0EE09C1C5B7803F12002D2B22C
:1069C000072A0ED803F007039840C0B200F0D4F9AC
:1069D00000F012FA2F46013FFFB2FF2F1FD12346CE
:1069E000CBE71846D8E758789C1C00F12003DBB2AF
:1069F000072BDDD800F0070006FA00F0C0B200F067
:106A0000C3F9E5E75F789C1C013FFFB2FF2FE1D09F
:106A1000642002F09EF8F7E75D789C1CDAE76420BA
:106A200002F097F8D7E7704708B5FFF7FCFF08BDFD
:106A300008B5FFF7F9FF034B1860BDE80840FFF702
:106A4000C1BC00BFE01000207047FFF7F1BF00009D
:106A5000024B1B681843FFF7EBBF00BFE01000209C
:106A6000024B1B681840FFF7E3BF00BFE010002097
:106A7000024B1B685840FFF7DBBF00BFE01000204F
:106A8000704708B5FFF7FCFF08BD000008B5FFF729
:106A9000F8FF034B1860BDE80840FFF793BC00BF48
:106AA000E41000200020FFF7F1BF012303FA00F0FB
:106AB000FFF7ECBF012303FA00F0024B1B681843F9
:106AC000FFF7E4BFE4100020012303FA00F0034BBA
:106AD0001B6823EA0000FFF7D9BF00BFE4100020C5
:106AE000012303FA00F0024B1B685840FFF7CEBFAA
:106AF000E4100020024B1B681843FFF7C7BF00BF1C
:106B0000E4100020024B1B681840FFF7BFBF00BF16
:106B1000E4100020024B1B685840FFF7B7BF00BFCE
:106B2000E410002070470000C0F3072303EB0313B9
:106B300037B553FA80F000F0070301229A40C0F302
:106B4000C4000A4B00EB8000D2B218440024057840
:106B500021FA04F343F300036B40134001346B400C
:106B6000052C00F8013BF2D103B030BDE810002045
:106B7000C0F3072303EB031313B553FA80F00B495B
:106B800000F00704C0F3C40000EB800000220144C1
:106B9000104611F8013BE34003F00103934001323A
:106BA0001843052AC0B2F4D102B010BDE81000208D
:106BB0000D4B73B51E680D4BADF804001B681F2408
:106BC0001E4326FA04F3DB07E5B205D4013CF8D2F4
:106BD0000025284602B070BD01992846FBF756FCF7
:106BE00080B20128F2D0F4E7E4100020E010002089
:106BF00007B5ADF804000198FFF7DAFF019903B07B
:106C00005DF804EBFBF742BC13B5104BADF8041074
:106C10001B782BB1019802B0BDE81040FFF7E8BF28
:106C200070B10198FFF7C4FF044601460198FFF7D1
:106C30007BFF0199204602B0BDE81040FBF726BC5F
:106C40000198FFF795FF0446F3E700BF941000207A
:106C5000024B0146186800F071BA00BFC40C002056
:106C6000024B0146186800F083BA00BFC40C002034
:106C7000014B186800F096BAC40C0020024B93F93F
:106C80000000C0F3C70070474A110020024B18787B
:106C900000F00700704700BF4A110020034B18782E
:106CA00010F0070018BF0120704700BF4A110020F4
:106CB0000C4A5378C3F38001814210B504460FD0CB
:106CC00060F382035370108800F02AF9064B1B789A
:106CD000DB0705D521460548BDE8104000F05CBE45
:106CE00010BD00BFA41400204E1100204CC30008AA
:106CF000044B5878C0F3800080F0010000F00100E0
:106D0000FFF7D6BFA41400200120FFF7D1BF002059
:106D1000FFF7CEBF014B1878704700BF4C11002021
:106D2000024B1A7810431870704700BF4C110020B6
:106D3000024A137823EA0000107070474C110020BB
:106D4000014B00221A7070474C110020024B1A7838
:106D500010431870704700BF4D110020024A13788D
:106D600023EA0000107070474D110020014B0022F3
:106D70001A7070474D110020024B1A78104318709A
:106D8000704700BF49110020024A137823EA00002F
:106D90001070704749110020014B00221A70704793
:106DA00049110020014B1878704700BF4B1100209B
:106DB000704708B5FFF7FCFF08BD0000064A52788F
:106DC000520708B506D4054A1178814202D01070E6
:106DD000FFF7EFFF08BD00BFA41400204B110020F7
:106DE00008B5044B1A781AB100201870FFF7E1FFBC
:106DF00008BD00BF4B11002010B50D4B0D491B788D
:106E000009780D4C0B430D49206809780B430C4958
:106E10000370097831B10B43037000F0EDF808B14D
:106E2000FFF7DEFF2068BDE81040FEF7B1BE00BFEF
:106E30004C1100204D110020C40C002049110020ED
:106E40004B110020704708B5FFF7FCFF08BD00009C
:106E50000A4A5278520710B50CD4094C41EAC001D5
:106E60002170FFF727FE94F90000C0F3C700FFF779
:106E7000EAFF10BDBDE81040FFF71CBEA4140020BF
:106E80004A11002008B5034B00201870FFF7DBFF04
:106E900008BD00BF4A11002008B50C4A92F9003025
:106EA00023EA000040B21070420702D1DBB28342F5
:106EB00003D1074B5B785B0707D5C0F3C700FFF72B
:106EC00003FEBDE80840FFF7DDBF08BD4A11002002
:106ED000A414002008B5FCF7FDFCBDE808404FF6FF
:106EE000FF710020FCF77DBD08B50020FCF759FDBF
:106EF0004FF6EA63C31A5842584108BD0220FCF716
:106F000045BD0320FCF742BD10B50420FCF73EFD53
:106F100004462220FCF73AFD44EA002080B210BD6E
:106F200010B5C1B204460420FCF738FD210A222026
:106F3000BDE81040FCF732BD01460F20FCF77ABDDA
:106F400001461320FCF776BD0020FFF7F9BF08B516
:106F50000020FFF7F1FFFFF7F7FF08BD10B5FCF7C2
:106F6000B9FC4FF6EA610020FCF73BFD002102204E
:106F7000FCF714FD002103200024FCF70FFD1A4B41
:106F8000214604201C60FCF709FD21462220FCF765
:106F900005FD21460520FCF701FD21460620FCF7F2
:106FA000FDFCFF210720FCF7F9FC21460820FCF737
:106FB00041FD21460D20FCF7F1FC21461820FCF78D
:106FC00039FD21461720FCF7E9FC21461C20FCF77F
:106FD00031FD21462020FCF704FD21461820FCF756
:106FE00029FDFFF7B4FF10BDE0100020FFF7B6BF8A
:106FF00001460E20FCF7D2BC0C4B1B78821C63B1FF
:107000000B4B93F90030002BACBF06231E2300204E
:10701000013BDBB2FF2B02D170470623F7E712F8E2
:10702000011B0029F4D00130C0B2F1E7740F002039
:10703000A4140020F9B1124B1B78A3B1114B93F9A2
:107040000030002B0FDAEF294FEAD10213D8104499
:10705000012301F0070103FA01F18378194214BFFB
:10706000012000207047831C083013F8012B8A424E
:1070700003D08342F9D1002070470120704700BF40
:10708000740F0020A414002030B54FF0FF32841C90
:10709000002314F8015B8D420ED0B2F1FF3F02D104
:1070A000002D08BF1A460133DDB2062D5BB2F0D1C8
:1070B000531C01D01044817030BD10B5831C0022D8
:1070C000083013F8014B8C4208BF03F8012C8342AF
:1070D000F7D110BDEF294FEAD10209D8104401F0D1
:1070E00007038278012101FA03F313438370704789
:1070F000034B1B78DB0702D5024800F04DBC7047FC
:107100004E11002061C30008EF294FEAD10209D8CF
:10711000104401F0070301219940837823EA010319
:1071200083707047034B1B78DB0702D5024800F0E1
:1071300033BC70474E1100207FC3000810B40A4CC6
:10714000247803460A4644B1084C94F90040002CC8
:1071500003DA5DF8044BFFF7BDBF5DF8044B114641
:107160001846FFF791BF00BF740F0020A414002041
:1071700010B40A4C247803460A4644B1084C94F9EA
:107180000040002C03DA5DF8044BFFF7BDBF5DF84B
:10719000044B11461846FFF790BF00BF740F002044
:1071A000A4140020094A1278831C4AB1084A92F9B3
:1071B0000020002A04DA1E2200211846F9F75ABBE3
:1071C0000022C0F802209A80704700BF740F002090
:1071D000A4140020704708B5FFF7FCFF08BD08B5F0
:1071E0000020FDF773FF0020FBF73EF9FDF710FCD0
:1071F000FFF7F1FFBDE8084040F2A46001F0A9BC30
:107200007047704710B5FFF7FBFFFBF7CFFBFFF7A9
:10721000F8FF0024E0B2FBF729FB18B90134062C73
:10722000F8D110BD0120FCE7704708B5FFF7FCFF5F
:1072300008BD08B5FFF784FDFFF798FDFFF718FDBF
:10724000FCF72EFB0020FEF7EFFC0020FEF7FCFC15
:10725000FDF7A6FDFEF794FCFBF706F9FDF764FBCE
:10726000FFF7E3FF08BD000008B5202383F3118872
:1072700001F0C0FD002383F31188014B186008BDA5
:1072800050110020FFF7F0BF38B5202383F3118899
:1072900001F0B0FD002383F31188084B084C1968F6
:1072A000084A411A00254FF47A70E0FB014500239B
:1072B00020462946F9F76EF838BD00BF501100206E
:1072C0009F860100A086010008B5FFF7DDFF80B2B0
:1072D00008BD10B50446FFF7D7FF001B80B210BDF4
:1072E000074B084A1A60BFF34F8F0749074BCA681C
:1072F00002F4E0621343CB60BFF34F8F00BFFDE7A2
:10730000FC9F0020EFBEADDE00ED00E00400FA05BA
:107310000A4A08B552F8041C094B99420DD10023C2
:1073200042F8043C83F31488064B1B6883F30888F7
:1073300062B6054B1B689847FEE708BD00A0002019
:10734000EFBEADDE00D8FF1F04D8FF1F70472DE948
:10735000F04F8BB01646149C9DF85480169FDDE9C3
:10736000185281460CB922F0100212F4806000908D
:1073700000D00CB312F0200FA4460DF1080A4FF014
:10738000000414BF4FF0370B4FF0570BBCFBF7FE58
:1073900007FB1ECE5FFA8EF0BEF1090F94BF3030AE
:1073A0005844C0B2BC450AF8010BBCFBF7F004F12D
:1073B000010401D3202C12D112F0020B23D102F0D0
:1073C000010E4DB1BEF1000F06D0B8F1000F02D191
:1073D00012F00C0F00D0013D4FF0300C05E0844658
:1073E000D4E702A800F804C001341798A04201D9DC
:1073F000202CF6D14FF0300CBEF1000F03D0A54287
:1074000001D91F2C4AD9D00620D5009800284BD18D
:10741000002C49D01798A04201D0AC4244D1601E44
:1074200041D0102F4AD1023C900649D41F2C18D8C5
:107430000AA82044782700F8207C01341F2C10D89B
:107440000AA82044302700F8207C01341F2C08D8DB
:10745000B8F1000F3AD00AA820442D2700F8207C6C
:10746000013492074FD03746A24604EB0708A8EB39
:107470000A02BAF1000F4AD1BBF1000F0AD0A8EB03
:1074800006042746AF4206EB07024BD32E44A54223
:1074900028BFB04640460BB0BDE8F08F02A800F808
:1074A00004C00134A8E70446102FBDD0022FC5D177
:1074B0001F2CD6D80AA820446227BCE70446F5E76B
:1074C0001F2CCED80AA820445827B4E7570703D565
:1074D0000AA820442B27C1E71007C2D50AA82044D8
:1074E0002027BBE72020CDE90013C847DDE90013C2
:1074F0000137BD4208EB0702F4D82F1BA54238BF65
:1075000000273744B0E72746A6EB0408F1E70AF165
:10751000FF3A02A8CDE9001310F80A00C847DDE9D8
:107520000013A2E72020CDE900130137C847DDE9A9
:107530000013A7E708B100F04BBA70472DE9F04FF0
:107540008FB000291F46189EB74B18BF03469146BF
:1075500007930025387860B94D45079C2CBF09F189
:10756000FF322A464B460020A04728460FB0BDE810
:10757000F08F252807F1010707D06C1C2A464B46DF
:10758000079D0891A847254624E1002306E02D2AFF
:1075900015D0302A0CD143F001030746384610F8C5
:1075A000012B2B2A0ED0F2D8202A0ED0232A0FD05E
:1075B000A2F13004092C29D84FF0000811E043F063
:1075C0000203EAE743F00403E7E743F00803E4E7D4
:1075D00043F01003E1E70A2404FB0828A8F130086F
:1075E0000746384610F8012BA2F13004092CF2D9D5
:1075F0003A782E2A4CD17878A0F13004092C07F182
:10760000010243F480633AD8002414E02A2A0AD104
:1076100056F8048BB8F1000FBCBF43F00203C8F169
:1076200000080746E4E74FF00008E1E70A2202FB02
:107630000404303C3A46174617F8010BA0F1300C11
:10764000BCF1090FF2D917463A4612F8010B6C2823
:1076500025D01FD8682829D06A2830D03A46174646
:1076600017F8010B782888D861282BD8252884D0D2
:10767000582882D143F020034FF0100C6AE02A28EA
:1076800005D156F8044B023724EAE474DCE71746C8
:107690000024D9E77A28E1D143F48073DFE77878D2
:1076A0006C28F9D143F44073BA1CD8E7787868287D
:1076B00002D043F08003D2E743F0C003F4E743F481
:1076C0000073CCE7A0F16202162A3FF656AF0FF224
:1076D000080C5CF822F000BF35770008F977000845
:1076E000357700087B7500087B7500087B750008FE
:1076F0007B750008357700087B7500087B750008EE
:107700007B7500087B7500087B75000835770008DD
:10771000637900087B7500087B7500088D78000888
:107720007B750008357700087B7500087B750008BD
:107730003577000878289FD06F2800F027816228CD
:1077400000F02781692823F010034FF00A0C03D0C2
:10775000642801D023F00C035A0548BF23F001032D
:10776000692803F4007201D064281DD1002A7FF437
:10777000F1AEDA0506F1040A0CD53268CDE902C48F
:10778000CDE90483002A4FEAD2730193B8BF524275
:10779000009217E013F0400F326801D0D2B2EDE74B
:1077A0001E0648BF12B2E9E7002A7FF4D3AED8051F
:1077B00006F1040A10D5CDE90483CDE902C4019293
:1077C000336800932A46079808914B46FFF7BFFDA0
:1077D000564605460899BDE613F0400F326807D0BB
:1077E000D2B2CDE904830023CDE902C40193CFE7EF
:1077F000180648BF92B2F4E713F0020308932ED0A4
:107800004FF0010A56F8040B09914B46079C2A4693
:10781000C0B2A047DDE9083105F1010B002B33D0E0
:1078200054465A4628E000BF4D7300080991079C52
:107830004B462020A04709990AEB05020AF1010AEC
:10784000C245F3D3B8F1000F08F1FF3308BF00239E
:1078500008F1010A1D4408BF4FF0020AD2E7DDF823
:1078600020A0E9E7531C08930991079D4B4620206F
:10787000A847DDE9082101344445F3D3A8EB0A0306
:10788000D04538BF00239B445D4663E63246002C5A
:1078900052F804AB089214BF22464FF0FF32524414
:1078A000D3469BF8000008B15A4511D113F4806209
:1078B000ABEB0A0B099202D0A34528BFA34613F0F5
:1078C00002030A931DD1ABEB05032A460B930BE091
:1078D0000BF1010BE5E7531C0C930D91079E4B46F2
:1078E0002020B047DDE90C210B9B13444345F2D324
:1078F000A8EB0B03D84538BF00230BF1010B1D4447
:107900009B445646A5EB0A0A06E01C462A460B9104
:10791000079D4B46A8470B990AEB060516F8010B85
:1079200028B1099B002BF1D0631E002CEDD10A9BDE
:10793000ABB12A46ABEB050A07E00991079C4B4621
:107940002020561CA0470999324602EB0A039845AD
:10795000F3D8A8EB0B03D84538BF00231D44089E7D
:10796000F8E543F0210305930823CDE903431022F2
:107970000023CDE9013256F8043B00932A460798CC
:1079800008914B46FFF7E3FC054623E74FF0080C50
:10799000E0E64FF0020CDDE60FB41FB506AA02A91F
:1079A00052F8043B0392009204484FF0FF32FFF775
:1079B000C5FD05B05DF804EB04B0704735750008EF
:1079C00000207047014B1860704700BFC80C0020B2
:1079D000014B1B68184700BFC80C002010B5084AAF
:1079E000084C117824784B1C03F00F039C421DBFF8
:1079F000054C13706054002018BF012010BD00BF5B
:107A00003F1D0020401D00202F1D0020704700005A
:107A100010B5202383F31188064C04F1D40000F044
:107A200013FD04F50A7000F00FFD002383F31188A5
:107A300010BD00BFCC0C002038B5094C10462246C2
:107A40000D46002142F8041F40EA0520194600F0C7
:107A5000BFFB20606068002818BF204638BD00BF0B
:107A60009413002090F87A10074A0229137807D15E
:107A700003F0FB03012B05D1044B52781A707047B9
:107A8000024A1370704700BFEA130020C813002099
:107A900038B50546052958D8DFE801F05B57185B73
:107AA0005803202585F31188324800F08DFC00240E
:107AB00084F3118885F311882F4800F085FC84F346
:107AC00011880520BDE83840FFF788BF202383F3E5
:107AD00011882A4C2A4A012101F026FC294A042156
:107AE000284601F021FC94F8B41004F14402284621
:107AF00001F01AFC94F8B51004F16802284601F070
:107B000013FC94F8B61021B104F18C02284601F060
:107B10000BFC184800F063FC1B4A94F80812284636
:107B200001F002FC94F80912184A284601F0FCFB07
:107B300094F80A1219B1164A284601F0F5FB0E48CE
:107B400000F04DFC002383F3118838BD0420FFF7BB
:107B500045FF202585F31188064800F01DFC002410
:107B600084F3118885F31188034800F015FC84F331
:107B70001188EAE7A00D0020F40E0020CC0C0020B4
:107B8000A0C30008C4C30008640E0020880E0020B3
:107B9000AC0E002013B504460748C2680B461AB164
:107BA000019100F0FBFD019B044A0348214602B00D
:107BB000BDE8104000F098BDB4130020C17B000860
:107BC00070B52023064683F311880378042B03D075
:107BD000002383F3118870BD144B1B78DB09F7D1A8
:107BE000134C2278002AF3D0124B1B78002BEFD0D5
:107BF00003899B0704D4104A0823012101F0E6FB06
:107C00000E4B247840F2E730A4FB034520184FF0D8
:107C100000014FF47A724FF0000345EB0101F8F7D1
:107C2000B9FB31468000FFF7B5FFD1E7A41400206F
:107C3000B0130020740F0020C9130020A08601009B
:107C4000F8B590F8743003F07F02212A044674D10D
:107C500013F0800F90F8750021D0022819D0032866
:107C60000ED0012869D194F878302BB9484AA26621
:107C70002022E2662367F8BD0023C4E91A33F9E73E
:107C8000B4F87830002B58D1424AA2660120E06651
:107C9000F0E7414BA3660120E0660023EAE70A28EB
:107CA00042D00B280ED0092847D194F8783013F031
:107CB000FD0F42D1394BA3660223E366384B23679D
:107CC0000120D8E7B4F8783053BB94F87650314BA4
:107CD000002D14BF012100211970324B1A7861F375
:107CE000C7121A701CD12C4B1A78CAB1202282F309
:107CF00011881E782C4B40F2E730A6FB0367301842
:107D00004FF000014FF47A724FF0000347EB01018E
:107D1000F8F740FB21468000FFF73CFF85F3118810
:107D20000023C4E91A33CAE71E491B4B0D7894F8A7
:107D300077201A70ED09F3D1D7E7B4F8742040F238
:107D400081639A4208D0194B93F8B620D2B993F8C0
:107D50000A32BBB900208EE794F87920616894F864
:107D600078304D6894F8771043EA0223204694F85F
:107D70007620A8470028EDD04368A3660368E36631
:107D800000239CE72046BDE8F84000F03FBB00BF61
:107D9000C9130020740F0020B0130020EA13002044
:107DA000657A0008A4140020A0860100CC0C0020F5
:107DB0007047000008B5102204480021F8F75AFD6A
:107DC000034A00231370034A137008BD2F1D0020BF
:107DD0003F1D0020401D0020F8B50C4C0C4E2546E0
:107DE000307823780B4F0021984202D101B12870DE
:107DF000F8BD1A460133BA5C052A03F00F034FF0B1
:107E00000101F1D12B70FFF714FAE9E7401D0020C2
:107E10003F1D00202F1D002070B5274C04F10803E2
:107E2000A36504F11C03C4F8803004F13003C4F8E6
:107E3000A03004F1B001054604F1D40000F06AFA64
:107E400004F1B00101F1240000F08EFA04F5AE73E4
:107E5000C4F8AC3104F5B873C4F8D43104F5C27376
:107E6000C4F8F43104F5017104F50A7000F052FA17
:107E700004F5017101F124004FF0904400F074FA10
:107E80004FF4805601224FF480514FF0904002F0A1
:107E9000A7F80A48668300F05CFE0949284601F00D
:107EA00003FA40F202723146204602F099F8054B7F
:107EB0000022DA6070BD00BFCC0C0020F049020047
:107EC000E8C30008B413002070B54FF09045044695
:107ED0004FF4805601F0FEF901224FF480514FF02B
:107EE000904002F07DF8204605496E8301F0DCF9F0
:107EF0003146284640F20272BDE8704002F070B888
:107F0000E8C30008014B1878704700BFC813002071
:107F100070B52023044683F31188204D2B78042B61
:107F20002E4625D11E4A2B8992F90020002A23DAF9
:107F30001C4A127802B3DA0610D420232246042108
:107F4000164801F043FA184B224604F1200152F87A
:107F5000040B43F8040B8A42F9D109E0EB69586934
:107F60004FF0FF310C3000F001FE2B78042BE4D0F1
:107F7000002383F3118870BD9B0703D40823224696
:107F80000121DDE7336958694FF0FF310C3000F013
:107F9000EDFD3378042BEBD1F0E700BF6421002026
:107FA000A4140020740F0020C913002007B520235B
:107FB000024683F311880F4B1978042905D000235A
:107FC00083F3118803B05DF804FB1989C9060AD54B
:107FD000DB69019058694FF47A710C3000F0C6FDEE
:107FE0000130019AEBD003480623042101F0EEF999
:107FF000E5E700BF6421002013B5202383F3118837
:10800000094C2178042904D0002383F3118802B09D
:1080100010BD0323ADF8050001AA20468DF80430F9
:1080200001F0D4F9F0E700BF6421002013B520234C
:1080300083F31188094C2178042904D0002383F3A9
:10804000118802B010BDADF80500032301AA204637
:108050008DF8041001F0BAF9F0E700BF64210020A8
:1080600037B50C4C8DF8070023780B48002B50F8DF
:10807000D43F4FF00102DD690DF107010CBF4FF451
:10808000FA730023A847B0FA80F35B0940B223706B
:1080900003B030BD00140020CC0C002010B5064801
:1080A000D0F8D43088B01C6A202200236946D4302E
:1080B000A04708B010BD00BFCC0C0020202910B490
:1080C0000A460AD1064BD3F828124C68014603F53C
:1080D0000A7023465DF8044B18475DF8044B70475F
:1080E000CC0C002010B50948D0F8283288B01C6AA2
:1080F00020220023694600F50A70A04718B1C1B2DA
:108100006846FDF7D0F908B010BD00BFCC0C0020C8
:10811000FFF7FEB87047704708B5FFF7F9FF02F0A8
:10812000D3FDFFF7F7FF08BD08B502F00FFEFFF71C
:10813000F2FF08BD70B500F031FE00F093FAFDF7D4
:10814000ABFDFFF737FE1D481C4D1D4EFFF764FECB
:1081500041F2883000F0FDFC1A48FFF71DFCFDF7E6
:10816000B7FD1948FDF706FD1848FFF715FC2C462A
:10817000FFF732FE2B78052B09D13046FFF70CFCB8
:108180002378052B0CD0FEF737FEFBF753FAFDF7EB
:10819000D3FDFFF783FFFFF7A5FFFDF793FDE7E7AB
:1081A000FFF71DF8FFF72EF80028E9D0204601F070
:1081B0001FF92046FFF788FEE2E700BF6421002098
:1081C0001AC40008F8C30008780F002009C400088A
:1081D00010B5040A032C0FD007D8012C23D0022C91
:1081E00007D1124B7B20136010BD212C0DD0222C07
:1081F00012D000200346F6E7C0B20228F9D80C4B93
:108200000C4953F82030405CEDE70329F1D80A4BC4
:10821000092053F82130E6E70329EAD8074B08483C
:1082200053F82130EFE7074B1220DCE754C4000875
:1082300020C400082CC4000830C4000840C4000852
:1082400050C40008F1C4000813B5446BE36F1A680A
:108250001178042915D1217A022912D119791289AC
:1082600001238B4013420CD101A904F1440000F01A
:10827000B7FE024628B1E46F019B2179206801F026
:10828000A5F802B010BD0C3000F03CBE4FF0FF333B
:108290000C3000F037BE443000F00ABF4FF0FF331F
:1082A000443000F005BF0C3000F00FBE4FF0FF313E
:1082B0000C3000F00ABE443000F0DABE4FF0FF325E
:1082C000443000F0D5BE70B5C36F1A681178042928
:1082D000054601D0012070BD017A0229FAD1187932
:1082E00001238340508913EA0004F3D105F10C0007
:1082F00000F0A6FD02460028ECD0EE6FAB6A3068B5
:108300007179043B01F050F82046E4E7406BFFF739
:10831000DABF00007FB50346104A43F8042B01265C
:1083200043600F4B067202900193CB6800930D4699
:1083300004464B690A6A0C30314600F05FFD094B78
:108340000193AB680093EA692B690294314604F10A
:10835000440000F022FE04B070BD00BF5CC60008FF
:108360000D830008498200080B68202282F31188DF
:108370000A7903EB820290624A79113243F82200B3
:108380008A7912B103EB8203986202230372C167F8
:10839000002383F31188704738B504460125022174
:1083A000043000F089FC04F10C0025756FF0010128
:1083B00000F00FFC84F84C5004F144006FF0010110
:1083C000BDE8384000F005BC10B50121044604307A
:1083D00000F072FC0023237584F84C3010BD38B5D2
:1083E000044600250C3000F020FD04F14400257502
:1083F00000F0EAFD201D84F84C50012100F05CFCE7
:108400002046BDE83840FFF75EBF000090F87430AA
:1084100003F06003202B07D190F87520212A4FF03C
:10842000000303D81F2A06D800207047222AFBD158
:10843000C0E91A3303E0034A82660722C266036773
:10844000012070478C0F002073B5C36F1A68117834
:108450000429044627D1017A022924D119791589E2
:1084600001238B401D401ED100F14406304600F030
:1084700067FEC0B1304601A900F0B2FDE36F1A7E7D
:1084800006464AB101981A692946121A3044F8F78B
:10849000F1F9E36F1B690193E06F019B01790068BB
:1084A000324600F093FF02B070BDF0B500EB8103DF
:1084B00085B09E6A04460D46FEB1202383F31188E1
:1084C00004EB8507301D082100F0F6FBFB685B69B3
:1084D0001B6806F144001BB1019000F08EFD01986D
:1084E00003A900F07DFD024648B1039B29462046C2
:1084F00000F06CFF002383F3118805B0F0BDFB682A
:108500005A691268002AF5D01B8A013B1342F1D147
:10851000F36F1B7E002BEDD104F17402E6E71131FD
:1085200010B550F82140C4B1202383F311880421F1
:10853000601800F0C1FBE26F1368527903EB82030D
:1085400004F10C00DB689B69596800F083FC20464D
:10855000FFF7B9FE002383F3118810BD70470000B8
:10856000024B034A1A60034A5A607047441D0020B8
:10857000F021002000A00020094B30B51C684D1EE2
:10858000224449422A440A4059681044814204D393
:10859000844202D81860104630BD0022FBE700BFBD
:1085A000441D0020074B10B55C684942201A084062
:1085B0001968821A914203D8944201D35A6010BDBF
:1085C0000020FCE7441D002008B5202383F3118818
:1085D000FFF7D2FF002383F3118808BD08B52023DD
:1085E00083F31188FFF7DEFF002383F3118808BDB2
:1085F0000448054B03600023C0E901330C3000F050
:1086000041BB00BF04140020DD850008704770479F
:10861000FEE700001149F0B508200026D1E9013439
:108620000A681D46043AAC4210D8E21CD21ADD1E7C
:1086300022F00302AC4238BF00221344CA689A42B7
:1086400009D8013801F11001E8D1F0BD52F8047FDA
:1086500045F8047BE7E743F8046BF0E784C60008BD
:10866000FEE7000010B5114C00F016F900F02EF8EE
:10867000FFF776FFFFF7BCFF00F0ECFA0C49802211
:10868000204600F0FBF90B4BC361012380F820303A
:1086900044F8180C00F034FB002383F3118862B611
:1086A0000548BDE8104000F01FBA00BFE01E0020E2
:1086B00034C70008000400200CC7000872B6014B44
:1086C000D862FEE7B01E002000F0A4B8054B03F10D
:1086D0001C02C3E907224FF0FF310022C3E909124F
:1086E000704700BFB01E0020F8B50D46C0E9032357
:1086F000044600F07FFB022D2946274D2A4638BF4D
:10870000022152F81C3F93422E4617460AD1A86216
:10871000C5E907440844C4E90033A160BDE8F84056
:1087200000F057BBD5F828C0A0EB0C0289180D4605
:1087300027D34FF0000E9D68AA421DD8BB420CEB18
:10874000020EACEB000018BFAA1AC6F828E001EB35
:10875000000518BF9A60F3699A68AA4219D35A684B
:108760002360626014605C60A5609A68551B9D6020
:108770004FF0FF337362F8BDC3F808E0521B1B686B
:10878000D9E79B689942E6D20CEB010000F02EFB82
:10879000E1E71B68AD1ADFE7B01E00201C4AD16973
:1087A000814238B50368154602F11C040DD04268B9
:1087B000136003685A60A3424FF00002C26003D006
:1087C0009A6881680A449A6038BDD361A3424FF029
:1087D00000025C60CA6003D1BDE8384000F001BB14
:1087E0009A688968AC6A0A449A6000F003FBEB69F6
:1087F0009B68021B9342E7D91C44201A0128A86AEF
:1088000098BF931C1844BDE8384000F0EFBA00BF91
:10881000B01E00202DE9F84F1E4C0027E56904F139
:108820001C06B84600F0E6FAA36AAA68A0EB0309A2
:108830004A451CD84FF0200AAA68A36AD5F80CB0A4
:108840001344A3622B68B3425E60A9EB0209E361A3
:10885000EF6001D100F0C5FA88F311882869D84784
:108860008AF31188E569AB684B45E5D9DAE7E26937
:10887000B2420DD09168A0620B441B1A9360AB68A2
:10888000022B2CBFC0180230BDE8F84F00F0AEBA82
:10889000BDE8F88FB01E0020034B0022C3E900336F
:1088A000C3E904339A607047B01E0020002380F8AB
:1088B00020308268054B1B6899689142FBD25A6848
:1088C0000360426010605860704700BFB01E002017
:1088D00008B5202383F3118890F820200023072A6D
:1088E00007D8DFE802F00C060604130F0613426AED
:1088F00013604FF0FF334362FFF7D8FF002383F389
:10890000118808BD426A936801339360D0E9003250
:1089100013605A60EDE70000002380F82030826881
:10892000054B1B6899689142FBD85A680360426006
:1089300010605860704700BFB01E002038B50D4C65
:10894000A569226885F82000116821604C6001212A
:10895000A26182F82010EFF30982E969643A91423A
:1089600002D90548FFF7AAFEA0692946BDE83840AC
:10897000F7F7F6BCB01E002024C7000830B54B1C2A
:108980000B4D87B0044610D0AB690A4A01A8FFF727
:10899000ABFE2046FFF7D2FF049B13B101A8FFF7FF
:1089A000FDFEAB69586A07B030BDFFF7C7FFF8E7B7
:1089B000B01E0020D188000870B5114E4162B36925
:1089C00081689A689142044603D8BDE87040FFF779
:1089D0006DBF1846FFF7A0FF01230546B46184F878
:1089E0002030EFF30983C269643B9A4202D90548FB
:1089F000FFF764FE29462046BDE87040F7F7B0BC9B
:108A0000B01E002024C70008044B1A689B699068B8
:108A10009B68984294BF002001207047B01E002040
:108A200038B50E4C2368A0691A6822605460012290
:108A300083F82020A361FFF76FFF0546EFF309835A
:108A4000C269643B9A4202D90548FFF737FEA06924
:108A50002946BDE83840F7F783BC00BFB01E0020B0
:108A600024C7000808B5FFF7CFFF18B1BDE80840DC
:108A7000FFF7D6BF08BDFFF7D3BF00008260C26317
:108A80000022C0E90D2202220284012280F8222065
:108A9000074A81615169026141610861506100F1D9
:108AA0002802826200F12C02C0E90B22704700BF4D
:108AB000B01E0020D0E9012343F82C2CA3F1AC0216
:108AC00043F83C2C026943F86C2C426943F8682C4B
:108AD000044A016843F84C2CC268A3F14800FFF730
:108AE000CDBF00BF7903000810B5202383F31188A0
:108AF000FFF7E0FF00210446FFF75EFF002383F34A
:108B00001188204610BD000038B50E4B9C6960628C
:108B100004F12805A06AA8420FD194F822303BB98D
:108B200094F821309B0702BFD4E9043213615A61E3
:108B3000BDE838400F20FFF701BF0368A362FFF7CD
:108B4000B5FEE7E7B01E0020202383F31188FFF76E
:108B5000DBBF08B50146202383F311880820FFF707
:108B60000DFF002383F3118808BD0000054B9B69AE
:108B700021B1036058620320FFF700BF4FF0FF30C0
:108B8000704700BFB01E002003682BB100220260B6
:108B900059621846FFF78ABE7047000049B1064B7C
:108BA00042689B6918605A60136043600420FFF7B5
:108BB000E5BE4FF0FF307047B01E002003689842BA
:108BC00006D01A680260506059621846FFF76EBE00
:108BD000704738B504460D462068844200D138BD40
:108BE000036823605C604562FFF760FEF4E70023E2
:108BF0004FF0FF32C0E90023C0E902330022002316
:108C0000C0E9042370470000014B5B688360704734
:108C1000001000E00D4A0E4B516FC2685B680132D4
:108C200030B5C260D0E9044582685B1A9B1A42687D
:108C30008360E41845F100059342026888BF4360F1
:108C40009342C0E9044538BF036030BDB01E002028
:108C5000001000E030B50A4C87B000236846636717
:108C6000FFF7C5FF04256846FFF7CEFF6846FFF70C
:108C7000D1FF013DF7D1009B636707B030BD00BF56
:108C8000B01E00200023C0E9000083607047436BE2
:108C9000194390F8203041630A2B03D1436A1942EB
:108CA00005D170470B2B06D1436A8B4303D10023B8
:108CB0004362FFF7FBBD704770B5046806460D467A
:108CC000B44200D170BDE3682B43E36015B1236962
:108CD0001D4203D0D4E90101FFF7D9FF2468EFE773
:108CE000EFF3098305494A6822F001024A606833BC
:108CF00083F30988002383F31188704730EF00E085
:108D0000202080F3118862B60B4B0C4AD96821F4FD
:108D1000E0610904090C0A430949DA60CA6842F0B3
:108D20008072CA6007490A6842F001020A60102294
:108D3000DA7783F82200704700ED00E00003FA05BF
:108D4000F0ED00E0001000E010B5202383F311885F
:108D50000E4B5B6813F4006314D0F1EE103AEFF39E
:108D60000984683C4FF08073E361094BDB6823663C
:108D700084F30988FFF748FE10B1064BA36110BDCC
:108D8000054BFBE783F31188F9E700BF00ED00E036
:108D900030EF00E08B0300088E03000808B500F0F8
:108DA000A7FF01F00DF900F0E9F900F0F1F900F08A
:108DB000F6F900F0FDF900F04BFA00F064FA00F06B
:108DC00046FAFFF7B1F9BDE8084000F000B801F03D
:108DD0009DBA4FF08043002258631A610222DA6084
:108DE00070474FF080430022DA6070474FF08043B5
:108DF000586370474FF08043586A704730B5039C02
:108E00000172043304FB0325C0E90653049B03638A
:108E10000021059BC160C0E90000C0E90422C0E94F
:108E20000842C0E90A11436330BD416A0022C0E92B
:108E30000411C0E90A22C2606FF00101FFF7C9BE48
:108E4000D0E90432934201D1C2680AB9181D7047B3
:108E50000020704703691960C2680132C260C269AC
:108E6000134482690361934224BF436A0361002172
:108E7000FFF7A4BE38B504460D46E3683BB162690E
:108E8000131D1268A3621344E362002007E0237AF3
:108E900033B929462046FFF781FE0028EDDA38BDB8
:108EA0006FF00100FBE7C368C269013BC36043691F
:108EB000134482694361934224BF436A43610023A0
:108EC0008362036B03B11847704770B520230446D3
:108ED00083F31188866A3EB9FFF7CCFF054618B1C7
:108EE00086F31188284670BDA36AE26A13F8015B15
:108EF000A362934202D32046FFF7D5FF002383F3FA
:108F00001188EFE72DE9F84F04460E469046994642
:108F1000202787F311880025AA46D4F828B0BBF192
:108F2000000F09D149462046FFF7A4FF20B18BF37B
:108F300011882846BDE8F88FD4E90A12A8EB050B82
:108F4000521A934528BF9346BBF1400F1BD93346B5
:108F500001F1400251F8040B43F8040B9142F9D19E
:108F6000A36A40334036A3624035D4E90A239A42CB
:108F700002D32046FFF797FF8AF311884545D8D2E0
:108F800087F31188C9E730465A46F7F7D9FBA36A39
:108F90005B445E44A3625D44E7E710B5029C017246
:108FA000043304FB0321C0E906130023C0E90A339C
:108FB000039B0363049BC460C0E90000C0E9042272
:108FC000C0E90842436310BD026AC260426AC0E958
:108FD00004220022C0E90A226FF00101FFF7F9BD67
:108FE000D0E904239A4201D1C26822B9184650F848
:108FF000043B0B60704700207047C368C2690133AF
:10900000C3604369134482694361934224BF436A46
:1090100043610021FFF7D2BD38B504460D46E36831
:109020003BB123691A1DA262E2691344E362002086
:1090300007E0237A33B929462046FFF7AFFD002821
:10904000EDDA38BD6FF00100FBE703691960C26813
:10905000013AC260C269134482690361934224BF2A
:10906000436A036100238362036B03B118477047AF
:1090700070B520230D460446114683F31188866A95
:109080002EB9FFF7C9FF10B186F3118870BDA36A2E
:109090001D70A36AE26A01339342A36204D3E169BB
:1090A00020460439FFF7D1FF002080F31188EDE757
:1090B0002DE9F84F04460D4691469A464FF0200898
:1090C00088F311880026B346A76A4FB95146204657
:1090D000FFF7A2FF20B187F311883046BDE8F88F73
:1090E000D4E90A073A1AA9EB0607974228BF1746A0
:1090F000402F1BD905F1400355F8042B40F8042BF1
:109100009D42F9D1A36A4033A3624036D4E90A23D1
:109110009A4204D3E16920460439FFF796FF8BF3A6
:1091200011884E45D9D288F31188CDE729463A46B1
:10913000F7F706FBA36A3B443D44A3623E44E5E7E0
:10914000D0E904239A4217D1C3689BB1836A8BB1DB
:10915000043B9B1A0ED01360C368013BC360C36914
:109160001A44836902619A4224BF436A036100235F
:1091700083620123184670470023FBE700F050BECE
:10918000012303700023C0E904331830FFF77ABDD0
:1091900001F0FCB80123037000234360704701F025
:1091A0008FB801230370002343600C30FFF76ABDC2
:1091B00001F056B90123037000234360C3600374B8
:1091C000704710B52023044683F311884B688360F1
:1091D000416001F05FF900230222E360227083F313
:1091E000118810BD70B5202585F311880126C4684B
:1091F00006FA01F52C43C46001F0E8F9002383F37B
:10920000118870BD38B5202484F311880125C26807
:1092100005FA01F422EA0402C26001F0E3F9002336
:1092200083F3118838BD08B5202383F3118801F03A
:10923000EFF9002383F3118808BD08B5202383F3D9
:10924000118801F0F0F9002383F3118808BD7047FD
:1092500001F046B8012303700023C0E901330C304C
:10926000FFF710BD10B5044690F8763080F87E30D8
:1092700001F07CFB63681B6813B10121204698470D
:109280000323237010BD01F04FBB012303700023A3
:10929000436000F12C0200F1480142F8043B8A428D
:1092A0009361FAD18360704738B50446202383F375
:1092B00011880025C0E90355C0E90555C0E90755E7
:1092C000C0E90955416001F0EBFB0223237085F3EF
:1092D000118838BD70B52023044683F311882546D4
:1092E00001F028FB00260123666005F80C3B2C34B6
:1092F00055F8043B7BB1586920B16FF001010C3087
:10930000FFF742FC55F8043C986920B16FF0010169
:109310000C30FFF739FCA54245F8046CE8D1FFF7A3
:10932000A1FB86F3118870BD70B500EB8103054683
:109330005069DA600E46144618B114220021F7F77E
:1093400099FAA06918B114220021F7F793FA31466F
:109350002846BDE8704001F013BBF8B5836803F000
:1093600001130446836000F1100500F12C0600276C
:1093700055F8043B7BB1586920B16FF001010C3006
:10938000FFF702FC55F8043C986920B16FF0010129
:109390000C30FFF7F9FBB54245F8047CE8D12046D4
:1093A000BDE8F84001F0A2BBF0B400EB81044789AE
:1093B000E4680125A4698D403D4345812360002375
:1093C000A2606360E360F0BC01F0DABBF0B400EBD4
:1093D00081040789E468012564698D403D43058166
:1093E00023600023A2606360E360F0BC01F0EABB8D
:1093F00010B50378052B0BD1064C236C43F01003FA
:109400002364C820FFF7A5FB236C23F0100323641B
:1094100010BD00BF005C00402DE9F0410223002593
:1094200004460370C567856000F10C0600F12C0747
:109430004FF0200856F8043BABB188F3118856F87A
:10944000043C586920B16FF001010C30FFF79CFB20
:1094500056F8043C986920B16FF001010C30FFF719
:1094600093FB85F31188BE4246F8045CE2D184F890
:109470006450204601F0F6FA63681B6823B1204669
:109480000021BDE8F0411847BDE8F081F8B5037848
:1094900080F880300523037043681B6804460BB1D5
:1094A000042198470026A66004F10C0520272C34DF
:1094B00055F8043BABB187F3118855F8043C586963
:1094C00020B16FF001010C30FFF75EFB55F8043C52
:1094D000986920B16FF001010C30FFF755FB86F35E
:1094E0001188A542E4D1F8BD90F88020436802704D
:1094F0001B680BB1052118477047000070B590F844
:109500006430044613B1002380F8643004F174021F
:10951000204601F01BFB63689B68B3B994F8743074
:1095200013F0600539D00021204601F07FFB0021B7
:10953000204601F069FB63681B6813B106212046D1
:109540009847062384F8643070BD20469847002869
:10955000E4D094F87B2094F87A3043EA0223E26E58
:109560009A4288BFE36694F97430E56E002B4FF0A1
:10957000200380F2F580002D00F0E480092284F8B9
:10958000642083F311880021D4E91A232046FFF7D1
:109590001DFF002383F31188D6E794F8752003F0AC
:1095A0007F0343EA022340F20232934200F0B78085
:1095B00021D8B3F5807F4DD00DD8012B44D0022B9C
:1095C00000F08580002BAED104F17C02A26602225D
:1095D000E2662367BDE7B3F5817F00F08D80B3F5C8
:1095E000407FA0D194F87630012B9CD1B4F87C3028
:1095F00043F0020337E0B3F5006F3ED01CD8B3F55B
:10960000A06F36D0A3F5C063012B8CD894F87920D5
:10961000616894F878304E6894F8771043EA022332
:10962000204694F87620B04700283FF47CAF43688A
:10963000A3660368E3661AE0B3F5106F22D040F624
:10964000024293427FF46FAF524BA3660223E3665C
:109650000023BEE794F87630012B7FF464AFB4F8B2
:109660007C3023F00203C4E91A55A4F87C30256746
:109670006FE7C4E91A55484BABE704F17F03A366D3
:109680000123D7E72378042B10D1202383F31188FB
:109690002046FFF762FE85F311880321636884F892
:1096A0007F5021701B680BB12046984794F87630A4
:1096B0004BB184F87F300423237063681B6813B1B7
:1096C0000221204698470023C4E91A3381E794F821
:1096D00078301D0603F00F0120460AD501F028FA64
:1096E000012804D002287FF41EAF2C4BADE72C4B91
:1096F000ABE701F00FFAF3E794F87630002B7FF434
:1097000012AF94F8783013F00F01DCD01A0620461F
:1097100002D501F0B3FAD6E701F09AFAD3E794F84C
:109720007630002B7FF4FFAE94F8783013F00F0101
:10973000C9D01B06204602D501F078FAC3E701F034
:1097400063FAC0E7142284F8642083F311882B465F
:109750002A4629462046FFF727FE85F31188F3E6BF
:109760005DB1152284F8642083F311880021D4E9C7
:109770001A232046FFF718FE0BE70B2284F864201B
:1097800083F311882B462A4629462046FFF71EFE02
:10979000E3E700BF4EC70008659200084AC700080B
:1097A0004CC7000838B590F864300446002B42D00E
:1097B000063BDAB20F2A38D80F2B36D8DFE803F091
:1097C0003B353508263635353535353535353B3B72
:1097D00090F87B1090F87A20C36E42EA01229342FF
:1097E00014D2C268128AB3FBF2F502FB15356DB9CB
:1097F000202383F311882B462A462946FFF7E6FDEE
:1098000085F311880A2384F864300EE0142384F869
:109810006430202383F3118800231A46194620461A
:10982000FFF7C2FD002383F3118838BD036F03B136
:1098300098470023E7E70021204601F0F7F90021CF
:10984000204601F0E1F963681B6813B10621204648
:1098500098470623D7E710B590F86430142B0446D8
:1098600029D017D8062B05D001D81BB110BD093B54
:10987000022BFBD80021204601F0D8F90021204618
:1098800001F0C2F963681B6813B1062120469847AE
:10989000062319E0152BE9D10B2380F8643020232F
:1098A00083F3118800231A461946FFF78FFD002322
:1098B00083F31188DAE7C3689B695B68002BD5D115
:1098C000036F03B19847002384F86430CEE700F1BA
:1098D000604303F561430901C9B283F80013012213
:1098E00000F01F039A4043099B0003F1604303F516
:1098F0006143C3F880211A607047000000F01F0325
:10990000012142099940044B2032184443F82210A7
:10991000002380F80033704700E100E00D4A08B5ED
:10992000516913680B4003F00103536173B10A4A94
:1099300093680BB1D0689847202383F311880648B9
:109940000021FFF746F9002383F31188BDE80840A2
:10995000FFF7FAB900040140881F00200D4A08B53E
:10996000516913680B4003F00203536173B10A4A53
:1099700093690BB1D0699847202383F31188074876
:109980000021FFF726F9002383F31188BDE8084082
:10999000FFF7DAB900040140881F0020981F00205B
:1099A0000D4A08B5516913680B4003F00403536175
:1099B00073B10A4A936A0BB1D06A9847202383F3A4
:1099C000118807480021FFF704F9002383F3118869
:1099D000BDE80840FFF7B8B900040140881F002027
:1099E000A81F00200D4A08B5516913680B4003F009
:1099F0000803536173B10A4A936B0BB1D06B98475C
:109A0000202383F3118807480021FFF7E2F80023A1
:109A100083F31188BDE80840FFF796B900040140C0
:109A2000881F0020B81F00200D4A08B5516913682F
:109A30000B4003F01003536173B10A4A936C0BB1EE
:109A4000D06C9847202383F3118807480021FFF743
:109A5000C0F8002383F31188BDE80840FFF774B90C
:109A600000040140881F0020C81F0020324B10B5A1
:109A70005A691C68144004F478725A61A3060ED522
:109A80002E4A936D0BB1D06D9847202383F3118834
:109A90002B480021FFF79DF8002383F3118860060F
:109AA0000ED5264A936E0BB1D06E9847202383F3D0
:109AB000118824480021FFF78CF8002383F31188D4
:109AC00021060ED51D4A936F0BB1D06F9847202306
:109AD00083F311881C480021FFF77BF8002383F3F0
:109AE0001188E20510D5154AD2F8883013B1D2F8A2
:109AF0008C009847202383F3118814480021FFF736
:109B000068F8002383F31188A30510D50B4AD2F817
:109B1000983013B1D2F89C009847202383F3118822
:109B20000B480021FFF755F8002383F31188BDE8A7
:109B30001040FFF709B900BF00040140881F002052
:109B4000D81F0020E81F0020F81F00200820002058
:109B5000182000203E4B10B55A691C68144004F4CC
:109B60007C425A61620510D53A4AD2F8A83013B146
:109B7000D2F8AC009847202383F31188364800219F
:109B8000FFF727F8002383F31188230510D5314A06
:109B9000D2F8B83013B1D2F8BC009847202383F331
:109BA00011882E480021FFF714F8002383F3118851
:109BB000E00410D5274AD2F8C83013B1D2F8CC004F
:109BC0009847202383F3118825480021FFF701F8E7
:109BD000002383F31188A10410D51E4AD2F8D8308F
:109BE00013B1D2F8DC009847202383F311881D4875
:109BF0000021FEF7EEFF002383F31188620410D5E5
:109C0000144AD2F8E83013B1D2F8EC009847202378
:109C100083F3118814480021FEF7DBFF002383F350
:109C20001188230410D50B4AD2F8F83013B1D2F8BA
:109C3000FC009847202383F311880C480021FEF78D
:109C4000C8FF002383F31188BDE81040FFF77CB8FC
:109C500000040140881F0020282000203820002018
:109C60004820002058200020682000207820002074
:109C700008B5034800F0BBFBBDE80840FFF764B837
:109C80000C210020FFF760B8FFF75EB8FFF75CB863
:109C9000062108B50846FFF71AFE06210720FFF740
:109CA00016FE06210820FFF712FE06210920FFF705
:109CB0000EFE06210A20FFF70AFE06211720FFF7F5
:109CC00006FE06212820FFF702FE07211820FFF7D5
:109CD000FEFD07211920FFF7FAFD07211A20FFF7E3
:109CE000F6FDBDE8084007211B20FFF7F0BD00008E
:109CF00010B5224CA26A62F4FC02A262A26A02F4CB
:109D0000FC02A2624FF0FF31A26A2269216122693E
:109D1000002222612069E068E160E168E260E168B8
:109D2000E169174841F08051E161E169016841F45E
:109D300080710160216A01F44071B1F5007F1EBF9E
:109D40004FF4803323622262236A1B0407D4236A00
:109D500043F400732362236A43F40043236200F058
:109D600079F8FFF795FFA369064A43F00103A36161
:109D7000A369136843F02003136010BD0010024074
:109D80000070004000000140224B1A6842F00102BE
:109D90001A601A689207FCD55A6822F003025A60CA
:109DA0005A6812F00C02FBD1196801F0F901196030
:109DB0005A601A6842F480321A601A689003FCD51F
:109DC0005A6A42F001025A625A6A9107FCD5124A55
:109DD0005A604FF40452DA6230221A631A6842F071
:109DE00080721A601A689201FCD50C4A1221116027
:109DF000116801F007010229FAD15A6842F0020203
:109E00005A605A6802F00C02082AFAD11A6B1A63D7
:109E1000704700BF0010024000241D0000200240D7
:109E200038B5084C2046FFF7ABF90025064BA36276
:109E3000E562064C2046FFF7A3F9054BC4E90A3555
:109E400038BD00BF281F002050C70008581F002041
:109E50006CC700080B4A0C48002310B5C2E9003358
:109E600001214468236042F8313001310D2900F1AD
:109E70001000F6D1054A4FF0FF335360C2F80434A6
:109E800010BD00BF2014002088C700080000024059
:109E900010B40468437B21684268D940126801F01D
:109EA0000E010A420FD0827B01FA03F36360013294
:109EB000064B53F8324034B103EBC20358682346D3
:109EC0005DF8044B18475DF8044B704720140020E0
:109ED00008B50348FFF7DCFFBDE80840FEF734BFD4
:109EE00088C7000808B50348FFF7D2FFBDE808405F
:109EF000FEF72ABF98C7000808B50348FFF7C8FF58
:109F0000BDE80840FEF720BFA8C7000808B5034811
:109F1000FFF7BEFFBDE80840FEF716BFB8C7000850
:109F200008B50348FFF7B4FFBDE80840FEF70CBFD3
:109F3000C8C7000808B50348FFF7AAFFBDE80840F6
:109F4000FEF702BFD8C7000808B50348FFF7A0FF17
:109F5000BDE80840FEF7F8BEE8C7000808B50348AA
:109F6000FFF796FFBDE80840FEF7EEBEF8C7000811
:109F700008B50348FFF78CFFBDE80840FEF7E4BED4
:109F800008C8000808B50348FFF782FFBDE808408D
:109F9000FEF7DABE18C8000808B50348FFF778FFD7
:109FA000BDE80840FEF7D0BE28C8000808B5034841
:109FB000FFF76EFFBDE80840FEF7C6BE38C80008D0
:109FC0000022064B11460132102AC3E90033C3E9CF
:109FD000021103F11003F6D1704700BF881F002063
:109FE0002DE9F74FC2F3C31302F0030AC2F380094D
:109FF000C2F3C108C2F3411E0193574600224FF03D
:10A000000F0BCB0737D5019C02F007039B0004FA26
:10A0100003FC01254468954024EA050444EA090448
:10A02000446085680324560004FA06F625EA06050E
:10A0300045EA08058560C56825EA060545EA0E0576
:10A040000BFA03F3BAF1020F6FEA0604C5606FEA78
:10A0500003031BD1072A95BF056A456A2B402B4095
:10A0600095BF43EA0C0343EA0C03036243620368AF
:10A070001C403C43046049081AD04FEA49094FEAA2
:10A0800088084FEA8E0EBF000132BAE705682C40FF
:10A090003C43072A046095BF046A446A2340234076
:10A0A00095BF43EA0C0343EA0C0303624362E2E711
:10A0B00003B0BDE8F08F836A5B6830B5046B596804
:10A0C000436862689B68FF2988BFFF2122F0FF7206
:10A0D00043EA014322F4803294BF00254FF080759B
:10A0E00013432B4343F48063636030BDD0E90B31ED
:10A0F0005B6840685A684B68806810B523F0FF734E
:10A10000FF2A23F4803394BF00244FF0807443EA85
:10A11000000388BFFF22234343EA02434B6010BD84
:10A120003F4838B5046BA36903F0FE02D906E2612B
:10A130002DD5C36A59680A6822F00F020A605A7B5B
:10A1400019680E2303FA02F24A60826A5568296888
:10A1500021F00F0129601168527B93404B608368A6
:10A1600043F004038360636843F4804363602368BF
:10A1700023F046032360202383F311886FF001014D
:10A180001C30FEF701FD002383F3118806E01A0658
:10A190000BD50378032B05D1FFF7A8FFBDE83840A6
:10A1A000FEF7D2BDFFF787FFF8E75B06F6D501782B
:10A1B000836A03295A681BD1C36A5D68296821F044
:10A1C0000F0129605D7B19680E23AB404B6053681B
:10A1D000BBB1FFF770FF836A5A68136843F001034D
:10A1E0001360636843F40053636004230370D5E78E
:10A1F000116821F00F011160597B1A680E238B4002
:10A200005360636843F480436360236823F0400332
:10A210002360202383F3118802480021B1E700BFA7
:10A2200088200020A420002038B5234B196B8A69B0
:10A2300002F47C50C861D96A4C68206820F00F0095
:10A240002060487B0C680E2101FA00F06060986A7B
:10A2500045682C6824F00F042C600468407B814022
:10A260006160D40542BF996841F001019960900591
:10A2700042BF996841F002019960510542BF996857
:10A2800041F008019960D20499680ED541F020018F
:10A290009960202383F3118808486FF00101FEF7CD
:10A2A00073FC002383F3118801E00029F1D1BDE89C
:10A2B0003840FEF749BD00BF88200020A4200020C0
:10A2C00010B5054C2046FEF76CFF0023034AE361FE
:10A2D000C4E90A33226310BD8820002000540040E6
:10A2E00010B5084C2046FEF7B5FF074A0023C4E925
:10A2F0000723636241F20A0141F21803C4E90A1319
:10A3000010BD00BFBC200020003800400F4BDA69B0
:10A3100042F00102DA610E4ADB69936843F00103FF
:10A3200093604FF0804340F2CF229A624FF0FF32A9
:10A33000DA6200229A615A63DA605A6001225A6135
:10A3400008211A601C20FFF7C2BA00BF00100240AB
:10A35000002004E04FF0804208B51169D3680B403B
:10A36000D9B2C9439B07116107D5202383F3118814
:10A37000FEF7AAF9002383F3118808BD08B5FFF79B
:10A38000E9FFBDE80840FEF7DFBC00000B4808B558
:10A390000B4BC360FEF7FEFE0A480B4BC360FEF793
:10A3A000F9FE0A480A4BC360FEF7F4FE09480A4B5F
:10A3B000C360BDE80840FEF7EDBE00BFEC20002002
:10A3C000001000401C21002000140040FC20002050
:10A3D000003401400C21002000400140C3680022ED
:10A3E0001A601A61DA6822F0FF02DA607047C26808
:10A3F00010B51469D3682340DCB2E443DB0701469F
:10A4000014610DD50378042B03D102230370FFF7E9
:10A41000E5FF4B685B681BB1BDE810400846184774
:10A4200010BD000008B50348FFF7E1FFBDE8084094
:10A43000FEF78ABCEC20002008B50348FFF7D7FFE1
:10A44000BDE80840FEF780BC1C21002008B5034889
:10A45000FFF7CDFFBDE80840FEF776BCFC200020EA
:10A4600038B5084C2046FEF7A5FE0425064BA3612F
:10A470002574064C2046FEF79DFE054B2574A3610E
:10A4800038BD00BF48210020000400402C210020DE
:10A490000008004010B50378012B04467CD1474BDF
:10A4A000984214D1464BDA6942F00202DA61DA6965
:10A4B0001A6942F002021A611A6922F002021A6154
:10A4C00007211D201B69FFF702FA3E4B63613E4BDB
:10A4D0009C4214D13A4BDA6942F00402DA61DA693B
:10A4E0001A6942F004021A611A6922F004021A6120
:10A4F00007211E201B69FFF7EAF9324B6361A3694C
:10A5000046F668029A61DA6102F1807202F58032E1
:10A510005A65616863690A68B3FBF2F3A269013B9B
:10A520009362A368013BD362CB6B5360CB6803F0AB
:10A530000F03012B3ED0022B3ED143F001034869AB
:10A5400000F00F00012803D0022803D143F02003BC
:10A5500043F01003C86900F00F00012803D002285F
:10A5600003D143F4007343F48073486A00F00F0092
:10A57000012803D0022803D143F4005343F480534D
:10A58000136201235361002313610B6C23F0FF035B
:10A59000D3608523136010BD826900231360536369
:10A5A0009363D3631364017C042984BF9365D365EB
:10A5B0005362AEE70023C0E70023C0E74821002034
:10A5C0000010024000A24A042C21002003298369C4
:10A5D0009BBF0C3103EB810112314A6088BF43F805
:10A5E00021207047032983694FF000000CD801F146
:10A5F0000C0203EB82025060DA68022000FA01F1DB
:10A6000022EA0101D9607047123143F821007047F6
:10A610008269D368D9075FBF6FF0010143F001037E
:10A620001161D36070478269D36823F00103D3605E
:10A630007047836970B51A69DD681540EAB2D24384
:10A64000AE0704461A6103D543681B6903B19847F6
:10A65000680704D563689B690BB1204698472907B2
:10A6600004D563681B6A0BB120469847EA0604D5F7
:10A6700063689B6A0BB120469847EB0706D5636871
:10A680009B681BB12046BDE87040184770BD0000B4
:10A6900008B50348FFF7CDFFBDE80840FEF754BBFF
:10A6A0004821002008B50348FFF7C3FFBDE8084074
:10A6B000FEF74ABB2C2100200C4B1B6D03F180439D
:10A6C00003F5C04303EB001011440368426003F13B
:10A6D000005303F540535B00002AA1EB020000DCAD
:10A6E0007047008843F8040B023AF5E7005C00402D
:10A6F0002DE9F84F894D6C6C670505D56FF48063C3
:10A7000087486B64FEF788FE260509D52B6C8448C4
:10A7100043F008032B646FF400636B64FEF7B6FE2E
:10A72000E0040DD57D4DAB6C190406D42B6C7C4830
:10A7300023F008032B64FEF7D7FE6FF480536B649D
:10A74000A20508D576484368DB6803B19847734B88
:10A750006FF400725A64724D724E230403D4BDE844
:10A76000F84FFEF7F1BA04F00F04A70007F1804795
:10A7700007F5B84704F10209D7F800A005EB8903F3
:10A780001AF0800FD3F8048025D03A68D8F8143036
:10A79000324042F400423A6019695A6818680A4423
:10A7A000801A5A602DD0B8F81020824228BF024685
:10A7B00098681A61014499602046FFF77DFF3B6865
:10A7C00023F4F04323F0400383F0300343F40043C9
:10A7D00043F080033B601AF4004F0FD03B683340D6
:10A7E00043F080031AF4006F3B60E1B225D005EB23
:10A7F00089092846D9F804305B689847474B5C6C58
:10A80000ABE7012303FA04F22B8923EA02032B812D
:10A81000D8F8083013B1214628469847202383F3FF
:10A82000118805EB890300215B6858690C30FEF73D
:10A83000ABF9002383F31188CDE7384BD8F8182003
:10A840001B6DD2F808C003F1804303F5C04303EB4E
:10A850000410E1468368D0F80CE003F10053CEF316
:10A860000900CEF3480E03F540534FEA8E0A0AEB77
:10A87000430A5B00534509F1020939D16FF0010920
:10A8800009FB0E09B9F1000F02D01B680CF81E304D
:10A8900093680344936053680344536013681B1A1E
:10A8A0001360138A013B9BB21382B8F812208242D4
:10A8B00000D833BB012303FA04F26B89023423EA84
:10A8C00002036B8105EB84035B68DB680BB12846F0
:10A8D0009847202383F3118805EB84046368986903
:10A8E00041680C30FEF750F9002383F3118885E7A7
:10A8F00053F804BB09F802BC4FEA1B2B09F801BC52
:10A90000B8E73B6823F4904323F0700383F440538B
:10A9100043F4004343F080033B606FE7005C00407A
:10A92000642100200F07FFFF0148FEF7AEBC00BF07
:10A930006421002008B50378012B12D0094B9842FE
:10A940000FD14A20FEF7DAFF4B20FEF7D7FF064B68
:10A9500003221A6403F5DA33DA6922F40002DA61B9
:10A96000DB6908BD64210020005C004090F87E3067
:10A97000024A43F08003D364704700BF005C00408C
:10A9800000EB810370B5DD682B6803F00303032B34
:10A990005AD0002B0CBF4FF4007300232F4A146DC4
:10A9A0006A6904F1804404F5C04404EB01146AB1FF
:10A9B000002262602A8AD0F88460013222F001020B
:10A9C0003244C0F8842043F020032660AA69C2B153
:10A9D0006D8A3E2D05F1FF3239D942F01F02204E1B
:10A9E0000132521146EA822292B2E260D0F884200B
:10A9F000013525F001051544C0F8845043F4005397
:10AA0000A2608A0002F1804202F5B8421068440454
:10AA1000106848BF43F48043400648BF43F04003FA
:10AA2000194321F4784148F2800021F0F0010143FC
:10AA300023F4F163116023F0070311685B045B0CDE
:10AA40004B400343136070BD4FF4C063A6E742F070
:10AA500001020132520202F47C42C6E7005C00406F
:10AA60000080FFFF0C4A10B400218024116551645E
:10AA7000D4644468E4688C420CBF4FF41C444FF427
:10AA80001E4414644022C0F88420044A5DF8044B3C
:10AA9000C260FFF775BF00BF005C004048C80008F7
:10AAA00038B501780129044619D10D4B984211D1CE
:10AAB0000C4B0D4DDA6942F40002DA61DB6929645E
:10AAC0004A200D21FEF703FF0E214B20FEF7FFFE6B
:10AAD00000232B642046BDE83840FFF7C3BF38BDD4
:10AAE0006421002000100240005C00404023C0F8B8
:10AAF0008430012248F28000930003F1804303F583
:10AB0000B84301321968082A41EA00011960186047
:10AB1000F2D17047054B53F8210010F4405004D097
:10AB2000B0F5805F14BF022001207047005C004038
:10AB3000054B53F8210010F0300003D0102814BF4B
:10AB400002200120704700BF005C00400B4B1B6DD2
:10AB500003F1804303F5C04303EB011102F1080048
:10AB60008B6803F1005303F540535B00196822F82A
:10AB7000021B904203F10403F8D17047005C0040CF
:10AB800000EB810010B5C36898690268C2B15C8AA5
:10AB90001319013BB3FBF4F39BB2890001F180412F
:10ABA00001F5B84103820B6823F4904323F070034E
:10ABB00083F4405343F4004343F080030B6010BD23
:10ABC0000123EAE700EB810010B50C46C1684B6930
:10ABD0000A8A18689968824228BF02461A6120468C
:10ABE000FFF76AFDA00000F1804000F5B84003685F
:10ABF00023F4F04323F0400383F0300343F4004395
:10AC000043F08003036010BD890001F1804101F52C
:10AC1000B8410B6823F4904323F0700383F480530E
:10AC200043F4004343F080030B607047890001F157
:10AC3000804101F5B8410B6823F4F04323F0400351
:10AC400083F0100343F4004343F080030B6070472C
:10AC5000890001F1804101F5B8410B6803F44053CC
:10AC6000B3F5405F09D00B6823F4F04323F04003B1
:10AC700043F4204343F080030B607047890001F1E7
:10AC8000804101F5B8410B6803F03003302B0BD045
:10AC90000B6823F4F04323F0400383F0200343F4D4
:10ACA000004343F080030B6070474B6843608B6840
:10ACB0008360CB68C3600B6943614B6903628B6936
:10ACC00043620B680360704708B5194B9A6A42F4F7
:10ACD000FC029A629A6A22F4FC029A629A6A5A699F
:10ACE00042F4FC025A61134A5B6911464FF09040EE
:10ACF000FFF7DBFF104802F11C01FFF7D6FF0F48FA
:10AD000002F13801FFF7D1FF0D4802F15401FFF7BE
:10AD1000CCFF0C4802F17001FFF7C7FF0A4802F1AF
:10AD20008C01FFF7C2FFBDE80840FFF72DB800BF58
:10AD3000001002406CC800080004004800080048E9
:10AD4000000C00480010004800140048704716230B
:10AD500003604FF0FF30704700207047184670477F
:10AD60000020704710B50022044608460121FDF777
:10AD70002BFC18B90C2323604FF0FF3010BD08B531
:10AD80001346002158221846F5F774FD4FF400527F
:10AD90004260002008BD0120704708B5F5F776FC39
:10ADA000012303604FF0FF3008BD01207047FEE72C
:04ADB000F8B500BF33
:04ADB400F8B500BF2F
:10ADB8000020202020202020202028282828282083
:10ADC800202020202020202020202020202020207B
:10ADD80020881010101010101010101010101010E3
:10ADE80010040404040404040404041010101010D3
:10ADF800101041414141414101010101010101019D
:10AE080001010101010101010101010110101010EE
:10AE1800101042424242424202020202020202026E
:10AE280002020202020202020202020210101010C2
:10AE380020000000000000000000000000000000EA
:10AE480000000000000000000000000000000000FA
:10AE580000000000000000000000000000000000EA
:10AE680000000000000000000000000000000000DA
:10AE780000000000000000000000000000000000CA
:10AE880000000000000000000000000000000000BA
:10AE980000000000000000000000000000000000AA
:10AEA800000000000000000000000000000000009A
:10AEB80000000000040C002000000000000000005A
:10AEC800000000000000000000000000000000007A
:10AED800000000000000000000000000000000006A
:10AEE800000000000000000000000000000000005A
:10AEF800000000000000000000000000000000004A
:10AF08000000000000000000000000000000000039
:10AF1800000000000000000029003A003B003C004F
:10AF28003D003E003F004000410042004300440015
:10AF380045004C0046004700480035001E001F0031
:10AF480020002100220023002400250026002700DD
:10AF58002D002E002A0049004A004B002B00140047
:10AF68001A000800150017001C0018000C00120039
:10AF780013002F00300031004C004D004E00390006
:10AF880004001600070009000A000B000D000E005F
:10AF98000F00330034002002280068000000000081
:10AFA800E10031001D001B0006001900050011001A
:10AFB8001000360037003800E100E10000005200C0
:10AFC8000000E000E300E2000000000000002C00A8
:10AFD800000000000000E200E3000151E000500022
:10AFE80051004F00010001000100010001000100B3
:10AFF8000100010001000100010001000100010041
:10B008000100010001000100010001000100010030
:10B018000100010001000100010001000100010020
:10B028000100010001000100010001000100010010
:10B038000100010001000100010001000100010000
:10B0480001000100010001000100010001000100F0
:10B0580001000100010001000100010001000100E0
:10B0680001000100010001000000000001000100D2
:10B0780001000100010001000100010001000100C0
:10B0880001000100010001000000010000000100B2
:10B0980001000100000000000000010000000000A5
:10B0A8000000010001000100010001000100010091
:10B0B8000100010001000100010001000100010080
:10B0C8000100010001000100010001000100010070
:10B0D8000100010001000100010001000100010060
:10B0E8000100010001000100010001000100010050
:10B0F8000100010001000100010001000100010040
:10B10800010001000100010001000100010001002F
:10B11800010001000100010001000100010001001F
:10B12800010001000100010001000100010001000F
:10B138000100010000000000010001000100010001
:10B1480001000100010001000100010001000100EF
:10B1580001000100000001000000010001000100E1
:10B1680000000000000001000000000000000100D5
:10B1780001000100010001000100010001000100BF
:10B1880001000100010001000100010001000100AF
:10B19800010001000100010001000100010001009F
:10B1A800010001000100010001000100010001008F
:10B1B800010001000100010001000100010001007F
:10B1C800010001000100010001000100010001006F
:10B1D800010001000100010001000100010001005F
:10B1E800010001000100010001000100010001004F
:10B1F800010001000100010001000100010001003F
:10B208000000000001000100010001000100010030
:10B21800010001000100010001000100010001001E
:10B228000000010000000100010001000000000012
:10B238000000010000000000000001000100010002
:10B24800010001000100010044454255473A2065CC
:10B258006E61626C65642E0A0044454255473A2087
:10B2680064697361626C65642E0A00000000000066
:10B2780000000000000000000000000000000000C6
:10B2880000000000000000000000000000000000B6
:10B298000000002A2B280000000000000000000029
:10B2A80000000000000029000000002C1E342021AE
:10B2B8002224342627252E362D3738271E1F2021F5
:10B2C80022232425263333362E37381F0405060754
:10B2D80008090A0B0C0D0E0F10111213141516176E
:10B2E80018191A1B1C1D2F3130232D35040506078C
:10B2F80008090A0B0C0D0E0F10111213141516174E
:10B3080018191A1B1C1D2F3130354C000000007E07
:10B318000F00D4FFFFFFC70000007800E200E9003B
:10B32800EA00B500B600B700CD008301CC008A0161
:10B3380092019401210223022402250226022702F7
:10B348002A02B300B4006F0070000A722F63203025
:10B358003132333435363738394142434445463043
:10B368003132333435363738394142434445460A59
:10B37800002530325800253033326C62000000005E
:10B388000D08004809040048040400480704004860
:10B39800080400480504004806040048090000485D
:10B3A800050000480600004807000048010400485E
:10B3B800020400480A040048030400480E04004838
:10B3C8000F0400480A0000480D0400480C04004817
:10B3D8000B0400480E0800480F0800480A092D20F1
:10B3E8004D6F7573656B6579202D0A4553432F7131
:10B3F8003A09717569740A313A0964656C6179288A
:10B408002A31306D73290A323A09696E7465727689
:10B41800616C286D73290A333A096D61785F73701E
:10B428006565640A343A0974696D655F746F5F6DA8
:10B4380061780A353A09776865656C5F6D61785F90
:10B4480073706565640A363A09776865656C5F7478
:10B45800696D655F746F5F6D61780A0A703A09708B
:10B4680072696E742076616C7565730A643A097343
:10B4780065742064656661756C74730A75703A0941
:10B488002B310A646F776E3A092D310A706775702F
:10B498003A092B31300A7067646F776E3A092D319B
:10B4A800300A0A7370656564203D2064656C7461B8
:10B4B800202A206D61785F7370656564202A2028D2
:10B4C800726570656174202F2074696D655F746F93
:10B4D8005F6D6178290A0077686572652064656C1C
:10B4E80074613A20637572736F723D25642C2077FE
:10B4F8006865656C3D25640A5365652068747470D9
:10B508003A2F2F656E2E77696B6970656469612EB5
:10B518006F72672F77696B692F4D6F7573655F6BF6
:10B528006579730A006D6B5F64656C6179203D20F5
:10B5380025640A006D6B5F696E74657276616C20B4
:10B548003D2025640A006D6B5F6D61785F737065DF
:10B558006564203D2025640A006D6B5F74696D6524
:10B568005F746F5F6D6178203D2025640A006D6B04
:10B578005F776865656C5F6D61785F73706565643A
:10B58800203D2025640A006D6B5F776865656C5FF8
:10B5980074696D655F746F5F6D6178203D20256407
:10B5A8000A004C25640A006565636F6E6669673A30
:10B5B8000A0064656661756C745F6C617965723ADE
:10B5C800200025750064656275675F636F6E666944
:10B5D800672E7261773A20002E656E61626C653A5B
:10B5E80020002E6D61747269783A20002E6B65799F
:10B5F800626F6172643A20002E6D6F7573653A2030
:10B60800006B65796D61705F636F6E6669672E7236
:10B6180061773A20002E737761705F636F6E747282
:10B628006F6C5F636170736C6F636B3A20002E639D
:10B638006170736C6F636B5F746F5F636F6E74724E
:10B648006F6C3A20002E737761705F6C63746C5F67
:10B658006C6775693A20002E737761705F72637446
:10B668006C5F726775693A20002E737761705F6C42
:10B67800616C745F6C6775693A20002E737761702E
:10B688005F72616C745F726775693A20002E6E6F25
:10B698005F6775693A20002E737761705F67726122
:10B6A80076655F6573633A20002E737761705F6219
:10B6B80061636B736C6173685F6261636B73706104
:10B6C80063653A20002E6E6B726F3A2000626163E8
:10B6D8006B6C696768745F636F6E6669672E726109
:10B6E800773A20002E6C6576656C3A2000436C65CD
:10B6F8006172696E6720454550524F4D0A000A092C
:10B708002D204D61676963202D0A443A094465621A
:10B718007567204D65737361676520546F67676C43
:10B72800650A583A094D61747269782044656275F2
:10B7380067204D6F646520546F67676C65202D2006
:10B7480053686F77206B65797072657373657320C2
:10B75800696E206D617472697820677269640A4B3A
:10B768003A094B6579626F61726420446562756756
:10B7780020546F67676C65202D2053686F77206BA6
:10B7880065797072657373207265706F72740A4D93
:10B798003A094465627567204D6F75736520546F6B
:10B7A80067676C650A563A0956657273696F6E0A5F
:10B7B800533A095374617475730A433A09416374BF
:10B7C800697661746520436F6E736F6C65204D6F89
:10B7D80064650A46312D4631303A095377697463F6
:10B7E8006820746F204C6179657220302D392028CB
:10B7F800463130203D204C30290A302D393A095342
:10B80800776974636820746F204C617965722030A1
:10B818002D390A47524156453A0953776974636886
:10B8280020746F204C6179657220302028616C7417
:10B8380065726E617465290A423A094A756D70200D
:10B84800746F20426F6F746C6F616465720A455340
:10B85800433A094A756D7020746F20426F6F746C9B
:10B868006F616465722028616C7465726E617465BD
:10B87800290A453A095072696E7420454550524F5D
:10B888004D2053657474696E67730A42535041437F
:10B89800453A09436C65617220454550524F4D0A3F
:10B8A8004E3A094E4B524F20546F67676C650A0039
:10B8B8000A092D20436F6E736F6C65202D0A45535E
:10B8C800432F713A09717569740A6D3A096D6F757C
:10B8D80073656B65790A00433E20000A0A4A756D54
:10B8E80070696E6720746F20626F6F746C6F61642B
:10B8F80065722E2E2E20000A64656275673A206FE5
:10B908006E0A000A64656275673A206F66660A0007
:10B918000A6D61747269783A206F6E0A000A6D6167
:10B92800747269783A206F66660A000A6B657962F4
:10B938006F6172643A206F6E0A000A6B6579626FF4
:10B948006172643A206F66660A000A6D6F757365E6
:10B958003A206F6E0A000A6D6F7573653A206F663C
:10B96800660A000A092D2056657273696F6E202DCC
:10B978000A005649443A2030783444344328546500
:10B98800616D2E4D6563686C6F76696E292050492C
:10B99800443A2030783838303228496E66696E6902
:10B9A800747920383829205645523A20307830307A
:10B9B80030310A004255494C443A2020284A756CD7
:10B9C8002031332032303231290A00434849424974
:10B9D8004F533A2022627265616B696E675F32303D
:10B9E80032315F7131222C20434F4E545249423A32
:10B9F8002022627265616B696E675F323032315F37
:10BA08007131220A004F5054494F4E533A204D4F3E
:10BA18005553454B45592045585452414B4559209B
:10BA2800434F4E534F4C4520434F4D4D414E4420BC
:10BA38004E4B524F20424F4F544C4F414445525F5A
:10BA480053495A450A004743433A20392E322E318A
:10BA58000A000A092D20537461747573202D0A0099
:10BA6800686F73745F6B6579626F6172645F6C6530
:10BA7800647328293A2025580A006B6579626F613A
:10BA880072645F70726F746F636F6C3A2025580A26
:10BA9800006B6579626F6172645F69646C653A20F6
:10BAA80025580A006B65796D61705F636F6E666912
:10BAB800672E6E6B726F3A2025580A0074696D659F
:10BAC800725F72656164333228293A202530346CFC
:10BAD800580A004E4B524F3A206F6E0A004E4B5296
:10BAE8004F3A206F66660A003F004D3E20000A0963
:10BAF8002D2056616C756573202D0A00313A20643B
:10BB0800656C6179282A31306D73293A2000323A00
:10BB180020696E74657276616C286D73293A20000D
:10BB2800333A206D61785F73706565643A2000343C
:10BB38003A2074696D655F746F5F6D61783A2000B3
:10BB4800353A20776865656C5F6D61785F737065FD
:10BB580065643A2000363A20776865656C5F7469D9
:10BB68006D655F746F5F6D61783A2000736574204E
:10BB780064656661756C740A004D25643E20004D4D
:10BB88003E00010203040506070809006D6F75737E
:10BB9800656B6579205B62746E7C782079207620ED
:10BBA800685D287265702F61636C293A205B007CA0
:10BBB800002564005D28002F007267626C69676861
:10BBC800745F636F6E66696720454550524F4D3A02
:10BBD8000A007267626C696768745F636F6E666992
:10BBE800672E656E61626C65203D2025640A0072CF
:10BBF80067686C696768745F636F6E6669672E6DE6
:10BC08006F6465203D2025640A007267626C69676D
:10BC180068745F636F6E6669672E687565203D207E
:10BC280025640A007267626C696768745F636F6E87
:10BC38006669672E736174203D2025640A00726767
:10BC4800626C696768745F636F6E6669672E766198
:10BC58006C203D2025640A007267626C696768740D
:10BC68005F636F6E6669672E7370656564203D203B
:10BC780025640A007267626C69676874207365746A
:10BC8800207370656564205B454550524F4D5D3AA1
:10BC98002025750A007267626C696768742073658D
:10BCA80074207370656564205B4E4F454550524F54
:10BCB8004D5D3A2025750A007267626C6967687481
:10BCC800207261696E626F7720736574206873767D
:10BCD8003A2025642C25642C25642C25750A0072CD
:10BCE80067626C696768742073657420687376206E
:10BCF8005B454550524F4D5D3A2025752C25752CD6
:10BD080025750A007267626C6967687420736574C8
:10BD180020687376205B4E4F454550524F4D5D3A33
:10BD28002025752C25752C25750A007267626C69AB
:10BD38006768742074696D657220656E61626C65F0
:10BD4800642E0A007267626C696768742074696D92
:10BD580065722064697361626C652E0A007267629D
:10BD68006C69676874206D6F6465205B4545505247
:10BD78004F4D5D3A2025750A007267626C696768E5
:10BD880074206D6F6465205B4E4F454550524F4D92
:10BD98005D3A2025750A007267626C6967687420CD
:10BDA800656E61626C65205B454550524F4D5D3A4A
:10BDB800207267626C696768745F636F6E66696733
:10BDC8002E656E61626C65203D2025750A007267DC
:10BDD800626C696768745F696E69742063616C6C12
:10BDE80065642E0A007267626C696768745F696EC1
:10BDF8006974207374617274210A007267626C69D5
:10BE08006768745F696E6974206565636F6E6669DB
:10BE180067206973206E6F7420656E61626C65645B
:10BE28002E0A007267626C696768745F696E69746C
:10BE3800207267626C696768745F636F6E666967B2
:10BE48002E6D6F6465203D20302E20577269746511
:10BE58002064656661756C742076616C7565732005
:10BE6800746F20454550524F4D2E0A007267626C20
:10BE78006967687420656E61626C65205B4E4F452A
:10BE88004550524F4D5D3A207267626C696768741D
:10BE98005F636F6E6669672E656E61626C65203DD3
:10BEA8002025750A007267626C6967687420646986
:10BEB8007361626C65205B454550524F4D5D3A2079
:10BEC8007267626C696768745F636F6E6669672E14
:10BED800656E61626C65203D2025750A0072676297
:10BEE8006C6967687420746F67676C65205B45458B
:10BEF80050524F4D5D3A207267626C696768745F93
:10BF0800636F6E6669672E656E61626C65203D20A1
:10BF180025750A007267626C6967687420646973C2
:10BF280061626C65205B4E4F454550524F4D5D3AFE
:10BF3800207267626C696768745F636F6E666967B1
:10BF48002E656E61626C65203D2025750A001E1401
:10BF58000A05FFAA7F55407F3F1F783C1E643214B4
:10BF680000046432141E0F050001020202020606D4
:10BF7800060909090909090F0F0F0F0F0F151515E4
:10BF880018191919191919191919192324252525E1
:10BF98002525252223252628292A2C2D2F30323302
:10BFA8003536383A3B3D3E4042434547494A4C4E78
:10BFB8005051535557595A5C5E6062646668696BA4
:10BFC8006D6F71737577797B7D7F81838587898AAA
:10BFD8008C8E90929496989A9C9E9FA1A3A5A7A8B0
:10BFE800AAACAEAFB1B3B4B6B8B9BBBCBEBFC1C2E0
:10BFF800C3C5C6C7C9CACBCCCDCED0D1D2D2D3D473
:10C00800D5D6D7D7D8D9D9DADADBDBDBDCDCDCDC90
:10C01800DCDDDDDDDDDCDCDCDCDCDBDBDBDADAD95E
:10C02800D9D8D7D7D6D5D4D3D2D2D1D0CECDCCCBE0
:10C03800CAC9C7C6C5C3C2C1BFBEBCBBB9B8B6B4FE
:10C04800B3B1AFAEACAAA8A7A5A3A19F9E9C9A988E
:10C05800969492908E8C8A89878583817F7D7B795F
:10C06800777573716F6D6B6968666462605E5C5A40
:10C078005957555351504E4C4A4947454342403E03
:10C088003D3B3A3836353332302F2D2C2A29282695
:10C098002523226261636B6C69676874206272652C
:10C0A800617468696E6720656E61626C650A00621A
:10C0B80061636B6C69676874206272656174686932
:10C0C8006E672064697361626C650A006261636B04
:10C0D8006C6967687420627265617468696E67204C
:10C0E800746F67676C653A2025750A006261636B37
:10C0F8006C6967687420696E6372656173653A205C
:10C1080025750A006261636B6C69676874206465F1
:10C118006372656173653A2025750A006261636B15
:10C128006C6967687420656E61626C650A0062619B
:10C13800636B6C696768742064697361626C650A13
:10C14800006261636B6C6967687420746F67676C01
:10C15800653A2025750A006261636B6C69676874CB
:10C1680020737465703A2025750A000000000000ED
:10C1780000000000000001010203040506080A0C83
:10C188000F1114181C2024292E33393F464C535BB9
:10C19800626A7179818A929AA2AAB2B9C1C8CFD5C6
:10C1A800DCE1E7EBF0F4F7FAFCFDFEFFFEFDFCFA3C
:10C1B800F7F4F0EBE7E1DCD5CFC8C1B9B2AAA29A8F
:10C1C800928A8179716A625B534C463F39332E29D2
:10C1D80024201C1814110F0C0A0806050403020178
:10C1E8000100000000000000000000000101010142
:10C1F800010101010102020202020202020203031A
:10C2080003030303030304040404040404050505E9
:10C2180005050606060606070707070708080808AB
:10C22800090909090A0A0A0B0B0B0C0C0C0D0D0D58
:10C238000E0E0E0F0F0F10101111111212131314EE
:10C2480014151516161717181819191A1A1B1B1C66
:10C258001D1D1E1E1F2020212222232424252626C0
:10C26800272829292A2B2C2D2D2E2F3031323233F5
:10C278003435363738393A3B3C3D3E3F40414243FE
:10C288004445464748494A4C4D4E4F5051535455E2
:10C298005658595A5B5D5E5F616264656668696B92
:10C2A8006C6D6F7072737577787A7B7D7E80828310
:10C2B8008587888A8C8E8F91939596989A9C9EA054
:10C2C800A2A3A5A7A9ABADAFB1B3B5B7BABCBEC061
:10C2D800C2C4C6C9CBCDCFD1D4D6D8DBDDDFE2E42A
:10C2E800E7E9EBEEF0F3F5F8FAFDFF6B6579626FBD
:10C2F8006172645F7265706F72743A200025303223
:10C308005820006B6579626F6172645F7365745F52
:10C318006C65643A2000E200E900EA00B500B60066
:10C32800B700CD008301CC008A019201940121025B
:10C33800230224022502260227022A02B300B4009F
:10C348006F0070004F6E6573686F743A2061637494
:10C358006976653A2025640A006164645F6B6579D3
:10C368005F6269743A2063616E2774206164643A7D
:10C3780020253032580A0064656C5F6B65795F620E
:10C3880069743A2063616E27742064656C3A2025CD
:10C398003032580A000000000300000000000000CE
:10C3A8000D7A000800000000080000009C1300201F
:10C3B8000000000002000000000000000300000070
:10C3C80000000000B17D000800000000200000000F
:10C3D800EC13002000000000020000000000000034
:10C3E800917A0008397A0008417C0008117A00081F
:10C3F80055534220636F6E666967757265642E0ACD
:10C40800004B6579626F6172642073746172742E77
:10C418000A005B735D00000043C5000847C50008BB
:10C4280067C50008041E180066C400087FC4000819
:10C438009FC40008B8C4000803C5000881C50008E7
:10C44800A3C50008CFC400084022B62209027B0019
:10C45800040100A0FA0904000001030101000921F8
:10C46800110100012240000705810308000A0904A0
:10C47800010002030000000921110100012222002D
:10C4880007058203200001070503032000010904B2
:10C498000200010300000009211101000122B60079
:10C4A8000705840320000A090403000203000000B2
:10C4B800092111010001222200070585032000013E
:10C4C800070506032000010631FF0974A10109755B
:10C4D800150026FF009520750881020976150026AB
:10C4E800FF00952075089102C0120110010000009C
:10C4F800404C4D028801000102000105010906A116
:10C5080001050719E029E71500250195087501813E
:10C51800029501750881010507190029FF150026F4
:10C52800FF0095067508810005081901290595057C
:10C5380075019102950175039101C0040309041E58
:10C54800035400650061006D002E004D0065006316
:10C558000068006C006F00760069006E000000182B
:10C568000349006E00660069006E00690074007976
:10C578000020003800380000000660FF0961A101B2
:10C588000962150026FF00952075088102096315C8
:10C598000026FF00952075089102C005010902A137
:10C5A8000185020901A100050919012908150025BD
:10C5B80001950875018102050109300931158125A8
:10C5C8007F95027508810609381581257F950175C3
:10C5D800088106050C0A38021581257F9501750822
:10C5E8008106C0C005010980A101850319012AB788
:10C5F80000150126B700950175108100C0050C09CA
:10C6080001A101850419012AA002150126A002959D
:10C618000175108100C005010906A10185050507FE
:10C6280019E029E71500250195087501810205071C
:10C63800190029EF1500250195F0750181020508FB
:10C648001901290595057501910295017503910157
:10C65800C0000000000000009D8200088D820008D4
:10C66800BD820008AD820008B7820008A7820008D2
:10C6780097820008878200080000000078CD000833
:10C68800F0210020F0210020F021002078CD0008C2
:10C6980000000000000000000000000078CD000845
:10C6A80000000000000000000000000078CD000835
:10C6B80000000000000000000000000078CD000825
:10C6C80000000010000000100000001078CD0008E5
:10C6D80000000000000000000000000078CD000805
:10C6E80000000000000000000000000078CD0008F5
:10C6F80000000000000000000000000069646C6594
:10C708000000000004C70008501D0020B01E0020D3
:10C718000100000061860008000000007374616376
:10C728006B206F766572666C6F7700006D61696E5D
:10C7380000164230040444080C1014181C2021224E
:10C74800000000000100000000740040000000002C
:10C75800000000000000FFFF09000000BE200000EC
:10C768000A000000007400400300000010000000F0
:10C77800FFFF00000A000000BE2000000A000000C1
:10C788000000024008000240010000000000000B09
:10C79800000002401C000240020000000004010CDE
:10C7A8000000024030000240040000000008020DB2
:10C7B800000002404400024008000000000C030E84
:10C7C8000000024058000240100000000010040F52
:10C7D800000002406C000240200000000014051018
:10C7E80000000240800002404000000000180611CE
:10C7F80000040240080402408000000000000738DE
:10C80800000402401C040240000100000004083932
:10C818000004024030040240000200000008093A07
:10C82800000402404404024000040000000C0A3BDB
:10C8380000040240580402400008000000100B3CAD
:10C8480000000000FD940008A5970008579800080C
:10C8580040004000881400208814002001000000D7
:10C868009C14002000A8802A0000000000FCC03CA6
:10C8780054111564FFFF00000000505500E00E0041
:10C8880080A00000C0000000C0F00000150555554C
:10C89800FFFF00000000004400000000000A000044
:10C8A80000000000000000F055555505FFFF00008E
:10C8B80000007700000000000000000000000000F9
:10C8C8000000000055555555FFFF0000000000000E
:10C8D800000000004000555500000000C000FFFFA8
:10C8E80015551501FF0000000000000000000000C1
:10C8F80000000000000000000F00000050555555D2
:10C90800FFFF000000000000000000005245454EF7
:10C9180054206D616C6C6F63207375636365656427
:10C92800656400002E2E2F2E2E2F2E2E2F2E2E2F0A
:10C938002E2E2F2E2E2F2E2E2F2E2E2F6E65776C0D
:10C9480069622F6C6962632F7374646C69622F72F9
:10C95800616E642E630000002C2066756E63746936
:10C968006F6E3A2000000000617373657274696F1E
:10C978006E2022257322206661696C65643A206600
:10C98800696C6520222573222C206C696E65202530
:10C9980064257325730A0000232D302B2000000026
:10C9A800686C4C0065666745464700003031323395
:10C9B8003435363738394142434445460000000093
:10C9C80030313233343536373839616263646566FD
:04C9D800000000005B
:08C9DC00E839FF7F01000000B3
:10C9E400040C00200000000000AF0008E0AE0008C6
:10C9F400C0AE0008000000000000000000000000BD
:10CA04000000000000000000000000000000000022
:10CA14000000000000000000000000000000000012
:10CA24000000000000000000000000000000000002
:10CA340000000000000000000000000000000000F2
:10CA4400000000001E320A141E64082802010100BE
:10CA54001A001A1A01191A1B1C1D1E1F2021220656
:10CA6400FFFF0000000100000000000000000000C3
:10CA740000000000000000000000000000000000B2
:10CA840000000000000000000000000000000000A2
:10CA94000000000000000000000000000000000092
:10CAA4000000000029110020C179000804000000E2
:10CAB400040000000000000000000000000000006E
:10CAC4000000000000000000000000000000000062
:10CAD4000000000000000000000000000000000052
:10CAE4000000000000000000000000000000000042
:10CAF4000300000000000000AB84000800000000F8
:10CB040020000000000000000000000002000000FF
:10CB1400000000000300000000000000000000000E
:10CB24001F85000800002000000000000000000035
:10CB340002000000000000000300000000000000EC
:10CB44005D850008000000000800000000000000EF
:10CB5400000000000200000000000000642100202A
:10CB6400050600000400000004000000200000008E
:10CB7400200000000100000054110020E4110020F6
:10CB840000000000000000000000000000000000A1
:10CB94000000000000000000000000000000000091
:10CBA4000000000000000000000000000000000081
:10CBB4000000000000000000000000000000000071
:10CBC4000000000000000000000000000000000061
:10CBD4000000000000000000000000000000000051
:10CBE4000000000000000000000000000000000041
:10CBF4000000000000000000000000000000000031
:10CC04000400000004000000000000000000000018
:10CC14000000000000000000000000000000000010
:10CC24000000000000000000000000000000000000
:10CC340000000000000000000000000000000000F0
:10CC4400000000000300000000000000AB840008A6
:10CC540000000000200000000000000000000000B0
:10CC640002000000000000000300000000000000BB
:10CC7400000000001F8500080000200000000000E4
:10CC8400000000000200000000000000030000009B
:10CC9400000000005D85000800000000080000009E
:10CCA400000000000000000002000000000000007E
:10CCB40064210020020300000400000004000000BE
:10CCC400200000002000000000000000741200207A
:10CCD4000413002000000000000000000000000019
:10CCE4000000000000000000000000000000000040
:10CCF4000000000000000000000000000000000030
:10CD0400000000000000000000000000000000001F
:10CD1400000000000000000000000000000000000F
:10CD240000000000000000000000000000000000FF
:10CD340000000000000000000000000000000000EF
:10CD440000000000000000000000000000000000DF
:10CD54000000000001000000057F0008117F0008AA
:10CD6400AD7F0008F97F00082D80000800960000C0
:04CD740000000800B3
:040000050800035993
:00000001FF
