:020000040800F2
:1000000000040020510300085303000853030008B4
:100010005303000853030008530300085303000868
:10002000530300085303000853030008A5600008A9
:100030005303000853030008530300085303000848
:100040005303000853030008530300085303000838
:10005000530300085303000865600008216000088E
:10006000DD5F0008995F0008555F00081D5D00080E
:10007000095D0008F55C0008E15C0008CD5C000843
:10008000B95C0008A55C000853030008530300088E
:100090005303000853030008530300086D5E000873
:1000A0003D5D0008355D0008395D0008315D0008E0
:1000B000D1590008815900086D5900080D5B0008EE
:1000C000755A00085303000853030008530300083F
:1000D00053030008530300085303000853030008A8
:1000E000515D000853030008530300085303000840
:1000F00095590008530300085303000853030008F0
:100100005303000853030008530300085303000877
:100110005303000853030008BD590008A9590008FB
:10012000915C00087D5C0008695C0008555C000873
:10013000415C000853030008530300085303000800
:100140005303000853030008530300085303000837
:100150005303000853030008530300085303000827
:1001600053030008530300085303000869560008AE
:100170005303000853030008530300085303000807
:1001800053030008530300085303000853030008F7
:1001900053030008530300085303000853030008E7
:0801A00011020008E90100084A
:1001A8000348044B834202D0034B03B118477047FE
:1001B800140F0020140F0020000000000548064915
:1001C8000B1AD90F01EBA301491002D0034B03B15D
:1001D80018477047140F0020140F0020000000007B
:1001E80010B5064C237843B9FFF7DAFF044B13B177
:1001F8000448AFF300800123237010BD180F0020BE
:1002080000000000148B000808B5044B1BB104491A
:100218000448AFF30080BDE80840CFE700000000C5
:100228001C0F0020148B000872B6394880F3088828
:10023800384880F3098838484EF60851CEF2000154
:10024800086040F20000CCF200004EF63471CEF2A5
:1002580000010860BFF34F8FBFF36F8F40F20000BB
:10026800C0F2F0004EF68851CEF200010860BFF3EC
:100278004F8FBFF36F8F4FF00000E1EE100A4EF67C
:100288003C71CEF200010860062080F31488BFF3A9
:100298006F8F05F08BFF07F025F94FF055301F4998
:1002A8001B4A91423CBF41F8040BFAE71C49194A22
:1002B80091423CBF41F8040BFAE71A491A4A1B4B12
:1002C8009A423EBF51F8040B42F8040BF8E70020AD
:1002D8001749184A91423CBF41F8040BFAE705F068
:1002E8003DFF05F062FF144C144DAC4203DA54F89C
:1002F800041B8847F9E705F05BFF114C114DAC4230
:1003080003DA54F8041B8847F9E705F04DBF0000ED
:1003180000040020000C002000000008000000205D
:1003280000040020148B0008000C0020140F00208B
:10033800180F002074200020A0010008A401000864
:10034800A4010008A80100086EE700F000F8FEE725
:100358002DE9F04F2DED108AC1F80CD0C3689D46E9
:10036800BDEC108ABDE8F08F002383F3118828467E
:10037800A047002005F0A2FEFEE705F0C3FE00DF5F
:10038800FEE70000F0B4860746D0541E002A3CD091
:10039800CAB2034602E014F1FF3436D303F8012B46
:1003A8009D07F8D1032C29D9CDB245EA05250F2C94
:1003B80045EA054533D9A4F11006360903F12007AB
:1003C80007EB061703F1100242E9045542E902550A
:1003D8001032BA42F8D1721C14F00C0F03EB02125F
:1003E80004F00F0613D0331F23F003030433134420
:1003F80042F8045B9342FBD106F003042CB1C9B266
:100408001C4403F8011B9C42FBD1F0BC70473446E6
:100418001346002CF3D1F8E714460346C2E71A4600
:100428002646E0E7844641EA000313F003036DD152
:10043800403A41D351F8043B40F8043B51F8043B9F
:1004480040F8043B51F8043B40F8043B51F8043BA6
:1004580040F8043B51F8043B40F8043B51F8043B96
:1004680040F8043B51F8043B40F8043B51F8043B86
:1004780040F8043B51F8043B40F8043B51F8043B76
:1004880040F8043B51F8043B40F8043B51F8043B66
:1004980040F8043B51F8043B40F8043B51F8043B56
:1004A80040F8043B51F8043B40F8043B51F8043B46
:1004B80040F8043B403ABDD2303211D351F8043BE6
:1004C80040F8043B51F8043B40F8043B51F8043B26
:1004D80040F8043B51F8043B40F8043B103AEDD295
:1004E8000C3205D351F8043B40F8043B043AF9D2E6
:1004F800043208D0D2071CBF11F8013B00F8013BB9
:1005080001D30B8803806046704700BF082A13D3C5
:100518008B078DD010F003038AD0C3F10403D21ADD
:10052800DB071CBF11F8013B00F8013B80D331F811
:10053800023B20F8023B7BE7043AD9D3013A11F891
:10054800013B00F8013BF9D20B7803704B784370FC
:100558008B7883706046704753B94AB9002908BF41
:1005680000281CBF4FF0FF314FF0FF3000F06EB98C
:10057800ADF1080C6DE904CE00F006F8DDF804E0F2
:10058800DDE9022304B070472DE9F047089D0446D1
:100598008C46002B40F083808A42174647D9B2FA2E
:1005A80082F242B1C2F1200024FA00F09140974053
:1005B80040EA010C94404FEA1748230CBCFBF8F6BC
:1005C8001FFA87FE08FB16C143EA014306FB0EF13A
:1005D800994209D9FB1806F1FF3080F01981994238
:1005E80040F21681023E3B445B1AA4B2B3FBF8F01A
:1005F80008FB103344EA034400FB0EFEA64509D964
:100608003C1900F1FF3380F00581A64540F20281D4
:1006180002383C4440EA0640A4EB0E0400261DB113
:10062800D4400023C5E900433146BDE8F08702B94C
:10063800FFDEB2FA82F2002A50D1CB1B4FEA174EE6
:100648001FFA87F80126B3FBFEFC210C0EFB1C33B6
:1006580041EA034108FB0CF38B4207D979180CF1E6
:10066800FF3002D28B4200F2E9808446C91AA3B255
:10067800B1FBFEF00EFB101143EA014408FB00F841
:10068800A04507D93C1900F1FF3302D2A04500F27A
:10069800D9801846A4EB080440EA0C40BFE78B4217
:1006A80009D9002D00F0B1800026C5E900013046C7
:1006B8003146BDE8F087B3FA83F6002E4AD18B4263
:1006C80002D3824200F2B880841A61EB0301012050
:1006D8008C46002DA8D0C5E9004CA5E7C2F120033F
:1006E80020FA03F6974001FA02F04FEA174ED94074
:1006F8003043030CB1FBFEF61FFA87F80EFB161108
:1007080043EA014306FB08F1994204FA02F409D9C5
:10071800FB1806F1FF3C80F08D80994240F28A80F8
:10072800023E3B445B1A81B2B3FBFEF00EFB103372
:1007380041EA034100FB08F38B4207D9791800F11D
:10074800FF3C73D28B4271D902383944CB1A40EA44
:10075800064678E7C6F1200C03FA06F422FA0CF3F1
:100768001C4320FA0CF701FA06F34FEA144E21FA5B
:100778000CF11F433B0CB1FBFEF91FFA84F80EFB8A
:10078800191143EA014109FB08FA8A4502FA06F2FF
:1007980000FA06F308D9611809F1FF3048D28A45F2
:1007A80046D9A9F102092144A1EB0A01BFB2B1FB64
:1007B800FEF00EFB101147EA014700FB08F8B845A8
:1007C80007D9E71900F1FF312ED2B8452CD90238E4
:1007D800274440EA0940A7EB0807A0FB02894F45D8
:1007E800C64649461AD317D05DB1B3EB0E0267EB84
:1007F800010707FA0CFCF2404CEA0202F740C5E98F
:10080800002700263146BDE8F0872E4628460BE72C
:100818000646E9E61846FDE64345E5D2B8EB020E82
:1008280069EB04010138DFE70846D2E760468DE747
:100838008146B9E7664675E730464AE7ACF1020CEF
:10084800394413E702383C4424E700BF704700BF2F
:100858002DE9F04F8BB0814616469DF850E015986B
:10086800DDE917521C460BB922F0100212F4806A17
:1008780000D00CB312F0200F27460DF108084FF0F6
:10088800000414BF4FF0370B4FF0570BB7FBF0FCC9
:1008980000FB1C7C5FFA8CF3BCF1090F94BF30336A
:1008A8005B44DBB2874208F8013BB7FBF0F304F185
:1008B800010401D3202C10D112F0020B1ED102F03A
:1008C80001033DB133B1BEF1000F02D112F00C0F9C
:1008D80000D0013D4FF0300C05E01F46D6E702AFCF
:1008E80007F804C00134169FA74201D9202CF6D17D
:1008F80030271BB1A54201D91F2C4AD9D70620D5CC
:10090800BAF1000F4CD1002C4AD0169BA34201D05B
:10091800AC4245D1631E42D010284BD1023C93060D
:100928004AD41F2C18D80AAB2344782003F8200C8B
:1009380001341F2C10D80AAB2344302003F8200CB4
:1009480001341F2C08D8BEF1000F3BD00AAB23445A
:100958002D2003F8200C0134930750D03746A246C7
:1009680004EB0708A8EB0A02BAF1000F4BD1BBF160
:10097800000F0AD0A8EB06073C46AC4206EB04027F
:100988004CD32E44BD4228BFB04640460BB0BDE80C
:10099800F08F0DF1080C0CF804700134A9E71C461F
:1009A8001028BCD00228C4D11F2CD5D80AAB2344A8
:1009B8006220BBE71C46F5E71F2CCDD80AAB2344C1
:1009C8005820B3E7570703D50AAB23442B20C0E7C9
:1009D8001007C1D50AAB23442020BAE74FF0FF33F4
:1009E80020200191C84701990137BD4208EB070251
:1009F800F4D82F1BA54238BF00273744AFE7274656
:100A0800A6EB0408F1E70AF1FF3A02A84FF0FF331A
:100A180010F80A000191C8470199A1E74FF0FF3388
:100A2800202001910134C8470199A6E70D498B6A36
:100A38005B6830B50C6B58684B6862689B68FF2828
:100A480088BFFF2022F0FF7243EA004322F480327D
:100A580094BF00254FF0807513432B4343F4806304
:100A6800636030BDD41700204B6843608B68836097
:100A7800CB68C3600B6943614B6903628B6943624E
:100A88000B6803607047000000EB810370B5DD68F8
:100A98002B6803F00303032B5AD0002B0CBF4FF431
:100AA800007300232F4A146D6A6904F1804404F529
:100AB800C04404EB01146AB1002262602A8AD0F8AB
:100AC8008460013222F001023244C0F8842043F0ED
:100AD80020032660AA69C2B16D8A3E2D05F1FF3256
:100AE80039D942F01F02204E0132521146EA8222C1
:100AF80092B2E260D0F88420013525F00105154452
:100B0800C0F8845043F40053A2608A0002F1804286
:100B180002F5B84210684404106848BF43F48043A3
:100B2800400648BF43F04003194321F4784148F296
:100B3800800021F0F001014323F4F163116023F0F8
:100B4800070311685B045B0C4B400343136070BDE3
:100B58004FF4C063A6E742F001020132520202F4E8
:100B68007C42C6E7005C00400080FFFF0B4B0C484E
:100B78000021802219655964DA644268D2688A4281
:100B88000CBF4FF41C424FF41E421A644023C0F8B5
:100B98008430044BC360FFF777BF00BF005C0040A0
:100BA80070180020F08500080E4BDA6942F4000244
:100BB800DA610D4ADB69012313640C4BD02183F8F9
:100BC8004A134FF48061C3F888119960E02183F8D3
:100BD8004B134FF40061C3F8881199600023136424
:100BE800FFF7C4BF00100240005C004000E100E0D5
:100BF8000C4B1B6D03F1804303F5C04303EB00105E
:100C080011440368426003F1005303F540535B004D
:100C1800002AA1EB020000DC7047008843F8040BAF
:100C2800023AF5E7005C0040836970B51A69DD682F
:100C38001540EAB2D243AE0704461A6103D54368A9
:100C48001B6903B19847680704D563689B690BB1B2
:100C580020469847290704D563681B6A0BB12046CC
:100C68009847EA0604D563689B6A0BB12046984703
:100C7800EB0706D563689B681BB12046BDE870404A
:100C8800184770BDC3681969DA680A40D1B2C94308
:100C9800D20719610FD50278042A08D102220270FE
:100CA80000221A601A61DA6822F0FF02DA604368EB
:100CB8005B6803B1184770472DE9F74FD30902F075
:100CC8000308C2F3411E0193474600224FF0010971
:100CD8004FF0030A4FF00F0BCB0732D5019C02F0FF
:100CE80007039B0004FA03FC446809FA02F524EAA6
:100CF80005044460856856000AFA06F625EA0605E2
:100D08008560C56825EA060545EA0E050BFA03F372
:100D1800B8F1020F6FEA0604C5606FEA030317D142
:100D2800072A95BF056A456A2B402B4095BF43EAC1
:100D38000C0343EA0C030362436203681C403C4310
:100D48000460490816D04FEA8E0EBF000132C3E78F
:100D580005682C403C43072A046095BF046A446A2E
:100D68002340234095BF43EA0C0343EA0C03036284
:100D78004362E6E703B0BDE8F08F000010B40468F2
:100D8800437B21684268D940126801F00E010A428B
:100D98000FD0827B01FA03F363600132064B53F8EC
:100DA800324034B103EBC203586823465DF8044B64
:100DB80018475DF8044B7047701E002038B50C4684
:100DC800012511460289A5401543058100EB8400E1
:100DD8000025C2685069128A03609A4228BF1A46E1
:100DE80081604560C56002612046A40004F180442A
:100DF80004F5B844FFF7FCFE236823F4F04323F01E
:100E0800400383F0300343F4004343F0800323603E
:100E180038BD000010B590F86430142B044636D065
:100E280024D8062B05D001D81BB110BD093B022BD5
:100E3800FBD81D490B6823F4F04323F0400383F0EB
:100E4800100248F2800002430A600B6823F49043C2
:100E580023F0700383F4805303430B6063681B68BB
:100E680013B1062120469847062319E0152BDCD13B
:100E78000B2380F86430202383F3118800231A465B
:100E88001946FFF79BFF002383F31188CDE7C3685A
:100E98009B695B68002BC8D1036F03B19847002397
:100EA80084F86430C1E700BF005C004070B5468933
:100EB800012404FA01F53543458100EB8100C5683A
:100EC800A8698260002203604260C2602BB16A8A0E
:100ED800013B1344B3FBF2F39CB2890001F180415A
:100EE80001F5B84104820B6823F4904323F07003A2
:100EF80083F4405343F4004343F080030B6070BD18
:100F080038B590F864300446002B42D0063BDAB27C
:100F18000F2A38D80F2B36D8DFE803F03B353508D1
:100F2800263635353535353535353B3B90F87B102C
:100F380090F87A20C36E42EA0122934214D2C26822
:100F4800128AB3FBF2F502FB15356DB9202383F342
:100F580011882B462A462946FFF730FF85F311886A
:100F68000A2384F864300EE0142384F864302023C4
:100F780083F3118800231A4619462046FFF796FF87
:100F8800002383F3118838BD036F03B1984700230A
:100F9800E7E70E490B6823F4F04323F0400383F09E
:100FA800100248F2800002430A600B6823F4904361
:100FB80023F0700383F4805303430B6063681B685A
:100FC80013B10621204698470623CAE7005C004073
:100FD80090F87630074A80F87E3043F0800310B5E9
:100FE800D36443681B6804460BB101219847032367
:100FF800237010BD005C004003691960C268013AA3
:10100800C260C269134482690361934224BF436A80
:10101800036100238362036B03B118477047D0E96B
:1010280004239A4201D1C26822B9184650F8043BF9
:101038000B60704700207047C368C269013BC360FA
:101048004369134482694361934224BF436A4361FD
:1010580000238362036B03B118477047202383F38F
:101068001188104B5B6813F4006317D0F1EE103A47
:10107800EFF30983683B4FF08072DA610A4AD2685D
:101088001A6683F30988094A11689269896892681F
:1010980091428CBF064A074A9A61704783F31188C8
:1010A800704700BF00ED00E030EF00E05C1C00205E
:1010B80083030008860300080D4A0E4B516FC2686F
:1010C8005B68013230B5C260D0E9044582685B1ABA
:1010D8009B1A42688360E41845F100059342026850
:1010E80088BF43609342C0E9044538BF036030BD00
:1010F8005C1C0020001000E0014B5B6883607047B7
:10110800001000E0002380F820308268054B1B683F
:1011180099689142FBD25A68036042601060586037
:10112800704700BF5C1C0020F8B5046805460E46F1
:101138000027AC4200D1F8BDE3683343E36023697C
:101148001E420BD0D4E90103426B134390F82020D0
:1011580043630A2A04D1426A134207D12468E8E7A4
:101168000B2AFBD1426A32EA0303F7D14762FFF741
:10117800C9FFF3E738B504460D462068844200D11C
:1011880038BD036823605C604562FFF7BBFFF4E786
:1011980003682BB10022026059621846FFF7B2BFFC
:1011A80070470000F8B590F86430044613B1002386
:1011B80080F86430BF4B1B6D03F1804303F5C043D7
:1011C80003EB011104F174008B6803F1005303F57C
:1011D80040535B0003F1100219460433096820F8F4
:1011E800021B9342F8D163689B681BBB94F8743068
:1011F80013F0600546D0AF490B6823F4F04323F0A1
:10120800400383F0100248F2800002430A600B6832
:1012180023F4904323F0700383F4805303430B605B
:1012280063681B6813B1062120469847062384F893
:101238006430F8BD204698470028D7D094F87B2022
:1012480094F87A3043EA0223E26E9A4288BFE36652
:1012580094F97430E56E002B4FF0200380F264811E
:10126800002D00F05381092284F8642083F311884B
:101278000021D4E91A232046FFF7A0FD002383F3B9
:101288001188D6E794F8752003F07F0343EA022318
:1012980040F20232934200F0178121D8B3F5807FE3
:1012A8004ED00DD8012B45D0022B00F0B680002B74
:1012B800A1D104F17C02A2660222E2662367BDE79F
:1012C800B3F5817F00F0C380B3F5407F93D194F8E4
:1012D8007630012B8FD1B4F87C3043F0020338E02C
:1012E800B3F5006F3FD01DD8B3F5A06F37D0A3F585
:1012F800C063012B3FF67FAF94F87920616894F8BA
:1013080078304E6894F8771043EA0223204694F820
:101318007620B04700283FF46EAF4368A3660368A1
:10132800E3661AE0B3F5106F22D040F6024293420A
:101338007FF461AF604BA3660223E3660023BDE739
:1013480094F87630012B7FF456AFB4F87C3023F054
:101358000203C4E91A55A4F87C3025676EE7C4E98E
:101368001A55564BAAE704F17F03A3660123D7E772
:101378002378042B40D1202383F31188A36803F03A
:101388000113A36004F1100604F12C0756F8043B7E
:101398007BB1586920B16FF001010C30FFF7F8FEFE
:1013A80056F8043C986920B16FF001010C30FFF742
:1013B800EFFEB74246F8045CE8D14023C4F8843015
:1013C800012248F28000930003F1804303F5B843FB
:1013D80001321968082A41EA000119601860F2D13F
:1013E800002383F31188032184F87F306368217018
:1013F8001B680BB12046984794F876304BB184F8B7
:101408007F300423237063681B6813B102212046D0
:1014180098470023C4E91A3350E794F8783003F06A
:101428000F0213F0800F234B53F8223008D013F02B
:1014380030033FF4E0AE102B14BF214B214B7AE769
:1014480013F440533FF4D7AEB3F5805FF4E794F854
:101458007630002B7FF4CFAE94F8782012F00F038B
:10146800D7D01BB29B0003F1804303F5B84312F0B9
:10147800800F1A680DD002F03002302AC9D01A68DD
:1014880022F4F04222F0400282F0200242F40042AC
:101498000BE002F44052B2F5405FBAD01A6822F469
:1014A800F04222F0400242F4204242F080021A60E8
:1014B800AFE700BF005C0040088B0008D90F0008A8
:1014C8003C840008BC86000894F87630002B7FF432
:1014D80092AE94F8782012F00F039AD01BB29B00BA
:1014E80003F1804303F5B84312F0800F1A6806D061
:1014F80022F4F04222F0400282F01002C6E722F401
:10150800904222F0700282F48052BFE7142284F8DD
:10151800642083F311882B462A4629462046FFF784
:10152800C5FC85F3118884E65DB1152284F8642032
:1015380083F311880021D4E91A232046FFF7B6FC6B
:101548009CE60B2284F8642083F311882B462A46F4
:1015580029462046FFF732FCE3E700BF08B5202301
:1015680083F3118890F820200023072A07D8DFE8A2
:1015780002F00C060604130F0613426A13604FF0BC
:10158800FF334362FFF7BEFD002383F3118808BDD4
:10159800426A936801339360D0E9003213605A605D
:1015A800EDE700001A4902680B4610B553F81C4FC6
:1015B80084420DD041680A60026851609A424FF037
:1015C8000001C16003D0936881680B44936010BD2B
:1015D80000209A42CA615360E06003D14FF0804313
:1015E800D860F4E79368A068896A034493604FF071
:1015F8008042526A501A8342E9D98A1A1A44012A47
:1016080098BF831C4FF080420B445363DFE700BF51
:101618005C1C0020C0E90323294A2DE9F041144647
:10162800022954F81C3F4FF0804738BF0221A342DB
:101638007E6A9446A6460DD1C2E907009662C0E9C3
:10164800003381600023314479633B610223FB60EE
:10165800BDE8F081956A741B09190A4626D31A4613
:101668004FF0000803E0C2F808801268E41B97688E
:10167800BC42F8D8724505EB040818BF3C1BCCF8EF
:10168800288018BF9460AA1B0A449968914213D312
:1016980059680360416008605860826099688A1AD6
:1016A8009A604FF0FF33CCF82430D1E799688A422A
:1016B800EBD215447D63E8E71B68521AE5E700BFE3
:1016C8005C1C002013B504460748C2680B461AB1D3
:1016D8000191FFF767FF019B044A0348214602B0C6
:1016E800BDE81040FFF796BF241F0020B919000875
:1016F800FEE7000030B5202383F31188094C6568A4
:101708002368281A49420840821A9A424FF0000377
:1017180005D3954203D3626083F3118830BD184620
:10172800FAE700BF381E00207047704700EB8103BE
:101738002DE9F3419C6A05460E46002C33D0202340
:1017480083F3118805EB86080821201DFFF7ECFCC0
:10175800D8F80C305B691B6804F14407ABB1236D02
:10176800226E606C01332365A36D1344E26DA3659B
:10177800934224BFA36EA365B84206D0036863648E
:101788005F6000234362FFF7BDFC01A93846FFF7FD
:1017980046FC024650B1019B31462846FFF70EFB36
:1017A800002383F3118802B0BDE8F081D8F80C302B
:1017B8005A691268002AF3D01B8A013B1342EFD101
:1017C800E36F1B7E002BEBD105F17402E4E713B540
:1017D800446BE36F1A681178042915D1217A02291C
:1017E80012D11979128901238B4013420CD101A916
:1017F80004F14400FFF713FC024628B1E46F019B93
:1018080021792068FFF7DAFA02B010BD38B5C16F48
:101818000C682378042B18D1037A022B15D10A7986
:101828006589012303FA02F22A420ED1D0E907257D
:10183800AA4201D1856955B9836A49792046043B92
:101848000432FFF733FB002038BD0120FCE71846BF
:10185800FAE7113110B550F82140002C2DD0202383
:1018680083F3118804216018FFF75EFCE26FE068DB
:101878001368527903EB820304F10C01DB689B695E
:101888005A68E3691A60A2690132A261A26A134424
:10189800626AE361934224BF236BE361814206D00D
:1018A8000368E360596000234362FFF72BFC20467E
:1018B800FFF7ACFF002383F3118810BD406BFFF7DF
:1018C800A5BF0000202383F31188074BDA6822F0B4
:1018D8000402DA609B690021D963DA6822F0080201
:1018E800DA6081F3118870470818002080B2400040
:1018F80000F1006000F578300078704737B50C4C7F
:101908008DF8070023780B48002B50F8D43F4FF090
:101918000102DD690DF107010CBF4FF4FA730023D2
:10192800A847B0FA80F35B0940B2237003B030BD1A
:101938002E200020140C002013B5202383F31188D7
:10194800094C2178042904D0002383F3118802B0BC
:1019580010BDADF80500032301AA20468DF8041038
:10196800FFF72CFAF0E700BF7018002013B520230A
:1019780083F31188094C2178042904D0002383F3C8
:10198800118802B010BD0323ADF8050001AA204656
:101998008DF80430FFF712FAF0E700BF7018002046
:1019A80070470000014B1878704700BF381F0020AF
:1019B80070B52023064683F311880378042B03D0DF
:1019C800002383F3118870BD144B1B78DB09F7D112
:1019D800134C2278002AF3D0124B1B78002BEFD03F
:1019E80003899B0704D4104A08230121FFF7E6F96D
:1019F8000E4B247840F2E730A4FB034520184FF043
:101A080000014FF47A724FF0000345EB0101FEF735
:101A1800A3FD31468000FFF755FED1E75A1F00208D
:101A2800201F0020C00E0020391F0020A0860100C2
:101A3800F8B590F8743003F07F02212A044672D179
:101A480013F0800F90F875001FD0022817D00328D4
:101A58000BD0012867D194F87830002B56D14D4A25
:101A6800A2662022E266236708E0B4F87820002AFC
:101A780059D10120C4E91B02474BA366F8BD474B67
:101A8800A3660120E0660023EDE70A2842D00B2870
:101A98000ED0092847D194F8782012F0FD0F42D1D2
:101AA8003F4BA3660223E3663E4B23670120E5E72D
:101AB800B4F8783053BB94F87650374B002D14BFE8
:101AC800012100211970384B1A7861F3C7121A7076
:101AD8001CD1324B1A78CAB1202282F311881E78A1
:101AE800324B40F2E730A6FB036730184FF0000195
:101AF8004FF47A724FF0000347EB0101FEF72CFD1B
:101B080021468000FFF7DEFD85F311880023C4E934
:101B18001A33CAE72449214B0D7894F877201A70B4
:101B2800ED09F3D1D7E7B4F8741040F2816291421D
:101B380008D01F4A92F8B610D1B992F80A22BAB959
:101B480000209BE794F87920616894F878304D6814
:101B580094F8771043EA0223204694F87620A847A1
:101B68000028EDD04368A3660368E36600239CE77A
:101B780003F06003202BE3D194F87530212B05D8AE
:101B88001F2BDDD90B4BA3660723EEE7222BBDD015
:101B9800D6E700BF391F0020C00E0020201F0020FC
:101BA800CC1F0020C11B00085A1F0020A08601007E
:101BB800140C0020C10E002090F87A10074A022960
:101BC800137807D103F0FB03012B05D1044B52789E
:101BD8001A707047024A1370704700BFCC1F00206C
:101BE800381F002010B5084A084C117824784B1C7F
:101BF80003F00F039C421DBF054C13706054002076
:101C080018BF012010BD00BF081F0020091F0020B9
:101C1800F81E002042EA0122100A032811B214D04B
:101C28000CD8012828D002280CD1154A7B23154846
:101C3800002AC0E9003208BF1046704721280DD09D
:101C4800222812D000231A46F1E7CBB2022BF9D88A
:101C58000D4A0E4952F82320CB5CE8E7032BF1D854
:101C68000B4A52F823200923E1E7032BEAD8094A53
:101C7800094952F82320EFE7084A1223D7E700BFA3
:101C88006C810008681E0020008100080C81000893
:101C980010810008208100085E8100080982000880
:101CA8000020704710B1024B1B681847704700BFEF
:101CB800BC0E0020074B084A1A60BFF34F8F074934
:101CC800074BCA6802F4E0621343CB60BFF34F8F3F
:101CD80000BFFDE7FC9F0020EFBEADDE00ED00E099
:101CE8000400FA0538B5202383F311884FF08043A8
:101CF800596A002383F31188074B084C1B68084A6C
:101D0800C91A4FF47A700025E0FB014500232046EC
:101D18002946FEF721FC38BDC41F00209F8601001C
:101D2800A0860100024B1A780AB100221A70704787
:101D3800A71F0020C0F3072303EB031313B553FABF
:101D480080F00B4900F00704C0F3C40000EB8000EA
:101D580000220144104611F8013BE34003F001035F
:101D6800934001321843052AC0B2F4D102B010BD25
:101D7800E41F0020C0F3072303EB031337B553FA1E
:101D880080F000F0070301229A40C0F3C4000A4B18
:101D980000EB8000D2B218440024057821FA04F33D
:101DA80043F300036B40134001346B40052C00F8EB
:101DB800013BF2D103B030BDE41F0020054B064AB9
:101DC8001B7812789A4200D17047013303F0070359
:101DD800F8E700BF7120002070200020054A118814
:101DE800814205D0044B10801B680BB11B69184752
:101DF800704700BF5C1F0020D81E0020054A1188CC
:101E0800814205D0044B10801B680BB1DB68184772
:101E1800704700BF5E1F0020D81E0020024B1868C4
:101E280008B1036818477047D81E002008B552004B
:101E3800222303FB0121CC2202FB001101F1270020
:101E4800FFF754FD030201F128009BB2FFF74EFD96
:101E5800184380B208BD82B00328ADF804100AD830
:101E68009DF80510052906D89DF80420102A02D8E7
:101E780002B0FFF7DBBF002002B0704723490B8890
:101E880010B55A1C4FF4C064B2FBF4F304FB1323DF
:101E98009BB20C220B80B3FBF2F31D4AD35C0322E6
:101EA8001B02B3FBF2F21B4B1B78DB0813FB02F39C
:101EB8009BB241F27B42934216D80922B3FBF2F35C
:101EC800202282F31188C26842F00402C260124ADA
:101ED800926853434FF6FF72B3FBF2F38269D36300
:101EE800002383F3118810BD03F5235336330B4ABF
:101EF8001B02B3FBF2F303FB03F253431B0AB3F5D4
:101F0800803F14BF9BB24FF6FF73D9E75A1C0020DD
:101F1800DE840008581C002008180020F52801005D
:101F28000A4B0B4A9A60202383F31188094B9A695C
:101F3800D368D9075FBF43F001036FF00101116156
:101F4800D360002383F31188704700BFD00E0020B0
:101F5800851E000808180020032802D810B9FFF7CA
:101F6800B1BC0320C0EB00400323B0FBF3F303F53F
:101F7800235336330F4A10491B02B3FBF2F303FB1A
:101F880003F253434FF6FF708A681B0AB3F5803F8C
:101F980008BF034653432022B3FBF0F382F31188B2
:101FA800CA6842F00402CA608A69D363002383F3D3
:101FB80011887047F528010008180020064A137890
:101FC80060F3C70313F0F80F14BF0121002161F378
:101FD80000031370FFF7C0BF581C00200B4BDA68D2
:101FE800D0070CD4DA6851070BD4DA68D2060AD4C1
:101FF800D86800F00100C0F10500C0B270470120A8
:102008007047022070470320704700BF002002403D
:1020180073B50446FFF7E2FF0025FF2601280FD11C
:1020280014B9062002B070BD01950196019B1BB939
:10203800FFF7D4FF013CF1E7019B013B0193F5E772
:10204800002C08BF0620EDE710B50B4C236943F0C0
:10205800020323616061236943F04003236140F672
:10206800FF70FFF7D5FF06281EBF236923F0020380
:1020780023613423E36010BD0020024070B505469B
:102088001F200E46FFF7C4FF052810D1084C23690E
:1020980043F0010323611F202E80FFF7B9FF0628B4
:1020A8001EBF236923F0010323613423E36070BD5D
:1020B80000200240B0F5805F2DE9F041884602D348
:1020C8000020BDE8F081450005F1006404F578348E
:1020D8004FF6FF7223889BB293424FEAA02604D1A1
:1020E8002046FFF7CBFF80B2EBE7F602154F06F16B
:1020F800006606F578364FF4006231463846FEF73A
:1021080091F923789845DBD040F2FE70284007F813
:10211800008040F6FF70FFF77BFF052802D13046AC
:10212800FFF792FF0024395D61F0FF014B1C03D0DB
:1021380089B23019FFF7A2FF0234B4F5006FF2D16B
:10214800D1E700BF940F0020F8B585B26E1CB6B277
:102158006B00720003F1006302F1006203F578334B
:1021680002F57832AC1CA4B219781078620002F13A
:10217800006202F57832EF1CBFB213787A0002F1E0
:10218800006202F578321B04127843EA00230B43FD
:1021980053EA026311D000212846FFF78BFF002184
:1021A8003046FFF787FF00212046FFF783FF3846B8
:1021B8000021BDE8F840FFF77DBFF8BD10B540F23B
:1021C8005734A0B200210134FFF774FFB4F5806FD3
:1021D800F7D110BD2DE9F84F174B00254FF0CC086B
:1021E8005F192E4619E03AF802BB20464FEA1B2138
:1021F800FFF760FF601C5FFA8BF180B209F10109FB
:10220800FFF758FF0234B9F1110F0B4BA4B2EAD112
:102218002236B04507F1220706D006F12704A4B2FA
:10222800BA464FF00009DEE7CC35B5F54C7F08F12A
:10223800CC08D5D1BDE8F88FE48600080146062011
:10224800FFF738BF10B5042440F6FF70FFF7E0FE33
:10225800052808D1C4EB4450C00200F1006000F525
:102268008020FFF7F1FE013CEED110BD10B5FFF75D
:10227800E9FFEA210020FFF71DFFFE210120FFF7FB
:1022880019FF00210220FFF715FF00210320002479
:10229800FFF710FF1C4B214604201C60FFF70AFFC4
:1022A80021462220FFF706FF21460520FFF702FFFF
:1022B80021460620FFF7FEFEFF210720FFF7FAFE62
:1022C8000820FFF741FF21460D20FFF7F3FE1820F5
:1022D800FFF73AFF21461720FFF7ECFE1C20FFF717
:1022E80033FF21462020FFF7E5FE21462120FFF796
:1022F800E1FE1820FFF728FF0F20FFF725FFBDE8B4
:1023080010401320FFF720BF641E002010B5144BA7
:10231800144A1B781278144C43EA02231BB213F5B3
:102328008B7F09D0FFF7A2FF207800F0040040F06F
:1023380019002070FFF782FF0C4B1B78DBB21F2BB4
:1023480088BF0322237084BF62F3C70323702378F6
:1023580013F00100BDE8104018BFD808FFF7FCBD16
:1023680000E0030802E00308581C00200CE0030802
:10237800364BF02893F902200AD193F9031000296B
:102388000CDA0021D97052B9314A0021117006E0E7
:10239800F1280DD193F903100029F2DC72B11A79F2
:1023A8005B7913435AB2002B4FD12A4B1A707047EE
:1023B800F22806D1002AF1DA00229A7093F9032054
:1023C800E1E7F32802D1002AF6DCE7E7F92893F9D8
:1023D800041004D10029E1DD00211971DEE7FA2893
:1023E80002D10029DADAF7E7FB2893F9051004D1BE
:1023F8000029D3DA00215971D0E7FC2802D100293D
:10240800F8DCCBE700F10C01C9B2042907D8F4388D
:1024180001218140587820EA01005870BEE7FD2864
:1024280005D10D48017821F001010170B6E7FE28B9
:1024380004D10948017821F00201F6E7FF28ADD15F
:102448000548017821F00401EFE770479C1F002040
:10245800A41F0020A51F0020A21F0020154B1B78D9
:10246800D90705D5144B1878800800B3C0B2704757
:102478009A0703D5104B18784008F6E75B0705D58F
:102488000D4B18787F28F0D97F2070470B4B1B78AD
:102498005BB10B4A084912780878934236BF10FBA3
:1024A80003F080B2B0FBF2F0ECE70120DEE7012098
:1024B800704700BFA21F0020CC0E0020A51F0020DF
:1024C800CD0E0020194B1B78D90709D5184B187861
:1024D80000EB800080087F2824D828B3C0B270475A
:1024E8009A0705D5124B187800EB80004008F2E7F0
:1024F8005B0704D50E4B187800EB8000EBE70D4B1B
:102508001B786BB10C4A0A49127808789342F3D2C7
:1025180010FB03F000EB8000B0FBF2F080B2DAE7CA
:102528000520DBE77F20704701207047A21F0020AD
:10253800CA0E0020A41F0020CB0E0020F02808B5EA
:1025480005D1FFF7BFFF4042294BD87008BDF128DD
:1025580002D1FFF7B7FFF7E7F22805D1FFF7B2FF7F
:102568004042234B9870F1E7F32802D1FFF7AAFF06
:10257800F7E7F92804D1FFF771FF1D4B1871E5E75C
:10258800FA2803D1FFF76AFF4042F6E7FB2805D196
:10259800FFF764FF4042164B5871D7E7FC2802D179
:1025A800FFF75CFFF7E700F10C03DBB2042B08D858
:1025B8000F4A0123F43803FA00F053781843507097
:1025C800C4E7FD2805D10B4A137843F001031370C3
:1025D800BCE7FE2804D1074A137843F00203F6E764
:1025E800FF28B3D1034A137843F00403EFE700BF91
:1025F8009C1F0020A21F002008B5202282F311880A
:10260800012100F00F03994020F00F00FEF754FB62
:10261800002383F3118808BD294B1A78510707D581
:1026280000F01801082927D100F0F70040F0040055
:10263800110707D500F01801182926D100F0E70086
:1026480040F014005B78D90707D500F01801082975
:1026580024D100F0F70040F00100990707D500F0F9
:102668001803182B23D100F0E70040F01100D3061F
:1026780048BF00F0E700704700F01401042904BFC8
:1026880000F0FB0040F00800D2E700F01401142924
:1026980004BF00F0EB0040F01800D3E700F0110190
:1026A800012904BF00F0FE0040F00800D5E700F063
:1026B8001103112B04BF00F0EE0040F01800D6E71C
:1026C8005A1F002013B5ADF804100199FFF7C3FB9A
:1026D800E728044600F28680DF280ED8312873D018
:1026E80015D8292869D02A2875D0012C51D0231F44
:1026F8009BB2A12B28BF00244BE0A0F1E003072BDD
:1027080073D8DFE803F01872282D38724249392847
:102718000BD0822809D0352848D0A72C6FD8A42CF4
:10272800E3D9243C44F480448CE07C4B1B78980724
:10273800F3D0E0242DE0794A1378D90700F1E88036
:10274800527812F0010F24D013F0100F08BFE324C1
:1027580018BF00241DE0714B1B7813F0040FF2E73B
:102768006E4A1378580700F1D5805278D107E0D423
:1027780013F0100FECE7694B5A78920709D51B78CC
:1027880013F0100F08BFE724E2E7644B1B78180723
:10279800F6D4204602B010BD604A1378190700F13C
:1027A800BB8052789207E3D5E424F2E75B4B1B78B1
:1027B80013F0200F18BF2924EBE7584B1B7813F0B0
:1027C800200F18BF3524E4E7544B1B7813F0400F53
:1027D80018BF2A24DDE7514B1B7813F0400F18BFB0
:1027E8003124D6E7B0F5A44F2ED2B4F5A24F76D255
:1027F800FF2C0BD8EF2C90D944F4A04422E0BE2C37
:1028080060D9A4F1E1039BB2072B73E7B4F5A04F9D
:102818000AD2B4F5804F5DD2A4F580739BB2B3F5AC
:10282800F85F0FD30024B4E7C4F38103C4F30112A3
:1028380004F003005B01012443EA022384401C43A3
:1028480044F40C44A4B2A4E7B0F5AC4F1AD2B0F5E6
:10285800AA4FC0B249D2B4F5A84F0ED28308B4F536
:10286800A64F00F003004FF0010404FA00F040EA1C
:102878004314E5D344F40A44E4E74AF2F40444EA8E
:10288800002486E7B0F5B44F0CD2B0F5B24F34D27D
:10289800A0F5B0439BB2FF2BC4D84AF2F00040EA3F
:1028A8000424CFE7A0F5C0439BB2B3F5005FB9D2CB
:1028B800C0F30420FFF7B0FE000200F4F850E4B2C1
:1028C800044317E05834164BE4B233F8144044F488
:1028D80088445EE7C4F30B0444F4204459E7E4B2A7
:1028E8004AF2F10343EA042453E7FFF795FE000296
:1028F80000F4F85444F400544BE700F00F00FFF7DD
:102908008BFEC4F3031440EA042444F4104499E70A
:1029180039243EE7E2243CE7E6243AE75A1F002040
:10292800308100080D4B73B51E680D4BADF80400DF
:102938001B681F241E4326FA04F3DB07E5B205D4FF
:10294800013CF8D20025284602B070BD01992846FE
:10295800FFF7B8FE80B20128F2D0F4E7641F002028
:10296800641E002007B5ADF804000198FFF7DAFFF0
:10297800019903B05DF804EBFFF7A4BE07B5ADF805
:1029880004000198FFF7EEFFC3B2C0F30322C0F3BF
:10299800033002380D281DD8DFE800F007071C1C9B
:1029A800161C1C1C07071A1C1C1AF02B14D006D85E
:1029B800E72B8CBF0020012003B05DF804FBF42B4B
:1029C80014BF00200120F7E7E72B05D9F12BF7E723
:1029D800D008F1E70020EFE70120EDE74FF0904342
:1029E80010F0020F4FF0100214BF1A835A83C1B2BD
:1029F8004FF0904311F0040F4FF4807214BF1A8304
:102A08005A8301207047030943EA0010C0B28300CB
:102A1800801000F0330003F0CC03034358005B1030
:102A280003F0550300F0AA001843704713B502AB32
:102A380003E903009DF80230009873B16AB1FFF70B
:102A480071FF044601460098FFF794F90099204663
:102A580002B0BDE81040FFF7FEB9FFF76BF9044676
:102A6800F4E770B500EB810305465069DA600E465D
:102A7800144618B114220021FDF784FCA06918B18E
:102A880014220021FDF77EFC31462846BDE870403F
:102A9800FDF7FABFF8B50546052900F2AF80DFE873
:102AA80001F0B1AD25B1AE03202686F31188714D32
:102AB8000024012105F1D800FEF736FB85F8E8402F
:102AC80085F8204184F3118886F31188012105F5E2
:102AD8000B70FEF729FB85F83C4285F8744284F3B5
:102AE80011880520BDE8F840FFF77CB8202383F360
:102AF8001188604C604A0121FFF7B3FF5F4A042147
:102B08002846FFF7AEFF94F8B41004F144022846B3
:102B1800FFF7A7FF94F8B51004F168022846FFF7FD
:102B2800A0FF94F8B61021B104F18C022846FFF7F3
:102B380098FFD4F8043152480026C4E93C336FF0BA
:102B48000101C4E94266C4F8EC60FEF713FBD4F84F
:102B58003831C4F82431D4F83C314A4884F8E86064
:102B6800C4E94A336FF00101C4E95066FEF702FB7D
:102B78000121454884F82061FEF7D6FA4348FEF75C
:102B880045FE434A94F808122846FFF76AFF94F86E
:102B98000912404A2846FFF764FF94F80A1219B14F
:102BA8003D4A2846FFF75DFFD4F858323B480025D8
:102BB800C4E99133C4E99755C4F840526FF0010154
:102BC800FEF7D8FAD4F88C32C4F87832D4F89032B8
:102BD800334884F83C52C4E99F33C4E9A5556FF0E3
:102BE8000101FEF7C7FA01212E4884F87452FEF756
:102BF8009BFA2D48FEF70AFE85F31188F8BD0420DC
:102C0800FEF7F0FF202787F311881A4C012504F1FD
:102C1800D8000221FEF788FA04F1E00084F8E850B1
:102C28006FF00101FEF7A6FA84F820516FF0010158
:102C380004F58C70FEF79EFA002686F3118887F358
:102C48001188022104F50B70FEF76EFA04F50D7079
:102C580084F83C526FF00101FEF78CFA84F8745244
:102C68006FF0010104F51B70FEF784FA86F31188F2
:102C7800C4E700BF140C0020C0860008AC8A000816
:102C8800F40C00202C0D0020EC0C0020E80C002097
:102C9800AC0D0020D00D0020F40D0020480E0020BF
:102CA800800E0020400E00203C0E00202DE9F34746
:102CB800202383F31188324C0025264601274FF440
:102CC800AA78A946D4F850311A68117804294CD149
:102CD80094F8DC10022948D11B79128907FA03F30A
:102CE800134242D1D4E94A3293423ED108FB0561EE
:102CF800D1F82421002A38D0D4F84021002A34D031
:102D0800043AD21A31D01A60D1F82421013AC1F814
:102D18002421D4F83421C4F840911344D4F8302144
:102D2800C4F82831934224BFD4F83C31C4F8283180
:102D380001A904F58C70FEF772F9D4F850311A7EA7
:102D4800824652B101981A690021121A5044FDF7BF
:102D580019FBD4F850311B690193D4F85001019B39
:102D6800017900685246FEF729F804F5AA742DB1D6
:102D7800002383F3118802B0BDE8F0870125A1E79D
:102D8800140C0020094A1278831C4AB1084A92F9A7
:102D98000020002A04DA1E2200211846FDF7F2BAA4
:102DA8000022C0F802209A80704700BFC00E0020A1
:102DB8005A1F00200D4B996910B481F8200018683B
:102DC80002681A6053600122986180F82020EFF3AE
:102DD8000982CC69643A944203D972B6044ADA6229
:102DE800FEE75DF8044BFDF7B3BA00BF5C1C00209A
:102DF8004177000830B54B1C0B4D87B0044610D006
:102E0800AB690A4A01A8FEF705FC2046FFF7D2FF86
:102E1800049B13B101A8FEF7C5FBAB69586A07B05C
:102E280030BDFFF7C7FFF8E75C1C002065150008F8
:102E380070B5114E04460D46E3683BB123691A1D6F
:102E4800A262E2691344E36200200EE0237A6BB9C0
:102E58007DB1B36962681C605A602946136004201A
:102E68006360FFF7C7FF0028E6DA70BD6FF0010066
:102E7800FBE74FF0FF30F8E75C1C00202DE9F84F26
:102E880004460D4691469A464FF0200888F311886B
:102E98000026B346A76A4FB951462046FFF7C8FF38
:102EA80020B187F311883046BDE8F88FD4E90A07C6
:102EB8003A1AA9EB0607974228BF1746402F1BD995
:102EC80005F1400355F8042B40F8042B9D42F9D135
:102ED800A36A4033A3624036D4E90A239A4204D352
:102EE800E16920460439FEF787F88BF311884E45CF
:102EF800D9D288F31188CDE729463A46FDF792FAE8
:102F0800A36A3B443D44A3623E44E5E74430FFF7EF
:102F1800B5BF4FF0FF334430FFF7B0BF70B5202383
:102F28000D460446114683F31188866A2EB9FFF7C9
:102F38007FFF10B186F3118870BDA36A1D70A36A64
:102F4800E26A01339342A36204D3E169204604395B
:102F5800FEF752F8002080F31188EDE74430FFF7C0
:102F6800DDBF4FF0FF324430FFF7D8BF70B5114EC8
:102F780004460D46E3683BB16269131D1268A362FB
:102F88001344E36200200EE0237A6BB97DB1B36984
:102F980062681C605A602946136004206360FFF76A
:102FA80029FF0028E6DA70BD6FF00100FBE74FF05B
:102FB800FF30F8E75C1C00202DE9F84F04460E4668
:102FC80090469946202787F311880025AA46D4F809
:102FD80028B0BBF1000F09D149462046FFF7C6FFCC
:102FE80020B18BF311882846BDE8F88FD4E90A127E
:102FF800A8EB050B521A934528BF9346BBF1400F27
:103008001BD9334601F1400251F8040B43F8040B75
:103018009142F9D1A36A40334036A3624035D4E9DE
:103028000A239A4202D32046FEF706F88AF311884B
:103038004545D8D287F31188C9E730465A46FDF787
:10304800F1F9A36A5B445E44A3625D44E7E70C3090
:10305800FFF7B2BF4FF0FF330C30FFF7ADBF70B5CD
:103068002023044683F31188866A3EB9FFF77EFF62
:10307800054618B186F31188284670BDA36AE26A2E
:1030880013F8015BA362934202D32046FDF7D4FFF5
:10309800002383F31188EFE70C30FFF7E0BF4FF010
:1030A800FF310C30FFF7DBBF08B50146202383F35F
:1030B80011880820FFF79EFE002383F3118808BDBE
:1030C8002DE9F84FDFF81881DFF818A10026062748
:1030D80045464FF00109B3465AF8044B202383F3C1
:1030E800118824F00F0004F00F0409FA04F42146B3
:1030F8000122FDF7E1FDA4B244838BF3118800BFE0
:1031080000BF00BF00BF00BF00BF00BF00BF00BFBF
:1031180000BF00BF00BF00BF00BF00BF00BF00BFAF
:1031280000BF00222A48144650F8041B21F00F0C57
:1031380001F00F01DCF8103023FA01F1CB0758BF7A
:1031480009FA02F102F1010248BF0021112A44EAFA
:103158000104E9D15AF8040CFFF74EFA0320FFF7EF
:10316800A3FFD8F80020013F94421ABFC8F80040D6
:103178000122002217F0FF0746EA020608F10408B8
:10318800AAD1144CEEB101232370FEF7ABFD124B0C
:103198001880114B1F88FEF7A5FDC01B80B20528BB
:1031A80012D90E4B2A681A606A685A60AA689A602F
:1031B800EA68DA602A691A616A695A610023237029
:1031C80002E02378002BE4D13046BDE8F88F00BF39
:1031D80074850008411E0020421E00206C1F00203C
:1031E800A81F0020948A000807B52023024683F30D
:1031F8001188114B1978042905D0002383F311880D
:1032080003B05DF804FB1989C9060FD5DB690B49C2
:103218005B69896943F80C1F01904B6203204FF4E6
:103228007A71FFF7E7FD0130019AE6D002480623DC
:103238000421FDF7C3FDE0E7701800205C1C0020A6
:1032480070B52023044683F31188234D2B78042B73
:103258002E4628D1214A2B8992F90020002A26DA05
:103268001F4A12781AB3DA0610D420232246042102
:103278001948FDF7A3FD1B4B224604F1200152F823
:10328800040B43F8040B8A42F9D10CE0EB69164AA7
:103298005B69926943F80C2F03205362FFF78AFD9C
:1032A8002B78042BE1D0002383F3118870BD9B0792
:1032B80003D4082322460121DAE733690A4A5B6905
:1032C800926943F80C2F03205362FFF773FD33789C
:1032D800042BE8D1EDE700BF701800205A1F00202A
:1032E800C00E0020391F00205C1C00200FB42DE9FF
:1032F800F04F8DB016ABDFF82CA453F8046B0B938A
:1033080098460024307878B96FF00102A2424FF055
:10331800FF3328BF22460AA9FEF7C4FC20460DB099
:10332800BDE8F04F04B07047252806F1010608D023
:103338002246651C4FF0FF330AA9FEF7B3FC2C4662
:10334800E0E7002206E02D2B14D0302B0CD142F000
:1033580001020E46314611F8013B2B2B0DD0F2D855
:10336800202B0DD0232B0ED0A3F13000092827D80D
:10337800002510E042F00202EBE742F00402E8E721
:1033880042F00802E5E742F01002E2E70A2000FBFB
:103398000535303D0E46314611F8013BA3F13000AA
:1033A8000928F3D933782E2B44D17178A1F1300054
:1033B800092806F1010342F4806233D8002711E09E
:1033C8002A2B08D158F8045B002DBCBF42F002023A
:1033D8006D420E46E6E70025E4E70A2303FB0717DC
:1033E800303F0346184610F8011BA1F13006092E9C
:1033F800F3D91E4616F8011B6C2923D01DD868295D
:1034080027D06A292ED01E4616F8010B78288FD8A7
:1034180061282AD825288BD0582889D142F0200243
:10342800102169E02A2906D158F8047BB31C27EA41
:10343800E777DEE733460027DBE77A29E3D142F472
:103448008072E1E759786C29F9D142F440729E1CE8
:10345800DAE75978682902D042F08002D4E742F0CE
:10346800C002F4E742F40072CEE7A0F16203162B23
:103478003FF65EAF01A151F823F000BFE134000828
:10348800A5350008E134000839330008393300084D
:103498003933000839330008E134000839330008AB
:1034A8003933000839330008393300083933000844
:1034B800E1340008FD3600083933000839330008C4
:1034C8002736000839330008E1340008393300088A
:1034D80039330008E13400087828A1D06F2800F0BB
:1034E8001C81622800F01B81692822F010024FF02D
:1034F8000A0103D0642801D022F00C02530548BF0A
:1035080022F00102692802F4007301D0642825D151
:10351800002B7FF4F7AED30508F1040913D5D8F8CA
:103528000030CDE90117CDE90352002B4FEAD372E1
:103538000092B8BF5B4222460AA95046FDF788F9B7
:10354800C8460446DEE612F0400FD8F8003001D035
:10355800DBB2E6E7100648BF1BB2E2E7002B7FF4B8
:10356800D1AED00508F1040907D5CDE90352CDE95C
:1035780001170093D8F80030DDE712F0400FD8F8B3
:10358800003007D0DBB2CDE903520022CDE90117A4
:103598000092D0E7100648BF9BB2F4E712F002078A
:1035A80028D04FF0010958F8040B4FF0FF3322469A
:1035B8000AA9C0B204F1010BFEF774FB6FB34C46C5
:1035C8005A4622E04FF0FF330AA92020FEF76AFB93
:1035D80004EB090209F101094D45F3D8002D05F165
:1035E800FF3308BF002305F101091C4408BF4FF051
:1035F8000209D8E7B946EBE7571C4FF0FF330AA991
:103608002020FEF74FFB01343A46A542F4D8A5EB3B
:1036180009034D4538BF00239B445C4672E6434688
:10362800002F53F8049B069314BF3B464FF0FF331B
:103638004B44C84698F8001009B1434511D112F41B
:103648008063A8EB0908079302D0B84528BFB8469D
:1036580012F0020308931DD1A8EB04032246099334
:103668000BE008F10108E5E702F1010B4FF0FF3329
:103678000AA92020FEF716FB5A46099BD3189D423B
:10368800F2D8A5EB0803454538BF002308F1010827
:103698001C449844A4EB090B06E01F464FF0FF3387
:1036A80022460AA9FEF7FEFA0BEB090419F8010BEA
:1036B80028B1079B002BF1D07B1E002FEDD1089B72
:1036C800ABB12246A8EB040708E002F101094FF06C
:1036D800FF330AA92020FEF7E5FA4A46D319AB4280
:1036E800F3D3A5EB0803454538BF00231C44DDF898
:1036F800188007E642F021020823CDE902730492FC
:1037080000231022CDE900320AA9224658F8043BCA
:103718005046FDF79DF80446F4E50821ECE6022141
:10372800EAE600BFAD1C000810B4174A12780B4631
:10373800EAB1164A92F90020002A18DAEF294FEA6E
:10374800D1020BD8104401F0070301219940837876
:1037580023EA010383705DF8044B70470C4B1B7818
:10376800DB07F8D50B485DF8044BFFF7BFBD821C9B
:103778000021083012F8014BA34208BF02F8011CCF
:103788008242F7D1E7E700BFC00E00205A1F002091
:10379800441E00205077000830B41B4A12780B46AC
:1037A800D2B11A4A92F90020002A15DAEF294FEA15
:1037B800D10209D8024401F0070101238B40917816
:1037C8000B43937030BC7047114B1B78DB07F9D55E
:1037D80030BC1048FFF78ABD841C4FF0FF3200212F
:1037E80014F8015BAB42EDD0B2F1FF3F02D1002DDE
:1037F80008BF0A460131CDB2062D49B2F0D1511C9D
:10380800E0D00244DDE700BFC00E00205A1F0020B0
:10381800441E00206E770008F8B52E4A2E4B127809
:103828001B782E4C13432E4A127813432D4A2370CB
:103838001278AAB1134323702B4B1B78002B3FD06F
:103848002A4B93F90030002BACBF06231E232849CE
:103858000022013BDBB2FF2B34D10AB1FEF762FA3A
:10386800244B1B68002B34D01F4A127842B11F4AE0
:1038780092F90020002ABFBF2278627005222270C8
:103888001D4D5B68154898472B78580721D5D907EF
:1038980002D51A48FFF72AFD194F00262B78DA07B8
:1038A80003D5A15D3846FFF721FD0136082EF5D175
:1038B8002B78DB070DD5BDE8F8401248FFF716BD99
:1038C8000623C4E711F8010B0028C2D00132D2B296
:1038D800BFE7F8BD72200020C01F0020F8180020A4
:1038E800691F0020A71F0020C00E00205A1F0020BB
:1038F800FA180020D81E0020441E00208C770008EB
:103908009E7700084F7E000830B1044A137823EAF6
:1039180000001070FFF780BF704700BFC01F002075
:1039280028B1034B1A7810431870FFF775BF70471A
:10393800C01F00200F4A38B55378C3F38001814275
:10394800044615D060F3820353701588117804205B
:10395800FEF7B0FB290A2220FEF7ACFB064B1B78CA
:10396800DB0705D521460548BDE83840FFF7BEBC52
:1039780038BD00BF5A1F0020441E0020A47700084D
:1039880010B5114C20786FF341002070C0B2FEF7DB
:1039980055FC0E4B1B78DB0702D50D48FFF7A6FC3C
:1039A8000C4B00229A60202383F311880A4B9969F3
:1039B800CB6823F00103CB6082F311882078BDE83F
:1039C8001040C008FEF7C8BA581C0020441E00204A
:1039D800B9770008D00E00200818002008B5094B58
:1039E800187840F002001870FEF728FC064B1B7888
:1039F800DB0702D50548FFF779FCBDE80840FEF76C
:103A08008FBA00BF581C0020441E0020D67700083B
:103A18002D4B1B7813F0080F10B52C4C39D02C48BF
:103A2800FFF764FC61782B48FFF760FC2A48FFF732
:103A38005DFC94F902102948FFF758FC2848FFF765
:103A480055FC94F903102548FFF750FC2448FFF76C
:103A58004DFC94F904102148FFF748FC2048FFF773
:103A680045FC94F905101D48FFF740FC1D48FFF779
:103A78003DFC1D4B1D481978FFF738FC1C48FFF723
:103A880035FC1C4B19481978FFF730FC1A48FFF72A
:103A98002DFCFEF727F9E378A278134318BF174BDC
:103AA800227980B218BF1880637913431CBF144B66
:103AB8001880144B1B6833B1022222709B6803489C
:103AC800BDE81040184710BD441E00209C1F002070
:103AD800F2770008157800081A7800081C780008A2
:103AE8003D7D00081F780008A41F002022780008E8
:103AF80025780008A21F0020147E0008601F0020FF
:103B0800621F0020D81E002010B50020FEF776F9AD
:103B18000020FEF763F90A4B00241C70094B1C7047
:103B2800FFF77AFE084B1C609C80084B1C70084B02
:103B38001C70084B1C70BDE81040FFF769BF00BF40
:103B480072200020691F00209C1F0020A41F002055
:103B5800A51F0020A21F0020064A136803F00601D3
:103B680006290CBF43F0080323F008031360FFF78E
:103B7800CBBF00BF641F0020044901220B6802FA72
:103B880000F023EA00030B60FFF7BEBF641F0020AC
:103B980010B50B4C94F9002022EA000040B241070E
:103BA800207002D1D2B2824203D1064B5B785B0708
:103BB80005D5C0F3C700FFF7DFFF0023237010BD52
:103BC800A61F00205A1F0020044A012303FA00F010
:103BD800136818431060FFF797BF00BF641F0020E9
:103BE80008B5054B054800221A70FFF7CBF8BDE869
:103BF8000840FFF789BF00BFC01F0020F818002049
:103C080008B50146A8B3031FDBB2A02B06D8194894
:103C1800FFF78AFDBDE80840FFF7FEBD00F120036D
:103C2800DBB2072B09D8144B00F0070101208840AC
:103C3800197821EA00011970ECE700F15B03DBB2A7
:103C4800022B04D8BDE808400020FEF7D7B800F1E1
:103C58005803DBB2162B04D8BDE808400020FEF755
:103C6800BDB8EF2805D9FEF783FBBDE80840FFF78C
:103C7800CFBE08BDF8180020C01F002010B50146AF
:103C880004460648FFF732FB054B0120A0401860A8
:103C9800FFF73AFFBDE81040FFF7A2BF27780008FA
:103CA800641E002008B50548FFF720FBBDE8084062
:103CB800034801220521FFF719BB00BF2C78000833
:103CC800277900080138052841D8DFE800F0030EFD
:103CD80018222C361E4A1F4813788B4286BF591A61
:103CE800C9B200211170FFF701BB1B4A1B481378AA
:103CF8008B4286BF591AC9B200211170F3E7184ADE
:103D0800184813788B4286BF591AC9B2002111701E
:103D1800E9E7154A154813788B4286BF591AC9B284
:103D280000211170DFE7124A124813788B4286BFD0
:103D3800591AC9B200211170D5E70F4A0F481378F4
:103D48008B4286BF591AC9B200211170CBE7704760
:103D5800C80E002075790008C90E00208479000873
:103D6800CA0E002096790008CB0E0020A979000819
:103D7800CC0E0020BE790008CD0E0020D7790008AF
:103D88000138052841D8DFE800F0030E18222C3648
:103D98001E4A1F4813781944FE29D4BFC9B2FF210F
:103DA8001170FFF7A3BA1B4A1B4813781944FE2960
:103DB800D4BFC9B2FF211170F3E7184A1848137825
:103DC8001944FE29D4BFC9B2FF211170E9E7154A89
:103DD800154813781944FE29D4BFC9B2FF211170C0
:103DE800DFE7124A124813781944FE29D4BFC9B232
:103DF800FF211170D5E70F4A0F4813781944FE299F
:103E0800D4BFC9B2FF211170CBE77047C80E00209C
:103E180075790008C90E002084790008CA0E0020B0
:103E280096790008CB0E0020A9790008CC0E002056
:103E3800BE790008CD0E0020D7790008431F10B5C1
:103E48003E2B00F23E82DFE813F03F0130014A01C9
:103E58003F003C023C022E013C023C0273013C0242
:103E6800820123023C023C023C023C0203023C0267
:103E78003C0291013C025F013C023C023A023A02D8
:103E88003A023A023A023A023A023A023A02330251
:103E98003C023F0127013C023C023C023C023C023E
:103EA8003C023C023C023C023C0233023C023C0223
:103EB8002E013C0237023702370237023702370237
:103EC8003702370237023302B148FFF70FFAB14819
:103ED800FFF70CFAB04BB1481978FFF707FAB0486A
:103EE800FFF704FAAF4BB0481C78E4B2FFF7FEF9CD
:103EF8002146AE48FFF7FAF9A948FFF7F7F9AC48A9
:103F0800FFF7F4F904F00101A448FFF7EFF9A4481A
:103F1800FFF7ECF9A748FFF7E9F9C4F340019F4818
:103F2800FFF7E4F99E48FFF7E1F9A348FFF7DEF948
:103F3800C4F380019948FFF7D9F99948FFF7D6F9F2
:103F48009E48FFF7D3F9C4F3C0019448FFF7CEF9B0
:103F58009348FFF7CBF99A4B9A481C783C331B7867
:103F680044EA0324FFF7C2F921469048FFF7BEF957
:103F78008B48FFF7BBF99448FFF7B8F904F0010143
:103F88008648FFF7B3F98648FFF7B0F98F48FFF77F
:103F9800ADF9C4F340018148FFF7A8F98048FFF75D
:103FA800A5F98B48FFF7A2F9C4F300217B48FFF776
:103FB8009DF97B48FFF79AF98648FFF797F9C4F30C
:103FC80040217648FFF792F97548FFF78FF9824844
:103FD800FFF78CF9C4F380017048FFF787F9704840
:103FE800FFF784F97D48FFF781F9C4F3C0016B48F6
:103FF800FFF77CF96A48FFF779F97948FFF776F90E
:10400800C4F300116548FFF771F96548FFF76EF9C9
:104018007448FFF76BF9C4F340116048FFF766F97D
:104028005F48FFF763F97048FFF760F9C4F3801140
:104038005A48FFF75BF95A48FFF758F96B48FFF7FA
:1040480055F9C4F3C0115548FFF750F95448FFF724
:104058004DF9674B67481C78E4B2FFF747F92146EA
:104068005248FFF743F94E48FFF740F95048FFF729
:104078003DF904F001014948FFF738F94848FFF7CE
:1040880035F95D48FFF732F94448E108FFF72EF9A2
:104098004348FFF72BF904E05848FFF727F9FEF7E4
:1040A800E5F801200FE05648F3E7564A56481378DA
:1040B80023F00F031370FFF719F95448FFF716F9A7
:1040C800534B0120187010BD5248FFF70FF9FFF746
:1040D80087FD46F2A810FEF7E7FFFDF7EBFD494C18
:1040E8002378C3F3000282F0010262F30003237015
:1040F800DB0701D54848CCE74848FFF7F7F82378AD
:1041080023F00E032370CCE73E4C2378C3F3400220
:1041180082F0010262F341039807237006D54048F4
:10412800FFF7E4F8237843F00103EBE73D48B0E7F5
:10413800344C2378C3F3800282F0010262F38203D5
:104148005907237001D53848EAE73848A1E72D4CCC
:104158002378C3F3C00282F0010262F3C3031A0793
:10416800237001D53248DBE7324892E73248FFF73F
:10417800BDF83248FFF7BAF83148FFF7B7F83148C9
:10418800FFF7B4F83048FFF7B1F8304881E700BFCF
:10419800F2790008FD79000806E003082278000893
:1041A8004F7E000804E003080D7A0008157800081F
:1041B800207A00082A7A0008347A0008407A000831
:1041C80008E00308497A00085D7A0008767A000852
:1041D8008D7A00089F7A0008B17A0008C37A00082F
:1041E800D57A0008DF7A0008F17A00080D7B00080C
:1041F8000CE00308157B00082C7B0008357B0008C1
:10420800467B0008441E0020F87C00081F7D00083B
:10421800401E0020237D00083F7D00084B7D0008DC
:10422800587D0008657D0008737D0008827D0008C0
:10423800927D00089E7D0008AB7D0008BA7D0008CD
:10424800007E0008177E0008517E0008967E000850
:104258001E48FFF74BF8FDF7E1FD01461C48FFF744
:1042680045F81C4B1C481978FFF740F81B4B1C48B5
:104278001978FFF73BF81B4B1B481978C909FFF75A
:1042880035F8FDF72FFD01461848FFF72FF808E726
:10429800FFF7A6FC13490B78C3F3C01282F00102A2
:1042A80062F3C7130B701B064CBF11481148F0E6A8
:1042B8000020FFF7E3FCF4E63938C0B2F9E71D380F
:1042C800FBE70D48FFF712F80020FCE6A27E000885
:1042D800B07E0008C00E0020CA7E0008201F002003
:1042E800E17E00085A1F0020F47E00080C7F0008B9
:1042F800237F00082D7F0008387F0008F8B50446A2
:10430800002800F09080031FDBB2A02B00F224816C
:10431800A84E3578012D374610D0022D35D0002D06
:1043280040F0EE80A44B1B78222B40F0EB80204617
:10433800FFF784FD0546002D75D1E3E09E4B1B7801
:10434800222BF4D0142815D008D80B280AD010280E
:1043580013D09A48FEF7CAFF0025ECE7292809D0B0
:104368003828F6D19648FEF7C1FF9648FEF7BEFFFB
:104378000125E0E700253D70DDE7FFF793FC924853
:10438800FEF7B4FF02233370D5E7292841D018D8A7
:10439800132849D009D8072800F09C800B282DD075
:1043A8008648BDE8F840FEF7A1BF142831D0A0F137
:1043B8001E04E4B2052CF3D8844B1A5D844B1A70A2
:1043C8001EE038281AD0A0F14B04E3B2072BE7D837
:1043D800072CE5D801A353F824F000BFD544000802
:1043E800A9430008A9430008D9440008A9430008C4
:1043F800A9430008C9440008BD440008FFF752FC5F
:10440800734B1978002979D0BDE8F8407148FEF758
:104418006DBF6F4B1A780AB10022D0E76948FEF7E2
:1044280065FF01233B70F8BD6B48FEF75FFF6B48E3
:10443800FEF75CFF6A4B6B481978FEF757FF6A482E
:10444800FEF754FF6948FEF751FF694B6548197834
:10445800FEF74CFF6448FEF749FF6648FEF746FF43
:10446800654B60481978FEF741FF5F48FEF73EFF4D
:104478006248FEF73BFF624B5A481978FEF736FF51
:104488005948FEF733FF5F48FEF730FF5E4B55484B
:104498001978FEF72BFF5448FEF728FF5B48FEF714
:1044A80025FF5B4B4F481978FEF720FF4E48FEF773
:1044B8001DFFA5E70121464B1878FFF761FC9FE730
:1044C8000121434B1878FFF7FDFB99E70A21F2E732
:1044D8000A21F6E7424B4F481E221A70444B3222FB
:1044E8001A70454B0A221A70454B14221A70464B13
:1044F80008221A70464B28221A70D8E7464850E717
:1045080000233370454B1B78ABB1454B93F9003012
:10451800002B10DA434B03EBD40304F007019A781D
:1045280001238B401A420FD03E482146FFF7FCF882
:10453800FFF772F908E03C4A002312F8011B8C428D
:10454800F2D00133062BF8D136482146FFF724F97B
:10455800BDE8F840FFF760B900F12003DBB2072B94
:1045680008D8154B00F007001978012484400C4343
:104578001C70EDE700F15B03DBB2022B05D8243891
:10458800BDE8F84080B2FDF739BC00F15803DBB252
:10459800162B06D8254A32F81300BDE8F840FDF777
:1045A8001DBCEF287FF63FAFFDF7C8FFBDE8F84018
:1045B800FFF72EBA401E0020C01F0020387F0008D9
:1045C800F87C00081F7D00083A7F00086281000817
:1045D800A31F0020C97F00083E7F00084C7F000809
:1045E800C80E0020227800084F7E00085E7F000871
:1045F800C90E0020707F0008CA0E00207F7F0008C7
:10460800CB0E0020907F0008CC0E0020A57F00086C
:10461800CD0E0020BC7F0008CF7F0008C00E002010
:104628005A1F0020F8180020FA18002030810008CE
:1046380038B5392805460CBF50240024FFF75EFE24
:1046480024B92846BDE83840FFF7DABA6420013CAF
:10465800FEF72AFDA4B2F3E72DE9F0411646827869
:104668001F460C46234B6AB11970FDF73BFB224BE2
:1046780004F0070418800120A040C0B2BDE8F04152
:10468800FFF74EB91D788D422DD11B4BB3F8008032
:10469800FDF728FBA0EB080080B2C72823D806F155
:1046A8002004B542E4B210D005F00700012505FA50
:1046B80000F0C0B2FFF728F9072C06D806F007006B
:1046C80005FA00F0C0B2FFF72BF93846FFF7B0FF44
:1046D800072C0DD806F007060120B040BDE8F041D0
:1046E800C0B2FFF711B904F007040120A040F5E7B4
:1046F800BDE8F081C81F0020CA1F00202DE9F04F37
:104708008188038885B00446ADF80C30002900F094
:104718008285BDF80C204FF6FF739A4200F07B8526
:1047280001220068FEF782F9A278002A00F0E284EC
:10473800A0F5BE43123B9BB20F2B00F2BB84B44BD7
:104748001B7803BB1238C3B240F2573653BBDFF8AD
:10475800F8A203933046731CFDF7C8F800228DF8C1
:104768000C008DF80D2070B1421E022A25D88DF854
:104778000D00012218468DF80C20FDF7B7F8023617
:104788008DF80E00D0B9A34B1B785E0700F0438567
:10479800A378002B00F03F85022005B0BDE8F04F5C
:1047A800FFF7F6B9B6F5806FEDD03046FDF79EF805
:1047B80008B9013BDBB20136C8E71E4603AD2B78CA
:1047C800002BC7D0012B2FD16B78A878012B03D1F0
:1047D8000235FFF72DFF04E0022B04D10235FFF765
:1047E8008DFD0135EBE7032B03D10235FFF708FAFE
:1047F800F7E7042B01D00135F3E7874A0235002794
:104808004FF00A0E835C69785B0705F1010C05D44B
:10481800013FE6D36420FEF747FCF9E730380EFB8A
:10482800070765460846EDE77C4A7D4912F803B05C
:10483800DA0803F0070311F802807A491AF80270BF
:1048480011F802901F4148FA03F817F0010749FAD6
:1048580003F308F0010803F0010902D0E120FFF793
:104868004DFDB8F1000F02D0E620FFF747FD58468E
:10487800FFF7DEFEB8F1000F02D0E620FFF7C0F91F
:1048880017B1E120FFF7BCF9B9F1000FA9D02C202E
:104898009FE70120FFF798F9FFF75EF973E701201A
:1048A800FFF76AF9F8E70220F4E70220F8E70320A7
:1048B800FDF784FB5C4B1878FDF7C0FC63E700202C
:1048C800F6E7594D287810F0F80F0BD0083810F09B
:1048D800F80F14BF0123002363F300002870C0B24F
:1048E800FDF7ACFC514B1B78D80740F16D84297853
:1048F8004F48C908FEF7FAFC00F066BC4A4D2B7811
:10490800172B4FEAD3029EBF013262F3C7032B7005
:10491800287840F001002870FDF790FC434B1B7885
:10492800D90740F1518429784248C908E2E73F4F46
:104938003D4D3B782E78DA0706F0010640F12A84CF
:104948003D483146FEF7D2FC002E00F026842B7835
:10495800DB077FF518AF28786FF300002870C0B226
:10496800FDF76CFC3B78DF0702D53448FEF7BEFC48
:10497800FCF7A8FF07E72C4D2B78C3F3C4020132DC
:1049880002F01F02032A94BF62F3C7036FF3C70341
:104998002B70287810F0F80F14BF0123002363F35D
:1049A80000002870C0B2FDF749FC204B1B78D907DE
:1049B80040F10A8429782248C9089BE71B4B1A4E04
:1049C8001B78357813F0010FC5F34005374600F022
:1049D80001841C482946FEF789FC002D00F0FD8360
:1049E80033789A077FF5CFAEFEF7CAFFCBE6A0F57E
:1049F800B940743802282DD8DFE800F03034380088
:104A0800E122262311462046FFF726FEBBE600BF1B
:104A1800FEE70308A61F0020417600084E84000820
:104A28003E8400083E840008581C0020441E0020D4
:104A3800D27F0008EA7F000802800008188000087A
:104A48003D80000851800008CE8400082723E52215
:104A5800E521D8E72623E122E021D4E72723E52230
:104A6800E421D0E72623E122E221CCE72723E5222F
:104A7800E621C8E728230122EAE7A0F5B9437A3BF3
:104A88009BB2082B40F2678345F61643984240F0E4
:104A9800BB83A44BA4481B7803F0AA03002BA34BA9
:104AA80015BF01220022352129211A70FEF774FE54
:104AB800FEF7B2FE67E6A0F5B840033812281CD806
:104AC800DFE800F020242835393D414753575B5F24
:104AD8006B6F73777D998500A0F5B9407A3883B2FA
:104AE800082B00F24A83082800F24783DFE800F029
:104AF800161B4D51376B7A8D92002B7843F00103CA
:104B08002B703AE32B7843F00203F9E72B7843F054
:104B18000403F5E72B7843F00803F1E76B7843F0DB
:104B280001036B7029E36B7843F00203F9E72B78F4
:104B380043F01003E4E72B7843F02003E0E72B78F9
:104B480043F04003DCE7FFF74BF82B7843F0800392
:104B5800D6E72B7823F00C0343F00C03D0E76B78EF
:104B680023F0030343F00303DBE72B786FF3000321
:104B7800C6E72B786FF34103C2E72B786FF3820304
:104B8800BEE72B786FF3C303BAE76B786FF30003C4
:104B9800C7E76B786FF34103C3E72B786FF3041310
:104BA800AEE72B786FF34513AAE72B786FF38613DC
:104BB800A6E7FFF715F82B786FF3C713A0E72B7854
:104BC80023F00C039CE76B7823F00303A9E72B7809
:104BD800C3F3800282F00102D2B262F3820362F36D
:104BE800C3038DE76B78DA4302F0010262F3000336
:104BF80062F3410395E7FEF7F3FF2B78C3F3C01286
:104C080082F0010262F3C7137AE701210E20FDF753
:104C180051FAB2E20021F9E754D845F60143984227
:104C28006BD045F6DE43984277D0B0F5B84F5CD0EC
:104C38002288A378ADF80C200398002B00F082801E
:104C4800FDF770FE054601460398FDF793F8384FC7
:104C580003992846FDF736FD3E7894F80690A1782A
:104C680016F0070605464FEA191917D00E46A9B1DE
:104C7800C5F3072303F0F003402B04D005F120030C
:104C8800DBB2072B62D902200191FEF781FF3B7846
:104C9800019913F0070F0CBF01260026C5F303384E
:104CA800B8F10B0F00F28A80DFE818F052005200CA
:104CB800AF00AF00FF0016018800880020017F01C7
:104CC8009001900145F65B53984229D045F65C5314
:104CD8009842ADD1174B5878C0F3800080F001009E
:104CE80000F00100FEF726FEA2E7FEF779FF46F284
:104CF800A810FEF7D9F9FCF7DDFF0F490B78C3F3CD
:104D0800000282F0010262F30003DF074CBF0B4888
:104D18000B480B70FEF7EAFA35E5FDF7A7FA32E51E
:104D28001046DFE7C01F0020F81800200A1F0020E7
:104D3800A61F00205A1F0020441E00207180000872
:104D480082800008FCF7F6FF054680E70026A5E705
:104D5800C5F30723C5F3032913F0F00F18BF4FEA73
:104D68000919EDB2A9B1B9F1000F0CD005F1200372
:104D7800DBB2072B00D955B9A84A137849EA0303CF
:104D88001370FEF749FD2846FFF7B8FA16E0A44A63
:104D9800F3E72846FEF734FFB9F1000F0ED005F10E
:104DA8002002D2B26FEA0903072A5BB200D955BBC9
:104DB8009A4A11780B401370FEF72EFDA8F10808E7
:104DC800B8F1030F03D8FDF729F8FDF707FE96B1F0
:104DD80097F9000010F001030DD1A370C0F3C700CC
:104DE800FEF7F2FE2046FFF789FC97F90000C0F3B2
:104DF800C700FEF7C1FE2068A188002205B0BDE803
:104E0800F04FFDF713BE864AD3E7C5F3072303F037
:104E1800F003C5F30320202BEDB218BF000165B1E4
:104E2800012D2BD099B3B9F1000F0DD0A379D90773
:104E3800A9D56FF30713A37106E099B1794B1A78D6
:104E48001043B9F1000F02D1FEF76AFDB6E7B9F1D8
:104E5800010FF9D1744949784D07AFD48242ADD0DA
:104E68001870ABE7B9F1000F04D1FCF75BFFFEF750
:104E78004BFDA3E7B9F1010FA0D0F6E719B1B9F1DD
:104E8800050F9BD8E0E7B9F1040F97D8EFE7B9F120
:104E9800000FECD0392D0CBF4FF4FA500120FEF76B
:104EA80003F92846FEF7ACFE88E715F4406FC5F312
:104EB800812307D0012B81D161B1C5F30900FCF72B
:104EC8008DFF7BE721B1C5F30900FCF797FF75E774
:104ED8000846FAE70846F2E7E8B221B1FDF72EFBEB
:104EE800FEF796FD6AE7FDF743FAF9E715F4407F08
:104EF80029D100297FF462AFC5F342129200D0B2E3
:104F080005F00F0202FA00F3EA0644BF0F228240BE
:104F1800C5F3812054BF0A46D243022843490ED024
:104F280003280AD0012806D013430A6813400B60EF
:104F3800FEF7EAFD42E7086803431343F7E7134324
:104F48000A685340F3E7C5F3012209B302F00103ED
:104F5800002B3FF433AFC5F342118900CAB215F0F4
:104F680010011CBF0F219140C5F3812005F00F03EC
:104F780018BFC94302282E4D03FA02F30FD00328A5
:104F880011D0012806D02A680B4313402B60CFE7C5
:104F98005308DDE72A681A430A432A60C8E72A68E3
:104FA8000B435340F2E70B43F0E75FFA85F9C5F38B
:104FB800032521B12846FEF707FE484644E7484640
:104FC800FEF7A2FC2846FEF7D7FDF7E65FFA85FA5A
:104FD800AAF1F003042B54D8DFE803F003141B2CC8
:104FE800370061B1B9F1040F3FF6E8AE104BC5F3D5
:104FF80004201A680125854055401D6098E7B9F1DD
:10500800050FF1E7C5F304200029DCD0FEF7DCFD2D
:10501800D4E6C5F304200029F8D0D4E7C01F002047
:1050280072200020A71F00205A1F0020641E0020A5
:10503800641F0020794A31B1C5F30425012303FA1E
:1050480005F5156074E7116072E779B1C5F30420BE
:105058000190FEF7B9FD724B01985B7813F0040FCD
:10506800D4D1C30043F003033B70CFE70120FEF720
:105078008FFDB9F1010F7FF6A1AE0220FEF788FD82
:105088009CE639B1B9F1000F01D050467CE6C5F372
:105098000420BBE7B9F1000F09D0BAF1390F0CBFF2
:1050A8004FF4FA500120FDF7FFFF5046FAE6C5F32A
:1050B800042088E745F6107398423FF4EAAB45F6BA
:1050C800117398423FF4EFABA0F5B9433B3B062B75
:1050D8001AD801A151F823F0B7480008C7480008BA
:1050E800CB48000805490008374900087F490008EF
:1050F800C549000845F6107398423FF4D0AB45F611
:10510800117398423FF4D1AB45F6F643984213D851
:1051180045F6F24398423FF66AAC45F6D8439842C2
:105128003FF494AC45F6D94398423FF4A3AC45F616
:10513800D74398423FF464AC002A56D0394B00223A
:105148001A7045F6154398423FF697AC45F6014369
:1051580098427FF662AD344B344A1B781278304D52
:1051680043EA02232B8045F6154398423FF6B4AC38
:1051780045F6014398423FF69EAC2E8829780420D4
:10518800FCF798FF310A2220FCF794FFFEF728FD70
:10519800FFF7F9BA002E7FF4DEAB2B78DE073FF578
:1051A800F2AA43F00103012B04BF1A4663F3C702B6
:1051B8002B7008BF2A702878FDF740F83B78D8078D
:1051C80002D51B48FEF792F82878C008FCF7C4FE01
:1051D800FFF7D9BA002D7FF407AC3B789B073FF562
:1051E800D2AAFEF7FBFBFFF7CEBA45F61643984264
:1051F8007FF41EAD0F4B10481B78002B14BF3521D0
:105208002921FEF791FA53E445F65A5398427FF460
:1052180003AD012066E505B0BDE8F08F641F0020EE
:105228005A1F0020C81F002008E0030844E00308B4
:105238002B8000080A1F0020F8180020214BF7B522
:105248009A7912F0F00F0AD19A7842B11E4A1F4E8D
:1052580012781F4D4FF6FF773178914201D103B094
:10526800F0BD98881988ADF8041038B389B2B942EE
:1052780024D005EBC20493F801C061788C451DD198
:1052880093F800C015F832108C4517D1A178A9B948
:10529800A188091A89B2C72910D899790948012221
:1052A80062F307119971A37962F30713A371FFF7EA
:1052B80025FA03B0BDE8F040FCF780BD013202F0EA
:1052C8000702C9E726200020712000207020002056
:1052D800302000202DE9FF47B34F0446BB88006803
:1052E800009038882278617894F80280B4F804A095
:1052F800ADF808003D46002B00F0C08080B24FF6A4
:10530800FF7C604500F0BA80BE78002E00F0B680C1
:10531800AAEB0303B8799BB2C72B00F0F00900F29F
:105328008D803B88ADF80830B9F1000F49D163454D
:10533800C14619D08DF800208DF80110BDF800C0C5
:105348009C4511D1B8F1000F40F0F580012363F3BB
:105358000710B8713846FFF7D1F9BB79A371002659
:10536800304604B0BDE8F087BAF1000F40F0E7809E
:10537800B8F1000FF3D0AB7943F00103AB71EEE75E
:1053880000EBC30595F801C08C4506D110F833C071
:10539800944502D1AD78002DE1D1013303F0070324
:1053A800E1E010F4706F02D0002B00F0FB80203396
:1053B800DBB2072B40F2F6802046FFF79FF9B14693
:1053C800F0E0634513D08DF800208DF80110BDF88A
:1053D80000C09C450BD1B8F1000F08D1A071204640
:1053E800FFF78CF923683B6063687B60B8E78DF84A
:1053F80000208DF801100098FDF7C0FAD0B1B8F17F
:10540800000F17D0AB791F2B0CD92A88ADF80820CC
:1054180002A800228DF80A20ADF80CA08DF80E30F5
:10542800FFF76CF923682B6063686B60FFF706FF72
:10543800012695E72046FFF761F9F9E7B9F1000F72
:1054480007D13846FFF75AF9C7F80090C7F8049013
:10545800A8E08DF800208DF801103B88BDF800C049
:105468009C45C4D1B8F1000FC1D1A0712046FFF707
:1054780045F9C7F80080C7F8048071E72888ADF8B7
:105488000800002B40D086B24FF6FF7086423BD012
:10549800AE78002E38D1AAEB03039BB2C72B30D8C5
:1054A8004646002EC6D08DF800208DF801102B88B6
:1054B800BDF800209A4217D1AB79DA070FD413F060
:1054C800F0020CD0F02AA37106D0DBB2C3F30312AA
:1054D800013262F30713A3712046FFF70FF923681F
:1054E8002B6063686B603BE70098FDF747FA00287C
:1054F80098D1AB79204643F00103AB71FFF7FEF872
:105508002EE72E606E602BE7B8F1000F92D08DF871
:1055180000208DF801100098FDF730FA06460028A3
:1055280088D023682B60636828886B60FDF71AFAB7
:10553800FFF784FE14E7BAF1000F3FF41CAF8DF8B3
:1055480008208DF80910BDF808004FF6FF7398423F
:105558003FF40EAFB8F1000F7FF40DAF1348144BB2
:1055680007781B781348BB427FF40AAF8DF80020F8
:105578008DF801100098FDF7F5F9C0F30332012A00
:10558800C3B27FF60EAF0E3202F00F02012A3FF6C9
:1055980013AF10F4706F3FF40AAFA27912F0F00F56
:1055A8007FF405AF4E46DBE6262000207020002061
:1055B8007120002030200020F0B587B06F4687E8C2
:1055C80003003846FFF786FE214E224D044628BBCD
:1055D80097E8030004AB83E80300BDF80410BDF8A6
:1055E8001020ADF80C20C9B11FFA82FC4FF6FF72EB
:1055F80094453778287811D07A1C02F00702824245
:105608000ED0154CADF8141003CB04EBC70C44F8BE
:1056180037003270CCF80410FCF7D0FB0E4C11E0C8
:10562800FEF7DEFA0D4B34702C701C605C60F5E7F9
:1056380004EBC000FFF74EFE40B12B78013303F0B6
:1056480007032B70287833788342F1D107B0F0BD77
:10565800702000207120002030200020262000200B
:105668002DE9F84FB04B5C6C660534D5AF4D6FF43F
:1056780080625A64002602222A70EE67AE6005F145
:105688000C0808274FF0200958F8043BABB189F300
:10569800118858F8043C586920B16FF001010C30AA
:1056A800FBF776FD58F8043C986920B16FF00101CA
:1056B8000C30FBF76DFD86F31188013F48F8046C48
:1056C800E2D185F86470FBF751FA6B681B6813B177
:1056D800964839469847250514D4E00448D4A205CD
:1056E80008D592484368DB6803B198478E4B6FF43E
:1056F80000725A648D4D8E4E23044FD4BDE8F84F86
:10570800FBF7ACBC884B894D1A6C42F008021A644E
:105718006FF400625A642B7885F8803005232B706B
:105728006B681B6813B10421284698470026AE60B1
:10573800804D08274FF0200855F8043BABB188F39B
:10574800118855F8043C586920B16FF001010C30FC
:10575800FBF71EFD55F8043C986920B16FF0010174
:105768000C30FBF715FD86F31188013FE4D1B4E74F
:105778006D4B9A6C11040CD41A6C6C4822F0080218
:105788001A6490F88030037043681B680BB10521D8
:105798009847654B6FF480525A64A0E704F00F04F1
:1057A800A70007F1804707F5B84704F10209D7F8C1
:1057B80000A005EB89031AF0800FD3F8048025D0E8
:1057C8003B68D8F8140033404268016943F4004349
:1057D8003B6003680A449B1A42602DD0B8F8102039
:1057E8009A4228BF1A46836802611944816020469C
:1057F800FBF7FEF93B6823F4F04323F0400383F002
:10580800300343F4004343F080033B601AF4004F35
:105818000FD03B68334043F080031AF4006F3B60BD
:10582800E1B225D005EB89092846D9F804305B6830
:1058380098473D4B5C6C5FE7012303FA04F22B8920
:1058480023EA02032B81D8F8083013B121462846F1
:105858009847202383F3118805EB890300215B68AF
:1058680058690C30FBF794FC002383F31188CDE7CB
:105878002D4BD8F818201B6DD2F808C003F18043CF
:1058880003F5C04303EB0410E1468368D0F80CE04D
:1058980003F10053CEF30900CEF3480E03F540534D
:1058A8004FEA8E0A0AEB430A5B00534509F10209E5
:1058B80042D16FF0010909FB0E09B9F1000F02D0BE
:1058C8001B680CF81E3093680344936053680344C4
:1058D800536013681B1A1360138A013B9BB213822F
:1058E800B8F81220824200D87BBB012303FA04F2E5
:1058F8006B89023423EA02036B8105EB84035B683E
:10590800DB680BB128469847202383F3118805EB01
:1059180084046368986941680C30FBF739FC0023FC
:1059280083F3118885E700BF005C004070180020F1
:105938000F07FFFF7C18002053F804BB09F802BCCE
:105948004FEA1B2B09F801BCAFE73B6823F49043EF
:1059580023F0700383F4405343F4004343F080037F
:105968003B6066E708B50348FBF75EF9BDE8084009
:10597800FBF774BB2418002008B50348FBF754F95B
:10598800BDE80840FBF76ABB0818002008B50348C3
:10599800FBF778F9BDE80840FBF760BBC4170020A7
:1059A80008B50348FBF76EF9BDE80840FBF756BB9E
:1059B800B417002008B50348FBF764F9BDE80840B0
:1059C800FBF74CBBA41700204FF080422DE9F843A9
:1059D8001369D1680B40D9B2C9439B0711613FD500
:1059E800202383F31188204C4FF00008E36904F169
:1059F8001C06C1464FF08040A16A426A9F68551A4A
:105A0800BD421CD307469968A26A0A44A2621A6872
:105A1800B2425660A5EB0105E261D968C3F80C8073
:105A280008BFC7F80C8089F31188186988472023B4
:105A380083F31188E3699A689542E4D2DAE7E56965
:105A4800B5420AD0A262AC682144891AA9609B6851
:105A5800022B2CBFD21802324263002383F3118831
:105A6800BDE8F843FBF7FABA5C1C002038B5234BB5
:105A7800196B8A6902F47C50C861D96A4C6820683D
:105A880020F00F002060487B0C680E2101FA00F01E
:105A98006060986A45682C6824F00F042C600468DC
:105AA800407B81406160D40542BF996841F00101A3
:105AB8009960900542BF996841F0020199605105CB
:105AC80042BF996841F008019960D20499680ED5DF
:105AD80041F020019960202383F3118808486FF072
:105AE8000101FBF755FB002383F3118801E000292E
:105AF800F1D1BDE83840FBF7B1BA00BFD417002098
:105B0800F017002038B54A4D2C6BA26902F0FE034D
:105B180012F01000E3612ED0EB6A59680A6822F08F
:105B28000F020A605A7B19680E2303FA02F24A60D0
:105B3800AA6A5068016821F00F0101601168527B60
:105B480093404B60AB6843F00403AB60636843F475
:105B580080436360236823F046032360202383F394
:105B680011886FF0010105F11C00FBF711FB002300
:105B780083F311881AE013061FD52B78032B19D14C
:105B8800EB6A69685B6889685A68636823F0FF7321
:105B9800FF2A23F4803388BF4FF0807043EA010363
:105BA80088BFFF22034343EA02436360BDE83840ED
:105BB800FBF754BAFAF73AFFF8E75306F6D529780F
:105BC800AB6A03295A681BD1EB6A5868016821F04F
:105BD8000F010160587B19680E2383404B6053689E
:105BE800BBB1FAF723FFAB6A5A68136843F00103A5
:105BF8001360636843F40053636004232B70D5E794
:105C0800116821F00F011160597B1A680E238B402F
:105C18005360636843F480436360236823F0400360
:105C28002360202383F31188024800219DE700BFE9
:105C3800D4170020F017002008B50348FBF79EF89A
:105C4800BDE80840FBF70ABA2C84000808B50348E9
:105C5800FBF794F8BDE80840FBF700BA1C8400087D
:105C680008B50348FBF78AF8BDE80840FBF7F6B922
:105C78000C84000808B50348FBF780F8BDE8084025
:105C8800FBF7ECB9FC83000808B50348FBF776F886
:105C9800BDE80840FBF7E2B9EC83000808B5034803
:105CA800FBF76CF8BDE80840FBF7D8B9DC830008BF
:105CB80008B50348FBF762F8BDE80840FBF7CEB922
:105CC800CC83000808B50348FBF758F8BDE808403E
:105CD800FBF7C4B9BC83000808B50348FBF74EF8C6
:105CE800BDE80840FBF7BAB9AC83000808B503481B
:105CF800FBF744F8BDE80840FBF7B0B99C830008FF
:105D080008B50348FBF73AF8BDE80840FBF7A6B921
:105D18008C83000808B50348FBF730F8BDE8084055
:105D2800FBF79CB97C830008FBF798B9FBF796B999
:105D3800FBF794B908B50348FAF7A4FFBDE8084093
:105D4800FBF78CB9941700203E4B10B55A691C68B4
:105D5800144004F47C425A61620510D53A4AD2F8DC
:105D6800A83013B1D2F8AC009847202383F31188E8
:105D780036480021FBF7FEF9002383F31188230539
:105D880010D5314AD2F8B83013B1D2F8BC009847D0
:105D9800202383F311882E480021FBF7EBF9002319
:105DA80083F31188E00410D5274AD2F8C83013B11C
:105DB800D2F8CC009847202383F311882548002186
:105DC800FBF7D8F9002383F31188A10410D51E4AE4
:105DD800D2F8D83013B1D2F8DC009847202383F3E7
:105DE80011881D480021FBF7C5F9002383F31188AA
:105DF800620410D5144AD2F8E83013B1D2F8EC0096
:105E08009847202383F3118814480021FBF7B2F93F
:105E1800002383F31188230410D50B4AD2F8F830F5
:105E280013B1D2F8FC009847202383F311880C485B
:105E38000021FBF79FF9002383F31188BDE8104088
:105E4800FBF70CB900040140581B0020F81B002088
:105E5800081C0020181C0020281C0020381C0020CA
:105E6800481C0020324B10B55A691C68144004F4D1
:105E780078725A61A3060ED52E4A936D0BB1D06D78
:105E88009847202383F311882B480021FBF772F9E8
:105E9800002383F3118860060ED5264A936E0BB152
:105EA800D06E9847202383F3118824480021FBF7FC
:105EB80061F9002383F3118821060ED51D4A936FDB
:105EC8000BB1D06F9847202383F311881C48002119
:105ED800FBF750F9002383F31188E20510D5154A22
:105EE800D2F8883013B1D2F88C009847202383F376
:105EF800118814480021FBF73DF9002383F311882A
:105F0800A30510D50B4AD2F8983013B1D2F89C00EB
:105F18009847202383F311880B480021FBF72AF9BF
:105F2800002383F31188BDE81040FBF797B800BF42
:105F380000040140581B0020A81B0020B81B0020AB
:105F4800C81B0020D81B0020E81B00200D4A08B5FC
:105F5800516913680B4003F01003536173B10A4A87
:105F6800936C0BB1D06C9847202383F311880748B2
:105F78000021FBF7FFF8002383F31188BDE80840F0
:105F8800FBF76CB800040140581B0020981B002048
:105F98000D4A08B5516913680B4003F008035361B3
:105FA80073B10A4A936B0BB1D06B9847202383F3E4
:105FB800118807480021FBF7DDF8002383F31188D7
:105FC800BDE80840FBF74AB800040140581B002010
:105FD800881B00200D4A08B5516913680B4003F06F
:105FE8000403536173B10A4A936A0BB1D06A9847A4
:105FF800202383F3118807480021FBF7BBF800230F
:1060080083F31188BDE80840FBF728B80004014075
:10601800581B0020781B00200D4A08B551691368E9
:106028000B4003F00203536173B10A4A93690BB141
:10603800D0699847202383F3118807480021FBF78C
:1060480099F8002383F31188BDE80840FBF706B8E8
:1060580000040140581B0020681B00200D4A08B5A9
:10606800516913680B4003F00103536173B10A4A85
:1060780093680BB1D0689847202383F311880648AA
:106088000021FBF777F8002383F31188BDE8084067
:10609800FAF7E4BF00040140581B0020EFF309831E
:1060A80005494A6822F001024A60683383F3098887
:1060B800002383F31188704730EF00E038B52023C0
:1060C80083F311880E4B9C69606204F12805A06A6D
:1060D800A8420FD194F822303BB994F821309B079D
:1060E80002BFD4E9043213615A61BDE838400F2079
:1060F800FCF760BE0368A362FBF704F8E7E700BF9C
:106108005C1C0020134B1A689969106810B443602E
:106118001860012082F820009A618868002281F8BE
:1061280020201A461B689C688442FBD858680B607C
:10613800486001605960EFF30983C869643B98427D
:1061480003D972B6044BD362FEE790695DF8044B3D
:10615800FAF7FEB85C1C0020417700081149F0B539
:1061680008200026D1E901340A681D46043AAC42E9
:1061780010D8E21CD21ADD1E22F00302AC4238BF4E
:1061880000221344CA689A4209D8013801F1100163
:10619800E8D1F0BD52F8047F45F8047BE7E743F8FF
:1061A800046BF0E7148A0008FEE7704770470000A8
:1061B800B24EB36A63F4FC032DE98048B362B36A54
:1061C80003F4FC03B3624FF0FF32B36A3369326100
:1061D8003369002333613169F168F260F268F36072
:1061E800F268F269A64942F08052F261F2690A68DF
:1061F80042F480720A60326A02F44072B2F5007F9B
:106208001EBF4FF4803232623362336A1F048DB08E
:1062180007D4336A43F400733362336A43F40043A8
:106228003362984A98480023C2E900330121446840
:10623800236042F8313001310D2900F11000F6D108
:10624800924A4FF0FF335360C2F80434904B6022F7
:10625800402183F80623C3F880111960802183F850
:1062680007234FF40070C3F8801119604FF4807150
:1062780083F80823C3F88011196083F80923C3F849
:10628800800118604FF4806083F80A23C3F8800106
:1062980018604FF4000083F81723C3F880011860D2
:1062A80083F82823C3F88411702259604FF0807155
:1062B80083F81823C3F8801119604FF0007183F830
:1062C8001923C3F8801119604FF0806183F81A23ED
:1062D800C3F88011196083F81B234FF00062C3F8DC
:1062E80080211A60B3696B4A43F00103B361B36953
:1062F800136843F0200313600021674A0B460131FD
:106308001029C2E90022C2E9023302F11002F6D1D3
:10631800624A634C136202F11800C2E90600614840
:10632800614F01211170C2E90433C2E90A035F4ACF
:1063380002F11800C2E906005D481170C2E9043391
:10634800C2E90A0313625B4A5B48D060117053606C
:106358005A4A00F58060D06011705360584A00F5C1
:106368009030D06011705360564A00F54060D0609C
:1063780011705360544A02F10C00C2E903005348FB
:10638800117053605361C2E90A33D3611063504AF4
:10639800A261504A21700420107420744E48117074
:1063A8005360D36090614D4A636002F10C00C2E90A
:1063B80003004B481170C2E9070341F20A0541F294
:1063C8001800C2E9013353615362C2E90A5000223E
:1063D800E36039707B6007F12C01134641F8043BF8
:1063E8000132072A8B61F9D1F2693E49BB6042F05C
:1063F8000102F261F2698A683B4D42F001028A604B
:106408004FF0804240F2CF21916201204FF0FF31DE
:10641800D16293615363D3605360506110601C4A2A
:10642800802082F81C034FF08050C2F88001106071
:1064380005F11C02C5E907222C4A2D4810602D4899
:1064480050602D4A2D489360C2E9000302F10C0008
:10645800C5E90913AB60C5E90055C5E90455C2E9AA
:1064680003005361CDE90413CDE906336B670022BD
:106478000023CDE908234FF0040841E00010024052
:1064880000700040701E00207C830008000002405D
:1064980000E100E000000140581B0020340F0020FC
:1064A80008180020B885000870180020640F002024
:1064B800D4850008A417002000100040B41700205D
:1064C800C417002094170020D4170020005400405F
:1064D8000004004024180020000800404018002054
:1064E80000380040002004E05C1C0020381E00201A
:1064F8007820002000A00020481E0020FD1600087B
:1065080004A8FAF7F9FD04A8FAF7D6FDB8F10108CE
:10651800F6D1049B6B678023C5E91A83AB63DE4B16
:10652800DE4AAB646B696B64012185F85180C5F85C
:10653800648085F852102D641A6102F12803AB6556
:1065480002F12C03C5E91733D54B6A61AA61EB64E4
:1065580085F85010202080F3118862B6D14BDFF8FF
:106568009CC3D3F80CE02EF4E06E4FEA0E4E4FEACF
:106578001E4E4EEA0C0CDFF888E3C3F80CC0DEF8B8
:106588000CC04CF0807CCEF80CC0DFF878E3DEF865
:1065980000C04CEA010CCEF800C04FF0100C83F894
:1065A8001FC083F8220088F3118862B680F311882F
:1065B800BD4B03F1B400C3F82401BC48C3F8201153
:1065C800C3E93D08C3E9548183F83A11B848B94989
:1065D800C3F81401C3F8301102206969A3F838011F
:1065E80003F58C70C3F82C11C3F83431C3F84C810F
:1065F800C3F82851086103F5A071C3F8401103F5E9
:10660800A271C3E95111A969C3F83C819E468B6800
:1066180068618446002B00F0DE81FAF773FD0025DF
:1066280085F31188A44BA54A1A60A54BA54A5A6060
:1066380002F188325A6029461022A348DFF8C8823E
:10664800F9F7A0FEA14B1D70A14B1D70A14B03F1E2
:1066580008029A6503F11C02C3F8802003F1E001E7
:1066680003F13002C3E93811C3F8A020D3F8C410ED
:10667800D3F8BC00D3F8B890C3F8EC5003F1D802B3
:10668800C3F8D820D3F8D020C3F8D480043100FB55
:10669800012EC3E94002C3E93C22D3F8CC20C3F859
:1066A8002491C3E93EE14FF0010C03F1D40003F556
:1066B8008C71DFF858E283F8DCC0C3E94255C3E9BE
:1066C800461183F8E8C083F820C1C3F810E1C3F885
:1066D8001401C3E94A22D3F8C010C3E95055043164
:1066E8007D4D01FB092CC3E94CC1C3E94E92C3E9B6
:1066F8005250D3F8B020202181F3118893F8B410B8
:1067080002EB8101AC46886293F8B510113142F86A
:10671800210093F8B61011B102EB810290626F4A22
:10672800C3F85021022183F8DC10002181F311887D
:1067380002F1AC00C3F8AC0102F1C000C3F8D40107
:1067480002F1D400C3F8F40102F5BE70C3F82C02BC
:1067580002F5C270C3E98D00D3F81802D3F82452A9
:10676800D3F81092C3F864E2043000FB095AC3E975
:1067780093A0D3F81402D3F820E2C3F82882C3E91F
:106788009595D3F80C92C3F84012C3E9915504309B
:1067980002F5BC7502F5DE724FF00108C3E99B22D1
:1067A80000FB09E2C3E99711C3E99FEE83F8308241
:1067B80083F83C82C3F8685283F87482C3F87892ED
:1067C800C3E9A120C3E9A511C3E9A39EC3E9A7C5ED
:1067D800D3F80422202181F3118893F8081202EBE0
:1067E80081018D6293F80912113142F8215093F812
:1067F8000A1211B102EB81029562394AC3F8A42248
:106808004FF0020883F83082002585F311884FF491
:10681800805101224FF09040FAF74EFA4FF0904322
:106828004FF480525A832F48FCF73EFC202383F311
:1068380011882D4B7B603B78012BC7E90355C7E9CD
:106848000555C7E90755C7E9095501D1FAF7ACF964
:1068580087F80080002585F3118840F202724FF412
:1068680080514FF09040FAF727FA204B41F28830D8
:10687800DD60FCF719FC1E48FCF738FD202383F384
:1068880011884FF080435A6A85F31188194B1A48CA
:106898001A60FBF7B1FE3BE05E8500088C1C002007
:1068A8000004002000ED00E0D81C0020F9160008C4
:1068B8007103000894800008BC0E00200519000828
:1068C8000020024023016745F81E0020081F002011
:1068D800091F0020140C0020D7170008C40C002042
:1068E800180E0020F0490200D08A0008241F00205A
:1068F80099800008C41F00200A0000480003FA0518
:10690800F0ED00E0001000E0E08A0008C51800087B
:106918004048414DFBF770FE4048FBF76DFE40488C
:10692800FBF76AFE3F48FBF767FE3F48FBF764FE4C
:10693800112755F8040B013FFBF75EFE17F0FF0720
:10694800F7D13A4D3A492A460623A846013B13F0A7
:10695800FF0341F8047B42F8047BF7D1354B364AF4
:106968001B78127843EA02231BB213F58B7F01D000
:10697800FBF77CFC314B1A78314B1A70314B324A99
:106988001B78127843EA0223304A1380FCF798FBFD
:1069980040F6B830FCF788FBFCF792FBD8F800709B
:1069A80017F0010758D0FF212320FBF783FBFF21B5
:1069B8002420FBF77FFBFF212520FBF77BFBFBF760
:1069C80041FCFF210020FBF775FBFF210120FBF7AD
:1069D80071FBFBF76FF981F82080303A12689068F4
:1069E8000028FBD150680A604860016051600122AC
:1069F800C5F818C08EF83821EFF30983CA69643BDB
:106A08009A4203D972B6124BEB62FEE71148F9F7C6
:106A18009FFC04E60D040048748500080C04004837
:106A28000B0400480E0800480F0800486C1F00209F
:106A3800A81F002000E0030802E0030804E00308A0
:106A4800441E002008E0030844E003085A1F002001
:106A580041770008F01D0020BB4B1A78BB4B1A6029
:106A6800FDF752F8012210214FF09040FAF724F96F
:106A78004FF090401023438301224FF48071FAF7BE
:106A88001BF94FF4807343834FF48172B04801219E
:106A9800FAF712F9AF4A0123D361202383F311884F
:106AA800237850686260012BA06040F0D780F369BA
:106AB80043F00203F361F369336943F0020333617E
:106AC800336923F0020333613369A34B702183F8E0
:106AD8001D134FF00051C3F8801119609F4B63617B
:106AE800A36946F668019961D96101F1807101F5E0
:106AF8008031596563691168B3FBF1F3A169013B02
:106B08008B620138D36BC8624B60D36803F00F0304
:106B1800012B00F0B280022B40F0B18043F001035A
:106B2800506900F00F00012803D0022803D143F078
:106B3800200343F01003D06900F00F00012803D0B0
:106B4800022803D143F4007343F48073506A00F0C1
:106B58000F00012803D0022803D143F4005343F463
:106B68008053126C0B6201234B6122F0FF02002359
:106B78000B61CA6085220A600222E360227083F3F7
:106B88001188774E3078C008FBF7E6F93378980714
:106B980001D5FBF7C5F9734B1B78212B07D1724B35
:106BA8001B78072B03D1714B1B78132B13D00021B3
:106BB8002620FBF77FFAFBF70DFBFBF7FFFA2121F5
:106BC8002320FBF777FA07212420FBF773FA132118
:106BD8002520FBF76FFAFBF799FB654B654A66487A
:106BE8001A60FCF783FB654E3746654BDFF8BCC17E
:106BF8001A78337800219A4243D0184601331CF89A
:106C08000000052803F00F034FF00101F3D13B709A
:106C18005C4B5D484FF0000883F800805B4B83F8BD
:106C28000080FCF7AFF85A4BC3F80080A3F8048043
:106C3800584B83F80080584B83F80080574B4046E8
:106C480083F80080FBF7DAF84046FBF7C7F8FBF754
:106C58005DFBFBF7E3F8FBF7C1FEC6E7A3691F601E
:106C6800217C5F6304294FF000019F63DF631F6489
:106C780084BF9F65DF6559623CE700234EE7002328
:106C88004EE701B13270464E3378052B30D1454876
:106C9800FCF72CFB4FF02008002722E088F311882E
:106CA800E36823F00403E360A369DF63DA6822F092
:106CB8000802DA6087F311884FF00000FBF78EFEB8
:106CC80040F2A460FCF7F0F9FCF7FAF92A4606232B
:106CD80052F8041B002940F06283013B13F0FF03C4
:106CE800F6D13378052BD9D0FCF796FDFCF790FE4A
:106CF800FCF7E6F908B1FAF7F5FF2B4BCDE90035BB
:106D08000026F3B20293019B53F8047B0193009B86
:106D180053F8048B0093B8454AD10136062EF0D1BA
:106D2800FAF7E0FF00234FF6FF7240F00100ADF8DC
:106D38001630ADF810208DF81230ADF81400DDE9EA
:106D48000401FEF739FC69E006E00308641E002030
:106D580000040048D00E002000E100E000A24A0430
:106D6800581C002046E0030848E003084AE00308EE
:106D7800D81E0020000C0020AA800008091F00204F
:106D8800081F0020C01F0020F818002072200020D3
:106D98009C1F0020A41F0020A51F0020A21F002068
:106DA80070180020BB800008841F0020F81E0020F7
:106DB800B04B1B78990700F1128188EA0708002375
:106DC8004FF0010919EA080F5FFA83FA00F04081D1
:106DD80019EA070714BF4FF001084FF00008FAF747
:106DE80081FF40F0010080B200230FB1A24A137066
:106DF800ADF81630029B8DF811308DF810A08DF883
:106E08001280ADF81400DDE90401FEF7D5FB9B4ABA
:106E180052F8263083EA090342F82630DFF898A2B0
:106E28009AF902609AF903709AF8003000930022E8
:106E380056EA07039AF904809AF905909AF801B07E
:106E48008AF802208AF803208AF804208AF80520A4
:106E580011D08B4A12880192FAF744FF019A894BA4
:106E6800801A1A7880B2002A00F0F98086490978D9
:106E7800884200F3238158EA090340D0834A1288E4
:106E88000192FAF72FFF019A8149801A0A7880B295
:106E9800002A00F02283642831D9FF2A01D0013268
:106EA8000A70B8F1000F09D0FBF7D8FAB8F1000F53
:106EB800CCBF0122FF2250438AF80400B9F1000F29
:106EC80009D0FBF7CBFAB9F1000FCCBF0122FF22A2
:106ED80050438AF805009AF9041081B19AF905001F
:106EE80068B1B5225143091202FB00F208BF012123
:106EF800121208BF01228AF804108AF805209AF8AD
:106F080003109AF802200A439AF804100A439AF8E0
:106F1800051052EA010301D0FCF77AFD009B8AF8BC
:106F280000308AF802608AF801B05A4E8AF8037075
:106F38008AF804808AF80590FAF770FF337883425C
:106F48001CD0FAF76BFF30704A4E33785A07074661
:106F580011D5DB070FD55048FCF7C8F93378D807A7
:106F680009D539464D48FCF7C1F93378D90702D518
:106F78004B48FCF7BBF93846FBF730FD494F38461C
:106F8800202250F8D43F04A91E6A0023B047D7F83E
:106F9800283220221E6A04A9002307F50A70B04788
:106FA80000283FF420AE9DF81030013BC6B2122BEA
:106FB80000F2F980DFE813F0B100B800EB00FB0045
:106FC800040127012A0147015B01F700F70060016E
:106FD800640169018C01AB01AE01B001D4013248F2
:106FE800FCF784F9AA464FF0000949462B48FCF7FC
:106FF8007DF92E48FCF77AF95AF804BB5FFA8BF052
:10700800FBF701FD0146CBF30720FBF7FCFC4FEA39
:107018001B430246CBF307400393FBF7F4FC039BA7
:107028008346180AFBF7EFFC40EA0B2B42EA0121E2
:107038001FFA8BFB4BEA01411D48FCF757F909F190
:1070480001091748FCF752F9B9F1060FCDD1B4E69A
:107058000133112B4FEA49097FF4B4AE5DE61549B7
:10706800097801EB8101B0EB410F7FF704AF0132E2
:107078001A7025E0441E002072200020841F002082
:10708800601F0020A41F0020C90E0020621F0020DE
:10709800A51F0020681F0020ED8000081578000853
:1070A8004F7E0008140C0020BF8000086D7F000888
:1070B800E6800008C80E00209C1F0020FF2AD6D1B9
:1070C80046B1FBF7FFF9002ECCBF0122FF22504347
:1070D8008AF8020047B1FBF7F5F9002FCCBF01226F
:1070E800FF2250438AF803009AF9021000293FF45E
:1070F800C2AE9AF9030000283FF4BDAEB522514351
:10710800091202FB00F208BF0121121208BF012276
:107118008AF802108AF80320ADE600238DF81130B2
:1071280009238DF8123027E09DF81130022B00F06A
:10713800C981032B0DD0012B35D1FAF7D3FD030EEE
:107148008DF81230030C8DF8133040BAADF81400E6
:1071580012E004AB2846042250F8041B19714FEAC8
:10716800114C033283F802C0162A4FEA112C83F817
:1071780003C003F10303EFD1202E7FF434ADD7F819
:107188002832C8485B68324604A998472BE59DF821
:107198001130022B07D1DDF8121009BAC9B2262026
:1071A800FAF788FFE8E7FF238DF81030E4E79DF849
:1071B80013209DF812109DF81100FAF737FEC4E766
:1071C8009DF814309DF815109DF811209DF81300B6
:1071D80041EA03219DF8123003EB03135B004FF0E3
:1071E800CC0818FB023808EB400808F127000FFA12
:1071F80081F980B2090AFAF75DFF08F128005FFA01
:1072080089F180B2CCE7FAF7E5FFB5E79DF81130D0
:10721800092B0BD00A2BAFD1A34B9DF812201B785A
:1072280062B99A07A8D5FCF7ABFBA5E79DF8120051
:107238005523B0FBF3F0FAF7C1FE9DE79B079BD4FB
:10724800FCF7CCFB98E79DF81130092B06D00A2BE8
:1072580092D1954B1B78C3F3400362E7924B1B789E
:10726800C3F3C40303EB830303EB031359E78E4B08
:107278001878FAF7E3FF7FE710238DF811307BE7E2
:1072880000238DF81130A9234BE79DF811209DF8B4
:1072980012309DF8138043EA022303F25732C3F5F4
:1072A8007C4304A9A9334FF00009D01880B2804567
:1072B8007FF662AFA2F25730A82806DC1046FAF72C
:1072C80015FB087101320131EFE781F80490F9E705
:1072D8009DF811309DF812809DF813A048EA032804
:1072E8004FF000091FFA89F35345BFF445AFB8F1D1
:1072F800A80F07DC04AB4B4408F25730197980B269
:10730800FAF7D8FE09F1010908F10108EAE7FAF7E6
:1073180055FF31E70423B0E79DF811209DF812309E
:107328009DF8138043EA022303F12702C3F57F4344
:1073380004A9D9334FF00009D01880B24045BFF4F2
:107348001BAFA2F12700B0F54C7F06DA1046FAF71A
:10735800CDFA087101320131EEE781F80490F9E7BE
:107368009DF811309DF812809DF813A048EA032873
:107378004FF000091FFA89F35345BFF4FDAEB8F585
:107388004C7F07DA04AB4B4408F12700197980B227
:10739800FAF790FE09F1010908F10108EAE73378E4
:1073A800052B0BD1414F3B6C43F010033B64C820C5
:1073B800FBF77AFE3B6C23F010033B6488F31188DB
:1073C8003378012B16D03A4B4FF48062C3F88820EB
:1073D8004FF40061002283F84A23C3F8881083F829
:1073E8004B23324B03221A64324AD36923F4000335
:1073F800D361D369DFF8C8A0002701237760337011
:10740800B9465AF8043B7BB1586920B16FF00101C5
:107418000C30F9F7BDFE5AF8043C986920B16FF0BA
:1074280001010C30F9F7B4FE0137082F4AF8049C23
:10743800E7D1214B1A689B6992689B689A4201D9E7
:10744800FEF760FE002787F3118801224FF4805170
:107458004FF09040F9F730FC4FF090434FF48052D2
:107468005A8388F31188154B73603378012BC6E96A
:107478000377C6E90577C6E90777C6E9097701D131
:10748800F9F792FB02233370002383F3118840F24B
:1074980002724FF480514FF09040F9F70DFCFFF75E
:1074A800FBBB00BF3C0E0020581C0020005C0040C5
:1074B80000E100E0001002405C1C0020D08A0008B7
:1074C8007C1800202620FAF711FA0023ADF81230B4
:1074D8008DF814308DF815004EE6B0F5967F3FF61E
:1074E800DEAC0CE5404A08B552F8041C3F4B994203
:1074F8000DD1002342F8043C83F314883C4B1B68ED
:1075080083F3088862B63B4B1B689847FEE73A4A04
:107518003A49936A43F4FC039362936A23F4FC03A5
:107528009362936A536943F4FC0353614FF09040AC
:107538005369F9F799FA32493248F9F795FA324915
:107548003248F9F791FA32493248F9F78DFA324957
:107558003248F9F789FA32493248F9F785FA136857
:1075680043F00103136013461A689207FCD55A6862
:1075780022F003025A605A6812F00C02FBD1196813
:1075880001F0F90119605A601A6842F480321A60F1
:107598001A689003FCD55A6A42F001025A625A6A84
:1075A8009107FCD5204A5A604FF40452DA6230221F
:1075B8001A631A6842F080721A601A689201FCD540
:1075C8001A4A12211160116801F007010229FAD143
:1075D8005A6842F002025A605A6802F00C02082AFD
:1075E800FAD11A6B1A6308BD00A00020EFBEADDE09
:1075F80000D8FF1F04D8FF1F00100240148600089F
:1076080030860008000400484C860008000800483E
:1076180068860008000C00488486000800100048AE
:10762800A08600080014004800241D000020024025
:04763800F8B500BFE2
:04763C00F8B500BFDE
:107640000020202020202020202028282828282032
:10765000202020202020202020202020202020202A
:107660002088101010101010101010101010101092
:107670001004040404040404040404101010101082
:10768000101041414141414101010101010101014C
:10769000010101010101010101010101101010109E
:1076A000101042424242424202020202020202021E
:1076B0000202020202020202020202021010101072
:1076C000200000000000000000000000000000009A
:1076D00000000000000000000000000000000000AA
:1076E000000000000000000000000000000000009A
:1076F000000000000000000000000000000000008A
:107700000000000000000000000000000000000079
:107710000000000000000000000000000000000069
:107720000000000000000000000000000000000059
:107730000000000000000000000000000000000049
:1077400000737461636B206F766572666C6F77008F
:1077500064656C5F6B65795F6269743A2063616E22
:1077600027742064656C3A20253032580A00616421
:10777000645F6B65795F6269743A2063616E277438
:10778000206164643A20253032580A006B657962C2
:107790006F6172645F7265706F72743A2000253099
:1077A000325820004F6E6573686F743A20616374BD
:1077B0006976653A2025640A006261636B6C6967CB
:1077C000687420627265617468696E6720646973A9
:1077D00061626C650A006261636B6C696768742042
:1077E000627265617468696E6720656E61626C655E
:1077F0000A006D6F7573656B6579205B62746E7CD2
:10780000782079207620685D287265702F61636C1E
:10781000293A205B0025303258007C002564005D49
:1078200028002575002F004C25640A000A092D2028
:107830004D6F7573656B6579202D0A4553432F7124
:107840003A09717569740A313A0964656C6179287D
:107850002A31306D73290A323A09696E746572767D
:10786000616C286D73290A333A096D61785F737012
:107870006565640A343A0974696D655F746F5F6D9C
:1078800061780A353A09776865656C5F6D61785F84
:1078900073706565640A363A09776865656C5F746C
:1078A000696D655F746F5F6D61780A0A703A09707F
:1078B00072696E742076616C7565730A643A097337
:1078C00065742064656661756C74730A75703A0935
:1078D0002B310A646F776E3A092D310A7067757023
:1078E0003A092B31300A7067646F776E3A092D318F
:1078F000300A0A7370656564203D2064656C7461AC
:10790000202A206D61785F7370656564202A2028C5
:10791000726570656174202F2074696D655F746F86
:107920005F6D6178290A0077686572652064656C0F
:1079300074613A20637572736F723D25642C2077F1
:107940006865656C3D25640A5365652068747470CC
:107950003A2F2F656E2E77696B6970656469612EA9
:107960006F72672F77696B692F4D6F7573655F6BEA
:107970006579730A006D6B5F64656C6179203D20E9
:1079800025640A006D6B5F696E74657276616C20A8
:107990003D2025640A006D6B5F6D61785F737065D3
:1079A0006564203D2025640A006D6B5F74696D6518
:1079B0005F746F5F6D6178203D2025640A006D6BF8
:1079C0005F776865656C5F6D61785F73706565642E
:1079D000203D2025640A006D6B5F776865656C5FEC
:1079E00074696D655F746F5F6D6178203D202564FB
:1079F0000A006565636F6E6669673A0A00646566CA
:107A000061756C745F6C617965723A2000646562BF
:107A100075675F636F6E6669672E7261773A2000E3
:107A20002E656E61626C653A20002E6D617472691C
:107A3000783A20002E6B6579626F6172643A20009B
:107A40002E6D6F7573653A20006B65796D61705F9F
:107A5000636F6E6669672E7261773A20002E7377C6
:107A600061705F636F6E74726F6C5F636170736C73
:107A70006F636B3A20002E636170736C6F636B5F92
:107A8000746F5F636F6E74726F6C3A20002E737741
:107A900061705F6C63746C5F6C6775693A20002E6F
:107AA000737761705F7263746C5F726775693A2097
:107AB000002E737761705F6C616C745F6C677569C1
:107AC0003A20002E737761705F72616C745F726729
:107AD00075693A20002E6E6F5F6775693A20002E37
:107AE000737761705F67726176655F6573633A2073
:107AF000002E737761705F6261636B736C61736892
:107B00005F6261636B73706163653A20002E6E6B18
:107B1000726F3A20006261636B6C696768745F63BF
:107B20006F6E6669672E7261773A20002E6C6576FB
:107B3000656C3A2000436C656172696E672045454B
:107B400050524F4D0A000A092D204D61676963208C
:107B50002D0A443A094465627567204D6573736167
:107B6000676520546F67676C650A583A094D617400
:107B7000726978204465627567204D6F6465205492
:107B80006F67676C65202D2053686F77206B657970
:107B90007072657373657320696E206D61747269AC
:107BA0007820677269640A4B3A094B6579626F61A4
:107BB000726420446562756720546F67676C652046
:107BC0002D2053686F77206B657970726573732011
:107BD0007265706F72740A4D3A0944656275672068
:107BE0004D6F75736520546F67676C650A563A0967
:107BF00056657273696F6E0A533A095374617475EE
:107C0000730A433A09416374697661746520436F6E
:107C10006E736F6C65204D6F64650A46312D463179
:107C2000303A0953776974636820746F204C617926
:107C3000657220302D392028463130203D204C30CF
:107C4000290A302D393A0953776974636820746FB3
:107C5000204C6179657220302D390A4752415645D2
:107C60003A0953776974636820746F204C617965B1
:107C70007220302028616C7465726E617465290A07
:107C8000423A094A756D7020746F20426F6F746CB0
:107C90006F616465720A4553433A094A756D7020F5
:107CA000746F20426F6F746C6F616465722028611D
:107CB0006C7465726E617465290A453A095072697F
:107CC0006E7420454550524F4D2053657474696E53
:107CD00067730A4253504143453A09436C656172E8
:107CE00020454550524F4D0A4E3A094E4B524F20B7
:107CF000546F67676C650A000A092D20436F6E7325
:107D00006F6C65202D0A4553432F713A09717569CF
:107D1000740A6D3A096D6F7573656B65790A004376
:107D20003E20000A0A4A756D70696E6720746F20E4
:107D3000626F6F746C6F616465722E2E2E20000A64
:107D400064656275673A206F6E0A000A6465627541
:107D5000673A206F66660A000A6D61747269783A44
:107D6000206F6E0A000A6D61747269783A206F663E
:107D7000660A000A6B6579626F6172643A206F6E01
:107D80000A000A6B6579626F6172643A206F6666F9
:107D90000A000A6D6F7573653A206F6E0A000A6DEE
:107DA0006F7573653A206F66660A000A092D2056C2
:107DB000657273696F6E202D0A005649443A20306F
:107DC0007834443443284D6563686C6F76696E2E51
:107DD00053747564696F29205049443A20307838CB
:107DE00037303328526F7567653837205265762EE5
:107DF0003129205645523A203078303030310A004F
:107E00004255494C443A2020284A756C2031332091
:107E100032303231290A0043484942494F533A200F
:107E200022627265616B696E675F323032315F71F9
:107E300031222C20434F4E545249423A2022627242
:107E400065616B696E675F323032315F7131220A72
:107E5000004F5054494F4E533A204D4F5553454BC8
:107E600045592045585452414B455920434F4E5394
:107E70004F4C4520434F4D4D414E44204E4B524FA9
:107E8000204C544F20424F4F544C4F414445525F79
:107E900053495A450A004743433A20392E322E317E
:107EA0000A000A092D20537461747573202D0A008D
:107EB000686F73745F6B6579626F6172645F6C6524
:107EC000647328293A2025580A006B6579626F612E
:107ED00072645F70726F746F636F6C3A2025580A1A
:107EE000006B6579626F6172645F69646C653A20EA
:107EF00025580A006B65796D61705F636F6E666906
:107F0000672E6E6B726F3A2025580A0074696D6592
:107F1000725F72656164333228293A202530346CEF
:107F2000580A004E4B524F3A206F6E0A004E4B5289
:107F30004F3A206F66660A003F004D3E20000A0956
:107F40002D2056616C756573202D0A00313A20642E
:107F5000656C6179282A31306D73293A2000323AF4
:107F600020696E74657276616C286D73293A200001
:107F7000333A206D61785F73706565643A20003430
:107F80003A2074696D655F746F5F6D61783A2000A7
:107F9000353A20776865656C5F6D61785F737065F1
:107FA00065643A2000363A20776865656C5F7469CD
:107FB0006D655F746F5F6D61783A20007365742042
:107FC00064656661756C740A004D25643E20004D41
:107FD0003E006261636B6C696768742064656372FC
:107FE000656173653A2025750A006261636B6C698F
:107FF00067687420696E6372656173653A202575E0
:108000000A006261636B6C6967687420746F6767EC
:108010006C653A2025750A006261636B6C6967685C
:10802000742064697361626C650A006261636B6CE1
:108030006967687420656E61626C650A00626163DD
:108040006B6C6967687420737465703A2025750AD3
:10805000006261636B6C6967687420627265617449
:1080600068696E6720746F67676C653A2025750ACA
:108070000044454255473A20656E61626C65642E46
:108080000A0044454255473A2064697361626C6551
:10809000642E0A0069646C650055534220636F6E5C
:1080A000666967757265642E0A004B6579626F6157
:1080B00072642073746172742E0A005B735D000A2F
:1080C000722F6320303132333435363738394142FC
:1080D00043444546303132333435363738394142FE
:1080E000434445460A00253033326C62006B6579A3
:1080F000626F6172645F7365745F6C65643A2000DF
:108100005B8200085F8200088382000804221C0052
:108110007E81000897810008B7810008D08100089F
:108120001B820008A1820008C3820008E7810008C2
:10813000E200E900EA00B500B600B700CD00830117
:10814000CC008A019201940121022302240225021B
:10815000260227022A02B300B4006F0070004022FA
:10816000B6220102030405060708090009027B0084
:10817000040100A0FA090400000103010100092123
:10818000110100012240000705810308000A0904CB
:108190000100020300000009211101000122220058
:1081A00007058203200001070503032000010904DD
:1081B0000200010300000009211101000122B600A4
:1081C0000705840320000A090403000203000000DD
:1081D0000921110100012222000705850320000169
:1081E000070506032000010631FF0974A101097586
:1081F000150026FF009520750881020976150026D6
:10820000FF00952075089102C012011001000000C6
:10821000404C4D038701000102000105010906A140
:1082200001050719E029E715002501950875018169
:10823000029501750881010507190029FF1500261F
:10824000FF009506750881000508190129059505A7
:1082500075019102950175039101C004030904227F
:10826000034D006500630068006C006F00760069D4
:10827000006E002E00530074007500640069006FEA
:108280000000001C0352006F007500670065003895
:1082900000370020005200650076002E00310000FB
:1082A000000660FF0961A1010962150026FF009523
:1082B00020750881020963150026FF0095207508C6
:1082C0009102C005010902A10185020901A1000571
:1082D0000919012908150025019508750181020574
:1082E00001093009311581257F950275088106093C
:1082F000381581257F950175088106050C0A38021D
:108300001581257F950175088106C0C0050109808A
:10831000A101850319012AB700150126B7009501AF
:1083200075108100C0050C0901A101850419012AFD
:10833000A002150126A002950175108100C005015B
:108340000906A1018505050719E029E715002501A2
:108350009508750181020507190029EF150025010F
:1083600095F075018102050819012905950575012A
:108370009102950175039101C000000000000240C8
:1083800008000240010000000000000B0000024055
:108390001C000240020000000004010C000002402A
:1083A00030000240040000000008020D00000240FE
:1083B0004400024008000000000C030E00000240D0
:1083C00058000240100000000010040F000002409E
:1083D0006C00024020000000001405100000024064
:1083E0008000024040000000001806110004024016
:1083F000080402408000000000000738000402402A
:108400001C0402400001000000040839000402407E
:1084100030040240000200000008093A0004024053
:108420004404024000040000000C0A3B0004024027
:10843000580402400008000000100B3C000000003F
:10844000000000000000000000000000000000002C
:108450000000000000002A2B28000000000000009F
:1084600000000000000000000029000000002C1E99
:108470003420212224342627252E362D3738271E56
:108480001F202122232425263333362E37381F047C
:1084900005060708090A0B0C0D0E0F101112131414
:1084A00015161718191A1B1C1D2F3130232D3504D2
:1084B00005060708090A0B0C0D0E0F1011121314F4
:1084C00015161718191A1B1C1D2F3130354C0000BA
:1084D00000007E0F00D4FFFFFFC7000000780000FF
:1084E0000000000000000000000101020304050676
:1084F000080A0C0F1114181C2024292E33393F466A
:108500004C535B626A7179818A929AA2AAB2B9C10C
:10851000C8CFD5DCE1E7EBF0F4F7FAFCFDFEFFFE97
:10852000FDFCFAF7F4F0EBE7E1DCD5CFC8C1B9B256
:10853000AAA29A928A8179716A625B534C463F394A
:10854000332E2924201C1814110F0C0A08060504C8
:1085500003020101000000000000000000006D6146
:10856000696E00164230040444080C1014181C20D4
:10857000212200000D0800480904004804040048B6
:1085800007040048080400480504004806040048A1
:1085900009000048050000480600004807000048A0
:1085A00001040048020400480A040048030400488B
:1085B0000E0400480F040048007400400000000052
:1085C000000000000000FFFF09000000BE200000C6
:1085D0000A000000007400400300000010000000CA
:1085E000FFFF00000A000000BE2000000A0000009B
:1085F00000000000AD110008090F00081D0E000862
:1086000040004000DC1E0020DC1E002001000000B5
:10861000F01E002000A8802A0000000000FCC03CE2
:1086200054111564FFFF00000000505500E00E00DB
:1086300080A00000C0000000C0F0000015055555E6
:10864000FFFF00000000004400000000000A0000DE
:1086500000000000000000F055555505FFFF000028
:108660000000770000000000000000000000000093
:108670000000000055555555FFFF000000000000A8
:10868000000000004000555500000000C000FFFF42
:1086900015551501FF00000000000000000000005B
:1086A00000000000000000000F000000505555556C
:1086B000FFFF0000000000000000000001000000BB
:1086C0000300000000000000311700080000000057
:1086D000080000000C1F0020000000000200000045
:1086E0000000000029003A003B003C003D003E0035
:1086F0003F004000410042004300440045004C0060
:1087000046004700480035001E001F0020002100E1
:108710002200230024002500260027002D002E0023
:108720002A0049004A004B002B0014001A000800E0
:10873000150017001C0018000C00120013002F0079
:10874000300031004C004D004E003900040016008E
:10875000070009000A000B000D000E000F00330097
:10876000340020022800000000000000E100310079
:108770001D001B0006001900050011001000360046
:1087800037003800E100E100000052000000E00086
:10879000E300E2000000000000002C0000000000E8
:1087A0000000E200E3000151E000500051004F00E2
:1087B00001000100010001000100010001000100B1
:1087C00001000100010001000100010001000100A1
:1087D0000100010001000100010001000100010091
:1087E0000100010001000100010001000100010081
:1087F0000100010001000100010001000100010071
:108800000100010001000100010001000100010060
:108810000100010001000100010001000100010050
:108820000100010001000100010001000100010040
:108830000100000000000000010001000100010033
:108840000100010001000100010001000100010020
:108850000100010000000100000001000100010012
:108860000000000000000100000000000000010006
:1088700001000100010001000100010001000100F0
:1088800001000100010001000100010001000100E0
:1088900001000100010001000100010001000100D0
:1088A00001000100010001000100010001000100C0
:1088B00001000100010001000100010001000100B0
:1088C00001000100010001000100010001000100A0
:1088D0000100010001000100010001000100010090
:1088E0000100010001000100010001000100010080
:1088F0000100010001000100010001000100000071
:108900000000000001000100010001000100010061
:10891000010001000100010001000100010001004F
:108920000000010000000100010001000000000043
:108930000000010000000000000001000100010033
:10894000010001000100010001000100010001001F
:10895000010001000100010001000100010001000F
:1089600001000100010001000100010001000100FF
:1089700001000100010001000100010001000100EF
:1089800001000100010001000100010001000100DF
:1089900001000100010001000100010001000100CF
:1089A00001000100010001000100010001000100BF
:1089B00001000100010001000100010001000100AF
:1089C00001000100010001000100000000000000A2
:1089D000010001000100010001000100010001008F
:1089E0000100010001000100010001000000010080
:1089F0000000010001000100000000000000010073
:108A00000000000000000100010001000100010061
:108A100001000100288E000874200020742000202E
:108A200074200020288E00080000000000000000D4
:108A300000000000288E0008000000000000000078
:108A400000000000288E0008000000000000000068
:108A500000000000288E0008000000100000001038
:108A600000000010288E0008000000000000000038
:108A700000000000288E0008000000000000000038
:108A800000000000288E0008000000000000000028
:108A9000000000000A0000480D0400480C040048D3
:108AA0000B0400480E0800480F08004803000000AF
:108AB00000000000A91900080000000020000000CC
:108AC000D01F002000000000020000000000000095
:108AD0009D2A00081D1C0008391A0008B52C000842
:108AE000000000001B2F00085D3000086B2F0008FD
:108AF000A7300008652F0008A1300008152F0008D6
:0C8B0000573000080000000000000000DA
:088B0C00847AFF7F01000000E4
:108B1400AD19000849320008F13100087519000840
:108B240041190008040000000400000000000000D7
:108B34000000000000000000000000000000000031
:108B44000000000000000000000000000000000021
:108B54000000000000000000000000000000000011
:108B640000000000000000000300000000000000FE
:108B7400351700080000000020000000000000007D
:108B840000000000020000000000000003000000DC
:108B940000000000000000005B1800080000200036
:108BA40000000000000000000200000000000000BF
:108BB400030000000000000033170008000000005C
:108BC4000800000000000000000000000200000097
:108BD40000000000701800200506000004000000DA
:108BE400040000002000000020000000010000003C
:108BF40018190020A819002000000000000000003F
:108C04000000000000000000000000000000000060
:108C14000000000000000000000000000000000050
:108C24000000000000000000000000000000000040
:108C34000000000000000000000000000000000030
:108C44000000000000000000000000000000000020
:108C54000000000000000000000000000000000010
:108C64000000000000000000000000000000000000
:108C740000000000000000000400000004000000E8
:108C840000000000000000000000000000000000E0
:108C940000000000000000000000000000000000D0
:108CA40000000000000000000000000000000000C0
:108CB40000000000000000000000000003000000AD
:108CC400000000003517000800000000200000002C
:108CD400000000000000000002000000000000008E
:108CE4000300000000000000000000005B18000802
:108CF400000020000000000000000000020000004E
:108D0400000000000300000000000000331700080A
:108D14000000000008000000000000000000000047
:108D24000200000000000000701800200203000090
:108D340004000000040000002000000020000000E7
:108D440000000000381A0020C81A002000000000AB
:108D5400000000000000000000000000000000000F
:108D640000000000000000000000000000000000FF
:108D740000000000000000000000000000000000EF
:108D840000000000000000000000000000000000DF
:108D940000000000000000000000000000000000CF
:108DA40000000000000000000000000000000000BF
:108DB40000000000000000000000000000000000AF
:108DC400000000000000000000000000A91C0008D2
:108DD40001009600000000081E320A140828000052
:108DE400FFFF000000010000000000000000000080
:108DF400000000000000000000000000000000006F
:108E0400000000000000000000000000000000005E
:108E1400000000000000000000000000000000004E
:048E2400000000004A
:04000005080003519B
:00000001FF
