:020000040800F2
:1000000000040020590300085B0300085B0300089C
:100010005B0300085B0300085B0300085B03000848
:100020005B0300085B0300085B0300080DAE0008DB
:100030005B0300085B0300085B0300085B03000828
:100040005B0300085B0300085B0300085B03000818
:100050005B0300085B0300080DBA00084DBA0008F6
:1000600091BA0008D5BA000819BB000861C00008A1
:1000700075C0000889C000089DC00008B1C0000814
:10008000C5C00008D9C000085B0300085B03000876
:100090005B0300085B0300085B0300085DBB00080E
:1000A00061BD000875BD000879BD00087DBD000870
:1000B00095C6000809C800081DC80008B1C200089C
:1000C000B9C300085B0300085B0300085B0300087A
:1000D0005B0300085B0300085B0300085B03000888
:1000E00045BC00085B0300085B0300085B030008D5
:1000F00065C700085B0300085B0300085B0300089A
:100100005B0300085B0300085B0300085B03000857
:100110005B0300085B0300083DC7000851C70008E7
:10012000EDC0000801C1000815C1000829C1000880
:100130003DC100085B0300085B0300085B03000887
:100140005B0300085B0300085B0300085B03000817
:100150005B0300085B0300085B0300085B03000807
:100160005B0300085B0300085B03000869C8000824
:100170005B0300085B0300085B0300085B030008E7
:100180005B0300085B0300085B0300085B030008D7
:100190005B0300085B0300085B0300085B030008C7
:0801A00019020008F10100083A
:1001B0000348044B834202D0034B03B118477047F6
:1001C0008810002088100020000000000548064923
:1001D0000B1AD90F01EBA301491002D0034B03B155
:1001E0001847704788100020881000200000000089
:1001F00010B5064C237843B9FFF7DAFF044B13B16F
:100200000448AFF300800123237010BD8810002044
:100210000000000068EC000808B5044B1BB104495D
:100220000448AFF30080BDE80840CFE700000000BD
:100230008C10002068EC000872B6394880F30888FA
:10024000384880F3098838484EF60851CEF200014C
:10025000086040F20000CCF200004EF63471CEF29D
:1002600000010860BFF34F8FBFF36F8F40F20000B3
:10027000C0F2F0004EF68851CEF200010860BFF3E4
:100280004F8FBFF36F8F4FF00000E1EE100A4EF674
:100290003C71CEF200010860062080F31488BFF3A1
:1002A0006F8F0AF049FA09F0CDFF4FF055301F4922
:1002B0001B4A91423CBF41F8040BFAE71C49194A1A
:1002C00091423CBF41F8040BFAE71A491A4A1B4B0A
:1002D0009A423EBF51F8040B42F8040BF8E70020A5
:1002E0001749184A91423CBF41F8040BFAE70AF05B
:1002F00027FA0AF022FA144C144DAC4203DA54F8EF
:10030000041B8847F9E709F0ABFF114C114DAC42D3
:1003100003DA54F8041B8847F9E70AF00FBA000023
:1003200000040020000C0020000000080000002055
:100330000004002068EC0008000C00208810002059
:100340008810002068240020A0010008A4010008F3
:10035000A4010008A80100086EE700F000F8FEE71D
:100360002DE9F04F2DED108AC1F80CD0C3689D46E1
:10037000BDEC108ABDE8F08F002383F31188284676
:10038000A04700200AF076FCFEE70AF00AFC00DF36
:10039000FEE7000053B94AB9002908BF00281CBF76
:1003A0004FF0FF314FF0FF3000F06EB9ADF1080CA7
:1003B0006DE904CE00F006F8DDF804E0DDE9022383
:1003C00004B070472DE9F047089D04468C46002B89
:1003D00040F083808A42174647D9B2FA82F242B18E
:1003E000C2F1200024FA00F09140974040EA010C4D
:1003F00094404FEA1748230CBCFBF8F61FFA87FE1F
:1004000008FB16C143EA014306FB0EF1994209D9E4
:10041000FB1806F1FF3080F01981994240F21681F5
:10042000023E3B445B1AA4B2B3FBF8F008FB103366
:1004300044EA034400FB0EFEA64509D93C1900F12D
:10044000FF3380F00581A64540F2028102383C442A
:1004500040EA0640A4EB0E0400261DB1D440002360
:10046000C5E900433146BDE8F08702B9FFDEB2FAC4
:1004700082F2002A50D1CB1B4FEA174E1FFA87F8A1
:100480000126B3FBFEFC210C0EFB1C3341EA0341A9
:1004900008FB0CF38B4207D979180CF1FF3002D21C
:1004A0008B4200F2E9808446C91AA3B2B1FBFEF088
:1004B0000EFB101143EA014408FB00F8A04507D9E0
:1004C0003C1900F1FF3302D2A04500F2D980184652
:1004D000A4EB080440EA0C40BFE78B4209D9002D89
:1004E00000F0B1800026C5E9000130463146BDE884
:1004F000F087B3FA83F6002E4AD18B4202D38242B0
:1005000000F2B880841A61EB030101208C46002DB3
:10051000A8D0C5E9004CA5E7C2F1200320FA03F6F4
:10052000974001FA02F04FEA174ED9403043030CCE
:10053000B1FBFEF61FFA87F80EFB161143EA0143E2
:1005400006FB08F1994204FA02F409D9FB1806F1F6
:10055000FF3C80F08D80994240F28A80023E3B440D
:100560005B1A81B2B3FBFEF00EFB103341EA03418C
:1005700000FB08F38B4207D9791800F1FF3C73D2D6
:100580008B4271D902383944CB1A40EA064678E7E3
:10059000C6F1200C03FA06F422FA0CF31C4320FAED
:1005A0000CF701FA06F34FEA144E21FA0CF11F433F
:1005B0003B0CB1FBFEF91FFA84F80EFB191143EA5C
:1005C000014109FB08FA8A4502FA06F200FA06F32D
:1005D00008D9611809F1FF3048D28A4546D9A9F1F6
:1005E00002092144A1EB0A01BFB2B1FBFEF00EFBF0
:1005F000101147EA014700FB08F8B84507D9E71989
:1006000000F1FF312ED2B8452CD90238274440EAF8
:100610000940A7EB0807A0FB02894F45C64649469B
:100620001AD317D05DB1B3EB0E0267EB010707FADF
:100630000CFCF2404CEA0202F740C5E90027002614
:100640003146BDE8F0872E4628460BE70646E9E628
:100650001846FDE64345E5D2B8EB020E69EB04010E
:100660000138DFE70846D2E760468DE78146B9E703
:10067000664675E730464AE7ACF1020C394413E7A9
:1006800002383C4424E700BF704700BF014B1868A4
:10069000704700BF000C00200000000000000000B8
:1006A00001F0FF01102A2BDB10F0070F08D010F823
:1006B000013B013A8B422DD010F0070F42B3F6D127
:1006C000F0B441EA012141EA014122F007047FF040
:1006D00000070023F0E80256083C85EA010586EA97
:1006E000010685FA47F5A3FA87F586FA47F6A5FAD3
:1006F00087F68EB9EED1F0BC01F0FF0102F00702DF
:1007000032B110F8013B013A83EA010313B1F8D189
:100710000020704701387047002D06BF354603386A
:10072000073815F0010F07D1013015F4807F02BFA3
:10073000013015F4C03F0130F0BC0138704700BFF4
:10074000844641EA000313F003036DD1403A41D3DC
:1007500051F8043B40F8043B51F8043B40F8043B9B
:1007600051F8043B40F8043B51F8043B40F8043B8B
:1007700051F8043B40F8043B51F8043B40F8043B7B
:1007800051F8043B40F8043B51F8043B40F8043B6B
:1007900051F8043B40F8043B51F8043B40F8043B5B
:1007A00051F8043B40F8043B51F8043B40F8043B4B
:1007B00051F8043B40F8043B51F8043B40F8043B3B
:1007C00051F8043B40F8043B51F8043B40F8043B2B
:1007D000403ABDD2303211D351F8043B40F8043BCB
:1007E00051F8043B40F8043B51F8043B40F8043B0B
:1007F00051F8043B40F8043B103AEDD20C3205D3DB
:1008000051F8043B40F8043B043AF9D2043208D0D2
:10081000D2071CBF11F8013B00F8013B01D30B8844
:1008200003806046704700BF082A13D38B078DD022
:1008300010F003038AD0C3F10403D21ADB071CBFF4
:1008400011F8013B00F8013B80D331F8023B20F85E
:10085000023B7BE7043AD9D3013A11F8013B00F897
:10086000013BF9D20B7803704B7843708B7883701F
:1008700060467047F0B4860746D0541E002A3CD02C
:10088000CAB2034602E014F1FF3436D303F8012B59
:100890009D07F8D1032C29D9CDB245EA05250F2CA7
:1008A00045EA054533D9A4F11006360903F12007BE
:1008B00007EB061703F1100242E9045542E902551D
:1008C0001032BA42F8D1721C14F00C0F03EB021272
:1008D00004F00F0613D0331F23F003030433134433
:1008E00042F8045B9342FBD106F003042CB1C9B279
:1008F0001C4403F8011B9C42FBD1F0BC70473446FA
:100900001346002CF3D1F8E714460346C2E71A4613
:100910002646E0E738B5124B1C68A26B05461AB1B3
:100920000023C2E9045338BD182000F0B3F8024692
:10093000A06378B1012000210A4B1360C2E90401D1
:100940000B230948094993810023C2E90101C2E947
:10095000045338BD064B0748422100F055F800BF4C
:10096000000C00200E33CDAB34126DE6ECDE05003A
:1009700098EB0008B0EB000838B51A4B1C68A26B66
:1009800092B1146918495369184801FB04F100FB3E
:100990000313A4FB0045611C1D4445F1000323F033
:1009A0000040C2E9041338BD182000F073F8024675
:1009B000A06388B101200021C2E904010A480C4C5F
:1009C0000C4B0D490D4D146053600B24034695608C
:1009D0009481C2E9041338BD094B0A484E2100F046
:1009E00013F800BF000C00202DF451582D7F954CBA
:1009F0000E33CDAB34126DE62E7F954CECDE050048
:100A000098EB0008B0EB000800B50A4C26680546D4
:100A100085B01C46F06852B1074B0091CDE9013218
:100A200006492B46224600F021F800F071FD044BE8
:100A30001A46F2E7000C0020E4EB0008F4EB000893
:100A4000F0EB000808B513460022FFF7DDFF00BFFA
:100A50000CB400B583B004AB53F8042B019300F041
:100A600027F903B05DF804EB02B070470EB410B57F
:100A700083B005AB064C53F8042B01930146206864
:100A800000F016F903B0BDE8104003B0704700BF96
:100A9000000C0020024B0146186800F061B800BF4E
:100AA000000C0020024B0146186800F003B800BF9C
:100AB000000C002000293CD038B551F8043C0C1F34
:100AC000002BB8BFE418054601F0BEF9234B1A68A5
:100AD0002AB1A2420DD921686018824223D06260F7
:100AE00028461C60BDE8384001F0B0B9A34203D8E5
:100AF0001A465368002BF9D111685018A04219D03A
:100B000024D821686018834206D063605460284668
:100B1000BDE8384001F09AB9D3E9000301446360AD
:100B200021605460F3E7D2E9000201446260216071
:100B3000D6E7704720680144501883421160E6D11F
:100B4000D3E90003014453601160E0E70C232B60FC
:100B50002846BDE8384001F079B900BFA410002054
:100B6000F8B5CD1C25F0030508350C2D38BF0C2534
:100B7000002D064633DBA94231D82A4F01F064F933
:100B80003A6852B113685B1B04D43FE023685B1BD7
:100B900029D522465468002CF8D1796800293BD029
:100BA000294630460CF09AF9431C28D0C41C24F086
:100BB0000304A04205D0211A30460CF08FF9013011
:100BC0001DD02560304601F041F904F10B0020F002
:100BD0000700231DC21A01D01B1AA350F8BD0C2216
:100BE00032600020F8BD0B2B05D8A242636811D0FB
:100BF0005360E7E7144623601C442560E2E70C23BA
:100C00003046336001F022F90020F8BD0B2BF1D8FB
:100C1000536814463B60D5E730460CF05FF97860C6
:100C2000BEE700BFA41000209368013B002B936037
:100C300011DA10B49469A34209DB0A2907D01368BA
:100C4000581C1060197008465DF8044B70475DF839
:100C5000044B00F07DBB1368581C106019700846E7
:100C6000704700BF9BB1F8B513440F4606465D1EA2
:100C7000541E01E0AC4208D03A4614F8011F304639
:100C8000FFF7D2FF431CF5D1F8BD0020F8BD0020CE
:100C9000704700BF936810B5144613B953601846E7
:100CA00010BD00F01DFE0023C4E9013310BD00BFDC
:100CB0002DE9F04F9FB08B4690461C46039018B12B
:100CC0008369002B00F0B780A24B9B4500F0B980F0
:100CD000A14B9B4500F0C780A04B9B4504BF039BE5
:100CE000D3F80CB0BBF80C30180740F1B280DBF839
:100CF0001030002B00F0AD8030238DF8323098F8A2
:100D000000300594002120220B918DF83120944E63
:100D10000127002B00F08780252B00F01581454628
:100D200003E0252B00F0A38025466B786C1C002B7C
:100D3000F7D1B4EB080A76D0424653465946039899
:100D4000FFF790FF01306ED00B9B6A7853440B93F2
:100D5000002A68D000234FF0FF3201340693CDE91A
:100D600008338DF85B301C93079205E0069A07FA6A
:100D700003F313432C4606932546052215F8011B61
:100D80003046FFF78DFCAA46831B0028EED1069B58
:100D9000D90644BF20228DF85B2021781A0744BF72
:100DA0002B228DF85B202A2966D1059A116804321E
:100DB00000290592C0F29D8009916178A51C2E2919
:100DC00073D0684C03222046FFF76AFC002800F02D
:100DD0008680001B069B402404FA00F00343069320
:100DE00005F10108297860488DF830100622FFF7D8
:100DF00057FC002800F083805C4B002B72D005ABC1
:100E000000935A465A4B039806A9AFF300808146D7
:100E1000B9F1FF3F07D00B9B4B440B9398F8003080
:100E2000002B7FF479AFBBF80C305B0618D40B981D
:100E30001FB0BDE8F08F00F033FD464B9B457FF4BB
:100E400047AF039BD3F804B0BBF80C3018073FF54D
:100E50004EAF5946039800F0DBFA00283FF44CAF40
:100E60004FF0FF30E4E7039BD3F808B03AE7B4EB68
:100E7000080A3FF46FAF5FE7A1F13002092A88BF8B
:100E8000A2469CD8099B01E02C460135297803EB4A
:100E9000830302EB4303A1F13002092AAA46F3D9E6
:100EA0002E2904F1020509938BD19AF801102A2901
:100EB0002FD1059B9AF802101A6807920433002A72
:100EC00005930AF103050AF1020338DB254C0322DE
:100ED00020469A46FFF7E4FB00287FF47AAFA84645
:100EE00055467FE7059B073323F007030833059337
:100EF00091E7494243F00203099106935DE705AB90
:100F000000935A461A4B039806A900F0D5F881467B
:100F10007EE7A1F130020023092A079301D915E0E9
:100F20005546697803EB830302EB4303A1F13002DA
:100F3000092A05F1010AF3D90235079341E74FF079
:100F4000FF329A4607923CE7444603E7AA4601353A
:100F500037E700BF7CD000085CD000083CD0000818
:100F600024EC00082CEC000830EC00080000000025
:100F7000650C000810B4044C13460A46014620686C
:100F80005DF8044BFFF794BE000C00202DE9F047FC
:100F90000C4691460A698968DDF820808A42B8BF0C
:100FA0000A46C9F8002094F8431006461F4611B1BE
:100FB0000132C9F80020236899065CD5D9F80020D1
:100FC0000232C9F80020236813F0060F19461DD11C
:100FD000E1688A1A002AD8BF194617DD04F1190AF8
:100FE000002505E0E368D9F800209B1AAB420CDD30
:100FF0000123524639463046C047013005F101050C
:10100000F0D14FF0FF30BDE8F087216894F843300D
:10101000003318BF01238A060AD5E1185A1C302074
:1010200081F84300224494F8451082F843100233BB
:1010300004F1430239463046C0470130E1D023680D
:10104000A268216903F00603042B1DD08A4226DD25
:101050004FF00009521A91441A34002501E04D4521
:101060001DDA0123224639463046C047013005F1DA
:101070000105F4D1C5E713F0060F13D094F84330FF
:10108000003318BF0123D3E7D9F80000E3688A4290
:10109000A3EB000323EAE379DCDC002BDCDC00209B
:1010A000BDE8F087E168D9F800208A1A002AD8BF85
:1010B000194693DCAAE700BF2DE9F0430C46097EF0
:1010C00085B06E29064617460C98984604F1430EE3
:1010D0006DD039D9732900F0F68044D9752900F014
:1010E0000481782940F0118178232268DFF858C202
:1010F00084F845300168150651F8043B016040F161
:10110000A180D10744BF42F020022260002B00F0F2
:1011100093801022002184F843106068A0600028AA
:10112000C0F2C880216821F004012160002B40F04A
:10113000A380002840F0C0807546082A00F0AC80EB
:10114000AEEB0503236141E0632900F0E5801AD886
:10115000002938D0582940F0D88084F845102268FA
:10116000DFF8E8C1C6E76F2900F0BF80702940F0C2
:10117000CC802268DFF8D0C142F0200278232260C0
:1011800084F84530B6E7642902D0692940F0BD8073
:1011900022680368110603F1040557D51968056034
:1011A0000B46002959DBDFF8A4C10A22B5E7036822
:1011B000226861691D1D056015061B6802D4500672
:1011C00000F1BD801960002375462361CDF80080D1
:1011D0003B4603AA21463046FFF7D8FE013020D017
:1011E0002A46236939463046C047013019D0226863
:1011F0000398E368920719D51A1A002A16DD04F13C
:101200001909002504E0E36803981A1AAA420DDDC3
:1012100001234A4639463046C047013005F10105F1
:10122000F1D14FF0FF3005B0BDE8F0839842B8BF70
:10123000184605B0BDE8F083226822F02002226043
:10124000102267E7500648BF9BB25AE75106A5D562
:10125000B3F9003005601946A3E76168A1602D204D
:101260000029C3F1000384F8430002DB22F00402EA
:101270002260DFF8D8C00A22754600E00B46B3FBB7
:10128000F2F102FB113093421CF8000005F8010D49
:10129000F4D2082A7FF454AF2368DB077FF550AF00
:1012A000626823699A423FF74BAF302305F8013C4F
:1012B000013D45E7002BDFD19CF8003084F8423037
:1012C00004F1420539E703686268191D01601D6871
:1012D00000212846FFF7E4F9002832D0401B606067
:1012E0002061002384F8433070E72268036812F01D
:1012F000800F03F104051AD01B6805606F290CBF2D
:1013000008220A22DFF844C004E7012384F84210CF
:10131000236104F14205E4E703681A68191D0123FB
:10132000016004F1420584F842202361D9E712F0FC
:10133000400F0DBF1B6805601B880560DEE7198044
:1013400041E76068CCE700BF4CEC000838EC0008CF
:10135000F8B50D461446064608B1836943B3254BDC
:101360009C422AD0244B9C4229D0244B9C4208BF4B
:10137000F468A389A269A2601A0722D5236903B37E
:1013800022686169D31AEDB299422F4629DD0133F3
:10139000A168501C0139A1602060157062699A42F1
:1013A00016D0A389DB0701D50A2D11D03846F8BD28
:1013B00000F076FA0F4B9C42D4D17468D9E7B46838
:1013C000D7E72146304600F023F838B92369D7E73C
:1013D0002146304600F03AF90028E7D04FF0FF37B9
:1013E000E4E72146304600F031F90028F6D12268C2
:1013F0000123CDE77CD000085CD000083CD0000879
:10140000024B0A4601461868FFF7A2BF000C0020F5
:101410003B4B70B51D6806460C460DB1AB69DBB1A0
:10142000384B9C421ED0384B9C424AD0374B9C4292
:1014300008BFEC68B4F90C2093B2190718D52069DD
:1014400008B313F001022CD0636900225B42A36150
:10145000A26060B3002070BD284600F021FA294B3D
:101460009C42E0D16C68B4F90C2093B21907E6D421
:10147000DD063CD5580726D4206942F00803A38135
:101480009BB20028DDD103F42072B2F5007FD8D0E2
:101490003046214600F026FCA389206913F00102A2
:1014A000D2D1990758BF6269A2600028D2D1B4F99D
:1014B0000C301A06CFD543F04003A3814FF0FF3024
:1014C00070BDAC68B6E7616B51B104F14403994259
:1014D00004D03046FFF7EEFAB4F90C200023636322
:1014E00000232069636022F024022060C5E742F0F7
:1014F0004002092333604FF0FF30A28170BD00BF6E
:10150000000C00207CD000085CD000083CD0000813
:1015100008B5062000F048FD01200BF004FD00BFD7
:101520008B891A072DE9F0410C46804641D44A6860
:10153000002A59DDE66A002E53D00022D8F8005068
:10154000216AC8F8002013F4805251D1012340468B
:10155000B047431C5FD0A389E66A216A5F0705D5BF
:101560006268636B801A0BB1236CC01A02460023B9
:101570004046B047461C45D1D8F80030B4F90C209D
:10158000002B55D01D2B01D0162B5AD123690022D8
:10159000C4E90032616BC8F8005011B304F1440390
:1015A000994202D04046FFF785FA00206063BDE80B
:1015B000F0810E69AEB10D680E6099070CBF6369CA
:1015C0000023AD1BA3600AE02B463246A76A216ABE
:1015D0004046B8470028A5EB000506440ADD002D6B
:1015E000F2DC0020BDE8F0810A6C002AA2DCF8E7FA
:1015F000606DB3E7A38943F04003A3814FF0FF3050
:10160000BDE8F0812269A389226000226260DA04C9
:10161000C0D56065BEE7D8F80030002B9BD01D2BED
:101620000CD0162B0AD0A38943F04003A381D9E73D
:101630002169C4E90013D304ACD5EAE7C8F8005027
:10164000CFE742F04002A281CCE700BF0B6923B391
:1016500010B5044682B008B18369BBB1104B994202
:1016600012D0104B994216D00F4B994208BFE16837
:10167000B1F90C302BB1204602B0BDE81040FFF7A5
:101680004FBF002002B010BD6168F1E7019100F08A
:1016900007F90199E2E7A168EAE70020704700BF77
:1016A0007CD000085CD000083CD0000820B1054B7D
:1016B00001461868FFF7CABF034B0449186800F0D9
:1016C000B9BA00BF000C002038D000084D16000841
:1016D00000207047014900F0ADBA00BF4D16000868
:1016E0000020704770B54A1E682505FB02F50E46BE
:1016F00005F17401FFF734FA044640B100210C30C3
:10170000666005F168022160A060FFF7B3F820462B
:1017100070BD00BF1E4B70B51D68AB69064643B374
:101720004835D5E90134013B05D51EE0013B5A1C83
:1017300004F1680419D0B4F90C20002AF6D1002570
:10174000144B6566C4E90055A560C4E90455A5615C
:101750002946E360082204F15C00FFF78BF8C4E936
:101760000D55C4E91255204670BD2C682CB1254694
:10177000D7E7284600F010F8D2E704213046FFF7FB
:10178000B1FF044628600028F1D10C233360EAE75A
:1017900038D000080100FFFF2DE9F84F334B3449E2
:1017A0001A68816290424FF00003C0E9123303656A
:1017B00004BF012383610546FFF7ACFF686028463C
:1017C000FFF7A8FFA8602846FFF7A4FF6E68E8604F
:1017D00000240423F3607466C6E90044B460C6E9DB
:1017E0000444B461214606F15C000822FFF742F888
:1017F000DFF888B0AF68DFF888A0DFF88890DFF8FE
:1018000088801C4BC6F83080C6E9086BC6E90AA977
:101810002146FB6008227C66C7E90044BC60C7E93A
:101820000444BC6107F15C00FFF724F8EE68124B3A
:10183000C7F83080C7E9087BC7E90AA92146F360E9
:101840007466C6E90044B460C6E90444B46106F1B4
:101850005C000822FFF70EF80123C6E9086BC6E911
:101860000AA9C6F83080AB61BDE8F88F38D000080F
:10187000D516000809000100120002001920000816
:101880004120000881200008A1200008024B0349E4
:10189000186800F0CFB900BF38D000084D16000816
:1018A000836903B978E77047704700BF704700BF8E
:1018B000704700BF704700BF024B0349186800F033
:1018C00093B900BF000C0020D1160008024B034959
:1018D000186800F089B900BF000C0020E11600086C
:1018E0009368002B00F002812DE9F04FB1F90C3024
:1018F0009BB20C46190783B08246904635D52269C3
:101900009AB313F00202D8F800603DD00027D4F853
:1019100028B0D4F820C0DFF8CC923D464D452B4688
:101920003A4628BF4B4661465046D5B1D8470028B5
:1019300040F3D280D8F808301B1A07442D1AC8F893
:101940000830002B00F0B780D4F820C0D4F828B0BD
:101950004D452B463A4628BF4B4661465046002D22
:10196000E4D1D6E900750836D8E721465046FFF79E
:101970004FFD002840F03081B4F90C30D8F80060F9
:101980009BB213F00202C1D113F0010940F0B08004
:10199000A76820684D46002D54D09A0540F1BC80C0
:1019A000AF42BB4600F2E78013F4906F2FD0D4E92A
:1019B000041707EB4707A0EB010B07EBD777681C71
:1019C0007F105844B8423A4684BF07463A465B0502
:1019D00040F1E98011465046FFF7C2F8002800F0B8
:1019E000F5805A4621690190FEF7AAFEA289019B63
:1019F00022F4906242F08002A281A7EB0B0203EB7B
:101A00000B00676123612060A2602F46AB465A46F7
:101A1000494600F0B1F9A2682368D21B5B442F4607
:101A2000A26023600025D8F80830DB1BB944C8F851
:101A30000830002B3FD0B4F90C30A76820689BB267
:101A4000002DAAD1D6E900950836A4E70BF10803CA
:101A500053E902679B460833002FF9D03A460A2122
:101A60003046FEF71DFE002853D00130A0EB0609DA
:101A70004B46D4E904122068BB4228BF3B4688424B
:101A800003D9A5681544AB4219DC9A427DDC1346A4
:101A9000A56A216A32465046A847051E1CDDB9EBEF
:101AA00005096BD00120D8F808305B1B2E447F1B42
:101AB000C8F8083013BB002003B0BDE8F08F3146F2
:101AC0002A4600F059F923682B44236021465046EA
:101AD000FFF7BCFD0028E2D0B4F90C3043F040031E
:101AE0004FF0FF30A38103B0BDE8F08F00207047B6
:101AF00033469146104617464E469B46002FA5D0CA
:101B00000028B5D13A460A213046FEF7C9FD002823
:101B1000ABD17B1C9946ACE72369834215D361693D
:101B2000A94212D82E4BA76A9D4294BF2B466FF054
:101B300000434A4693FBF1F3504601FB03F3216A4D
:101B4000B847071EC8DDED1B6DE7AF4228BF2F4623
:101B50003A46494600F010F9A3682268DB1B3A4474
:101B6000A3602260002BEED121465046FFF76EFDA8
:101B70000028E8D0B0E72F46AB4648E7214650465C
:101B8000FFF764FD00288ED0A6E71A463146019380
:101B900000F0F2F8019BA1682268C91A1A44A160FA
:101BA00022601D467BE7504600F052F903460028AC
:101BB0007FF423AF21695046FEF77CFFB4F90C3067
:101BC0000C2223F08003CAF8002087E70C23CAF810
:101BD0000030B4F90C3081E74FF0FF306CE700BF04
:101BE000FEFFFF7F00FCFF7F2DE9F04110F1480769
:101BF0001BD088460026D7E90154013D0FD4A389A4
:101C0000012B05F1FF3506D9B4F90E30013320461A
:101C100001D0C04706436B1C04F16804EFD13F6854
:101C2000002FE8D13046BDE8F0813E463046BDE8A1
:101C3000F08100BF2DE9F84310F148071FD0884616
:101C400006464FF00009D7E90154013D11D4A3899C
:101C5000012B05F1FF3508D9B4F90E3001332146C7
:101C6000304602D0C04749EA00096B1C04F1680401
:101C7000EDD13F68002FE6D14846BDE8F883B9466C
:101C80004846BDE8F88300BF70B50C46B1F90E10A8
:101C9000002996B016461D4613DB6A460BF02BF959
:101CA00000280EDB019A02F47042A2F50052B2FA4B
:101CB00082F252094FF4806300202A60336016B02C
:101CC00070BDA38900221B062A6004D54023002092
:101CD000336016B070BD4FF480630020336016B0DF
:101CE00070BD00BF8A8992070B4606D501F14702F5
:101CF00001211A60C3E90421704770B582B001ABBD
:101D00006A460C460646FFF7BFFF00990546304677
:101D1000FEF726FFB4F90C3070B11649B162019A92
:101D20000099206043F08003A381C4E904018AB9CB
:101D30002B43A38102B070BD9A05FBD423F00303AB
:101D400004F1470243F002030121A3812260C4E9A8
:101D50000421EFE73046B4F90E100BF0D8F810B9B3
:101D6000B4F90C30E4E7A38923F0030343F0010343
:101D70001BB2DDE7D51600088842F0B40DD98B18E8
:101D800083420AD9841832B1224613F8014D02F871
:101D9000014D9942F9D1F0BC70470F2A0ED8034685
:101DA000541E002AF7D001340C44013B11F8012BDA
:101DB00003F8012FA142F9D1F0BC704740EA0103BA
:101DC0009B073BD1A2F110073F0901F1200606EB6A
:101DD000071601F1100300F1100453F8105C44F8E9
:101DE000105C53F80C5C44F80C5C53F8085C44F845
:101DF000085C53F8045C44F8045C1033B34204F10B
:101E00001004EAD17B1C1B0112F00C0F194402F0E4
:101E10000F05034415D0043DAD0803EB850C1C1FD2
:101E20000E4656F8047B44F8047F6445F9D1013529
:101E3000AD002B44294402F00302B1E7541E0346CF
:101E4000B1E72A46ACE700BF704700BF704700BF4C
:101E500009B3F8B51446CAB106460D4600F024F998
:101E6000A04202D32F463846F8BD21463046FEF741
:101E700077FE07460028F6D022462946FEF760FC8A
:101E800030462946FEF716FE3846F8BD2746FEF7CF
:101E900011FE3846F8BD1146FEF762BE10B580212E
:101EA0000446FEF75DFE606440B1031F00227C30F3
:101EB00043F8042F8342FBD1002010BD4FF0FF30C8
:101EC00010BD00BF436C0BB100207047E6E700BFB8
:101ED0001F2970B5054608D8436C16460C464BB111
:101EE00053F8240043F8246070BD162202604FF0BE
:101EF000FF3070BDFFF7D2FF08B96B6CF0E74FF011
:101F0000FF3070BD1F2938B521D8426C05460C46FC
:101F10006AB152F8213053B1012B16D0591C10D0A0
:101F20000025204642F824509847284638BD2846C8
:101F300000F070F8224601462846BDE8384000F01F
:101F400055B816230360012038BD002038BD162384
:101F500003604FF0FF3038BD1F2921D838B5436CDE
:101F600005460C4683B153F8242003EB84034AB1A1
:101F7000511C10D0012A0CD0002520461D6090472E
:101F8000284638BD012038BDFFF788FF28B96B6CA3
:101F9000E9E7032038BD022038BD4FF0FF3038BDDF
:101FA0004FF0FF30704700BF024B01461868FFF743
:101FB000A9BF00BF000C0020024B0A46014618686A
:101FC000FFF786BF000C0020034B1868436C0BB171
:101FD0000020704762E700BF000C0020024B014662
:101FE0001868FFF7B9BF00BF000C002038B50B46DA
:101FF000074C054611461846002323600AF089FF66
:10200000431C00D038BD2368002BFBD02B6038BDAB
:10201000642400200AF085BF10B50C46B1F90E10FB
:102020000AF051FF002803DB636D0344636510BDB4
:10203000A38923F48053A38110BD00BF0020704703
:102040002DE9F0411646B1F90C201F46D3050C4688
:102050000546B1F90E1009D422F48052A2813B4604
:1020600032462846BDE8F0410AF034BF0022022380
:102070000AF02EFFB4F90C20B4F90E10ECE700BF03
:1020800010B50C46B1F90E100AF022FFA389421CCC
:102090000EBF23F4805343F480536065A38110BDC9
:1020A000B1F90E100AF018BF51F8043C181F002BAC
:1020B000BCBF0B58C018704710B505F0EBFD10F011
:1020C000020329D0FF231A461946082003F0D6FA46
:1020D00000231A46FF21462003F0D0FA05F0DAFD6E
:1020E00010F001031DBF00231A46FF211A4608BF46
:1020F0001946472003F0C2FA05F0CCFD10F00403A6
:1021000018BF0023BDE8104019BF1A46FF211A4628
:102110001946482003F0B2BA1A461946DBE710B553
:10212000044600F0D6F90346B0BB0246FF21492021
:1021300003F0A4FA204600F0CCF90023012814BFD4
:102140001946FF211A464A2003F098FA204600F06B
:10215000C0F90023022814BF1946FF211A464B205C
:1021600003F08CFA204600F0B4F90023032814BFD2
:102170001946FF211A464C2003F080FA204600F051
:10218000A8F9002304281A460CBFFF2119464D2048
:1021900003F074FA204610BD00231A461946C6E71C
:1021A00008B50346887840B3683B092B09D8DFE8B7
:1021B00003F005090C0F1215181B1E2104F0E0FC9A
:1021C000002008BD04F024FDFAE704F0EFFDF7E776
:1021D00004F0FCFDF4E704F051FDF1E704F060FDCC
:1021E000EEE704F073FDEBE704F084FDE8E704F0AC
:1021F00097FDE5E704F0A8FDE2E70120E1E7012013
:102200007047704708B5FFF7FCFF08BD13B502AB78
:1022100003E903000F4B1B78B3B99DF80230009817
:1022200073B16AB106F056FD04460146009806F007
:102230000DFD0099204602B0BDE8104005F076BAC9
:1022400006F028FD0446F4E7009806F043FD0099E7
:10225000F1E700BFEC11002003460A4600689988A8
:10226000FFF7D4BF10B500210446FFF7F5FF214664
:10227000FFF7C8FF10BD10B5012404FA02F204FAFA
:1022800001F1114304FA03F331EA00020CBF1843D1
:10229000984310BD08B513460A4601460348006836
:1022A000FFF7E9FFBDE8084006F082BC3C120020C1
:1022B00008B500F02BFB04F0C7FBBDE8084000F0B8
:1022C00046BB00F049BB704708B506F029F9FFF797
:1022D000FAFF46F2A81008F0D2FCBDE8084007F06B
:1022E00095B8000038B501210546FFF7B5FF29462E
:1022F000044605F071F808B9002038BD294620468B
:10230000FFF74EFF0028F7D02946204605F0F2FAE5
:102310000028F1D02946204605F046FB0028EBD0E6
:102320002946204605F01AFC0028E5D0294620461B
:1023300004F0FEFE0028DFD0AB787BB145F65A539F
:102340009C4232D00ED845F601439C4218D045F647
:10235000DE439C4226D0B4F5B84F0ED02846FFF796
:102360004EFFCAE745F65B539C4221D045F65C53CD
:102370009C42F3D106F04EFDF0E7FFF7A5FFBBE767
:102380000D4A1078C0F3000383F0010363F30000EB
:1023900010F00104107003D0084807F093FBABE77E
:1023A0000748FAE706F0B4FEA6E706F03FFDD5E7DA
:1023B00006F03FFDD2E700BF9212002004D40008CF
:1023C00015D40008F8B5174B17491F5C174BC20806
:1023D00000F007008D5C16499B5C8E5C0341054153
:1023E00013F0010446FA00F005F0010500F00106C3
:1023F00002D0E12005F0CAFD15B1E62005F0C6FDCA
:10240000384605F05AFE15B1E62005F00FFE14B16E
:10241000E12005F00BFE26B1BDE8F8402C2005F0C8
:102420004CBEF8BD47D4000827D40008C7D4000824
:1024300037D400082DE9F041234F04460E464FF0F3
:102440000A08207800283CD0012837D16378012B76
:102450000ED1A078A51C05F030FE2C46013435467F
:10246000013DEDB2FF2DECD0642008F008FCF7E749
:10247000022B04D1A078A51C05F088FDEDE7032B05
:1024800004D1A078A51C05F0D1FDE6E7042B01D00E
:102490000134E3E72246002512F8023FD95D4907DF
:1024A000144605D4013DD9D3642008F0E8FBF9E7D0
:1024B000303B08FB053512F8013FEFE7FFF782FFDD
:1024C000CCE7BDE8F08100BF35CF00080021FFF761
:1024D000B1BF020C002A03460BBF0346134600207F
:1024E00010201A0A1CBF134608301A091EBF0430F8
:1024F0001346C0B29A081EBF02301346C0B25B0832
:102500001CBF0130C0B27047030943EA0010C0B2DB
:102510008300801000F0330003F0CC030343580025
:102520005B1003F0550300F0AA0018437047024601
:1025300008B5C0B2FFF7E8FF0146100AFFF7E4FF55
:1025400040EA012080B208BD704708B5FFF7FCFFE4
:1025500008BD0120704708B5FFF7FBFF08BD10B5A7
:102560000446FFF7F2FF2046FFF7F5FF10BD0020FD
:1025700070477047014B33F81000704706D50008CC
:1025800013B5ADF80410019905F0D0F800F0CCF8BF
:10259000B0F5A04F044630D2B0F5804F80F08A806D
:1025A000E72817D8DF280AD8A7280BD8A4286AD884
:1025B000012804D0031F9BB2A12B28BF0024204672
:1025C00002B010BDBE2864D9C03880B21F286AD9B5
:1025D0000024F4E7B0F5405F09D2B0F5005F60D2A7
:1025E000FF2854D8EF28F3D940F4A04024E0020596
:1025F000C3B25CD443F44044E1E7B0F5AA4F1DD226
:10260000B0F5A84FC3B275D2B0F5A64F0AD2B0F557
:10261000A44F64D2B0F5A24F51D34AF2F10040EA80
:102620000324CCE79C08012003F0030300FA03F322
:1026300043EA441040F40A4084B2C0E7B0F5B44F16
:102640000FD2B0F5B24F61D2B0F5AC4F55D3A0F573
:10265000B0439BB2FF2BBBD84AF2F00040EA042003
:10266000EAE7A0F5C0439BB2B3F5005FB0D2C0F378
:10267000042000F0D9F8000200F4F853E4B21C433F
:1026800044F400549BE7A0F1240444F48044A4B231
:1026900095E75834E4B2234B33F8140040F48844EF
:1026A0008DE7C0F30B00FFF765FF044687E743F4AF
:1026B000484484E7C0F30B0040F420447FE7C3F3B1
:1026C0008104C0F30110640144EA002403F0030311
:1026D000012000FA03F31C4344F40C40ACE79C08CF
:1026E000012003F0030300FA03F343EA441040F42B
:1026F0000C40A1E74AF2F40091E7C0B200F094F870
:10270000000200F4F85040F4005458E700F00F00C5
:1027100000F08AF8C4F3031440EA042040F41040A7
:102720008AE700BFD8D40008E7284DD8DF2807D8AB
:10273000312861D00ED8292857D02A2863D0704775
:10274000A0F1E003072B3FD8DFE803F0123E21267B
:10275000303E3A3F392804D0822802D035283DD077
:102760007047304B1B7813F0030F18BFE020704701
:102770002C4A1378D9074DD4527812F0010F23D088
:1027800013F0100F08BFE32018BF00207047254B3F
:102790001B7813F0040FF2E7224A137859073BD451
:1027A0005278D2073AD413F0100FEDE71D4B5A7848
:1027B000910709D51B7813F0100F08BFE720E3E756
:1027C000184B1B781A07F6D47047164A1378190766
:1027D00026D452789207E6D5E420F5E7114B1B7812
:1027E00013F0200F18BF292070470E4B1B7813F0F1
:1027F000200F18BF352070470A4B1B7813F0400F8D
:1028000018BF2A207047074B1B7813F0400F18BFE2
:102810003120704739207047E2207047E020704730
:10282000E6207047E8150020294B1A78510707D594
:1028300000F01801082927D100F0F70040F004004B
:10284000110707D500F01801182926D100F0E7007C
:1028500040F014005B78D90707D500F0180108296B
:1028600024D100F0F70040F00100990707D500F0EF
:102870001803182B23D100F0E70040F01100D30615
:1028800048BF00F0E700704700F01401042904BFBE
:1028900000F0FB0040F00800D2E700F0140114291A
:1028A00004BF00F0EB0040F01800D3E700F0110186
:1028B000012904BF00F0FE0040F00800D5E700F059
:1028C0001103112B04BF00F0EE0040F01800D6E712
:1028D000E815002004F05CBD08B500F0DDF840F616
:1028E000B83008F0CCF900F0D7F8002000F038F844
:1028F000C30705D5FFF7EEFFBDE8084006F086BD2B
:1029000008BD08B5FFF7E8FF08BD000008B506F0F0
:102910007DFB08B906F0FCFB06F082FB084B187043
:1029200006F084FB074B1880FFF7EBFF06F07BFBFC
:1029300006F01FF9044B1868BDE8084006F034B9EA
:1029400092120020E81500203C120020704708B5C4
:10295000FFF7FCFF08BD704708B5FFF7FCFF08BD97
:10296000014B33F810007047F41500202DE9F041B9
:102970000F48104DDFF84C800F4F104E07F0A2F8B3
:1029800000242146404607F09DF8384607F09AF8A3
:1029900035F8020BFFF7CBFD0146304607F092F801
:1029A0000134074807F08EF8052CEAD1BDE8F08124
:1029B00006D50008F41500209CDC000822D500088C
:1029C00078DF00081DD50008032008F058B900BFC3
:1029D00000BF00BF00BF00BF00BF00BF00BF00BFFF
:1029E00000BF00BF00BF00BF00BF00BF00BF00BFEF
:1029F00000BF704708B5FFF7E7FF08BD08B5202204
:102A000082F31188012100F00F03994020F00F009C
:102A100009F0AEFB002383F3118808BD38B51648D2
:102A2000164DFFF7EBFF1648FFF7E8FF1548FFF7D5
:102A3000E5FF1548FFF7E2FF1448FFF7DFFF0E241C
:102A400055F8040B013CFFF7D9FF14F0FF04F7D150
:102A50000F4B104A1C800520148054805C809480A9
:102A60009C80D480DC8014811C8100F077F8BDE864
:102A70003840FFF71DBC00BF0400004828D50008FF
:102A8000050000480300004802000048010000481B
:102A9000F4150020EA1500202DE9F74F0025DFF896
:102AA000B8B02A4F05264FF020094FF00108AA467A
:102AB0005BF8044B89F3118824F00F0004F00F0435
:102AC00008FA04F421460122019009F051FB019813
:102AD000A4B244838AF31188FFF779FF00211C48D0
:102AE0000C4650F8043B23F00F0203F00F03126969
:102AF00022FA03F3DB075ABF08FA01F213B20023EC
:102B0000013123430E299CB2EBD15BF8040CFFF793
:102B100075FFFFF76FFF3B88013EA3421ABF3C8061
:102B20000123002316F0FF0645EA030507F102071B
:102B3000BED1084905482B46052200F011F8FFF7E1
:102B4000C0FB284603B0BDE8F08F00BFEA150020A7
:102B500028D50008F415002060D500087047000053
:102B6000F8B5104C06460F4615462BB101232370CD
:102B700006F03AFC0C4B188023782BB10A4B1888CE
:102B800006F037FC05280AD8F8BD36F8132027F8D8
:102B9000132001339D42F8DC00232370F4E7002367
:102BA000F8E700BFAC100020AE10002008B50548C3
:102BB00006F088FFBDE8084003480122052106F021
:102BC00081BF00BF74D500086FD600080138052802
:102BD00041D8DFE800F0030E18222C361E4A1F48A9
:102BE00013781944FE29D4BFC9B2FF21117006F031
:102BF00069BF1B4A1B4813781944FE29D4BFC9B2C8
:102C0000FF211170F3E7184A184813781944FE2978
:102C1000D4BFC9B2FF211170E9E7154A15481378EE
:102C20001944FE29D4BFC9B2FF211170DFE7124A4F
:102C3000124813781944FE29D4BFC9B2FF2111707C
:102C4000D5E70F4A0F4813781944FE29D4BFC9B2FB
:102C5000FF211170CBE77047940D0020BDD600080E
:102C6000950D0020CCD60008960D0020DED6000879
:102C7000970D0020F1D600089A0D002006D7000815
:102C80009B0D00201FD700080138052841D8DFE838
:102C900000F0030E18222C361E4A1F4813788B4270
:102CA00086BF591AC9B20021117006F00BBF1B4A2A
:102CB0001B4813788B4286BF591AC9B20021117084
:102CC000F3E7184A184813788B4286BF591AC9B2DD
:102CD00000211170E9E7154A154813788B4286BF29
:102CE000591AC9B200211170DFE7124A124813784D
:102CF0008B4286BF591AC9B200211170D5E70F4A1D
:102D00000F4813788B4286BF591AC9B2002111703F
:102D1000CBE77047940D0020BDD60008950D00202C
:102D2000CCD60008960D0020DED60008970D0020B6
:102D3000F1D600089A0D002006D700089B0D002050
:102D40001FD7000810B501460446054806F0BAFE34
:102D50000120A04005F00DFFBDE8104005F0E0BBEC
:102D60003AD70008431F10B53E2B00F2B481DFE8CC
:102D700013F01B010C0121013F00B201B2010A0155
:102D8000B201B2014A01B20159019901B201B20185
:102D9000B201B2017901B201B2016801B20136019A
:102DA000B201B201B001B001B001B001B001B00197
:102DB000B001B001B001A901B2011B010301B201D0
:102DC000B201B201B201B201B201B201B201B2016B
:102DD000B201A901B201B2010A01B201AD01AD0116
:102DE000AD01AD01AD01AD01AD01AD01AD01A90177
:102DF000BB4806F067FEBB4806F064FE06F013F918
:102E00000146B94806F05EFEB84806F05BFE06F0E3
:102E100007F90446B64806F055FE2146B54806F0C7
:102E200051FEB24806F04EFEB34806F04BFE04F0E9
:102E30000101AD4806F046FEAC4806F043FEAF483F
:102E400006F040FEC4F34001A74806F03BFEA74849
:102E500006F038FEAA4806F035FEC4F38001A24809
:102E600006F030FEA14806F02DFEA64806F02AFE28
:102E7000C4F3C0019C4806F025FE9C4806F022FEE3
:102E800006F0D4F80446A04806F01CFE21469948F6
:102E900006F018FE954806F015FE9C4806F012FE56
:102EA00004F00101904806F00DFE904806F00AFE7D
:102EB000974806F007FEC4F340018B4806F002FE77
:102EC0008A4806F0FFFD934806F0FCFDC4F300219C
:102ED000854806F0F7FD854806F0F4FD8E4806F0BB
:102EE000F1FDC4F34021804806F0ECFD7F4806F078
:102EF000E9FD8A4806F0E6FDC4F380017A4806F051
:102F0000E1FD7A4806F0DEFD854806F0DBFDC4F3FE
:102F1000C001754806F0D6FD744806F0D3FD81481F
:102F200006F0D0FDC4F300116F4806F0CBFD6F48EA
:102F300006F0C8FD7C4806F0C5FDC4F340116A48A0
:102F400006F0C0FD694806F0BDFD784806F0BAFD00
:102F5000C4F38011644806F0B5FD644806F0B2FD84
:102F6000734806F0AFFD6048C4F3C01106F0AAFD37
:102F70005E4806F0A7FD04E06E4806F0A3FD06F0EB
:102F8000C7F801200FE06C48F3E76C4A6C481378EF
:102F900023F00F03137006F095FD6A4806F092FDCA
:102FA000694B0120187010BD684806F08BFDFFF7D3
:102FB0008BF9E6E7614C2378C3F3000282F001024B
:102FC00062F300032370DB0701D56148D1E7614854
:102FD00006F078FD237823F00E032370D1E7574CD9
:102FE0002378C3F3400282F0010262F341039807A1
:102FF000237006D5584806F065FD237843F0010399
:10300000EBE75648B5E74D4C2378C3F3800282F0D6
:10301000010262F382035907237001D55048EAE7A1
:103020005048A6E7454C2378C3F3C00282F0010262
:1030300062F3C3031A07237001D54B48DBE74B4803
:1030400097E74B4806F03EFD4A4806F03BFD4A48EC
:1030500006F038FD494806F035FD494806F032FDD6
:10306000484886E7484806F02DFD04F00BFE01466F
:10307000464806F027FD464B4648197806F022FDE3
:10308000454B4648197806F01DFD454B45481978D3
:10309000C90906F017FD06F087F90146424806F017
:1030A00011FD6EE705F03CFA3D490B78C3F3C01201
:1030B00082F0010262F3C7130B701B064CBF3B4842
:1030C0003B4856E70020FFF73DFE5AE73938C0B2CB
:1030D000F9E71D38FBE7374806F0F4FC002062E70B
:1030E0003FD700084AD700085AD7000878DF000801
:1030F0005DD700081DD5000870D700087AD70008F2
:1031000084D7000890D7000899D70008ADD70008E9
:10311000C6D70008DDD70008EFD7000801D800089F
:1031200013D8000825D800082FD8000841D8000877
:103130005DD8000865D8000876D8000892120020F3
:1031400028DA00084FDA0008B010002053DA00082F
:103150006FDA00087BDA000888DA000895DA0008E0
:10316000A3DA0008B2DA0008C2DA0008CEDA0008F2
:10317000DBDA0008EADA000833DB00084ADB000883
:1031800084DB0008C5DB0008D1DB0008DFDB0008BA
:1031900068100020F9DB0008F414002010DC00089F
:1031A000E815002023DC00083BDC000852DC0008A6
:1031B0005CDC000867DC00080020704700207047D6
:1031C0001E38C0B209289ABF014B185C0020704716
:1031D00001DD0008F8B5834E3478012C05463746EA
:1031E00014D0022C43D0002C40F0F88005F024FECF
:1031F00022283AD12846FFF7DFFF18B92846FFF703
:10320000B1FD00E0012000F00100F8BD05F014FE62
:103210002228284605D1FFF7CFFF0028EED0204610
:10322000F1E7FFF7CBFF00BB142D14D008D80B2D0E
:103230000AD0102D12D06C4806F044FC0020E4E7C0
:10324000292D08D0382DF6D1684806F03BFC684897
:1032500006F038FC2AE000203870D6E7FFF7A6FC1D
:10326000644806F02FFC022333702046CDE729285E
:103270003DD01DD8132845D006D8072800F09880E7
:103280000B2831D05848E3E7142830D0A0F11E05B0
:10329000052DF7D8FFF794FF574B1870564B197848
:1032A000002900F09980554806F00CFC0120ACE79D
:1032B000382819D0A0F14B05EBB2072BE2D8072D27
:1032C000E0D801A353F825F0A9330008853200089F
:1032D00085320008AD3300088532000885320008C9
:1032E0009D33000891330008FFF760FCD6E7424B9E
:1032F0001A7812B100221A70D0E73D4806F0E2FBBE
:103300000120A9E73E4806F0DDFB3E4806F0DAFB67
:103310003D4B3E48197806F0D5FB3D4806F0D2FB00
:103320003C4806F0CFFB3C4B3848197806F0CAFB06
:10333000374806F0C7FB394806F0C4FB384B334822
:10334000197806F0BFFB324806F0BCFB354806F0A2
:10335000B9FB354B2D48197806F0B4FB2C4806F024
:10336000B1FB324806F0AEFB314B2848197806F025
:10337000A9FB274806F0A6FB2E4806F0A3FB2E4B20
:103380002248197806F09EFB214806F09BFB85E752
:103390000121194B1878FFF719FC7FE70121164B23
:1033A0001878FFF771FC79E70A21F2E70A21F6E7BE
:1033B000154B22481E221A70174B32221A70184BD6
:1033C0000A221A70184B14221A70194B08221A700C
:1033D000194B28221A70D8E7194839E700203070B5
:1033E00013E700BFB010002067DC000828DA0008EF
:1033F0004FDA000869DC0008B1100020F8DC000892
:103400006DDC00087BDC0008940D00205AD7000812
:1034100078DF00088DDC0008950D00209FDC000897
:10342000960D0020AEDC0008970D0020BFDC0008E0
:103430009A0D0020D4DC00089B0D0020EBDC000876
:10344000FEDC0008194B1B78D90709D5184B1878F2
:1034500000EB800080087F2824D828B3C0B27047D2
:103460009A0705D5124B187800EB80004008F2E768
:103470005B0704D50E4B187800EB8000EBE70D4B93
:103480001B786BB10C4A0A49127808789342F3D240
:1034900010FB03F000EB8000B0FBF2F080B2DAE743
:1034A0000520DBE77F20704701207047BC1000201B
:1034B000960D0020BD100020970D0020154B1B78A5
:1034C000D90705D5144B1878800800B3C0B27047EF
:1034D0009A0703D5104B18784008F6E75B0705D527
:1034E0000D4B18787F28F0D97F2070470B4B1B7845
:1034F0005BB10B4A084912780878934236BF10FB3B
:1035000003F080B2B0FBF2F0ECE70120DEE701202F
:10351000704700BFBC1000209A0D0020BE10002094
:103520009B0D0020F02808B505D1FFF78BFF404226
:10353000294BD87008BDF12802D1FFF783FFF7E7C8
:10354000F22805D1FFF77EFF4042234B9870F1E748
:10355000F32802D1FFF776FFF7E7F92804D1FFF748
:10356000ADFF1D4B1871E5E7FA2803D1FFF7A6FF61
:103570004042F6E7FB2805D1FFF7A0FF4042164B7B
:103580005871D7E7FC2802D1FFF798FFF7E700F161
:103590000C03DBB2042B08D80F4A0123F43803FADA
:1035A00000F0537818435070C4E7FD2805D10B4A4A
:1035B000137843F001031370BCE7FE2804D1074AD7
:1035C000137843F00203F6E7FF28B3D1034A1378D8
:1035D00043F00403EFE700BFB6100020BC1000204A
:1035E000364BF02893F902200AD193F903100029F1
:1035F0000CDA0021D97052B9314A0021117006E06D
:10360000F1280DD193F903100029F2DC72B11A7977
:103610005B7913435AB2002B4FD12A4B1A70704773
:10362000F22806D1002AF1DA00229A7093F90320D9
:10363000E1E7F32802D1002AF6DCE7E7F92893F95D
:10364000041004D10029E1DD00211971DEE7FA2818
:1036500002D10029DADAF7E7FB2893F9051004D143
:103660000029D3DA00215971D0E7FC2802D10029C2
:10367000F8DCCBE700F10C01C9B2042907D8F43813
:1036800001218140587820EA01005870BEE7FD28EA
:1036900005D10D48017821F001010170B6E7FE283F
:1036A00004D10948017821F00201F6E7FF28ADD1E5
:1036B0000548017821F00401EFE77047B6100020BB
:1036C000BD100020BE100020BC1000202A4B1B782B
:1036D00013F0080F10B5294C39D0294806F0F2F93B
:1036E0006178284806F0EEF9274806F0EBF994F9DE
:1036F0000210264806F0E6F9254806F0E3F994F9A9
:103700000310224806F0DEF9214806F0DBF994F9AF
:1037100004101E4806F0D6F91D4806F0D3F994F9B6
:1037200005101A4806F0CEF91A4806F0CBF91A4BE4
:103730001A48197806F0C6F9194806F0C3F9194B6A
:103740001648197806F0BEF9174806F0BBF905F0DF
:103750004BFEE378A278134318BF144B227918BFAD
:1037600018806379134318BF114BBDE8104018BF90
:103770001880024804F0DABA92120020B610002035
:103780000BDD00081DD500082EDD000830DD000827
:103790006DDA000833DD0008BD1000205AD700089C
:1037A00036DD0008BC10002047DB0008B210002006
:1037B000B41000202DE9F047564C94F9028094F99A
:1037C000037094F9046094F9055094F800A094F8FB
:1037D00001900023A370E3702371637158EA07031B
:1037E0000AD04D4B188805F004FE4C490B783BB3CA
:1037F0004B4A127890422DDC56EA05030BD0494B18
:10380000188805F0F6FD48490B78002B4ED0474A42
:103810001278904254DCE278A37813432279134360
:103820006279134301D0FFF751FF84F800A084F8B8
:10383000019084F80280E77026716571BDE8F08719
:103840003B4A127802EB8202B0EB420FD4DD013327
:103850000B7001E0FF2BFAD1B8F1000F08D0FFF791
:10386000F1FDB8F1000FCCBF0123FF235843A07036
:103870003FB1FFF7E7FD002FCCBF0123FF235843E3
:10388000E07094F90220002AB6D094F903100029C0
:10389000B2D0B5235A43121203FB01F308BF012231
:1038A0001B1208BF0123A270E370A5E7214A12781A
:1038B00002EB8202B0EB420FADDD01330B7001E091
:1038C000FF2BFAD13EB1FFF7F9FD002ECCBF01234B
:1038D000FF23584320713DB1FFF7F0FD002DCCBF11
:1038E0000123FF235843607194F90420002A92D0E9
:1038F00094F9051000298ED0B5235A43121203FB08
:1039000001F308BF01221B1208BF0123227163715A
:1039100081E700BFB6100020B2100020BD100020CB
:10392000950D0020B4100020BE100020990D00203D
:10393000940D0020980D0020054A00231360938009
:10394000044A1370044A1370044A1370704700BF8E
:10395000B6100020BD100020BE100020BC100020BA
:1039600008B500F08FF940F6FF7008BD08B50748AC
:1039700000F040F9064800F03DF9064800F03AF939
:10398000BDE80840044800F035B900BF00E0030876
:1039900000E8030800F0030800F80308B0F5805FB2
:1039A0002DE9F041884602D30020BDE8F0814500B2
:1039B00005F1006404F578344FF6FF7223889BB25A
:1039C00093424FEAA02604D1204600F035F980B298
:1039D000EBE7F602124F06F1006606F578364FF473
:1039E000006231463846FCF7ABFE23789845DBD0C1
:1039F00040F2FE702840002407F80080304600F0B6
:103A0000F9F8395D61F0FF014B1C03D089B2301920
:103A100000F012F90234B4F5006FF2D1D7E700BF1D
:103A2000FE15002080B2400000F1006000F5783003
:103A30000078704780B2FFF7B1BF83B25B0003F13B
:103A4000006303F578331A78431C9BB25B0003F1E3
:103A5000006303F57833187842EA0020704738B5E0
:103A600084B20D462046C9B2FFF798FF601C290AB0
:103A700080B2BDE83840FFF791BFFFF7F0BF10B547
:103A800083B25A0002F1006202F5783211785A1CB2
:103A900092B2520002F1006202F5783214789A1C58
:103AA00092B25200033302F100629BB202F5783207
:103AB0005B0003F10063127803F578331878130480
:103AC00043EA04230B4343EA006010BD82B2F8B519
:103AD000571CBFB20C465300790003F1006301F19B
:103AE000006103F5783301F57831961CB6B2187889
:103AF00091F800C0710001F1006101F57831D51C29
:103B0000ADB20B78690001F1006101F578311B0459
:103B1000097843EA0C23034343EA0163A34213D029
:103B2000E1B21046FFF73AFFC4F307213846FFF72A
:103B300035FFC4F307413046FFF730FF210E28461A
:103B4000BDE8F840FFF72ABFF8BD10B503460A44A8
:103B50000846904200D110BD441CFFF763FF03F8F4
:103B6000010B2046F5E770B504460D468618B442B1
:103B700000D170BDA8B214F8011BFFF70FFF01358B
:103B8000F5E7FFF7F0BF00000B4BDA68D0070CD465
:103B9000DA6851070BD4DA68D2060AD4D86800F084
:103BA0000100C0F10500C0B270470120704702203B
:103BB00070470320704700BF0020024073B50446E1
:103BC000FFF7E2FF0025FF2601280FD114B90620D8
:103BD00002B070BD01950196019B1BB9FFF7D4FFA0
:103BE000013CF1E7019B013B0193F5E7002C08BF85
:103BF0000620EDE738B5054640F6FF70FFF7DEFF1B
:103C0000052815D10B4C236943F00203236165613C
:103C1000236943F04003236140F6FF70FFF7CEFFB6
:103C200006281EBF236923F0020323613423E360C7
:103C300038BD00BF00200240104B00F178429A428C
:103C400070B505460E4616D81F20FFF7B7FF0528AA
:103C500010D10B4C236943F0010323611F202E80F8
:103C6000FFF7ACFF06281EBF236923F00103236181
:103C70003423E36070BD0720FCE700BFFEFF0700B0
:103C800000200240034B044A5A6002F188325A6015
:103C9000704700BF00200240230167457FB510F444
:103CA0007F4F0190C0F30726C0F3074217D109B137
:103CB0002F4B9A5C8DF80C208DF80D208DF80E207E
:103CC0009DF80C30002063F307009DF80D3063F37E
:103CD0000F209DF80E3063F3174004B070BD9DF8BF
:103CE000043061B322498A5C03EB43046FF0540053
:103CF000FF216400B4FBF1F4604300EB430000EBF0
:103D00004000C0B216FB00F31B12081A8D1BCB1A21
:103D100006FB00F10912C1F1FF0155435343514322
:103D2000C5F30725C3F30723C1F30721D2B2062C3D
:103D300019D8DFE804F00608110F1418060092B233
:103D4000D2E713460A468DF80C208DF80D308DF819
:103D50000E50B5E711461A462B460D46F3E70B46C3
:103D600011462A46F9E711462A461D460B46EAE760
:103D700060E4000884B0012104B0FFF78FBF7047F2
:103D800084B004B0FFF7F6BF13B58DF802208DF8AC
:103D900000008DF8011000981C46FFF7F1FFC0F3FA
:103DA0000743C0F3072262702070A37002B010BDF9
:103DB000064A137813F0FE0F04D1012161F3470383
:103DC00013707047552BFCD92A21F7E7001E0020FD
:103DD0000820FFF754BE07B50190FFF7E9FF0199EE
:103DE000082003B05DF804EBFFF770BE014B1868C4
:103DF000FFF7F1BF001E0020034B044818600022AB
:103E00001A71FFF7E8BF00BF001E00200300FFFF8C
:103E100038B51C4C2378D90732D51B4805F052FE23
:103E20002378DA072CD5194D1948297801F00101BA
:103E300005F048FE2378DB0722D529781548490884
:103E400005F040FE2378D8071AD56978124805F0A6
:103E500039FE2378D90713D5A978104805F032FE2A
:103E60002378DA070CD5E9780D4805F02BFE237886
:103E7000DB0705D529790B48BDE8384005F022BE9F
:103E800038BD00BF9212002038DD0008001E00205F
:103E900051DD00086EDD000889DD0008A3DD0008A3
:103EA000BDDD0008D7DD0008034B1B7813F00100CF
:103EB00018BF5808704700BF001E0020054B1A7934
:103EC000022A9CBF01321A7110B11868FFF783BF34
:103ED000704700BF001E00200120FFF7EFBF000069
:103EE000044B1A790AB1013A1A7110B11868FFF738
:103EF00072BF7047001E00200120FFF7F1BF0000D5
:103F0000014B1879704700BF001E002038B50B4CDC
:103F10000B4D207159B12068FFF75DFF2B78DA0750
:103F20000BD521790748BDE8384005F0CBBD2B788B
:103F3000DB0702D501460448F5E738BD001E002026
:103F400092120020F3DD000814DE00080021FFF7C4
:103F5000DDBF0000014B5878704700BF001E0020F5
:103F6000014B9878704700BF001E0020014BD878A5
:103F7000704700BF001E002003F0A0B9104B11488D
:103F80001A7870B5104C12F00102617806D02378CF
:103F900003EB43031844FFF7EFFF70BDA578E67805
:103FA00005EB45030344AE4203F10303EFD90135AA
:103FB00003F8022C03F8032C03F8012CEDB2F2E70E
:103FC000001E0020081E00209F0D00200E4B1B78B5
:103FD000DB0770B416D50D4B0D4E9C78DD7804EBE5
:103FE00044033344AC4203F1030302D370BCFFF734
:103FF000C5BF013403F8020C03F8031C03F8012CBD
:10400000E4B2EFE770BC7047001E00209F0D002057
:10401000081E0020094B1B78DB0707B50AD501AB4A
:10402000FFF7B2FE9DF806209DF804109DF80500EC
:10403000FFF7CCFF03B05DF804FB00BF001E0020BB
:10404000064B0279064910B504468A5C587899787F
:10405000FFF7E0FF23790133237110BD001E00201C
:1040600013E10008054B10B50446DA789978007919
:10407000FFF7D0FF23790133237110BD001E00200C
:1040800037B5164C0546207838B9FF2201AB1146EA
:10409000FFF77AFE9DF8053023702979012911D0A8
:1040A000022913D0B1B920780A46FFF78FFF2B7988
:1040B00003220133B3FBF2F202EB42029B1A2B7193
:1040C00003B030BD002221781046EEE700202278B0
:1040D0000146EAE7002210461146E6E722110020D9
:1040E0002DE9F04F4A4D2DED028B95F800C089B0B7
:1040F0001CF0010F06468846174604932DD04FEA60
:104100005C03444CDFF828E1E45CDFF828918EF88A
:1041100000400CF0FE0CBCF1020F23D107ABFFF7FF
:1041200033FE9DF81E209DF81C109DF81D00FFF722
:104130004DFF049B6E7085F80280EF70002B5DD000
:104140002868FFF748FE99F80030DA0705D5EB78C4
:10415000AA786978304805F0B5FC09B0BDEC028B4F
:10416000BDE8F08F022C01D1EF78E2E7062C01D1F7
:104170006E78DEE7092CFBD0192CDAD1193B03F05D
:104180000102039282F0010208EE102AC3F34603F3
:10419000224A12F803B04FF0000A214B1B795FFA54
:1041A0008AF18B4202D8FFF7E9FEC2E70BFB01F46C
:1041B000B4FBF3F4039BE4B2F3B9344499F8003050
:1041C000D807E4B209D518EE103A1648CDF800B079
:1041D0002246059105F076FC0599114B9B78194410
:1041E000114B01EB41010B443A4641462046FFF793
:1041F000CBFD0AF1010AD0E7341BDFE799F8003064
:10420000DB07AAD509483B4642463146A3E700BF33
:10421000001E0020E8E000085EDE0008D1E0000893
:104220009F0D002037DE0008081E002083DE0008F6
:104230002411002092120020054910B44C78CA784D
:10424000897808340346E0B25DF8044BFFF748BFB5
:10425000001E00200120FFF7EFBF0000054910B449
:104260004C78CA788978083C0346E0B25DF8044B84
:10427000FFF736BF001E00200120FFF7EFBF000050
:1042800010B4074CA178E2780831FF2928BFFF213C
:104290000346C9B260785DF8044BFFF721BF00BF49
:1042A000001E00200120FFF7EBBF000010B4064CF9
:1042B000A178E278083921EAE1710346C9B2607851
:1042C0005DF8044BFFF70CBF001E00200120FFF734
:1042D000EDBF000010B4074CE278A1780832FF2A45
:1042E00028BFFF220346D2B260785DF8044BFFF787
:1042F000F7BE00BF001E00200120FFF7EBBF00004B
:1043000010B4064CE278A178083A22EAE272034639
:10431000D2B260785DF8044BFFF7E2BE001E0020C9
:104320000120FFF7EDBF0023FFF7DABE2DE9F041D2
:10433000144EDFF85880144F044600253179E8B256
:1043400081420DD8FFF71AFEA37813F0010F2379ED
:1043500014BF013303F1FF335BB22371BDE8F08179
:10436000B378FF22B2FBF1F22179034403EB43035C
:1043700002FB00104344FA78B978C0B2FFF704FD9D
:104380000135DBE79F0D0020001E0020081E0020E5
:104390002DE9F04F8378314E314D13F0010F85B088
:1043A0000CBF01234FF0FF3301934FF00009337925
:1043B0005FFA89F843450CD8FFF7E0FD019B012B1C
:1043C0002B7843D103B93379013B2B7005B0BDE89D
:1043D000F08FB2782349DFF890A0424402EB42020A
:1043E000531800245C7054549DF804209C70029271
:1043F00027464FF0120B2A782244D1B252B2122A29
:104400001EDD92FBFBF10BFB112252B242450ED195
:104410009AF803109AF801000393C7F104024A4383
:10442000C2F387029AF80210FFF7AEFC039B029AD0
:1044300001371444042FE4B2DDD109F10109B6E7D4
:10444000002AE3DA054A12790A44DEE731790133BA
:10445000B3FBF1F201FB1233B7E700BF9F0D002061
:1044600023110020081E0020001E00202DE9F84323
:104470002B4C2C4DA278E07802EB42032B44002118
:10448000904203F1030320D8274EDFF8A090DFF815
:10449000A48000272179FAB291421FD8FFF76EFD60
:1044A000224D23482A78017833780A4452B20B44CB
:1044B0005BB2002A33702A7003DD2279013A9342FD
:1044C00001DB49420170BDE8F883013203F8021CA8
:1044D00003F8031C03F8011CD2B2D1E7B2FBF1F3DD
:1044E00001FB1323A1780B4496F90010DBB28A423A
:1044F00003EB43030EDB99F900108A420ADC98F8BB
:10450000032098F8021098F801002B44FFF73CFCB8
:104510000137BFE7E9180022EA544A708A70F7E7CA
:104520009F0D0020081E0020211100209C0D00205E
:104530009D0D0020001E0020037913FB03F25A4357
:10454000C3F120032DE9F04703FB03F15525554343
:1045500003FB0123B5FBF3F5EDB2292D85BFC5F1B2
:10456000550404EB440405EB450404EBD474DFF874
:104570007480DFF874A094BF6FEA54046FEA640497
:104580000646E4B20027C14698F80420FBB29A42DE
:104590000BD8FFF7F3FC3379104AD3B9012111701E
:1045A000127813443371BDE8F0879A0799F8022016
:1045B0000B49134458BFC5F1550003EB43038978F9
:1045C00054BFC0B2284653442246FFF7DDFB0137F3
:1045D000DAE7202BE4D1FF21E1E700BF9E0D0020A8
:1045E000001E00209F0D0020081E00202DE9F04134
:1045F000154FDFF85C80154E044600253A79AA4233
:1046000008DCFFF7BBFC2379013303F001032371BE
:10461000BDE8F081BB7894F804C07078B1782B4481
:1046200003EB4303B5EB520F434407DABCF1000F31
:1046300007D0F278FFF7A8FB0135DFE7BCF1000FE8
:10464000F7D00022F6E700BF9F0D0020001E0020DB
:10465000081E00202DE9F74F83780193494D077913
:10466000012303710026484B1B79F4B2A34204D8FE
:1046700003B0BDE8F04FFFF781BC019B022B4FEA6E
:10468000840B09D8414B0BEB040193F801C005F8EA
:1046900001C068189B784370A7B90BEB04032B4447
:1046A000DF709F70384B3A4A9B7823445C44291949
:1046B00003EB43031344285D8A784978FFF764FBD2
:1046C0000136D0E70BEB040A05EB0A09DFF8BC80E2
:1046D00099F80300E0B10138C0B299F804C02D4B3D
:1046E00089F80300C0EB0020B0FBFCF0C0B298F8E2
:1046F0000310185C2238C0B2C0EB00204FF0BB0C96
:10470000B0FBFCF0C0B24843001289F80200C9E7D0
:10471000FCF732F998F803C04FEA5C0C0CF17F0EFD
:104720004FF4017C0CFB0EFCCCF3072C6045B9DA8E
:10473000019B022B15D9FCF71FF94FF0FF0C90FBE2
:10474000FCFC844405F80AC0FCF716F998F802C08E
:104750004FEA5C0C90FBFCFE0EFB1C0EF44489F847
:1047600001C00BEB040028440023837098F8033049
:10477000C82B28BFC823142B38BF14230371C37060
:1047800090E700BFC71000209F0D0020001E0020F2
:10479000081E002013E1000808B50C4B0C481978DE
:1047A0000B224908FBF77CFF10B90A4B01225A7013
:1047B00004F01AFE084B1880084B1B78DB0704D561
:1047C000BDE80840064805F07DB908BD001E002080
:1047D000A40D002024110020C010002092120020FF
:1047E000AADE0008054B00225A70054B1B78DB0738
:1047F00002D5044805F066B9704700BF24110020B7
:1048000092120020C3DE000838B51D4C2378DD0766
:1048100035D518BB012262F347031A4D237021B32B
:104820002068FFF7D8FA2B78DA0704D521781648E4
:10483000490805F047F9217814480B224908FBF78D
:104840002FFFC8B1FFF7CEFF114BA178607801228E
:10485000DA70E278BDE83840FFF765BD2A2801D953
:104860002A22D8E760F34703D7E72B78DB07E2D5A6
:10487000217808484908DCE7FFF78EFFE4E738BDF8
:10488000001E002092120020DCDE0008A40D002093
:10489000C0100020F8DE0008054B1B785B080133D0
:1048A0002B2B014634BF18460120FFF7ADBF00BFD8
:1048B000001E00200120FFF7EFBF0000064B1B7811
:1048C000C3F34603013B13F0FF03014614BF184630
:1048D0002A20FFF799BF00BF001E00200120FFF72C
:1048E000EDBF0121FFF790BF10B5094C227842F0CF
:1048F00001022270074A1278D30703D50648012126
:1049000005F0E0F82078BDE810404008FFF7E9BF67
:10491000001E00209212002016DF00080021FFF781
:1049200073BF000070B5204E3278002A3AD11F4C78
:104930002378DD0708D51E4805F0C4F82378D8078A
:1049400002D51C4805F0BEF804F060FB48B9237896
:10495000D90702D5184805F0B5F804F0D9FBFFF7E0
:104960004BFAFFF735FA154D10F0FE0F28600AD10B
:104970002378DA0702D5124805F0A4F8FFF73CFACD
:10498000FFF726FA2860FFF713FAFFF741FA0D4BFD
:10499000287800225A70C30702D54008FFF7BEFFEF
:1049A0000123337070BD00BFC6100020921200209A
:1049B0004DDF000864DF00087ADF0008001E0020D9
:1049C000A2DF00082411002010B5094C227842F023
:1049D00001022270074A1278D30703D50648012145
:1049E00005F070F82078BDE810404008FFF796BF4A
:1049F000001E002092120020EBDF000810B50E4CC4
:104A000023786FF3000323702068FFF7E4F90B4B62
:104A10001B78DB0705D52178094801F0010105F075
:104A200051F8FFF7DFFE41F2883006F028F9BDE8C3
:104A30001040FFF7A3BA00BF001E00209212002012
:104A400024E000080C4B1B7813F0010F10B50B4C41
:104A500006D021780A48C94301F0010105F032F877
:104A60002378DB0703D5BDE81040FFF7C7BFBDE8DB
:104A70001040FFF739BF00BF92120020001E002037
:104A80005CE0000808B50B4B1A786FF300021A704F
:104A9000094B1B78DB0703D50848002105F012F805
:104AA000FFF7A0FE41F2883006F0E9F8BDE80840C3
:104AB000FFF764BA001E00209212002093E0000865
:104AC000344B5A782DE9F041002A60D01A78324BE5
:104AD000324E1B78C2EB5303DBB2022AB3701AD1F9
:104AE0002F4A304CD55CF3782BB10027F77004F0D7
:104AF0007BFCB780308004F077FC3388C01A80B22A
:104B000047F6FE72904242D81D4435802346234822
:104B1000BDE8F0411847062A03D1234A234CD55C4F
:104B2000E1E7092A04D1224A224C5B08D55CDAE786
:104B30000F2A04D1204A214C5B08D55CD3E7152A03
:104B400003D11F4A1F4CD55CCDE7182A14D0232A65
:104B500003D11D4B1D4C1D88C5E7242A0FD0252AE3
:104B600011D10322B3FBF2F202EB42029B1ADBB239
:104B7000174A184CD55CB6E7174C2825B3E7174CF5
:104B80004FF4FA75AFE7164C4FF4FA65ABE7BDE8A2
:104B9000F08100BF24110020001E0020C010002062
:104BA000CDE0000841400008D9E000086540000859
:104BB000DCE000082D430008E2E000089143000813
:104BC000D6E000086D440008E0E0000881400008DD
:104BD000E5E000085546000839450008ED450008A5
:104BE0007F3D0008012830B501D8C0B230BDB0F516
:104BF000F75F9DBF42090832D2B2FF220124A318F9
:104C00005910C3F34705C3F34F0313FB03F39BB2E0
:104C1000834205D96A1ED2B29442F0D9601EE4E7FD
:104C2000FF2902D06C1CE4B2F6E70846DEE700007C
:104C300010F040031ABFC243D2B2024610B502F0D0
:104C40000F0103B101310A4CC2F3011204EB42031C
:104C50005B7813FB01F114F8123003EB2113DBB284
:104C6000020644BF5B42DBB283F0800010BD00BF90
:104C700046E4000884B0C0F307230190134800EB1A
:104C8000410191F84600E42110FB01F0C2EB102035
:104C90001C300028B8BF4042A3EBC00000B220EA9D
:104CA000E07010FB03F000128DF80500019B00205E
:104CB000DAB262F30700C3F3072262F30F20C3F3F3
:104CC000074363F3174004B0704700BF640C002033
:104CD00084B0C0F307430190134800EB410191F801
:104CE0004600E42110FB01F0C2EB10201C3000282C
:104CF000B8BF4042A3EBC00000B220EAE07010FB56
:104D000003F000128DF80600019B0020DAB262F376
:104D10000700C3F3072262F30F20C3F3074363F3D3
:104D2000174004B0704700BF640C002084B00190AD
:104D30008DF80420019B0020DAB262F30700C3F370
:104D4000072262F30F20C3F3074363F3174004B055
:104D50007047000084B001900B4800EB4101002037
:104D600091F846309A1A8DF80420019BDAB262F36A
:104D70000700C3F3072262F30F20C3F3074363F373
:104D8000174004B0704700BF640C002084B001904D
:104D90000B4800EB4101002091F847309A1A8DF83A
:104DA0000420019BDAB262F30700C3F3072262F327
:104DB0000F20C3F3074363F3174004B0704700BFED
:104DC000640C002030B5134B85B0203103EB410457
:104DD0000190E57903EB4103A5F1200464B29B79CE
:104DE000002CBCBFC5F1200464B29A1A2244C0B2A0
:104DF00010448DF80400019B0020DAB262F3070032
:104E0000C3F3072262F30F20C3F3074363F3174092
:104E100005B030BD640C002084B003EB43039DF863
:104E20001020019002EB53038DF80430019B002009
:104E3000DAB262F30700C3F3072262F30F20C3F371
:104E4000074363F3174004B070471FB5019048B2A1
:104E50000028BCBF494248B25243C0F1380010FBA1
:104E6000002080B21C46FFF7BDFE00EB400004446A
:104E70008DF80440019B0020DAB262F30700C3F30F
:104E8000072262F30F20C3F3074363F3174004B014
:104E900010BD000084B020330190114800EB4303A3
:104EA000D8799B79703B5943203802FB0012002AC5
:104EB0009DF80410B8BF7F3201EBE2128DF8042098
:104EC000019B0020DAB262F30700C3F3072262F30A
:104ED0000F20C3F3074363F3174004B0704700BFCC
:104EE000640C002084B020330190114800EB430390
:104EF000D8799B79703B5943203802FB0012002A75
:104F00009DF80410B8BF3F3201EBA2128DF80420C7
:104F1000019B0020DAB262F30700C3F3072262F3B9
:104F20000F20C3F3074363F3174004B0704700BF7B
:104F3000640C00201FB5164C0190203304EB430392
:104F4000C0B2DC79203C62439C79A4F170035BB26F
:104F5000002BBCBFC4F170035BB2C3F1380301FB8B
:104F6000032111EB410148BF7F3100EBE1118DF8C6
:104F70000410019B0020DAB262F30700C3F307229A
:104F800062F30F20C3F3074363F3174004B010BD6F
:104F9000640C002030B585B0C4B2019010460D46B7
:104FA000FFF746FE134901EB450191F846201044F6
:104FB000C2B2A2F180035BB2002BBCBFC2F180027F
:104FC00053B25B0003F0FE0303EB430304EB9313C4
:104FD0008DF80430019B0020DAB262F30700C3F3BE
:104FE000072262F30F20C3F3074363F3174005B0B2
:104FF00030BD00BF640C00201FB5114B019003EBC6
:105000004101C0B291F84640A11A4BB2002BBCBF7F
:10501000121B53B2DBB203EB430300EB53138DF8C7
:105020000430019B0020DAB262F30700C3F30722C9
:1050300062F30F20C3F3074363F3174004B010BDBE
:10504000640C002084B0C9430190C9B2C0F307408A
:1050500011FB00F109128DF80610019B0020DAB255
:1050600062F30700C3F3072262F30F20C3F3074381
:1050700063F3174004B0704784B0C9B20190C1F126
:105080008201C0B20029A8BF40188DF80400019B1E
:105090000020DAB262F30700C3F3072262F30F20A5
:1050A000C3F3074363F3174004B0704784B003EBC6
:1050B0008302BDF81030019013449BB2FF2B28BF30
:1050C000FF23C0F30740DB4350FA83F3FF2B28BFD5
:1050D000FF238DF80630019B0020DAB262F307004F
:1050E000C3F3072262F30F20C3F3074363F31740B0
:1050F00004B070471FB50029B8BF4942002AB8BFA5
:10510000524209B2090112B21201FF29BDF818403A
:105110000190A8BFFF21FF2AA8BFFF2223440CB2A1
:1051200011B28C42A8BF0C4614FA83F4A4B2FF2C2F
:1051300028BFFF24C0F30740E44350FA84F4FF2C57
:1051400028BFFF248DF80640019B0020DAB262F3ED
:105150000700C3F3072262F30F20C3F3074363F38F
:10516000174004B010BD00001FB5482B0190C0F3DC
:10517000074030D8BDF81840E31A9BB2FF2B28BF78
:10518000FF23083189B2102905D902F1080189B23B
:10519000112928BFFF231149DB4350FA83F3002A6A
:1051A0004978B8BF0332FF2B01EBA20228BFFF23CF
:1051B0008DF804208DF80630019B0020DAB262F3EE
:1051C0000700C3F3072262F30F20C3F3074363F31F
:1051D000174004B010BDFF23D3E700BF401E0020DE
:1051E00084B0C0F30741BDF810200190D31A9BB2E0
:1051F000FF2B28BFFF23DBB2DA4351FA82F2FF2AEA
:1052000053FA80F028BFFF228DF804008DF80620A5
:10521000019B0020DAB262F30700C3F3072262F3B6
:105220000F20C3F3074363F3174004B0704784B003
:10523000BDF810200190D21A92B2FF2A28BFFF2297
:10524000C0F30740D24350FA82F2FF2A28BFFF2260
:105250008DF80620019B0020DAB262F30700C3F349
:10526000072262F30F20C3F3074363F3174004B030
:10527000704710B5044620B90029ACBF002080203B
:1052800010BD80EAE072A2EBE07213B20029A6BF63
:10529000CB1A5B015B1A01FA82F2B5BF520193FB94
:1052A000F2F392FBF3F3C3F12003B8BFC3F1600341
:1052B0005BB2D8B2002CBCBF4042C0B2E0E730B510
:1052C00085B0C0F30725EB1A01901046DCB2FFF75A
:1052D000D0FFC0EB801300EB83002044C0B210FB72
:1052E00005F000128DF80500019B0020DAB262F390
:1052F0000700C3F3072262F30F20C3F3074363F3EE
:10530000174005B030BD30B585B0C0F30745EB1A86
:1053100001901046DCB2FFF7ACFFC0EB801300EB4E
:1053200083002044C0B210FB05F000128DF8060087
:10533000019B0020DAB262F30700C3F3072262F395
:105340000F20C3F3074363F3174005B030BD30B5FA
:1053500085B0C0F307259DF82040019010461C1B26
:10536000FFF787FF2C44E4B2201AC0B210FB05F00F
:1053700000128DF80500019B0020DAB262F30700ED
:10538000C3F3072262F30F20C3F3074363F317400D
:1053900005B030BD30B585B0C0F307459DF820405D
:1053A000019010461C1BFFF764FF2C44E4B2201A46
:1053B000C0B210FB05F000128DF80600019B002022
:1053C000DAB262F30700C3F3072262F30F20C3F3DC
:1053D000074363F3174005B030BD1FB50190104679
:1053E0001C46FFF746FF03198DF80430019B00208F
:1053F000DAB262F30700C3F3072262F30F20C3F3AC
:10540000074363F3174004B010BD1FB59DF8184063
:1054100001901B1B1046DCB2FFF72BFF201A8DF802
:105420000400019B0020DAB262F30700C3F30722F5
:1054300062F30F20C3F3074363F3174004B010BDBA
:1054400084B004B0FEF796BC421EF0B5D4B24A1E3A
:10545000D2B2451C4B1C9142364EEDB2DBB20BD999
:105460004FF00E0C0CFB006C1CF802701037FF2F75
:1054700028BFFF270CF802700E2707FB006717F8FC
:1054800001C00CF1200CBCF1FF0F28BF4FF0FF0C46
:105490000D2B07F801C00AD817F803C00CF1100C47
:1054A000BCF1FF0F28BF4FF0FF0C07F803C0042D1D
:1054B00013D9914233D80E2202FB0462505C1030A3
:1054C000FF2828BFFF200D2B505427D8D15C0D3169
:1054D000FF2928BFFF21D15420E091420BD94FF082
:1054E0000E0C0CFB056C1CF802700D37FF2F28BF4B
:1054F000FF270CF802700E2707FB05656F5C10375D
:10550000FF2F28BFFF270D2B6F5405D8EF5C0D37F9
:10551000FF2F28BFFF27EF54A042CAD8F0BD0E25A9
:1055200005FB0465A85C0D30FF2828BFFF20A854A8
:10553000C1E700BF28110020024808221C21FEF705
:1055400004BB00BF401E0020024808221C21FEF7B9
:1055500018BB00BF401E002008B50C4B1B78DB07B2
:1055600002D50B4804F0AEFA0A4B1A46492102F85C
:10557000011B09490888897891704FF67F72A3F85A
:1055800001009A80BDE80840FFF7DEBF92120020BC
:1055900013E20008401E002030CF000838B51F4C31
:1055A0002378D80739D51E4804F08CFA2378D90718
:1055B00033D51C4D1C48297801F0030104F082FA10
:1055C0002378DA0729D529781848890804F07AFA67
:1055D0002378DB0721D56978154804F073FA23781E
:1055E000D8071AD5A978134804F06CFA2378D9079C
:1055F00013D5E978104804F065FA2378DA070CD55A
:1056000029790E4804F05EFA2378DB0705D569791D
:105610000B48BDE8384004F055BA38BD921200205E
:1056200037E20008401E002051E2000870E2000846
:105630008DE20008ABE20008C9E20008E7E20008DA
:1056400005E300080020704770B515460E46044675
:10565000FFF7F8FF054B0E2202FB0434A35DFF2B7E
:105660001EBF2B540130C0B270BD00BF640C0020BF
:10567000014BDB68184700BF50E4000810B4034C2E
:105680006468A4465DF8044B604700BF50E400081E
:105690002DE9F04F334D344A2E790478730816887B
:1056A000240189B0E4B25E43C6F3072304F1100776
:1056B000FFB202932D4B03914E2FBB46814628BF6C
:1056C0004FF04E0B03EB440803F1E20AE3B29B45B3
:1056D00006D84D2F8CBF0020012009B0BDE8F08F07
:1056E00014F80A2099F801301A4237D098F8473058
:1056F00098F84600203B9AB2703813FB03F381B24E
:1057000000FB003080B205910492FFF76BFA029A19
:1057100095F801C095F803E0059900920346A87832
:10572000049A039E4CEA002012B209B240EA0E40ED
:10573000B047C0F307238DF81C00C0F307408DF875
:105740001D308DF81E000798FFF77AFEC0F307435F
:10575000C2B2C0F307212046FFF790FF08F102080C
:105760000134B3E7401E0020481E0020640C0020D6
:105770000149FFF78DBF00BF4F5300080149FFF7F4
:1057800087BF00BF955300080149FFF781BF00BFE5
:10579000194E00080149FFF77BBF00BF0B540008FA
:1057A0002DE9F04F2DED028B2C4E2D4B04783579E1
:1057B0001B8824016D08E4B25D43C5F3072304F19F
:1057C0001007FFB208EE103A85B0264B01914E2F1C
:1057D000BB46814628BF4FF04E0B03EB440803F154
:1057E000E20AE3B29B4508D84D2F8CBF0020012070
:1057F00005B0BDEC028BBDE8F08F14F80A2099F8D3
:1058000001301A4226D0B378707896F803C098F821
:10581000472098F84610019D40EA0320203A70394D
:1058200018EE103A40EA0C40A847C0F307238DF861
:105830000C00C0F307408DF80D308DF80E00039872
:10584000FFF7FEFDC0F30743C2B2C0F307212046B5
:10585000FFF714FF08F102080134C2E7401E0020E0
:10586000481E0020640C00200149FFF799BF00BFCB
:10587000BF5200080149FFF793BF00BF075300085C
:105880000149FFF78DBF00BF4B4E00080149FFF7EC
:1058900087BF00BFDB5300082DE9F74F234E047884
:1058A0003579234ADFF88CB02401E4B2AB0804F167
:1058B00010071588FFB24E2F03FB0555BA468046E8
:1058C000894628BF4FF04E0AC5F30725E1B28A4545
:1058D00006D84D2F8CBF0020012003B0BDE8F08F0B
:1058E00014F80B2098F801301A421DD0B078737864
:1058F00043EA0023F0782A4643EA0040C847C0F351
:1059000007238DF80400C0F307408DF805308DF8AB
:1059100006000198FFF794FDC0F30743C2B2C0F33D
:1059200007212046FFF7AAFE0134CFE7401E0020E2
:10593000481E0020460D00200149FFF7ADBF00BF03
:10594000754C00080149FFF7A7BF00BFD14C000804
:105950000149FFF7A1BF00BF2D4D00080149FFF726
:105960009BBF00BF554D00080149FFF795BF00BF21
:105970008D4D00080149FFF78FBF00BFC54D0008DE
:105980000149FFF789BF00BF954F00080149FFF7A4
:1059900083BF00BFF94F00082DE9F04F304E314A68
:1059A00035792DED028B0478AB08158824015D4311
:1059B000E4B2C5F3072504F1100987B05FFA89F94D
:1059C000824605F14000B9F14E0FC0B20391CB46BB
:1059D00028BF4FF04E0BFFF72BF9803843B2284613
:1059E00008EE103AFFF724F980384FFA80F8E3B256
:1059F0009B4509D8B9F14D0F8CBF0020012007B09D
:105A0000BDEC028BBDE8F08F174AA15C9AF801202B
:105A1000114222D0B278707896F803C0039F0095A7
:105A200040EA022018EE101A424640EA0C40B847FD
:105A3000C0F307238DF81400C0F307408DF815302C
:105A40008DF816000598FFF7FBFCC0F30743C2B2C0
:105A5000C0F307212046FFF711FE0134C7E700BF5E
:105A6000401E0020481E0020460D00200149FFF77F
:105A700093BF00BF954E00080149FFF78DBF00BFDF
:105A8000E54E00080149FFF787BF00BF354F00080A
:105A90002DE9F04F0478344DDFF8D4B02F79DFF8DA
:105AA000D4A02401E4B204F11006F6B285B00137A7
:105AB0004E2EB146804628BF4FF04E090191FF2F70
:105AC00028BFFF274FF6FF73B3FBF7F7E0B281451E
:105AD00006D84D2E8CBF0020012005B0BDE8F08F08
:105AE00014F80B2098F801301A422DD09AF80030A3
:105AF0001E49013B5BB21A0628D53A462979A87897
:105B00006B780131FF2928BFFF2143EA0023E878A1
:105B10005143C1F30F2143EA0040019B9847C0F372
:105B200007238DF80C00C0F307408DF80D308DF879
:105B30000E000398FFF784FCC0F30743C2B2C0F322
:105B400007212046FFF79AFD0134BFE75A5C8242E5
:105B500007D103F10C020AEB4202B2F80120BA426B
:105B6000CCD3013BC7E700BF401E00205D1E0020D4
:105B7000460D00204C1E00200149FFF789BF00BFE1
:105B8000455000080149FFF783BF00BF7950000866
:105B90002DE9F04F0C78DFF82CB12401E4B204F1C8
:105BA0001006F6B28DB04E2E334628BF4E23049316
:105BB000414B05921B780393404B03EB4407E233C0
:105BC000804689460793049AE3B29A4206D84D2E3E
:105BD0008CBF002001200DB0BDE8F08F079BE25C78
:105BE00099F801301A4222D0354B1B88ADF8283085
:105BF000314B069308F10105EA18C24602920021D2
:105C0000039A5FFA8AF39A4214D89BF8030010FBB8
:105C100001F000128DF82A000A98FFF711FCC0F37A
:105C20000743C2B2C0F307212046FFF727FD013426
:105C30000237C8E7029B099113F8010B029397F80A
:105C40004630029A181A83B2D2791D4697F8473027
:105C50009B1A9AB213FB03F300FB003080B2089248
:105C6000FEF7C0FF069A9BF804C0099903460AF1A3
:105C70000C0002EB40000CF1010CB0F80100089A96
:105C80008DF82A10BCF1FF0F28BF4FF0FF0C0CFB62
:105C900000FCCCF30F2029B20090059D0A9812B2A7
:105CA000A847C0F307238DF828008DF82930C0F3EA
:105CB00007410AF1010AA3E74C1E0020640C0020F2
:105CC000411E0020401E0020044B054A1B78013B6A
:105CD00023EAE3730146D8B2FFF75ABF4C1E0020F7
:105CE000AD5000080146024A0020FFF751BF00BF37
:105CF000AD500008044B054A1B78013B23EAE373CF
:105D00000146D8B2FFF744BF4C1E0020F5500008F2
:105D10000146024A0020FFF73BBF00BFF5500008D4
:105D2000044B054A1B78013B23EAE3730146D8B2D2
:105D3000FFF72EBF4C1E0020695100080146024AA1
:105D40000020FFF725BF00BF69510008044B054A3A
:105D50001B78013B23EAE3730146D8B2FFF718BF73
:105D60004C1E0020E15100080146024A0020FFF7C6
:105D70000FBF00BFE1510008044B054A1B78013BEF
:105D800023EAE3730146D8B2FFF702BF4C1E00209E
:105D90002F5200080146024A0020FFF7F9BE00BF5B
:105DA0002F5200082DE9F3411D4A04785378DFF89B
:105DB0007480064624019078E4B243EA002304F19B
:105DC0001005D078EDB24E2D43EA00402F4628BF93
:105DD0004E27FFF735FBC0F307238DF80530C0F3DE
:105DE00007438DF804008DF80630E3B29F4206D8D1
:105DF0004D2D8CBF0020012002B0BDE8F08114F8C9
:105E0000082073781A4208D09DF806309DF80420C7
:105E10009DF805102046FFF731FC0134E5E700BF8F
:105E2000401E0020460D00202DE9F043DFF8B89019
:105E3000047899F801804B46240133F8012F85B08E
:105E4000E4B29B78ADF8042004F110058DF806301B
:105E50008DF80480EDB24E2D064601982F4628BFDE
:105E60004E27FFF7EDFAC0F307238DF8093099F8B4
:105E700004308DF8080098448DF80480C0F3074082
:105E80008DF80A000198DFF86480FFF7D9FAC0F3B3
:105E900007238DF80D30C0F307438DF80C008DF803
:105EA0000E30E3B29F4206D84D2D8CBF002001205A
:105EB00005B0BDE8F08314F808307278134211D0B1
:105EC000DB0743BF9DF80E309DF80C209DF80D10A8
:105ED0009DF80A305CBF9DF808209DF80910204607
:105EE000FFF7CCFB0134DCE7401E0020460D00200C
:105EF0002DE9F74F204D047895F80480DFF87C9069
:105F00002B462401E4B233F8012FADF8002004F150
:105F10001006F6B29B788DF802304E2EB246074638
:105F200028BF4FF04E0A4FEA9808A9F19B0BE3B245
:105F30009A4506D84D2E8CBF0020012003B0BDE845
:105F4000F08F14F809207B781A4212D01BF8143015
:105F50006A781B0903FB08238DF800300098FFF7CF
:105F60006FFAC0F30743C2B2C0F307212046FFF720
:105F700085FB0134DBE700BF401E0020460D0020FA
:105F80002DE9F74F204D047895F80480DFF87C90D8
:105F90002B462401E4B233F8012FADF8002004F1C0
:105FA0001006F6B29B788DF802304E2EB2460746A8
:105FB00028BF4FF04E0A4FEA9808A9F19C0BE3B2B4
:105FC0009A4506D84D2E8CBF0020012003B0BDE8B5
:105FD000F08F14F809207B781A4213D01BF8143084
:105FE00008FB03F26B7803EB52138DF80030009836
:105FF000FFF726FAC0F30743C2B2C0F307212046D9
:10600000FFF73CFB0134DAE7401E0020460D00207C
:106010002DE9F341294A04781346064633F8011F57
:10602000107993F80280264BADF8001024011B88EC
:10603000E4B204F11005C0085843EDB24E2DC0F390
:1060400007202F4628BF4E27FEF7F2FDA0F1800261
:1060500053B2002BBCBFC0F1800043B25B00DBB287
:1060600013FB08F31B128DF802300098DFF8548000
:10607000FFF7E6F9C0F307238DF80400C0F30740EB
:106080008DF805308DF80600E3B29F4206D84D2DFD
:106090008CBF0020012002B0BDE8F08114F8082078
:1060A00073781A4208D09DF806309DF804209DF8B8
:1060B00005102046FFF7E2FA0134E5E7401E002014
:1060C000481E0020460D002037B5164B9A788DF8F3
:1060D0000120DA785D788DF802200446FAF74CFC4E
:1060E0004FF4B471024605F1B400B0FBF1F301FBCB
:1060F00013035B1B48BF033302F0030243F38F0318
:1061000003FB02538DF800300098FFF799F9C0F3B4
:106110000743C2B2C0F30721204603B0BDE83040B8
:10612000FFF7ACBA401E00202DE9F0418678054605
:1061300026BB214B214A1B7912881033FF2B28BF25
:10614000FF235343C3F30F230A21B3FBF1F201FBF7
:1061500012339BB27BB9FAF70FFC4E2390FBF3F29C
:1061600002FB1300164B6A78034493F8E2301A429C
:1061700001D0FFF7A9FF3046BDE8F0810478DFF8D1
:1061800044802401E4B204F11006F6B24E2E3746E4
:1061900028BF4E27A74204DC4D2E8CBF00260126C7
:1061A000E9E76A7814F808301A4202D02046FFF76F
:1061B0008BFF0134EEE700BF401E0020481E002088
:1061C000640C0020460D002013B50446FAF7D4FBFA
:1061D0008DF80000FAF7D0FB094B8DF80100DB7851
:1061E0008DF802300098FFF72BF9C0F30743C2B2D5
:1061F000C0F30721204602B0BDE81040FFF73EBAC9
:10620000401E00202DE9F041867805462EBB214B2B
:10621000214A1B7912881033FF2B28BFFF235343D9
:10622000C3F30F230522B3FBF2F202EB82029B1AA7
:106230009BB27BB9FAF7A0FB4E2390FBF3F202FB73
:106240001300164B6A78034493F8E2301A4201D0E7
:10625000FFF7BAFF3046BDE8F0810478DFF84080F0
:106260002401E4B204F11006F6B24E2E374628BFE0
:106270004E27A74204DC4D2E8CBF00260126E9E7FD
:106280006A7814F808301A4202D02046FFF79CFFC3
:106290000134EEE7401E0020481E0020640C002060
:1062A000460D00202D4B2DE9F3411A46047832F8B3
:1062B000011F93F8018092788DF80220284AADF8EA
:1062C00000100646240118791288E4B204F1100582
:1062D000C0085043EDB24E2DC0F307202F4628BF13
:1062E0004E27FEF7A5FCA0F1800253B2002BBCBFE5
:1062F000C0F1800043B25B0003F0FE0303EB4303F5
:1063000008EB93138DF800300098DFF85880FDF704
:1063100031FDC0F307238DF80400C0F307408DF86A
:1063200005308DF80600E3B29F4206D84D2D8CBF94
:106330000020012002B0BDE8F08114F80820737835
:106340001A4208D09DF806309DF804209DF80510EB
:106350002046FFF793F90134E5E700BF401E002017
:10636000481E0020460D0020014B9B68184700BFC7
:1063700050E400082DE9F04F04782401E4B204F160
:1063800010095FFA89F94B46462B8BB028BF46238C
:106390000193837807464BB1002211461046FFF760
:1063A000E3FF474846220021FAF764FA3B786BB9CD
:1063B000444D288803F01DF8434B18288CBF012258
:1063C00000221A7002D903F00FF82880DFF800A12C
:1063D000019BA34207DCB9F1450F8CBF00200120CF
:1063E0000BB0BDE8F08F364A0525B4FBF5F505EB9B
:1063F0008506A61B0E2303FB0623E9B213F805B09E
:1064000008AAF0B2FFF720F91FFA8BF304930BF1FF
:10641000AA03FF2B28BFFF2303EB43030233DBB2A6
:10642000ABF1550B02932BEAEB7303904FF000088E
:106430000593039A5FFA88F39A420DD8224B1B7892
:1064400043B1049B1E490E22013B02FB061623EAC0
:10645000E37373550134BBE70DF1200B1B4A18F8A9
:106460000B30134493F8E2207B781A4224D0059B2A
:10647000029AC3F1AA038DF818309AF802308DF809
:1064800019309AF8033013FB02F31B128DF81A30FF
:106490000698FEF7D5FFC0F30721C0F307438DF838
:1064A0001C008DF81D108DF81E30C2B2DBB21BF837
:1064B0000800C9B2FFF7E2F808F10108B9E700BF28
:1064C000281100206E11002026110020640C0020ED
:1064D000401E002083782DE9F74F414D5BB100222B
:1064E00011461046FFF740FF3E4846220021FAF7CA
:1064F000C1F900232B70DFF8EC900024C8464FF060
:10650000FF0B464600272A785FFA87FA5AEA020309
:1065100055D1FAF731FA344B984250DC88F800B084
:106520006A4621465046FFF78FF878B132789DF8D9
:106530000000D02A4AD9C023D03A5A432F23B2FBB5
:10654000F3F3FF22DBB21946FFF798F80137052F66
:1065500006F10E06D7D10134E4B20E2C08F1010881
:10656000CFD12B780133DBB21C2B37D900231F4C42
:106570002B700423FE25484621460E22042B05D10C
:1065800090F83860FF2E08BF80F8385011F80E6C74
:10659000013AFF2E04BF01F80E5C0E7012F0FF02EC
:1065A00001F1010100F10100E8D1013B13F0FF030B
:1065B000A4F10E04DFD1002003B0BDE8F08F3278E3
:1065C000013AD2B2FD2A98BF3270A9E7D023C2EBBC
:1065D0000222B2FBF3F20023D2B2B4E72B70EAE757
:1065E0002711002028110020545555056011002066
:1065F0002DE9F74F07468846144601F0E7FB814630
:1066000000284ED0002C4FD16A4641463846FFF74D
:106610001BF80546324C94F800A00AEB0503082B42
:1066200023DDC5F10806691C32462144601CFAF7D7
:1066300087F805F109013246214404F10900FAF70F
:106640007FF804EB45017200193104F11900FAF7E3
:1066500077F805F111013246214404F111000AF1E5
:10666000FF3AFAF76DF884F800A000222078DFF8EE
:1066700078C096461646D1B250FA82F38D42DBB20C
:1066800014D80544EDB2BEF1000F00D02570154BB3
:106690001B7803F0FC03702B03D141463846FEF70C
:1066A000D3FE03B0BDE8F08F0025B3E71DF802A0CC
:1066B0000AF1200104EB030E0CEB41010C3304EB57
:1066C000430391F806B0C9798EF801B08EF809102D
:1066D0008EF811A001325E709E70CE46CBE700BFEF
:1066E00070110020401E0020640C0020704708B587
:1066F000FFF7FCFFFBF7E0FC08BD7047704707B5EC
:10670000007801380001C0B200F11001C9B24E2971
:1067100028BF4E21CDE90001FFF7EFFFDDE90001C1
:10672000FFF7ECFF03B05DF804FB0000F8B5A54DE2
:10673000286802F065FE044602F036FEA24B28608F
:1067400093F800E00021C4F57F4772468C46FF377E
:10675000CDB2AE4514D8BCF1000F00D01A709B4BDF
:106760009B4D1A7812F0030618BF96082A78032A60
:1067700000F24D81DFE812F017002B004C015701A9
:1067800001F10C0503EB45050131B5F80160B74295
:1067900037BF02F1FF323619D2B24FF0010C28BFD9
:1067A000A5F80160D4E78B4B00221A708A4B8B4A04
:1067B0001860854B03F1280153F8040B42F8040BD1
:1067C0008B42F9D11B78137001232B701FE1844A8F
:1067D0001278B24241D183491A78097802F0030253
:1067E000521A18BF01227B4C5B79A27062789A42E0
:1067F00005D00022114610466370FFF7B5FD292E23
:1068000034D8DFE816F02C0035004E005200560058
:106810005A005E00620066006A006E007200760038
:106820007A007E00820086008A008E009200960028
:106830009A009E00A200A600AA00AE00B200B60018
:10684000BA00BE00C200C600CA00CE00D200D60008
:10685000DA00F100F500F900FD000122C3E7A0789D
:1068600048B1002211461046FFF77EFD002002E0ED
:106870005848FFF797FA237801332370002840F037
:10688000C38002232B70A378002B40F0BD80002E24
:1068900000F0C780FFF72BFFBDE8F8404D48FFF739
:1068A0002EBF4C48FFF7C0FAE5E74A48FFF720FB48
:1068B000E1E74848FFF764FBDDE74648FFF7A8FB40
:1068C000D9E74448FFF738F8D5E74248FFF73AF8E8
:1068D000D1E74048FEF7C8FFCDE73E48FEF7CAFFC4
:1068E000C9E73C48FEF744FFC5E73A48FEF746FFD4
:1068F000C1E73848FFF72CF8BDE73648FFF72EF818
:10690000B9E73448FFF730F8B5E73248FFF732F817
:10691000B1E73048FEF738FFADE72E48FEF7B0FF8D
:10692000A9E72C48FEF7B2FFA5E72A48FEF732FF99
:10693000A1E72848FFF79AF89DE72648FFF79CF85B
:1069400099E72448FFF79EF895E72248FFF7ECFB0C
:1069500091E72048FFF756FC8DE71E48FFF7A2FCA1
:1069600089E71C48FFF70CF885E71A48FFF70EF88F
:1069700081E71848FFF7FEFC7DE71648FFF7AAFD00
:1069800079E71448FFF7F8F875E71248FFF7FAF8C7
:1069900071E71048FFF798F96DE70E48FFF7A2F985
:1069A00069E70C48FFF7A6F965E70A48FFF7B0F971
:1069B00061E70848FFF7B4F95DE70648FFF7BEF95D
:1069C00059E700BF9C11002070110020401E0020DC
:1069D000B40D0020AF0D0020481E00204C1E0020EA
:1069E000B20D0020B30D00201348FFF7AFF942E7C6
:1069F0001148FFF7B9F93EE70F48FFF7BDF93AE74D
:106A00000D48FFF7C7F936E7002E7FF443AFF8BD16
:106A10000A4A1B7816700A4AC3F301031370FEF783
:106A200027FE0323D1E6074B186802F0E9FC0F2884
:106A3000EDD90023C9E600BFAF0D0020B20D002044
:106A4000B30D0020481E002008B52F4B1B68984747
:106A50002E4A4FF0FF330021117053769376D37690
:106A6000137753779377D37782F8203082F82130E9
:106A700082F8223082F8233082F8243082F82530E0
:106A800082F8263082F8273082F82830204A1170A8
:106A900053769376D376137753779377D37782F8B9
:106AA000203082F8213082F8223082F8233082F8B8
:106AB000243082F8253082F8263082F8273082F898
:106AC000283002F0A3FA50B9124B1B78DA0702D52E
:106AD000114802F0F7FF02F01BFBFEF73DFDFEF749
:106AE0002BFD0E4B1B7813F0FC0F08D1094B1B78C4
:106AF000DB0702D50A4802F0E5FFFEF72DFDBDE8F1
:106B00000840FEF74BBD00BF50E400084C1E0020BB
:106B1000701100209212002023E30008401E002084
:106B200055E300087047000038B50F4C227882F01A
:106B3000010222700D4A00211170054608B1FEF7CE
:106B400003FD0B4B1B78DB070CD52278094B0A4958
:106B50000A48002D08BF194602F00302BDE838407C
:106B600002F0B0BF38BD00BF401E0020B40D0020B1
:106B700092120020AAE30008ACE30008B3E3000887
:106B80000120FFF7D1BF000038B5144C23789A07D5
:106B90000D4621D0C8B9012262F387032370104B40
:106BA00000221A700DB1FEF7CFFC0E4B1B78DB07ED
:106BB00012D522780C4B0D490D48002D08BF1946FF
:106BC0009208BDE8384002F07DBF292801D929226A
:106BD000E2E760F38703E1E738BD00BF401E002015
:106BE000B40D002092120020AAE30008ACE30008D4
:106BF000EAE30008054B1B789B0801332A2B01466A
:106C000034BF18460120FFF7BFBF00BF401E002061
:106C10000120FFF7EFBF000037B50E4C1D4623786B
:106C20009B0715D06070A170E2700DB1FEF78CFC6F
:106C3000094B1B78DB070BD508480949E37800931B
:106C4000002D18BF0146A3786278064802F03AFF8B
:106C500003B030BD401E002092120020ACE30008BB
:106C6000AAE3000804E40008034903464878CA7808
:106C700089780830FFF7D0BF401E00200120FFF7C1
:106C8000F3BF0000054910B44C78CA788978083CF5
:106C90000346A0B25DF8044BFFF7BEBF401E0020C4
:106CA0000120FFF7EFBF000010B4074CA178E27895
:106CB0001031FF2928BFFF210346C9B260785DF873
:106CC000044BFFF7A9BF00BF401E00200120FFF7C3
:106CD000EBBF000010B4064CA178E278103921EA2D
:106CE000E1710346C9B260785DF8044BFFF794BFC9
:106CF000401E00200120FFF7EDBF000010B4074C3C
:106D0000E278A1781032FF2A28BFFF220346D2B2D0
:106D100060785DF8044BFFF77FBF00BF401E002086
:106D20000120FFF7EBBF000010B4064CE278A17819
:106D3000103A22EAE2720346D2B260785DF8044B60
:106D4000FFF76ABF401E00200120FFF7EDBF0000E3
:106D500038B50B4D0C46287109B1FEF7F5FB094B10
:106D60001B78DB070AD5084B08492A790848002C0C
:106D700008BF1946BDE8384002F0A4BE38BD00BFC8
:106D8000401E002092120020AAE30008ACE3000895
:106D900027E40008044B1B791033FF2B28BFFF2387
:106DA0000146D8B2FFF7D4BF401E00200120FFF7F4
:106DB000F1BF0000044B1B79103B23EAE37301464B
:106DC000D8B2FFF7C5BF00BF401E00200120FFF76B
:106DD000F1BF08B50021742000F062F9BDE8084059
:106DE0000121762000F05CB910B500F0E5FE7420BA
:106DF00000F048F8762000F045F800240123E0B2C6
:106E00001A461946013400F0C1F84E2CF6D1002183
:106E1000742000F059F9BDE810400121762000F0FF
:106E200053B900000B46054940000B704A706423BB
:106E3000022200F0FE0000F0E9BE00BF951F002016
:106E40002DE9F0410E4E40000F46C5B20024B04679
:106E500004F1240333703A190023013312F8011BA3
:106E600008F80310102BF8D164231122314628466C
:106E7000103400F0CBFE902CEAD1BDE8F08100BFC9
:106E8000951F002038B50B220446FD21FFF7CAFFED
:106E900000220A212046FFF7C5FF4FF47A7003F065
:106EA000EEFE002211462046FFF7BCFF0022012122
:106EB0002046FFF7B7FF002206212046FFF7B2FF6A
:106EC0000022FD212046FFF7ADFF0025E9B2002298
:106ED00020460135FFF7A6FF122DF7D1E9B20022B7
:106EE00020460135FFF79EFF242DF7D1E9B200229D
:106EF00020460135FFF796FFB42DF7D120460B222F
:106F0000FD21FFF78FFF204601220A21FFF78AFFAC
:106F100020460022BDE83840FD21FFF783BF000076
:106F20004D28F0B51AD80E4CDFF83CC004EB8006B3
:106F300014F82040B578F778767804F003049020B0
:106F400000FB04C0064406F8241C4119384401F82B
:106F5000242C00F8243C034B01221A55F0BD00BF3D
:106F60009CD00008C6110020751E0020F8B505460B
:106F70000E461746002420463B4632462946013439
:106F8000FFF7CEFF4E2CF6D1F8BD00002DE9F04FF3
:106F9000DFF804E10EEB80051EF82000AF7895F8CD
:106FA00003806C78A7F12406A8F12405002EB446CE
:106FB000B8BFA7F11D0C002D2F46B8BFA8F11D07C3
:106FC000D6F1000808F0070806F0070658BFC8F118
:106FD0000006D5F10008A4F1240408F0070805F024
:106FE000070558BFC8F10005002CA646B8BF04F13C
:106FF000070ED4F1000B0BF0070BDFF8A08004F0B4
:10700000070400F0030058BFCBF100044FF0120951
:107010005FFA84FBCEF3C70E09FB0089012404FA52
:107020000BF419F90EA04FEAEC0CFF1064B239B35F
:107030004AEA040409F80E4012245FFA86FE5FFA59
:107040008CFC04FB0084012606FA0EF614F90C10E1
:1070500076B2C2B13143122204F80C10FFB2E9B289
:1070600002FB008801258D4018F907206DB26BB135
:107070002A4308F80720074B01221A54BDE8F08F75
:107080002AEA0404D6E721EA0601E4E722EA050237
:10709000EFE700BFC41100209CD00008A011002021
:1070A00038B5074D6A5C0C4632B1064B01EBC101A5
:1070B00003EB0111FFF7C4FE00232B5538BD00BFC1
:1070C000C6110020751E00202DE9F0410B4F7A5C9F
:1070D00080460C4672B10A4B01EBC10603EB460633
:1070E0000025E9B216F8012B40460135FFF79AFE5C
:1070F000122DF6D100233B55BDE8F081C4110020CC
:10710000A011002000B11047084738B504460D46CD
:10711000FCF7CAFEA04206D3FCF7C6FEA84202D284
:10712000FDF7C8FB38BD2046BDE83840FDF7D9BBA8
:1071300038B58C780546002C65D001F07DFE45F60B
:10714000D5439D4200F0220014D845F6C1439D422C
:1071500014D9A5F5B945433D122D11D8DFE805F046
:1071600014191C1F2225282B2E3134383D4043464C
:10717000494B4E0045F65D539D4241D0204638BDF7
:10718000FDF760FC0024F9E7204A2149FFF7BAFF28
:10719000F8E71F4A1D49F9E71E4A1F49F6E71E4A4C
:1071A0001C49F3E71D4A1E49F0E71D4A1B49EDE75C
:1071B0001C4A1D49EAE71C4A1A49E7E71B4A1C49D1
:1071C000E4E71B4A1949E1E70120FDF78AFBD9E70B
:1071D00005210220FFF799FFD4E708210620F9E7EF
:1071E0000E210920F6E714210F20F3E717211520BF
:1071F000F0E71820E9E722211920EBE72320E4E754
:107200002A212520E6E70124B8E700BFDD48000871
:10721000B54800087942000855420008CD420008F0
:10722000A542000821430008F9420008F93E000881
:10723000D93E000830B5072201254FF090414FF4A8
:10724000004405FA02F303400C8319D0002300BF69
:1072500000BF00BF00BF00BF00BF0133052BF6D148
:107260004C8300BF00BF00BF00BF00BF00BF00BF16
:1072700000BF00BF00BF00BF00BF013AE1D230BD78
:1072800000BF00BF00BF00BF00BF00BF00BF00BF06
:1072900000BF00BF00BF00BF4C8300BF00BF00BFE6
:1072A00000BF00BF00BF0133052BF6D1E5E7012287
:1072B0004FF400414FF0904004F05ABFF8B51B4E18
:1072C000337804460D461BB9FFF7F1FF01233370F5
:1072D000202383F311880023DAB2AA4203F10107C5
:1072E00016D3DFED137A002300BF00BF00BF00BF3D
:1072F00000BF00BF013307EE103AB8EEC77AB4EE14
:10730000E77AF1EE10FAEFD4002383F31188F8BD89
:1073100002EB4202A618A05CFFF78CFF7078FFF723
:1073200089FFB078FFF786FF3B46D5E7C8110020FC
:107330000000A84408B52320FCF774FB212801D0E5
:10734000002008BD2420FCF76DFB0728F8D125207C
:10735000FCF768FBA0F1130358425841F1E710B560
:10736000041E14BF2121FF212320FCF763FB002C06
:1073700014BF0721FF212420FCF75CFB002C18BF61
:107380001321BDE8104008BFFF212520FCF752BBA8
:1073900008B50020FFF7E3FFBDE8084001F02CBE70
:1073A000704708B52620FCF73DFB08BDC1B226207A
:1073B000FCF740BB08B5FFF7F3FFFFF7BBFF50B981
:1073C000FFF7F4FF00F05CF900F0F4F9BDE80840C5
:1073D0000120FFF7C4BF08BD10B58C78FCB1A0F543
:1073E000BE43123B0F2B24D81238C0B200F0EEF986
:1073F0000024204610BD012001F0EEFB03220221F3
:107400000120FAF747FFF3E7012001F0EFFB032229
:1074100002210120FAF73EFFEBE70220F5E745F6EF
:1074200010739842F0D045F611739842F5D00124BC
:10743000DFE745F610739842DDD045F611739842A8
:10744000D7D10220D8E7FF230370704710B5037827
:10745000803B0446032B06D8DFE803F00206090C44
:10746000FCF784FD607010BDFCF71EFDFAE7FCF729
:1074700047FDF7E7FCF76EFD6070FCF771FDA0704B
:10748000F1E737B50378803B0446032B2DD8DFE8BE
:1074900003F0020F1E24FCF75DFD0546FCF760FDBE
:1074A00062780146284603B0BDE83040FCF73BBF98
:1074B0004078FDF733FA637823B903B0BDE8304074
:1074C000FDF7E0BA03B0BDE83040FDF77DBA407883
:1074D00003B0BDE83040FCF739BD817801914578B3
:1074E000FCF744FD01990246DCE703B030BDF8B576
:1074F000044610F8013B013B0D46122B00F296802A
:10750000DFE803F00A143B444A54575A5D949460F0
:10751000646A737C7F828B00002363700923A370ED
:1075200029462046BDE8F84002F05EBE6378022B93
:107530000DD0032B0ED0012B1AD101F035FF030E15
:10754000A370030CE370030A23716071E8E7FFF78F
:1075500028FFF4E727460026F0B2FBF701FA0136D0
:10756000030A052EBB70F87007F10207F4D1D7E7C4
:1075700029462046FFF767FFD2E76378022BF7D151
:10758000D4F8020000BAFFF711FFC9E7E278A1784A
:10759000607800F059F8D6E722796379A1786078AD
:1075A00043EA0223E27800F05DF8B9E700F068F8FA
:1075B000B6E7FFF766FFB3E7FFF748FFB0E7FCF772
:1075C00015FCADE700F0C5F86070A9E700F0C3F85E
:1075D000030A6370A070A3E76078A378E178221DA6
:1075E00043EA002000F0BAF89AE76078A378E178DF
:1075F000221D43EA002000F0C8F891E700F0DAF815
:107600008EE700F016F8DFE76078A378E178221DB6
:1076100043EA002000F05EF882E76078A378E17822
:10762000221D43EA002000F06CF879E7FF23237065
:1076300076E70420704752001C2303FB01218C22B3
:1076400002FB00102730704738B5FFF7F4FF0546FE
:10765000FCF7E8F90402681CFCF7E4F9A4B2204343
:1076600080B238BD38B51C46FFF7E5FF210A054654
:10767000FCF7E0F9E1B2681CBDE83840FCF7DAB984
:107680002DE9F74F0026DFF848B0344606EB0B082B
:1076900000255FFA84FA0FE0FAB239F8023B019153
:1076A00050460137FFF7DEFF0E2F0199F4D1013567
:1076B000052D08F11C0803D0C1460027E9B2EBE70D
:1076C0000134042C06F18C06E0D103B0BDE8F08F44
:1076D000D4D10008F8B5144600F127055618002744
:1076E000B44200D1F8BDA5F12703B3F50C7F06DA4B
:1076F0002846FCF797F9207001350134F0E7277030
:10770000FAE7F8B50E46174600F127040025B54202
:1077100000D1F8BDA4F12703B3F50C7F03DA795D3E
:107720002046FCF787F901340135F0E782B00328E1
:10773000ADF804100AD89DF80510042906D89DF864
:1077400004200D2A02D802B0FFF77EBF002002B04D
:1077500070471020704740F2A9107047F8B51446E2
:1077600000F2572556180027B44200D1F8BDA5F203
:107770005723B3F5D47F06DC2846FCF753F9207075
:1077800001350134F0E72770FAE7F8B50E461746E1
:1077900000F257240025B54200D1F8BDA4F25723CA
:1077A000B3F5D47F03DC795D2046FCF743F901345F
:1077B0000135F0E710B540F257242046002101348E
:1077C000FCF738F9B4F5806FF7D110BD0F28F7B585
:1077D000044620D840F2FF30FCF724F9D8B940F233
:1077E0005725D4B9019401272846FCF71BF96E1CD4
:1077F0008DF804008DF8054068B1431E022B17D8A0
:107800008DF8050030468DF80470FCF70BF9023551
:107810008DF8060068B903B0F0BDB5F5806FFAD0F9
:107820002846FCF7FFF808B9013CE4B20135D8E777
:10783000354601A8FAF74AFED6E70000F8B5144627
:1078400082789DF818701D46284B92B11C7001F08B
:10785000CBFD274B188004F12003DBB2072B44D863
:1078600004F007040120A040C0B2BDE8F84000F0D9
:107870002ABC1E78A6422ED11D4B188801F0B9FDF6
:10788000C72828D8AE4205F1200415D006F1200300
:10789000DBB2072B06D806F007060120B040C0B2C5
:1078A00000F01AFCE3B2072B06D805F0070301200D
:1078B0009840C0B200F007FC3846E4B200F0FDFB8F
:1078C000072C12D805F007050120A840BDE8F840B4
:1078D000C0B200F001BC04F12003DBB2072B04D8D6
:1078E00004F007040120A040F0E7F8BDC911002012
:1078F000CA11002013B545F6F64304469C420846DB
:107900000FD845F6F2439C4212D845F6D8439C4224
:107910001DD045F6D9439C423ED045F6D7439C4204
:107920000FD0807800283BD01E4B00221A701CE03C
:10793000A4F5B944743C022C0ED8DFE804F0181FFB
:10794000260026230093E1231A4621460AE0272336
:107950000093E523E522F8E726230093E022E123C4
:1079600045F6F341FFF76AFF002002B010BD272360
:107970000093E422E52345F6F441F3E72623009340
:10798000E222E12345F6F541ECE727230093E622C6
:10799000E52345F6F641E5E7282300930123D9E7DF
:1079A0000120E2E7C911002038B505468878002893
:1079B00000F0CF8045F615439D4216D845F60143A9
:1079C0009D4217D901F032FB634C45F615439D42A9
:1079D000208021D845F601439D420CD8208801F033
:1079E00031FB00F09DFD002004E0A5F5B9437A3B92
:1079F000082BE7D938BDA5F5B845033D122D1AD897
:107A0000DFE805F01E222633373B3F455155595DCF
:107A1000696D71757B978300A5F5B9457A3DABB269
:107A2000082BDBD8082DD9D8DFE805F0161B4D51FF
:107A3000376B7A8D9100237843F001032370CDE7F3
:107A4000237843F00203F9E7237843F00403F5E7D2
:107A5000237843F00803F1E7637843F00103637090
:107A6000BCE7637843F00203F9E7237843F010039F
:107A7000E4E7237843F02003E0E7237843F0400372
:107A8000DCE700F04DFD237843F08003D6E7237850
:107A900023F00C0343F00C03D0E7637823F00303D7
:107AA00043F00303DBE723786FF30003C6E7237893
:107AB0006FF34103C2E723786FF38203BEE72378B5
:107AC0006FF3C303BAE763786FF30003C7E7637824
:107AD0006FF34103C3E723786FF30413AEE7237812
:107AE0006FF34513AAE723786FF38613A6E700F038
:107AF00017FD23786FF3C713A0E7237823F00C0357
:107B00009CE7637823F00303A9E72378C3F380029B
:107B100082F00102D2B262F3820362F3C3038DE703
:107B20006378DA4302F0010262F3000362F3410377
:107B300095E700F0F5FC2378C3F3C01282F0010250
:107B400062F3C7137AE7012001F0E4FA46E7002068
:107B5000FAE701204EE700BFE815002045F616437E
:107B6000984210B50C461BD101F066F9A2780D4B76
:107B700072B100F0AA00002815BF012200223520B2
:107B800029201A7001F0F6F801F0C8F9002010BDA4
:107B90001B78002B14BF3520292001F0F3F8F3E700
:107BA0000120F4E7CC11002028B1202814BF4FF0A9
:107BB000FF306FF001007047124B07B51A78F2B929
:107BC0000121197010480192402104F0D1FA019A64
:107BD0000D48802104F0CCFA4FF47A7003F04FF88E
:107BE000094840F20622402104F0C2FA064840F259
:107BF0000622802103B05DF804EB04F0B9BA03B0AB
:107C00005DF804FBCE110020000400482DE9F0438C
:107C1000DFF85C80144C85B00D4620701349404657
:107C200016461F4603F05AFBDFF848C0247840F29E
:107C3000E7300021ECFB07014FF47A720023F8F7DC
:107C4000A9FB4FF000096408CDE90190CDF8009040
:107C500033462A462146404603F04EFB05B0BDE8B8
:107C6000F043FFF7A1BF00BFCD11002060E5000881
:107C700000230020A0860100014B1860704700BF60
:107C8000D0110020024B186808B1036818477047EC
:107C9000D011002008B5034B186808B10368984755
:107CA00008BD00BFD0110020F8B5194B1B68044671
:107CB000002B2BD0174A127842B1174A92F90020B4
:107CC000002ABFBF0278427005220270134D5B6824
:107CD000204698472B78580718D5D90702D5104861
:107CE00001F0F0FE0F4F00262B78DA0703D5A15DD7
:107CF000384601F0E7FE0136082EF5D12B78DB0778
:107D000004D5BDE8F840084801F0DCBEF8BD00BF6E
:107D1000D011002068100020E815002092120020E9
:107D20006CE500087EE5000878DF0008034A126869
:107D30001AB102210170936818477047D0110020D2
:107D4000054A1188814205D0044B10801B680BB195
:107D5000DB681847704700BFD6110020D011002003
:107D6000054A1188814205D0044B10801B680BB175
:107D70001B691847704700BFD4110020D0110020A4
:107D800008B501F011FB024B1860024B186008BDEA
:107D9000D8110020DC1100207047704708B5FFF7AC
:107DA000FCFF08BD704708B5FFF7FCFF08BD0000E9
:107DB00008B5054801F09CFEFBF7D2FDFFF7ECFF8C
:107DC000FFF7ECFF08BD00BF8DA100080120704740
:107DD00008B5FFF7FBFF08BD7047704708B5FFF710
:107DE000FBFFFFF7FAFF08BD08B501F0DBFAFAF771
:107DF00015FEFFF7DFFAFCF795FDFFF7D4FF08BD8E
:107E000038B50E4D2B780446580711D5D9070FD534
:107E10000B4801F057FE2B78DA0709D509482146AF
:107E200001F050FE2B78DB0702D5074801F04AFE2F
:107E30002046BDE83840FAF792BB00BF92120020FE
:107E400084E500081DD5000878DF00082DE9F74F0C
:107E5000FAF722FE08B1FFF793FFDFF8F0B0DFF882
:107E6000F08000255F46EEB23046FAF779FD3BF828
:107E7000024B8442814615D10135052DF3D14FF6D1
:107E8000FF73ADF8003000238DF8023001F0ACFA3A
:107E900040F00100ADF8040002AB13E9030000F06C
:107EA00059F833E098F800309B0701D5FAF75EFDEA
:107EB00084EA0904A3B20022012423425FFA82FA71
:107EC00038D0FFF785FF19EA040F14BF4FF00108FF
:107ED0004FF0000880B18DF800A08DF801608DF89A
:107EE000028001F081FA40F00100ADF8040002AB1D
:107EF00013E9030000F02EF837F8153042465C40D5
:107F00005146304627F81540FEF772FB0E4CFCF741
:107F1000D7FDFEF70BFCFBF74DFCFFF7B3FE237814
:107F200083420DD0FFF7AEFE207003B0BDE8F04FE6
:107F3000FFF766BF013264000E2AA4B2BDD19BE7F1
:107F400003B0BDE8F08F00BFE0110020E211002077
:107F5000921200201FB56C4684E803009DF80230A1
:107F60000BB100F095FF0023ADF80E3094E803004C
:107F700004AB0290ADF80C1013E9030004B0BDE8A7
:107F8000104000F01BBD008800F0C4BE10B50446D0
:107F9000002845D0031FDBB2A02B15D8FBF71AF938
:107FA00000283DD11F4B2146186801F0D5F820B1BB
:107FB000204600F0E7FE00F0B1FF204600F0DAFEB8
:107FC000BDE8104000F0AABF00F12003DBB2072B90
:107FD00007D800F007040120A040C0B200F032FF33
:107FE000EEE700F15B03DBB2022B05D82438BDE8D5
:107FF000104080B2FFF7A4BE00F15803DBB2162B8D
:1080000006D8094ABDE8104032F81300FFF7A8BEB1
:10801000EF2805D9FBF786FABDE81040FBF756BB01
:1080200010BD00BFB80D002098E5000808B590B35A
:10803000021FD2B2A02A05D800F0A4FEBDE8084075
:1080400000F06CBF00F12002D2B2072A07D800F07E
:10805000070301209840C0B200F0FCFEEEE700F1FB
:108060005B02D2B2022A04D8BDE808400020FFF724
:1080700067BE00F15802D2B2162A04D8BDE8084003
:108080000020FFF76DBEEF2805D9FBF7A9FABDE880
:108090000840FBF71BBB08BD38B505460C46FFF78B
:1080A00075FF24B92846BDE83840FFF7BFBF6420FC
:1080B000013C02F0E4FDA4B2F3E739280CBF5021E3
:1080C0000021FFF7E9BF08B528B100F0BBFEBDE80D
:1080D000084000F023BF08BD08B528B100F0BAFE83
:1080E000BDE8084000F01ABF08BD2DE9F3478679C6
:1080F000857880460C4600F063FE36090746A0B13D
:108100002F4695B1C4F3072303F0F003402B04D0AE
:1081100004F12003DBB2072B1ED9022000F04EFF32
:1081200000F04EFE80F00100C7B2C4F30339B9F18C
:108130000F0F3FD8DFE819F0120012006300630050
:10814000AF00C6003E003E00D0002C013C013C01C7
:1081500091013E003E009A010027E6E7C4F30723A1
:10816000C4F3032613F0F00F18BF3601E4B295B143
:1081700056B104F12003DBB2072B304600D93CB9DD
:1081800000F060FE00F0CAFE2046FFF7FFFE11E09F
:1081900000F06EFEF6E72046FFF748FF56B104F107
:1081A0002003DBB2072B304600D92CBB00F052FE77
:1081B00000F0B4FEA9F10809B9F1030F03D8FFF7E5
:1081C00061FDFAF7CCF9002F00F0578100F0F0FDC7
:1081D00010F0010040F0518188F8020000F0E0FD4D
:1081E00000F0FAFC404600F05EF900F0D9FD02B064
:1081F000BDE8F04700F0FABC00F042FED8E7C4F357
:10820000072303F0F003C4F3032A202BE4B218BFC2
:108210004FEA0A1A64B1012C28D07DB34EB398F806
:108220000630D907B0D56FF3071388F8063020E081
:1082300095B13EB900F048FE40EA0A00C0B2FFF72F
:1082400042FFB7E7012EF5D100F03EFE40EA0A00FA
:10825000C0B200F045FEADE72EB900F053FE504627
:10826000FFF73AFFA6E7012EA4D0F6E71DB1052ED1
:10827000A0D85046E3E7042E9CD8F0E7002EEED0BD
:10828000392C0CBF4FF4FA50012002F0F8FC2046C4
:10829000FFF7CCFE8EE714F4406FC4F3812307D0C0
:1082A000012B87D165B1C4F30900FFF759FD81E7C0
:1082B00025B1C4F30900FFF743FD7BE72846FAE741
:1082C0002846F2E7E0B225B1FBF72CF9FBF7FEF9FF
:1082D00070E7FBF785F9F9E714F4407F27D1002D0B
:1082E0007FF468AFC4F34210E2064FEA800048BF53
:1082F0000F25C0B248BF854004F00F03C4F38124AA
:1083000048BFED438340022C45EA030009D0032C0B
:108310000AD0012C02D000F037FC4BE700F02CFC17
:1083200048E700F039FC45E700F023FC42E7C4F3DE
:10833000012215B302F00103002B3FF43BAFC4F35D
:1083400042108000C2B204F00F0000FA02F114F0F3
:1083500010001CBF0F2303FA02F0C4F3812414BFE2
:10836000C3430346022C43EA01000BD0032C0CD07C
:10837000012C04D000F058FC1CE75308DCE700F0A7
:108380004BFC17E700F058FC14E700F011FC11E774
:10839000E6B2C4F3032425B1204600F01DFC3046AC
:1083A0004DE73046FFF798FE204600F01FFC01E73E
:1083B0005FFA84FAAAF1F003042B39D8DFE803F05E
:1083C000030E151A23003DB1042E3FF6F3AEC4F39D
:1083D000042000F017FCEDE6052EF6E7C4F30420B8
:1083E000002DE2D000F0F8FBE4E6C4F30420002DF9
:1083F000F8D0DAE725B1C4F3042000F0E8FBD9E6B1
:1084000000F0E2FBD6E64DB1C4F30420019000F089
:10841000E3FB0198032100F0ADFDCBE6012000F065
:10842000CDFD012E7FF6C6AE022000F0C7FDC1E6ED
:108430002DB10EB15046A8E6C4F30420D2E74EB1E8
:10844000BAF1390F0CBF4FF4FA50012002F017FCBB
:1084500050461DE7C4F30420A7E7C4F30322E1B2AA
:108460004046FAF784F800F017FBA3E6C4F30322B2
:10847000E1B24046FAF77DF89CE602B0BDE8F0872D
:1084800013B501880446807800F050FC0146019144
:1084900000F0DAFB00F06CFB0199204602B0BDE869
:1084A0001040FFF722BE13B583880288ADF8042080
:1084B0000446CBB1BDF804204FF6FF739A4213D0A7
:1084C000F9F710FF50B900F07BFC68B1A3785BB1FD
:1084D000022002B0BDE8104000F070BD2046FFF75A
:1084E000CFFF2046F9F7BEFE02B010BD08B5002050
:1084F000FFF726FC0020FFF733FC00F0C9FC00F07A
:10850000DDFC00F00BFDFBF717FABDE80840FBF7B8
:10851000DDB808B500F03EFCBDE80840FFF7E6BF57
:1085200008B500F09FFCBDE80840FFF7F2BFC0F3BC
:108530000332023AC3B20D2A1CD8DFE802F0070763
:108540001B1B141B1B1B0707181B1B18F02B13D01E
:1085500004D8E72B8CBF002001207047F42B14BFF8
:10856000002001207047E72B06D9F12BF7E7C0F375
:10857000C0207047002070470120704707B5ADF854
:108580000400019800F0C6FB03B05DF804EBFFF7B0
:10859000CEBF82B002AB03E9030002B0704782B0E5
:1085A00002AB03E9030002B07047000070B5094B4D
:1085B000094E1C78094D3378A34200D170BD05EBFC
:1085C000C40355F8340059680134FFF7E8FF04F09C
:1085D0000704F0E73712002036120020F6110020C1
:1085E000024B18685968FFF7DABF00BFEE11002090
:1085F000214BF7B59A7912F0F00F0AD19A7842B16F
:108600001E4A1F4E12781F4D4FF6FF773178914268
:1086100001D103B0F0BD98881988ADF8041038B3C3
:1086200089B2B94224D005EBC20493F801C0617845
:108630008C451DD193F800C015F832108C4517D128
:10864000A178A9B9A188091A89B2C72910D899793E
:108650000948012262F307119971A37962F30713A4
:10866000A371FFF720FF03B0BDE8F040FFF79EBF06
:10867000013202F00702C9E7EE1100203712002094
:1086800036120020F61100202DE9FF47C74F04469F
:10869000B9880068009038882378627894F802805E
:1086A000B4F804A0ADF80800EC463D46002900F0FF
:1086B000D48080B24FF6FF7E704500F0CE80BE7849
:1086C000002E00F0CA80AAEB0101B87989B2C7294F
:1086D00000F0F00900F293803988ADF80810B9F184
:1086E000000F4BD17145C1461BD08DF800308DF87D
:1086F0000120BDF800C08C4513D1B8F1000F40F047
:108700001C81012363F30710B871FFF769FF384636
:10871000FFF7C9FEBB79A3710026304604B0BDE85F
:10872000F087BAF1000F40F00C81B8F1000FF3D0E0
:10873000AB7943F00103AB71EEE700EBC10595F8AF
:1087400001C0944506D110F831C09C4502D1AD78E6
:10875000002DE1D1013101F0070106E110F4706F45
:1087600002D0002B00F020812033DBB2072B40F237
:108770001B812046FFF797FEB14615E1714515D0E4
:108780008DF800308DF80120BDF800C08C450DD16A
:10879000B8F1000F0AD1A0712046FFF784FE2368CC
:1087A0003B6063687B60FFF71BFFB6E78DF8003026
:1087B0008DF801200098FFF7E1FEE0B1B8F1000F5D
:1087C00019D0AB791F2B0CD92A88ADF8082002A844
:1087D00000228DF80A20ADF80CA08DF80E30FFF7BE
:1087E00062FE23682B6063686B60FFF701FFFFF791
:1087F000F7FE012691E72046FFF755FEF9E7B9F1AC
:10880000000F15D18DF800308DF801208DF8028011
:10881000ADF804A09CE80300FFF7BBFE3846FFF765
:1088200042FEC7F80090C7F80490FFF7D9FEBBE0FE
:108830008DF800308DF801203988BDF800C08C45D6
:10884000B4D1B8F1000FB1D1A0712046FFF72BFED3
:10885000C7F80080C7F804805FE72888ADF80800F3
:10886000002951D086B24FF6FF7086424CD0AE78C8
:10887000002E49D1AAEB010189B2C72935D8464655
:10888000002EB8D08DF800308DF801202988BDF871
:1088900000308B421CD1AB79DA0714D413F0F0020C
:1088A00011D0F02AA37106D0DBB2C3F30312013258
:1088B00062F30713A3712046FFF7F5FD23682B60D1
:1088C00063686B606FE723682B6063686B6024E705
:1088D0000098FFF753FE002883D1AB79204643F080
:1088E0000103AB71FFF7DFFD17E78DF80280ADF8EC
:1088F00004A08DF800308DF801209CE80300FFF7FC
:1089000048FE2E606E604EE7B8F1000F3FF473AF83
:108910008DF800308DF801200098FFF72FFE0646F5
:1089200000283FF468AF23682B6063681F486B60C2
:10893000FFF729FBFFF75CFE35E7BAF1000F3FF4C4
:10894000F7AE8DF808308DF80920BDF808004FF615
:10895000FF7188423FF4E9AEB8F1000F7FF4E8AE52
:1089600013481449077809781348B9427FF4E5AEF3
:108970008DF800308DF80120009800F0CBF9C0F39D
:108980000332012AC3B27FF6E9AE0E3202F00F02C3
:10899000012A3FF6EEAE10F4706F3FF4E5AEA27917
:1089A00012F0F00F7FF4E0AE4E46B6E6EE11002076
:1089B0003612002037120020F6110020F0B587B0E3
:1089C0006D4685E803002846FFF75EFE2E4F2F4ECA
:1089D000044688B1BDF80430BDF80020ADF8102081
:1089E00043B192B24FF6FF739A4203D095E8030069
:1089F000FFF7D5FD264C41E095E8030004AB83E882
:108A00000300BDF80410BDF81020ADF80C200029BB
:108A1000F0D01FFA82FC4FF6FF7294453D78307813
:108A2000E8D06A1C02F0070282420DD0184CADF863
:108A3000141003CB04EBC50C44F835003A70CCF8A5
:108A40000410FFF7B3FDD5E7FFF76AFD114B3C704B
:108A500034701C605C60CDE704EBC000FFF714FECF
:108A600080B1337804EBC30254F833005168FFF748
:108A700096FD3378013303F00703337030783B7889
:108A80008342E9D107B0F0BD361200203712002032
:108A9000F6110020EE110020F8B5034660B1002564
:108AA00001261C4614F8010B74283FD00BD802286D
:108AB0002DD002D8012812D0F8BD031F6F2BFBD890
:108AC000FFF764FA1AE075283AD000F17C03DBB2B4
:108AD0006F2BF1D800F07F00FFF7A8FA0EE09C1C86
:108AE0005B7803F12002D2B2072A0ED803F0070305
:108AF0009840C0B200F0D2F900F010FA2F46013FC2
:108B0000FFB2FF2F1FD12346CBE71846D8E758788E
:108B10009C1C00F12003DBB2072BDDD800F007001E
:108B200006FA00F0C0B200F0C1F9E5E75F789C1CDE
:108B3000013FFFB2FF2FE1D0642002F0A0F8F7E779
:108B40005D789C1CDAE7642002F099F8D7E770475B
:108B500008B5FFF7FCFF08BD08B5FFF7F9FF034BA9
:108B60001860BDE80840FFF7C1BC00BF3812002004
:108B70007047FFF7F1BF0000024B1B681843FFF777
:108B8000EBBF00BF38120020024B1B681840FFF7F4
:108B9000E3BF00BF38120020024B1B685840FFF7AC
:108BA000DBBF00BF3812002008B5F9F7B8FA08BDDE
:108BB00008B5FFF7F9FF034B1860BDE80840FFF761
:108BC00095BC00BF3C1200200020FFF7F1BF01233D
:108BD00003FA00F0FFF7ECBF012303FA00F0024BA9
:108BE0001B681843FFF7E4BF3C120020012303FA7F
:108BF00000F0034B1B6823EA0000FFF7D9BF00BF5A
:108C00003C120020012303FA00F0024B1B6858407D
:108C1000FFF7CEBF3C120020024B1B681843FFF742
:108C2000C7BF00BF3C120020024B1B681840FFF773
:108C3000BFBF00BF3C120020024B1B685840FFF72B
:108C4000B7BF00BF3C12002070470000C0F30723ED
:108C5000C3EBC30337B500EB430000F00703012269
:108C60009A40C0F3C4000A4B00EB8000D2B2184413
:108C70000024057821FA04F343F300036B4013400A
:108C800001346B40052C00F8013BF2D103B030BD3C
:108C900040120020C0F30723C3EBC30313B500EB5E
:108CA00043000B4900F00704C0F3C40000EB800050
:108CB00000220144104611F8013BE34003F0010398
:108CC000934001321843052AC0B2F4D102B010BD5E
:108CD000401200200D4B73B51E680D4BADF804001B
:108CE0001B681F241E4326FA04F3DB07E5B205D4F4
:108CF000013CF8D20025284602B070BD01992846F3
:108D0000F9F73EFC80B20128F2D0F4E73C120020D3
:108D10003812002007B5ADF804000198FFF7DAFF1C
:108D2000019903B05DF804EBF9F72ABC13B5104BB9
:108D3000ADF804101B782BB1019802B0BDE81040CB
:108D4000FFF7E8BF70B10198FFF7C4FF0446014682
:108D50000198FFF77BFF0199204602B0BDE8104063
:108D6000F9F70EBC0198FFF795FF0446F3E700BF43
:108D7000EC110020024B0146186800F071BA00BFE8
:108D8000B80D0020024B0146186800F083BA00BFFE
:108D9000B80D0020014B186800F096BAB80D0020FD
:108DA000024B93F90000C0F3C70070478E120020F9
:108DB000024B187800F00700704700BF8E120020A9
:108DC000034B187810F0070018BF0120704700BF50
:108DD0008E1200200C4A5378C3F38001814210B5F3
:108DE00004460FD060F382035370108800F02AF914
:108DF000064B1B78DB0705D521460548BDE810402A
:108E000000F060BE10BD00BFE815002092120020E7
:108E1000C6E50008044B5878C0F3800080F00100DC
:108E200000F00100FFF7D6BFE81500200120FFF792
:108E3000D1BF0020FFF7CEBF014B1878704700BFAD
:108E400090120020024B1A7810431870704700BF30
:108E500090120020024A137823EA00001070704735
:108E600090120020014B00221A70704790120020CF
:108E7000024B1A7810431870704700BF91120020FF
:108E8000024A137823EA0000107070479112002004
:108E9000014B00221A70704791120020024B1A7881
:108EA00010431870704700BF8D120020024A1378DB
:108EB00023EA0000107070478D120020014B002241
:108EC0001A7070478D120020014B1878704700BF50
:108ED0008F120020704708B5FFF7FCFF08BD0000A7
:108EE000064A5278520708B506D4054A11788142DD
:108EF00002D01070FFF7EFFF08BD00BFE81500209B
:108F00008F12002008B5044B1A781AB1002018708F
:108F1000FFF7E1FF08BD00BF8F12002010B50D4B19
:108F20000D491B7809780D4C0B430D4920680978D1
:108F30000B430C490370097831B10B43037000F007
:108F4000EDF808B1FFF7DEFF2068BDE81040FEF73E
:108F5000ABBE00BF9012002091120020B80D00207F
:108F60008D1200208F120020704708B5FFF7FCFF1C
:108F700008BD00000A4A5278520710B50CD4094CBB
:108F800041EAC0012170FFF727FE94F90000C0F309
:108F9000C700FFF7EAFF10BDBDE81040FFF71CBE99
:108FA000E81500208E12002008B5034B0020187031
:108FB000FFF7DBFF08BD00BF8E12002008B50C4A8A
:108FC00092F9003023EA000040B21070420702D14B
:108FD000DBB2834203D1074B5B785B0707D5C0F355
:108FE000C700FFF703FEBDE80840FFF7DDBF08BD7F
:108FF0008E120020E815002008B5FAF7B7FCBDE88E
:1090000008404FF6FF710020FAF737BD08B5002081
:10901000FAF713FD4FF6EA63C31A5842584108BDE8
:109020000220FAF7FFBC0320FAF7FCBC10B50420BD
:10903000FAF7F8FC04462220FAF7F4FC44EA002090
:1090400080B210BD10B5C1B204460420FAF7F2FC9C
:10905000210A2220BDE81040FAF7ECBC01460F209F
:10906000FAF734BD01461320FAF730BD0020FFF7B0
:10907000F9BF08B50020FFF7F1FFFFF7F7FF08BDC4
:1090800010B5FAF773FC4FF6EA610020FAF7F5FC29
:1090900000210220FAF7CEFC002103200024FAF779
:1090A000C9FC1A4B214604201C60FAF7C3FC214678
:1090B0002220FAF7BFFC21460520FAF7BBFC214627
:1090C0000620FAF7B7FCFF210720FAF7B3FC214688
:1090D0000820FAF7FBFC21460D20FAF7ABFC2146ED
:1090E0001820FAF7F3FC21461720FAF7A3FC2146D3
:1090F0001C20FAF7EBFC21462020FAF7BEFC2146A3
:109100001820FAF7E3FCFFF7B4FF10BD3812002077
:10911000FFF7B6BF01460E20FAF78CBC0C4B1B784C
:10912000821C63B10B4B93F90030002BACBF0623BC
:109130001E230020013BDBB2FF2B02D17047062328
:10914000F7E712F8011B0029F4D00130C0B2F1E7B3
:1091500068100020E8150020F9B1124B1B78A3B16C
:10916000114B93F90030002B0FDAEF294FEAD102AF
:1091700013D81044012301F0070103FA01F18378A9
:10918000194214BF012000207047831C083013F8D7
:10919000012B8A4203D08342F9D10020704701207D
:1091A000704700BF68100020E815002030B54FF070
:1091B000FF32841C002314F8015B8D420ED0B2F103
:1091C000FF3F02D1002D08BF1A460133DDB2062D44
:1091D0005BB2F0D1531C01D01044817030BD10B58A
:1091E000831C0022083013F8014B8C4208BF03F89F
:1091F000012C8342F7D110BDEF294FEAD10209D8E3
:10920000104401F007038278012101FA03F31343AC
:1092100083707047034B1B78DB0702D5024800F0D0
:1092200051BC704792120020DBE50008EF294FEA9D
:10923000D10209D8104401F0070301219940837835
:1092400023EA010383707047034B1B78DB0702D5C9
:10925000024800F037BC704792120020F9E5000880
:1092600010B40A4C247803460A4644B1084C94F9D9
:109270000040002C03DA5DF8044BFFF7BDBF5DF83A
:10928000044B11461846FFF791BF00BF681000203D
:10929000E815002010B40A4C247803460A4644B16D
:1092A000084C94F90040002C03DA5DF8044BFFF7FA
:1092B000BDBF5DF8044B11461846FFF790BF00BFD5
:1092C00068100020E8150020094A1278831C4AB172
:1092D000084A92F90020002A04DA1E2200211846CA
:1092E000F7F7C8BA0022C0F802209A80704700BF82
:1092F00068100020E8150020704708B5FFF7FCFF54
:1093000008BD08B5FDF712FA0020F9F728F9012089
:10931000FDF708FCFFF7F1FFBDE8084040F2A4604C
:1093200001F0ADBC7047704710B5FFF7FBFFF9F7D0
:10933000B3FBFFF7F8FF0024E0B2F9F711FB18B90F
:109340000134052CF8D110BD0120FCE7704708B5A9
:10935000FFF7FCFF08BD08B5FFF784FDFFF798FD98
:10936000FFF718FDFAF7E8FA0020FEF7E9FC002005
:10937000FEF7F6FCFEF786FCF9F7F1F80020FDF7A2
:10938000D1FBFFF7E4FF08BD08B5202383F3118864
:1093900001F0C6FD002383F31188014B186008BD5E
:1093A00094120020FFF7F0BF38B5202383F3118813
:1093B00001F0B6FD002383F31188084B084C1968AF
:1093C000084A411A00254FF47A70E0FB014500235A
:1093D00020462946F6F7DEFF38BD00BF9412002074
:1093E0009F860100A086010008B5FFF7DDFF80B26F
:1093F00008BD10B50446FFF7D7FF001B80B210BDB3
:1094000010B50446FFF7D0FF001B10BD074B084AFC
:109410001A60BFF34F8F0749074BCA6802F4E06236
:109420001343CB60BFF34F8F00BFFDE7FC9F0020CD
:10943000EFBEADDE00ED00E00400FA050A4A08B513
:1094400052F8041C094B99420DD1002342F8043C08
:1094500083F31488064B1B6883F3088862B6054BB8
:109460001B689847FEE708BD00A00020EFBEADDEF8
:1094700000D8FF1F04D8FF1F70472DE9F04F8BB0B5
:109480001646149C9DF85480169FDDE918528146BB
:109490000CB922F0100212F48060009000D00CB3DE
:1094A00012F0200FA4460DF1080A4FF0000414BF7B
:1094B0004FF0370B4FF0570BBCFBF7FE07FB1ECEF0
:1094C0005FFA8EF0BEF1090F94BF30305844C0B23D
:1094D000BC450AF8010BBCFBF7F004F1010401D311
:1094E000202C12D112F0020B23D102F0010E4DB14B
:1094F000BEF1000F06D0B8F1000F02D112F00C0F30
:1095000000D0013D4FF0300C05E08446D4E702A8BE
:1095100000F804C001341798A04201D9202CF6D1DC
:109520004FF0300CBEF1000F03D0A54201D91F2C23
:109530004AD9D00620D5009800284BD1002C49D01C
:109540001798A04201D0AC4244D1601E41D0102FE8
:109550004AD1023C900649D41F2C18D80AA82044AE
:10956000782700F8207C01341F2C10D80AA820444A
:10957000302700F8207C01341F2C08D8B8F1000FE8
:109580003AD00AA820442D2700F8207C0134920705
:109590004FD03746A24604EB0708A8EB0A02BAF1FF
:1095A000000F4AD1BBF1000F0AD0A8EB06042746F2
:1095B000AF4206EB07024BD32E44A54228BFB0466C
:1095C00040460BB0BDE8F08F02A800F804C001349B
:1095D000A8E70446102FBDD0022FC5D11F2CD6D826
:1095E0000AA820446227BCE70446F5E71F2CCED822
:1095F0000AA820445827B4E7570703D50AA82044EF
:109600002B27C1E71007C2D50AA820442027BBE7B3
:109610002020CDE90013C847DDE900130137BD4222
:1096200008EB0702F4D82F1BA54238BF00273744A8
:10963000B0E72746A6EB0408F1E70AF1FF3A02A8D3
:10964000CDE9001310F80A00C847DDE90013A2E7CE
:109650002020CDE900130137C847DDE90013A7E753
:1096600008B100F04BBA70472DE9F04F8FB00029D8
:109670001F46189EB74B18BF034691460793002517
:10968000387860B94D45079C2CBF09F1FF322A4656
:109690004B460020A04728460FB0BDE8F08F252894
:1096A00007F1010707D06C1C2A464B46079D08911D
:1096B000A847254624E1002306E02D2A15D0302AAC
:1096C0000CD143F001030746384610F8012B2B2A32
:1096D0000ED0F2D8202A0ED0232A0FD0A2F13004C7
:1096E000092C29D84FF0000811E043F00203EAE703
:1096F00043F00403E7E743F00803E4E743F0100313
:10970000E1E70A2404FB0828A8F130080746384698
:1097100010F8012BA2F13004092CF2D93A782E2A44
:109720004CD17878A0F13004092C07F1010243F400
:1097300080633AD8002414E02A2A0AD156F8048B10
:10974000B8F1000FBCBF43F00203C8F100080746A0
:10975000E4E74FF00008E1E70A2202FB0404303C92
:109760003A46174617F8010BA0F1300CBCF1090F6F
:10977000F2D917463A4612F8010B6C2825D01FD8AB
:10978000682829D06A2830D03A46174617F8010BC6
:10979000782888D861282BD8252884D0582882D1C9
:1097A00043F020034FF0100C6AE02A2805D156F848
:1097B000044B023724EAE474DCE717460024D9E7B7
:1097C0007A28E1D143F48073DFE778786C28F9D107
:1097D00043F44073BA1CD8E77878682802D043F085
:1097E0008003D2E743F0C003F4E743F40073CCE70F
:1097F000A0F16202162A3FF656AF0FF2080C5CF891
:1098000022F000BF619800082599000861980008BF
:10981000A7960008A7960008A7960008A796000834
:1098200061980008A7960008A7960008A796000868
:10983000A7960008A7960008619800088F9A00086C
:10984000A7960008A7960008B9990008A7960008EF
:1098500061980008A7960008A7960008619800087C
:1098600078289FD06F2800F02781622800F0278198
:10987000692823F010034FF00A0C03D0642801D0AC
:1098800023F00C035A0548BF23F00103692803F4B1
:10989000007201D064281DD1002A7FF4F1AEDA05F0
:1098A00006F1040A0CD53268CDE902C4CDE904837F
:1098B000002A4FEAD2730193B8BF5242009217E0D8
:1098C00013F0400F326801D0D2B2EDE71E0648BF58
:1098D00012B2E9E7002A7FF4D3AED80506F1040AF4
:1098E00010D5CDE90483CDE902C401923368009319
:1098F0002A46079808914B46FFF7BFFD5646054696
:109900000899BDE613F0400F326807D0D2B2CDE916
:1099100004830023CDE902C40193CFE7180648BFB2
:1099200092B2F4E713F0020308932ED04FF0010A2D
:1099300056F8040B09914B46079C2A46C0B2A04733
:10994000DDE9083105F1010B002B33D054465A46AE
:1099500028E000BF799400080991079C4B4620201D
:10996000A04709990AEB05020AF1010AC245F3D39F
:10997000B8F1000F08F1FF3308BF002308F1010A16
:109980001D4408BF4FF0020AD2E7DDF820A0E9E746
:10999000531C08930991079D4B462020A847DDE9F9
:1099A000082101344445F3D3A8EB0A03D04538BF5E
:1099B00000239B445D4663E63246002C52F804AB1C
:1099C000089214BF22464FF0FF325244D3469BF810
:1099D000000008B15A4511D113F48062ABEB0A0BB9
:1099E000099202D0A34528BFA34613F002030A93AD
:1099F0001DD1ABEB05032A460B930BE00BF1010BDA
:109A0000E5E7531C0C930D91079E4B462020B04771
:109A1000DDE90C210B9B13444345F2D3A8EB0B0368
:109A2000D84538BF00230BF1010B1D449B4456461B
:109A3000A5EB0A0A06E01C462A460B91079D4B46F9
:109A4000A8470B990AEB060516F8010B28B1099BEC
:109A5000002BF1D0631E002CEDD10A9BABB12A463E
:109A6000ABEB050A07E00991079C4B462020561CEA
:109A7000A0470999324602EB0A039845F3D8A8EBB0
:109A80000B03D84538BF00231D44089EF8E543F07A
:109A9000210305930823CDE9034310220023CDE9D8
:109AA000013256F8043B00932A46079808914B462A
:109AB000FFF7E3FC054623E74FF0080CE0E64FF024
:109AC000020CDDE60FB41FB506AA02A952F8043B4A
:109AD0000392009204484FF0FF32FFF7C5FD05B036
:109AE0005DF804EB04B070476196000800207047F1
:109AF000014B1860704700BFBC0D0020014B1B6874
:109B0000184700BFBC0D002010B5084A084C11785A
:109B100024784B1C03F00F039C421DBF054C1370AF
:109B20006054002018BF012010BD00BFB91F0020E5
:109B3000BA1F0020A91F00207047000010B5202385
:109B400083F31188064C04F1D40000F013FD04F5F2
:109B50000A7000F00FFD002383F3118810BD00BFD1
:109B6000C00D002038B5094C104622460D46002194
:109B700042F8041F40EA0520194600F0BFFB2060B0
:109B80006068002818BF204638BD00BFD8140020E8
:109B900090F87A10074A0229137807D103F0FB03E3
:109BA000012B05D1044B52781A707047024A13708A
:109BB000704700BF2E1500200C15002038B5054653
:109BC000052958D8DFE801F05B57185B58032025BA
:109BD00085F31188324800F08DFC002484F311884D
:109BE00085F311882F4800F085FC84F31188052047
:109BF000BDE83840FFF788BF202383F311882A4C43
:109C00002A4A012101F008FC294A0421284601F0D2
:109C100003FC94F8B41004F14402284601F0FCFB64
:109C200094F8B51004F16802284601F0F5FB94F8A9
:109C3000B61021B104F18C02284601F0EDFB184862
:109C400000F063FC1B4A94F80812284601F0E4FB7C
:109C500094F80912184A284601F0DEFB94F80A121B
:109C600019B1164A284601F0D7FB0E4800F04DFC0A
:109C7000002383F3118838BD0420FFF745FF20251A
:109C800085F31188064800F01DFC002484F3118838
:109C900085F31188034800F015FC84F31188EAE786
:109CA000940E0020E80F0020C00D002018E60008E8
:109CB0003CE60008580F00207C0F0020A00F002079
:109CC00013B504460748C2680B461AB1019100F06B
:109CD000FBFD019B044A0348214602B0BDE8104049
:109CE00000F098BDF8140020ED9C000870B520230A
:109CF000064683F311880378042B03D0002383F3F3
:109D0000118870BD144B1B78DB09F7D1134C2278F6
:109D1000002AF3D0124B1B78002BEFD003899B074E
:109D200004D4104A0823012101F0C8FB0E4B24780B
:109D300040F2E730A4FB034520184FF000014FF438
:109D40007A724FF0000345EB0101F6F723FB314631
:109D50008000FFF7B5FFD1E7E8150020F4140020DC
:109D6000681000200D150020A0860100F8B590F8BD
:109D7000743003F07F02212A044674D113F0800F5F
:109D800090F8750021D0022819D003280ED00128A0
:109D900069D194F878302BB9484AA2662022E2664D
:109DA0002367F8BD0023C4E91A33F9E7B4F8783023
:109DB000002B58D1424AA2660120E066F0E7414BF1
:109DC000A3660120E0660023EAE70A2842D00B28B8
:109DD0000ED0092847D194F8783013F0FD0F42D106
:109DE000394BA3660223E366384B23670120D8E78B
:109DF000B4F8783053BB94F87650314B002D14BF33
:109E0000012100211970324B1A7861F3C7121A70C0
:109E10001CD12C4B1A78CAB1202282F311881E78EB
:109E20002C4B40F2E730A6FB036730184FF00001DF
:109E30004FF47A724FF0000347EB0101F6F7AAFAEC
:109E400021468000FFF73CFF85F311880023C4E919
:109E50001A33CAE71E491B4B0D7894F877201A7005
:109E6000ED09F3D1D7E7B4F8742040F281639A4248
:109E700008D0194B93F8B620D2B993F80A32BBB97F
:109E800000208EE794F87920616894F878304D6866
:109E900094F8771043EA0223204694F87620A847E6
:109EA0000028EDD04368A3660368E36600239CE7BF
:109EB0002046BDE8F84000F03FBB00BF0D15002074
:109EC00068100020F41400202E150020919B00083B
:109ED000E8150020A0860100C00D0020704700009A
:109EE00008B5102204480021F6F7C4FC034A0023F9
:109EF0001370034A137008BDA91F0020B91F00206A
:109F0000BA1F0020F8B50C4C0C4E2546307823784B
:109F10000B4F0021984202D101B12870F8BD1A46BA
:109F20000133BA5C052A03F00F034FF00101F1D1B0
:109F30002B70FFF710FAE9E7BA1F0020B91F0020C5
:109F4000A91F002070B5274C04F10803A36504F194
:109F50001C03C4F8803004F13003C4F8A03004F1CD
:109F6000B001054604F1D40000F06AFA04F1B00132
:109F700001F1240000F08EFA04F5AE73C4F8AC31A0
:109F800004F5B873C4F8D43104F5C273C4F8F431DD
:109F900004F5017104F50A7000F052FA04F501713C
:109FA00001F124004FF0904400F074FA4FF4805611
:109FB00001224FF480514FF0904002F0D9F80A4846
:109FC000668300F05CFE0949284601F0E5F940F29D
:109FD00002723146204602F0CBF8054B0022DA60CF
:109FE00070BD00BFC00D0020F049020060E600080F
:109FF000F814002070B54FF0904504464FF4805699
:10A0000001F0E0F901224FF480514FF0904002F04E
:10A01000AFF8204605496E8301F0BEF93146284667
:10A0200040F20272BDE8704002F0A2B860E600089B
:10A03000014B1878704700BF0C15002070B5202325
:10A04000044683F31188204D2B78042B2E4625D10E
:10A050001E4A2B8992F90020002A23DA1C4A127822
:10A0600002B3DA0610D4202322460421164801F058
:10A0700025FA184B224604F1200152F8040B43F84C
:10A08000040B8A42F9D109E0EB6958694FF0FF31BE
:10A090000C3000F001FE2B78042BE4D0002383F376
:10A0A000118870BD9B0703D4082322460121DDE7F8
:10A0B000336958694FF0FF310C3000F0EDFD337813
:10A0C000042BEBD1F0E700BFDC230020E8150020D3
:10A0D000681000200D15002007B52023024683F3E9
:10A0E00011880F4B1978042905D0002383F31188B8
:10A0F00003B05DF804FB1989C9060AD5DB69019034
:10A1000058694FF47A710C3000F0C6FD0130019AA5
:10A11000EBD003480623042101F0D0F9E5E700BFA6
:10A12000DC23002013B5202383F31188094C217808
:10A13000042904D0002383F3118802B010BD032347
:10A14000ADF8050001AA20468DF8043001F0B6F9FB
:10A15000F0E700BFDC23002013B5202383F3118830
:10A16000094C2178042904D0002383F3118802B01C
:10A1700010BDADF80500032301AA20468DF8041098
:10A1800001F09CF9F0E700BFDC23002037B50C4C50
:10A190008DF8070023780B48002B50F8D43F4FF080
:10A1A0000102DD690DF107010CBF4FF4FA730023C2
:10A1B000A847B0FA80F35B0940B2237003B030BD0A
:10A1C00044150020C00D002010B50648D0F8D4304A
:10A1D00088B01C6A202200236946D430A04708B00A
:10A1E00010BD00BFC00D0020202910B40A460AD1BE
:10A1F000064BD3F828124C68014603F50A70234633
:10A200005DF8044B18475DF8044B7047C00D002003
:10A2100010B50948D0F8283288B01C6A20220023E3
:10A22000694600F50A70A04718B1C1B26846FDF74B
:10A230005EF908B010BD00BFC00D0020FFF7FEB8EA
:10A240007047704708B5FFF7F9FF02F0F9FDFFF717
:10A25000F7FF08BD08B502F035FEFFF7F2FF08BDB5
:10A2600070B500F031FE00F093FAFDF7A1FDFFF7A5
:10A2700037FE1D481C4D1D4EFFF764FE41F288302D
:10A2800000F0FDFC1A48FFF71DFCFDF7ADFD194875
:10A29000FDF7F2FC1848FFF715FC2C46FFF732FEDD
:10A2A0002B78052B09D13046FFF70CFC2378052BC2
:10A2B0000CD0FEF733FEF9F709FAFDF7C7FDFFF7FB
:10A2C00083FFFFF7A5FFFDF789FDE7E7FFF719F823
:10A2D000FFF72AF80028E9D0204601F001F92046CE
:10A2E000FFF788FEE2E700BFDC23002092E60008CB
:10A2F00070E600086C10002081E6000810B5040A22
:10A30000032C0FD007D8012C23D0022C07D1124BDD
:10A310007B20136010BD212C0DD0222C12D00020E8
:10A320000346F6E7C0B20228F9D80C4B0C4953F8A3
:10A330002030405CEDE70329F1D80A4B092053F89F
:10A340002130E6E70329EAD8074B084853F82130C3
:10A35000EFE7074B1220DCE7CCE6000898E60008A0
:10A36000A4E60008A8E60008B8E60008C8E6000869
:10A3700069E7000813B5446BE36F1A681178042984
:10A3800015D1217A022912D11979128901238B4022
:10A3900013420CD101A904F1440000F0B7FE0246BB
:10A3A00028B1E46F019B2179206801F087F802B0A1
:10A3B00010BD0C3000F03CBE4FF0FF330C3000F00D
:10A3C00037BE443000F00ABF4FF0FF33443000F096
:10A3D00005BF0C3000F00FBE4FF0FF310C3000F025
:10A3E0000ABE443000F0DABE4FF0FF32443000F0D5
:10A3F000D5BE70B5C36F1A6811780429054601D01F
:10A40000012070BD017A0229FAD118790123834015
:10A41000508913EA0004F3D105F10C0000F0A6FD09
:10A4200002460028ECD0EE6FAB6A30687179043BCD
:10A4300001F032F82046E4E7406BFFF7DABF000096
:10A440007FB50346104A43F8042B012643600F4BA7
:10A45000067202900193CB6800930D4604464B6947
:10A460000A6A0C30314600F05FFD094B0193AB687E
:10A470000093EA692B690294314604F1440000F02C
:10A4800022FE04B070BD00BFE0E8000839A4000857
:10A4900075A300080B68202282F311880A7903EB68
:10A4A000820290624A79113243F822008A7912B10D
:10A4B00003EB8203986202230372C167002383F3D4
:10A4C0001188704738B5044601250221043000F098
:10A4D00089FC04F10C0025756FF0010100F00FFC00
:10A4E00084F84C5004F144006FF00101BDE838409D
:10A4F00000F005BC10B501210446043000F072FCE8
:10A500000023237584F84C3010BD38B5044600256F
:10A510000C3000F020FD04F14400257500F0EAFD48
:10A52000201D84F84C50012100F05CFC2046BDE861
:10A530003840FFF75EBF000090F8743003F060030E
:10A54000202B07D190F87520212A4FF0000303D863
:10A550001F2A06D800207047222AFBD1C0E91A33EF
:10A5600003E0034A82660722C26603670120704740
:10A570008010002073B5C36F1A681178042904464F
:10A5800027D1017A022924D11979158901238B4019
:10A590001D401ED100F14406304600F067FEC0B1F8
:10A5A000304601A900F0B2FDE36F1A7E06464AB1BB
:10A5B00001981A692946121A3044F6F75BF9E36FDD
:10A5C0001B690193E06F019B01790068324600F03E
:10A5D00075FF02B070BDF0B500EB810385B09E6AD7
:10A5E00004460D46FEB1202383F3118804EB850752
:10A5F000301D082100F0F6FBFB685B691B6806F163
:10A6000044001BB1019000F08EFD019803A900F0F9
:10A610007DFD024648B1039B2946204600F04EFFCF
:10A62000002383F3118805B0F0BDFB685A691268F6
:10A63000002AF5D01B8A013B1342F1D1F36F1B7E38
:10A64000002BEDD104F17402E6E7113110B550F89A
:10A650002140C4B1202383F311880421601800F045
:10A66000C1FBE26F1368527903EB820304F10C0023
:10A67000DB689B69596800F083FC2046FFF7B9FE50
:10A68000002383F3118810BD70470000024B034A7A
:10A690001A60034A5A607047BC1F002068240020DB
:10A6A00000A00020094B30B51C684D1E22444942D1
:10A6B0002A440A4059681044814204D3844202D893
:10A6C0001860104630BD0022FBE700BFBC1F002011
:10A6D000074B10B55C684942201A08401968821A75
:10A6E000914203D8944201D35A6010BD0020FCE788
:10A6F000BC1F002008B5202383F31188FFF7D2FF89
:10A70000002383F3118808BD08B5202383F3118843
:10A71000FFF7DEFF002383F3118808BD0448054BD3
:10A7200003600023C0E901330C3000F041BB00BFDF
:10A730004815002009A7000870477047FEE7000091
:10A740001149F0B508200026D1E901340A681D46F8
:10A75000043AAC4210D8E21CD21ADD1E22F00302E9
:10A76000AC4238BF00221344CA689A4209D8013863
:10A7700001F11001E8D1F0BD52F8047F45F8047BE7
:10A78000E7E743F8046BF0E708E90008FEE700009C
:10A7900010B5114C00F016F900F02EF8FFF776FF17
:10A7A000FFF7BCFF00F0ECFA0C498022204600F0D5
:10A7B000FBF90B4BC361012380F8203044F8180CDF
:10A7C00000F034FB002383F3118862B60548BDE82E
:10A7D000104000F01FBA00BF58210020B8E900085F
:10A7E0000004002090E9000872B6014BD862FEE731
:10A7F0002821002000F0A4B8054B03F11C02C3E996
:10A8000007224FF0FF310022C3E90912704700BF51
:10A8100028210020F8B50D46C0E90323044600F0C6
:10A820007FFB022D2946274D2A4638BF022152F8C8
:10A830001C3F93422E4617460AD1A862C5E9074439
:10A840000844C4E90033A160BDE8F84000F057BBFC
:10A85000D5F828C0A0EB0C0289180D4627D34FF07D
:10A86000000E9D68AA421DD8BB420CEB020EACEB59
:10A87000000018BFAA1AC6F828E001EB000518BFAF
:10A880009A60F3699A68AA4219D35A682360626091
:10A8900014605C60A5609A68551B9D604FF0FF33A3
:10A8A0007362F8BDC3F808E0521B1B68D9E79B68C8
:10A8B0009942E6D20CEB010000F02EFBE1E71B68A9
:10A8C000AD1ADFE7282100201C4AD169814238B542
:10A8D0000368154602F11C040DD04268136003683A
:10A8E0005A60A3424FF00002C26003D09A688168A8
:10A8F0000A449A6038BDD361A3424FF000025C6005
:10A90000CA6003D1BDE8384000F001BB9A6889688D
:10A91000AC6A0A449A6000F003FBEB699B68021B77
:10A920009342E7D91C44201A0128A86A98BF931CB7
:10A930001844BDE8384000F0EFBA00BF28210020DD
:10A940002DE9F84F1E4C0027E56904F11C06B846B6
:10A9500000F0E6FAA36AAA68A0EB03094A451CD8EE
:10A960004FF0200AAA68A36AD5F80CB01344A3627A
:10A970002B68B3425E60A9EB0209E361EF6001D18D
:10A9800000F0C5FA88F311882869D8478AF311883E
:10A99000E569AB684B45E5D9DAE7E269B2420DD02B
:10A9A0009168A0620B441B1A9360AB68022B2CBF0A
:10A9B000C0180230BDE8F84F00F0AEBABDE8F88F1D
:10A9C00028210020034B0022C3E90033C3E90433EC
:10A9D0009A60704728210020002380F82030826888
:10A9E000054B1B6899689142FBD25A68036042602C
:10A9F00010605860704700BF2821002008B5202350
:10AA000083F3118890F820200023072A07D8DFE875
:10AA100002F00C060604130F0613426A13604FF08F
:10AA2000FF334362FFF7D8FF002383F3118808BD8B
:10AA3000426A936801339360D0E9003213605A6030
:10AA4000EDE70000002380F820308268054B1B688A
:10AA500099689142FBD85A68036042601060586060
:10AA6000704700BF2821002038B50D4CA569226829
:10AA700085F82000116821604C600121A26182F8F4
:10AA80002010EFF30982E969643A914202D905483E
:10AA9000FFF7AAFEA0692946BDE83840F5F760BC7B
:10AAA00028210020A8E9000830B54B1C0B4D87B0C9
:10AAB000044610D0AB690A4A01A8FFF7ABFE204656
:10AAC000FFF7D2FF049B13B101A8FFF7FDFEAB69AE
:10AAD000586A07B030BDFFF7C7FFF8E7282100200C
:10AAE000FDA9000870B5114E4162B36981689A688A
:10AAF0009142044603D8BDE87040FFF76DBF184689
:10AB0000FFF7A0FF01230546B46184F82030EFF37E
:10AB10000983C269643B9A4202D90548FFF764FE83
:10AB200029462046BDE87040F5F71ABC28210020D0
:10AB3000A8E90008044B1A689B6990689B689842D2
:10AB400094BF0020012070472821002038B50E4C0A
:10AB50002368A0691A6822605460012283F82020CB
:10AB6000A361FFF76FFF0546EFF30983C269643BFA
:10AB70009A4202D90548FFF737FEA0692946BDE889
:10AB80003840F5F7EDBB00BF28210020A8E90008F8
:10AB900008B5FFF7CFFF18B1BDE80840FFF7D6BFF3
:10ABA00008BDFFF7D3BF00008260C2630022C0E986
:10ABB0000D2202220284012280F82220074A8161AC
:10ABC0005169026141610861506100F128028262AD
:10ABD00000F12C02C0E90B22704700BF28210020A1
:10ABE000D0E9012343F82C2CA3F1AC0243F83C2C10
:10ABF000026943F86C2C426943F8682C044A0168E6
:10AC000043F84C2CC268A3F14800FFF7CDBF00BF4A
:10AC10007903000810B5202383F31188FFF7E0FFC4
:10AC200000210446FFF75EFF002383F311882046CE
:10AC300010BD000038B50E4B9C69606204F1280518
:10AC4000A06AA8420FD194F822303BB994F8213081
:10AC50009B0702BFD4E9043213615A61BDE8384052
:10AC60000F20FFF701BF0368A362FFF7B5FEE7E718
:10AC700028210020202383F31188FFF7DBBF08B5CC
:10AC80000146202383F311880820FFF70DFF0023DE
:10AC900083F3118808BD0000054B9B6921B1036057
:10ACA00058620320FFF700BF4FF0FF30704700BF2E
:10ACB0002821002003682BB1002202605962184647
:10ACC000FFF78ABE7047000049B1064B42689B6996
:10ACD00018605A60136043600420FFF7E5BE4FF030
:10ACE000FF307047282100200368984206D01A6878
:10ACF0000260506059621846FFF76EBE704738B563
:10AD000004460D462068844200D138BD03682360A4
:10AD10005C604562FFF760FEF4E700234FF0FF320E
:10AD2000C0E90023C0E9023300220023C0E9042364
:10AD300070470000014B5B6883607047001000E0C3
:10AD40000D4A0E4B516FC2685B68013230B5C2606C
:10AD5000D0E9044582685B1A9B1A42688360E41854
:10AD600045F100059342026888BF43609342C0E901
:10AD7000044538BF036030BD28210020001000E0EA
:10AD800030B50A4C87B0002368466367FFF7C5FFFC
:10AD900004256846FFF7CEFF6846FFF7D1FF013D67
:10ADA000F7D1009B636707B030BD00BF28210020AA
:10ADB0000023C0E9000083607047436B194390F89B
:10ADC000203041630A2B03D1436A194205D17047F1
:10ADD0000B2B06D1436A8B4303D100234362FFF759
:10ADE000FBBD704770B5046806460D46B44200D1FD
:10ADF00070BDE3682B43E36015B123691D4203D0A6
:10AE0000D4E90101FFF7D9FF2468EFE7EFF30983E5
:10AE100005494A6822F001024A60683383F30988D1
:10AE2000002383F31188704730EF00E0202080F387
:10AE3000118862B60B4B0C4AD96821F4E061090411
:10AE4000090C0A430949DA60CA6842F08072CA6094
:10AE500007490A6842F001020A601022DA7783F893
:10AE60002200704700ED00E00003FA05F0ED00E07D
:10AE7000001000E010B5202383F311880E4B5B68AF
:10AE800013F4006314D0F1EE103AEFF30984683C38
:10AE90004FF08073E361094BDB68236684F3098814
:10AEA000FFF748FE10B1064BA36110BD054BFBE751
:10AEB00083F31188F9E700BF00ED00E030EF00E018
:10AEC0008B0300088E03000808B500F089FF01F02D
:10AED0003FF900F0E9F900F0F1F900F0F6F900F0BF
:10AEE00025FA00F02DFA00F046FA00F028FAFFF7F4
:10AEF000B1F9BDE8084000F000B801F093BB4FF095
:10AF00008043002258631A610222DA6070474FF0D2
:10AF100080430022DA6070474FF0804358637047E7
:10AF20004FF08043586A704730B5039C0172043378
:10AF300004FB0325C0E90653049B03630021059B22
:10AF4000C160C0E90000C0E90422C0E90842C0E9CC
:10AF50000A11436330BD416A0022C0E90411C0E90F
:10AF60000A22C2606FF00101FFF7C9BED0E90432C6
:10AF7000934201D1C2680AB9181D7047002070477A
:10AF800003691960C2680132C260C26913448269F0
:10AF90000361934224BF436A03610021FFF7A4BE0B
:10AFA00038B504460D46E3683BB16269131D12686B
:10AFB000A3621344E362002007E0237A33B92946F1
:10AFC0002046FFF781FE0028EDDA38BD6FF0010062
:10AFD000FBE7C368C269013BC360436913448269EC
:10AFE0004361934224BF436A436100238362036B3E
:10AFF00003B11847704770B52023044683F31188C6
:10B00000866A3EB9FFF7CCFF054618B186F3118872
:10B01000284670BDA36AE26A13F8015BA3629342FB
:10B0200002D32046FFF7D5FF002383F31188EFE713
:10B030002DE9F84F04460E4690469946202787F39F
:10B0400011880025AA46D4F828B0BBF1000F09D119
:10B0500049462046FFF7A4FF20B18BF3118828460C
:10B06000BDE8F88FD4E90A12A8EB050B521A9345F4
:10B0700028BF9346BBF1400F1BD9334601F1400274
:10B0800051F8040B43F8040B9142F9D1A36A403301
:10B090004036A3624035D4E90A239A4202D32046BF
:10B0A000FFF797FF8AF311884545D8D287F31188B7
:10B0B000C9E730465A46F5F743FBA36A5B445E4452
:10B0C000A3625D44E7E710B5029C0172043304FB00
:10B0D0000321C0E906130023C0E90A33039B03637D
:10B0E000049BC460C0E90000C0E90422C0E9084232
:10B0F000436310BD026AC260426AC0E904220022B2
:10B10000C0E90A226FF00101FFF7F9BDD0E904237D
:10B110009A4201D1C26822B9184650F8043B0B602C
:10B12000704700207047C368C2690133C360436938
:10B13000134482694361934224BF436A43610021FF
:10B14000FFF7D2BD38B504460D46E3683BB123692D
:10B150001A1DA262E2691344E362002007E0237A29
:10B1600033B929462046FFF7AFFD0028EDDA38BD98
:10B170006FF00100FBE703691960C268013AC26021
:10B18000C269134482690361934224BF436A036125
:10B1900000238362036B03B11847704770B5202307
:10B1A0000D460446114683F31188866A2EB9FFF7CF
:10B1B000C9FF10B186F3118870BDA36A1D70A36A20
:10B1C000E26A01339342A36204D3E1692046043961
:10B1D000FFF7D1FF002080F31188EDE72DE9F84F4C
:10B1E00004460D4691469A464FF0200888F3118890
:10B1F0000026B346A76A4FB951462046FFF7A2FF83
:10B2000020B187F311883046BDE8F88FD4E90A07EA
:10B210003A1AA9EB0607974228BF1746402F1BD9B9
:10B2200005F1400355F8042B40F8042B9D42F9D159
:10B23000A36A4033A3624036D4E90A239A4204D376
:10B24000E16920460439FFF796FF8BF311884E45DC
:10B25000D9D288F31188CDE729463A46F5F770FA36
:10B26000A36A3B443D44A3623E44E5E7D0E904239E
:10B270009A4217D1C3689BB1836A8BB1043B9B1A76
:10B280000ED01360C368013BC360C3691A4483696D
:10B2900002619A4224BF436A03610023836201234F
:10B2A000184670470023FBE700F032BE012303700D
:10B2B0000023C0E904331830FFF77ABD01F0F2B97A
:10B2C0000123037000234360704701F0C1B80123DC
:10B2D0000370002343600C30FFF76ABD10B52023D4
:10B2E000044683F31188416001F0C2F80223237001
:10B2F000002383F3118810BD7FB50446202585F314
:10B3000011880326067000250A9E85600296099E14
:10B310000196089E009601F005F9431C14BF022314
:10B320000523237085F3118804B070BD01F024BAA1
:10B330000123037000234360C360037470477047A8
:10B3400001F05AB9012303700023C0E901330C3026
:10B35000FFF72EBD10B5044690F8763080F87E30A9
:10B3600001F0C0FB63681B6813B1012120469847B8
:10B370000323237010BD01F093BB0123037000234E
:10B38000436000F12C0200F1480142F8043B8A427C
:10B390009361FAD18360704738B50446202383F364
:10B3A00011880025C0E90355C0E90555C0E90755D6
:10B3B000C0E90955416001F02FFC0223237085F399
:10B3C000118838BD70B52023044683F311882546C3
:10B3D00001F06CFB00260123666005F80C3B2C3461
:10B3E00055F8043B7BB1586920B16FF001010C3076
:10B3F000FFF760FC55F8043C986920B16FF001013B
:10B400000C30FFF757FCA54245F8046CE8D1FFF774
:10B41000BFFB86F3118870BD70B500EB8103054654
:10B420005069DA600E46144618B114220021F5F76F
:10B4300021FAA06918B114220021F5F71BFA314650
:10B440002846BDE8704001F057BBF8B5836803F0AB
:10B4500001130446836000F1100500F12C0600275B
:10B4600055F8043B7BB1586920B16FF001010C30F5
:10B47000FFF720FC55F8043C986920B16FF00101FA
:10B480000C30FFF717FCB54245F8047CE8D12046A4
:10B49000BDE8F84001F0E6BBF0B400EB8104478959
:10B4A000E4680125A4698D403D4345812360002364
:10B4B000A2606360E360F0BC01F01EBCF0B400EB7E
:10B4C00081040789E468012564698D403D43058155
:10B4D00023600023A2606360E360F0BC01F02EBC37
:10B4E00010B50378052B0BD1064C236C43F01003E9
:10B4F0002364C820FFF7C3FB236C23F010032364ED
:10B5000010BD00BF005C00402DE9F0410223002582
:10B5100004460370C567856000F10C0600F12C0736
:10B520004FF0200856F8043BABB188F3118856F869
:10B53000043C586920B16FF001010C30FFF7BAFBF1
:10B5400056F8043C986920B16FF001010C30FFF708
:10B55000B1FB85F31188BE4246F8045CE2D184F861
:10B560006450204601F03AFB63681B6823B1204613
:10B570000021BDE8F0411847BDE8F081F8B5037837
:10B5800080F880300523037043681B6804460BB1C4
:10B59000042198470026A66004F10C0520272C34CE
:10B5A00055F8043BABB187F3118855F8043C586952
:10B5B00020B16FF001010C30FFF77CFB55F8043C23
:10B5C000986920B16FF001010C30FFF773FB86F32F
:10B5D0001188A542E4D1F8BD90F88020436802703C
:10B5E0001B680BB1052118477047000070B590F833
:10B5F0006430044613B1002380F8643004F174020F
:10B60000204601F05FFB63689B68B3B994F874301F
:10B6100013F0600539D00021204601F0C3FB002162
:10B62000204601F0ADFB63681B6813B1062120467C
:10B630009847062384F8643070BD20469847002858
:10B64000E4D094F87B2094F87A3043EA0223E26E47
:10B650009A4288BFE36694F97430E56E002B4FF090
:10B66000200380F2F580002D00F0E480092284F8A8
:10B67000642083F311880021D4E91A232046FFF7C0
:10B680001DFF002383F31188D6E794F8752003F09B
:10B690007F0343EA022340F20232934200F0B78074
:10B6A00021D8B3F5807F4DD00DD8012B44D0022B8B
:10B6B00000F08580002BAED104F17C02A26602224C
:10B6C000E2662367BDE7B3F5817F00F08D80B3F5B7
:10B6D000407FA0D194F87630012B9CD1B4F87C3017
:10B6E00043F0020337E0B3F5006F3ED01CD8B3F54A
:10B6F000A06F36D0A3F5C063012B8CD894F87920C5
:10B70000616894F878304E6894F8771043EA022321
:10B71000204694F87620B04700283FF47CAF436879
:10B72000A3660368E3661AE0B3F5106F22D040F613
:10B73000024293427FF46FAF524BA3660223E3664B
:10B740000023BEE794F87630012B7FF464AFB4F8A1
:10B750007C3023F00203C4E91A55A4F87C30256735
:10B760006FE7C4E91A55484BABE704F17F03A366C2
:10B770000123D7E72378042B10D1202383F31188EA
:10B780002046FFF762FE85F311880321636884F881
:10B790007F5021701B680BB12046984794F8763093
:10B7A0004BB184F87F300423237063681B6813B1A6
:10B7B0000221204698470023C4E91A3381E794F810
:10B7C00078301D0603F00F0120460AD501F06CFA0F
:10B7D000012804D002287FF41EAF2C4BADE72C4B80
:10B7E000ABE701F053FAF3E794F87630002B7FF4DF
:10B7F00012AF94F8783013F00F01DCD01A0620460F
:10B8000002D501F0F7FAD6E701F0DEFAD3E794F8B3
:10B810007630002B7FF4FFAE94F8783013F00F01F0
:10B82000C9D01B06204602D501F0BCFAC3E701F0DF
:10B83000A7FAC0E7142284F8642083F311882B460A
:10B840002A4629462046FFF727FE85F31188F3E6AE
:10B850005DB1152284F8642083F311880021D4E9B6
:10B860001A232046FFF718FE0BE70B2284F864200A
:10B8700083F311882B462A4629462046FFF71EFEF1
:10B88000E3E700BFD2E9000855B30008CEE900089D
:10B89000D0E9000838B590F864300446002B42D057
:10B8A000063BDAB20F2A38D80F2B36D8DFE803F080
:10B8B0003B353508263635353535353535353B3B61
:10B8C00090F87B1090F87A20C36E42EA01229342EE
:10B8D00014D2C268128AB3FBF2F502FB15356DB9BA
:10B8E000202383F311882B462A462946FFF7E6FDDD
:10B8F00085F311880A2384F864300EE0142384F859
:10B900006430202383F3118800231A461946204609
:10B91000FFF7C2FD002383F3118838BD036F03B125
:10B9200098470023E7E70021204601F03BFA002179
:10B93000204601F025FA63681B6813B106212046F2
:10B9400098470623D7E710B590F86430142B0446C7
:10B9500029D017D8062B05D001D81BB110BD093B43
:10B96000022BFBD80021204601F01CFA00212046C2
:10B9700001F006FA63681B6813B106212046984758
:10B98000062319E0152BE9D10B2380F8643020231E
:10B9900083F3118800231A461946FFF78FFD002311
:10B9A00083F31188DAE7C3689B695B68002BD5D104
:10B9B000036F03B19847002384F86430CEE700F1A9
:10B9C000604303F561430901C9B283F80013012202
:10B9D00000F01F039A4043099B0003F1604303F505
:10B9E0006143C3F880211A607047000000F01F0314
:10B9F000012142099940044B2032184443F8221097
:10BA0000002380F80033704700E100E00D4A08B5DC
:10BA1000516913680B4003F00103536173B10A4A83
:10BA200093680BB1D0689847202383F311880648A8
:10BA30000021FFF764F9002383F31188BDE8084073
:10BA4000FFF718BA00040140002200200D4A08B593
:10BA5000516913680B4003F00203536173B10A4A42
:10BA600093690BB1D0699847202383F31188074865
:10BA70000021FFF744F9002383F31188BDE8084053
:10BA8000FFF7F8B900040140002200201022002036
:10BA90000D4A08B5516913680B4003F00403536164
:10BAA00073B10A4A936A0BB1D06A9847202383F393
:10BAB000118807480021FFF722F9002383F311883A
:10BAC000BDE80840FFF7D6B900040140002200207D
:10BAD000202200200D4A08B5516913680B4003F07D
:10BAE0000803536173B10A4A936B0BB1D06B98474B
:10BAF000202383F3118807480021FFF700F9002372
:10BB000083F31188BDE80840FFF7B4B90004014091
:10BB100000220020302200200D4A08B55169136828
:10BB20000B4003F01003536173B10A4A936C0BB1DD
:10BB3000D06C9847202383F3118807480021FFF732
:10BB4000DEF8002383F31188BDE80840FFF792B9BF
:10BB5000000401400022002040220020324B10B59A
:10BB60005A691C68144004F478725A61A3060ED511
:10BB70002E4A936D0BB1D06D9847202383F3118823
:10BB80002B480021FFF7BBF8002383F311886006E0
:10BB90000ED5264A936E0BB1D06E9847202383F3BF
:10BBA000118824480021FFF7AAF8002383F31188A5
:10BBB00021060ED51D4A936F0BB1D06F98472023F5
:10BBC00083F311881C480021FFF799F8002383F3C1
:10BBD0001188E20510D5154AD2F8883013B1D2F891
:10BBE0008C009847202383F3118814480021FFF725
:10BBF00086F8002383F31188A30510D50B4AD2F8E9
:10BC0000983013B1D2F89C009847202383F3118811
:10BC10000B480021FFF773F8002383F31188BDE878
:10BC20001040FFF727B900BF0004014000220020A8
:10BC3000502200206022002070220020802200205C
:10BC4000902200203E4B10B55A691C68144004F441
:10BC50007C425A61620510D53A4AD2F8A83013B135
:10BC6000D2F8AC009847202383F31188364800218E
:10BC7000FFF745F8002383F31188230510D5314AD7
:10BC8000D2F8B83013B1D2F8BC009847202383F320
:10BC900011882E480021FFF732F8002383F3118822
:10BCA000E00410D5274AD2F8C83013B1D2F8CC003E
:10BCB0009847202383F3118825480021FFF71FF8B8
:10BCC000002383F31188A10410D51E4AD2F8D8307E
:10BCD00013B1D2F8DC009847202383F311881D4864
:10BCE0000021FFF70CF8002383F31188620410D5BC
:10BCF000144AD2F8E83013B1D2F8EC009847202368
:10BD000083F3118814480021FEF7F9FF002383F321
:10BD10001188230410D50B4AD2F8F83013B1D2F8A9
:10BD2000FC009847202383F311880C480021FEF77C
:10BD3000E6FF002383F31188BDE81040FFF79AB8AF
:10BD40000004014000220020A0220020B022002098
:10BD5000C0220020D0220020E0220020F02200207B
:10BD600008B5034800F0CFFCBDE80840FFF782B8F3
:10BD700084230020FFF77EB8FFF77CB8FFF77AB87E
:10BD8000062108B50846FFF71AFE06210720FFF72F
:10BD900016FE06210820FFF712FE06210920FFF7F4
:10BDA0000EFE06210A20FFF70AFE06211720FFF7E4
:10BDB00006FE06212820FFF702FE07211820FFF7C4
:10BDC000FEFD07211920FFF7FAFD07211A20FFF7D2
:10BDD000F6FDBDE8084007211B20FFF7F0BD00007D
:10BDE00010B5224CA26A62F4FC02A262A26A02F4BA
:10BDF000FC02A2624FF0FF31A26A2269216122692E
:10BE0000002222612069E068E160E168E260E168A7
:10BE1000E169174841F08051E161E169016841F44D
:10BE200080710160216A01F44071B1F5007F1EBF8D
:10BE30004FF4803323622262236A1B0407D4236AEF
:10BE400043F400732362236A43F40043236200F047
:10BE500079F8FFF795FFA369064A43F00103A36150
:10BE6000A369136843F02003136010BD0010024063
:10BE70000070004000000140224B1A6842F00102AD
:10BE80001A601A689207FCD55A6822F003025A60B9
:10BE90005A6812F00C02FBD1196801F0F90119601F
:10BEA0005A601A6842F480321A601A689003FCD50E
:10BEB0005A6A42F001025A625A6A9107FCD5124A44
:10BEC0005A604FF40452DA6230221A631A6842F060
:10BED00080721A601A689201FCD50C4A1221116016
:10BEE000116801F007010229FAD15A6842F00202F2
:10BEF0005A605A6802F00C02082AFAD11A6B1A63C7
:10BF0000704700BF0010024000241D0000200240C6
:10BF100038B5084C2046FFF7C9F90025064BA36247
:10BF2000E562064C2046FFF7C1F9054BC4E90A3526
:10BF300038BD00BFA0210020D4E90008D021002096
:10BF4000F0E900080B4A0C48002310B5C2E90033A1
:10BF500001214468236042F8313001310D2900F19C
:10BF60001000F6D1054A4FF0FF335360C2F8043495
:10BF700010BD00BF641500200CEA0008000002405C
:10BF80000B282DE9F84342D8224C0125276885402B
:10BF90003D423CD1204E4FEA001906EB001801301B
:10BFA0002F4344F8302004EBC000276043606B0649
:10BFB00005D01A4B586940F0010058615B6915F4CF
:10BFC000786F05D0154B586940F0020058615B69E5
:10BFD0005AB106EB0900626883681A4202D1C07B3D
:10BFE000FFF7EDFC63681D43656006EB090156F839
:10BFF00009004B68497B1A6822F00F021A600E2272
:10C000008A40426000221A604046BDE8F8834FF043
:10C010000008F9E7641500200CEA0008001002404F
:10C0200010B40468437B21684268D940126801F06B
:10C030000E010A420FD0827B01FA03F363600132E2
:10C04000064B53F8324034B103EBC2035868234621
:10C050005DF8044B18475DF8044B704764150020E9
:10C0600008B50348FFF7DCFFBDE80840FEF702BF54
:10C070000CEA000808B50348FFF7D2FFBDE8084006
:10C08000FEF7F8BE1CEA000808B50348FFF7C8FF32
:10C09000BDE80840FEF7EEBE2CEA000808B50348EC
:10C0A000FFF7BEFFBDE80840FEF7E4BE3CEA00082B
:10C0B00008B50348FFF7B4FFBDE80840FEF7DABE55
:10C0C0004CEA000808B50348FFF7AAFFBDE808409E
:10C0D000FEF7D0BE5CEA000808B50348FFF7A0FFF2
:10C0E000BDE80840FEF7C6BE6CEA000808B5034884
:10C0F000FFF796FFBDE80840FEF7BCBE7CEA0008EB
:10C1000008B50348FFF78CFFBDE80840FEF7B2BE54
:10C110008CEA000808B50348FFF782FFBDE8084035
:10C12000FEF7A8BE9CEA000808B50348FFF778FFB1
:10C13000BDE80840FEF79EBEACEA000808B503481B
:10C14000FFF76EFFBDE80840FEF794BEBCEA0008AA
:10C150000022064B11460132102AC3E90033C3E91D
:10C16000021103F11003F6D1704700BF0022002036
:10C170002DE9F74FC2F3C31302F0030AC2F380099B
:10C18000C2F3C108C2F3411E0193574600224FF08B
:10C190000F0BCB0737D5019C02F007039B0004FA75
:10C1A00003FC01254468954024EA050444EA090497
:10C1B000446085680324560004FA06F625EA06055D
:10C1C00045EA08058560C56825EA060545EA0E05C5
:10C1D0000BFA03F3BAF1020F6FEA0604C5606FEAC7
:10C1E00003031BD1072A95BF056A456A2B402B40E4
:10C1F00095BF43EA0C0343EA0C03036243620368FE
:10C200001C403C43046049081AD04FEA49094FEAF0
:10C2100088084FEA8E0EBF000132BAE705682C404D
:10C220003C43072A046095BF046A446A23402340C4
:10C2300095BF43EA0C0343EA0C0303624362E2E75F
:10C2400003B0BDE8F08F836A5B6830B5046B596852
:10C25000436862689B68FF2988BFFF2122F0FF7254
:10C2600043EA014322F4803294BF00254FF08075E9
:10C2700013432B4343F48063636030BDD0E90B313B
:10C280005B6840685A684B68806810B523F0FF739C
:10C29000FF2A23F4803394BF00244FF0807443EAD4
:10C2A000000388BFFF22234343EA02434B6010BDD3
:10C2B0003F4838B5046BA36903F0FE02D906E2617A
:10C2C0002DD5C36A59680A6822F00F020A605A7BAA
:10C2D00019680E2303FA02F24A60826A55682968D7
:10C2E00021F00F0129601168527B93404B608368F5
:10C2F00043F004038360636843F48043636023680E
:10C3000023F046032360202383F311886FF001019B
:10C310001C30FEF7CFFC002383F3118806E01A06D9
:10C320000BD50378032B05D1FFF7A8FFBDE83840F4
:10C33000FEF7A0BDFFF787FFF8E75B06F6D50178AB
:10C34000836A03295A681BD1C36A5D68296821F092
:10C350000F0129605D7B19680E23AB404B60536869
:10C36000BBB1FFF770FF836A5A68136843F001039B
:10C370001360636843F40053636004230370D5E7DC
:10C38000116821F00F011160597B1A680E238B4050
:10C390005360636843F480436360236823F0400381
:10C3A0002360202383F3118802480021B1E700BFF6
:10C3B000002300201C23002038B5234B196B8A6909
:10C3C00002F47C50C861D96A4C68206820F00F00E4
:10C3D0002060487B0C680E2101FA00F06060986ACA
:10C3E00045682C6824F00F042C600468407B814071
:10C3F0006160D40542BF996841F0010199609005E0
:10C4000042BF996841F002019960510542BF9968A5
:10C4100041F008019960D20499680ED541F02001DD
:10C420009960202383F3118808486FF00101FEF71B
:10C4300041FC002383F3118801E00029F1D1BDE81C
:10C440003840FEF717BD00BF002300201C2300204A
:10C4500010B5054C2046FEF73AFF0023034AE3617E
:10C46000C4E90A33226310BD0023002000540040B9
:10C4700038B5056B2B6823F001032B600378012B83
:10C48000044633D18A239A22C0E90832234B9842CA
:10C490002CD1234B1A6942F400121A611A6922F452
:10C4A00000121A611A69DA6942F40012DA61DB6972
:10C4B000002203460A210620FFF762FD2346A06200
:10C4C00000220A210520FFF75BFD236AE06243F4A6
:10C4D00080532362636A0A2143F480531F206362FE
:10C4E000FFF76DFA0A212020FFF769FAA36A5B685B
:10C4F00005F124029A60E36A5B6805F128029A60FC
:10C500006268536843F4404343F090032B60136820
:10C510002B612B6843F001032B6038BD0023002002
:10C52000001002402DE9F047002704460E46056B37
:10C53000876087F31188C16A406A49680860CA60E9
:10C540004B60A36A226A5B681A60089ADA60099AEB
:10C550005A60FEF7E5FC4FF02009804641F2873A29
:10C5600089F31188AB69190408D5FEF7D9FCA0EB53
:10C57000080050453DD887F31188F1E76268236BC6
:10C580009268120558BF76005E602046FFF776FE7F
:10C59000E36A0A995A68136843F0010313602B6831
:10C5A00043F040032B606B6843F400536B6004F16D
:10C5B0001C00FEF771FB431C19D16B6843F48043E8
:10C5C0006B60A36A59680A6822F00F020A605A7BFE
:10C5D00019680E2303FA02F24A60E26A546821687D
:10C5E00021F00F0121601168527B93404B60BDE840
:10C5F000F0874FF0FF30FAE710B5084C2046FEF701
:10C60000A1FE074A0023C4E90723636241F20A013D
:10C6100041F21803C4E90A1310BD00BF34230020FF
:10C62000003800400F4BDA6942F00102DA610E4A2D
:10C63000DB69936843F0010393604FF0804340F25D
:10C64000CF229A624FF0FF32DA6200229A615A6377
:10C65000DA605A6001225A6108211A601C20FFF733
:10C66000AEB900BF00100240002004E04FF080424D
:10C6700008B51169D3680B40D9B2C9439B07116152
:10C6800007D5202383F31188FEF7B4F8002383F342
:10C69000118808BD08B5FFF7E9FFBDE80840FEF7BF
:10C6A000E9BB00000B4808B50B4BC360FEF708FE62
:10C6B0000A480B4BC360FEF703FE0A480A4BC360EF
:10C6C000FEF7FEFD09480A4BC360BDE80840FEF7CF
:10C6D000F7BD00BF64230020001000409423002019
:10C6E0000014004074230020003401408423002003
:10C6F00000400140C36800221A601A61DA6822F023
:10C70000FF02DA607047C26810B51469D36823402D
:10C71000DCB2E443DB07014614610DD50378042B3A
:10C7200003D102230370FFF7E5FF4B685B681BB181
:10C73000BDE810400846184710BD000008B5034882
:10C74000FFF7E1FFBDE80840FEF794BB642300203B
:10C7500008B50348FFF7D7FFBDE80840FEF78ABBDE
:10C760009423002008B50348FFF7CDFFBDE808403B
:10C77000FEF780BB7423002038B5084C2046FEF736
:10C78000D7FD0425064BA3612574064C2046FEF711
:10C79000CFFD054B2574A36138BD00BFC023002029
:10C7A00000040040A423002000080040836970B505
:10C7B0001A69DD681540EAB2D243AE0704461A6131
:10C7C00003D543681B6903B19847680704D56368BC
:10C7D0009B690BB120469847290704D563681B6AFB
:10C7E0000BB120469847EA0604D563689B6A0BB1F3
:10C7F00020469847EB0706D563689B681BB1204627
:10C80000BDE87040184770BD08B50348FFF7CEFF7C
:10C81000BDE80840FEF72EBBC023002008B5034842
:10C82000FFF7C4FFBDE80840FEF724BBA4230020A7
:10C830000C4B1B6D03F1804303F5C04303EB001069
:10C8400011440368426003F1005303F540535B0059
:10C85000002AA1EB020000DC7047008843F8040BBB
:10C86000023AF5E7005C00402DE9F84F894D6C6C09
:10C87000670505D56FF4806387486B64FEF744FE57
:10C88000260509D52B6C844843F008032B646FF40C
:10C8900000636B64FEF772FEE0040DD57D4DAB6C5A
:10C8A000190406D42B6C7C4823F008032B64FEF794
:10C8B00093FE6FF480536B64A20508D576484368F5
:10C8C000DB6803B19847734B6FF400725A64724D82
:10C8D000724E230403D4BDE8F84FFEF7CBBA04F040
:10C8E0000F04A70007F1804707F5B84704F10209D4
:10C8F000D7F800A005EB89031AF0800FD3F8048065
:10C9000025D03A68D8F81430324042F400423A60F8
:10C9100019695A6818680A44801A5A602DD0B8F804
:10C920001020824228BF024698681A61014499602B
:10C930002046FFF77DFF3B6823F4F04323F04003DC
:10C9400083F0300343F4004343F080033B601AF468
:10C95000004F0FD03B68334043F080031AF4006F60
:10C960003B60E1B225D005EB89092846D9F80430AF
:10C970005B689847474B5C6CABE7012303FA04F212
:10C980002B8923EA02032B81D8F8083013B1214602
:10C9900028469847202383F3118805EB890300215B
:10C9A0005B6858690C30FEF785F9002383F3118822
:10C9B000CDE7384BD8F818201B6DD2F808C003F12A
:10C9C000804303F5C04303EB0410E1468368D0F8CD
:10C9D0000CE003F10053CEF30900CEF3480E03F54B
:10C9E00040534FEA8E0A0AEB430A5B00534509F1B4
:10C9F000020939D16FF0010909FB0E09B9F1000FE5
:10CA000002D01B680CF81E3093680344936053688F
:10CA10000344536013681B1A1360138A013B9BB2D3
:10CA20001382B8F81220824200D833BB012303FAE4
:10CA300004F26B89023423EA02036B8105EB840361
:10CA40005B68DB680BB128469847202383F3118885
:10CA500005EB84046368986941680C30FEF72AF995
:10CA6000002383F3118885E753F804BB09F802BC5F
:10CA70004FEA1B2B09F801BCB8E73B6823F490434D
:10CA800023F0700383F4405343F4004343F08003E6
:10CA90003B606FE7005C0040DC2300200F07FFFFD6
:10CAA0000148FEF76ABC00BFDC23002008B503780C
:10CAB000012B12D0094B98420FD14A20FEF796FF66
:10CAC0004B20FEF793FF064B03221A6403F5DA337B
:10CAD000DA6922F40002DA61DB6908BDDC23002098
:10CAE000005C004090F87E30024A43F08003D3643B
:10CAF000704700BF005C004000EB810370B5DD684B
:10CB00002B6803F00303032B5AD0002B0CBF4FF408
:10CB1000007300232F4A146D6A6904F1804404F500
:10CB2000C04404EB01146AB1002262602A8AD0F882
:10CB30008460013222F001023244C0F8842043F0C4
:10CB400020032660AA69C2B16D8A3E2D05F1FF322D
:10CB500039D942F01F02204E0132521146EA822298
:10CB600092B2E260D0F88420013525F00105154429
:10CB7000C0F8845043F40053A2608A0002F180425E
:10CB800002F5B84210684404106848BF43F480437B
:10CB9000400648BF43F04003194321F4784148F26E
:10CBA000800021F0F001014323F4F163116023F0D0
:10CBB000070311685B045B0C4B400343136070BDBB
:10CBC0004FF4C063A6E742F001020132520202F4C0
:10CBD0007C42C6E7005C00400080FFFF0C4A10B4B6
:10CBE0000021802411655164D4644468E4688C4257
:10CBF0000CBF4FF41C444FF41E4414644022C0F890
:10CC00008420044A5DF8044BC260FFF775BF00BF83
:10CC1000005C0040CCEA000838B5017801290446E0
:10CC200019D10D4B984211D10C4B0D4DDA6942F4DC
:10CC30000002DA61DB6929644A200D21FEF7BFFE9C
:10CC40000E214B20FEF7BBFE00232B642046BDE8DF
:10CC50003840FFF7C3BF38BDDC230020001002407E
:10CC6000005C00404023C0F88430012248F280007C
:10CC7000930003F1804303F5B84301321968082A91
:10CC800041EA000119601860F2D17047054B53F872
:10CC9000210010F4405004D0B0F5805F14BF022092
:10CCA00001207047005C0040054B53F8210010F054
:10CCB000300003D0102814BF02200120704700BFAD
:10CCC000005C00400B4B1B6D03F1804303F5C04338
:10CCD00003EB011102F108008B6803F1005303F527
:10CCE00040535B00196822F8021B904203F10403D1
:10CCF000F8D17047005C004000EB810010B5C368BC
:10CD000098690268C2B15C8A1319013BB3FBF4F362
:10CD10009BB2890001F1804101F5B84103820B68A3
:10CD200023F4904323F0700383F4405343F400430F
:10CD300043F080030B6010BD0123EAE700EB8100A4
:10CD400010B50C46C1684B690A8A18689968824216
:10CD500028BF02461A612046FFF76AFDA00000F1D5
:10CD6000804000F5B840036823F4F04323F040030B
:10CD700083F0300343F4004343F08003036010BDAD
:10CD8000890001F1804101F5B8410B6823F490431B
:10CD900023F0700383F4805343F4004343F0800393
:10CDA0000B607047890001F1804101F5B8410B68C3
:10CDB00023F4F04323F0400383F0100343F40043D3
:10CDC00043F080030B607047890001F1804101F559
:10CDD000B8410B6803F44053B3F5405F09D00B68CA
:10CDE00023F4F04323F0400343F4204343F0800353
:10CDF0000B607047890001F1804101F5B8410B6873
:10CE000003F03003302B0BD00B6823F4F04323F0F6
:10CE1000400383F0200343F4004343F080030B609E
:10CE200070474B6843608B688360CB68C3600B6955
:10CE300043614B6903628B6943620B68036070470F
:10CE400008B5194B9A6A42F4FC029A629A6A22F473
:10CE5000FC029A629A6A5A6942F4FC025A61134AC5
:10CE60005B6911464FF09040FFF7DBFF104802F17D
:10CE70001C01FFF7D6FF0F4802F13801FFF7D1FF81
:10CE80000D4802F15401FFF7CCFF0C4802F170018C
:10CE9000FFF7C7FF0A4802F18C01FFF7C2FFBDE8A8
:10CEA0000840FEF7E9BF00BF00100240F0EA0008AA
:10CEB0000004004800080048000C0048001000482A
:10CEC000001400487047162303604FF0FF3070478E
:10CED00000207047184670470020704710B50022A8
:10CEE000044608460121FDF705FC18B90C23236010
:10CEF0004FF0FF3010BD08B51346002158221846E8
:10CF0000F3F7B8FC4FF400524260002008BD012046
:10CF1000704708B5F3F7BAFB012303604FF0FF3009
:08CF200008BD01207047FEE787
:04CF2800F8B500BF99
:04CF2C00F8B500BF95
:10CF300000FFFF0000202020202020202020282883
:10CF400028282820202020202020202020202020C9
:10CF50002020202020881010101010101010101009
:10CF60001010101010040404040404040404041039
:10CF700010101010101041414141414101010101C7
:10CF80000101010101010101010101010101010191
:10CF9000101010101010424242424242020202029D
:10CFA0000202020202020202020202020202020261
:10CFB0001010101020000000000000000000000011
:10CFC0000000000000000000000000000000000061
:10CFD0000000000000000000000000000000000051
:10CFE0000000000000000000000000000000000041
:10CFF0000000000000000000000000000000000031
:10D000000000000000000000000000000000000020
:10D010000000000000000000000000000000000010
:10D020000000000000000000000000000000000000
:10D030000000000000000000040C002000000000C0
:10D0400000000000000000000000000000000000E0
:10D0500000000000000000000000000000000000D0
:10D0600000000000000000000000000000000000C0
:10D0700000000000000000000000000000000000B0
:10D0800000000000000000000000000000000000A0
:10D0900000000000000000000000000000244555D2
:10D0A0000065758500344454006474840025355649
:10D0B0000066768600263646006777870027374762
:10D0C000005778880028384800586889002939496D
:10D0D00000596979002A3A4A005A6A7A002B3B4B78
:10D0E000005B6B7B003C4C5C006C7C8C002C4D5DD1
:10D0F000006D7D8D002D3D5E006E7E8E002E3E4EBD
:10D10000006F7F8F002F3F4F005F809000304050B6
:10D1100000607091003141510061718100324252D2
:10D1200000627282003343530063738301344454BA
:10D13000016474840124455501657585013C4C5C8E
:10D14000016C7C8C01304050012535560166768695
:10D150000126364601677787012C4D5D016D7D8D77
:10D1600001607091012737470157788801283848B6
:10D1700001586889012D3D5E016E7E8E0129394975
:10D1800001596979012A3A4A015A6A7A012E3E4EBA
:10D19000016F7F8F0131415101617181012B3B4B47
:10D1A000015B6B7B012F3F4F015F80900132425248
:10D1B00001627282009A8A8B009B949500AA99A9B9
:10D1C00000AB979800A2A4A500A396A600B2ACADB0
:10D1D00000B3AE8F29001E001F0020002100220096
:10D1E000230024002500260027002D002E002A0001
:10D1F0002B0014001A000800150017001C0018006E
:10D200000C00120013002F0030004C0039420400C3
:10D210001600070009000A000B000D000E000F00A9
:10D220003300340031002800E10064001D001B00C1
:10D230000600190005001100100036003700380004
:10D24000E1000151E000E300E20000000000000006
:10D250002C00000000000000E600E7006500E4008C
:10D2600001000100010001000100010001000100B6
:10D2700001000100010001000100010001000100A6
:10D280000100010001000100010001000100010096
:10D290000100010001000100010001000100010086
:10D2A0000100010001000100010001000100010076
:10D2B0000100010001000100010001000100010066
:10D2C0000100010001000100010001000100010056
:10D2D000010001000100000000000000010000004A
:10D2E0000000000001000100010001000100010038
:10D2F0000100010001000100010001000100010026
:10D300000100010001000100010001000100010015
:10D310000100010001000100010001000100010005
:10D3200001000100010001000100010001000100F5
:10D3300001000100010001000100010001000100E5
:10D3400001000100010001000100010001000100D5
:10D3500001000100010001000100010001000100C5
:10D3600001000000000000000100000000000000BB
:10D3700001000100010001000100010001000100A5
:10D380000100010001000100010001000100010095
:10D390000100010001000100010001000100010085
:10D3A0000100010001000100010001000100010075
:10D3B0000100010001000100010001000100010065
:10D3C0000100010001000100010001000100010055
:10D3D0000100010001000100010001000100010045
:10D3E0000100010001000100010001000100000036
:10D3F000000000000100000000000000010001002A
:10D400000100010044454255473A20656E61626C57
:10D4100065642E0A0044454255473A2064697361A9
:10D42000626C65642E0A000000000000000000002D
:10D4300000000000000000000000000000000000EC
:10D440000000000000000000000000000000002AB2
:10D450002B28000000000000000000000000000079
:10D46000000029000000002C1E3420212224342634
:10D4700027252E362D3738271E1F2021222324252D
:10D48000263333362E37381F0405060708090A0BE2
:10D490000C0D0E0F101112131415161718191A1B54
:10D4A0001C1D2F3130232D350405060708090A0BF2
:10D4B0000C0D0E0F101112131415161718191A1B34
:10D4C0001C1D2F3130354C000000007E0F00D4FFB2
:10D4D000FFFFC70000007800E200E900EA00B500A5
:10D4E000B600B700CD008301CC008A0192019401FF
:10D4F0002102230224022502260227022A02B30067
:10D50000B4006F0070000A722F6320303132333460
:10D5100035363738394142434445460A00253032D2
:10D5200058002530313662000B0400480A040048D8
:10D5300002040048010400480004004807000048B5
:10D5400006000048000000480F0800480404004896
:10D5500005040048030400480D0800480E08004870
:10D56000040000480500004803000048020000488D
:10D57000010000480A092D204D6F7573656B6579B0
:10D58000202D0A4553432F713A09717569740A3188
:10D590003A0964656C6179282A31306D73290A3241
:10D5A0003A09696E74657276616C286D73290A3365
:10D5B0003A096D61785F73706565640A343A09747D
:10D5C000696D655F746F5F6D61780A353A097768D8
:10D5D00065656C5F6D61785F73706565640A363A86
:10D5E00009776865656C5F74696D655F746F5F6D01
:10D5F00061780A0A703A097072696E742076616CFB
:10D600007565730A643A09736574206465666175AB
:10D610006C74730A75703A092B310A646F776E3A2D
:10D62000092D310A706775703A092B31300A70671D
:10D63000646F776E3A092D31300A0A73706565643C
:10D64000203D2064656C7461202A206D61785F73D1
:10D6500070656564202A2028726570656174202FCA
:10D660002074696D655F746F5F6D6178290A00775A
:10D67000686572652064656C74613A2063757273C5
:10D680006F723D25642C20776865656C3D25640AC2
:10D6900053656520687474703A2F2F656E2E776914
:10D6A0006B6970656469612E6F72672F77696B694A
:10D6B0002F4D6F7573655F6B6579730A006D6B5FD6
:10D6C00064656C6179203D2025640A006D6B5F699B
:10D6D0006E74657276616C203D2025640A006D6B66
:10D6E0005F6D61785F7370656564203D2025640A15
:10D6F000006D6B5F74696D655F746F5F6D6178203D
:10D700003D2025640A006D6B5F776865656C5F6D11
:10D7100061785F7370656564203D2025640A006D43
:10D720006B5F776865656C5F74696D655F746F5F6B
:10D730006D6178203D2025640A004C25640A00654F
:10D7400065636F6E6669673A0A0064656661756C49
:10D75000745F6C617965723A2000257500646562BA
:10D7600075675F636F6E6669672E7261773A200036
:10D770002E656E61626C653A20002E6D617472696F
:10D78000783A20002E6B6579626F6172643A2000EE
:10D790002E6D6F7573653A20006B65796D61705FF2
:10D7A000636F6E6669672E7261773A20002E737719
:10D7B00061705F636F6E74726F6C5F636170736CC6
:10D7C0006F636B3A20002E636170736C6F636B5FE5
:10D7D000746F5F636F6E74726F6C3A20002E737794
:10D7E00061705F6C63746C5F6C6775693A20002EC2
:10D7F000737761705F7263746C5F726775693A20EA
:10D80000002E737761705F6C616C745F6C67756913
:10D810003A20002E737761705F72616C745F72677B
:10D8200075693A20002E6E6F5F6775693A20002E89
:10D83000737761705F67726176655F6573633A20C5
:10D84000002E737761705F6261636B736C617368E4
:10D850005F6261636B73706163653A20002E6E6B6B
:10D86000726F3A2000436C656172696E67204545AE
:10D8700050524F4D0A000A092D204D6167696320FF
:10D880002D0A443A094465627567204D65737361DA
:10D89000676520546F67676C650A583A094D617473
:10D8A000726978204465627567204D6F6465205405
:10D8B0006F67676C65202D2053686F77206B6579E3
:10D8C0007072657373657320696E206D617472691F
:10D8D0007820677269640A4B3A094B6579626F6117
:10D8E000726420446562756720546F67676C6520B9
:10D8F0002D2053686F77206B657970726573732084
:10D900007265706F72740A4D3A09446562756720DA
:10D910004D6F75736520546F67676C650A563A09D9
:10D9200056657273696F6E0A533A09537461747560
:10D93000730A433A09416374697661746520436FE1
:10D940006E736F6C65204D6F64650A46312D4631EC
:10D95000303A0953776974636820746F204C617999
:10D96000657220302D392028463130203D204C3042
:10D97000290A302D393A0953776974636820746F26
:10D98000204C6179657220302D390A475241564545
:10D990003A0953776974636820746F204C61796524
:10D9A0007220302028616C7465726E617465290A7A
:10D9B000423A094A756D7020746F20426F6F746C23
:10D9C0006F616465720A4553433A094A756D702068
:10D9D000746F20426F6F746C6F6164657220286190
:10D9E0006C7465726E617465290A453A09507269F2
:10D9F0006E7420454550524F4D2053657474696EC6
:10DA000067730A4253504143453A09436C6561725A
:10DA100020454550524F4D0A4E3A094E4B524F2029
:10DA2000546F67676C650A000A092D20436F6E7397
:10DA30006F6C65202D0A4553432F713A0971756942
:10DA4000740A6D3A096D6F7573656B65790A0043E9
:10DA50003E20000A0A4A756D70696E6720746F2057
:10DA6000626F6F746C6F616465722E2E2E20000AD7
:10DA700064656275673A206F6E0A000A64656275B4
:10DA8000673A206F66660A000A6D61747269783AB7
:10DA9000206F6E0A000A6D61747269783A206F66B1
:10DAA000660A000A6B6579626F6172643A206F6E74
:10DAB0000A000A6B6579626F6172643A206F66666C
:10DAC0000A000A6D6F7573653A206F6E0A000A6D61
:10DAD0006F7573653A206F66660A000A092D205635
:10DAE000657273696F6E202D0A005649443A2030E2
:10DAF0007834443443285465616D2E4D6563686CF9
:10DB00006F76696E29205049443A2030783630309B
:10DB1000322848616E6E616836302052474220528A
:10DB200065762E3229205645523A203078303030F2
:10DB3000310A004255494C443A2020284A756C204D
:10DB400031332032303231290A0043484942494FAB
:10DB5000533A2022627265616B696E675F323032C0
:10DB6000315F7131222C20434F4E545249423A20AA
:10DB700022627265616B696E675F323032315F714C
:10DB800031220A004F5054494F4E533A204D4F55C1
:10DB900053454B45592045585452414B4559204314
:10DBA0004F4E534F4C4520434F4D4D414E44204E18
:10DBB0004B524F20424F4F544C4F414445525F53BC
:10DBC000495A450A004743433A20392E322E310A3A
:10DBD000000A092D20537461747573202D0A0068A2
:10DBE0006F73745F6B6579626F6172645F6C65649B
:10DBF0007328293A2025580A006B6579626F617293
:10DC0000645F70726F746F636F6C3A2025580A00FE
:10DC10006B6579626F6172645F69646C653A202537
:10DC2000580A006B65796D61705F636F6E66696736
:10DC30002E6E6B726F3A2025580A0074696D6572FA
:10DC40005F72656164333228293A202530346C587C
:10DC50000A004E4B524F3A206F6E0A004E4B524F05
:10DC60003A206F66660A003F004D3E20000A092DEB
:10DC70002056616C756573202D0A00313A20646569
:10DC80006C6179282A31306D73293A2000323A20AC
:10DC9000696E74657276616C286D73293A20003361
:10DCA0003A206D61785F73706565643A2000343A9C
:10DCB0002074696D655F746F5F6D61783A2000351F
:10DCC0003A20776865656C5F6D61785F7370656534
:10DCD000643A2000363A20776865656C5F74696D38
:10DCE000655F746F5F6D61783A20007365742064BE
:10DCF000656661756C740A004D25643E20004D3EDA
:10DD000000010203040506070809006D6F757365BD
:10DD10006B6579205B62746E7C7820792076206850
:10DD20005D287265702F61636C293A205B007C006E
:10DD30002564005D28002F007267626C6967687453
:10DD40005F636F6E66696720454550524F4D3A0AD2
:10DD5000007267626C696768745F636F6E6669679B
:10DD60002E656E61626C65203D2025640A00726735
:10DD7000686C696768745F636F6E6669672E6D6F44
:10DD80006465203D2025640A007267626C696768DB
:10DD9000745F636F6E6669672E687565203D202528
:10DDA000640A007267626C696768745F636F6E66AD
:10DDB00069672E736174203D2025640A00726762D2
:10DDC0006C696768745F636F6E6669672E76616CF5
:10DDD000203D2025640A007267626C696768745F81
:10DDE000636F6E6669672E7370656564203D2025DC
:10DDF000640A007267626C696768742073657420D6
:10DE00007370656564205B454550524F4D5D3A2007
:10DE100025750A007267626C69676874207365749F
:10DE2000207370656564205B4E4F454550524F4DE1
:10DE30005D3A2025750A007267626C696768742014
:10DE40007261696E626F7720736574206873763AC9
:10DE50002025642C25642C25642C25750A00726706
:10DE6000626C696768742073657420687376205BE0
:10DE7000454550524F4D5D3A2025752C25752C2572
:10DE8000750A007267626C69676874207365742034
:10DE9000687376205B4E4F454550524F4D5D3A209A
:10DEA00025752C25752C25750A007267626C6967CB
:10DEB00068742074696D657220656E61626C65645A
:10DEC0002E0A007267626C696768742074696D65F8
:10DED000722064697361626C652E0A007267626CFD
:10DEE00069676874206D6F6465205B454550524FCB
:10DEF0004D5D3A2025750A007267626C6967687427
:10DF0000206D6F6465205B4E4F454550524F4D5D0F
:10DF10003A2025750A007267626C6967687420652B
:10DF20006E61626C65205B454550524F4D5D3A20F5
:10DF30007267626C696768745F636F6E6669672E8B
:10DF4000656E61626C65203D2025750A007267620E
:10DF50006C696768745F696E69742063616C6C6575
:10DF6000642E0A007267626C696768745F696E6923
:10DF700074207374617274210A007267626C69673D
:10DF800068745F696E6974206565636F6E66696742
:10DF9000206973206E6F7420656E61626C65642EFB
:10DFA0000A007267626C696768745F696E697420E1
:10DFB0007267626C696768745F636F6E6669672E0B
:10DFC0006D6F6465203D20302E2057726974652086
:10DFD00064656661756C742076616C756573207418
:10DFE0006F20454550524F4D2E0A007267626C6992
:10DFF00067687420656E61626C65205B4E4F4545B5
:10E0000050524F4D5D3A207267626C696768745F69
:10E01000636F6E6669672E656E61626C65203D2078
:10E0200025750A007267626C696768742064697399
:10E0300061626C65205B454550524F4D5D3A2072E0
:10E0400067626C696768745F636F6E6669672E6587
:10E050006E61626C65203D2025750A007267626CF6
:10E060006967687420746F67676C65205B4545500D
:10E07000524F4D5D3A207267626C696768745F63E6
:10E080006F6E6669672E656E61626C65203D202546
:10E09000750A007267626C696768742064697361ED
:10E0A000626C65205B4E4F454550524F4D5D3A20A6
:10E0B0007267626C696768745F636F6E6669672E0A
:10E0C000656E61626C65203D2025750A001E140A8C
:10E0D00005FFAA7F55407F3F1F783C1E6432140025
:10E0E00000046432141E0F0500010202020206063B
:10E0F000060909090909090F0F0F0F0F0F1515154B
:10E100001819191919191919191919232425252547
:10E110002525252223252628292A2C2D2F30323368
:10E120003536383A3B3D3E4042434547494A4C4EDE
:10E130005051535557595A5C5E6062646668696B0A
:10E140006D6F71737577797B7D7F81838587898A10
:10E150008C8E90929496989A9C9E9FA1A3A5A7A816
:10E16000AAACAEAFB1B3B4B6B8B9BBBCBEBFC1C246
:10E17000C3C5C6C7C9CACBCCCDCED0D1D2D2D3D4D9
:10E18000D5D6D7D7D8D9D9DADADBDBDBDCDCDCDCF7
:10E19000DCDDDDDDDDDCDCDCDCDCDBDBDBDADAD9C5
:10E1A000D9D8D7D7D6D5D4D3D2D2D1D0CECDCCCB47
:10E1B000CAC9C7C6C5C3C2C1BFBEBCBBB9B8B6B465
:10E1C000B3B1AFAEACAAA8A7A5A3A19F9E9C9A98F5
:10E1D000969492908E8C8A89878583817F7D7B79C6
:10E1E000777573716F6D6B6968666462605E5C5AA7
:10E1F0005957555351504E4C4A4947454342403E6A
:10E200003D3B3A3836353332302F2D2C2A292826FB
:10E210002523226565636F6E6669675F757064614B
:10E2200074655F7267625F6D61747269785F64655F
:10E230006661756C740A007267625F6D6174726901
:10E24000785F636F6E66696720454550524F4D0A8F
:10E25000007267625F6D61747269785F636F6E668A
:10E2600069672E656E61626C65203D2025640A0039
:10E270007267625F6D61747269785F636F6E666901
:10E28000672E6D6F6465203D2025640A0072676209
:10E290005F6D61747269785F636F6E6669672E681F
:10E2A00073762E68203D2025640A007267625F6DD8
:10E2B00061747269785F636F6E6669672E687376E2
:10E2C0002E73203D2025640A007267625F6D6174C1
:10E2D0007269785F636F6E6669672E6873762E76F3
:10E2E000203D2025640A007267625F6D6174726967
:10E2F000785F636F6E6669672E7370656564203D35
:10E300002025640A007267625F6D61747269785FCC
:10E31000636F6E6669672E666C616773203D2025AA
:10E32000640A007267625F6D61747269785F696E1A
:10E3300069745F64726976657273206565636F6E78
:10E34000666967206973206E6F7420656E61626C08
:10E3500065642E0A007267625F6D61747269785F2E
:10E36000696E69745F647269766572732072676240
:10E370005F6D61747269785F636F6E6669672E6D39
:10E380006F6465203D20302E2057726974652064CB
:10E39000656661756C742076616C75657320746F49
:10E3A00020454550524F4D2E0A004E4F4545505284
:10E3B0004F4D00726762206D617472697820746FCE
:10E3C00067676C65205B25735D3A207267625F6DDD
:10E3D00061747269785F636F6E6669672E656E61DE
:10E3E000626C65203D2025750A00726762206D61B0
:10E3F00074726978206D6F6465205B25735D3A20C7
:10E4000025750A00726762206D61747269782073E5
:10E41000657420687376205B25735D3A2025752C22
:10E4200025752C25750A00726762206D617472690A
:10E430007820736574207370656564205B25735D57
:10E440003A2025750A00003131295A1B750A00004F
:10E45000E96D0008216F00086D6F0008D36D00089A
:10E460000001010101010101010102020202020297
:10E47000020202030303030303030304040404046A
:10E480000404050505050506060606060707070731
:10E490000708080808090909090A0A0A0B0B0B0CE6
:10E4A0000C0C0D0D0D0E0E0E0F0F0F101011111183
:10E4B0001212131314141515161617171818191904
:10E4C0001A1A1B1B1C1D1D1E1E1F20202122222369
:10E4D0002424252626272829292A2B2C2D2D2E2FAA
:10E4E00030313232333435363738393A3B3C3D3EC1
:10E4F0003F404142434445464748494A4C4D4E4FB0
:10E5000050515354555658595A5B5D5E5F61626471
:10E51000656668696B6C6D6F7072737577787A7BFE
:10E520007D7E8082838587888A8C8E8F9193959655
:10E53000989A9C9EA0A2A3A5A7A9ABADAFB1B3B575
:10E54000B7BABCBEC0C2C4C6C9CBCDCFD1D4D6D851
:10E55000DBDDDFE2E4E7E9EBEEF0F3F5F8FAFDFFEF
:10E560008126700000000000000000006B657962E9
:10E570006F6172645F7265706F72743A200025304B
:10E58000325820006B6579626F6172645F736574E5
:10E590005F6C65643A200000E200E900EA00B50023
:10E5A000B600B700CD008301CC008A01920194012E
:10E5B0002102230224022502260227022A02B30096
:10E5C000B4006F0070004F6E6573686F743A20611D
:10E5D00063746976653A2025640A006164645F6B40
:10E5E00065795F6269743A2063616E2774206164A3
:10E5F000643A20253032580A0064656C5F6B657997
:10E600005F6269743A2063616E27742064656C3AB6
:10E6100020253032580A00000300000000000000EE
:10E62000399B00080000000008000000E0140020F2
:10E6300000000000020000000000000003000000D5
:10E6400000000000DD9E0008000000002000000027
:10E650003015002000000000020000000000000053
:10E66000BD9B0008659B00086D9D00083D9B000850
:10E6700055534220636F6E666967757265642E0A32
:10E68000004B6579626F6172642073746172742EDD
:10E690000A005B735D000000BBE70008BFE70008ED
:10E6A000DFE70008041E2600DEE60008F7E60008A3
:10E6B00017E7000830E700087BE7000807E80008D4
:10E6C00029E8000847E700084022B62209027B003B
:10E6D000040100A0FA09040000010301010009215E
:10E6E000110100012240000705810308000A090406
:10E6F0000100020300000009211101000122220093
:10E700000705820320000107050303200001090417
:10E710000200010300000009211101000122B600DE
:10E720000705840320000A09040300020300000017
:10E7300009211101000122220007058503200001A3
:10E74000070506032000010631FF0974A1010975C0
:10E75000150026FF00952075088102097615002610
:10E76000FF00952075089102C01201100100000001
:10E77000404C4D026001000102000105010906A1A3
:10E7800001050719E029E7150025019508750181A4
:10E79000029501750881010507190029FF1500265A
:10E7A000FF009506750881000508190129059505E2
:10E7B00075019102950175039101C0040309041EBE
:10E7C000035400650061006D002E004D006500637C
:10E7D0000068006C006F00760069006E0000002683
:10E7E00003480061006E006E006100680036003072
:10E7F00000200052004700420020005200650076D1
:10E80000002E00320000000660FF0961A1010962CC
:10E81000150026FF00952075088102096315002662
:10E82000FF00952075089102C005010902A101852C
:10E83000020901A100050919012908150025019502
:10E8400008750181020501093009311581257F957F
:10E85000027508810609381581257F9501750881A3
:10E8600006050C0A38021581257F95017508810679
:10E87000C0C005010980A101850319012AB700154F
:10E880000126B700950175108100C0050C0901A192
:10E8900001850419012AA002150126A0029501751F
:10E8A000108100C005010906A1018505050719E0D1
:10E8B00029E7150025019508750181020507190052
:10E8C00029EF1500250195F0750181020508190150
:10E8D0002905950575019102950175039101C00007
:10E8E00000000000C9A30008B9A30008E9A30008BC
:10E8F000D9A30008E3A30008D3A30008C3A300081A
:10E90000B3A3000800000000F0F000086824002015
:10E910006824002068240020F0F0000800000000B7
:10E920000000000000000000F0F0000800000000FF
:10E930000000000000000000F0F0000800000000EF
:10E940000000000000000000F0F0000800000010CF
:10E950000000001000000010F0F0000800000000AF
:10E960000000000000000000F0F0000800000000BF
:10E970000000000000000000F0F0000800000000AF
:10E98000000000000000000069646C6500000000E9
:10E9900088E90008C81F002028210020010000008D
:10E9A0008DA7000800000000737461636B206F7610
:10E9B0006572666C6F7700006D61696E001642309B
:10E9C000040444080C1014181C202122000000002C
:10E9D0000100000000740040000000000000000082
:10E9E0000000FFFF09000000BE2000000A00000038
:10E9F000007400400300000010000000FFFF000052
:10EA00000A000000BE2000000A00000000000240D2
:10EA100008000240010000000000000B000002405E
:10EA20001C000240020000000004010C0000024033
:10EA300030000240040000000008020D0000024007
:10EA40004400024008000000000C030E00000240D9
:10EA500058000240100000000010040F00000240A7
:10EA60006C0002402000000000140510000002406D
:10EA7000800002404000000000180611000402401F
:10EA80000804024080000000000007380004024033
:10EA90001C04024000010000000408390004024088
:10EAA00030040240000200000008093A000402405D
:10EAB0004404024000040000000C0A3B0004024031
:10EAC000580402400008000000100B3C0000000049
:10EAD000EDB5000895B8000847B9000840004000AF
:10EAE000CC150020CC15002001000000E01500200E
:10EAF00000A8802A0000000000FCC03C54111564EE
:10EB0000FFFF00000000505500E00E0080A0000054
:10EB1000C0000000C0F0000015055555FFFF0000C3
:10EB20000000004400000000000A00000000000097
:10EB3000000000F055555505FFFF0000000077006C
:10EB400000000000000000000000000000000000C5
:10EB500055555555FFFF0000000000000000000063
:10EB60004000555500000000C000FFFF155515017D
:10EB7000FF00000000000000000000000000000096
:10EB8000000000000F00000050555555FFFF000029
:10EB900000000000000000005245454E54206D6109
:10EBA0006C6C6F63207375636365656465640000F6
:10EBB0002E2E2F2E2E2F2E2E2F2E2E2F2E2E2F2E70
:10EBC0002E2F2E2E2F2E2E2F6E65776C69622F6CB6
:10EBD0006962632F7374646C69622F72616E642E54
:10EBE000630000002C2066756E6374696F6E3A20B6
:10EBF00000000000617373657274696F6E202225D6
:10EC00007322206661696C65643A2066696C6520D0
:10EC1000222573222C206C696E65202564257325BE
:10EC2000730A0000232D302B20000000686C4C007C
:10EC30006566674546470000303132333435363734
:10EC400038394142434445460000000030313233F8
:10EC50003435363738396162636465660000000018
:08EC60006417FF7F01000000B2
:10EC6800040C0020000000007CD000085CD00008E4
:10EC78003CD0000800000000000000000000000078
:10EC8800000000000000000000000000000000007C
:10EC9800000000000000000000000000000000006C
:10ECA800000000000000000000000000000000005C
:10ECB800000000000000000000000000000000004C
:10ECC8000000000000010203121314152425262752
:10ECD800282904050607161718192B2C2D2E2F4541
:10ECE80008090A0B1A1B1C1D3233343536370D0E32
:10ECF8000F1E1F202138393A3B3C3E3F101122FF9E
:10ED0800FFFF23FFFFFF41424344000010002000A3
:10ED1800300000101010201030100020102020208B
:10ED28003020003000300C301030004010404000DF
:10ED380050006000700040105010601070104020AB
:10ED4800502060207020203030304030503020403B
:10ED5800504080009000A000B000C000DC00D2004D
:10ED680080109010A010B010C010DC10DC108020B3
:10ED78009020A020B020C020DC206030703080308F
:10ED88009030A030C830DC30DC3060409040A0408B
:10ED9800B040DC40DC000000000000000000000083
:10EDA8000000000000000101010101010101010151
:10EDB800010101010101010101010101010101013B
:10EDC800010101010101010101010101010101012B
:10EDD800010101010101010101010101010101011B
:10EDE800010101010101010101010101010101000C
:10EDF800000000001E320A141E64082802010100E7
:10EE08001200121201191A1B1C1D1E1F202122009C
:10EE1800FF00FFFF030000006D120020ED9A0008BC
:10EE280004000000040000000000000000000000D2
:10EE380000000000000000000000000000000000CA
:10EE480000000000000000000000000000000000BA
:10EE580000000000000000000000000000000000AA
:10EE6800000000000300000000000000D7A5000813
:10EE7800000000002000000000000000000000006A
:10EE88000200000000000000030000000000000075
:10EE9800000000004BA60008000020000000000051
:10EEA8000000000002000000000000000300000055
:10EEB8000000000089A6000800000000080000000B
:10EEC8000000000000000000020000000000000038
:10EED800DC230020050600000400000004000000F8
:10EEE800200000002000000001000000981200200F
:10EEF80028130020000000000000000000000000AF
:10EF080000000000000000000000000000000000F9
:10EF180000000000000000000000000000000000E9
:10EF280000000000000000000000000000000000D9
:10EF380000000000000000000000000000000000C9
:10EF480000000000000000000000000000000000B9
:10EF580000000000000000000000000000000000A9
:10EF68000000000000000000000000000000000099
:10EF78000000000004000000040000000000000081
:10EF88000000000000000000000000000000000079
:10EF98000000000000000000000000000000000069
:10EFA8000000000000000000000000000000000059
:10EFB8000000000000000000030000000000000046
:10EFC800D7A5000800000000200000000000000095
:10EFD8000000000002000000000000000300000024
:10EFE80000000000000000004BA600080000200000
:10EFF8000000000000000000020000000000000007
:10F00800030000000000000089A6000800000000BE
:10F0180008000000000000000000000002000000DE
:10F0280000000000DC2300200203000004000000B0
:10F038000400000020000000200000000000000084
:10F04800B813002048140020000000000000000051
:10F0580000000000000000000000000000000000A8
:10F068000000000000000000000000000000000098
:10F078000000000000000000000000000000000088
:10F088000000000000000000000000000000000078
:10F098000000000000000000000000000000000068
:10F0A8000000000000000000000000000000000058
:10F0B8000000000000000000000000000000000048
:10F0C80000000000000000000100000031A000085E
:10F0D8003DA00008D9A0000825A1000859A10008F2
:08F0E800009600000000080082
:040000050800035993
:00000001FF
