:020000040800F2
:1000000000040020590300085B0300085B0300089C
:100010005B0300085B0300085B0300085B03000848
:100020005B0300085B0300085B03000845760008DB
:100030005B0300085B0300085B0300085B03000828
:100040005B0300085B0300085B0300085B03000818
:100050005B0300085B030008557400081174000876
:10006000CD73000889730008457300080D710008FE
:10007000F9700008E5700008D1700008BD70000834
:10008000A9700008957000085B0300085B03000876
:100090005B0300085B0300085B0300085D72000857
:1000A0002D710008257100082971000821710008D0
:1000B000F56C0008A56C0008916C0008316E000812
:1000C000996D00085B0300085B0300085B030008F0
:1000D0005B0300085B0300085B0300085B03000888
:1000E000417100085B0300085B0300085B03000824
:1000F000B96C00085B0300085B0300085B030008A1
:100100005B0300085B0300085B0300085B03000857
:100110005B0300085B030008E16C0008CD6C00087D
:10012000817000086D700008597000084570000863
:10013000317000085B0300085B0300085B030008E4
:100140005B0300085B0300085B0300085B03000817
:100150005B0300085B0300085B0300085B03000807
:100160005B0300085B0300085B0300088D6900085F
:100170005B0300085B0300085B0300085B030008E7
:100180005B0300085B0300085B0300085B030008D7
:100190005B0300085B0300085B0300085B030008C7
:0801A00019020008F10100083A
:1001B0000348044B834202D0034B03B118477047F6
:1001C0004C0F00204C0F002000000000054806499D
:1001D0000B1AD90F01EBA301491002D0034B03B155
:1001E000184770474C0F00204C0F00200000000003
:1001F00010B5064C237843B9FFF7DAFF044B13B16F
:100200000448AFF300800123237010BD500F00207D
:10021000000000007CC5000808B5044B1BB1044970
:100220000448AFF30080BDE80840CFE700000000BD
:10023000540F00207CC5000872B6394880F3088846
:10024000384880F3098838484EF60851CEF200014C
:10025000086040F20000CCF200004EF63471CEF29D
:1002600000010860BFF34F8FBFF36F8F40F20000B3
:10027000C0F2F0004EF68851CEF200010860BFF3E4
:100280004F8FBFF36F8F4FF00000E1EE100A4EF674
:100290003C71CEF200010860062080F31488BFF3A1
:1002A0006F8F07F0ABFF07F0ABFF4FF055301F49E2
:1002B0001B4A91423CBF41F8040BFAE71C49194A1A
:1002C00091423CBF41F8040BFAE71A491A4A1B4B0A
:1002D0009A423EBF51F8040B42F8040BF8E70020A5
:1002E0001749184A91423CBF41F8040BFAE707F05E
:1002F0005DFF07F082FF144C144DAC4203DA54F852
:10030000041B8847F9E709F071F9114C114DAC4213
:1003100003DA54F8041B8847F9E707F06DBF0000C3
:1003200000040020000C0020000000080000002055
:10033000000400207CC50008000C00204C0F0020A9
:10034000500F0020E0230020A0010008A4010008B5
:10035000A4010008A80100086EE700F000F8FEE71D
:100360002DE9F04F2DED108AC1F80CD0C3689D46E1
:10037000BDEC108ABDE8F08F002383F31188284676
:10038000A047002007F0C2FEFEE707F0E3FE00DF13
:10039000FEE7000053B94AB9002908BF00281CBF76
:1003A0004FF0FF314FF0FF3000F06EB9ADF1080CA7
:1003B0006DE904CE00F006F8DDF804E0DDE9022383
:1003C00004B070472DE9F047089D04468C46002B89
:1003D00040F083808A42174647D9B2FA82F242B18E
:1003E000C2F1200024FA00F09140974040EA010C4D
:1003F00094404FEA1748230CBCFBF8F61FFA87FE1F
:1004000008FB16C143EA014306FB0EF1994209D9E4
:10041000FB1806F1FF3080F01981994240F21681F5
:10042000023E3B445B1AA4B2B3FBF8F008FB103366
:1004300044EA034400FB0EFEA64509D93C1900F12D
:10044000FF3380F00581A64540F2028102383C442A
:1004500040EA0640A4EB0E0400261DB1D440002360
:10046000C5E900433146BDE8F08702B9FFDEB2FAC4
:1004700082F2002A50D1CB1B4FEA174E1FFA87F8A1
:100480000126B3FBFEFC210C0EFB1C3341EA0341A9
:1004900008FB0CF38B4207D979180CF1FF3002D21C
:1004A0008B4200F2E9808446C91AA3B2B1FBFEF088
:1004B0000EFB101143EA014408FB00F8A04507D9E0
:1004C0003C1900F1FF3302D2A04500F2D980184652
:1004D000A4EB080440EA0C40BFE78B4209D9002D89
:1004E00000F0B1800026C5E9000130463146BDE884
:1004F000F087B3FA83F6002E4AD18B4202D38242B0
:1005000000F2B880841A61EB030101208C46002DB3
:10051000A8D0C5E9004CA5E7C2F1200320FA03F6F4
:10052000974001FA02F04FEA174ED9403043030CCE
:10053000B1FBFEF61FFA87F80EFB161143EA0143E2
:1005400006FB08F1994204FA02F409D9FB1806F1F6
:10055000FF3C80F08D80994240F28A80023E3B440D
:100560005B1A81B2B3FBFEF00EFB103341EA03418C
:1005700000FB08F38B4207D9791800F1FF3C73D2D6
:100580008B4271D902383944CB1A40EA064678E7E3
:10059000C6F1200C03FA06F422FA0CF31C4320FAED
:1005A0000CF701FA06F34FEA144E21FA0CF11F433F
:1005B0003B0CB1FBFEF91FFA84F80EFB191143EA5C
:1005C000014109FB08FA8A4502FA06F200FA06F32D
:1005D00008D9611809F1FF3048D28A4546D9A9F1F6
:1005E00002092144A1EB0A01BFB2B1FBFEF00EFBF0
:1005F000101147EA014700FB08F8B84507D9E71989
:1006000000F1FF312ED2B8452CD90238274440EAF8
:100610000940A7EB0807A0FB02894F45C64649469B
:100620001AD317D05DB1B3EB0E0267EB010707FADF
:100630000CFCF2404CEA0202F740C5E90027002614
:100640003146BDE8F0872E4628460BE70646E9E628
:100650001846FDE64345E5D2B8EB020E69EB04010E
:100660000138DFE70846D2E760468DE78146B9E703
:10067000664675E730464AE7ACF1020C394413E7A9
:1006800002383C4424E700BF704700BF014B1868A4
:10069000704700BF000C0020F0B4860746D0541EFF
:1006A000002A3CD0CAB2034602E014F1FF3436D32C
:1006B00003F8012B9D07F8D1032C29D9CDB245EAC7
:1006C00005250F2C45EA054533D9A4F11006360956
:1006D00003F1200707EB061703F1100242E9045566
:1006E00042E902551032BA42F8D1721C14F00C0FD4
:1006F00003EB021204F00F0613D0331F23F00303A1
:100700000433134442F8045B9342FBD106F0030424
:100710002CB1C9B21C4403F8011B9C42FBD1F0BCB4
:10072000704734461346002CF3D1F8E714460346CD
:10073000C2E71A462646E0E738B5124B1C68A26BA2
:1007400005461AB10023C2E9045338BD182000F051
:10075000B3F80246A06378B1012000210A4B136070
:10076000C2E904010B230948094993810023C2E926
:100770000101C2E9045338BD064B0748422100F08D
:1007800055F800BF000C00200E33CDAB34126DE6DF
:10079000ECDE0500ACC40008C4C4000838B51A4B30
:1007A0001C68A26B92B1146918495369184801FB7F
:1007B00004F100FB0313A4FB0045611C1D4445F13B
:1007C000000323F00040C2E9041338BD182000F0F4
:1007D00073F80246A06388B101200021C2E9040138
:1007E0000A480C4C0C4B0D490D4D146053600B2402
:1007F000034695609481C2E9041338BD094B0A4849
:100800004E2100F013F800BF000C00202DF45158C9
:100810002D7F954C0E33CDAB34126DE62E7F954C6B
:10082000ECDE0500ACC40008C4C4000800B50A4CE6
:100830002668054685B01C46F06852B1074B00910A
:10084000CDE9013206492B46224600F021F800F09E
:1008500071FD044B1A46F2E7000C0020F8C40008B2
:1008600008C5000804C5000808B513460022FFF7B4
:10087000DDFF00BF0CB400B583B004AB53F8042B0C
:10088000019300F027F903B05DF804EB02B0704764
:100890000EB410B583B005AB064C53F8042B01938E
:1008A0000146206800F016F903B0BDE8104003B01F
:1008B000704700BF000C0020024B0146186800F092
:1008C00061B800BF000C0020024B0146186800F020
:1008D00003B800BF000C002000293CD038B551F807
:1008E000043C0C1F002BB8BFE418054601F0AAFA1F
:1008F000234B1A682AB1A2420DD92168601882429E
:1009000023D0626028461C60BDE8384001F09CBAE4
:10091000A34203D81A465368002BF9D11168501826
:10092000A04219D024D821686018834206D06360A1
:1009300054602846BDE8384001F086BAD3E9000388
:100940000144636021605460F3E7D2E9000201448E
:1009500062602160D6E770472068014450188342E6
:100960001160E6D1D3E90003014453601160E0E770
:100970000C232B602846BDE8384001F065BA00BF63
:100980006C0F0020F8B5CD1C25F0030508350C2DA3
:1009900038BF0C25002D064633DBA94231D82A4F3B
:1009A00001F050FA3A6852B113685B1B04D43FE07F
:1009B00023685B1B29D522465468002CF8D179683E
:1009C00000293BD02946304605F0B6FF431C28D00D
:1009D000C41C24F00304A04205D0211A304605F0BF
:1009E000ABFF01301DD02560304601F02DFA04F137
:1009F0000B0020F00700231DC21A01D01B1AA350C0
:100A0000F8BD0C2232600020F8BD0B2B05D8A242A5
:100A1000636811D05360E7E7144623601C442560E7
:100A2000E2E70C233046336001F00EFA0020F8BDF7
:100A30000B2BF1D8536814463B60D5E7304605F0E0
:100A40007BFF7860BEE700BF6C0F00209368013B1E
:100A5000002B936011DA10B49469A34209DB0A29D0
:100A600007D01368581C1060197008465DF8044BD5
:100A700070475DF8044B00F07DBB1368581C106094
:100A800019700846704700BF9BB1F8B513440F4674
:100A900006465D1E541E01E0AC4208D03A4614F8EA
:100AA000011F3046FFF7D2FF431CF5D1F8BD0020EF
:100AB000F8BD0020704700BF936810B5144613B905
:100AC0005360184610BD00F01DFE0023C4E9013339
:100AD00010BD00BF2DE9F04F9FB08B4690461C46DD
:100AE000039018B18369002B00F0B780A24B9B459F
:100AF00000F0B980A14B9B4500F0C780A04B9B45FF
:100B000004BF039BD3F80CB0BBF80C30180740F1BE
:100B1000B280DBF81030002B00F0AD8030238DF870
:100B2000323098F800300594002120220B918DF886
:100B30003120944E0127002B00F08780252B00F0F8
:100B40001581454603E0252B00F0A38025466B78F0
:100B50006C1C002BF7D1B4EB080A76D04246534602
:100B600059460398FFF790FF01306ED00B9B6A78CF
:100B700053440B93002A68D000234FF0FF32013416
:100B80000693CDE908338DF85B301C93079205E09E
:100B9000069A07FA03F313432C46069325460522CB
:100BA00015F8011B304600F0FBFFAA46831B002806
:100BB000EED1069BD90644BF20228DF85B20217818
:100BC0001A0744BF2B228DF85B202A2966D1059A8B
:100BD0001168043200290592C0F29D800991617864
:100BE000A51C2E2973D0684C0322204600F0D8FFA4
:100BF000002800F08680001B069B402404FA00F0C9
:100C00000343069305F10108297860488DF83010F8
:100C1000062200F0C5FF002800F083805C4B002B0B
:100C200072D005AB00935A465A4B039806A9AFF30E
:100C300000808146B9F1FF3F07D00B9B4B440B93DB
:100C400098F80030002B7FF479AFBBF80C305B06CE
:100C500018D40B981FB0BDE8F08F00F033FD464B61
:100C60009B457FF447AF039BD3F804B0BBF80C302F
:100C700018073FF54EAF5946039800F0DBFA0028FD
:100C80003FF44CAF4FF0FF30E4E7039BD3F808B0DC
:100C90003AE7B4EB080A3FF46FAF5FE7A1F1300227
:100CA000092A88BFA2469CD8099B01E02C46013541
:100CB000297803EB830302EB4303A1F13002092AF5
:100CC000AA46F3D92E2904F1020509938BD19AF88B
:100CD00001102A292FD1059B9AF802101A68079251
:100CE0000433002A05930AF103050AF1020338DBF5
:100CF000254C032220469A4600F052FF00287FF43C
:100D00007AAFA84655467FE7059B073323F00703D4
:100D10000833059391E7494243F002030991069392
:100D20005DE705AB00935A461A4B039806A900F0FD
:100D3000D5F881467EE7A1F130020023092A079306
:100D400001D915E05546697803EB830302EB4303B1
:100D5000A1F13002092A05F1010AF3D902350793FE
:100D600041E74FF0FF329A4607923CE7444603E7DB
:100D7000AA46013537E700BFFCAB0008DCAB000832
:100D8000BCAB000838C5000840C5000844C50008D1
:100D900000000000890A000810B4044C13460A46FB
:100DA000014620685DF8044BFFF794BE000C00205C
:100DB0002DE9F0470C4691460A698968DDF82080E4
:100DC0008A42B8BF0A46C9F8002094F84310064684
:100DD0001F4611B10132C9F80020236899065CD57D
:100DE000D9F800200232C9F80020236813F0060F5A
:100DF00019461DD1E1688A1A002AD8BF194617DDA5
:100E000004F1190A002505E0E368D9F800209B1ACF
:100E1000AB420CDD0123524639463046C047013013
:100E200005F10105F0D14FF0FF30BDE8F0872168F2
:100E300094F84330003318BF01238A060AD5E1181D
:100E40005A1C302081F84300224494F8451082F85F
:100E50004310023304F1430239463046C0470130A3
:100E6000E1D02368A268216903F00603042B1DD09A
:100E70008A4226DD4FF00009521A91441A340025A7
:100E800001E04D451DDA0123224639463046C04770
:100E9000013005F10105F4D1C5E713F0060F13D0B9
:100EA00094F84330003318BF0123D3E7D9F800008A
:100EB000E3688A42A3EB000323EAE379DCDC002B3E
:100EC000DCDC0020BDE8F087E168D9F800208A1A50
:100ED000002AD8BF194693DCAAE700BF2DE9F043EA
:100EE0000C46097E85B06E29064617460C98984632
:100EF00004F1430E6DD039D9732900F0F68044D93E
:100F0000752900F00481782940F011817823226846
:100F1000DFF858C284F845300168150651F8043BE3
:100F2000016040F1A180D10744BF42F0200222605D
:100F3000002B00F093801022002184F84310606899
:100F4000A0600028C0F2C880216821F0040121605F
:100F5000002B40F0A380002840F0C0807546082A8E
:100F600000F0AC80AEEB0503236141E0632900F0A3
:100F7000E5801AD8002938D0582940F0D88084F864
:100F800045102268DFF8E8C1C6E76F2900F0BF808E
:100F9000702940F0CC802268DFF8D0C142F02002F6
:100FA0007823226084F84530B6E7642902D06929A5
:100FB00040F0BD8022680368110603F1040557D58F
:100FC000196805600B46002959DBDFF8A4C10A2225
:100FD000B5E70368226861691D1D056015061B6879
:100FE00002D4500600F1BD801960002375462361CC
:100FF000CDF800803B4603AA21463046FFF7D8FED5
:10100000013020D02A46236939463046C047013096
:1010100019D022680398E368920719D51A1A002A92
:1010200016DD04F11909002504E0E36803981A1A93
:10103000AA420DDD01234A4639463046C0470130F9
:1010400005F10105F1D14FF0FF3005B0BDE8F083A7
:101050009842B8BF184605B0BDE8F083226822F078
:1010600020022260102267E7500648BF9BB25AE771
:101070005106A5D5B3F9003005601946A3E76168AC
:10108000A1602D200029C3F1000384F8430002DB96
:1010900022F004022260DFF8D8C00A22754600E080
:1010A0000B46B3FBF2F102FB113093421CF8000037
:1010B00005F8010DF4D2082A7FF454AF2368DB074A
:1010C0007FF550AF626823699A423FF74BAF3023F8
:1010D00005F8013C013D45E7002BDFD19CF80030CD
:1010E00084F8423004F1420539E703686268191D4B
:1010F00001601D680021284600F052FD002832D012
:10110000401B60602061002384F8433070E7226850
:10111000036812F0800F03F104051AD01B68056004
:101120006F290CBF08220A22DFF844C004E701231C
:1011300084F84210236104F14205E4E703681A6869
:10114000191D0123016004F1420584F84220236146
:10115000D9E712F0400F0DBF1B6805601B880560C2
:10116000DEE7198041E76068CCE700BF60C5000892
:101170004CC50008F8B50D461446064608B183690B
:1011800043B3254B9C422AD0244B9C4229D0244B6C
:101190009C4208BFF468A389A269A2601A0722D5FD
:1011A000236903B322686169D31AEDB299422F46CD
:1011B00029DD0133A168501C0139A1602060157040
:1011C00062699A4216D0A389DB0701D50A2D11D096
:1011D0003846F8BD00F076FA0F4B9C42D4D17468C3
:1011E000D9E7B468D7E72146304600F023F838B98C
:1011F0002369D7E72146304600F03AF90028E7D0C6
:101200004FF0FF37E4E72146304600F031F900287F
:10121000F6D122680123CDE7FCAB0008DCAB000867
:10122000BCAB0008024B0A4601461868FFF7A2BF94
:10123000000C00203B4B70B51D6806460C460DB1F6
:10124000AB69DBB1384B9C421ED0384B9C424AD034
:10125000374B9C4208BFEC68B4F90C2093B21907D5
:1012600018D5206908B313F001022CD0636900225D
:101270005B42A361A26060B3002070BD284600F00D
:1012800021FA294B9C42E0D16C68B4F90C2093B24E
:101290001907E6D4DD063CD5580726D4206942F06C
:1012A0000803A3819BB20028DDD103F42072B2F5BC
:1012B000007FD8D03046214600F026FCA389206963
:1012C00013F00102D2D1990758BF6269A2600028C9
:1012D000D2D1B4F90C301A06CFD543F04003A38124
:1012E0004FF0FF3070BDAC68B6E7616B51B104F1EF
:1012F0004403994204D03046FFF7EEFAB4F90C20CB
:101300000023636300232069636022F024022060CD
:10131000C5E742F04002092333604FF0FF30A2815D
:1013200070BD00BF000C0020FCAB0008DCAB000867
:10133000BCAB000808B5062000F034FE012005F023
:10134000E1FA00BF8B891A072DE9F0410C4680466F
:1013500041D44A68002A59DDE66A002E53D00022A3
:10136000D8F80050216AC8F8002013F4805251D1F7
:1013700001234046B047431C5FD0A389E66A216A37
:101380005F0705D56268636B801A0BB1236CC01AC6
:10139000024600234046B047461C45D1D8F80030ED
:1013A000B4F90C20002B55D01D2B01D0162B5AD18F
:1013B00023690022C4E90032616BC8F8005011B300
:1013C00004F14403994202D04046FFF785FA002019
:1013D0006063BDE8F0810E69AEB10D680E609907DB
:1013E0000CBF63690023AD1BA3600AE02B463246A5
:1013F000A76A216A4046B8470028A5EB00050644C5
:101400000ADD002DF2DC0020BDE8F0810A6C002A24
:10141000A2DCF8E7606DB3E7A38943F04003A38142
:101420004FF0FF30BDE8F0812269A38922600022DD
:101430006260DA04C0D56065BEE7D8F80030002BE2
:101440009BD01D2B0CD0162B0AD0A38943F0400350
:10145000A381D9E72169C4E90013D304ACD5EAE735
:10146000C8F80050CFE742F04002A281CCE700BFAD
:101470000B6923B310B5044682B008B18369BBB1D0
:10148000104B994212D0104B994216D00F4B9942F3
:1014900008BFE168B1F90C302BB1204602B0BDE8BD
:1014A0001040FFF74FBF002002B010BD6168F1E7A8
:1014B000019100F007F90199E2E7A168EAE700204D
:1014C000704700BFFCAB0008DCAB0008BCAB0008F9
:1014D00020B1054B01461868FFF7CABF034B04490A
:1014E000186800F0B9BA00BF000C0020B8AB0008C3
:1014F0007114000800207047014900F0ADBA00BF28
:10150000711400080020704770B54A1E682505FB5D
:1015100002F50E4605F17401FFF734FA044640B1B6
:1015200000210C30666005F168022160A060FFF7C1
:10153000B3F8204670BD00BF1E4B70B51D68AB6987
:10154000064643B34835D5E90134013B05D51EE0D5
:10155000013B5A1C04F1680419D0B4F90C20002A8C
:10156000F6D10025144B6566C4E90055A560C4E9B1
:101570000455A5612946E360082204F15C00FFF7E9
:101580008BF8C4E90D55C4E91255204670BD2C688E
:101590002CB12546D7E7284600F010F8D2E7042101
:1015A0003046FFF7B1FF044628600028F1D10C2334
:1015B0003360EAE7B8AB00080100FFFF2DE9F84F00
:1015C000334B34491A68816290424FF00003C0E9FE
:1015D0001233036504BF012383610546FFF7ACFFA7
:1015E00068602846FFF7A8FFA8602846FFF7A4FF19
:1015F0006E68E86000240423F3607466C6E9004462
:10160000B460C6E90444B461214606F15C000822D6
:10161000FFF742F8DFF888B0AF68DFF888A0DFF89E
:101620008890DFF888801C4BC6F83080C6E9086BCC
:10163000C6E90AA92146FB6008227C66C7E9004486
:10164000BC60C7E90444BC6107F15C00FFF724F803
:10165000EE68124BC7F83080C7E9087BC7E90AA9D2
:101660002146F3607466C6E90044B460C6E90444E8
:10167000B46106F15C000822FFF70EF80123C6E909
:10168000086BC6E90AA9C6F83080AB61BDE8F88FDF
:10169000B8AB0008F91400080900010012000200AC
:1016A000152000083D2000087D2000089D2000082E
:1016B000024B0349186800F0CFB900BFB8AB00086F
:1016C00071140008836903B978E77047704700BF59
:1016D000704700BF704700BF704700BF024B03490F
:1016E000186800F093B900BF000C0020F514000842
:1016F000024B0349186800F089B900BF000C0020B4
:10170000051500089368002B00F002812DE9F04FC9
:10171000B1F90C309BB20C46190783B08246904653
:1017200035D522699AB313F00202D8F800603DD093
:101730000027D4F828B0D4F820C0DFF8CC923D467A
:101740004D452B463A4628BF4B4661465046D5B1DB
:10175000D847002840F3D280D8F808301B1A074435
:101760002D1AC8F80830002B00F0B780D4F820C03C
:10177000D4F828B04D452B463A4628BF4B46614623
:101780005046002DE4D1D6E900750836D8E7214649
:101790005046FFF74FFD002840F03081B4F90C307F
:1017A000D8F800609BB213F00202C1D113F0010916
:1017B00040F0B080A76820684D46002D54D09A05AF
:1017C00040F1BC80AF42BB4600F2E78013F4906F5B
:1017D0002FD0D4E9041707EB4707A0EB010B07EB69
:1017E000D777681C7F105844B8423A4684BF0746F2
:1017F0003A465B0540F1E98011465046FFF7C2F8D2
:10180000002800F0F5805A462169019000F018FA8E
:10181000A289019B22F4906242F08002A281A7EB90
:101820000B0203EB0B00676123612060A2602F466F
:10183000AB465A46494600F09DFAA2682368D21B7F
:101840005B442F46A26023600025D8F80830DB1BDC
:10185000B944C8F80830002B3FD0B4F90C30A76861
:1018600020689BB2002DAAD1D6E900950836A4E7DE
:101870000BF1080353E902679B460833002FF9D0A8
:101880003A460A21304600F08BF9002853D0013047
:10189000A0EB06094B46D4E904122068BB4228BFDE
:1018A0003B46884203D9A5681544AB4219DC9A42ED
:1018B0007DDC1346A56A216A32465046A847051EBC
:1018C0001CDDB9EB05096BD00120D8F808305B1B93
:1018D0002E447F1BC8F8083013BB002003B0BDE8BE
:1018E000F08F31462A4600F045FA23682B442360E6
:1018F00021465046FFF7BCFD0028E2D0B4F90C3079
:1019000043F040034FF0FF30A38103B0BDE8F08FF8
:101910000020704733469146104617464E469B4678
:10192000002FA5D00028B5D13A460A21304600F054
:1019300037F90028ABD17B1C9946ACE72369834279
:1019400015D36169A94212D82E4BA76A9D4294BF54
:101950002B466FF000434A4693FBF1F3504601FBE0
:1019600003F3216AB847071EC8DDED1B6DE7AF42E0
:1019700028BF2F463A46494600F0FCF9A368226882
:10198000DB1B3A44A3602260002BEED12146504677
:10199000FFF76EFD0028E8D0B0E72F46AB4648E7DA
:1019A00021465046FFF764FD00288ED0A6E71A4670
:1019B0003146019300F0DEF9019BA1682268C91A43
:1019C0001A44A16022601D467BE7504600F03EFAB3
:1019D000034600287FF423AF21695046FEF77CFFC1
:1019E000B4F90C300C2223F08003CAF8002087E7FA
:1019F0000C23CAF80030B4F90C3081E74FF0FF3007
:101A00006CE700BFFEFFFF7F00FCFF7F2DE9F04188
:101A100010F148071BD088460026D7E90154013D44
:101A20000FD4A389012B05F1FF3506D9B4F90E3087
:101A30000133204601D0C04706436B1C04F1680403
:101A4000EFD13F68002FE8D13046BDE8F0813E4637
:101A50003046BDE8F08100BF2DE9F84310F148079A
:101A60001FD0884606464FF00009D7E90154013DD2
:101A700011D4A389012B05F1FF3508D9B4F90E3033
:101A800001332146304602D0C04749EA00096B1CA9
:101A900004F16804EDD13F68002FE6D14846BDE867
:101AA000F883B9464846BDE8F88300BF70B50C46D8
:101AB000B1F90E10002996B016461D4613DB6A4692
:101AC00004F02DFF00280EDB019A02F47042A2F50B
:101AD0000052B2FA82F252094FF4806300202A6069
:101AE000336016B070BDA38900221B062A6004D59E
:101AF00040230020336016B070BD4FF48063002097
:101B0000336016B070BD00BF8A8992070B4606D5B8
:101B100001F1470201211A60C3E90421704770B541
:101B200082B001AB6A460C460646FFF7BFFF00993C
:101B300005463046FEF726FFB4F90C3070B1164961
:101B4000B162019A0099206043F08003A381C4E947
:101B500004018AB92B43A38102B070BD9A05FBD45E
:101B600023F0030304F1470243F002030121A381A0
:101B70002260C4E90421EFE73046B4F90E1004F006
:101B8000CCFE10B9B4F90C30E4E7A38923F00303C9
:101B900043F001031BB2DDE7F91400080000000068
:101BA00001F0FF01102A2BDB10F0070F08D010F80E
:101BB000013B013A8B422DD010F0070F42B3F6D112
:101BC000F0B441EA012141EA014122F007047FF02B
:101BD00000070023F0E80256083C85EA010586EA82
:101BE000010685FA47F5A3FA87F586FA47F6A5FABE
:101BF00087F68EB9EED1F0BC01F0FF0102F00702CA
:101C000032B110F8013B013A83EA010313B1F8D174
:101C10000020704701387047002D06BF3546033855
:101C2000073815F0010F07D1013015F4807F02BF8E
:101C3000013015F4C03F0130F0BC0138704700BFDF
:101C4000844641EA000313F003036DD1403A41D3C7
:101C500051F8043B40F8043B51F8043B40F8043B86
:101C600051F8043B40F8043B51F8043B40F8043B76
:101C700051F8043B40F8043B51F8043B40F8043B66
:101C800051F8043B40F8043B51F8043B40F8043B56
:101C900051F8043B40F8043B51F8043B40F8043B46
:101CA00051F8043B40F8043B51F8043B40F8043B36
:101CB00051F8043B40F8043B51F8043B40F8043B26
:101CC00051F8043B40F8043B51F8043B40F8043B16
:101CD000403ABDD2303211D351F8043B40F8043BB6
:101CE00051F8043B40F8043B51F8043B40F8043BF6
:101CF00051F8043B40F8043B103AEDD20C3205D3C6
:101D000051F8043B40F8043B043AF9D2043208D0BD
:101D1000D2071CBF11F8013B00F8013B01D30B882F
:101D200003806046704700BF082A13D38B078DD00D
:101D300010F003038AD0C3F10403D21ADB071CBFDF
:101D400011F8013B00F8013B80D331F8023B20F849
:101D5000023B7BE7043AD9D3013A11F8013B00F882
:101D6000013BF9D20B7803704B7843708B7883700A
:101D7000604670478842F0B40DD98B1883420AD967
:101D8000841832B1224613F8014D02F8014D9942F0
:101D9000F9D1F0BC70470F2A0ED80346541E002A12
:101DA000F7D001340C44013B11F8012B03F8012F4B
:101DB000A142F9D1F0BC704740EA01039B073BD137
:101DC000A2F110073F0901F1200606EB071601F109
:101DD000100300F1100453F8105C44F8105C53F841
:101DE0000C5C44F80C5C53F8085C44F8085C53F84D
:101DF000045C44F8045C1033B34204F11004EAD1EB
:101E00007B1C1B0112F00C0F194402F00F05034458
:101E100015D0043DAD0803EB850C1C1F0E4656F88B
:101E2000047B44F8047F6445F9D10135AD002B44AF
:101E3000294402F00302B1E7541E0346B1E72A46E3
:101E4000ACE700BF704700BF704700BF09B3F8B5EB
:101E50001446CAB106460D4600F024F9A04202D34A
:101E60002F463846F8BD21463046FEF78BFD074623
:101E70000028F6D022462946FFF7E2FE30462946E2
:101E8000FEF72AFD3846F8BD2746FEF725FD384601
:101E9000F8BD1146FEF776BD10B580210446FEF769
:101EA00071FD606440B1031F00227C3043F8042FB1
:101EB0008342FBD1002010BD4FF0FF3010BD00BFAA
:101EC000436C0BB100207047E6E700BF1F2970B5D7
:101ED000054608D8436C16460C464BB153F824000F
:101EE00043F8246070BD162202604FF0FF3070BDD1
:101EF000FFF7D2FF08B96B6CF0E74FF0FF3070BD11
:101F00001F2938B521D8426C05460C466AB152F8F3
:101F1000213053B1012B16D0591C10D0002520467A
:101F200042F824509847284638BD284600F070F8FB
:101F3000224601462846BDE8384000F055B8162331
:101F40000360012038BD002038BD162303604FF028
:101F5000FF3038BD1F2921D838B5436C05460C46E3
:101F600083B153F8242003EB84034AB1511C10D0F1
:101F7000012A0CD0002520461D609047284638BD18
:101F8000012038BDFFF788FF28B96B6CE9E7032013
:101F900038BD022038BD4FF0FF3038BD4FF0FF3064
:101FA000704700BF024B01461868FFF7A9BF00BF8A
:101FB000000C0020024B0A4601461868FFF786BF56
:101FC000000C0020034B1868436C0BB100207047D5
:101FD00062E700BF000C0020024B01461868FFF7C3
:101FE000B9BF00BF000C002038B50B46074C0546B2
:101FF000114618460023236004F087FC431C00D0E0
:1020000038BD2368002BFBD02B6038BDDC230020BB
:1020100004F079BC10B50C46B1F90E1004F0B0FC18
:10202000002803DB636D0344636510BDA38923F4BB
:102030008053A38110BD00BF002070472DE9F041FF
:102040001646B1F90C201F46D3050C460546B1F9DA
:102050000E1009D422F48052A2813B463246284613
:10206000BDE8F04104F088BC0022022304F086FCA5
:10207000B4F90C20B4F90E10ECE700BF10B50C4613
:10208000B1F90E1004F07AFCA389421C0EBF23F4B0
:10209000805343F480536065A38110BDB1F90E10E5
:1020A00004F068BC51F8043C181F002BBCBF0B584F
:1020B000C01870472DE9F04F8BB0814616469DF849
:1020C00050E01598DDE917521C460BB922F01002BA
:1020D00012F4806A00D00CB312F0200F27460DF1E5
:1020E00008084FF0000414BF4FF0370B4FF0570BA8
:1020F000B7FBF0FC00FB1C7C5FFA8CF3BCF1090F12
:1021000094BF30335B44DBB2874208F8013BB7FB36
:10211000F0F304F1010401D3202C10D112F0020BD2
:102120001ED102F001033DB133B1BEF1000F02D167
:1021300012F00C0F00D0013D4FF0300C05E01F46AF
:10214000D6E702AF07F804C00134169FA74201D9B1
:10215000202CF6D130271BB1A54201D91F2C4AD91A
:10216000D70620D5BAF1000F4CD1002C4AD0169BCF
:10217000A34201D0AC4245D1631E42D010284BD1BE
:10218000023C93064AD41F2C18D80AAB234478206B
:1021900003F8200C01341F2C10D80AAB2344302044
:1021A00003F8200C01341F2C08D8BEF1000F3BD0DF
:1021B0000AAB23442D2003F8200C0134930750D0A0
:1021C0003746A24604EB0708A8EB0A02BAF1000F53
:1021D0004BD1BBF1000F0AD0A8EB06073C46AC423E
:1021E00006EB04024CD32E44BD4228BFB046404605
:1021F0000BB0BDE8F08F0DF1080C0CF80470013441
:10220000A9E71C461028BCD00228C4D11F2CD5D861
:102210000AAB23446220BBE71C46F5E71F2CCDD850
:102220000AAB23445820B3E7570703D50AAB23442E
:102230002B20C0E71007C1D50AAB23442020BAE702
:102240004FF0FF3320200191C84701990137BD426B
:1022500008EB0702F4D82F1BA54238BF00273744EC
:10226000AFE72746A6EB0408F1E70AF1FF3A02A818
:102270004FF0FF3310F80A000191C8470199A1E718
:102280004FF0FF33202001910134C8470199A6E7A0
:102290004B6843608B688360CB68C3600B694361A4
:1022A0004B6903628B6943620B68036070470000EF
:1022B00000EB810370B5DD682B6803F00303032B8B
:1022C0005AD0002B0CBF4FF4007300232F4A146D1B
:1022D0006A6904F1804404F5C04404EB01146AB156
:1022E000002262602A8AD0F88460013222F0010262
:1022F0003244C0F8842043F020032660AA69C2B1AA
:102300006D8A3E2D05F1FF3239D942F01F02204E71
:102310000132521146EA822292B2E260D0F8842061
:10232000013525F001051544C0F8845043F40053ED
:10233000A2608A0002F1804202F5B84210684404AB
:10234000106848BF43F48043400648BF43F0400351
:10235000194321F4784148F2800021F0F001014353
:1023600023F4F163116023F0070311685B045B0C35
:102370004B400343136070BD4FF4C063A6E742F0C7
:1023800001020132520202F47C42C6E7005C0040C6
:102390000080FFFF0B4B0C48002180221965596417
:1023A000DA644268D2688A420CBF4FF41C424FF490
:1023B0001E421A644023C0F88430044BC360FFF708
:1023C00077BF00BF005C00407C180020A0BC000864
:1023D0000E4BDA6942F40002DA610D4ADB6901232F
:1023E00013640C4BD02183F84A134FF48061C3F877
:1023F00088119960E02183F84B134FF40061C3F812
:102400008811996000231364FFF7C4BF00100240D5
:10241000005C004000E100E00C4B1B6D03F18043C9
:1024200003F5C04303EB001011440368426003F15D
:10243000005303F540535B00002AA1EB020000DCCF
:102440007047008843F8040B023AF5E7005C00404F
:10245000836970B51A69DD681540EAB2D243AE07E8
:1024600004461A6103D543681B6903B1984768079E
:1024700004D563689B690BB120469847290704D5AA
:1024800063681B6A0BB120469847EA0604D5636867
:102490009B6A0BB120469847EB0706D563689B689B
:1024A0001BB12046BDE87040184770BDC36819696C
:1024B000DA680A40D1B2C943D20719610FD5027850
:1024C000042A08D10222027000221A601A61DA6816
:1024D00022F0FF02DA6043685B6803B11847704777
:1024E000D0E90B315B6840685A684B68806810B56A
:1024F00023F0FF73FF2A23F4803394BF00244FF0AE
:10250000807443EA000388BFFF22234343EA024367
:102510004B6010BD836A5B6830B5046B59684368D3
:1025200062689B68FF2988BFFF2122F0FF7243EA9F
:10253000014322F4803294BF00254FF0807513438D
:102540002B4343F48063636030BD000010B4046823
:10255000437B21684268D940126801F00E010A42AB
:102560000FD0827B01FA03F363600132064B53F80C
:10257000324034B103EBC203586823465DF8044B84
:1025800018475DF8044B7047781E002038B50C469C
:10259000012511460289A5401543058100EB840001
:1025A0000025C2685069128A03609A4228BF1A4601
:1025B00081604560C56002612046A40004F180444A
:1025C00004F5B844FFF728FF236823F4F04323F011
:1025D000400383F0300343F4004343F0800323605F
:1025E00038BD000010B590F86430142B044636D086
:1025F00024D8062B05D001D81BB110BD093B022BF6
:10260000FBD81D490B6823F4F04323F0400383F00B
:10261000100248F2800002430A600B6823F49043E2
:1026200023F0700383F4805303430B6063681B68DB
:1026300013B1062120469847062319E0152BDCD15B
:102640000B2380F86430202383F3118800231A467B
:102650001946FFF79BFF002383F31188CDE7C3687A
:102660009B695B68002BC8D1036F03B198470023B7
:1026700084F86430C1E700BF005C004070B5468953
:10268000012404FA01F53543458100EB8100C5685A
:10269000A8698260002203604260C2602BB16A8A2E
:1026A000013B1344B3FBF2F39CB2890001F180417A
:1026B00001F5B84104820B6823F4904323F07003C2
:1026C00083F4405343F4004343F080030B6070BD38
:1026D00038B590F864300446002B42D0063BDAB29D
:1026E0000F2A38D80F2B36D8DFE803F03B353508F2
:1026F000263635353535353535353B3B90F87B104D
:1027000090F87A20C36E42EA0122934214D2C26842
:10271000128AB3FBF2F502FB15356DB9202383F362
:1027200011882B462A462946FFF730FF85F311888A
:102730000A2384F864300EE0142384F864302023E4
:1027400083F3118800231A4619462046FFF796FFA7
:10275000002383F3118838BD036F03B1984700232A
:10276000E7E70E490B6823F4F04323F0400383F0BE
:10277000100248F2800002430A600B6823F4904381
:1027800023F0700383F4805303430B6063681B687A
:1027900013B10621204698470623CAE7005C004093
:1027A00090F87630074A80F87E3043F0800310B509
:1027B000D36443681B6804460BB101219847032387
:1027C000237010BD005C004003691960C268013AC3
:1027D000C260C269134482690361934224BF436AA1
:1027E000036100238362036B03B118477047D0E98C
:1027F00004239A4201D1C26822B9184650F8043B1A
:102800000B60704700207047C368C269013BC3601A
:102810004369134482694361934224BF436A43611D
:1028200000238362036B03B118477047202383F3AF
:102830001188104B5B6813F4006317D0F1EE103A67
:10284000EFF30983683B4FF08072DA610A4AD2687D
:102850001A6683F30988094A11689269896892683F
:1028600091428CBF064A074A9A61704783F31188E8
:10287000704700BF00ED00E030EF00E0641C002076
:102880008B0300088E0300080D4A0E4B516FC2687F
:102890005B68013230B5C260D0E9044582685B1ADA
:1028A0009B1A42688360E41845F100059342026870
:1028B00088BF43609342C0E9044538BF036030BD20
:1028C000641C0020001000E0014B5B6883607047CF
:1028D000001000E0002380F820308268054B1B6860
:1028E00099689142FBD25A68036042601060586058
:1028F000704700BF641C0020F8B5046805460E460A
:102900000027AC4200D1F8BDE3683343E36023699C
:102910001E420BD0D4E90103426B134390F82020F0
:1029200043630A2A04D1426A134207D12468E8E7C4
:102930000B2AFBD1426A32EA0303F7D14762FFF761
:10294000C9FFF3E738B504460D462068844200D13C
:1029500038BD036823605C604562FFF7BBFFF4E7A6
:1029600003682BB10022026059621846FFF7B2BF1C
:1029700070470000F8B590F86430044613B10023A6
:1029800080F86430BF4B1B6D03F1804303F5C043F7
:1029900003EB011104F174008B6803F1005303F59C
:1029A00040535B0003F1100219460433096820F814
:1029B000021B9342F8D163689B681BBB94F8743088
:1029C00013F0600546D0AF490B6823F4F04323F0C1
:1029D000400383F0100248F2800002430A600B6853
:1029E00023F4904323F0700383F4805303430B607C
:1029F00063681B6813B1062120469847062384F8B4
:102A00006430F8BD204698470028D7D094F87B2042
:102A100094F87A3043EA0223E26E9A4288BFE36672
:102A200094F97430E56E002B4FF0200380F264813E
:102A3000002D00F05381092284F8642083F311886B
:102A40000021D4E91A232046FFF7A0FD002383F3D9
:102A50001188D6E794F8752003F07F0343EA022338
:102A600040F20232934200F0178121D8B3F5807F03
:102A70004ED00DD8012B45D0022B00F0B680002B94
:102A8000A1D104F17C02A2660222E2662367BDE7BF
:102A9000B3F5817F00F0C380B3F5407F93D194F804
:102AA0007630012B8FD1B4F87C3043F0020338E04C
:102AB000B3F5006F3FD01DD8B3F5A06F37D0A3F5A5
:102AC000C063012B3FF67FAF94F87920616894F8DA
:102AD00078304E6894F8771043EA0223204694F841
:102AE0007620B04700283FF46EAF4368A3660368C2
:102AF000E3661AE0B3F5106F22D040F6024293422B
:102B00007FF461AF604BA3660223E3660023BDE759
:102B100094F87630012B7FF456AFB4F87C3023F074
:102B20000203C4E91A55A4F87C3025676EE7C4E9AE
:102B30001A55564BAAE704F17F03A3660123D7E792
:102B40002378042B40D1202383F31188A36803F05A
:102B50000113A36004F1100604F12C0756F8043B9E
:102B60007BB1586920B16FF001010C30FFF7F8FE1E
:102B700056F8043C986920B16FF001010C30FFF762
:102B8000EFFEB74246F8045CE8D14023C4F8843035
:102B9000012248F28000930003F1804303F5B8431B
:102BA00001321968082A41EA000119601860F2D15F
:102BB000002383F31188032184F87F306368217038
:102BC0001B680BB12046984794F876304BB184F8D7
:102BD0007F300423237063681B6813B102212046F1
:102BE00098470023C4E91A3350E794F8783003F08B
:102BF0000F0213F0800F234B53F8223008D013F04C
:102C000030033FF4E0AE102B14BF214B214B7AE789
:102C100013F440533FF4D7AEB3F5805FF4E794F874
:102C20007630002B7FF4CFAE94F8782012F00F03AB
:102C3000D7D01BB29B0003F1804303F5B84312F0D9
:102C4000800F1A680DD002F03002302AC9D01A68FD
:102C500022F4F04222F0400282F0200242F40042CC
:102C60000BE002F44052B2F5405FBAD01A6822F489
:102C7000F04222F0400242F4204242F080021A6008
:102C8000AFE700BF005C00409CC40008A12700081B
:102C900064BB000850C0000894F87630002B7FF425
:102CA00092AE94F8782012F00F039AD01BB29B00DA
:102CB00003F1804303F5B84312F0800F1A6806D081
:102CC00022F4F04222F0400282F01002C6E722F421
:102CD000904222F0700282F48052BFE7142284F8FE
:102CE000642083F311882B462A4629462046FFF7A5
:102CF000C5FC85F3118884E65DB1152284F8642053
:102D000083F311880021D4E91A232046FFF7B6FC8B
:102D10009CE60B2284F8642083F311882B462A4614
:102D200029462046FFF732FCE3E700BF08B5202321
:102D300083F3118890F820200023072A07D8DFE8C2
:102D400002F00C060604130F0613426A13604FF0DC
:102D5000FF334362FFF7BEFD002383F3118808BDF4
:102D6000426A936801339360D0E9003213605A607D
:102D7000EDE700001A4902680B4610B553F81C4FE6
:102D800084420DD041680A60026851609A424FF057
:102D90000001C16003D0936881680B44936010BD4B
:102DA00000209A42CA615360E06003D14FF0804333
:102DB000D860F4E79368A068896A034493604FF091
:102DC0008042526A501A8342E9D98A1A1A44012A67
:102DD00098BF831C4FF080420B445363DFE700BF72
:102DE000641C0020C0E90323294A2DE9F041144660
:102DF000022954F81C3F4FF0804738BF0221A342FC
:102E00007E6A9446A6460DD1C2E907009662C0E9E3
:102E1000003381600023314479633B610223FB600E
:102E2000BDE8F081956A741B09190A4626D31A4633
:102E30004FF0000803E0C2F808801268E41B9768AE
:102E4000BC42F8D8724505EB040818BF3C1BCCF80F
:102E5000288018BF9460AA1B0A449968914213D332
:102E600059680360416008605860826099688A1AF6
:102E70009A604FF0FF33CCF82430D1E799688A424A
:102E8000EBD215447D63E8E71B68521AE5E700BF03
:102E9000641C002013B504460748C2680B461AB1EB
:102EA0000191FFF767FF019B044A0348214602B0E6
:102EB000BDE81040FFF796BF1C22002059310008E2
:102EC000FEE7000030B5202383F31188094C6568C4
:102ED0002368281A49420840821A9A424FF0000398
:102EE00005D3954203D3626083F3118830BD184641
:102EF000FAE700BF401E00207047704700EB8103D7
:102F00002DE9F3419C6A05460E46002C33D0202360
:102F100083F3118805EB86080821201DFFF7ECFCE0
:102F2000D8F80C305B691B6804F14407ABB1236D22
:102F3000226E606C01332365A36D1344E26DA365BB
:102F4000934224BFA36EA365B84206D003686364AE
:102F50005F6000234362FFF7BDFC01A93846FFF71D
:102F600046FC024650B1019B31462846FFF70EFB56
:102F7000002383F3118802B0BDE8F081D8F80C304B
:102F80005A691268002AF3D01B8A013B1342EFD121
:102F9000E36F1B7E002BEBD105F17402E4E713B560
:102FA000446BE36F1A681178042915D1217A02293C
:102FB00012D11979128901238B4013420CD101A936
:102FC00004F14400FFF713FC024628B1E46F019BB3
:102FD00021792068FFF7DAFA02B010BD38B5C16F69
:102FE0000C682378042B18D1037A022B15D10A79A7
:102FF0006589012303FA02F22A420ED1D0E907259E
:10300000AA4201D1856955B9836A49792046043BB2
:103010000432FFF733FB002038BD0120FCE71846DF
:10302000FAE7113110B550F82140002C2DD02023A3
:1030300083F3118804216018FFF75EFCE26FE068FB
:103040001368527903EB820304F10C01DB689B697E
:103050005A68E3691A60A2690132A261A26A134444
:10306000626AE361934224BF236BE361814206D02D
:103070000368E360596000234362FFF72BFC20469E
:10308000FFF7ACFF002383F3118810BD406BFFF7FF
:10309000A5BF80B2400000F1006000F578300078F4
:1030A0007047000037B50C4C8DF8070023780B48AB
:1030B000002B50F8D43F4FF00102DD690DF10701FC
:1030C0000CBF4FF4FA730023A847B0FA80F35B09F2
:1030D00040B2237003B030BD5E230020780C002086
:1030E00013B5202383F31188094C2178042904D0D7
:1030F000002383F3118802B010BDADF8050003234F
:1031000001AA20468DF80410FFF740FAF0E700BF4F
:103110007C18002013B5202383F31188094C2178F3
:10312000042904D0002383F3118802B010BD0323C7
:10313000ADF8050001AA20468DF80430FFF726FA05
:10314000F0E700BF7C18002070470000014B1878A2
:10315000704700BF3022002070B52023064683F35D
:1031600011880378042B03D0002383F3118870BDEA
:10317000144B1B78DB09F7D1134C2278002AF3D0CB
:10318000124B1B78002BEFD003899B0704D4104A05
:1031900008230121FFF7FAF90E4B247840F2E730BB
:1031A000A4FB034520184FF000014FF47A724FF052
:1031B000000345EB0101FDF7EDF831468000FFF714
:1031C00069FED1E75222002018220020380F00208B
:1031D00031220020A0860100F8B590F8743003F089
:1031E0007F02212A044672D113F0800F90F87500F7
:1031F0001FD0022817D003280BD0012867D194F8DC
:103200007830002B56D14D4AA2662022E266236711
:1032100008E0B4F87820002A59D10120C4E91B0243
:10322000474BA366F8BD474BA3660120E066002329
:10323000EDE70A2842D00B280ED0092847D194F890
:10324000782012F0FD0F42D13F4BA3660223E366C4
:103250003E4B23670120E5E7B4F8783053BB94F880
:103260007650374B002D14BF012100211970384BC7
:103270001A7861F3C7121A701CD1324B1A78CAB18E
:10328000202282F311881E78324B40F2E730A6FBF1
:10329000036730184FF000014FF47A724FF00003CB
:1032A00047EB0101FDF776F821468000FFF7F2FDBC
:1032B00085F311880023C4E91A33CAE72449214B56
:1032C0000D7894F877201A70ED09F3D1D7E7B4F8A8
:1032D000741040F28162914208D01F4A92F8B610F1
:1032E000D1B992F80A22BAB900209BE794F8792064
:1032F000616894F878304D6894F8771043EA0223B7
:10330000204694F87620A8470028EDD04368A366AD
:103310000368E36600239CE703F06003202BE3D1FE
:1033200094F87530212B05D81F2BDDD90B4BA366E4
:103330000723EEE7222BBDD0D6E700BF31220020C5
:10334000380F002018220020FC22002061330008E2
:1033500052220020A0860100780C0020390F0020A6
:1033600090F87A10074A0229137807D103F0FB037B
:10337000012B05D1044B52781A707047024A137022
:10338000704700BFFC2200203022002010B5084A00
:10339000084C117824784B1C03F00F039C421DBF8E
:1033A000054C13706054002018BF012010BD00BFF1
:1033B000101F0020111F0020001F002042EA0122E0
:1033C000100A032811B214D00CD8012828D00228E2
:1033D0000CD1154A7B231548002AC0E9003208BFEA
:1033E0001046704721280DD0222812D000231A46FB
:1033F000F1E7CBB2022BF9D80D4A0E4952F823203F
:10340000CB5CE8E7032BF1D80B4A52F823200923C1
:10341000E1E7032BEAD8094A094952F82320EFE7EC
:10342000084A1223D7E700BF88B80008701E0020A2
:103430001CB8000828B800082CB800083CB80008E0
:103440007AB8000825B900080020704710B1024B77
:103450001B681847704700BF200F0020074B084A21
:103460001A60BFF34F8F0749074BCA6802F4E06246
:103470001343CB60BFF34F8F00BFFDE7FC9F0020DD
:10348000EFBEADDE00ED00E00400FA0538B5202304
:1034900083F311884FF08043596A002383F3118826
:1034A000074B084C1B68084AC91A4FF47A7000256C
:1034B000E0FB0145002320462946FCF76BFF38BDA1
:1034C000E82200209F860100A0860100024B1A78A6
:1034D0000AB100221A707047CB220020054B064A21
:1034E0001B7812789A4200D17047013303F007032A
:1034F000F8E700BFA1230020A0230020054A11887F
:10350000814205D0044B10801B680BB11B69184722
:10351000704700BF54220020E01E0020054A118899
:10352000814205D0044B10801B680BB1DB68184743
:10353000704700BF80220020E01E002008B5034B2A
:10354000186808B10368984708BD00BFE01E002056
:10355000024B186808B1036818477047E01E002046
:1035600008B55200222303FB0121CC2202FB0011EB
:1035700001F12700FFF78DFD030201F128009BB246
:10358000FFF787FD184380B208BD00B11047084718
:103590005A28F0B523D8DFF850C00CEB800797F815
:1035A00002E07C78FD781CF820700EF03F063601B2
:1035B00046EA141604F00F04A40107F0030044EADD
:1035C0009704074FAD0040F25F1C0CFB007045EA0A
:1035D0009E15015582554355024B01221A70F0BDCC
:1035E0003B1F00209A200020C4BC0008F8B5054607
:1035F0000E461746002420463B46324629460134F3
:10360000FFF7C6FF5B2CF6D1F8BD84B0BDF81020E3
:103610000190D21A92B2FF2A28BFFF22C0F30740BE
:10362000D24350FA82F2FF2A28BFFF228DF80620EB
:10363000019B0020DAB262F30700C3F3072262F3B2
:103640000F20C3F3074363F3174004B07047000033
:103650001FB5482B0190C0F3074030D8BDF8184083
:10366000E31A9BB2FF2B28BFFF23083189B2102930
:1036700005D902F1080189B2112928BFFF23114998
:10368000DB4350FA83F3002A4978B8BF0332FF2B9B
:1036900001EBA20228BFFF238DF804208DF806302D
:1036A000019B0020DAB262F30700C3F3072262F342
:1036B0000F20C3F3074363F3174004B010BDFF238B
:1036C000D3E700BFEC2200201FB50029B8BF494254
:1036D000002AB8BF524209B2090112B21201FF29F1
:1036E000BDF818400190A8BFFF21FF2AA8BFFF2204
:1036F00023440CB211B28C42A8BF0C4614FA83F4D6
:10370000A4B2FF2C28BFFF24C0F30740E44350FAC3
:1037100084F4FF2C28BFFF248DF80640019B002075
:10372000DAB262F30700C3F3072262F30F20C3F398
:10373000074363F3174004B010BD84B003EB83026A
:10374000BDF81030019013449BB2FF2B28BFFF231C
:10375000C0F30740DB4350FA83F3FF2B28BFFF235E
:103760008DF80630019B0020DAB262F30700C3F344
:10377000072262F30F20C3F3074363F3174004B03B
:10378000704784B0C9B20190C1F18201C0B2002972
:10379000A8BF40188DF80400019B0020DAB262F344
:1037A0000700C3F3072262F30F20C3F3074363F359
:1037B000174004B0704784B0C9430190C9B2C0F348
:1037C000074011FB00F109128DF80610019B002043
:1037D000DAB262F30700C3F3072262F30F20C3F3E8
:1037E000074363F3174004B0704700001FB5114B47
:1037F000019003EB4101C0B291F86640A11A4BB2AF
:10380000002BBCBF121B53B2DBB203EB430300EB34
:1038100053138DF80430019B0020DAB262F30700E5
:10382000C3F3072262F30F20C3F3074363F3174088
:1038300004B010BD30BE00081FB5164C01903033E7
:1038400004EB4303C0B2DC79203C62439C79A4F1D1
:1038500070035BB2002BBCBFC4F170035BB2C3F159
:10386000380301FB032111EB410148BF7F3100EB1D
:10387000E1118DF80410019B0020DAB262F3070019
:10388000C3F3072262F30F20C3F3074363F3174028
:1038900004B010BD30BE000884B030330190114830
:1038A00000EB4303D8799B79703B5943203802FBE6
:1038B0000012002A9DF80410B8BF3F3201EBA2129B
:1038C0008DF80420019B0020DAB262F30700C3F3F5
:1038D000072262F30F20C3F3074363F3174004B0DA
:1038E000704700BF30BE000884B0303301901148EB
:1038F00000EB4303D8799B79703B5943203802FB96
:103900000012002A9DF80410B8BF7F3201EBE212CA
:103910008DF80420019B0020DAB262F30700C3F3A4
:10392000072262F30F20C3F3074363F3174004B089
:10393000704700BF30BE000884B003EB43039DF81E
:103940001020019002EB53038DF80430019B0020FE
:10395000DAB262F30700C3F3072262F30F20C3F366
:10396000074363F3174004B070470000134B303136
:1039700030B503EB410403EB4103E5799B79A5F1F5
:10398000200464B2002C85B0BCBFC5F1200464B231
:103990009A1A01902244C0B210448DF80400019B91
:1039A0000020DAB262F30700C3F3072262F30F20AC
:1039B000C3F3074363F3174005B030BD30BE0008C2
:1039C00084B001900B4800EB4101002091F8673072
:1039D0009A1A8DF80420019BDAB262F30700C3F350
:1039E000072262F30F20C3F3074363F3174004B0C9
:1039F000704700BF30BE000884B001900B4800EB58
:103A00004101002091F866309A1A8DF80420019B3C
:103A1000DAB262F30700C3F3072262F30F20C3F3A5
:103A2000074363F3174004B0704700BF30BE00087F
:103A300084B001908DF80420019B0020DAB262F37B
:103A40000700C3F3072262F30F20C3F3074363F3B6
:103A5000174004B07047000084B0C0F307430190E2
:103A6000134800EB410191F86600E42110FB01F0DE
:103A7000C2EB10201C300028B8BF4042A3EBC000AE
:103A800000B220EAE07010FB03F000128DF806008F
:103A9000019B0020DAB262F30700C3F3072262F34E
:103AA0000F20C3F3074363F3174004B0704700BF10
:103AB00030BE000884B0C0F307230190134800EB28
:103AC000410191F86600E42110FB01F0C2EB1020E7
:103AD0001C300028B8BF4042A3EBC00000B220EA6F
:103AE000E07010FB03F000128DF80500019B002030
:103AF000DAB262F30700C3F3072262F30F20C3F3C5
:103B0000074363F3174004B0704700BF30BE00089E
:103B1000FFF76CBDFFF73CBD10B5044620B9002986
:103B2000ACBF0020802010BD80EAE072A2EBE07202
:103B300013B20029A6BFCB1A5B015B1A01FA82F20D
:103B4000B5BF520193FBF2F392FBF3F3C3F12003F1
:103B5000B8BFC3F160035BB2D8B2002CBCBF404217
:103B6000C0B2E0E71FB59DF8184001901B1B10463E
:103B7000DCB2FFF7D1FF201A8DF80400019B002072
:103B8000DAB262F30700C3F3072262F30F20C3F334
:103B9000074363F3174004B010BD1FB501901046F2
:103BA0001C46FFF7B9FF03198DF80430019B002074
:103BB000DAB262F30700C3F3072262F30F20C3F304
:103BC000074363F3174004B010BD30B585B0C0F3B0
:103BD00007459DF82040019010461C1BFFF79CFFF5
:103BE0002C44E4B2201AC0B210FB05F000128DF88C
:103BF0000600019B0020DAB262F30700C3F307223C
:103C000062F30F20C3F3074363F3174005B030BDE1
:103C100030B585B0C0F307259DF8204001901046CF
:103C20001C1BFFF779FF2C44E4B2201AC0B210FB32
:103C300005F000128DF80500019B0020DAB262F356
:103C40000700C3F3072262F30F20C3F3074363F3B4
:103C5000174005B030BD30B585B0C0F30745EB1A4D
:103C600001901046DCB2FFF757FFC0EB801300EB6A
:103C700083002044C0B210FB05F000128DF806004E
:103C8000019B0020DAB262F30700C3F3072262F35C
:103C90000F20C3F3074363F3174005B030BD30B5C1
:103CA00085B0C0F30725EB1A01901046DCB2FFF790
:103CB00033FFC0EB801300EB83002044C0B210FB45
:103CC00005F000128DF80500019B0020DAB262F3C6
:103CD0000700C3F3072262F30F20C3F3074363F324
:103CE000174005B030BD000010F040031ABFC243BA
:103CF000D2B2024610B502F00F0103B101310A4CF5
:103D0000C2F3011204EB42035B7813FB01F114F8D8
:103D1000123003EB2113DBB2020644BF5B42DBB27D
:103D200083F0800010BD00BF06BC000830B585B030
:103D3000C4B2019010460D46FFF7D6FF134901EBC0
:103D4000450191F866201044C2B2A2F180035BB233
:103D5000002BBCBFC2F1800253B25B0003F0FE0334
:103D600003EB430304EB93138DF80430019B002015
:103D7000DAB262F30700C3F3072262F30F20C3F342
:103D8000074363F3174005B030BD00BF30BE0008E5
:103D9000012830B501D8C0B230BDB0F5F75F9DBF86
:103DA00042090832D2B2FF220124A3185910C3F3EA
:103DB0004705C3F34F0313FB03F39BB2834205D9BB
:103DC0006A1ED2B29442F0D9601EE4E7FF2902D005
:103DD0006C1CE4B2F6E70846DEE71FB5019048B276
:103DE0000028BCBF494248B25243C0F1380010FB22
:103DF000002080B21C46FFF7CBFF00EB40000444DC
:103E00008DF80440019B0020DAB262F30700C3F38F
:103E1000072262F30F20C3F3074363F3174004B094
:103E200010BD000030B5C0F307422B4C10F47F4F9B
:103E3000A25C85B0C1B2C0F307234AD001EB4104B4
:103E4000FF206400B4FBF0F46FF05400604300EB1B
:103E5000410000EB4000C0B213FB00F5C0F1FF00D1
:103E6000C3F1FF0143432D121B12C5F1FF05C3F13E
:103E7000FF03514355435343C1F30721C5F30725BE
:103E8000C3F30723062C21D8DFE804F0060411163B
:103E90001B20060013462A4614461A46002062F3E9
:103EA000070064F30F2061F3174005B030BD1846DA
:103EB00013460A460146EFE713460A4619462B46C3
:103EC000EAE718460B4611460246E5E70B46294647
:103ED000E2E711461446E1E71BB700082DE9F04F71
:103EE000394A3A4E1478357904EBC40304EB4304A1
:103EF000374B1B886D088BB0E4B25D43C5F30723D5
:103F000004F11307FFB20293324B03905B2FBB46C1
:103F100003EB440828BF4FF05B0B91469A46E3B28F
:103F20009B4506D85A2F8CBF002001200BB0BDE85E
:103F3000F08F0AEB040393F81C2199F801301A4220
:103F40003DD098F8673098F86600203B9AB27038F8
:103F500013FB03F381B200FB003080B205910492A1
:103F6000FFF716FF029A96F801C096F803E005994C
:103F700000920346B078049A039D4CEA002012B2E6
:103F800009B240EA0E40A8478DF81C00C0F3072391
:103F9000C0F307408DF81E008DF81D30079BADF86B
:103FA00020301B0C8DF822300898FFF73BFFC0F340
:103FB0000743C2B2C0F307212046FFF7ABFD08F16B
:103FC00002080134ABE700BF460F0020EC220020BE
:103FD0009C20002030BE00082DE9F04F2DED028B13
:103FE000324A334E1478357904EBC40304EB4304AE
:103FF000304B1B886D08E4B25D43C5F3072304F121
:104000001307FFB208EE103A87B02B4B01905B2FDD
:10401000BB4603EB440828BF4FF05B0B91469A4622
:10402000E3B29B4508D85A2F8CBF0020012007B06F
:10403000BDEC028BBDE8F08F0AEB040393F81C2162
:1040400099F801301A422CD0B378707896F803C0F2
:1040500098F8672098F86610019D40EA0320203AFE
:10406000703918EE103A40EA0C40A8478DF80C0061
:10407000C0F30723C0F307408DF80E008DF80D3014
:10408000039BADF810301B0C8DF812300498FFF72D
:10409000C9FEC0F30743C2B2C0F307212046FFF7B1
:1040A00039FD08F102080134BAE700BF460F0020CD
:1040B000EC2200209C20002030BE00082DE9F04FAB
:1040C0002A4A2B4E147835792A49DFF8ACB004EB34
:1040D000C40304EB4304E4B2AB0804F113070D88F6
:1040E000FFB25B2F03FB0555BA4685B0804628BF5B
:1040F0004FF05B0AC5F307259146E1B28A4506D821
:104100005A2F8CBF0020012005B0BDE8F08F0BEBCB
:10411000040393F81C2199F801301A4223D0B07897
:10412000737843EA0023F0782A4643EA0040C04708
:104130008DF80400C0F30723C0F307408DF8060094
:104140008DF80530019BADF808301B0C8DF80A3056
:104150000298FFF767FEC0F30743C2B2C0F307211E
:104160002046FFF7D7FC0134C7E700BF460F002009
:10417000EC2200209C20002030BE00082DE9F04FEA
:10418000DFF8E4A0354E9AF80040357904EBC4031B
:1041900004EB4304324B2DED028B1B88AD0889B034
:1041A0005D43E4B2C5F3072504F1130903905FFAF8
:1041B00089F905F14000B9F15B0FC0B2CB4628BFC9
:1041C0004FF05B0BFFF790FD803843B2284608EEB6
:1041D000103AFFF789FD80384FFA80F8E3B29B452B
:1041E00009D8B9F15A0F8CBF0020012009B0BDECED
:1041F000028BBDE8F08F1B4A224492F81C119AF8FA
:104200000120114228D0B278707896F803C0039F3D
:10421000009540EA022018EE101A424640EA0C408F
:10422000B8478DF81400C0F30723C0F307408DF89A
:1042300016008DF81530059BADF818301B0C8DF865
:104240001A300698FFF7EEFDC0F30743C2B2C0F381
:1042500007212046FFF75EFC0134BFE7EC22002077
:104260009C20002030BE0008460F00202DE9F04FB2
:104270003A4B3B4D1C782F79DFF8E8B0DFF8E8A027
:1042800004EBC40204EB4204E4B204F11306F6B2F8
:1042900087B001375B2EB146019028BF4FF05B0914
:1042A0009846FF2F28BFFF274FF6FF72B2FBF7F7A4
:1042B000E0B2814506D85A2E8CBF0020012007B0FD
:1042C000BDE8F08F0BEB040393F81C2198F8013044
:1042D0001A4232D09AF80030013B5BB21A062ED552
:1042E00039462B79A8780133FF2B28BFFF23594388
:1042F0006B7843EA0023E878C1F30F2143EA0040DA
:10430000019B98478DF80C00C0F30723C0F30740CA
:104310008DF80E008DF80D30039BADF810301B0C9E
:104320008DF812300498FFF77DFDC0F30743C2B249
:10433000C0F307212046FFF7EDFB0134B8E70AEB95
:104340000302527C824207D103F10C020AEB4202C3
:10435000B2F801108F42C4D8013BBFE7460F0020DE
:10436000EC22002030BE0008121F00202DE9F04F83
:104370004D4BDFF844B11C7804EBC40304EB430459
:10438000E4B204F11306F6B28FB05B2E334628BFB9
:104390005B230393454B05911B780493444B079390
:1043A000804603EB4407039AE3B29A4206D85A2E9A
:1043B0008CBF002001200FB0BDE8F08F079B234485
:1043C00093F81C21384B5B781A4229D0394B1B8853
:1043D000ADF82C30354B069308F10105EA18C146BB
:1043E00002924FF0000A049A5FFA89F39A421AD8AF
:1043F0009BF8030010FB0AF000128DF82E000B9BB7
:10440000ADF830301B0C8DF832300C98FFF70AFDF8
:10441000C0F30743C2B2C0F307212046FFF77AFB7F
:1044200001340237BFE7029B13F8010B0293029A93
:1044300097F86630D279181A97F867309B1A9AB2B3
:1044400013FB03F381B200FB003080B209910892A4
:10445000FFF79EFC069A9BF804C00999059D034648
:1044600009F10C0002EB40000CF1010CB0F8010066
:10447000089A8DF82EA0BCF1FF0F28BF4FF0FF0C5B
:104480000CFB00FCCCF30F20009012B20B9809B289
:10449000A847C0F307238DF82C008DF82D30C0F30A
:1044A000074A09F101099EE7460F0020121F00206C
:1044B00030BE0008ED220020EC2200200B4BDA6811
:1044C000D0070CD4DA6851070BD4DA68D2060AD4C4
:1044D000D86800F00100C0F10500C0B270470120AB
:1044E0007047022070470320704700BF0020024041
:1044F00073B50446FFF7E2FF0025FF2601280FD120
:1045000014B9062002B070BD01950196019B1BB93C
:10451000FFF7D4FF013CF1E7019B013B0193F5E775
:10452000002C08BF0620EDE710B50B4C236943F0C3
:10453000020323616061236943F04003236140F675
:10454000FF70FFF7D5FF06281EBF236923F0020383
:1045500023613423E36010BD0020024070B505469E
:104560001F200E46FFF7C4FF052810D1084C236911
:1045700043F0010323611F202E80FFF7B9FF0628B7
:104580001EBF236923F0010323613423E36070BD60
:1045900000200240B0F5805F2DE9F041884602D34B
:1045A0000020BDE8F081450005F1006404F5783491
:1045B0004FF6FF7223889BB293424FEAA02604D1A4
:1045C0002046FFF7CBFF80B2EBE7F602154F06F16E
:1045D000006606F578364FF4006231463846FDF73E
:1045E0002FFB23789845DBD040F2FE70284007F877
:1045F000008040F6FF70FFF77BFF052802D13046B0
:10460000FFF792FF0024395D61F0FF014B1C03D0DE
:1046100089B23019FFF7A2FF0234B4F5006FF2D16E
:10462000D1E700BFD40F0020F8B585B26E1CB6B23A
:104630006B00720003F1006302F1006203F578334E
:1046400002F57832AC1CA4B219781078620002F13D
:10465000006202F57832EF1CBFB213787A0002F1E3
:10466000006202F578321B04127843EA00230B4300
:1046700053EA026311D000212846FFF78BFF002187
:104680003046FFF787FF00212046FFF783FF3846BB
:104690000021BDE8F840FFF77DBFF8BD10B540F23E
:1046A0005734A0B200210134FFF774FFB4F5806FD6
:1046B000F7D110BD2DE9F84F174B00254FF0CC086E
:1046C0005F192E4619E03AF802BB20464FEA1B213B
:1046D000FFF760FF601C5FFA8BF180B209F10109FE
:1046E000FFF758FF0234B9F1110F0B4BA4B2EAD116
:1046F0002236B04507F1220706D006F12704A4B2FE
:10470000BA464FF00009DEE7CC35B5F54C7F08F12D
:10471000CC08D5D1BDE8F88F78C0000838B5054D74
:104720001C24A0B215F8011B0134FFF733FF242C21
:10473000F7D138BDEC22002010B5042440F6FF70FC
:10474000FFF7D6FE052808D1C4EB4450C00200F1A3
:10475000006000F58020FFF7E7FE013CEED110BDC0
:1047600010B5FFF7E9FFEA210020FFF713FFFE2154
:104770000120FFF70FFF00210220FFF70BFF0021B0
:1047800003200024FFF706FF1C4B214604201C6079
:10479000FFF700FF21462220FFF7FCFE21460520FF
:1047A000FFF7F8FE21460620FFF7F4FEFF21072061
:1047B000FFF7F0FE0820FFF737FF21460D20FFF737
:1047C000E9FE1820FFF730FF21461720FFF7E2FE31
:1047D0001C20FFF729FF21462020FFF7DBFE2146A2
:1047E0002120FFF7D7FE1820FFF71EFF0F20FFF74D
:1047F0001BFFBDE810401320FFF716BF6C1E002002
:10480000364BF02893F902200AD193F903100029BE
:104810000CDA0021D97052B9314A0021117006E03A
:10482000F1280DD193F903100029F2DC72B11A7945
:104830005B7913435AB2002B4FD12A4B1A70704741
:10484000F22806D1002AF1DA00229A7093F90320A7
:10485000E1E7F32802D1002AF6DCE7E7F92893F92B
:10486000041004D10029E1DD00211971DEE7FA28E6
:1048700002D10029DADAF7E7FB2893F9051004D111
:104880000029D3DA00215971D0E7FC2802D1002990
:10489000F8DCCBE700F10C01C9B2042907D8F438E1
:1048A00001218140587820EA01005870BEE7FD28B8
:1048B00005D10D48017821F001010170B6E7FE280D
:1048C00004D10948017821F00201F6E7FF28ADD1B3
:1048D0000548017821F00401EFE77047C02200206D
:1048E000C8220020C9220020C6220020154B1B78B8
:1048F000D90705D5144B1878800800B3C0B27047AB
:104900009A0703D5104B18784008F6E75B0705D5E2
:104910000D4B18787F28F0D97F2070470B4B1B7800
:104920005BB10B4A084912780878934236BF10FBF6
:1049300003F080B2B0FBF2F0ECE70120DEE70120EB
:10494000704700BFC6220020440F0020C92200206B
:10495000450F0020194B1B78D90709D5184B18783B
:1049600000EB800080087F2824D828B3C0B27047AD
:104970009A0705D5124B187800EB80004008F2E743
:104980005B0704D50E4B187800EB8000EBE70D4B6E
:104990001B786BB10C4A0A49127808789342F3D21B
:1049A00010FB03F000EB8000B0FBF2F080B2DAE71E
:1049B0000520DBE77F20704701207047C6220020DA
:1049C000420F0020C8220020430F0020F02808B525
:1049D00005D1FFF7BFFF4042294BD87008BDF12831
:1049E00002D1FFF7B7FFF7E7F22805D1FFF7B2FFD3
:1049F0004042234B9870F1E7F32802D1FFF7AAFF5A
:104A0000F7E7F92804D1FFF771FF1D4B1871E5E7AF
:104A1000FA2803D1FFF76AFF4042F6E7FB2805D1E9
:104A2000FFF764FF4042164B5871D7E7FC2802D1CC
:104A3000FFF75CFFF7E700F10C03DBB2042B08D8AB
:104A40000F4A0123F43803FA00F0537818435070EA
:104A5000C4E7FD2805D10B4A137843F00103137016
:104A6000BCE7FE2804D1074A137843F00203F6E7B7
:104A7000FF28B3D1034A137843F00403EFE700BFE4
:104A8000C0220020C6220020294B1A78510707D5E2
:104A900000F01801082927D100F0F70040F00400C9
:104AA000110707D500F01801182926D100F0E700FA
:104AB00040F014005B78D90707D500F018010829E9
:104AC00024D100F0F70040F00100990707D500F06D
:104AD0001803182B23D100F0E70040F01100D30693
:104AE00048BF00F0E700704700F01401042904BF3C
:104AF00000F0FB0040F00800D2E700F01401142998
:104B000004BF00F0EB0040F01800D3E700F0110103
:104B1000012904BF00F0FE0040F00800D5E700F0D6
:104B20001103112B04BF00F0EE0040F01800D6E78F
:104B3000522200200B4604494B7064230870022265
:104B4000184605F07BBF00BF240F0020F0B5154CC0
:104B50000122D4F800C0824012EA0C0520D1431C87
:104B6000114E44F8335004EBC30306EB0011070168
:104B70000E48586042EA0C020D4B22605A694C7B89
:104B8000F05942F001025A615B694B681A6822F0E1
:104B90000F021A600E22A24042601D600846F0BD5E
:104BA0000021FBE7781E0020A4BA0008A8230020FB
:104BB0000010024070B500EB810305465069DA60D1
:104BC0000E46144618B114220021FBF765FDA069BA
:104BD00018B114220021FBF75FFD31462846BDE8DD
:104BE0007040FDF765BB0000F8B50546052900F2E9
:104BF000AF80DFE801F0B1AD25B1AE03202686F32A
:104C00001188714D0024012105F1D800FDF774FED3
:104C100085F8E84085F8204184F3118886F31188EF
:104C2000012105F50B70FDF767FE85F83C4285F81C
:104C3000744284F311880520BDE8F840FEF7A6BB56
:104C4000202383F31188604C604A0121FFF7B2FFF3
:104C50005F4A04212846FFF7ADFF94F8B41004F131
:104C600044022846FFF7A6FF94F8B51004F1680245
:104C70002846FFF79FFF94F8B61021B104F18C028B
:104C80002846FFF797FFD4F8043152480026C4E9BC
:104C90003C336FF00101C4E94266C4F8EC60FDF7F3
:104CA00051FED4F83831C4F82431D4F83C314A48A4
:104CB00084F8E860C4E94A336FF00101C4E9506642
:104CC000FDF740FE0121454884F82061FDF714FE00
:104CD0004348FEF783F9434A94F808122846FFF741
:104CE00069FF94F80912404A2846FFF763FF94F8D9
:104CF0000A1219B13D4A2846FFF75CFFD4F8583232
:104D00003B480025C4E99133C4E99755C4F84052A3
:104D10006FF00101FDF716FED4F88C32C4F878323A
:104D2000D4F89032334884F83C52C4E99F33C4E944
:104D3000A5556FF00101FDF705FE01212E4884F80D
:104D40007452FDF7D9FD2D48FEF748F985F3118817
:104D5000F8BD0420FEF71AFB202787F311881A4CB0
:104D6000012504F1D8000221FDF7C6FD04F1E000A1
:104D700084F8E8506FF00101FDF7E4FD84F820515C
:104D80006FF0010104F58C70FDF7DCFD002686F361
:104D9000118887F31188022104F50B70FDF7ACFD33
:104DA00004F50D7084F83C526FF00101FDF7CAFD67
:104DB00084F874526FF0010104F51B70FDF7C2FD19
:104DC00086F31188C4E700BF780C002054C00008A7
:104DD00040C40008580D0020900D0020500D002008
:104DE0004C0D0020100E0020340E0020580E002024
:104DF000AC0E0020E40E0020A40E0020A00E002027
:104E00002DE9F347202383F31188324C00252646F1
:104E100001274FF4AA78A946D4F850311A681178BE
:104E200004294CD194F8DC10022948D11B7912894D
:104E300007FA03F3134242D1D4E94A3293423ED1F6
:104E400008FB0561D1F82421002A38D0D4F840218C
:104E5000002A34D0043AD21A31D01A60D1F8242171
:104E6000013AC1F82421D4F83421C4F84091134404
:104E7000D4F83021C4F82831934224BFD4F83C310F
:104E8000C4F8283101A904F58C70FDF7B0FCD4F802
:104E900050311A7E824652B101981A690021121AC5
:104EA0005044FBF7F9FBD4F850311B690193D4F857
:104EB0005001019B017900685246FDF767FB04F53C
:104EC000AA742DB1002383F3118802B0BDE8F087E6
:104ED0000125A1E7780C0020094A1278831C4AB109
:104EE000084A92F90020002A04DA1E2200211846FE
:104EF000FBF7D2BB0022C0F802209A80704700BFA7
:104F0000380F0020522200202DE9F843284D2B783D
:104F1000002B3DD0C521FE20FFF70CFE0021FD2017
:104F2000DFF89880DFF89890FFF704FE00244746EA
:104F3000B422B4FBF2F302FB13431E4A88F800309C
:104F400009EB040303F11001164653F8040B42F871
:104F5000040B8B42F9D11B88138064231322414632
:104F6000184605F06BFD98B91234B4F5AB7F13D138
:104F7000A2233B70104B11491A68C7F801205A68E8
:104F80001B7A33726423726018460A2205F056FDBC
:104F900000232B70BDE8F883B42CC9D1C521FE20B5
:104FA000FFF7C8FD0121FD20FFF7C4FDC0E700BFEA
:104FB0009A200020250F002091200020240F00209F
:104FC0003B1F00200D4B996910B481F82000186830
:104FD00002681A6053600122986180F82020EFF384
:104FE0000982CC69643A944203D972B6044ADA62FF
:104FF000FEE75DF8044BFBF7B3B900BF641C00206B
:105000001CAC000830B54B1C0B4D87B0044610D0CB
:10501000AB690A4A01A8FDF7E5FE2046FFF7D2FF7B
:10502000049B13B101A8FDF7A5FEAB69586A07B050
:1050300030BDFFF7C7FFF8E7641C00202D2D0008E6
:1050400070B5114E04460D46E3683BB123691A1D45
:10505000A262E2691344E36200200EE0237A6BB996
:105060007DB1B36962681C605A60294613600420F0
:105070006360FFF7C7FF0028E6DA70BD6FF001003C
:10508000FBE74FF0FF30F8E7641C00202DE9F84FF4
:1050900004460D4691469A464FF0200888F3118841
:1050A0000026B346A76A4FB951462046FFF7C8FF0E
:1050B00020B187F311883046BDE8F88FD4E90A079C
:1050C0003A1AA9EB0607974228BF1746402F1BD96B
:1050D00005F1400355F8042B40F8042B9D42F9D10B
:1050E000A36A4033A3624036D4E90A239A4204D328
:1050F000E16920460439FDF767FB8BF311884E45C3
:10510000D9D288F31188CDE729463A46FCF798FDB5
:10511000A36A3B443D44A3623E44E5E74430FFF7C5
:10512000B5BF4FF0FF334430FFF7B0BF70B5202359
:105130000D460446114683F31188866A2EB9FFF79F
:105140007FFF10B186F3118870BDA36A1D70A36A3A
:10515000E26A01339342A36204D3E1692046043931
:10516000FDF732FB002080F31188EDE74430FFF7B4
:10517000DDBF4FF0FF324430FFF7D8BF70B5114E9E
:1051800004460D46E3683BB16269131D1268A362D1
:105190001344E36200200EE0237A6BB97DB1B3695A
:1051A00062681C605A602946136004206360FFF740
:1051B00029FF0028E6DA70BD6FF00100FBE74FF031
:1051C000FF30F8E7641C00202DE9F84F04460E4636
:1051D00090469946202787F311880025AA46D4F8DF
:1051E00028B0BBF1000F09D149462046FFF7C6FFA2
:1051F00020B18BF311882846BDE8F88FD4E90A1254
:10520000A8EB050B521A934528BF9346BBF1400FFC
:105210001BD9334601F1400251F8040B43F8040B4B
:105220009142F9D1A36A40334036A3624035D4E9B4
:105230000A239A4202D32046FDF7E6FA8AF3118840
:105240004545D8D287F31188C9E730465A46FCF75E
:10525000F7FCA36A5B445E44A3625D44E7E70C305D
:10526000FFF7B2BF4FF0FF330C30FFF7ADBF70B5A3
:105270002023044683F31188866A3EB9FFF77EFF38
:10528000054618B186F31188284670BDA36AE26A04
:1052900013F8015BA362934202D32046FDF7B4FAF0
:1052A000002383F31188EFE70C30FFF7E0BF4FF0E6
:1052B000FF310C30FFF7DBBF054B9B6921B1036069
:1052C00058620320FFF79EBE4FF0FF30704700BFCB
:1052D000641C002007B52023024683F311880F4B7E
:1052E0001978042905D0002383F3118803B05DF8F1
:1052F00004FB1989C9060AD5DB69019058694FF486
:105300007A710C30FFF7D8FF0130019AEBD00348D7
:1053100006230421FDF73AF9E5E700BF7C180020D9
:1053200070B52023044683F31188204D2B78042B7D
:105330002E4625D11E4A2B8992F90020002A23DA15
:105340001C4A127802B3DA0610D420232246042124
:105350001648FDF71BF9184B224604F1200152F8BC
:10536000040B43F8040B8A42F9D109E0EB69586950
:105370004FF0FF310C30FFF79FFF2B78042BE4D068
:10538000002383F3118870BD9B0703D408232246B2
:105390000121DDE7336958694FF0FF310C30FFF729
:1053A0008BFF3378042BEBD1F0E700BF7C18002093
:1053B00052220020380F0020312200200FB42DE9A6
:1053C000F04F8DB016ABDFF82CA453F8046B0B93A1
:1053D00098460024307878B96FF00102A2424FF06D
:1053E000FF3328BF22460AA9FEF730F820460DB049
:1053F000BDE8F04F04B07047252806F1010608D03B
:105400002246651C4FF0FF330AA9FEF71FF82C4611
:10541000E0E7002206E02D2B14D0302B0CD142F017
:1054200001020E46314611F8013B2B2B0DD0F2D86C
:10543000202B0DD0232B0ED0A3F13000092827D824
:10544000002510E042F00202EBE742F00402E8E738
:1054500042F00802E5E742F01002E2E70A2000FB12
:105460000535303D0E46314611F8013BA3F13000C1
:105470000928F3D933782E2B44D17178A1F130006B
:10548000092806F1010342F4806233D8002711E0B5
:105490002A2B08D158F8045B002DBCBF42F0020251
:1054A0006D420E46E6E70025E4E70A2303FB0717F3
:1054B000303F0346184610F8011BA1F13006092EB3
:1054C000F3D91E4616F8011B6C2923D01DD8682974
:1054D00027D06A292ED01E4616F8010B78288FD8BF
:1054E00061282AD825288BD0582889D142F020025B
:1054F000102169E02A2906D158F8047BB31C27EA59
:10550000E777DEE733460027DBE77A29E3D142F489
:105510008072E1E759786C29F9D142F440729E1CFF
:10552000DAE75978682902D042F08002D4E742F0E5
:10553000C002F4E742F40072CEE7A0F16203162B3A
:105540003FF65EAF01A151F823F000BFA955000856
:105550006D560008A95500080154000801540008C0
:105560000154000801540008A9550008015400081E
:1055700001540008015400080154000801540008B7
:10558000A9550008C5570008015400080154000837
:10559000EF56000801540008A955000801540008FE
:1055A00001540008A95500087828A1D06F2800F000
:1055B0001C81622800F01B81692822F010024FF044
:1055C0000A0103D0642801D022F00C02530548BF21
:1055D00022F00102692802F4007301D0642825D169
:1055E000002B7FF4F7AED30508F1040913D5D8F8E2
:1055F0000030CDE90117CDE90352002B4FEAD372F9
:105600000092B8BF5B4222460AA95046FCF752FD01
:10561000C8460446DEE612F0400FD8F8003001D04C
:10562000DBB2E6E7100648BF1BB2E2E7002B7FF4CF
:10563000D1AED00508F1040907D5CDE90352CDE973
:1056400001170093D8F80030DDE712F0400FD8F8CA
:10565000003007D0DBB2CDE903520022CDE90117BB
:105660000092D0E7100648BF9BB2F4E712F00207A1
:1056700028D04FF0010958F8040B4FF0FF332246B1
:105680000AA9C0B204F1010BFDF7E0FE6FB34C466E
:105690005A4622E04FF0FF330AA92020FDF7D6FE3C
:1056A00004EB090209F101094D45F3D8002D05F17C
:1056B000FF3308BF002305F101091C4408BF4FF068
:1056C0000209D8E7B946EBE7571C4FF0FF330AA9A8
:1056D0002020FDF7BBFE01343A46A542F4D8A5EBE5
:1056E00009034D4538BF00239B445C4672E64346A0
:1056F000002F53F8049B069314BF3B464FF0FF3333
:105700004B44C84698F8001009B1434511D112F432
:105710008063A8EB0908079302D0B84528BFB846B4
:1057200012F0020308931DD1A8EB0403224609934B
:105730000BE008F10108E5E702F1010B4FF0FF3340
:105740000AA92020FDF782FE5A46099BD3189D42E4
:10575000F2D8A5EB0803454538BF002308F101083E
:105760001C449844A4EB090B06E01F464FF0FF339E
:1057700022460AA9FDF76AFE0BEB090419F8010B92
:1057800028B1079B002BF1D07B1E002FEDD1089B89
:10579000ABB12246A8EB040708E002F101094FF083
:1057A000FF330AA92020FDF751FE4A46D319AB4228
:1057B000F3D3A5EB0803454538BF00231C44DDF8AF
:1057C000188007E642F021020823CDE90273049213
:1057D00000231022CDE900320AA9224658F8043BE2
:1057E0005046FCF767FC0446F4E50821ECE602218C
:1057F000EAE600BF4D34000810B5114C23789A0733
:105800001CD0A0B9012262F3870323700D4B002244
:105810001A70FEF783FF0C4B1B78DB070ED522783E
:105820000A490B48BDE810409208FFF7C7BD24287D
:1058300001D92422E7E760F38703E6E710BD00BF44
:10584000EC2200204B0F00204C1E00202BAC000847
:1058500032AC0008054B1878C0F38500013810F011
:10586000FF0008BF2420FFF7C7BF00BFEC220020C5
:10587000044B187880080130252828BF0120FFF745
:10588000BBBF00BFEC22002013B50B4C23789B0755
:1058900010D06070A170E270FEF740FF074B1B78DC
:1058A000DB0707D5E37800936278A37804490548BD
:1058B000FFF784FD02B010BDEC2200204C1E00203A
:1058C0002BAC00084CAC0008044BDA789978587877
:1058D000103A22EAE272D2B2FFF7D6BFEC220020E1
:1058E000054BDA78997858781032FF2A28BFFF22C2
:1058F000D2B2FFF7C9BF00BFEC220020044B997859
:10590000DA785878103921EAE171C9B2FFF7BCBFE3
:10591000EC220020054B9978DA7858781031FF296D
:1059200028BFFF21C9B2FFF7AFBF00BFEC220020A4
:10593000034B5878DA789978083880B2FFF7A4BF1B
:10594000EC220020034B5878DA7899780830FFF77A
:105950009BBF00BFEC22002010B4174A12780B4600
:10596000EAB1164A92F90020002A18DAEF294FEA24
:10597000D1020BD8104401F007030121994083782C
:1059800023EA010383705DF8044B70470C4B1B78CE
:10599000DB07F8D50B485DF8044BFFF70FBD821C01
:1059A0000021083012F8014BA34208BF02F8011C85
:1059B0008242F7D1E7E700BF380F002052220020D3
:1059C0004C1E00206FAC000830B41B4A12780B4606
:1059D000D2B11A4A92F90020002A15DAEF294FEACB
:1059E000D10209D8024401F0070101238B409178CC
:1059F0000B43937030BC7047114B1B78DB07F9D514
:105A000030BC1048FFF7DABC841C4FF0FF32002195
:105A100014F8015BAB42EDD0B2F1FF3F02D1002D93
:105A200008BF0A460131CDB2062D49B2F0D1511C52
:105A3000E0D00244DDE700BF380F002052220020F2
:105A40004C1E00208DAC0008F8B52E4A2E4B127863
:105A50001B782E4C13432E4A127813432D4A237081
:105A60001278AAB1134323702B4B1B78002B3FD025
:105A70002A4B93F90030002BACBF06231E23284984
:105A80000022013BDBB2FF2B34D10AB1FDF71EFD32
:105A9000244B1B68002B34D01F4A127842B11F4A96
:105AA00092F90020002ABFBF22786270052222707E
:105AB0001D4D5B68154898472B78580721D5D907A5
:105AC00002D51A48FFF77AFC194F00262B78DA071F
:105AD00003D5A15D3846FFF771FC0136082EF5D1DC
:105AE0002B78DB070DD5BDE8F8401248FFF766BC00
:105AF0000623C4E711F8010B0028C2D00132D2B24C
:105B0000BFE7F8BDA2230020E422002004190020F2
:105B10008D220020CB220020380F002052220020AE
:105B200006190020E01E00204C1E0020ABAC00082F
:105B3000BDAC00085FB3000830B1044A137823EA13
:105B400000001070FFF780BF704700BFE422002004
:105B500028B1034B1A7810431870FFF775BF7047D0
:105B6000E42200200F4A38B55378C3F38001814204
:105B7000044615D060F38203537015881178042011
:105B8000FEF708FD290A2220FEF704FD064B1B78CC
:105B9000DB0705D521460548BDE83840FFF70EBCB8
:105BA00038BD00BF522200204C1E0020C3AC0008AC
:105BB00010B50A4C2379103B23EAE3732371FEF7F7
:105BC000ADFD074B1B78DB0706D522790549064852
:105BD000BDE81040FFF7F2BB10BD00BFEC22002073
:105BE0004C1E00202BAC0008D8AC000810B50A4CA5
:105BF00023791033FF2B28BFFF232371FEF78EFD7F
:105C0000064B1B78DB0706D5227905490548BDE818
:105C10001040FFF7D3BB10BDEC2200204C1E00202B
:105C20002BAC0008D8AC000808B50C4B1B78DB0780
:105C300002D50B48FFF7C2FB0A4B1A46312102F886
:105C4000011B09490888897891704FF67F72A3F883
:105C500001009A80BDE80840FEF760BD4C1E0020A0
:105C6000F7AC0008EC220020B0AA00082D4B1B78EE
:105C700013F0080F10B52C4C39D02C48FFF79EFBC1
:105C800061782B48FFF79AFB2A48FFF797FB94F9B6
:105C900002102948FFF792FB2848FFF78FFB94F981
:105CA00003102548FFF78AFB2448FFF787FB94F988
:105CB00004102148FFF782FB2048FFF77FFB94F98F
:105CC00005101D48FFF77AFB1D48FFF777FB1D4BBA
:105CD0001D481978FFF772FB1C48FFF76FFB1C4B40
:105CE00019481978FFF76AFB1A48FFF767FBFDF7B9
:105CF000CDFBE378A278134318BF174B227980B20B
:105D000018BF1880637913431CBF144B1880144BC1
:105D10001B6833B1022222709B680348BDE8104023
:105D2000184710BD4C1E0020C02200201BAD0008EB
:105D30003EAD000843AD000845AD000846B200087E
:105D400048AD0008C82200204BAD00084EAD000849
:105D5000C622002024B300088222002084220020D2
:105D6000E01E002010B50020FDF7D8FB0020FDF755
:105D7000C5FB0A4B00241C70094B1C70FFF764FE26
:105D8000084B1C609C80084B1C70084B1C70084B17
:105D90001C70BDE81040FFF769BF00BFA2230020C0
:105DA0008D220020C0220020C8220020C92200200D
:105DB000C6220020064A136803F0060106290CBF1C
:105DC00043F0080323F008031360FFF7CBBF00BFC5
:105DD00088220020044901220B6802FA00F023EA1D
:105DE00000030B60FFF7BEBF8822002010B50B4CEC
:105DF00094F9002022EA000040B24107207002D14D
:105E0000D2B2824203D1064B5B785B0705D5C0F363
:105E1000C700FFF7DFFF0023237010BDCA22002058
:105E200052220020044A012303FA00F013681843A9
:105E30001060FFF797BF00BF8822002008B5054B10
:105E4000054800221A70FFF747F8BDE80840FFF741
:105E500089BF00BFE42200200419002008B50146D4
:105E6000A8B3031FDBB2A02B06D81948FFF774FDB7
:105E7000BDE80840FFF7E8BD00F12003DBB2072BC7
:105E800009D8144B00F0070101208840197821EA55
:105E900000011970ECE700F15B03DBB2022B04D8C0
:105EA000BDE808400020FDF739BB00F15803DBB224
:105EB000162B04D8BDE808400020FDF71FBBEF28D3
:105EC00005D9FEF79DFCBDE80840FFF7CFBE08BD31
:105ED00004190020E422002010B5014604460648BB
:105EE000FFF76CFA054B0120A0401860FFF73AFF5E
:105EF000BDE81040FFF7A2BF50AD00086C1E0020A7
:105F000008B50548FFF75AFABDE8084003480122E2
:105F10000521FFF753BA00BF55AD000850AE000889
:105F20000138052841D8DFE800F0030E18222C368E
:105F30001E4A1F4813788B4286BF591AC9B20021E6
:105F40001170FFF73BBA1B4A1B4813788B4286BF80
:105F5000591AC9B200211170F3E7184A184813788A
:105F60008B4286BF591AC9B200211170E9E7154A60
:105F7000154813788B4286BF591AC9B20021117097
:105F8000DFE7124A124813788B4286BF591AC9B20A
:105F900000211170D5E70F4A0F4813788B4286BF56
:105FA000591AC9B200211170CBE77047400F002089
:105FB0009EAE0008410F0020ADAE0008420F002049
:105FC000BFAE0008430F0020D2AE0008440F0020EF
:105FD000E7AE0008450F002000AF00080138052893
:105FE00041D8DFE800F0030E18222C361E4A1F4865
:105FF00013781944FE29D4BFC9B2FF211170FFF7ED
:10600000DDB91B4A1B4813781944FE29D4BFC9B215
:10601000FF211170F3E7184A184813781944FE2934
:10602000D4BFC9B2FF211170E9E7154A15481378AA
:106030001944FE29D4BFC9B2FF211170DFE7124A0B
:10604000124813781944FE29D4BFC9B2FF21117038
:10605000D5E70F4A0F4813781944FE29D4BFC9B2B7
:10606000FF211170CBE77047400F00209EAE000863
:10607000410F0020ADAE0008420F0020BFAE000867
:10608000430F0020D2AE0008440F0020E7AE000806
:10609000450F002000AF000837B50446FAF77EFB35
:1060A0000546FAF77BFB0B4B8DF80050DB788DF83B
:1060B00002308DF801000098FDF7B4FEC0F30743ED
:1060C000C2B2C0F30721204603B0BDE83040FDF75F
:1060D00021BD00BFEC220020164BF7B55F789E78FB
:1060E000DD780446FAF75AFB4FF4B471024607F123
:1060F000B400B0FBF1F301FB1303DB1B48BF033318
:1061000002F0030243F38F0303FB02738DF80030A8
:106110008DF801608DF802500098FDF783FEC0F302
:106120000743C2B2C0F30721204603B0BDE8F040E8
:10613000FDF7F0BCEC2200202DE9F04F9C4D8BB018
:106140002C68FDF7A3F90646071BFDF79FF9994A4E
:10615000286092F800E004F57F430025FF33714684
:10616000AC469B1BECB2A6451AD8BCF1000F00D080
:106170001170914B1B7833BB904B1B7813F00302CB
:10618000009201D09B0800938D4A01921378032B53
:1061900000F28483DFE813F019002E0085039203D8
:1061A00005F10C0402EB44040135B4F80160B3427C
:1061B00037BF01F1FF31F619C9B24FF0010C28BF0A
:1061C000A4F80160CEE70023DDE77E4B00221A70C1
:1061D0007D4B7E4A1860774B03F1280153F8040B7E
:1061E00042F8040B8B42F9D11B7813700123019AFA
:1061F000137053E3764B009A1B78704E93423DD157
:10620000744A3378127803F003039B1A18BF0123F2
:106210006C4D6A78AB7073799A4205D000221146B2
:1062200010466B70FDF774FC009B242B2AD8DFE826
:1062300013F0270031006A00D70016015601A501AE
:10624000A901AB01B001B201B601B801BA01BC01AC
:10625000BE01C001C201C401C601C801CC01CE010A
:10626000D0013E02840201030303050309030B036B
:10627000130318031F03210328032A030123C7E77D
:10628000AB780BB90024CBE1002211461046FDF794
:106290003FFCF7E795F800A04F4BDFF840811A88E4
:1062A0009B78ADF824200AEBCA000AEB400A5FFA9B
:1062B0008AFA0AF11304E4B28DF826305B2C0998AF
:1062C000274628BF5B27FDF7ADFD5FFA80F9C0F3D5
:1062D0000721C0F307465FFA8AF39F4204D85A2C7D
:1062E0008CBF002401249BE108EB0A0393F81C21D6
:1062F0006B781A4204D033464A465046FDF70AFCF2
:106300000AF1010AE7E795F800B096F803A096F8BD
:1063100001908DF824900BEBCB000BEB400B5FFA58
:106320008BFB0BF11300C4B25B2C234628BF5B230D
:106330000293B3788DF825308DF826A00998039341
:10634000FDF770FD32798DF826A0C0F30743914424
:1063500007EE903A039B8DF824908DF825305FFA74
:1063600080F8C0F307270998FDF75CFD5FFA80F914
:10637000C0F3072AC0F30746029A5FFA8BF39A42EA
:10638000ADD9164B6A785B4493F81C3113420CD09C
:10639000D90751BF17EE903A33464A4651465CBF83
:1063A000424639465846FDF7B5FB0BF1010BE3E7D2
:1063B000F42200205622002055230020EC22002049
:1063C0004B0F0020460F00209C200020121F0020B1
:1063D000490F00204A0F0020ED22002030BE0008A7
:1063E0002F7896F8048096F802A096F803B0DFF8AC
:1063F000F89307EBC70307EB4307FFB207F113005E
:10640000C4B25B2C234628BF5B2302934FEA980853
:10641000029AFBB29A427FF662AF09EB070393F848
:106420001C216B781A4218D009EB4703727893F855
:1064300067308DF825A01B0903FB08238DF8243055
:106440008DF826B00998FDF7EDFCC0F30743C2B202
:10645000C0F307213846FDF75DFB0137D8E72F78F9
:1064600096F8048096F802A096F803B0DFF87893C7
:1064700007EBC70307EB4307FFB207F11300C4B2F2
:106480005B2C234628BF5B2302934FEA9808029AAD
:10649000FBB29A427FF623AF09EB070393F81C2166
:1064A0006B781A4219D009EB47038DF825A093F8B1
:1064B00066308DF826B008FB03F2737803EB5213B5
:1064C0008DF824300998FDF7ADFCC0F30743C2B244
:1064D000C0F307213846FDF71DFB0137D7E72F78BA
:1064E000C04B96F803901B8896F802A096F801B06E
:1064F00007EBC70007EB4007FFB207F11300C4B278
:106500003079C00858435B2CC0F30720A04628BF51
:106510004FF05B08FDF7E8FBA0F180035BB2002BB6
:10652000BCBFC0F1800043B25B00DBB213FB09F3D8
:106530001B128DF821A08DF820B08DF8223008981C
:10654000FDF770FCBA46A84F5FFA80F9C0F3072147
:10655000C0F307465FFA8AF398457FF6C0AE07EBB3
:106560000A0393F81C216B781A4204D033464A463A
:106570005046FDF7CFFA0AF1010AEBE79B48FDF719
:106580009DFD04E09A48FAE79A48FDF725FD044688
:1065900046E09948F9E79948FDF7A0FCF7E79848E5
:1065A000FAE79848EBE79848E9E79848E7E798481A
:1065B000E5E79848F0E79848E7E79848E5E798481E
:1065C000EAE79848FDF7DAFDE1E79748FAE79748E8
:1065D000F8E7AC78002C4CD13379824A103312881A
:1065E000FF2B28BFFF235343C3F30F230A21B3FB21
:1065F000F1F201FB12339BB2002B7FF443AEFAF7AA
:10660000CDF85B2390FBF3F202FB1300764B6A7824
:10661000034493F81C311A423FF434AEFFF75CFD9B
:106620002B7801332B70002C40F03481019A022327
:106630001370AB78002B40F02D81009B002B00F0F5
:106640003B81FCF77BFF820705D5FF231A461946DD
:106650003320FDF75FFAFCF771FF430740F11E811D
:10666000FF231A4619460F200BB0BDE8F04FFDF787
:1066700051BA2E78DFF8708106EBC60006EB4006B3
:10668000F6B206F11304E4B25B2C274628BF5B2761
:10669000BE42BFF624AE08EB06036A7893F81C31BD
:1066A0001A4202D03046FFF717FD0136F0E7AC780A
:1066B0002CBB33794B4A10331288FF2B28BFFF23A2
:1066C0005343C3F30F230522B3FBF2F202EB820222
:1066D0009B1A9BB2002B7FF4D5ADFAF75FF85B23D2
:1066E00090FBF3F202FB13003F4B6A78034493F8EC
:1066F0001C311A423FF4C6ADFFF7CEFC90E72E786E
:10670000DFF8E48006EBC60006EB4006F6B206F1C1
:106710001304E4B25B2C274628BF5B27BE42BFF6BA
:10672000DEAD08EB06036A7893F81C311A4202D0FA
:106730003046FFF7B1FC0136F0E73D4B2F781A8861
:106740009B788DF8223007EBC700264BADF8202050
:1067500007EB400730791B8896F80190224EFFB274
:1067600007F11304C0085843E4B25B2CC0F30720C0
:10677000A04628BF4FF05B08FDF7B6FAA0F18003F2
:106780005BB2002BBCBFC0F1800043B25B0003F0E2
:10679000FE0303EB430309EB93138DF820300898B5
:1067A000FDF740FBC0F307238DF82400C0F307403A
:1067B0008DF825308DF82600FBB298457FF68FAD19
:1067C000F31993F81C216B781A4208D09DF82630F3
:1067D0009DF824209DF825103846FDF79BF90137D8
:1067E000EAE700BF9C20002030BE0008B53A000850
:1067F000593A00089F3C0008573C0008113C00082B
:10680000CB3B0008313A0008F9390008C1390008CB
:106810006D39000839390008DB3D00089B3B000852
:10682000653B0008E9380008993800083938000845
:10683000ED2200202648A2E62648A0E62648FDF7DD
:1068400015FDA4E62548FAE7254B264918780138B6
:1068500020EAE070C0B201E022490020FDF786FD89
:1068600095E61F4B20491878013820EAE070F1E7DF
:106870001D49F2E71A4B1D491878013820EAE070EB
:10688000E8E71A49E9E7164B19491878013820EA70
:10689000E070DFE7009B002B7FF4D3AE0BB0BDE8C8
:1068A000F08F144B009A1A70134B144A1B78C3F3E1
:1068B00001031370FEF728FB032398E4104B1C68B8
:1068C000FCF7E4FD001B0F28E8D900238FE400BF8C
:1068D0002D3D0008ED370008B73700088337000862
:1068E000121F00203B370008C93600085136000847
:1068F0000B360008490F0020EC2200204A0F002030
:106900009C200020FEE70120704708B5F9F7BEFE85
:10691000012303604FF0FF3008BD0120704708B528
:106920001346002158221846F9F7B6FE4FF40052DC
:106930004260002008BD000010B50346202282F30B
:1069400011880B4C20686268014491424FF00002AC
:1069500006D982F311880C221A604FF0FF3006E04E
:106960008842F6D8216082F311880028F3D010BD48
:10697000401E0020002070471846704700207047D6
:10698000162303604FF0FF30704700002DE9F84FE9
:10699000B04B5C6C660534D5AF4D6FF480625A64C1
:1069A000002602222A70EE67AE6005F10C08082767
:1069B0004FF0200958F8043BABB189F3118858F81F
:1069C000043C586920B16FF001010C30FBF7C8FF9F
:1069D00058F8043C986920B16FF001010C30FBF7C6
:1069E000BFFF86F31188013F48F8046CE2D185F8B7
:1069F0006470FBF7CFFC6B681B6813B1964839468F
:106A00009847250514D4E00448D4A20508D5924837
:106A10004368DB6803B198478E4B6FF400725A6489
:106A20008D4D8E4E23044FD4BDE8F84FFBF7FEBECC
:106A3000884B894D1A6C42F008021A646FF40062A8
:106A40005A642B7885F8803005232B706B681B689F
:106A500013B10421284698470026AE60804D0827D0
:106A60004FF0200855F8043BABB188F3118855F876
:106A7000043C586920B16FF001010C30FBF770FF46
:106A800055F8043C986920B16FF001010C30FBF718
:106A900067FF86F31188013FE4D1B4E76D4B9A6C30
:106AA00011040CD41A6C6C4822F008021A6490F895
:106AB0008030037043681B680BB105219847654B14
:106AC0006FF480525A64A0E704F00F04A70007F1A6
:106AD000804707F5B84704F10209D7F800A005EB95
:106AE00089031AF0800FD3F8048025D03B68D8F8CA
:106AF000140033404268016943F400433B6003687B
:106B00000A449B1A42602DD0B8F810209A4228BF40
:106B10001A4683680261194481602046FBF77CFCB9
:106B20003B6823F4F04323F0400383F0300343F445
:106B3000004343F080033B601AF4004F0FD03B68E2
:106B4000334043F080031AF4006F3B60E1B225D07C
:106B500005EB89092846D9F804305B6898473D4B16
:106B60005C6C5FE7012303FA04F22B8923EA02033A
:106B70002B81D8F8083013B12146284698472023A6
:106B800083F3118805EB890300215B6858690C3099
:106B9000FBF7E6FE002383F31188CDE72D4BD8F8F1
:106BA00018201B6DD2F808C003F1804303F5C043E1
:106BB00003EB0410E1468368D0F80CE003F10053C6
:106BC000CEF30900CEF3480E03F540534FEA8E0A88
:106BD0000AEB430A5B00534509F1020942D16FF009
:106BE000010909FB0E09B9F1000F02D01B680CF86E
:106BF0001E309368034493605368034453601368E2
:106C00001B1A1360138A013B9BB21382B8F812203F
:106C1000824200D87BBB012303FA04F26B89023461
:106C200023EA02036B8105EB84035B68DB680BB12D
:106C300028469847202383F3118805EB8404636872
:106C4000986941680C30FBF78BFE002383F31188B1
:106C500085E700BF005C00407C1800200F07FFFFA5
:106C60008818002053F804BB09F802BC4FEA1B2B1C
:106C700009F801BCAFE73B6823F4904323F07003AD
:106C800083F4405343F4004343F080033B6066E7E2
:106C900008B50348FBF7DCFBBDE80840FBF7C6BDC1
:106CA0003018002008B50348FBF7D2FBBDE80840C8
:106CB000FBF7BCBD1418002008B50348FBF7F6FB32
:106CC000BDE80840FBF7B2BD0418002008B5034832
:106CD000FBF7ECFBBDE80840FBF7A8BDF41700206C
:106CE00008B50348FBF7E2FBBDE80840FBF79EBD93
:106CF000E41700204FF080422DE9F8431369D16872
:106D00000B40D9B2C9439B0711613FD5202383F3C0
:106D10001188204C4FF00008E36904F11C06C146BD
:106D20004FF08040A16A426A9F68551ABD421CD349
:106D300007469968A26A0A44A2621A68B24256607B
:106D4000A5EB0105E261D968C3F80C8008BFC7F85C
:106D50000C8089F3118818698847202383F31188F0
:106D6000E3699A689542E4D2DAE7E569B5420AD068
:106D7000A262AC682144891AA9609B68022B2CBFCF
:106D8000D21802324263002383F31188BDE8F8432E
:106D9000FBF74CBD641C002038B5234B196B8A6986
:106DA00002F47C50C861D96A4C68206820F00F005A
:106DB0002060487B0C680E2101FA00F06060986A40
:106DC00045682C6824F00F042C600468407B8140E7
:106DD0006160D40542BF996841F001019960900556
:106DE00042BF996841F002019960510542BF99681C
:106DF00041F008019960D20499680ED541F0200154
:106E00009960202383F3118808486FF00101FBF794
:106E1000A7FD002383F3118801E00029F1D1BDE82B
:106E20003840FBF703BD00BFA8230020C423002087
:106E30003F4838B5046BA36903F0FE02D906E2614E
:106E40002DD5C36A59680A6822F00F020A605A7B7E
:106E500019680E2303FA02F24A60826A55682968AB
:106E600021F00F0129601168527B93404B608368C9
:106E700043F004038360636843F4804363602368E2
:106E800023F046032360202383F311886FF0010170
:106E90001C30FBF765FD002383F3118806E01A061A
:106EA0000BD50378032B05D1FBF71AFBBDE838405F
:106EB000FBF7BCBCFBF72EFBF8E75B06F6D50178C9
:106EC000836A03295A681BD1C36A5D68296821F067
:106ED0000F0129605D7B19680E23AB404B6053683E
:106EE000BBB1FBF717FB836A5A68136843F00103D1
:106EF0001360636843F40053636004230370D5E7B1
:106F0000116821F00F011160597B1A680E238B4024
:106F10005360636843F480436360236823F0400355
:106F20002360202383F3118802480021B1E700BFCA
:106F3000A8230020C42300202DE9F74FC2F3C31378
:106F400002F0030AC2F38009C2F3C108C2F3411E72
:106F50000193574600224FF00F0BCB0737D5019C0A
:106F600002F007039B0004FA03FC012544689540E6
:106F700024EA050444EA09044460856803245600B1
:106F800004FA06F625EA060545EA08058560C5689F
:106F900025EA060545EA0E050BFA03F3BAF1020FDE
:106FA0006FEA0604C5606FEA03031BD1072A95BF89
:106FB000056A456A2B402B4095BF43EA0C0343EA20
:106FC0000C030362436203681C403C4304604908AD
:106FD0001AD04FEA49094FEA88084FEA8E0EBF00DF
:106FE0000132BAE705682C403C43072A046095BF8C
:106FF000046A446A2340234095BF43EA0C0343EAF2
:107000000C0303624362E2E703B0BDE8F08F08B50A
:10701000202282F31188012100F00F03994020F013
:107020000F00FFF789FF002383F3118808BD0000DC
:1070300008B50348FBF78AFABDE80840FBF7F6BB42
:1070400054BB000808B50348FBF780FABDE80840C8
:10705000FBF7ECBB44BB000808B50348FBF776FA26
:10706000BDE80840FBF7E2BB34BB000808B50348A5
:10707000FBF76CFABDE80840FBF7D8BB24BB00085F
:1070800008B50348FBF762FABDE80840FBF7CEBB42
:1070900014BB000808B50348FBF758FABDE80840E0
:1070A000FBF7C4BB04BB000808B50348FBF74EFA66
:1070B000BDE80840FBF7BABBF4BA000808B50348BE
:1070C000FBF744FABDE80840FBF7B0BBE4BA0008A0
:1070D00008B50348FBF73AFABDE80840FBF7A6BB42
:1070E000D4BA000808B50348FBF730FABDE80840F9
:1070F000FBF79CBBC4BA000808B50348FBF726FAA7
:10710000BDE80840FBF792BBB4BA000808B50348D5
:10711000FBF71CFABDE80840FBF788BBA4BA0008DF
:10712000FBF784BBFBF782BBFBF780BB08B50348CA
:10713000FBF7BCF9BDE80840FBF778BBD41700208B
:107140003E4B10B55A691C68144004F47C425A61E5
:10715000620510D53A4AD2F8A83013B1D2F8AC0083
:107160009847202383F3118836480021FBF7EAFB78
:10717000002383F31188230510D5314AD2F8B830A3
:1071800013B1D2F8BC009847202383F311882E480E
:107190000021FBF7D7FB002383F31188E00410D50F
:1071A000274AD2F8C83013B1D2F8CC009847202330
:1071B00083F3118825480021FBF7C4FB002383F3E8
:1071C0001188A10410D51E4AD2F8D83013B1D2F8D4
:1071D000DC009847202383F311881D480021FBF72A
:1071E000B1FB002383F31188620410D5144AD2F84E
:1071F000E83013B1D2F8EC009847202383F31188CC
:1072000014480021FBF79EFB002383F3118823041D
:1072100010D50B4AD2F8F83013B1D2F8FC009847D9
:10722000202383F311880C480021FBF78BFB0023FC
:1072300083F31188BDE81040FBF7F8BA0004014061
:10724000641B0020041C0020141C0020241C0020AF
:10725000341C0020441C0020541C0020324B10B56C
:107260005A691C68144004F478725A61A3060ED55A
:107270002E4A936D0BB1D06D9847202383F311886C
:107280002B480021FBF75EFB002383F31188600687
:107290000ED5264A936E0BB1D06E9847202383F308
:1072A000118824480021FBF74DFB002383F311884C
:1072B00021060ED51D4A936F0BB1D06F984720233E
:1072C00083F311881C480021FBF73CFB002383F368
:1072D0001188E20510D5154AD2F8883013B1D2F8DA
:1072E0008C009847202383F3118814480021FBF772
:1072F00029FB002383F31188A30510D50B4AD2F88C
:10730000983013B1D2F89C009847202383F311885A
:107310000B480021FBF716FB002383F31188BDE81F
:107320001040FBF783BA00BF00040140641B00203B
:10733000B41B0020C41B0020D41B0020E41B002031
:10734000F41B00200D4A08B5516913680B4003F087
:107350001003536173B10A4A936C0BB1D06C984718
:10736000202383F3118807480021FBF7EBFA002361
:1073700083F31188BDE80840FBF758BA00040140C8
:10738000641B0020A41B00200D4A08B55169136836
:107390000B4003F00803536173B10A4A936B0BB1BE
:1073A000D06B9847202383F3118807480021FBF70F
:1073B000C9FA002383F31188BDE80840FBF736BA09
:1073C00000040140641B0020941B00200D4A08B5F6
:1073D000516913680B4003F00403536173B10A4A07
:1073E000936A0BB1D06A9847202383F3118807482A
:1073F0000021FBF7A7FA002383F31188BDE80840BA
:10740000FBF714BA00040140641B0020841B002019
:107410000D4A08B5516913680B4003F0020353612C
:1074200073B10A4A93690BB1D0699847202383F35B
:10743000118807480021FBF785FA002383F31188A0
:10744000BDE80840FBF7F2B900040140641B0020CE
:10745000741B00200D4A08B5516913680B4003F0F6
:107460000103536173B10A4A93680BB1D06898471E
:10747000202383F3118806480021FBF763FA0023D9
:1074800083F31188BDE80840FBF7D0B90004014040
:10749000641B0020F8B59C460446202686F311881C
:1074A000002003252570A060256B80F31188E76A12
:1074B000636A7F683B60A36AFA605B68226AC7F808
:1074C00004C01A60069ADA60079A5A604FF0804347
:1074D00041F2873C5F6A86F31188AA69120406D5D7
:1074E0005A6AD21B62453BD880F31188F3E7626881
:1074F000236B9268120558BF490059602046FAF77D
:10750000EFFFE36A08995A68136843F001031360B8
:107510002B6843F040032B606B6843F400536B60AF
:1075200004F11C00FDF7C8FE431C21D16B6843F435
:1075300080436B60A36A59680A6822F00F020A60F0
:107540005A7B19680E2303FA02F24A60E26A506815
:10755000016821F00F0101601168527B93404B607C
:10756000052323704FF0FF30002383F31188F8BD0B
:1075700002232370F8E7000070B52023044683F34C
:107580001188056B41602B6823F001032B6006789E
:10759000012E33D18A239A22C0E90832264B984221
:1075A0002CD1264B1A6942F400121A611A6922F48E
:1075B00000121A611A69DA6942F40012DA610620CF
:1075C000DB69FDF7C3FAA0620520FDF7BFFA236A65
:1075D000E06243F480532362636A43F4805363623E
:1075E000174BA0224FF0004183F81F23C3F88011EE
:1075F000196083F82023C3F884615E60A36A5B6826
:1076000005F124029A60E36A5B6805F128029A603A
:107610006268536843F4404343F090032B6013685F
:107620002B612B6843F001032B600223237000239E
:1076300083F3118870BD00BFA82300200010024012
:1076400000E100E0EFF3098305494A6822F00102F6
:107650004A60683383F30988002383F311887047F5
:1076600030EF00E008B50146202383F3118808209D
:10767000FDF7C8FC002383F3118808BD2DE9F0470E
:1076800003F0B2F9C521FE20FDF754FA0421FD20D4
:10769000FDF750FA01210020FDF74CFAFF210120EF
:1076A000FDF748FA77210220FDF744FA2D4FDFF865
:1076B000B8804FF47A70FFF7D5FFDFF8B4C000222E
:1076C00040F25F19FF244FF0010E3D460CEB82069D
:1076D00096F802A0F17873780AF03F00890041EA39
:1076E0009A1100011CF822A040EA131003F00F03C6
:1076F0000AF003069B0143EA9A03013209FB068A5A
:107700005B2A0AF8034007F806E00AF800400AF886
:107710000140DBD1C521FE20FDF70CFA0221FD203E
:10772000FDF708FA104E0024E0B216F8011B0134F0
:10773000FDF700FAB42CF7D1C521FE20FDF7FAF9C8
:107740000321FD20FDF7F6F9084E0024E0B216F8FB
:10775000011B0134FDF7EEF9AB2CF7D100232B70A0
:10776000BDE8F087FF210020A02000205421002048
:10777000C4BC0008431F10B53E2B00F22C82DFE88A
:1077800013F01D010E0128013F002A022A020C01FC
:107790002A022A0251012A026001A0012A022A02B9
:1077A0002A022A0280012A022A026F012A023D01CE
:1077B0002A022A0228022802280228022802280275
:1077C000280228022802B0012A021D0105012A020E
:1077D0002A022A022A022A022A022A022A022A0249
:1077E0002A02B0012A022A020C012A0225022502DD
:1077F0002502250225022502250225022502B001C7
:10780000BA48FDF7DBFDBA48FDF7D8FDB94BBA48D9
:107810001978FDF7D3FDB948FDF7D0FDB84BB9484D
:107820001C78E4B2FDF7CAFD2146B748FDF7C6FD56
:10783000B248FDF7C3FDB548FDF7C0FD04F00101F6
:10784000AD48FDF7BBFDAD48FDF7B8FDB048FDF70D
:10785000B5FDC4F34001A848FDF7B0FDA748FDF70A
:10786000ADFDAC48FDF7AAFDC4F38001A248FDF7C9
:10787000A5FDA248FDF7A2FDA748FDF79FFDC4F3B3
:10788000C0019D48FDF79AFD9C48FDF797FDA34B6D
:10789000A3481C783C331B7844EA0324FDF78EFD93
:1078A00021469948FDF78AFD9448FDF787FD9D48DC
:1078B000FDF784FD04F001018F48FDF77FFD8F483F
:1078C000FDF77CFD9848FDF779FDC4F340018A4837
:1078D000FDF774FD8948FDF771FD9448FDF76EFDD5
:1078E000C4F300218448FDF769FD8448FDF766FD77
:1078F0008F48FDF763FDC4F340217F48FDF75EFD2F
:107900007E48FDF75BFD8B48FDF758FDC4F3800111
:107910007948FDF753FD7948FDF750FD8648FDF79E
:107920004DFDC4F3C0017448FDF748FD7348FDF7F1
:1079300045FD8248FDF742FDC4F300116E48FDF796
:107940003DFD6E48FDF73AFD7D48FDF737FDC4F378
:1079500040116948FDF732FD6848FDF72FFD794871
:10796000FDF72CFDC4F380116348FDF727FD634844
:10797000FDF724FD7448FDF721FD5F48C4F3C011F5
:10798000FDF71CFD5D48FDF719FD04E06F48FDF7AC
:1079900015FDFCF7E5FE01200FE06D48F3E76D4AA9
:1079A0006D48137823F00F031370FDF707FD6B4844
:1079B000FDF704FD6A4B0120187010BD6948FDF702
:1079C000FDFCFEF73BFA46F2A810FFF74BFEFBF773
:1079D00045FD604C2378C3F3000282F0010262F39C
:1079E00000032370DB0701D55F48CCE75F48FDF754
:1079F000E5FC237823F00E032370CCE7554C237865
:107A0000C3F3400282F0010262F34103980723703E
:107A100006D55748FDF7D2FC237843F00103EBE786
:107A20005448B0E74B4C2378C3F3800282F0010244
:107A300062F382035907237001D54F48EAE74F48A4
:107A4000A1E7444C2378C3F3C00282F0010262F341
:107A5000C3031A07237001D54948DBE7494892E779
:107A60004948FDF7ABFC4948FDF7A8FC4848FDF73D
:107A7000A5FC4848FDF7A2FC4748FDF79FFC474896
:107A800081E74748FDF79AFCFBF762FD0146454850
:107A9000FDF794FC444B45481978FDF78FFC444BA7
:107AA00044481978FDF78AFC434B44481978C909C2
:107AB000FDF784FCFBF7EAFC01464148FDF77EFC3C
:107AC00069E7FEF7BBF93C490B78C3F3C01282F0BB
:107AD000010262F3C7130B701B064CBF39483A48CA
:107AE00051E70020FEF7F8F955E700BF1BAF00088B
:107AF00026AF000806E003084BAD00085FB300089E
:107B000004E0030836AF00083EAD000849AF0008A6
:107B100053AF00085DAF000869AF000808E0030834
:107B200072AF000886AF00089FAF0008B6AF00082C
:107B3000C8AF0008DAAF0008ECAF0008FEAF0008DD
:107B400008B000081AB0000836B000083EB00008BF
:107B50004FB000084C1E002001B2000828B20008F7
:107B6000481E00202CB2000848B2000854B2000899
:107B700061B200086EB200087CB200088BB2000847
:107B80009BB20008A7B20008B4B20008C3B2000854
:107B900010B3000827B3000861B30008A6B30008BB
:107BA000B2B30008C0B30008380F0020DAB30008F1
:107BB00018220020F1B300085222002004B400086B
:107BC0001CB4000833B400083DB400083938C0B212
:107BD00088E71D38FBE70248FDF7F0FB0020ECE6E4
:107BE00048B40008F8B50446002800F09080031F50
:107BF000DBB2A02B00F22481A84E3578012D374648
:107C000010D0022D35D0002D40F0EE80A44B1B7813
:107C1000222B40F0EB802046FFF7ACFD0546002DFF
:107C200075D1E3E09E4B1B78222BF4D0142815D09D
:107C300008D80B280AD0102813D09A48FDF7BEFBAD
:107C40000025ECE7292809D03828F6D19648FDF719
:107C5000B5FB9648FDF7B2FB0125E0E700253D7036
:107C6000DDE7FEF74DF99248FDF7A8FB02233370DC
:107C7000D5E7292841D018D8132849D009D8072892
:107C800000F09C800B282DD08648BDE8F840FDF719
:107C900095BB142831D0A0F11E04E4B2052CF3D812
:107CA000844B1A5D844B1A701EE038281AD0A0F15C
:107CB0004B04E3B2072BE7D8072CE5D801A353F810
:107CC00024F000BFB57D0008897C0008897C00088D
:107CD000B97D0008897C0008897C0008A97D00081E
:107CE0009D7D0008FEF70CF9734B1978002979D0B7
:107CF000BDE8F8407148FDF761BB6F4B1A780AB1D7
:107D00000022D0E76948FDF759FB01233B70F8BD1D
:107D10006B48FDF753FB6B48FDF750FB6A4B6B4814
:107D20001978FDF74BFB6A48FDF748FB6948FDF7FA
:107D300045FB694B65481978FDF740FB6448FDF742
:107D40003DFB6648FDF73AFB654B60481978FDF747
:107D500035FB5F48FDF732FB6248FDF72FFB624BB6
:107D60005A481978FDF72AFB5948FDF727FB5F4869
:107D7000FDF724FB5E4B55481978FDF71FFB54486F
:107D8000FDF71CFB5B48FDF719FB5B4B4F4819786F
:107D9000FDF714FB4E48FDF711FBA5E70121464B0B
:107DA0001878FEF71BF99FE70121434B1878FEF77F
:107DB000B7F899E70A21F2E70A21F6E7424B4F4864
:107DC0001E221A70444B32221A70454B0A221A7036
:107DD000454B14221A70464B08221A70464B282233
:107DE0001A70D8E7464850E700233370454B1B789C
:107DF000ABB1454B93F90030002B10DA434B03EB4A
:107E0000D40304F007019A7801238B401A420FD063
:107E10003E482146FDF7A0FDFDF716FE08E03C4A6E
:107E2000002312F8011B8C42F2D00133062BF8D14B
:107E300036482146FDF7C8FDBDE8F840FDF704BE11
:107E400000F12003DBB2072B08D8154B00F0070028
:107E50001978012484400C431C70EDE700F15B03AA
:107E6000DBB2022B05D82438BDE8F84080B2FBF71E
:107E700055BB00F15803DBB2162B06D8254A32F861
:107E80001300BDE8F840FBF739BBEF287FF63FAFA2
:107E9000FCF79CFDBDE8F840FDF7E8BE481E002059
:107EA000E422002048B4000801B2000828B200080B
:107EB0004AB400087EB80008C7220020D9B40008E0
:107EC0004EB400085CB40008400F00204BAD000821
:107ED0005FB300086EB40008410F002080B40008B2
:107EE000420F00208FB40008430F0020A0B4000808
:107EF000440F0020B5B40008450F0020CCB40008A2
:107F0000DFB40008380F002052220020041900209E
:107F1000061900204CB8000838B5392805460CBFB2
:107F200050240024FFF75EFE24B92846BDE83840FF
:107F3000FDF794BF6420013CFFF794FBA4B2F3E784
:107F40002DE9F041164682781F460C46234B6AB154
:107F50001970FBF79BFA224B04F0070418800120EC
:107F6000A040C0B2BDE8F041FDF7F2BD1D788D42E2
:107F70002DD11B4BB3F80080FBF788FAA0EB08006B
:107F800080B2C72823D806F12004B542E4B210D04D
:107F900005F00700012505FA00F0C0B2FDF7CCFDA1
:107FA000072C06D806F0070005FA00F0C0B2FDF76E
:107FB000CFFD3846FFF7B0FF072C0DD806F00706B7
:107FC0000120B040BDE8F041C0B2FDF7B5BD04F0FE
:107FD00007040120A040F5E7BDE8F081F822002069
:107FE000FA2200202DE9F84FDFF81881DFF818A1F8
:107FF0000026062745464FF00109B3465AF8044BC0
:10800000202383F3118824F00F0004F00F0409FAF1
:1080100004F421460122FEF78FFFA4B244838BF3C0
:10802000118800BF00BF00BF00BF00BF00BF00BF7E
:1080300000BF00BF00BF00BF00BF00BF00BF00BF48
:1080400000BF00BF00BF00222A48144650F8041B9E
:1080500021F00F0C01F00F01DCF8103023FA01F1D0
:10806000CB0758BF09FA02F102F1010248BF002113
:10807000112A44EA0104E9D15AF8040CFEF7C7FFBB
:108080000320FFF7EFFAD8F80020013F94421ABF0F
:10809000C8F800400122002217F0FF0746EA020656
:1080A00008F10408AAD1144CEEB101232370FBF7A8
:1080B000EDF9124B1880114B1F88FBF7E7F9C01B35
:1080C00080B2052812D90E4B2A681A606A685A6075
:1080D000AA689A60EA68DA602A691A616A695A616C
:1080E0000023237002E02378002BE4D13046BDE862
:1080F000F88F00BF24BC0008491E00204A1E002043
:1081000090220020CC22002028C4000838B520236B
:1081100083F311880E4B9C69606204F12805A06A04
:10812000A8420FD194F822303BB994F821309B0734
:1081300002BFD4E9043213615A61BDE838400F2010
:10814000FCF740BF0368A362FAF7C4FBE7E700BF90
:10815000641C0020134B1A689969106810B44360BE
:108160001860012082F820009A618868002281F856
:1081700020201A461B689C688442FBD858680B6014
:10818000486001605960EFF30983C869643B984215
:1081900003D972B6044BD362FEE790695DF8044BD5
:1081A000F8F7DEB8641C00201CAC00081149F0B5DB
:1081B00008200026D1E901340A681D46043AAC4281
:1081C00010D8E21CD21ADD1E22F00302AC4238BFE6
:1081D00000221344CA689A4209D8013801F11001FB
:1081E000E8D1F0BD52F8047F45F8047BE7E743F897
:1081F000046BF0E7A8C30008FEE770477047000073
:10820000404A08B552F8041C3F4B99420DD1002357
:1082100042F8043C83F314883C4B1B6883F30888C2
:1082200062B63B4B1B689847FEE73A4A3A49936A65
:1082300043F4FC039362936A23F4FC039362936A0E
:10824000536943F4FC0353614FF090405369FAF7CC
:108250001FF832493248FAF71BF832493248FAF728
:1082600017F832493248FAF713F832493248FAF728
:108270000FF832493248FAF70BF8136843F001035C
:10828000136013461A689207FCD55A6822F003025D
:108290005A605A6812F00C02FBD1196801F0F9011A
:1082A00019605A601A6842F480321A601A689003A2
:1082B000FCD55A6A42F001025A625A6A9107FCD50B
:1082C000204A5A604FF40452DA6230221A631A6864
:1082D00042F080721A601A689201FCD51A4A122183
:1082E0001160116801F007010229FAD15A6842F0C1
:1082F00002025A605A6802F00C02082AFAD11A6B7C
:108300001A6308BD00A00020EFBEADDE00D8FF1F3D
:1083100004D8FF1F00100240A8BF0008C4BF000817
:1083200000040048E0BF000800080048FCBF000847
:10833000000C004818C000080010004834C00008B5
:108340000014004800241D0000200240C0F3072351
:1083500003EB031313B553FA80F00B4900F0070445
:10836000C0F3C40000EB800000220144104611F865
:10837000013BE34003F00103934001321843052A17
:10838000C0B2F4D102B010BD14230020C0F3072303
:1083900003EB031337B553FA80F000F00703012213
:1083A0009A40C0F3C4000A4B00EB8000D2B21844DC
:1083B0000024057821FA04F343F300036B401340D3
:1083C00001346B40052C00F8013BF2D103B030BD05
:1083D0001423002082B00328ADF804100AD89DF8B9
:1083E0000510052906D89DF80420102A02D802B0ED
:1083F000FBF7B6B8002002B07047000013B5ADF827
:1084000004100199FFF7E6FFE728044600F2868092
:10841000DF280ED8312873D015D8292869D02A280A
:1084200075D0012C51D0231F9BB2A12B28BF002453
:108430004BE0A0F1E003072B73D8DFE803F01872DC
:10844000282D3872424939280BD0822809D0352886
:1084500048D0A72C6FD8A42CE3D9243C44F4804402
:108460008CE07C4B1B789807F3D0E0242DE0794A10
:108470001378D90700F1E880527812F0010F24D068
:1084800013F0100F08BFE32418BF00241DE0714B48
:108490001B7813F0040FF2E76E4A1378580700F1C7
:1084A000D5805278D107E0D413F0100FECE7694B78
:1084B0005A78920709D51B7813F0100F08BFE724EC
:1084C000E2E7644B1B781807F6D4204602B010BDD3
:1084D000604A1378190700F1BB8052789207E3D500
:1084E000E424F2E75B4B1B7813F0200F18BF29241C
:1084F000EBE7584B1B7813F0200F18BF3524E4E747
:10850000544B1B7813F0400F18BF2A24DDE7514B62
:108510001B7813F0400F18BF3124D6E7B0F5A44FF5
:108520002ED2B4F5A24F76D2FF2C0BD8EF2C90D9D7
:1085300044F4A04422E0BE2C60D9A4F1E1039BB234
:10854000072B73E7B4F5A04F0AD2B4F5804F5DD284
:10855000A4F580739BB2B3F5F85F0FD30024B4E7A2
:10856000C4F38103C4F3011204F003005B0101248E
:1085700043EA022384401C4344F40C44A4B2A4E71D
:10858000B0F5AC4F1AD2B0F5AA4FC0B249D2B4F58B
:10859000A84F0ED28308B4F5A64F00F003004FF0A9
:1085A000010404FA00F040EA4314E5D344F40A4419
:1085B000E4E74AF2F40444EA002486E7B0F5B44F55
:1085C0000CD2B0F5B24F34D2A0F5B0439BB2FF2B22
:1085D000C4D84AF2F00040EA0424CFE7A0F5C04333
:1085E0009BB2B3F5005FB9D2C0F30420FCF74CFA9C
:1085F000000200F4F850E4B2044317E05834164B7C
:10860000E4B233F8144044F488445EE7C4F30B0446
:1086100044F4204459E7E4B24AF2F10343EA042463
:1086200053E7FCF731FA000200F4F85444F4005424
:108630004BE700F00F00FCF727FAC4F3031440EAFD
:10864000042444F4104499E739243EE7E2243CE74B
:10865000E6243AE7522200204CB800080D4B73B5CF
:108660001E680D4BADF804001B681F241E4326FA3C
:1086700004F3DB07E5B205D4013CF8D20025284617
:1086800002B070BD01992846FFF7B8FE80B20128FC
:10869000F2D0F4E7882200206C1E002007B5ADF868
:1086A00004000198FFF7DAFF019903B05DF804EBCD
:1086B000FFF7A4BE07B5ADF804000198FFF7EEFF81
:1086C000C3B2C0F30322C0F3033002380D281DD813
:1086D000DFE800F007071C1C161C1C1C07071A1CEF
:1086E0001C1AF02B14D006D8E72B8CBF00200120D9
:1086F00003B05DF804FBF42B14BF00200120F7E762
:10870000E72B05D9F12BF7E7D008F1E70020EFE7D9
:108710000120EDE72DE9F04F8188038885B00446FC
:10872000ADF80C30002900F03F85BDF80C204FF665
:10873000FF739A4200F038850068012202F031F997
:10874000A1780346002900F01385A0F5BE42123A35
:1087500092B20F2A00F2BC84A74A12780ABBA0F199
:108760001203DBB240F2573653BBDFF8B0A20393DB
:108770003046731CFAF78DFC00228DF80C008DF842
:108780000D2070B1421E022A25D88DF80D0001225D
:1087900018468DF80C20FAF77CFC02368DF80E0096
:1087A000D0B9964B1B785E0700F0FE84A378002BAF
:1087B00000F0FA84022005B0BDE8F04FFDF716BBCB
:1087C000B6F5806FEDD03046FAF763FC08B9013B8F
:1087D000DBB20136C8E71E4603AD2B78002BC7D0AD
:1087E000012B2FD16B78A878012B03D10235FFF72D
:1087F00093FB04E0022B04D10235FFF7F3F90135B6
:10880000EBE7032B03D10235FDF728FBF7E7042B39
:1088100001D00135F3E77A4A023500274FF00A0EFE
:10882000835C69785B0705F1010C05D4013FE6D351
:108830006420FEF717FFF9E730380EFB070765469F
:108840000846EDE76F4A704912F803B0DA0803F002
:10885000070311F802806D491AF8027011F80290AE
:108860001F4148FA03F817F0010749FA03F308F02B
:10887000010803F0010902D0E120FFF7B3F9B8F1D4
:10888000000F02D0E620FFF7ADF95846FFF744FB92
:10889000B8F1000F02D0E620FDF7E0FA17B1E120B1
:1088A000FDF7DCFAB9F1000FA9D02C209FE70120D9
:1088B000FDF7B8FAFDF77EFA73E70120FDF78AFAB3
:1088C000F8E70220F4E7A3F5B943743B022B0ED876
:1088D000DFE803F011151900E12226231146204696
:1088E000FFF72EFB5DE72723E522E521F7E72623A7
:1088F000E122E021F3E72723E522E421EFE7262325
:10890000E122E221EBE72723E522E621E7E728231E
:108910000122EAE7A3F5B9427A3A92B2082A40F274
:10892000088445F61642934240F0D780384B3948C8
:108930001B7803F0AA03002B374B15BF012200223E
:10894000352129211A70FDF73FF8FDF77DF828E75A
:10895000A3F5B843033B122B1CD8DFE803F0202417
:108960002835393D4147676B6F737F83878B91ADA6
:108970009900A3F5B9437A3B9AB2082A00F2EB8337
:10898000082B00F2E883DFE803F0161B61654B7FDC
:108990008EA1A6002B7843F001032B70DBE32B782C
:1089A00043F00203F9E72B7843F00403F5E72B7853
:1089B00043F00803F1E76B7843F001036B70CAE3FF
:1089C0006B7843F00203F9E72B7843F01003E4E7F8
:1089D0002B7843F02003E0E72B7843F04003DCE7FB
:1089E000FDF72CFA2B7843F08003D6E72B7823F0A1
:1089F0000C0343F00C03D0E7FEE70308CA22002073
:108A0000B5AA000876BB000866BB000866BB000874
:108A1000E42200200419002000220020F6BB0008F8
:108A20006B7823F0030343F00303C7E72B786FF35E
:108A30000003B2E72B786FF34103AEE72B786FF3B7
:108A40008203AAE72B786FF3C303A6E76B786FF373
:108A50000003B3E76B786FF34103AFE72B786FF355
:108A600004139AE72B786FF3451396E72B786FF38F
:108A7000861392E7FDF7E2F92B786FF3C7138CE7C3
:108A80002B7823F00C0388E76B7823F0030395E73A
:108A90002B78C3F3800282F00102D2B262F3820328
:108AA00062F3C30379E76B78DA4302F0010262F301
:108AB000000362F3410381E7FDF7C0F92B78C3F3AC
:108AC000C01282F0010262F3C71366E701210E2093
:108AD000FBF760FD3FE30021F9E7BA4A107845F65D
:108AE000D542934200F0220032D845F6C14293426B
:108AF0003AD9A3F5B943433B122B00F28E8001A271
:108B000052F823F0498C0008538C0008598C000857
:108B10005F8C0008658C00086B8C0008718C000865
:108B2000778C00087D8C0008838C0008898C0008F5
:108B3000918C0008958C0008998C0008A387000888
:108B4000A3870008A3870008A3870008A38700085D
:108B500045F65D5293423FF424AE45F65A52934295
:108B600000F0CB8000F29A8045F60142934200F07B
:108B7000B18045F6DE42934200F0BC80B3F5B84FB9
:108B800000F0A0802288A378ADF80C200398002B79
:108B900000F0B780FFF762FD054601460398FFF736
:108BA000F5FB894F03992846FFF728FC3E7894F897
:108BB0000690A17816F0070605464FEA191918D055
:108BC0000E46B1B1C5F3072303F0F003402B05D0E7
:108BD00005F12003DBB2072B40F2978002200191C0
:108BE000FDF704F93B78019913F0070F0CBF01263C
:108BF0000026C5F30338B8F10B0F00F2BF80DFE8A1
:108C000018F0860086000D010D0162017A01BD0099
:108C1000BD008401E301F401F4016C4D2B7883F075
:108C200001032B706A4B00221A70FBF777FD694B2A
:108C30001B78DB077FF5B5AD2A786749674802F0F6
:108C40000302FCF7BBFBACE5654A6649FAF79DFCFD
:108C5000A7E5644A6249F9E7634A6449F6E7634A6B
:108C60006149F3E7624A6349F0E7624A6049EDE728
:108C7000614A6249EAE7614A5F49E7E7604A614958
:108C8000E4E7604A5E49E1E70120FCF7B5FD88E5CD
:108C90000520FAE70D20F8E71220F6E745F65B52CB
:108CA00093422CD045F65C5293427FF46BAF564B07
:108CB0005878C0F3800080F0010000F00100FCF75C
:108CC00051FF5FE7FDF7BAF846F2A810FEF7CAFCBD
:108CD000FAF7C4FB3F490B78C3F3000282F00102AC
:108CE00062F30003DF074CBF484849480B70FCF7AC
:108CF00065FB56E5FBF734FD53E50120DFE7002077
:108D0000DDE7FFF723FB05464BE7002671E7C5F3D8
:108D10000723C5F3032913F0F00F18BF4FEA091911
:108D2000EDB2A9B1B9F1000F0CD005F12003DBB20F
:108D3000072B00D955B9234A137849EA0303137066
:108D4000FCF782FE2846FEF74DFF17E0314AF3E7B5
:108D50002846FDF783F8B9F1000F0FD005F1200286
:108D6000D2B26FEA0903072A5BB201D9002D53D1B1
:108D7000144A11780B401370FCF766FEA8F108083E
:108D8000B8F1030F01D8FAF7E3FB96B197F90000A9
:108D900010F001030DD1A370C0F3C700FDF742F836
:108DA0002046FFF7B7FC97F90000C0F3C700FDF7B6
:108DB00011F82068A188002205B0BDE8F04F01F04D
:108DC000F0BD00BFE4220020CA220020EC220020D7
:108DD0004B0F00204C1E00202BAC0008E2B4000812
:108DE00055580008715800083159000845590008C5
:108DF000FD58000815590008C9580008E158000836
:108E0000B15B0008ED5B00085222002019B5000894
:108E10002AB50008A2230020A84AAAE7C5F3072321
:108E200003F0F003C5F30320202BEDB218BF0001BF
:108E300075B1012D2ED0002937D0B9F1000F0ED019
:108E4000A379D9077FF57EAF6FF30713A37106E00F
:108E500099B19B4B1A781043B9F1000F02D1FCF77E
:108E600077FE8BE7B9F1010FF9D1964949784D07A3
:108E700084D4904282D0187080E7B9F1000F04D1F9
:108E8000FAF724FBFCF758FE78E7B9F1010F3FF43D
:108E900075AFF5E721B1B9F1050F3FF66FAFDEE72A
:108EA000B9F1040F3FF66AAFECE7B9F1000FE9D072
:108EB000392D0CBF4FF4FA500120FEF7D3FB2846A2
:108EC000FCF7CCFF5AE715F4406FC5F3812308D0B7
:108ED000012B7FF453AF61B1C5F30900FAF70EFB24
:108EE0004CE721B1C5F30900FAF718FB46E708463D
:108EF000FAE70846F2E7E8B221B1FBF767FDFCF7B5
:108F0000B5FE3BE7FBF77CFCF9E715F4407F29D180
:108F100000297FF433AFC5F342129200D0B205F0BE
:108F20000F0202FA00F3EA0644BF0F228240C5F3A3
:108F3000812054BF0A46D243022863490ED0032839
:108F40000AD0012806D013430A6813400B60FCF7CF
:108F500009FF13E7086803431343F7E713430A685D
:108F60005340F3E7C5F3012209B302F00103002BDC
:108F70003FF404AFC5F342118900CAB215F01001E5
:108F80001CBF0F219140C5F3812005F00F0318BFCE
:108F9000C94302284D4D03FA02F30FD0032811D024
:108FA000012806D02A680B4313402B60CFE75308F3
:108FB000DDE72A681A430A432A60C8E72A680B4398
:108FC0005340F2E70B43F0E75FFA85F9C5F3032559
:108FD00021B12846FCF726FF484640E74846FCF703
:108FE000ABFD2846FCF7F6FEC8E65FFA85FAAAF163
:108FF000F003042B48D8DFE803F003141B202B00F8
:1090000061B1B9F1040F3FF6B9AE304BC5F304209E
:109010001A680125854055401D6098E7B9F1050F94
:10902000F1E7C5F304200029DCD0FCF7FBFEA5E640
:10903000C5F304200029F8D0D4E7244A31B1C5F3A0
:109040000425012303FA05F5156080E711607EE72A
:1090500079B1C5F304200190FCF7E4FE194B0198A7
:109060005B7813F0040FE0D1C30043F003033B70BF
:10907000DBE70120FCF7BAFEB9F1010F7FF67EAE07
:109080000220FCF7B3FE79E639B1B9F1000F01D047
:10909000504658E6C5F30420C7E7B9F1000F09D0E0
:1090A000BAF1390F0CBF4FF4FA500120FEF7DAFA8B
:1090B000504605E7C5F3042094E700BFA223002033
:1090C000CB220020522200206C1E0020882200208B
:1090D00045F6107290423FF4EAAB45F611729042A9
:1090E0003FF4EFAB45F6F642934213D845F6F24211
:1090F00093423FF6E8AB45F6D84293423FF4F3ABD8
:1091000045F6D94293423FF402AC45F6D74293422A
:109110003FF4E2AB002937D0254A0021117045F613
:10912000154293423FF6F6AB45F6014293427FF675
:10913000D4AC204A204912780978204D42EA012215
:109140002A8045F6154293423FF613AC45F601429C
:1091500093423FF6FDAB2E8829780420FBF71AFADC
:10916000310A2220FBF716FAFCF768FEFFF719BB5D
:1091700045F6107290423FF4A0AB45F61172904252
:10918000B0D10220FFF79ABB45F6164293427FF416
:10919000F9AC0B4B0B481B78002B14BF3521292150
:1091A000FCF7DAFBFFF7D1BB05B0BDE8F08F00BFDD
:1091B000F822002008E0030844E0030852220020BF
:1091C0000022002004190020214BF7B59A7912F0F3
:1091D000F00F0AD19A7842B11E4A1F4E12781F4DE5
:1091E0004FF6FF773178914201D103B0F0BD9888F6
:1091F0001988ADF8041038B389B2B94224D005EB10
:10920000C20493F801C061788C451DD193F800C069
:1092100015F832108C4517D1A178A9B9A188091A7F
:1092200089B2C72910D899790948012262F3071138
:109230009971A37962F30713A371FFF76BFA03B077
:10924000BDE8F040FAF74AB9013202F00702C9E777
:1092500056230020A1230020A0230020602300200B
:109260002DE9FF47B34F0446BB880068009038885B
:109270002278617894F80280B4F804A0ADF8080070
:109280003D46002B00F0C08080B24FF6FF7C604569
:1092900000F0BA80BE78002E00F0B680AAEB03037F
:1092A000B8799BB2C72B00F0F00900F28D803B88A3
:1092B000ADF80830B9F1000F49D16345C14619D066
:1092C0008DF800208DF80110BDF800C09C4511D12B
:1092D000B8F1000F40F0F580012363F30710B87177
:1092E0003846FFF717FABB79A3710026304604B061
:1092F000BDE8F087BAF1000F40F0E780B8F1000F49
:10930000F3D0AB7943F00103AB71EEE700EBC3059B
:1093100095F801C08C4506D110F833C0944502D1B0
:10932000AD78002DE1D1013303F00703E1E010F443
:10933000706F02D0002B00F0FB802033DBB2072BD4
:1093400040F2F6802046FFF7E5F9B146F0E06345CC
:1093500013D08DF800208DF80110BDF800C09C4599
:109360000BD1B8F1000F08D1A0712046FFF7D2F958
:1093700023683B6063687B60B8E78DF800208DF858
:1093800001100098FFF796F9D0B1B8F1000F17D08F
:10939000AB791F2B0CD92A88ADF8082002A800222F
:1093A0008DF80A20ADF80CA08DF80E30FFF7B2F959
:1093B00023682B6063686B60FFF706FF012695E763
:1093C0002046FFF7A7F9F9E7B9F1000F07D13846B2
:1093D000FFF7A0F9C7F80090C7F80490A8E08DF84F
:1093E00000208DF801103B88BDF800C09C45C4D119
:1093F000B8F1000FC1D1A0712046FFF78BF9C7F873
:109400000080C7F8048071E72888ADF80800002BB9
:1094100040D086B24FF6FF7086423BD0AE78002E29
:1094200038D1AAEB03039BB2C72B30D84646002E97
:10943000C6D08DF800208DF801102B88BDF80020D3
:109440009A4217D1AB79DA070FD413F0F0020CD09F
:10945000F02AA37106D0DBB2C3F30312013262F328
:109460000713A3712046FFF755F923682B60636843
:109470006B603BE70098FFF71DF9002898D1AB79A6
:10948000204643F00103AB71FFF744F92EE72E604D
:109490006E602BE7B8F1000F92D08DF800208DF8A8
:1094A00001100098FFF706F90646002888D02368C7
:1094B0002B60636828886B60FFF7F0F8FFF784FE85
:1094C00014E7BAF1000F3FF41CAF8DF808208DF8B7
:1094D0000910BDF808004FF6FF7398423FF40EAF35
:1094E000B8F1000F7FF40DAF1348144B07781B78C9
:1094F0001348BB427FF40AAF8DF800208DF80110AD
:109500000098FFF7CBF8C0F30332012AC3B27FF60D
:109510000EAF0E3202F00F02012A3FF613AF10F425
:10952000706F3FF40AAFA27912F0F00F7FF405AF2D
:109530004E46DBE656230020A0230020A123002076
:1095400060230020F0B587B06F4687E803003846F7
:10955000FFF786FE214E224D044628BB97E8030004
:1095600004AB83E80300BDF80410BDF81020ADF88B
:109570000C20C9B11FFA82FC4FF6FF729445377870
:10958000287811D07A1C02F0070282420ED0154CC6
:10959000ADF8141003CB04EBC70C44F8370032705D
:1095A000CCF80410F9F79AFF0E4C11E0FCF746FCDA
:1095B0000D4B34702C701C605C60F5E704EBC00050
:1095C000FFF74EFE40B12B78013303F007032B70F9
:1095D000287833788342F1D107B0F0BDA023002072
:1095E000A12300206023002056230020B24B9A6A5A
:1095F00062F4FC022DE980489A629A6A02F4FC0245
:109600009A629A6A1A694FF0FF321A610024196946
:109610001C611969D968DA60DA68DC60DA68DA69CD
:10962000A64942F08052DA61DA690A6842F480722F
:109630000A601A6A02F44072B2F5007F1A461EBF31
:109640004FF4803313621462136A1F048FB007D47F
:10965000136A43F400731362136A43F40043136202
:109660009749984D0023C1E9003301206E683360AB
:1096700041F8303001300D2805F11005F6D192493E
:109680004FF0FF334B60C1F80434904B6021402011
:1096900083F80613C3F880011860802083F807134D
:1096A0004FF40075C3F8800118604FF4807083F8A0
:1096B0000813C3F88001186083F80913C3F88051B8
:1096C0001D604FF4806583F80A13C3F880511D6054
:1096D0004FF4000583F81713C3F880511D6083F819
:1096E0002813C3F88401702158604FF0807083F80C
:1096F0001813C3F8800118604FF0007083F8191335
:10970000C3F8800118604FF0806083F81A13C3F823
:109710008001186083F81B134FF00061C3F88011BB
:10972000196093696A4943F00103936193690B6877
:1097300043F020030B6000206649034601301028E7
:10974000C1E90011C1E9023301F11001F6D162490A
:10975000624E0B6201F11805C1E90655604D01200A
:109760000870C1E90433C1E90A535E4901F11805E3
:10977000C1E906555C4D0870C1E90433C1E90A53DB
:109780000B625A495A4DCD6008704B60594905F536
:109790008065CD6008704B60574905F59035CD6008
:1097A00008704B60554905F54065CD6008704B6009
:1097B000534901F10C05C1E90355524D08704B6046
:1097C0004B61C1E90A33CB610D634F490425087031
:1097D0004B60CB600D748E614C490D744C4D08701C
:1097E0004B60CB608D614B4901F10C05C1E903551C
:1097F000494D0870C1E9075341F20A0641F21805C4
:10980000C1E90A65454E4B61C1E901334B62002154
:109810003070736006F12C000B4640F8043B0131B8
:1098200007298361F9D1D169B36041F00101D161A8
:109830003B49D2698A683B4D42F001028A604FF091
:10984000804240F2CF21916201204FF0FF31D1627E
:1098500093615363D3605360506110601B4A802052
:1098600082F81C034FF08050C2F88001106005F1AF
:109870001C02C5E907222C4A2C4810602C48506075
:109880002C4A2D489360C2E9000302F10C00C5E99F
:109890000913AB60C5E90055C5E90455C2E90300E9
:1098A0005361CDE90613CDE908336B67002200232D
:1098B000CDE90A23042741E0001002400070004077
:1098C000781E0020A4BA00080000024000E100E079
:1098D00000000140641B0020740F002000040040C1
:1098E00068BC0008A40F002084BC0008E417002016
:1098F00000100040F417002004180020D4170020A6
:10990000A823002000540040141800203018002024
:10991000000800404C180020003800407C1800204F
:10992000002004E0641C0020401E0020E0230020F2
:1099300000A00020501E0020C52E000806A8F8F741
:10994000C3FF06A8F8F7A0FF013FF7D1069B6B679E
:109950008023C5E91A73AB63DC4BDD4AAB646B69EA
:109960006B64012185F851706F6685F852102D6483
:109970001A6102F12803AB6502F12C03C5E9173324
:10998000D44B6A61AA61EB6485F85010202080F303
:10999000118862B6D04BDFF89CC3D3F80CE02EF4EC
:1099A000E06E4FEA0E4E4FEA1E4E4EEA0C0CDFF808
:1099B00088E3C3F80CC0DEF80CC04CF0807CCEF815
:1099C0000CC0DFF878E3DEF800C04CEA010CCEF8FA
:1099D00000C04FF0100C83F81FC083F8220087F3FB
:1099E000118862B680F31188BC4B03F1B400C3F850
:1099F0002401BB48C3F82011C3E93D07C3E95471F2
:109A000083F83A11B748B849C3F81401C3F83011C4
:109A100002206969A3F8380103F58C70C3F82C1192
:109A2000C3F83431C3F84C71C3F82851086103F509
:109A3000A071C3F8401103F5A271C3E95111A969DE
:109A4000C3F83C719E468B6868618446002B00F029
:109A5000DC81F8F73FFF002585F31188A34BA44A6A
:109A60001A60A44BA44A5A6002F188325A6029460F
:109A70001022A248F6F710FEA14BDFF8C4E21D70D9
:109A8000A04B1D70A04B03F108029A6503F11C0264
:109A9000C3F8802003F13002D3F8C410C3F8A0202B
:109AA00003F1D802D3F8BC00C3F8D820D3F8D020F3
:109AB000D3F8B8C0C3F8EC5003F1E0070431C3E9B0
:109AC0004002C3E93877C3E93C2201FB0027D3F801
:109AD000CC20C3F8D4E0C3E93E714FF0010803F194
:109AE000D40003F58C71894F83F8DC80C3E94255BB
:109AF000C3E9461183F8E88083F82081C3F8107128
:109B0000C3F81401C3F824C1C3E94A22D3F8C01032
:109B1000C3E9505504317E4D0CFB0128C3E94C814B
:109B2000C3E94EC2C3E95250D3F8B020202181F3DB
:109B3000118893F8B41002EB8101AC46886293F867
:109B4000B510113142F8210093F8B61011B102EBB3
:109B5000810290626F4AC3F85021022183F8DC1021
:109B6000002585F3118802F1AC01C3F8AC1102F1B4
:109B7000C001C3F8D41102F5C27002F1D401C3E9E7
:109B80008D00C3F8F411D3F81802D3F81082C3F88B
:109B9000647202F5BE71C3F82C12D3F82412C3F814
:109BA00028E2043000FB0819C3E99390D3F81402AB
:109BB000C3F84052C3E9958102F5BC77D3F80C8213
:109BC000C3F86872C3E9911102F5DE72D3F820126E
:109BD000C3F87882C3E99B22021D4FF0010E02FBFD
:109BE0000810C3E99F11C3E9975583F830E283F861
:109BF0003CE283F874E2C3E9A102C3E9A381C3E9AB
:109C0000A555C3E9A7C7D3F80422202181F3118801
:109C100093F8081202EB81018F6293F80912113157
:109C200042F8217093F80A1211B102EB8102976297
:109C3000394AC3F8A422022783F83072002585F33D
:109C400011884FF4805101224FF09040FDF774F9D4
:109C50004FF090434FF480525A833048FDF702FD95
:109C6000202383F311882E4B73603378012BC6E9D0
:109C70000355C6E90555C6E90755C6E9095501D199
:109C8000F8F7A6FB3770002585F3118840F20272C1
:109C90004FF480514FF09040FDF74EF9214B41F2C7
:109CA0008830DD60FDF7DEFC1F48FBF787FB2023D3
:109CB00083F311884FF080435A6A85F311881B4B58
:109CC0001B481A60FDF7A3F93CE000BF0EBC00087A
:109CD000941C00200004002000ED00E0E01C0020A7
:109CE000C12E0008790300083CB50008200F0020B1
:109CF000A53000080020024023016745001F002016
:109D0000101F0020111F0020780C00208D3000084B
:109D10009F2F0008280D00207C0E0020F049020033
:109D200064C400081C22002041B50008E82200207D
:109D30000A0000480003FA05F0ED00E0001000E022
:109D400074C400084048414EFDF761F94048FDF7F2
:109D50005EF94048FDF75BF93F48FDF758F93F4889
:109D6000FDF755F9013556F8040BEDB2FDF74FF943
:109D7000112DF7D13A4D3B4800232A46A8461946F3
:109D80000133DBB2062B40F8041B42F8041BF7D169
:109D9000354B364F1B783A7843EA02231BB213F552
:109DA0008B7F01D0FAF7DCFC314B324E1B783370DD
:109DB000314A324B1B78127843EA0223304A13802F
:109DC000FEF710F940F6B830FDF74CFCFEF70AF943
:109DD000D8F8003013F0010858D0FF212320FAF7FB
:109DE000D9FBFF212420FAF7D5FBFF212520FAF724
:109DF000D1FBFAF7A1FCFF210020FAF7CBFBFF21F2
:109E00000120FAF7C7FBF9F729FB81F82070303AF7
:109E1000126890680028FBD150680A6048600160B1
:109E200051600122C5F818C08EF83821EFF309837C
:109E3000CA69643B9A4203D972B6124BEB62FEE7E1
:109E40001148F6F78DFA06E60D00004824BC00081C
:109E50000E0000480D0800480400004803000048B8
:109E600090220020CC22002000E0030802E003083A
:109E700004E003084C1E002044E0030808E0030847
:109E8000522200201CAC0008F81D0020B04B1A78AC
:109E9000B04B1A60FBF766FFFDF7F0FBAE4A4FF0E0
:109EA000FF3353769376D376137753779377D377BD
:109EB00082F8203082F8213082F8223082F8233074
:109EC00082F8243082F8253082F8263082F800802B
:109ED00082F8273082F82830A04A53769376D376DA
:109EE000137753779377D37782F8203082F8213035
:109EF00082F8223082F8233082F8243082F825302C
:109F000082F8263082F8008082F8273082F82830E4
:109F1000934B1B783A7843EA02231BB213F58B7FED
:109F200009D03378D90702D58E48FBF747FAFAF7FC
:109F300017FCFBF779FE8C4A1C23174618460133A1
:109F4000F9F7A7F8242B02F8010BF7D13B7813F0AF
:109F5000FC0F07D13378DA0702D58448FBF72EFAD5
:109F6000FBF762FE3378DB0736D58148FBF726FA2C
:109F70003378D80730D539787E4801F00301FBF7F4
:109F80001DFA3378D90727D539787B488908FBF73C
:109F900015FA3378DA071FD579787848FBF70EFA87
:109FA0003378DB0718D5B9787548FBF707FA3378AB
:109FB000D80711D5F9787348FBF700FA3378D90739
:109FC0000AD539797048FBF7F9F93378DA0703D500
:109FD00079796E48FBF7F2F96D4B1B78212B07D18D
:109FE0006C4B1B78072B03D16B4B1B78132B13D0B7
:109FF00000212620FAF7CEFAFAF75CFBFAF74EFBBF
:10A0000021212320FAF7C6FA07212420FAF7C2FA01
:10A0100013212520FAF7BEFA604B614A61481A60A5
:10A02000FBF7CCF9604FDFF8B481B94698F800200F
:10A030003B785E4E00219A4226D018460133305CB0
:10A04000052803F00F034FF00101F4D189F8003027
:10A05000574B584800261E70574B1E70FAF73CFFAE
:10A06000564B1E609E80564B1E70564B1E70564BB4
:10A0700030461E70F9F752FA3046F9F73FFAF9F711
:10A0800067FA524B1E70D1E701B13A70504E3378E7
:10A09000052B2ED14F48DFF84881FBF78FF90127B8
:10A0A00020E0FCF749F8002211461046F9F730FD90
:10A0B0000022464B104611461F70F9F729FD434B0D
:10A0C00040F2A4601F70FDF7CDFAFDF78BFF2A4622
:10A0D000002352F8041B002940F0B0830133DBB2A7
:10A0E000062BF6D13378052BDBD0FBF7ADFCFBF765
:10A0F000BDFDFDF777FF08B1F9F7C8F9364BCDE99B
:10A1000000530027FBB20393009B53F8046B0093AA
:10A11000019B1A4652F8043B0293029B0192B34200
:10A1200060D10137062FEDD1F9F7B0F900234FF6D2
:10A13000FF7240F00100ADF81E30ADF818208DF828
:10A140001A30ADF81C00DDE90601FFF7FBF930E13C
:10A1500006E003086C1E0020121F0020562200207B
:10A1600000E0030852B50008EC22002084B5000886
:10A17000D9B50008F3B5000812B600082FB60008DC
:10A180004DB600086BB6000889B60008A7B60008EF
:10A1900046E0030848E003084AE00308E01E002008
:10A1A000640C0020C5B60008111F0020001F00200D
:10A1B000E422002004190020A2230020C022002055
:10A1C000C8220020C9220020C622002055230020DA
:10A1D0007C180020D6B60008A8220020101F0020FE
:10A1E000001002405B4B1B789B0779D4029B4FF019
:10A1F000000A83EA06094FF0010818EA090F5FFA1E
:10A200008AFB00F0B78118EA060614BF4FF0010977
:10A210004FF00009F9F73AF940F0010080B200234D
:10A220000EB14D4A1370ADF81E30039B8DF81930F6
:10A230008DF818B08DF81A90ADF81C00DDE9060114
:10A24000FFF780F9454A52F8273083EA080342F8BD
:10A25000273056B1424B07EB07171F4417F80A3057
:10A26000FF2B16BF012600261C46DFF80C8198F84C
:10A2700000A00AEB0603082B474626DDC6F10809B5
:10A28000711C4A464144781CF7F7DAFC06F10901D3
:10A290004A46414408F10900F7F7D2FC06F10C01E7
:10A2A00008EB41014FEA4902013108F11900F7F7C3
:10A2B000C7FC06F111014A46414408F11100F7F7C5
:10A2C000BFFC0AF1FF3388F80030254898F80030C9
:10A2D000002204F13001964600EB4101944661E012
:10A2E0002048FBF76BF8A9464FF0000A51461E487C
:10A2F000FBF764F81D48FBF761F859F804BB5FFAF7
:10A300008BF000F03BFB0590CBF3072000F036FB11
:10A310004FEA1B428046CBF30740049200F02EFB2D
:10A32000049A8346100A00F029FB059B40EA0B2B98
:10A3300048EA03281FFA8BFB4BEA08410C48FBF75D
:10A340003DF80AF1010A0B48FBF738F8BAF1060F9D
:10A35000CCD14BE74C1E0020A2230020A8220020D5
:10A3600030BE0008DAB600083EAD00087DB4000833
:10A3700001B700085FB3000856220020FA1891F8D0
:10A3800006E082F801E00C3307EB430391F807E0A5
:10A3900082F809E05474012283F801C083F802C0F6
:10A3A00096460346581C7645C0B2E7D80AB188F8ED
:10A3B0000030DFF818A3FBF7BFFE9AF902609AF9A4
:10A3C00003709AF800300093002256EA07039AF9C6
:10A3D00004809AF905909AF801B08AF802208AF868
:10A3E00003208AF804208AF8052011D0AB4A12888D
:10A3F0000192F9F74BF8019AA94B801A1A7880B2AA
:10A40000002A00F0C080A7490978884200F3C6807E
:10A4100058EA090340D0A44A12880192F9F736F8A5
:10A42000019AA249801A0A7880B2002A00F0978225
:10A43000642831D9FF2A01D001320A70B8F1000F27
:10A4400009D0FAF753FAB8F1000FCCBF0122FF226E
:10A4500050438AF80400B9F1000F09D0FAF746FA20
:10A46000B9F1000FCCBF0122FF2250438AF805004A
:10A470009AF9041081B19AF9050068B1B5225143E7
:10A48000091202FB00F208BF0121121208BF0122CB
:10A490008AF804108AF805209AF803109AF8022026
:10A4A0000A439AF804100A439AF8051052EA010385
:10A4B00001D0FBF7DBFB009B8AF800308AF80370C1
:10A4C0008AF801B07A4F8AF802608AF804808AF824
:10A4D0000590F9F73DF83B78834219D0F9F738F841
:10A4E0003870744F3B780646580711D5D9070FD5F9
:10A4F0007148FAF763FF3B78DA0709D56F483146B0
:10A50000FAF75CFF3B78DB0702D56D48FAF756FF98
:10A51000DFF8BC814046202250F8D43F06A91E6ACD
:10A520000023B047D8F8283220221E6A06A900234B
:10A5300008F50A70B04700283FF474AD9DF8183054
:10A54000013BC7B2122B00F29B80DFE813F05600EC
:10A550005D008D009D00C300E40099009900990002
:10A5600099009900E700EB00F0001301300133017E
:10A57000350159010AF1010ABAF1110F4FEA4808F1
:10A580007FF43BAECDE54F49097801EB8101B0EB9B
:10A59000410F7FF73DAF01321A7001E0FF2AFAD177
:10A5A00046B1FAF7D7F9002ECCBF0122FF22504363
:10A5B0008AF8020047B1FAF7CDF9002FCCBF01228B
:10A5C000FF2250438AF803009AF9021000293FF451
:10A5D0001FAF9AF9030000283FF41AAFB522514388
:10A5E000091202FB00F208BF0121121208BF01226A
:10A5F0008AF802108AF803200AE700238DF8193040
:10A6000009238DF81A3024E09DF81930022B00F050
:10A610009B81032B0DD0012B32D1F8F737FF030EAE
:10A620008DF81A30030C8DF81B3040BAADF81C00C1
:10A630000FE006AB2846042250F8041B19710E0CDB
:10A6400003329E70162A4FEA1126DE7003F10303CF
:10A65000F2D1202F7FF4E6ACD8F828321A485B6894
:10A660003A4606A99847DDE49DF81930022B07D138
:10A67000DDF81A1009BAC9B22620F9F78BFFE8E70E
:10A68000FF238DF81830E4E79DF81B209DF81A1081
:10A690009DF81900F8F764FFC7E700BF8222002089
:10A6A000C8220020410F002084220020C92200205F
:10A6B0008C2200204C1E002008B700083EAD000888
:10A6C0005FB30008400F0020A00E0020C022002031
:10A6D000780C00209DF81C309DF81D109DF8192065
:10A6E0009DF81B0041EA03219DF81A3003EB031388
:10A6F0005B00CC2616FB023606EB400606F127006F
:10A700000FFA81F980B2090A2836F9F743FF5FFA98
:10A7100089F1B0B2B1E7F9F7CDFF9AE710238DF8D0
:10A72000193096E700238DF81930A92369E79DF8C1
:10A7300019209DF81A309DF81B6043EA022303F2AA
:10A740005732C3F57C4306A9A9334FF00009D0184E
:10A7500080B2B042BFF47DAFA2F25730A82806DC29
:10A760001046F8F796FC087101320131EFE781F8E5
:10A770000490F9E79DF819309DF81A609DF81BA028
:10A7800046EA03264FF000091FFA89F39A457FF63F
:10A7900060AFA82E07DC06AB4B4406F257301979A0
:10A7A00080B2F9F7F7FE09F101090136ECE7F9F794
:10A7B00075FF4EE70423B2E79DF819209DF81A3083
:10A7C0009DF81B6043EA022303F12702C3F57F4390
:10A7D00006A9D9334FF00009D01880B2B042BFF4B7
:10A7E00038AFA2F12700B0F54C7F06DA1046F8F733
:10A7F00050FC087101320131EEE781F80490F9E76D
:10A800009DF819309DF81A609DF81BA046EA0326B2
:10A810004FF000091FFA89F39A457FF61AAFB6F593
:10A820004C7F07DA06AB4B4406F12700197980B25A
:10A83000F9F7B0FE09F101090136EBE73378052B92
:10A840000BD1494F3B6C43F010033B64C820FCF72D
:10A8500009FF3B6C23F010033B64202383F3118832
:10A860003378012B18D0414B4FF48062C3F8882015
:10A870004FF40061002283F84A23C3F8881083F85C
:10A880004B23394B03221A64D8F81C3023F40003FD
:10A89000C8F81C30D8F81C30DFF8DC900027012302
:10A8A00077603370BA4659F8043B7BB1586920B1E0
:10A8B0006FF001010C30F8F753F859F8043C98692F
:10A8C00020B16FF001010C30F8F74AF80137082F7A
:10A8D00049F804ACE7D1264B1A689B6992689B68DB
:10A8E0009A4201D9FDF736FC002787F3118801222F
:10A8F0004FF480514FF09040FCF71EFB4FF0904317
:10A900004FF480525A83202383F31188194B7360CC
:10A910003378012BC6E90377C6E90577C6E90777DF
:10A92000C6E9097701D1F7F753FD022333700023FD
:10A9300083F3118840F202724FF480514FF090403F
:10A94000FCF7FAFAFFF7ABBB2620F8F7A2FB0023CF
:10A95000ADF81A308DF81C308DF81D0079E6B0F591
:10A96000967F3FF669AD97E5005C004000E100E0AE
:10A97000641C002064C4000888180020030943EA0E
:10A980000010C0B28300801000F0330003F0CC034D
:10A99000034358005B1003F0550300F0AA0018436E
:10A9A000704713B502AB03E903009DF8023000982D
:10A9B00073B16AB1FDF752FE044601460098FDF7F7
:10A9C000E5FC0099204602B0BDE81040FDF702BD4D
:10A9D000FDF7BCFC0446F4E728B1202814BF4FF073
:10A9E000FF306FF001007047124B07B51A78F2B9CB
:10A9F00001211970104801924021FCF79DFA019A3B
:10AA00000D488021FCF798FA4FF47A70FCF72AFE83
:10AA1000094840F206224021FCF78EFA064840F22F
:10AA20000622802103B05DF804EBFCF785BA03B081
:10AA30005DF804FBA4230020000400482DE9F04346
:10AA4000DFF85C80144C85B00D46207013494046F9
:10AA500016461F46FCF790FDDFF848C0247840F208
:10AA6000E7300021ECFB07014FF47A720023F5F781
:10AA700091FC4FF000096408CDE90190CDF80090F9
:10AA800033462A4621464046FCF704FD05B0BDE8A2
:10AA9000F043FFF7A1BF00BFA3230020A0C400081C
:08AAA000A8230020A08601009C
:04AAA800F8B500BF3E
:04AAAC00F8B500BF3A
:10AAB00000FFFF0000202020202020202020282828
:10AAC000282828202020202020202020202020206E
:10AAD00020202020208810101010101010101010AE
:10AAE00010101010100404040404040404040410DE
:10AAF000101010101010414141414141010101016C
:10AB00000101010101010101010101010101010135
:10AB10001010101010104242424242420202020241
:10AB20000202020202020202020202020202020205
:10AB300010101010200000000000000000000000B5
:10AB40000000000000000000000000000000000005
:10AB500000000000000000000000000000000000F5
:10AB600000000000000000000000000000000000E5
:10AB700000000000000000000000000000000000D5
:10AB800000000000000000000000000000000000C5
:10AB900000000000000000000000000000000000B5
:10ABA00000000000000000000000000000000000A5
:10ABB0000000000000000000040C00200000000065
:10ABC0000000000000000000000000000000000085
:10ABD0000000000000000000000000000000000075
:10ABE0000000000000000000000000000000000065
:10ABF0000000000000000000000000000000000055
:10AC00000000000000000000000000000000000044
:10AC10000000000000000000000000007374616389
:10AC20006B206F766572666C6F7700454550524FAA
:10AC30004D00726762206D6174726978206D6F6477
:10AC400065205B25735D3A2025750A0072676220D6
:10AC50006D61747269782073657420687376205B07
:10AC600025735D3A2025752C25752C25750A006401
:10AC7000656C5F6B65795F6269743A2063616E270A
:10AC8000742064656C3A20253032580A006164648F
:10AC90005F6B65795F6269743A2063616E27742027
:10ACA0006164643A20253032580A006B6579626F1E
:10ACB0006172645F7265706F72743A200025303281
:10ACC0005820004F6E6573686F743A206163746931
:10ACD00076653A2025640A00726762206D6174729D
:10ACE000697820736574207370656564205B2573D3
:10ACF0005D3A2025750A006565636F6E6669675F5A
:10AD00007570646174655F7267625F6D61747269AA
:10AD1000785F64656661756C740A006D6F75736544
:10AD20006B6579205B62746E7C7820792076206870
:10AD30005D287265702F61636C293A205B002530B5
:10AD40003258007C002564005D28002575002F0026
:10AD50004C25640A000A092D204D6F7573656B65DB
:10AD600079202D0A4553432F713A09717569740A88
:10AD7000313A0964656C6179282A31306D73290A8A
:10AD8000323A09696E74657276616C286D73290AAE
:10AD9000333A096D61785F73706565640A343A0906
:10ADA00074696D655F746F5F6D61780A353A097714
:10ADB0006865656C5F6D61785F73706565640A36A0
:10ADC0003A09776865656C5F74696D655F746F5F7C
:10ADD0006D61780A0A703A097072696E7420766142
:10ADE0006C7565730A643A097365742064656661FD
:10ADF000756C74730A75703A092B310A646F776E3B
:10AE00003A092D310A706775703A092B31300A7092
:10AE100067646F776E3A092D31300A0A7370656581
:10AE200064203D2064656C7461202A206D61785F28
:10AE30007370656564202A202872657065617420CE
:10AE40002F2074696D655F746F5F6D6178290A00EA
:10AE500077686572652064656C74613A2063757209
:10AE6000736F723D25642C20776865656C3D2564A1
:10AE70000A53656520687474703A2F2F656E2E77BB
:10AE8000696B6970656469612E6F72672F77696B92
:10AE9000692F4D6F7573655F6B6579730A006D6B14
:10AEA0005F64656C6179203D2025640A006D6B5FED
:10AEB000696E74657276616C203D2025640A006DB0
:10AEC0006B5F6D61785F7370656564203D202564FC
:10AED0000A006D6B5F74696D655F746F5F6D61789B
:10AEE000203D2025640A006D6B5F776865656C5FA7
:10AEF0006D61785F7370656564203D2025640A008C
:10AF00006D6B5F776865656C5F74696D655F746FA5
:10AF10005F6D6178203D2025640A006565636F6E72
:10AF20006669673A0A0064656661756C745F6C6196
:10AF30007965723A200064656275675F636F6E665B
:10AF400069672E7261773A20002E656E61626C65CA
:10AF50003A20002E6D61747269783A20002E6B657C
:10AF600079626F6172643A20002E6D6F7573653A75
:10AF700020006B65796D61705F636F6E6669672E27
:10AF80007261773A20002E737761705F636F6E7421
:10AF9000726F6C5F636170736C6F636B3A20002E2D
:10AFA000636170736C6F636B5F746F5F636F6E74FC
:10AFB000726F6C3A20002E737761705F6C63746CF3
:10AFC0005F6C6775693A20002E737761705F7263FA
:10AFD000746C5F726775693A20002E737761705FD9
:10AFE0006C616C745F6C6775693A20002E737761D1
:10AFF000705F72616C745F726775693A20002E6EC3
:10B000006F5F6775693A20002E737761705F6772B2
:10B010006176655F6573633A20002E737761705FB8
:10B020006261636B736C6173685F6261636B7370A1
:10B030006163653A20002E6E6B726F3A2000436C9C
:10B04000656172696E6720454550524F4D0A000A8E
:10B05000092D204D61676963202D0A443A09446532
:10B06000627567204D65737361676520546F67670C
:10B070006C650A583A094D617472697820446562BA
:10B080007567204D6F646520546F67676C65202D70
:10B090002053686F77206B65797072657373657381
:10B0A00020696E206D617472697820677269640A24
:10B0B0004B3A094B6579626F617264204465627531
:10B0C0006720546F67676C65202D2053686F772069
:10B0D0006B65797072657373207265706F72740A34
:10B0E0004D3A094465627567204D6F75736520544C
:10B0F0006F67676C650A563A0956657273696F6EB9
:10B100000A533A095374617475730A433A094163E7
:10B1100074697661746520436F6E736F6C65204D42
:10B120006F64650A46312D4631303A0953776974A8
:10B13000636820746F204C6179657220302D39204E
:10B1400028463130203D204C30290A302D393A092B
:10B1500053776974636820746F204C61796572203D
:10B16000302D390A47524156453A0953776974637D
:10B170006820746F204C6179657220302028616CE2
:10B180007465726E617465290A423A094A756D7078
:10B1900020746F20426F6F746C6F616465720A4532
:10B1A00053433A094A756D7020746F20426F6F7473
:10B1B0006C6F616465722028616C7465726E617475
:10B1C00065290A453A095072696E74204545505206
:10B1D0004F4D2053657474696E67730A4253504132
:10B1E00043453A09436C65617220454550524F4DC5
:10B1F0000A4E3A094E4B524F20546F67676C650AEE
:10B20000000A092D20436F6E736F6C65202D0A456F
:10B2100053432F713A09717569740A6D3A096D6F5C
:10B220007573656B65790A00433E20000A0A4A750A
:10B230006D70696E6720746F20626F6F746C6F61E0
:10B240006465722E2E2E20000A64656275673A20AE
:10B250006F6E0A000A64656275673A206F66660A57
:10B26000000A6D61747269783A206F6E0A000A6D87
:10B2700061747269783A206F66660A000A6B6579B4
:10B28000626F6172643A206F6E0A000A6B657962C0
:10B290006F6172643A206F66660A000A6D6F75739B
:10B2A000653A206F6E0A000A6D6F7573653A206FFC
:10B2B00066660A000A092D2056657273696F6E2052
:10B2C0002D0A005649443A20307834443443284DFE
:10B2D0006563686C6F76696E2E53747564696F2947
:10B2E000205049443A2030783837313028496E664A
:10B2F000696E69747920383720524742207265762A
:10B300003129205645523A203078303030310A0009
:10B310004255494C443A2020284A756C203133204C
:10B3200032303231290A0043484942494F533A20CA
:10B3300022627265616B696E675F323032315F71B4
:10B3400031222C20434F4E545249423A20226272FD
:10B3500065616B696E675F323032315F7131220A2D
:10B36000004F5054494F4E533A204D4F5553454B83
:10B3700045592045585452414B455920434F4E534F
:10B380004F4C4520434F4D4D414E44204E4B524F64
:10B39000204C544F20424F4F544C4F414445525F34
:10B3A00053495A450A004743433A20392E322E3139
:10B3B0000A000A092D20537461747573202D0A0048
:10B3C000686F73745F6B6579626F6172645F6C65DF
:10B3D000647328293A2025580A006B6579626F61E9
:10B3E00072645F70726F746F636F6C3A2025580AD5
:10B3F000006B6579626F6172645F69646C653A20A5
:10B4000025580A006B65796D61705F636F6E6669C0
:10B41000672E6E6B726F3A2025580A0074696D654D
:10B42000725F72656164333228293A202530346CAA
:10B43000580A004E4B524F3A206F6E0A004E4B5244
:10B440004F3A206F66660A003F004D3E20000A0911
:10B450002D2056616C756573202D0A00313A2064E9
:10B46000656C6179282A31306D73293A2000323AAF
:10B4700020696E74657276616C286D73293A2000BC
:10B48000333A206D61785F73706565643A200034EB
:10B490003A2074696D655F746F5F6D61783A200062
:10B4A000353A20776865656C5F6D61785F737065AC
:10B4B00065643A2000363A20776865656C5F746988
:10B4C0006D655F746F5F6D61783A200073657420FD
:10B4D00064656661756C740A004D25643E20004DFC
:10B4E0003E00726762206D617472697820746F67C4
:10B4F000676C65205B25735D3A207267625F6D61E2
:10B50000747269785F636F6E6669672E656E6162DB
:10B510006C65203D2025750A0044454255473A2078
:10B52000656E61626C65642E0A0044454255473A77
:10B530002064697361626C65642E0A0069646C65DD
:10B540000055534220636F6E666967757265642E9D
:10B550000A007267625F6D61747269785F696E6913
:10B56000745F64726976657273206565636F6E6679
:10B570006967206973206E6F7420656E61626C6507
:10B58000642E0A007267625F6D61747269785F6928
:10B590006E69745F64726976657273207267625F48
:10B5A0006D61747269785F636F6E6669672E6D6F27
:10B5B0006465203D20302E205772697465206465D3
:10B5C0006661756C742076616C75657320746F208C
:10B5D000454550524F4D2E0A007267625F6D61748F
:10B5E0007269785F636F6E66696720454550524F98
:10B5F0004D0A007267625F6D61747269785F636F94
:10B600006E6669672E656E61626C65203D202564FB
:10B610000A007267625F6D61747269785F636F6E52
:10B620006669672E6D6F6465203D2025640A00728F
:10B6300067625F6D61747269785F636F6E66696778
:10B640002E6873762E68203D2025640A007267629A
:10B650005F6D61747269785F636F6E6669672E688B
:10B6600073762E73203D2025640A007267625F6D39
:10B6700061747269785F636F6E6669672E6873764E
:10B680002E76203D2025640A007267625F6D61742A
:10B690007269785F636F6E6669672E737065656443
:10B6A000203D2025640A007267625F6D61747269D3
:10B6B000785F636F6E6669672E666C616773203DA5
:10B6C0002025640A004B6579626F6172642073748F
:10B6D0006172742E0A005B735D000A722F63203062
:10B6E00031323334353637383941424344454630B8
:10B6F0003132333435363738394142434445460ACE
:10B7000000253033326C62006B6579626F61726460
:10B710005F7365745F6C65643A200000010101018C
:10B7200001010101010202020202020202020303FC
:10B7300003030303030304040404040404050505CC
:10B74000050506060606060707070707080808088E
:10B75000090909090A0A0A0B0B0B0C0C0C0D0D0D3B
:10B760000E0E0E0F0F0F10101111111212131314D1
:10B7700014151516161717181819191A1A1B1B1C49
:10B780001D1D1E1E1F2020212222232424252626A3
:10B79000272829292A2B2C2D2D2E2F3031323233D8
:10B7A0003435363738393A3B3C3D3E3F40414243E1
:10B7B0004445464748494A4C4D4E4F5051535455C5
:10B7C0005658595A5B5D5E5F616264656668696B75
:10B7D0006C6D6F7072737577787A7B7D7E808283F3
:10B7E0008587888A8C8E8F91939596989A9C9EA037
:10B7F000A2A3A5A7A9ABADAFB1B3B5B7BABCBEC044
:10B80000C2C4C6C9CBCDCFD1D4D6D8DBDDDFE2E40C
:10B81000E7E9EBEEF0F3F5F8FAFDFF0077B9000881
:10B820007BB900089FB9000804222A009AB80008D2
:10B83000B3B80008D3B80008ECB8000837B900085E
:10B84000CBB90008EDB9000803B90008E200E9002F
:10B85000EA00B500B600B700CD008301CC008A0134
:10B8600092019401210223022402250226022702CA
:10B870002A02B300B4006F0070004022B622010219
:10B88000030405060708090009027B00040100A063
:10B89000FA0904000001030101000921110100015E
:10B8A0002240000705810308000A09040100020381
:10B8B0000000000921110100012222000705820376
:10B8C0002000010705030320000109040200010311
:10B8D00000000009211101000122B60007058403C0
:10B8E00020000A09040300020300000009211101DD
:10B8F0000001222200070585032000010705060339
:10B900002000010631FF0974A1010975150026FF09
:10B91000009520750881020976150026FF00952004
:10B9200075089102C012011001000000404C4D103A
:10B930008701000102000105010906A1010507199F
:10B94000E029E7150025019508750181029501752B
:10B950000881010507190029FF150026FF0095063B
:10B9600075088100050819012905950575019102E1
:10B97000950175039101C00403090422034D00657C
:10B9800000630068006C006F00760069006E002E96
:10B9900000530074007500640069006F0000002A05
:10B9A0000349006E00660069006E0069007400794A
:10B9B00000200038003700200052004700420020DD
:10B9C00000720065007600310000000660FF09612A
:10B9D000A1010962150026FF009520750881020962
:10B9E00063150026FF00952075089102C005010926
:10B9F00002A10185020901A1000509190129081503
:10BA000000250195087501810205010930093115EC
:10BA100081257F95027508810609381581257F9556
:10BA20000175088106050C0A38021581257F9501EC
:10BA300075088106C0C005010980A10185031901AF
:10BA40002AB700150126B700950175108100C005C1
:10BA50000C0901A101850419012AA002150126A0E3
:10BA600002950175108100C005010906A101850537
:10BA7000050719E029E715002501950875018102E0
:10BA80000507190029EF1500250195F075018102C0
:10BA900005081901290595057501910295017503A0
:10BAA0009101C000000002400800024001000000B7
:10BAB0000000000B000002401C00024002000000D9
:10BAC0000004010C000002403000024004000000AD
:10BAD0000008020D0000024044000240080000007F
:10BAE000000C030E0000024058000240100000004D
:10BAF0000010040F000002406C0002402000000013
:10BB000000140510000002408000024040000000C8
:10BB100000180611000402400804024080000000E2
:10BB200000000738000402401C040240000100002D
:10BB30000004083900040240300402400002000002
:10BB40000008093A000402404404024000040000D6
:10BB5000000C0A3B000402405804024000080000A8
:10BB600000100B3C0000000000000000000000007E
:10BB700000000000000000000000000000002A2B70
:10BB8000280000000000000000000000000000008D
:10BB90000029000000002C1E3420212224342627F6
:10BBA000252E362D3738271E1F2021222324252617
:10BBB0003333362E37381F0405060708090A0B0CE5
:10BBC0000D0E0F101112131415161718191A1B1C2D
:10BBD0001D2F3130232D350405060708090A0B0CEB
:10BBE0000D0E0F101112131415161718191A1B1C0D
:10BBF0001D2F3130354C000000007E0F00D4FFFFB8
:10BC0000FFC700000078003131295A1B750A6D61A9
:10BC1000696E00164230040444080C1014181C20ED
:10BC2000212200000C0400480D0400480E040048C6
:10BC30000F04004808000048090000480B040048B1
:10BC40000A040048020400480104004800040048B7
:10BC500007000048060000480500004802000048B0
:10BC6000010000480000004800740040000000008F
:10BC7000000000000000FFFF09000000BE200000DF
:10BC80000A000000007400400300000010000000E3
:10BC9000FFFF00000A000000BE2000000A000000B4
:10BCA0000000000075290008D1260008E5250008DD
:10BCB00040004000E41E0020E41E002001000000BF
:10BCC000F81E00204424D1445054914538F41044C7
:10BCD0006CC04107609081065460C1054830010581
:10BCE0004400C10338D000032CA040022070800122
:10BCF0001440C0000810000008130C301443CC306E
:10BD000018730C32FCE24B2F68B4114774E4D1472E
:10BD10005C845146E4A0C30ED870030ECC40430DA2
:10BD2000C010830CBCE0420BB0B0820AA480C209F0
:10BD3000985002098C20420880F0810750338D34DE
:10BD4000D8520B2D8C234E38E0738F3D8C445249D2
:10BD50009874124A801492485C814516505185159A
:10BD60004421C51438F1041434C1C41228910412BA
:10BD70001C614411103184100401C40FF8D0030F6A
:10BD80005C634D35E482CB2D90538E39F0B28B2E0F
:10BD9000B0D4924BBC04534CA4A4D24AD461C71D66
:10BDA000C831071DBC01471CB0D1861BACA1461A87
:10BDB000A07186199441C618881106187CE14517B0
:10BDC00070B1851668930D36D464D34DE094934ECC
:10BDD000C834134D4C4249254012892434E2C8230B
:10BDE00028B208232482C821185208210C22482096
:10BDF00000F2871FF4C1C71EE891071E74C3CD3639
:10BE0000ECA34F3EF8F413500425D450ECC4534F28
:10BE1000A0928A2A78D209276CA2492660728925C5
:10BE200080F38D37F8D30F3F0404D03F083410411E
:10BE3000000102030405060708090A0B0C0D0E0F8A
:10BE4000101112131415161718191A1B1C1D1E1F7A
:10BE5000202122232425262728292A2B2C2D2E2F6A
:10BE6000303132333435363738393A3B3C3D3E3F5A
:10BE700040FFFFFF4142434445464748494A4B4C37
:10BE80004D4EFF4FFF505152FFFFFF53FFFFFF5436
:10BE900055565758595A00000E001C002A00380009
:10BEA00046005400620070007E008C009A00A800DA
:10BEB000B600C400D200E00000100E101C102A10C2
:10BEC000381046105410621070107E108C109A10AA
:10BED000A810B610C410D210E01000200E201C20B4
:10BEE0002A20382046205420622070207E208C207A
:10BEF0009A20A820B620C420D220E02000300E30A6
:10BF00001C302A30383046305430623070307E3049
:10BF10008C309A30A830B63000400E401C402A4089
:10BF2000384046405440624070407E408C409A40C9
:10BF3000A840B640D24000500E501C5054508C5077
:10BF40009A50A850B650C450D250E050010101019F
:10BF500001010101010101010101010101010101D1
:10BF600001010101010101010101010101010101C1
:10BF700001010101010101010101010101010101B1
:10BF800001010101010101010101010101010101A1
:10BF90000101010101010101010101010101010191
:10BFA000010101010101010000A8802A0000000038
:10BFB00000FCC03C54111564FFFF00000000505508
:10BFC00000E00E0080A00000C0000000C0F00000F3
:10BFD00015055555FFFF000000000044000000005B
:10BFE000000A000000000000000000F05555550553
:10BFF000FFFF0000000077000000000000000000CC
:10C00000000000000000000055555555FFFF0000DE
:10C010000000000000000000400055550000000036
:10C02000C000FFFF15551501FF00000000000000D3
:10C030000000000000000000000000000F000000F1
:10C0400050555555FFFF00000000000000000000A3
:10C05000010000000300000000000000F92E0008AD
:10C060000000000008000000042200200000000082
:10C07000020000000000000029003A003B003C00E4
:10C080003D003E003F0040004100420043004400AC
:10C0900045004C0046004700480035001E001F00C8
:10C0A0002000210022002300240025002600270074
:10C0B0002D002E002A0049004A004B002B001400DE
:10C0C0001A000800150017001C0018000C001200D0
:10C0D00013002F00300031004C004D004E0039009D
:10C0E00004001600070009000A000B000D000E00F6
:10C0F0000F00330034002002280000000000000080
:10C10000E10031001D001B000600190005001100B0
:10C110001000360037003800E100E1000000520056
:10C120000000E000E300E2000000000000002C003E
:10C13000000000000000E200E3000151E0005000B8
:10C1400051004F0001000100010001000100010049
:10C1500001000100010001000100010001000100D7
:10C1600001000100010001000100010001000100C7
:10C1700001000100010001000100010001000100B7
:10C1800001000100010001000100010001000100A7
:10C190000100010001000100010001000100010097
:10C1A0000100010001000100010001000100010087
:10C1B0000100010001000100010001000100010077
:10C1C000010001000100000000000000010001006A
:10C1D0000100010001000100010001000100010057
:10C1E0000100010001000100000001000000010049
:10C1F000010001000000000000000100000000003C
:10C200000000010001000100010001000100010027
:10C210000100010001000100010001000100010016
:10C220000100010001000100010001000100010006
:10C2300001000100010001000100010001000100F6
:10C2400001000100010001000100010001000100E6
:10C2500001000100010001000100010001000100D6
:10C2600001000100010001000100010001000100C6
:10C2700001000100010001000100010001000100B6
:10C2800001000100010001000100010001000100A6
:10C290000100000000000000010001000100010099
:10C2A0000100010001000100010001000100010086
:10C2B0000100010000000100000001000100010078
:10C2C000000000000000010000000000000001006C
:10C2D0000100010001000100010001000100010056
:10C2E0000100010001000100010001000100010046
:10C2F0000100010001000100010001000100010036
:10C300000100010001000100010001000100010025
:10C310000100010001000100010001000100010015
:10C320000100010001000100010001000100010005
:10C3300001000100010001000100010001000100F5
:10C3400001000100010001000100010001000100E5
:10C3500001000100010001000100010001000000D6
:10C3600000000000010001000100010001000100C7
:10C3700001000100010001000100010001000100B5
:10C3800000000100000001000100010000000000A9
:10C390000000010000000000000001000100010099
:10C3A0000100010001000100C8C80008E0230020CE
:10C3B000E0230020E0230020C8C80008000000009F
:10C3C0000000000000000000C8C8000800000000D5
:10C3D0000000000000000000C8C8000800000000C5
:10C3E0000000000000000000C8C8000800000010A5
:10C3F0000000001000000010C8C800080000000085
:10C400000000000000000000C8C800080000000094
:10C410000000000000000000C8C800080000000084
:10C4200000000000000000000A0000480D00004865
:10C430000E0000480D0800480400004803000048B2
:10C440000300000000000000493100080000000067
:10C450002000000000230020000000000200000077
:10C4600000000000E94B0008BD330008D931000886
:10C47000014E00080000000023510008655200082A
:10C4800073510008AF5200086D510008A95200080E
:10C490001D5100085F52000800000000000000006D
:10C4A0008126700000000000000000005245454E4B
:10C4B00054206D616C6C6F63207375636365656494
:10C4C000656400002E2E2F2E2E2F2E2E2F2E2E2F77
:10C4D0002E2E2F2E2E2F2E2E2F2E2E2F6E65776C7A
:10C4E00069622F6C6962632F7374646C69622F7266
:10C4F000616E642E630000002C2066756E637469A3
:10C500006F6E3A2000000000617373657274696F8A
:10C510006E2022257322206661696C65643A20666C
:10C52000696C6520222573222C206C696E6520259C
:10C5300064257325730A0000232D302B2000000092
:10C54000686C4C0065666745464700003031323301
:10C5500034353637383941424344454600000000FF
:10C560003031323334353637383961626364656669
:04C5700000000000C7
:08C57400503EFF7F01000000B2
:10C57C00040C002000000000FCAB0008DCAB000841
:10C58C00BCAB000800000000000000000000000030
:10C59C00000000000000000000000000000000008F
:10C5AC00000000000000000000000000000000007F
:10C5BC00000000000000000000000000000000006F
:10C5CC00000000000000000000000000000000005F
:10C5DC00000000004D31000821530008D55200081E
:10C5EC0015310008E13000080400000004000000D0
:10C5FC00000000000000000000000000000000002F
:10C60C00000000000000000000000000000000001E
:10C61C00000000000000000000000000000000000E
:10C62C0000000000000000000000000003000000FB
:10C63C0000000000FD2E000800000000200000009B
:10C64C0000000000000000000200000000000000DC
:10C65C000300000000000000000000002330000870
:10C66C00000020000000000000000000020000009C
:10C67C00000000000300000000000000FB2E00087A
:10C68C000000000008000000000000000000000096
:10C69C0002000000000000007C18002005060000CD
:10C6AC000400000004000000200000002000000036
:10C6BC000100000024190020B41900200000000023
:10C6CC00000000000000000000000000000000005E
:10C6DC00000000000000000000000000000000004E
:10C6EC00000000000000000000000000000000003E
:10C6FC00000000000000000000000000000000002E
:10C70C00000000000000000000000000000000001D
:10C71C00000000000000000000000000000000000D
:10C72C0000000000000000000000000000000000FD
:10C73C0000000000000000000000000004000000E9
:10C74C0004000000000000000000000000000000D9
:10C75C0000000000000000000000000000000000CD
:10C76C0000000000000000000000000000000000BD
:10C77C0000000000000000000000000000000000AD
:10C78C000300000000000000FD2E00080000000067
:10C79C00200000000000000000000000020000006B
:10C7AC00000000000300000000000000000000007A
:10C7BC0023300008000020000000000000000000F2
:10C7CC000200000000000000030000000000000058
:10C7DC00FB2E000800000000080000000000000014
:10C7EC000000000002000000000000007C18002087
:10C7FC000203000004000000040000002000000000
:10C80C002000000000000000441A0020D41A002070
:10C81C00000000000000000000000000000000000C
:10C82C0000000000000000000000000000000000FC
:10C83C0000000000000000000000000000000000EC
:10C84C0000000000000000000000000000000000DC
:10C85C0000000000000000000000000000000000CC
:10C86C0000000000000000000000000000000000BC
:10C87C0000000000000000000000000000000000AC
:10C88C00000000000000000000000000000000009C
:10C89C0049340008FF000000000000000000000008
:10C8AC0000000000000000000100960000000008DD
:0CC8BC001E320A14082800FF00FFFF03D2
:040000050800035993
:00000001FF
