:020000040800F2
:1000000000040020590300085B0300085B0300089C
:100010005B0300085B0300085B0300085B03000848
:100020005B0300085B0300085B030008F96E00082F
:100030005B0300085B0300085B0300085B03000828
:100040005B0300085B0300085B0300085B03000818
:100050005B0300085B030008096D0008C56C00081D
:10006000816C00083D6C0008F96B0008C16900084C
:10007000AD69000899690008856900087169000880
:100080005D690008496900085B0300085B0300081C
:100090005B0300085B0300085B030008116B0008AA
:1000A000E1690008D9690008DD690008D569000820
:1000B000A96500085965000845650008E56600085F
:1000C0004D6600085B0300085B0300085B03000843
:1000D0005B0300085B0300085B0300085B03000888
:1000E000F56900085B0300085B0300085B03000878
:1000F0006D6500085B0300085B0300085B030008F4
:100100005B0300085B0300085B0300085B03000857
:100110005B0300085B030008956500088165000823
:1001200035690008216900080D690008F9680008B0
:10013000E56800085B0300085B0300085B03000838
:100140005B0300085B0300085B0300085B03000817
:100150005B0300085B0300085B0300085B03000807
:100160005B0300085B0300085B03000841620008B2
:100170005B0300085B0300085B0300085B030008E7
:100180005B0300085B0300085B0300085B030008D7
:100190005B0300085B0300085B0300085B030008C7
:0801A00019020008F10100083A
:1001B0000348044B834202D0034B03B118477047F6
:1001C000F00D0020F00D0020000000000548064959
:1001D0000B1AD90F01EBA301491002D0034B03B155
:1001E00018477047F00D0020F00D002000000000BF
:1001F00010B5064C237843B9FFF7DAFF044B13B16F
:100200000448AFF300800123237010BDF00D0020DF
:1002100000000000F0A1000808B5044B1BB1044920
:100220000448AFF30080BDE80840CFE700000000BD
:10023000F40D0020F0A1000872B6394880F3088858
:10024000384880F3098838484EF60851CEF200014C
:10025000086040F20000CCF200004EF63471CEF29D
:1002600000010860BFF34F8FBFF36F8F40F20000B3
:10027000C0F2F0004EF68851CEF200010860BFF3E4
:100280004F8FBFF36F8F4FF00000E1EE100A4EF674
:100290003C71CEF200010860062080F31488BFF3A1
:1002A0006F8F07F067FF08F0DFFF4FF055301F49F1
:1002B0001B4A91423CBF41F8040BFAE71C49194A1A
:1002C00091423CBF41F8040BFAE71A491A4A1B4B0A
:1002D0009A423EBF51F8040B42F8040BF8E70020A5
:1002E0001749184A91423CBF41F8040BFAE707F05E
:1002F00019FF07F03EFF144C144DAC4203DA54F8DA
:10030000041B8847F9E707F037FF114C114DAC4249
:1003100003DA54F8041B8847F9E707F029BF000007
:1003200000040020000C0020000000080000002055
:1003300000040020F0A10008000C0020F00D0020B7
:10034000F00D00201C210020A0010008A4010008DD
:10035000A4010008A80100086EE700F000F8FEE71D
:100360002DE9F04F2DED108AC1F80CD0C3689D46E1
:10037000BDEC108ABDE8F08F002383F31188284676
:10038000A047002007F07EFEFEE707F09FFE00DF9B
:10039000FEE7000053B94AB9002908BF00281CBF76
:1003A0004FF0FF314FF0FF3000F06EB9ADF1080CA7
:1003B0006DE904CE00F006F8DDF804E0DDE9022383
:1003C00004B070472DE9F047089D04468C46002B89
:1003D00040F083808A42174647D9B2FA82F242B18E
:1003E000C2F1200024FA00F09140974040EA010C4D
:1003F00094404FEA1748230CBCFBF8F61FFA87FE1F
:1004000008FB16C143EA014306FB0EF1994209D9E4
:10041000FB1806F1FF3080F01981994240F21681F5
:10042000023E3B445B1AA4B2B3FBF8F008FB103366
:1004300044EA034400FB0EFEA64509D93C1900F12D
:10044000FF3380F00581A64540F2028102383C442A
:1004500040EA0640A4EB0E0400261DB1D440002360
:10046000C5E900433146BDE8F08702B9FFDEB2FAC4
:1004700082F2002A50D1CB1B4FEA174E1FFA87F8A1
:100480000126B3FBFEFC210C0EFB1C3341EA0341A9
:1004900008FB0CF38B4207D979180CF1FF3002D21C
:1004A0008B4200F2E9808446C91AA3B2B1FBFEF088
:1004B0000EFB101143EA014408FB00F8A04507D9E0
:1004C0003C1900F1FF3302D2A04500F2D980184652
:1004D000A4EB080440EA0C40BFE78B4209D9002D89
:1004E00000F0B1800026C5E9000130463146BDE884
:1004F000F087B3FA83F6002E4AD18B4202D38242B0
:1005000000F2B880841A61EB030101208C46002DB3
:10051000A8D0C5E9004CA5E7C2F1200320FA03F6F4
:10052000974001FA02F04FEA174ED9403043030CCE
:10053000B1FBFEF61FFA87F80EFB161143EA0143E2
:1005400006FB08F1994204FA02F409D9FB1806F1F6
:10055000FF3C80F08D80994240F28A80023E3B440D
:100560005B1A81B2B3FBFEF00EFB103341EA03418C
:1005700000FB08F38B4207D9791800F1FF3C73D2D6
:100580008B4271D902383944CB1A40EA064678E7E3
:10059000C6F1200C03FA06F422FA0CF31C4320FAED
:1005A0000CF701FA06F34FEA144E21FA0CF11F433F
:1005B0003B0CB1FBFEF91FFA84F80EFB191143EA5C
:1005C000014109FB08FA8A4502FA06F200FA06F32D
:1005D00008D9611809F1FF3048D28A4546D9A9F1F6
:1005E00002092144A1EB0A01BFB2B1FBFEF00EFBF0
:1005F000101147EA014700FB08F8B84507D9E71989
:1006000000F1FF312ED2B8452CD90238274440EAF8
:100610000940A7EB0807A0FB02894F45C64649469B
:100620001AD317D05DB1B3EB0E0267EB010707FADF
:100630000CFCF2404CEA0202F740C5E90027002614
:100640003146BDE8F0872E4628460BE70646E9E628
:100650001846FDE64345E5D2B8EB020E69EB04010E
:100660000138DFE70846D2E760468DE78146B9E703
:10067000664675E730464AE7ACF1020C394413E7A9
:1006800002383C4424E700BF704700BF014B1868A4
:10069000704700BF000C0020F0B4860746D0541EFF
:1006A000002A3CD0CAB2034602E014F1FF3436D32C
:1006B00003F8012B9D07F8D1032C29D9CDB245EAC7
:1006C00005250F2C45EA054533D9A4F11006360956
:1006D00003F1200707EB061703F1100242E9045566
:1006E00042E902551032BA42F8D1721C14F00C0FD4
:1006F00003EB021204F00F0613D0331F23F00303A1
:100700000433134442F8045B9342FBD106F0030424
:100710002CB1C9B21C4403F8011B9C42FBD1F0BCB4
:10072000704734461346002CF3D1F8E714460346CD
:10073000C2E71A462646E0E738B5124B1C68A26BA2
:1007400005461AB10023C2E9045338BD182000F051
:10075000B3F80246A06378B1012000210A4B136070
:10076000C2E904010B230948094993810023C2E926
:100770000101C2E9045338BD064B0748422100F08D
:1007800055F800BF000C00200E33CDAB34126DE6DF
:10079000ECDE050020A1000838A1000838B51A4B8E
:1007A0001C68A26B92B1146918495369184801FB7F
:1007B00004F100FB0313A4FB0045611C1D4445F13B
:1007C000000323F00040C2E9041338BD182000F0F4
:1007D00073F80246A06388B101200021C2E9040138
:1007E0000A480C4C0C4B0D490D4D146053600B2402
:1007F000034695609481C2E9041338BD094B0A4849
:100800004E2100F013F800BF000C00202DF45158C9
:100810002D7F954C0E33CDAB34126DE62E7F954C6B
:10082000ECDE050020A1000838A1000800B50A4C44
:100830002668054685B01C46F06852B1074B00910A
:10084000CDE9013206492B46224600F021F800F09E
:1008500071FD044B1A46F2E7000C00206CA1000861
:100860007CA1000878A1000808B513460022FFF714
:10087000DDFF00BF0CB400B583B004AB53F8042B0C
:10088000019300F027F903B05DF804EB02B0704764
:100890000EB410B583B005AB064C53F8042B01938E
:1008A0000146206800F016F903B0BDE8104003B01F
:1008B000704700BF000C0020024B0146186800F092
:1008C00061B800BF000C0020024B0146186800F020
:1008D00003B800BF000C002000293CD038B551F807
:1008E000043C0C1F002BB8BFE418054601F0AAFA1F
:1008F000234B1A682AB1A2420DD92168601882429E
:1009000023D0626028461C60BDE8384001F09CBAE4
:10091000A34203D81A465368002BF9D11168501826
:10092000A04219D024D821686018834206D06360A1
:1009300054602846BDE8384001F086BAD3E9000388
:100940000144636021605460F3E7D2E9000201448E
:1009500062602160D6E770472068014450188342E6
:100960001160E6D1D3E90003014453601160E0E770
:100970000C232B602846BDE8384001F065BA00BF63
:100980000C0E0020F8B5CD1C25F0030508350C2D04
:1009900038BF0C25002D064633DBA94231D82A4F3B
:1009A00001F050FA3A6852B113685B1B04D43FE07F
:1009B00023685B1B29D522465468002CF8D179683E
:1009C00000293BD02946304605F010FC431C28D0B6
:1009D000C41C24F00304A04205D0211A304605F0BF
:1009E00005FC01301DD02560304601F02DFA04F1E0
:1009F0000B0020F00700231DC21A01D01B1AA350C0
:100A0000F8BD0C2232600020F8BD0B2B05D8A242A5
:100A1000636811D05360E7E7144623601C442560E7
:100A2000E2E70C233046336001F00EFA0020F8BDF7
:100A30000B2BF1D8536814463B60D5E7304605F0E0
:100A4000D5FB7860BEE700BF0C0E00209368013B29
:100A5000002B936011DA10B49469A34209DB0A29D0
:100A600007D01368581C1060197008465DF8044BD5
:100A700070475DF8044B00F07DBB1368581C106094
:100A800019700846704700BF9BB1F8B513440F4674
:100A900006465D1E541E01E0AC4208D03A4614F8EA
:100AA000011F3046FFF7D2FF431CF5D1F8BD0020EF
:100AB000F8BD0020704700BF936810B5144613B905
:100AC0005360184610BD00F01DFE0023C4E9013339
:100AD00010BD00BF2DE9F04F9FB08B4690461C46DD
:100AE000039018B18369002B00F0B780A24B9B459F
:100AF00000F0B980A14B9B4500F0C780A04B9B45FF
:100B000004BF039BD3F80CB0BBF80C30180740F1BE
:100B1000B280DBF81030002B00F0AD8030238DF870
:100B2000323098F800300594002120220B918DF886
:100B30003120944E0127002B00F08780252B00F0F8
:100B40001581454603E0252B00F0A38025466B78F0
:100B50006C1C002BF7D1B4EB080A76D04246534602
:100B600059460398FFF790FF01306ED00B9B6A78CF
:100B700053440B93002A68D000234FF0FF32013416
:100B80000693CDE908338DF85B301C93079205E09E
:100B9000069A07FA03F313432C46069325460522CB
:100BA00015F8011B304600F0FBFFAA46831B002806
:100BB000EED1069BD90644BF20228DF85B20217818
:100BC0001A0744BF2B228DF85B202A2966D1059A8B
:100BD0001168043200290592C0F29D800991617864
:100BE000A51C2E2973D0684C0322204600F0D8FFA4
:100BF000002800F08680001B069B402404FA00F0C9
:100C00000343069305F10108297860488DF83010F8
:100C1000062200F0C5FF002800F083805C4B002B0B
:100C200072D005AB00935A465A4B039806A9AFF30E
:100C300000808146B9F1FF3F07D00B9B4B440B93DB
:100C400098F80030002B7FF479AFBBF80C305B06CE
:100C500018D40B981FB0BDE8F08F00F033FD464B61
:100C60009B457FF447AF039BD3F804B0BBF80C302F
:100C700018073FF54EAF5946039800F0DBFA0028FD
:100C80003FF44CAF4FF0FF30E4E7039BD3F808B0DC
:100C90003AE7B4EB080A3FF46FAF5FE7A1F1300227
:100CA000092A88BFA2469CD8099B01E02C46013541
:100CB000297803EB830302EB4303A1F13002092AF5
:100CC000AA46F3D92E2904F1020509938BD19AF88B
:100CD00001102A292FD1059B9AF802101A68079251
:100CE0000433002A05930AF103050AF1020338DBF5
:100CF000254C032220469A4600F052FF00287FF43C
:100D00007AAFA84655467FE7059B073323F00703D4
:100D10000833059391E7494243F002030991069392
:100D20005DE705AB00935A461A4B039806A900F0FD
:100D3000D5F881467EE7A1F130020023092A079306
:100D400001D915E05546697803EB830302EB4303B1
:100D5000A1F13002092A05F1010AF3D902350793FE
:100D600041E74FF0FF329A4607923CE7444603E7DB
:100D7000AA46013537E700BFD8950008B8950008A6
:100D800098950008ACA10008B4A10008B8A100081B
:100D900000000000890A000810B4044C13460A46FB
:100DA000014620685DF8044BFFF794BE000C00205C
:100DB0002DE9F0470C4691460A698968DDF82080E4
:100DC0008A42B8BF0A46C9F8002094F84310064684
:100DD0001F4611B10132C9F80020236899065CD57D
:100DE000D9F800200232C9F80020236813F0060F5A
:100DF00019461DD1E1688A1A002AD8BF194617DDA5
:100E000004F1190A002505E0E368D9F800209B1ACF
:100E1000AB420CDD0123524639463046C047013013
:100E200005F10105F0D14FF0FF30BDE8F0872168F2
:100E300094F84330003318BF01238A060AD5E1181D
:100E40005A1C302081F84300224494F8451082F85F
:100E50004310023304F1430239463046C0470130A3
:100E6000E1D02368A268216903F00603042B1DD09A
:100E70008A4226DD4FF00009521A91441A340025A7
:100E800001E04D451DDA0123224639463046C04770
:100E9000013005F10105F4D1C5E713F0060F13D0B9
:100EA00094F84330003318BF0123D3E7D9F800008A
:100EB000E3688A42A3EB000323EAE379DCDC002B3E
:100EC000DCDC0020BDE8F087E168D9F800208A1A50
:100ED000002AD8BF194693DCAAE700BF2DE9F043EA
:100EE0000C46097E85B06E29064617460C98984632
:100EF00004F1430E6DD039D9732900F0F68044D93E
:100F0000752900F00481782940F011817823226846
:100F1000DFF858C284F845300168150651F8043BE3
:100F2000016040F1A180D10744BF42F0200222605D
:100F3000002B00F093801022002184F84310606899
:100F4000A0600028C0F2C880216821F0040121605F
:100F5000002B40F0A380002840F0C0807546082A8E
:100F600000F0AC80AEEB0503236141E0632900F0A3
:100F7000E5801AD8002938D0582940F0D88084F864
:100F800045102268DFF8E8C1C6E76F2900F0BF808E
:100F9000702940F0CC802268DFF8D0C142F02002F6
:100FA0007823226084F84530B6E7642902D06929A5
:100FB00040F0BD8022680368110603F1040557D58F
:100FC000196805600B46002959DBDFF8A4C10A2225
:100FD000B5E70368226861691D1D056015061B6879
:100FE00002D4500600F1BD801960002375462361CC
:100FF000CDF800803B4603AA21463046FFF7D8FED5
:10100000013020D02A46236939463046C047013096
:1010100019D022680398E368920719D51A1A002A92
:1010200016DD04F11909002504E0E36803981A1A93
:10103000AA420DDD01234A4639463046C0470130F9
:1010400005F10105F1D14FF0FF3005B0BDE8F083A7
:101050009842B8BF184605B0BDE8F083226822F078
:1010600020022260102267E7500648BF9BB25AE771
:101070005106A5D5B3F9003005601946A3E76168AC
:10108000A1602D200029C3F1000384F8430002DB96
:1010900022F004022260DFF8D8C00A22754600E080
:1010A0000B46B3FBF2F102FB113093421CF8000037
:1010B00005F8010DF4D2082A7FF454AF2368DB074A
:1010C0007FF550AF626823699A423FF74BAF3023F8
:1010D00005F8013C013D45E7002BDFD19CF80030CD
:1010E00084F8423004F1420539E703686268191D4B
:1010F00001601D680021284600F052FD002832D012
:10110000401B60602061002384F8433070E7226850
:10111000036812F0800F03F104051AD01B68056004
:101120006F290CBF08220A22DFF844C004E701231C
:1011300084F84210236104F14205E4E703681A6869
:10114000191D0123016004F1420584F84220236146
:10115000D9E712F0400F0DBF1B6805601B880560C2
:10116000DEE7198041E76068CCE700BFD4A1000842
:10117000C0A10008F8B50D461446064608B18369BB
:1011800043B3254B9C422AD0244B9C4229D0244B6C
:101190009C4208BFF468A389A269A2601A0722D5FD
:1011A000236903B322686169D31AEDB299422F46CD
:1011B00029DD0133A168501C0139A1602060157040
:1011C00062699A4216D0A389DB0701D50A2D11D096
:1011D0003846F8BD00F076FA0F4B9C42D4D17468C3
:1011E000D9E7B468D7E72146304600F023F838B98C
:1011F0002369D7E72146304600F03AF90028E7D0C6
:101200004FF0FF37E4E72146304600F031F900287F
:10121000F6D122680123CDE7D8950008B8950008DB
:1012200098950008024B0A4601461868FFF7A2BFCE
:10123000000C00203B4B70B51D6806460C460DB1F6
:10124000AB69DBB1384B9C421ED0384B9C424AD034
:10125000374B9C4208BFEC68B4F90C2093B21907D5
:1012600018D5206908B313F001022CD0636900225D
:101270005B42A361A26060B3002070BD284600F00D
:1012800021FA294B9C42E0D16C68B4F90C2093B24E
:101290001907E6D4DD063CD5580726D4206942F06C
:1012A0000803A3819BB20028DDD103F42072B2F5BC
:1012B000007FD8D03046214600F026FCA389206963
:1012C00013F00102D2D1990758BF6269A2600028C9
:1012D000D2D1B4F90C301A06CFD543F04003A38124
:1012E0004FF0FF3070BDAC68B6E7616B51B104F1EF
:1012F0004403994204D03046FFF7EEFAB4F90C20CB
:101300000023636300232069636022F024022060CD
:10131000C5E742F04002092333604FF0FF30A2815D
:1013200070BD00BF000C0020D8950008B8950008DB
:101330009895000808B5062000F034FE012004F05E
:101340003BFF00BF8B891A072DE9F0410C46804610
:1013500041D44A68002A59DDE66A002E53D00022A3
:10136000D8F80050216AC8F8002013F4805251D1F7
:1013700001234046B047431C5FD0A389E66A216A37
:101380005F0705D56268636B801A0BB1236CC01AC6
:10139000024600234046B047461C45D1D8F80030ED
:1013A000B4F90C20002B55D01D2B01D0162B5AD18F
:1013B00023690022C4E90032616BC8F8005011B300
:1013C00004F14403994202D04046FFF785FA002019
:1013D0006063BDE8F0810E69AEB10D680E609907DB
:1013E0000CBF63690023AD1BA3600AE02B463246A5
:1013F000A76A216A4046B8470028A5EB00050644C5
:101400000ADD002DF2DC0020BDE8F0810A6C002A24
:10141000A2DCF8E7606DB3E7A38943F04003A38142
:101420004FF0FF30BDE8F0812269A38922600022DD
:101430006260DA04C0D56065BEE7D8F80030002BE2
:101440009BD01D2B0CD0162B0AD0A38943F0400350
:10145000A381D9E72169C4E90013D304ACD5EAE735
:10146000C8F80050CFE742F04002A281CCE700BFAD
:101470000B6923B310B5044682B008B18369BBB1D0
:10148000104B994212D0104B994216D00F4B9942F3
:1014900008BFE168B1F90C302BB1204602B0BDE8BD
:1014A0001040FFF74FBF002002B010BD6168F1E7A8
:1014B000019100F007F90199E2E7A168EAE700204D
:1014C000704700BFD8950008B895000898950008A7
:1014D00020B1054B01461868FFF7CABF034B04490A
:1014E000186800F0B9BA00BF000C002094950008FD
:1014F0007114000800207047014900F0ADBA00BF28
:10150000711400080020704770B54A1E682505FB5D
:1015100002F50E4605F17401FFF734FA044640B1B6
:1015200000210C30666005F168022160A060FFF7C1
:10153000B3F8204670BD00BF1E4B70B51D68AB6987
:10154000064643B34835D5E90134013B05D51EE0D5
:10155000013B5A1C04F1680419D0B4F90C20002A8C
:10156000F6D10025144B6566C4E90055A560C4E9B1
:101570000455A5612946E360082204F15C00FFF7E9
:101580008BF8C4E90D55C4E91255204670BD2C688E
:101590002CB12546D7E7284600F010F8D2E7042101
:1015A0003046FFF7B1FF044628600028F1D10C2334
:1015B0003360EAE7949500080100FFFF2DE9F84F3A
:1015C000334B34491A68816290424FF00003C0E9FE
:1015D0001233036504BF012383610546FFF7ACFFA7
:1015E00068602846FFF7A8FFA8602846FFF7A4FF19
:1015F0006E68E86000240423F3607466C6E9004462
:10160000B460C6E90444B461214606F15C000822D6
:10161000FFF742F8DFF888B0AF68DFF888A0DFF89E
:101620008890DFF888801C4BC6F83080C6E9086BCC
:10163000C6E90AA92146FB6008227C66C7E9004486
:10164000BC60C7E90444BC6107F15C00FFF724F803
:10165000EE68124BC7F83080C7E9087BC7E90AA9D2
:101660002146F3607466C6E90044B460C6E90444E8
:10167000B46106F15C000822FFF70EF80123C6E909
:10168000086BC6E90AA9C6F83080AB61BDE8F88FDF
:1016900094950008F91400080900010012000200E6
:1016A000152000083D2000087D2000089D2000082E
:1016B000024B0349186800F0CFB900BF94950008A9
:1016C00071140008836903B978E77047704700BF59
:1016D000704700BF704700BF704700BF024B03490F
:1016E000186800F093B900BF000C0020F514000842
:1016F000024B0349186800F089B900BF000C0020B4
:10170000051500089368002B00F002812DE9F04FC9
:10171000B1F90C309BB20C46190783B08246904653
:1017200035D522699AB313F00202D8F800603DD093
:101730000027D4F828B0D4F820C0DFF8CC923D467A
:101740004D452B463A4628BF4B4661465046D5B1DB
:10175000D847002840F3D280D8F808301B1A074435
:101760002D1AC8F80830002B00F0B780D4F820C03C
:10177000D4F828B04D452B463A4628BF4B46614623
:101780005046002DE4D1D6E900750836D8E7214649
:101790005046FFF74FFD002840F03081B4F90C307F
:1017A000D8F800609BB213F00202C1D113F0010916
:1017B00040F0B080A76820684D46002D54D09A05AF
:1017C00040F1BC80AF42BB4600F2E78013F4906F5B
:1017D0002FD0D4E9041707EB4707A0EB010B07EB69
:1017E000D777681C7F105844B8423A4684BF0746F2
:1017F0003A465B0540F1E98011465046FFF7C2F8D2
:10180000002800F0F5805A462169019000F018FA8E
:10181000A289019B22F4906242F08002A281A7EB90
:101820000B0203EB0B00676123612060A2602F466F
:10183000AB465A46494600F09DFAA2682368D21B7F
:101840005B442F46A26023600025D8F80830DB1BDC
:10185000B944C8F80830002B3FD0B4F90C30A76861
:1018600020689BB2002DAAD1D6E900950836A4E7DE
:101870000BF1080353E902679B460833002FF9D0A8
:101880003A460A21304600F08BF9002853D0013047
:10189000A0EB06094B46D4E904122068BB4228BFDE
:1018A0003B46884203D9A5681544AB4219DC9A42ED
:1018B0007DDC1346A56A216A32465046A847051EBC
:1018C0001CDDB9EB05096BD00120D8F808305B1B93
:1018D0002E447F1BC8F8083013BB002003B0BDE8BE
:1018E000F08F31462A4600F045FA23682B442360E6
:1018F00021465046FFF7BCFD0028E2D0B4F90C3079
:1019000043F040034FF0FF30A38103B0BDE8F08FF8
:101910000020704733469146104617464E469B4678
:10192000002FA5D00028B5D13A460A21304600F054
:1019300037F90028ABD17B1C9946ACE72369834279
:1019400015D36169A94212D82E4BA76A9D4294BF54
:101950002B466FF000434A4693FBF1F3504601FBE0
:1019600003F3216AB847071EC8DDED1B6DE7AF42E0
:1019700028BF2F463A46494600F0FCF9A368226882
:10198000DB1B3A44A3602260002BEED12146504677
:10199000FFF76EFD0028E8D0B0E72F46AB4648E7DA
:1019A00021465046FFF764FD00288ED0A6E71A4670
:1019B0003146019300F0DEF9019BA1682268C91A43
:1019C0001A44A16022601D467BE7504600F03EFAB3
:1019D000034600287FF423AF21695046FEF77CFFC1
:1019E000B4F90C300C2223F08003CAF8002087E7FA
:1019F0000C23CAF80030B4F90C3081E74FF0FF3007
:101A00006CE700BFFEFFFF7F00FCFF7F2DE9F04188
:101A100010F148071BD088460026D7E90154013D44
:101A20000FD4A389012B05F1FF3506D9B4F90E3087
:101A30000133204601D0C04706436B1C04F1680403
:101A4000EFD13F68002FE8D13046BDE8F0813E4637
:101A50003046BDE8F08100BF2DE9F84310F148079A
:101A60001FD0884606464FF00009D7E90154013DD2
:101A700011D4A389012B05F1FF3508D9B4F90E3033
:101A800001332146304602D0C04749EA00096B1CA9
:101A900004F16804EDD13F68002FE6D14846BDE867
:101AA000F883B9464846BDE8F88300BF70B50C46D8
:101AB000B1F90E10002996B016461D4613DB6A4692
:101AC00004F087FB00280EDB019A02F47042A2F5B5
:101AD0000052B2FA82F252094FF4806300202A6069
:101AE000336016B070BDA38900221B062A6004D59E
:101AF00040230020336016B070BD4FF48063002097
:101B0000336016B070BD00BF8A8992070B4606D5B8
:101B100001F1470201211A60C3E90421704770B541
:101B200082B001AB6A460C460646FFF7BFFF00993C
:101B300005463046FEF726FFB4F90C3070B1164961
:101B4000B162019A0099206043F08003A381C4E947
:101B500004018AB92B43A38102B070BD9A05FBD45E
:101B600023F0030304F1470243F002030121A381A0
:101B70002260C4E90421EFE73046B4F90E1004F006
:101B800026FB10B9B4F90C30E4E7A38923F0030372
:101B900043F001031BB2DDE7F91400080000000068
:101BA00001F0FF01102A2BDB10F0070F08D010F80E
:101BB000013B013A8B422DD010F0070F42B3F6D112
:101BC000F0B441EA012141EA014122F007047FF02B
:101BD00000070023F0E80256083C85EA010586EA82
:101BE000010685FA47F5A3FA87F586FA47F6A5FABE
:101BF00087F68EB9EED1F0BC01F0FF0102F00702CA
:101C000032B110F8013B013A83EA010313B1F8D174
:101C10000020704701387047002D06BF3546033855
:101C2000073815F0010F07D1013015F4807F02BF8E
:101C3000013015F4C03F0130F0BC0138704700BFDF
:101C4000844641EA000313F003036DD1403A41D3C7
:101C500051F8043B40F8043B51F8043B40F8043B86
:101C600051F8043B40F8043B51F8043B40F8043B76
:101C700051F8043B40F8043B51F8043B40F8043B66
:101C800051F8043B40F8043B51F8043B40F8043B56
:101C900051F8043B40F8043B51F8043B40F8043B46
:101CA00051F8043B40F8043B51F8043B40F8043B36
:101CB00051F8043B40F8043B51F8043B40F8043B26
:101CC00051F8043B40F8043B51F8043B40F8043B16
:101CD000403ABDD2303211D351F8043B40F8043BB6
:101CE00051F8043B40F8043B51F8043B40F8043BF6
:101CF00051F8043B40F8043B103AEDD20C3205D3C6
:101D000051F8043B40F8043B043AF9D2043208D0BD
:101D1000D2071CBF11F8013B00F8013B01D30B882F
:101D200003806046704700BF082A13D38B078DD00D
:101D300010F003038AD0C3F10403D21ADB071CBFDF
:101D400011F8013B00F8013B80D331F8023B20F849
:101D5000023B7BE7043AD9D3013A11F8013B00F882
:101D6000013BF9D20B7803704B7843708B7883700A
:101D7000604670478842F0B40DD98B1883420AD967
:101D8000841832B1224613F8014D02F8014D9942F0
:101D9000F9D1F0BC70470F2A0ED80346541E002A12
:101DA000F7D001340C44013B11F8012B03F8012F4B
:101DB000A142F9D1F0BC704740EA01039B073BD137
:101DC000A2F110073F0901F1200606EB071601F109
:101DD000100300F1100453F8105C44F8105C53F841
:101DE0000C5C44F80C5C53F8085C44F8085C53F84D
:101DF000045C44F8045C1033B34204F11004EAD1EB
:101E00007B1C1B0112F00C0F194402F00F05034458
:101E100015D0043DAD0803EB850C1C1F0E4656F88B
:101E2000047B44F8047F6445F9D10135AD002B44AF
:101E3000294402F00302B1E7541E0346B1E72A46E3
:101E4000ACE700BF704700BF704700BF09B3F8B5EB
:101E50001446CAB106460D4600F024F9A04202D34A
:101E60002F463846F8BD21463046FEF78BFD074623
:101E70000028F6D022462946FFF7E2FE30462946E2
:101E8000FEF72AFD3846F8BD2746FEF725FD384601
:101E9000F8BD1146FEF776BD10B580210446FEF769
:101EA00071FD606440B1031F00227C3043F8042FB1
:101EB0008342FBD1002010BD4FF0FF3010BD00BFAA
:101EC000436C0BB100207047E6E700BF1F2970B5D7
:101ED000054608D8436C16460C464BB153F824000F
:101EE00043F8246070BD162202604FF0FF3070BDD1
:101EF000FFF7D2FF08B96B6CF0E74FF0FF3070BD11
:101F00001F2938B521D8426C05460C466AB152F8F3
:101F1000213053B1012B16D0591C10D0002520467A
:101F200042F824509847284638BD284600F070F8FB
:101F3000224601462846BDE8384000F055B8162331
:101F40000360012038BD002038BD162303604FF028
:101F5000FF3038BD1F2921D838B5436C05460C46E3
:101F600083B153F8242003EB84034AB1511C10D0F1
:101F7000012A0CD0002520461D609047284638BD18
:101F8000012038BDFFF788FF28B96B6CE9E7032013
:101F900038BD022038BD4FF0FF3038BD4FF0FF3064
:101FA000704700BF024B01461868FFF7A9BF00BF8A
:101FB000000C0020024B0A4601461868FFF786BF56
:101FC000000C0020034B1868436C0BB100207047D5
:101FD00062E700BF000C0020024B01461868FFF7C3
:101FE000B9BF00BF000C002038B50B46074C0546B2
:101FF000114618460023236004F0E1F8431C00D08A
:1020000038BD2368002BFBD02B6038BD1821002081
:1020100004F0D3B810B50C46B1F90E1004F00AF96B
:10202000002803DB636D0344636510BDA38923F4BB
:102030008053A38110BD00BF002070472DE9F041FF
:102040001646B1F90C201F46D3050C460546B1F9DA
:102050000E1009D422F48052A2813B463246284613
:10206000BDE8F04104F0E2B80022022304F0E0F8F9
:10207000B4F90C20B4F90E10ECE700BF10B50C4613
:10208000B1F90E1004F0D4F8A389421C0EBF23F45A
:10209000805343F480536065A38110BDB1F90E10E5
:1020A00004F0C2B851F8043C181F002BBCBF0B58F9
:1020B000C01870474B6843608B688360CB68C3600F
:1020C0000B6943614B6903628B6943620B68036070
:1020D0007047000000EB810370B5DD682B6803F0EA
:1020E0000303032B5AD0002B0CBF4FF400730023C3
:1020F0002F4A146D6A6904F1804404F5C04404EB6E
:1021000001146AB1002262602A8AD0F88460013228
:1021100022F001023244C0F8842043F020032660FC
:10212000AA69C2B16D8A3E2D05F1FF3239D942F05C
:102130001F02204E0132521146EA822292B2E26020
:10214000D0F88420013525F001051544C0F88450ED
:1021500043F40053A2608A0002F1804202F5B842C3
:1021600010684404106848BF43F48043400648BFE9
:1021700043F04003194321F4784148F2800021F0F4
:10218000F001014323F4F163116023F007031168A8
:102190005B045B0C4B400343136070BD4FF4C063A2
:1021A000A6E742F001020132520202F47C42C6E785
:1021B000005C00400080FFFF0B4B0C480021802298
:1021C00019655964DA644268D2688A420CBF4FF4D8
:1021D0001C424FF41E421A644023C0F88430044B62
:1021E000C360FFF777BF00BF005C00401C170020F2
:1021F000FC9A00080E4BDA6942F40002DA610D4ADB
:10220000DB69012313640C4BD02183F84A134FF48C
:102210008061C3F888119960E02183F84B134FF473
:102220000061C3F88811996000231364FFF7C4BFED
:1022300000100240005C004000E100E00C4B1B6D10
:1022400003F1804303F5C04303EB0010114403681E
:10225000426003F1005303F540535B00002AA1EBF9
:10226000020000DC7047008843F8040B023AF5E7EF
:10227000005C0040836970B51A69DD681540EAB2F8
:10228000D243AE0704461A6103D543681B6903B104
:102290009847680704D563689B690BB12046984747
:1022A000290704D563681B6A0BB120469847EA06E4
:1022B00004D563689B6A0BB120469847EB0706D5A7
:1022C00063689B681BB12046BDE87040184770BD2D
:1022D000C3681969DA680A40D1B2C943D2071961E3
:1022E0000FD50278042A08D10222027000221A6057
:1022F0001A61DA6822F0FF02DA6043685B6803B1B2
:1023000018477047D0E90B315B6840685A684B68E2
:10231000806810B523F0FF73FF2A23F4803394BF45
:1023200000244FF0807443EA000388BFFF22234358
:1023300043EA02434B6010BD836A5B6830B5046BAF
:102340005968436862689B68FF2988BFFF2122F0B3
:10235000FF7243EA014322F4803294BF00254FF01C
:10236000807513432B4343F48063636030BD0000EA
:1023700010B40468437B21684268D940126801F0B8
:102380000E010A420FD0827B01FA03F3636001322F
:10239000064B53F8324034B103EBC203586823466E
:1023A0005DF8044B18475DF8044B7047F81B00209C
:1023B00038B50C46012511460289A5401543058113
:1023C00000EB84000025C2685069128A03609A42BB
:1023D00028BF1A4681604560C56002612046A4009E
:1023E00004F1804404F5B844FFF728FF236823F480
:1023F000F04323F0400383F0300343F4004343F001
:102400008003236038BD000010B590F86430142BB1
:10241000044636D024D8062B05D001D81BB110BDF8
:10242000093B022BFBD81D490B6823F4F04323F032
:10243000400383F0100248F2800002430A600B68F8
:1024400023F4904323F0700383F4805303430B6021
:1024500063681B6813B1062120469847062319E0DC
:10246000152BDCD10B2380F86430202383F31188F3
:1024700000231A461946FFF79BFF002383F31188B8
:10248000CDE7C3689B695B68002BC8D1036F03B1BC
:102490009847002384F86430C1E700BF005C004027
:1024A00070B54689012404FA01F53543458100EBF6
:1024B0008100C568A8698260002203604260C26032
:1024C0002BB16A8A013B1344B3FBF2F39CB289003F
:1024D00001F1804101F5B84104820B6823F4904377
:1024E00023F0700383F4405343F4004343F080032C
:1024F0000B6070BD38B590F864300446002B42D0B4
:10250000063BDAB20F2A38D80F2B36D8DFE803F0B3
:102510003B353508263635353535353535353B3B94
:1025200090F87B1090F87A20C36E42EA0122934221
:1025300014D2C268128AB3FBF2F502FB15356DB9ED
:10254000202383F311882B462A462946FFF730FFC4
:1025500085F311880A2384F864300EE0142384F88C
:102560006430202383F3118800231A46194620463D
:10257000FFF796FF002383F3118838BD036F03B183
:1025800098470023E7E70E490B6823F4F04323F054
:10259000400383F0100248F2800002430A600B6897
:1025A00023F4904323F0700383F4805303430B60C0
:1025B00063681B6813B10621204698470623CAE7C3
:1025C000005C004090F87630074A80F87E3043F097
:1025D000800310B5D36443681B6804460BB1012126
:1025E00098470323237010BD005C00400369196005
:1025F000C268013AC260C2691344826903619342AE
:1026000024BF436A036100238362036B03B118474D
:102610007047D0E904239A4201D1C26822B9184612
:1026200050F8043B0B60704700207047C368C269D4
:10263000013BC3604369134482694361934224BFF1
:10264000436A436100238362036B03B118477047F9
:10265000202383F31188104B5B6813F4006317D0B9
:10266000F1EE103AEFF30983683B4FF08072DA61C4
:102670000A4AD2681A6683F30988094A116892697E
:102680008968926891428CBF064A074A9A617047EE
:1026900083F31188704700BF00ED00E030EF00E0E9
:1026A000E41900208B0300088E0300080D4A0E4B2E
:1026B000516FC2685B68013230B5C260D0E9044531
:1026C00082685B1A9B1A42688360E41845F1000532
:1026D0009342026888BF43609342C0E9044538BF13
:1026E000036030BDE4190020001000E0014B5B687E
:1026F00083607047001000E0002380F8203082687B
:10270000054B1B6899689142FBD25A68036042608E
:1027100010605860704700BFE4190020F8B50468E5
:1027200005460E460027AC4200D1F8BDE3683343AE
:10273000E36023691E420BD0D4E90103426B1343CB
:1027400090F8202043630A2A04D1426A134207D139
:102750002468E8E70B2AFBD1426A32EA0303F7D187
:102760004762FFF7C9FFF3E738B504460D46206816
:10277000844200D138BD036823605C604562FFF786
:10278000BBFFF4E703682BB10022026059621846D0
:10279000FFF7B2BF70470000F8B590F86430044608
:1027A00013B1002380F86430BF4B1B6D03F18043ED
:1027B00003F5C04303EB011104F174008B6803F1CE
:1027C000005303F540535B0003F110021946043334
:1027D000096820F8021B9342F8D163689B681BBB11
:1027E00094F8743013F0600546D0AF490B6823F4B9
:1027F000F04323F0400383F0100248F280000243CC
:102800000A600B6823F4904323F0700383F4805331
:1028100003430B6063681B6813B106212046984789
:10282000062384F86430F8BD204698470028D7D0A6
:1028300094F87B2094F87A3043EA0223E26E9A42BD
:1028400088BFE36694F97430E56E002B4FF02003E7
:1028500080F26481002D00F05381092284F8642005
:1028600083F311880021D4E91A232046FFF7A0FD45
:10287000002383F31188D6E794F8752003F07F03D3
:1028800043EA022340F20232934200F0178121D83A
:10289000B3F5807F4ED00DD8012B45D0022B00F030
:1028A000B680002BA1D104F17C02A2660222E2666E
:1028B0002367BDE7B3F5817F00F0C380B3F5407FA8
:1028C00093D194F87630012B8FD1B4F87C3043F05B
:1028D000020338E0B3F5006F3FD01DD8B3F5A06F09
:1028E00037D0A3F5C063012B3FF67FAF94F8792072
:1028F000616894F878304E6894F8771043EA0223C0
:10290000204694F87620B04700283FF46EAF436825
:10291000A3660368E3661AE0B3F5106F22D040F6B1
:10292000024293427FF461AF604BA3660223E366E9
:102930000023BDE794F87630012B7FF456AFB4F84E
:102940007C3023F00203C4E91A55A4F87C302567D3
:102950006EE7C4E91A55564BAAE704F17F03A36654
:102960000123D7E72378042B40D1202383F3118858
:10297000A36803F00113A36004F1100604F12C070F
:1029800056F8043B7BB1586920B16FF001010C305F
:10299000FFF7F8FE56F8043C986920B16FF001018A
:1029A0000C30FFF7EFFEB74246F8045CE8D1402355
:1029B000C4F88430012248F28000930003F1804380
:1029C00003F5B84301321968082A41EA0001196089
:1029D0001860F2D1002383F31188032184F87F303B
:1029E000636821701B680BB12046984794F87630D5
:1029F0004BB184F87F300423237063681B6813B1E4
:102A00000221204698470023C4E91A3350E794F87E
:102A1000783003F00F0213F0800F234B53F822306D
:102A200008D013F030033FF4E0AE102B14BF214B5D
:102A3000214B7AE713F440533FF4D7AEB3F5805FF0
:102A4000F4E794F87630002B7FF4CFAE94F878203A
:102A500012F00F03D7D01BB29B0003F1804303F5A4
:102A6000B84312F0800F1A680DD002F03002302AFD
:102A7000C9D01A6822F4F04222F0400282F020020B
:102A800042F400420BE002F44052B2F5405FBAD08B
:102A90001A6822F4F04222F0400242F4204242F04E
:102AA00080021A60AFE700BF005C004010A1000880
:102AB000C5250008CC990008C89D000894F8763018
:102AC000002B7FF492AE94F8782012F00F039AD086
:102AD0001BB29B0003F1804303F5B84312F0800F53
:102AE0001A6806D022F4F04222F0400282F010026E
:102AF000C6E722F4904222F0700282F48052BFE7CF
:102B0000142284F8642083F311882B462A46294630
:102B10002046FFF7C5FC85F3118884E65DB11522D8
:102B200084F8642083F311880021D4E91A23204615
:102B3000FFF7B6FC9CE60B2284F8642083F311882F
:102B40002B462A4629462046FFF732FCE3E700BF22
:102B500008B5202383F3118890F820200023072A4A
:102B600007D8DFE802F00C060604130F0613426ACA
:102B700013604FF0FF334362FFF7BEFD002383F382
:102B8000118808BD426A936801339360D0E900322E
:102B900013605A60EDE700001A4902680B4610B551
:102BA00053F81C4F84420DD041680A60026851609E
:102BB0009A424FF00001C16003D0936881680B44D2
:102BC000936010BD00209A42CA615360E06003D157
:102BD0004FF08043D860F4E79368A068896A0344A3
:102BE00093604FF08042526A501A8342E9D98A1AA0
:102BF0001A44012A98BF831C4FF080420B44536350
:102C0000DFE700BFE4190020C0E90323294A2DE9CA
:102C1000F0411446022954F81C3F4FF0804738BF5A
:102C20000221A3427E6A9446A6460DD1C2E907005E
:102C30009662C0E9003381600023314479633B61CF
:102C40000223FB60BDE8F081956A741B09190A46EE
:102C500026D31A464FF0000803E0C2F80880126835
:102C6000E41B9768BC42F8D8724505EB040818BF0E
:102C70003C1BCCF8288018BF9460AA1B0A449968B2
:102C8000914213D3596803604160086058608260C4
:102C900099688A1A9A604FF0FF33CCF82430D1E754
:102CA00099688A42EBD215447D63E8E71B68521AA3
:102CB000E5E700BFE419002013B504460748C268E1
:102CC0000B461AB10191FFF767FF019B044A0348C5
:102CD000214602B0BDE81040FFF796BF9C1F0020C0
:102CE000412F0008FEE7000030B5202383F3118850
:102CF000094C65682368281A49420840821A9A429A
:102D00004FF0000305D3954203D3626083F311882B
:102D100030BD1846FAE700BFC01B0020704770475F
:102D200000EB81032DE9F3419C6A05460E46002C19
:102D300033D0202383F3118805EB86080821201D5A
:102D4000FFF7ECFCD8F80C305B691B6804F1440712
:102D5000ABB1236D226E606C01332365A36D134408
:102D6000E26DA365934224BFA36EA365B84206D06B
:102D7000036863645F6000234362FFF7BDFC01A941
:102D80003846FFF746FC024650B1019B31462846C3
:102D9000FFF70EFB002383F3118802B0BDE8F0813A
:102DA000D8F80C305A691268002AF3D01B8A013B0C
:102DB0001342EFD1E36F1B7E002BEBD105F17402C0
:102DC000E4E713B5446BE36F1A681178042915D151
:102DD000217A022912D11979128901238B401342D9
:102DE0000CD101A904F14400FFF713FC024628B1FD
:102DF000E46F019B21792068FFF7DAFA02B010BD79
:102E000038B5C16F0C682378042B18D1037A022BD4
:102E100015D10A796589012303FA02F22A420ED1FB
:102E2000D0E90725AA4201D1856955B9836A497954
:102E30002046043B0432FFF733FB002038BD01205D
:102E4000FCE71846FAE7113110B550F82140002C84
:102E50002DD0202383F3118804216018FFF75EFC36
:102E6000E26FE0681368527903EB820304F10C010E
:102E7000DB689B695A68E3691A60A2690132A26142
:102E8000A26A1344626AE361934224BF236BE36145
:102E9000814206D00368E360596000234362FFF774
:102EA0002BFC2046FFF7ACFF002383F3118810BDF5
:102EB000406BFFF7A5BF80B2400000F1006000F555
:102EC000783000787047000013B5202383F3118811
:102ED000094C2178042904D0002383F3118802B01F
:102EE00010BDADF80500032301AA20468DF804109B
:102EF000FFF75EFAF0E700BF1C17002013B5202390
:102F000083F31188094C2178042904D0002383F32A
:102F1000118802B010BD0323ADF8050001AA2046B8
:102F20008DF80430FFF744FAF0E700BF1C170020CB
:102F300070470000014B1878704700BFB01F002099
:102F400070B52023064683F311880378042B03D041
:102F5000002383F3118870BD144B1B78DB09F7D174
:102F6000134C2278002AF3D0124B1B78002BEFD0A1
:102F700003899B0704D4104A08230121FFF718FA9C
:102F80000E4B247840F2E730A4FB034520184FF0A5
:102F900000014FF47A724FF0000345EB0101FDF799
:102FA000F9F931468000FFF787FED1E7D21F0020F4
:102FB000981F0020E00D0020B11F0020A086010016
:102FC000F8B590F8743003F07F02212A044672D1DC
:102FD00013F0800F90F875001FD0022817D0032837
:102FE0000BD0012867D194F87830002B56D14B4A8A
:102FF000A2662022E266236708E0B4F87820002A5F
:1030000059D10120C4E91B02454BA366F8BD454BCD
:10301000A3660120E0660023EDE70A2842D00B28D2
:103020000ED0092847D194F8782012F0FD0F42D134
:103030003D4BA3660223E3663C4B23670120E5E793
:10304000B4F8783053BB94F87650354B002D14BF4C
:10305000012100211970364B1A7861F3C7121A70DA
:103060001CD1304B1A78CAB1202282F311881E7805
:10307000304B40F2E730A6FB036730184FF00001F9
:103080004FF47A724FF0000347EB0101FDF782F92C
:1030900021468000FFF710FE85F311880023C4E964
:1030A0001A33CAE722491F4B0D7894F877201A701B
:1030B000ED09F3D1D7E7B4F8741040F28162914280
:1030C00016D194F87920616894F878304D6894F8B6
:1030D000771043EA0223204694F87620A84708B9DF
:1030E000002093E74368A3660368E3660023A4E730
:1030F000114A92F8B620002AF2D003F06003202B88
:10310000EED194F87530212B05D81F2BE8D90B4B45
:10311000A3660723E9E7222BC0D0E1E7B11F002017
:10312000E00D0020981F00205020002041310008B1
:10313000D21F0020A0860100780C0020E10D0020A5
:1031400090F87A10074A0229137807D103F0FB039D
:10315000012B05D1044B52781A707047024A137044
:10316000704700BF50200020B01F002010B5084A53
:10317000084C117824784B1C03F00F039C421DBFB0
:10318000054C13706054002018BF012010BD00BF13
:10319000901C0020911C0020801C002042EA01228B
:1031A000100A032811B214D00CD8012828D0022804
:1031B0000CD1154A5B231548002AC0E9003208BF2C
:1031C0001046704721280DD0222812D000231A461D
:1031D000F1E7CBB2022BF9D80D4A0E4952F8232061
:1031E000CB5CE8E7022BF1D80B4A52F823200923E5
:1031F000E1E7022BEAD8094A094952F82320EFE710
:10320000084A1223D7E700BF65970008F01B00208B
:103210000C970008189700081C97000828970008CA
:1032200062970008C0970008074B084A1A60BFF36E
:103230004F8F0749074BCA6802F4E0621343CB6023
:10324000BFF34F8F00BFFDE7FC9F0020EFBEADDE58
:1032500000ED00E00400FA0538B5202383F311885F
:103260004FF08043596A002383F31188074B084CC1
:103270001B68084AC91A4FF47A700025E0FB014523
:10328000002320462946FDF785F838BD3C20002064
:103290009F860100A086010010B5114B1B7893B1E9
:1032A000104B93F90030002B0DDAEF294FEAD103D0
:1032B00008D8184401F0070101238B40817821EAE6
:1032C0000301817010BD831C0022083013F8014BEC
:1032D000A14208BF03F8012C9842F7D1F2E700BFE2
:1032E000E00D0020D21F002030B5164B1B788BB1AB
:1032F000154B93F90030002B0CDAEF294FEAD1037C
:1033000007D8034401F00702012191409A78114344
:10331000997030BD841C4FF0FF33002214F8015B1C
:10332000A942F6D0B3F1FF3F02D1002D08BF1346EA
:103330000132D5B2062D52B2F0D15A1CE9D0034465
:10334000E6E700BFE00D0020D21F0020024B1A78F4
:103350000AB100221A7070472C20002010B5204BB3
:10336000204A1B78127820491343204A12781343CD
:103370001F4A0B701278A2B113430B701D4B1B78C0
:103380001BB31D4B93F90030002BACBF06231E234B
:103390001A480022013BDBB2FF2B18D10AB1FFF71C
:1033A000D5FF174B1B68CBB1124A127842B1124AB3
:1033B00092F90020002ABFBF0A784A7005220A70DD
:1033C000BDE810405B68084818470623E0E710F89E
:1033D000014B002CDED00132D2B2DBE710BD00BFC2
:1033E00038200020E0200020A41700200D2000201D
:1033F0002C200020E00D0020D21F0020A617002066
:10340000601C0020C0F30723C3EBC30313B500EB1C
:1034100043000B4900F00704C0F3C40000EB800038
:1034200000220144104611F8013BE34003F0010380
:10343000934001321843052AC0B2F4D102B010BD46
:1034400068200020C0F30723C3EBC30337B500EBAC
:10345000430000F0070301229A40C0F3C4000A4B66
:1034600000EB8000D2B218440024057821FA04F35E
:1034700043F300036B40134001346B40052C00F80C
:10348000013BF2D103B030BD68200020054B064A55
:103490001B7812789A4200D17047013303F007037A
:1034A000F8E700BFDF200020DE20002030B1044A12
:1034B000137823EA00001070FFF750BF704700BF79
:1034C0003820002028B1034B1A7810431870FFF7FA
:1034D00045BF704738200020054A1188814205D039
:1034E000044B10801B680BB11B691847704700BF65
:1034F000D41F0020601C0020054A1188814205D09D
:10350000044B10801B680BB1DB681847704700BF85
:1035100000200020601C0020024B186808B10368DE
:1035200018477047601C002008B552001C2303FB9D
:1035300001218C2202FB001101F12700FFF7BBFCE7
:10354000030201F128009BB2FFF7B5FC184380B2DB
:1035500008BD82B00328ADF804100AD89DF8051004
:10356000042906D89DF804200D2A02D802B0FFF7DE
:10357000DBBF002002B0704700B1104708470000D1
:103580003E28F0B523D8DFF850C00CEB800797F841
:1035900002E07C78FD781CF820700EF03F063601C2
:1035A00046EA141604F00F04A40107F0030044EAED
:1035B0009704074FAD0040F25F1C0CFB007045EA1A
:1035C0009E15015582554355024B01221A70F0BDDC
:1035D000BB1C00201A1E0020209B0008F8B50546E1
:1035E0000E461746002420463B4632462946013403
:1035F000FFF7C6FF3F2CF6D1F8BD84B0BDF8102010
:103600000190D21A92B2FF2A28BFFF22C0F30740CE
:10361000D24350FA82F2FF2A28BFFF228DF80620FB
:10362000019B0020DAB262F30700C3F3072262F3C2
:103630000F20C3F3074363F3174004B07047000043
:103640001FB5482B0190C0F3074030D8BDF8184093
:10365000E31A9BB2FF2B28BFFF23083189B2102940
:1036600005D902F1080189B2112928BFFF231149A8
:10367000DB4350FA83F3002A4978B8BF0332FF2BAB
:1036800001EBA20228BFFF238DF804208DF806303D
:10369000019B0020DAB262F30700C3F3072262F352
:1036A0000F20C3F3074363F3174004B010BDFF239B
:1036B000D3E700BF402000201FB50029B8BF494212
:1036C000002AB8BF524209B2090112B21201FF2901
:1036D000BDF818400190A8BFFF21FF2AA8BFFF2214
:1036E00023440CB211B28C42A8BF0C4614FA83F4E6
:1036F000A4B2FF2C28BFFF24C0F30740E44350FAD4
:1037000084F4FF2C28BFFF248DF80640019B002085
:10371000DAB262F30700C3F3072262F30F20C3F3A8
:10372000074363F3174004B010BD84B003EB83027A
:10373000BDF81030019013449BB2FF2B28BFFF232C
:10374000C0F30740DB4350FA83F3FF2B28BFFF236E
:103750008DF80630019B0020DAB262F30700C3F354
:10376000072262F30F20C3F3074363F3174004B04B
:10377000704784B0C9B20190C1F18201C0B2002982
:10378000A8BF40188DF80400019B0020DAB262F354
:103790000700C3F3072262F30F20C3F3074363F369
:1037A000174004B0704784B0C9430190C9B2C0F358
:1037B000074011FB00F109128DF80610019B002053
:1037C000DAB262F30700C3F3072262F30F20C3F3F8
:1037D000074363F3174004B0704700001FB5114B57
:1037E000019003EB4101C0B291F84640A11A4BB2DF
:1037F000002BBCBF121B53B2DBB203EB430300EB45
:1038000053138DF80430019B0020DAB262F30700F5
:10381000C3F3072262F30F20C3F3074363F3174098
:1038200004B010BD1C9C00081FB5164C019020333D
:1038300004EB4303C0B2DC79203C62439C79A4F1E1
:1038400070035BB2002BBCBFC4F170035BB2C3F169
:10385000380301FB032111EB410148BF7F3100EB2D
:10386000E1118DF80410019B0020DAB262F3070029
:10387000C3F3072262F30F20C3F3074363F3174038
:1038800004B010BD1C9C000884B020330190114886
:1038900000EB4303D8799B79703B5943203802FBF6
:1038A0000012002A9DF80410B8BF3F3201EBA212AB
:1038B0008DF80420019B0020DAB262F30700C3F305
:1038C000072262F30F20C3F3074363F3174004B0EA
:1038D000704700BF1C9C000884B020330190114841
:1038E00000EB4303D8799B79703B5943203802FBA6
:1038F0000012002A9DF80410B8BF7F3201EBE212DB
:103900008DF80420019B0020DAB262F30700C3F3B4
:10391000072262F30F20C3F3074363F3174004B099
:10392000704700BF1C9C000884B003EB43039DF864
:103930001020019002EB53038DF80430019B00200E
:10394000DAB262F30700C3F3072262F30F20C3F376
:10395000074363F3174004B070470000134B203156
:1039600030B503EB410403EB4103E5799B79A5F105
:10397000200464B2002C85B0BCBFC5F1200464B241
:103980009A1A01902244C0B210448DF80400019BA1
:103990000020DAB262F30700C3F3072262F30F20BC
:1039A000C3F3074363F3174005B030BD1C9C000808
:1039B00084B001900B4800EB4101002091F84730A2
:1039C0009A1A8DF80420019BDAB262F30700C3F360
:1039D000072262F30F20C3F3074363F3174004B0D9
:1039E000704700BF1C9C000884B001900B4800EB9E
:1039F0004101002091F846309A1A8DF80420019B6D
:103A0000DAB262F30700C3F3072262F30F20C3F3B5
:103A1000074363F3174004B0704700BF1C9C0008C5
:103A200084B001908DF80420019B0020DAB262F38B
:103A30000700C3F3072262F30F20C3F3074363F3C6
:103A4000174004B07047000084B0C0F307430190F2
:103A5000134800EB410191F84600E42110FB01F00E
:103A6000C2EB10201C300028B8BF4042A3EBC000BE
:103A700000B220EAE07010FB03F000128DF806009F
:103A8000019B0020DAB262F30700C3F3072262F35E
:103A90000F20C3F3074363F3174004B0704700BF20
:103AA0001C9C000884B0C0F307230190134800EB6E
:103AB000410191F84600E42110FB01F0C2EB102017
:103AC0001C300028B8BF4042A3EBC00000B220EA7F
:103AD000E07010FB03F000128DF80500019B002040
:103AE000DAB262F30700C3F3072262F30F20C3F3D5
:103AF000074363F3174004B0704700BF1C9C0008E5
:103B0000FFF76CBDFFF73CBD10B5044620B9002996
:103B1000ACBF0020802010BD80EAE072A2EBE07212
:103B200013B20029A6BFCB1A5B015B1A01FA82F21D
:103B3000B5BF520193FBF2F392FBF3F3C3F1200301
:103B4000B8BFC3F160035BB2D8B2002CBCBF404227
:103B5000C0B2E0E71FB59DF8184001901B1B10464E
:103B6000DCB2FFF7D1FF201A8DF80400019B002082
:103B7000DAB262F30700C3F3072262F30F20C3F344
:103B8000074363F3174004B010BD1FB50190104602
:103B90001C46FFF7B9FF03198DF80430019B002084
:103BA000DAB262F30700C3F3072262F30F20C3F314
:103BB000074363F3174004B010BD30B585B0C0F3C0
:103BC00007459DF82040019010461C1BFFF79CFF05
:103BD0002C44E4B2201AC0B210FB05F000128DF89C
:103BE0000600019B0020DAB262F30700C3F307224C
:103BF00062F30F20C3F3074363F3174005B030BDF2
:103C000030B585B0C0F307259DF8204001901046DF
:103C10001C1BFFF779FF2C44E4B2201AC0B210FB42
:103C200005F000128DF80500019B0020DAB262F366
:103C30000700C3F3072262F30F20C3F3074363F3C4
:103C4000174005B030BD30B585B0C0F30745EB1A5D
:103C500001901046DCB2FFF757FFC0EB801300EB7A
:103C600083002044C0B210FB05F000128DF806005E
:103C7000019B0020DAB262F30700C3F3072262F36C
:103C80000F20C3F3074363F3174005B030BD30B5D1
:103C900085B0C0F30725EB1A01901046DCB2FFF7A0
:103CA00033FFC0EB801300EB83002044C0B210FB55
:103CB00005F000128DF80500019B0020DAB262F3D6
:103CC0000700C3F3072262F30F20C3F3074363F334
:103CD000174005B030BD000010F040031ABFC243CA
:103CE000D2B2024610B502F00F0103B101310A4C05
:103CF000C2F3011204EB42035B7813FB01F114F8E9
:103D0000123003EB2113DBB2020644BF5B42DBB28D
:103D100083F0800010BD00BF6E9A000830B585B0FA
:103D2000C4B2019010460D46FFF7D6FF134901EBD0
:103D3000450191F846201044C2B2A2F180035BB263
:103D4000002BBCBFC2F1800253B25B0003F0FE0344
:103D500003EB430304EB93138DF80430019B002025
:103D6000DAB262F30700C3F3072262F30F20C3F352
:103D7000074363F3174005B030BD00BF1C9C00082B
:103D8000012830B501D8C0B230BDB0F5F75F9DBF96
:103D900042090832D2B2FF220124A3185910C3F3FA
:103DA0004705C3F34F0313FB03F39BB2834205D9CB
:103DB0006A1ED2B29442F0D9601EE4E7FF2902D015
:103DC0006C1CE4B2F6E70846DEE71FB5019048B286
:103DD0000028BCBF494248B25243C0F1380010FB32
:103DE000002080B21C46FFF7CBFF00EB40000444EC
:103DF0008DF80440019B0020DAB262F30700C3F3A0
:103E0000072262F30F20C3F3074363F3174004B0A4
:103E100010BD000030B5C0F307422B4C10F47F4FAB
:103E2000A25C85B0C1B2C0F307234AD001EB4104C4
:103E3000FF206400B4FBF0F46FF05400604300EB2B
:103E4000410000EB4000C0B213FB00F5C0F1FF00E1
:103E5000C3F1FF0143432D121B12C5F1FF05C3F14E
:103E6000FF03514355435343C1F30721C5F30725CE
:103E7000C3F30723062C21D8DFE804F0060411164B
:103E80001B20060013462A4614461A46002062F3F9
:103E9000070064F30F2061F3174005B030BD1846EA
:103EA00013460A460146EFE713460A4619462B46D3
:103EB000EAE718460B4611460246E5E70B46294657
:103EC000E2E711461446E1E70C9600082DE9F04FB1
:103ED000374A384E384B147835791B88A4006D0862
:103EE0008BB0E4B25D43C5F30723271DFFB20293F5
:103EF000324B03903F2FBB4603EB440828BF4FF0E3
:103F00003F0B91469A46E3B29B4506D83E2F8CBFA5
:103F1000002001200BB0BDE8F08F0AEB040393F8FA
:103F2000C42099F801301A423DD098F8473098F8EB
:103F30004600203B9AB2703813FB03F381B200FBBA
:103F4000003080B205910492FFF71AFF029A96F8AA
:103F500001C096F803E0059900920346B078049AF0
:103F6000039D4CEA002012B209B240EA0E40A84775
:103F70008DF81C00C0F30723C0F307408DF81E0026
:103F80008DF81D30079BADF820301B0C8DF82230CA
:103F90000898FFF73FFFC0F30743C2B2C0F3072101
:103FA0002046FFF7AFFD08F102080134ABE700BF80
:103FB000E80D0020402000201C1E00201C9C000852
:103FC0002DE9F04F2DED028B304A314E314B1478F4
:103FD00035791B88A4006D08E4B25D43C5F307235F
:103FE000271DFFB208EE103A87B02B4B01903F2FF0
:103FF000BB4603EB440828BF4FF03F0B91469A465F
:10400000E3B29B4508D83E2F8CBF0020012007B0AB
:10401000BDEC028BBDE8F08F0AEB040393F8C420DB
:1040200099F801301A422CD0B378707896F803C012
:1040300098F8472098F84610019D40EA0320203A5E
:10404000703918EE103A40EA0C40A8478DF80C0081
:10405000C0F30723C0F307408DF80E008DF80D3034
:10406000039BADF810301B0C8DF812300498FFF74D
:10407000D1FEC0F30743C2B2C0F307212046FFF7C9
:1040800041FD08F102080134BAE700BFE80D002045
:10409000402000201C1E00201C9C00082DE9F04F31
:1040A000284A294E147835792849DFF8A4B0A400AD
:1040B000E4B2AB08271D0D88FFB23F2F03FB055567
:1040C000BA4685B0814628BF4FF03F0AC5F30725A1
:1040D0009046E1B28A4506D83E2F8CBF00200120D1
:1040E00005B0BDE8F08F0BEB040393F8C42098F8FB
:1040F00001301A4223D0B078737843EA0023F07875
:104100002A4643EA0040C8478DF80400C0F307235D
:10411000C0F307408DF806008DF80530019BADF81F
:1041200008301B0C8DF80A300298FFF773FEC0F3BD
:104130000743C2B2C0F307212046FFF7E3FC013476
:10414000C7E700BFE80D0020402000201C1E002013
:104150001C9C00082DE9F04FDFF8E0A0344E354BF1
:104160009AF8004035791B882DED028BA400AD082C
:1041700089B05D43E4B2C5F3072504F10409039057
:104180005FFA89F905F14000B9F13F0FC0B2CB46A3
:1041900028BF4FF03F0BFFF79FFD803843B2284602
:1041A00008EE103AFFF798FD80384FFA80F8E3B236
:1041B0009B4509D8B9F13E0F8CBF0020012009B002
:1041C000BDEC028BBDE8F08F1B4A224492F8C4106C
:1041D0009AF80120114228D0B278707896F803C07E
:1041E000039F009540EA022018EE101A424640EA6A
:1041F0000C40B8478DF81400C0F30723C0F3074004
:104200008DF816008DF81530059BADF818301B0C95
:104210008DF81A300698FFF7FDFDC0F30743C2B2D0
:10422000C0F307212046FFF76DFC0134BFE700BF54
:10423000402000201C1E00201C9C0008E80D0020CF
:104240002DE9F04F384B394D1C782F79DFF8E0B06D
:10425000DFF8E0A0A400E4B2261DF6B287B0013773
:104260003F2EB146019028BF4FF03F099846FF2FDF
:1042700028BFFF274FF6FF72B2FBF7F7E0B2814588
:1042800006D83E2E8CBF0020012007B0BDE8F08F7D
:104290000BEB040393F8C42098F801301A4232D093
:1042A0009AF80030013B5BB21A062ED539462B79BD
:1042B000A8780133FF2B28BFFF2359436B7843EACB
:1042C0000023E878C1F30F2143EA0040019B98479F
:1042D0008DF80C00C0F30723C0F307408DF80E00E3
:1042E0008DF80D30039BADF810301B0C8DF812309B
:1042F0000498FFF78FFDC0F30743C2B2C0F3072154
:104300002046FFF7FFFB0134B8E70AEB0302527CBB
:10431000824207D103F10C020AEB4202B2F801100B
:104320008F42C4D8013BBFE7E80D002040200020A9
:104330001C9C0008921C00202DE9F04F4B4BDFF82D
:104340003CB11C78A400E4B2261DF6B28FB03F2E1B
:10435000334628BF3F230393454B05911B780493B5
:10436000444B0793804603EB4407039AE3B29A4217
:1043700006D83E2E8CBF002001200FB0BDE8F08F84
:10438000079B234493F8C420384B5B781A4229D00A
:10439000394B1B88ADF82C30354B069308F10105DD
:1043A000EA18C14602924FF0000A049A5FFA89F3B4
:1043B0009A421AD89BF8030010FB0AF000128DF8FD
:1043C0002E000B9BADF830301B0C8DF832300C9862
:1043D000FFF720FDC0F30743C2B2C0F30721204618
:1043E000FFF790FB01340237BFE7029B13F8010B84
:1043F0000293029A97F84630D279181A97F8473004
:104400009B1A9AB213FB03F381B200FB003080B217
:1044100009910892FFF7B4FC069A9BF804C0099929
:10442000059D034609F10C0002EB40000CF1010C64
:10443000B0F80100089A8DF82EA0BCF1FF0F28BF3C
:104440004FF0FF0C0CFB00FCCCF30F20009012B2DD
:104450000B9809B2A847C0F307238DF82C008DF8FC
:104460002D30C0F3074A09F101099EE7E80D00204D
:10447000921C00201C9C00084120002040200020AD
:104480000B4BDA68D0070CD4DA6851070BD4DA6822
:10449000D2060AD4D86800F00100C0F10500C0B20D
:1044A000704701207047022070470320704700BF0B
:1044B0000020024073B50446FFF7E2FF0025FF2607
:1044C00001280FD114B9062002B070BD01950196E4
:1044D000019B1BB9FFF7D4FF013CF1E7019B013BB6
:1044E0000193F5E7002C08BF0620EDE710B50B4C53
:1044F000236943F0020323616061236943F04003B1
:10450000236140F6FF70FFF7D5FF06281EBF236921
:1045100023F0020323613423E36010BD0020024036
:1045200070B505461F200E46FFF7C4FF052810D1C1
:10453000084C236943F0010323611F202E80FFF7FD
:10454000B9FF06281EBF236923F00103236134232A
:10455000E36070BD00200240B0F5805F2DE9F041BE
:10456000884602D30020BDE8F081450005F10064D3
:1045700004F578344FF6FF7223889BB293424FEADA
:10458000A02604D12046FFF7CBFF80B2EBE7F6026E
:10459000154F06F1006606F578364FF40062314695
:1045A0003846FDF74DFB23789845DBD040F2FE708E
:1045B000284007F8008040F6FF70FFF77BFF0528D2
:1045C00002D13046FFF792FF0024395D61F0FF0110
:1045D0004B1C03D089B23019FFF7A2FF0234B4F5A7
:1045E000006FF2D1D1E700BF740E0020F8B585B29C
:1045F0006E1CB6B26B00720003F1006302F1006240
:1046000003F5783302F57832AC1CA4B2197810782F
:10461000620002F1006202F57832EF1CBFB213783B
:104620007A0002F1006202F578321B04127843EA44
:1046300000230B4353EA026311D000212846FFF701
:104640008BFF00213046FFF787FF00212046FFF750
:1046500083FF38460021BDE8F840FFF77DBFF8BD75
:104660000A4A5378C3F38001814210B50DD060F33C
:1046700082035370148811780420FFF76DFF210A1C
:104680002220BDE81040FFF767BF10BDD21F0020F9
:1046900010B540F25724A0B200210134FFF75CFFAF
:1046A000B4F5806FF7D110BD2DE9F84F174B0025F9
:1046B0004FF08C085F192E4619E03AF802BB2046ED
:1046C0004FEA1B21FFF748FF601C5FFA8BF180B2B5
:1046D00009F10109FFF740FF0234B9F10E0F0B4B4E
:1046E000A4B2EAD11C36B04507F11C0706D006F18A
:1046F0002704A4B2BA464FF00009DEE78C35B5F5C1
:104700000C7F08F18C08D5D1BDE8F88FF09D00082A
:1047100038B5054D1C24A0B215F8011B0134FFF774
:104720001BFF242CF7D138BD402000200A4A137803
:10473000990710D040B9012161F387031370074B2B
:1047400000221A70FFF7E4BF242801D92421F3E7DF
:1047500060F38703F2E7704740200020ED0D002052
:10476000054B1878C0F38500013810F0FF0008BF32
:104770002420FFF7DBBF00BF40200020044B187847
:1047800080080130252828BF0120FFF7CFBF00BFD8
:1047900040200020074B10B41C78A40706D05DF819
:1047A000044B58709970DA70FFF7B2BF5DF8044B94
:1047B000704700BF40200020044BDA789978587881
:1047C000103A22EAE272D2B2FFF7E4BF40200020A2
:1047D000054BDA78997858781032FF2A28BFFF22E3
:1047E000D2B2FFF7D7BF00BF40200020044B99781A
:1047F000DA785878103921EAE171C9B2FFF7CABFF7
:1048000040200020054B9978DA7858781031FF293C
:1048100028BFFF21C9B2FFF7BDBF00BF4020002065
:10482000034B5878DA789978083880B2FFF7B2BF2E
:1048300040200020034B5878DA7899780830FFF749
:10484000A9BF00BF40200020044A13791033FF2B7A
:1048500028BFFF231371FFF75BBF00BF402000207C
:10486000034A1379103B23EAE3731371FFF750BF38
:1048700040200020074B1A46312102F8011B06494F
:104880000888897891704FF67F729A80A3F80100AA
:10489000FFF73EBF402000208C94000810B5042490
:1048A00040F6FF70FFF706FE052808D1C4EB445020
:1048B000C00200F1006000F58020FFF717FE013C08
:1048C000EED110BD10B5FFF7E9FFEA210020FFF798
:1048D00043FEFE210120FFF73FFE00210220FFF7EB
:1048E0003BFE002103200024FFF736FE1C4B21462F
:1048F00004201C60FFF730FE21462220FFF72CFE2B
:1049000021460520FFF728FE21460620FFF724FE5A
:10491000FF210720FFF720FE0820FFF767FE214652
:104920000D20FFF719FE1820FFF760FE2146172023
:10493000FFF712FE1C20FFF759FE21462020FFF74B
:104940000BFE21462120FFF707FE1820FFF74EFE41
:104950000F20FFF74BFEBDE810401320FFF746BEC7
:10496000EC1B002010B5FEF777FC0D4BDA78997838
:104970000A4318BF0B4A197980B218BF10805A79C0
:104980000A431CBF084A1080084A126832B102214B
:104990001970BDE8104093680148184710BD00BF6A
:1049A000222000200220002004200020601C002083
:1049B00010B50020FEF7A0FD0020FEF78DFD0A4B8C
:1049C00000241C70094B1C70FEF7C8FC084B1C60CF
:1049D0009C80084B1C70084B1C70084B1C70BDE879
:1049E0001040FFF7BFBF00BFE02000200D200020D7
:1049F00022200020292000202A200020282000201A
:104A0000064A136803F0060106290CBF43F00803A9
:104A100023F008031360FFF7CBBF00BF082000207E
:104A2000044901220B6802FA00F023EA00030B603C
:104A3000FFF7BEBF0820002010B50B4C94F90020F2
:104A400022EA000040B24107207002D1D2B2824275
:104A500003D1064B5B785B0705D5C0F3C700FFF7B2
:104A6000DFFF0023237010BD2B200020D21F002069
:104A7000044A012303FA00F0136818431060FFF79B
:104A800097BF00BF08200020364BF02893F9022082
:104A90000AD193F9031000290CDA0021D97052B918
:104AA000314A0021117006E0F1280DD193F903106D
:104AB0000029F2DC72B11A795B7913435AB2002BE8
:104AC0004FD12A4B1A707047F22806D1002AF1DA2A
:104AD00000229A7093F90320E1E7F32802D1002A1B
:104AE000F6DCE7E7F92893F9041004D10029E1DDA9
:104AF00000211971DEE7FA2802D10029DADAF7E796
:104B0000FB2893F9051004D10029D3DA002159714B
:104B1000D0E7FC2802D10029F8DCCBE700F10C013A
:104B2000C9B2042907D8F43801218140587820EA15
:104B300001005870BEE7FD2805D10D48017821F02D
:104B400001010170B6E7FE2804D10948017821F07F
:104B50000201F6E7FF28ADD10548017821F00401F4
:104B6000EFE7704722200020292000202A20002083
:104B70002820002008B50146A8B3031FDBB2A02BF4
:104B800006D81948FEF788FBBDE80840FEF7E6BBEB
:104B900000F12003DBB2072B09D8144B00F007010A
:104BA00001208840197821EA00011970ECE700F132
:104BB0005B03DBB2022B04D8BDE808400020FEF7FF
:104BC0009BBC00F15803DBB2162B04D8BDE80840AB
:104BD0000020FEF781BCEF2805D9FFF755FFBDE89F
:104BE0000840FFF7BFBE08BDA417002038200020F2
:104BF0000F4B1B78D90710D49A0710D45B0712D437
:104C00000C4B1B786BB1272B0DD8DB002822B3FB94
:104C1000F2F398B24BB1C0B270470220FBE7042018
:104C2000F9E70120F7E70820F5E70120704700BF0A
:104C3000282000202A2000200E4B1B78D90711D4F1
:104C40009A0711D45B0711D40B4B1B7883B1132B3C
:104C50004FF0320004D813FB00F31420B3FBF0F044
:104C6000C0B270470C20FBE71920F9E73220F7E7C4
:104C70000520F5E72820002029200020F02808B58D
:104C800005D1FFF7D9FF4042294BD87008BDF12864
:104C900002D1FFF7D1FFF7E7F22805D1FFF7CCFFEC
:104CA0004042234B9870F1E7F32802D1FFF7C4FF8D
:104CB000F7E7F92804D1FFF79BFF1D4B1871E5E7D3
:104CC000FA2803D1FFF794FF4042F6E7FB2805D10D
:104CD000FFF78EFF4042164B5871D7E7FC2802D1F0
:104CE000FFF786FFF7E700F10C03DBB2042B08D8CF
:104CF0000F4A0123F43803FA00F053781843507038
:104D0000C4E7FD2805D10B4A137843F00103137063
:104D1000BCE7FE2804D1074A137843F00203F6E704
:104D2000FF28B3D1034A137843F00403EFE700BF31
:104D3000222000202820002010B5044600285AD048
:104D4000031FDBB2A02B29D82B4B1B78ABB12B4B0D
:104D500093F90030002B10DA294B03EBD00300F05D
:104D600007019A7801238B401A420FD0244821462C
:104D7000FEF792FAFEF7F2FA08E0224A002312F850
:104D8000011B8C42F2D00133062BF8D11C4821467E
:104D9000FEF7AAFABDE81040FEF7E0BA00F12003E2
:104DA000DBB2072B08D8184B00F007001978012454
:104DB00084400C431C70EDE700F15B03DBB2022B77
:104DC00005D82438BDE8104080B2FEF795BB00F14D
:104DD0005803DBB2162B06D80C4ABDE8104032F857
:104DE0001300FEF779BBEF2805D9FFF747FFBDE8B1
:104DF0001040FFF7B7BD10BDE00D0020D21F00200E
:104E0000A4170020A617002038200020349700089F
:104E1000294B1A78510707D500F01801082927D126
:104E200000F0F70040F00400110707D500F018016A
:104E3000182926D100F0E70040F014005B78D9076C
:104E400007D500F01801082924D100F0F70040F040
:104E50000100990707D500F01803182B23D100F0A3
:104E6000E70040F01100D30648BF00F0E7007047AC
:104E700000F01401042904BF00F0FB0040F008001A
:104E8000D2E700F01401142904BF00F0EB0040F059
:104E90001800D3E700F01101012904BF00F0FE0063
:104EA00040F00800D5E700F01103112B04BF00F01B
:104EB000EE0040F01800D6E7D21F002013B5ADF881
:104EC00004100199FEF745FBE728044600F28680AE
:104ED000DF280ED8312873D015D8292869D02A2880
:104EE00075D0012C51D0231F9BB2A12B28BF0024C9
:104EF0004BE0A0F1E003072B73D8DFE803F0187252
:104F0000282D3872424939280BD0822809D03528FB
:104F100048D0A72C6FD8A42CE3D9243C44F4804477
:104F20008CE07C4B1B789807F3D0E0242DE0794A85
:104F30001378D90700F1E880527812F0010F24D0DD
:104F400013F0100F08BFE32418BF00241DE0714BBD
:104F50001B7813F0040FF2E76E4A1378580700F13C
:104F6000D5805278D107E0D413F0100FECE7694BED
:104F70005A78920709D51B7813F0100F08BFE72461
:104F8000E2E7644B1B781807F6D4204602B010BD48
:104F9000604A1378190700F1BB8052789207E3D575
:104FA000E424F2E75B4B1B7813F0200F18BF292491
:104FB000EBE7584B1B7813F0200F18BF3524E4E7BC
:104FC000544B1B7813F0400F18BF2A24DDE7514BD8
:104FD0001B7813F0400F18BF3124D6E7B0F5A44F6B
:104FE0002ED2B4F5A24F76D2FF2C0BD8EF2C90D94D
:104FF00044F4A04422E0BE2C60D9A4F1E1039BB2AA
:10500000072B73E7B4F5A04F0AD2B4F5804F5DD2F9
:10501000A4F580739BB2B3F5F85F0FD30024B4E717
:10502000C4F38103C4F3011204F003005B01012403
:1050300043EA022384401C4344F40C44A4B2A4E792
:10504000B0F5AC4F1AD2B0F5AA4FC0B249D2B4F500
:10505000A84F0ED28308B4F5A64F00F003004FF01E
:10506000010404FA00F040EA4314E5D344F40A448E
:10507000E4E74AF2F40444EA002486E7B0F5B44FCA
:105080000CD2B0F5B24F34D2A0F5B0439BB2FF2B97
:10509000C4D84AF2F00040EA0424CFE7A0F5C043A8
:1050A0009BB2B3F5005FB9D2C0F30420FFF7B0FEA6
:1050B000000200F4F850E4B2044317E05834164BF1
:1050C000E4B233F8144044F488445EE7C4F30B04BC
:1050D00044F4204459E7E4B24AF2F10343EA0424D9
:1050E00053E7FFF795FE000200F4F85444F400542F
:1050F0004BE700F00F00FFF78BFEC4F3031440EA08
:10510000042444F4104499E739243EE7E2243CE7C0
:10511000E6243AE7D21F0020349700080D4B73B500
:105120001E680D4BADF804001B681F241E4326FAB1
:1051300004F3DB07E5B205D4013CF8D2002528468C
:1051400002B070BD01992846FFF7B8FE80B2012871
:10515000F2D0F4E708200020EC1B002007B5ADF8E2
:1051600004000198FFF7DAFF019903B05DF804EB42
:10517000FFF7A4BE07B5ADF804000198FFF7EEFFF6
:10518000C3B2C0F30322C0F3033002380D281DD888
:10519000DFE800F007071C1C161C1C1C07071A1C64
:1051A0001C1AF02B14D006D8E72B8CBF002001204E
:1051B00003B05DF804FBF42B14BF00200120F7E7D7
:1051C000E72B05D9F12BF7E7D008F1E70020EFE74F
:1051D0000120EDE713B502AB03E903009DF80230AF
:1051E000009873B16AB1FFF799FF04460146009831
:1051F000FEF728F90099204602B0BDE81040FEF7FE
:10520000A8B9FEF7FFF80446F4E700000B4604498E
:10521000022208704B706020642304F0FDB800BFC8
:10522000CC0D0020F0B5154C0122D4F800C082400E
:1052300012EA0C0520D1431C114E44F8335004EB04
:10524000C30306EB001107010E48586042EA0C0246
:105250000D4B22605A694C7BF05942F001025A61B1
:105260005B694B681A6822F00F021A600E22A24096
:1052700042601D600846F0BD0021FBE7F81B0020DE
:105280000C990008E42000200010024070B500EBEB
:10529000810305465069DA600E46144618B114229F
:1052A0000021FBF7F9F9A06918B114220021FBF7DE
:1052B000F3F931462846BDE87040FCF70BBF00000B
:1052C00037B5052952D8DFE801F05651035653741B
:1052D000202383F31188424C424A01900121FFF7B9
:1052E000D5FF414A01980421FFF7D0FF94F8B4108C
:1052F000019804F14402FFF7C9FF94F8B510019832
:1053000004F16802FFF7C2FF94F8B610019819B1D2
:1053100004F18C02FFF7BAFFD4F8043133480025BA
:105320006FF00101C4E93C33C4E94255C4F8EC50C4
:10533000FDF71AFAD4F83831C4F82431D4F83C31E6
:105340002B4884F8E8506FF00101C4E94A33C4E9FE
:105350005055FDF709FA0121264884F82051FDF740
:10536000DDF92548FDF74CFD85F3118803B030BD0C
:105370000420FDF7FBFE202383F31188184C022143
:1053800004F1D800FDF7CAF9012504F1E0006FF03F
:10539000010184F8E850FDF7E7F96FF0010104F529
:1053A0008C7084F82051FDF7DFF9002383F3118816
:1053B000DCE7202383F31188094C012104F1D80094
:1053C000FDF7ACF9002384F8E83084F8203183F34A
:1053D0001188052003B0BDE83040FDF7C7BE00BF0F
:1053E000780C0020CC9D0008B4A00008580D0020C7
:1053F000900D0020500D00204C0D002073B520238F
:1054000083F311882B4CD4F850311A681178042991
:105410004AD194F8DC10022946D119791289012366
:105420008B40134240D1D4E94A3293423CD1D4F864
:105430002421002A38D0D4F84021002A34D0043A5C
:10544000D21A31D01A60D4F824211B48013AC4F88A
:105450002421D4F834211344D4F83021C4F828315D
:10546000934224BFD4F83C31C4F82831002601A966
:10547000C4F84061FDF7CDF8D4F850311A7E0546E6
:1054800052B101981A693146121A2844FBF704F9FF
:10549000D4F850311B690193D4F85001019B017974
:1054A00000682A46FCF784FF002383F3118802B0CA
:1054B00070BD00BF780C0020900D0020094A1278C2
:1054C000831C4AB1084A92F90020002A04DA1E22FD
:1054D00000211846FBF7E0B80022C0F802209A80AD
:1054E000704700BFE00D0020D21F002008B5054B1B
:1054F000054800221A70FFF7E1FFBDE80840FFF7FA
:1055000057BA00BF38200020A41700202DE9F84327
:10551000284D2B78002B3DD0C521FE20FFF776FECD
:105520000021FD20DFF89880DFF89890FFF76EFEED
:1055300000244746B422B4FBF2F302FB13431E4A95
:1055400088F8003009EB040303F11001164653F804
:10555000040B42F8040B8B42F9D11B88138041469F
:1055600064231322602003F057FF98B91234B4F576
:10557000AB7F13D1A2233B70104B11491A68C7F8B7
:1055800001205A681B7A726033720A2264236020F9
:1055900003F042FF00232B70BDE8F883B42CC9D17F
:1055A000C521FE20FFF732FE0121FD20FFF72EFE70
:1055B000C0E700BF1A1E0020CD0D0020111E0020E4
:1055C000CC0D0020BB1C00200D4B996910B481F854
:1055D0002000186802681A6053600122986180F800
:1055E0002020EFF30982CC69643A944203D972B661
:1055F000044ADA62FEE75DF8044BFAF7B1BE00BF79
:10560000E4190020F895000830B54B1C0B4D87B00D
:10561000044610D0AB690A4A01A8FDF7F5FA204606
:10562000FFF7D2FF049B13B101A8FDF7B5FAAB69F0
:10563000586A07B030BDFFF7C7FFF8E7E41900204C
:10564000512B000870B5114E04460D46E3683BB17E
:1056500023691A1DA262E2691344E36200200EE08E
:10566000237A6BB97DB1B36962681C605A602946C0
:10567000136004206360FFF7C7FF0028E6DA70BDFF
:105680006FF00100FBE74FF0FF30F8E7E41900206E
:105690002DE9F84F04460D4691469A464FF02008F2
:1056A00088F311880026B346A76A4FB951462046B1
:1056B000FFF7C8FF20B187F311883046BDE8F88FA7
:1056C000D4E90A073A1AA9EB0607974228BF1746FA
:1056D000402F1BD905F1400355F8042B40F8042B4B
:1056E0009D42F9D1A36A4033A3624036D4E90A232C
:1056F0009A4204D3E16920460439FCF777FF8BF323
:1057000011884E45D9D288F31188CDE729463A460B
:10571000FCF796FAA36A3B443D44A3623E44E5E7A6
:105720004430FFF7B5BF4FF0FF334430FFF7B0BF51
:1057300070B520230D460446114683F31188866A0E
:105740002EB9FFF77FFF10B186F3118870BDA36AF1
:105750001D70A36AE26A01339342A36204D3E16934
:1057600020460439FCF742FF002080F31188EDE762
:105770004430FFF7DDBF4FF0FF324430FFF7D8BFB2
:1057800070B5114E04460D46E3683BB16269131DC6
:105790001268A3621344E36200200EE0237A6BB91F
:1057A0007DB1B36962681C605A60294613600420A9
:1057B0006360FFF729FF0028E6DA70BD6FF0010093
:1057C000FBE74FF0FF30F8E7E41900202DE9F84F30
:1057D00004460E4690469946202787F311880025F7
:1057E000AA46D4F828B0BBF1000F09D1494620469B
:1057F000FFF7C6FF20B18BF311882846BDE8F88F6C
:10580000D4E90A12A8EB050B521A934528BF934618
:10581000BBF1400F1BD9334601F1400251F8040B94
:1058200043F8040B9142F9D1A36A40334036A36296
:105830004035D4E90A239A4202D32046FCF7F6FE0B
:105840008AF311884545D8D287F31188C9E73046D5
:105850005A46FCF7F5F9A36A5B445E44A3625D44D3
:10586000E7E70C30FFF7B2BF4FF0FF330C30FFF724
:10587000ADBF70B52023044683F31188866A3EB914
:10588000FFF77EFF054618B186F31188284670BDE4
:10589000A36AE26A13F8015BA362934202D3204633
:1058A000FCF7C4FE002383F31188EFE70C30FFF709
:1058B000E0BF4FF0FF310C30FFF7DBBF054B9B69BA
:1058C00021B1036058620320FFF79EBE4FF0FF3006
:1058D000704700BFE419002007B52023024683F378
:1058E00011880F4B1978042905D0002383F3118800
:1058F00003B05DF804FB1989C9060AD5DB6901907C
:1059000058694FF47A710C30FFF7D8FF0130019AD3
:10591000EBD0034806230421FCF74AFDE5E700BF6E
:105920001C17002070B52023044683F31188204DF6
:105930002B78042B2E4625D11E4A2B8992F9002064
:10594000002A23DA1C4A127802B3DA0610D4202384
:10595000224604211648FCF72BFD184B224604F181
:10596000200152F8040B43F8040B8A42F9D109E0F4
:10597000EB6958694FF0FF310C30FFF79FFF2B7830
:10598000042BE4D0002383F3118870BD9B0703D45C
:10599000082322460121DDE7336958694FF0FF31C2
:1059A0000C30FFF78BFF3378042BEBD1F0E700BF0F
:1059B0001C170020D21F0020E00D0020B11F002086
:1059C00037B50446FAF7EAFE0546FAF7E7FE0B4B51
:1059D0008DF80050DB788DF802308DF801000098CA
:1059E000FEF718FAC0F30743C2B2C0F307212046FE
:1059F00003B0BDE83040FEF785B800BF402000206E
:105A0000164BF7B55F789E78DD780446FAF7C6FE48
:105A10004FF4B471024607F1B400B0FBF1F301FB9F
:105A20001303DB1B48BF033302F0030243F38F036E
:105A300003FB02738DF800308DF801608DF8025081
:105A40000098FEF7E7F9C0F30743C2B2C0F307219D
:105A5000204603B0BDE8F040FEF754B840200020D7
:105A60002DE9F04F994D8BB02C68FDF7F5FB0646FC
:105A7000071BFDF7F1FB964A286092F800E004F559
:105A80007F430025FF337146AC469B1BECB2A64515
:105A90001AD8BCF1000F00D011708E4B1B7833BBAD
:105AA0008D4B1B7813F00302009201D09B080093EA
:105AB0008A4A01921378032B00F24282DFE813F046
:105AC00019002D005503620305F10C0402EB440498
:105AD0000135B4F80160B34237BF01F1FF31F61967
:105AE000C9B24FF0010C28BFA4F80160CEE7002333
:105AF000DDE77B4B00221A707A4B7B4A1860744BAF
:105B000003F1280153F8040B42F8040B8B42F9D13E
:105B10001B7813700123019A11E2744B009A1B78D1
:105B20006D4E93423DD1724A3378127803F00303ED
:105B30009B1A18BF01236A4D6A78AB7073799A4239
:105B400005D00022114610466B70FDF7D9FF009B6F
:105B5000242B2AD8DFE813F0270031006800D20098
:105B60000D014901940198019A019F01A101A5012C
:105B7000A701A901AB01AD01AF01B101B301B501AD
:105B8000B701BB01BD01BF0111025402A402A6026C
:105B9000A802AC02AE02B602F002F702F90200035C
:105BA00002030123C7E7AB780BB90024BBE1002255
:105BB00011461046FDF7A4FFF7E795F800A04D4BFE
:105BC000DFF834911A889B78ADF824204FEA8A0ACE
:105BD0005FFA8AFA0AF10404E4B28DF826303F2C09
:105BE0000998274628BF3F27FEF714F95FFA80F887
:105BF000C0F30721C0F307465FFA8AF39F4204D837
:105C00003E2C8CBF002401248DE109EB0A0393F89C
:105C1000C4206B781A4204D0334642465046FDF702
:105C200071FF0AF1010AE7E795F800B096F803A0C2
:105C300096F801908DF824904FEA8B0B5FFA8BFB5E
:105C40000BF10400C4B23F2C234628BF3F2302932C
:105C5000B3788DF825308DF826A009980393FEF7C8
:105C6000D9F832798DF826A0C3B2914407EE903A64
:105C7000039B8DF824908DF82530C0F30728C0F3DE
:105C800007470998FEF7C6F85FFA80F9C0F3072ABC
:105C9000C0F30746029A5FFA8BF39A42B0D9164BCB
:105CA0006A785B4493F8C43013420CD0DB0751BFD1
:105CB00017EE902A33464A4651465CBF3B46414662
:105CC0005846FDF71FFF0BF1010BE3E748200020CA
:105CD000D61F00209520002040200020ED0D002040
:105CE000E80D00201C1E0020921C0020EB0D00205F
:105CF000EC0D0020412000201C9C00082F7896F815
:105D0000048096F802B096F803A0DFF8C893BF00AD
:105D1000FFB2381DC4B23F2C234628BF3F23029355
:105D20004FEA9808029AFBB29A427FF669AF09EBF4
:105D3000070393F8C4206B781A4218D009EB470385
:105D4000727893F847308DF825B01B0903FB0823C0
:105D50008DF824308DF826A00998FEF75BF8C0F383
:105D60000743C2B2C0F307213846FDF7CBFE013727
:105D7000D8E72F7896F8048096F802B096F803A03A
:105D8000DFF85093BF00FFB2381DC4B23F2C23464A
:105D900028BF3F2302934FEA9808029AFBB29A4227
:105DA0007FF62EAF09EB070393F8C4206B781A42F5
:105DB00019D009EB47038DF825B093F846308DF8DC
:105DC00026A008FB03F2737803EB52138DF82430FE
:105DD0000998FEF71FF8C0F30743C2B2C0F30721CA
:105DE0003846FDF78FFE0137D7E72F78B84B96F886
:105DF00003901B8896F802A096F801B0BF00FFB28E
:105E0000381DC4B23079C00858433F2CC0F3072076
:105E1000A04628BF4FF03F08FDF75EFFA0F18003CA
:105E20005BB2002BBCBFC0F1800043B25B00DBB2B1
:105E300013FB09F31B128DF821A08DF820B08DF80B
:105E400022300898FDF7E6FFBA46A24F5FFA80F9C4
:105E5000C0F30721C0F307465FFA8AF398457FF63F
:105E6000CFAE07EB0A0393F8C4206B781A4204D034
:105E700033464A465046FDF745FE0AF1010AEBE774
:105E80009548FEF70BF904E09448FAE79448FEF7CA
:105E900097F8044647E09348F9E79348FEF716F869
:105EA000F7E79248FAE79248EBE79248E9E7924829
:105EB000E7E79248E5E79248F0E79248E7E792483B
:105EC000E5E79248EAE79248FEF744F9E1E79148AE
:105ED000FAE79148F8E7AC78002C34D133797C4A62
:105EE00010331288FF2B28BFFF235343C3F30F2324
:105EF0000A21B3FBF1F201FB12339BB2002B7FF4BA
:105F000054AEFAF74BFC3F2390FBF3F3C3EB831340
:105F1000C01A704B6A78034493F8C4301A423FF4B5
:105F200044AEFFF76DFD2B7801332B7044B9019A15
:105F300002231370AB781BB9009B0BB903231370BA
:105F40000BB0BDE8F08F2E78DFF88881B600F6B28E
:105F5000341DE4B23F2C274628BF3F27BE42BFF680
:105F60004FAE08EB06036A7893F8C4301A4202D0A9
:105F70003046FFF745FD0136F0E7AC7834BB3379A6
:105F8000534A10331288FF2B28BFFF235343C3F318
:105F90000F230522B3FBF2F202EB82029B1A9BB2A3
:105FA000002B7FF402AEFAF7F9FB3F2390FBF3F3EB
:105FB000C3EB8313C01A474B6A78034493F8C43089
:105FC0001A423FF4F2ADFFF7FBFCACE72E78DFF8A6
:105FD0000481B600F6B2341DE4B23F2C274628BF38
:105FE0003F27BE42BFF60CAE08EB06036A7893F873
:105FF000C4301A4202D03046FFF7E2FC0136F0E727
:10600000464B2F781A889B788DF82230304B3079A8
:106010001B88ADF82020BF00FFB23C1DC0085843CC
:10602000E4B23F2CC0F30720A04628BF4FF03F0842
:10603000FDF752FEA0F180035BB2002BBCBFC0F1A4
:10604000800043B25B0096F80190224E03F0FE03FD
:1060500003EB430309EB93138DF820300898FDF709
:10606000D9FEC0F307238DF82400C0F307408DF854
:1060700025308DF82600FBB298457FF6C1ADF319A7
:1060800093F8C4206B781A4208D09DF826309DF80A
:1060900024209DF825103846FDF734FD0137EAE746
:1060A0001F48EEE61F48ECE61F48FEF7C9F8F0E689
:1060B0001E48FAE71E4B1F491878013820EAE070A5
:1060C000C0B201E01B490020FEF736F9E1E600BF4F
:1060D0001C1E00201C9C0008A53A0008493A000834
:1060E0008F3C0008473C0008013C0008BB3B00080F
:1060F000213A0008E9390008B13900085D39000883
:1061000029390008CB3D00088B3B0008553B0008AF
:10611000D9380008893800082938000841200020B3
:106120001D3D0008DD370008A73700087337000859
:10613000921C00202B370008174B1849187801389B
:1061400020EAE070BCE71549BDE7134B1449187805
:10615000013820EAE070B3E71149B4E70E4B11496A
:106160001878013820EAE070AAE70F4B009A1A70FD
:106170000E4B0F4A1B78C3F301031370FFF7C6F9E8
:106180000323C8E40B4B1C68FDF766F8001B1928B5
:106190007FF6D6AE0023BEE4921C0020B93600087C
:1061A00041360008FB350008EB0D002040200020A0
:1061B000EC0D00201C1E0020FEE70120704708B5F2
:1061C000FAF764FA012303604FF0FF3008BD0120A5
:1061D000704708B51346002158221846FAF75CFAB2
:1061E0004FF400524260002008BD000010B5034685
:1061F000202282F311880B4C20686268014491428E
:106200004FF0000206D982F311880C221A604FF079
:10621000FF3006E08842F6D8216082F3118800281A
:10622000F3D010BDC01B00200020704718467047F7
:1062300000207047162303604FF0FF3070470000C6
:106240002DE9F84FB04B5C6C660534D5AF4D6FF45B
:1062500080625A64002602222A70EE67AE6005F161
:106260000C0808274FF0200958F8043BABB189F31C
:10627000118858F8043C586920B16FF001010C30C6
:10628000FCF780FA58F8043C986920B16FF00101DE
:106290000C30FCF777FA86F31188013F48F8046C5C
:1062A000E2D185F86470FBF787FF6B681B6813B158
:1062B000964839469847250514D4E00448D4A205E9
:1062C00008D592484368DB6803B198478E4B6FF45A
:1062D00000725A648D4D8E4E23044FD4BDE8F84FA2
:1062E000FCF7B6B9884B894D1A6C42F008021A6463
:1062F0006FF400625A642B7885F8803005232B7088
:106300006B681B6813B10421284698470026AE60CD
:10631000804D08274FF0200855F8043BABB188F3B7
:10632000118855F8043C586920B16FF001010C3018
:10633000FCF728FA55F8043C986920B16FF0010188
:106340000C30FCF71FFA86F31188013FE4D1B4E763
:106350006D4B9A6C11040CD41A6C6C4822F0080234
:106360001A6490F88030037043681B680BB10521F4
:106370009847654B6FF480525A64A0E704F00F040D
:10638000A70007F1804707F5B84704F10209D7F8DD
:1063900000A005EB89031AF0800FD3F8048025D004
:1063A0003B68D8F8140033404268016943F4004365
:1063B0003B6003680A449B1A42602DD0B8F8102055
:1063C0009A4228BF1A4683680261194481602046B8
:1063D000FBF734FF3B6823F4F04323F0400383F0E2
:1063E000300343F4004343F080033B601AF4004F52
:1063F0000FD03B68334043F080031AF4006F3B60DA
:10640000E1B225D005EB89092846D9F804305B684C
:1064100098473D4B5C6C5FE7012303FA04F22B893C
:1064200023EA02032B81D8F8083013B1214628460D
:106430009847202383F3118805EB890300215B68CB
:1064400058690C30FCF79EF9002383F31188CDE7DF
:106450002D4BD8F818201B6DD2F808C003F18043EB
:1064600003F5C04303EB0410E1468368D0F80CE069
:1064700003F10053CEF30900CEF3480E03F5405369
:106480004FEA8E0A0AEB430A5B00534509F1020901
:1064900042D16FF0010909FB0E09B9F1000F02D0DA
:1064A0001B680CF81E3093680344936053680344E0
:1064B000536013681B1A1360138A013B9BB213824B
:1064C000B8F81220824200D87BBB012303FA04F201
:1064D0006B89023423EA02036B8105EB84035B685A
:1064E000DB680BB128469847202383F3118805EB1E
:1064F00084046368986941680C30FCF743F9002311
:1065000083F3118885E700BF005C00401C17002062
:106510000F07FFFF2817002053F804BB09F802BC3F
:106520004FEA1B2B09F801BCAFE73B6823F490430B
:1065300023F0700383F4405343F4004343F080039B
:106540003B6066E708B50348FBF794FEBDE80840EA
:10655000FCF77EB8D016002008B50348FBF78AFE8A
:10656000BDE80840FCF774B8B416002008B503482D
:10657000FBF7AEFEBDE80840FCF76AB8A4160020A1
:1065800008B50348FBF7A4FEBDE80840FCF760B877
:106590009416002008B50348FBF79AFEBDE80840B2
:1065A000FCF756B8841600204FF080422DE9F843DE
:1065B0001369D1680B40D9B2C9439B0711613FD51C
:1065C000202383F31188204C4FF00008E36904F185
:1065D0001C06C1464FF08040A16A426A9F68551A66
:1065E000BD421CD307469968A26A0A44A2621A688F
:1065F000B2425660A5EB0105E261D968C3F80C8090
:1066000008BFC7F80C8089F31188186988472023D0
:1066100083F31188E3699A689542E4D2DAE7E56981
:10662000B5420AD0A262AC682144891AA9609B686D
:10663000022B2CBFD21802324263002383F311884D
:10664000BDE8F843FCF704B8E419002038B5234B43
:10665000196B8A6902F47C50C861D96A4C68206859
:1066600020F00F002060487B0C680E2101FA00F03A
:106670006060986A45682C6824F00F042C600468F8
:10668000407B81406160D40542BF996841F00101BF
:106690009960900542BF996841F0020199605105E7
:1066A00042BF996841F008019960D20499680ED5FB
:1066B00041F020019960202383F3118808486FF08E
:1066C0000101FCF75FF8002383F3118801E0002942
:1066D000F1D1BDE83840FBF7BBBF00BFE42000208C
:1066E000002100203F4838B5046BA36903F0FE0287
:1066F000D906E2612DD5C36A59680A6822F00F02F3
:106700000A605A7B19680E2303FA02F24A60826A11
:106710005568296821F00F0129601168527B934068
:106720004B60836843F004038360636843F48043F1
:106730006360236823F046032360202383F31188DA
:106740006FF001011C30FCF71DF8002383F3118862
:1067500006E01A060BD50378032B05D1FBF7D2FD13
:10676000BDE83840FBF774BFFBF7E6FDF8E75B06D2
:10677000F6D50178836A03295A681BD1C36A5D681C
:10678000296821F00F0129605D7B19680E23AB4059
:106790004B605368BBB1FBF7CFFD836A5A6813683F
:1067A00043F001031360636843F400536360042300
:1067B0000370D5E7116821F00F011160597B1A6849
:1067C0000E238B405360636843F480436360236807
:1067D00023F040032360202383F311880248002123
:1067E000B1E700BFE4200020002100202DE9F74F91
:1067F000C2F3C31302F0030AC2F38009C2F3C10853
:10680000C2F3411E0193574600224FF00F0BCB07F6
:1068100037D5019C02F007039B0004FA03FC012515
:106820004468954024EA050444EA09044460856804
:106830000324560004FA06F625EA060545EA08058B
:106840008560C56825EA060545EA0E050BFA03F3DF
:10685000BAF1020F6FEA0604C5606FEA03031BD1A9
:10686000072A95BF056A456A2B402B4095BF43EA2E
:106870000C0343EA0C030362436203681C403C437D
:10688000046049081AD04FEA49094FEA88084FEADC
:106890008E0EBF000132BAE705682C403C43072A40
:1068A000046095BF046A446A2340234095BF43EACD
:1068B0000C0343EA0C0303624362E2E703B0BDE862
:1068C000F08F08B5202282F31188012100F00F0318
:1068D000994020F00F00FFF789FF002383F3118810
:1068E00008BD000008B50348FBF742FDBDE80840BD
:1068F000FBF7AEBEBC99000808B50348FBF738FDAE
:10690000BDE80840FBF7A4BEAC99000808B50348F1
:10691000FBF72EFDBDE80840FBF79ABE9C990008E6
:1069200008B50348FBF724FDBDE80840FBF790BE1F
:106930008C99000808B50348FBF71AFDBDE808402C
:10694000FBF786BE7C99000808B50348FBF710FDED
:10695000BDE80840FBF77CBE6C99000808B5034809
:10696000FBF706FDBDE80840FBF772BE5C99000826
:1069700008B50348FBF7FCFCBDE80840FBF768BE20
:106980004C99000808B50348FBF7F2FCBDE8084045
:10699000FBF75EBE3C99000808B50348FBF7E8FC2E
:1069A000BDE80840FBF754BE2C99000808B5034821
:1069B000FBF7DEFCBDE80840FBF74ABE1C99000867
:1069C00008B50348FBF7D4FCBDE80840FBF740BE20
:1069D0000C990008FBF73CBEFBF73ABEFBF738BE4C
:1069E00008B50348FBF774FCBDE80840FBF730BE70
:1069F000741600203E4B10B55A691C68144004F40C
:106A00007C425A61620510D53A4AD2F8A83013B1D7
:106A1000D2F8AC009847202383F311883648002130
:106A2000FBF7A2FE002383F31188230510D5314A1A
:106A3000D2F8B83013B1D2F8BC009847202383F3C2
:106A400011882E480021FBF78FFE002383F3118865
:106A5000E00410D5274AD2F8C83013B1D2F8CC00E0
:106A60009847202383F3118825480021FBF77CFEFB
:106A7000002383F31188A10410D51E4AD2F8D83020
:106A800013B1D2F8DC009847202383F311881D4806
:106A90000021FBF769FE002383F31188620410D5FF
:106AA000144AD2F8E83013B1D2F8EC00984720230A
:106AB00083F3118814480021FBF756FE002383F36B
:106AC0001188230410D50B4AD2F8F83013B1D2F84C
:106AD000FC009847202383F311880C480021FBF722
:106AE00043FE002383F31188BDE81040FBF7B0BDDF
:106AF00000040140E41800208419002094190020AB
:106B0000A4190020B4190020C4190020D4190020B1
:106B1000324B10B55A691C68144004F478725A61FB
:106B2000A3060ED52E4A936D0BB1D06D9847202346
:106B300083F311882B480021FBF716FE002383F313
:106B4000118860060ED5264A936E0BB1D06E984719
:106B5000202383F3118824480021FBF705FE00233E
:106B600083F3118821060ED51D4A936F0BB1D06FA8
:106B70009847202383F311881C480021FBF7F4FD7C
:106B8000002383F31188E20510D5154AD2F8883026
:106B900013B1D2F88C009847202383F3118814484E
:106BA0000021FBF7E1FD002383F31188A30510D535
:106BB0000B4AD2F8983013B1D2F89C0098472023A2
:106BC00083F311880B480021FBF7CEFD002383F3EC
:106BD0001188BDE81040FBF73BBD00BF0004014039
:106BE000E418002034190020441900205419002012
:106BF00064190020741900200D4A08B55169136802
:106C00000B4003F01003536173B10A4A936C0BB14C
:106C1000D06C9847202383F3118807480021FBF7A5
:106C2000A3FD002383F31188BDE80840FBF710BDE6
:106C300000040140E4180020241900200D4A08B582
:106C4000516913680B4003F00803536173B10A4A9A
:106C5000936B0BB1D06B9847202383F311880748BF
:106C60000021FBF781FD002383F31188BDE8084074
:106C7000FBF7EEBC00040140E418002014190020CA
:106C80000D4A08B5516913680B4003F004035361C2
:106C900073B10A4A936A0BB1D06A9847202383F3F1
:106CA000118807480021FBF75FFD002383F311885B
:106CB000BDE80840FBF7CCBC00040140E41800200C
:106CC000041900200D4A08B5516913680B4003F000
:106CD0000203536173B10A4A93690BB1D0699847B3
:106CE000202383F3118807480021FBF73DFD002393
:106CF00083F31188BDE80840FBF7AABC00040140FB
:106D0000E4180020F41800200D4A08B551691368F2
:106D10000B4003F00103536173B10A4A93680BB14E
:106D2000D0689847202383F3118806480021FBF799
:106D30001BFD002383F31188BDE80840FBF788BCE6
:106D400000040140E4180020F8B59C4604462026C3
:106D500086F31188002003252570A060256B80F341
:106D60001188E76A636A7F683B60A36AFA605B68C0
:106D7000226AC7F804C01A60069ADA60079A5A6055
:106D80004FF0804341F2873C5F6A86F31188AA691D
:106D9000120406D55A6AD21B62453BD880F311888B
:106DA000F3E76268236B9268120558BF4900596087
:106DB0002046FBF7A7FAE36A08995A68136843F07C
:106DC000010313602B6843F040032B606B6843F4AE
:106DD00000536B6004F11C00FEF770FD431C21D1D1
:106DE0006B6843F480436B60A36A59680A6822F0B9
:106DF0000F020A605A7B19680E2303FA02F24A60F6
:106E0000E26A5068016821F00F0101601168527B4D
:106E100093404B60052323704FF0FF30002383F332
:106E20001188F8BD02232370F8E7000070B5202315
:106E3000044683F31188056B41602B6823F001033E
:106E40002B600678012E33D18A239A22C0E90832BA
:106E5000264B98422CD1264B1A6942F400121A6133
:106E60001A6922F400121A611A69DA6942F40012EE
:106E7000DA610620DB69FEF7D5F9A0620520FEF78E
:106E8000D1F9236AE06243F480532362636A43F4D6
:106E900080536362174BA0224FF0004183F81F23F9
:106EA000C3F88011196083F82023C3F884615E6001
:106EB000A36A5B6805F124029A60E36A5B6805F1E6
:106EC00028029A606268536843F4404343F0900399
:106ED0002B6013682B612B6843F001032B600223A6
:106EE0002370002383F3118870BD00BFE4200020CD
:106EF0000010024000E100E0EFF3098305494A6811
:106F000022F001024A60683383F30988002383F387
:106F10001188704730EF00E008B50146202383F365
:106F200011880820FEF770FB002383F3118808BD49
:106F300038B5392805460CBF50240024FDF7FCFE67
:106F400024B92846BDE83840FDF714BE6420013C52
:106F5000FFF7E2FFA4B2F3E72DE9F041164682788D
:106F60001F460C46234B6AB11970FCF775F9224B8A
:106F700004F0070418800120A040C0B2BDE8F04131
:106F8000FCF7A0BA1D788D422DD11B4BB3F80080C1
:106F9000FCF762F9A0EB080080B2C72823D806F1FD
:106FA0002004B542E4B210D005F00700012505FA2F
:106FB00000F0C0B2FCF77AFA072C06D806F00700FA
:106FC00005FA00F0C0B2FCF77DFA3846FFF7B0FFD3
:106FD000072C0DD806F007060120B040BDE8F041AF
:106FE000C0B2FCF763BA04F007040120A040F5E743
:106FF000BDE8F0814C2000204E2000202DE9F04F0C
:107000008188038885B00446ADF80C30002900F073
:107010000C85BDF80C204FF6FF739A4200F00585F1
:1070200000680122FEF7D6F8A1780346002900F097
:10703000E184A0F5BE42123A92B20F2A00F28A848D
:10704000A74A12780ABBA0F11203DBB240F257261E
:1070500053BBDFF8B0A203933046731CFBF72BFF42
:1070600000228DF80C008DF80D2070B1421E022A0E
:1070700025D88DF80D00012218468DF80C20FBF75D
:107080001AFF02368DF80E00D0B9964B1B785E07BA
:1070900000F0CB84A378002B00F0C784022005B059
:1070A000BDE8F04FFDF7C8BCB6F5806FEDD03046B7
:1070B000FBF701FF08B9013BDBB20136C8E71E460A
:1070C00003AD2B78002BC7D0012B2FD16B78A8787C
:1070D000012B03D10235FFF72BFF04E0022B04D173
:1070E0000235FDF729FE0135EBE7032B03D102350D
:1070F000FDF740FDF7E7042B01D00135F3E77A4AAD
:10710000023500274FF00A0E835C69785B0705F1B2
:10711000010C05D4013FE6D36420FFF7FDFEF9E73B
:1071200030380EFB070765460846EDE76F4A7049A1
:1071300012F803B0DA0803F0070311F802806D4972
:107140001AF8027011F802901F4148FA03F817F07C
:10715000010749FA03F308F0010803F0010902D01E
:10716000E120FDF7E9FDB8F1000F02D0E620FDF7C0
:10717000E3FD5846FFF7DCFEB8F1000F02D0E62031
:10718000FDF7F8FC17B1E120FDF7F4FCB9F1000FB1
:10719000A9D02C209FE70120FDF76AFCFDF730FC09
:1071A00073E70120FDF73CFCF8E70220F4E7A3F5C4
:1071B000B943743B022B0ED8DFE803F01115190018
:1071C000E122262311462046FFF7C6FE5DE727236E
:1071D000E522E521F7E72623E122E021F3E7272353
:1071E000E522E421EFE72623E122E221EBE7272352
:1071F000E522E621E7E728230122EAE7A3F5B942E1
:107200007A3A92B2082A40F2D68345F61642934261
:1072100040F0D780384B39481B7803F0AA03002B85
:10722000374B15BF01220022352129211A70FCF7A6
:107230005BF8FCF793F828E7A3F5B843033B122B60
:107240001CD8DFE803F020242835393D4147676B1F
:107250006F737F83878B91AD9900A3F5B9437A3B18
:107260009AB2082A00F2B983082B00F2B683DFE84D
:1072700003F0161B61654B7F8EA1A6002B7843F0AF
:1072800001032B70A9E32B7843F00203F9E72B7875
:1072900043F00403F5E72B7843F00803F1E76B783C
:1072A00043F001036B7098E36B7843F00203F9E756
:1072B0002B7843F01003E4E72B7843F02003E0E75A
:1072C0002B7843F04003DCE7FEF710F92B7843F00E
:1072D0008003D6E72B7823F00C0343F00C03D0E7B0
:1072E000FEE703082B20002091940008DE99000897
:1072F000CE990008CE99000838200020A41700205D
:10730000801F00205E9A00086B7823F0030343F08F
:107310000303C7E72B786FF30003B2E72B786FF313
:107320004103AEE72B786FF38203AAE72B786FF364
:10733000C303A6E76B786FF30003B3E76B786FF3D3
:107340004103AFE72B786FF304139AE72B786FF3C1
:10735000451396E72B786FF3861392E7FEF7C6F88E
:107360002B786FF3C7138CE72B7823F00C0388E797
:107370006B7823F0030395E72B78C3F3800282F048
:107380000102D2B262F3820362F3C30379E76B783E
:10739000DA4302F0010262F3000362F3410381E782
:1073A000FEF7A4F82B78C3F3C01282F0010262F357
:1073B000C71366E701210E20FDF7CEF80DE300218B
:1073C000F9E7B64A107845F6D542934200F022001C
:1073D00032D845F6C14293423AD9A3F5B943433B6B
:1073E000122B00F2888001A252F823F00D750008DC
:1073F000177500081D750008237500082975000819
:107400002F750008357500083B75000841750008A8
:10741000477500084D750008557500085975000836
:107420005D7500088B7000088B7000088B70000879
:107430008B7000088B70000845F65D5293423FF454
:1074400024AE45F65A52934200F0A98000F288809B
:10745000B3F5B84F00F0988045F6DE42934200F055
:107460009B802288A378ADF80C200398002B00F0B5
:107470009A80FDF753FE054601460398FBF7E2FFAD
:10748000874F03992846FDF719FD3E7894F806903A
:10749000A17816F0070605464FEA191917D00E46CF
:1074A000A9B1C5F3072303F0F003402B04D005F185
:1074B0002003DBB2072B7AD902200191FDF7BCFA39
:1074C0003B78019913F0070F0CBF01260026C5F386
:1074D0000338B8F10B0F00F2A280DFE818F06A0061
:1074E0006A00C500C50039015101A000A0005B0180
:1074F000BA01CB01CB016B4A137883F001031370FF
:10750000694B00221A70FDF703F9BEE5674A684926
:10751000FCF732F8B9E5664A6449F9E7654A664915
:10752000F6E7654A6349F3E7644A6549F0E7644A68
:107530006249EDE7634A6449EAE7634A6149E7E77C
:10754000624A6349E4E7624A6049E1E70120FDF7E6
:10755000EDF89AE50520FAE70D20F8E71220F6E7A6
:1075600045F65B5293421CD045F65C5293427FF441
:1075700078AF584B5878C0F3800080F0010000F0DD
:107580000100FDF76DF86CE7FDF7B0FF46F2A810BB
:10759000FFF7C2FCFBF748FEFDF794F975E5012003
:1075A000EFE70020EDE7FBF72DFF054668E7002633
:1075B0008DE7C5F30723C5F3032913F0F00F18BFB8
:1075C0004FEA0919EDB2A9B1B9F1000F0CD005F1DC
:1075D0002003DBB2072B00D955B9304A137849EAAA
:1075E00003031370FBF7BAFE2846FDF7A5FB16E070
:1075F000394AF3E72846FDF7BDFAB9F1000F0ED07E
:1076000005F12002D2B26FEA0903072A5BB200D962
:1076100045BB224A11780B401370FBF79FFEA8F17F
:107620000808B8F1030F01D8FBF776FF96B197F978
:10763000000010F001030DD1A370C0F3C700FDF7E7
:1076400017FA2046FFF7DAFC97F90000C0F3C700ED
:10765000FDF7E6F92068A188002205B0BDE8F04FEB
:10766000FDF7B8BD1C4AD5E7C5F3072303F0F003C7
:10767000C5F30320202BEDB218BF000175B3012D17
:107680004DD0002956D0B9F1000F2ED0A379D907DB
:10769000AAD56FF30713A37127E000BF382000209D
:1076A0002B20002040200020ED0D00206147000825
:1076B0007D4700082148000835480008ED470008CC
:1076C00005480008B9470008D1470008614800088C
:1076D00049480008D21F0020E020002099B1994BB2
:1076E0001A781043B9F1000F02D1FBF7EBFE96E7D1
:1076F000B9F1010FF9D1944949784D078FD48242ED
:107700008DD018708BE7B9F1000F04D1FBF71EFE86
:10771000FBF7CCFE83E7B9F1010F80D0F6E721B18A
:10772000B9F1050F3FF67BAFDFE7B9F1040F3FF684
:1077300076AFEDE7B9F1000FEAD0392D0CBF4FF469
:10774000FA500120FFF7E8FB2846FDF713FA66E739
:1077500015F4406FC5F3812308D0012B7FF45FAF90
:1077600061B1C5F30900FBF7B7FE58E721B1C5F3D6
:107770000900FBF7C1FE52E70846FAE70846F2E7C0
:10778000E8B221B1FDF77AFAFDF7ECF847E7FDF72B
:107790007BF9F9E715F4407F29D100297FF43FAF49
:1077A000C5F342129200D0B205F00F0202FA00F3C4
:1077B000EA0644BF0F228240C5F3812054BF0A4627
:1077C000D243022861490ED003280AD0012806D0EE
:1077D00013430A6813400B60FDF7EAF81FE70868D7
:1077E00003431343F7E713430A685340F3E7C5F332
:1077F000012209B302F00103002B3FF410AFC5F3DF
:1078000042118900CAB215F010011CBF0F2191402E
:10781000C5F3812005F00F0318BFC94302284C4D62
:1078200003FA02F30FD0032811D0012806D02A68EA
:107830000B4313402B60CFE75308DDE72A681A4358
:107840000A432A60C8E72A680B435340F2E70B4318
:10785000F0E75FFA85F9C5F3032521B12846FDF766
:1078600007F9484641E74846FBF720FE2846FDF762
:10787000D7F8D4E65FFA85FAAAF1F003042B48D8CA
:10788000DFE803F003141B202B0061B1B9F1040FF2
:107890003FF6C5AE2E4BC5F304201A68012585407E
:1078A00055401D6098E7B9F1050FF1E7C5F30420D5
:1078B0000029DCD0FDF7DCF8B1E6C5F3042000298F
:1078C000F8D0D4E7224A31B1C5F30425012303FAE5
:1078D00005F5156080E711607EE779B1C5F30420F6
:1078E0000190FDF7C5F8184B01985B7813F0040F71
:1078F000E0D1C30043F003033B70DBE70120FDF759
:107900009BF8B9F1010F7FF68AAE0220FDF794F8DB
:1079100085E639B1B9F1000F01D0504665E6C5F3EF
:107920000420C7E7B9F1000F09D0BAF1390F0CBF35
:107930004FF4FA500120FFF7EFFA504605E7C5F380
:10794000042094E72C200020D21F0020EC1B0020F4
:107950000820002045F6107290423FF41CAC45F61A
:10796000117290423FF421AC45F6F642934213D88F
:1079700045F6F24293423FF61AAC45F6D84293429E
:107980003FF425AC45F6D94293423FF434AC45F67A
:10799000D74293423FF414AC002937D0244A002147
:1079A000117045F6154293423FF628AC45F6014268
:1079B00093427FF606AD1F4A1F49127809781F4D82
:1079C00042EA01222A8045F6154293423FF645AC31
:1079D00045F6014293423FF62FAC2E8829780420C9
:1079E000FCF7BAFD310A2220FCF7B6FDFDF77EFD5B
:1079F000FFF74BBB45F6107290423FF4D2AB45F611
:107A000011729042B0D10220FFF7CCBB45F616426E
:107A100093427FF426AD0A4B0A481B78002B14BF13
:107A200035212921FBF738FC03E405B0BDE8F08FD0
:107A30004C20002008E0030844E00308D21F002087
:107A4000801F0020A4170020214BF7B59A7912F06F
:107A5000F00F0AD19A7842B11E4A1F4E12781F4D7C
:107A60004FF6FF773178914201D103B0F0BD98888D
:107A70001988ADF8041038B389B2B94224D005EBA7
:107A8000C20493F801C061788C451DD193F800C001
:107A900015F832108C4517D1A178A9B9A188091A17
:107AA00089B2C72910D899790948012262F30711D0
:107AB0009971A37962F30713A371FFF79FFA03B0DB
:107AC000BDE8F040FBF7E2BC013202F00702C9E773
:107AD00096200020DF200020DE2000209E200020B5
:107AE0002DE9FF47B34F0446BB88006800903888F3
:107AF0002278617894F80280B4F804A0ADF8080008
:107B00003D46002B00F0C08080B24FF6FF7C604500
:107B100000F0BA80BE78002E00F0B680AAEB030316
:107B2000B8799BB2C72B00F0F00900F28D803B883A
:107B3000ADF80830B9F1000F49D16345C14619D0FD
:107B40008DF800208DF80110BDF800C09C4511D1C2
:107B5000B8F1000F40F0F580012363F30710B8710E
:107B60003846FFF74BFABB79A3710026304604B0C4
:107B7000BDE8F087BAF1000F40F0E780B8F1000FE0
:107B8000F3D0AB7943F00103AB71EEE700EBC30533
:107B900095F801C08C4506D110F833C0944502D148
:107BA000AD78002DE1D1013303F00703E1E010F4DB
:107BB000706F02D0002B00F0FB802033DBB2072B6C
:107BC00040F2F6802046FFF719FAB146F0E063452F
:107BD00013D08DF800208DF80110BDF800C09C4531
:107BE0000BD1B8F1000F08D1A0712046FFF706FABB
:107BF00023683B6063687B60B8E78DF800208DF8F0
:107C000001100098FDF7B6FAD0B1B8F1000F17D007
:107C1000AB791F2B0CD92A88ADF8082002A80022C6
:107C20008DF80A20ADF80CA08DF80E30FFF7E6F9BC
:107C300023682B6063686B60FFF706FF012695E7FA
:107C40002046FFF7DBF9F9E7B9F1000F07D1384615
:107C5000FFF7D4F9C7F80090C7F80490A8E08DF8B2
:107C600000208DF801103B88BDF800C09C45C4D1B0
:107C7000B8F1000FC1D1A0712046FFF7BFF9C7F8D6
:107C80000080C7F8048071E72888ADF80800002B51
:107C900040D086B24FF6FF7086423BD0AE78002EC1
:107CA00038D1AAEB03039BB2C72B30D84646002E2F
:107CB000C6D08DF800208DF801102B88BDF800206B
:107CC0009A4217D1AB79DA070FD413F0F0020CD037
:107CD000F02AA37106D0DBB2C3F30312013262F3C0
:107CE0000713A3712046FFF789F923682B606368A7
:107CF0006B603BE70098FDF73DFA002898D1AB791F
:107D0000204643F00103AB71FFF778F92EE72E60B0
:107D10006E602BE7B8F1000F92D08DF800208DF83F
:107D200001100098FDF726FA0646002888D023683F
:107D30002B60636828886B60FDF710FAFFF784FEFC
:107D400014E7BAF1000F3FF41CAF8DF808208DF84E
:107D50000910BDF808004FF6FF7398423FF40EAFCC
:107D6000B8F1000F7FF40DAF1348144B07781B7860
:107D70001348BB427FF40AAF8DF800208DF8011044
:107D80000098FDF7EBF9C0F30332012AC3B27FF686
:107D90000EAF0E3202F00F02012A3FF613AF10F4BD
:107DA000706F3FF40AAFA27912F0F00F7FF405AFC5
:107DB0004E46DBE696200020DE200020DF2000205B
:107DC0009E200020F0B587B06F4687E80300384654
:107DD000FFF786FE214E224D044628BB97E803009C
:107DE00004AB83E80300BDF80410BDF81020ADF823
:107DF0000C20C9B11FFA82FC4FF6FF729445377808
:107E0000287811D07A1C02F0070282420ED0154C5D
:107E1000ADF8141003CB04EBC70C44F837003270F4
:107E2000CCF80410FBF732FB0E4C11E0FDF75EFBC3
:107E30000D4B34702C701C605C60F5E704EBC000E7
:107E4000FFF74EFE40B12B78013303F007032B7090
:107E5000287833788342F1D107B0F0BDDE200020CE
:107E6000DF2000209E200020962000202DE9F047F2
:107E700001F0A8FAC521FE20FDF7C8F90421FD2074
:107E8000FDF7C4F901210020FDF7C0F9FF21012011
:107E9000FDF7BCF977210220FDF7B8F92D4FDFF887
:107EA000B8804FF47A70FFF737F8DFF8B4C00022DB
:107EB00040F25F19FF244FF0010E3D460CEB8206A5
:107EC00096F802A0F17873780AF03F00890041EA41
:107ED0009A1100011CF822A040EA131003F00F03CE
:107EE0000AF003069B0143EA9A03013209FB068A62
:107EF0003F2A0AF8034007F806E00AF800400AF8AB
:107F00000140DBD1C521FE20FDF780F90221FD20D3
:107F1000FDF77CF9104E0024E0B216F8011B013485
:107F2000FDF774F9B42CF7D1C521FE20FDF76EF9E9
:107F30000321FD20FDF76AF9084E0024E0B216F88F
:107F4000011B0134FDF762F9AB2CF7D100232B7034
:107F5000BDE8F0877F1F0020201E0020D41E0020D7
:107F6000209B00082DE9F84FDFF81081DFF810A101
:107F70000025052746464FF00109AB465AF8044B49
:107F8000202383F3118824F00F0004F00F0409FA72
:107F900004F421460122FEF729FCA4B244838BF3AA
:107FA000118800BF00BF00BF00BF00BF00BF00BFFF
:107FB00000BF00BF00BF00BF00BF00BF00BF00BFC9
:107FC00000BF00BF00BF0020284B044653F8042B1D
:107FD00022F00F0102F00F02096921FA02F2D20722
:107FE0005ABF09FA00F10AB20022013022430E28DA
:107FF00094B2EBD15AF8040CFEF763FC0320FEF7B1
:108000008BFFB8F80020013FA2421ABFA8F8004039
:108010000122002217F0FF0745EA020508F10208D5
:10802000ACD1134CDDB101232370FBF715F9114BD3
:108030001880104B1F88FBF70FF9C01B80B2032874
:1080400010D90D4B32881A8072885A80B2889A8073
:10805000F288DA8032891A810023237002E02378C3
:10806000002BE6D12846BDE8F88F00BF8C9A0008A7
:10807000C81B0020CA1B00200E2000202E2000203C
:10808000A0A0000838B5202383F311880E4B9C690B
:10809000606204F12805A06AA8420FD194F822304A
:1080A0003BB994F821309B0702BFD4E90432136135
:1080B0005A61BDE838400F20FDF786BA0368A36215
:1080C000FAF71AFBE7E700BFE4190020134B1A6820
:1080D0009969106810B443601860012082F820008C
:1080E0009A618868002281F820201A461B689C68E3
:1080F0008442FBD858680B60486001605960EFF318
:108100000983C869643B984203D972B6044BD362B1
:10811000FEE790695DF8044BF8F722B9E4190020F6
:10812000F89500081149F0B508200026D1E901347E
:108130000A681D46043AAC4210D8E21CD21ADD1E71
:1081400022F00302AC4238BF00221344CA689A42AC
:1081500009D8013801F11001E8D1F0BD52F8047FCF
:1081600045F8047BE7E743F8046BF0E720A000083C
:10817000FEE7704770470000B54B9A6A62F4FC0254
:108180002DE980489A629A6A02F4FC029A629A6A1D
:108190001A694FF0FF321A614FF000091969C3F8EC
:1081A00010901969D968DA60DA68C3F80C90DA6857
:1081B000DA69A84942F08052DA61DA690A6842F461
:1081C00080720A601A6A02F44072B2F5007F1A46A1
:1081D0001EBF4FF480331362C2F82090136A1E044E
:1081E0008FB007D4136A43F400731362136A43F425
:1081F000004313629849994C0023C1E900330120E0
:1082000065682B6041F8303001300D2804F110040E
:10821000F6D193494FF0FF334B60C1F80434914BD2
:108220006021402083F80613C3F880011860802085
:1082300083F807134FF40074C3F8800118604FF4FB
:10824000807083F80813C3F88001186083F809135D
:10825000C3F880411C604FF4806483F80A13C3F8AC
:1082600080411C604FF4000483F81713C3F8804169
:108270001C6083F82813C3F88401702158604FF004
:10828000807083F81813C3F8800118604FF00070F5
:1082900083F81913C3F8800118604FF0806083F8E9
:1082A0001A13C3F88001186083F81B134FF00061A4
:1082B000C3F88011196093696B4943F0010393611E
:1082C00093690B6843F020030B6000206749034665
:1082D00001301028C1E90011C1E9023301F1100198
:1082E000F6D16349634D0B6201F11804C1E90644FC
:1082F000614C01200870C1E90433C1E90A435F49B8
:1083000001F11804C1E906445D4C0870C1E9043369
:10831000C1E90A430B625B495B4CCC6008704B605F
:108320005A4904F58064CC6008704B60584904F5E4
:108330009034CC6008704B60564904F54064CC60C2
:1083400008704B60544901F10C04C1E90344534CDB
:1083500008704B604B61C1E90A33CB610C63504933
:10836000042408704B60CB600C748D614D490C7413
:108370004D4C08704B60CB608C614C4901F10C0492
:10838000C1E903444A4C0870C1E9074341F20A05B8
:1083900041F21804C1E90A54464D4B61C1E9013369
:1083A0004B62002128706B6005F12C000B4640F8F1
:1083B000043B013107298361F9D1D169AB6041F0F8
:1083C0000101D1613C49D2698A683C4C42F001020A
:1083D0008A604FF0804240F2CF21916201204FF03D
:1083E000FF31D16293615363D36053605061106079
:1083F0001C4A802082F81C034FF08050C2F8800194
:10840000106004F11C02C4E907222D4A2D481060B7
:108410002D4850602D4A2E489360C2E9000302F1B6
:108420000C00C4E90913A360C4E90044C4E904448E
:10843000C2E903005361CDE90613CDE90833636750
:1084400000220023CDE90A234FF0040806AF41E0E3
:108450000010024000700040F81B00200C9900083A
:108460000000024000E100E000000140E4180020AC
:10847000140E002000040040C49A0008440E00209E
:10848000E09A000884160020001000409416002096
:10849000A416002074160020E420002000540040A0
:1084A000B4160020D016002000080040EC16002072
:1084B000003800401C170020002004E0E4190020D0
:1084C000C01B00202021002000A00020D01B002085
:1084D000E92C00083846FAF709F9FAF7E7F8B8F195
:1084E0000108F7D1069B63678023C4E91A83A3635D
:1084F000CA4BCB4AA36463696364012184F8518049
:10850000C4F8648084F8521024641A6102F12803CC
:10851000A36502F12C03C4E91733C24B6261A26167
:10852000E36484F85010202080F3118862B6BE4BBB
:10853000DE684FF6FF0C06EA0C0CBC4E4CEA060651
:10854000DFF868C3DE60DCF80C6046F08076CCF8BB
:108550000C60DFF85CC3DCF800600E43CCF8006010
:108560001026DE7783F8220088F3118862B680F344
:108570001188AF4B03F1B400C3F82401AD48C3F830
:108580002011C3E93D08C3E9548183F83A11AA4890
:10859000AA49C3F81401C3F8301102206169A3F895
:1085A000380103F58C70C3F82C11C3F83431C3F8CB
:1085B0004C81C3F82841086103F5A071C3F840114C
:1085C00003F5A271C3E95111A169C3F83C819C462E
:1085D0008B6860610646002B00F08881FAF78CF802
:1085E000002686F31188964B964A5A6002F188322B
:1085F0005A60042101224FF09040FEF7F7F84FF047
:10860000904304221A83314610228F48F8F744F829
:108610008E4BDFF8A0C21E708D4B8CF8006003F10A
:1086200008029A6503F11C02C3F8802003F13002AE
:10863000C3F8A02003F1E001864AC3F8D420C3E9BF
:10864000381103F1D802D3F8C410D3F8BC00C3F832
:10865000D820D3F8D020C3F8EC60043101FB002807
:10866000C3E94002C3E93C22D3F8CC007A4AC3F8FC
:108670001021C3E93E814FF0010ED3F8B88083F892
:10868000DCE003F1D40103F58C72C3E9462283F8E0
:10869000E8E083F820E1C3E94266C3F81411C3F8A7
:1086A0002481C3E94A00D3F8C020043202FB080E3B
:1086B000C3E94CE2694AC3E94E80C3E95221C3E9E8
:1086C0005066D3F8B020202080F3118893F8B400CE
:1086D000CDF810C002EB8000816293F8B500113034
:1086E00042F8201093F8B60010B102EB80029162BC
:1086F0005B4AC3F850214FF0020883F8DC80002663
:1087000086F311884FF4805101224FF09040FEF71C
:108710006DF84FF090434FF480525A835148FEF762
:10872000FBFB202383F311884F4B6B602B78012BCD
:10873000C5E90366C5E90566C5E90766C5E90966D1
:1087400001D1F9F757FD85F80080002686F31188DE
:1087500040F202724FF480514FF09040FEF746F81D
:10876000424B41F28830DE60FEF7D6FB202383F3D4
:1087700011884FF080435A6A86F311883C4B3D487C
:108780001A60FEF79EF83C48DFF82C81FEF799F856
:108790003A48FEF796F83A48FEF793F83948FEF75C
:1087A00090F8013658F8040BF6B2FEF78AF80E2E50
:1087B000F7D13549354A364E00230B8013804B8064
:1087C00053808B809380CB80D3800B811381314B7E
:1087D0001B78317843EA01231BB213F58B7F904657
:1087E00001D0FCF76FF82C4B1A782C4B1A702C4BDD
:1087F0002C4A1B78127843EA02232B4A1380FFF796
:10880000B1FB4FF41670FEF787FBFFF7ABFBB8F830
:10881000008018F0010800F087804FE0769A000889
:10882000141A00200004002000ED00E00003FA0507
:10883000601A0020E52C000879030008079600085C
:108840000020024023016745801C0020901C00206E
:10885000780C0020E8A00008B12E0008C32D000805
:10886000280D0020F0490200D8A000089C1F00201D
:108870003C2000200C0400480B0400480A04004877
:1088800001040048030000482E2000200E20002094
:1088900002E0030800E0030804E00308CC1B00200A
:1088A00008E0030844E00308D21F0020F0ED00E0D8
:1088B000001000E0911C00208C9A0008FF2123206A
:1088C000FBF74AFEFF212420FBF746FEFF2125206F
:1088D000FBF742FEFBF7E2FFFF210020FBF73CFE27
:1088E000FF210120FBF738FEFAF79EFC81F820807B
:1088F000303A126890680028FBD150680A604860DE
:10890000016051600122A6618CF83821EFF30983E0
:10891000CA69643B9A4203D972B6BF4BE362FEE771
:10892000BE48F7F71DFD5BE6BD4B1A78BD4B1A60DC
:10893000FCF73EF8FFF79AFABB4A4FF0FF33537645
:108940009376D376137753779377D37782F8203063
:1089500082F8213082F8223082F8233082F82430E5
:1089600082F8253082F8263082F8008082F827309D
:1089700082F82830AD4A53769376D37613775377BF
:108980009377D37782F8203082F8213082F8223032
:1089900082F8233082F8243082F8253082F826309D
:1089A00082F8008082F8273082F82830A04B1B78AC
:1089B000327843EA02231BB213F58B7F03D0FBF717
:1089C00081FFFBF757FF9B4A1C23114618460133D2
:1089D000FAF771FA242B02F8010BF7D10B7813F098
:1089E000FC0F01D1FBF746FF934B1B78212B07D1DE
:1089F000924B1B78072B03D1914B1B78132B13D071
:108A000000212620FBF7A8FDFBF74EFEFBF740FEFA
:108A100021212320FBF7A0FD07212420FBF79CFD4B
:108A200013212520FBF798FD864B874A1A60DFF853
:108A30004CA2DFF84C829AF8006098F80030834826
:108A40000022B34226D019460133415C052903F0C8
:108A50000F034FF00102F4D1049A7D4813707D4B4F
:108A600000261E707C4B1E70FCF728FD7B4B1E60A1
:108A70009E807B4B1E707B4B1E707B4B30461E7066
:108A8000FAF73AFD3046FAF727FDFAF745FD774B3E
:108A90001E70D0E70AB188F800302B78052B2BD157
:108AA000DFF8E081012620E0FCF7DAFF0022114622
:108AB0001046FBF725F800226C4B104611461E703D
:108AC000FBF71EF8694B40F2A4601E70FEF724FA13
:108AD000FFF748FA664A002332F8021B002940F0EB
:108AE0001A830133DBB2052BF6D12B78052BDBD0B3
:108AF000FAF734FCFBF736FFFFF734FA08B1FAF760
:108B0000ABFB5B4B5B484FF0000A5FFA8AF233F82D
:108B1000026B019230F8022BB24200F0BB8172402E
:108B20004FF0000B4FF0010812EA080F5FFA8BF1CB
:108B300000F0A68116EA080614BF01220022039164
:108B40000292FAF789FB40F00100DDE9022180B2D0
:108B50004FF0000C16B1404B83F800C0019B8DF81C
:108B600019308DF81A20ADF81EC08DF81810ADF828
:108B70001C0097E80300FFF725F93E4A32F81A3047
:108B800088EA030822F81A8056B13B4A0E2303FBF9
:108B90000A2A1AF80B30FF2B16BF01260026994629
:108BA000DFF888B09BF800309A19082AD84628DDEB
:108BB000C6F1080A711C524659440BF10100019399
:108BC000F9F73EF806F10901524659440BF1090044
:108BD000F9F736F806F10C010BEB41014FEA4A02B6
:108BE00001310BF11900F9F72BF806F1110152468A
:108BF00059440BF11100F9F723F8019B013B8BF865
:108C000000301D489BF80030002209F120019646F3
:108C100000EB410194464DE0F8950008781B0020D8
:108C200006E00308EC1B0020921C0020D61F002049
:108C300000E003084020002046E0030848E0030865
:108C40004AE00308601C0020640C0020801C002007
:108C5000A417002038200020E0200020222000203F
:108C6000292000202A2000202820002095200020F4
:108C70000E200020182000201C9C0008901C0020C2
:108C8000911C00200010024008EB030291F806E05E
:108C900082F801E00C3308EB430391F807E082F817
:108CA00009E082F81190012283F801C083F802C024
:108CB00096460346581C7645C0B2E5D80AB18BF8F3
:108CC0000030AC4EFCF7CCFE33780293737896F903
:108CD0000380039396F902300193002253EA0803BC
:108CE00096F904A096F905B0B270F2703271727103
:108CF0003CD0A14A12880592FAF7AEFA059A9F492C
:108D0000801A0A7880B2002A00F09E8232282DD97B
:108D1000FF2A01D001320A70019B43B1FBF78CFF9F
:108D2000019B002BCCBF0122FF225043B070B8F151
:108D3000000F08D0FBF780FFB8F1000FCCBF012275
:108D4000FF225043F07096F9021079B196F9033082
:108D500063B1B5225143091202FB03F308BF01219D
:108D6000844AB1701B1208BF0123D3705AEA0B0367
:108D70003CD0834B1E88FAF76FFA824A1378801B27
:108D800080B2002B00F05B8264282FD9FF2B01D02A
:108D900001331370774EBAF1000F08D0FBF728FFAC
:108DA000BAF1000FCCBF0123FF2358433071BBF150
:108DB000000F08D0FBF71CFFBBF1000FCCBF012355
:108DC000FF235843707196F9041079B196F90500A4
:108DD00060B1B5235943091203FB00F308BF012119
:108DE000644A31711B1208BF01235371614EF1783F
:108DF000B2780A4331790A43717952EA010301D00A
:108E0000FBF7B0FD029B3370039B7370019BB37043
:108E100086F8038086F804A086F805B05A4EFAF763
:108E20007BFB3378834202D0FAF776FB3070DFF8B1
:108E300064814046202250F8D43F39461E6A002300
:108E4000B04700283FF4F3AD9DF81830013BC6B29F
:108E5000122B00F28180DFE813F037003E00730030
:108E600083009F00C2007F007F007F007F007F00A3
:108E7000C500C900CE00F1001301160118013C0124
:108E80000BF1010B4FEA4808BBF10E0F1FFA88F8EF
:108E90007FF44AAE0AF1010ABAF1050F7FF435AE4C
:108EA000FAF7DAF900234FF6FF7240F00100ADF84F
:108EB0001E30ADF818208DF81A30ADF81C0097E878
:108EC0000300FEF77FFFFCE600238DF8193009232D
:108ED0008DF81A3029E09DF81930022B00F0A4819A
:108EE000032B0DD0012B37D1FAF7B6F9030E8DF80D
:108EF0001A30030C8DF81B3040BAADF81C0014E09A
:108F0000224B1A8852BAADF81A205A8852BAADF8D4
:108F10001C209A8852BAADF81E20DA881B8952BAF2
:108F20005BBAADF82020ADF82230202E7FF47FAD63
:108F3000D8F8D43016485B6832463946984776E50B
:108F40009DF81930022B07D1DDF81A1009BAC9B201
:108F50002620FBF701FBE8E7FF238DF81830E4E754
:108F60009DF81B209DF81A109DF81900FAF7DCFAFD
:108F7000C2E700BF2220002002200020292000207C
:108F8000042000202A2000200C2000200E20002099
:108F90004C0D0020780C00209DF81C309DF81D1011
:108FA0009DF819C09DF81B2041EA03219DF81A3055
:108FB000C3EBC3034FF08C0A9B001AFB0C3303EB8B
:108FC000420A0AF127000FFA81FB80B2090AFBF777
:108FD000C3FA0AF128005FFA8BF180B2B9E7FBF718
:108FE00063FBA2E710238DF819309EE701238DF86B
:108FF0001930A9236CE79DF819209DF81A309DF8C7
:109000001BA043EA022303F25722C3F57D433946EE
:10901000A9334FF0000BD01880B2824585D9A2F257
:109020005720B0F5D47F06DC1046F9F744FF0871ED
:1090300001320131EFE781F804B0F9E79DF819201A
:109040009DF81AA09DF81B304AEA022A4FF0000B47
:109050001FFA8BF29A42BFF468AFBAF5D47F0ADCEC
:10906000019306AB03EB0B020AF25720117980B291
:10907000FBF772FA019B0BF1010B0AF1010AE7E71A
:10908000FBF706FB51E70423ADE79DF819209DF897
:109090001A309DF81BA043EA022303F12702C3F50F
:1090A0007F433946D9334FF0000BD01880B250457A
:1090B000BFF43BAFA2F12700B0F50C7F06DA1046F3
:1090C000F9F7F9FE087101320131EEE781F804B0D9
:1090D000F9E79DF819209DF81AA09DF81B304AEA7F
:1090E000022A4FF0000B1FFA8BF29A42BFF41DAF19
:1090F000BAF50C7F0ADA019306AB03EB0B020AF117
:109100002700117980B2FBF727FA019B0BF1010BC5
:109110000AF1010AE7E72B78052B0BD14D4E336C92
:1091200043F010033364C820FDF7F6FE336C23F0E0
:1091300010033364202383F311882B78012B18D07C
:10914000454B4FF48062C3F888204FF40061002241
:1091500083F84A23C3F8881083F84B233D4B03223E
:109160001A64D8F81C3023F40003C8F81C30D8F86F
:109170001C30DFF8F0B0002301226B602A709A46A1
:109180001E465BF8043B7BB1586920B16FF00101CA
:109190000C30F9F7F7FA5BF8043C986920B16FF0EE
:1091A00001010C30F9F7EEFA0AF1010ABAF1080FE1
:1091B0004BF8046CE5D12268A36992689B689A42D7
:1091C00001D9FEF783FF4FF0000A8AF311880122CC
:1091D0004FF480514FF09040FDF708FB4FF0904363
:1091E0004FF480525A83202383F311881B4E1C4B6B
:1091F00073603378012BC6E903AAC6E905AAC6E95C
:1092000007AAC6E909AA01D1F8F7F4FF02233370CF
:10921000002383F3118840F202724FF480514FF023
:109220009040FDF7E3FA3DE42620F9F744FE0023E1
:10923000ADF81A308DF81C308DF81D0075E6B0F5CC
:10924000967F3FF6A5ADD1E5B0F5967F3FF662ADCE
:109250008CE500BF005C004000E100E01C1700202E
:10926000D8A0000828170020404A08B552F8041C6E
:109270003F4B99420DD1002342F8043C83F31488FC
:109280003C4B1B6883F3088862B63B4B1B689847CE
:10929000FEE73A4A3A49936A43F4FC039362936ABD
:1092A00023F4FC039362936A536943F4FC03536110
:1092B0004FF090405369F8F7FDFE32493248F8F715
:1092C000F9FE32493248F8F7F5FE32493248F8F7EC
:1092D000F1FE32493248F8F7EDFE32493248F8F7EC
:1092E000E9FE136843F00103136013461A689207FE
:1092F000FCD55A6822F003025A605A6812F00C0238
:10930000FBD1196801F0F90119605A601A6842F43A
:1093100080321A601A689003FCD55A6A42F0010242
:109320005A625A6A9107FCD5204A5A604FF4045297
:10933000DA6230221A631A6842F080721A601A6880
:109340009201FCD51A4A12211160116801F007013F
:109350000229FAD15A6842F002025A605A6802F0B1
:109360000C02082AFAD11A6B1A6308BD00A000206B
:10937000EFBEADDE00D8FF1F04D8FF1F0010024073
:10938000209D00083C9D000800040048589D0008EE
:1093900000080048749D0008000C0048909D0008DB
:1093A00000100048AC9D00080014004800241D0077
:1093B0000020024028B1202814BF4FF0FF306FF08A
:1093C00001007047124B07B51A78F2B901211970E4
:1093D000104801924021FDF709FA019A0D488021B9
:1093E000FDF704FA4FF47A70FDF796FD094840F254
:1093F00006224021FDF7FAF9064840F206228021B4
:1094000003B05DF804EBFDF7F1B903B05DF804FBC0
:10941000E2200020000400482DE9F043DFF85C80E2
:10942000144C85B00D4620701349404616461F4621
:10943000FDF7FCFCDFF848C0247840F2E73000215B
:10944000ECFB07014FF47A720023F6F7A3FF4FF00D
:1094500000096408CDE90190CDF8009033462A4612
:1094600021464046FDF770FC05B0BDE8F043FFF72C
:10947000A1BF00BFE120002014A10008E4200020CB
:04948000A0860100C1
:04948400F8B500BF78
:04948800F8B500BF74
:10948C0000FFFF0000202020202020202020282862
:10949C0028282820202020202020202020202020A8
:1094AC0020202020208810101010101010101010E8
:1094BC001010101010040404040404040404041018
:1094CC0010101010101041414141414101010101A6
:1094DC000101010101010101010101010101010170
:1094EC00101010101010424242424242020202027C
:1094FC000202020202020202020202020202020240
:10950C0010101010200000000000000000000000EF
:10951C00000000000000000000000000000000003F
:10952C00000000000000000000000000000000002F
:10953C00000000000000000000000000000000001F
:10954C00000000000000000000000000000000000F
:10955C0000000000000000000000000000000000FF
:10956C0000000000000000000000000000000000EF
:10957C0000000000000000000000000000000000DF
:10958C000000000000000000040C0020000000009F
:10959C0000000000000000000000000000000000BF
:1095AC0000000000000000000000000000000000AF
:1095BC00000000000000000000000000000000009F
:1095CC00000000000000000000000000000000008F
:1095DC00000000000000000000000000000000007F
:1095EC0000000000000000000000000073746163C4
:1095FC006B206F766572666C6F770069646C6500C2
:10960C000001010101010101010102020202020239
:10961C00020202030303030303030304040404040C
:10962C0004040505050505060606060607070707D3
:10963C000708080808090909090A0A0A0B0B0B0C88
:10964C000C0C0D0D0D0E0E0E0F0F0F101011111125
:10965C0012121313141415151616171718181919A6
:10966C001A1A1B1B1C1D1D1E1E1F2020212222230B
:10967C002424252626272829292A2B2C2D2D2E2F4C
:10968C0030313232333435363738393A3B3C3D3E63
:10969C003F404142434445464748494A4C4D4E4F52
:1096AC0050515354555658595A5B5D5E5F61626414
:1096BC00656668696B6C6D6F7072737577787A7BA1
:1096CC007D7E8082838587888A8C8E8F91939596F8
:1096DC00989A9C9EA0A2A3A5A7A9ABADAFB1B3B518
:1096EC00B7BABCBEC0C2C4C6C9CBCDCFD1D4D6D8F4
:1096FC00DBDDDFE2E4E7E9EBEEF0F3F5F8FAFDFF92
:10970C0012980008169800082898000804100A00FF
:10971C007797000890970008B0970008D297000838
:10972C003498000856980008E200E900EA00B500F9
:10973C00B600B700CD008301CC008A0192019401E0
:10974C002102230224022502260227022A02B30048
:10975C00B4006F0070004022B609025B00030100E8
:10976C00A0FA090400000103010100092111010004
:10977C00012240000705810308000A0904010002C8
:10978C0003000000092111010001222200070582BB
:10979C000320000107050303200001090402000156
:1097AC000300000009211101000122B60007058405
:1097BC000320000A1201100100000040EDED61EDE4
:1097CC0001000102000105010906A101050719E0CC
:1097DC0029E7150025019508750181029501750889
:1097EC0081010507190029FF150026FF0095067554
:1097FC000881000508190129059505750191029547
:10980C000175039101C00403090410034D006500A8
:10981C006C004700650065006B0000000A034D00FA
:10982C004A003600310000000660FF0961A1010901
:10983C0062150026FF00952075088102096315004A
:10984C0026FF00952075089102C005010902A101AF
:10985C0085020901A1000509190129081500250136
:10986C009508750181020501093009311581257FA3
:10987C0095027508810609381581257F95017508B3
:10988C008106050C0A38021581257F950175088122
:10989C0006C0C005010980A101850319012AB70082
:1098AC00150126B700950175108100C0050C090142
:1098BC00A101850419012AA002150126A002950117
:1098CC0075108100C005010906A101850505071960
:1098DC00E029E71500250195087501810205071996
:1098EC000029EF1500250195F07501810205081975
:1098FC00012905950575019102950175039101C02A
:10990C000000024008000240010000000000000BB3
:10991C00000002401C000240020000000004010C88
:10992C000000024030000240040000000008020D5C
:10993C00000002404400024008000000000C030E2E
:10994C000000024058000240100000000010040FFC
:10995C00000002406C0002402000000000140510C2
:10996C000000024080000240400000000018061178
:10997C000004024008040240800000000000073888
:10998C00000402401C0402400001000000040839DD
:10999C000004024030040240000200000008093AB2
:1099AC00000402404404024000040000000C0A3B86
:1099BC0000040240580402400008000000100B3C58
:1099CC00000000000000000000000000000000008B
:1099DC00000000000000000000002A2B28000000FE
:1099EC000000000000000000000000000029000042
:1099FC0000002C1E3420212224342627252E362D1F
:109A0C003738271E1F202122232425263333362EB8
:109A1C0037381F0405060708090A0B0C0D0E0F102A
:109A2C001112131415161718191A1B1C1D2F31306F
:109A3C00232D350405060708090A0B0C0D0E0F1013
:109A4C001112131415161718191A1B1C1D2F31304F
:109A5C00354C000000007E0F00D4FFFFFFC7000054
:109A6C000078003131295A1B750A6D61696E001638
:109A7C004230040444080C1014181C20212200004D
:109A8C000F040048080000480A0000480F00004876
:109A9C000304004804040048050400480804004876
:109AAC00090400480D0800480E0800480F0800483B
:109ABC000000004801000048007400400000000055
:109ACC00000000000000FFFF09000000BE200000A5
:109ADC000A000000007400400300000010000000A9
:109AEC00FFFF00000A000000BE2000000A0000007A
:109AFC000000000099270008F5240008092400083C
:109B0C0040004000641C0020641C00200100000088
:109B1C00781C00202CA04002A480C2091C614411B6
:109B2C009441C6180C2248208402CA27FCE24B2F11
:109B3C0074C3CD36ECA34F3E38D00003B0B0820ACC
:109B4C0028910412A07186191852082190328A2883
:109B5C0008130C3080F38D37F8D30F3F4400C1034A
:109B6C00BCE0420B34C1C412ACA1461A2482C821F9
:109B7C009C624A291443CC308C234E380404D03FC9
:109B8C0050308104C810030C40F18413B8D1061B6B
:109B9C0030B28822A8920A2A20738C3198530E393D
:109BAC00103490405C604105D440C30C4C214514EA
:109BBC00C401C71B3CE24823B4C2CA2A2CA34C32B2
:109BCC00A483CE391C64504168900106E070830D6B
:109BDC0058510515D031871C48120924C0F28A2B24
:109BEC0038D30C33B0B38E3A2894104274C0C106EB
:109BFC00ECA0430E6481C515DC61471D5442C92499
:109C0C00CC224B2C4403CD33BCE34E3B34C4D0426A
:109C1C00000102030405060708090A0B0C0D1B1AA8
:109C2C00191817161514131211100F0E1C1D1E1FC8
:109C3C00202122232425262728FF34FF33323130DC
:109C4C002F2E2D2C2B2A29FF3536FF373D383EFF82
:109C5C00FF393A3B3CFF0000100020003000400070
:109C6C0050006000700080009000A000B000C000A8
:109C7C00D000001010102010301040105010601048
:109C8C00701080109010A010B010C010D0100020D8
:109C9C001020202030204020502060207020802078
:109CAC009020A020B020C020003010302030303068
:109CBC00403050306030703080309030A030B03058
:109CCC0000401040204030404040504060407040C8
:109CDC0080409040040404040404040404040404B8
:109CEC000404040404040404040404040404040428
:109CFC000404040404040404040404040404040418
:109D0C000404040404040404040404040404040407
:109D1C000404040000A8802A0000000000FCC03CE1
:109D2C0054111564FFFF00000000505500E00E00B8
:109D3C0080A00000C0000000C0F0000015055555C3
:109D4C00FFFF00000000004400000000000A0000BB
:109D5C0000000000000000F055555505FFFF000005
:109D6C000000770000000000000000000000000070
:109D7C000000000055555555FFFF00000000000085
:109D8C00000000004000555500000000C000FFFF1F
:109D9C0015551501FF000000000000000000000038
:109DAC0000000000000000000F0000005055555549
:109DBC00FFFF000000000000000000000100000098
:109DCC0003000000000000001D2D00080000000032
:109DDC0008000000841F00200000000002000000AA
:109DEC0000000000165C1E001F0020002100220055
:109DFC00230024002500260027002D002E002A0019
:109E0C002B0014001A000800150017001C00180085
:109E1C000C00120013002F00300031003900040038
:109E2C001600070009000A000B000D000E000F00C1
:109E3C003300340028000000E10000001D001B006E
:109E4C00060019000500110010003600370038001C
:109E5C00E5000000E000E3000000E20000002C0040
:109E6C00000000000000E600015102510000E40077
:109E7C00165C3A003B003C003D003E003F004000B9
:109E8C00410042004300440045004C000100010029
:109E9C005200010001000100B20001004900010064
:109EAC00460047004800005C0100500051004F0084
:109EBC000100010001000100010001004A004B00FB
:109ECC00DE5C0000AC000000AA00A900A8000100A4
:109EDC000100145C010001004D004E00AB000000BD
:109EEC000100010000000100000001000000000062
:109EFC000000010001000100000001000100010050
:109F0C00010001000100010001000100010001003D
:109F1C0001000100010001000100C25C0100C55CF0
:109F2C00C65CC75CC85CC95CCA5CC35C0100010050
:109F3C00010001000100010001000100010001000D
:109F4C0001000100CB5CCC5C0100010001000000B1
:109F5C0001000000010001000100010001000100EE
:109F6C0001000100010001000100000001000100DE
:109F7C0000000100000001000000000000000100D2
:109F8C0001000100000001000100010001000100BE
:109F9C0001000100010001000100010001000100AD
:109FAC00010001000100010001000100010001009D
:109FBC00010001000100010001000100010001008D
:109FCC00010001000100010001000100010001007D
:109FDC00010001000100010001000000010000006F
:109FEC00010001000100010001000100010001005D
:109FFC00010001000100000001000100000001004F
:10A00C000000010000000000000001000100010040
:10A01C0000000100E0A300081C2100201C210020EE
:10A02C001C210020E0A3000800000000000000003C
:10A03C0000000000E0A30008000000000000000089
:10A04C0000000000E0A30008000000000000000079
:10A05C0000000000E0A30008000000100000001049
:10A06C0000000010E0A30008000000000000000049
:10A07C0000000000E0A30008000000000000000049
:10A08C0000000000E0A30008000000000000000039
:10A09C00000000000C0400480B0400480A040048AF
:10A0AC000104004803000048030000000000000009
:10A0BC00312F000800000000200000005420002078
:10A0CC00000000000200000000000000C152000867
:10A0DC009D310008C12F0008FD530008000000004E
:10A0EC00275700086958000877570008B35800082C
:10A0FC0071570008AD580008215700086358000834
:10A10C00000000000000000081267000000000002C
:10A11C00000000005245454E54206D616C6C6F631D
:10A12C002073756363656564656400002E2E2F2EA5
:10A13C002E2F2E2E2F2E2E2F2E2E2F2E2E2F2E2E2E
:10A14C002F2E2E2F6E65776C69622F6C6962632FD0
:10A15C007374646C69622F72616E642E630000000C
:10A16C002C2066756E6374696F6E3A2000000000D7
:10A17C00617373657274696F6E2022257322206679
:10A18C0061696C65643A2066696C652022257322CE
:10A19C002C206C696E65202564257325730A0000DC
:10A1AC00232D302B20000000686C4C006566674541
:10A1BC004647000030313233343536373839414276
:10A1CC0043444546000000003031323334353637D5
:0CA1DC00383961626364656600000000B1
:08A1E800DC61FF7F01000000B3
:10A1F000040C002000000000D8950008B895000865
:10A200009895000800000000000000000000000019
:10A21000000000000000000000000000000000003E
:10A22000000000000000000000000000000000002E
:10A23000000000000000000000000000000000001E
:10A24000000000000000000000000000000000000E
:10A2500000000000352F000825590008D9580008D3
:10A26000FD2E0008C92E00080400000004000000B4
:10A2700000000000000000000000000000000000DE
:10A2800000000000000000000000000000000000CE
:10A2900000000000000000000000000000000000BE
:10A2A00000000000000000000000000003000000AB
:10A2B00000000000212D0008000000002000000028
:10A2C000000000000000000002000000000000008C
:10A2D000030000000000000000000000472E0008FE
:10A2E000000020000000000000000000020000004C
:10A2F0000000000003000000000000001F2D000807
:10A300000000000008000000000000000000000045
:10A3100002000000000000001C17002002030000E3
:10A3200004000000040000002000000020000000E5
:10A3300000000000C4170020541800200000000096
:10A34000000000000000000000000000000000000D
:10A3500000000000000000000000000000000000FD
:10A3600000000000000000000000000000000000ED
:10A3700000000000000000000000000000000000DD
:10A3800000000000000000000000000000000000CD
:10A3900000000000000000000000000000000000BD
:10A3A00000000000000000000000000000000000AD
:10A3B000000000000000000000000000FF0000009E
:10A3C000000000000000000000000000000000008D
:10A3D000010096000000000800FF00FFFF030000DE
:040000050800035993
:00000001FF
