:020000040800F2
:1000000000040020590300085B0300085B0300089C
:100010005B0300085B0300085B0300085B03000848
:100020005B0300085B0300085B030008016F000826
:100030005B0300085B0300085B0300085B03000828
:100040005B0300085B0300085B0300085B03000818
:100050005B0300085B030008116D0008CD6C00080D
:10006000896C0008456C0008016C0008C96900082B
:10007000B5690008A16900088D6900087969000860
:1000800065690008516900085B0300085B0300080C
:100090005B0300085B0300085B030008196B0008A2
:1000A000E9690008E1690008E5690008DD69000800
:1000B000B1650008616500084D650008ED6600083F
:1000C000556600085B0300085B0300085B0300083B
:1000D0005B0300085B0300085B0300085B03000888
:1000E000FD6900085B0300085B0300085B03000870
:1000F000756500085B0300085B0300085B030008EC
:100100005B0300085B0300085B0300085B03000857
:100110005B0300085B0300089D6500088965000813
:100120003D6900082969000815690008016900088F
:10013000ED6800085B0300085B0300085B03000830
:100140005B0300085B0300085B0300085B03000817
:100150005B0300085B0300085B0300085B03000807
:100160005B0300085B0300085B03000849620008AA
:100170005B0300085B0300085B0300085B030008E7
:100180005B0300085B0300085B0300085B030008D7
:100190005B0300085B0300085B0300085B030008C7
:0801A00019020008F10100083A
:1001B0000348044B834202D0034B03B118477047F6
:1001C000F00D0020F00D0020000000000548064959
:1001D0000B1AD90F01EBA301491002D0034B03B155
:1001E00018477047F00D0020F00D002000000000BF
:1001F00010B5064C237843B9FFF7DAFF044B13B16F
:100200000448AFF300800123237010BDF00D0020DF
:100210000000000000A2000808B5044B1BB104490F
:100220000448AFF30080BDE80840CFE700000000BD
:10023000F40D002000A2000872B6394880F3088847
:10024000384880F3098838484EF60851CEF200014C
:10025000086040F20000CCF200004EF63471CEF29D
:1002600000010860BFF34F8FBFF36F8F40F20000B3
:10027000C0F2F0004EF68851CEF200010860BFF3E4
:100280004F8FBFF36F8F4FF00000E1EE100A4EF674
:100290003C71CEF200010860062080F31488BFF3A1
:1002A0006F8F07F06BFF08F0E3FF4FF055301F49E9
:1002B0001B4A91423CBF41F8040BFAE71C49194A1A
:1002C00091423CBF41F8040BFAE71A491A4A1B4B0A
:1002D0009A423EBF51F8040B42F8040BF8E70020A5
:1002E0001749184A91423CBF41F8040BFAE707F05E
:1002F0001DFF07F042FF144C144DAC4203DA54F8D2
:10030000041B8847F9E707F03BFF114C114DAC4245
:1003100003DA54F8041B8847F9E707F02DBF000003
:1003200000040020000C0020000000080000002055
:100330000004002000A20008000C0020F00D0020A6
:10034000F00D00201C210020A0010008A4010008DD
:10035000A4010008A80100086EE700F000F8FEE71D
:100360002DE9F04F2DED108AC1F80CD0C3689D46E1
:10037000BDEC108ABDE8F08F002383F31188284676
:10038000A047002007F082FEFEE707F0A3FE00DF93
:10039000FEE7000053B94AB9002908BF00281CBF76
:1003A0004FF0FF314FF0FF3000F06EB9ADF1080CA7
:1003B0006DE904CE00F006F8DDF804E0DDE9022383
:1003C00004B070472DE9F047089D04468C46002B89
:1003D00040F083808A42174647D9B2FA82F242B18E
:1003E000C2F1200024FA00F09140974040EA010C4D
:1003F00094404FEA1748230CBCFBF8F61FFA87FE1F
:1004000008FB16C143EA014306FB0EF1994209D9E4
:10041000FB1806F1FF3080F01981994240F21681F5
:10042000023E3B445B1AA4B2B3FBF8F008FB103366
:1004300044EA034400FB0EFEA64509D93C1900F12D
:10044000FF3380F00581A64540F2028102383C442A
:1004500040EA0640A4EB0E0400261DB1D440002360
:10046000C5E900433146BDE8F08702B9FFDEB2FAC4
:1004700082F2002A50D1CB1B4FEA174E1FFA87F8A1
:100480000126B3FBFEFC210C0EFB1C3341EA0341A9
:1004900008FB0CF38B4207D979180CF1FF3002D21C
:1004A0008B4200F2E9808446C91AA3B2B1FBFEF088
:1004B0000EFB101143EA014408FB00F8A04507D9E0
:1004C0003C1900F1FF3302D2A04500F2D980184652
:1004D000A4EB080440EA0C40BFE78B4209D9002D89
:1004E00000F0B1800026C5E9000130463146BDE884
:1004F000F087B3FA83F6002E4AD18B4202D38242B0
:1005000000F2B880841A61EB030101208C46002DB3
:10051000A8D0C5E9004CA5E7C2F1200320FA03F6F4
:10052000974001FA02F04FEA174ED9403043030CCE
:10053000B1FBFEF61FFA87F80EFB161143EA0143E2
:1005400006FB08F1994204FA02F409D9FB1806F1F6
:10055000FF3C80F08D80994240F28A80023E3B440D
:100560005B1A81B2B3FBFEF00EFB103341EA03418C
:1005700000FB08F38B4207D9791800F1FF3C73D2D6
:100580008B4271D902383944CB1A40EA064678E7E3
:10059000C6F1200C03FA06F422FA0CF31C4320FAED
:1005A0000CF701FA06F34FEA144E21FA0CF11F433F
:1005B0003B0CB1FBFEF91FFA84F80EFB191143EA5C
:1005C000014109FB08FA8A4502FA06F200FA06F32D
:1005D00008D9611809F1FF3048D28A4546D9A9F1F6
:1005E00002092144A1EB0A01BFB2B1FBFEF00EFBF0
:1005F000101147EA014700FB08F8B84507D9E71989
:1006000000F1FF312ED2B8452CD90238274440EAF8
:100610000940A7EB0807A0FB02894F45C64649469B
:100620001AD317D05DB1B3EB0E0267EB010707FADF
:100630000CFCF2404CEA0202F740C5E90027002614
:100640003146BDE8F0872E4628460BE70646E9E628
:100650001846FDE64345E5D2B8EB020E69EB04010E
:100660000138DFE70846D2E760468DE78146B9E703
:10067000664675E730464AE7ACF1020C394413E7A9
:1006800002383C4424E700BF704700BF014B1868A4
:10069000704700BF000C0020F0B4860746D0541EFF
:1006A000002A3CD0CAB2034602E014F1FF3436D32C
:1006B00003F8012B9D07F8D1032C29D9CDB245EAC7
:1006C00005250F2C45EA054533D9A4F11006360956
:1006D00003F1200707EB061703F1100242E9045566
:1006E00042E902551032BA42F8D1721C14F00C0FD4
:1006F00003EB021204F00F0613D0331F23F00303A1
:100700000433134442F8045B9342FBD106F0030424
:100710002CB1C9B21C4403F8011B9C42FBD1F0BCB4
:10072000704734461346002CF3D1F8E714460346CD
:10073000C2E71A462646E0E738B5124B1C68A26BA2
:1007400005461AB10023C2E9045338BD182000F051
:10075000B3F80246A06378B1012000210A4B136070
:10076000C2E904010B230948094993810023C2E926
:100770000101C2E9045338BD064B0748422100F08D
:1007800055F800BF000C00200E33CDAB34126DE6DF
:10079000ECDE050030A1000848A1000838B51A4B6E
:1007A0001C68A26B92B1146918495369184801FB7F
:1007B00004F100FB0313A4FB0045611C1D4445F13B
:1007C000000323F00040C2E9041338BD182000F0F4
:1007D00073F80246A06388B101200021C2E9040138
:1007E0000A480C4C0C4B0D490D4D146053600B2402
:1007F000034695609481C2E9041338BD094B0A4849
:100800004E2100F013F800BF000C00202DF45158C9
:100810002D7F954C0E33CDAB34126DE62E7F954C6B
:10082000ECDE050030A1000848A1000800B50A4C24
:100830002668054685B01C46F06852B1074B00910A
:10084000CDE9013206492B46224600F021F800F09E
:1008500071FD044B1A46F2E7000C00207CA1000851
:100860008CA1000888A1000808B513460022FFF7F4
:10087000DDFF00BF0CB400B583B004AB53F8042B0C
:10088000019300F027F903B05DF804EB02B0704764
:100890000EB410B583B005AB064C53F8042B01938E
:1008A0000146206800F016F903B0BDE8104003B01F
:1008B000704700BF000C0020024B0146186800F092
:1008C00061B800BF000C0020024B0146186800F020
:1008D00003B800BF000C002000293CD038B551F807
:1008E000043C0C1F002BB8BFE418054601F0AAFA1F
:1008F000234B1A682AB1A2420DD92168601882429E
:1009000023D0626028461C60BDE8384001F09CBAE4
:10091000A34203D81A465368002BF9D11168501826
:10092000A04219D024D821686018834206D06360A1
:1009300054602846BDE8384001F086BAD3E9000388
:100940000144636021605460F3E7D2E9000201448E
:1009500062602160D6E770472068014450188342E6
:100960001160E6D1D3E90003014453601160E0E770
:100970000C232B602846BDE8384001F065BA00BF63
:100980000C0E0020F8B5CD1C25F0030508350C2D04
:1009900038BF0C25002D064633DBA94231D82A4F3B
:1009A00001F050FA3A6852B113685B1B04D43FE07F
:1009B00023685B1B29D522465468002CF8D179683E
:1009C00000293BD02946304605F014FC431C28D0B2
:1009D000C41C24F00304A04205D0211A304605F0BF
:1009E00009FC01301DD02560304601F02DFA04F1DC
:1009F0000B0020F00700231DC21A01D01B1AA350C0
:100A0000F8BD0C2232600020F8BD0B2B05D8A242A5
:100A1000636811D05360E7E7144623601C442560E7
:100A2000E2E70C233046336001F00EFA0020F8BDF7
:100A30000B2BF1D8536814463B60D5E7304605F0E0
:100A4000D9FB7860BEE700BF0C0E00209368013B25
:100A5000002B936011DA10B49469A34209DB0A29D0
:100A600007D01368581C1060197008465DF8044BD5
:100A700070475DF8044B00F07DBB1368581C106094
:100A800019700846704700BF9BB1F8B513440F4674
:100A900006465D1E541E01E0AC4208D03A4614F8EA
:100AA000011F3046FFF7D2FF431CF5D1F8BD0020EF
:100AB000F8BD0020704700BF936810B5144613B905
:100AC0005360184610BD00F01DFE0023C4E9013339
:100AD00010BD00BF2DE9F04F9FB08B4690461C46DD
:100AE000039018B18369002B00F0B780A24B9B459F
:100AF00000F0B980A14B9B4500F0C780A04B9B45FF
:100B000004BF039BD3F80CB0BBF80C30180740F1BE
:100B1000B280DBF81030002B00F0AD8030238DF870
:100B2000323098F800300594002120220B918DF886
:100B30003120944E0127002B00F08780252B00F0F8
:100B40001581454603E0252B00F0A38025466B78F0
:100B50006C1C002BF7D1B4EB080A76D04246534602
:100B600059460398FFF790FF01306ED00B9B6A78CF
:100B700053440B93002A68D000234FF0FF32013416
:100B80000693CDE908338DF85B301C93079205E09E
:100B9000069A07FA03F313432C46069325460522CB
:100BA00015F8011B304600F0FBFFAA46831B002806
:100BB000EED1069BD90644BF20228DF85B20217818
:100BC0001A0744BF2B228DF85B202A2966D1059A8B
:100BD0001168043200290592C0F29D800991617864
:100BE000A51C2E2973D0684C0322204600F0D8FFA4
:100BF000002800F08680001B069B402404FA00F0C9
:100C00000343069305F10108297860488DF83010F8
:100C1000062200F0C5FF002800F083805C4B002B0B
:100C200072D005AB00935A465A4B039806A9AFF30E
:100C300000808146B9F1FF3F07D00B9B4B440B93DB
:100C400098F80030002B7FF479AFBBF80C305B06CE
:100C500018D40B981FB0BDE8F08F00F033FD464B61
:100C60009B457FF447AF039BD3F804B0BBF80C302F
:100C700018073FF54EAF5946039800F0DBFA0028FD
:100C80003FF44CAF4FF0FF30E4E7039BD3F808B0DC
:100C90003AE7B4EB080A3FF46FAF5FE7A1F1300227
:100CA000092A88BFA2469CD8099B01E02C46013541
:100CB000297803EB830302EB4303A1F13002092AF5
:100CC000AA46F3D92E2904F1020509938BD19AF88B
:100CD00001102A292FD1059B9AF802101A68079251
:100CE0000433002A05930AF103050AF1020338DBF5
:100CF000254C032220469A4600F052FF00287FF43C
:100D00007AAFA84655467FE7059B073323F00703D4
:100D10000833059391E7494243F002030991069392
:100D20005DE705AB00935A461A4B039806A900F0FD
:100D3000D5F881467EE7A1F130020023092A079306
:100D400001D915E05546697803EB830302EB4303B1
:100D5000A1F13002092A05F1010AF3D902350793FE
:100D600041E74FF0FF329A4607923CE7444603E7DB
:100D7000AA46013537E700BFE0950008C095000896
:100D8000A0950008BCA10008C4A10008C8A10008E3
:100D900000000000890A000810B4044C13460A46FB
:100DA000014620685DF8044BFFF794BE000C00205C
:100DB0002DE9F0470C4691460A698968DDF82080E4
:100DC0008A42B8BF0A46C9F8002094F84310064684
:100DD0001F4611B10132C9F80020236899065CD57D
:100DE000D9F800200232C9F80020236813F0060F5A
:100DF00019461DD1E1688A1A002AD8BF194617DDA5
:100E000004F1190A002505E0E368D9F800209B1ACF
:100E1000AB420CDD0123524639463046C047013013
:100E200005F10105F0D14FF0FF30BDE8F0872168F2
:100E300094F84330003318BF01238A060AD5E1181D
:100E40005A1C302081F84300224494F8451082F85F
:100E50004310023304F1430239463046C0470130A3
:100E6000E1D02368A268216903F00603042B1DD09A
:100E70008A4226DD4FF00009521A91441A340025A7
:100E800001E04D451DDA0123224639463046C04770
:100E9000013005F10105F4D1C5E713F0060F13D0B9
:100EA00094F84330003318BF0123D3E7D9F800008A
:100EB000E3688A42A3EB000323EAE379DCDC002B3E
:100EC000DCDC0020BDE8F087E168D9F800208A1A50
:100ED000002AD8BF194693DCAAE700BF2DE9F043EA
:100EE0000C46097E85B06E29064617460C98984632
:100EF00004F1430E6DD039D9732900F0F68044D93E
:100F0000752900F00481782940F011817823226846
:100F1000DFF858C284F845300168150651F8043BE3
:100F2000016040F1A180D10744BF42F0200222605D
:100F3000002B00F093801022002184F84310606899
:100F4000A0600028C0F2C880216821F0040121605F
:100F5000002B40F0A380002840F0C0807546082A8E
:100F600000F0AC80AEEB0503236141E0632900F0A3
:100F7000E5801AD8002938D0582940F0D88084F864
:100F800045102268DFF8E8C1C6E76F2900F0BF808E
:100F9000702940F0CC802268DFF8D0C142F02002F6
:100FA0007823226084F84530B6E7642902D06929A5
:100FB00040F0BD8022680368110603F1040557D58F
:100FC000196805600B46002959DBDFF8A4C10A2225
:100FD000B5E70368226861691D1D056015061B6879
:100FE00002D4500600F1BD801960002375462361CC
:100FF000CDF800803B4603AA21463046FFF7D8FED5
:10100000013020D02A46236939463046C047013096
:1010100019D022680398E368920719D51A1A002A92
:1010200016DD04F11909002504E0E36803981A1A93
:10103000AA420DDD01234A4639463046C0470130F9
:1010400005F10105F1D14FF0FF3005B0BDE8F083A7
:101050009842B8BF184605B0BDE8F083226822F078
:1010600020022260102267E7500648BF9BB25AE771
:101070005106A5D5B3F9003005601946A3E76168AC
:10108000A1602D200029C3F1000384F8430002DB96
:1010900022F004022260DFF8D8C00A22754600E080
:1010A0000B46B3FBF2F102FB113093421CF8000037
:1010B00005F8010DF4D2082A7FF454AF2368DB074A
:1010C0007FF550AF626823699A423FF74BAF3023F8
:1010D00005F8013C013D45E7002BDFD19CF80030CD
:1010E00084F8423004F1420539E703686268191D4B
:1010F00001601D680021284600F052FD002832D012
:10110000401B60602061002384F8433070E7226850
:10111000036812F0800F03F104051AD01B68056004
:101120006F290CBF08220A22DFF844C004E701231C
:1011300084F84210236104F14205E4E703681A6869
:10114000191D0123016004F1420584F84220236146
:10115000D9E712F0400F0DBF1B6805601B880560C2
:10116000DEE7198041E76068CCE700BFE4A1000832
:10117000D0A10008F8B50D461446064608B18369AB
:1011800043B3254B9C422AD0244B9C4229D0244B6C
:101190009C4208BFF468A389A269A2601A0722D5FD
:1011A000236903B322686169D31AEDB299422F46CD
:1011B00029DD0133A168501C0139A1602060157040
:1011C00062699A4216D0A389DB0701D50A2D11D096
:1011D0003846F8BD00F076FA0F4B9C42D4D17468C3
:1011E000D9E7B468D7E72146304600F023F838B98C
:1011F0002369D7E72146304600F03AF90028E7D0C6
:101200004FF0FF37E4E72146304600F031F900287F
:10121000F6D122680123CDE7E0950008C0950008CB
:10122000A0950008024B0A4601461868FFF7A2BFC6
:10123000000C00203B4B70B51D6806460C460DB1F6
:10124000AB69DBB1384B9C421ED0384B9C424AD034
:10125000374B9C4208BFEC68B4F90C2093B21907D5
:1012600018D5206908B313F001022CD0636900225D
:101270005B42A361A26060B3002070BD284600F00D
:1012800021FA294B9C42E0D16C68B4F90C2093B24E
:101290001907E6D4DD063CD5580726D4206942F06C
:1012A0000803A3819BB20028DDD103F42072B2F5BC
:1012B000007FD8D03046214600F026FCA389206963
:1012C00013F00102D2D1990758BF6269A2600028C9
:1012D000D2D1B4F90C301A06CFD543F04003A38124
:1012E0004FF0FF3070BDAC68B6E7616B51B104F1EF
:1012F0004403994204D03046FFF7EEFAB4F90C20CB
:101300000023636300232069636022F024022060CD
:10131000C5E742F04002092333604FF0FF30A2815D
:1013200070BD00BF000C0020E0950008C0950008CB
:10133000A095000808B5062000F034FE012004F056
:101340003FFF00BF8B891A072DE9F0410C4680460C
:1013500041D44A68002A59DDE66A002E53D00022A3
:10136000D8F80050216AC8F8002013F4805251D1F7
:1013700001234046B047431C5FD0A389E66A216A37
:101380005F0705D56268636B801A0BB1236CC01AC6
:10139000024600234046B047461C45D1D8F80030ED
:1013A000B4F90C20002B55D01D2B01D0162B5AD18F
:1013B00023690022C4E90032616BC8F8005011B300
:1013C00004F14403994202D04046FFF785FA002019
:1013D0006063BDE8F0810E69AEB10D680E609907DB
:1013E0000CBF63690023AD1BA3600AE02B463246A5
:1013F000A76A216A4046B8470028A5EB00050644C5
:101400000ADD002DF2DC0020BDE8F0810A6C002A24
:10141000A2DCF8E7606DB3E7A38943F04003A38142
:101420004FF0FF30BDE8F0812269A38922600022DD
:101430006260DA04C0D56065BEE7D8F80030002BE2
:101440009BD01D2B0CD0162B0AD0A38943F0400350
:10145000A381D9E72169C4E90013D304ACD5EAE735
:10146000C8F80050CFE742F04002A281CCE700BFAD
:101470000B6923B310B5044682B008B18369BBB1D0
:10148000104B994212D0104B994216D00F4B9942F3
:1014900008BFE168B1F90C302BB1204602B0BDE8BD
:1014A0001040FFF74FBF002002B010BD6168F1E7A8
:1014B000019100F007F90199E2E7A168EAE700204D
:1014C000704700BFE0950008C0950008A09500088F
:1014D00020B1054B01461868FFF7CABF034B04490A
:1014E000186800F0B9BA00BF000C00209C950008F5
:1014F0007114000800207047014900F0ADBA00BF28
:10150000711400080020704770B54A1E682505FB5D
:1015100002F50E4605F17401FFF734FA044640B1B6
:1015200000210C30666005F168022160A060FFF7C1
:10153000B3F8204670BD00BF1E4B70B51D68AB6987
:10154000064643B34835D5E90134013B05D51EE0D5
:10155000013B5A1C04F1680419D0B4F90C20002A8C
:10156000F6D10025144B6566C4E90055A560C4E9B1
:101570000455A5612946E360082204F15C00FFF7E9
:101580008BF8C4E90D55C4E91255204670BD2C688E
:101590002CB12546D7E7284600F010F8D2E7042101
:1015A0003046FFF7B1FF044628600028F1D10C2334
:1015B0003360EAE79C9500080100FFFF2DE9F84F32
:1015C000334B34491A68816290424FF00003C0E9FE
:1015D0001233036504BF012383610546FFF7ACFFA7
:1015E00068602846FFF7A8FFA8602846FFF7A4FF19
:1015F0006E68E86000240423F3607466C6E9004462
:10160000B460C6E90444B461214606F15C000822D6
:10161000FFF742F8DFF888B0AF68DFF888A0DFF89E
:101620008890DFF888801C4BC6F83080C6E9086BCC
:10163000C6E90AA92146FB6008227C66C7E9004486
:10164000BC60C7E90444BC6107F15C00FFF724F803
:10165000EE68124BC7F83080C7E9087BC7E90AA9D2
:101660002146F3607466C6E90044B460C6E90444E8
:10167000B46106F15C000822FFF70EF80123C6E909
:10168000086BC6E90AA9C6F83080AB61BDE8F88FDF
:101690009C950008F91400080900010012000200DE
:1016A000152000083D2000087D2000089D2000082E
:1016B000024B0349186800F0CFB900BF9C950008A1
:1016C00071140008836903B978E77047704700BF59
:1016D000704700BF704700BF704700BF024B03490F
:1016E000186800F093B900BF000C0020F514000842
:1016F000024B0349186800F089B900BF000C0020B4
:10170000051500089368002B00F002812DE9F04FC9
:10171000B1F90C309BB20C46190783B08246904653
:1017200035D522699AB313F00202D8F800603DD093
:101730000027D4F828B0D4F820C0DFF8CC923D467A
:101740004D452B463A4628BF4B4661465046D5B1DB
:10175000D847002840F3D280D8F808301B1A074435
:101760002D1AC8F80830002B00F0B780D4F820C03C
:10177000D4F828B04D452B463A4628BF4B46614623
:101780005046002DE4D1D6E900750836D8E7214649
:101790005046FFF74FFD002840F03081B4F90C307F
:1017A000D8F800609BB213F00202C1D113F0010916
:1017B00040F0B080A76820684D46002D54D09A05AF
:1017C00040F1BC80AF42BB4600F2E78013F4906F5B
:1017D0002FD0D4E9041707EB4707A0EB010B07EB69
:1017E000D777681C7F105844B8423A4684BF0746F2
:1017F0003A465B0540F1E98011465046FFF7C2F8D2
:10180000002800F0F5805A462169019000F018FA8E
:10181000A289019B22F4906242F08002A281A7EB90
:101820000B0203EB0B00676123612060A2602F466F
:10183000AB465A46494600F09DFAA2682368D21B7F
:101840005B442F46A26023600025D8F80830DB1BDC
:10185000B944C8F80830002B3FD0B4F90C30A76861
:1018600020689BB2002DAAD1D6E900950836A4E7DE
:101870000BF1080353E902679B460833002FF9D0A8
:101880003A460A21304600F08BF9002853D0013047
:10189000A0EB06094B46D4E904122068BB4228BFDE
:1018A0003B46884203D9A5681544AB4219DC9A42ED
:1018B0007DDC1346A56A216A32465046A847051EBC
:1018C0001CDDB9EB05096BD00120D8F808305B1B93
:1018D0002E447F1BC8F8083013BB002003B0BDE8BE
:1018E000F08F31462A4600F045FA23682B442360E6
:1018F00021465046FFF7BCFD0028E2D0B4F90C3079
:1019000043F040034FF0FF30A38103B0BDE8F08FF8
:101910000020704733469146104617464E469B4678
:10192000002FA5D00028B5D13A460A21304600F054
:1019300037F90028ABD17B1C9946ACE72369834279
:1019400015D36169A94212D82E4BA76A9D4294BF54
:101950002B466FF000434A4693FBF1F3504601FBE0
:1019600003F3216AB847071EC8DDED1B6DE7AF42E0
:1019700028BF2F463A46494600F0FCF9A368226882
:10198000DB1B3A44A3602260002BEED12146504677
:10199000FFF76EFD0028E8D0B0E72F46AB4648E7DA
:1019A00021465046FFF764FD00288ED0A6E71A4670
:1019B0003146019300F0DEF9019BA1682268C91A43
:1019C0001A44A16022601D467BE7504600F03EFAB3
:1019D000034600287FF423AF21695046FEF77CFFC1
:1019E000B4F90C300C2223F08003CAF8002087E7FA
:1019F0000C23CAF80030B4F90C3081E74FF0FF3007
:101A00006CE700BFFEFFFF7F00FCFF7F2DE9F04188
:101A100010F148071BD088460026D7E90154013D44
:101A20000FD4A389012B05F1FF3506D9B4F90E3087
:101A30000133204601D0C04706436B1C04F1680403
:101A4000EFD13F68002FE8D13046BDE8F0813E4637
:101A50003046BDE8F08100BF2DE9F84310F148079A
:101A60001FD0884606464FF00009D7E90154013DD2
:101A700011D4A389012B05F1FF3508D9B4F90E3033
:101A800001332146304602D0C04749EA00096B1CA9
:101A900004F16804EDD13F68002FE6D14846BDE867
:101AA000F883B9464846BDE8F88300BF70B50C46D8
:101AB000B1F90E10002996B016461D4613DB6A4692
:101AC00004F08BFB00280EDB019A02F47042A2F5B1
:101AD0000052B2FA82F252094FF4806300202A6069
:101AE000336016B070BDA38900221B062A6004D59E
:101AF00040230020336016B070BD4FF48063002097
:101B0000336016B070BD00BF8A8992070B4606D5B8
:101B100001F1470201211A60C3E90421704770B541
:101B200082B001AB6A460C460646FFF7BFFF00993C
:101B300005463046FEF726FFB4F90C3070B1164961
:101B4000B162019A0099206043F08003A381C4E947
:101B500004018AB92B43A38102B070BD9A05FBD45E
:101B600023F0030304F1470243F002030121A381A0
:101B70002260C4E90421EFE73046B4F90E1004F006
:101B80002AFB10B9B4F90C30E4E7A38923F003036E
:101B900043F001031BB2DDE7F91400080000000068
:101BA00001F0FF01102A2BDB10F0070F08D010F80E
:101BB000013B013A8B422DD010F0070F42B3F6D112
:101BC000F0B441EA012141EA014122F007047FF02B
:101BD00000070023F0E80256083C85EA010586EA82
:101BE000010685FA47F5A3FA87F586FA47F6A5FABE
:101BF00087F68EB9EED1F0BC01F0FF0102F00702CA
:101C000032B110F8013B013A83EA010313B1F8D174
:101C10000020704701387047002D06BF3546033855
:101C2000073815F0010F07D1013015F4807F02BF8E
:101C3000013015F4C03F0130F0BC0138704700BFDF
:101C4000844641EA000313F003036DD1403A41D3C7
:101C500051F8043B40F8043B51F8043B40F8043B86
:101C600051F8043B40F8043B51F8043B40F8043B76
:101C700051F8043B40F8043B51F8043B40F8043B66
:101C800051F8043B40F8043B51F8043B40F8043B56
:101C900051F8043B40F8043B51F8043B40F8043B46
:101CA00051F8043B40F8043B51F8043B40F8043B36
:101CB00051F8043B40F8043B51F8043B40F8043B26
:101CC00051F8043B40F8043B51F8043B40F8043B16
:101CD000403ABDD2303211D351F8043B40F8043BB6
:101CE00051F8043B40F8043B51F8043B40F8043BF6
:101CF00051F8043B40F8043B103AEDD20C3205D3C6
:101D000051F8043B40F8043B043AF9D2043208D0BD
:101D1000D2071CBF11F8013B00F8013B01D30B882F
:101D200003806046704700BF082A13D38B078DD00D
:101D300010F003038AD0C3F10403D21ADB071CBFDF
:101D400011F8013B00F8013B80D331F8023B20F849
:101D5000023B7BE7043AD9D3013A11F8013B00F882
:101D6000013BF9D20B7803704B7843708B7883700A
:101D7000604670478842F0B40DD98B1883420AD967
:101D8000841832B1224613F8014D02F8014D9942F0
:101D9000F9D1F0BC70470F2A0ED80346541E002A12
:101DA000F7D001340C44013B11F8012B03F8012F4B
:101DB000A142F9D1F0BC704740EA01039B073BD137
:101DC000A2F110073F0901F1200606EB071601F109
:101DD000100300F1100453F8105C44F8105C53F841
:101DE0000C5C44F80C5C53F8085C44F8085C53F84D
:101DF000045C44F8045C1033B34204F11004EAD1EB
:101E00007B1C1B0112F00C0F194402F00F05034458
:101E100015D0043DAD0803EB850C1C1F0E4656F88B
:101E2000047B44F8047F6445F9D10135AD002B44AF
:101E3000294402F00302B1E7541E0346B1E72A46E3
:101E4000ACE700BF704700BF704700BF09B3F8B5EB
:101E50001446CAB106460D4600F024F9A04202D34A
:101E60002F463846F8BD21463046FEF78BFD074623
:101E70000028F6D022462946FFF7E2FE30462946E2
:101E8000FEF72AFD3846F8BD2746FEF725FD384601
:101E9000F8BD1146FEF776BD10B580210446FEF769
:101EA00071FD606440B1031F00227C3043F8042FB1
:101EB0008342FBD1002010BD4FF0FF3010BD00BFAA
:101EC000436C0BB100207047E6E700BF1F2970B5D7
:101ED000054608D8436C16460C464BB153F824000F
:101EE00043F8246070BD162202604FF0FF3070BDD1
:101EF000FFF7D2FF08B96B6CF0E74FF0FF3070BD11
:101F00001F2938B521D8426C05460C466AB152F8F3
:101F1000213053B1012B16D0591C10D0002520467A
:101F200042F824509847284638BD284600F070F8FB
:101F3000224601462846BDE8384000F055B8162331
:101F40000360012038BD002038BD162303604FF028
:101F5000FF3038BD1F2921D838B5436C05460C46E3
:101F600083B153F8242003EB84034AB1511C10D0F1
:101F7000012A0CD0002520461D609047284638BD18
:101F8000012038BDFFF788FF28B96B6CE9E7032013
:101F900038BD022038BD4FF0FF3038BD4FF0FF3064
:101FA000704700BF024B01461868FFF7A9BF00BF8A
:101FB000000C0020024B0A4601461868FFF786BF56
:101FC000000C0020034B1868436C0BB100207047D5
:101FD00062E700BF000C0020024B01461868FFF7C3
:101FE000B9BF00BF000C002038B50B46074C0546B2
:101FF000114618460023236004F0E5F8431C00D086
:1020000038BD2368002BFBD02B6038BD1821002081
:1020100004F0D7B810B50C46B1F90E1004F00EF963
:10202000002803DB636D0344636510BDA38923F4BB
:102030008053A38110BD00BF002070472DE9F041FF
:102040001646B1F90C201F46D3050C460546B1F9DA
:102050000E1009D422F48052A2813B463246284613
:10206000BDE8F04104F0E6B80022022304F0E4F8F1
:10207000B4F90C20B4F90E10ECE700BF10B50C4613
:10208000B1F90E1004F0D8F8A389421C0EBF23F456
:10209000805343F480536065A38110BDB1F90E10E5
:1020A00004F0C6B851F8043C181F002BBCBF0B58F5
:1020B000C01870474B6843608B688360CB68C3600F
:1020C0000B6943614B6903628B6943620B68036070
:1020D0007047000000EB810370B5DD682B6803F0EA
:1020E0000303032B5AD0002B0CBF4FF400730023C3
:1020F0002F4A146D6A6904F1804404F5C04404EB6E
:1021000001146AB1002262602A8AD0F88460013228
:1021100022F001023244C0F8842043F020032660FC
:10212000AA69C2B16D8A3E2D05F1FF3239D942F05C
:102130001F02204E0132521146EA822292B2E26020
:10214000D0F88420013525F001051544C0F88450ED
:1021500043F40053A2608A0002F1804202F5B842C3
:1021600010684404106848BF43F48043400648BFE9
:1021700043F04003194321F4784148F2800021F0F4
:10218000F001014323F4F163116023F007031168A8
:102190005B045B0C4B400343136070BD4FF4C063A2
:1021A000A6E742F001020132520202F47C42C6E785
:1021B000005C00400080FFFF0B4B0C480021802298
:1021C00019655964DA644268D2688A420CBF4FF4D8
:1021D0001C424FF41E421A644023C0F88430044B62
:1021E000C360FFF777BF00BF005C00401C170020F2
:1021F000049B00080E4BDA6942F40002DA610D4AD2
:10220000DB69012313640C4BD02183F84A134FF48C
:102210008061C3F888119960E02183F84B134FF473
:102220000061C3F88811996000231364FFF7C4BFED
:1022300000100240005C004000E100E00C4B1B6D10
:1022400003F1804303F5C04303EB0010114403681E
:10225000426003F1005303F540535B00002AA1EBF9
:10226000020000DC7047008843F8040B023AF5E7EF
:10227000005C0040836970B51A69DD681540EAB2F8
:10228000D243AE0704461A6103D543681B6903B104
:102290009847680704D563689B690BB12046984747
:1022A000290704D563681B6A0BB120469847EA06E4
:1022B00004D563689B6A0BB120469847EB0706D5A7
:1022C00063689B681BB12046BDE87040184770BD2D
:1022D000C3681969DA680A40D1B2C943D2071961E3
:1022E0000FD50278042A08D10222027000221A6057
:1022F0001A61DA6822F0FF02DA6043685B6803B1B2
:1023000018477047D0E90B315B6840685A684B68E2
:10231000806810B523F0FF73FF2A23F4803394BF45
:1023200000244FF0807443EA000388BFFF22234358
:1023300043EA02434B6010BD836A5B6830B5046BAF
:102340005968436862689B68FF2988BFFF2122F0B3
:10235000FF7243EA014322F4803294BF00254FF01C
:10236000807513432B4343F48063636030BD0000EA
:1023700010B40468437B21684268D940126801F0B8
:102380000E010A420FD0827B01FA03F3636001322F
:10239000064B53F8324034B103EBC203586823466E
:1023A0005DF8044B18475DF8044B7047F81B00209C
:1023B00038B50C46012511460289A5401543058113
:1023C00000EB84000025C2685069128A03609A42BB
:1023D00028BF1A4681604560C56002612046A4009E
:1023E00004F1804404F5B844FFF728FF236823F480
:1023F000F04323F0400383F0300343F4004343F001
:102400008003236038BD000010B590F86430142BB1
:10241000044636D024D8062B05D001D81BB110BDF8
:10242000093B022BFBD81D490B6823F4F04323F032
:10243000400383F0100248F2800002430A600B68F8
:1024400023F4904323F0700383F4805303430B6021
:1024500063681B6813B1062120469847062319E0DC
:10246000152BDCD10B2380F86430202383F31188F3
:1024700000231A461946FFF79BFF002383F31188B8
:10248000CDE7C3689B695B68002BC8D1036F03B1BC
:102490009847002384F86430C1E700BF005C004027
:1024A00070B54689012404FA01F53543458100EBF6
:1024B0008100C568A8698260002203604260C26032
:1024C0002BB16A8A013B1344B3FBF2F39CB289003F
:1024D00001F1804101F5B84104820B6823F4904377
:1024E00023F0700383F4405343F4004343F080032C
:1024F0000B6070BD38B590F864300446002B42D0B4
:10250000063BDAB20F2A38D80F2B36D8DFE803F0B3
:102510003B353508263635353535353535353B3B94
:1025200090F87B1090F87A20C36E42EA0122934221
:1025300014D2C268128AB3FBF2F502FB15356DB9ED
:10254000202383F311882B462A462946FFF730FFC4
:1025500085F311880A2384F864300EE0142384F88C
:102560006430202383F3118800231A46194620463D
:10257000FFF796FF002383F3118838BD036F03B183
:1025800098470023E7E70E490B6823F4F04323F054
:10259000400383F0100248F2800002430A600B6897
:1025A00023F4904323F0700383F4805303430B60C0
:1025B00063681B6813B10621204698470623CAE7C3
:1025C000005C004090F87630074A80F87E3043F097
:1025D000800310B5D36443681B6804460BB1012126
:1025E00098470323237010BD005C00400369196005
:1025F000C268013AC260C2691344826903619342AE
:1026000024BF436A036100238362036B03B118474D
:102610007047D0E904239A4201D1C26822B9184612
:1026200050F8043B0B60704700207047C368C269D4
:10263000013BC3604369134482694361934224BFF1
:10264000436A436100238362036B03B118477047F9
:10265000202383F31188104B5B6813F4006317D0B9
:10266000F1EE103AEFF30983683B4FF08072DA61C4
:102670000A4AD2681A6683F30988094A116892697E
:102680008968926891428CBF064A074A9A617047EE
:1026900083F31188704700BF00ED00E030EF00E0E9
:1026A000E41900208B0300088E0300080D4A0E4B2E
:1026B000516FC2685B68013230B5C260D0E9044531
:1026C00082685B1A9B1A42688360E41845F1000532
:1026D0009342026888BF43609342C0E9044538BF13
:1026E000036030BDE4190020001000E0014B5B687E
:1026F00083607047001000E0002380F8203082687B
:10270000054B1B6899689142FBD25A68036042608E
:1027100010605860704700BFE4190020F8B50468E5
:1027200005460E460027AC4200D1F8BDE3683343AE
:10273000E36023691E420BD0D4E90103426B1343CB
:1027400090F8202043630A2A04D1426A134207D139
:102750002468E8E70B2AFBD1426A32EA0303F7D187
:102760004762FFF7C9FFF3E738B504460D46206816
:10277000844200D138BD036823605C604562FFF786
:10278000BBFFF4E703682BB10022026059621846D0
:10279000FFF7B2BF70470000F8B590F86430044608
:1027A00013B1002380F86430BF4B1B6D03F18043ED
:1027B00003F5C04303EB011104F174008B6803F1CE
:1027C000005303F540535B0003F110021946043334
:1027D000096820F8021B9342F8D163689B681BBB11
:1027E00094F8743013F0600546D0AF490B6823F4B9
:1027F000F04323F0400383F0100248F280000243CC
:102800000A600B6823F4904323F0700383F4805331
:1028100003430B6063681B6813B106212046984789
:10282000062384F86430F8BD204698470028D7D0A6
:1028300094F87B2094F87A3043EA0223E26E9A42BD
:1028400088BFE36694F97430E56E002B4FF02003E7
:1028500080F26481002D00F05381092284F8642005
:1028600083F311880021D4E91A232046FFF7A0FD45
:10287000002383F31188D6E794F8752003F07F03D3
:1028800043EA022340F20232934200F0178121D83A
:10289000B3F5807F4ED00DD8012B45D0022B00F030
:1028A000B680002BA1D104F17C02A2660222E2666E
:1028B0002367BDE7B3F5817F00F0C380B3F5407FA8
:1028C00093D194F87630012B8FD1B4F87C3043F05B
:1028D000020338E0B3F5006F3FD01DD8B3F5A06F09
:1028E00037D0A3F5C063012B3FF67FAF94F8792072
:1028F000616894F878304E6894F8771043EA0223C0
:10290000204694F87620B04700283FF46EAF436825
:10291000A3660368E3661AE0B3F5106F22D040F6B1
:10292000024293427FF461AF604BA3660223E366E9
:102930000023BDE794F87630012B7FF456AFB4F84E
:102940007C3023F00203C4E91A55A4F87C302567D3
:102950006EE7C4E91A55564BAAE704F17F03A36654
:102960000123D7E72378042B40D1202383F3118858
:10297000A36803F00113A36004F1100604F12C070F
:1029800056F8043B7BB1586920B16FF001010C305F
:10299000FFF7F8FE56F8043C986920B16FF001018A
:1029A0000C30FFF7EFFEB74246F8045CE8D1402355
:1029B000C4F88430012248F28000930003F1804380
:1029C00003F5B84301321968082A41EA0001196089
:1029D0001860F2D1002383F31188032184F87F303B
:1029E000636821701B680BB12046984794F87630D5
:1029F0004BB184F87F300423237063681B6813B1E4
:102A00000221204698470023C4E91A3350E794F87E
:102A1000783003F00F0213F0800F234B53F822306D
:102A200008D013F030033FF4E0AE102B14BF214B5D
:102A3000214B7AE713F440533FF4D7AEB3F5805FF0
:102A4000F4E794F87630002B7FF4CFAE94F878203A
:102A500012F00F03D7D01BB29B0003F1804303F5A4
:102A6000B84312F0800F1A680DD002F03002302AFD
:102A7000C9D01A6822F4F04222F0400282F020020B
:102A800042F400420BE002F44052B2F5405FBAD08B
:102A90001A6822F4F04222F0400242F4204242F04E
:102AA00080021A60AFE700BF005C004020A1000870
:102AB000C5250008D4990008D89D000894F8763000
:102AC000002B7FF492AE94F8782012F00F039AD086
:102AD0001BB29B0003F1804303F5B84312F0800F53
:102AE0001A6806D022F4F04222F0400282F010026E
:102AF000C6E722F4904222F0700282F48052BFE7CF
:102B0000142284F8642083F311882B462A46294630
:102B10002046FFF7C5FC85F3118884E65DB11522D8
:102B200084F8642083F311880021D4E91A23204615
:102B3000FFF7B6FC9CE60B2284F8642083F311882F
:102B40002B462A4629462046FFF732FCE3E700BF22
:102B500008B5202383F3118890F820200023072A4A
:102B600007D8DFE802F00C060604130F0613426ACA
:102B700013604FF0FF334362FFF7BEFD002383F382
:102B8000118808BD426A936801339360D0E900322E
:102B900013605A60EDE700001A4902680B4610B551
:102BA00053F81C4F84420DD041680A60026851609E
:102BB0009A424FF00001C16003D0936881680B44D2
:102BC000936010BD00209A42CA615360E06003D157
:102BD0004FF08043D860F4E79368A068896A0344A3
:102BE00093604FF08042526A501A8342E9D98A1AA0
:102BF0001A44012A98BF831C4FF080420B44536350
:102C0000DFE700BFE4190020C0E90323294A2DE9CA
:102C1000F0411446022954F81C3F4FF0804738BF5A
:102C20000221A3427E6A9446A6460DD1C2E907005E
:102C30009662C0E9003381600023314479633B61CF
:102C40000223FB60BDE8F081956A741B09190A46EE
:102C500026D31A464FF0000803E0C2F80880126835
:102C6000E41B9768BC42F8D8724505EB040818BF0E
:102C70003C1BCCF8288018BF9460AA1B0A449968B2
:102C8000914213D3596803604160086058608260C4
:102C900099688A1A9A604FF0FF33CCF82430D1E754
:102CA00099688A42EBD215447D63E8E71B68521AA3
:102CB000E5E700BFE419002013B504460748C268E1
:102CC0000B461AB10191FFF767FF019B044A0348C5
:102CD000214602B0BDE81040FFF796BF9C1F0020C0
:102CE000412F0008FEE7000030B5202383F3118850
:102CF000094C65682368281A49420840821A9A429A
:102D00004FF0000305D3954203D3626083F311882B
:102D100030BD1846FAE700BFC01B0020704770475F
:102D200000EB81032DE9F3419C6A05460E46002C19
:102D300033D0202383F3118805EB86080821201D5A
:102D4000FFF7ECFCD8F80C305B691B6804F1440712
:102D5000ABB1236D226E606C01332365A36D134408
:102D6000E26DA365934224BFA36EA365B84206D06B
:102D7000036863645F6000234362FFF7BDFC01A941
:102D80003846FFF746FC024650B1019B31462846C3
:102D9000FFF70EFB002383F3118802B0BDE8F0813A
:102DA000D8F80C305A691268002AF3D01B8A013B0C
:102DB0001342EFD1E36F1B7E002BEBD105F17402C0
:102DC000E4E713B5446BE36F1A681178042915D151
:102DD000217A022912D11979128901238B401342D9
:102DE0000CD101A904F14400FFF713FC024628B1FD
:102DF000E46F019B21792068FFF7DAFA02B010BD79
:102E000038B5C16F0C682378042B18D1037A022BD4
:102E100015D10A796589012303FA02F22A420ED1FB
:102E2000D0E90725AA4201D1856955B9836A497954
:102E30002046043B0432FFF733FB002038BD01205D
:102E4000FCE71846FAE7113110B550F82140002C84
:102E50002DD0202383F3118804216018FFF75EFC36
:102E6000E26FE0681368527903EB820304F10C010E
:102E7000DB689B695A68E3691A60A2690132A26142
:102E8000A26A1344626AE361934224BF236BE36145
:102E9000814206D00368E360596000234362FFF774
:102EA0002BFC2046FFF7ACFF002383F3118810BDF5
:102EB000406BFFF7A5BF80B2400000F1006000F555
:102EC000783000787047000013B5202383F3118811
:102ED000094C2178042904D0002383F3118802B01F
:102EE00010BDADF80500032301AA20468DF804109B
:102EF000FFF75EFAF0E700BF1C17002013B5202390
:102F000083F31188094C2178042904D0002383F32A
:102F1000118802B010BD0323ADF8050001AA2046B8
:102F20008DF80430FFF744FAF0E700BF1C170020CB
:102F300070470000014B1878704700BFB01F002099
:102F400070B52023064683F311880378042B03D041
:102F5000002383F3118870BD144B1B78DB09F7D174
:102F6000134C2278002AF3D0124B1B78002BEFD0A1
:102F700003899B0704D4104A08230121FFF718FA9C
:102F80000E4B247840F2E730A4FB034520184FF0A5
:102F900000014FF47A724FF0000345EB0101FDF799
:102FA000F9F931468000FFF787FED1E7D21F0020F4
:102FB000981F0020E00D0020B11F0020A086010016
:102FC000F8B590F8743003F07F02212A044672D1DC
:102FD00013F0800F90F875001FD0022817D0032837
:102FE0000BD0012867D194F87830002B56D14B4A8A
:102FF000A2662022E266236708E0B4F87820002A5F
:1030000059D10120C4E91B02454BA366F8BD454BCD
:10301000A3660120E0660023EDE70A2842D00B28D2
:103020000ED0092847D194F8782012F0FD0F42D134
:103030003D4BA3660223E3663C4B23670120E5E793
:10304000B4F8783053BB94F87650354B002D14BF4C
:10305000012100211970364B1A7861F3C7121A70DA
:103060001CD1304B1A78CAB1202282F311881E7805
:10307000304B40F2E730A6FB036730184FF00001F9
:103080004FF47A724FF0000347EB0101FDF782F92C
:1030900021468000FFF710FE85F311880023C4E964
:1030A0001A33CAE722491F4B0D7894F877201A701B
:1030B000ED09F3D1D7E7B4F8741040F28162914280
:1030C00016D194F87920616894F878304D6894F8B6
:1030D000771043EA0223204694F87620A84708B9DF
:1030E000002093E74368A3660368E3660023A4E730
:1030F000114A92F8B620002AF2D003F06003202B88
:10310000EED194F87530212B05D81F2BE8D90B4B45
:10311000A3660723E9E7222BC0D0E1E7B11F002017
:10312000E00D0020981F00205020002041310008B1
:10313000D21F0020A0860100780C0020E10D0020A5
:1031400090F87A10074A0229137807D103F0FB039D
:10315000012B05D1044B52781A707047024A137044
:10316000704700BF50200020B01F002010B5084A53
:10317000084C117824784B1C03F00F039C421DBFB0
:10318000054C13706054002018BF012010BD00BF13
:10319000901C0020911C0020801C002042EA01228B
:1031A000100A032811B214D00CD8012828D0022804
:1031B0000CD1154A5B231548002AC0E9003208BF2C
:1031C0001046704721280DD0222812D000231A461D
:1031D000F1E7CBB2022BF9D80D4A0E4952F8232061
:1031E000CB5CE8E7022BF1D80B4A52F823200923E5
:1031F000E1E7022BEAD8094A094952F82320EFE710
:10320000084A1223D7E700BF6D970008F01B002083
:1032100014970008209700082497000830970008AA
:103220006A970008C8970008074B084A1A60BFF35E
:103230004F8F0749074BCA6802F4E0621343CB6023
:10324000BFF34F8F00BFFDE7FC9F0020EFBEADDE58
:1032500000ED00E00400FA0538B5202383F311885F
:103260004FF08043596A002383F31188074B084CC1
:103270001B68084AC91A4FF47A700025E0FB014523
:10328000002320462946FDF785F838BD3C20002064
:103290009F860100A086010010B5114B1B7893B1E9
:1032A000104B93F90030002B0DDAEF294FEAD103D0
:1032B00008D8184401F0070101238B40817821EAE6
:1032C0000301817010BD831C0022083013F8014BEC
:1032D000A14208BF03F8012C9842F7D1F2E700BFE2
:1032E000E00D0020D21F002030B5164B1B788BB1AB
:1032F000154B93F90030002B0CDAEF294FEAD1037C
:1033000007D8034401F00702012191409A78114344
:10331000997030BD841C4FF0FF33002214F8015B1C
:10332000A942F6D0B3F1FF3F02D1002D08BF1346EA
:103330000132D5B2062D52B2F0D15A1CE9D0034465
:10334000E6E700BFE00D0020D21F0020024B1A78F4
:103350000AB100221A7070472C20002010B5204BB3
:10336000204A1B78127820491343204A12781343CD
:103370001F4A0B701278A2B113430B701D4B1B78C0
:103380001BB31D4B93F90030002BACBF06231E234B
:103390001A480022013BDBB2FF2B18D10AB1FFF71C
:1033A000D5FF174B1B68CBB1124A127842B1124AB3
:1033B00092F90020002ABFBF0A784A7005220A70DD
:1033C000BDE810405B68084818470623E0E710F89E
:1033D000014B002CDED00132D2B2DBE710BD00BFC2
:1033E00038200020E0200020A41700200D2000201D
:1033F0002C200020E00D0020D21F0020A617002066
:10340000601C0020C0F30723C3EBC30313B500EB1C
:1034100043000B4900F00704C0F3C40000EB800038
:1034200000220144104611F8013BE34003F0010380
:10343000934001321843052AC0B2F4D102B010BD46
:1034400068200020C0F30723C3EBC30337B500EBAC
:10345000430000F0070301229A40C0F3C4000A4B66
:1034600000EB8000D2B218440024057821FA04F35E
:1034700043F300036B40134001346B40052C00F80C
:10348000013BF2D103B030BD68200020054B064A55
:103490001B7812789A4200D17047013303F007037A
:1034A000F8E700BFDF200020DE20002030B1044A12
:1034B000137823EA00001070FFF750BF704700BF79
:1034C0003820002028B1034B1A7810431870FFF7FA
:1034D00045BF704738200020054A1188814205D039
:1034E000044B10801B680BB11B691847704700BF65
:1034F000D41F0020601C0020054A1188814205D09D
:10350000044B10801B680BB1DB681847704700BF85
:1035100000200020601C0020024B186808B10368DE
:1035200018477047601C002008B552001C2303FB9D
:1035300001218C2202FB001101F12700FFF7BBFCE7
:10354000030201F128009BB2FFF7B5FC184380B2DB
:1035500008BD82B00328ADF804100AD89DF8051004
:10356000042906D89DF804200D2A02D802B0FFF7DE
:10357000DBBF002002B0704700B1104708470000D1
:103580003F28F0B523D8DFF850C00CEB800797F840
:1035900002E07C78FD781CF820700EF03F063601C2
:1035A00046EA141604F00F04A40107F0030044EAED
:1035B0009704074FAD0040F25F1C0CFB007045EA1A
:1035C0009E15015582554355024B01221A70F0BDDC
:1035D000BB1C00201A1E0020289B0008F8B50546D9
:1035E0000E461746002420463B4632462946013403
:1035F000FFF7C6FF402CF6D1F8BD84B0BDF810200F
:103600000190D21A92B2FF2A28BFFF22C0F30740CE
:10361000D24350FA82F2FF2A28BFFF228DF80620FB
:10362000019B0020DAB262F30700C3F3072262F3C2
:103630000F20C3F3074363F3174004B07047000043
:103640001FB5482B0190C0F3074030D8BDF8184093
:10365000E31A9BB2FF2B28BFFF23083189B2102940
:1036600005D902F1080189B2112928BFFF231149A8
:10367000DB4350FA83F3002A4978B8BF0332FF2BAB
:1036800001EBA20228BFFF238DF804208DF806303D
:10369000019B0020DAB262F30700C3F3072262F352
:1036A0000F20C3F3074363F3174004B010BDFF239B
:1036B000D3E700BF402000201FB50029B8BF494212
:1036C000002AB8BF524209B2090112B21201FF2901
:1036D000BDF818400190A8BFFF21FF2AA8BFFF2214
:1036E00023440CB211B28C42A8BF0C4614FA83F4E6
:1036F000A4B2FF2C28BFFF24C0F30740E44350FAD4
:1037000084F4FF2C28BFFF248DF80640019B002085
:10371000DAB262F30700C3F3072262F30F20C3F3A8
:10372000074363F3174004B010BD84B003EB83027A
:10373000BDF81030019013449BB2FF2B28BFFF232C
:10374000C0F30740DB4350FA83F3FF2B28BFFF236E
:103750008DF80630019B0020DAB262F30700C3F354
:10376000072262F30F20C3F3074363F3174004B04B
:10377000704784B0C9B20190C1F18201C0B2002982
:10378000A8BF40188DF80400019B0020DAB262F354
:103790000700C3F3072262F30F20C3F3074363F369
:1037A000174004B0704784B0C9430190C9B2C0F358
:1037B000074011FB00F109128DF80610019B002053
:1037C000DAB262F30700C3F3072262F30F20C3F3F8
:1037D000074363F3174004B0704700001FB5114B57
:1037E000019003EB4101C0B291F84640A11A4BB2DF
:1037F000002BBCBF121B53B2DBB203EB430300EB45
:1038000053138DF80430019B0020DAB262F30700F5
:10381000C3F3072262F30F20C3F3074363F3174098
:1038200004B010BD289C00081FB5164C0190203331
:1038300004EB4303C0B2DC79203C62439C79A4F1E1
:1038400070035BB2002BBCBFC4F170035BB2C3F169
:10385000380301FB032111EB410148BF7F3100EB2D
:10386000E1118DF80410019B0020DAB262F3070029
:10387000C3F3072262F30F20C3F3074363F3174038
:1038800004B010BD289C000884B02033019011487A
:1038900000EB4303D8799B79703B5943203802FBF6
:1038A0000012002A9DF80410B8BF3F3201EBA212AB
:1038B0008DF80420019B0020DAB262F30700C3F305
:1038C000072262F30F20C3F3074363F3174004B0EA
:1038D000704700BF289C000884B020330190114835
:1038E00000EB4303D8799B79703B5943203802FBA6
:1038F0000012002A9DF80410B8BF7F3201EBE212DB
:103900008DF80420019B0020DAB262F30700C3F3B4
:10391000072262F30F20C3F3074363F3174004B099
:10392000704700BF289C000884B003EB43039DF858
:103930001020019002EB53038DF80430019B00200E
:10394000DAB262F30700C3F3072262F30F20C3F376
:10395000074363F3174004B070470000134B203156
:1039600030B503EB410403EB4103E5799B79A5F105
:10397000200464B2002C85B0BCBFC5F1200464B241
:103980009A1A01902244C0B210448DF80400019BA1
:103990000020DAB262F30700C3F3072262F30F20BC
:1039A000C3F3074363F3174005B030BD289C0008FC
:1039B00084B001900B4800EB4101002091F84730A2
:1039C0009A1A8DF80420019BDAB262F30700C3F360
:1039D000072262F30F20C3F3074363F3174004B0D9
:1039E000704700BF289C000884B001900B4800EB92
:1039F0004101002091F846309A1A8DF80420019B6D
:103A0000DAB262F30700C3F3072262F30F20C3F3B5
:103A1000074363F3174004B0704700BF289C0008B9
:103A200084B001908DF80420019B0020DAB262F38B
:103A30000700C3F3072262F30F20C3F3074363F3C6
:103A4000174004B07047000084B0C0F307430190F2
:103A5000134800EB410191F84600E42110FB01F00E
:103A6000C2EB10201C300028B8BF4042A3EBC000BE
:103A700000B220EAE07010FB03F000128DF806009F
:103A8000019B0020DAB262F30700C3F3072262F35E
:103A90000F20C3F3074363F3174004B0704700BF20
:103AA000289C000884B0C0F307230190134800EB62
:103AB000410191F84600E42110FB01F0C2EB102017
:103AC0001C300028B8BF4042A3EBC00000B220EA7F
:103AD000E07010FB03F000128DF80500019B002040
:103AE000DAB262F30700C3F3072262F30F20C3F3D5
:103AF000074363F3174004B0704700BF289C0008D9
:103B0000FFF76CBDFFF73CBD10B5044620B9002996
:103B1000ACBF0020802010BD80EAE072A2EBE07212
:103B200013B20029A6BFCB1A5B015B1A01FA82F21D
:103B3000B5BF520193FBF2F392FBF3F3C3F1200301
:103B4000B8BFC3F160035BB2D8B2002CBCBF404227
:103B5000C0B2E0E71FB59DF8184001901B1B10464E
:103B6000DCB2FFF7D1FF201A8DF80400019B002082
:103B7000DAB262F30700C3F3072262F30F20C3F344
:103B8000074363F3174004B010BD1FB50190104602
:103B90001C46FFF7B9FF03198DF80430019B002084
:103BA000DAB262F30700C3F3072262F30F20C3F314
:103BB000074363F3174004B010BD30B585B0C0F3C0
:103BC00007459DF82040019010461C1BFFF79CFF05
:103BD0002C44E4B2201AC0B210FB05F000128DF89C
:103BE0000600019B0020DAB262F30700C3F307224C
:103BF00062F30F20C3F3074363F3174005B030BDF2
:103C000030B585B0C0F307259DF8204001901046DF
:103C10001C1BFFF779FF2C44E4B2201AC0B210FB42
:103C200005F000128DF80500019B0020DAB262F366
:103C30000700C3F3072262F30F20C3F3074363F3C4
:103C4000174005B030BD30B585B0C0F30745EB1A5D
:103C500001901046DCB2FFF757FFC0EB801300EB7A
:103C600083002044C0B210FB05F000128DF806005E
:103C7000019B0020DAB262F30700C3F3072262F36C
:103C80000F20C3F3074363F3174005B030BD30B5D1
:103C900085B0C0F30725EB1A01901046DCB2FFF7A0
:103CA00033FFC0EB801300EB83002044C0B210FB55
:103CB00005F000128DF80500019B0020DAB262F3D6
:103CC0000700C3F3072262F30F20C3F3074363F334
:103CD000174005B030BD000010F040031ABFC243CA
:103CE000D2B2024610B502F00F0103B101310A4C05
:103CF000C2F3011204EB42035B7813FB01F114F8E9
:103D0000123003EB2113DBB2020644BF5B42DBB28D
:103D100083F0800010BD00BF769A000830B585B0F2
:103D2000C4B2019010460D46FFF7D6FF134901EBD0
:103D3000450191F846201044C2B2A2F180035BB263
:103D4000002BBCBFC2F1800253B25B0003F0FE0344
:103D500003EB430304EB93138DF80430019B002025
:103D6000DAB262F30700C3F3072262F30F20C3F352
:103D7000074363F3174005B030BD00BF289C00081F
:103D8000012830B501D8C0B230BDB0F5F75F9DBF96
:103D900042090832D2B2FF220124A3185910C3F3FA
:103DA0004705C3F34F0313FB03F39BB2834205D9CB
:103DB0006A1ED2B29442F0D9601EE4E7FF2902D015
:103DC0006C1CE4B2F6E70846DEE71FB5019048B286
:103DD0000028BCBF494248B25243C0F1380010FB32
:103DE000002080B21C46FFF7CBFF00EB40000444EC
:103DF0008DF80440019B0020DAB262F30700C3F3A0
:103E0000072262F30F20C3F3074363F3174004B0A4
:103E100010BD000030B5C0F307422B4C10F47F4FAB
:103E2000A25C85B0C1B2C0F307234AD001EB4104C4
:103E3000FF206400B4FBF0F46FF05400604300EB2B
:103E4000410000EB4000C0B213FB00F5C0F1FF00E1
:103E5000C3F1FF0143432D121B12C5F1FF05C3F14E
:103E6000FF03514355435343C1F30721C5F30725CE
:103E7000C3F30723062C21D8DFE804F0060411164B
:103E80001B20060013462A4614461A46002062F3F9
:103E9000070064F30F2061F3174005B030BD1846EA
:103EA00013460A460146EFE713460A4619462B46D3
:103EB000EAE718460B4611460246E5E70B46294657
:103EC000E2E711461446E1E7149600082DE9F04FA9
:103ED000374A384E384B147835791B88A4006D0862
:103EE0008BB0E4B25D43C5F30723271DFFB20293F5
:103EF000324B0390402FBB4603EB440828BF4FF0E2
:103F0000400B91469A46E3B29B4506D83F2F8CBFA3
:103F1000002001200BB0BDE8F08F0AEB040393F8FA
:103F2000C62099F801301A423DD098F8473098F8E9
:103F30004600203B9AB2703813FB03F381B200FBBA
:103F4000003080B205910492FFF71AFF029A96F8AA
:103F500001C096F803E0059900920346B078049AF0
:103F6000039D4CEA002012B209B240EA0E40A84775
:103F70008DF81C00C0F30723C0F307408DF81E0026
:103F80008DF81D30079BADF820301B0C8DF82230CA
:103F90000898FFF73FFFC0F30743C2B2C0F3072101
:103FA0002046FFF7AFFD08F102080134ABE700BF80
:103FB000E80D0020402000201C1E0020289C000846
:103FC0002DE9F04F2DED028B304A314E314B1478F4
:103FD00035791B88A4006D08E4B25D43C5F307235F
:103FE000271DFFB208EE103A87B02B4B0190402FEF
:103FF000BB4603EB440828BF4FF0400B91469A465E
:10400000E3B29B4508D83F2F8CBF0020012007B0AA
:10401000BDEC028BBDE8F08F0AEB040393F8C620D9
:1040200099F801301A422CD0B378707896F803C012
:1040300098F8472098F84610019D40EA0320203A5E
:10404000703918EE103A40EA0C40A8478DF80C0081
:10405000C0F30723C0F307408DF80E008DF80D3034
:10406000039BADF810301B0C8DF812300498FFF74D
:10407000D1FEC0F30743C2B2C0F307212046FFF7C9
:1040800041FD08F102080134BAE700BFE80D002045
:10409000402000201C1E0020289C00082DE9F04F25
:1040A000284A294E147835792849DFF8A4B0A400AD
:1040B000E4B2AB08271D0D88FFB2402F03FB055566
:1040C000BA4685B0814628BF4FF0400AC5F30725A0
:1040D0009046E1B28A4506D83F2F8CBF00200120D0
:1040E00005B0BDE8F08F0BEB040393F8C62098F8F9
:1040F00001301A4223D0B078737843EA0023F07875
:104100002A4643EA0040C8478DF80400C0F307235D
:10411000C0F307408DF806008DF80530019BADF81F
:1041200008301B0C8DF80A300298FFF773FEC0F3BD
:104130000743C2B2C0F307212046FFF7E3FC013476
:10414000C7E700BFE80D0020402000201C1E002013
:10415000289C00082DE9F04FDFF8E0A0344E354BE5
:104160009AF8004035791B882DED028BA400AD082C
:1041700089B05D43E4B2C5F3072504F10409039057
:104180005FFA89F905F14000B9F1400FC0B2CB46A2
:1041900028BF4FF0400BFFF79FFD803843B2284601
:1041A00008EE103AFFF798FD80384FFA80F8E3B236
:1041B0009B4509D8B9F13F0F8CBF0020012009B001
:1041C000BDEC028BBDE8F08F1B4A224492F8C6106A
:1041D0009AF80120114228D0B278707896F803C07E
:1041E000039F009540EA022018EE101A424640EA6A
:1041F0000C40B8478DF81400C0F30723C0F3074004
:104200008DF816008DF81530059BADF818301B0C95
:104210008DF81A300698FFF7FDFDC0F30743C2B2D0
:10422000C0F307212046FFF76DFC0134BFE700BF54
:10423000402000201C1E0020289C0008E80D0020C3
:104240002DE9F04F384B394D1C782F79DFF8E0B06D
:10425000DFF8E0A0A400E4B2261DF6B287B0013773
:10426000402EB146019028BF4FF040099846FF2FDD
:1042700028BFFF274FF6FF72B2FBF7F7E0B2814588
:1042800006D83F2E8CBF0020012007B0BDE8F08F7C
:104290000BEB040393F8C62098F801301A4232D091
:1042A0009AF80030013B5BB21A062ED539462B79BD
:1042B000A8780133FF2B28BFFF2359436B7843EACB
:1042C0000023E878C1F30F2143EA0040019B98479F
:1042D0008DF80C00C0F30723C0F307408DF80E00E3
:1042E0008DF80D30039BADF810301B0C8DF812309B
:1042F0000498FFF78FFDC0F30743C2B2C0F3072154
:104300002046FFF7FFFB0134B8E70AEB0302527CBB
:10431000824207D103F10C020AEB4202B2F801100B
:104320008F42C4D8013BBFE7E80D002040200020A9
:10433000289C0008921C00202DE9F04F4B4BDFF821
:104340003CB11C78A400E4B2261DF6B28FB0402E1A
:10435000334628BF40230393454B05911B780493B4
:10436000444B0793804603EB4407039AE3B29A4217
:1043700006D83F2E8CBF002001200FB0BDE8F08F83
:10438000079B234493F8C620384B5B781A4229D008
:10439000394B1B88ADF82C30354B069308F10105DD
:1043A000EA18C14602924FF0000A049A5FFA89F3B4
:1043B0009A421AD89BF8030010FB0AF000128DF8FD
:1043C0002E000B9BADF830301B0C8DF832300C9862
:1043D000FFF720FDC0F30743C2B2C0F30721204618
:1043E000FFF790FB01340237BFE7029B13F8010B84
:1043F0000293029A97F84630D279181A97F8473004
:104400009B1A9AB213FB03F381B200FB003080B217
:1044100009910892FFF7B4FC069A9BF804C0099929
:10442000059D034609F10C0002EB40000CF1010C64
:10443000B0F80100089A8DF82EA0BCF1FF0F28BF3C
:104440004FF0FF0C0CFB00FCCCF30F20009012B2DD
:104450000B9809B2A847C0F307238DF82C008DF8FC
:104460002D30C0F3074A09F101099EE7E80D00204D
:10447000921C0020289C00084120002040200020A1
:104480000B4BDA68D0070CD4DA6851070BD4DA6822
:10449000D2060AD4D86800F00100C0F10500C0B20D
:1044A000704701207047022070470320704700BF0B
:1044B0000020024073B50446FFF7E2FF0025FF2607
:1044C00001280FD114B9062002B070BD01950196E4
:1044D000019B1BB9FFF7D4FF013CF1E7019B013BB6
:1044E0000193F5E7002C08BF0620EDE710B50B4C53
:1044F000236943F0020323616061236943F04003B1
:10450000236140F6FF70FFF7D5FF06281EBF236921
:1045100023F0020323613423E36010BD0020024036
:1045200070B505461F200E46FFF7C4FF052810D1C1
:10453000084C236943F0010323611F202E80FFF7FD
:10454000B9FF06281EBF236923F00103236134232A
:10455000E36070BD00200240B0F5805F2DE9F041BE
:10456000884602D30020BDE8F081450005F10064D3
:1045700004F578344FF6FF7223889BB293424FEADA
:10458000A02604D12046FFF7CBFF80B2EBE7F6026E
:10459000154F06F1006606F578364FF40062314695
:1045A0003846FDF74DFB23789845DBD040F2FE708E
:1045B000284007F8008040F6FF70FFF77BFF0528D2
:1045C00002D13046FFF792FF0024395D61F0FF0110
:1045D0004B1C03D089B23019FFF7A2FF0234B4F5A7
:1045E000006FF2D1D1E700BF740E0020F8B585B29C
:1045F0006E1CB6B26B00720003F1006302F1006240
:1046000003F5783302F57832AC1CA4B2197810782F
:10461000620002F1006202F57832EF1CBFB213783B
:104620007A0002F1006202F578321B04127843EA44
:1046300000230B4353EA026311D000212846FFF701
:104640008BFF00213046FFF787FF00212046FFF750
:1046500083FF38460021BDE8F840FFF77DBFF8BD75
:104660000A4A5378C3F38001814210B50DD060F33C
:1046700082035370148811780420FFF76DFF210A1C
:104680002220BDE81040FFF767BF10BDD21F0020F9
:1046900010B540F25724A0B200210134FFF75CFFAF
:1046A000B4F5806FF7D110BD2DE9F84F174B0025F9
:1046B0004FF08C085F192E4619E03AF802BB2046ED
:1046C0004FEA1B21FFF748FF601C5FFA8BF180B2B5
:1046D00009F10109FFF740FF0234B9F10E0F0B4B4E
:1046E000A4B2EAD11C36B04507F11C0706D006F18A
:1046F0002704A4B2BA464FF00009DEE78C35B5F5C1
:104700000C7F08F18C08D5D1BDE8F88F009E000819
:1047100038B5054D1C24A0B215F8011B0134FFF774
:104720001BFF242CF7D138BD402000200A4A137803
:10473000990710D040B9012161F387031370074B2B
:1047400000221A70FFF7E4BF242801D92421F3E7DF
:1047500060F38703F2E7704740200020ED0D002052
:10476000054B1878C0F38500013810F0FF0008BF32
:104770002420FFF7DBBF00BF40200020044B187847
:1047800080080130252828BF0120FFF7CFBF00BFD8
:1047900040200020074B10B41C78A40706D05DF819
:1047A000044B58709970DA70FFF7B2BF5DF8044B94
:1047B000704700BF40200020044BDA789978587881
:1047C000103A22EAE272D2B2FFF7E4BF40200020A2
:1047D000054BDA78997858781032FF2A28BFFF22E3
:1047E000D2B2FFF7D7BF00BF40200020044B99781A
:1047F000DA785878103921EAE171C9B2FFF7CABFF7
:1048000040200020054B9978DA7858781031FF293C
:1048100028BFFF21C9B2FFF7BDBF00BF4020002065
:10482000034B5878DA789978083880B2FFF7B2BF2E
:1048300040200020034B5878DA7899780830FFF749
:10484000A9BF00BF40200020044A13791033FF2B7A
:1048500028BFFF231371FFF75BBF00BF402000207C
:10486000034A1379103B23EAE3731371FFF750BF38
:1048700040200020074B1A46312102F8011B06494F
:104880000888897891704FF67F729A80A3F80100AA
:10489000FFF73EBF402000209494000810B5042488
:1048A00040F6FF70FFF706FE052808D1C4EB445020
:1048B000C00200F1006000F58020FFF717FE013C08
:1048C000EED110BD10B5FFF7E9FFEA210020FFF798
:1048D00043FEFE210120FFF73FFE00210220FFF7EB
:1048E0003BFE002103200024FFF736FE1C4B21462F
:1048F00004201C60FFF730FE21462220FFF72CFE2B
:1049000021460520FFF728FE21460620FFF724FE5A
:10491000FF210720FFF720FE0820FFF767FE214652
:104920000D20FFF719FE1820FFF760FE2146172023
:10493000FFF712FE1C20FFF759FE21462020FFF74B
:104940000BFE21462120FFF707FE1820FFF74EFE41
:104950000F20FFF74BFEBDE810401320FFF746BEC7
:10496000EC1B002010B5FEF777FC0D4BDA78997838
:104970000A4318BF0B4A197980B218BF10805A79C0
:104980000A431CBF084A1080084A126832B102214B
:104990001970BDE8104093680148184710BD00BF6A
:1049A000222000200220002004200020601C002083
:1049B00010B50020FEF7A0FD0020FEF78DFD0A4B8C
:1049C00000241C70094B1C70FEF7C8FC084B1C60CF
:1049D0009C80084B1C70084B1C70084B1C70BDE879
:1049E0001040FFF7BFBF00BFE02000200D200020D7
:1049F00022200020292000202A200020282000201A
:104A0000064A136803F0060106290CBF43F00803A9
:104A100023F008031360FFF7CBBF00BF082000207E
:104A2000044901220B6802FA00F023EA00030B603C
:104A3000FFF7BEBF0820002010B50B4C94F90020F2
:104A400022EA000040B24107207002D1D2B2824275
:104A500003D1064B5B785B0705D5C0F3C700FFF7B2
:104A6000DFFF0023237010BD2B200020D21F002069
:104A7000044A012303FA00F0136818431060FFF79B
:104A800097BF00BF08200020364BF02893F9022082
:104A90000AD193F9031000290CDA0021D97052B918
:104AA000314A0021117006E0F1280DD193F903106D
:104AB0000029F2DC72B11A795B7913435AB2002BE8
:104AC0004FD12A4B1A707047F22806D1002AF1DA2A
:104AD00000229A7093F90320E1E7F32802D1002A1B
:104AE000F6DCE7E7F92893F9041004D10029E1DDA9
:104AF00000211971DEE7FA2802D10029DADAF7E796
:104B0000FB2893F9051004D10029D3DA002159714B
:104B1000D0E7FC2802D10029F8DCCBE700F10C013A
:104B2000C9B2042907D8F43801218140587820EA15
:104B300001005870BEE7FD2805D10D48017821F02D
:104B400001010170B6E7FE2804D10948017821F07F
:104B50000201F6E7FF28ADD10548017821F00401F4
:104B6000EFE7704722200020292000202A20002083
:104B70002820002008B50146A8B3031FDBB2A02BF4
:104B800006D81948FEF788FBBDE80840FEF7E6BBEB
:104B900000F12003DBB2072B09D8144B00F007010A
:104BA00001208840197821EA00011970ECE700F132
:104BB0005B03DBB2022B04D8BDE808400020FEF7FF
:104BC0009BBC00F15803DBB2162B04D8BDE80840AB
:104BD0000020FEF781BCEF2805D9FFF755FFBDE89F
:104BE0000840FFF7BFBE08BDA417002038200020F2
:104BF0000F4B1B78D90710D49A0710D45B0712D437
:104C00000C4B1B786BB1272B0DD8DB002822B3FB94
:104C1000F2F398B24BB1C0B270470220FBE7042018
:104C2000F9E70120F7E70820F5E70120704700BF0A
:104C3000282000202A2000200E4B1B78D90711D4F1
:104C40009A0711D45B0711D40B4B1B7883B1132B3C
:104C50004FF0320004D813FB00F31420B3FBF0F044
:104C6000C0B270470C20FBE71920F9E73220F7E7C4
:104C70000520F5E72820002029200020F02808B58D
:104C800005D1FFF7D9FF4042294BD87008BDF12864
:104C900002D1FFF7D1FFF7E7F22805D1FFF7CCFFEC
:104CA0004042234B9870F1E7F32802D1FFF7C4FF8D
:104CB000F7E7F92804D1FFF79BFF1D4B1871E5E7D3
:104CC000FA2803D1FFF794FF4042F6E7FB2805D10D
:104CD000FFF78EFF4042164B5871D7E7FC2802D1F0
:104CE000FFF786FFF7E700F10C03DBB2042B08D8CF
:104CF0000F4A0123F43803FA00F053781843507038
:104D0000C4E7FD2805D10B4A137843F00103137063
:104D1000BCE7FE2804D1074A137843F00203F6E704
:104D2000FF28B3D1034A137843F00403EFE700BF31
:104D3000222000202820002010B5044600285AD048
:104D4000031FDBB2A02B29D82B4B1B78ABB12B4B0D
:104D500093F90030002B10DA294B03EBD00300F05D
:104D600007019A7801238B401A420FD0244821462C
:104D7000FEF792FAFEF7F2FA08E0224A002312F850
:104D8000011B8C42F2D00133062BF8D11C4821467E
:104D9000FEF7AAFABDE81040FEF7E0BA00F12003E2
:104DA000DBB2072B08D8184B00F007001978012454
:104DB00084400C431C70EDE700F15B03DBB2022B77
:104DC00005D82438BDE8104080B2FEF795BB00F14D
:104DD0005803DBB2162B06D80C4ABDE8104032F857
:104DE0001300FEF779BBEF2805D9FFF747FFBDE8B1
:104DF0001040FFF7B7BD10BDE00D0020D21F00200E
:104E0000A4170020A6170020382000203C97000897
:104E1000294B1A78510707D500F01801082927D126
:104E200000F0F70040F00400110707D500F018016A
:104E3000182926D100F0E70040F014005B78D9076C
:104E400007D500F01801082924D100F0F70040F040
:104E50000100990707D500F01803182B23D100F0A3
:104E6000E70040F01100D30648BF00F0E7007047AC
:104E700000F01401042904BF00F0FB0040F008001A
:104E8000D2E700F01401142904BF00F0EB0040F059
:104E90001800D3E700F01101012904BF00F0FE0063
:104EA00040F00800D5E700F01103112B04BF00F01B
:104EB000EE0040F01800D6E7D21F002013B5ADF881
:104EC00004100199FEF745FBE728044600F28680AE
:104ED000DF280ED8312873D015D8292869D02A2880
:104EE00075D0012C51D0231F9BB2A12B28BF0024C9
:104EF0004BE0A0F1E003072B73D8DFE803F0187252
:104F0000282D3872424939280BD0822809D03528FB
:104F100048D0A72C6FD8A42CE3D9243C44F4804477
:104F20008CE07C4B1B789807F3D0E0242DE0794A85
:104F30001378D90700F1E880527812F0010F24D0DD
:104F400013F0100F08BFE32418BF00241DE0714BBD
:104F50001B7813F0040FF2E76E4A1378580700F13C
:104F6000D5805278D107E0D413F0100FECE7694BED
:104F70005A78920709D51B7813F0100F08BFE72461
:104F8000E2E7644B1B781807F6D4204602B010BD48
:104F9000604A1378190700F1BB8052789207E3D575
:104FA000E424F2E75B4B1B7813F0200F18BF292491
:104FB000EBE7584B1B7813F0200F18BF3524E4E7BC
:104FC000544B1B7813F0400F18BF2A24DDE7514BD8
:104FD0001B7813F0400F18BF3124D6E7B0F5A44F6B
:104FE0002ED2B4F5A24F76D2FF2C0BD8EF2C90D94D
:104FF00044F4A04422E0BE2C60D9A4F1E1039BB2AA
:10500000072B73E7B4F5A04F0AD2B4F5804F5DD2F9
:10501000A4F580739BB2B3F5F85F0FD30024B4E717
:10502000C4F38103C4F3011204F003005B01012403
:1050300043EA022384401C4344F40C44A4B2A4E792
:10504000B0F5AC4F1AD2B0F5AA4FC0B249D2B4F500
:10505000A84F0ED28308B4F5A64F00F003004FF01E
:10506000010404FA00F040EA4314E5D344F40A448E
:10507000E4E74AF2F40444EA002486E7B0F5B44FCA
:105080000CD2B0F5B24F34D2A0F5B0439BB2FF2B97
:10509000C4D84AF2F00040EA0424CFE7A0F5C043A8
:1050A0009BB2B3F5005FB9D2C0F30420FFF7B0FEA6
:1050B000000200F4F850E4B2044317E05834164BF1
:1050C000E4B233F8144044F488445EE7C4F30B04BC
:1050D00044F4204459E7E4B24AF2F10343EA0424D9
:1050E00053E7FFF795FE000200F4F85444F400542F
:1050F0004BE700F00F00FFF78BFEC4F3031440EA08
:10510000042444F4104499E739243EE7E2243CE7C0
:10511000E6243AE7D21F00203C9700080D4B73B5F8
:105120001E680D4BADF804001B681F241E4326FAB1
:1051300004F3DB07E5B205D4013CF8D2002528468C
:1051400002B070BD01992846FFF7B8FE80B2012871
:10515000F2D0F4E708200020EC1B002007B5ADF8E2
:1051600004000198FFF7DAFF019903B05DF804EB42
:10517000FFF7A4BE07B5ADF804000198FFF7EEFFF6
:10518000C3B2C0F30322C0F3033002380D281DD888
:10519000DFE800F007071C1C161C1C1C07071A1C64
:1051A0001C1AF02B14D006D8E72B8CBF002001204E
:1051B00003B05DF804FBF42B14BF00200120F7E7D7
:1051C000E72B05D9F12BF7E7D008F1E70020EFE74F
:1051D0000120EDE713B502AB03E903009DF80230AF
:1051E000009873B16AB1FFF799FF04460146009831
:1051F000FEF728F90099204602B0BDE81040FEF7FE
:10520000A8B9FEF7FFF80446F4E700000B4604498E
:10521000022208704B706020642304F001B900BFC3
:10522000CC0D0020F0B5154C0122D4F800C082400E
:1052300012EA0C0520D1431C114E44F8335004EB04
:10524000C30306EB001107010E48586042EA0C0246
:105250000D4B22605A694C7BF05942F001025A61B1
:105260005B694B681A6822F00F021A600E22A24096
:1052700042601D600846F0BD0021FBE7F81B0020DE
:1052800014990008E42000200010024070B500EBE3
:10529000810305465069DA600E46144618B114229F
:1052A0000021FBF7F9F9A06918B114220021FBF7DE
:1052B000F3F931462846BDE87040FCF70BBF00000B
:1052C00037B5052952D8DFE801F05651035653741B
:1052D000202383F31188424C424A01900121FFF7B9
:1052E000D5FF414A01980421FFF7D0FF94F8B4108C
:1052F000019804F14402FFF7C9FF94F8B510019832
:1053000004F16802FFF7C2FF94F8B610019819B1D2
:1053100004F18C02FFF7BAFFD4F8043133480025BA
:105320006FF00101C4E93C33C4E94255C4F8EC50C4
:10533000FDF71AFAD4F83831C4F82431D4F83C31E6
:105340002B4884F8E8506FF00101C4E94A33C4E9FE
:105350005055FDF709FA0121264884F82051FDF740
:10536000DDF92548FDF74CFD85F3118803B030BD0C
:105370000420FDF7FBFE202383F31188184C022143
:1053800004F1D800FDF7CAF9012504F1E0006FF03F
:10539000010184F8E850FDF7E7F96FF0010104F529
:1053A0008C7084F82051FDF7DFF9002383F3118816
:1053B000DCE7202383F31188094C012104F1D80094
:1053C000FDF7ACF9002384F8E83084F8203183F34A
:1053D0001188052003B0BDE83040FDF7C7BE00BF0F
:1053E000780C0020DC9D0008C4A00008580D0020A7
:1053F000900D0020500D00204C0D002073B520238F
:1054000083F311882B4CD4F850311A681178042991
:105410004AD194F8DC10022946D119791289012366
:105420008B40134240D1D4E94A3293423CD1D4F864
:105430002421002A38D0D4F84021002A34D0043A5C
:10544000D21A31D01A60D4F824211B48013AC4F88A
:105450002421D4F834211344D4F83021C4F828315D
:10546000934224BFD4F83C31C4F82831002601A966
:10547000C4F84061FDF7CDF8D4F850311A7E0546E6
:1054800052B101981A693146121A2844FBF704F9FF
:10549000D4F850311B690193D4F85001019B017974
:1054A00000682A46FCF784FF002383F3118802B0CA
:1054B00070BD00BF780C0020900D0020094A1278C2
:1054C000831C4AB1084A92F90020002A04DA1E22FD
:1054D00000211846FBF7E0B80022C0F802209A80AD
:1054E000704700BFE00D0020D21F002008B5054B1B
:1054F000054800221A70FFF7E1FFBDE80840FFF7FA
:1055000057BA00BF38200020A41700202DE9F84327
:10551000284D2B78002B3DD0C521FE20FFF776FECD
:105520000021FD20DFF89880DFF89890FFF76EFEED
:1055300000244746B422B4FBF2F302FB13431E4A95
:1055400088F8003009EB040303F11001164653F804
:10555000040B42F8040B8B42F9D11B88138041469F
:1055600064231322602003F05BFF98B91234B4F572
:10557000AB7F13D1A2233B70104B11491A68C7F8B7
:1055800001205A681B7A726033720A2264236020F9
:1055900003F046FF00232B70BDE8F883B42CC9D17B
:1055A000C521FE20FFF732FE0121FD20FFF72EFE70
:1055B000C0E700BF1A1E0020CD0D0020111E0020E4
:1055C000CC0D0020BB1C00200D4B996910B481F854
:1055D0002000186802681A6053600122986180F800
:1055E0002020EFF30982CC69643A944203D972B661
:1055F000044ADA62FEE75DF8044BFAF7B1BE00BF79
:10560000E41900200096000830B54B1C0B4D87B004
:10561000044610D0AB690A4A01A8FDF7F5FA204606
:10562000FFF7D2FF049B13B101A8FDF7B5FAAB69F0
:10563000586A07B030BDFFF7C7FFF8E7E41900204C
:10564000512B000870B5114E04460D46E3683BB17E
:1056500023691A1DA262E2691344E36200200EE08E
:10566000237A6BB97DB1B36962681C605A602946C0
:10567000136004206360FFF7C7FF0028E6DA70BDFF
:105680006FF00100FBE74FF0FF30F8E7E41900206E
:105690002DE9F84F04460D4691469A464FF02008F2
:1056A00088F311880026B346A76A4FB951462046B1
:1056B000FFF7C8FF20B187F311883046BDE8F88FA7
:1056C000D4E90A073A1AA9EB0607974228BF1746FA
:1056D000402F1BD905F1400355F8042B40F8042B4B
:1056E0009D42F9D1A36A4033A3624036D4E90A232C
:1056F0009A4204D3E16920460439FCF777FF8BF323
:1057000011884E45D9D288F31188CDE729463A460B
:10571000FCF796FAA36A3B443D44A3623E44E5E7A6
:105720004430FFF7B5BF4FF0FF334430FFF7B0BF51
:1057300070B520230D460446114683F31188866A0E
:105740002EB9FFF77FFF10B186F3118870BDA36AF1
:105750001D70A36AE26A01339342A36204D3E16934
:1057600020460439FCF742FF002080F31188EDE762
:105770004430FFF7DDBF4FF0FF324430FFF7D8BFB2
:1057800070B5114E04460D46E3683BB16269131DC6
:105790001268A3621344E36200200EE0237A6BB91F
:1057A0007DB1B36962681C605A60294613600420A9
:1057B0006360FFF729FF0028E6DA70BD6FF0010093
:1057C000FBE74FF0FF30F8E7E41900202DE9F84F30
:1057D00004460E4690469946202787F311880025F7
:1057E000AA46D4F828B0BBF1000F09D1494620469B
:1057F000FFF7C6FF20B18BF311882846BDE8F88F6C
:10580000D4E90A12A8EB050B521A934528BF934618
:10581000BBF1400F1BD9334601F1400251F8040B94
:1058200043F8040B9142F9D1A36A40334036A36296
:105830004035D4E90A239A4202D32046FCF7F6FE0B
:105840008AF311884545D8D287F31188C9E73046D5
:105850005A46FCF7F5F9A36A5B445E44A3625D44D3
:10586000E7E70C30FFF7B2BF4FF0FF330C30FFF724
:10587000ADBF70B52023044683F31188866A3EB914
:10588000FFF77EFF054618B186F31188284670BDE4
:10589000A36AE26A13F8015BA362934202D3204633
:1058A000FCF7C4FE002383F31188EFE70C30FFF709
:1058B000E0BF4FF0FF310C30FFF7DBBF054B9B69BA
:1058C00021B1036058620320FFF79EBE4FF0FF3006
:1058D000704700BFE419002007B52023024683F378
:1058E00011880F4B1978042905D0002383F3118800
:1058F00003B05DF804FB1989C9060AD5DB6901907C
:1059000058694FF47A710C30FFF7D8FF0130019AD3
:10591000EBD0034806230421FCF74AFDE5E700BF6E
:105920001C17002070B52023044683F31188204DF6
:105930002B78042B2E4625D11E4A2B8992F9002064
:10594000002A23DA1C4A127802B3DA0610D4202384
:10595000224604211648FCF72BFD184B224604F181
:10596000200152F8040B43F8040B8A42F9D109E0F4
:10597000EB6958694FF0FF310C30FFF79FFF2B7830
:10598000042BE4D0002383F3118870BD9B0703D45C
:10599000082322460121DDE7336958694FF0FF31C2
:1059A0000C30FFF78BFF3378042BEBD1F0E700BF0F
:1059B0001C170020D21F0020E00D0020B11F002086
:1059C00037B50446FAF7EAFE0546FAF7E7FE0B4B51
:1059D0008DF80050DB788DF802308DF801000098CA
:1059E000FEF718FAC0F30743C2B2C0F307212046FE
:1059F00003B0BDE83040FEF785B800BF402000206E
:105A0000164BF7B55F789E78DD780446FAF7C6FE48
:105A10004FF4B471024607F1B400B0FBF1F301FB9F
:105A20001303DB1B48BF033302F0030243F38F036E
:105A300003FB02738DF800308DF801608DF8025081
:105A40000098FEF7E7F9C0F30743C2B2C0F307219D
:105A5000204603B0BDE8F040FEF754B840200020D7
:105A60002DE9F04F994D8BB02C68FDF7F5FB0646FC
:105A7000071BFDF7F1FB964A286092F800E004F559
:105A80007F430025FF337146AC469B1BECB2A64515
:105A90001AD8BCF1000F00D011708E4B1B7833BBAD
:105AA0008D4B1B7813F00302009201D09B080093EA
:105AB0008A4A01921378032B00F24382DFE813F045
:105AC00019002D005603630305F10C0402EB440496
:105AD0000135B4F80160B34237BF01F1FF31F61967
:105AE000C9B24FF0010C28BFA4F80160CEE7002333
:105AF000DDE77B4B00221A707A4B7B4A1860744BAF
:105B000003F1280153F8040B42F8040B8B42F9D13E
:105B10001B7813700123019A12E2744B009A1B78D0
:105B20006D4E93423DD1724A3378127803F00303ED
:105B30009B1A18BF01236A4D6A78AB7073799A4239
:105B400005D00022114610466B70FDF7D9FF009B6F
:105B5000242B2AD8DFE813F0270031006800D20098
:105B60000D014901940198019A019F01A101A5012C
:105B7000A701A901AB01AD01AF01B101B301B501AD
:105B8000B701BB01BD01BF0112025602A602A80265
:105B9000AA02AE02B002EC02F102F802FA0201031C
:105BA00003030123C7E7AB780BB90024BCE1002253
:105BB00011461046FDF7A4FFF7E795F800A04D4BFE
:105BC000DFF834911A889B78ADF824204FEA8A0ACE
:105BD0005FFA8AFA0AF10404E4B28DF82630402C08
:105BE0000998274628BF4027FEF714F95FFA80F886
:105BF000C0F30721C0F307465FFA8AF39F4204D837
:105C00003F2C8CBF002401248EE109EB0A0393F89A
:105C1000C6206B781A4204D0334642465046FDF700
:105C200071FF0AF1010AE7E795F800B096F803A0C2
:105C300096F801908DF824904FEA8B0B5FFA8BFB5E
:105C40000BF10400C4B2402C234628BF402302932A
:105C5000B3788DF825308DF826A009980393FEF7C8
:105C6000D9F832798DF826A0C3B2914407EE903A64
:105C7000039B8DF824908DF82530C0F30728C0F3DE
:105C800007470998FEF7C6F85FFA80F9C0F3072ABC
:105C9000C0F30746029A5FFA8BF39A42B0D9164BCB
:105CA0006A785B4493F8C63013420CD0DB0751BFCF
:105CB00017EE902A33464A4651465CBF3B46414662
:105CC0005846FDF71FFF0BF1010BE3E748200020CA
:105CD000D61F00209520002040200020ED0D002040
:105CE000E80D00201C1E0020921C0020EB0D00205F
:105CF000EC0D002041200020289C00082F7896F809
:105D0000048096F802B096F803A0DFF8C093BF00B5
:105D1000FFB2381DC4B2402C234628BF4023029353
:105D20004FEA9808029AFBB29A427FF669AF09EBF4
:105D3000070393F8C6206B781A4218D009EB470383
:105D4000727893F847308DF825B01B0903FB0823C0
:105D50008DF824308DF826A00998FEF75BF8C0F383
:105D60000743C2B2C0F307213846FDF7CBFE013727
:105D7000D8E72F7896F8048096F802B096F803A03A
:105D8000DFF84893BF00FFB2381DC4B2402C234651
:105D900028BF402302934FEA9808029AFBB29A4226
:105DA0007FF62EAF09EB070393F8C6206B781A42F3
:105DB00019D009EB47038DF825B093F846308DF8DC
:105DC00026A008FB03F2737803EB52138DF82430FE
:105DD0000998FEF71FF8C0F30743C2B2C0F30721CA
:105DE0003846FDF78FFE0137D7E72F78B64B96F888
:105DF00003901B8896F802A096F801B0BF00FFB28E
:105E0000381DC4B23079C0085843402CC0F3072075
:105E1000A04628BF4FF04008FDF75EFFA0F18003C9
:105E20005BB2002BBCBFC0F1800043B25B00DBB2B1
:105E300013FB09F31B128DF821A08DF820B08DF80B
:105E400022300898FDF7E6FFBA46A04F5FFA80F9C6
:105E5000C0F30721C0F307465FFA8AF398457FF63F
:105E6000CFAE07EB0A0393F8C6206B781A4204D032
:105E700033464A465046FDF745FE0AF1010AEBE774
:105E80009348FEF70BF904E09248FAE79248FEF7D0
:105E900097F8044648E09148F9E79148FEF716F86C
:105EA000F7E79048FAE79048EBE79048E9E7904831
:105EB000E7E79048E5E79048F0E79048E7E7904843
:105EC000E5E79048EAE79048FEF744F9E1E78F48B4
:105ED000FAE78F48F8E7AC78002C35D133797A4A65
:105EE00010331288FF2B28BFFF235343C3F30F2324
:105EF0000A21B3FBF1F201FB12339BB2002B7FF4BA
:105F000054AEFAF74BFC434203F03F0300F03F006E
:105F100058BF58426D4B6A78034493F8C6301A4212
:105F20003FF443AEFFF76CFD2B7801332B7044B97F
:105F3000019A02231370AB781BB9009B0BB90323A2
:105F400013700BB0BDE8F08F2E78DFF88081B600BB
:105F5000F6B2341DE4B2402C274628BF4027BE428B
:105F6000BFF64EAE08EB06036A7893F8C6301A42C5
:105F700002D03046FFF744FD0136F0E7AC783CBB79
:105F80003379514A10331288FF2B28BFFF23534324
:105F9000C3F30F230522B3FBF2F202EB82029B1A3A
:105FA0009BB2002B7FF401AEFAF7F8FB434203F0FB
:105FB0003F0300F03F0058BF5842444B6A78034407
:105FC00093F8C6301A423FF4F0ADFFF7F9FCABE7A7
:105FD0002E78DFF8F880B600F6B2341DE4B2402C1B
:105FE000274628BF4027BE42BFF60AAE08EB06038D
:105FF0006A7893F8C6301A4202D03046FFF7E0FCC8
:106000000136F0E7434B2F781A889B788DF82230C1
:106010002D4B30791B88ADF82020BF00FFB23C1D0E
:10602000C0085843E4B2402CC0F30720A04628BF64
:106030004FF04008FDF750FEA0F180035BB2002B4B
:10604000BCBFC0F1800043B25B0096F801901F4EC8
:1060500003F0FE0303EB430309EB93138DF82030A9
:106060000898FDF7D7FEC0F307238DF82400C0F38E
:1060700007408DF825308DF82600FBB298457FF655
:10608000BFADF31993F8C6206B781A4208D09DF87B
:1060900026309DF824209DF825103846FDF732FD66
:1060A0000137EAE71C48ECE61C48EAE61C48FEF724
:1060B000C7F8EEE61B48FAE71B4B1C491878013875
:1060C00020EAE070C0B235E01C1E0020289C0008C9
:1060D000A53A0008493A00088F3C0008473C0008F0
:1060E000013C0008BB3B0008213A0008E9390008E0
:1060F000B13900085D39000829390008CB3D000896
:106100008B3B0008553B0008D93800088938000847
:1061100029380008412000201D3D0008DD37000817
:10612000A737000873370008921C00202B3700089F
:106130001A490020FEF700F9ABE6194B1949187807
:10614000013820EAE070BDE71649F2E7144B164922
:106150001878013820EAE070B4E71349E9E7104BFA
:1061600012491878013820EAE070ABE7104B009A2A
:106170001A70104B104A1B78C3F301031370FFF71A
:10618000C5F90323C7E40D4B1C68FDF765F8001B38
:1061900019287FF6D6AE0023BDE400BF2B370008D8
:1061A000921C0020B936000841360008FB35000873
:1061B000EB0D002040200020EC0D00201C1E0020D4
:1061C000FEE70120704708B5FAF760FA0123036083
:1061D0004FF0FF3008BD0120704708B5134600217D
:1061E00058221846FAF758FA4FF40052426000203D
:1061F00008BD000010B50346202282F311880B4C25
:1062000020686268014491424FF0000206D982F38F
:1062100011880C221A604FF0FF3006E08842F6D851
:10622000216082F311880028F3D010BDC01B00202C
:1062300000207047184670470020704716230360FF
:106240004FF0FF30704700002DE9F84FB04B5C6C09
:10625000660534D5AF4D6FF480625A640026022281
:106260002A70EE67AE6005F10C0808274FF0200990
:1062700058F8043BABB189F3118858F8043C5869CD
:1062800020B16FF001010C30FCF77CFA58F8043CA7
:10629000986920B16FF001010C30FCF773FA86F3B6
:1062A0001188013F48F8046CE2D185F86470FBF76F
:1062B00083FF6B681B6813B19648394698472505DC
:1062C00014D4E00448D4A20508D592484368DB689A
:1062D00003B198478E4B6FF400725A648D4D8E4E09
:1062E00023044FD4BDE8F84FFCF7B2B9884B894D71
:1062F0001A6C42F008021A646FF400625A642B7838
:1063000085F8803005232B706B681B6813B104215E
:10631000284698470026AE60804D08274FF0200899
:1063200055F8043BABB188F3118855F8043C586923
:1063300020B16FF001010C30FCF724FA55F8043C51
:10634000986920B16FF001010C30FCF71BFA86F35D
:106350001188013FE4D1B4E76D4B9A6C11040CD461
:106360001A6C6C4822F008021A6490F880300370AE
:1063700043681B680BB105219847654B6FF4805249
:106380005A64A0E704F00F04A70007F1804707F55F
:10639000B84704F10209D7F800A005EB89031AF009
:1063A000800FD3F8048025D03B68D8F81400334020
:1063B0004268016943F400433B6003680A449B1A46
:1063C00042602DD0B8F810209A4228BF1A46836840
:1063D0000261194481602046FBF730FF3B6823F4DB
:1063E000F04323F0400383F0300343F4004343F0D1
:1063F00080033B601AF4004F0FD03B68334043F0FA
:1064000080031AF4006F3B60E1B225D005EB8909E7
:106410002846D9F804305B6898473D4B5C6C5FE7D1
:10642000012303FA04F22B8923EA02032B81D8F813
:10643000083013B1214628469847202383F311885A
:1064400005EB890300215B6858690C30FCF79AF969
:10645000002383F31188CDE72D4BD8F818201B6D4E
:10646000D2F808C003F1804303F5C04303EB0410E6
:10647000E1468368D0F80CE003F10053CEF3090045
:10648000CEF3480E03F540534FEA8E0A0AEB430A57
:106490005B00534509F1020942D16FF0010909FB84
:1064A0000E09B9F1000F02D01B680CF81E3093687A
:1064B0000344936053680344536013681B1A1360CA
:1064C000138A013B9BB21382B8F81220824200D893
:1064D0007BBB012303FA04F26B89023423EA020333
:1064E0006B8105EB84035B68DB680BB1284698473A
:1064F000202383F3118805EB84046368986941685D
:106500000C30FCF73FF9002383F3118885E700BFC7
:10651000005C00401C1700200F07FFFF2817002019
:1065200053F804BB09F802BC4FEA1B2B09F801BC65
:10653000AFE73B6823F4904323F0700383F44053A8
:1065400043F4004343F080033B6066E708B503482B
:10655000FBF790FEBDE80840FCF77AB8D0160020A3
:1065600008B50348FBF786FEBDE80840FCF770B8A5
:10657000B416002008B50348FBF7AAFEBDE80840A2
:10658000FCF766B8A416002008B50348FBF7A0FE88
:10659000BDE80840FCF75CB89416002008B5034835
:1065A000FBF796FEBDE80840FCF752B884160020C1
:1065B0004FF080422DE9F8431369D1680B40D9B2FE
:1065C000C9439B0711613FD5202383F31188204CD9
:1065D0004FF00008E36904F11C06C1464FF080400B
:1065E000A16A426A9F68551ABD421CD30746996842
:1065F000A26A0A44A2621A68B2425660A5EB01057B
:10660000E261D968C3F80C8008BFC7F80C8089F331
:10661000118818698847202383F31188E3699A68F1
:106620009542E4D2DAE7E569B5420AD0A262AC68E5
:106630002144891AA9609B68022B2CBFD218023210
:106640004263002383F31188BDE8F843FCF700B8E8
:10665000E419002038B5234B196B8A6902F47C5089
:10666000C861D96A4C68206820F00F002060487B20
:106670000C680E2101FA00F06060986A45682C6889
:1066800024F00F042C600468407B81406160D405D5
:1066900042BF996841F001019960900542BF996835
:1066A00041F002019960510542BF996841F008012B
:1066B0009960D20499680ED541F020019960202399
:1066C00083F3118808486FF00101FCF75BF80023A1
:1066D00083F3118801E00029F1D1BDE83840FBF7D0
:1066E000B7BF00BFE4200020002100203F4838B59C
:1066F000046BA36903F0FE02D906E2612DD5C36ADB
:1067000059680A6822F00F020A605A7B19680E2342
:1067100003FA02F24A60826A5568296821F00F0183
:1067200029601168527B93404B60836843F00403F7
:106730008360636843F480436360236823F0460307
:106740002360202383F311886FF001011C30FCF7D4
:1067500019F8002383F3118806E01A060BD5037895
:10676000032B05D1FBF7CEFDBDE83840FBF770BF2A
:10677000FBF7E2FDF8E75B06F6D50178836A0329AB
:106780005A681BD1C36A5D68296821F00F0129602E
:106790005D7B19680E23AB404B605368BBB1FBF7C0
:1067A000CBFD836A5A68136843F001031360636882
:1067B00043F40053636004230370D5E7116821F0AC
:1067C0000F011160597B1A680E238B405360636878
:1067D00043F480436360236823F040032360202355
:1067E00083F3118802480021B1E700BFE4200020B4
:1067F000002100202DE9F74FC2F3C31302F0030A72
:10680000C2F38009C2F3C108C2F3411E0193574687
:1068100000224FF00F0BCB0737D5019C02F0070386
:106820009B0004FA03FC01254468954024EA050412
:1068300044EA0904446085680324560004FA06F615
:1068400025EA060545EA08058560C56825EA0605C6
:1068500045EA0E050BFA03F3BAF1020F6FEA0604DC
:10686000C5606FEA03031BD1072A95BF056A456A15
:106870002B402B4095BF43EA0C0343EA0C03036211
:10688000436203681C403C43046049081AD04FEA45
:1068900049094FEA88084FEA8E0EBF000132BAE775
:1068A00005682C403C43072A046095BF046A446A8B
:1068B0002340234095BF43EA0C0343EA0C030362E1
:1068C0004362E2E703B0BDE8F08F08B5202282F30F
:1068D0001188012100F00F03994020F00F00FFF70D
:1068E00089FF002383F3118808BD000008B5034821
:1068F000FBF73EFDBDE80840FBF7AABEC4990008BF
:1069000008B50348FBF734FDBDE80840FBF7A0BE1F
:10691000B499000808B50348FBF72AFDBDE8084014
:10692000FBF796BEA499000808B50348FBF720FDC5
:10693000BDE80840FBF78CBE9499000808B50348F1
:10694000FBF716FDBDE80840FBF782BE84990008FE
:1069500008B50348FBF70CFDBDE80840FBF778BE1F
:106960007499000808B50348FBF702FDBDE808402C
:10697000FBF76EBE6499000808B50348FBF7F8FC06
:10698000BDE80840FBF764BE5499000808B5034809
:10699000FBF7EEFCBDE80840FBF75ABE449900083F
:1069A00008B50348FBF7E4FCBDE80840FBF750BE20
:1069B0003499000808B50348FBF7DAFCBDE8084045
:1069C000FBF746BE2499000808B50348FBF7D0FC46
:1069D000BDE80840FBF73CBE14990008FBF738BE41
:1069E000FBF736BEFBF734BE08B50348FBF770FC77
:1069F000BDE80840FBF72CBE741600203E4B10B5D6
:106A00005A691C68144004F47C425A61620510D52E
:106A10003A4AD2F8A83013B1D2F8AC0098472023F4
:106A200083F3118836480021FBF79EFE002383F391
:106A30001188230510D5314AD2F8B83013B1D2F8F5
:106A4000BC009847202383F311882E480021FBF7D0
:106A50008BFE002383F31188E00410D5274AD2F877
:106A6000C83013B1D2F8CC009847202383F31188A3
:106A700025480021FBF778FE002383F31188A10449
:106A800010D51E4AD2F8D83013B1D2F8DC0098479E
:106A9000202383F311881D480021FBF765FE0023A6
:106AA00083F31188620410D5144AD2F8E83013B188
:106AB000D2F8EC009847202383F311881448002172
:106AC000FBF752FE002383F31188230410D50B4AF1
:106AD000D2F8F83013B1D2F8FC009847202383F3A2
:106AE00011880C480021FBF73FFE002383F3118837
:106AF000BDE81040FBF7ACBD00040140E4180020E5
:106B00008419002094190020A4190020B419002031
:106B1000C4190020D4190020324B10B55A691C68E2
:106B2000144004F478725A61A3060ED52E4A936D70
:106B30000BB1D06D9847202383F311882B48002197
:106B4000FBF712FE002383F3118860060ED5264A58
:106B5000936E0BB1D06E9847202383F3118824489D
:106B60000021FBF701FE002383F3118821060ED5D7
:106B70001D4A936F0BB1D06F9847202383F3118880
:106B80001C480021FBF7F0FD002383F31188E20588
:106B900010D5154AD2F8883013B1D2F88C00984736
:106BA000202383F3118814480021FBF7DDFD002327
:106BB00083F31188A30510D50B4AD2F8983013B18E
:106BC000D2F89C009847202383F311880B480021BA
:106BD000FBF7CAFD002383F31188BDE81040FBF7E3
:106BE00037BD00BF00040140E41800203419002024
:106BF0004419002054190020641900207419002041
:106C00000D4A08B5516913680B4003F01003536136
:106C100073B10A4A936C0BB1D06C9847202383F36D
:106C2000118807480021FBF79FFD002383F311889B
:106C3000BDE80840FBF70CBD00040140E41800204B
:106C4000241900200D4A08B5516913680B4003F060
:106C50000803536173B10A4A936B0BB1D06B984729
:106C6000202383F3118807480021FBF77DFD0023D3
:106C700083F31188BDE80840FBF7EABC000401403B
:106C8000E4180020141900200D4A08B55169136852
:106C90000B4003F00403536173B10A4A936A0BB1CA
:106CA000D06A9847202383F3118807480021FBF717
:106CB0005BFD002383F31188BDE80840FBF7C8BCE7
:106CC00000040140E4180020041900200D4A08B512
:106CD000516913680B4003F00203536173B10A4A10
:106CE00093690BB1D0699847202383F31188074833
:106CF0000021FBF739FD002383F31188BDE808402C
:106D0000FBF7A6BC00040140E4180020F4180020A2
:106D10000D4A08B5516913680B4003F00103536134
:106D200073B10A4A93680BB1D0689847202383F364
:106D3000118806480021FBF717FD002383F3118813
:106D4000BDE80840FBF784BC00040140E4180020C3
:106D5000F8B59C460446202686F3118800200325BA
:106D60002570A060256B80F31188E76A636A7F68ED
:106D70003B60A36AFA605B68226AC7F804C01A60C5
:106D8000069ADA60079A5A604FF0804341F2873CD6
:106D90005F6A86F31188AA69120406D55A6AD21B63
:106DA00062453BD880F31188F3E76268236B9268F1
:106DB000120558BF490059602046FBF7A3FAE36A61
:106DC00008995A68136843F0010313602B6843F075
:106DD00040032B606B6843F400536B6004F11C00AC
:106DE000FEF76CFD431C21D16B6843F480436B605C
:106DF000A36A59680A6822F00F020A605A7B196870
:106E00000E2303FA02F24A60E26A5068016821F038
:106E10000F0101601168527B93404B600523237082
:106E20004FF0FF30002383F31188F8BD0223237055
:106E3000F8E7000070B52023044683F31188056B42
:106E400041602B6823F001032B600678012E33D1BB
:106E50008A239A22C0E90832264B98422CD1264B2D
:106E60001A6942F400121A611A6922F400121A61B6
:106E70001A69DA6942F40012DA610620DB69FEF76A
:106E8000D1F9A0620520FEF7CDF9236AE06243F450
:106E900080532362636A43F480536362174BA022DA
:106EA0004FF0004183F81F23C3F88011196083F865
:106EB0002023C3F884615E60A36A5B6805F1240245
:106EC0009A60E36A5B6805F128029A606268536819
:106ED00043F4404343F090032B6013682B612B680D
:106EE00043F001032B6002232370002383F31188F6
:106EF00070BD00BFE42000200010024000E100E06F
:106F0000EFF3098305494A6822F001024A606833B9
:106F100083F30988002383F31188704730EF00E082
:106F200008B50146202383F311880820FEF76CFB87
:106F3000002383F3118808BD38B5392805460CBFF6
:106F400050240024FDF7F8FE24B92846BDE8384057
:106F5000FDF710BE6420013CFFF7E2FFA4B2F3E7A7
:106F60002DE9F041164682781F460C46234B6AB144
:106F70001970FCF771F9224B04F007041880012006
:106F8000A040C0B2BDE8F041FCF79CBA1D788D422C
:106F90002DD11B4BB3F80080FCF75EF9A0EB080085
:106FA00080B2C72823D806F12004B542E4B210D03D
:106FB00005F00700012505FA00F0C0B2FCF776FAEB
:106FC000072C06D806F0070005FA00F0C0B2FCF75F
:106FD00079FA3846FFF7B0FF072C0DD806F0070600
:106FE0000120B040BDE8F041C0B2FCF75FBA04F048
:106FF00007040120A040F5E7BDE8F0814C20002007
:107000004E2000202DE9F04F8188038885B004468A
:10701000ADF80C30002900F00C85BDF80C204FF6BF
:10702000FF739A4200F0058500680122FEF7D2F84E
:10703000A1780346002900F0E184A0F5BE42123A8F
:1070400092B20F2A00F28A84A74A12780ABBA0F1F2
:107050001203DBB240F2572653BBDFF8B0A2039312
:107060003046731CFBF727FF00228DF80C008DF8CB
:107070000D2070B1421E022A25D88DF80D00012284
:1070800018468DF80C20FBF716FF02368DF80E001F
:10709000D0B9964B1B785E0700F0CB84A378002B09
:1070A00000F0C784022005B0BDE8F04FFDF7C4BC76
:1070B000B6F5806FEDD03046FBF7FDFE08B9013B19
:1070C000DBB20136C8E71E4603AD2B78002BC7D0D4
:1070D000012B2FD16B78A878012B03D10235FFF754
:1070E0002BFF04E0022B04D10235FDF725FE01350C
:1070F000EBE7032B03D10235FDF73CFDF7E7042B4B
:1071000001D00135F3E77A4A023500274FF00A0E25
:10711000835C69785B0705F1010C05D4013FE6D378
:107120006420FFF7FDFEF9E730380EFB07076546E0
:107130000846EDE76F4A704912F803B0DA0803F029
:10714000070311F802806D491AF8027011F80290D5
:107150001F4148FA03F817F0010749FA03F308F052
:10716000010803F0010902D0E120FDF7E5FDB8F1C7
:10717000000F02D0E620FDF7DFFD5846FFF7DCFEEA
:10718000B8F1000F02D0E620FDF7F4FC17B1E120C2
:10719000FDF7F0FCB9F1000FA9D02C209FE70120EA
:1071A000FDF766FCFDF72CFC73E70120FDF738FCCA
:1071B000F8E70220F4E7A3F5B943743B022B0ED89D
:1071C000DFE803F011151900E122262311462046BD
:1071D000FFF7C6FE5DE72723E522E521F7E7262333
:1071E000E122E021F3E72723E522E421EFE726234C
:1071F000E122E221EBE72723E522E621E7E7282346
:107200000122EAE7A3F5B9427A3A92B2082A40F29B
:10721000D68345F61642934240F0D780384B394822
:107220001B7803F0AA03002B374B15BF0122002265
:10723000352129211A70FCF757F8FCF78FF828E759
:10724000A3F5B843033B122B1CD8DFE803F020243E
:107250002835393D4147676B6F737F83878B91ADCD
:107260009900A3F5B9437A3B9AB2082A00F2B98390
:10727000082B00F2B683DFE803F0161B61654B7F35
:107280008EA1A6002B7843F001032B70A9E32B7885
:1072900043F00203F9E72B7843F00403F5E72B787A
:1072A00043F00803F1E76B7843F001036B7098E358
:1072B0006B7843F00203F9E72B7843F01003E4E71F
:1072C0002B7843F02003E0E72B7843F04003DCE722
:1072D000FEF70CF92B7843F08003D6E72B7823F0E8
:1072E0000C0343F00C03D0E7FEE703082B2000203B
:1072F00099940008E6990008D6990008D6990008E4
:1073000038200020A4170020801F0020669A000863
:107310006B7823F0030343F00303C7E72B786FF385
:107320000003B2E72B786FF34103AEE72B786FF3DE
:107330008203AAE72B786FF3C303A6E76B786FF39A
:107340000003B3E76B786FF34103AFE72B786FF37C
:1073500004139AE72B786FF3451396E72B786FF3B6
:10736000861392E7FEF7C2F82B786FF3C7138CE70A
:107370002B7823F00C0388E76B7823F0030395E761
:107380002B78C3F3800282F00102D2B262F382034F
:1073900062F3C30379E76B78DA4302F0010262F328
:1073A000000362F3410381E7FEF7A0F82B78C3F3F3
:1073B000C01282F0010262F3C71366E701210E20BA
:1073C000FDF7CAF80DE30021F9E7B64A107845F653
:1073D000D542934200F0220032D845F6C142934292
:1073E0003AD9A3F5B943433B122B00F2888001A29E
:1073F00052F823F0157500081F7500082575000860
:107400002B75000831750008377500083D750008B8
:1074100043750008497500084F7500085575000848
:107420005D750008617500086575000893700008B7
:107430009370000893700008937000089370000820
:1074400045F65D5293423FF424AE45F65A529342BC
:1074500000F0A98000F28880B3F5B84F00F0988062
:1074600045F6DE42934200F09B802288A378ADF877
:107470000C200398002B00F09A80FDF74FFE054684
:1074800001460398FBF7DEFF874F03992846FDF777
:1074900015FD3E7894F80690A17816F0070605468B
:1074A0004FEA191917D00E46A9B1C5F3072303F007
:1074B000F003402B04D005F12003DBB2072B7AD96F
:1074C00002200191FDF7B8FA3B78019913F0070FFC
:1074D0000CBF01260026C5F30338B8F10B0F00F2EC
:1074E000A280DFE818F06A006A00C500C500390113
:1074F0005101A000A0005B01BA01CB01CB016B4A96
:10750000137883F001031370694B00221A70FDF7A2
:10751000FFF8BEE5674A6849FCF72EF8B9E5664A08
:107520006449F9E7654A6649F6E7654A6349F3E75E
:10753000644A6549F0E7644A6249EDE7634A644991
:10754000EAE7634A6149E7E7624A6349E4E7624A76
:107550006049E1E70120FDF7E9F89AE50520FAE73F
:107560000D20F8E71220F6E745F65B5293421CD057
:1075700045F65C5293427FF478AF584B5878C0F38D
:10758000800080F0010000F00100FDF769F86CE771
:10759000FDF7ACFF46F2A810FFF7C2FCFBF744FE74
:1075A000FDF790F975E50120EFE70020EDE7FBF727
:1075B00029FF054668E700268DE7C5F30723C5F3D5
:1075C000032913F0F00F18BF4FEA0919EDB2A9B162
:1075D000B9F1000F0CD005F12003DBB2072B00D965
:1075E00055B9304A137849EA03031370FBF7B6FE26
:1075F0002846FDF7A1FB16E0394AF3E72846FDF7D8
:10760000B9FAB9F1000F0ED005F12002D2B26FEA3B
:107610000903072A5BB200D945BB224A11780B4007
:107620001370FBF79BFEA8F10808B8F1030F01D80F
:10763000FBF772FF96B197F9000010F001030DD12E
:10764000A370C0F3C700FDF713FA2046FFF7DAFC7A
:1076500097F90000C0F3C700FDF7E2F92068A188A0
:10766000002205B0BDE8F04FFDF7B4BD1C4AD5E7D8
:10767000C5F3072303F0F003C5F30320202BEDB27D
:1076800018BF000175B3012D4DD0002956D0B9F1B6
:10769000000F2ED0A379D907AAD56FF30713A371D2
:1076A00027E000BF382000202B20002040200020B1
:1076B000ED0D0020614700087D47000821480008C3
:1076C00035480008ED47000805480008B94700089C
:1076D000D14700086148000849480008D21F00202F
:1076E000E020002099B1994B1A781043B9F1000FAE
:1076F00002D1FBF7E7FE96E7B9F1010FF9D1944902
:1077000049784D078FD482428DD018708BE7B9F13C
:10771000000F04D1FBF71AFEFBF7C8FE83E7B9F1AF
:10772000010F80D0F6E721B1B9F1050F3FF67BAF2D
:10773000DFE7B9F1040F3FF676AFEDE7B9F1000FDF
:10774000EAD0392D0CBF4FF4FA500120FFF7E8FBC7
:107750002846FDF70FFA66E715F4406FC5F381235D
:1077600008D0012B7FF45FAF61B1C5F30900FBF7CF
:10777000B3FE58E721B1C5F30900FBF7BDFE52E7A0
:107780000846FAE70846F2E7E8B221B1FDF776FAD3
:10779000FDF7E8F847E7FDF777F9F9E715F4407FDB
:1077A00029D100297FF43FAFC5F342129200D0B235
:1077B00005F00F0202FA00F3EA0644BF0F228240EE
:1077C000C5F3812054BF0A46D243022861490ED036
:1077D00003280AD0012806D013430A6813400B601F
:1077E000FDF7E6F81FE7086803431343F7E7134381
:1077F0000A685340F3E7C5F3012209B302F001031D
:10780000002B3FF410AFC5F342118900CAB215F046
:1078100010011CBF0F219140C5F3812005F00F031B
:1078200018BFC94302284C4D03FA02F30FD00328B6
:1078300011D0012806D02A680B4313402B60CFE7F4
:107840005308DDE72A681A430A432A60C8E72A6812
:107850000B435340F2E70B43F0E75FFA85F9C5F3BA
:10786000032521B12846FDF703F9484641E748467C
:10787000FBF71CFE2846FDF7D3F8D4E65FFA85FA3D
:10788000AAF1F003042B48D8DFE803F003141B200F
:107890002B0061B1B9F1040F3FF6C5AE2E4BC5F315
:1078A00004201A680125854055401D6098E7B9F10C
:1078B000050FF1E7C5F304200029DCD0FDF7D8F867
:1078C000B1E6C5F304200029F8D0D4E7224A31B14B
:1078D000C5F30425012303FA05F5156080E711605F
:1078E0007EE779B1C5F304200190FDF7C1F8184B8C
:1078F00001985B7813F0040FE0D1C30043F0030359
:107900003B70DBE70120FDF797F8B9F1010F7FF637
:107910008AAE0220FDF790F885E639B1B9F1000F83
:1079200001D0504665E6C5F30420C7E7B9F1000F62
:1079300009D0BAF1390F0CBF4FF4FA500120FFF70C
:10794000EFFA504605E7C5F3042094E72C20002009
:10795000D21F0020EC1B00200820002045F61072EA
:1079600090423FF41CAC45F6117290423FF421ACBA
:1079700045F6F642934213D845F6F24293423FF65B
:107980001AAC45F6D84293423FF425AC45F6D942AD
:1079900093423FF434AC45F6D74293423FF414ACE3
:1079A000002937D0244A0021117045F61542934230
:1079B0003FF628AC45F6014293427FF606AD1F4ADA
:1079C0001F49127809781F4D42EA01222A8045F6A4
:1079D000154293423FF645AC45F6014293423FF6CD
:1079E0002FAC2E8829780420FCF7B6FD310A22201E
:1079F000FCF7B2FDFDF77AFDFFF74BBB45F61072C1
:107A000090423FF4D2AB45F611729042B0D10220C1
:107A1000FFF7CCBB45F6164293427FF426AD0A4BE6
:107A20000A481B78002B14BF35212921FBF734FCB1
:107A300003E405B0BDE8F08F4C20002008E0030807
:107A400044E00308D21F0020801F0020A41700205C
:107A5000214BF7B59A7912F0F00F0AD19A7842B11A
:107A60001E4A1F4E12781F4D4FF6FF773178914214
:107A700001D103B0F0BD98881988ADF8041038B36F
:107A800089B2B94224D005EBC20493F801C06178F1
:107A90008C451DD193F800C015F832108C4517D1D4
:107AA000A178A9B9A188091A89B2C72910D89979EA
:107AB0000948012262F307119971A37962F3071350
:107AC000A371FFF79FFA03B0BDE8F040FBF7DEBCFF
:107AD000013202F00702C9E796200020DF200020D3
:107AE000DE2000209E2000202DE9FF47B34F0446F2
:107AF000BB880068009038882278617894F802800A
:107B0000B4F804A0ADF808003D46002B00F0C0809A
:107B100080B24FF6FF7C604500F0BA80BE78002E40
:107B200000F0B680AAEB0303B8799BB2C72B00F034
:107B3000F00900F28D803B88ADF80830B9F1000FF4
:107B400049D16345C14619D08DF800208DF8011048
:107B5000BDF800C09C4511D1B8F1000F40F0F58090
:107B6000012363F30710B8713846FFF74BFABB796E
:107B7000A3710026304604B0BDE8F087BAF1000FCB
:107B800040F0E780B8F1000FF3D0AB7943F0010388
:107B9000AB71EEE700EBC30595F801C08C4506D14B
:107BA00010F833C0944502D1AD78002DE1D10133F6
:107BB00003F00703E1E010F4706F02D0002B00F037
:107BC000FB802033DBB2072B40F2F6802046FFF724
:107BD00019FAB146F0E0634513D08DF800208DF816
:107BE0000110BDF800C09C450BD1B8F1000F08D1C1
:107BF000A0712046FFF706FA23683B6063687B604C
:107C0000B8E78DF800208DF801100098FDF7B2FA62
:107C1000D0B1B8F1000F17D0AB791F2B0CD92A883F
:107C2000ADF8082002A800228DF80A20ADF80CA0BB
:107C30008DF80E30FFF7E6F923682B6063686B6000
:107C4000FFF706FF012695E72046FFF7DBF9F9E786
:107C5000B9F1000F07D13846FFF7D4F9C7F8009003
:107C6000C7F80490A8E08DF800208DF801103B883B
:107C7000BDF800C09C45C4D1B8F1000FC1D1A071BE
:107C80002046FFF7BFF9C7F80080C7F8048071E706
:107C90002888ADF80800002B40D086B24FF6FF7060
:107CA00086423BD0AE78002E38D1AAEB03039BB2BC
:107CB000C72B30D84646002EC6D08DF800208DF850
:107CC00001102B88BDF800209A4217D1AB79DA0752
:107CD0000FD413F0F0020CD0F02AA37106D0DBB25F
:107CE000C3F30312013262F30713A3712046FFF7B7
:107CF00089F923682B6063686B603BE70098FDF7A8
:107D000039FA002898D1AB79204643F00103AB71D2
:107D1000FFF778F92EE72E606E602BE7B8F1000FC1
:107D200092D08DF800208DF801100098FDF722FA0E
:107D30000646002888D023682B60636828886B601B
:107D4000FDF70CFAFFF784FE14E7BAF1000F3FF4D9
:107D50001CAF8DF808208DF80910BDF808004FF60B
:107D6000FF7398423FF40EAFB8F1000F7FF40DAFF0
:107D70001348144B07781B781348BB427FF40AAFB3
:107D80008DF800208DF801100098FDF7E7F9C0F399
:107D90000332012AC3B27FF60EAF0E3202F00F0299
:107DA000012A3FF613AF10F4706F3FF40AAFA279C7
:107DB00012F0F00F7FF405AF4E46DBE69620002070
:107DC000DE200020DF2000209E200020F0B587B0BC
:107DD0006F4687E803003846FFF786FE214E224DA6
:107DE000044628BB97E8030004AB83E80300BDF812
:107DF0000410BDF81020ADF80C20C9B11FFA82FCA8
:107E00004FF6FF7294453778287811D07A1C02F02B
:107E1000070282420ED0154CADF8141003CB04EBD0
:107E2000C70C44F837003270CCF80410FBF72EFB77
:107E30000E4C11E0FDF75AFB0D4B34702C701C609A
:107E40005C60F5E704EBC000FFF74EFE40B12B7815
:107E5000013303F007032B70287833788342F1D184
:107E600007B0F0BDDE200020DF2000209E20002093
:107E7000962000202DE9F04701F0A8FAC521FE2048
:107E8000FDF7C4F90421FD20FDF7C0F90121002010
:107E9000FDF7BCF9FF210120FDF7B8F97721022099
:107EA000FDF7B4F92D4FDFF8B8804FF47A70FFF783
:107EB00037F8DFF8B4C0002240F25F19FF244FF01A
:107EC000010E3D460CEB820696F802A0F17873781D
:107ED0000AF03F00890041EA9A1100011CF822A033
:107EE00040EA131003F00F030AF003069B0143EA74
:107EF0009A03013209FB068A402A0AF8034007F870
:107F000006E00AF800400AF80140DBD1C521FE2056
:107F1000FDF77CF90221FD20FDF778F9104E0024D1
:107F2000E0B216F8011B0134FDF770F9B42CF7D15B
:107F3000C521FE20FDF76AF90321FD20FDF766F952
:107F4000084E0024E0B216F8011B0134FDF75EF97B
:107F5000AB2CF7D100232B70BDE8F0877F1F0020EA
:107F6000201E0020D41E0020289B00082DE9F84F79
:107F7000DFF81081DFF810A10025052746464FF0F5
:107F80000109AB465AF8044B202383F3118824F0EF
:107F90000F0004F00F0409FA04F421460122FEF751
:107FA00029FCA4B244838BF3118800BF00BF00BF3B
:107FB00000BF00BF00BF00BF00BF00BF00BF00BFC9
:107FC00000BF00BF00BF00BF00BF00BF00BF002058
:107FD000284B044653F8042B22F00F0102F00F0245
:107FE000096921FA02F2D2075ABF09FA00F10AB26E
:107FF0000022013022430E2894B2EBD15AF8040C2F
:10800000FEF763FC0320FEF78BFFB8F80020013F6A
:10801000A2421ABFA8F800400122002217F0FF0771
:1080200045EA020508F10208ACD1134CDDB1012389
:108030002370FBF711F9114B1880104B1F88FBF7C9
:108040000BF9C01B80B2032810D90D4B32881A805F
:1080500072885A80B2889A80F288DA8032891A81CE
:108060000023237002E02378002BE6D12846BDE8E8
:10807000F88F00BF949A0008C81B0020CA1B00207C
:108080000E2000202E200020B0A0000838B52023AC
:1080900083F311880E4B9C69606204F12805A06A85
:1080A000A8420FD194F822303BB994F821309B07B5
:1080B00002BFD4E9043213615A61BDE838400F2091
:1080C000FDF782BA0368A362FAF716FBE7E700BF81
:1080D000E4190020134B1A689969106810B44360C2
:1080E0001860012082F820009A618868002281F8D7
:1080F00020201A461B689C688442FBD858680B6095
:10810000486001605960EFF30983C869643B984295
:1081100003D972B6044BD362FEE790695DF8044B55
:10812000F8F71EB9E4190020009600081149F0B5CF
:1081300008200026D1E901340A681D46043AAC4201
:1081400010D8E21CD21ADD1E22F00302AC4238BF66
:1081500000221344CA689A4209D8013801F110017B
:10816000E8D1F0BD52F8047F45F8047BE7E743F817
:10817000046BF0E730A00008FEE77047704700008E
:10818000B54B9A6A62F4FC022DE980489A629A6AB9
:1081900002F4FC029A629A6A1A694FF0FF321A617D
:1081A0004FF000091969C3F810901969D968DA60AD
:1081B000DA68C3F80C90DA68DA69A84942F08052AC
:1081C000DA61DA690A6842F480720A601A6A02F4B3
:1081D0004072B2F5007F1A461EBF4FF4803313621F
:1081E000C2F82090136A1E048FB007D4136A43F4B8
:1081F00000731362136A43F4004313629849994C65
:108200000023C1E90033012065682B6041F830305C
:1082100001300D2804F11004F6D193494FF0FF33DB
:108220004B60C1F80434914B6021402083F8061361
:10823000C3F880011860802083F807134FF400749E
:10824000C3F8800118604FF4807083F80813C3F8F6
:108250008001186083F80913C3F880411C604FF453
:10826000806483F80A13C3F880411C604FF4000453
:1082700083F81713C3F880411C6083F82813C3F8F0
:108280008401702158604FF0807083F81813C3F890
:10829000800118604FF0007083F81913C3F8800153
:1082A00018604FF0806083F81A13C3F880011860DB
:1082B00083F81B134FF00061C3F8801119609369B4
:1082C0006B4943F00103936193690B6843F020030A
:1082D0000B6000206749034601301028C1E90011F6
:1082E000C1E9023301F11001F6D16349634D0B621C
:1082F00001F11804C1E90644614C01200870C1E98C
:108300000433C1E90A435F4901F11804C1E9064495
:108310005D4C0870C1E90433C1E90A430B625B4953
:108320005B4CCC6008704B605A4904F58064CC60AB
:1083300008704B60584904F59034CC6008704B606D
:10834000564904F54064CC6008704B60544901F113
:108350000C04C1E90344534C08704B604B61C1E904
:108360000A33CB610C635049042408704B60CB6026
:108370000C748D614D490C744D4C08704B60CB6092
:108380008C614C4901F10C04C1E903444A4C08706A
:10839000C1E9074341F20A0541F21804C1E90A5450
:1083A000464D4B61C1E901334B62002128706B607F
:1083B00005F12C000B4640F8043B0131072983618D
:1083C000F9D1D169AB6041F00101D1613C49D26979
:1083D0008A683C4C42F001028A604FF0804240F2D1
:1083E000CF21916201204FF0FF31D162936153633D
:1083F000D3605360506110601C4A802082F81C03D7
:108400004FF08050C2F88001106004F11C02C4E9F2
:1084100007222D4A2D4810602D4850602D4A2E48C5
:108420009360C2E9000302F10C00C4E90913A360E0
:10843000C4E90044C4E90444C2E903005361CDE93E
:108440000613CDE90833636700220023CDE90A2330
:108450004FF0040806AF41E00010024000700040F9
:10846000F81B0020149900080000024000E100E021
:1084700000000140E4180020140E00200004004019
:10848000CC9A0008440E0020E89A000884160020C8
:108490000010004094160020A4160020741600203E
:1084A000E420002000540040B4160020D016002024
:1084B00000080040EC160020003800401C17002087
:1084C000002004E0E4190020C01B0020202100202F
:1084D00000A00020D01B0020E92C00083846FAF745
:1084E00005F9FAF7E3F8B8F10108F7D1069B6367DD
:1084F0008023C4E91A83A363CA4BCB4AA36463698C
:108500006364012184F85180C4F8648084F85210B7
:1085100024641A6102F12803A36502F12C03C4E963
:108520001733C24B6261A261E36484F850102020CB
:1085300080F3118862B6BE4BDE684FF6FF0C06EA88
:108540000C0CBC4E4CEA0606DFF868C3DE60DCF8B3
:108550000C6046F08076CCF80C60DFF85CC3DCF889
:1085600000600E43CCF800601026DE7783F822000E
:1085700088F3118862B680F31188AF4B03F1B40021
:10858000C3F82401AD48C3F82011C3E93D08C3E98D
:10859000548183F83A11AA48AA49C3F81401C3F8D0
:1085A000301102206169A3F8380103F58C70C3F81B
:1085B0002C11C3F83431C3F84C81C3F82841086149
:1085C00003F5A071C3F8401103F5A271C3E951117D
:1085D000A169C3F83C819C468B6860610646002B0C
:1085E00000F08881FAF788F8002686F31188964B08
:1085F000964A5A6002F188325A60042101224FF0F3
:108600009040FEF7F7F84FF0904304221A8331466A
:1086100010228F48F8F740F88E4BDFF8A0C21E708A
:108620008D4B8CF8006003F108029A6503F11C027F
:10863000C3F8802003F13002C3F8A02003F1E00169
:10864000864AC3F8D420C3E9381103F1D802D3F81D
:10865000C410D3F8BC00C3F8D820D3F8D020C3F896
:10866000EC60043101FB0028C3E94002C3E93C226D
:10867000D3F8CC007A4AC3F81021C3E93E814FF009
:10868000010ED3F8B88083F8DCE003F1D40103F5E0
:108690008C72C3E9462283F8E8E083F820E1C3E95D
:1086A0004266C3F81411C3F82481C3E94A00D3F821
:1086B000C020043202FB080EC3E94CE2694AC3E958
:1086C0004E80C3E95221C3E95066D3F8B020202080
:1086D00080F3118893F8B400CDF810C002EB80004D
:1086E000816293F8B500113042F8201093F8B6007B
:1086F00010B102EB800291625B4AC3F850214FF047
:10870000020883F8DC80002686F311884FF480513C
:1087100001224FF09040FEF76DF84FF090434FF478
:1087200080525A835148FEF7FBFB202383F31188C4
:108730004F4B6B602B78012BC5E90366C5E90566D5
:10874000C5E90766C5E9096601D1F9F753FD85F862
:108750000080002686F3118840F202724FF48051A7
:108760004FF09040FEF746F8424B41F28830DE6011
:10877000FEF7D6FB202383F311884FF080435A6A1B
:1087800086F311883C4B3D481A60FEF79EF83C4842
:10879000DFF82C81FEF799F83A48FEF796F83A4848
:1087A000FEF793F83948FEF790F8013658F8040BB5
:1087B000F6B2FEF78AF80E2EF7D13549354A364E15
:1087C00000230B8013804B8053808B809380CB8061
:1087D000D3800B811381314B1B78317843EA01231D
:1087E0001BB213F58B7F904601D0FCF76BF82C4B36
:1087F0001A782C4B1A702C4B2C4A1B78127843EAAF
:1088000002232B4A1380FFF7B1FB4FF41670FEF7DB
:1088100087FBFFF7ABFBB8F8008018F0010800F009
:1088200087804FE07E9A0008141A00200004002080
:1088300000ED00E00003FA05601A0020E52C0008B6
:10884000790300080F9600080020024023016745C5
:10885000801C0020901C0020780C0020F8A000084C
:10886000B12E0008C32D0008280D0020F049020099
:10887000E8A000089C1F00203C2000200C040048B9
:108880000B0400480A0400480104004803000048A3
:108890002E2000200E20002002E0030800E0030844
:1088A00004E00308CC1B002008E0030844E00308B0
:1088B000D21F0020F0ED00E0001000E0911C00202D
:1088C000949A0008FF212320FBF746FEFF21242075
:1088D000FBF742FEFF212520FBF73EFEFBF7DEFF04
:1088E000FF210020FBF738FEFF210120FBF734FEBB
:1088F000FAF79AFC81F82080303A126890680028D4
:10890000FBD150680A604860016051600122A66195
:108910008CF83821EFF30983CA69643B9A4203D982
:1089200072B6BF4BE362FEE7BE48F7F719FD5BE6A0
:10893000BD4B1A78BD4B1A60FCF73AF8FFF79AFA6C
:10894000BB4A4FF0FF3353769376D3761377537742
:108950009377D37782F8203082F8213082F8223062
:1089600082F8233082F8243082F8253082F82630CD
:1089700082F8008082F8273082F82830AD4A53769A
:108980009376D376137753779377D37782F8203023
:1089900082F8213082F8223082F8233082F82430A5
:1089A00082F8253082F8263082F8008082F827305D
:1089B00082F82830A04B1B78327843EA02231BB29E
:1089C00013F58B7F03D0FBF77DFFFBF753FF9B4A2B
:1089D0001C23114618460133FAF76DFA242B02F8CE
:1089E000010BF7D10B7813F0FC0F01D1FBF742FF1D
:1089F000934B1B78212B07D1924B1B78072B03D16C
:108A0000914B1B78132B13D000212620FBF7A4FDDC
:108A1000FBF74AFEFBF73CFE21212320FBF79CFDE0
:108A200007212420FBF798FD13212520FBF794FD57
:108A3000864B874A1A60DFF84CA2DFF84C829AF81E
:108A4000006098F8003083480022B34226D01946CF
:108A50000133415C052903F00F034FF00102F4D10B
:108A6000049A7D4813707D4B00261E707C4B1E704F
:108A7000FCF724FD7B4B1E609E807B4B1E707B4B66
:108A80001E707B4B30461E70FAF736FD3046FAF703
:108A900023FDFAF741FD774B1E70D0E70AB188F845
:108AA00000302B78052B2BD1DFF8E081012620E068
:108AB000FCF7D6FF002211461046FBF721F80022F2
:108AC0006C4B104611461E70FBF71AF8694B40F2CA
:108AD000A4601E70FEF724FAFFF748FA664A0023E6
:108AE00032F8021B002940F01A830133DBB2052B58
:108AF000F6D12B78052BDBD0FAF730FCFBF732FFF1
:108B0000FFF734FA08B1FAF7A7FB5B4B5B484FF06D
:108B1000000A5FFA8AF233F8026B019230F8022BF6
:108B2000B24200F0BB8172404FF0000B4FF00108E1
:108B300012EA080F5FFA8BF100F0A68116EA080628
:108B400014BF0122002203910292FAF785FB40F044
:108B50000100DDE9022180B24FF0000C16B1404B5C
:108B600083F800C0019B8DF819308DF81A20ADF8FC
:108B70001EC08DF81810ADF81C0097E80300FFF731
:108B800025F93E4A32F81A3088EA030822F81A809A
:108B900056B13B4A0E2303FB0A2A1AF80B30FF2B6F
:108BA00016BF012600269946DFF888B09BF80030F2
:108BB0009A19082AD84628DDC6F1080A711C5246BF
:108BC00059440BF101000193F9F73AF806F1090154
:108BD000524659440BF10900F9F732F806F10C013D
:108BE0000BEB41014FEA4A0201310BF11900F9F791
:108BF00027F806F11101524659440BF11100F9F71B
:108C00001FF8019B013B8BF800301D489BF800309A
:108C1000002209F12001964600EB410194464DE007
:108C200000960008781B002006E00308EC1B0020DB
:108C3000921C0020D61F002000E0030840200020E6
:108C400046E0030848E003084AE00308601C0020EF
:108C5000640C0020801C0020A41700203820002075
:108C6000E020002022200020292000202A200020AF
:108C700028200020952000200E2000201820002011
:108C8000289C0008901C0020911C0020001002402D
:108C900008EB030291F806E082F801E00C3308EBE0
:108CA000430391F807E082F809E082F8119001226D
:108CB00083F801C083F802C096460346581C7645E7
:108CC000C0B2E5D80AB18BF80030AC4EFCF7C8FE54
:108CD00033780293737896F90380039396F9023000
:108CE0000193002253EA080396F904A096F905B00F
:108CF000B270F270327172713CD0A14A1288059242
:108D0000FAF7AAFA059A9F49801A0A7880B2002ACF
:108D100000F09E8232282DD9FF2A01D001320A703C
:108D2000019B43B1FBF788FF019B002BCCBF0122C5
:108D3000FF225043B070B8F1000F08D0FBF77CFF62
:108D4000B8F1000FCCBF0122FF225043F07096F91A
:108D5000021079B196F9033063B1B522514309127B
:108D600002FB03F308BF0121844AB1701B1208BF44
:108D70000123D3705AEA0B033CD0834B1E88FAF7C9
:108D80006BFA824A1378801B80B2002B00F05B8262
:108D900064282FD9FF2B01D001331370774EBAF11D
:108DA000000F08D0FBF724FFBAF1000FCCBF01235E
:108DB000FF2358433071BBF1000F08D0FBF718FFB9
:108DC000BBF1000FCCBF0123FF235843707196F90C
:108DD000041079B196F9050060B1B5235943091221
:108DE00003FB00F308BF0121644A31711B1208BF65
:108DF00001235371614EF178B2780A4331790A4305
:108E0000717952EA010301D0FBF7ACFD029B33708C
:108E1000039B7370019BB37086F8038086F804A0EF
:108E200086F805B05A4EFAF777FB3378834202D0C2
:108E3000FAF772FB3070DFF864814046202250F868
:108E4000D43F39461E6A0023B04700283FF4F3ADF3
:108E50009DF81830013BC6B2122B00F28180DFE88A
:108E600013F037003E00730083009F00C2007F00B4
:108E70007F007F007F007F00C500C900CE00F100A9
:108E80001301160118013C010BF1010B4FEA4808D0
:108E9000BBF10E0F1FFA88F87FF44AAE0AF1010AFF
:108EA000BAF1050F7FF435AEFAF7D6F900234FF685
:108EB000FF7240F00100ADF81E30ADF818208DF8BB
:108EC0001A30ADF81C0097E80300FEF77FFFFCE6C0
:108ED00000238DF8193009238DF81A3029E09DF808
:108EE0001930022B00F0A481032B0DD0012B37D1B8
:108EF000FAF7B2F9030E8DF81A30030C8DF81B3017
:108F000040BAADF81C0014E0224B1A8852BAADF8F2
:108F10001A205A8852BAADF81C209A8852BAADF875
:108F20001E20DA881B8952BA5BBAADF82020ADF852
:108F30002230202E7FF47FADD8F8D43016485B68FD
:108F400032463946984776E59DF81930022B07D10D
:108F5000DDF81A1009BAC9B22620FBF7FDFAE8E7D6
:108F6000FF238DF81830E4E79DF81B209DF81A10B8
:108F70009DF81900FAF7D8FAC2E700BF22200020B6
:108F80000220002029200020042000202A20002088
:108F90000C2000200E2000204C0D0020780C00201A
:108FA0009DF81C309DF81D109DF819C09DF81B20E0
:108FB00041EA03219DF81A30C3EBC3034FF08C0A3A
:108FC0009B001AFB0C3303EB420A0AF127000FFA4D
:108FD00081FB80B2090AFBF7BFFA0AF128005FFAA9
:108FE0008BF180B2B9E7FBF75FFBA2E710238DF8A6
:108FF00019309EE701238DF81930A9236CE79DF8FD
:1090000019209DF81A309DF81BA043EA022303F2B1
:109010005722C3F57D433946A9334FF0000BD018D2
:1090200080B2824585D9A2F25720B0F5D47F06DC04
:109030001046F9F740FF087101320131EFE781F87E
:1090400004B0F9E79DF819209DF81AA09DF81B308F
:109050004AEA022A4FF0000B1FFA8BF29A42BFF441
:1090600068AFBAF5D47F0ADC019306AB03EB0B02C1
:109070000AF25720117980B2FBF76EFA019B0BF1CF
:10908000010B0AF1010AE7E7FBF702FB51E70423B2
:10909000ADE79DF819209DF81A309DF81BA043EA12
:1090A000022303F12702C3F57F433946D9334FF03A
:1090B000000BD01880B25045BFF43BAFA2F127009F
:1090C000B0F50C7F06DA1046F9F7F5FE08710132AB
:1090D0000131EEE781F804B0F9E79DF819209DF819
:1090E0001AA09DF81B304AEA022A4FF0000B1FFA23
:1090F0008BF29A42BFF41DAFBAF50C7F0ADA0193E6
:1091000006AB03EB0B020AF12700117980B2FBF7E3
:1091100023FA019B0BF1010B0AF1010AE7E72B7817
:10912000052B0BD14D4E336C43F010033364C82034
:10913000FDF7F6FE336C23F010033364202383F332
:1091400011882B78012B18D0454B4FF48062C3F85F
:1091500088204FF40061002283F84A23C3F8881066
:1091600083F84B233D4B03221A64D8F81C3023F4B8
:109170000003C8F81C30D8F81C30DFF8F0B000232A
:1091800001226B602A709A461E465BF8043B7BB155
:10919000586920B16FF001010C30F9F7F3FA5BF870
:1091A000043C986920B16FF001010C30F9F7EAFA3C
:1091B0000AF1010ABAF1080F4BF8046CE5D12268F4
:1091C000A36992689B689A4201D9FEF783FF4FF02A
:1091D000000A8AF3118801224FF480514FF0904029
:1091E000FDF708FB4FF090434FF480525A83202341
:1091F00083F311881B4E1C4B73603378012BC6E937
:1092000003AAC6E905AAC6E907AAC6E909AA01D1BF
:10921000F8F7F0FF02233370002383F3118840F244
:1092200002724FF480514FF09040FDF7E3FA3DE4B5
:109230002620F9F740FE0023ADF81A308DF81C30D7
:109240008DF81D0075E6B0F5967F3FF6A5ADD1E52A
:10925000B0F5967F3FF662AD8CE500BF005C004044
:1092600000E100E01C170020E8A0000828170020FB
:10927000404A08B552F8041C3F4B99420DD10023D7
:1092800042F8043C83F314883C4B1B6883F3088842
:1092900062B63B4B1B689847FEE73A4A3A49936AE5
:1092A00043F4FC039362936A23F4FC039362936A8E
:1092B000536943F4FC0353614FF090405369F8F74E
:1092C000F9FE32493248F8F7F5FE32493248F8F7EC
:1092D000F1FE32493248F8F7EDFE32493248F8F7EC
:1092E000E9FE32493248F8F7E5FE136843F001031E
:1092F000136013461A689207FCD55A6822F00302DD
:109300005A605A6812F00C02FBD1196801F0F90199
:1093100019605A601A6842F480321A601A68900321
:10932000FCD55A6A42F001025A625A6A9107FCD58A
:10933000204A5A604FF40452DA6230221A631A68E3
:1093400042F080721A601A689201FCD51A4A122102
:109350001160116801F007010229FAD15A6842F040
:1093600002025A605A6802F00C02082AFAD11A6BFB
:109370001A6308BD00A00020EFBEADDE00D8FF1FBD
:1093800004D8FF1F00100240309D00084C9D0008CB
:1093900000040048689D000800080048849D0008FB
:1093A000000C0048A09D000800100048BC9D00086B
:1093B0000014004800241D000020024028B120288D
:1093C00014BF4FF0FF306FF001007047124B07B52C
:1093D0001A78F2B901211970104801924021FDF765
:1093E00009FA019A0D488021FDF704FA4FF47A70CA
:1093F000FDF796FD094840F206224021FDF7FAF9F3
:10940000064840F20622802103B05DF804EBFDF728
:10941000F1B903B05DF804FBE2200020000400482D
:109420002DE9F043DFF85C80144C85B00D462070C8
:109430001349404616461F46FDF7FCFCDFF848C0BE
:10944000247840F2E7300021ECFB07014FF47A72F8
:109450000023F6F79FFF4FF000096408CDE9019063
:10946000CDF8009033462A4621464046FDF770FC71
:1094700005B0BDE8F043FFF7A1BF00BFE120002029
:0C94800024A10008E4200020A0860100C8
:04948C00F8B500BF70
:04949000F8B500BF6C
:1094940000FFFF000020202020202020202028285A
:1094A40028282820202020202020202020202020A0
:1094B40020202020208810101010101010101010E0
:1094C4001010101010040404040404040404041010
:1094D400101010101010414141414141010101019E
:1094E4000101010101010101010101010101010168
:1094F4001010101010104242424242420202020274
:109504000202020202020202020202020202020237
:1095140010101010200000000000000000000000E7
:109524000000000000000000000000000000000037
:109534000000000000000000000000000000000027
:109544000000000000000000000000000000000017
:109554000000000000000000000000000000000007
:1095640000000000000000000000000000000000F7
:1095740000000000000000000000000000000000E7
:1095840000000000000000000000000000000000D7
:109594000000000000000000040C00200000000097
:1095A40000000000000000000000000000000000B7
:1095B40000000000000000000000000000000000A7
:1095C4000000000000000000000000000000000097
:1095D4000000000000000000000000000000000087
:1095E4000000000000000000000000000000000077
:1095F40000000000000000000000000073746163BC
:109604006B206F766572666C6F770069646C6500B9
:109614000001010101010101010102020202020231
:109624000202020303030303030303040404040404
:1096340004040505050505060606060607070707CB
:109644000708080808090909090A0A0A0B0B0B0C80
:109654000C0C0D0D0D0E0E0E0F0F0F10101111111D
:10966400121213131414151516161717181819199E
:109674001A1A1B1B1C1D1D1E1E1F20202122222303
:109684002424252626272829292A2B2C2D2D2E2F44
:1096940030313232333435363738393A3B3C3D3E5B
:1096A4003F404142434445464748494A4C4D4E4F4A
:1096B40050515354555658595A5B5D5E5F6162640C
:1096C400656668696B6C6D6F7072737577787A7B99
:1096D4007D7E8082838587888A8C8E8F91939596F0
:1096E400989A9C9EA0A2A3A5A7A9ABADAFB1B3B510
:1096F400B7BABCBEC0C2C4C6C9CBCDCFD1D4D6D8EC
:10970400DBDDDFE2E4E7E9EBEEF0F3F5F8FAFDFF89
:109714001A9800081E9800083098000804100A00DF
:109724007F97000898970008B8970008DA97000810
:109734003C9800085E980008E200E900EA00B500E1
:10974400B600B700CD008301CC008A0192019401D8
:109754002102230224022502260227022A02B30040
:10976400B4006F0070004022B609025B00030100E0
:10977400A0FA0904000001030101000921110100FC
:10978400012240000705810308000A0904010002C0
:1097940003000000092111010001222200070582B3
:1097A400032000010705030320000109040200014E
:1097B4000300000009211101000122B600070584FD
:1097C4000320000A1201100100000040EDED646066
:1097D40001000102000105010906A101050719E0C4
:1097E40029E7150025019508750181029501750881
:1097F40081010507190029FF150026FF009506754C
:10980400088100050819012905950575019102953E
:109814000175039101C00403090410034D006500A0
:109824006C004700650065006B0000000A034D00F2
:109834004A003600340000000660FF0961A10109F6
:1098440062150026FF009520750881020963150042
:1098540026FF00952075089102C005010902A101A7
:1098640085020901A100050919012908150025012E
:109874009508750181020501093009311581257F9B
:1098840095027508810609381581257F95017508AB
:109894008106050C0A38021581257F95017508811A
:1098A40006C0C005010980A101850319012AB7007A
:1098B400150126B700950175108100C0050C09013A
:1098C400A101850419012AA002150126A00295010F
:1098D40075108100C005010906A101850505071958
:1098E400E029E7150025019508750181020507198E
:1098F4000029EF1500250195F0750181020508196D
:10990400012905950575019102950175039101C021
:109914000000024008000240010000000000000BAB
:10992400000002401C000240020000000004010C80
:109934000000024030000240040000000008020D54
:10994400000002404400024008000000000C030E26
:109954000000024058000240100000000010040FF4
:10996400000002406C0002402000000000140510BA
:109974000000024080000240400000000018061170
:109984000004024008040240800000000000073880
:10999400000402401C0402400001000000040839D5
:1099A4000004024030040240000200000008093AAA
:1099B400000402404404024000040000000C0A3B7E
:1099C40000040240580402400008000000100B3C50
:1099D4000000000000000000000000000000000083
:1099E400000000000000000000002A2B28000000F6
:1099F400000000000000000000000000002900003A
:109A040000002C1E3420212224342627252E362D16
:109A14003738271E1F202122232425263333362EB0
:109A240037381F0405060708090A0B0C0D0E0F1022
:109A34001112131415161718191A1B1C1D2F313067
:109A4400232D350405060708090A0B0C0D0E0F100B
:109A54001112131415161718191A1B1C1D2F313047
:109A6400354C000000007E0F00D4FFFFFFC700004C
:109A74000078003131295A1B750A6D61696E001630
:109A84004230040444080C1014181C202122000045
:109A94000F040048080000480A0000480F0000486E
:109AA400030400480404004805040048080400486E
:109AB400090400480D0800480E0800480F08004833
:109AC400000000480100004800740040000000004D
:109AD400000000000000FFFF09000000BE2000009D
:109AE4000A000000007400400300000010000000A1
:109AF400FFFF00000A000000BE2000000A00000072
:109B04000000000099270008F52400080924000833
:109B140040004000641C0020641C00200100000080
:109B2400781C0020207080019850020910318410A4
:109B34008811061800F2871F78D20927F0B28B2EFD
:109B440068930D36E0738F3D2CA04002A480C209B7
:109B54001C6144119441C6180C2248208402CA276F
:109B6400FCE24B2F74C3CD36ECA34F3E38D0000338
:109B7400B0B0820A28910412A071861918520821E3
:109B840090328A2808130C3080F38D37F8D30F3FB6
:109B94004400C103BCE0420B34C1C412ACA1461A58
:109BA4002482C8219C624A291443CC308C234E3829
:109BB4000404D03F50308104C810030C40F18413D6
:109BC400B8D1061B30B28822A8920A2A20738C319D
:109BD40098530E39103490405C604105D440C30C56
:109BE4004C214514C401C71B3CE24823B4C2CA2A11
:109BF4002CA34C32A483CE391C64504168900106D6
:109C0400E070830D58510515D031871C4812092482
:109C1400C0F28A2B38D30C33B0B38E3A2894104256
:109C240074C0C106000102030405060708090A0BF3
:109C34000C0D1B1A191817161514131211100F0EE8
:109C44001C1D1E1F202122232425262728FF3635EC
:109C540034333231302F2E2D2C2B2A293E3D3CFF1C
:109C6400403F41FFFF3B3A393837000010002000E5
:109C74003000400050006000700080009000A000A0
:109C8400B000C000D00000101010201030104010A0
:109C940050106010701080109010A010B010C01000
:109CA400D0100020102020203020402050206020A0
:109CB400702080209020A020B020C02000301030E0
:109CC4002030303040305030603070308030903050
:109CD400A030B030C030D030004010402040304080
:109CE40040406040704080409040040404040404F8
:109CF4000404040404040404040404040404040420
:109D0400040404040404040404040404040404040F
:109D140004040404040404040404040404040404FF
:109D240004040404040404040404000000A8802AB5
:109D34000000000000FCC03C54111564FFFF00004B
:109D44000000505500E00E0080A00000C00000009C
:109D5400C0F0000015055555FFFF00000000004449
:109D640000000000000A000000000000000000F0F5
:109D740055555505FFFF0000000077000000000066
:109D8400000000000000000000000000555555557B
:109D9400FFFF0000000000000000000040005555D7
:109DA40000000000C000FFFF15551501FF00000072
:109DB400000000000000000000000000000000009F
:109DC4000F00000050555555FFFF00000000000033
:109DD400000000000100000003000000000000007B
:109DE4001D2D00080000000008000000841F002052
:109DF400000000000200000000000000165C1E00CD
:109E04001F0020002100220023002400250026003A
:109E140027002D002E002A002B0014001A00080031
:109E2400150017001C0018000C00120013002F006E
:109E340030003100390004001600070009000A0050
:109E44000B000D000E000F0033003400280000004A
:109E5400E1001D001B0006001900050011001000A0
:109E6400360037003800E50052004C00E000E30003
:109E7400E200000000002C00000000000000E600EA
:109E84000151500051004F00165C3A003B003C0069
:109E94003D003E003F0040004100420043004400BA
:109EA40045004C000100C25C0100C55CC65CC75C97
:109EB400C85CC95CCA5CC35C460047004800005CDF
:109EC4000100010001000100010001000100010086
:109ED400CB5CCC5C4A004B00DE5C0000010001005E
:109EE40001000100010001000100145C01004900AF
:109EF4004D004E00A900A80001000100010000006F
:109F04000000010000000000000001000100AC009E
:109F1400AA00AB00010001000100010001000100E2
:109F24000100010001000100010001000100010025
:109F34000100010001000100010001000100010015
:109F44000100010001000100010001000100010005
:109F540001000100010001000100010001000100F5
:109F640001000100010000000100010001000100E6
:109F740001000100010001000100010001000100D5
:109F840001000100010001000100000000000100C7
:109F940000000000000001000100010001000100B8
:109FA40001000100010001000100010001000100A5
:109FB4000100010001000100010001000100010095
:109FC4000100010001000100010001000100010085
:109FD4000100010001000100010001000100010075
:109FE4000100010001000100010001000100010065
:109FF4000100000001000100010001000100010056
:10A004000100010001000100010001000100010044
:10A014000100010001000000000001000000000038
:10A02400000001000100010001000100F0A300088C
:10A034001C2100201C2100201C210020F0A300086A
:10A04400000000000000000000000000F0A3000871
:10A05400000000000000000000000000F0A3000861
:10A06400000000000000000000000000F0A3000851
:10A07400000000100000001000000010F0A3000811
:10A08400000000000000000000000000F0A3000831
:10A09400000000000000000000000000F0A3000821
:10A0A4000000000000000000000000000C04004854
:10A0B4000B0400480A040048010400480300004857
:10A0C4000300000000000000312F00080000000021
:10A0D40020000000542000200000000002000000C6
:10A0E40000000000C15200089D310008C12F000883
:10A0F400FD530008000000002757000869580008B5
:10A1040077570008B358000871570008AD58000885
:10A1140021570008635800080000000000000000F8
:10A124008126700000000000000000005245454EEA
:10A1340054206D616C6C6F63207375636365656433
:10A14400656400002E2E2F2E2E2F2E2E2F2E2E2F16
:10A154002E2E2F2E2E2F2E2E2F2E2E2F6E65776C19
:10A1640069622F6C6962632F7374646C69622F7205
:10A17400616E642E630000002C2066756E63746942
:10A184006F6E3A2000000000617373657274696F2A
:10A194006E2022257322206661696C65643A20660C
:10A1A400696C6520222573222C206C696E6520253C
:10A1B40064257325730A0000232D302B2000000032
:10A1C400686C4C00656667454647000030313233A1
:10A1D400343536373839414243444546000000009F
:10A1E4003031323334353637383961626364656609
:04A1F4000000000067
:08A1F800CC61FF7F01000000B3
:10A20000040C002000000000E0950008C095000844
:10A21000A095000800000000000000000000000001
:10A22000000000000000000000000000000000002E
:10A23000000000000000000000000000000000001E
:10A24000000000000000000000000000000000000E
:10A2500000000000000000000000000000000000FE
:10A2600000000000352F000825590008D9580008C3
:10A27000FD2E0008C92E00080400000004000000A4
:10A2800000000000000000000000000000000000CE
:10A2900000000000000000000000000000000000BE
:10A2A00000000000000000000000000000000000AE
:10A2B000000000000000000000000000030000009B
:10A2C00000000000212D0008000000002000000018
:10A2D000000000000000000002000000000000007C
:10A2E000030000000000000000000000472E0008EE
:10A2F000000020000000000000000000020000003C
:10A300000000000003000000000000001F2D0008F6
:10A310000000000008000000000000000000000035
:10A3200002000000000000001C17002002030000D3
:10A3300004000000040000002000000020000000D5
:10A3400000000000C4170020541800200000000086
:10A3500000000000000000000000000000000000FD
:10A3600000000000000000000000000000000000ED
:10A3700000000000000000000000000000000000DD
:10A3800000000000000000000000000000000000CD
:10A3900000000000000000000000000000000000BD
:10A3A00000000000000000000000000000000000AD
:10A3B000000000000000000000000000000000009D
:10A3C000000000000000000000000000FF0000008E
:10A3D000000000000000000000000000000000007D
:10A3E000010096000000000800FF00FFFF030000CE
:040000050800035993
:00000001FF
