:020000040800F2
:1000000000040020590300085B0300085B0300089C
:100010005B0300085B0300085B0300085B03000848
:100020005B0300085B0300085B030008E16E000847
:100030005B0300085B0300085B0300085B03000828
:100040005B0300085B0300085B0300085B03000818
:100050005B0300085B030008F16C0008AD6C00084E
:10006000696C0008256C0008E16B0008A9690008AC
:1000700095690008816900086D69000859690008E0
:1000800045690008316900085B0300085B0300084C
:100090005B0300085B0300085B030008F96A0008C3
:1000A000C9690008C1690008C5690008BD69000880
:1000B00091650008416500082D650008CD660008BF
:1000C000356600085B0300085B0300085B0300085B
:1000D0005B0300085B0300085B0300085B03000888
:1000E000DD6900085B0300085B0300085B03000890
:1000F000556500085B0300085B0300085B0300080C
:100100005B0300085B0300085B0300085B03000857
:100110005B0300085B0300087D6500086965000853
:100120001D69000809690008F5680008E168000811
:10013000CD6800085B0300085B0300085B03000850
:100140005B0300085B0300085B0300085B03000817
:100150005B0300085B0300085B0300085B03000807
:100160005B0300085B0300085B03000829620008CA
:100170005B0300085B0300085B0300085B030008E7
:100180005B0300085B0300085B0300085B030008D7
:100190005B0300085B0300085B0300085B030008C7
:0801A00019020008F10100083A
:1001B0000348044B834202D0034B03B118477047F6
:1001C000F00D0020F00D0020000000000548064959
:1001D0000B1AD90F01EBA301491002D0034B03B155
:1001E00018477047F00D0020F00D002000000000BF
:1001F00010B5064C237843B9FFF7DAFF044B13B16F
:100200000448AFF300800123237010BDF00D0020DF
:100210000000000074A3000808B5044B1BB104499A
:100220000448AFF30080BDE80840CFE700000000BD
:10023000F40D002074A3000872B6394880F30888D2
:10024000384880F3098838484EF60851CEF200014C
:10025000086040F20000CCF200004EF63471CEF29D
:1002600000010860BFF34F8FBFF36F8F40F20000B3
:10027000C0F2F0004EF68851CEF200010860BFF3E4
:100280004F8FBFF36F8F4FF00000E1EE100A4EF674
:100290003C71CEF200010860062080F31488BFF3A1
:1002A0006F8F07F05DFF08F0BFFF4FF055301F491B
:1002B0001B4A91423CBF41F8040BFAE71C49194A1A
:1002C00091423CBF41F8040BFAE71A491A4A1B4B0A
:1002D0009A423EBF51F8040B42F8040BF8E70020A5
:1002E0001749184A91423CBF41F8040BFAE707F05E
:1002F0000FFF07F034FF144C144DAC4203DA54F8EE
:10030000041B8847F9E707F02DFF114C114DAC4253
:1003100003DA54F8041B8847F9E707F01FBF000011
:1003200000040020000C0020000000080000002055
:100330000004002074A30008000C0020F00D002031
:10034000F00D002030210020A0010008A4010008C9
:10035000A4010008A80100086EE700F000F8FEE71D
:100360002DE9F04F2DED108AC1F80CD0C3689D46E1
:10037000BDEC108ABDE8F08F002383F31188284676
:10038000A047002007F074FEFEE707F095FE00DFAF
:10039000FEE7000053B94AB9002908BF00281CBF76
:1003A0004FF0FF314FF0FF3000F06EB9ADF1080CA7
:1003B0006DE904CE00F006F8DDF804E0DDE9022383
:1003C00004B070472DE9F047089D04468C46002B89
:1003D00040F083808A42174647D9B2FA82F242B18E
:1003E000C2F1200024FA00F09140974040EA010C4D
:1003F00094404FEA1748230CBCFBF8F61FFA87FE1F
:1004000008FB16C143EA014306FB0EF1994209D9E4
:10041000FB1806F1FF3080F01981994240F21681F5
:10042000023E3B445B1AA4B2B3FBF8F008FB103366
:1004300044EA034400FB0EFEA64509D93C1900F12D
:10044000FF3380F00581A64540F2028102383C442A
:1004500040EA0640A4EB0E0400261DB1D440002360
:10046000C5E900433146BDE8F08702B9FFDEB2FAC4
:1004700082F2002A50D1CB1B4FEA174E1FFA87F8A1
:100480000126B3FBFEFC210C0EFB1C3341EA0341A9
:1004900008FB0CF38B4207D979180CF1FF3002D21C
:1004A0008B4200F2E9808446C91AA3B2B1FBFEF088
:1004B0000EFB101143EA014408FB00F8A04507D9E0
:1004C0003C1900F1FF3302D2A04500F2D980184652
:1004D000A4EB080440EA0C40BFE78B4209D9002D89
:1004E00000F0B1800026C5E9000130463146BDE884
:1004F000F087B3FA83F6002E4AD18B4202D38242B0
:1005000000F2B880841A61EB030101208C46002DB3
:10051000A8D0C5E9004CA5E7C2F1200320FA03F6F4
:10052000974001FA02F04FEA174ED9403043030CCE
:10053000B1FBFEF61FFA87F80EFB161143EA0143E2
:1005400006FB08F1994204FA02F409D9FB1806F1F6
:10055000FF3C80F08D80994240F28A80023E3B440D
:100560005B1A81B2B3FBFEF00EFB103341EA03418C
:1005700000FB08F38B4207D9791800F1FF3C73D2D6
:100580008B4271D902383944CB1A40EA064678E7E3
:10059000C6F1200C03FA06F422FA0CF31C4320FAED
:1005A0000CF701FA06F34FEA144E21FA0CF11F433F
:1005B0003B0CB1FBFEF91FFA84F80EFB191143EA5C
:1005C000014109FB08FA8A4502FA06F200FA06F32D
:1005D00008D9611809F1FF3048D28A4546D9A9F1F6
:1005E00002092144A1EB0A01BFB2B1FBFEF00EFBF0
:1005F000101147EA014700FB08F8B84507D9E71989
:1006000000F1FF312ED2B8452CD90238274440EAF8
:100610000940A7EB0807A0FB02894F45C64649469B
:100620001AD317D05DB1B3EB0E0267EB010707FADF
:100630000CFCF2404CEA0202F740C5E90027002614
:100640003146BDE8F0872E4628460BE70646E9E628
:100650001846FDE64345E5D2B8EB020E69EB04010E
:100660000138DFE70846D2E760468DE78146B9E703
:10067000664675E730464AE7ACF1020C394413E7A9
:1006800002383C4424E700BF704700BF014B1868A4
:10069000704700BF000C0020F0B4860746D0541EFF
:1006A000002A3CD0CAB2034602E014F1FF3436D32C
:1006B00003F8012B9D07F8D1032C29D9CDB245EAC7
:1006C00005250F2C45EA054533D9A4F11006360956
:1006D00003F1200707EB061703F1100242E9045566
:1006E00042E902551032BA42F8D1721C14F00C0FD4
:1006F00003EB021204F00F0613D0331F23F00303A1
:100700000433134442F8045B9342FBD106F0030424
:100710002CB1C9B21C4403F8011B9C42FBD1F0BCB4
:10072000704734461346002CF3D1F8E714460346CD
:10073000C2E71A462646E0E738B5124B1C68A26BA2
:1007400005461AB10023C2E9045338BD182000F051
:10075000B3F80246A06378B1012000210A4B136070
:10076000C2E904010B230948094993810023C2E926
:100770000101C2E9045338BD064B0748422100F08D
:1007800055F800BF000C00200E33CDAB34126DE6DF
:10079000ECDE0500A4A20008BCA2000838B51A4B84
:1007A0001C68A26B92B1146918495369184801FB7F
:1007B00004F100FB0313A4FB0045611C1D4445F13B
:1007C000000323F00040C2E9041338BD182000F0F4
:1007D00073F80246A06388B101200021C2E9040138
:1007E0000A480C4C0C4B0D490D4D146053600B2402
:1007F000034695609481C2E9041338BD094B0A4849
:100800004E2100F013F800BF000C00202DF45158C9
:100810002D7F954C0E33CDAB34126DE62E7F954C6B
:10082000ECDE0500A4A20008BCA2000800B50A4C3A
:100830002668054685B01C46F06852B1074B00910A
:10084000CDE9013206492B46224600F021F800F09E
:1008500071FD044B1A46F2E7000C0020F0A20008DC
:1008600000A30008FCA2000808B513460022FFF709
:10087000DDFF00BF0CB400B583B004AB53F8042B0C
:10088000019300F027F903B05DF804EB02B0704764
:100890000EB410B583B005AB064C53F8042B01938E
:1008A0000146206800F016F903B0BDE8104003B01F
:1008B000704700BF000C0020024B0146186800F092
:1008C00061B800BF000C0020024B0146186800F020
:1008D00003B800BF000C002000293CD038B551F807
:1008E000043C0C1F002BB8BFE418054601F0AAFA1F
:1008F000234B1A682AB1A2420DD92168601882429E
:1009000023D0626028461C60BDE8384001F09CBAE4
:10091000A34203D81A465368002BF9D11168501826
:10092000A04219D024D821686018834206D06360A1
:1009300054602846BDE8384001F086BAD3E9000388
:100940000144636021605460F3E7D2E9000201448E
:1009500062602160D6E770472068014450188342E6
:100960001160E6D1D3E90003014453601160E0E770
:100970000C232B602846BDE8384001F065BA00BF63
:100980000C0E0020F8B5CD1C25F0030508350C2D04
:1009900038BF0C25002D064633DBA94231D82A4F3B
:1009A00001F050FA3A6852B113685B1B04D43FE07F
:1009B00023685B1B29D522465468002CF8D179683E
:1009C00000293BD02946304605F004FC431C28D0C2
:1009D000C41C24F00304A04205D0211A304605F0BF
:1009E000F9FB01301DD02560304601F02DFA04F1ED
:1009F0000B0020F00700231DC21A01D01B1AA350C0
:100A0000F8BD0C2232600020F8BD0B2B05D8A242A5
:100A1000636811D05360E7E7144623601C442560E7
:100A2000E2E70C233046336001F00EFA0020F8BDF7
:100A30000B2BF1D8536814463B60D5E7304605F0E0
:100A4000C9FB7860BEE700BF0C0E00209368013B35
:100A5000002B936011DA10B49469A34209DB0A29D0
:100A600007D01368581C1060197008465DF8044BD5
:100A700070475DF8044B00F07DBB1368581C106094
:100A800019700846704700BF9BB1F8B513440F4674
:100A900006465D1E541E01E0AC4208D03A4614F8EA
:100AA000011F3046FFF7D2FF431CF5D1F8BD0020EF
:100AB000F8BD0020704700BF936810B5144613B905
:100AC0005360184610BD00F01DFE0023C4E9013339
:100AD00010BD00BF2DE9F04F9FB08B4690461C46DD
:100AE000039018B18369002B00F0B780A24B9B459F
:100AF00000F0B980A14B9B4500F0C780A04B9B45FF
:100B000004BF039BD3F80CB0BBF80C30180740F1BE
:100B1000B280DBF81030002B00F0AD8030238DF870
:100B2000323098F800300594002120220B918DF886
:100B30003120944E0127002B00F08780252B00F0F8
:100B40001581454603E0252B00F0A38025466B78F0
:100B50006C1C002BF7D1B4EB080A76D04246534602
:100B600059460398FFF790FF01306ED00B9B6A78CF
:100B700053440B93002A68D000234FF0FF32013416
:100B80000693CDE908338DF85B301C93079205E09E
:100B9000069A07FA03F313432C46069325460522CB
:100BA00015F8011B304600F0FBFFAA46831B002806
:100BB000EED1069BD90644BF20228DF85B20217818
:100BC0001A0744BF2B228DF85B202A2966D1059A8B
:100BD0001168043200290592C0F29D800991617864
:100BE000A51C2E2973D0684C0322204600F0D8FFA4
:100BF000002800F08680001B069B402404FA00F0C9
:100C00000343069305F10108297860488DF83010F8
:100C1000062200F0C5FF002800F083805C4B002B0B
:100C200072D005AB00935A465A4B039806A9AFF30E
:100C300000808146B9F1FF3F07D00B9B4B440B93DB
:100C400098F80030002B7FF479AFBBF80C305B06CE
:100C500018D40B981FB0BDE8F08F00F033FD464B61
:100C60009B457FF447AF039BD3F804B0BBF80C302F
:100C700018073FF54EAF5946039800F0DBFA0028FD
:100C80003FF44CAF4FF0FF30E4E7039BD3F808B0DC
:100C90003AE7B4EB080A3FF46FAF5FE7A1F1300227
:100CA000092A88BFA2469CD8099B01E02C46013541
:100CB000297803EB830302EB4303A1F13002092AF5
:100CC000AA46F3D92E2904F1020509938BD19AF88B
:100CD00001102A292FD1059B9AF802101A68079251
:100CE0000433002A05930AF103050AF1020338DBF5
:100CF000254C032220469A4600F052FF00287FF43C
:100D00007AAFA84655467FE7059B073323F00703D4
:100D10000833059391E7494243F002030991069392
:100D20005DE705AB00935A461A4B039806A900F0FD
:100D3000D5F881467EE7A1F130020023092A079306
:100D400001D915E05546697803EB830302EB4303B1
:100D5000A1F13002092A05F1010AF3D902350793FE
:100D600041E74FF0FF329A4607923CE7444603E7DB
:100D7000AA46013537E700BF989500087895000826
:100D80005895000830A3000838A300083CA30008C9
:100D900000000000890A000810B4044C13460A46FB
:100DA000014620685DF8044BFFF794BE000C00205C
:100DB0002DE9F0470C4691460A698968DDF82080E4
:100DC0008A42B8BF0A46C9F8002094F84310064684
:100DD0001F4611B10132C9F80020236899065CD57D
:100DE000D9F800200232C9F80020236813F0060F5A
:100DF00019461DD1E1688A1A002AD8BF194617DDA5
:100E000004F1190A002505E0E368D9F800209B1ACF
:100E1000AB420CDD0123524639463046C047013013
:100E200005F10105F0D14FF0FF30BDE8F0872168F2
:100E300094F84330003318BF01238A060AD5E1181D
:100E40005A1C302081F84300224494F8451082F85F
:100E50004310023304F1430239463046C0470130A3
:100E6000E1D02368A268216903F00603042B1DD09A
:100E70008A4226DD4FF00009521A91441A340025A7
:100E800001E04D451DDA0123224639463046C04770
:100E9000013005F10105F4D1C5E713F0060F13D0B9
:100EA00094F84330003318BF0123D3E7D9F800008A
:100EB000E3688A42A3EB000323EAE379DCDC002B3E
:100EC000DCDC0020BDE8F087E168D9F800208A1A50
:100ED000002AD8BF194693DCAAE700BF2DE9F043EA
:100EE0000C46097E85B06E29064617460C98984632
:100EF00004F1430E6DD039D9732900F0F68044D93E
:100F0000752900F00481782940F011817823226846
:100F1000DFF858C284F845300168150651F8043BE3
:100F2000016040F1A180D10744BF42F0200222605D
:100F3000002B00F093801022002184F84310606899
:100F4000A0600028C0F2C880216821F0040121605F
:100F5000002B40F0A380002840F0C0807546082A8E
:100F600000F0AC80AEEB0503236141E0632900F0A3
:100F7000E5801AD8002938D0582940F0D88084F864
:100F800045102268DFF8E8C1C6E76F2900F0BF808E
:100F9000702940F0CC802268DFF8D0C142F02002F6
:100FA0007823226084F84530B6E7642902D06929A5
:100FB00040F0BD8022680368110603F1040557D58F
:100FC000196805600B46002959DBDFF8A4C10A2225
:100FD000B5E70368226861691D1D056015061B6879
:100FE00002D4500600F1BD801960002375462361CC
:100FF000CDF800803B4603AA21463046FFF7D8FED5
:10100000013020D02A46236939463046C047013096
:1010100019D022680398E368920719D51A1A002A92
:1010200016DD04F11909002504E0E36803981A1A93
:10103000AA420DDD01234A4639463046C0470130F9
:1010400005F10105F1D14FF0FF3005B0BDE8F083A7
:101050009842B8BF184605B0BDE8F083226822F078
:1010600020022260102267E7500648BF9BB25AE771
:101070005106A5D5B3F9003005601946A3E76168AC
:10108000A1602D200029C3F1000384F8430002DB96
:1010900022F004022260DFF8D8C00A22754600E080
:1010A0000B46B3FBF2F102FB113093421CF8000037
:1010B00005F8010DF4D2082A7FF454AF2368DB074A
:1010C0007FF550AF626823699A423FF74BAF3023F8
:1010D00005F8013C013D45E7002BDFD19CF80030CD
:1010E00084F8423004F1420539E703686268191D4B
:1010F00001601D680021284600F052FD002832D012
:10110000401B60602061002384F8433070E7226850
:10111000036812F0800F03F104051AD01B68056004
:101120006F290CBF08220A22DFF844C004E701231C
:1011300084F84210236104F14205E4E703681A6869
:10114000191D0123016004F1420584F84220236146
:10115000D9E712F0400F0DBF1B6805601B880560C2
:10116000DEE7198041E76068CCE700BF58A30008BC
:1011700044A30008F8B50D461446064608B1836935
:1011800043B3254B9C422AD0244B9C4229D0244B6C
:101190009C4208BFF468A389A269A2601A0722D5FD
:1011A000236903B322686169D31AEDB299422F46CD
:1011B00029DD0133A168501C0139A1602060157040
:1011C00062699A4216D0A389DB0701D50A2D11D096
:1011D0003846F8BD00F076FA0F4B9C42D4D17468C3
:1011E000D9E7B468D7E72146304600F023F838B98C
:1011F0002369D7E72146304600F03AF90028E7D0C6
:101200004FF0FF37E4E72146304600F031F900287F
:10121000F6D122680123CDE798950008789500085B
:1012200058950008024B0A4601461868FFF7A2BF0E
:10123000000C00203B4B70B51D6806460C460DB1F6
:10124000AB69DBB1384B9C421ED0384B9C424AD034
:10125000374B9C4208BFEC68B4F90C2093B21907D5
:1012600018D5206908B313F001022CD0636900225D
:101270005B42A361A26060B3002070BD284600F00D
:1012800021FA294B9C42E0D16C68B4F90C2093B24E
:101290001907E6D4DD063CD5580726D4206942F06C
:1012A0000803A3819BB20028DDD103F42072B2F5BC
:1012B000007FD8D03046214600F026FCA389206963
:1012C00013F00102D2D1990758BF6269A2600028C9
:1012D000D2D1B4F90C301A06CFD543F04003A38124
:1012E0004FF0FF3070BDAC68B6E7616B51B104F1EF
:1012F0004403994204D03046FFF7EEFAB4F90C20CB
:101300000023636300232069636022F024022060CD
:10131000C5E742F04002092333604FF0FF30A2815D
:1013200070BD00BF000C002098950008789500085B
:101330005895000808B5062000F034FE012004F09E
:101340002FFF00BF8B891A072DE9F0410C4680461C
:1013500041D44A68002A59DDE66A002E53D00022A3
:10136000D8F80050216AC8F8002013F4805251D1F7
:1013700001234046B047431C5FD0A389E66A216A37
:101380005F0705D56268636B801A0BB1236CC01AC6
:10139000024600234046B047461C45D1D8F80030ED
:1013A000B4F90C20002B55D01D2B01D0162B5AD18F
:1013B00023690022C4E90032616BC8F8005011B300
:1013C00004F14403994202D04046FFF785FA002019
:1013D0006063BDE8F0810E69AEB10D680E609907DB
:1013E0000CBF63690023AD1BA3600AE02B463246A5
:1013F000A76A216A4046B8470028A5EB00050644C5
:101400000ADD002DF2DC0020BDE8F0810A6C002A24
:10141000A2DCF8E7606DB3E7A38943F04003A38142
:101420004FF0FF30BDE8F0812269A38922600022DD
:101430006260DA04C0D56065BEE7D8F80030002BE2
:101440009BD01D2B0CD0162B0AD0A38943F0400350
:10145000A381D9E72169C4E90013D304ACD5EAE735
:10146000C8F80050CFE742F04002A281CCE700BFAD
:101470000B6923B310B5044682B008B18369BBB1D0
:10148000104B994212D0104B994216D00F4B9942F3
:1014900008BFE168B1F90C302BB1204602B0BDE8BD
:1014A0001040FFF74FBF002002B010BD6168F1E7A8
:1014B000019100F007F90199E2E7A168EAE700204D
:1014C000704700BF98950008789500085895000867
:1014D00020B1054B01461868FFF7CABF034B04490A
:1014E000186800F0B9BA00BF000C0020549500083D
:1014F0007114000800207047014900F0ADBA00BF28
:10150000711400080020704770B54A1E682505FB5D
:1015100002F50E4605F17401FFF734FA044640B1B6
:1015200000210C30666005F168022160A060FFF7C1
:10153000B3F8204670BD00BF1E4B70B51D68AB6987
:10154000064643B34835D5E90134013B05D51EE0D5
:10155000013B5A1C04F1680419D0B4F90C20002A8C
:10156000F6D10025144B6566C4E90055A560C4E9B1
:101570000455A5612946E360082204F15C00FFF7E9
:101580008BF8C4E90D55C4E91255204670BD2C688E
:101590002CB12546D7E7284600F010F8D2E7042101
:1015A0003046FFF7B1FF044628600028F1D10C2334
:1015B0003360EAE7549500080100FFFF2DE9F84F7A
:1015C000334B34491A68816290424FF00003C0E9FE
:1015D0001233036504BF012383610546FFF7ACFFA7
:1015E00068602846FFF7A8FFA8602846FFF7A4FF19
:1015F0006E68E86000240423F3607466C6E9004462
:10160000B460C6E90444B461214606F15C000822D6
:10161000FFF742F8DFF888B0AF68DFF888A0DFF89E
:101620008890DFF888801C4BC6F83080C6E9086BCC
:10163000C6E90AA92146FB6008227C66C7E9004486
:10164000BC60C7E90444BC6107F15C00FFF724F803
:10165000EE68124BC7F83080C7E9087BC7E90AA9D2
:101660002146F3607466C6E90044B460C6E90444E8
:10167000B46106F15C000822FFF70EF80123C6E909
:10168000086BC6E90AA9C6F83080AB61BDE8F88FDF
:1016900054950008F9140008090001001200020026
:1016A000152000083D2000087D2000089D2000082E
:1016B000024B0349186800F0CFB900BF54950008E9
:1016C00071140008836903B978E77047704700BF59
:1016D000704700BF704700BF704700BF024B03490F
:1016E000186800F093B900BF000C0020F514000842
:1016F000024B0349186800F089B900BF000C0020B4
:10170000051500089368002B00F002812DE9F04FC9
:10171000B1F90C309BB20C46190783B08246904653
:1017200035D522699AB313F00202D8F800603DD093
:101730000027D4F828B0D4F820C0DFF8CC923D467A
:101740004D452B463A4628BF4B4661465046D5B1DB
:10175000D847002840F3D280D8F808301B1A074435
:101760002D1AC8F80830002B00F0B780D4F820C03C
:10177000D4F828B04D452B463A4628BF4B46614623
:101780005046002DE4D1D6E900750836D8E7214649
:101790005046FFF74FFD002840F03081B4F90C307F
:1017A000D8F800609BB213F00202C1D113F0010916
:1017B00040F0B080A76820684D46002D54D09A05AF
:1017C00040F1BC80AF42BB4600F2E78013F4906F5B
:1017D0002FD0D4E9041707EB4707A0EB010B07EB69
:1017E000D777681C7F105844B8423A4684BF0746F2
:1017F0003A465B0540F1E98011465046FFF7C2F8D2
:10180000002800F0F5805A462169019000F018FA8E
:10181000A289019B22F4906242F08002A281A7EB90
:101820000B0203EB0B00676123612060A2602F466F
:10183000AB465A46494600F09DFAA2682368D21B7F
:101840005B442F46A26023600025D8F80830DB1BDC
:10185000B944C8F80830002B3FD0B4F90C30A76861
:1018600020689BB2002DAAD1D6E900950836A4E7DE
:101870000BF1080353E902679B460833002FF9D0A8
:101880003A460A21304600F08BF9002853D0013047
:10189000A0EB06094B46D4E904122068BB4228BFDE
:1018A0003B46884203D9A5681544AB4219DC9A42ED
:1018B0007DDC1346A56A216A32465046A847051EBC
:1018C0001CDDB9EB05096BD00120D8F808305B1B93
:1018D0002E447F1BC8F8083013BB002003B0BDE8BE
:1018E000F08F31462A4600F045FA23682B442360E6
:1018F00021465046FFF7BCFD0028E2D0B4F90C3079
:1019000043F040034FF0FF30A38103B0BDE8F08FF8
:101910000020704733469146104617464E469B4678
:10192000002FA5D00028B5D13A460A21304600F054
:1019300037F90028ABD17B1C9946ACE72369834279
:1019400015D36169A94212D82E4BA76A9D4294BF54
:101950002B466FF000434A4693FBF1F3504601FBE0
:1019600003F3216AB847071EC8DDED1B6DE7AF42E0
:1019700028BF2F463A46494600F0FCF9A368226882
:10198000DB1B3A44A3602260002BEED12146504677
:10199000FFF76EFD0028E8D0B0E72F46AB4648E7DA
:1019A00021465046FFF764FD00288ED0A6E71A4670
:1019B0003146019300F0DEF9019BA1682268C91A43
:1019C0001A44A16022601D467BE7504600F03EFAB3
:1019D000034600287FF423AF21695046FEF77CFFC1
:1019E000B4F90C300C2223F08003CAF8002087E7FA
:1019F0000C23CAF80030B4F90C3081E74FF0FF3007
:101A00006CE700BFFEFFFF7F00FCFF7F2DE9F04188
:101A100010F148071BD088460026D7E90154013D44
:101A20000FD4A389012B05F1FF3506D9B4F90E3087
:101A30000133204601D0C04706436B1C04F1680403
:101A4000EFD13F68002FE8D13046BDE8F0813E4637
:101A50003046BDE8F08100BF2DE9F84310F148079A
:101A60001FD0884606464FF00009D7E90154013DD2
:101A700011D4A389012B05F1FF3508D9B4F90E3033
:101A800001332146304602D0C04749EA00096B1CA9
:101A900004F16804EDD13F68002FE6D14846BDE867
:101AA000F883B9464846BDE8F88300BF70B50C46D8
:101AB000B1F90E10002996B016461D4613DB6A4692
:101AC00004F07BFB00280EDB019A02F47042A2F5C1
:101AD0000052B2FA82F252094FF4806300202A6069
:101AE000336016B070BDA38900221B062A6004D59E
:101AF00040230020336016B070BD4FF48063002097
:101B0000336016B070BD00BF8A8992070B4606D5B8
:101B100001F1470201211A60C3E90421704770B541
:101B200082B001AB6A460C460646FFF7BFFF00993C
:101B300005463046FEF726FFB4F90C3070B1164961
:101B4000B162019A0099206043F08003A381C4E947
:101B500004018AB92B43A38102B070BD9A05FBD45E
:101B600023F0030304F1470243F002030121A381A0
:101B70002260C4E90421EFE73046B4F90E1004F006
:101B80001AFB10B9B4F90C30E4E7A38923F003037E
:101B900043F001031BB2DDE7F91400080000000068
:101BA00001F0FF01102A2BDB10F0070F08D010F80E
:101BB000013B013A8B422DD010F0070F42B3F6D112
:101BC000F0B441EA012141EA014122F007047FF02B
:101BD00000070023F0E80256083C85EA010586EA82
:101BE000010685FA47F5A3FA87F586FA47F6A5FABE
:101BF00087F68EB9EED1F0BC01F0FF0102F00702CA
:101C000032B110F8013B013A83EA010313B1F8D174
:101C10000020704701387047002D06BF3546033855
:101C2000073815F0010F07D1013015F4807F02BF8E
:101C3000013015F4C03F0130F0BC0138704700BFDF
:101C4000844641EA000313F003036DD1403A41D3C7
:101C500051F8043B40F8043B51F8043B40F8043B86
:101C600051F8043B40F8043B51F8043B40F8043B76
:101C700051F8043B40F8043B51F8043B40F8043B66
:101C800051F8043B40F8043B51F8043B40F8043B56
:101C900051F8043B40F8043B51F8043B40F8043B46
:101CA00051F8043B40F8043B51F8043B40F8043B36
:101CB00051F8043B40F8043B51F8043B40F8043B26
:101CC00051F8043B40F8043B51F8043B40F8043B16
:101CD000403ABDD2303211D351F8043B40F8043BB6
:101CE00051F8043B40F8043B51F8043B40F8043BF6
:101CF00051F8043B40F8043B103AEDD20C3205D3C6
:101D000051F8043B40F8043B043AF9D2043208D0BD
:101D1000D2071CBF11F8013B00F8013B01D30B882F
:101D200003806046704700BF082A13D38B078DD00D
:101D300010F003038AD0C3F10403D21ADB071CBFDF
:101D400011F8013B00F8013B80D331F8023B20F849
:101D5000023B7BE7043AD9D3013A11F8013B00F882
:101D6000013BF9D20B7803704B7843708B7883700A
:101D7000604670478842F0B40DD98B1883420AD967
:101D8000841832B1224613F8014D02F8014D9942F0
:101D9000F9D1F0BC70470F2A0ED80346541E002A12
:101DA000F7D001340C44013B11F8012B03F8012F4B
:101DB000A142F9D1F0BC704740EA01039B073BD137
:101DC000A2F110073F0901F1200606EB071601F109
:101DD000100300F1100453F8105C44F8105C53F841
:101DE0000C5C44F80C5C53F8085C44F8085C53F84D
:101DF000045C44F8045C1033B34204F11004EAD1EB
:101E00007B1C1B0112F00C0F194402F00F05034458
:101E100015D0043DAD0803EB850C1C1F0E4656F88B
:101E2000047B44F8047F6445F9D10135AD002B44AF
:101E3000294402F00302B1E7541E0346B1E72A46E3
:101E4000ACE700BF704700BF704700BF09B3F8B5EB
:101E50001446CAB106460D4600F024F9A04202D34A
:101E60002F463846F8BD21463046FEF78BFD074623
:101E70000028F6D022462946FFF7E2FE30462946E2
:101E8000FEF72AFD3846F8BD2746FEF725FD384601
:101E9000F8BD1146FEF776BD10B580210446FEF769
:101EA00071FD606440B1031F00227C3043F8042FB1
:101EB0008342FBD1002010BD4FF0FF3010BD00BFAA
:101EC000436C0BB100207047E6E700BF1F2970B5D7
:101ED000054608D8436C16460C464BB153F824000F
:101EE00043F8246070BD162202604FF0FF3070BDD1
:101EF000FFF7D2FF08B96B6CF0E74FF0FF3070BD11
:101F00001F2938B521D8426C05460C466AB152F8F3
:101F1000213053B1012B16D0591C10D0002520467A
:101F200042F824509847284638BD284600F070F8FB
:101F3000224601462846BDE8384000F055B8162331
:101F40000360012038BD002038BD162303604FF028
:101F5000FF3038BD1F2921D838B5436C05460C46E3
:101F600083B153F8242003EB84034AB1511C10D0F1
:101F7000012A0CD0002520461D609047284638BD18
:101F8000012038BDFFF788FF28B96B6CE9E7032013
:101F900038BD022038BD4FF0FF3038BD4FF0FF3064
:101FA000704700BF024B01461868FFF7A9BF00BF8A
:101FB000000C0020024B0A4601461868FFF786BF56
:101FC000000C0020034B1868436C0BB100207047D5
:101FD00062E700BF000C0020024B01461868FFF7C3
:101FE000B9BF00BF000C002038B50B46074C0546B2
:101FF000114618460023236004F0D5F8431C00D096
:1020000038BD2368002BFBD02B6038BD2C2100206D
:1020100004F0C7B810B50C46B1F90E1004F0FEF884
:10202000002803DB636D0344636510BDA38923F4BB
:102030008053A38110BD00BF002070472DE9F041FF
:102040001646B1F90C201F46D3050C460546B1F9DA
:102050000E1009D422F48052A2813B463246284613
:10206000BDE8F04104F0D6B80022022304F0D4F811
:10207000B4F90C20B4F90E10ECE700BF10B50C4613
:10208000B1F90E1004F0C8F8A389421C0EBF23F466
:10209000805343F480536065A38110BDB1F90E10E5
:1020A00004F0B6B851F8043C181F002BBCBF0B5805
:1020B000C01870474B6843608B688360CB68C3600F
:1020C0000B6943614B6903628B6943620B68036070
:1020D0007047000000EB810370B5DD682B6803F0EA
:1020E0000303032B5AD0002B0CBF4FF400730023C3
:1020F0002F4A146D6A6904F1804404F5C04404EB6E
:1021000001146AB1002262602A8AD0F88460013228
:1021100022F001023244C0F8842043F020032660FC
:10212000AA69C2B16D8A3E2D05F1FF3239D942F05C
:102130001F02204E0132521146EA822292B2E26020
:10214000D0F88420013525F001051544C0F88450ED
:1021500043F40053A2608A0002F1804202F5B842C3
:1021600010684404106848BF43F48043400648BFE9
:1021700043F04003194321F4784148F2800021F0F4
:10218000F001014323F4F163116023F007031168A8
:102190005B045B0C4B400343136070BD4FF4C063A2
:1021A000A6E742F001020132520202F47C42C6E785
:1021B000005C00400080FFFF0B4B0C480021802298
:1021C00019655964DA644268D2688A420CBF4FF4D8
:1021D0001C424FF41E421A644023C0F88430044B62
:1021E000C360FFF777BF00BF005C00401C170020F2
:1021F000C89A00080E4BDA6942F40002DA610D4A0F
:10220000DB69012313640C4BD02183F84A134FF48C
:102210008061C3F888119960E02183F84B134FF473
:102220000061C3F88811996000231364FFF7C4BFED
:1022300000100240005C004000E100E00C4B1B6D10
:1022400003F1804303F5C04303EB0010114403681E
:10225000426003F1005303F540535B00002AA1EBF9
:10226000020000DC7047008843F8040B023AF5E7EF
:10227000005C0040836970B51A69DD681540EAB2F8
:10228000D243AE0704461A6103D543681B6903B104
:102290009847680704D563689B690BB12046984747
:1022A000290704D563681B6A0BB120469847EA06E4
:1022B00004D563689B6A0BB120469847EB0706D5A7
:1022C00063689B681BB12046BDE87040184770BD2D
:1022D000C3681969DA680A40D1B2C943D2071961E3
:1022E0000FD50278042A08D10222027000221A6057
:1022F0001A61DA6822F0FF02DA6043685B6803B1B2
:1023000018477047D0E90B315B6840685A684B68E2
:10231000806810B523F0FF73FF2A23F4803394BF45
:1023200000244FF0807443EA000388BFFF22234358
:1023300043EA02434B6010BD836A5B6830B5046BAF
:102340005968436862689B68FF2988BFFF2122F0B3
:10235000FF7243EA014322F4803294BF00254FF01C
:10236000807513432B4343F48063636030BD0000EA
:1023700010B40468437B21684268D940126801F0B8
:102380000E010A420FD0827B01FA03F3636001322F
:10239000064B53F8324034B103EBC203586823466E
:1023A0005DF8044B18475DF8044B7047F81B00209C
:1023B00038B50C46012511460289A5401543058113
:1023C00000EB84000025C2685069128A03609A42BB
:1023D00028BF1A4681604560C56002612046A4009E
:1023E00004F1804404F5B844FFF728FF236823F480
:1023F000F04323F0400383F0300343F4004343F001
:102400008003236038BD000010B590F86430142BB1
:10241000044636D024D8062B05D001D81BB110BDF8
:10242000093B022BFBD81D490B6823F4F04323F032
:10243000400383F0100248F2800002430A600B68F8
:1024400023F4904323F0700383F4805303430B6021
:1024500063681B6813B1062120469847062319E0DC
:10246000152BDCD10B2380F86430202383F31188F3
:1024700000231A461946FFF79BFF002383F31188B8
:10248000CDE7C3689B695B68002BC8D1036F03B1BC
:102490009847002384F86430C1E700BF005C004027
:1024A00070B54689012404FA01F53543458100EBF6
:1024B0008100C568A8698260002203604260C26032
:1024C0002BB16A8A013B1344B3FBF2F39CB289003F
:1024D00001F1804101F5B84104820B6823F4904377
:1024E00023F0700383F4405343F4004343F080032C
:1024F0000B6070BD38B590F864300446002B42D0B4
:10250000063BDAB20F2A38D80F2B36D8DFE803F0B3
:102510003B353508263635353535353535353B3B94
:1025200090F87B1090F87A20C36E42EA0122934221
:1025300014D2C268128AB3FBF2F502FB15356DB9ED
:10254000202383F311882B462A462946FFF730FFC4
:1025500085F311880A2384F864300EE0142384F88C
:102560006430202383F3118800231A46194620463D
:10257000FFF796FF002383F3118838BD036F03B183
:1025800098470023E7E70E490B6823F4F04323F054
:10259000400383F0100248F2800002430A600B6897
:1025A00023F4904323F0700383F4805303430B60C0
:1025B00063681B6813B10621204698470623CAE7C3
:1025C000005C004090F87630074A80F87E3043F097
:1025D000800310B5D36443681B6804460BB1012126
:1025E00098470323237010BD005C00400369196005
:1025F000C268013AC260C2691344826903619342AE
:1026000024BF436A036100238362036B03B118474D
:102610007047D0E904239A4201D1C26822B9184612
:1026200050F8043B0B60704700207047C368C269D4
:10263000013BC3604369134482694361934224BFF1
:10264000436A436100238362036B03B118477047F9
:10265000202383F31188104B5B6813F4006317D0B9
:10266000F1EE103AEFF30983683B4FF08072DA61C4
:102670000A4AD2681A6683F30988094A116892697E
:102680008968926891428CBF064A074A9A617047EE
:1026900083F31188704700BF00ED00E030EF00E0E9
:1026A000E41900208B0300088E0300080D4A0E4B2E
:1026B000516FC2685B68013230B5C260D0E9044531
:1026C00082685B1A9B1A42688360E41845F1000532
:1026D0009342026888BF43609342C0E9044538BF13
:1026E000036030BDE4190020001000E0014B5B687E
:1026F00083607047001000E0002380F8203082687B
:10270000054B1B6899689142FBD25A68036042608E
:1027100010605860704700BFE4190020F8B50468E5
:1027200005460E460027AC4200D1F8BDE3683343AE
:10273000E36023691E420BD0D4E90103426B1343CB
:1027400090F8202043630A2A04D1426A134207D139
:102750002468E8E70B2AFBD1426A32EA0303F7D187
:102760004762FFF7C9FFF3E738B504460D46206816
:10277000844200D138BD036823605C604562FFF786
:10278000BBFFF4E703682BB10022026059621846D0
:10279000FFF7B2BF70470000F8B590F86430044608
:1027A00013B1002380F86430BF4B1B6D03F18043ED
:1027B00003F5C04303EB011104F174008B6803F1CE
:1027C000005303F540535B0003F110021946043334
:1027D000096820F8021B9342F8D163689B681BBB11
:1027E00094F8743013F0600546D0AF490B6823F4B9
:1027F000F04323F0400383F0100248F280000243CC
:102800000A600B6823F4904323F0700383F4805331
:1028100003430B6063681B6813B106212046984789
:10282000062384F86430F8BD204698470028D7D0A6
:1028300094F87B2094F87A3043EA0223E26E9A42BD
:1028400088BFE36694F97430E56E002B4FF02003E7
:1028500080F26481002D00F05381092284F8642005
:1028600083F311880021D4E91A232046FFF7A0FD45
:10287000002383F31188D6E794F8752003F07F03D3
:1028800043EA022340F20232934200F0178121D83A
:10289000B3F5807F4ED00DD8012B45D0022B00F030
:1028A000B680002BA1D104F17C02A2660222E2666E
:1028B0002367BDE7B3F5817F00F0C380B3F5407FA8
:1028C00093D194F87630012B8FD1B4F87C3043F05B
:1028D000020338E0B3F5006F3FD01DD8B3F5A06F09
:1028E00037D0A3F5C063012B3FF67FAF94F8792072
:1028F000616894F878304E6894F8771043EA0223C0
:10290000204694F87620B04700283FF46EAF436825
:10291000A3660368E3661AE0B3F5106F22D040F6B1
:10292000024293427FF461AF604BA3660223E366E9
:102930000023BDE794F87630012B7FF456AFB4F84E
:102940007C3023F00203C4E91A55A4F87C302567D3
:102950006EE7C4E91A55564BAAE704F17F03A36654
:102960000123D7E72378042B40D1202383F3118858
:10297000A36803F00113A36004F1100604F12C070F
:1029800056F8043B7BB1586920B16FF001010C305F
:10299000FFF7F8FE56F8043C986920B16FF001018A
:1029A0000C30FFF7EFFEB74246F8045CE8D1402355
:1029B000C4F88430012248F28000930003F1804380
:1029C00003F5B84301321968082A41EA0001196089
:1029D0001860F2D1002383F31188032184F87F303B
:1029E000636821701B680BB12046984794F87630D5
:1029F0004BB184F87F300423237063681B6813B1E4
:102A00000221204698470023C4E91A3350E794F87E
:102A1000783003F00F0213F0800F234B53F822306D
:102A200008D013F030033FF4E0AE102B14BF214B5D
:102A3000214B7AE713F440533FF4D7AEB3F5805FF0
:102A4000F4E794F87630002B7FF4CFAE94F878203A
:102A500012F00F03D7D01BB29B0003F1804303F5A4
:102A6000B84312F0800F1A680DD002F03002302AFD
:102A7000C9D01A6822F4F04222F0400282F020020B
:102A800042F400420BE002F44052B2F5405FBAD08B
:102A90001A6822F4F04222F0400242F4204242F04E
:102AA00080021A60AFE700BF005C004094A20008FB
:102AB000C525000890990008789E000894F87630A3
:102AC000002B7FF492AE94F8782012F00F039AD086
:102AD0001BB29B0003F1804303F5B84312F0800F53
:102AE0001A6806D022F4F04222F0400282F010026E
:102AF000C6E722F4904222F0700282F48052BFE7CF
:102B0000142284F8642083F311882B462A46294630
:102B10002046FFF7C5FC85F3118884E65DB11522D8
:102B200084F8642083F311880021D4E91A23204615
:102B3000FFF7B6FC9CE60B2284F8642083F311882F
:102B40002B462A4629462046FFF732FCE3E700BF22
:102B500008B5202383F3118890F820200023072A4A
:102B600007D8DFE802F00C060604130F0613426ACA
:102B700013604FF0FF334362FFF7BEFD002383F382
:102B8000118808BD426A936801339360D0E900322E
:102B900013605A60EDE700001A4902680B4610B551
:102BA00053F81C4F84420DD041680A60026851609E
:102BB0009A424FF00001C16003D0936881680B44D2
:102BC000936010BD00209A42CA615360E06003D157
:102BD0004FF08043D860F4E79368A068896A0344A3
:102BE00093604FF08042526A501A8342E9D98A1AA0
:102BF0001A44012A98BF831C4FF080420B44536350
:102C0000DFE700BFE4190020C0E90323294A2DE9CA
:102C1000F0411446022954F81C3F4FF0804738BF5A
:102C20000221A3427E6A9446A6460DD1C2E907005E
:102C30009662C0E9003381600023314479633B61CF
:102C40000223FB60BDE8F081956A741B09190A46EE
:102C500026D31A464FF0000803E0C2F80880126835
:102C6000E41B9768BC42F8D8724505EB040818BF0E
:102C70003C1BCCF8288018BF9460AA1B0A449968B2
:102C8000914213D3596803604160086058608260C4
:102C900099688A1A9A604FF0FF33CCF82430D1E754
:102CA00099688A42EBD215447D63E8E71B68521AA3
:102CB000E5E700BFE419002013B504460748C268E1
:102CC0000B461AB10191FFF767FF019B044A0348C5
:102CD000214602B0BDE81040FFF796BF9C1F0020C0
:102CE000412F0008FEE7000030B5202383F3118850
:102CF000094C65682368281A49420840821A9A429A
:102D00004FF0000305D3954203D3626083F311882B
:102D100030BD1846FAE700BFC01B0020704770475F
:102D200000EB81032DE9F3419C6A05460E46002C19
:102D300033D0202383F3118805EB86080821201D5A
:102D4000FFF7ECFCD8F80C305B691B6804F1440712
:102D5000ABB1236D226E606C01332365A36D134408
:102D6000E26DA365934224BFA36EA365B84206D06B
:102D7000036863645F6000234362FFF7BDFC01A941
:102D80003846FFF746FC024650B1019B31462846C3
:102D9000FFF70EFB002383F3118802B0BDE8F0813A
:102DA000D8F80C305A691268002AF3D01B8A013B0C
:102DB0001342EFD1E36F1B7E002BEBD105F17402C0
:102DC000E4E713B5446BE36F1A681178042915D151
:102DD000217A022912D11979128901238B401342D9
:102DE0000CD101A904F14400FFF713FC024628B1FD
:102DF000E46F019B21792068FFF7DAFA02B010BD79
:102E000038B5C16F0C682378042B18D1037A022BD4
:102E100015D10A796589012303FA02F22A420ED1FB
:102E2000D0E90725AA4201D1856955B9836A497954
:102E30002046043B0432FFF733FB002038BD01205D
:102E4000FCE71846FAE7113110B550F82140002C84
:102E50002DD0202383F3118804216018FFF75EFC36
:102E6000E26FE0681368527903EB820304F10C010E
:102E7000DB689B695A68E3691A60A2690132A26142
:102E8000A26A1344626AE361934224BF236BE36145
:102E9000814206D00368E360596000234362FFF774
:102EA0002BFC2046FFF7ACFF002383F3118810BDF5
:102EB000406BFFF7A5BF80B2400000F1006000F555
:102EC000783000787047000013B5202383F3118811
:102ED000094C2178042904D0002383F3118802B01F
:102EE00010BDADF80500032301AA20468DF804109B
:102EF000FFF75EFAF0E700BF1C17002013B5202390
:102F000083F31188094C2178042904D0002383F32A
:102F1000118802B010BD0323ADF8050001AA2046B8
:102F20008DF80430FFF744FAF0E700BF1C170020CB
:102F300070470000014B1878704700BFB01F002099
:102F400070B52023064683F311880378042B03D041
:102F5000002383F3118870BD144B1B78DB09F7D174
:102F6000134C2278002AF3D0124B1B78002BEFD0A1
:102F700003899B0704D4104A08230121FFF718FA9C
:102F80000E4B247840F2E730A4FB034520184FF0A5
:102F900000014FF47A724FF0000345EB0101FDF799
:102FA000F9F931468000FFF787FED1E7D21F0020F4
:102FB000981F0020E00D0020B11F0020A086010016
:102FC000F8B590F8743003F07F02212A044672D1DC
:102FD00013F0800F90F875001FD0022817D0032837
:102FE0000BD0012867D194F87830002B56D14B4A8A
:102FF000A2662022E266236708E0B4F87820002A5F
:1030000059D10120C4E91B02454BA366F8BD454BCD
:10301000A3660120E0660023EDE70A2842D00B28D2
:103020000ED0092847D194F8782012F0FD0F42D134
:103030003D4BA3660223E3663C4B23670120E5E793
:10304000B4F8783053BB94F87650354B002D14BF4C
:10305000012100211970364B1A7861F3C7121A70DA
:103060001CD1304B1A78CAB1202282F311881E7805
:10307000304B40F2E730A6FB036730184FF00001F9
:103080004FF47A724FF0000347EB0101FDF782F92C
:1030900021468000FFF710FE85F311880023C4E964
:1030A0001A33CAE722491F4B0D7894F877201A701B
:1030B000ED09F3D1D7E7B4F8741040F28162914280
:1030C00016D194F87920616894F878304D6894F8B6
:1030D000771043EA0223204694F87620A84708B9DF
:1030E000002093E74368A3660368E3660023A4E730
:1030F000114A92F8B620002AF2D003F06003202B88
:10310000EED194F87530212B05D81F2BE8D90B4B45
:10311000A3660723E9E7222BC0D0E1E7B11F002017
:10312000E00D0020981F00205420002041310008AD
:10313000D21F0020A0860100780C0020E10D0020A5
:1031400090F87A10074A0229137807D103F0FB039D
:10315000012B05D1044B52781A707047024A137044
:10316000704700BF54200020B01F002010B5084A4F
:10317000084C117824784B1C03F00F039C421DBFB0
:10318000054C13706054002018BF012010BD00BF13
:10319000901C0020911C0020801C002042EA01228B
:1031A000100A032811B214D00CD8012828D0022804
:1031B0000CD1154A5B231548002AC0E9003208BF2C
:1031C0001046704721280DD0222812D000231A461D
:1031D000F1E7CBB2022BF9D80D4A0E4952F8232061
:1031E000CB5CE8E7022BF1D80B4A52F823200923E5
:1031F000E1E7022BEAD8094A094952F82320EFE710
:10320000084A1223D7E700BF25970008F01B0020CB
:10321000CC960008D8960008DC960008E8960008CE
:103220002297000880970008074B084A1A60BFF3EE
:103230004F8F0749074BCA6802F4E0621343CB6023
:10324000BFF34F8F00BFFDE7FC9F0020EFBEADDE58
:1032500000ED00E00400FA0538B5202383F311885F
:103260004FF08043596A002383F31188074B084CC1
:103270001B68084AC91A4FF47A700025E0FB014523
:10328000002320462946FDF785F838BD4020002060
:103290009F860100A086010010B5114B1B7893B1E9
:1032A000104B93F90030002B0DDAEF294FEAD103D0
:1032B00008D8184401F0070101238B40817821EAE6
:1032C0000301817010BD831C0022083013F8014BEC
:1032D000A14208BF03F8012C9842F7D1F2E700BFE2
:1032E000E00D0020D21F002030B5164B1B788BB1AB
:1032F000154B93F90030002B0CDAEF294FEAD1037C
:1033000007D8034401F00702012191409A78114344
:10331000997030BD841C4FF0FF33002214F8015B1C
:10332000A942F6D0B3F1FF3F02D1002D08BF1346EA
:103330000132D5B2062D52B2F0D15A1CE9D0034465
:10334000E6E700BFE00D0020D21F0020024B1A78F4
:103350000AB100221A7070473020002010B5204BAF
:10336000204A1B78127820491343204A12781343CD
:103370001F4A0B701278A2B113430B701D4B1B78C0
:103380001BB31D4B93F90030002BACBF06231E234B
:103390001A480022013BDBB2FF2B18D10AB1FFF71C
:1033A000D5FF174B1B68CBB1124A127842B1124AB3
:1033B00092F90020002ABFBF0A784A7005220A70DD
:1033C000BDE810405B68084818470623E0E710F89E
:1033D000014B002CDED00132D2B2DBE710BD00BFC2
:1033E0003E200020F4200020A41700200D20002003
:1033F00030200020E00D0020D21F0020A617002062
:10340000601C0020C0F3072300EB03130B4AC3F337
:10341000C40313B503EB8303002100F00704134436
:10342000084613F8012BE24002F001028A40013104
:1034300010430529C0B2F4D102B010BD6C200020A9
:10344000C0F3072337B500EB0313012200F0070098
:103450008240C3F3C4000A4B00EB8000D2B2184490
:103460000024057821FA04F343F300036B40134072
:1034700001346B40052C00F8013BF2D103B030BDA4
:103480006C200020054B064A1B7812789A4200D126
:103490007047013303F00703F8E700BFF320002073
:1034A000F220002030B1044A137823EA00001070A3
:1034B000FFF754BF704700BF3E20002028B1034BE8
:1034C0001A7810431870FFF749BF70473E2000205C
:1034D000054A1188814205D0044B10801B680BB14E
:1034E0001B691847704700BFD41F0020601C0020D4
:1034F000054A1188814205D0044B10801B680BB12E
:10350000DB681847704700BF00200020601C0020C7
:10351000024B186808B1036818477047601C002008
:10352000520002EB4111C02202FB001208B502F169
:103530002700FFF7C0FC030202F128009BB2FFF74F
:10354000BAFC184380B208BD82B00328ADF804105D
:103550000AD89DF80510052906D89DF804200F2AE1
:1035600002D802B0FFF7DCBF002002B0704700B104
:10357000104708475B28F0B523D8DFF850C00CEBA4
:10358000800797F802E07C78FD781CF820700EF038
:103590003F06360146EA141604F00F04A40107F0B2
:1035A000030044EA9704074FAD0040F25F1C0CFB98
:1035B000007045EA9E15015582554355024B012284
:1035C0001A70F0BDBB1C00201A1E0020EC9A0008E7
:1035D000F8B505460E461746002420463B463246BF
:1035E00029460134FFF7C6FF5C2CF6D1F8BD84B044
:1035F000BDF810200190D21A92B2FF2A28BFFF22F4
:10360000C0F30740D24350FA82F2FF2A28BFFF22BC
:103610008DF80620019B0020DAB262F30700C3F3A5
:10362000072262F30F20C3F3074363F3174004B08C
:10363000704700001FB5482B0190C0F3074030D8F9
:10364000BDF81840E31A9BB2FF2B28BFFF230831B7
:1036500089B2102905D902F1080189B2112928BFC0
:10366000FF231149DB4350FA83F3002A4978B8BF9E
:103670000332FF2B01EBA20228BFFF238DF80420A9
:103680008DF80630019B0020DAB262F30700C3F325
:10369000072262F30F20C3F3074363F3174004B01C
:1036A00010BDFF23D3E700BF442000201FB5002931
:1036B000B8BF4942002AB8BF524209B2090112B24A
:1036C0001201FF29BDF818400190A8BFFF21FF2A71
:1036D000A8BFFF2223440CB211B28C42A8BF0C46F3
:1036E00014FA83F4A4B2FF2C28BFFF24C0F30740D0
:1036F000E44350FA84F4FF2C28BFFF248DF80640E1
:10370000019B0020DAB262F30700C3F3072262F3E1
:103710000F20C3F3074363F3174004B010BD84B018
:1037200003EB8302BDF81030019013449BB2FF2BD2
:1037300028BFFF23C0F30740DB4350FA83F3FF2B7E
:1037400028BFFF238DF80630019B0020DAB262F318
:103750000700C3F3072262F30F20C3F3074363F3A9
:10376000174004B0704784B0C9B20190C1F1820122
:10377000C0B20029A8BF40188DF80400019B0020AA
:10378000DAB262F30700C3F3072262F30F20C3F338
:10379000074363F3174004B0704784B0C9430190F6
:1037A000C9B2C0F3074011FB00F109128DF80610F1
:1037B000019B0020DAB262F30700C3F3072262F331
:1037C0000F20C3F3074363F3174004B070470000B2
:1037D0001FB5114B01903031C0B213F81140A11A3E
:1037E0004BB2002BBCBF121B53B2DBB203EB430343
:1037F00000EB53138DF80430019B0020DAB262F322
:103800000700C3F3072262F30F20C3F3074363F3F8
:10381000174004B010BD00BF5C9C000830B5174DC8
:10382000303305EB430485B064780190203C62435B
:1038300015F81340A4F170035BB2002BBCBFC4F1B8
:1038400070035BB2C3F1380301FB032111EB4101AB
:10385000C0B248BF7F3100EBE1118DF80410019B2D
:103860000020DAB262F30700C3F3072262F30F20ED
:10387000C3F3074363F3174005B030BD5C9C0008F9
:103880001FB5124C0190303304EB430014F8133091
:103890004078703B5943203802FB0012002A9DF803
:1038A0000410B8BF3F3201EBA2128DF80420019B37
:1038B0000020DAB262F30700C3F3072262F30F209D
:1038C000C3F3074363F3174004B010BD5C9C0008CA
:1038D0001FB5124C0190303304EB430014F8133041
:1038E0004078703B5943203802FB0012002A9DF8B3
:1038F0000410B8BF7F3201EBE2128DF80420019B67
:103900000020DAB262F30700C3F3072262F30F204C
:10391000C3F3074363F3174004B010BD5C9C000879
:1039200084B003EB43039DF81020019002EB530396
:103930008DF80430019B0020DAB262F30700C3F374
:10394000072262F30F20C3F3074363F3174004B069
:1039500070470000134B303130B503EB410413F8CE
:1039600011306578A5F1200464B2002C85B0BCBF8D
:10397000C5F1200464B29A1A01902244C0B21044E6
:103980008DF80400019B0020DAB262F30700C3F354
:10399000072262F30F20C3F3074363F3174005B018
:1039A00030BD00BF5C9C000884B001900B4800EB68
:1039B0004101002091F861309A1A8DF80420019B92
:1039C000DAB262F30700C3F3072262F30F20C3F3F6
:1039D000074363F3174004B0704700BF5C9C0008C6
:1039E00030310B4B13F8113084B09A1A01908DF8D6
:1039F0000420019B0020DAB262F30700C3F3072220
:103A000062F30F20C3F3074363F3174004B070471A
:103A10005C9C000884B001908DF80420019B00207C
:103A2000DAB262F30700C3F3072262F30F20C3F395
:103A3000074363F3174004B07047000084B0C0F33D
:103A4000074301903031124810F81100E42110FBB7
:103A500001F0C2EB10201C300028B8BF4042A3EB9D
:103A6000C00000B220EAE07010FB03F000128DF8F5
:103A70000600019B0020DAB262F30700C3F30722BD
:103A800062F30F20C3F3074363F3174004B070479A
:103A90005C9C000884B0C0F30723019030311248C9
:103AA00010F81100E42110FB01F0C2EB10201C30D3
:103AB0000028B8BF4042A3EBC00000B220EAE0708B
:103AC00010FB03F000128DF80500019B0020DAB214
:103AD00062F30700C3F3072262F30F20C3F3074327
:103AE00063F3174004B070475C9C0008FFF770BD9B
:103AF000FFF740BD10B5044620B90029ACBF002037
:103B0000802010BD80EAE072A2EBE07213B20029BF
:103B1000A6BFCB1A5B015B1A01FA82F2B5BF520154
:103B200093FBF2F392FBF3F3C3F12003B8BFC3F1AD
:103B300060035BB2D8B2002CBCBF4042C0B2E0E729
:103B40001FB59DF8184001901B1B1046DCB2FFF713
:103B5000D1FF201A8DF80400019B0020DAB262F335
:103B60000700C3F3072262F30F20C3F3074363F395
:103B7000174004B010BD1FB5019010461C46FFF75A
:103B8000B9FF03198DF80430019B0020DAB262F30B
:103B90000700C3F3072262F30F20C3F3074363F365
:103BA000174004B010BD30B585B0C0F307459DF88F
:103BB0002040019010461C1BFFF79CFF2C44E4B2F0
:103BC000201AC0B210FB05F000128DF80600019B10
:103BD0000020DAB262F30700C3F3072262F30F207A
:103BE000C3F3074363F3174005B030BD30B585B06C
:103BF000C0F307259DF82040019010461C1BFFF7DD
:103C000079FF2C44E4B2201AC0B210FB05F0001278
:103C10008DF80500019B0020DAB262F30700C3F3C0
:103C2000072262F30F20C3F3074363F3174005B085
:103C300030BD30B585B0C0F30745EB1A0190104692
:103C4000DCB2FFF757FFC0EB801300EB830020448A
:103C5000C0B210FB05F000128DF80600019B002099
:103C6000DAB262F30700C3F3072262F30F20C3F353
:103C7000074363F3174005B030BD30B585B0C0F3DE
:103C80000725EB1A01901046DCB2FFF733FFC0EBBB
:103C9000801300EB83002044C0B210FB05F000123B
:103CA0008DF80500019B0020DAB262F30700C3F330
:103CB000072262F30F20C3F3074363F3174005B0F5
:103CC00030BD000010F040031ABFC243D2B202461A
:103CD00010B502F00F0103B101310A4CC2F3011219
:103CE00004EB42035B7813FB01F114F8123003EB91
:103CF0002113DBB2020644BF5B42DBB283F08000DB
:103D000010BD00BF329A000830B585B00D46019055
:103D1000C4B21046FFF7D6FF3035124B13F815200A
:103D20001044C2B2A2F180035BB2002BBCBFC2F14F
:103D3000800253B25B0003F0FE0303EB430304EB8A
:103D400093138DF80430019B0020DAB262F3070070
:103D5000C3F3072262F30F20C3F3074363F3174053
:103D600005B030BD5C9C0008012830B501D8C0B258
:103D700030BDB0F5F75F9DBF42090832D2B2FF22D5
:103D80000124A3185910C3F34705C3F34F0313FBD2
:103D900003F39BB2834205D96A1ED2B29442F0D992
:103DA000601EE4E7FF2902D06C1CE4B2F6E7084687
:103DB000DEE71FB5019048B20028BCBF494248B2B7
:103DC0005243C0F1380010FB002080B21C46FFF7C0
:103DD000CBFF00EB400004448DF80440019B002021
:103DE000DAB262F30700C3F3072262F30F20C3F3D2
:103DF000074363F3174004B010BD000030B5C0F3B3
:103E000007422B4C10F47F4FA25C85B0C1B2C0F3C7
:103E100007234AD001EB4104FF206400B4FBF0F417
:103E20006FF05400604300EB410000EB4000C0B273
:103E300013FB00F5C0F1FF00C3F1FF0143432D1256
:103E40001B12C5F1FF05C3F1FF0351435543534313
:103E5000C1F30721C5F30725C3F30723062C21D897
:103E6000DFE804F0060411161B20060013462A465C
:103E700014461A46002062F3070064F30F2061F332
:103E8000174005B030BD184613460A460146EFE715
:103E900013460A4619462B46EAE718460B461146D2
:103EA0000246E5E70B462946E2E711461446E1E7FC
:103EB000CC9500082DE9F04F374A384E384B14782E
:103EC00035791B88A4006D088BB0E4B25D43C5F35F
:103ED0000723271DFFB20293324B03905C2FBB4692
:103EE00003EB440828BF4FF05C0B91469A46E3B2BF
:103EF0009B4506D85B2F8CBF002001200BB0BDE88E
:103F0000F08F0AEB040393F8182199F801301A4254
:103F10003DD098F8613098F86000203B9AB2703834
:103F200013FB03F381B200FB003080B205910492D1
:103F3000FFF71AFF029A96F801C096F803E0059978
:103F400000920346B078049A039D4CEA002012B216
:103F500009B240EA0E40A8478DF81C00C0F30723C1
:103F6000C0F307408DF81E008DF81D30079BADF89B
:103F700020301B0C8DF822300898FFF73FFFC0F36C
:103F80000743C2B2C0F307212046FFF7B1FD08F195
:103F900002080134ABE700BFE80D002044200020F8
:103FA0001C1E00205C9C00082DE9F04F2DED028BBB
:103FB000304A314E314B147835791B88A4006D0896
:103FC000E4B25D43C5F30723271DFFB208EE103AA4
:103FD00087B02B4B01905C2FBB4603EB440828BFF6
:103FE0004FF05C0B91469A46E3B29B4508D85B2F95
:103FF0008CBF0020012007B0BDEC028BBDE8F08F24
:104000000AEB040393F8182199F801301A422CD0D6
:10401000B378707896F803C098F8612098F860102B
:10402000019D40EA0320203A703918EE103A40EA28
:104030000C40A8478DF80C00C0F30723C0F30740DD
:104040008DF80E008DF80D30039BADF810301B0C71
:104050008DF812300498FFF7D1FEC0F30743C2B2C7
:10406000C0F307212046FFF743FD08F102080134A1
:10407000BAE700BFE80D0020442000201C1E0020ED
:104080005C9C00082DE9F04F284A294E14783579B8
:104090002849DFF8A4B0A400E4B2AB08271D0D88BE
:1040A000FFB25C2F03FB0555BA4685B0814628BF99
:1040B0004FF05C0AC5F307259046E1B28A4506D861
:1040C0005B2F8CBF0020012005B0BDE8F08F0BEB0B
:1040D000040393F8182198F801301A4223D0B078DD
:1040E000737843EA0023F0782A4643EA0040C84741
:1040F0008DF80400C0F30723C0F307408DF80600D5
:104100008DF80530019BADF808301B0C8DF80A3096
:104110000298FFF773FEC0F30743C2B2C0F3072152
:104120002046FFF7E5FC0134C7E700BFE80D00209B
:10413000442000201C1E00205C9C00082DE9F04F4C
:10414000DFF8E0A0344E354B9AF8004035791B88F3
:104150002DED028BA400AD0889B05D43E4B2C5F338
:10416000072504F1040903905FFA89F905F140007D
:10417000B9F15C0FC0B2CB4628BF4FF05C0BFFF724
:10418000A1FD803843B2284608EE103AFFF79AFDA9
:1041900080384FFA80F8E3B29B4509D8B9F15B0F3C
:1041A0008CBF0020012009B0BDEC028BBDE8F08F70
:1041B0001B4A224492F818119AF80120114228D083
:1041C000B278707896F803C0039F009540EA022009
:1041D00018EE101A424640EA0C40B8478DF8140019
:1041E000C0F30723C0F307408DF816008DF8153093
:1041F000059BADF818301B0C8DF81A300698FFF7A8
:10420000FDFDC0F30743C2B2C0F307212046FFF70C
:104210006FFC0134BFE700BF442000201C1E0020BB
:104220005C9C0008E80D00202DE9F04F384B394D1B
:104230001C782F79DFF8E0B0DFF8E0A0A400E4B24A
:10424000261DF6B287B001375C2EB146019028BF1B
:104250004FF05C099846FF2F28BFFF274FF6FF72EB
:10426000B2FBF7F7E0B2814506D85B2E8CBF002089
:10427000012007B0BDE8F08F0BEB040393F8182181
:1042800098F801301A4232D09AF80030013B5BB204
:104290001A062ED539462B79A8780133FF2B28BF73
:1042A000FF2359436B7843EA0023E878C1F30F21D9
:1042B00043EA0040019B98478DF80C00C0F30723A8
:1042C000C0F307408DF80E008DF80D30039BADF85C
:1042D00010301B0C8DF812300498FFF78FFDC0F3DF
:1042E0000743C2B2C0F307212046FFF701FC0134A7
:1042F000B8E70AEB0302527C824207D103F10C02B9
:104300000AEB4202B2F801108F42C4D8013BBFE76A
:10431000E80D0020442000205C9C0008921C002036
:104320002DE9F04F4B4BDFF83CB11C78A400E4B210
:10433000261DF6B28FB05C2E334628BF5C23039354
:10434000454B05911B780493444B0793804603EB40
:104350004407039AE3B29A4206D85B2E8CBF002032
:1043600001200FB0BDE8F08F079B234493F818217C
:10437000384B5B781A4229D0394B1B88ADF82C306A
:10438000354B069308F10105EA18C14602924FF039
:10439000000A049A5FFA89F39A421AD89BF803003C
:1043A00010FB0AF000128DF82E000B9BADF8303098
:1043B0001B0C8DF832300C98FFF720FDC0F307433B
:1043C000C2B2C0F307212046FFF792FB0134023747
:1043D000BFE7029B13F8010B0293029A97F8603033
:1043E000D279181A97F861309B1A9AB213FB03F32B
:1043F00081B200FB003080B209910892FFF7B4FC53
:10440000069A9BF804C00999059D034609F10C0022
:1044100002EB40000CF1010CB0F80100089A8DF895
:104420002EA0BCF1FF0F28BF4FF0FF0C0CFB00FCCF
:10443000CCF30F20009012B20B9809B2A847C0F33A
:1044400007238DF82C008DF82D30C0F3074A09F1B1
:1044500001099EE7E80D0020921C00205C9C0008EA
:1044600045200020442000200B4BDA68D0070CD4F4
:10447000DA6851070BD4DA68D2060AD4D86800F09B
:104480000100C0F10500C0B2704701207047022052
:1044900070470320704700BF0020024073B50446F8
:1044A000FFF7E2FF0025FF2601280FD114B90620EF
:1044B00002B070BD01950196019B1BB9FFF7D4FFB7
:1044C000013CF1E7019B013B0193F5E7002C08BF9C
:1044D0000620EDE710B50B4C236943F0020323617E
:1044E0006061236943F04003236140F6FF70FFF7EA
:1044F000D5FF06281EBF236923F00203236134235E
:10450000E36010BD0020024070B505461F200E4636
:10451000FFF7C4FF052810D1084C236943F00103BD
:1045200023611F202E80FFF7B9FF06281EBF2369D5
:1045300023F0010323613423E36070BD00200240B7
:10454000B0F5805F2DE9F041884602D30020BDE838
:10455000F081450005F1006404F578344FF6FF72F0
:1045600023889BB293424FEAA02604D12046FFF74E
:10457000CBFF80B2EBE7F602154F06F1006606F5B9
:1045800078364FF4006231463846FDF759FB237800
:104590009845DBD040F2FE70284007F8008040F6D6
:1045A000FF70FFF77BFF052802D13046FFF792FF2F
:1045B0000024395D61F0FF014B1C03D089B2301932
:1045C000FFF7A2FF0234B4F5006FF2D1D1E700BFCC
:1045D000740E0020F8B585B26E1CB6B26B00720086
:1045E00003F1006302F1006203F5783302F57832DB
:1045F000AC1CA4B219781078620002F1006202F5D6
:104600007832EF1CBFB213787A0002F1006202F533
:1046100078321B04127843EA00230B4353EA026307
:1046200011D000212846FFF78BFF00213046FFF70D
:1046300087FF00212046FFF783FF38460021BDE8B1
:10464000F840FFF77DBFF8BD0A4A5378C3F38001F5
:10465000814210B50DD060F3820353701488117835
:104660000420FFF76DFF210A2220BDE81040FFF76C
:1046700067BF10BDD21F002010B540F22734A0B292
:1046800000210134FFF75CFFB4F5806FF7D110BD56
:104690002DE9F74FDFF8608000264FF0C009750163
:1046A000474618E03BF8023B0193190A2046FFF702
:1046B00047FF019B601CD9B280B20AF1010AFFF7E3
:1046C0003FFF0234BAF1100FA4B2EBD12035A94557
:1046D00007F1200706D005F12704A4B2BB464FF02E
:1046E000000ADFE70636182E09F1C00908F1C008F4
:1046F000D5D103B0BDE8F08FA09E000838B5054DB8
:104700001C24A0B215F8011B0134FFF719FF242C5B
:10471000F7D138BD442000200A4A1378990710D0F9
:1047200040B9012161F387031370074B00221A700F
:10473000FFF7E4BF242801D92421F3E760F38703BE
:10474000F2E7704744200020ED0D0020054B18785B
:10475000C0F38500013810F0FF0008BF2420FFF7E8
:10476000DBBF00BF44200020044B187880080130D4
:10477000252828BF0120FFF7CFBF00BF442000201D
:10478000074B10B41C78A40706D05DF8044B587092
:104790009970DA70FFF7B2BF5DF8044B704700BF45
:1047A00044200020044BDA7899785878103A22EAAD
:1047B000E272D2B2FFF7E4BF44200020054BDA7862
:1047C000997858781032FF2A28BFFF22D2B2FFF71B
:1047D000D7BF00BF44200020044B9978DA7858787E
:1047E000103921EAE171C9B2FFF7CABF44200020A5
:1047F000054B9978DA7858781031FF2928BFFF21C6
:10480000C9B2FFF7BDBF00BF44200020034B58785A
:10481000DA789978083880B2FFF7B2BF44200020D8
:10482000034B5878DA7899780830FFF7A9BF00BFB2
:1048300044200020044A13791033FF2B28BFFF23A4
:104840001371FFF75BBF00BF44200020034A1379B8
:10485000103B23EAE3731371FFF750BF442000209D
:10486000074B1A46312102F8011B0649088889784E
:1048700091704FF67F729A80A3F80100FFF73EBF58
:10488000442000204C94000810B5042440F6FF702A
:10489000FFF704FE052808D1C4EB4450C00200F124
:1048A000006000F58020FFF715FE013CEED110BD41
:1048B00010B5FFF7E9FFEA210020FFF741FEFE21D6
:1048C0000120FFF73DFE00210220FFF739FE002105
:1048D00003200024FFF734FE1C4B214604201C60FB
:1048E000FFF72EFE21462220FFF72AFE2146052053
:1048F000FFF726FE21460620FFF722FEFF210720B4
:10490000FFF71EFE0820FFF765FE21460D20FFF78A
:1049100017FE1820FFF75EFE21461720FFF710FE56
:104920001C20FFF757FE21462020FFF709FE2146F5
:104930002120FFF705FE1820FFF74CFE0F20FFF7A0
:1049400049FEBDE810401320FFF744BEEC1B0020D9
:1049500010B5FEF781FC0D4BDA7899780A4318BF41
:104960000B4A197980B218BF10805A790A431CBFCC
:10497000084A1080084A126832B102211970BDE855
:10498000104093680148184710BD00BF2620002042
:104990000220002004200020601C002010B5002010
:1049A000FEF7A6FD0020FEF793FD0A4B00241C70C5
:1049B000094B1C70FEF7D2FC084B1C609C80084B16
:1049C0001C70084B1C70084B1C70BDE81040FFF7B2
:1049D000BFBF00BFF42000200D20002026200020B3
:1049E0002D2000202E2000202C200020064A1368B5
:1049F00003F0060106290CBF43F0080323F0080367
:104A00001360FFF7CBBF00BF08200020044901223C
:104A10000B6802FA00F023EA00030B60FFF7BEBF49
:104A20000820002010B50B4C94F9002022EA000069
:104A300040B24107207002D1D2B2824203D1064B6C
:104A40005B785B0705D5C0F3C700FFF7DFFF0023E6
:104A5000237010BD2F200020D21F0020044A012304
:104A600003FA00F0136818431060FFF797BF00BF08
:104A700008200020364BF02893F902200AD193F940
:104A8000031000290CDA0021D97052B9314A0021F3
:104A9000117006E0F1280DD193F903100029F2DC22
:104AA00072B11A795B7913435AB2002B4FD12A4B5A
:104AB0001A707047F22806D1002AF1DA00229A70A3
:104AC00093F90320E1E7F32802D1002AF6DCE7E7B7
:104AD000F92893F9041004D10029E1DD00211971AE
:104AE000DEE7FA2802D10029DADAF7E7FB2893F9A2
:104AF000051004D10029D3DA00215971D0E7FC2830
:104B000002D10029F8DCCBE700F10C01C9B204297D
:104B100007D8F43801218140587820EA0100587004
:104B2000BEE7FD2805D10D48017821F00101017093
:104B3000B6E7FE2804D10948017821F00201F6E722
:104B4000FF28ADD10548017821F00401EFE7704757
:104B5000262000202D2000202E2000202C200020A8
:104B600008B50146A8B3031FDBB2A02B06D819482D
:104B7000FEF792FBBDE80840FEF7F0BB00F1200312
:104B8000DBB2072B09D8144B00F007010120884045
:104B9000197821EA00011970ECE700F15B03DBB240
:104BA000022B04D8BDE808400020FEF7A1BC00F1AC
:104BB0005803DBB2162B04D8BDE808400020FEF7EE
:104BC00087BCEF2805D9FFF755FFBDE80840FFF780
:104BD000BFBE08BDA41700203E2000200F4B1B784D
:104BE000D90710D49A0710D45B0712D40C4B1B784A
:104BF0006BB1272B0DD8DB002822B3FBF2F398B260
:104C00004BB1C0B270470220FBE70420F9E7012056
:104C1000F7E70820F5E70120704700BF2C200020AF
:104C20002E2000200E4B1B78D90711D49A0711D4DF
:104C30005B0711D40B4B1B7883B1132B4FF0320061
:104C400004D813FB00F31420B3FBF0F0C0B270479C
:104C50000C20FBE71920F9E73220F7E70520F5E7FC
:104C60002C2000202D200020F02808B505D1FFF7CA
:104C7000D9FF4042294BD87008BDF12802D1FFF777
:104C8000D1FFF7E7F22805D1FFF7CCFF4042234BD5
:104C90009870F1E7F32802D1FFF7C4FFF7E7F9288E
:104CA00004D1FFF79BFF1D4B1871E5E7FA2803D1EC
:104CB000FFF794FF4042F6E7FB2805D1FFF78EFF90
:104CC0004042164B5871D7E7FC2802D1FFF786FF08
:104CD000F7E700F10C03DBB2042B08D80F4A0123DD
:104CE000F43803FA00F0537818435070C4E7FD28F5
:104CF00005D10B4A137843F001031370BCE7FE287B
:104D000004D1074A137843F00203F6E7FF28B3D132
:104D1000034A137843F00403EFE700BF2620002086
:104D20002C20002010B5044600285AD0031FDBB207
:104D3000A02B29D82B4B1B78ABB12B4B93F9003010
:104D4000002B10DA294B03EBD00300F007019A780F
:104D500001238B401A420FD024482146FEF79CFACB
:104D6000FEF7FCFA08E0224A002312F8011B8C42ED
:104D7000F2D00133062BF8D11C482146FEF7B4FAD5
:104D8000BDE81040FEF7EABA00F12003DBB2072BC2
:104D900008D8184B00F007001978012484400C4310
:104DA0001C70EDE700F15B03DBB2022B05D8243861
:104DB000BDE8104080B2FEF79BBB00F15803DBB2A8
:104DC000162B06D80C4ABDE8104032F81300FEF747
:104DD0007FBBEF2805D9FFF747FFBDE81040FFF77D
:104DE000B7BD10BDE00D0020D21F0020A417002089
:104DF000A61700203E200020F4960008294B1A78C0
:104E0000510707D500F01801082927D100F0F70055
:104E100040F00400110707D500F01801182926D129
:104E200000F0E70040F014005B78D90707D500F0E8
:104E30001801082924D100F0F70040F0010099077B
:104E400007D500F01803182B23D100F0E70040F03D
:104E50001100D30648BF00F0E700704700F01401CE
:104E6000042904BF00F0FB0040F00800D2E700F086
:104E70001401142904BF00F0EB0040F01800D3E740
:104E800000F01101012904BF00F0FE0040F008000D
:104E9000D5E700F01103112B04BF00F0EE0040F045
:104EA0001800D6E7D21F002013B5ADF80410019901
:104EB000FEF74AFBE728044600F28680DF280ED87A
:104EC000312873D015D8292869D02A2875D0012C0B
:104ED00051D0231F9BB2A12B28BF00244BE0A0F18F
:104EE000E003072B73D8DFE803F01872282D38721F
:104EF000424939280BD0822809D0352848D0A72C20
:104F00006FD8A42CE3D9243C44F480448CE07C4B3F
:104F10001B789807F3D0E0242DE0794A1378D9075D
:104F200000F1E880527812F0010F24D013F0100F36
:104F300008BFE32418BF00241DE0714B1B7813F059
:104F4000040FF2E76E4A1378580700F1D5805278C3
:104F5000D107E0D413F0100FECE7694B5A789207B1
:104F600009D51B7813F0100F08BFE724E2E7644B64
:104F70001B781807F6D4204602B010BD604A13789B
:104F8000190700F1BB8052789207E3D5E424F2E7D9
:104F90005B4B1B7813F0200F18BF2924EBE7584B0D
:104FA0001B7813F0200F18BF3524E4E7544B1B780F
:104FB00013F0400F18BF2A24DDE7514B1B7813F084
:104FC000400F18BF3124D6E7B0F5A44F2ED2B4F568
:104FD000A24F76D2FF2C0BD8EF2C90D944F4A044EA
:104FE00022E0BE2C60D9A4F1E1039BB2072B73E74A
:104FF000B4F5A04F0AD2B4F5804F5DD2A4F580730A
:105000009BB2B3F5F85F0FD30024B4E7C4F3810378
:10501000C4F3011204F003005B01012443EA0223FC
:1050200084401C4344F40C44A4B2A4E7B0F5AC4F54
:105030001AD2B0F5AA4FC0B249D2B4F5A84F0ED2D9
:105040008308B4F5A64F00F003004FF0010404FA02
:1050500000F040EA4314E5D344F40A44E4E74AF29A
:10506000F40444EA002486E7B0F5B44F0CD2B0F55E
:10507000B24F34D2A0F5B0439BB2FF2BC4D84AF252
:10508000F00040EA0424CFE7A0F5C0439BB2B3F59B
:10509000005FB9D2C0F30420FFF7B0FE000200F4B5
:1050A000F850E4B2044317E05834164BE4B233F836
:1050B000144044F488445EE7C4F30B0444F42044F1
:1050C00059E7E4B24AF2F10343EA042453E7FFF755
:1050D00095FE000200F4F85444F400544BE700F04D
:1050E0000F00FFF78BFEC4F3031440EA042444F4DA
:1050F000104499E739243EE7E2243CE7E6243AE706
:10510000D21F0020F49600080D4B73B51E680D4B9E
:10511000ADF804001B681F241E4326FA04F3DB07C6
:10512000E5B205D4013CF8D20025284602B070BD96
:1051300001992846FFF7B8FE80B20128F2D0F4E7C3
:1051400008200020EC1B002007B5ADF804000198F2
:10515000FFF7DAFF019903B05DF804EBFFF7A4BE97
:1051600007B5ADF804000198FFF7EEFFC3B2C0F336
:105170000322C0F3033002380D281DD8DFE800F009
:1051800007071C1C161C1C1C07071A1C1C1AF02BDA
:1051900014D006D8E72B8CBF0020012003B05DF8A7
:1051A00004FBF42B14BF00200120F7E7E72B05D9FF
:1051B000F12BF7E7D008F1E70020EFE70120EDE75A
:1051C00013B502AB03E903009DF80230009873B1F8
:1051D0006AB1FFF799FF044601460098FEF730F9DF
:1051E0000099204602B0BDE81040FEF7ADB9FEF7C9
:1051F00009F90446F4E700000B460449022208704E
:105200004B706020642304F0E7B800BFCC0D002091
:10521000F0B5154C0122D4F800C0824012EA0C050A
:1052200020D1431C114E44F8335004EBC30306EB6A
:10523000001107010E48586042EA0C020D4B226033
:105240005A694C7BF05942F001025A615B694B6824
:105250001A6822F00F021A600E22A24042601D60FE
:105260000846F0BD0021FBE7F81B0020D09800089D
:10527000F82000200010024070B500EB81030546C5
:105280005069DA600E46144618B114220021FBF76B
:1052900003FAA06918B114220021FBF7FDF9314689
:1052A0002846BDE87040FCF715BF000037B505295A
:1052B00052D8DFE801F0565103565374202383F38C
:1052C0001188424C424A01900121FFF7D5FF414A23
:1052D00001980421FFF7D0FF94F8B410019804F16D
:1052E0004402FFF7C9FF94F8B510019804F1680271
:1052F000FFF7C2FF94F8B610019819B104F18C02BF
:10530000FFF7BAFFD4F80431334800256FF00101EC
:10531000C4E93C33C4E94255C4F8EC50FDF724FA23
:10532000D4F83831C4F82431D4F83C312B4884F80F
:10533000E8506FF00101C4E94A33C4E95055FDF764
:1053400013FA0121264884F82051FDF7E7F9254892
:10535000FDF756FD85F3118803B030BD0420FDF73D
:1053600005FF202383F31188184C022104F1D80093
:10537000FDF7D4F9012504F1E0006FF0010184F894
:10538000E850FDF7F1F96FF0010104F58C7084F835
:105390002051FDF7E9F9002383F31188DCE720238E
:1053A00083F31188094C012104F1D800FDF7B6F907
:1053B000002384F8E83084F8203183F31188052035
:1053C00003B0BDE83040FDF7D1BE00BF780C00202F
:1053D0007C9E000838A20008580D0020900D002087
:1053E000500D00204C0D002073B5202383F311884D
:1053F0002B4CD4F850311A68117804294AD194F80A
:10540000DC10022946D11979128901238B401342FD
:1054100040D1D4E94A3293423CD1D4F82421002A25
:1054200038D0D4F84021002A34D0043AD21A31D0EE
:105430001A60D4F824211B48013AC4F82421D4F876
:1054400034211344D4F83021C4F82831934224BFC6
:10545000D4F83C31C4F82831002601A9C4F84061D1
:10546000FDF7D7F8D4F850311A7E054652B10198AD
:105470001A693146121A2844FBF70EF9D4F8503154
:105480001B690193D4F85001019B017900682A46F9
:10549000FCF78EFF002383F3118802B070BD00BFBC
:1054A000780C0020900D0020094A1278831C4AB124
:1054B000084A92F90020002A04DA1E220021184628
:1054C000FBF7EAB80022C0F802209A80704700BFBC
:1054D000E00D0020D21F002008B5054B0548002232
:1054E0001A70FFF7E1FFBDE80840FFF757BA00BFA9
:1054F0003E200020A41700202DE9F843284D2B78EA
:10550000002B3DD0C521FE20FFF776FE0021FD20B7
:10551000DFF89880DFF89890FFF76EFE002447468A
:10552000B422B4FBF2F302FB13431E4A88F80030A6
:1055300009EB040303F11001164653F8040B42F87B
:10554000040B8B42F9D11B8813804146642313223C
:10555000602003F041FF98B91234B4F5AB7F13D14A
:10556000A2233B70104B11491A68C7F801205A68F2
:105570001B7A726033720A226423602003F02CFFCE
:1055800000232B70BDE8F883B42CC9D1C521FE20BF
:10559000FFF732FE0121FD20FFF72EFEC0E700BF1E
:1055A0001A1E0020CD0D0020111E0020CC0D002061
:1055B000BB1C00200D4B996910B481F820001868BD
:1055C00002681A6053600122986180F82020EFF38E
:1055D0000982CC69643A944203D972B6044ADA6209
:1055E000FEE75DF8044BFAF7BBBE00BFE4190020EC
:1055F000B895000830B54B1C0B4D87B0044610D051
:10560000AB690A4A01A8FDF7FFFA2046FFF7D2FF6F
:10561000049B13B101A8FDF7BFFAAB69586A07B044
:1056200030BDFFF7C7FFF8E7E4190020512B000851
:1056300070B5114E04460D46E3683BB123691A1D4F
:10564000A262E2691344E36200200EE0237A6BB9A0
:105650007DB1B36962681C605A60294613600420FA
:105660006360FFF7C7FF0028E6DA70BD6FF0010046
:10567000FBE74FF0FF30F8E7E41900202DE9F84F81
:1056800004460D4691469A464FF0200888F311884B
:105690000026B346A76A4FB951462046FFF7C8FF18
:1056A00020B187F311883046BDE8F88FD4E90A07A6
:1056B0003A1AA9EB0607974228BF1746402F1BD975
:1056C00005F1400355F8042B40F8042B9D42F9D115
:1056D000A36A4033A3624036D4E90A239A4204D332
:1056E000E16920460439FCF781FF8BF311884E45B0
:1056F000D9D288F31188CDE729463A46FCF7A0FABB
:10570000A36A3B443D44A3623E44E5E74430FFF7CF
:10571000B5BF4FF0FF334430FFF7B0BF70B5202363
:105720000D460446114683F31188866A2EB9FFF7A9
:105730007FFF10B186F3118870BDA36A1D70A36A44
:10574000E26A01339342A36204D3E169204604393B
:10575000FCF74CFF002080F31188EDE74430FFF7A1
:10576000DDBF4FF0FF324430FFF7D8BF70B5114EA8
:1057700004460D46E3683BB16269131D1268A362DB
:105780001344E36200200EE0237A6BB97DB1B36964
:1057900062681C605A602946136004206360FFF74A
:1057A00029FF0028E6DA70BD6FF00100FBE74FF03B
:1057B000FF30F8E7E41900202DE9F84F04460E46C3
:1057C00090469946202787F311880025AA46D4F8E9
:1057D00028B0BBF1000F09D149462046FFF7C6FFAC
:1057E00020B18BF311882846BDE8F88FD4E90A125E
:1057F000A8EB050B521A934528BF9346BBF1400F07
:105800001BD9334601F1400251F8040B43F8040B55
:105810009142F9D1A36A40334036A3624035D4E9BE
:105820000A239A4202D32046FCF700FF8AF311882C
:105830004545D8D287F31188C9E730465A46FCF768
:10584000FFF9A36A5B445E44A3625D44E7E70C3062
:10585000FFF7B2BF4FF0FF330C30FFF7ADBF70B5AD
:105860002023044683F31188866A3EB9FFF77EFF42
:10587000054618B186F31188284670BDA36AE26A0E
:1058800013F8015BA362934202D32046FCF7CEFEDD
:10589000002383F31188EFE70C30FFF7E0BF4FF0F0
:1058A000FF310C30FFF7DBBF054B9B6921B1036073
:1058B00058620320FFF79EBE4FF0FF30704700BFD5
:1058C000E419002007B52023024683F311880F4B0B
:1058D0001978042905D0002383F3118803B05DF8FB
:1058E00004FB1989C9060AD5DB69019058694FF490
:1058F0007A710C30FFF7D8FF0130019AEBD00348E2
:1059000006230421FCF754FDE5E700BF1C17002027
:1059100070B52023044683F31188204D2B78042B87
:105920002E4625D11E4A2B8992F90020002A23DA1F
:105930001C4A127802B3DA0610D42023224604212E
:105940001648FCF735FD184B224604F1200152F8A9
:10595000040B43F8040B8A42F9D109E0EB6958695A
:105960004FF0FF310C30FFF79FFF2B78042BE4D072
:10597000002383F3118870BD9B0703D408232246BC
:105980000121DDE7336958694FF0FF310C30FFF733
:105990008BFF3378042BEBD1F0E700BF1C170020FE
:1059A000D21F0020E00D0020B11F002037B50446B3
:1059B000FAF7F4FE0546FAF7F1FE0B4B8DF80050AE
:1059C000DB788DF802308DF801000098FEF716FAAA
:1059D000C0F30743C2B2C0F30721204603B0BDE8BD
:1059E0003040FEF785B800BF44200020164BF7B5C5
:1059F0005F789E78DD780446FAF7D0FE4FF4B471F4
:105A0000024607F1B400B0FBF1F301FB1303DB1B0B
:105A100048BF033302F0030243F38F0303FB027317
:105A20008DF800308DF801608DF802500098FEF777
:105A3000E5F9C0F30743C2B2C0F30721204603B023
:105A4000BDE8F040FEF754B8442000202DE9F04FA7
:105A5000994D8BB02C68FDF7FFFB0646071BFDF741
:105A6000FBFB964A286092F800E004F57F4300258E
:105A7000FF337146AC469B1BECB2A6451AD8BCF16D
:105A8000000F00D011708E4B1B7833BB8D4B1B78F1
:105A900013F00302009201D09B0800938A4A0192FE
:105AA0001378032B00F24182DFE813F019002D0078
:105AB0005303600305F10C0402EB44040135B4F810
:105AC0000160B34237BF01F1FF31F619C9B24FF09F
:105AD000010C28BFA4F80160CEE70023DDE77B4B73
:105AE00000221A707A4B7B4A1860744B03F128012C
:105AF00053F8040B42F8040B8B42F9D11B78137056
:105B00000123019A10E2744B009A1B786D4E934268
:105B10003DD1724A3378127803F003039B1A18BF01
:105B200001236A4D6A78AB7073799A4205D00022DE
:105B3000114610466B70FDF7D9FF009B242B2AD825
:105B4000DFE813F0270031006800D2000D014901A1
:105B5000940198019A019F01A101A501A701A90142
:105B6000AB01AD01AF01B101B301B501B701BB019B
:105B7000BD01BF0110025202A202A402A602AA02A3
:105B8000AC02B402EE02F502F702FE0200030123AA
:105B9000C7E7AB780BB90024BAE1002211461046E2
:105BA000FDF7A4FFF7E795F800A04D4BDFF834911F
:105BB0001A889B78ADF824204FEA8A0A5FFA8AFA9D
:105BC0000AF10404E4B28DF826305C2C09982746CB
:105BD00028BF5C27FEF712F95FFA80F8C0F30721AF
:105BE000C0F307465FFA8AF39F4204D85B2C8CBF50
:105BF000002401248CE109EB0A0393F818216B7847
:105C00001A4204D0334642465046FDF771FF0AF16E
:105C1000010AE7E795F800B096F803A096F801901E
:105C20008DF824904FEA8B0B5FFA8BFB0BF104008D
:105C3000C4B25C2C234628BF5C230293B3788DF852
:105C400025308DF826A009980393FEF7D7F832790E
:105C50008DF826A0C3B2914407EE903A039B8DF8CD
:105C600024908DF82530C0F30728C0F30747099822
:105C7000FEF7C4F85FFA80F9C0F3072AC0F30746BD
:105C8000029A5FFA8BF39A42B0D9164B6A785B445A
:105C900093F8183113420CD0DB0751BF17EE902A4E
:105CA00033464A4651465CBF3B4641465846FDF79F
:105CB0001FFF0BF1010BE3E74C200020D61F002053
:105CC000A820002044200020ED0D0020E80D002039
:105CD0001C1E0020921C0020EB0D0020EC0D00206B
:105CE000452000205C9C00082F7896F8048096F8E8
:105CF00002B096F803A0DFF8C493BF00FFB2381DCE
:105D0000C4B25C2C234628BF5C2302934FEA980858
:105D1000029AFBB29A427FF669AF09EB070393F848
:105D200018216B781A4218D009EB4703727893F860
:105D300061308DF825B01B0903FB08238DF8243052
:105D40008DF826A00998FEF759F8C0F30743C2B2B0
:105D5000C0F307213846FDF7CBFE0137D8E72F788F
:105D600096F8048096F802B096F803A0DFF84C93FA
:105D7000BF00FFB2381DC4B25C2C234628BF5C2391
:105D800002934FEA9808029AFBB29A427FF62EAF2E
:105D900009EB070393F818216B781A4219D009EB25
:105DA00047038DF825B093F860308DF826A008FBE6
:105DB00003F2737803EB52138DF824300998FEF741
:105DC0001DF8C0F30743C2B2C0F307213846FDF700
:105DD0008FFE0137D7E72F78B74B96F803901B88D3
:105DE00096F802A096F801B0BF00FFB2381DC4B209
:105DF0003079C00858435C2CC0F30720A04628BF68
:105E00004FF05C08FDF75EFFA0F180035BB2002B52
:105E1000BCBFC0F1800043B25B00DBB213FB09F3EF
:105E20001B128DF821A08DF820B08DF82230089833
:105E3000FDF7E4FFBA46A14F5FFA80F9C0F30721EE
:105E4000C0F307465FFA8AF398457FF6CFAE07EBBB
:105E50000A0393F818216B781A4204D033464A4655
:105E60005046FDF745FE0AF1010AEBE79448FEF7BC
:105E700009F904E09348FAE79348FEF795F80446D9
:105E800046E09248F9E79248FEF714F8F7E79148A0
:105E9000FAE79148EBE79148E9E79148E7E791484D
:105EA000E5E79148F0E79148E7E79148E5E7914851
:105EB000EAE79148FEF742F9E1E79048FAE79048AF
:105EC000F8E7AC78002C33D133797B4A1033128851
:105ED000FF2B28BFFF235343C3F30F230A21B3FB38
:105EE000F1F201FB12339BB2002B7FF454AEFAF7B0
:105EF00055FC5C2390FBF3F202FB13006F4B6A78B6
:105F0000034493F818311A423FF445AEFFF76EFD93
:105F10002B7801332B7044B9019A02231370AB78AC
:105F20001BB9009B0BB9032313700BB0BDE8F08FB6
:105F30002E78DFF88881B600F6B2341DE4B25C2C0E
:105F4000274628BF5C27BE42BFF650AE08EB0603CB
:105F50006A7893F818311A4202D03046FFF746FDAE
:105F60000136F0E7AC782CBB3379534A10331288F2
:105F7000FF2B28BFFF235343C3F30F230522B3FB9B
:105F8000F2F202EB82029B1A9BB2002B7FF403AE6B
:105F9000FAF704FC5C2390FBF3F202FB1300474B7F
:105FA0006A78034493F818311A423FF4F4ADFFF7CE
:105FB000FDFCADE72E78DFF80481B600F6B2341DA3
:105FC000E4B25C2C274628BF5C27BE42BFF60EAE6B
:105FD00008EB06036A7893F818311A4202D030466B
:105FE000FFF7E4FC0136F0E7464B2F781A889B78E0
:105FF0008DF82230304B30791B88ADF82020BF005F
:10600000FFB23C1DC0085843E4B25C2CC0F307202B
:10601000A04628BF4FF05C08FDF754FEA0F18003B6
:106020005BB2002BBCBFC0F1800043B25B0096F8AE
:106030000190224E03F0FE0303EB430309EB93139D
:106040008DF820300898FDF7D9FEC0F307238DF8AE
:106050002400C0F307408DF825308DF82600FBB2F0
:1060600098457FF6C3ADF31993F818216B781A425F
:1060700008D09DF826309DF824209DF8251038463C
:10608000FDF736FD0137EAE71F48F0E61F48EEE668
:106090001F48FEF7C9F8F2E61E48FAE71E4B1F49F3
:1060A0001878013820EAE070C0B201E01B490020F6
:1060B000FEF736F9E3E600BF1C1E00205C9C0008DA
:1060C000953A00083D3A00087B3C0008333C000844
:1060D000ED3B0008A73B0008153A0008E13900082D
:1060E000A93900085539000821390008B33D0008D6
:1060F000773B0008413B0008D13800088138000890
:106100001D38000845200020093D0008D13700084F
:106110009B37000867370008921C00201F370008D3
:10612000174B18491878013820EAE070BCE7154988
:10613000BDE7134B14491878013820EAE070B3E743
:106140001149B4E70E4B11491878013820EAE07084
:10615000AAE70F4B009A1A700E4B0F4A1B78C3F335
:1061600001031370FFF7C8F90323CAE40B4B1C6843
:10617000FDF772F8001B19287FF6D7AE0023C0E4A4
:10618000921C0020AD36000835360008EF350008B7
:10619000EB0D002044200020EC0D00201C1E0020F0
:1061A000FEE70120704708B5FAF770FA0123036093
:1061B0004FF0FF3008BD0120704708B5134600219D
:1061C00058221846FAF768FA4FF40052426000204D
:1061D00008BD000010B50346202282F311880B4C45
:1061E00020686268014491424FF0000206D982F3B0
:1061F00011880C221A604FF0FF3006E08842F6D872
:10620000216082F311880028F3D010BDC01B00204C
:10621000002070471846704700207047162303601F
:106220004FF0FF30704700002DE9F84FB04B5C6C29
:10623000660534D5AF4D6FF480625A6400260222A1
:106240002A70EE67AE6005F10C0808274FF02009B0
:1062500058F8043BABB189F3118858F8043C5869ED
:1062600020B16FF001010C30FCF78CFA58F8043CB7
:10627000986920B16FF001010C30FCF783FA86F3C6
:106280001188013F48F8046CE2D185F86470FBF78F
:1062900093FF6B681B6813B19648394698472505EC
:1062A00014D4E00448D4A20508D592484368DB68BA
:1062B00003B198478E4B6FF400725A648D4D8E4E29
:1062C00023044FD4BDE8F84FFCF7C2B9884B894D81
:1062D0001A6C42F008021A646FF400625A642B7858
:1062E00085F8803005232B706B681B6813B104217F
:1062F000284698470026AE60804D08274FF02008BA
:1063000055F8043BABB188F3118855F8043C586943
:1063100020B16FF001010C30FCF734FA55F8043C61
:10632000986920B16FF001010C30FCF72BFA86F36D
:106330001188013FE4D1B4E76D4B9A6C11040CD481
:106340001A6C6C4822F008021A6490F880300370CE
:1063500043681B680BB105219847654B6FF4805269
:106360005A64A0E704F00F04A70007F1804707F57F
:10637000B84704F10209D7F800A005EB89031AF029
:10638000800FD3F8048025D03B68D8F81400334040
:106390004268016943F400433B6003680A449B1A66
:1063A00042602DD0B8F810209A4228BF1A46836860
:1063B0000261194481602046FBF740FF3B6823F4EB
:1063C000F04323F0400383F0300343F4004343F0F1
:1063D00080033B601AF4004F0FD03B68334043F01A
:1063E00080031AF4006F3B60E1B225D005EB890908
:1063F0002846D9F804305B6898473D4B5C6C5FE7F2
:10640000012303FA04F22B8923EA02032B81D8F833
:10641000083013B1214628469847202383F311887A
:1064200005EB890300215B6858690C30FCF7AAF979
:10643000002383F31188CDE72D4BD8F818201B6D6E
:10644000D2F808C003F1804303F5C04303EB041006
:10645000E1468368D0F80CE003F10053CEF3090065
:10646000CEF3480E03F540534FEA8E0A0AEB430A77
:106470005B00534509F1020942D16FF0010909FBA4
:106480000E09B9F1000F02D01B680CF81E3093689A
:106490000344936053680344536013681B1A1360EA
:1064A000138A013B9BB21382B8F81220824200D8B3
:1064B0007BBB012303FA04F26B89023423EA020353
:1064C0006B8105EB84035B68DB680BB1284698475A
:1064D000202383F3118805EB84046368986941687D
:1064E0000C30FCF74FF9002383F3118885E700BFD8
:1064F000005C00401C1700200F07FFFF281700203A
:1065000053F804BB09F802BC4FEA1B2B09F801BC85
:10651000AFE73B6823F4904323F0700383F44053C8
:1065200043F4004343F080033B6066E708B503484B
:10653000FBF7A0FEBDE80840FCF78AB8D0160020A3
:1065400008B50348FBF796FEBDE80840FCF780B8A5
:10655000B416002008B50348FBF7BAFEBDE80840B2
:10656000FCF776B8A416002008B50348FBF7B0FE88
:10657000BDE80840FCF76CB89416002008B5034845
:10658000FBF7A6FEBDE80840FCF762B884160020C1
:106590004FF080422DE9F8431369D1680B40D9B21E
:1065A000C9439B0711613FD5202383F31188204CF9
:1065B0004FF00008E36904F11C06C1464FF080402B
:1065C000A16A426A9F68551ABD421CD30746996862
:1065D000A26A0A44A2621A68B2425660A5EB01059B
:1065E000E261D968C3F80C8008BFC7F80C8089F352
:1065F000118818698847202383F31188E3699A6812
:106600009542E4D2DAE7E569B5420AD0A262AC6805
:106610002144891AA9609B68022B2CBFD218023230
:106620004263002383F31188BDE8F843FCF710B8F8
:10663000E419002038B5234B196B8A6902F47C50A9
:10664000C861D96A4C68206820F00F002060487B40
:106650000C680E2101FA00F06060986A45682C68A9
:1066600024F00F042C600468407B81406160D405F5
:1066700042BF996841F001019960900542BF996855
:1066800041F002019960510542BF996841F008014B
:106690009960D20499680ED541F0200199602023B9
:1066A00083F3118808486FF00101FCF76BF80023B1
:1066B00083F3118801E00029F1D1BDE83840FBF7F0
:1066C000C7BF00BFF8200020142100203F4838B584
:1066D000046BA36903F0FE02D906E2612DD5C36AFB
:1066E00059680A6822F00F020A605A7B19680E2363
:1066F00003FA02F24A60826A5568296821F00F01A4
:1067000029601168527B93404B60836843F0040317
:106710008360636843F480436360236823F0460327
:106720002360202383F311886FF001011C30FCF7F4
:1067300029F8002383F3118806E01A060BD50378A5
:10674000032B05D1FBF7DEFDBDE83840FBF780BF2A
:10675000FBF7F2FDF8E75B06F6D50178836A0329BB
:106760005A681BD1C36A5D68296821F00F0129604E
:106770005D7B19680E23AB404B605368BBB1FBF7E0
:10678000DBFD836A5A68136843F001031360636892
:1067900043F40053636004230370D5E7116821F0CC
:1067A0000F011160597B1A680E238B405360636898
:1067B00043F480436360236823F040032360202375
:1067C00083F3118802480021B1E700BFF8200020C0
:1067D000142100202DE9F74FC2F3C31302F0030A7E
:1067E000C2F38009C2F3C108C2F3411E01935746A8
:1067F00000224FF00F0BCB0737D5019C02F00703A7
:106800009B0004FA03FC01254468954024EA050432
:1068100044EA0904446085680324560004FA06F635
:1068200025EA060545EA08058560C56825EA0605E6
:1068300045EA0E050BFA03F3BAF1020F6FEA0604FC
:10684000C5606FEA03031BD1072A95BF056A456A35
:106850002B402B4095BF43EA0C0343EA0C03036231
:10686000436203681C403C43046049081AD04FEA65
:1068700049094FEA88084FEA8E0EBF000132BAE795
:1068800005682C403C43072A046095BF046A446AAB
:106890002340234095BF43EA0C0343EA0C03036201
:1068A0004362E2E703B0BDE8F08F08B5202282F32F
:1068B0001188012100F00F03994020F00F00FFF72D
:1068C00089FF002383F3118808BD000008B5034841
:1068D000FBF74EFDBDE80840FBF7BABE8099000803
:1068E00008B50348FBF744FDBDE80840FBF7B0BE20
:1068F0007099000808B50348FBF73AFDBDE8084069
:10690000FBF7A6BE6099000808B50348FBF730FD09
:10691000BDE80840FBF79CBE5099000808B5034845
:10692000FBF726FDBDE80840FBF792BE4099000842
:1069300008B50348FBF71CFDBDE80840FBF788BE1F
:106940003099000808B50348FBF712FDBDE8084080
:10695000FBF77EBE2099000808B50348FBF708FD49
:10696000BDE80840FBF774BE1099000808B503485D
:10697000FBF7FEFCBDE80840FBF76ABE0099000883
:1069800008B50348FBF7F4FCBDE80840FBF760BE20
:10699000F098000808B50348FBF7EAFCBDE808409A
:1069A000FBF756BEE098000808B50348FBF7E0FC8B
:1069B000BDE80840FBF74CBED0980008FBF748BE86
:1069C000FBF746BEFBF744BE08B50348FBF780FC67
:1069D000BDE80840FBF73CBE741600203E4B10B5E6
:1069E0005A691C68144004F47C425A61620510D54F
:1069F0003A4AD2F8A83013B1D2F8AC009847202315
:106A000083F3118836480021FBF7AEFE002383F3A1
:106A10001188230510D5314AD2F8B83013B1D2F815
:106A2000BC009847202383F311882E480021FBF7F0
:106A30009BFE002383F31188E00410D5274AD2F887
:106A4000C83013B1D2F8CC009847202383F31188C3
:106A500025480021FBF788FE002383F31188A10459
:106A600010D51E4AD2F8D83013B1D2F8DC009847BE
:106A7000202383F311881D480021FBF775FE0023B6
:106A800083F31188620410D5144AD2F8E83013B1A8
:106A9000D2F8EC009847202383F311881448002192
:106AA000FBF762FE002383F31188230410D50B4A01
:106AB000D2F8F83013B1D2F8FC009847202383F3C2
:106AC00011880C480021FBF74FFE002383F3118847
:106AD000BDE81040FBF7BCBD00040140E4180020F5
:106AE0008419002094190020A4190020B419002052
:106AF000C4190020D4190020324B10B55A691C6803
:106B0000144004F478725A61A3060ED52E4A936D90
:106B10000BB1D06D9847202383F311882B480021B7
:106B2000FBF722FE002383F3118860060ED5264A68
:106B3000936E0BB1D06E9847202383F311882448BD
:106B40000021FBF711FE002383F3118821060ED5E7
:106B50001D4A936F0BB1D06F9847202383F31188A0
:106B60001C480021FBF700FE002383F31188E20597
:106B700010D5154AD2F8883013B1D2F88C00984756
:106B8000202383F3118814480021FBF7EDFD002337
:106B900083F31188A30510D50B4AD2F8983013B1AE
:106BA000D2F89C009847202383F311880B480021DA
:106BB000FBF7DAFD002383F31188BDE81040FBF7F3
:106BC00047BD00BF00040140E41800203419002034
:106BD0004419002054190020641900207419002061
:106BE0000D4A08B5516913680B4003F01003536157
:106BF00073B10A4A936C0BB1D06C9847202383F38E
:106C0000118807480021FBF7AFFD002383F31188AB
:106C1000BDE80840FBF71CBD00040140E41800205B
:106C2000241900200D4A08B5516913680B4003F080
:106C30000803536173B10A4A936B0BB1D06B984749
:106C4000202383F3118807480021FBF78DFD0023E3
:106C500083F31188BDE80840FBF7FABC000401404B
:106C6000E4180020141900200D4A08B55169136872
:106C70000B4003F00403536173B10A4A936A0BB1EA
:106C8000D06A9847202383F3118807480021FBF737
:106C90006BFD002383F31188BDE80840FBF7D8BCE7
:106CA00000040140E4180020041900200D4A08B532
:106CB000516913680B4003F00203536173B10A4A30
:106CC00093690BB1D0699847202383F31188074853
:106CD0000021FBF749FD002383F31188BDE808403C
:106CE000FBF7B6BC00040140E4180020F4180020B3
:106CF0000D4A08B5516913680B4003F00103536155
:106D000073B10A4A93680BB1D0689847202383F384
:106D1000118806480021FBF727FD002383F3118823
:106D2000BDE80840FBF794BC00040140E4180020D3
:106D3000F8B59C460446202686F3118800200325DA
:106D40002570A060256B80F31188E76A636A7F680D
:106D50003B60A36AFA605B68226AC7F804C01A60E5
:106D6000069ADA60079A5A604FF0804341F2873CF6
:106D70005F6A86F31188AA69120406D55A6AD21B83
:106D800062453BD880F31188F3E76268236B926811
:106D9000120558BF490059602046FBF7B3FAE36A71
:106DA00008995A68136843F0010313602B6843F095
:106DB00040032B606B6843F400536B6004F11C00CC
:106DC000FEF772FD431C21D16B6843F480436B6076
:106DD000A36A59680A6822F00F020A605A7B196890
:106DE0000E2303FA02F24A60E26A5068016821F059
:106DF0000F0101601168527B93404B6005232370A3
:106E00004FF0FF30002383F31188F8BD0223237075
:106E1000F8E7000070B52023044683F31188056B62
:106E200041602B6823F001032B600678012E33D1DB
:106E30008A239A22C0E90832264B98422CD1264B4D
:106E40001A6942F400121A611A6922F400121A61D6
:106E50001A69DA6942F40012DA610620DB69FEF78A
:106E6000D7F9A0620520FEF7D3F9236AE06243F464
:106E700080532362636A43F480536362174BA022FA
:106E80004FF0004183F81F23C3F88011196083F885
:106E90002023C3F884615E60A36A5B6805F1240265
:106EA0009A60E36A5B6805F128029A606268536839
:106EB00043F4404343F090032B6013682B612B682D
:106EC00043F001032B6002232370002383F3118816
:106ED00070BD00BFF82000200010024000E100E07B
:106EE000EFF3098305494A6822F001024A606833DA
:106EF00083F30988002383F31188704730EF00E0A3
:106F000008B50146202383F311880820FEF772FBA1
:106F1000002383F3118808BD38B5392805460CBF16
:106F200050240024FDF7FEFE24B92846BDE8384071
:106F3000FDF716BE6420013CFFF7E2FFA4B2F3E7C1
:106F40002DE9F041164682781F460C46234B6AB164
:106F50001970FCF781F9224B04F007041880012016
:106F6000A040C0B2BDE8F041FCF7A8BA1D788D4240
:106F70002DD11B4BB3F80080FCF76EF9A0EB080095
:106F800080B2C72823D806F12004B542E4B210D05D
:106F900005F00700012505FA00F0C0B2FCF782FAFF
:106FA000072C06D806F0070005FA00F0C0B2FCF77F
:106FB00085FA3846FFF7B0FF072C0DD806F0070614
:106FC0000120B040BDE8F041C0B2FCF76BBA04F05C
:106FD00007040120A040F5E7BDE8F0815020002023
:106FE000522000202DE9F04F8188038885B00446A7
:106FF000ADF80C30002900F00C85BDF80C204FF6E0
:10700000FF739A4200F0058500680122FEF7D8F868
:10701000A1780346002900F0E184A0F5BE42123AAF
:1070200092B20F2A00F28A84A74A12780ABBA0F112
:107030001203DBB240F2273653BBDFF8B0A2039352
:107040003046731CFBF737FF00228DF80C008DF8DB
:107050000D2070B1421E022A25D88DF80D000122A4
:1070600018468DF80C20FBF726FF02368DF80E002F
:10707000D0B9964B1B785E0700F0CB84A378002B29
:1070800000F0C784022005B0BDE8F04FFDF7CABC90
:10709000B6F5806FEDD03046FBF70DFF08B9013B28
:1070A000DBB20136C8E71E4603AD2B78002BC7D0F4
:1070B000012B2FD16B78A878012B03D10235FFF774
:1070C0002BFF04E0022B04D10235FDF72BFE013526
:1070D000EBE7032B03D10235FDF742FDF7E7042B65
:1070E00001D00135F3E77A4A023500274FF00A0E46
:1070F000835C69785B0705F1010C05D4013FE6D399
:107100006420FFF7FDFEF9E730380EFB0707654600
:107110000846EDE76F4A704912F803B0DA0803F049
:10712000070311F802806D491AF8027011F80290F5
:107130001F4148FA03F817F0010749FA03F308F072
:10714000010803F0010902D0E120FDF7EBFDB8F1E1
:10715000000F02D0E620FDF7E5FD5846FFF7DCFE04
:10716000B8F1000F02D0E620FDF7FAFC17B1E120DC
:10717000FDF7F6FCB9F1000FA9D02C209FE7012004
:10718000FDF76CFCFDF732FC73E70120FDF73EFCD8
:10719000F8E70220F4E7A3F5B943743B022B0ED8BD
:1071A000DFE803F011151900E122262311462046DD
:1071B000FFF7C6FE5DE72723E522E521F7E7262353
:1071C000E122E021F3E72723E522E421EFE726236C
:1071D000E122E221EBE72723E522E621E7E7282366
:1071E0000122EAE7A3F5B9427A3A92B2082A40F2BC
:1071F000D68345F61642934240F0D780384B394843
:107200001B7803F0AA03002B374B15BF0122002285
:10721000352129211A70FCF767F8FCF79FF828E759
:10722000A3F5B843033B122B1CD8DFE803F020245E
:107230002835393D4147676B6F737F83878B91ADED
:107240009900A3F5B9437A3B9AB2082A00F2B983B0
:10725000082B00F2B683DFE803F0161B61654B7F55
:107260008EA1A6002B7843F001032B70A9E32B78A5
:1072700043F00203F9E72B7843F00403F5E72B789A
:1072800043F00803F1E76B7843F001036B7098E378
:107290006B7843F00203F9E72B7843F01003E4E73F
:1072A0002B7843F02003E0E72B7843F04003DCE742
:1072B000FEF712F92B7843F08003D6E72B7823F002
:1072C0000C0343F00C03D0E7FEE703082F20002057
:1072D00051940008A2990008929900089299000818
:1072E0003E200020A4170020801F0020229A0008C2
:1072F0006B7823F0030343F00303C7E72B786FF3A6
:107300000003B2E72B786FF34103AEE72B786FF3FE
:107310008203AAE72B786FF3C303A6E76B786FF3BA
:107320000003B3E76B786FF34103AFE72B786FF39C
:1073300004139AE72B786FF3451396E72B786FF3D6
:10734000861392E7FEF7C8F82B786FF3C7138CE724
:107350002B7823F00C0388E76B7823F0030395E781
:107360002B78C3F3800282F00102D2B262F382036F
:1073700062F3C30379E76B78DA4302F0010262F348
:10738000000362F3410381E7FEF7A6F82B78C3F30D
:10739000C01282F0010262F3C71366E701210E20DA
:1073A000FDF7CEF80DE30021F9E7B64A107845F66F
:1073B000D542934200F0220032D845F6C1429342B2
:1073C0003AD9A3F5B943433B122B00F2888001A2BE
:1073D00052F823F0F5740008FF74000805750008E2
:1073E0000B75000811750008177500081D75000859
:1073F00023750008297500082F75000835750008E9
:107400003D75000841750008457500087370000857
:1074100073700008737000087370000873700008C0
:1074200045F65D5293423FF424AE45F65A529342DC
:1074300000F0A98000F28880B3F5B84F00F0988082
:1074400045F6DE42934200F09B802288A378ADF897
:107450000C200398002B00F09A80FDF755FE05469E
:1074600001460398FBF7ECFF874F03992846FDF789
:107470001BFD3E7894F80690A17816F007060546A5
:107480004FEA191917D00E46A9B1C5F3072303F027
:10749000F003402B04D005F12003DBB2072B7AD98F
:1074A00002200191FDF7BEFA3B78019913F0070F16
:1074B0000CBF01260026C5F30338B8F10B0F00F20C
:1074C000A280DFE818F06A006A00C500C500390133
:1074D0005101A000A0005B01BA01CB01CB016B4AB6
:1074E000137883F001031370694B00221A70FDF7C3
:1074F00005F9BEE5674A6849FCF739F8B9E5664A17
:107500006449F9E7654A6649F6E7654A6349F3E77E
:10751000644A6549F0E7644A6249EDE7634A6449B1
:10752000EAE7634A6149E7E7624A6349E4E7624A96
:107530006049E1E70120FDF7EFF89AE50520FAE759
:107540000D20F8E71220F6E745F65B5293421CD077
:1075500045F65C5293427FF478AF584B5878C0F3AD
:10756000800080F0010000F00100FDF76DF86CE78D
:10757000FDF7B2FF46F2A810FFF7C2FCFBF754FE7E
:10758000FDF796F975E50120EFE70020EDE7FBF741
:1075900039FF054668E700268DE7C5F30723C5F3E5
:1075A000032913F0F00F18BF4FEA0919EDB2A9B182
:1075B000B9F1000F0CD005F12003DBB2072B00D985
:1075C00055B9304A137849EA03031370FBF7C6FE36
:1075D0002846FDF7A7FB16E0394AF3E72846FDF7F2
:1075E000BFFAB9F1000F0ED005F12002D2B26FEA56
:1075F0000903072A5BB200D945BB224A11780B4028
:107600001370FBF7ABFEA8F10808B8F1030F01D81F
:10761000FBF77EFF96B197F9000010F001030DD142
:10762000A370C0F3C700FDF719FA2046FFF7DAFC94
:1076300097F90000C0F3C700FDF7E8F92068A188BA
:10764000002205B0BDE8F04FFDF7BABD1C4AD5E7F2
:10765000C5F3072303F0F003C5F30320202BEDB29D
:1076600018BF000175B3012D4DD0002956D0B9F1D6
:10767000000F2ED0A379D907AAD56FF30713A371F2
:1076800027E000BF3E2000202F20002044200020C3
:10769000ED0D00204D470008694700080D4800081F
:1076A00021480008D9470008F1470008A54700080D
:1076B000BD4700084D48000835480008D21F00208B
:1076C000F420002099B1994B1A781043B9F1000FBA
:1076D00002D1FBF7F3FE96E7B9F1010FF9D1944916
:1076E00049784D078FD482428DD018708BE7B9F15D
:1076F000000F04D1FBF72AFEFBF7D4FE83E7B9F1B4
:10770000010F80D0F6E721B1B9F1050F3FF67BAF4D
:10771000DFE7B9F1040F3FF676AFEDE7B9F1000FFF
:10772000EAD0392D0CBF4FF4FA500120FFF7E8FBE7
:107730002846FDF715FA66E715F4406FC5F3812377
:1077400008D0012B7FF45FAF61B1C5F30900FBF7EF
:10775000BFFE58E721B1C5F30900FBF7C9FE52E7A8
:107760000846FAE70846F2E7E8B221B1FDF77CFAED
:10777000FDF7EEF847E7FDF77DF9F9E715F4407FEF
:1077800029D100297FF43FAFC5F342129200D0B255
:1077900005F00F0202FA00F3EA0644BF0F2282400E
:1077A000C5F3812054BF0A46D243022861490ED056
:1077B00003280AD0012806D013430A6813400B603F
:1077C000FDF7ECF81FE7086803431343F7E713439B
:1077D0000A685340F3E7C5F3012209B302F001033D
:1077E000002B3FF410AFC5F342118900CAB215F067
:1077F00010011CBF0F219140C5F3812005F00F033C
:1078000018BFC94302284C4D03FA02F30FD00328D6
:1078100011D0012806D02A680B4313402B60CFE714
:107820005308DDE72A681A430A432A60C8E72A6832
:107830000B435340F2E70B43F0E75FFA85F9C5F3DA
:10784000032521B12846FDF709F9484641E7484696
:10785000FBF728FE2846FDF7D9F8D4E65FFA85FA4B
:10786000AAF1F003042B48D8DFE803F003141B202F
:107870002B0061B1B9F1040F3FF6C5AE2E4BC5F335
:1078800004201A680125854055401D6098E7B9F12C
:10789000050FF1E7C5F304200029DCD0FDF7DEF881
:1078A000B1E6C5F304200029F8D0D4E7224A31B16B
:1078B000C5F30425012303FA05F5156080E711607F
:1078C0007EE779B1C5F304200190FDF7C7F8184BA6
:1078D00001985B7813F0040FE0D1C30043F0030379
:1078E0003B70DBE70120FDF79DF8B9F1010F7FF652
:1078F0008AAE0220FDF796F885E639B1B9F1000F9E
:1079000001D0504665E6C5F30420C7E7B9F1000F82
:1079100009D0BAF1390F0CBF4FF4FA500120FFF72C
:10792000EFFA504605E7C5F3042094E73020002025
:10793000D21F0020EC1B00200820002045F610720A
:1079400090423FF41CAC45F6117290423FF421ACDA
:1079500045F6F642934213D845F6F24293423FF67B
:107960001AAC45F6D84293423FF425AC45F6D942CD
:1079700093423FF434AC45F6D74293423FF414AC03
:10798000002937D0244A0021117045F61542934250
:107990003FF628AC45F6014293427FF606AD1F4AFA
:1079A0001F49127809781F4D42EA01222A8045F6C4
:1079B000154293423FF645AC45F6014293423FF6ED
:1079C0002FAC2E8829780420FCF7BAFD310A22203A
:1079D000FCF7B6FDFDF780FDFFF74BBB45F61072D7
:1079E00090423FF4D2AB45F611729042B0D10220E2
:1079F000FFF7CCBB45F6164293427FF426AD0A4B07
:107A00000A481B78002B14BF35212921FBF744FCC1
:107A100003E405B0BDE8F08F5020002008E0030823
:107A200044E00308D21F0020801F0020A41700207C
:107A3000214BF7B59A7912F0F00F0AD19A7842B13A
:107A40001E4A1F4E12781F4D4FF6FF773178914234
:107A500001D103B0F0BD98881988ADF8041038B38F
:107A600089B2B94224D005EBC20493F801C0617811
:107A70008C451DD193F800C015F832108C4517D1F4
:107A8000A178A9B9A188091A89B2C72910D899790A
:107A90000948012262F307119971A37962F3071370
:107AA000A371FFF79FFA03B0BDE8F040FBF7EABC13
:107AB000013202F00702C9E7AA200020F3200020CB
:107AC000F2200020B22000202DE9FF47B34F0446EA
:107AD000BB880068009038882278617894F802802A
:107AE000B4F804A0ADF808003D46002B00F0C080BB
:107AF00080B24FF6FF7C604500F0BA80BE78002E61
:107B000000F0B680AAEB0303B8799BB2C72B00F054
:107B1000F00900F28D803B88ADF80830B9F1000F14
:107B200049D16345C14619D08DF800208DF8011068
:107B3000BDF800C09C4511D1B8F1000F40F0F580B0
:107B4000012363F30710B8713846FFF74BFABB798E
:107B5000A3710026304604B0BDE8F087BAF1000FEB
:107B600040F0E780B8F1000FF3D0AB7943F00103A8
:107B7000AB71EEE700EBC30595F801C08C4506D16B
:107B800010F833C0944502D1AD78002DE1D1013316
:107B900003F00703E1E010F4706F02D0002B00F057
:107BA000FB802033DBB2072B40F2F6802046FFF744
:107BB00019FAB146F0E0634513D08DF800208DF836
:107BC0000110BDF800C09C450BD1B8F1000F08D1E1
:107BD000A0712046FFF706FA23683B6063687B606C
:107BE000B8E78DF800208DF801100098FDF7B8FA7D
:107BF000D0B1B8F1000F17D0AB791F2B0CD92A8860
:107C0000ADF8082002A800228DF80A20ADF80CA0DB
:107C10008DF80E30FFF7E6F923682B6063686B6020
:107C2000FFF706FF012695E72046FFF7DBF9F9E7A6
:107C3000B9F1000F07D13846FFF7D4F9C7F8009023
:107C4000C7F80490A8E08DF800208DF801103B885B
:107C5000BDF800C09C45C4D1B8F1000FC1D1A071DE
:107C60002046FFF7BFF9C7F80080C7F8048071E726
:107C70002888ADF80800002B40D086B24FF6FF7080
:107C800086423BD0AE78002E38D1AAEB03039BB2DC
:107C9000C72B30D84646002EC6D08DF800208DF870
:107CA00001102B88BDF800209A4217D1AB79DA0772
:107CB0000FD413F0F0020CD0F02AA37106D0DBB27F
:107CC000C3F30312013262F30713A3712046FFF7D7
:107CD00089F923682B6063686B603BE70098FDF7C8
:107CE0003FFA002898D1AB79204643F00103AB71ED
:107CF000FFF778F92EE72E606E602BE7B8F1000FE2
:107D000092D08DF800208DF801100098FDF728FA28
:107D10000646002888D023682B60636828886B603B
:107D2000FDF712FAFFF784FE14E7BAF1000F3FF4F3
:107D30001CAF8DF808208DF80910BDF808004FF62B
:107D4000FF7398423FF40EAFB8F1000F7FF40DAF10
:107D50001348144B07781B781348BB427FF40AAFD3
:107D60008DF800208DF801100098FDF7EDF9C0F3B3
:107D70000332012AC3B27FF60EAF0E3202F00F02B9
:107D8000012A3FF613AF10F4706F3FF40AAFA279E7
:107D900012F0F00F7FF405AF4E46DBE6AA2000207C
:107DA000F2200020F3200020B2200020F0B587B0A0
:107DB0006F4687E803003846FFF786FE214E224DC6
:107DC000044628BB97E8030004AB83E80300BDF832
:107DD0000410BDF81020ADF80C20C9B11FFA82FCC8
:107DE0004FF6FF7294453778287811D07A1C02F04C
:107DF000070282420ED0154CADF8141003CB04EBF1
:107E0000C70C44F837003270CCF80410FBF73AFB8B
:107E10000E4C11E0FDF760FB0D4B34702C701C60B4
:107E20005C60F5E704EBC000FFF74EFE40B12B7835
:107E3000013303F007032B70287833788342F1D1A4
:107E400007B0F0BDF2200020F3200020B220002077
:107E5000AA2000202DE9F04701F094FAC521FE2068
:107E6000FDF7CAF90421FD20FDF7C6F90121002024
:107E7000FDF7C2F9FF210120FDF7BEF977210220AD
:107E8000FDF7BAF92D4FDFF8B8804FF47A70FFF79D
:107E900037F8DFF8B4C0002240F25F19FF244FF03A
:107EA000010E3D460CEB820696F802A0F17873783D
:107EB0000AF03F00890041EA9A1100011CF822A053
:107EC00040EA131003F00F030AF003069B0143EA94
:107ED0009A03013209FB068A5C2A0AF8034007F874
:107EE00006E00AF800400AF80140DBD1C521FE2077
:107EF000FDF782F90221FD20FDF77EF9104E0024E6
:107F0000E0B216F8011B0134FDF776F9B42CF7D175
:107F1000C521FE20FDF770F90321FD20FDF76CF966
:107F2000084E0024E0B216F8011B0134FDF764F995
:107F3000AB2CF7D100232B70BDE8F0877F1F00200A
:107F4000201E0020D41E0020EC9A00082DE9F84FD6
:107F5000DFF81481DFF814A10026062745464FF00C
:107F60000109B3465AF8044B202383F3118824F007
:107F70000F0004F00F0409FA04F421460122FEF771
:107F800029FCA4B244838BF3118800BF00BF00BF5B
:107F900000BF00BF00BF00BF00BF00BF00BF00BFE9
:107FA00000BF00BF00BF00BF00BF00BF00BF002078
:107FB000294B044653F8042B22F00F0102F00F0264
:107FC000096921FA02F2D2075ABF09FA00F10AB28E
:107FD000002201302243102894B2EBD15AF8040C4D
:107FE000FEF763FC0320FEF78BFFB8F80020013F8B
:107FF000A2421ABFA8F800400122002217F0FF0792
:1080000046EA020608F10208ACD1144CEEB1012395
:108010002370FBF721F9124B1880114B1F88FBF7D7
:108020001BF9C01B80B2032812D90E4B2A881A8074
:108030006A885A80AA889A80EA88DA802A891A810E
:108040006A895A810023237002E02378002BE4D14F
:108050003046BDE8F88F00BF509A0008C81B0020CA
:10806000CA1B00200E2000203220002020A2000881
:1080700038B5202383F311880E4B9C69606204F1AC
:108080002805A06AA8420FD194F822303BB994F891
:1080900021309B0702BFD4E9043213615A61BDE865
:1080A00038400F20FDF786BA0368A362FAF724FB75
:1080B000E7E700BFE4190020134B1A6899691068BC
:1080C00010B443601860012082F820009A6188682B
:1080D000002281F820201A461B689C688442FBD845
:1080E00058680B60486001605960EFF30983C86904
:1080F000643B984203D972B6044BD362FEE79069A1
:108100005DF8044BF8F72CB9E4190020B895000885
:108110001149F0B508200026D1E901340A681D464E
:10812000043AAC4210D8E21CD21ADD1E22F003023F
:10813000AC4238BF00221344CA689A4209D80138B9
:1081400001F11001E8D1F0BD52F8047F45F8047B3D
:10815000E7E743F8046BF0E7A0A10008FEE77047EB
:1081600070470000B54B9A6A62F4FC022DE9804822
:108170009A629A6A02F4FC029A629A6A1A694FF049
:10818000FF321A614FF000081969C3F810801969AD
:10819000D968DA60DA68C3F80C80DA68DA69A84965
:1081A00042F08052DA61DA690A6842F480720A6049
:1081B0001A6A02F44072B2F5007F1A461EBF4FF4ED
:1081C00080331362C2F82080136A1E048DB007D476
:1081D000136A43F400731362136A43F40043136297
:1081E0009849994C0023C1E90033012065682B6050
:1081F00041F8303001300D2804F11004F6D19349D4
:108200004FF0FF334B60C1F80434914B60214020A4
:1082100083F80613C3F880011860802083F80713E1
:108220004FF40074C3F8800118604FF4807083F835
:108230000813C3F88001186083F80913C3F880415C
:108240001C604FF4806483F80A13C3F880411C60FB
:108250004FF4000483F81713C3F880411C6083F8BF
:108260002813C3F88401702158604FF0807083F8A0
:108270001813C3F8800118604FF0007083F81913C9
:10828000C3F8800118604FF0806083F81A13C3F8B8
:108290008001186083F81B134FF00061C3F8801150
:1082A000196093696B4943F00103936193690B680B
:1082B00043F020030B60002067490346013010287B
:1082C000C1E90011C1E9023301F11001F6D163499E
:1082D000634D0B6201F11804C1E90644614C0120B1
:1082E0000870C1E90433C1E90A435F4901F1180488
:1082F000C1E906445D4C0870C1E90433C1E90A4391
:108300000B625B495B4CCC6008704B605A4904F5CA
:108310008064CC6008704B60584904F59034CC60A0
:1083200008704B60564904F54064CC6008704B609F
:10833000544901F10C04C1E90344534C08704B60EB
:108340004B61C1E90A33CB610C63504904240870C6
:108350004B60CB600C748D614D490C744D4C0870B2
:108360004B60CB608C614C4901F10C04C1E90344C2
:108370004A4C0870C1E9074341F20A0541F218046A
:10838000C1E90A54464C4B61C1E901334B620021FB
:108390002070636004F12C000B4640F8043B01316F
:1083A00007298361F9D1D169A36041F00101D1614D
:1083B0003C49D2698A683C4D42F001028A604FF024
:1083C000804240F2CF21916201204FF0FF31D16213
:1083D00093615363D3605360506110601C4A8020E6
:1083E00082F81C034FF08050C2F88001106005F144
:1083F0001C02C5E907222D4A2D4810602D48506007
:108400002D4A2E489360C2E9000302F10C00C5E931
:108410000913AB60C5E90055C5E90455C2E903007D
:108420005361CDE90413CDE906336B6700220023C5
:10843000CDE908234FF0040904AF41E000100240E9
:1084400000700040F81B0020D09800080000024097
:1084500000E100E000000140E4180020140E0020BC
:1084600000040040909A0008440E0020AC9A0008D6
:10847000841600200010004094160020A41600204E
:1084800074160020F820002000540040B41600208C
:10849000D016002000080040EC16002000380040F4
:1084A0001C170020002004E0E4190020C01B00205D
:1084B0003021002000A00020D01B0020E92C000863
:1084C0003846FAF713F9FAF7F1F8B9F10109F7D1DB
:1084D000049B6B678023C5E91A93AB63C84BC94AF9
:1084E000AB646B696B64012185F85190C5F86490A9
:1084F00085F852102D641A6102F12803AB6502F170
:108500002C03C5E91733C04B6A61AA61EB6485F897
:108510005010202080F3118862B6BC4BDE684FF605
:10852000FF0C06EA0C0CBA4E4CEA0606DFF86CC3E8
:10853000DE60DCF80C6046F08076CCF80C60DFF88A
:1085400060C3DCF800600E43CCF800601026DE77D4
:1085500083F8220089F3118862B680F31188AD4B4D
:1085600003F1B400C3F82401AB48C3F82011C3E9F8
:108570003D09C3E9549183F83A11A848A849C3F8C2
:108580001401C3F8301102206969A3F8380103F51A
:108590008C70C3F82C11C3F83431C3F84C91C3F874
:1085A0002851086103F5A071C3F8401103F5A271C9
:1085B000C3E95111A969C3F83C919C468B68686175
:1085C0000646002B00F08681FAF796F8002585F321
:1085D0001188944B944A5A6002F188325A600421FF
:1085E00001224FF09040FEF7F5F84FF0904304223F
:1085F0001A83294610228D488D4EF8F74DF88D4B81
:1086000035701D708C4B03F108029A6503F11C0252
:10861000C3F8802003F13002C3F8A02003F1E00189
:10862000864AC3F8D420C3E9381103F1D802D3F83D
:10863000C410D3F8BC00C3F8D820D3F8D020C3F8B6
:10864000EC50043101FB002CC3E94002C3E93C2299
:108650007B4AC3F81021D3F8CC20C3E93EC14FF0C8
:10866000010ED3F8B8C083F8DCE003F1D40103F5C0
:108670008C70C3E9460083F8E8E083F820E1C3E9A1
:108680004255C3F81411C3F824C1C3E94A22D3F8F0
:10869000C000043000FB0C2EC3E94EC2694AC3E996
:1086A0004CE0C3E95221C3E95055D3F8B020202053
:1086B00080F3118893F8B400029602EB8000816287
:1086C00093F8B500113042F8201093F8B60010B1BD
:1086D00002EB800291625C4AC3F85021022683F8C3
:1086E000DC60002585F311884FF4805101224FF0A2
:1086F0009040FEF76FF84FF090434FF480525A834A
:108700005248FEF7FDFB202383F31188504B636032
:108710002378012BC4E90355C4E90555C4E907557D
:10872000C4E9095501D1F9F765FD2670002585F3E7
:10873000118840F202724FF480514FF09040FEF7E2
:1087400049F8444B41F28830DD60FEF7D9FB202325
:1087500083F311884FF080435A6A85F311883E4BAA
:108760003E481A60FEF7A1F83D483E4EFEF79DF8E0
:108770003D48FEF79AF83D48FEF797F83C48FEF76B
:1087800094F83C48FEF791F8102556F8040B013D8B
:10879000FEF78BF815F0FF05F7D1374A3749062366
:1087A0001646013B13F0FF0321F8025B22F8025B3F
:1087B000F7D1334B334D1B782A7843EA02231BB29F
:1087C00013F58B7F01D0FCF773F82F4B1A782F4BE2
:1087D0001A702F4B2F4A1B78127843EA02232E4A35
:1087E0001380FFF7B3FB4FF41670FEF789FBFFF71A
:1087F000ADFB368816F0010600F08A8052E000BF1B
:108800003A9A0008141A00200004002000ED00E04D
:108810000003FA05601A0020E52C0008790300081F
:10882000C79500080020024023016745801C0020F6
:10883000911C0020901C0020780C00206CA20008E5
:10884000B12E0008C32D0008280D0020F0490200B9
:108850005CA200089C1F0020402000200B04004860
:108860000A040048509A0008010400480004004827
:1088700007000048060000480E200020322000209B
:1088800000E0030802E0030804E00308CC1B00201A
:1088900008E0030844E00308D21F0020F0ED00E0E8
:1088A000001000E0FF212320FBF74AFEFF212420D7
:1088B000FBF746FEFF212520FBF742FEFBF7E4FF16
:1088C000FF210020FBF73CFEFF210120FBF738FED3
:1088D000FAF7AAFC81F82090303A126890680028D4
:1088E000FBD150680A604860016051600122AE61AE
:1088F0008CF83821EFF30983CA69643B9A4203D9A3
:1089000072B6B84BEB62FEE7B748F7F729FD5DE6B4
:10891000B64B1A78B64B1A60FCF740F8FFF79AFA94
:10892000B44A4FF0FF3353769376D3761377537769
:108930009377D37782F8203082F8213082F8223082
:1089400082F8233082F8243082F8253082F82630ED
:10895000167082F8273082F82830A74A537693762B
:10896000D376137753779377D37782F8203082F8D2
:10897000213082F8223082F8233082F8243082F8C5
:10898000253082F82630167082F8273082F8283099
:108990009A4B1B782A7843EA02231BB213F58B7F8C
:1089A00003D0FBF785FFFBF75BFF954A1C231146BD
:1089B00018460133FAF77FFA242B02F8010BF7D19E
:1089C0000B7813F0FC0F01D1FBF74AFF8D4B1B789E
:1089D000212B07D18C4B1B78072B03D18B4B1B789A
:1089E000132B13D000212620FBF7AAFDFBF750FE26
:1089F000FBF742FE21212320FBF7A2FD07212420C3
:108A0000FBF79EFD13212520FBF79AFD804B814A41
:108A10001A60DFF83C92804E99F8000033787F4D61
:108A20000022984226D019460133695C052903F0DB
:108A30000F034FF00102F4D1029A79481370794B79
:108A400000251D70784B1D70FCF72EFD774B1D60C7
:108A50009D80774B1D70774B1D70774B28461D709E
:108A6000FAF746FD2846FAF733FDFAF751FD734B46
:108A70001D70D1E702B130702378052B2AD1704EDA
:108A8000012520E0FCF7E2FF002211461046FBF72B
:108A90002DF80022694B104611461D70FBF726F891
:108AA000664B40F2A4601D70FEF72AFAFFF74EFAFB
:108AB000644A002332F8021B002940F00E83013380
:108AC000DBB2062BF6D12378052BDBD0FAF746FC78
:108AD000FBF73EFFFFF73AFA08B1FAF7BDFB5A4938
:108AE00058484FF0000930F8025B31F8023BAB42C6
:108AF0005FFA89FB00F0BE816B404FF0000A01264F
:108B00001E425FFA8AF200F0AD81354014BF0123A6
:108B1000002301920093FAF79FFB40F00100019AB5
:108B200080B200210DB1404B1970009B8DF81020D0
:108B30008DF81230ADF816108DF811B0ADF81400A4
:108B400097E80300FFF732F93F4A32F819305E40E8
:108B500022F819604DB13D4B03EB091919F80A30A1
:108B6000FF2B16BF012500259846DFF88C9099F859
:108B700000B00BEB0503082B4E4626DDC5F1080AB5
:108B8000691C52464944701CF9F75AF805F109016D
:108B90005246494409F10900F9F752F805F10C0170
:108BA00009EB41014FEA4A02013109F11900F9F7D5
:108BB00047F805F111015246494409F111000BF142
:108BC000FF3BF9F73DF889F800B0DFF880C099F86D
:108BD0000030002208F1300E11460CEB4E0B92468D
:108BE0004BE000BFB8950008781B002006E00308A2
:108BF000EC1B0020921C0020D61F002000E0030880
:108C00004420002046E0030848E003084AE0030847
:108C1000601C0020640C0020911C0020801C00209F
:108C2000A41700203E200020F42000202620002051
:108C30002D2000202E2000202C200020A820002005
:108C4000001002400E2000201A2000205C9C00082A
:108C5000901C0020F2181CF81E1051700C3306EB0B
:108C600043039BF801105172012182F8118083F8AF
:108C700001A083F802A00A460346581C9542C0B2E0
:108C8000E8D809B189F80030DFF820B3FCF7DEFE40
:108C90009BF800309BF902509BF9036000939BF80E
:108CA00001300193002255EA06039BF904909BF9D9
:108CB00005A08BF802208BF803208BF804208BF89A
:108CC00005203AD0B74A12880392FAF7C5FA039AF8
:108CD000B549801A0A7880B2002A00F095823228BD
:108CE0002BD9FF2A01D001320A7045B1FBF79AFF58
:108CF000002DCCBF0122FF2250438BF8020046B169
:108D0000FBF790FF002ECCBF0122FF2250438BF8CF
:108D100003009BF9021081B19BF903306BB1B522BE
:108D20005143091202FB03F308BF01219F4A8BF84C
:108D300002101B1208BF0123D37059EA0A0342D064
:108D40009B4BB3F800B0FAF787FA9A4A1378A0EB76
:108D50000B0080B2002B00F05282642833D9FF2B25
:108D600001D001331370DFF844B2B9F1000F09D01C
:108D7000FBF734FFB9F1000FCCBF0123FF235843A9
:108D80008BF80400BAF1000F09D0FBF727FFBAF106
:108D9000000FCCBF0123FF2358438BF805009BF93C
:108DA000041081B19BF9050068B1B523594309123C
:108DB00003FB00F308BF01217C4A8BF804101B124F
:108DC00008BF01235371DFF8E4B19BF803109BF84F
:108DD00002200A439BF804100A439BF8051052EA4C
:108DE000010301D0FBF7B4FD009B8BF80030019B21
:108DF0008BF801308BF802508BF803606E4D8BF8C6
:108E000004908BF805A0FAF783FB2B78834202D0FD
:108E1000FAF77EFB2870694E3046202250F8D43F86
:108E200039461D6A0023A84700283FF4F2AD9DF89B
:108E30001030013BC5B2122B78D8DFE813F03500B3
:108E40003C006B007B008400A60077007700770071
:108E500077007700A900AD00C500E7000601090111
:108E60000B012F010AF1010A7600BAF1100FB6B218
:108E70007FF446AE09F10109B9F1060F7FF433AE74
:108E8000FAF7EAF900234FF6FF7240F00100ADF85F
:108E90001630ADF810208DF81230ADF8140097E8B8
:108EA0000300FEF783FFEFE600238DF8113009235E
:108EB0008DF8123023E09DF81130022B00F09481E0
:108EC000032B0DD0012B31D1FAF7C6F9030E8DF823
:108ED0001230030C8DF8133040BAADF814000EE0D8
:108EE000374804AB012230F8021BD97001324FEA37
:108EF000112C072A83F802C003F10203F3D1202DBD
:108F00007FF487ADD6F8D4302E485B682A4604A992
:108F100098477EE59DF81130022B07D1DDF812103D
:108F200009BAC9B22620FBF70BFBE8E7FF238DF84F
:108F30001030E4E79DF813209DF812109DF8110001
:108F4000FAF7EEFAC8E79DF814309DF812909DF8F4
:108F500015109DF8112041EA03214FEA49109DF8B0
:108F600013304FF0C00919FB020909EB430909F15D
:108F700027000FFA81FA80B2090AFBF7E1FA09F13A
:108F800028005FFA8AF180B2CDE7FBF781FBB6E7F4
:108F900010238DF81130B2E700238DF81130D9235A
:108FA00086E700BF022000202D2000202620002080
:108FB000042000202E2000200C200020780C00200F
:108FC0000E2000204C0D00209DF811209DF812303D
:108FD0009DF8139043EA022303F22732C3F57C4342
:108FE0003946D9334FF0000AD01880B2484586D2AE
:108FF000A2F22730D82806DC1046F9F75CFF08718A
:1090000001320131F0E781F804A0F9E79DF8113051
:109010009DF812909DF813B049EA03294FF0000A19
:109020001FFA8AF39B457FF66AAFB9F1D80F07DCC8
:1090300004AB534409F22730197980B2FBF780FA68
:109040000AF1010A09F10109EAE7FBF715FB56E706
:1090500004239EE79DF811209DF812309DF813908F
:1090600043EA022303F12702C3F57F433946D9338C
:109070004FF0000AD01880B24845BFF440AFA2F1CB
:109080002700B0F5407F06DA1046F9F714FF0871A3
:1090900001320131EEE781F804A0F9E79DF81130C3
:1090A0009DF812909DF813B049EA03294FF0000A89
:1090B0001FFA8AF35B45BFF422AFB9F5407F07DAA8
:1090C00004AB534409F12700197980B2FBF738FA51
:1090D0000AF1010A09F10109EAE72378052B0BD10E
:1090E0004C4D2B6C43F010032B64C820FDF708FF98
:1090F0002B6C23F010032B64202383F31188237837
:10910000012B15D0444B4FF48062C3F888204FF4F4
:109110000061002283F84A23C3F8881083F84B23A8
:109120003C4B03221A64F36923F40003F361F369EF
:109130003A4DAB46012200230BF80C2B6B609A468C
:1091400099465BF8043B7BB1586920B16FF001018F
:109150000C30F9F717FB5BF8043C986920B16FF00D
:1091600001010C30F9F70EFB0AF1010ABAF1080F00
:109170004BF8049CE5D12A4B1A689B6992689B685E
:109180009A4201D9FEF798FF4FF0000989F3118840
:1091900001224FF480514FF09040FDF71BFB4FF040
:1091A00090434FF480525A83202383F311881D4B40
:1091B0006B602B78012BC5E90399C5E90599C5E9D1
:1091C0000799C5E9099901D1F9F714F802232B7021
:1091D000002383F3118840F202724FF480514FF064
:1091E0009040FDF7F7FA4BE42620F9F764FE0023E0
:1091F000ADF812308DF814308DF815007FE6B0F51B
:10920000967F3FF6AEADDEE5B0F5967F3FF66BADEF
:1092100093E500BF005C004000E100E01C17002067
:10922000E41900205CA20008404A08B552F8041C6A
:109230003F4B99420DD1002342F8043C83F314883C
:109240003C4B1B6883F3088862B63B4B1B6898470E
:10925000FEE73A4A3A49936A43F4FC039362936AFD
:1092600023F4FC039362936A536943F4FC03536150
:109270004FF090405369F8F71DFF32493248F8F734
:1092800019FF32493248F8F715FF32493248F8F7EA
:1092900011FF32493248F8F70DFF32493248F8F7EA
:1092A00009FF136843F00103136013461A6892071D
:1092B000FCD55A6822F003025A605A6812F00C0278
:1092C000FBD1196801F0F90119605A601A6842F47B
:1092D00080321A601A689003FCD55A6A42F0010283
:1092E0005A625A6A9107FCD5204A5A604FF40452D8
:1092F000DA6230221A631A6842F080721A601A68C1
:109300009201FCD51A4A12211160116801F007017F
:109310000229FAD15A6842F002025A605A6802F0F1
:109320000C02082AFAD11A6B1A6308BD00A00020AB
:10933000EFBEADDE00D8FF1F04D8FF1F00100240B3
:10934000D09D0008EC9D000800040048089E00081D
:1093500000080048249E0008000C0048409E0008B9
:10936000001000485C9E00080014004800241D0006
:109370000020024028B1202814BF4FF0FF306FF0CA
:1093800001007047124B07B51A78F2B90121197024
:10939000104801924021FDF71DFA019A0D488021E5
:1093A000FDF718FA4FF47A70FDF7AAFD094840F26C
:1093B00006224021FDF70EFA064840F206228021DF
:1093C00003B05DF804EBFDF705BA03B05DF804FBEC
:1093D000F6200020000400482DE9F043DFF85C800F
:1093E000144C85B00D4620701349404616461F4662
:1093F000FDF710FDDFF848C0247840F2E730002187
:10940000ECFB07014FF47A720023F6F7C3FF4FF02D
:1094100000096408CDE90190CDF8009033462A4652
:1094200021464046FDF784FC05B0BDE8F043FFF758
:10943000A1BF00BFF520002098A20008F82000205E
:04944000A086010001
:04944400F8B500BFB8
:04944800F8B500BFB4
:10944C0000FFFF00002020202020202020202828A2
:10945C0028282820202020202020202020202020E8
:10946C002020202020881010101010101010101028
:10947C001010101010040404040404040404041058
:10948C0010101010101041414141414101010101E6
:10949C0001010101010101010101010101010101B0
:1094AC0010101010101042424242424202020202BC
:1094BC000202020202020202020202020202020280
:1094CC001010101020000000000000000000000030
:1094DC000000000000000000000000000000000080
:1094EC000000000000000000000000000000000070
:1094FC000000000000000000000000000000000060
:10950C00000000000000000000000000000000004F
:10951C00000000000000000000000000000000003F
:10952C00000000000000000000000000000000002F
:10953C00000000000000000000000000000000001F
:10954C000000000000000000040C002000000000DF
:10955C0000000000000000000000000000000000FF
:10956C0000000000000000000000000000000000EF
:10957C0000000000000000000000000000000000DF
:10958C0000000000000000000000000000000000CF
:10959C0000000000000000000000000000000000BF
:1095AC000000000000000000000000007374616304
:1095BC006B206F766572666C6F770069646C650002
:1095CC00000101010101010101010202020202027A
:1095DC00020202030303030303030304040404044D
:1095EC000404050505050506060606060707070714
:1095FC000708080808090909090A0A0A0B0B0B0CC9
:10960C000C0C0D0D0D0E0E0E0F0F0F101011111165
:10961C0012121313141415151616171718181919E6
:10962C001A1A1B1B1C1D1D1E1E1F2020212222234B
:10963C002424252626272829292A2B2C2D2D2E2F8C
:10964C0030313232333435363738393A3B3C3D3EA3
:10965C003F404142434445464748494A4C4D4E4F92
:10966C0050515354555658595A5B5D5E5F61626454
:10967C00656668696B6C6D6F7072737577787A7BE1
:10968C007D7E8082838587888A8C8E8F9193959638
:10969C00989A9C9EA0A2A3A5A7A9ABADAFB1B3B558
:1096AC00B7BABCBEC0C2C4C6C9CBCDCFD1D4D6D834
:1096BC00DBDDDFE2E4E7E9EBEEF0F3F5F8FAFDFFD2
:1096CC00D2970008D6970008E897000804100E00FF
:1096DC003797000850970008709700089297000879
:1096EC00F89700081A980008E200E900EA00B500B3
:1096FC00B600B700CD008301CC008A019201940121
:10970C002102230224022502260227022A02B30088
:10971C00B4006F0070004022B609025B0003010028
:10972C00A0FA090400000103010100092111010044
:10973C00012240000705810308000A090401000208
:10974C0003000000092111010001222200070582FB
:10975C000320000107050303200001090402000196
:10976C000300000009211101000122B60007058445
:10977C000320000A1201100100000040EDED75708D
:10978C0001000102000105010906A101050719E00C
:10979C0029E71500250195087501810295017508C9
:1097AC0081010507190029FF150026FF0095067594
:1097BC000881000508190129059505750191029587
:1097CC000175039101C00403090410034D006500E9
:1097DC006C004700650065006B0000000E034D0037
:1097EC004F004A004F003700350000000660FF09AB
:1097FC0061A1010962150026FF0095207508810200
:10980C000963150026FF00952075089102C005011B
:10981C000902A10185020901A10005091901290804
:10982C0015002501950875018102050109300931E2
:10983C001581257F95027508810609381581257FCC
:10984C00950175088106050C0A38021581257F954E
:10985C000175088106C0C005010980A101850319A5
:10986C00012AB700150126B700950175108100C0BB
:10987C00050C0901A101850419012AA00215012674
:10988C00A002950175108100C005010906A1018592
:10989C0005050719E029E7150025019508750181D3
:1098AC00020507190029EF1500250195F0750181B6
:1098BC000205081901290595057501910295017597
:1098CC00039101C0000002400800024001000000AA
:1098DC000000000B000002401C00024002000000CF
:1098EC000004010C000002403000024004000000A3
:1098FC000008020D00000240440002400800000075
:10990C00000C030E00000240580002401000000042
:10991C000010040F000002406C0002402000000008
:10992C0000140510000002408000024040000000BE
:10993C0000180611000402400804024080000000D8
:10994C0000000738000402401C0402400001000023
:10995C0000040839000402403004024000020000F8
:10996C000008093A000402404404024000040000CC
:10997C00000C0A3B0004024058040240000800009E
:10998C0000100B3C00000000000000000000000074
:10999C0000000000000000000000000000002A2B66
:1099AC002800000000000000000000000000000083
:1099BC000029000000002C1E3420212224342627EC
:1099CC00252E362D3738271E1F202122232425260D
:1099DC003333362E37381F0405060708090A0B0CDB
:1099EC000D0E0F101112131415161718191A1B1C23
:1099FC001D2F3130232D350405060708090A0B0CE1
:109A0C000D0E0F101112131415161718191A1B1C02
:109A1C001D2F3130354C000000007E0F00D4FFFFAD
:109A2C00FFC700000078003131295A1B750A6D619F
:109A3C00696E00164230040444080C1014181C20E3
:109A4C00212200000C0400480D0400480E040048BC
:109A5C000F040048080000480F00004803040048A9
:109A6C0004040048050400480804004809040048A0
:109A7C000D0800480E0800480F0800480000004878
:109A8C0001000048007400400000000000000000CD
:109A9C000000FFFF09000000BE2000000A000000CB
:109AAC00007400400300000010000000FFFF0000E5
:109ABC000A000000BE2000000A00000000000000A8
:109ACC0099270008F52400080924000840004000EC
:109ADC00641C0020641C002001000000781C002085
:109AEC001440C0008C2042080401C40F7CE14517CF
:109AFC00F4C1C71E6CA24926E482CB2D5C634D35A4
:109B0C00D443CF3C5C604105D440C30C4C2145147C
:109B1C00C401C71B3CE24823B4C2CA2A2CA34C3252
:109B2C002070800198500209103184108811061899
:109B3C0000F2871F78D20927F0B28B2E68930D366E
:109B4C00E0738F3DA483CE391C64504168900106AC
:109B5C00E070830D58510515D031871C481209242B
:109B6C00C0F28A2B2CA04002A480C2091C614411B3
:109B7C009441C6180C2248208402CA27FCE24B2FC1
:109B8C0074C3CD36ECA34F3E38D30C33B0B38E3AFE
:109B9C002894104274C0C106ECA0430E6481C51514
:109BAC0038D00003B0B0820A28910412A071861933
:109BBC001852082190328A2808130C3080F38D3704
:109BCC00F8D30F3FDC61471D5442C924CC224B2CE7
:109BDC004403CD33BCE34E3B34C4D04258541145FE
:109BEC004400C103BCE0420B34C1C412ACA1461A00
:109BFC002482C8219C624A291443CC308C234E38D1
:109C0C000404D03F9444D248B8D4124B70B491465B
:109C1C0000F5934F4C2451447CE45147A074924975
:109C2C0050308104C810030C40F18413B8D1061BCA
:109C3C0030B28822A8920A2A20738C3198530E399C
:109C4C0010349040C404D34BE894134E0C2554505C
:109C5C00000102030405060708090A0B0C0D0E0F80
:109C6C00101112131415161718191A1B1C1EFF208D
:109C7C002122232425262728292A2B2C2D2EFF2F81
:109C8C00303132333435363738393A3BFF3DFF3FCC
:109C9C0041434445464748494A4B4CFF4DFF4E4FC4
:109CAC00505152FFFF54FFFFFF5657FF58595A5B54
:109CBC0000001000200030004000500060007000D8
:109CCC0080009000A000B000C000D000E000F000C8
:109CDC000010101020103010401050106010701038
:109CEC0080109010A010B010C010D010E010F01028
:109CFC00FF10002010202020302040205020602019
:109D0C00702080209020A020B020C020D020E02007
:109D1C0000301030203030304030503060307030F7
:109D2C0080309030A030B030C030D030E030F030E7
:109D3C000040104020403040404050406040704057
:109D4C0080409040A040B040C040D040E040F04047
:109D5C0000501050205030504050505060507050B7
:109D6C0080509050A050B050040404040404040427
:109D7C000404040404040404040404040404040497
:109D8C000404040404040404040404040404040487
:109D9C000404040404040404040404040404040477
:109DAC000404040404040404040404040404040467
:109DBC000404040404040404040404040404040457
:109DCC000404040400A8802A0000000000FCC03C2D
:109DDC0054111564FFFF00000000505500E00E0008
:109DEC0080A00000C0000000C0F000001505555513
:109DFC00FFFF00000000004400000000000A00000B
:109E0C0000000000000000F055555505FFFF000054
:109E1C0000007700000000000000000000000000BF
:109E2C000000000055555555FFFF000000000000D4
:109E3C00000000004000555500000000C000FFFF6E
:109E4C0015551501FF000000000000000000000087
:109E5C0000000000000000000F0000005055555598
:109E6C00FFFF0000000000000000000001000000E7
:109E7C0003000000000000001D2D00080000000081
:109E8C0008000000841F00200000000002000000F9
:109E9C0000000000165C3A003B003C003D003E0018
:109EAC003F00400041004200430044004500460092
:109EBC004700480035001E001F0020002100220032
:109ECC00230024002500260027002D002E002A0048
:109EDC0000004A002B0014001A000800150017009F
:109EEC001C0018000C00120013002F003000310071
:109EFC0000004C00390004001600070009000A009D
:109F0C000B000D000E000F00330034000000280081
:109F1C0000004B00E1001D001B00060019000500AD
:109F2C00110010003600370038000000E50000007A
:109F3C0052004E00E000E300E200000000002C00A4
:109F4C00000000000000E60001510000E400500099
:109F5C0051004F000100010001000100010001004F
:109F6C0001000100010001000100010001000100DD
:109F7C0001000100010001000100010001000100CD
:109F8C0001000100010001000100010001004C0072
:109F9C0000004D000100C25C0100C55CC65CC75CE2
:109FAC00C85CC95CCA5CC35C010001000100005CB8
:109FBC000000490001000100010001000100010046
:109FCC0001000100CB5CCC5C010001000000DE5CF8
:109FDC00000001000100010001000100010001006E
:109FEC00145C0100010001000100000001000000F0
:109FFC00A900A80001000100010000000000010000
:10A00C000000000000000100010000000100AC0095
:10A01C00AA00AB00010001000100010001000100D9
:10A02C00010001000100010001000100010001001C
:10A03C00010001000100010001000100010001000C
:10A04C0001000100010001000100010001000100FC
:10A05C0000000100010001000100010001000100ED
:10A06C0001000100010001000100010001000100DC
:10A07C0000000100010001000100010001000100CD
:10A08C0001000100010001000100010000000100BD
:10A09C0000000100010001000100010001000100AD
:10A0AC00010001000100010001000000010000009E
:10A0BC00010001000100010001000000000001008E
:10A0CC000000000000000100010000000100010080
:10A0DC00010001000100010001000100010001006C
:10A0EC00010001000100010001000100010001005C
:10A0FC00010001000100010001000100010001004C
:10A10C00010001000100010001000100010001003B
:10A11C00000001000100010001000100010001002C
:10A12C00010001000100010001000100010001001B
:10A13C00000001000100010001000100010001000C
:10A14C0001000100010001000100010000000100FC
:10A15C0000000100010001000100010001000100EC
:10A16C0001000100010001000100000001000000DD
:10A17C0001000100010001000100000000000100CD
:10A18C0000000000000001000100000001000100BF
:10A19C000100010064A500083021002030210020BE
:10A1AC003021002064A50008000000000000000021
:10A1BC000000000064A50008000000000000000082
:10A1CC000000000064A50008000000000000000072
:10A1DC000000000064A50008000000100000001042
:10A1EC000000001064A50008000000000000000042
:10A1FC000000000064A50008000000000000000042
:10A20C000000000064A50008000000000000000031
:10A21C00000000000B0400480A0400480104004838
:10A22C000004004807000048060000480300000036
:10A23C0000000000312F000800000000200000008A
:10A24C005820002000000000020000000000000068
:10A25C00AD5200089D310008C12F0008E9530008D9
:10A26C0000000000135700085558000863570008F9
:10A27C009F5800085D570008995800080D570008B2
:10A28C004F580008000000000000000081267000FC
:10A29C0000000000000000005245454E54206D6146
:10A2AC006C6C6F6320737563636565646564000033
:10A2BC002E2E2F2E2E2F2E2E2F2E2E2F2E2E2F2EAD
:10A2CC002E2F2E2E2F2E2E2F6E65776C69622F6CF3
:10A2DC006962632F7374646C69622F72616E642E91
:10A2EC00630000002C2066756E6374696F6E3A20F3
:10A2FC0000000000617373657274696F6E20222513
:10A30C007322206661696C65643A2066696C65200D
:10A31C00222573222C206C696E65202564257325FB
:10A32C00730A0000232D302B20000000686C4C00B9
:10A33C006566674546470000303132333435363771
:10A34C003839414243444546000000003031323335
:10A35C003435363738396162636465660000000055
:08A36C005860FF7F01000000B2
:10A37400040C00200000000098950008789500085F
:10A3840058950008000000000000000000000000D4
:10A3940000000000000000000000000000000000B9
:10A3A40000000000000000000000000000000000A9
:10A3B4000000000000000000000000000000000099
:10A3C4000000000000000000000000000000000089
:10A3D40000000000352F000811590008C558000876
:10A3E400FD2E0008C92E000804000000040000002F
:10A3F4000000000000000000000000000000000059
:10A404000000000000000000000000000000000048
:10A414000000000000000000000000000000000038
:10A424000000000000000000000000000300000025
:10A4340000000000212D00080000000020000000A2
:10A444000000000000000000020000000000000006
:10A45400030000000000000000000000472E000878
:10A4640000002000000000000000000002000000C6
:10A474000000000003000000000000001F2D000881
:10A4840000000000080000000000000000000000C0
:10A4940002000000000000001C170020020300005E
:10A4A4000400000004000000200000002000000060
:10A4B40000000000C4170020541800200000000011
:10A4C4000000000000000000000000000000000088
:10A4D4000000000000000000000000000000000078
:10A4E4000000000000000000000000000000000068
:10A4F4000000000000000000000000000000000058
:10A504000000000000000000000000000000000047
:10A514000000000000000000000000000000000037
:10A524000000000000000000000000000000000027
:10A53400000000000000000000000000FF00000018
:10A544000000000000000000000000000000000007
:10A55400010096000000000800FF00FFFF03000058
:040000050800035993
:00000001FF
