:020000040800F2
:1000000000040020310200083F820008330200088B
:1000100033020008330200083302000833020008EC
:1000200033020008330200083302000833020008DC
:1000300033020008330200083302000833020008CC
:1000400033020008330200083302000833020008BC
:1000500033020008330200083302000833020008AC
:1000600033020008F5900008658E0008858E0008B0
:10007000330200083302000833020008B197000879
:10008000A998000833020008330200083302000870
:1000900033020008330200083302000859920008B6
:1000A000330200083302000833020008330200085C
:1000B000330200083302000833020008F9980008F0
:0800C0003D01000811010008D8
:1000C8000448054B10B5834203D0044B002B00D0E5
:1000D800984710BD300E0020300E002000000000B0
:1000E80006480749091A8B10C90FC91810B54910D5
:1000F80003D0044B002B00D0984710BD300E0020D1
:10010800300E00200000000010B5074C2378002BAB
:1001180009D1FFF7D5FF054B002B02D0044800E0BA
:1001280000BF0123237010BD300E00200000000026
:1001380004AB0008054B10B5002B03D00449054853
:1001480000E000BFFFF7CCFF10BDC0460000000074
:10015800340E002004AB000872B6244880F30888E7
:10016800234880F30988022080F31488BFF36F8F37
:1001780007F06EFD07F023FB1E481F491B4A9142FA
:1001880002DA08600431FAE71C49194A914202DA96
:1001980008600431FAE71A491A4A1B4B9A4204DAF2
:1001A8000868106004310432F8E700201749184A3B
:1001B800914202DA08600431FAE707F04DFD07F0D2
:1001C80048FD144C144DAC4203DA216888470434C6
:1001D800F9E707F003FB114C114DAC4203DA216833
:1001E80088470434F9E70F49084700000004002055
:1001F800000C002055555555000000200004002033
:1002080004AB0008000C0020300E0020300E002047
:10021800441D0020C0000008C4000008C4000008F5
:10022800C80000085D7C000896E700F000F8FEE7CB
:10023800F0B544464D4656465F46F0B46B46CB6033
:10024800C3689D46F0BCA046A946B246BB46F0BD71
:1002580062B6281CA047002007F032FFFEE707F02F
:10026800F5FE024A024B1360FEE7C04604ED00E0CB
:100278000000008002B47146490849000956490047
:100288008E4402BC7047C04602B471464908490012
:10029800095C49008E4402BC7047C04603B47146ED
:1002A800490840004900095A49008E4403BC704778
:1002B800002243088B4274D303098B425FD3030A9D
:1002C8008B4244D3030B8B4228D3030C8B420DD3B0
:1002D800FF22090212BA030C8B4202D3121209023E
:1002E80065D0030B8B4219D300E0090AC30B8B427C
:1002F80001D3CB03C01A5241830B8B4201D38B032A
:10030800C01A5241430B8B4201D34B03C01A5241CE
:10031800030B8B4201D30B03C01A5241C30A8B4211
:1003280001D3CB02C01A5241830A8B4201D38B02FC
:10033800C01A5241430A8B4201D34B02C01A5241A0
:10034800030A8B4201D30B02C01A5241CDD2C30912
:100358008B4201D3CB01C01A524183098B4201D38E
:100368008B01C01A524143098B4201D34B01C01A79
:10037800524103098B4201D30B01C01A5241C308F1
:100388008B4201D3CB00C01A524183088B4201D360
:100398008B00C01A524143088B4201D34B00C01A4C
:1003A8005241411A00D20146524110467047FFE7B8
:1003B80001B5002000F0F0F802BDC0460029F7D0D2
:1003C80076E7704703460B437FD4002243088B42ED
:1003D80074D303098B425FD3030A8B4244D3030BC4
:1003E8008B4228D3030C8B420DD3FF22090212BA89
:1003F800030C8B4202D31212090265D0030B8B4205
:1004080019D300E0090AC30B8B4201D3CB03C01AEE
:100418005241830B8B4201D38B03C01A5241430BC9
:100428008B4201D34B03C01A5241030B8B4201D3B9
:100438000B03C01A5241C30A8B4201D3CB02C01A24
:100448005241830A8B4201D38B02C01A5241430A9C
:100458008B4201D34B02C01A5241030A8B4201D38B
:100468000B02C01A5241CDD2C3098B4201D3CB0132
:10047800C01A524183098B4201D38B01C01A5241E1
:1004880043098B4201D34B01C01A524103098B42E5
:1004980001D30B01C01A5241C3088B4201D3CB00D0
:1004A800C01A524183088B4201D38B00C01A5241B3
:1004B80043088B4201D34B00C01A5241411A00D263
:1004C80001465241104670475DE0CA0F00D04942CC
:1004D800031000D34042534000229C4603098B423C
:1004E8002DD3030A8B4212D3FC22890112BA030AC4
:1004F8008B420CD3890192118B4208D38901921146
:100508008B4204D389013AD0921100E08909C309CA
:100518008B4201D3CB01C01A524183098B4201D3CC
:100528008B01C01A524143098B4201D34B01C01AB7
:10053800524103098B4201D30B01C01A5241C3082F
:100548008B4201D3CB00C01A524183088B4201D39E
:100558008B00C01A5241D9D243088B4201D34B00B9
:10056800C01A5241411A00D20146634652415B10FB
:10057800104601D34042002B00D5494270476346DC
:100588005B1000D3404201B5002000F005F802BD21
:100598000029F8D016E770477047C046002B11D1E4
:1005A800002A0FD1002900D1002802D00021C94318
:1005B800081C07B4024802A14018029003BDC046B7
:1005C800D9FFFFFF03B4684601B5029800F02EF882
:1005D800019B9E4602B00CBC7047C046F0B515049E
:1005E8002D0C0F0001002E00C64684460004140C92
:1005F800000C090C46434D43604361434019340CD9
:10060800241800B5A54203D9802040028046414401
:10061800250C6D18614659437A433004491924045E
:10062800000C2018891804BC9046F0BDF0B5574658
:100638004E464546DE46E0B504000D009246994612
:1006480083B08B4230D82DD04946504600F0BAF8D6
:1006580029000600200000F0B5F8331A9846203B20
:100668009B4633D45A465346934042461F0053464E
:1006780093401E00AF423AD8AF4200D178E05B46C3
:10068800A41BBD41002B00DA75E000220023009274
:10069800019301235A469340019301234246934014
:1006A800009328E08242CFD90022002300920193D0
:1006B8000C9B002B01D01C605D600098019903B071
:1006C8003CBC90469946A246AB46F0BD4246202324
:1006D8009B1A5246DA40414613004A468A401700A0
:1006E80042461F43534693401E00AF42C4D90022DE
:1006F8000023009201934346002BD9D0FB077208D0
:100708001A4346467B080EE0AB4201D1A2420CD800
:10071800A41A9D41012024196D410021013E24188D
:100728004D41002E06D0AB42EED9013E24196D4151
:10073800002EF8D1009801995B4600196941002BF9
:1007480024DB2B005A464446D3402A00E2401C00D2
:100758005B461500002B2ADB26009E40330026004E
:100768004746BE403200801A9941009001919FE7A8
:10077800A342BCD883E74246202300219B1A0022CB
:10078800009101920122DA40019286E74246202335
:100798009B1A2A0046469A402300F34044461343D6
:1007A8002A00E2401C005B461500002BD4DA4246C2
:1007B8002F002023260097409B1ADE403B0033433E
:1007C800CDE7C04610B5002903D100F007F8203066
:1007D80002E0081C00F002F810BDC0461C210123ED
:1007E8001B04984201D3000C10391B0A984201D30C
:1007F800000A08391B09984201D30009043902A2EA
:10080800105C40187047C046040302020101010150
:100818000000000000000000014B18687047C04647
:10082800000C002070B5CDB2830734D0531E002AC7
:100838001BD00278AA4219D0032404E0013B14D348
:100848000278AA4212D001302042F7D1032B0ED8E9
:10085800002B0AD00278AA4208D0C31802E0027816
:10086800AA4203D001308342F9D1002070BDFF2293
:100878000C06240C114021430C04084E0C4302685A
:1008880007496240511891433142E3D1043B043097
:10089800032BF4D8DCE71300D8E7C04680808080BB
:1008A800FFFEFEFEF0B5C64600B50F2A43D90B0081
:1008B800032603431E400C000300002E40D1150000
:1008C800103D2D09AC462D01A846804400E03B00B0
:1008D800676825685F60E7681D60DF601F00A568BE
:1008E80010379D6010344345F1D165460F230C2421
:1008F80001352D01491913404519144223D08C594B
:10090800AC5104369C1B032CF9D80324043B9B08E8
:1009180001339B002240ED18C918561E002A07D043
:10092800002300E02300CA5C5C1CEA549E42F9D113
:1009380004BC9046F0BD0500561E002AF0D1F7E72A
:10094800561E0500ECE71A00F6E7C046F0B50500AC
:1009580083074AD0541E002A44D0CEB20300032293
:1009680002E00135013C3DD301332E701342F8D12A
:10097800032C2FD9FF220A40150215432A041543D8
:100988000F2C35D92700103F3F093E01B4461E0001
:100998001A0010366644156055609560D5601032AF
:1009A800B242F8D10F260C2201373F012640DB194D
:1009B8003700224217D03E1FB608B400A4461A00DA
:1009C8001C1D644420C2A242FCD103240136B60097
:1009D8009B193C40002C05D0C9B21C191970013371
:1009E8009C42FBD1F0BD3400F4E714000300BFE7DC
:1009F8002700E0E7114B70B51C680500A06B0028C4
:100A080003D000230561436170BD183000F0AAF8D7
:100A1800A06300280CD00A4B01220360094B4360F5
:100A2800094B83600B238381002302614361E8E75C
:100A3800064B00224221064800F050F8000C002026
:100A48000E33CDAB34126DE6ECDE050034AA000897
:100A58004CAA0008184B70B51D68AC6B002C0ED062
:100A680020696169154A164BFFF7B8FD012200237A
:100A780012184B41580040082261636170BD18206C
:100A880000F070F8041EA8630FD00E4B012203601B
:100A98000D4B43600D4B83600B2383810023026160
:100AA800436107480A4A064BE6E70A4B00224E21F3
:100AB800094800F013F8C046000C00202D7F954C23
:100AC8002DF451580E33CDAB34126DE6ECDE050033
:100AD8002E7F954C34AA00084CAA000830B51C009B
:100AE8000A4B05001B6885B0D868002A0AD0084B55
:100AF8000292019300912B002200064900F020F891
:100B080000F0AAFD044B1A00F2E7C046000C0020D2
:100B180080AA000890AA00088CAA0008130010B543
:100B28000022FFF7DBFFC0460CB400B583B004AB6E
:100B380004CB019300F01EF903B008BC02B01847BB
:100B48000EB400B582B003AB0100054804CB0068C1
:100B5800019300F00FF902B008BC03B01847C04673
:100B6800000C002010B5034B0100186800F064F871
:100B780010BDC046000C002010B5034B01001868DA
:100B880000F004F810BDC046000C002070B5050048
:100B9800002915D00C1F2368002B27DB280001F043
:100BA80005FA244B1A68002A05D0A2420CD92168FC
:100BB8006018824224D0626028001C6001F0F8F9B5
:100BC80070BDA34203D81A005368002BF9D11168ED
:100BD8005018A0421BD027D821686018834207D03C
:100BE80063605460280001F0E3F9E9E7E418D5E709
:100BF80018685B6884466144216063605460F1E76B
:100C0800106852688446614421606260D4E72068B5
:100C18000918501811608342E4D118685B6884464B
:100C2800614411605360DDE70C2328002B6001F05C
:100C3800BFF9C5E74C0E0020F8B50323CD1C9D4332
:100C4800083506000C2D2AD20C25A94229D83000D7
:100C580001F0ACF92A4F3A68002A0AD013685B1BE6
:100C680004D441E023685B1B1FD522005468002C84
:100C7800F8D17B68002B3DD02900300009F088F9B5
:100C8800431C2AD00323C41C9C43A04205D0211A2C
:100C9800300009F07DF9431C1FD0256010E0002DBD
:100CA800D3DA0C2300203360F8BD0B2B05D863681A
:100CB800A2421DD0536003E014002360E4182560AD
:100CC800300001F075F9200007220B30231D9043F6
:100CD800C21AE9D01B1AA350E6E70C233000336090
:100CE80001F066F90020DFE70B2BE5D81400536804
:100CF8003B60E5E70021300009F04AF97860BBE77E
:100D08004C0E0020936810B5013B9360002B04DA69
:100D18009469A34207DB0A2905D01368581C1060A0
:100D28000800197010BD00F09BFBFBE7F8B5060042
:100D38000F00002B0DD01400D51802E00134AC428E
:100D480007D021783A003000FFF7DCFF431CF5D1CB
:100D5800F8BD0020FCE7C046936810B51400002BCE
:100D680002D10020536010BD00F07AFE0023A3607A
:100D78006360F8E7F0B54E46DE4657464546E0B5AF
:100D8800A1B00490039191461C00002804D0836907
:100D98000593002B00D1BEE0AD4B039A9A4200D1D7
:100DA800C0E0AC4B039A9A4200D1CDE0AA4B039A1B
:100DB8009A4200D147E1039A93891B0700D4B9E00E
:100DC80013690593002B00D1B4E0002308AD6B61D3
:100DD80020336B761033AB762F3B98464B461B7807
:100DE80007949E4F002B00D189E0252B00D125E1E7
:100DF8004E4603E0252B00D1AAE026007378741C28
:100E0800002BF7D14B46E31A9A4678D053464A4608
:100E180003990498FFF78AFF431C70D06B69534409
:100E28006B617378002B6AD00122002352426A60FA
:100E3800443201342B60EB60AB60AB54AB6506E029
:100E48004346C01B834034002A6813432B60217833
:100E580005223800FFF7E6FC661C0028F0D12B6855
:100E6800B246DA0602D543222021A9541A0702D530
:100E780043222B21A95421782A2900D06EE0079A11
:100E8800111D12680791002A00DABAE0EA60617859
:100E9800A61C2E2900D17AE0714B0322180099462E
:100EA800FFF7C0FC002800D18FE04B46C01A402352
:100EB80083402A68317813432B600622731C6948E3
:100EC80099462976FFF7AEFC002800D188E0664BEA
:100ED800002B00D18EE007AB0093039A634B2900E7
:100EE800049800E000BF83465B46013307D06B6976
:100EF8005B446B614B461B78002B00D075E7039B66
:100F08009B895B061DD4686921B03CBC9046994614
:100F1800A246AB46F0BD00F07BFD4D4B039A9A42CA
:100F280000D03EE7049B5B680393039A93891B07F1
:100F380000D545E70399049800F008FB002800D184
:100F480043E701204042DFE7049B9B68039332E7B5
:100F58004B46E31A9A4600D166E757E70A00303A4B
:100F6800A246092A95D8EB68180001E0340001363A
:100F780083001B1831785B0098180A00303A092A58
:100F8800F4D9B246E860A61C2E2900D084E753465F
:100F980059782A293BD1079B1A1D07925246917806
:100FA800D61C022294461B68E2446B60002B00DBCF
:100FB80072E701235B426B60294B032218009946B4
:100FC800FFF730FC002800D06FE7B146564631786D
:100FD800062224482976FFF725FC002800D076E76A
:100FE80007AB0093039A214B2900049800F0E4F81A
:100FF800834679E70722079B073393430833079310
:1010080075E75242EA60022213432B603FE70A0069
:101018000023303A6B601800092A01D910E01E003D
:1010280083001B1871785B0098180A00303A731C0B
:10103800092AF4D99A46023668602DE74C46F3E649
:10104800B246013628E7049BDB680393B3E6C04643
:1010580034A1000814A10008F4A00008C0AA0008E0
:10106800C8AA0008CCAA000800000000350D000836
:1010780010B504001300034A10680A002100FFF7A6
:1010880079FE10BD000C0020F0B54F464646D64606
:10109800C0B51F00089B914698468A680B690600F0
:1010A8000C00934200DA13004A4613604322A25C04
:1010B800002A02D04A460133136023689A065AD59B
:1010C8004B461B6806209A1C4B461A602368190079
:1010D800184208D1E16800258A1A19218A461900A0
:1010E800A244002A3FDC4323E35C5A1E93418A064C
:1010F8000AD53020E1184331087045215A1C615C3B
:10110800A2184332023311702200390043323000F2
:10111800C047431C19D006232068A26821690340F0
:10112800042B30D08A423ADD00239946521A914462
:101138001A34002502E001354D4530DA012322003A
:1011480039003000C047431CF5D1012040421CBC87
:1011580090469946A246F0BD4B46E2681B680135A9
:10116800D31AAB4220DD0123524639003000C04774
:10117800431CF1D1E9E706221A4212D04323E35C6B
:101188005A1E9341C0E74B46E0681B68C31AD84310
:10119800C017184081468A42C8DC002BC8DC0020F2
:1011A800D5E74A46126895E743232168E35C5A1E4F
:1011B80093418A069DD4A7E7F0B557469A4643233C
:1011C8009C464E464546DE468C446346E0B587B0AD
:1011D80003930B7E914680460C00109A6E2B00D12B
:1011E800D8E000D871E0732B00D11AE100D881E073
:1011F800752B00D1FFE0782B00D00BE10B6878202D
:101208004521605494498B46116840C911601806FD
:1012180003D4580601D53604360CDA0702D5202245
:10122800134323601027002E00D1C2E0432300227D
:10123800E2546368A360002B00DAC5E00422216849
:1012480091432160002E00D083E0002B00D0BDE048
:10125800039D082F00D18CE0039B5B1B2361534641
:1012680005AA009321004B464046FFF70DFF431C9B
:1012780022D023692A0049464046D047431C1BD048
:1012880022680598E368920700D47FE01A1A002ABA
:1012980000DC7BE026000025193606E0E3680598A7
:1012A80001351A1AAA4200DC70E0012332004946CF
:1012B8004046D047431CF1D10120404207B03CBC16
:1012C80090469946A246AB46F0BD632B00D184E018
:1012D8001FD8002B69D0582B00D09BE045216354C0
:1012E8005E4923688B46116840C91160180600D40E
:1012F8008FE792E76F2B7ED0702B00D08AE02023F7
:10130800096878200B4345212360605452498B4675
:101318007AE7642B01D0692B7CD111682368081DFA
:1013280010601D064AD50A681600002A03DB4B4BDD
:101338000A279B467DE743222D21A1546268764205
:10134800A260002A02DB042293432360434B0A274E
:101358009B46039D00E0060039003000FFF72EF899
:101368005B465B5C013D2B70BE42F4D2082F00D077
:1013780072E72368DB0700D46EE76368226993424B
:1013880000DD69E73023013D2B7065E7984295DA67
:10139800180093E7136809681D1D606915601B68CC
:1013A8000E0601D449064BD418600023039D23611F
:1013B80055E7202322689A43226037E75D06B2D5B5
:1013C80000228E5E3200B0E7002EC2D15B462500B7
:1013D8001A7842234235E2543BE713682500191D69
:1013E80011601A684223E254413B4235236143238A
:1013F8000022E25433E7116820680D1D15600606C7
:1014080001D440061ED40E686F2B1DD0134B0A273B
:101418009B460BE742222500A35401234235236152
:10142800E5E71368191D11601D686268002128002E
:10143800FFF7F8F900280BD0401B60602061D6E761
:101448001880B2E70E88DFE7044B08279B46EDE6D5
:1014580060682061CBE7C046E8AA0008D4AA000863
:10146800F8B505000E001400002802D08369002B8F
:1014780029D02D4B9C422BD02C4B9C4246D02C4B38
:101488009C424ED0A369A360A3891B0726D5236974
:10149800002B23D0FF22F7B2616916402268D31AC5
:1014A80099422ADD0133A1680139A160511C2160EC
:1014B800177062699A422BD0A389DB0701D50A2EDF
:1014C80026D03000F8BD00F0A3FA174B9C42D3D1C8
:1014D8006C68A369A360A3891B07D8D421002800DE
:1014E80000F034F8002819D1FF222369F7B26169A6
:1014F80016402268D31A9942D4DC2100280000F053
:101508004DF900280AD122680123CCE7AC68B9E775
:101518002100280000F042F90028D2D001267642A6
:10152800CFE7EC68AEE7C04634A1000814A1000874
:10153800F4A0000810B5044B0A001B68010018004D
:10154800FFF78EFF10BDC046000C00203E4B70B563
:101558001D6806000C00002D02D0AB69002B1BD0C3
:101568003A4B9C421ED03A4B9C424CD0394B9C4241
:1015780060D00C23E25E93B2190719D521690029BE
:1015880021D0DA072ED50023A360636900205B42CF
:10159800A36100292ED070BD280000F039FA2B4B2A
:1015A8009C42E0D16C680C23E25E93B21907E5D443
:1015B800D90641D55B0728D4216908231343A381A1
:1015C8009BB20029DDD1A0228020920080001A4021
:1015D8008242D6D02100300000F042FCA389216964
:1015E800DA07D0D400229B0700D46269A2600020E9
:1015F8000029D0D10C22A35E1A06CCD54022134371
:10160800A3810138C7E7AC68B3E7616B00290AD04A
:1016180023004433994204D03000FFF7B7FA0C2373
:10162800E25E0023636324239A43002321696360F5
:101638002160C2E7EC689CE709233360402301205E
:101648001A43A2814042A6E7000C002034A10008FA
:1016580014A10008F4A0000810B5062000F060FDF1
:10166800012008F0B9FCC046F0B5C64600B58B8924
:1016780080460C001A0745D44A68002A63DDE56AEB
:10168800002D3BD042464146166800220A60216A76
:10169800DA045CD4012300224046A847431C61D0E9
:1016A800A389E56A216A5B0706D56368C01A636B7C
:1016B800002B01D0236CC01A002302004046A84723
:1016C800431C46D143461B680C21625E002B56D052
:1016D8001D2B01D0162B5DD1002363602369236085
:1016E8004346616B1E60002908D0230044339942A9
:1016F80002D04046FFF74AFA00236363002004BC87
:101708009046F0BD0E69002EF8D00A680E60951B51
:1017180000229B0700D14A69A260002D04DCEDE796
:1017280036182D1A002DE9DD2B003200216A4046BB
:10173800A76AB8470028F3DC40220120A389404269
:101748001343A381DBE70A6C002A98DCD6E7606DB7
:10175800A9E70023636023692360A389DB04BFD55D
:101768006065BDE743461B68002B99D01D2B0DD043
:10177800162B0BD04022A3891343A381BFE76360D4
:1017880023692360D304ABD56065A9E743460020ED
:101798001E60B4E740231A43A281B0E70B6970B515
:1017A80005000C00002B16D0002802D08369002BFE
:1017B80015D00E4B9C4210D00D4B9C4212D00D4BB5
:1017C8009C4211D00C22A35E002B04D021002800DB
:1017D800FFF74AFF00E0002070BD6C68F2E700F0F8
:1017E80017F9E6E7AC68EDE7EC68EBE734A1000829
:1017F80014A10008F4A0000810B5011E04D0054B80
:101808001868FFF7CBFF10BD034B0449186800F0B8
:10181800D9FAF8E7000C0020F0A00008A517000886
:101828000020704710B5024900F0CCFA10BDC04640
:10183800A51700080020704770B568244A1E544355
:101848000E0021007431FFF7F7F9051E09D00023B7
:101858002200036046600C30A86068320021FFF760
:1018680075F8280070BDC0461E4B70B51D6806008F
:10187800AB69002B27D048356B68AC68013B03D5B2
:101888001CE06834013B19D30C21625E002AF8D1B0
:1018980000252000144B656625606560A560E3603F
:1018A80025616561A561082200215C30FFF74EF8CB
:1018B8006563A563A564E564200070BD2C68002CF1
:1018C80005D02500D8E7280000F010F8D3E7042158
:1018D8003000FFF7B1FF041E2860F2D10C233360FB
:1018E800EAE7C046F0A000080100FFFFF0B5D646C1
:1018F8004F464646384BC0B5836200238364C364B1
:101908000365364B82B01B6805000193984260D08E
:101918002800FFF7A9FF68602800FFF7A5FFA86067
:101928002800FFF7A1FF6E680024E8600423300058
:10193800746634607460B460F36034617461B46177
:10194800082200215C30FFF701F8254B254F9A4605
:101958007362254B37639946B362244B3662F36250
:10196800AE6898463000224B746634607460B46088
:10197800F36034617461B461082200215C30FEF7C1
:10198800E5FF534673624B46B36243463763F362DF
:101998003662EE68174B3000F3607466346074602A
:1019A800B46034617461B461082200215C30FEF7D0
:1019B800CDFF534673624B46B3624346F36201233D
:1019C80036623763AB6102B01CBC90469946A246AA
:1019D800F0BD012383619BE72D180008F0A00008E3
:1019E800B52100084D220008E12100082122000845
:1019F800090001001200020010B5034B03491868E2
:101A080000F0E0F910BDC046F0A00008A5170008D6
:101A1800836910B5002B01D1FFF768FF10BDC046E0
:101A28007047C0467047C0467047C0467047C046BA
:101A380010B5034B0349186800F0A2F910BDC04661
:101A4800000C00202918000810B5034B034918683A
:101A580000F096F910BDC046000C00203D180008A3
:101A6800F0B54546DE4657464E46E0B5936883B026
:101A780000900C009046002B6DD08B891A0700D47B
:101A880071E00A69002A00D16DE0424616689A079B
:101A980000D475E0A36A00279A46B54B00259946FD
:101AA800216A002D16D02B004D4500D9B04B3A00C5
:101AB8000098D047002800DCD5E043469B683F18D3
:101AC8002D1A181A4346986045D0A36A216A9A4687
:101AD800002DE8D1376875680836E2E74B461B6881
:101AE8009A464B465F6808239C46E144002FF5D090
:101AF8003A000A215046FEF795FE002800D1CEE0B4
:101B080053460130C61A3300BB469F4200D99B4654
:101B1800206822696369904204D9A2689D18AB4580
:101B280000DD92E05B4500DDF9E0A56A5246216AD6
:101B38000098A847051E00DC95E0761B0120002EC2
:101B480000D1E4E043469B68AA447F1B5D1B4346E3
:101B58009D6000D095E0002003B03CBC90469946BB
:101B6800A246AB46F0BD21000098FFF7EFFC002825
:101B780000D0F9E04246A38916689A0700D589E79C
:101B8800DA0778D4002291468022920000279346F3
:101B9800A5682068002F53D05A46134200D181E02F
:101BA800AA46BD4200D9AFE09022D20013422ED0FF
:101BB8002169451AAC466069019542001218D00F98
:101BC8008218781C521060449246904201D982468D
:101BD80002005B0500D4AFE011000098FFF72CF875
:101BE800051E00D1BAE0019A2169FEF75BFEA389C0
:101BF800604A134080221343A3815246019B25610A
:101C0800E818BA463D00D31A20606261A3605246C4
:101C1800494600F06DF9A3685D1BA5603D000027EB
:101C280023685344236043469B68A9445D1B43468D
:101C38009D6000D18FE7A5682068A389002FABD1EC
:101C48003268776891460836A4E751462A0000F0C2
:101C58004FF9236821005B1923600098FFF79EFD68
:101C6800002800D169E70C22A35E4022012013431B
:101C7800A381404270E70023B14600209A4600271E
:101C88001E00002F00D129E7002800D03BE73A00CA
:101C98000A215046FEF7C6FD002800D030E77B1C1D
:101CA8001E0031E72369834217D363699A46BB4212
:101CB80013D8314B38009F4200D930485146FEF7BF
:101CC80081FB53464A464343216A0098A56AA847C0
:101CD8000028C8DD05007F1BA5E7BD4200D93D00EF
:101CE8002A00494600F004F9A36822685B1B5219D0
:101CF800A3602260002BEED121000098FFF74EFD73
:101D08000028B0D17F1B8EE73D00BA467FE721004F
:101D18000098FFF743FD002800D113E7A3E75A46D0
:101D2800514600F0E5F85A46A3685D469B1AA36041
:101D380023685B44236000E7009800F03BF9051E28
:101D480000D05AE7009D21692800FEF71FFF802276
:101D5800A3899343743A1BB22A6086E70C23009A3E
:101D680013600C22A35E80E701204042F4E6C046DF
:101D780000FCFF7F7FFBFFFFFEFFFF7FFFFFFF7F72
:101D8800F0B5C646483000B588460700002600284A
:101D980013D07B68BC685D1E0CD4A389012B06D9BF
:101DA8000E22A35E013302D02000C04706436834E8
:101DB800013DF2D23F68002FEBD1300004BC9046C1
:101DC800F0BDC046F8B54746CE4680B5070048374F
:101DD800804689460026002F14D07B68BC685D1EAB
:101DE8000DD4A389012B07D90E22A35E013303D09A
:101DF80021004046C84706436834013DF1D23F6898
:101E0800002FEAD130000CBC90469946F8BDC04678
:101E180070B50C001D000E23C95E96B0160000298F
:101E280014DB6A4608F0C1F800280FDBF022019B9A
:101E380012021340094A944663445A4253412B60A4
:101E48008023DB003360002016B070BD00232B60B8
:101E5800A3891B06F4D540233360F4E700E0FFFFB5
:101E680070B58B8982B006000C009B0707D523004C
:101E78004733236023610123636102B070BD01AB66
:101E88006A46FFF7C5FF009905003000FEF7D4FE4B
:101E9800002810D08022154BB362A3892060134319
:101EA800009A1BB26261019AA3812061002A0CD1B9
:101EB8002B43A381E1E70C22A35E9A05DDD403221C
:101EC800934302221343A381D1E70E23E15E30003E
:101ED80008F077F8002802D10C22A35EE8E7032275
:101EE800A3899343012213431BB2E1E72D1800088D
:101EF800F0B5C64600B588420CD98B18984209D26D
:101F0800531E002A03D0CA5CC254013BFBD204BC56
:101F18009046F0BD0F2A0CD80500561E002AF6D0B0
:101F2800002300E02300CA5C5C1CEA549E42F9D1FD
:101F3800EDE70B00032603431E400C000300002EB0
:101F48002ED11500103D2D09AC462D01A846804420
:101F580000E02B001D00276810351F6067685F6070
:101F6800A7689F60E7681034DF604345F1D1654694
:101F78000F230C2401352D0149191340451914422A
:101F880011D08C59AC5104369C1B032CF9D803246E
:101F9800043B9B0801339B00ED18C9182240BCE79D
:101FA800561E0500BCE71A00B7E7C0467047C04692
:101FB8007047C046F8B507000C00150000291BD073
:101FC800002A15D000F044F92600A84201D33000B9
:101FD800F8BD29003800FEF72FFE061EF7D02100B5
:101FE8002A00FEF75FFC21003800FEF7CFFDEEE780
:101FF800FEF7CCFD0026EAE71100FEF71DFE0600FD
:10200800E5E7C04610B580210400FEF715FE6064C0
:10201800002807D002000023803208C09042FCD17B
:10202800002010BD01204042FBE7C046426C10B5BD
:102038000023002A01D0180010BDFFF7E3FF0300BA
:10204800F9E7C04670B505000C0016001F2907D82F
:10205800436C002B09D0A4001B1918681E6070BDC2
:102068001623036001204042F9E7FFF7CBFF002861
:1020780001D16B6CEFE701204042F0E770B5050035
:102088000C001F2920D8436C002B0ED08A009B1807
:102098001A68002A09D0012A14D0511C0ED0002138
:1020A800200019609047002070BD280000F07AF8E1
:1020B80022000100280000F061F8F5E7162303600C
:1020C8000120F1E70020EFE71623036001204042DA
:1020D800EAE7C04670B505000C001F291DD8436CFF
:1020E800002B10D0A2009B181A68002A09D0511C96
:1020F80011D0012A0DD0002120001960904700203E
:1021080070BD0120FCE7FFF77DFF002805D16B6C4F
:10211800E8E70320F4E70220F2E701204042EFE776
:1021280010B5034B01001868FFF7A8FF10BDC046A3
:10213800000C002010B5044B0A001B6801001800B1
:10214800FFF780FF10BDC046000C0020054B10B5FE
:102158001B6800205A6C002A00D010BD1800FFF739
:1021680051FFFAE7000C002010B5034B0100186876
:10217800FFF7B0FF10BDC046000C0020002370B56B
:10218800074C050008001100236007F01CFF431CE2
:1021980000D070BD2368002BFBD02B60F9E7C04648
:1021A800401D002010B507F015FF10BD70B50C00DC
:1021B8000E25495F07F0E1FE002803DB636D1B185D
:1021C800636570BDA389024A1340A381F9E7C0463D
:1021D800FFEFFFFF00207047F8B516001F000C2224
:1021E8008B5E0C0005000E22895EDA0508D4094AC8
:1021F80028001340A38132003B0007F0C5FEF8BD5C
:102208000022022307F0BEFE0C22A35E0E22A15E6E
:10221800EDE7C046FFEFFFFF70B50C000E25495FE4
:1022280007F0B0FE431C06D08023A2895B0113434C
:10223800A381606570BDA389014A1340A381F9E7B2
:10224800FFEFFFFF10B50E23C95E07F09FFE10BD1C
:102258000B1F1B68181F002B00DB70470B58C0189A
:10226800FBE7C04610B502F095FF002808D000F043
:10227800FFFC00F011FD00F093F800F09BF810BD92
:1022880000F000FDF5E710B501F0AEFB10BD10B58C
:1022980000F06AF801F0A9FB10BD000070B5040059
:1022A8000D0000F0E9FD124B9C4208D0114B9C42F6
:1022B80013D02000290001F02BF804000BE00120C6
:1022C800AC78002C0CD004F059FB03220221012029
:1022D80001F072F80024200070BD0220AC78F0E70D
:1022E80004F058FB03220221012001F065F8F2E70F
:1022F800105F0000115F000010B5040000F06AF8DC
:10230800200001F062F910BD10B5012000F05CF862
:1023180010BD10B5002000F057F810BD03001A7862
:1023280010B50130082A06D0092A07D0072A08D193
:1023380000F0CCFB10BD00F031FCFBE700F0A2FC84
:10234800F8E7FF221A70F5E7FF231370032807D870
:10235800022905D8FC3B43430248C018435C13706C
:102368007047C046D4A1000810B50021742000F0C1
:1023780017FF0021742000F027FF10BD13B56B462E
:10238800DC1D2200FFF7E0FF0023227802498B546E
:10239800024A136013BDC04640120020540E0020AC
:1023A80010B50249024806F059F910BD880C002002
:1023B800A81C002010B50249024806F05FF910BDBC
:1023C80010270000A81C0020014B18707047C04659
:1023D800590E0020014B18707047C046580E002057
:1023E8000D4B10B51B689B069B0F022B0CD0032BC3
:1023F8000ED00022012B04D01100FF2000F03EFE79
:1024080010BDFF211000F9E7FF2200210800F5E7C1
:10241800FF221100FAE7C0465C0E0020002210B52A
:102428001100100000F02AFE10BD000007B5694633
:10243800084B5A790A709A794A709B788B70009881
:1024480000F03EFF03040202C1B2120E180E00F0A3
:1024580015FE07BD660C0020F0B5264E89B07279CE
:1024680005AB1A70B27904AC5A70B27800279A702A
:10247800059800F025FF2070030400021B0E000ED3
:102488006370A070F27907AB1A70327A06AD5A7091
:10249800B2789A70079800F013FF030428700002BE
:1024A8001B0E000E6B70A8700196002602ABF8B2E6
:1024B800DA1DF1B2FFF748FF02ABD8790F280AD826
:1024C800019B0122DB8A334113420FD1A378227882
:1024D800617800F0ABFD0136032EE7D1019B01378F
:1024E80002330193042FE0D109B0F0BDAB782A780C
:1024F8006978EEE7660C0020F7B522494A79CB796E
:102508009B1A9AB27F2B36DD531EFF3B1BB2032268
:10251800DD1715400C7AED188B790026E31ADC17C5
:1025280014406A46E4188B78174FAD10A4109370C6
:1025380028007B7813491B0958434A7963431218CA
:10254800684602708A790237D3184370009800F001
:10255800B7FE0104030201AA090E1B0E1070517088
:102568009370C9B2C2B2DBB23000013600F05EFD32
:10257800102EDDD1F7BD18007F30C8DA531CFF33A9
:10258800C4E7C046660C002094A100080321F0B5FA
:10259800254B87B003905A79244C0092D879801A39
:1025A800C2170A401218921002929E791A7A921B48
:1025B800D3170B409B189B100193FEF74BFA04406E
:1025C80004D51020013C4042044301340025032770
:1025D800039B002B03D1FF332340AB421FD1FEF7EF
:1025E80039FA029B38405843009B181804AB1870FE
:1025F800FEF730FA019B3840584304AB3018587046
:10260800094B04AA9B789370049800F059FE0104C2
:102618000302C2B21B0E2800090E00F007FD0135A7
:10262800102DD5D107B0F0BD660C00200F0000803A
:10263800F7B5164E164A3379156800249D403F2792
:10264800EDB2144B00221B5D9B003F2B01D8FB1AF7
:102658009AB26B46AA181A70FF225A706A46B37863
:102668009370009800F02CFE0104030201AA090EE1
:102678001B0E107051709370C9B2C2B2DBB2200049
:10268800013400F0D3FC102CDBD1F7BD660C002020
:102698005C0E00204012002073B5184B18491A79B7
:1026A8000D6869469540FF2200243F264A709B78B2
:1026B800EDB28B70134B00221B5D9B003F2B01D8A2
:1026C800F31A9AB2104B6100CB5CEB189B186A4660
:1026D8001370009800F0F4FD0104030201AA090E2A
:1026E8001B0E107051709370C9B2C2B2DBB22000D9
:1026F800013400F09BFC102CDCD173BD660C00206B
:102708005C0E00204012002094A10008F7B5184B79
:1027180018491A790D6869469540FF2200243F2719
:102728004A709B78144EEDB28B70144B00221B5DDF
:102738009B003F2B01D8FB1A9AB273780236EB182C
:102748009B186A461370009800F0BAFD0104030252
:1027580001AA090E1B0E107051709370C9B2C2B253
:10276800DBB22000013400F061FC102CDDD1F7BD94
:10277800660C00205C0E002094A100084012002086
:10278800F7B50600FEF766F9154C044004D510208D
:10279800013C4042044301340025FF27002E03D1A9
:1027A80023003B40AB4216D1FEF754F96B46187034
:1027B800FEF750F96B466A4658700A4B9B7893703F
:1027C800009800F07DFD01040302C2B21B0E280030
:1027D800090E00F02BFC0135102DDFD1F7BDC046E6
:1027E8000F000080660C002073B5134B13491A794B
:1027F8000C68002594406A469B78114EE4B29370A9
:10280800694633787278E3180B704A70009800F0C4
:1028180057FD0104030201AA090E1B0E1070517026
:102828009370C9B2C2B2DBB22800013500F0FEFBDA
:102838000236102DE4D173BD660C00205C0E00201A
:10284800B4A10008F7B5184F184A3B7914686A46CE
:102858009C400025BB78164EE4B2937031787278AC
:102868006118CBB2090601D5DB43DBB279799B0845
:10287800CB1869460B7053087F334B70009800F0F3
:102888001FFD0104030201AA090E1B0E10705170EE
:102898009370C9B2C2B2DBB22800013500F0C6FBA2
:1028A8000236102DDAD1F7BD660C00205C0E002030
:1028B800B4A1000830B585B00A0401AB1980120E26
:1028C80002AB5A700C4A1970927804009A700298F8
:1028D80000F0F6FC03020504C1B21B0E280EFE2C04
:1028E80004D11A0000F0CAFB05B030BD0A0001008F
:1028F800200000F09BFBF7E7660C002010B5184C91
:10290800E07AFF2809D0174B1B789B0705D5A17AD9
:10291800637A09021943FFF7CDFF032004F016F884
:10292800002806D0207DFF2802D0618AFFF7C2FF69
:1029380010BD022004F00AF8002807D0607CFF28A8
:10294800F6D0217CE37B09021943EFE7012003F06D
:10295800FDFF0028ECD0A07BFF28E9D0A189E5E79E
:10296800660C0020580E002010B5374A1378132B38
:1029780002D80133137010BD344A35491368013346
:1029880013600B685A1C01D001330B600020314BD7
:102998001A78FF2A01D001321A7001300133102849
:1029A800F6D12D4BD878FF2802D1FFF719FDE2E7C1
:1029B8002A4A1278002A02D01A78920609D40024EA
:1029C8005A78A24207D09623DB0053430A68934201
:1029D80001D201240020224A137810701B1A591EB4
:1029E8008B410138DBB2092806D8FDF74DFC0C0FE6
:1029F8001215191C1F222629FFF710FD002CBAD129
:102A0800FFF77CFFB7E7FFF711FDF7E7FFF724FDB6
:102A1800F4E7FFF771FDF1E71800FFF7B7FDEDE701
:102A2800FFF706FEEAE7FFF737FEE7E7FFF76EFE78
:102A3800E4E71800FFF7A4FEE0E7FFF7D5FEDDE7BF
:102A4800FFF700FFDAE7C046600E00205C0E0020AA
:102A5800540E002040120020660C0020590E002061
:102A6800640C0020030010B508001100032801D9E8
:102A7800187010BD1A00FFF767FCFAE7F0B585B0CB
:102A880006000F0000240192FD281AD80025FF2215
:102A980002ABDA712900DA1D2000FFF755FC02AB02
:102AA800DB79B34204D1019B3C701D7005B0F0BDC9
:102AB8000135EDB2032DEAD10134E4B2042CE5D19D
:102AC800F4E7019B08701C70F0E7000010B50100E6
:102AD800007807380F2813D82F4BFDF7D5FB0812BD
:102AE80015181B1E23282D34393D42464B4F4A7872
:102AF8002020511E8A4151011A7882430A431A70D4
:102B080010BD4A785A70FBE74A789A70F8E74A7815
:102B1800DA70F5E74A781A71F2E74A785A718A78D2
:102B28009A71EDE74A78DA718A781A72E8E74A7892
:102B38005A728A789A72E3E78A7849780B331800D0
:102B4800FFF790FFDCE74A781A738A785A73D7E759
:102B58008A780E334978F2E74A78DA738A781A74F1
:102B6800CEE78A7811334978E9E74A789A748A78FF
:102B7800DA74C5E78A7814334978E0E718004A1C04
:102B88000B3114785378240223430232C382023073
:102B98009142F6D1B4E7C046660C002010B5020099
:102BA800411C00780138152811D8304BFDF76CFB13
:102BB8000B1014171A201D232527292B3034383DD4
:102BC8004144484B4F5201211B780B40537010BDB4
:102BD8001B789B07DB0FF9E71B785B07FAE71B7885
:102BE8001B07F7E71B78DB06F4E71B789B06F1E782
:102BF8001B785B06EEE75B78E8E79B78E6E7DB782F
:102C0800E4E71B79E2E7597951709B799370DEE725
:102C1800D97951701B7AF9E7597A51709B7AF5E79F
:102C2800D87A0232FFF72AFFD1E7197B51705B7B14
:102C3800ECE7987B0232F5E7D97B51701B7CE5E71E
:102C4800587C0232EEE7997C5170DB7CDEE7187D18
:102C58000232E7E70B32D88A0233000A0870988AF2
:102C6800487002319142F6D1B1E7C046660C0020A7
:102C780010B520222721024801F0C4FA10BDC04631
:102C8800660C002010B520222721024801F0D6FA50
:102C980010BDC046660C002070B502F0A7FE742077
:102CA80000F078F900240325210008398D42894174
:102CB8004942E0B20B000A00013400F0EFF9102C91
:102CC800F2D10021742000F07FFA0023FF21034A8B
:102CD800D1540133102BFBD170BDC04640120020E7
:102CE80010B5054AD37801330A2B00DD0A23D370C7
:102CF800FFF7C8FF10BDC046660C002010B5074995
:102D0800CA78013A13B2002A04DA0023CB70FFF71D
:102D1800B9FF10BD0A2BF9DD0A23F7E7660C00207E
:102D280010B5054A13790133032B00DD0323137112
:102D3800FFF7A8FF10BDC046660C002010B5074974
:102D48000A79013A13B2002A04DA00230B71FFF75B
:102D580099FF10BD032BF9DD0323F7E7660C00206C
:102D680010B5054A93780833FF2B00DDFF239370D5
:102D7800FFF788FF10BDC046660C002010B5054956
:102D88008B78083BDA43D21713408B70FFF77AFF32
:102D980010BDC046660C002010B5054A53790833AB
:102DA800FF2B00DDFF235371FFF76CFF10BDC046FA
:102DB800660C002010B505494B79083BDA43D21759
:102DC80013404B71FFF75EFF10BDC046660C002034
:102DD80010B5054A93790833FF2B00DDFF23937163
:102DE800FFF750FF10BDC046660C002010B505491E
:102DF8008B79083BDA43D21713408B71FFF742FFF8
:102E080010BDC046660C002010B5054AD3790833BA
:102E1800FF2B00DDFF23D371FFF734FF10BDC04641
:102E2800660C002010B50549CB79083BDA43D21768
:102E38001340CB71FFF726FF10BDC046660C00207B
:102E480010B5054A137A0833FF2B00DDFF231372F0
:102E5800FFF718FF10BDC046660C002010B50549E5
:102E68000B7A083BDA43D21713400B72FFF70AFFBD
:102E780010BDC046660C002070B58B7804000D00AC
:102E8800002B03D009786878FFF778FA2B4BE01805
:102E980001240D280ED8AC78FDF7F6F9070E1318A3
:102EA8001D22272C31363B40454A002C02D0FFF723
:102EB80057FF0024200070BD002CFBD0FFF75EFFF9
:102EC800F7E7002CF6D0FFF70BFFF2E7002CF1D064
:102ED800FFF714FFEDE7002CECD0FFF721FFE8E740
:102EE800002CE7D0FFF72AFFE3E7002CE2D0FFF73A
:102EF80053FFDEE7002CDDD0FFF75CFFD9E7002C9D
:102F0800D8D0FFF765FFD4E7002CD3D0FFF76EFFCA
:102F1800D0E7002CCED0FFF777FFCAE7002CC9D046
:102F2800FFF780FFC5E7002CC4D0FFF789FFC0E793
:102F3800002CBFD0FFF792FFBCE7C04600A1FFFFFF
:102F48000B0010B5044940000B704A70642302223C
:102F5800C0B202F06FFD10BDE012002070B500266F
:102F68004000C5B24C1E3300094924330B700023BE
:102F78000133E25CCA54102BFAD1112228005433D1
:102F8800103602F057FD1034902EECD170BDC046BB
:102F9800E012002070B504000B22FD21FFF7D0FFDE
:102FA80000220A212000FFF7CBFF642005F08DF8EE
:102FB800002220001100FFF7C3FF0022012120009A
:102FC800FFF7BEFF002206212000FFF7B9FF00220D
:102FD800FD212000FFF7B4FF0025E9B20022200000
:102FE8000135FFF7ADFF122DF7D1E9B2002220001D
:102FF8000135FFF7A5FF242DF7D1E9B20022200003
:103008000135FFF79DFFB42DF7D120000B22FD21DC
:10301800FFF796FF200001220A21FFF791FF002207
:10302800FD212000FFF78CFF70BD0000F7B50D00F3
:1030380001930F281AD80E4C80000719045D9020C0
:103048000C4BA4079C46A40F6043B978FE787F78A0
:103058006044C7194118243F24393D700A70012281
:10306800019B801924380370034B1A55F7BDC046DD
:1030780054A1000850120020740E0020F8B5050075
:103088000E001700002420003B0032002900013404
:10309800FFF7CCFF102CF6D1F8BD0000F0B50726DD
:1030A80085B003933A4B8000C31802929A785C78F3
:1030B800243AD5173540DB78AD18ED10243B009540
:1030C800DD173540ED18334EED10243C01953240A4
:1030D80004D50825013A6D422A430132334004D50C
:1030E8000825013B6D422B4301330727284D2D5CF2
:1030F800E017AD073840AD0F0B376F43BC460019DA
:10310800254FC010C0B267443F56344004D5082646
:10311800013C764234430134E6B20124B4401E4EE9
:1031280064B2B44612266E436644002927D03C4355
:1031380034541949FF248C46012112202240914021
:103148006843009F029A27406044C65749B2002A44
:1031580018D03143C15501221220019968432140FA
:103168001C40A24053B2039A60444656002A0CD031
:10317800334343540122094B5A5505B0F0BDA743C8
:103188003754D6E78E43C655E5E79E434654F1E7E4
:1031980054A1000807000080610E0020730E002073
:1031A80070B5074D0C006B5C002B05D09021614376
:1031B800044BC918FFF7D2FE00232B5570BDC0463B
:1031C800740E002050120020F7B50B4F0C007B5CEA
:1031D8000190002B0CD0122600254E43074B9E1958
:1031E800725DE9B201980135FFF7AAFE122DF7D1F9
:1031F80000233B55F7BDC046730E0020610E00202A
:10320800F0B5050A85B0030CEDB2019003AED8B253
:10321800002D0FD1002901D0284B185C3070707038
:10322800B07072783078B37812021B0410431843D8
:1032380005B0F0BD01AB1F7884B2002901D01F4B47
:103248001C5C0620FF217843FDF7BCF855235B4240
:1032580043437F00FF1803235F43FF21FFB23B0076
:10326800CF1B4A1B6B437D431B122D12CB1A491BE4
:1032780062436343614312121B120912D2B2DBB2DA
:10328800C9B2E4B2062814D8FCF7FEFF04060C0AFB
:103298000F13040023000C0034707370B270C0E781
:1032A80021001C0013000A00F6E70B00210014009F
:1032B800F9E7210014001A000B00EDE798A40008B4
:1032C8001FB50121FFF79CFFFF210300020A0A40F6
:1032D8000B4012021343000C034A08401340000439
:1032E800184305B000BDC046FFFF00FF8022054B14
:1032F800120519680A431A601A6803490A401A60D5
:103308007047C04600000140FFFFFFFE01207047E4
:1033180001207047704710B5FFF7FCFF10BD000093
:1033280013B5104B00901B78002B16D16B469B7879
:10333800002B0DD0002A0BD003F0AAFB04000100DB
:10334800009803F05FFB2000009902F00AF916BD0F
:10335800009803F07DFB0400F5E7009803F098FB64
:103368000099F2E7CD0F0020030010B50A0001888C
:103378004088000408439988FFF7D2FF10BD10B5B4
:1033880004000021FFF7F0FF2100FFF7C4FF10BD84
:1033980030B501240500200088400100200090403D
:1033A80002009C4028002B000A431340A04393428C
:1033B80001D12000284330BD10B513000A000100D8
:1033C80003480068FFF7E4FF03F0B0FA10BDC046F9
:1033D8001C10002010B500F0E7FAFEF754FF10BDEE
:1033E80010B5FEF754FF10BD7047000010B502F08D
:1033F80049FFFFF7F9FF034804F067FE03F0A8FE52
:1034080010BDC046C409000070B501210500FFF7D2
:10341800ABFF2900040001F00BFF002801D10020B8
:1034280070BD29002000FEF739FF0028F7D02900D9
:10343800200002F07BF90028F1D02900200002F0DA
:10344800D7F90028EBD02900200002F09DFA0028C7
:10345800E5D02900200001F091FD0028DFD0AB78ED
:10346800002B0AD0114B9C421AD00AD85B3BFF3B79
:103478009C420FD00E4B9C420FD02800FFF746FF0E
:10348800CEE70C4B9C420ED00B4B9C42F5D103F07F
:1034980097FBF2E7FFF7AAFFC1E703F021FDBEE7BC
:1034A80003F09AFBE9E703F09CFBE6E75A5D0000AE
:1034B800DE5C00005B5D00005C5D0000F8B5184B49
:1034C800C1081D5C07231840164B174C5A5C174F50
:1034D8000241645C7F5C01231600044107411E40E1
:1034E8001C401F401A4202D0E12002F005FC002CCB
:1034F80002D0E62002F000FC280002F086FC002C36
:1035080002D0E62002F03EFC002E02D0E12002F0BC
:1035180039FC002F02D02C2002F077FCF8BDC04601
:1035280060A20008E0A2000840A2000850A200081B
:10353800F7B5040004270A260191207800283CD01A
:10354800012837D16378012B0ED1A078A51C02F091
:103558005CFC2C00019D0134013DEDB2FF2DECD047
:10356800300004F0B2FDF7E7022B04D1A078A51CC7
:1035780002F0C2FBEDE7032B04D1A078A51C02F0F2
:1035880001FCE6E7042B01D00134E3E700250B49F1
:10359800A3780234CA5C601C3A4205D1013DD9D3F4
:1035A800300004F092FDF9E77543303B5D1963780C
:1035B8000400EFE7FFF782FFCCE7F7BDED9F0008B7
:1035C80010B50021FFF7B4FF10BD70470120704708
:1035D80010B5FFF7FBFF10BD10B50400FEF78CFE19
:1035E800201CFFF7F5FF10BD002070477047000052
:1035F800014B4000185A70471EA3000837B501ABAD
:103608001980019901F0ADFF00F0E6F80400A02050
:10361800C001844239D28023DB019C4200D393E06D
:10362800E72C1AD8DF2C16D8A72C0AD8A42C00D936
:1036380074E0012C0FD0231F9BB2A02B0BD90024C0
:1036480009E0BE2C00D86DE02000C03880B200240C
:103658001F2800D870E0201C3EBDC0239B019C425F
:103668000ED280239B019C4264D2FF2C03D8EF2CFE
:10367800E5D9044354E0200A80B20002E4B2F8E736
:10368800E3B222055CD4C0245BE0AA23DB019C42A0
:103698001DD2A822E3B2D201944270D2013AFF3A75
:1036A80094420BD2013AFF3A944260D2013AFF3A6F
:1036B80094424ED33E481C020443CCE703249808A6
:1036C8002340023C9C40400120433A4CD1E7B423BC
:1036D800DB019C420FD2013BFF3B9C425CD2AC23F6
:1036E800DB019C424ED3344BE3189BB2FF2BA6D888
:1036F8002002324CBDE78025314BAD01E3189BB267
:10370800AB429CD2E004C00E00F0E0F8F8230002BF
:103718005B011840E4B204432C439CE7243C1C435F
:10372800A4B298E75834274BE4B26400E05A8824DE
:10373800E401C1E72005000DFFF75AFF04008AE7FE
:10374800C82424021C4386E71F482040A0242402E2
:10375800B2E7200903249A08204022401C40012394
:10376800A3400002520110431843184C81E7032478
:1037780098082340023C9C4040012043F5E7144C44
:103788001B02DFE7E0B200F0A1F8F82400026401B0
:1037980020400134FF348FE70F252000284000F037
:1037A80095F824092C40240204430A4861E7C046DE
:1037B800F1A00000008AFFFF00A8FFFFF0A0FFFFB4
:1037C80000A0FFFFF0A20008FF0F0000008CFFFF21
:1037D800F4A000000090FFFF030010B5E72808D808
:1037E800DF2808D831285CD00ED8292853D02A28B9
:1037F8005DD0180010BDE0380728FAD8FCF73AFD6C
:1038080016F9232836F93D42392809D0822807D0ED
:103818003528EED12C4A12789206EAD52923E8E712
:10382800294A12789207E4D0E023E2E701212648EA
:1038380002780A4241D140780842DAD0E323D2061E
:10384800D7D50023D5E7204A12785107F6D4D0E718
:103858001D490A78500732D44978C907E4D41021A1
:103868000A4051424A4152421340C2E7164A51782F
:103878008907BED51278E723E1E7134A12781107C2
:10388800F9D4B6E710490A7810071AD44978890795
:10389800E5D5E423ADE70C4A12789206A9D535237D
:1038A800A7E7094A12785206A3D52A23A1E7064AB0
:1038B800127852069DD531239BE7392399E7E223F5
:1038C80097E7E62395E7C046F412002030B50424B4
:1038D80027490A78224205D018230340082B27D10C
:1038E80098432043130708D51824050014232540BE
:1038F800A54225D1A843C0B21843012449782142E2
:1039080006D018230340082B21D19843C0B2204386
:103918008B0708D51821040011230C408C421FD1B5
:10392800A043C0B21843D30601D5E723184030BDE1
:1039380014230340042BD5D1984304331843D1E70B
:103948000340142BD9D19843C0B22043D5E71123A3
:103958000340012BDCD19843C0B207331843D7E7A3
:103968000340112BDFD19843C0B20843DBE7C046C0
:10397800F412002010B501F038FC10BD10B500F0AD
:1039880097F8642004F0A1FB00F092F8002000F002
:103998002DF8C30703D5FFF7EDFF03F0D9FB10BDE2
:1039A80010B5FFF7EBFF10BD10B503F009FA0028BA
:1039B80001D103F095FA03F00FFA084B187003F0E1
:1039C80015FA074B1880FFF7EBFF03F00AFA02F02D
:1039D80084FF044B186802F0A4FF10BD4F100020AC
:1039E800F41200201C10002070477047014B185C2F
:1039F8007047C046FA120020704710B5012004F045
:103A080064FB10BDC046C046C046C046C046C0465E
:103A1800C046C046C046C046C046C046704710B5FE
:103A2800FFF7EBFF10BD10B572B60F23020001219E
:103A38001A4091409843202205F065FB62B610BDFC
:103A480010B51348FFF7EFFF1248FFF7ECFF90207F
:103A5800C005FFF7E8FF1048FFF7E5FF0F48FFF73D
:103A6800E2FF0F48FFF7DFFF0E48FFF7DCFF0023F8
:103A78000D490E4A04200B7013704B7053708B70F5
:103A88009370CB70D37000F069F8FFF7A3FC10BDFA
:103A9800080000480F0800480100004809000048D5
:103AA8000D0800480E080048F6120020FA120020FF
:103AB800F7B50025244C254F236872B60F2101263F
:103AC8001A000B409E408A4301923100012201985E
:103AD80005F019FB019BB6B25E8362B6FFF792FF51
:103AE80000231B4A1E00944661469A0052580F2133
:103AF8001000884300690A40D0400E39002208426D
:103B080002D10A009A4052B216430133F6B2032B8F
:103B1800EAD12068FFF787FFFFF781FF3A78002393
:103B2800B24201D03E7001331D430A4B04340137C1
:103B38009C42C1D12B0004220749044800F010F828
:103B4800FFF74EFC2800FEBD2CA30008F61200204B
:103B580020A300083CA30008FA12002070470000C8
:103B6800F8B506000F0015000E4C002B05D00123F8
:103B7800237003F0E1FA0C4B18802378002B05D052
:103B8800094B188803F0DDFA052808D8F8BDF25C5F
:103B9800FA5401339D42FADC00232370F6E7002330
:103BA800F8E7C046750E0020760E002010B5184BB9
:103BB8001A78D3070CD5174B1878052343439B086D
:103BC8007F20834203D87E38002B00D0D8B210BDA6
:103BD800930705D50F4B1878052343435B08EFE798
:103BE8000523520703D50B4A10784343E8E70A4AEE
:103BF8001278002AEAD009490648097800788A42EA
:103C0800F3D250435843FCF7DDFB83B2D8E7C046F4
:103C1800820E00209A0C0020830E00209B0C0020AE
:103C280010B5154B1A7801231A4207D0134B1B788D
:103C38009B080120002B0ED0D8B20CE0910703D5C9
:103C48000E4B1B785B08F4E7520705D50B4B1B7826
:103C58007F208342EDD910BD094A1278002AEBD0A3
:103C6800084B1978054B18788A4201D383B2EFE7DD
:103C78005043FCF7A7FBF9E7820E00209E0C0020BA
:103C8800840E00209F0C002010B5F02805D1FFF706
:103C98008DFF4042274BD87010BDF12802D1FFF7A5
:103CA80085FFF7E7F22805D1FFF780FF4042214B57
:103CB8009870F1E7F32802D1FFF778FFF7E7F928C2
:103CC80004D1FFF7ADFF1B4B1871E5E7FA2803D1C4
:103CD800FFF7A6FF4042F6E7FB2805D1FFF7A0FF54
:103CE8004042144B5871D7E7FC2802D1FFF798FFE0
:103CF800F7E703000C33DBB2042B07D80123F438B1
:103D080083400C4A51780B435370C5E7FD2805D111
:103D18000123094A11780B431370BDE7FE2803D12C
:103D2800054A02231178F6E7FF28B5D1024A042391
:103D38001178F0E77C0E0020820E0020022210B5D8
:103D4800364B9A56F0280AD1D9787F290DD9002107
:103D5800D9708A420BD10021314A117007E0F1284D
:103D68000ED1032159560029F1DC002A0ED01A7908
:103D78005B7913435AB2002B01D12A4B1A7010BD3C
:103D8800F22808D1002AF0DA00229A7003229A5603
:103D9800002AECD1DFE7F32802D1002AF4DCE4E7BB
:103DA80004215956F92804D10029DEDD00211971B2
:103DB800DBE7FA2802D10029D7DAF7E705215956B7
:103DC800FB2804D10029D0DA00215971CDE7FC285D
:103DD80002D10029F8DCC8E701000C31C9B2042976
:103DE80007D80121F4388140080059788143597077
:103DF800BBE7FD2805D101240B480178A1430170D8
:103E0800B3E7FE2803D1084802240178F6E7FF2823
:103E1800ABD1054804240178F0E7C0467C0E0020A9
:103E2800830E0020840E0020820E002010B503F0BF
:103E380083F9030007488278C1780A4301D0064A0B
:103E48001380027941790A4301D0044A138001F0B2
:103E580051FE10BD7C0E0020780E00207A0E002046
:103E6800F0B55E4B85B01A78022702925A7803267D
:103E78000392052204259A569E57DF575D570192F3
:103E880000229A70DA701A715A713B0033439342D8
:103E98000BD0534B188803F054F952490B78002B78
:103EA80028D0514A127890422DDC019B2B430BD02D
:103EB8004E4B188803F045F94D490B78002B51D02B
:103EC8004C4A1278904256DC444CE278A37813436B
:103ED800227913436279134301D0FFF7A7FF029BAE
:103EE800A7702370039BE6706370019B2571637153
:103EF80005B0F0BD404A14780A2262439042D4DDEE
:103F080001330B7001E0FF2BFAD1344C002F07D09E
:103F1800FFF74CFE0123002F00DCFE334343A37060
:103F2800002E07D0FFF742FE0123002E00DCFE33EF
:103F38004343E370022161560029B6D0032020567E
:103F48000028B2D0B5235943091206D0A1704343C3
:103F5800224A1B1204D0D370A7E70122A270F6E709
:103F68000123F8E7254A14780A2262439042ABDD20
:103F780001330B7001E0FF2BFAD1184C002D07D04C
:103F8800FFF74EFE0123002D00DCFE33434323716F
:103F9800019B002B08D0FFF743FE019A0123002A5A
:103FA80000DCFE334343637104216156002900D1CC
:103FB8008AE705202056002800D185E7B523594314
:103FC800091206D021714343044A1B1204D05371CD
:103FD8007AE701222271F6E70123F8E77C0E002038
:103FE800780E0020830E0020990C00207A0E002005
:103FF800840E00209D0C0020980C00209C0C0020B2
:10400800062210B500210548FCF7A0FC0023044A4D
:104018001370044A1370044A137010BD7C0E0020FC
:10402800830E0020840E0020820E002010B500F0C0
:1040380081F9014810BDC046FF0F000010B50648C1
:1040480000F034F9054800F031F9054800F02EF980
:10405800044800F02BF910BD00E0010800E8010851
:1040680000F0010800F801088023F7B55B010D0096
:10407800984201D30020FEBD194A43009F180193BE
:104088003A88184B84129A4205D1380089B200F058
:104098002DF980B2EFE78022114B134EE402E418A9
:1040A800210030001201FCF7FDFB3B789D42E1D076
:1040B8000E48019B802703402000F55400F0F6F8D5
:1040C80000253F01735D0A4919434B1C03D089B28F
:1040D800601900F00BF90235BD42F3D1D9E7C046AB
:1040E80000E00108FFFF0000FE120020FE070000AC
:1040F80000FFFFFF034B80B24000C0180078C0B239
:104108007047C04600E0010810B580B2FFF7ACFF69
:1041180010BD0000064983B25B005B1801301A78B5
:1041280083B25B005B181878000210437047C046E2
:1041380000E0010870B50D0084B22000C9B2013456
:10414800FFF792FF290AA0B2FFF78EFF70BD10B5E6
:10415800FFF7F0FF10BD000010B583B2591C0C4CDE
:1041680089B2580049000019091902780878991C81
:1041780089B24900033309199BB209785B001B19FE
:104188001B7809040002084310431B06184310BD9E
:1041980000E00108F7B51A4D80B243005B191B789F
:1041A800471C861CBFB2B6B2019372007B005B1934
:1041B80052191B7812780C0094462900C51CADB220
:1041C8006A00521861461B0209040B4312780199D0
:1041D80012060B431343A34210D0E1B2FFF744FF8A
:1041E800210AC9B23800FFF73FFF210CC9B23000DD
:1041F800FFF73AFF2800210EFFF736FFF7BDC0464C
:1042080000E0010870B504008D18A94200D170BD06
:1042180008004E1CFFF76EFF310020700134F4E7F0
:1042280070B50C0005008E18B44200D170BD297815
:10423800A0B2FFF719FF01340135F5E710B5FFF714
:10424800EFFF10BD0122094B1000D96811420CD1B3
:10425800D9689018490708D4D9688018C90604D4C1
:10426800D86802400520801AC0B27047002002407A
:1042780037B50400FF25FFF7E5FF012811D1002C11
:1042880001D105303EBD002301930195019B002B10
:1042980003D1FFF7D7FF013CEFE7019B013B0193F7
:1042A800F4E7002CEED10620ECE7000070B506001C
:1042B8000C48FFF7DDFF052813D102250A4C0948F1
:1042C80023692B43236140236661226913432361D9
:1042D800FFF7CEFF062802D02369AB4323613423BE
:1042E800E36070BDFF0F000000200240F8B5F8231E
:1042F8001B06C2180D4B05000E0007209A4214D861
:104308001830FFF7B5FF05280FD10127084C1A30E0
:1043180023693B4323612E80FFF7AAFF062802D0BA
:104328002369BB4323613423E360F8BDFEFF070024
:1043380000200240024B034A5A60034A5A60704701
:104348000020024023016745AB89EFCD704700008C
:104358001FB5FEF7B5FFFF210300020A0A400B4014
:1043680012021343000C034A084013400004184388
:1043780005B000BDFFFF00FF13B51C006B46597068
:104388009A7018700098FFF7E3FF020403021B0EEF
:10439800120E62702070A37013BD0000074A01213D
:1043A80013781800884304D10B4049180B43137045
:1043B8007047552BFCD90B405421F7E7001B002010
:1043C80010B50820FFF7C8FE10BD10B50400FFF7B0
:1043D800E5FF21000820FFF7DDFE10BD10B5024BF8
:1043E8001868FFF7F2FF10BD001B002010B5024B44
:1043F8001868FFF7EAFF10BD001B0020002210B567
:10440800034B04481A711860FFF7DFFF10BDC04660
:10441800001B00200300FFFF034B1B78DA07D00FB7
:10442800002A00D058087047001B002010B5054A24
:104438001379022B01D801331371002801D0FFF73B
:10444800CDFF10BD001B002010B50120FFF7EEFFC7
:1044580010BD000010B5054A1379002B01D0013BAF
:104468001371002801D0FFF7B9FF10BD001B002011
:1044780010B50120FFF7EEFF10BD0000014B1879C1
:104488007047C046001B0020014B18717047C0469A
:10449800001B0020014B58787047C046001B0020C5
:1044A800014B98787047C046001B0020014BD87814
:1044B8007047C046001B002010B500F01BFE10BD61
:1044C80070B50F4B0F4D1B786978DB070E48DC0F72
:1044D800002B06D003232A785343C018FFF7ECFFBC
:1044E80070BD0323AA78EE785343C3189642F1D9D6
:1044F80001325C701C709C70D2B20333F6E7C04680
:10450800001B0020A30C0020081B00200B4B70B5DB
:104518001B78DB070AD50A4B0A4E9C78DD78032303
:1045280063439B19AC4202D3FFF7CAFF70BD013445
:10453800587019709A70E4B20333F3E7001B002037
:10454800A30C0020081B0020074B13B51B78DB07C2
:1045580008D501AC2300FFF70FFFA2782178607817
:10456800FFF7D4FF13BDC046001B002010B50400A0
:104578000379054AD25C054B99785878FFF7E4FF30
:1045880023790133237110BD83A30008001B002089
:1045980010B50400044B0079DA789978FFF7D4FF56
:1045A80023790133237110BD001B002073B5154D0D
:1045B80004002878002807D1FF2201AE330011003B
:1045C800FFF7DAFE73782B70217901290ED00229C2
:1045D80010D0002912D10A002878FFF797FF207918
:1045E80003210130FBF7D4FF217173BD0022297824
:1045F8001000F2E700202A780100EEE70022100000
:104608001100EAE7C00E0020F0B50400012087B0D1
:1046180003932F4B0F001978160001421DD02D4A25
:104628004B08D25C2C4D81432A70022917D105AD65
:104638003200390020002B00FFF79EFEAA78297867
:104648006878FFF763FF224B039A5C709F70DE70F7
:10465800002A02D01868FFF7B8FE07B0F0BD022A9A
:1046680002D11B4BDE78EEE7062A02D1184B5C78A4
:10467800E9E7092AFAD0192AE5D10025193BDAB267
:10468800034001935308154AD35C0293144B1979DC
:10469800A94202D8FFF714FFD5E702986843FBF751
:1046A80091FE019AC3B2E01AC0B2002A01D1E31800
:1046B800D8B203220A4B39009B785B195343094A45
:1046C80001359B183200FFF757FEEDB2DEE7C04612
:1046D800001B002058A30008C20E002041A30008B8
:1046E800A30C0020081B002010B5030004484478E0
:1046F800C27808348178E0B2FFF786FF10BDC04663
:10470800001B002010B50120FFF7EEFF10BD0000D0
:1047180010B5030004484478C278083C8178E0B2B8
:10472800FFF772FF10BDC046001B002010B5012026
:10473800FFF7EEFF10BD000010B5030006488478AF
:10474800C2780834211CFF2C00D9FF214078C9B257
:10475800FFF75AFF10BDC046001B002010B501200E
:10476800FFF7EAFF10BD000010B503000648847883
:10477800C278083C24B2211C002C00DA00214078C1
:10478800C9B2FFF741FF10BD001B002010B5012082
:10479800FFF7EAFF10BD000010B503000648C17816
:1047A80008310A1CFF2900D9FF228178D2B240784B
:1047B800FFF72AFF10BDC046001B002010B50120DE
:1047C800FFF7EAFF10BD000010B503000648C178E6
:1047D800083909B20A1C002900DA00228178D2B20D
:1047E8004078FFF711FF10BD001B002010B5012015
:1047F800FFF7EAFF10BD10B50023FFF705FF10BD56
:10480800F7B506000024144B1979A14209D8FFF71F
:1048180057FEB2783379D2071CD501335BB23371B6
:10482800F7BD9D7803232D195D430C4BFF20ED1830
:104838000B4BDA7801929F78FBF7C4FD604333791C
:104848003900C018019A2B00C0B20134FFF794FD5B
:10485800E4B2D8E7013BE1E7A30C0020081B0020E5
:10486800001B0020F7B5012283780092134202D082
:1048780001235B4200930026274C2379B3420CD8CE
:10488800FFF71EFE009B254D012B3DD12B78002BF9
:1048980000D12379013B2B70F7BD0323A5780024B1
:1048A800AD195D431E4B2700ED186B461B786C70E5
:1048B8002C70AC700193194B18782018C1B240B213
:1048C8000A281ADD0A21FBF763FE48B286420BD19B
:1048D8000422144BD21BD97858784A4392109978FD
:1048E800D2B22B00FFF748FD019B0137E418E4B270
:1048F800042FE0D10136F6B2BEE70028E6DA064B0F
:104908001879081840B2E1E7287821790130FBF7D7
:104918003FFE2970C0E7C046A30C0020C10E00204E
:10492800081B0020001B0020F8B503230021264D9A
:10493800264EAA78E87853439B1990421AD8002447
:104948002979234FA1421CD8FFF7BAFD214C2248F0
:104958003B7801782278CB188A185BB252B23B7048
:104968002270002A03DD2A79013A934201DB494289
:104978000170F8BD0132597019709970D2B20333C1
:10498800DBE72000FBF704FE0022AB78BA56CB1811
:10499800DBB2944210DB0F4A127852B294420BDC1D
:1049A800032253430D48F318C27881784078FFF703
:1049B800E3FC0134E4B2C3E7032253430022F118B5
:1049C8004A70F2548A70F4E7A30C0020081B0020F8
:1049D800BF0E0020A00C0020A10C0020001B00200E
:1049E800F8B5027920231100552551439B1A5143EC
:1049F8001A00060028005A43534348435918FBF746
:104A080057FCC7B20324C0B2292F17D844436410F7
:104A1800E4430025E4B2164B1A79AA4213D8FFF7EB
:104A28004FFD33790121134A002B02D0202B01D1ED
:104A3800FF21117012789B183371F8BD2D1A6C4341
:104A4800E00F0419E3E702223800154202D153327D
:104A5800D01BC0B29A78032352195343064A013532
:104A68009B18064AEDB291782200FFF785FCD2E741
:104A7800A30C0020A20C0020081B0020001B002013
:104A8800F8B5040000250326124B1A79AA4207DC60
:104A9800FFF716FD01222379013313402371F8BD76
:104AA8009B780D495B1973430C4F5B182179787813
:104AB8008C465208B978AA4207DD6246002A07D018
:104AC800FA78FFF759FC0135DEE76246002AF7D08D
:104AD8000022F6E7A30C0020081B0020001B002082
:104AE800F0B5837885B002930379002401930123FC
:104AF80005250371444B1B79A34203D8FFF7E0FC5B
:104B080005B0F0BD029B414E022B07D82B00404A4E
:104B180063435178F1549278F3185A70019B002B33
:104B280018D12B006343F618019BF370B370364B12
:104B38002E009A7803236643121953433348354AA3
:104B480081199B18305C8A7801344978FFF714FC86
:104B5800E4B2CFE72B006343F718F87803930028F3
:104B680017D0FF260138C0B23979F8707043FBF7C7
:104B780029FC294B3040185CBB212238C0B2704355
:104B8800FBF720FC224B3040DE7846433612BE70DD
:104B9800CDE7FBF75FFF81221D4B9200DB785B08B6
:104BA8007F335343063A1B12FF3A13409842BEDA4A
:104BB800029B022B10D9FBF74DFFFF21FBF7E8FC06
:104BC800039BF154FBF746FF114B9E7876083100A2
:104BD800FBF7DEFC76187E702A00002162430B4B3F
:104BE8009A1891700A4AD1780A1CC82907D90B4A21
:104BF8001278290061435B181A71DA7097E7C9B215
:104C08001429F6D21422F4E7A30C00208D0E0020FC
:104C1800001B0020081B002083A300083CA30008F9
:104C28000121094B10B51A788A431A701868FFF7E2
:104C3800CCFBFA200022054B40005A7003F045FADD
:104C4800FFF73EFC10BDC046001B0020C20E00202E
:104C58000121074AFA20137810B58B4313700022FC
:104C6800044B88405A7003F030FAFFF729FC10BD56
:104C7800001B0020C20E0020084B10B519780B222B
:104C880007484908FBF7CEFD002802D10122054B51
:104C98005A7002F051FA044B188010BD001B002016
:104CA800A80C0020C20E0020860E002010B5184C5B
:104CB8002378DA071ED5012200281CD11340921848
:104CC80013432370002902D02068FFF77EFB217868
:104CD8000B2210484908FBF7A5FD002814D0002234
:104CE8000D4B5A7001220D4BDA70E278A17860788A
:104CF800FFF781FD10BD2A2802D913405422DFE7AF
:104D0800400013400343DCE7FFF7B6FFEAE7C0467D
:104D1800001B0020A80C0020C20E0020860E0020D8
:104D2800054B0100187810B5400801302A2800D931
:104D38000120FFF7BBFF10BD001B002010B50120AC
:104D4800FFF7EEFF10BD0000064B0100187810B504
:104D580040080138C0B2002800D12A30FFF7A6FF6A
:104D680010BDC046001B002010B50120FFF7ECFF66
:104D780010BD10B50121FFF799FF10BD0120044BAC
:104D880010B51A78104318704008FFF7F2FF10BDED
:104D9800001B0020054B10B51B78DB0702D5FFF779
:104DA8003FFF10BDFFF7EAFFFBE7C046001B0020EE
:104DB80010B50021FFF77AFF10BD000070B5134C45
:104DC8002378002B20D101F0FBFF002803D102F04B
:104DD80087F8FFF713FBFFF7F3FAFE230C4D286063
:104DE800184204D1FFF70AFBFFF7EAFA2860FFF739
:104DF800D5FA0022074B28785A70C30702D5400815
:104E0800FFF7D6FF0123237070BDC0468C0E00202B
:104E1800001B0020C20E00200120044B10B51A7898
:104E2800104318704008FFF7C3FF10BD001B002097
:104E3800F8B5304B5A78002A21D02F4A1B781078C1
:104E48002E4C4008C01AC0B2A070022B18D12C4BAF
:104E58002C4D1E5CE378002B05D00027E77002F08C
:104E68006BF9A780208002F067F92388264AC01AC8
:104E780080B2904203D89E1920002680A847F8BD2A
:104E8800062B03D1214B224D1E5CE3E7092B04D1ED
:104E9800204B40081E5C204DDCE70F2B04D11F4B34
:104EA80040081E5C1E4DD5E7152B03D11D4B1E4D2A
:104EB8001E5CCFE7182B11D0232B03D11B4B1C4DA5
:104EC8001E88C7E7242B0CD0252B0ED10321FBF716
:104ED80075FA184BC9B25E5C174DBBE72826174D0B
:104EE800B8E7FA26164D7600B4E7FA26154DF6000F
:104EF800B0E7C046C20E0020001B0020860E00202E
:104F08003DA3000875450008FE7F000049A300087E
:104F1800994500084CA300080948000852A3000856
:104F28006D48000846A300083149000850A300084E
:104F3800B545000855A30008E94A0008E9490008F2
:104F4800894A00085543000810B5002801D0904749
:104F580010BD8847FCE770B504000D00FFF75CFA48
:104F6800A04206D3FFF758FAA84202D2FFF7E6FE9E
:104F780070BD2000FFF7FDFEFAE7000070B58C78E1
:104F88000500002C62D001F031FE2223304A034094
:104F9800954212D82F4A954212D92F4AA81812289A
:104FA80010D8FBF771F913191C1F2225282B2E3155
:104FB80034383D404346494B4E00284B9D4242D031
:104FC800200070BDFFF7E6FE0024F9E7244A2549D2
:104FD8001800FFF7B9FFF7E7224A2149F8E7224A04
:104FE8002249F5E7214A2049F2E7214A2149EFE71A
:104FF800204A1F49ECE7204A2049E9E71F4A1E4991
:10500800E6E71F4A1F49E3E71E4A1D49E0E701207A
:10501800FFF7AFFED8E705210220FFF79CFFD3E793
:1050280008210620F9E70E210920F6E714210F20B0
:10503800F3E717211520F0E71820E9E722211920C6
:10504800EBE72320E4E72A212520E6E70124B7E758
:10505800D55C0000C15C00003DA3FFFF5D5D000062
:10506800714D0008454D0008354700080D470008F8
:105078009547000865470008F5470008C547000838
:10508800794400085144000803230200591A4900D2
:105098000A4110B50B330400D20700D4063B0222A4
:1050A80018008A408038C0B2144201D0203BD8B2E0
:1050B80010BD0000802110B50B4C0222200009020F
:1050C80004F021F8802102222000890104F01BF855
:1050D800064C200003F031FB2000054903F011FBCA
:1050E800200003F018FB10BD00040048781C0020C5
:1050F80084A40008F0B5244C87B02378019004916B
:10510800002B03D1FFF7D6FF012323700024049B53
:105118009C4206D3EC211D4A1D4803F006FB07B04C
:10512800F0BD03220C2700256243019B01999B18BF
:1051380067438E5C5A789B7803920293134BFF184F
:105148003B1D059329003000FFF79EFF059B58552E
:105158000135042DF6D13E000025083629000398B4
:10516800FFF792FF70550135042DF7D13E00002559
:105178000C3629000298FFF787FF70550135042D7A
:10518800F7D10134E4B2C2E7C40E0020C50E0020F6
:10519800781C002010B52320FEF7ACFF212801D091
:1051A800002010BD2420FEF7A5FF0728F8D11E30E7
:1051B800FEF7A0FF133843425841F2E710B521210A
:1051C800041E00D1DE312320FEF79EFF0721002CAC
:1051D80000D1F8312420FEF797FF1321002C00D1CD
:1051E800EC312520FEF790FF10BD10B50020FFF729
:1051F800E5FF01F0DBFD10BD10B52620FEF77AFFB4
:1052080010BD10B5C1B22620FEF77EFF10BD10B547
:10521800FDF728F8FFF7BEFF002808D1FFF7F1FFD8
:1052280000F054F900F0E1F90120FFF7C7FF10BDC5
:1052380010B58C78002C1ED0174BC3180F2B22D812
:105248001238C0B200F0DEF90024200010BD0120A1
:1052580001F094FB032202210120FEF7ADF8F3E7E9
:10526800012001F097FB032202210120FEF7A4F898
:10527800EBE70220F5E7094B9842F1D0084B98423A
:10528800F7D00124E1E7054B9842E0D0044B98425F
:10529800DBD10220DCE7C046EEA0FFFF105F000074
:1052A800115F000010B5040000788038032806D884
:1052B800FAF7EAFF0206090CFFF7F8F8607010BD6C
:1052C800FFF7AAF8FAE7FFF7D9F8F7E7FFF7E2F8E8
:1052D8006070FFF7E5F8A070F1E770B5040000789A
:1052E8008038032816D8FAF7CFFF020D191DFFF7EB
:1052F800D1F80500FFF7D4F8010062782800FFF71D
:105308007AFA07E06078FFF753FD6378002B02D143
:10531800FFF79EFC70BDFFF77FFDFBE76078FFF7A6
:10532800B3F8F7E76578A478FFF7C0F82100020022
:10533800E4E770B5431C040000780D00013812281A
:1053480000D999E0FAF7A0FF0A1331424852555D97
:1053580061989864686E778083868F0000236370F5
:105368000933A3702900200002F002FA70BD6378A7
:10537800022B0DD0032B0ED0012B3DD101F0BEFE28
:10538800030EA370030CE370030A23716071E9E74D
:10539800FFF732FFF4E70026F0B2FEF727FBA31C65
:1053A80098550136042EF7D1DCE76378022B23D118
:1053B800E378A0781B020343207900040343607953
:1053C8000006184300BAFFF71CFFCBE7E278A17884
:1053D800607800F05FF8D7E7227963791202134307
:1053E800A178E278607800F063F8BBE700F06EF827
:1053F800B8E71800FFF771FF29002000FCF78EFFBF
:10540800B0E71800FFF74EFFF6E7FEF7EFFFF3E708
:1054180000F0B8F86070A5E700F0B6F8030A63700A
:10542800A0709FE76378A0781B02E178221D1843DB
:1054380000F0AEF896E76378A0781B02E178221DA9
:10544800184300F0BDF88DE700F0CFF88AE700F0C8
:1054580016F8DFE76378A0781B02E178221D18436D
:1054680000F056F87EE76378A0781B02E178221DE9
:10547800184300F063F875E7FF23237072E70420F0
:10548800704706234B4352009B18182250431818A4
:105498004730704770B5FFF7F4FF0500FEF72AFEA6
:1054A8000402681CFEF726FEA4B2204380B270BD39
:1054B80070B51D00FFF7E5FF0400290AFEF724FE7A
:1054C800E9B2601CFEF720FE70BD0000F7B50026AB
:1054D80037000E4B0025F318019310E0019A630082
:1054E800D35AE9B2E2B2F8B20134FFF7E1FF032C74
:1054F800F4D1019B013506330193042D01D000241A
:10550800ECE701371836042FE3D1F7BDE0A1000816
:10551800473070B5140005005618B44200D170BD6C
:105528002B00473B5F2B06DC2800FEF7E3FD2070CD
:1055380001350134F1E700232370F9E7473070B5EE
:10554800140005005618B44200D170BD2B00473B2B
:105558005F2B03DC28002178FEF7D6FD01340135E6
:10556800F1E707B501AA030011800020032B08D832
:105578005178032905D81278022A02D81800FFF7B3
:1055880089FF0EBD1020704700487047590300007E
:10559800F8B5A730D627140005005618BF00B44246
:1055A80000D1F8BD2B00A73BBB4206DC2800FEF764
:1055B800A1FD207001350134F1E700232370F9E7DC
:1055C800F8B5A730D627140005005618BF00B44216
:1055D80000D1F8BD2B00A73BBB4203DC2800217893
:1055E800FEF792FD01340135F1E770B58025A72457
:1055F800ED00200000210134FEF786FDAC42F8D111
:1056080070BD0000F7B505000F2821D81948FEF72E
:1056180071FD00281CD18026A724F600002D18D182
:10562800012701952000FEF765FD002301AD661CEA
:1056380028706B7098420BD0431E022B14D86870E8
:1056480030002F70FEF756FD0234A87000280CD1E8
:10565800F7BDB442FCD02000FEF74CFD002801D174
:10566800013DEDB20134D9E734002800FDF7A8FF69
:10567800D8E7C046FF030000F8B5140082781D0083
:1056880006AB1F78274B002A11D01C7001F054FD7F
:10569800254B188023002033DBB2072B06D80722BE
:1056A80001201440A040C0B200F0B7FBF8BD1E783E
:1056B800A6422DD11C4B188801F043FDC72827D8D6
:1056C8002C002034AE4215D033002033DBB2072B38
:1056D80006D8072301201E40B040C0B200F0A5FB49
:1056E800E3B2072B06D8072301202B409840C0B20D
:1056F80000F093FB3800E4B200F087FB072CD5D804
:10570800072301201D40A840C0B200F08EFBCDE762
:1057180023002033DBB2072BC8D80722012014400E
:10572800A040F1E7B10F0020B20F0020264B13B5BF
:105738000C0098420BD8254B98420FD8244B98421E
:105748001AD0244B984237D0234B98420ED0A078D9
:10575800002836D00022214B1A701AE0204BC018BE
:1057680002280DD8FAF790FD161C22002623009374
:10577800BB331A00010008E027230093BE33F8E783
:105788002623E02217490093BB332000FFF774FF5C
:10579800002016BD2723E42200931349BE33F4E703
:1057A8002623E22200931149BB33EEE72723E622A2
:1057B80000930549BE33E8E72823E5220093273BF9
:1057C800D8E70120E5E7C046F65C0000F25C00007F
:1057D800D85C0000D95C0000D75C0000B10F002045
:1057E8000CA3FFFFF35C0000F45C0000F55C000014
:1057F80070B505008878002800D1B9E05D4EB54243
:1058080012D85D4B9D4213D901F0F0FA5B4C208011
:10581800B5421ED8584B9D420BD8208801F0F2FAA9
:1058280000F030FD002003E0554BEB18082BEBD9B6
:1058380070BD544BE818122819D8FAF725FD1D2019
:10584800232E3134373D45494C4F595C5F62688996
:105858006E004B4BE81883B2082BDED80828DCD83A
:10586800FAF712FD13183F432E586980840001236C
:10587800227813432370D0E702232278F9E7042320
:105888002278F6E708232278F3E7012362781343A6
:105898006370C2E702236278F9E710232278E8E709
:1058A80020232278E5E740232278E2E700F0EAFCAB
:1058B800802322785B42DCE70C2322789A43D8E7DE
:1058C800032362789A43E2E7012223789343D1E7DE
:1058D80002222378FAE704222378F7E708222378BC
:1058E800F4E7012263789343D2E702226378FAE768
:1058F80010222378EAE720222378E7E7402223785A
:10590800E4E700F0BFFC7F2223781340B2E70C22C3
:105918002378DBE703226378E5E701210420237875
:105928005A07D20F4A400A40910083430B4308218B
:10593800D2008B439DE701216378DA07D20F4A40F2
:105948000A408B4313435100022293430B439FE7C2
:1059580000F098FC01222378D9094A407F21D2011E
:105968000B4086E7012001F0BFFA56E70020FAE76E
:1059780001205DE7155C0000015C0000F4120020C6
:1059880006A3FFFFFDA3FFFF124A10B501230C0079
:10599800904215D101F02AF9A17803000E4A002996
:1059A80010D0AA2003401900481E814135201170EB
:1059B800002B00D10C3801F0B9F801F089F9002367
:1059C800180010BD13783520002B00D10C3801F0D9
:1059D800B7F8F2E7165C0000B40F0020031E04D0ED
:1059E800203B1800431E9841023870470F4B10B5F2
:1059F8001C78002C18D1012240211A700C48220072
:105A080003F081FB22008021094803F07CFB64201D
:105A180002F05BFB86224021054803F074FB8622D6
:105A28008021034803F06FFB10BDC046B60F00206D
:105A380000040048F0B5154D154C87B00491287046
:105A48001449200016001F0002F02BFE2B780025B9
:105A58005B0805933800002329000F4AFAF7BEFDBA
:105A680000230E4A80185941FA2200239200FAF7BF
:105A780095FD3300049A0599029001952000009540
:105A880002F019FEFFF7AAFF07B0F0BDB50F00201E
:105A9800441C002098A5000810270000E703000018
:105AA800014B18607047C046B80F0020034B10B573
:105AB8001B68181E01D01B68984710BDB80F00203E
:105AC800094B10B51B68002B0DD0084A1278002A24
:105AD80007D0074A12787F2A03D902784270052234
:105AE80002705B68984710BDB80F0020100E0020A8
:105AF800F4120020044B10B51B68002B03D00222BF
:105B080002709B68984710BDB80F0020064B10B56F
:105B18001A88824206D01880044B1B68002B01D0DB
:105B2800DB68984710BDC046BE0F0020B80F0020A4
:105B3800064B10B51A88824206D01880044B1B68A1
:105B4800002B01D01B69984710BDC046BC0F002030
:105B5800B80F002010B501F0D1FA024B1860024BC3
:105B6800186010BDC00F0020C40F00207047704798
:105B780010B5FFF7FCFF10BD704710B5FFF7FCFF2D
:105B880010BD000010B5054801F016FBFEF74EFAEF
:105B9800FFF7ECFFFFF7ECFF10BDC046B16D000842
:105BA8000120704710B5FFF7FBFF10BD7047704725
:105BB80010B5FFF7FBFFFFF7FAFF10BD10B501F0B6
:105BC80099FAFDF73DFFFFF722FBFFF7F7F8FFF71C
:105BD800D4FF10BDF0B585B0FDF76AFF002801D0ED
:105BE800FFF7B8FF00260127F3B2F0B20193FDF7E3
:105BF800FDFE2F4B0500F45C844245D002222D4B5C
:105C08001B78134201D0FDF7F7FE23006B401C0000
:105C1800DAB23C403B4232D102231A4231D1042449
:105C2800224231D01F00FFF7BDFF002811D02540C8
:105C3800681E854102ABF2B25A701F709D7001F068
:105C48007BFA012302AA034393800298039900F088
:105C580035F8174B9B5D5C40154B9C55FFF7E8F8F2
:105C6800FEF7FEF8FFF722FF134C2378834204D097
:105C7800FFF71CFF2070FDF7AFFC05B0F0BD002753
:105C8800D1E701270224CEE70136042EACD1012347
:105C980002AA5B4213800023937001F04DFA01239E
:105CA80002AA034393800298039900F007F8D5E706
:105CB800C90F00204F100020C80F00201FB5030C8B
:105CC800DBB200900191002B01D000F0BBFF0E2247
:105CD80000216A441180009A02AB02926A469288B7
:105CE8009A800098039900F01FFD05B000BD10B51B
:105CF800008800F0EFFE10BD10B5041E14D0031F7D
:105D0800DBB2A02B11D81D4B0100186801F010F967
:105D1800002804D0200000F013FF00F0D9FF200075
:105D280000F004FF00F0D4FF10BD03002033DBB205
:105D3800072B07D8072004400638A040C0B200F05F
:105D48005BFFEFE703005B33DBB2022B04D8243898
:105D580080B2FFF7DBFEE7E703005833DBB2162B10
:105D680005D8074A5B00985AFFF7E2FEDCE7EF2800
:105D7800DAD9FDF789FFFEF759F8D5E7B40C00200A
:105D8800A4A5000810B5002807D0031FDBB2A02B7C
:105D980004D800F0D5FE00F09BFF10BD03002033AF
:105DA800DBB2072B07D80723034001209840C0B275
:105DB80000F02AFFEFE703005B33DBB2022B03D8C6
:105DC8000020FFF7A3FEE8E703005833DBB2162BE9
:105DD80003D80020FFF7ACFEDFE7EF28DDD9FDF799
:105DE800ADFFFEF723F8D8E770B505000C00FFF704
:105DF80083FF002C03D12800FFF7C4FF70BD0A20E1
:105E0800013C02F062F9A4B2F3E7502110B5392839
:105E180000D00021FFF7E8FF10BD10B5002803D01F
:105E280000F0EAFE00F054FF10BD10B5002803D0C2
:105E380000F0EAFE00F04CFF10BDF0B585B08679A1
:105E48000C1C8578019000F09DFE23043609029011
:105E58000393002818D00295002D15D00F22230493
:105E68001B0E9343402B06D0230000222033DBB2C5
:105E78000292072B08D9022000F07AFF00F082FE78
:105E880001234340DBB2029323041B0F1800039342
:105E9800FAF704FA1000100065006500B500C900A3
:105EA80041004100D4002B013C013C019701410015
:105EB8004100A0010F22230426051B0E360F934331
:105EC80000D03601E4B2002D14D0002E0BD02300F0
:105ED8002033DBB23000072B01D9002C07D100F0AA
:105EE8008BFE00F0F5FE2000FFF706FF13E000F040
:105EF80099FEF6E72000FFF745FF002E0BD02300A0
:105F08002033DBB23000072B01D9002C24D100F05C
:105F18007BFE00F0DDFE039B083B032B03D8FFF755
:105F2800C5FDFDF759FB029B002B13D000F022FEA4
:105F3800012302001A4018420CD1019B9A7000F00C
:105F480011FE00F01BFD019800F05CF900F00AFE5C
:105F580000F020FD05B0F0BD00F06CFED9E70F227F
:105F6800230427051B0E3F0F9343202B00D03F012E
:105F7800E4B2002C0ED0012C2BD0002D32D0002EF4
:105F88002BD0019B9B79DA07ADD50F221340019ADC
:105F9800937122E0002D11D0002E06D100F06EFE84
:105FA8003843C0B2FFF739FFB5E7012EF6D100F04C
:105FB80065FE3843C0B200F06DFEACE7002E05D197
:105FC80000F07AFE3800FFF730FFA4E7012EA2D0D8
:105FD800F6E7002D03D0052E9DD83800E2E7042E01
:105FE80099D8EFE7002EEDD00120392C01D1C82037
:105FF800800002F06AF82000FFF7C4FE8BE7230553
:106008009B0F09D0012B00D085E7281E01D0A005E1
:10601800800DFFF78DFD7EE7281E01D0A005800DBD
:10602800FFF774FD77E7E0B2002D04D0FDF72CFEF2
:10603800FDF7FCFE6FE7FDF781FEF9E723049B01FE
:106048009B0F23D1002D00D065E723065B0F9B0033
:106058002007DBB2000F9840E20602D50F359D40BD
:10606800ED432405A40F2843022C09D0032C0AD0A1
:10607800012C02D000F040FC4DE700F033FC4AE769
:1060880000F044FC47E700F028FC44E7A205920F23
:106098000123D1B2002D1CD01340002B00D13AE7C8
:1060A8002206520F92002007D2B2000F9040002320
:1060B800E10602D50F339340DB432405A40F1843B0
:1060C800022C0CD0032C0DD0012C05D000F084FC40
:1060D80021E749080B40E0E700F074FC1BE700F0FB
:1060E80085FC18E700F022FC15E7E6B22405240F2A
:1060F800002D04D0200000F041FC300052E73000B1
:10610800FFF793FE200000F045FC04E7E7B23800F3
:10611800F03804283ED8FAF7B7F80311181D2700FD
:10612800002D07D0042E00D9F5E6E004C00E00F0DB
:106138003DFCF0E6052E00D9EDE6F6E7E004C00EDA
:10614800002DE0D000F01AFCE5E6E004C00E002DBA
:10615800F8D0D8E7002D04D0E004C00E00F006FC0B
:10616800D9E600F0EDFBD6E6002D09D0E404E40EF4
:10617800200000F003FC0321200000F0D5FDCAE652
:10618800012000F0F5FD012E00D8C4E6022000F041
:10619800EFFDC0E6002D06D0002E01D03800A3E6A2
:1061A800E004C00ECEE7002E08D00120392F01D11F
:1061B800C820800001F089FF38001DE7E004C00E08
:1061C800A1E72205120FE1B20198FDF70DFA00F0E0
:1061D8001BFBA0E622050198120FE1B2FDF706FAB3
:1061E80099E670B504008078218800F07DFC051CD4
:1061F80000F006FC00F070FB291C2000FFF71DFED4
:1062080070BD000073B5868801AD0400010002224C
:106218002800FAF747FB002E12D02A880C4B9A4226
:106228000ED02000FDF7F0F800280AD100F0AAFCF3
:10623800002805D0A378002B02D0022000F098FD9A
:1062480073BD2000FFF7CDFF2000FDF798F8F7E7B2
:10625800FFFF000010B50020FFF758FC0020FFF7F3
:1062680067FC00F0EFFC00F003FD00F031FDFDF7E6
:10627800C7FEFDF7DBFD10BD10B500F06BFCFFF7A6
:10628800E9FF10BD10B500F0C7FCFFF7F5FF10BD22
:10629800031CC2B21804000F023800B50D2821D81B
:1062A800F9F7F2FF070720201620202007071D20F6
:1062B800201D0120F02A05D005D80020E7239342AD
:1062C8004041C0B200BDF43A100043425841F8E7DB
:1062D8000120E72AF6D9F13A50425041F1E7180572
:1062E800C00FEFE70020EDE707B501AB1880019874
:1062F80000F0F0FBFFF7CCFF0EBD82B002B0704794
:1063080082B002B07047000070B507250B4B1C78AF
:106318000B4B1B78A34200D170BD0A4BE200D15A47
:106328009B1858889A8800040843D98801340904BE
:106338001143FFF7E5FF2C40EAE7C046171000209D
:1063480016100020D60F0020064B10B558881A8862
:10635800D988000410439A8809041143FFF7D0FF35
:1063680010BDC046CE0F0020F7B50F221E48837916
:10637800934334D18378002B31D01C4B01A91B786F
:106388001B4A12789A422AD0028884880A80002CF4
:1063980026D0184D92B2AA4222D04778164DBC4654
:1063A800DE00AA195778BC451AD10778755DAF4247
:1063B80016D19578002D13D195882C1BA4B2C72C23
:1063C8000ED80F241021837923400B4383719379CE
:1063D800234019439171FFF715FFFFF795FFF7BDAC
:1063E800072201331340CBE7CE0F002017100020FF
:1063F80016100020FFFF0000D60F0020F0B50400A3
:106408008BB00100062206A8FAF74CFAA178C14E13
:106418000191A18830880291B18803908C4608A91F
:106428000880604623786278002800D1CBE008888D
:10643800B94DA84200D1C6E0B578002D00D1C2E020
:10644800B1790F200F000491614687430298401AE2
:1064580080B2C72800D98AE0002F49D10199059157
:1064680006A90B704A7008880399884212D10199CD
:10647800002900D017E10F2304991940013319436B
:10648800B171FFF761FF3000FFF7BCFEB379A3716C
:1064980000253CE10299002900D008E1019B002B6E
:1064A800F6D001239B4A91790B439371F0E79B48FF
:1064B800CF00C6197078904206D198483F5C9F4239
:1064C80002D1B678002EE3D1072001310140FFE068
:1064D800000E014202D0002B00D117E12033DBB2BD
:1064E800072B00D812E12000FFF78CFE05950DE17F
:1064F80006A90B704A700888039988420FD1019940
:1065080000290CD1049B2000A371FFF77BFE082211
:1065180021003000FAF7C6F9FFF716FFF7E006A9E1
:106528000B704A700698FFF7DFFE00281BD0019B0E
:10653800002B18D0774A93791F2B09D9128808A8FD
:10654800028000228270029A83718280FFF75AFECD
:10655800082221006F48FAF7A5F9FFF705FFFFF7B2
:10656800F3FE0125D3E02000FFF74CFEF9E706A96A
:10657800002F14D101980B70887002984A70888097
:1065880007990698FFF7B9FE3000FFF73BFE08228F
:1065980039003000FAF7DAF9FFF7D6FE78E70B7022
:1065A8004A70088803998842B9D101990029B6D15F
:1065B800049B2000A371FFF725FE082230000199F3
:1065C800FAF7C4F9A3E06546524F38880880002DD1
:1065D80051D0514985B28D424DD0BD78002D4AD158
:1065E80066460299891B89B2C72933D8019D002DB7
:1065F800B9D006A90B704A700B8883421DD1BA79AD
:10660800D30714D40F2113008B4310D0A271F02BA1
:1066180006D0D3B21A09013212010B401343A371F9
:106628002000FFF7EFFD08222100380072E708225A
:1066380021003800FAF736F969E00698FFF754FEAA
:10664800002885D10123BA7920001343BB71FFF7D5
:10665800D9FD5CE0019806A9887002980B704A7011
:10666800888006980799FFF748FE08222900380015
:10667800FAF76CF950E70199002900D173E706A9E8
:106688000B704A700698FFF72FFE051E00D16AE7C7
:10669800082221003000FAF705F93000FFF727FB40
:1066A800FFF762FE38E70299002900D1F9E608A948
:1066B8000B704A7009881848814200D1EEE60199AA
:1066C800002900D0EDE616481649007809780190AF
:1066D8000198814200D0EAE606A90B704A70069834
:1066E80000F0F8F9C3B200040F21020F012A00D804
:1066F800EEE60E320A40012A00D9F4E6000E014205
:1067080000D1EBE6A2798A4300D0E7E6059D280090
:106718000BB0F0BDCE0F0020FFFF0000D60F002009
:106728001610002017100020F0B587B06C460090B6
:1067380020006160FFF762FE04A9051E0DD02288C3
:10674800A3880A80002B06D02A4B92B29A4202D024
:1067580003CCFFF7D5FD072644E00B00220041CA11
:1067680041C30888A38803AA1080002BF3D0224FC6
:10677800224E3C783078A44614881E4A9442EAD0C7
:106788000722441C144064450AD08B801C4BC0006F
:1067980018180132FAF786F83470FFF7B5FDDAE712
:1067A800FFF770FD08222900164835703D70FAF78A
:1067B800CDF8D0E7124CC0002018FFF71FFE0028C4
:1067C80016D02B78DB001A5BE4186088E188A38870
:1067D8000004090419431043FFF792FD2B78013395
:1067E80033402B70044D054B28781B788342E1D148
:1067F80007B0F0BDFFFF00001710002016100020A2
:10680800D60F0020CE0F0020F8B5031E0BD00026AF
:10681800072718785C1C74283DD00BD802282CD088
:1068280002D8012812D0F8BD031F6F2BFBD8FFF741
:1068380063FA19E0752838D003007C33DBB26F2B7C
:10684800F1D87F231840FFF79DFA0DE09C1C5B7878
:106858001A002032D2B2072A0DD83B409840C0B265
:1068680000F0F6F900F034FA3500013DEDB2FF2DE5
:106878001ED12300CDE71800D9E758789C1C0300E7
:106888002033DBB2072BDED8012338408340D8B24F
:1068980000F0E6F9E6E75D789C1C013DEDB2FF2DBE
:1068A800E2D00A2001F011FCF7E75E789C1CDBE7D8
:1068B8000A2001F00AFCD8E7704710B5FFF7FCFF83
:1068C80010BD000010B5FFF7F8FF024B1860FFF786
:1068D800C1FC10BD18100020704710B5FFF7F2FF7B
:1068E80010BD000010B5034B1B681843FFF7EAFF03
:1068F80010BDC0461810002010B5034B1B68184087
:10690800FFF7E0FF10BDC0461810002010B5034B7C
:106918001B685840FFF7D6FF10BDC046181000206E
:10692800704710B5FFF7FCFF10BD000010B5FFF76A
:10693800F8FF024B1860FFF78DFC10BD1C100020FB
:1069480010B50020FFF7F2FF10BD0000064A030053
:106958001068002803D158425841C0B27047D84047
:1069680001231840FAE7C0461C1000200123834089
:1069780010B51800FFF7DAFF10BD000001238340AF
:1069880010B5034A10681843FFF7D0FF10BDC04682
:106998001C1000200123834010B5034A1068984357
:1069A800FFF7C4FF10BDC0461C1000200123834020
:1069B80010B5034A10685840FFF7B8FF10BDC0462D
:1069C8001C10002010B5034B1B681843FFF7AEFFDF
:1069D80010BDC0461C10002010B5034B1B681840A2
:1069E800FFF7A4FF10BDC0461C10002010B5034BD4
:1069F8001B685840FFF79AFF10BDC0461C100020C6
:106A08007047000073B501AC021C0304208003200A
:106A180001251B0E584307232E008018C2B21840C8
:106A2800D3080522864000205A43084BF6B29A182C
:106A38000B00C34014782B405B42634033406340F3
:106A48000130137001320528F2D173BD20100020E7
:106A580037B501A9021C0304088003201B0E584304
:106A68000721801800220524C3B201400125100027
:106A7800DB085C43054B1C19A35CCB402B409340BF
:106A880001321843C0B2052AF6D13EBD20100020BD
:106A9800F7B51F2401270D4B01AE1A680C4B308047
:106AA8001B681A430092009BE5B2E3403B4204D1C5
:106AB800013CF8D200252800FEBD28003168FCF70B
:106AC8009DFD80B20128F3D0F5E7C0461C100020D8
:106AD8001810002007B501AB18800198FFF7D8FF00
:106AE8000199FCF78BFD0EBD37B50F4B01AD1B7837
:106AF8002980002B03D00198FFF7ECFF3EBD00284A
:106B08000CD02868FFF7C4FF040001002868FFF7CD
:106B180079FF20000199FCF771FDEFE72868FFF77E
:106B280097FF0400F5E7C046CD0F002010B5034BD2
:106B38000100186800F062FA10BDC046B40C0020CD
:106B480010B5034B0100186800F06CFA10BDC04680
:106B5800B40C002010B5024B186800F077FA10BD8D
:106B6800B40C00200020024B1856C010C0B2704769
:106B78004B100020024B1878072318407047C04676
:106B88004B100020034B187807231840431E9841E8
:106B9800C0B270474B100020084A10B55378590707
:106BA800C90F814209D001210840033180008B437D
:106BB80018435070108800F025F910BDF412002019
:106BC800044B10B5587801234007C00F5840FFF711
:106BD800E3FF10BDF412002010B50120FFF7DCFF21
:106BE80010BD10B50020FFF7D7FF10BD014B187876
:106BF8007047C0464D100020024B1A781043187099
:106C08007047C0464D100020024A13788343137022
:106C18007047C0464D1000200022014B1A70704783
:106C28004D100020024B1A78104318707047C04668
:106C38004E100020024A1378834313707047C046F1
:106C48004E1000200022014B1A7070474E10002091
:106C5800024B1A78104318707047C0464A1000203B
:106C6800024A1378834313707047C0464A100020C5
:106C78000022014B1A7070474A100020014B187807
:106C88007047C0464C100020704710B5FFF7FCFF56
:106C980010BD0000064B10B55B785B0706D4054BAA
:106CA8001A78824202D01870FFF7EFFF10BDC04675
:106CB800F41200204C10002010B5044B1A78002A5A
:106CC80003D000201870FFF7E0FF10BD4C10002023
:106CD80010B50D4B0D4A1B7812780D4C13430D4A15
:106CE8002068127813430C4A03701278002A07D0E0
:106CF8001343037000F0FEF8002801D0FFF7DCFF13
:106D08002068FEF7DDFE10BD4D1000204E1000205B
:106D1800B40C00204A1000204C100020704710B519
:106D2800FFF7FCFF10BD00000A4A0B00527810B5AF
:106D380052070CD4084CC10019432170FFF71EFEFE
:106D480000202056C010C0B2FFF7E9FF10BDFFF7C2
:106D580015FEFBE7F41200204B100020002010B5B0
:106D6800024B1870FFF7DBFF10BDC0464B10002028
:106D7800002310B50A4AD3561900814348B210704F
:106D8800420702D1DBB2834203D1064B5B785B0733
:106D980005D5C010C0B2FFF7FDFDFFF7DFFF10BD3E
:106DA8004B100020F41200200020704710B5FDF7AA
:106DB80045F900200149FDF7CAF910BDFFFF0000A1
:106DC80010B50020FDF7A6F9024BC0184342584100
:106DD800C0B210BD1601FFFF10B50220FDF78AF9F9
:106DE80010BD10B50320FDF785F910BD10B50420BE
:106DF800FDF780F904002220FDF77CF9000220430A
:106E080080B210BD10B50400C1B20420FDF77CF9B2
:106E18002220210AFDF778F910BD10B501000F20D6
:106E2800FDF7B8F910BD10B501001320FDF7B2F950
:106E380010BD10B50020FFF7F6FF10BD10B50020FB
:106E4800FFF7EBFFFFF7F5FF10BD000010B50024BA
:106E5800FDF7F4F800202049FDF779F90021022018
:106E6800FDF752F900210320FDF74EF91B4B2100D5
:106E780004201C60FDF748F921002220FDF744F9A1
:106E880021000520FDF740F921000620FDF73CF917
:106E9800FF210720FDF738F921000820FDF77AF9CE
:106EA80021000D20FDF730F921001820FDF772F9B7
:106EB80021001720FDF728F921001C20FDF76AF9A9
:106EC80021002020FDF743F921001820FDF762F981
:106ED800FFF7B4FF10BDC046EAFE000018100020FE
:106EE80010B5FFF7B3FF10BD10B501000E20FDF778
:106EF8000BF910BD0C4A030011780622002904D0B2
:106F08000A4909787F2900D9183200200233013A4A
:106F1800D2B2FF2A00D170471978002901D0013078
:106F2800C0B20133F3E7C046100E0020F41200206F
:106F3800030010B5081E15D0114A1278002A12D085
:106F4800104A12787F2A0ED90020CC08EF2909D8D8
:106F580007221140063A8A401B1998781040431EB0
:106F68009841C0B210BD9A1C08331078884204D0EA
:106F780001329A42F9D10020F4E70120F2E7C04635
:106F8800100E0020F412002001220023F0B5524216
:106F9800851CEC5C5EB28C420BD0571C02D1002CD5
:106FA80000D132000133062BF3D1531C01D08018D5
:106FB8008170F0BD002210B5831C08301C788C420B
:106FC80000D11A7001338342F8D110BDCB08EF29E4
:106FD80007D8C01807231940063B8B408278134313
:106FE80083707047CB08EF2907D8C0180723012200
:106FF80019408A40837893438370704710B5074BD4
:107008001B78002B06D0064B1B787F2B02D9FFF785
:10701800DDFF10BDFFF7B8FFFBE7C046100E0020EC
:10702800F412002010B5074B1B78002B06D0064B36
:107038001B787F2B02D9FFF7D5FF10BDFFF7BAFFEA
:10704800FBE7C046100E0020F412002010B5074BD5
:1070580002301B78002B04D0054B1E221B787F2B97
:1070680000D806220021F9F771FC10BD100E00208F
:10707800F412002010B50020FCF7AEFAFBF744F933
:10708800AA2001F022F810BD7047704710B5FFF72D
:10709800FBFF0024FCF70CFDFFF7F7FF2000FCF7CF
:1070A800A5FC002804D10134E4B2042CF6D110BDAB
:1070B8000120FCE710B5FFF7AFFDFFF7C3FDFFF7B1
:1070C80049FDFCF79DFF0020FEF720FD0020FEF79C
:1070D8002FFDFEF7EBFCFCF77FFAFBF71AF910BD62
:1070E80010B572B601F0F7F862B6014B186010BD22
:1070F8005010002010B5FFF7F3FF10BD10B572B6A1
:1071080001F0E9F862B6FA22084B92001B680021E8
:10711800C01A0023F9F762FA0023054A801859417A
:107128000023044AF9F73AFA10BDC046501000206F
:107138000F2700001027000010B5FFF7DFFF80B20F
:1071480010BD10B50400FFF7D9FF001B80B210BDB9
:10715800054B064A1A60BFF34F8F054B054ADA60A4
:10716800BFF34F8FC046FDE7FC3F0020EFBEADDE0A
:1071780000ED00E00400FA050A4B0B4A043B1968CD
:1071880010B591420CD100221A6082F31488074B83
:107198001B6883F3088862B6054B1B689847FEE7AF
:1071A80010BDC04600400020EFBEADDE00C8FF1F86
:1071B80004C8FF1F00207047014B18607047C04685
:1071C800B80C002002000F2030B507490C78631C6A
:1071D80003400648057800209D4203D004480B7000
:1071E8000255012030BDC046361B0020371B002049
:1071F800261B00207047000010B572B6024800F048
:1072080073FC62B610BDC046900D002070B50D002D
:1072180019002D0200232800064C10436360231D2B
:107228001A0000F015FB20606068002800D02000DC
:1072380070BDC046741100207A30084A017813786E
:10724800022907D102318B43012B02D15278044B1A
:107258001A707047024A1370FBE7C046CA11002033
:10726800A811002070B50400080005292AD8F9F7EC
:107278000BF82D29032D2A3272B6012120001A4A53
:1072880001F0C2FA04212000184A01F0BDFA184D95
:1072980020002B00B4331978164A01F0B5FA2B00F8
:1072A800B53319782000144AB63501F0ADFA2978BB
:1072B800002903D02000114A01F0A6FA104800F076
:1072C800DDFB62B670BD0420FFF77CFF72B60C4888
:1072D80000F0B1FBF5E772B6094800F0C4FB62B6EE
:1072E8000520FFF76FFFEDE7D4A50008F8A5000813
:1072F800BC0C0020000D0020240D0020480D0020AB
:10730800900D002070B5084C0500E3680E00002BB6
:1073180002D0200000F050FD330029002000034A6D
:1073280000F0F6FC70BDC0469411002039730008C7
:1073380070B5040072B60378042B01D062B670BD34
:10734800134B1B78DB09F9D1124D2B78002BF5D0A4
:10735800114B1B78002BF1D003899B0704D4082319
:1073680001210E4A01F0A7FA002328780C4A0021CF
:10737800F9F734F900230B4A80185941FA220023FF
:107388009200F9F70BF921008000FFF7BBFFD5E762
:10739800F412002090110020100E0020A9110020E6
:1073A80010270000E7030000020070B5743211785E
:1073B80004000B007F200340212B00D07AE023003B
:1073C80049B27533002925DA187802281CD0032819
:1073D80010D0012800D06DE003331B78002B05D1B5
:1073E800484AA2662022E266236770BD0023A3668E
:1073F800E366F9E7230078331B88002B5AD1012074
:10740800414AE066A266EFE70120404BE066A366CA
:107418000023E9E71B780A2B42D00B2B0ED0092B4F
:1074280048D12300022178331B788B4342D1384B53
:10743800E166A366374B01202367D6E7230078333C
:107448001B88002B28D1230076331978324D0A0087
:10745800531E9A41D3B22C4A13702A78DB0102409A
:1074680013432B70002917D1284B1A78002A13D000
:1074780072B62A4A18780023F9F7B0F80023284A88
:1074880080185941FA2200239200F9F787F8210061
:107498008000FFF737FF62B60023A366E366CAE7FA
:1074A80023001D4977331A780978184BC9091A70CF
:1074B800F2D1DBE71B4B12889A421AD123007933A9
:1074C8001A78013B1B7812022100134322006068DE
:1074D800763277314568127820000978A847002865
:1074E80001D1002081E74368A3660368E3660023AF
:1074F800A1E70D4BB6331B78002BF2D0200000F02B
:10750800D3FA72E7A9110020100E00209011002074
:10751800CA11002041720008F41200201027000050
:10752800E703000081060000BC0C00207047000043
:10753800102210B500210448F9F708FA0023034A7D
:107548001370034A137010BD261B0020361B002041
:10755800371B0020F8B50F24012500200A4B0B4AE1
:107568001E780B4F13789E4203D1002800D0167066
:10757800F8BD1900795C0133280023400529F2D1B0
:107588001370FFF797FDE8E7361B0020371B002034
:10759800261B002070B50500134B144A14499A6540
:1075A8001A1D144E144CD167144AA03331001A60C6
:1075B800200000F001FA2000114C310000F024FAFC
:1075C800A36D104A10481340A36500F07EFD280003
:1075D8000E4901F0DEF88023A26D1B02134300223E
:1075E800A3650B4BDA6070BDBC0C0020C40C0020F6
:1075F800D80C00206C0D0020900D0020EC0C002011
:10760800005C0040FF7FFFFF983A00001CA60008BE
:107618009411002070B50500084C01F0CDF8A36D59
:10762800074A28001340A365064901F0B2F88023F1
:10763800A26D1B021343A36570BDC046005C0040E9
:10764800FF7FFFFF1CA60008014B18787047C04653
:10765800A811002070B5050072B61C4C2378042BC5
:1076680020D11B4A238912787F2A1DD9194A1278FA
:10767800002A19D0DB060BD420232A00042120007D
:1076880001F019F9202229001348F9F70BF909E04C
:107698000121E369494258690C3000F01FFD237845
:1076A800042BE9D062B670BD9B0703D408232A00D7
:1076B8000121E4E701212369494258690C3000F0AF
:1076C8000DFD2378042BEDD1F0E7C046B81C00204F
:1076D800F4120020100E0020A911002070B505003A
:1076E80072B60C4C2378042B01D062B670BD238986
:1076F800DB0607D5E369642158690C3000F0EEFC1D
:10770800431CF2D006232A000421200001F0D3F8FC
:10771800EBE7C046B81C002037B5040072B608482D
:107728000178042901D062B637BD6D46032301AA4A
:107738006C71240A1370AC7101F0BDF8F3E7C04610
:10774800B81C0020030013B572B608480178042954
:1077580001D062B613BD6C4663711B0A01AAA371FE
:107768000323117001F0A7F8F3E7C046B81C002006
:1077780003000A0010B5202904D1034801684C68A9
:107788001900A04710BDC046900D002010B508484C
:1077980088B0036820221C6A69460023A047002895
:1077A80003D0C1B26846FDF7C4FD08B010BDC0469D
:1077B800900D002010B5FFF7DFFC10BD704710B525
:1077C800FFF7F8FF02F092FBFFF7F8FF10BD10B5C6
:1077D80002F0D2FBFBF78AFD10BD000010B500F0E7
:1077E80053FD00F05DFAFEF7CDF9FFF7A1FE164C48
:1077F8002000FFF7CFFEFA20400000F066FCFEF7FD
:10780800DDF91248FEF74CF9FFF7A4FE2378052BA3
:1078180012D0FEF7DFF9FFF7B9FFFEF7C9F9F3E772
:10782800FFF728FCFFF732FC002805D0200001F004
:1078380055F82000FFF7EEFE2378052BF0D0FFF770
:1078480047FAFCF7F3FAE4E7B81C0020140E00200E
:1078580010B5040AE3B2032C10D0032B07D8012B70
:1078680023D0022B07D15B20114B136010BD212BB5
:107878000DD0222B12D000200300F6E7C0B2022858
:10788800F9D80C4B8100CB580B49405CEDE7022935
:10789800F1D80A4B89000920CB58E6E70229EAD833
:1078A800074B8800C3580748EFE71220064BDCE770
:1078B80057A600082CA6000838A600083CA6000811
:1078C80048A6000854A60008B2A6000813B5446BE1
:1078D800E36F1A681178042915D1217A022912D187
:1078E800197901238B4012891A420CD1200001A971
:1078F800443000F0DFFD021E05D0E06F019B0179E6
:10790800006800F0D8FF13BD10B50C3000F06FFD13
:1079180010BD012310B50C305B4200F068FD10BDAE
:1079280010B5443000F031FE10BD012310B54430CD
:107938005B4200F02AFE10BD10B50C3000F03FFD90
:1079480010BD012110B50C30494200F038FD10BDC2
:1079580010B5443000F0FBFD10BD012210B54430D5
:10796800524200F0F4FD10BDC36F70B51A680400F0
:107978001178042901D0012070BD017A0229FAD1B9
:107988001979012352898B4015001D401A42F2D102
:107998000C3000F0C9FC021EEDD0E06FA36A4179FB
:1079A800043B006800F074FF2800E5E710B5406B61
:1079B800FFF7DAFF10BD00007FB5030004000126C1
:1079C8000E4A0D0004C343600D4B067202940193E6
:1079D800CB680C3000934B690A6A310000F07FFCD9
:1079E8002000084B31000193AB68EA6900934430EA
:1079F8002B69029400F038FD7FBDC04618A8000826
:107A0800B5790008D57800080A6872B60B79093389
:107A18009B00D31858604B7911339B0098508B7991
:107A2800002B03D009339B00D31858600223C16789
:107A3800037262B6704770B5040002210430022553
:107A480000F0E4FB012620006D42290026750C3069
:107A580000F07DFB230020004C3329001E704430C9
:107A680000F075FB70BD10B501210400043000F072
:107A7800CDFB002323754C34237010BD70B5040072
:107A88000C3000F044FC002520002575443000F03F
:107A980003FD23004C331D700121201D00F0B6FBAF
:107AA8002000FFF761FF70BD020060217432127878
:107AB80003000A400020202A06D11A0075321278E5
:107AC800212A02D81F2A05D87047222AFCD1986695
:107AD800D86603E0034A9A660722DA661867012027
:107AE800F2E7C046280E0020C36F73B51A68040079
:107AF800117804292BD1017A022928D11979012377
:107B080012898B4016001E401A4220D105004435C8
:107B1800280000F079FD002819D0280001A900F0FC
:107B2800C9FCE36F05001A7E002A09D001981A697A
:107B38003100121A2818F8F709FFE36F1B6901933F
:107B4800E06F2A000179019B006800F0B4FE73BD64
:107B58000B00F0B509339B00C3185E6804000D00E4
:107B680085B0002E2CD072B60821301D00F04EFBD7
:107B78003300AF004433E7190193FB685B691B6866
:107B8800002B02D0019800F0A1FC019803A900F095
:107B980091FC039B021E0ED1FB685A691268002AE9
:107BA8000DD01B8A013B1A4209D1F36F1B7E002BB3
:107BB80005D1220074322900200000F07CFE62B654
:107BC80005B0F0BD1131890010B50C58002C15D046
:107BD80072B60421201D00F019FB2000E36F0C3061
:107BE8001A685B7902339B00D3185B689B695968F4
:107BF80000F0A4FB2000FFF7B7FE62B610BD704787
:107C0800024B034A1A60034A5A607047381B002027
:107C1800481D00200040002030B5094C4B1E256847
:107C2800AA18D3184A421A4063681018834204D32A
:107C3800854202D82060100030BD0022FBE7C04614
:107C4800381B002010B572B6FFF7E6FF62B610BD0C
:107C580070477047FEE70000F0B5082400250E4A7B
:107C68005368166819009068884210D8DE1E0021F3
:107C7800B04203D30330C11A890889005B18D16860
:107C8800994207D8013C1032002CE9D1F0BD80CED2
:107C980080C1E9E720C3F3E740A80008FEE7000039
:107CA80010B500F0FBF800F025F8FFF7A9FF8022D7
:107CB8000749084800F0CEF9074B186101230374FF
:107CC80000F0C0FA62B6054800F0E4F910BDC046FD
:107CD800C0A80008201C0020F81B0020CCA8000821
:107CE80072B6014B5862FEE7F81B002010B500F091
:107CF8009BF810BD044B054A5A619A610122524211
:107D0800DA6100221A627047F81B00200C1C002060
:107D1800F7B50361C2600C00050000F0DCFA022C24
:107D280000D20224224E234A7369934209D1306259
:107D38007561B56120182B606B60AC6000F0BAFA11
:107D4800F7BD376AC21BA418944226D200218C467C
:107D5800996801918A421AD8B918316215498B423B
:107D680002D001998A1A9A60381A241873699A6895
:107D7800A24219D35A682B606A6015605D60AC60D6
:107D88009A68141B9C6001235B42F361D8E7019950
:107D9800521A614699601B68DAE79B689C42E5D2F3
:107DA800381900F094FAE1E71B68A41ADFE7C04627
:107DB800F81B00200C1C002070B5194D03686A6977
:107DC800184982420CD04268136003685A60002246
:107DD800C2608B4203D0826899688A189A6070BD25
:107DE80000206B615960D0608B4202D100F06AFAC2
:107DF800F5E7996892682C6A8A189A6000F06BFA1D
:107E08006B69021B9B689342E9D9E418201A012880
:107E180000D8931C286A181800F059FADFE7C04602
:107E2800F81B00200C1C0020F7B51A4D6C6900F0F7
:107E380052FA2B6AA268184FC61AB24219D8A26819
:107E48002B6AB61A9B18E2682B62019200222368FB
:107E58005F606B61E260BB4201D100F033FA62B649
:107E68002069019B984772B66C69A368B342E6D94A
:107E7800DDE76A69BA420BD0916828625B181B1A61
:107E88009360A368022B00D20223181800F01FFA8F
:107E9800F7BDC046F81B00200C1C00200022024B36
:107EA8001B605B609A607047F81B00200B001B6822
:107EB800994204D09A68944682689445F7D25A68E1
:107EC800036042601060586070474B68016043600F
:107ED8001860486070470300006802681A605360C1
:107EE80070474268036813605A60704700238268CD
:107EF8000374054B1B6899689142FBD25A6803606A
:107F08004260106058607047F81B002010B50400EC
:107F180072B6007C052807D8F8F7B6F90C060603F0
:107F2800120E002263691A6001235B42200063611C
:107F3800FFF7DCFF62B610BD626993680133936096
:107F48002000FFF7CEFFEFE7002382680374054B9C
:107F58001B6899689142FBD85A68036042601060B8
:107F680058607047F81B0020064B10B51969087453
:107F78001868026853601A60186101230374F8F7DF
:107F880057F910BDF81B002030B504000C4D87B020
:107F98004B1C11D02B690B4A01A8FFF7B9FE200032
:107FA800FFF7E2FF049B002B02D001A8FFF704FFB4
:107FB8002B69586907B030BDFFF7D6FFF8E7C04610
:107FC800F81B0020157F000870B504000A4DA3684F
:107FD800286961618268934203D82000FFF786FF11
:107FE80070BDFFF7B1FF012301002C61200023744D
:107FF800F8F71EF9F4E7C046F81B0020044B1A698D
:10800800196890688B689842804140427047C04622
:10801800F81B002010B5084C236820691A685460C2
:108028002260012223611A74FFF78EFF0100206984
:10803800F8F7FEF810BDC046F81B002010B5FFF792
:10804800DDFF002801D0FFF7E5FF10BD10B5FFF7F1
:10805800E1FF10BD02230382002382600262C36134
:1080680083617047836802001800116928384C3B07
:10807800C36019615169D2685961054919620223BF
:1080880003740023826043740262C3618361704792
:108098005902000810B572B6FFF7E4FF002104008A
:1080A800FFF792FF62B6200010BD000010B5034B29
:1080B8001B6958610F20FFF757FF10BDF81B002000
:1080C80010B572B6FFF7F2FF10BD10B5010072B619
:1080D8000820FFF759FF62B610BD0000064B10B527
:1080E8001B69002905D0036058610320FFF74CFF86
:1080F80010BD01204042FBE7F81B00200300006888
:1081080010B5002804D000221A604161FFF7EEFE86
:1081180010BD000010B50C1E09D0064B01001869EF
:10812800FFF7D3FE21000420FFF72EFF10BD01202A
:108138004042FBE7F81B0020036810B50C0098428A
:1081480004D0FFF7C8FE4461FFF7D0FE10BD70B53C
:1081580004000D0023689C4200D170BD2000FFF789
:10816800BAFE4561FFF7C2FEF4E7002300604060F5
:108178008360704770B5164B846805001E69002C33
:1081880012D1F3698660C360F0611FE0A360237CAD
:10819800002B0ED0062B11D12000FFF7A2FE61693B
:1081A800FFF784FE63699C68B368A2689A42EDD3BE
:1081B80004E02000FFF795FEFFF798FE3000290045
:1081C800FFF774FE06207561FFF7CEFE70BDC0464E
:1081D800F81B002010B572B6FFF7CCFF62B610BDD1
:1081E80010B583691943037C81610A2B03D1436964
:1081F8000B4206D110BD0B2BFCD1436919408B42B1
:10820800F8D100234361FFF771FEF3E770B506006C
:108218000D000468B44200D170BDE3682B43E360ED
:10822800002D02D023692B4203D0A1686068FFF7B4
:10823800D7FF2468EEE7EFF30983203383F3098837
:1082480062B67047024A0349136A0B4013627047CB
:1082580000ED00E0FFFF00FF10B50F300FD072B641
:10826800EFF30984203C84F3098880235B04E361ED
:10827800FFF7C4FE024B002800D1024BA36110BDDA
:10828800670200086A02000810B500F011FE00F04D
:1082980039FF00F0DAF900F0F7F900F024FA00F0FD
:1082A80065FAFFF794FA00F001F810BD10B501F077
:1082B80047FA10BD80230022DB0558631A61023299
:1082C800DA60704780230022DB05DA60704780237C
:1082D800DB05586370478023DB05586A704730B563
:1082E800039D01722C00002104335C43C361049B8D
:1082F80014190363059B056200604060C160426118
:108308000261846142628162C162436330BD0023BD
:10831800022110B5426AC360426102618362C3628E
:108328004942FFF714FF10BD03694269934203D124
:10833800C2680020824200D1181D7047036910B539
:108348001960C2680132C260C2699B188269036100
:10835800934201D3436A03610021FFF7EDFE10BD8C
:1083680070B504000D00E368002B07D06269002097
:10837800131D1268A3629B18E36208E0237A002B9E
:1083880006D129002000FFF7C5FE0028EBDA70BDF2
:1083980002204042FBE7C368C269013BC3604369EE
:1083A80010B59B1882694361934201D3436A4361C4
:1083B80000238362036B002B00D0984710BD70B573
:1083C800040072B6836A002B06D1FFF7C9FF051EA9
:1083D80002D062B6280070BDA36AE26A1D78013334
:1083E800A3629342F5D32000FFF7D5FFF1E7F7B575
:1083F80004000D000092019372B60026A36A002BB8
:1084080008D120000199FFF7ABFF002802D062B61F
:108418003000FEBDA16AE36A009A5B1A971B9F426F
:1084280000D91F00402F15D928004022F8F73AFA42
:10843800A36A40354033A3624036A36AE26A934296
:1084480002D32000FFF7A7FF62B6009B9E42DFD24F
:1084580072B6D3E728003A00F8F724FAA36AED19B0
:10846800DB19A362F619E8E710B5029C0172210036
:1084780004335943C36100238362C362039B5118C9
:108488000363049B00604060C460426102618161D3
:1084980004624262436310BD036A0221C360436AF7
:1084A80010B543610361002349428362C362FFF749
:1084B8004EFE10BD436902699A4203D1C26800208A
:1084C800824202D1180008C80B607047C368C269AD
:1084D8000133C360436910B59B18826943619342B5
:1084E80001D3436A43610021FFF726FE10BD70B532
:1084F80004000D00E368002B07D0236900201A1D33
:10850800A262E2699B18E36208E0237A002B06D195
:1085180029002000FFF7FEFD0028EBDA70BD0220DD
:108528004042FBE7036910B51960C268013AC260AE
:10853800C2699B1882690361934201D3436A03614C
:1085480000238362036B002B00D0984710BD70B5E1
:108558000D000400110072B6836A002B05D1FFF7E5
:10856800C6FF002801D062B670BDA36A1D70A36A59
:10857800E26A0133A362934204D3E3692000191F1E
:10858800FFF7D0FF62B60020EEE7F7B504000D0054
:108598000092019372B60026A36A002B08D120002E
:1085A8000199FFF7A4FF002802D062B63000FEBD93
:1085B800A06AE36A009A1B1A971B9F4200D91F0002
:1085C800402F17D929004022F8F76CF9A36A4035E3
:1085D8004033A3624036A36AE26A934204D3E36954
:1085E8002000191FFFF79EFF62B6009B9E42DDD256
:1085F80072B6D1E729003A00F8F754F9A36AED19E1
:10860800DB19A362F619E6E703000269596900203D
:1086180010B58A4218D1D968814215D0996A814229
:1086280012D004398C1A91420ED01460D9680139DD
:10863800D960D969521899691A618A4201D35A6A6C
:108648001A61002201209A6210BD10B501F0B4F839
:1086580010BD0123037000234360704710B5040068
:1086680072B6416001F0B4F80223237062B610BDFF
:10867800032310B5037001F0DFF810BD10B572B612
:10868800FFF7F6FF62B610BD10B500F099FE10BDF9
:10869800012310B50370002343600C30FFF765FD1C
:1086A80010BD10B5040072B6416000F099FE0223B7
:1086B800237062B610BD1FB5040072B60020A0601A
:1086C800033020700898029007980190069800904F
:1086D800200000F0DDFE0223421C00D1033323708A
:1086E80062B604B010BD10B500F090FF10BD0123B4
:1086F80010B503700023436083600C30FFF735FD2D
:1087080010BD10B5040072B6416000F097FF022357
:10871800237062B610BD72B64368D9689A6801239F
:108728008B409BB2538362B6704710B572B6032371
:10873800037000F0EBFF62B610BD10B50C30FFF708
:1087480049FD10BD0200030010B50400763212780E
:108758007E331A7001F00AFA63681B68002B02D096
:108768000121200098470323237010BD10B501F0A4
:10877800D9F910BD012302000100037000232C3237
:10878800436048311360D36104328A42FAD183606E
:10879800704710B5040072B600234160C3600361DE
:1087A80043618361C36103624362836201F07CFABF
:1087B8000223237062B610BD70B5040072B601F0D2
:1087C800B9F90023250002266360013323700C35B4
:1087D8002C3476422B68002B0ED05869002803D021
:1087E80031000C30FFF78AFC2B689869002803D009
:1087F80031000C30FFF782FC002308C5A542E9D1FF
:10880800FFF71CFC62B670BD8B1C9B0070B5C318CB
:10881800050050690E0014005A60002803D0142285
:108828000021F8F793F8A069002803D0142200214A
:10883800F8F78CF83100280001F0A2F970BD0000AB
:10884800F8B5050007000226040082680F4B1035B2
:10885800134083602C3776422B68002B0ED0586962
:10886800002803D031000C30FFF748FC2B689869CA
:10887800002803D031000C30FFF740FC002308C566
:10888800BD42E9D1200001F031FAF8BD0100010034
:1088980070B501258D4044892C4344818C1CA4006B
:1088A80004196468A46923600023A2606360E3601C
:1088B80001F06EFA70BD70B501258D4004892C4316
:1088C80004818C1CA4000419646864692360002373
:1088D800A2606360E36001F081FA70BD037870B54F
:1088E800052B0AD11025054C1420236C2B43236437
:1088F800FFF7EBFB236CAB43236470BD005C0040C7
:108908000223F7B503700023C367836003000500E3
:10891800022704002C330C3501937F422B68002B6F
:1089280011D072B62B685869002803D039000C3072
:10893800FFF7E4FB2B689869002803D039000C3056
:10894800FFF7DCFB62B60026019B40C59D42E5D1DE
:10895800230064331E70200001F088F963681B68E7
:10896800B34202D0310020009847F7BD03000278D7
:10897800803370B51A7005230370436804001B68C0
:10898800002B01D004219847250000230226A3606C
:108998000C352C3476422B68002B11D072B62B681C
:1089A8005869002803D031000C30FFF7A7FB2B686B
:1089B8009869002803D031000C30FFF79FFB62B69E
:1089C8000435A542E7D170BD030010B580331B788C
:1089D800037043681B68002B01D00521984710BD20
:1089E800F7B50600643633780400002B01D0002365
:1089F8003370270074373A002000019701F0B2F96C
:108A080063689B68002B18D1019B1A7860231500B6
:108A18001D401A4233D00021200001F017FA00212E
:108A2800200001F0FFF963681B68002B02D00621C3
:108A38002000984706233370F7BD20009847002888
:108A4800E2D023007B331A78013B1B7812021343D0
:108A5800E26E9A4200D9E366019BE16E1B787F2B98
:108A680000D808E1002900D1FBE00923337072B671
:108A78000021E36EA26E2000FFF71DFFF9E023003E
:108A88007F2175331B780A401B021343814A9342A6
:108A980000D1CEE026D880225200934259D00DD87A
:108AA800012B50D0022B00D194E0002BB3D122002F
:108AB8007C32A2660222E2662367C2E78122520064
:108AC800934200D19DE0FF32FF329342A3D12300AD
:108AD80076331B78012B9ED122007C32118801331A
:108AE8000B4341E080221201934246D023D8A022B2
:108AF800D20093423DD0684A9B18012B00D98AE7DF
:108B08002300220079331B78783212781B02210067
:108B18001343220060687632406877310700127884
:108B280020000978B847002800D174E74368A36695
:108B38000368E3661BE090221201934222D0574A51
:108B4800934200D067E7564BA3660223E3660023EF
:108B5800B2E7230076331B78012B00D05BE72200B5
:108B680002217C3213888B431380A566E56625674E
:108B780067E74C4BA566E5669EE723007F33A3664F
:108B88000123D6E72378042B0FD172B62000FFF714
:108B980057FE62B6230003217F331D70636821707E
:108BA8001B68002B01D020009847230076331B78E0
:108BB800002B0BD022007F321370042323706368CC
:108BC8001B68002B02D00221200098470023A366CF
:108BD800E36671E723000F2178331B7820001940E2
:108BE8005BB2002B0ADA01F0ABF8012804D00228A6
:108BF80000D010E72C4BA7E72C4BA5E701F08AF82B
:108C0800F3E7230076331B78002B00D003E723001B
:108C180078331B780F22190011401342D6D05BB26B
:108C28002000002B02DA01F039F9CFE701F020F932
:108C3800CCE7230076331B78002B00D0EBE623002B
:108C480078331B780F22190011401342BED05BB253
:108C58002000002B02DA01F0F9F8B7E701F0E2F89A
:108C6800B4E71423337072B60B000A002000FFF734
:108C78000FFE62B6E0E6002906D01523337072B6FF
:108C88000021E36EA26EF1E70B23337072B60B007E
:108C98000A00F0E60203000000FAFFFF020C0000E1
:108CA800E8A800084D870008E4A80008E6A800081E
:108CB80070B5050064350400287800283BD00638D4
:108CC800C3B20F2B2FD80F282DD8F7F7DDFA342C85
:108CD8002C08222D2C2C2C2C2C2C2C2C343423001E
:108CE8007B331A78013B1B78E06E120213439842DB
:108CF8000FD2E368198AF7F761FB002909D172B628
:108D08000B000A002000FFF7D6FD62B60A232B707D
:108D180009E014232B7072B6002320001A001900F2
:108D2800FFF7B6FD62B670BD236F002B01D020009F
:108D380098470023EBE70021200001F087F8002185
:108D4800200001F06FF863681B68002B02D0062131
:108D5800200098470623DAE770B5050064352B78BC
:108D68000400142B26D019D8062B06D002D8002BC5
:108D780003D070BD093B022BFBD80021200001F075
:108D880065F80021200001F04DF863681B68002B8E
:108D980002D0062120009847062315E0152BE8D1BC
:108DA8000A3B2B7072B600231A001900FFF783FDE7
:108DB80062B6DEE7C3689B695B68002BD9D1036F95
:108DC800002B00D0984700232B70D2E70322F0B580
:108DD800FF26C0250240D2009640890191400A4FE3
:108DE80083089B00DB19AD005C591F22B4430C4378
:108DF8005C51012302409340C02240098000C01901
:108E0800520083500360F0BD00E100E01F21012201
:108E180001408A404309094920339B0010B55A5044
:108E280083089B005B18032108408840C024FC315C
:108E38008140A4001A598A431A5110BD00E100E08C
:108E480010B503210520FFF7C1FF03210620FFF716
:108E5800BDFF03210720FFF7B9FF10BD10B5744609
:108E6800044800F027F9044800F024F92000FFF72F
:108E7800F3F910BDFCA800080CA9000810B5744649
:108E8800074800F017F9074800F014F9064800F001
:108E980011F9064800F00EF92000FFF7DDF910BDC2
:108EA8001CA900082CA900083CA900084CA9000826
:108EB800234B244A996A10B50A43FC219A629A6A9C
:108EC800C9030A409A629A6A1A6901220021524229
:108ED8001A611A6919611A69D8681B4A0243802005
:108EE800DA60DA68C0030240DA60DA688022D8699A
:108EF80052050243DA61DA69802214485200046894
:108F080022430260C0201A6A800002400138FF38FC
:108F1800824203D0802252021A6219628022196AA0
:108F28001202114207D18021186A8900014319628F
:108F3800196A0A431A6200F05DF8FFF781FF10BD55
:108F480000100240FFFF81FFFFFFBFFF00700040DD
:108F58000122264B19680A431A6002221968114235
:108F6800FCD003215A688A435A600C2259680800C9
:108F780010401142FAD1F9211A680A401A600122F8
:108F88005860596B0A435A630222596B1142FCD04C
:108F98000122596A0A435A620222596A1142FCD0D4
:108FA800A02100228903DA6259601A6380221968B5
:108FB80052040A431A608022920419681142FCD0B4
:108FC80011210B4A1160103910680842FCD00222A6
:108FD80059680A430C215A605A680A40082AFBD18A
:108FE8009969073A0A439A619B69704700100240E1
:108FF80000200240002301220848094910B50360F7
:1090080043604C6810312360D40001320351082AB0
:10901800F7D1044B093A5A6010BDC046E011002050
:10902800ECA8000800000240F7B500240191009266
:109038001900062835D81C4B01271C688740A44610
:10904800654600243D422CD105010130C000C250C4
:109058001818416060460121384318601348144EBF
:10906800426974190A4342614269009A002A0BD086
:109078005B68A2681A4203D1E07B0199FFF7A6FE5C
:10908800094B5A6817435F600F2071194B68497B79
:109098001A6882431A600E228A4070594260002280
:1090A8001A602000FEBDC046E011002000100240FA
:1090B800ECA8000810B50268447B11680E23E14053
:1090C800194043681B6819420CD0837B0800A040F4
:1090D80001335060044ADB009C58002C02D0D3189E
:1090E8005868A04710BDC046E011002010B574466E
:1090F8000348FFF7DFFF2000FFF7AEF810BDC046BA
:10910800ECA800087047F0B51300032501278BB0C1
:109118002B40059393083B400193D3082B400F261F
:10912800029353092B409C460023D2093240059CE8
:109138000792069708950996069A11422ED0072697
:10914800069F1E409F40079DB200039295404268CB
:10915800019EBA433243089E5F00BE403700F64383
:10916800426082680496029EBA4332436646826031
:10917800C268BA433243C260039E099AB240059E50
:10918800D243022E1DD1072B16D8066A32402A4335
:1091980002620268049D2A4022430260490821D0E5
:1091A800019AA40052000192029A0133920002929D
:1091B800624692009446BFE7466A32402A434262BA
:1091C800E7E70668049F3E4026430660072B04D85D
:1091D800066A32402A430262E0E7466A32402A437E
:1091E8004262DBE70BB0F0BD836A10B55B68002410
:1091F8005B68016BFF2B02D98024FF23640440685D
:109208001B0480684A6803430448024013438022D1
:109218002343D20013434B6010BDC046FFFF00FE3E
:10922800C36A30B55B6800245A68016BFF2A02D90B
:109238008024FF22640440684B68044D80682B40FA
:1092480003432343120413434B6030BDFFFF00FE6A
:10925800FC22F8B5584C9201256B7646AB69EB6158
:1092680013423AD00F25E26A50680168A9430160A9
:10927800507B11680E22170087404F60A16A4F6823
:109288003868A84338600868497B8A404260DA0534
:1092980003D50122A1680A43A2609A0503D50222D8
:1092A800A1680A43A2605A0503D50822A1680A43A7
:1092B800A260A268DB040AD520231343A36072B618
:1092C800022149423D48FEF719FF62B601E0002A33
:1092D800F5D13000FEF7C0FFF8BDFE221342F8D0EA
:1092E800DA0622D50F20E36A59680A6882430A60C1
:1092F800597B1A680E231F008F405760A26A57686F
:109308003968814339601168527B93404B6004236C
:10931800A2681343A36080236A68DB0113434622D3
:109328006B602B6893432B60C9E71A0609D523782D
:109338002000032B02D1FFF773FFCAE7FFF754FFA2
:10934800C7E75B06C5D5A36A21780F205A680329A9
:109358001DD1E36A5F68396881433960587B1968B1
:109368000E2383404B605368002B18D02000FFF772
:109378003BFFA36A5A68012311680B4313608023DB
:109388006A689B0113436B6004232370A1E711688B
:1093980081431160597B1A680E238B4053608023E8
:1093A8006A68DB01134340226B602B6893432B6090
:1093B80072B6002186E7C046441C0020601C0020CD
:1093C80010B5054C2000FFF763F90023034AE36159
:1093D8002263A362E36210BD441C002000540040D5
:1093E800012270B5056B04002B6893432B6003784A
:1093F80093422FD19A234362103B0362204B984239
:1094080028D180221F4B920319691F481143196103
:109418001969014019611969D96906200A43DA6195
:1094280003210022DB692300FFF7FEFD2300002251
:109438000321A0620520FFF7F7FD8023226A5B0164
:109448001A432262626AE0621343032117206362AF
:10945800FFF7BCFC2A00A36A24325B689A60E36ABF
:1094680004325B689A606268084B51680B432B6052
:1094780013682B6101232A6813432B6070BDC04613
:10948800441C002000100240FFFFDFFF90C00000D6
:10949800F7B50E0000210400056B816062B6C16A51
:1094A800406A4968FA270860CA604B60A36A226A62
:1094B8005B687F001A60089ADA60099A5A60FEF7BA
:1094C8000AFF019072B68022AB691202134207D0DC
:1094D800FEF701FF019BC01AB8423CD262B6F1E721
:1094E8006268236B9268120500D4760020005E60E3
:1094F800FFF796FEE36A20005A68012311681C30C2
:109508000B43136040232A680A9913432B60802376
:109518006A689B0113436B60FEF7E0FD431C19D199
:1095280080236A68DB0113436B600F25A36A5968BF
:109538000A68AA430A60597B1A680E231E008E40E7
:109548005660E26A54682168A94321601168527B19
:1095580093404B60FEBD01204042FBE710B50B076E
:1095680002D50248FEF7BCFB10BDC0465CA9000846
:1095780070B504000D000B0702D52348FEF7B0FBB9
:1095880062681378002B16D06B0704D55368002B3C
:1095980001D020009847AB070CD563685B68002BA7
:1095A80008D004222000227098472378042B01D188
:1095B800013B237070BD0F25636A58680168A94391
:1095C8000160587B19680E231E0086404E60216A90
:1095D8004E683068A84330600868497B8B40436018
:1095E8005368002B06D00422200022709847237865
:1095F800042B01D10223237072B620000021083009
:10960800FEF77CFD62B6D5E75CA9000810B5074CEB
:109618002000FFF76CF8064BE361002323626362C6
:10962800044BA362044BE36210BDC046781C0020C3
:10963800003800400A10000018100000037870B5C8
:109648000400012B1FD12B4B984214D10300022197
:10965800294A0320FFF7E8FC23000221274A206259
:109668000420FFF7E1FC8022254BD201D969606212
:109678000A43DA61DB69236A5A68E3690C33936049
:10968800626A526893601F4DE26AA36AE0262B4023
:109698001540F02261681201488AF6000240B24281
:1096A8001BD8A362E5620E782423A26AE56A002E1D
:1096B8001AD01A432B43A262E3624022E3691C6872
:1096C80094431C600C8A0421214319600E49084305
:1096D800586019680A431A6070BDA022D20013436B
:1096E8002A43A362E262DEE79A439D43A262E562EF
:1096F800E3E7C046781C00207995000865950008C6
:1097080000100240FFF0FFFF07100000036A10B5C9
:109718005C680A4BE360836A61602360436A5B6844
:10972800DA6080225960C16A0A431A6001222168FE
:109738001143216019680A431A6010BD20120020E5
:1097480001220E4B10B5D9690F201143D9610C497C
:10975800DB698B6813438B6080230A49DB059962B8
:1097680001214942D962002199615963D960596040
:109778005A6102311A60FFF729FB10BD0010024040
:1097880000580140BF1200008022D2051369D16839
:1097980010B50B40D9B2C94311619B0703D572B606
:1097A800FEF7A4FA62B610BD10B57446FFF7ECFFD9
:1097B8002000FEF751FD10BD10B50348034BC360F0
:1097C800FEF747FF10BDC046A81C0020000400405B
:1097D800037870B50400012B14D1144B984211D1B1
:1097E8000221134B1020DA690A43DA61DA691A692F
:1097F8000A431A611A698A431A611B69FFF7E6FA74
:109808000C4BA3606568A0682968F6F751FD002233
:10981800A968E36801381A605960FF2180B298622C
:109828001A61EA688A43DA6070BDC046A81C002045
:1098380000100240006CDC02C3680139D9620122C1
:1098480000215A615962196141684968002902D0AA
:10985800D9680A43DA6085221A6070470022FF211E
:10986800C3681A601A61DA688A43DA607047C268A6
:1098780010B51369D16804000B40D9B2C94311610E
:10988800DB070CD50378042B03D1023B0370FFF7E9
:10989800E5FF63685B68002B01D02000984710BD86
:1098A80010B574460348FFF7E2FF2000FEF7D4FC2A
:1098B80010BDC046A81C00200B4B30B51B6D0B4CCF
:1098C800C0001B19C018038889181B1994B244805A
:1098D8008C1A002A00DC30BD607825780002284305
:1098E8001880023A0233F3E7005C00400060004051
:1098F8007346F0B5804C87B0656C05936B0504D54D
:109908007E4B7F486364FEF7FBFF2B0508D50823D1
:10991800226C7B48134323647A4B6364FFF726F871
:10992800EB040BD5A36C1B0406D40822236C7448E3
:1099380093432364FFF748F8734B6364AB0507D57B
:109948006F484368DB68002B00D098476F4B63640F
:1099580080231B021D4204D10598FEF77DFC07B049
:10996800F0BD0F27644B2F40BD00ED182B68644EE7
:109978000293BB1C9B00F3185B680193029B1B06B8
:1099880026D52A686249019B0A4080215B69090241
:109998000A432A601A69186894465A681968624422
:1099A8005A60801A91422DD0019A128A824200D9B7
:1099B800020099681A6161449960F8B2FFF77CFF68
:1099C8002A68544B1A4030235A40534B13432B6098
:1099D8008022029B1202134212D02B684C4A1A4072
:1099E800802313432B60FBB29C46029B1B0521D5A9
:1099F8004348BB1C9B00C3185B6861465B6898477B
:109A0800656CA5E70122BA40338993433381019BF2
:109A18009B68002B02D03000F9B2984772B6BB1C85
:109A28009B00F6187368002158690C30FEF766FB36
:109A380062B6CDE7019B39489A69F90093680393A8
:109A4800236D1B185B18998809180491DB8802910B
:109A58009B059B0D19000398012938D80499039E8A
:109A68005808400009183618834201D00988317017
:109A78009168C91891605168C91851601168C91A6C
:109A88001160118A013989B21182019A528A9A4267
:109A980001D8002926D10122BA40194DBE1C6B8974
:109AA80093436B81B300EB185B68DB68002B02D033
:109AB80061462800984772B6B600AD196B689B6975
:109AC800180059680C30FEF719FB62B698E7029E39
:109AD800023936880670360A4670029E023002360F
:109AE8000296B9E72A680E4B1A40C0239B015A40D8
:109AF800094B13432B6083E7005C0040FFFBFFFF2B
:109B0800B81C0020FFF7FFFFFFEFFFFFFFFDFFFF7F
:109B18000F07FFFFBF87FFFF808000000060004045
:109B28008FB7FFFF10B50248FEF724FE10BDC046F0
:109B3800B81C0020037810B5012B0ED0074B9842B3
:109B48000BD11F20FFF762F90322054B05491A6460
:109B5800054BDA690A40DA61DB6910BDB81C0020E0
:109B6800005C0040FFFF7FFF0010024080227E3033
:109B780003781343014AD3647047C046005C004031
:109B88008B1C9B00C318F7B55C680323226813403D
:109B9800032B56D05A4253415B022E4A2E4E126D69
:109BA800CD009219AD186269002A13D0070000226F
:109BB80008376A80FA6F0192228A01321600012260
:109BC80096433200019E9219FA676A4696882022C7
:109BD8002E801343A269002A18D0648A661E3E2C80
:109BE80032D91F2232430132521196021B4A3243A4
:109BF800012692B20830EA800134C26FB443A41837
:109C080092B2C467AA8080229201134311488A0045
:109C1800121880201468C001044200D00343402079
:109C28001468044200D003430D48194301400D480D
:109C38000D4C01431160116823404B4003431360EE
:109C4800F7BDC023DB00A8E70122324301325210DE
:109C58009202CDE7005C0040006000400080FFFFFA
:109C68000F07FFFF8080000070780000002180232C
:109C78000B4A10B511655164D3644368DB685C42D4
:109C880063419E245B4224025B021B191364030098
:109C980040220833DA67034BC360FFF771FF10BD3A
:109CA800005C004068A90008017870B5040001292B
:109CB80014D10B4B98420ED180220A4B1204D8695A
:109CC800094D0243DA61DB691F2029640231FFF77D
:109CD8007DF800232B642000FFF7C8FF70BDC04645
:109CE800B81C002000100240005C00404023012204
:109CF8000830C3670548064993005B1819680132A4
:109D0800014319601860082AF5D170478080000067
:109D1800005C0040084B8900C958C0220B00920122
:109D280013401800114205D0044A9B181800431E1E
:109D3800984101307047C046005C004000F0FFFFCA
:109D4800074B8900C95830220B00134018001142F4
:109D580004D0103B1800431E984101307047C0469C
:109D6800005C0040084B09481B6DC9001B18C91846
:109D78008B881B18100008301988023311800232B2
:109D88009042F9D17047C046005C00400060004036
:109D98008B1C9B00C018426870B595690C00286838
:109DA8000123002805D0518A40180138F6F780FAB7
:109DB80083B22B82064BA400E4182268054B1A4094
:109DC800C0239B015A40044B1343236070BDC04617
:109DD800005C00408FB7FFFF808000008B1C9B0059
:109DE80010B5C01842680C005369128A19688A4273
:109DF80000D90A00200099681A61FFF75DFD064B3B
:109E0800A400E4182268054B1A4030235A40044B3A
:109E18001343236010BDC046005C0040BF87FFFFAE
:109E280080800000064B8900C9180A68054B1A4053
:109E380080235B015A40044B13430B607047C046B4
:109E4800005C00408FB7FFFF80800000054B890051
:109E5800C9180A68044B1A4010235A40034B13438D
:109E68000B607047005C0040BF87FFFF80800000E8
:109E7800C022074B8900C9180B689201134093420E
:109E880005D00B68034A1A40034B13430B60704715
:109E9800005C0040BF87FFFF80A000003022084B15
:109EA8008900C9180B681340934207D00A68054B0C
:109EB8001A4020235A40044B13430B607047C04696
:109EC800005C0040BF87FFFF808000004B68436054
:109ED8008B688360CB68C3600B6943614B6903621D
:109EE8008B6943620B68036070470000FC22154BC6
:109EF800D203996A10B511439962996A12480140D0
:109F080090209962996A5969C0050A435A610F49B4
:109F18005B69FFF7DBFF0E490E48FFF7D7FF0E49D5
:109F28000E48FFF7D3FF0E490E48FFF7CFFF0E4943
:109F38000E48FFF7CBFF0E490E48FFF7C7FFFFF7A4
:109F480007F810BD00100240FFFF81FF8CA9000830
:109F5800A8A9000800040048C4A90008000800488F
:109F6800E0A90008000C0048FCA9000800100048FF
:109F780018AA00080014004870471623036001203F
:109F88004042704700207047180070470020704713
:109F980010B50022040008000121FDF753FE002837
:109FA80002D10C230138236010BD10B51400002124
:109FB80058222000F6F7CAFC80239B01002063602A
:109FC80010BD0120704710B5F6F726FC0123036089
:0A9FD800584210BD01207047FEE75B
:049FE400F8B5C046C6
:049FE800F8B5C046C2
:109FEC00002020202020202020202828282828205D
:109FFC002020202020202020202020202020202055
:10A00C0020881010101010101010101010101010BC
:10A01C0010040404040404040404041010101010AC
:10A02C001010414141414141010101010101010176
:10A03C0001010101010101010101010110101010C8
:10A04C001010424242424242020202020202020248
:10A05C00020202020202020202020202101010109C
:10A06C0020000000000000000000000000000000C4
:10A07C0000000000000000000000000000000000D4
:10A08C0000000000000000000000000000000000C4
:10A09C0000000000000000000000000000000000B4
:10A0AC0000000000000000000000000000000000A4
:10A0BC000000000000000000000000000000000094
:10A0CC000000000000000000000000000000000084
:10A0DC000000000000000000000000000000000074
:10A0EC0000000000040C0020000000000000000034
:10A0FC000000000000000000000000000000000054
:10A10C000000000000000000000000000000000043
:10A11C000000000000000000000000000000000033
:10A12C000000000000000000000000000000000023
:10A13C000000000000000000000000000000000013
:10A14C000000000000000000002445550025355695
:10A15C000026364600273747002838480029394959
:10A16C00002A3A4A002B3B4B00A4948400A5958509
:10A17C0000A6968600A7978700A8988800A99989B9
:10A18C0000AA9A7900AB8A7A000010002000001017
:10A19C001010201000201020FFFFFFFFFFFFFFFF1B
:10A1AC00203010300030202048C540C238C5554AF8
:10A1BC0040402B4AAB4AC040FFFFFFFFFFFFFFFFB1
:10A1CC00C8C4C0C0B8C4D54A0001020304050607C0
:10A1DC000F0E0D0C5F00600061005C005D005E0006
:10A1EC0059005A005B00015162006300C25CC35C01
:10A1FC000100035F025F010001000100010001008A
:10A20C0001005800010001000100010001000100E3
:10A21C00010001000100010001000100010001002A
:10A22C00010001000100010001000100010001001A
:10A23C000100010000000000000000000000000010
:10A24C000000000000000000000000000000000002
:10A25C000000000000000000000000002A2B280075
:10A26C0000000000000000000000000000000029B9
:10A27C00000000002C1E3420212224342627252EF9
:10A28C00362D3738271E1F20212223242526333331
:10A29C00362E37381F0405060708090A0B0C0D0E5D
:10A2AC000F101112131415161718191A1B1C1D2F29
:10A2BC003130232D350405060708090A0B0C0D0E49
:10A2CC000F101112131415161718191A1B1C1D2F09
:10A2DC003130354C000000007E0F00D4FFFFFFC76B
:10A2EC0000000078E200E900EA00B500B600B70013
:10A2FC00CD008301CC008A0192019401210223023A
:10A30C0024022502260227022A02B300B4006F00A1
:10A31C0070000000090000480D0800480E080048B5
:10A32C00080000480F0800480000004801000048E1
:10A33C00C81E140A05FFAA7F55407F3F1F783C1E9C
:10A34C006432140000046432141E0F050001020272
:10A35C0002020606060909090909090F0F0F0F0F5A
:10A36C000F1515151819191919191919191919235E
:10A37C00242525252525252223252628292A2C2D6B
:10A38C002F3032333536383A3B3D3E404243454719
:10A39C00494A4C4E5051535557595A5C5E60626451
:10A3AC006668696B6D6F71737577797B7D7F81835F
:10A3BC008587898A8C8E90929496989A9C9E9FA160
:10A3CC00A3A5A7A8AAACAEAFB1B3B4B6B8B9BBBC81
:10A3DC00BEBFC1C2C3C5C6C7C9CACBCCCDCED0D1F6
:10A3EC00D2D2D3D4D5D6D7D7D8D9D9DADADBDBDBEE
:10A3FC00DCDCDCDCDCDDDDDDDDDCDCDCDCDCDBDB8F
:10A40C00DBDADAD9D9D8D7D7D6D5D4D3D2D2D1D0E2
:10A41C00CECDCCCBCAC9C7C6C5C3C2C1BFBEBCBBDF
:10A42C00B9B8B6B4B3B1AFAEACAAA8A7A5A3A19F57
:10A43C009E9C9A98969492908E8C8A89878583811B
:10A44C007F7D7B79777573716F6D6B6968666462FC
:10A45C00605E5C5A5957555351504E4C4A494745CA
:10A46C004342403E3D3B3A3836353332302F2D2C6B
:10A47C002A292826252322000000000000000000C5
:10A48C00000400480F00000018000000000101014A
:10A49C000101010101010202020202020202020395
:10A4AC000303030303030304040404040404050565
:10A4BC000505050606060606070707070708080828
:10A4CC0008090909090A0A0A0B0B0B0C0C0C0D0DD7
:10A4DC000D0E0E0E0F0F0F1010111111121213136F
:10A4EC001414151516161717181819191A1A1B1BE8
:10A4FC001C1D1D1E1E1F2020212222232424252644
:10A50C0026272829292A2B2C2D2D2E2F303132327B
:10A51C00333435363738393A3B3C3D3E3F40414287
:10A52C00434445464748494A4C4D4E4F505153546D
:10A53C00555658595A5B5D5E5F6162646566686921
:10A54C006B6C6D6F7072737577787A7B7D7E8082A1
:10A55C00838587888A8C8E8F91939596989A9C9EEA
:10A56C00A0A2A3A5A7A9ABADAFB1B3B5B7BABCBEFA
:10A57C00C0C2C4C6C9CBCDCFD1D4D6D8DBDDDFE2C7
:10A58C00E4E7E9EBEEF0F3F5F8FAFDFF090331002F
:10A59C000000000000000000E200E900EA00B50045
:10A5AC00B600B700CD008301CC008A019201940162
:10A5BC002102230224022502260227022A02B300CA
:10A5CC00B4006F00700000000300000000000000E9
:10A5DC00FD71000800000000080000007C11002044
:10A5EC00000000000200000000000000030000005A
:10A5FC00000000003575000800000000200000007D
:10A60C00CC1100200000000002000000000000003F
:10A61C006D72000815720008B17300080172000811
:10A62C0004A7000808A700082AA7000804201200A5
:10A63C0069A6000882A60008A2A60008C4A6000805
:10A64C003EA7000860A700084022B609025B000381
:10A65C000100A0FA09040000010301010009211105
:10A66C000100012240000705810308000A090401CA
:10A67C000002030000000921110100012222000741
:10A68C0005820320000107050303200001090402D1
:10A69C0000010300000009211101000122B600078E
:10A6AC0005840320000A1201100100000040688993
:10A6BC00375301000102000105010906A10105073C
:10A6CC0019E029E71500250195087501810295010E
:10A6DC00750881010507190029FF150026FF009553
:10A6EC000675088100050819012905950575019164
:10A6FC0002950175039101C004030904200359005C
:10A70C00690061006E006300610072002D0044005E
:10A71C0065007300690067006E007300000012038F
:10A72C004E004500420055004C0041003100320003
:10A73C0000000660FF0961A1010962150026FF00F7
:10A74C009520750881020963150026FF0095207578
:10A75C00089102C005010902A10185020901A100AD
:10A76C0005091901290815002501950875018102B3
:10A77C000501093009311581257F9502750881067F
:10A78C0009381581257F950175088106050C0A3855
:10A79C00021581257F950175088106C0C005010948
:10A7AC0080A101850319012AB700150126B7009570
:10A7BC000175108100C0050C0901A1018504190166
:10A7CC002AA002150126A002950175108100C00572
:10A7DC00010906A1018505050719E029E7150025E2
:10A7EC00019508750181020507190029EF1500254F
:10A7FC000195F0750181020508190129059505756A
:10A80C00019102950175039101C000000000000048
:10A81C00337900081B790008637900084B7900082C
:10A82C005979000841790008297900081179000844
:10A83C000000000034AD0008441D0020441D002021
:10A84C00441D002034AD0008000000000000000092
:10A85C000000000034AD0008000000000000000003
:10A86C000000000034AD00080000000000000000F3
:10A87C000000000034AD00080000000000000000E3
:10A88C000000000034AD00080000000000000000D3
:10A89C000000000034AD00080000000000000000C3
:10A8AC000000000034AD00080000000000000000B3
:10A8BC00000000006D61696E0069646C6500000049
:10A8CC00C5A80008401B0020F81B00200100000058
:10A8DC00A57C000800000000000001000000000042
:10A8EC0000000240080002400100000000000009C6
:10A8FC00000002401C000240060000000004010A97
:10A90C000000024030000240060000000008020A6D
:10A91C00000002404400024078000000000C030BD1
:10A92C000000024058000240780000000010040BA8
:10A93C00000002406C000240780000000014050B7F
:10A94C000000024080000240780000000018060B56
:10A95C00444D41206661696C757265000000000011
:10A96C00E9890008B98C0008618D0008400040009E
:10A97C0024120020241200200100000038120020B4
:10A98C00A0040028000000005FF7FFFF055155658B
:10A99C00DFFF00000011000000000000800000003C
:10A9AC0000000000FFFFFFFF55555555FFFF00004D
:10A9BC00000000000000000000000000000000008B
:10A9CC00FFFFFFFF55555501FFFF00000000000081
:10A9DC00000000000000000000000000FFFFFFFF6F
:10A9EC0055555555FFFF0000000000000000000009
:10A9FC000000000000000000FFFFFFFF55555555FB
:10AA0C00FFFF00000000000000000000000000003C
:10AA1C0000000000FFFFFFFF50555555FFFF0000E1
:10AA2C0000000000000000005245454E54206D61AE
:10AA3C006C6C6F632073756363656564656400009B
:10AA4C002E2E2F2E2E2F2E2E2F2E2E2F2E2E2F2E15
:10AA5C002E2F2E2E2F2E2E2F6E65776C69622F6C5B
:10AA6C006962632F7374646C69622F72616E642EF9
:10AA7C00630000002C2066756E6374696F6E3A205B
:10AA8C0000000000617373657274696F6E2022257B
:10AA9C007322206661696C65643A2066696C652076
:10AAAC00222573222C206C696E6520256425732564
:10AABC00730A0000232D302B20000000686C4C0022
:10AACC0065666745464700003031323334353637DA
:10AADC00383941424344454600000000303132339E
:10AAEC0034353637383961626364656600000000BE
:08AAFC00385BFF7F0100000040
:10AB0400040C00200000000034A1000814A1000877
:10AB1400F4A0000800000000000000000000000095
:10AB24000000000000000000000000000000000021
:10AB34000000000000000000000000000000000011
:10AB44000000000000000000000000000000000001
:10AB540000000000000000000000000000000000F1
:10AB640000000000FF000000FF060000FF7FFF0060
:10AB740000FF0000FF0000FF0000FF0000000000D5
:10AB84000000000000000000400D030071290008CF
:10AB940000000000000000001E320A141E64082891
:10ABA400020101000A000A0A01191A1B1C1D1E1FBA
:10ABB400202122002A100020BD710008040000009A
:10ABC400040000000000000000000000000000007D
:10ABD4000000000000000000000000000000000071
:10ABE4000000000000000000000000000000000061
:10ABF4000000000000000000000000000000000051
:10AC04000300000000000000597B00080000000061
:10AC1400200000000000000000000000020000000E
:10AC2400000000000300000000000000000000001D
:10AC3400CD7B0008000020000000000000000000A0
:10AC440002000000000000000300000000000000FB
:10AC5400077C00080000000008000000000000005D
:10AC6400000000000200000000000000B81C0020EA
:10AC740002030000040000000400000020000000A3
:10AC8400200000000000000054100020E410002008
:10AC940000000000000000000000000000000000B0
:10ACA40000000000000000000000000000000000A0
:10ACB4000000000000000000000000000000000090
:10ACC4000000000000000000000000000000000080
:10ACD4000000000000000000000000000000000070
:10ACE4000000000000000000000000000000000060
:10ACF4000000000000000000000000000000000050
:10AD0400000000000000000000000000000000003F
:10AD140001000000517600085D760008E576000821
:10AD2400217700084D770008009600000000080015
:0400000508000231BC
:00000001FF
