:020000040800F2
:1000000000040020590300085B0300085B0300089C
:100010005B0300085B0300085B0300085B03000848
:100020005B0300085B0300085B030008AD81000868
:100030005B0300085B0300085B0300085B03000828
:100040005B0300085B0300085B0300085B03000818
:100050005B0300085B0300085B0300085B03000808
:100060005B0300085B0300085B030008C190000805
:10007000D5900008E9900008FD9000081191000853
:1000800025910008399100085B0300085B03000814
:100090005B0300085B0300085B0300085B030008C8
:1000A000F18D0008F58D0008F98D0008FD8D000820
:1000B000AD960008659A000881980008F59200083E
:1000C000FD9300085B0300085B0300085B03000866
:1000D0005B0300085B0300085B0300085B03000888
:1000E0005B0300085B0300085B0300085B03000878
:1000F000BD9800085B0300085B0300085B03000871
:100100005B0300085B0300085B0300085B03000857
:100110005B0300085B03000895980008A998000895
:100120004D910008619100087591000889910008BF
:100130009D9100085B0300085B0300085B03000857
:100140005B0300085B0300085B0300085B03000817
:100150005B0300085B0300085B0300085B03000807
:100160005B0300085B0300085B030008B19A00080A
:100170005B0300085B0300085B0300085B030008E7
:100180005B0300085B0300085B0300085B030008D7
:100190005B0300085B0300085B0300085B030008C7
:0801A00019020008F10100083A
:1001B0000348044B834202D0034B03B118477047F6
:1001C000300E0020300E00200000000005480649D7
:1001D0000B1AD90F01EBA301491002D0034B03B155
:1001E00018477047300E0020300E0020000000003D
:1001F00010B5064C237843B9FFF7DAFF044B13B16F
:100200000448AFF300800123237010BD300E00209E
:100210000000000024B2000808B5044B1BB10449DB
:100220000448AFF30080BDE80840CFE700000000BD
:10023000340E002024B2000872B6394880F30888D2
:10024000384880F3098838484EF60851CEF200014C
:10025000086040F20000CCF200004EF63471CEF29D
:1002600000010860BFF34F8FBFF36F8F40F20000B3
:10027000C0F2F0004EF68851CEF200010860BFF3E4
:100280004F8FBFF36F8F4FF00000E1EE100A4EF674
:100290003C71CEF200010860062080F31488BFF3A1
:1002A0006F8F07F019FC07F0B1F94FF055301F4977
:1002B0001B4A91423CBF41F8040BFAE71C49194A1A
:1002C00091423CBF41F8040BFAE71A491A4A1B4B0A
:1002D0009A423EBF51F8040B42F8040BF8E70020A5
:1002E0001749184A91423CBF41F8040BFAE707F05E
:1002F000F7FB07F0F2FB144C144DAC4203DA54F850
:10030000041B8847F9E707F08FF9114C114DAC42F7
:1003100003DA54F8041B8847F9E707F0DFBB000055
:1003200000040020000C0020000000080000002055
:100330000004002024B20008000C0020300E002031
:10034000300E002054260020A0010008A40100085F
:10035000A4010008A80100086EE700F000F8FEE71D
:100360002DE9F04F2DED108AC1F80CD0C3689D46E1
:10037000BDEC108ABDE8F08F002383F31188284676
:10038000A047002007F046FEFEE707F0DAFD00DF99
:10039000FEE7000053B94AB9002908BF00281CBF76
:1003A0004FF0FF314FF0FF3000F06EB9ADF1080CA7
:1003B0006DE904CE00F006F8DDF804E0DDE9022383
:1003C00004B070472DE9F047089D04468C46002B89
:1003D00040F083808A42174647D9B2FA82F242B18E
:1003E000C2F1200024FA00F09140974040EA010C4D
:1003F00094404FEA1748230CBCFBF8F61FFA87FE1F
:1004000008FB16C143EA014306FB0EF1994209D9E4
:10041000FB1806F1FF3080F01981994240F21681F5
:10042000023E3B445B1AA4B2B3FBF8F008FB103366
:1004300044EA034400FB0EFEA64509D93C1900F12D
:10044000FF3380F00581A64540F2028102383C442A
:1004500040EA0640A4EB0E0400261DB1D440002360
:10046000C5E900433146BDE8F08702B9FFDEB2FAC4
:1004700082F2002A50D1CB1B4FEA174E1FFA87F8A1
:100480000126B3FBFEFC210C0EFB1C3341EA0341A9
:1004900008FB0CF38B4207D979180CF1FF3002D21C
:1004A0008B4200F2E9808446C91AA3B2B1FBFEF088
:1004B0000EFB101143EA014408FB00F8A04507D9E0
:1004C0003C1900F1FF3302D2A04500F2D980184652
:1004D000A4EB080440EA0C40BFE78B4209D9002D89
:1004E00000F0B1800026C5E9000130463146BDE884
:1004F000F087B3FA83F6002E4AD18B4202D38242B0
:1005000000F2B880841A61EB030101208C46002DB3
:10051000A8D0C5E9004CA5E7C2F1200320FA03F6F4
:10052000974001FA02F04FEA174ED9403043030CCE
:10053000B1FBFEF61FFA87F80EFB161143EA0143E2
:1005400006FB08F1994204FA02F409D9FB1806F1F6
:10055000FF3C80F08D80994240F28A80023E3B440D
:100560005B1A81B2B3FBFEF00EFB103341EA03418C
:1005700000FB08F38B4207D9791800F1FF3C73D2D6
:100580008B4271D902383944CB1A40EA064678E7E3
:10059000C6F1200C03FA06F422FA0CF31C4320FAED
:1005A0000CF701FA06F34FEA144E21FA0CF11F433F
:1005B0003B0CB1FBFEF91FFA84F80EFB191143EA5C
:1005C000014109FB08FA8A4502FA06F200FA06F32D
:1005D00008D9611809F1FF3048D28A4546D9A9F1F6
:1005E00002092144A1EB0A01BFB2B1FBFEF00EFBF0
:1005F000101147EA014700FB08F8B84507D9E71989
:1006000000F1FF312ED2B8452CD90238274440EAF8
:100610000940A7EB0807A0FB02894F45C64649469B
:100620001AD317D05DB1B3EB0E0267EB010707FADF
:100630000CFCF2404CEA0202F740C5E90027002614
:100640003146BDE8F0872E4628460BE70646E9E628
:100650001846FDE64345E5D2B8EB020E69EB04010E
:100660000138DFE70846D2E760468DE78146B9E703
:10067000664675E730464AE7ACF1020C394413E7A9
:1006800002383C4424E700BF704700BF014B1868A4
:10069000704700BF000C00200000000000000000B8
:1006A00001F0FF01102A2BDB10F0070F08D010F823
:1006B000013B013A8B422DD010F0070F42B3F6D127
:1006C000F0B441EA012141EA014122F007047FF040
:1006D00000070023F0E80256083C85EA010586EA97
:1006E000010685FA47F5A3FA87F586FA47F6A5FAD3
:1006F00087F68EB9EED1F0BC01F0FF0102F00702DF
:1007000032B110F8013B013A83EA010313B1F8D189
:100710000020704701387047002D06BF354603386A
:10072000073815F0010F07D1013015F4807F02BFA3
:10073000013015F4C03F0130F0BC0138704700BFF4
:10074000844641EA000313F003036DD1403A41D3DC
:1007500051F8043B40F8043B51F8043B40F8043B9B
:1007600051F8043B40F8043B51F8043B40F8043B8B
:1007700051F8043B40F8043B51F8043B40F8043B7B
:1007800051F8043B40F8043B51F8043B40F8043B6B
:1007900051F8043B40F8043B51F8043B40F8043B5B
:1007A00051F8043B40F8043B51F8043B40F8043B4B
:1007B00051F8043B40F8043B51F8043B40F8043B3B
:1007C00051F8043B40F8043B51F8043B40F8043B2B
:1007D000403ABDD2303211D351F8043B40F8043BCB
:1007E00051F8043B40F8043B51F8043B40F8043B0B
:1007F00051F8043B40F8043B103AEDD20C3205D3DB
:1008000051F8043B40F8043B043AF9D2043208D0D2
:10081000D2071CBF11F8013B00F8013B01D30B8844
:1008200003806046704700BF082A13D38B078DD022
:1008300010F003038AD0C3F10403D21ADB071CBFF4
:1008400011F8013B00F8013B80D331F8023B20F85E
:10085000023B7BE7043AD9D3013A11F8013B00F897
:10086000013BF9D20B7803704B7843708B7883701F
:1008700060467047F0B4860746D0541E002A3CD02C
:10088000CAB2034602E014F1FF3436D303F8012B59
:100890009D07F8D1032C29D9CDB245EA05250F2CA7
:1008A00045EA054533D9A4F11006360903F12007BE
:1008B00007EB061703F1100242E9045542E902551D
:1008C0001032BA42F8D1721C14F00C0F03EB021272
:1008D00004F00F0613D0331F23F003030433134433
:1008E00042F8045B9342FBD106F003042CB1C9B279
:1008F0001C4403F8011B9C42FBD1F0BC70473446FA
:100900001346002CF3D1F8E714460346C2E71A4613
:100910002646E0E738B5124B1C68A26B05461AB1B3
:100920000023C2E9045338BD182000F0B3F8024692
:10093000A06378B1012000210A4B1360C2E90401D1
:100940000B230948094993810023C2E90101C2E947
:10095000045338BD064B0748422100F055F800BF4C
:10096000000C00200E33CDAB34126DE6ECDE05003A
:1009700054B100086CB1000838B51A4B1C68A26B62
:1009800092B1146918495369184801FB04F100FB3E
:100990000313A4FB0045611C1D4445F1000323F033
:1009A0000040C2E9041338BD182000F073F8024675
:1009B000A06388B101200021C2E904010A480C4C5F
:1009C0000C4B0D490D4D146053600B24034695608C
:1009D0009481C2E9041338BD094B0A484E2100F046
:1009E00013F800BF000C00202DF451582D7F954CBA
:1009F0000E33CDAB34126DE62E7F954CECDE050048
:100A000054B100086CB1000800B50A4C26680546D0
:100A100085B01C46F06852B1074B0091CDE9013218
:100A200006492B46224600F021F800F071FD044BE8
:100A30001A46F2E7000C0020A0B10008B0B100088F
:100A4000ACB1000808B513460022FFF7DDFF00BF78
:100A50000CB400B583B004AB53F8042B019300F041
:100A600027F903B05DF804EB02B070470EB410B57F
:100A700083B005AB064C53F8042B01930146206864
:100A800000F016F903B0BDE8104003B0704700BF96
:100A9000000C0020024B0146186800F061B800BF4E
:100AA000000C0020024B0146186800F003B800BF9C
:100AB000000C002000293CD038B551F8043C0C1F34
:100AC000002BB8BFE418054601F0BEF9234B1A68A5
:100AD0002AB1A2420DD921686018824223D06260F7
:100AE00028461C60BDE8384001F0B0B9A34203D8E5
:100AF0001A465368002BF9D111685018A04219D03A
:100B000024D821686018834206D063605460284668
:100B1000BDE8384001F09AB9D3E9000301446360AD
:100B200021605460F3E7D2E9000201446260216071
:100B3000D6E7704720680144501883421160E6D11F
:100B4000D3E90003014453601160E0E70C232B60FC
:100B50002846BDE8384001F079B900BF4C0E0020AE
:100B6000F8B5CD1C25F0030508350C2D38BF0C2534
:100B7000002D064633DBA94231D82A4F01F064F933
:100B80003A6852B113685B1B04D43FE023685B1BD7
:100B900029D522465468002CF8D1796800293BD029
:100BA0002946304609F0BEFA431C28D0C41C24F064
:100BB0000304A04205D0211A304609F0B3FA0130EF
:100BC0001DD02560304601F041F904F10B0020F002
:100BD0000700231DC21A01D01B1AA350F8BD0C2216
:100BE00032600020F8BD0B2B05D8A242636811D0FB
:100BF0005360E7E7144623601C442560E2E70C23BA
:100C00003046336001F022F90020F8BD0B2BF1D8FB
:100C1000536814463B60D5E7304609F083FA7860A4
:100C2000BEE700BF4C0E00209368013B002B936091
:100C300011DA10B49469A34209DB0A2907D01368BA
:100C4000581C1060197008465DF8044B70475DF839
:100C5000044B00F07DBB1368581C106019700846E7
:100C6000704700BF9BB1F8B513440F4606465D1EA2
:100C7000541E01E0AC4208D03A4614F8011F304639
:100C8000FFF7D2FF431CF5D1F8BD0020F8BD0020CE
:100C9000704700BF936810B5144613B953601846E7
:100CA00010BD00F01DFE0023C4E9013310BD00BFDC
:100CB0002DE9F04F9FB08B4690461C46039018B12B
:100CC0008369002B00F0B780A24B9B4500F0B980F0
:100CD000A14B9B4500F0C780A04B9B4504BF039BE5
:100CE000D3F80CB0BBF80C30180740F1B280DBF839
:100CF0001030002B00F0AD8030238DF8323098F8A2
:100D000000300594002120220B918DF83120944E63
:100D10000127002B00F08780252B00F01581454628
:100D200003E0252B00F0A38025466B786C1C002B7C
:100D3000F7D1B4EB080A76D0424653465946039899
:100D4000FFF790FF01306ED00B9B6A7853440B93F2
:100D5000002A68D000234FF0FF3201340693CDE91A
:100D600008338DF85B301C93079205E0069A07FA6A
:100D700003F313432C4606932546052215F8011B61
:100D80003046FFF78DFCAA46831B0028EED1069B58
:100D9000D90644BF20228DF85B2021781A0744BF72
:100DA0002B228DF85B202A2966D1059A116804321E
:100DB00000290592C0F29D8009916178A51C2E2919
:100DC00073D0684C03222046FFF76AFC002800F02D
:100DD0008680001B069B402404FA00F00343069320
:100DE00005F10108297860488DF830100622FFF7D8
:100DF00057FC002800F083805C4B002B72D005ABC1
:100E000000935A465A4B039806A9AFF300808146D7
:100E1000B9F1FF3F07D00B9B4B440B9398F8003080
:100E2000002B7FF479AFBBF80C305B0618D40B981D
:100E30001FB0BDE8F08F00F033FD464B9B457FF4BB
:100E400047AF039BD3F804B0BBF80C3018073FF54D
:100E50004EAF5946039800F0DBFA00283FF44CAF40
:100E60004FF0FF30E4E7039BD3F808B03AE7B4EB68
:100E7000080A3FF46FAF5FE7A1F13002092A88BF8B
:100E8000A2469CD8099B01E02C460135297803EB4A
:100E9000830302EB4303A1F13002092AAA46F3D9E6
:100EA0002E2904F1020509938BD19AF801102A2901
:100EB0002FD1059B9AF802101A6807920433002A72
:100EC00005930AF103050AF1020338DB254C0322DE
:100ED00020469A46FFF7E4FB00287FF47AAFA84645
:100EE00055467FE7059B073323F007030833059337
:100EF00091E7494243F00203099106935DE705AB90
:100F000000935A461A4B039806A900F0D5F881467B
:100F10007EE7A1F130020023092A079301D915E0E9
:100F20005546697803EB830302EB4303A1F13002DA
:100F3000092A05F1010AF3D90235079341E74FF079
:100F4000FF329A4607923CE7444603E7AA4601353A
:100F500037E700BFC0A20008A0A2000880A20008D6
:100F6000E0B10008E8B10008ECB1000800000000A2
:100F7000650C000810B4044C13460A46014620686C
:100F80005DF8044BFFF794BE000C00202DE9F047FC
:100F90000C4691460A698968DDF820808A42B8BF0C
:100FA0000A46C9F8002094F8431006461F4611B1BE
:100FB0000132C9F80020236899065CD5D9F80020D1
:100FC0000232C9F80020236813F0060F19461DD11C
:100FD000E1688A1A002AD8BF194617DD04F1190AF8
:100FE000002505E0E368D9F800209B1AAB420CDD30
:100FF0000123524639463046C047013005F101050C
:10100000F0D14FF0FF30BDE8F087216894F843300D
:10101000003318BF01238A060AD5E1185A1C302074
:1010200081F84300224494F8451082F843100233BB
:1010300004F1430239463046C0470130E1D023680D
:10104000A268216903F00603042B1DD08A4226DD25
:101050004FF00009521A91441A34002501E04D4521
:101060001DDA0123224639463046C047013005F1DA
:101070000105F4D1C5E713F0060F13D094F84330FF
:10108000003318BF0123D3E7D9F80000E3688A4290
:10109000A3EB000323EAE379DCDC002BDCDC00209B
:1010A000BDE8F087E168D9F800208A1A002AD8BF85
:1010B000194693DCAAE700BF2DE9F0430C46097EF0
:1010C00085B06E29064617460C98984604F1430EE3
:1010D0006DD039D9732900F0F68044D9752900F014
:1010E0000481782940F0118178232268DFF858C202
:1010F00084F845300168150651F8043B016040F161
:10110000A180D10744BF42F020022260002B00F0F2
:1011100093801022002184F843106068A0600028AA
:10112000C0F2C880216821F004012160002B40F04A
:10113000A380002840F0C0807546082A00F0AC80EB
:10114000AEEB0503236141E0632900F0E5801AD886
:10115000002938D0582940F0D88084F845102268FA
:10116000DFF8E8C1C6E76F2900F0BF80702940F0C2
:10117000CC802268DFF8D0C142F0200278232260C0
:1011800084F84530B6E7642902D0692940F0BD8073
:1011900022680368110603F1040557D51968056034
:1011A0000B46002959DBDFF8A4C10A22B5E7036822
:1011B000226861691D1D056015061B6802D4500672
:1011C00000F1BD801960002375462361CDF80080D1
:1011D0003B4603AA21463046FFF7D8FE013020D017
:1011E0002A46236939463046C047013019D0226863
:1011F0000398E368920719D51A1A002A16DD04F13C
:101200001909002504E0E36803981A1AAA420DDDC3
:1012100001234A4639463046C047013005F10105F1
:10122000F1D14FF0FF3005B0BDE8F0839842B8BF70
:10123000184605B0BDE8F083226822F02002226043
:10124000102267E7500648BF9BB25AE75106A5D562
:10125000B3F9003005601946A3E76168A1602D204D
:101260000029C3F1000384F8430002DB22F00402EA
:101270002260DFF8D8C00A22754600E00B46B3FBB7
:10128000F2F102FB113093421CF8000005F8010D49
:10129000F4D2082A7FF454AF2368DB077FF550AF00
:1012A000626823699A423FF74BAF302305F8013C4F
:1012B000013D45E7002BDFD19CF8003084F8423037
:1012C00004F1420539E703686268191D01601D6871
:1012D00000212846FFF7E4F9002832D0401B606067
:1012E0002061002384F8433070E72268036812F01D
:1012F000800F03F104051AD01B6805606F290CBF2D
:1013000008220A22DFF844C004E7012384F84210CF
:10131000236104F14205E4E703681A68191D0123FB
:10132000016004F1420584F842202361D9E712F0FC
:10133000400F0DBF1B6805601B880560DEE7198044
:1013400041E76068CCE700BF08B20008F4B10008CC
:10135000F8B50D461446064608B1836943B3254BDC
:101360009C422AD0244B9C4229D0244B9C4208BF4B
:10137000F468A389A269A2601A0722D5236903B37E
:1013800022686169D31AEDB299422F4629DD0133F3
:10139000A168501C0139A1602060157062699A42F1
:1013A00016D0A389DB0701D50A2D11D03846F8BD28
:1013B00000F076FA0F4B9C42D4D17468D9E7B46838
:1013C000D7E72146304600F023F838B92369D7E73C
:1013D0002146304600F03AF90028E7D04FF0FF37B9
:1013E000E4E72146304600F031F90028F6D12268C2
:1013F0000123CDE7C0A20008A0A2000880A2000837
:10140000024B0A4601461868FFF7A2BF000C0020F5
:101410003B4B70B51D6806460C460DB1AB69DBB1A0
:10142000384B9C421ED0384B9C424AD0374B9C4292
:1014300008BFEC68B4F90C2093B2190718D52069DD
:1014400008B313F001022CD0636900225B42A36150
:10145000A26060B3002070BD284600F021FA294B3D
:101460009C42E0D16C68B4F90C2093B21907E6D421
:10147000DD063CD5580726D4206942F00803A38135
:101480009BB20028DDD103F42072B2F5007FD8D0E2
:101490003046214600F026FCA389206913F00102A2
:1014A000D2D1990758BF6269A2600028D2D1B4F99D
:1014B0000C301A06CFD543F04003A3814FF0FF3024
:1014C00070BDAC68B6E7616B51B104F14403994259
:1014D00004D03046FFF7EEFAB4F90C200023636322
:1014E00000232069636022F024022060C5E742F0F7
:1014F0004002092333604FF0FF30A28170BD00BF6E
:10150000000C0020C0A20008A0A2000880A20008D1
:1015100008B5062000F048FD012008F028FE00BFB5
:101520008B891A072DE9F0410C46804641D44A6860
:10153000002A59DDE66A002E53D00022D8F8005068
:10154000216AC8F8002013F4805251D1012340468B
:10155000B047431C5FD0A389E66A216A5F0705D5BF
:101560006268636B801A0BB1236CC01A02460023B9
:101570004046B047461C45D1D8F80030B4F90C209D
:10158000002B55D01D2B01D0162B5AD123690022D8
:10159000C4E90032616BC8F8005011B304F1440390
:1015A000994202D04046FFF785FA00206063BDE80B
:1015B000F0810E69AEB10D680E6099070CBF6369CA
:1015C0000023AD1BA3600AE02B463246A76A216ABE
:1015D0004046B8470028A5EB000506440ADD002D6B
:1015E000F2DC0020BDE8F0810A6C002AA2DCF8E7FA
:1015F000606DB3E7A38943F04003A3814FF0FF3050
:10160000BDE8F0812269A389226000226260DA04C9
:10161000C0D56065BEE7D8F80030002B9BD01D2BED
:101620000CD0162B0AD0A38943F04003A381D9E73D
:101630002169C4E90013D304ACD5EAE7C8F8005027
:10164000CFE742F04002A281CCE700BF0B6923B391
:1016500010B5044682B008B18369BBB1104B994202
:1016600012D0104B994216D00F4B994208BFE16837
:10167000B1F90C302BB1204602B0BDE81040FFF7A5
:101680004FBF002002B010BD6168F1E7019100F08A
:1016900007F90199E2E7A168EAE70020704700BF77
:1016A000C0A20008A0A2000880A2000820B1054B3B
:1016B00001461868FFF7CABF034B0449186800F0D9
:1016C000B9BA00BF000C00207CA200084D1600082B
:1016D00000207047014900F0ADBA00BF4D16000868
:1016E0000020704770B54A1E682505FB02F50E46BE
:1016F00005F17401FFF734FA044640B100210C30C3
:10170000666005F168022160A060FFF7B3F820462B
:1017100070BD00BF1E4B70B51D68AB69064643B374
:101720004835D5E90134013B05D51EE0013B5A1C83
:1017300004F1680419D0B4F90C20002AF6D1002570
:10174000144B6566C4E90055A560C4E90455A5615C
:101750002946E360082204F15C00FFF78BF8C4E936
:101760000D55C4E91255204670BD2C682CB1254694
:10177000D7E7284600F010F8D2E704213046FFF7FB
:10178000B1FF044628600028F1D10C233360EAE75A
:101790007CA200080100FFFF2DE9F84F334B3449CC
:1017A0001A68816290424FF00003C0E9123303656A
:1017B00004BF012383610546FFF7ACFF686028463C
:1017C000FFF7A8FFA8602846FFF7A4FF6E68E8604F
:1017D00000240423F3607466C6E90044B460C6E9DB
:1017E0000444B461214606F15C000822FFF742F888
:1017F000DFF888B0AF68DFF888A0DFF88890DFF8FE
:1018000088801C4BC6F83080C6E9086BC6E90AA977
:101810002146FB6008227C66C7E90044BC60C7E93A
:101820000444BC6107F15C00FFF724F8EE68124B3A
:10183000C7F83080C7E9087BC7E90AA92146F360E9
:101840007466C6E90044B460C6E90444B46106F1B4
:101850005C000822FFF70EF80123C6E9086BC6E911
:101860000AA9C6F83080AB61BDE8F88F7CA20008F9
:10187000D516000809000100120002001920000816
:101880004120000881200008A1200008024B0349E4
:10189000186800F0CFB900BF7CA200084D16000800
:1018A000836903B978E77047704700BF704700BF8E
:1018B000704700BF704700BF024B0349186800F033
:1018C00093B900BF000C0020D1160008024B034959
:1018D000186800F089B900BF000C0020E11600086C
:1018E0009368002B00F002812DE9F04FB1F90C3024
:1018F0009BB20C46190783B08246904635D52269C3
:101900009AB313F00202D8F800603DD00027D4F853
:1019100028B0D4F820C0DFF8CC923D464D452B4688
:101920003A4628BF4B4661465046D5B1D8470028B5
:1019300040F3D280D8F808301B1A07442D1AC8F893
:101940000830002B00F0B780D4F820C0D4F828B0BD
:101950004D452B463A4628BF4B4661465046002D22
:10196000E4D1D6E900750836D8E721465046FFF79E
:101970004FFD002840F03081B4F90C30D8F80060F9
:101980009BB213F00202C1D113F0010940F0B08004
:10199000A76820684D46002D54D09A0540F1BC80C0
:1019A000AF42BB4600F2E78013F4906F2FD0D4E92A
:1019B000041707EB4707A0EB010B07EBD777681C71
:1019C0007F105844B8423A4684BF07463A465B0502
:1019D00040F1E98011465046FFF7C2F8002800F0B8
:1019E000F5805A4621690190FEF7AAFEA289019B63
:1019F00022F4906242F08002A281A7EB0B0203EB7B
:101A00000B00676123612060A2602F46AB465A46F7
:101A1000494600F0B1F9A2682368D21B5B442F4607
:101A2000A26023600025D8F80830DB1BB944C8F851
:101A30000830002B3FD0B4F90C30A76820689BB267
:101A4000002DAAD1D6E900950836A4E70BF10803CA
:101A500053E902679B460833002FF9D03A460A2122
:101A60003046FEF71DFE002853D00130A0EB0609DA
:101A70004B46D4E904122068BB4228BF3B4688424B
:101A800003D9A5681544AB4219DC9A427DDC1346A4
:101A9000A56A216A32465046A847051E1CDDB9EBEF
:101AA00005096BD00120D8F808305B1B2E447F1B42
:101AB000C8F8083013BB002003B0BDE8F08F3146F2
:101AC0002A4600F059F923682B44236021465046EA
:101AD000FFF7BCFD0028E2D0B4F90C3043F040031E
:101AE0004FF0FF30A38103B0BDE8F08F00207047B6
:101AF00033469146104617464E469B46002FA5D0CA
:101B00000028B5D13A460A213046FEF7C9FD002823
:101B1000ABD17B1C9946ACE72369834215D361693D
:101B2000A94212D82E4BA76A9D4294BF2B466FF054
:101B300000434A4693FBF1F3504601FB03F3216A4D
:101B4000B847071EC8DDED1B6DE7AF4228BF2F4623
:101B50003A46494600F010F9A3682268DB1B3A4474
:101B6000A3602260002BEED121465046FFF76EFDA8
:101B70000028E8D0B0E72F46AB4648E7214650465C
:101B8000FFF764FD00288ED0A6E71A463146019380
:101B900000F0F2F8019BA1682268C91A1A44A160FA
:101BA00022601D467BE7504600F052F903460028AC
:101BB0007FF423AF21695046FEF77CFFB4F90C3067
:101BC0000C2223F08003CAF8002087E70C23CAF810
:101BD0000030B4F90C3081E74FF0FF306CE700BF04
:101BE000FEFFFF7F00FCFF7F2DE9F04110F1480769
:101BF0001BD088460026D7E90154013D0FD4A389A4
:101C0000012B05F1FF3506D9B4F90E30013320461A
:101C100001D0C04706436B1C04F16804EFD13F6854
:101C2000002FE8D13046BDE8F0813E463046BDE8A1
:101C3000F08100BF2DE9F84310F148071FD0884616
:101C400006464FF00009D7E90154013D11D4A3899C
:101C5000012B05F1FF3508D9B4F90E3001332146C7
:101C6000304602D0C04749EA00096B1C04F1680401
:101C7000EDD13F68002FE6D14846BDE8F883B9466C
:101C80004846BDE8F88300BF70B50C46B1F90E10A8
:101C9000002996B016461D4613DB6A4608F04FFA37
:101CA00000280EDB019A02F47042A2F50052B2FA4B
:101CB00082F252094FF4806300202A60336016B02C
:101CC00070BDA38900221B062A6004D54023002092
:101CD000336016B070BD4FF480630020336016B0DF
:101CE00070BD00BF8A8992070B4606D501F14702F5
:101CF00001211A60C3E90421704770B582B001ABBD
:101D00006A460C460646FFF7BFFF00990546304677
:101D1000FEF726FFB4F90C3070B11649B162019A92
:101D20000099206043F08003A381C4E904018AB9CB
:101D30002B43A38102B070BD9A05FBD423F00303AB
:101D400004F1470243F002030121A3812260C4E9A8
:101D50000421EFE73046B4F90E1008F0FCF910B991
:101D6000B4F90C30E4E7A38923F0030343F0010343
:101D70001BB2DDE7D51600088842F0B40DD98B18E8
:101D800083420AD9841832B1224613F8014D02F871
:101D9000014D9942F9D1F0BC70470F2A0ED8034685
:101DA000541E002AF7D001340C44013B11F8012BDA
:101DB00003F8012FA142F9D1F0BC704740EA0103BA
:101DC0009B073BD1A2F110073F0901F1200606EB6A
:101DD000071601F1100300F1100453F8105C44F8E9
:101DE000105C53F80C5C44F80C5C53F8085C44F845
:101DF000085C53F8045C44F8045C1033B34204F10B
:101E00001004EAD17B1C1B0112F00C0F194402F0E4
:101E10000F05034415D0043DAD0803EB850C1C1FD2
:101E20000E4656F8047B44F8047F6445F9D1013529
:101E3000AD002B44294402F00302B1E7541E0346CF
:101E4000B1E72A46ACE700BF704700BF704700BF4C
:101E500009B3F8B51446CAB106460D4600F024F998
:101E6000A04202D32F463846F8BD21463046FEF741
:101E700077FE07460028F6D022462946FEF760FC8A
:101E800030462946FEF716FE3846F8BD2746FEF7CF
:101E900011FE3846F8BD1146FEF762BE10B580212E
:101EA0000446FEF75DFE606440B1031F00227C30F3
:101EB00043F8042F8342FBD1002010BD4FF0FF30C8
:101EC00010BD00BF436C0BB100207047E6E700BFB8
:101ED0001F2970B5054608D8436C16460C464BB111
:101EE00053F8240043F8246070BD162202604FF0BE
:101EF000FF3070BDFFF7D2FF08B96B6CF0E74FF011
:101F0000FF3070BD1F2938B521D8426C05460C46FC
:101F10006AB152F8213053B1012B16D0591C10D0A0
:101F20000025204642F824509847284638BD2846C8
:101F300000F070F8224601462846BDE8384000F01F
:101F400055B816230360012038BD002038BD162384
:101F500003604FF0FF3038BD1F2921D838B5436CDE
:101F600005460C4683B153F8242003EB84034AB1A1
:101F7000511C10D0012A0CD0002520461D6090472E
:101F8000284638BD012038BDFFF788FF28B96B6CA3
:101F9000E9E7032038BD022038BD4FF0FF3038BDDF
:101FA0004FF0FF30704700BF024B01461868FFF743
:101FB000A9BF00BF000C0020024B0A46014618686A
:101FC000FFF786BF000C0020034B1868436C0BB171
:101FD0000020704762E700BF000C0020024B014662
:101FE0001868FFF7B9BF00BF000C002038B50B46DA
:101FF000074C0546114618460023236008F0ADF84B
:10200000431C00D038BD2368002BFBD02B6038BDAB
:102010005026002008F0A9B810B50C46B1F90E10F2
:1020200008F075F8002803DB636D0344636510BD99
:10203000A38923F48053A38110BD00BF0020704703
:102040002DE9F0411646B1F90C201F46D3050C4688
:102050000546B1F90E1009D422F48052A2813B4604
:1020600032462846BDE8F04108F058B80022022365
:1020700008F052F8B4F90C20B4F90E10ECE700BFE8
:1020800010B50C46B1F90E1008F046F8A389421CB1
:102090000EBF23F4805343F480536065A38110BDC9
:1020A000B1F90E1008F03CB851F8043C181F002B91
:1020B000BCBF0B58C018704708B502F075FF48B197
:1020C00000F030FD00F03EFD00F09CF8BDE8084057
:1020D00000F0A0B800F02EFDF4E701F065BB08B5F4
:1020E00000F05AF8BDE8084001F05FBB38B504467F
:1020F0000D4600F0F5FD45F610739C4209D045F6FB
:1021000011739C4211D029462046BDE8384001F0A9
:1021100002B8AB7801205BB104F03EFB0322022140
:10212000012001F043F8002038BDAB780220F2E72F
:1021300004F03CFBF2E710B5044600F079F82046C5
:10214000BDE8104001F031B9012000F06BB800206B
:1021500000F068B8034610F8012B082A05D0092AB8
:1021600005D0072A05D100F0DDBB00F057BC00F018
:10217000E1BCFF221A707047FF230428137007D8B0
:102180000E2905D8034BC0EB00101844435C1370B4
:10219000704700BFF4A5000808B50021502000F0EA
:1021A000F9FE0121522000F0F5FE0021502000F040
:1021B00015FFBDE808400121522000F00FBFF8B51F
:1021C00005460E461746002420463B463246294621
:1021D000013400F065FE452CF6D1F8BD07B50DF1D0
:1021E0000702FFF7C9FF9DF80720044900238B541D
:1021F000034A136003B05DF804FB00BF2C190020F4
:10220000540E00200149024806F01FBA880C002035
:102210007C250020024842F2107106F028BA00BF67
:102220007C250020014B1870704700BF590E00201C
:10223000014B1870704700BF580E00200C4B1B68F4
:10224000C3F30113022B0CD0032B0ED0012B4FF044
:10225000000203D01146FF20FFF7B1BFFF21104657
:10226000FAE70021FF220846F6E7FF22F2E700BF67
:102270005C0E0020002211461046FFF7A0BF0000B0
:1022800007B50B4B5A798DF800209A799B788DF819
:1022900001208DF80230009800F036FFC0F30742AD
:1022A000C1B2C0F3072003B05DF804EBFFF787BFAE
:1022B000660C0020F0B52C4C87B063798DF80C309B
:1022C000A3798DF80D30A3788DF80E30039800F0C7
:1022D0001BFFC0F307238DF80930E3798DF8143024
:1022E000237A8DF81530A3788DF816308DF8080014
:1022F000C0F307408DF80A00059800F005FFC0F311
:1023000007238DF81000C0F307408DF811308DF8C9
:102310001200163400260025F7B238460DF10702E8
:10232000E9B2FFF729FF9DF80700442812D8238857
:102330002B41DB075DBF9DF80A309DF808209DF812
:1023400009109DF8123044BF9DF810209DF811101F
:1023500000F0A6FD01350F2DDFD10136052E04F169
:102360000204D8D107B0F0BD660C00202DE9F3417E
:102370001F4D6A79EB799B1A7F2B9AB232DDA2F559
:1023800080731BB2002BB8BF0333AA79DFF86480D7
:1023900043F38F042B7A9B1A48BF03339E10AB780C
:1023A0008DF80230002708EB47036A795B781B0938
:1023B00004FB03228DF80020AA7906FB03238DF885
:1023C0000130009800F0A0FEC0F30743C2B2C0F392
:1023D00007213846013700F063FD452FE3D102B0F5
:1023E000BDE8F08113F17F0FCCDA02F58073C8E706
:1023F000660C0020E0A400082DE9F74F224E777903
:10240000F57996F80680337AED1B48BF0335B3EBB8
:10241000080348BF03334FEAA30A8146FEF7ACFA2C
:10242000452490FBF4F303FB1404AD104FF0000BB4
:10243000E4B2B9F1000F01D15C451DD1FEF79CFA61
:1024400000F0030000FB05708DF80000FEF794FA21
:1024500000F00300B3788DF8023000FB0A808DF89D
:102460000100009800F050FEC0F30743C2B2C0F371
:102470000721584600F014FD0BF1010BBBF1450F8D
:10248000D7D103B0BDE8F08F660C00202DE9F341F1
:10249000154A164E14683379154F9C40E4B2002556
:1024A0004FF0FF0817F8013B8DF801809B003F2B90
:1024B0009ABFC3F13F039BB2002323448DF8003041
:1024C000B3788DF80230009800F01EFEC0F3074389
:1024D000C2B2C0F307212846013500F0E1FC452DCA
:1024E000E0D102B0BDE8F0815C0E0020660C002057
:1024F0002C190020F7B5174B17491A790D689B78EE
:10250000164E174F8DF802309540FF22EDB28DF830
:102510000120002416F8013B17F814209B003F2BE4
:102520009ABFC3F13F039BB200232A4413448DF8A2
:102530000030009800F0E8FDC0F30743C2B2C0F3DA
:1025400007212046013400F0ABFC452CE2D103B05A
:10255000F0BD00BF660C00205C0E00202C1900208E
:10256000E0A40008F7B5174B17491A790D689B7856
:10257000164E174F8DF802309540FF22EDB28DF8C0
:102580000120002416F8013B07EB44029B003F2B7F
:1025900052789ABFC3F13F039BB200232A441344ED
:1025A0008DF80030009800F0AFFDC0F30743C2B2D1
:1025B000C0F307212046013400F072FC452CE1D124
:1025C00003B0F0BD660C00205C0E00202C1900202A
:1025D000E0A40008F7B50646FEF7CEF94523124FF2
:1025E00090FBF3F404FB13030025DCB20EB9AC42FC
:1025F00015D1FEF7C1F98DF80000FEF7BDF9BB78E3
:102600008DF802308DF80100009800F07DFDC0F3D8
:102610000743C2B2C0F30721284600F041FC013550
:10262000452DE3D103B0F0BD660C002073B5114B0E
:1026300011491A790C689B78104E8DF8023094403D
:10264000E4B20025727816F8023B8DF8012023448D
:102650008DF80030009800F057FDC0F30743C2B278
:10266000C0F307212846013500F01AFC452DE9D1B9
:1026700002B070BD660C00205C0E00206AA5000848
:10268000F7B5174C174A23791568174F9D40A37863
:102690008DF80230EDB2002639787B782944CAB231
:1026A000090648BFD243617948BFD2B25B0801EB4B
:1026B00092027F338DF800208DF80130009800F0F1
:1026C00023FDC0F30743C2B2C0F3072130460136F1
:1026D00000F0E6FB452E07F10207DDD103B0F0BDA7
:1026E000660C00205C0E00206AA500081FB5134B85
:1026F000ADF804108DF808109B788DF80A30C1F3FE
:1027000007218DF809100446029800F0FDFCFE2C0C
:102710000246C1B2C2F30742C0F3072004D104B09D
:10272000BDE81040FFF74BBD13460A460146204660
:1027300004B0BDE8104000F0B3BB00BF660C002041
:1027400070B51B4CE07AFF2809D01A4B1B789B0709
:1027500005D5637AA17A43EA0121FFF7C7FF032079
:1027600004F006F8064638B1207DFF281ED0618AA5
:10277000BDE87040FFF7BABF022003F0F9FF05463D
:1027800050B1607CFF2811D0217CE37B43EA012318
:10279000310C09041943EBE7012003F0E9FF28B1EC
:1027A000A07BFF2802D0A389290CF2E770BD00BFEF
:1027B000660C0020580E002038B5384A1378132BC9
:1027C00002D80133137038BD354A364813680133D7
:1027D0001360354A13685C1C1CBF0133136045212C
:1027E00010F8013BFF2B1CBF013300F8013C0139FD
:1027F000F6D12E48C378FF2B044603D1BDE83840FC
:10280000FFF71CBD2A4D2D7815B1007880061BD42A
:10281000647844B112684FF496614C4394422EBFE1
:10282000002401240023234A10781370C01A03F1F6
:10283000FF3318BF0120092B09D8DFE803F010137C
:1028400016191C1F2225282B01240B46EBE7FFF746
:1028500011FD002CB7D1BDE83840FFF771BFFFF77D
:102860000FFDF6E7FFF726FDF3E7FFF77FFDF0E743
:10287000FFF7C2FDEDE7FFF709FEEAE7FFF73AFED3
:10288000E7E7FFF76FFEE4E7FFF7A4FEE1E7FFF7F6
:10289000CDFEDEE7FFF7F4FEDBE700BF600E0020B1
:1028A0005C0E00202C190020540E0020660C002025
:1028B000590E0020640C00200346084604281146E7
:1028C00001D9187070471A46FFF756BCFD282DE94C
:1028D000F74305460F4616464FF000041FD84FF049
:1028E000FF094FF000085FFA88F10DF1070220465A
:1028F0008DF80790FFF740FC9DF80730AB4204D1FC
:102900003C70317003B0BDE8F08308F10108B8F104
:102910000F0FE8D10134E4B2052CE2D1F2E70870E0
:102920001470EFE710B40378073B0F2B12D8DFE8E1
:1029300003F00814181C20242A30363D43474D511B
:10294000575B304A43781178003B18BF012363F38B
:10295000451111705DF8044B70472A4B42785A704C
:10296000F8E7284B42789A70F4E7264B4278DA7001
:10297000F0E7244B42781A71ECE7224B42785A7107
:1029800082789A71E6E71F4B4278DA7182781A7280
:10299000E0E71C4B42785A7282789A72DAE78278C2
:1029A000417819485DF8044BFFF786BF154B427814
:1029B0001A7382785A73CDE7827841781348F1E729
:1029C000104B4278DA7382781A74C3E782784178C0
:1029D0000F48E7E70B4B42789A748278DA74B9E7CC
:1029E000827841780B48DDE70B4A00F10A01447810
:1029F00010F8023F43EA0423814222F8023BF6D159
:102A0000A8E700BF660C0020710C0020740C0020A9
:102A1000770C00207A0C00207C0C0020014611F875
:102A2000013B013B152B78D8DFE803F00B11161B97
:102A3000202A252F3235383B41464B5055595E628E
:102A4000676B364B1B7803F0010343707047334BC1
:102A50001B78C3F34003F8E7304B1B78C3F38003C4
:102A6000F3E72E4B1B78C3F3C003EEE72B4B1B7829
:102A7000C3F30013E9E7294B1B78C3F34013E4E7E2
:102A8000264B1B78C3F38013DFE7244B5B78DCE72E
:102A9000224B9B78D9E7214BDB78D6E71F4B1B797C
:102AA000D3E71E4B5A7942709B79837070471B4B5A
:102AB000DA7942701B7AF8E7184B5A7A42709B7A9F
:102AC000F3E7164B821CD87AFFF700BF134B1A7B33
:102AD00042705B7BE9E7114B821C987BF4E70F4B5C
:102AE000DA7B42701B7CE0E70C4B821C587CEBE7E6
:102AF0000A4B9A7C4270DB7CD7E7084B821C187D1E
:102B0000E2E7074B00F10A011A88120A427033F813
:102B1000022B00F8022F8842F6D17047660C002085
:102B20007C0C002002482022272101F064BA00BF5B
:102B3000660C002002482022272101F078BA00BF4D
:102B4000660C002010B502F06DFE0021502000F050
:102B500061F90021522000F05DF900243C2C1CD0CA
:102B6000442CCCBF00230123E0B21A46194601349D
:102B700000F0B6F9802CF1D10021502000F02EFA9F
:102B80000121522000F02AFA054A0023FF210133D7
:102B9000452B02F8011BFAD110BD0023E4E700BF6A
:102BA0002C190020044AD37801330A2BA8BF0A232A
:102BB000D370FFF7BFBF00BF660C0020054AD37873
:102BC000013B23EAE3730A2BA8BF0A23D370FFF764
:102BD000B1BF00BF660C0020044A13790133032BF8
:102BE000A8BF03231371FFF7A5BF00BF660C002029
:102BF000034A1379013B83F302031371FFF79ABF72
:102C0000660C0020044A93780833FF2BA8BFFF23EB
:102C10009370FFF78FBF00BF660C0020034A9378C4
:102C2000083B23EAE3739370FFF784BF660C002030
:102C3000044A53790833FF2BA8BFFF235371FFF7D2
:102C400079BF00BF660C0020034A5379083B23EA92
:102C5000E3735371FFF76EBF660C0020044A93794B
:102C60000833FF2BA8BFFF239371FFF763BF00BF9B
:102C7000660C0020034A9379083B23EAE3739371BF
:102C8000FFF758BF660C0020044AD3790833FF2BA6
:102C9000A8BFFF23D371FFF74DBF00BF660C002014
:102CA000034AD379083B23EAE373D371FFF742BFAA
:102CB000660C0020044A137A0833FF2BA8BFFF23B9
:102CC0001372FFF737BF00BF660C0020034A137A68
:102CD000083B23EAE3731372FFF72CBF660C002056
:102CE00038B58B7805460C461BB109786078FFF73C
:102CF00075FAA5F5BE400D2854D8DFE800F0070DA1
:102D000012171C21262B30353B41474DA4787CB34C
:102D1000FFF778FF00242BE0A4784CB3FFF77EFF89
:102D2000F8E7A47824B3FFF73DFFF3E7A478FCB1FC
:102D3000FFF744FFEEE7A478D4B1FFF74DFFE9E7D2
:102D4000A478ACB1FFF754FFE4E7A47884B1FFF7AF
:102D50006FFFDFE7A4785CB1FFF776FFDAE7A478CE
:102D600034B1FFF77BFFD5E7A4780CB1FFF782FF02
:102D7000204638BDA478002CFAD0FFF785FFC9E7BC
:102D8000A478002CF4D0FFF78BFFC3E7A478002CC5
:102D9000EED0FFF78FFFBDE7A478002CE8D0FFF757
:102DA00095FFE5E70124E3E708B50B460649400037
:102DB0000B704A706423022200F0FE0002F05CFDFA
:102DC000B0FA80F0400908BDF11A00202DE9F04169
:102DD0000F4E40000F46C5B20024B04634703A1979
:102DE0000023013312F8011B08F80310102BF8D14F
:102DF000642311223146284602F03EFD28B91034E2
:102E0000C02CEBD10120BDE8F0810020FBE700BF22
:102E1000F11A002070B5C52204460D46FE21FFF7C9
:102E2000C3FF0022FD212046FFF7BEFF0026F1B2BE
:102E3000002220460136FFF7B7FF182EF7D1C52232
:102E4000FE212046FFF7B0FF0122FD212046FFF7BB
:102E5000ABFF0026F1B2002220460136FFF7A4FFA7
:102E6000C02EF7D1C522FE212046FFF79DFF032289
:102E7000FD212046FFF798FFFF2201212046FFF7A2
:102E800093FFAA0142F00102204602F0C102002194
:102E9000FFF78AFFBDE870404FF47A7005F0BFB8C5
:102EA0007F28F0B514D80B4CDFF830C004EB800558
:102EB00014F82040AF78EE786D7804F00304C02059
:102EC00000FB04C04155C2558355034B01221A55DE
:102ED000F0BD00BFE0A20008930E00207119002091
:102EE0002DE9F04F284D05EB8004182694F801B029
:102EF00094F802C0E77815F82040244D04F003044C
:102F00004FEADB0A06FB04560BF0070B012000FA20
:102F10000BF04FEADC094FEAD70816F90AE00CF08B
:102F2000070C07F0070740B221B34EEA000006F88D
:102F30000A00182000FB0450012606FA0CFC10F9C8
:102F400009104FFA8CFCC2B141EA0C01182200F8BA
:102F5000091002FB0455012101FA07F715F90820B1
:102F60007FB26BB13A4305F80820094B01221A558C
:102F7000BDE8F08F2EEA0000D9E721EA0C01E5E771
:102F800022EA0702EFE700BFE0A20008610E00207E
:102F9000910E002070B50E4E725C05460C46A2B133
:102FA000C522FE21FFF700FFFD2101222846FFF781
:102FB000FBFE084B04EB440103EB81112846FFF7AD
:102FC00005FF10B9044B01221A550023335570BD7B
:102FD000930E002071190020910E0020124B5A5CB4
:102FE0002DE9F04107460C469846BAB1C522FE21AC
:102FF000FFF7DAFE0022FD213846FFF7D5FE0B4B26
:1030000004EB440603EBC6060025E9B216F8012BD3
:1030100038460135FFF7C8FE182DF6D1002308F811
:103020000430BDE8F08100BF910E0020610E002049
:103030007FB510F47F4F0190C0F30726C0F307421D
:1030400017D109B12F4B9A5C8DF80C208DF80D200B
:103050008DF80E209DF80C30002063F307009DF8DA
:103060000D3063F30F209DF80E3063F3174004B06A
:1030700070BD9DF8043061B322498A5C03EB4304C0
:103080006FF05400FF216400B4FBF1F4604300EBE7
:10309000430000EB4000C0B216FB00F31B12081AFD
:1030A0008D1BCB1A06FB00F10912C1F1FF0155433C
:1030B00053435143C5F30725C3F30723C1F3072146
:1030C000D2B2062C19D8DFE804F00608110F141844
:1030D000060092B2D2E713460A468DF80C208DF80E
:1030E0000D308DF80E50B5E711461A462B460D46A9
:1030F000F3E70B4611462A46F9E711462A461D46D4
:103100000B46EAE754AB000884B0012104B0FFF796
:103110008FBF0120704701207047704708B5FFF747
:10312000FCFF08BD13B502AB03E903000F4B1B788E
:10313000B3B99DF80230009873B16AB103F0AAFBED
:1031400004460146009803F061FB0099204602B056
:10315000BDE8104002F020B903F07CFB0446F4E720
:10316000009803F097FB0099F1E700BF501600208C
:1031700003460A4600689988FFF7D4BF10B50021BE
:103180000446FFF7F5FF2146FFF7C8FF10BD10B555
:10319000012404FA02F204FA01F1114304FA03F3E0
:1031A00031EA00020CBF1843984310BD08B513461E
:1031B0000A46014603480068FFF7E9FFBDE80840FA
:1031C00003F0C6BAA016002008B500F0CDFABDE89D
:1031D0000840FEF782BFFEF782BF704708B502F0D5
:1031E0006DFFFFF7FAFF46F2A81004F018FFBDE8E4
:1031F000084003F0ADBE38B501210546FFF7B8FF22
:103200002946044601F021FF08B9002038BD2946AF
:103210002046FEF76BFF0028F7D02946204602F033
:103220009FF90028F1D02946204602F0F3F9002842
:10323000EBD02946204602F0C7FA0028E5D02946FF
:10324000204601F0A3FD0028DFD0AB785BB145F646
:103250005A539C421CD00AD8B4F5B84F12D045F648
:10326000DE439C4211D02846FFF753FFCEE745F6D8
:103270005B539C420FD045F65C539C42F3D103F064
:1032800099FBF0E7FFF7AAFFBFE703F013FDBCE7E8
:1032900003F09CFBE7E703F09CFBE4E7F8B5174B72
:1032A00017491F5C174BC20800F007008D5C1649D8
:1032B0009B5C8E5C0341054113F0010446FA00F06B
:1032C00005F0010500F0010602D0E12002F030FC1B
:1032D00015B1E62002F02CFC384602F0BCFC15B11A
:1032E000E62002F071FC14B1E12002F06DFC26B181
:1032F000BDE8F8402C2002F0AEBCF8BDB8A800082C
:1033000098A8000838A90008A8A800082DE9F041ED
:10331000234F04460E464FF00A08207800283CD080
:10332000012837D16378012B0ED1A078A51C02F0BB
:1033300092FC2C4601343546013DEDB2FF2DECD018
:10334000642004F06CFEF7E7022B04D1A078A51CE2
:1033500002F0EEFBEDE7032B04D1A078A51C02F0F0
:1033600033FCE6E7042B01D00134E3E722460025D5
:1033700012F8023FD95D4907144605D4013DD9D35F
:10338000642004F04CFEF9E7303B08FB053512F8E9
:10339000013FEFE7FFF782FFCCE7BDE8F08100BF18
:1033A00079A100080021FFF7B1BF704701207047E5
:1033B00008B5FFF7FBFF08BD10B50446FEF7BBFEDE
:1033C0002046FFF7F5FF10BD002070477047000052
:1033D000014B33F81000704776A9000813B5ADF81B
:1033E0000410019901F0D8FF00F0CCF8B0F5A04F1F
:1033F000044630D2B0F5804F80F08A80E72817D895
:10340000DF280AD8A7280BD8A4286AD8012804D016
:10341000031F9BB2A12B28BF0024204602B010BD81
:10342000BE2864D9C03880B21F286AD90024F4E7C6
:10343000B0F5405F09D2B0F5005F60D2FF2854D8E4
:10344000EF28F3D940F4A04024E00205C3B25CD4D5
:1034500043F44044E1E7B0F5AA4F1DD2B0F5A84FC0
:10346000C3B275D2B0F5A64F0AD2B0F5A44F64D25C
:10347000B0F5A24F51D34AF2F10040EA0324CCE761
:103480009C08012003F0030300FA03F343EA44100D
:1034900040F40A4084B2C0E7B0F5B44F0FD2B0F5A3
:1034A000B24F61D2B0F5AC4F55D3A0F5B0439BB24B
:1034B000FF2BBBD84AF2F00040EA0420EAE7A0F56F
:1034C000C0439BB2B3F5005FB0D2C0F3042000F05C
:1034D000D9F8000200F4F853E4B21C4344F4005459
:1034E0009BE7A0F1240444F48044A4B295E7583447
:1034F000E4B2234B33F8140040F488448DE7C0F362
:103500000B00FFF765FF044687E743F4484484E770
:10351000C0F30B0040F420447FE7C3F38104C0F301
:103520000110640144EA002403F00303012000FABF
:1035300003F31C4344F40C40ACE79C08012003F067
:10354000030300FA03F343EA441040F40C40A1E7FC
:103550004AF2F40091E7C0B200F094F8000200F4DF
:10356000F85040F4005458E700F00F0000F08AF8DB
:10357000C4F3031440EA042040F410408AE700BF7B
:1035800048A90008E7284DD8DF2807D8312861D09E
:103590000ED8292857D02A2863D07047A0F1E0031D
:1035A000072B3FD8DFE803F0123E2126303E3A3F9A
:1035B000392804D0822802D035283DD07047304BBE
:1035C0001B7813F0030F18BFE02070472C4A1378C4
:1035D000D9074DD4527812F0010F23D013F0100FF9
:1035E00008BFE32018BF00207047254B1B7813F05D
:1035F000040FF2E7224A137859073BD45278D207D6
:103600003AD413F0100FEDE71D4B5A78910709D506
:103610001B7813F0100F08BFE720E3E7184B1B7867
:103620001A07F6D47047164A1378190726D4527829
:103630009207E6D5E420F5E7114B1B7813F0200F35
:1036400018BF292070470E4B1B7813F0200F18BFAE
:10365000352070470A4B1B7813F0400F18BF2A2003
:103660007047074B1B7813F0400F18BF312070478D
:1036700039207047E2207047E0207047E62070470D
:10368000061B0020294B1A78510707D500F01801B6
:10369000082927D100F0F70040F00400110707D5F2
:1036A00000F01801182926D100F0E70040F01400BE
:1036B0005B78D90707D500F01801082924D100F05C
:1036C000F70040F00100990707D500F01803182B08
:1036D00023D100F0E70040F01100D30648BF00F00E
:1036E000E700704700F01401042904BF00F0FB005C
:1036F00040F00800D2E700F01401142904BF00F0E4
:10370000EB0040F01800D3E700F01101012904BFDD
:1037100000F0FE0040F00800D5E700F01103112B87
:1037200004BF00F0EE0040F01800D6E7061B0020B2
:1037300001F068BC08B500F0A9F84FF47A7004F005
:103740006EFC00F0A3F8002000F030F8C30705D5A8
:10375000FFF7EEFFBDE8084003F0FABB08BD08B56F
:10376000FFF7E8FF08BD000008B503F021FA08B92B
:1037700003F0A0FA03F026FA084B187003F028FAB9
:10378000074B1880FFF7EBFF03F01FFA02F0BFFFB3
:10379000044B1868BDE8084002F0D5BFFB160020B6
:1037A000061B0020A016002070477047014B33F81D
:1037B00010007047121B00207047032004F02FBC3C
:1037C00000BF00BF00BF00BF00BF00BF00BF00BF01
:1037D00000BF00BF00BF00BF00BF00BF00BF00BFF1
:1037E00000BF00BF704708B5FFF7E7FF08BD08B589
:1037F000202282F31188012100F00F03994020F06C
:103800000F0005F0D6FC002383F3118808BD0000EB
:1038100038B51648164DFFF7EAFF1648FFF7E7FFE1
:103820001548FFF7E4FF1548FFF7E1FF1448FFF7DD
:10383000DEFF0F2455F8040B013CFFF7D8FF14F00E
:10384000FF04F7D10F4B104A1C80052014805480D0
:103850005C8094809C80D480DC8014811C8100F08A
:1038600077F8BDE83840FFF7AFBC00BF030400485D
:1038700078A900080404004805040048080000482E
:1038800004000048121B0020081B00202DE9F74F00
:103890000025DFF8B8B02A4F05264FF020094FF079
:1038A0000108AA465BF8044B89F3118824F00F0045
:1038B00004F00F0408FA04F421460122019005F0F7
:1038C00078FC0198A4B244838AF31188FFF778FF4B
:1038D00000211C480C4650F8043B23F00F0203F073
:1038E0000F03126922FA03F3DB075ABF08FA01F249
:1038F00013B20023013123430F299CB2EBD15BF8B3
:10390000040CFFF774FFFFF76EFF3B88013EA342F4
:103910001ABF3C800123002316F0FF0645EA030589
:1039200007F10207BED1084905482B46052200F0E1
:1039300011F8FFF750FC284603B0BDE8F08F00BF38
:10394000081B002078A90008121B0020B4A9000859
:1039500070470000F8B5104C06460F4615462BB1CF
:103960000123237003F0E8FA0C4B188023782BB165
:103970000A4B188803F0E5FA05280AD8F8BD36F88E
:10398000132027F8132001339D42F8DC0023237015
:10399000F4E70023F8E700BF950E0020960E002004
:1039A000194B1B78D90709D5184B187800EB800004
:1039B00080087F2824D828B3C0B270479A0705D55D
:1039C000124B187800EB80004008F2E75B0704D543
:1039D0000E4B187800EB8000EBE70D4B1B786BB1BA
:1039E0000C4A0A49127808789342F3D210FB03F08C
:1039F00000EB8000B0FBF2F080B2DAE70520DBE7F5
:103A00007F20704701207047A20E00209A0C0020F2
:103A1000A30E00209B0C0020154B1B78D90705D561
:103A2000144B1878800800B3C0B270479A0703D5CA
:103A3000104B18784008F6E75B0705D50D4B187852
:103A40007F28F0D97F2070470B4B1B785BB10B4A66
:103A5000084912780878934236BF10FB03F080B211
:103A6000B0FBF2F0ECE70120DEE70120704700BF79
:103A7000A20E00209E0C0020A40E00209F0C00200F
:103A8000F02808B505D1FFF78BFF4042294BD870CD
:103A900008BDF12802D1FFF783FFF7E7F22805D12F
:103AA000FFF77EFF4042234B9870F1E7F32802D1E5
:103AB000FFF776FFF7E7F92804D1FFF7ADFF1D4BBD
:103AC0001871E5E7FA2803D1FFF7A6FF4042F6E7B1
:103AD000FB2805D1FFF7A0FF4042164B5871D7E7EE
:103AE000FC2802D1FFF798FFF7E700F10C03DBB2E7
:103AF000042B08D80F4A0123F43803FA00F0537856
:103B000018435070C4E7FD2805D10B4A137843F0E1
:103B100001031370BCE7FE2804D1074A137843F071
:103B20000203F6E7FF28B3D1034A137843F00403F6
:103B3000EFE700BF9C0E0020A20E0020364BF028BD
:103B400093F902200AD193F9031000290CDA00211D
:103B5000D97052B9314A0021117006E0F1280DD117
:103B600093F903100029F2DC72B11A795B791343DF
:103B70005AB2002B4FD12A4B1A707047F22806D147
:103B8000002AF1DA00229A7093F90320E1E7F32882
:103B900002D1002AF6DCE7E7F92893F9041004D1F2
:103BA0000029E1DD00211971DEE7FA2802D10029A0
:103BB000DADAF7E7FB2893F9051004D10029D3DA04
:103BC00000215971D0E7FC2802D10029F8DCCBE7AD
:103BD00000F10C01C9B2042907D8F4380121814051
:103BE000587820EA01005870BEE7FD2805D10D483D
:103BF000017821F001010170B6E7FE2804D10948DF
:103C0000017821F00201F6E7FF28ADD105480178DF
:103C100021F00401EFE770479C0E0020A30E002066
:103C2000A40E0020A20E002008B503F085F9094B70
:103C3000DA7899780A431CBF074A10801A795B79B1
:103C400013431CBF054B1880BDE80840014801F034
:103C50006FBE00BF9C0E0020980E00209A0E002020
:103C60002DE9F047564C94F9028094F9037094F9C9
:103C7000046094F9055094F800A094F80190002392
:103C8000A370E3702371637158EA07030AD04D4BA8
:103C9000188803F056F94C490B783BB34B4A12781D
:103CA00090422DDC56EA05030BD0494B188803F0EF
:103CB00048F948490B78002B4ED0474A1278904279
:103CC00054DCE278A37813432279134362791343D7
:103CD00001D0FFF7A9FF84F800A084F8019084F8D0
:103CE0000280E77026716571BDE8F0873B4A127863
:103CF00002EB8202B0EB420FD4DD01330B7001E026
:103D0000FF2BFAD1B8F1000F08D0FFF749FEB8F148
:103D1000000FCCBF0123FF235843A0703FB1FFF732
:103D20003FFE002FCCBF0123FF235843E07094F9DE
:103D30000220002AB6D094F903100029B2D0B5238E
:103D40005A43121203FB01F308BF01221B1208BFE2
:103D50000123A270E370A5E7214A127802EB8202E8
:103D6000B0EB420FADDD01330B7001E0FF2BFAD158
:103D70003EB1FFF751FE002ECCBF0123FF23584375
:103D800020713DB1FFF748FE002DCCBF0123FF237A
:103D90005843607194F90420002A92D094F90510D8
:103DA00000298ED0B5235A43121203FB01F308BF3A
:103DB00001221B1208BF01232271637181E700BF3A
:103DC0009C0E0020980E0020A30E0020990C0020CD
:103DD0009A0E0020A40E00209D0C0020980C0020BC
:103DE0009C0C0020054A002313609380044A137042
:103DF000044A1370044A1370704700BF9C0E0020E1
:103E0000A30E0020A40E0020A20E002008B500F092
:103E10008FF940F6FF7008BD08B5074800F040F97B
:103E2000064800F03DF9064800F03AF9BDE80840C0
:103E3000044800F035B900BF00E0030800E80308BB
:103E400000F0030800F80308B0F5805F2DE9F041A9
:103E5000884602D30020BDE8F081450005F10064EA
:103E600004F578344FF6FF7223889BB293424FEAF1
:103E7000A02604D1204600F035F980B2EBE7F60227
:103E8000124F06F1006606F578364FF400623146AF
:103E90003846FCF755FC23789845DBD040F2FE709D
:103EA0002840002407F80080304600F0F9F8395D1A
:103EB00061F0FF014B1C03D089B2301900F012F9F8
:103EC0000234B4F5006FF2D1D7E700BF1C1B00200D
:103ED00080B2400000F1006000F578300078704753
:103EE00080B2FFF7B1BF83B25B0003F1006303F55B
:103EF00078331A78431C9BB25B0003F1006303F52F
:103F00007833187842EA0020704738B584B20D46FD
:103F10002046C9B2FFF798FF601C290A80B2BDE8AD
:103F20003840FFF791BFFFF7F0BF10B583B25A00DA
:103F300002F1006202F5783211785A1C92B25200F6
:103F400002F1006202F5783214789A1C92B25200A3
:103F5000033302F100629BB202F578325B0003F199
:103F60000063127803F578331878130443EA0423C6
:103F70000B4343EA006010BD82B2F8B5571CBFB2D4
:103F80000C465300790003F1006301F1006103F571
:103F9000783301F57831961CB6B2187891F800C0E4
:103FA000710001F1006101F57831D51CADB20B78DB
:103FB000690001F1006101F578311B04097843EAD9
:103FC0000C23034343EA0163A34213D0E1B210463A
:103FD000FFF73AFFC4F307213846FFF735FFC4F374
:103FE00007413046FFF730FF210E2846BDE8F84074
:103FF000FFF72ABFF8BD10B503460A4408469042B1
:1040000000D110BD441CFFF763FF03F8010B2046ED
:10401000F5E770B504460D468618B44200D170BD70
:10402000A8B214F8011BFFF70FFF0135F5E7FFF702
:10403000F0BF00000B4BDA68D0070CD4DA685107E8
:104040000BD4DA68D2060AD4D86800F00100C0F1B7
:104050000500C0B27047012070470220704703205E
:10406000704700BF0020024073B50446FFF7E2FF2F
:104070000025FF2601280FD114B9062002B070BD1B
:1040800001950196019B1BB9FFF7D4FF013CF1E7B5
:10409000019B013B0193F5E7002C08BF0620EDE7EB
:1040A00038B5054640F6FF70FFF7DEFF052815D14D
:1040B0000B4C236943F0020323616561236943F0DC
:1040C0004003236140F6FF70FFF7CEFF06281EBFB6
:1040D000236923F0020323613423E36038BD00BF6A
:1040E00000200240104B00F178429A4270B505461C
:1040F0000E4616D81F20FFF7B7FF052810D10B4C2E
:10410000236943F0010323611F202E80FFF7ACFFDA
:1041100006281EBF236923F0010323613423E360D3
:1041200070BD0720FCE700BFFEFF07000020024033
:10413000034B044A5A6002F188325A60704700BF4C
:104140000020024023016745704784B004B0FEF7A9
:10415000DBBF13B58DF802208DF800008DF801103B
:1041600000981C46FFF7F1FFC0F30743C0F3072296
:1041700062702070A37002B010BDD22A28BFD22274
:10418000FFF7E7BF094A137813F0FE0F09D10121A9
:1041900061F347031370D378D22B84BFD223D3703B
:1041A0007047552BF7D92A21F2E700BF1C230020C6
:1041B0000820FFF7BABE07B50190FFF7E3FF0199AA
:1041C000082003B05DF804EBFFF7D6BE014B18687A
:1041D000FFF7F1BF1C230020014B1868FFF7EBBF6E
:1041E0001C230020034B0448186000221A71FFF7BB
:1041F000E2BF00BF1C2300200300FFD2034B1B784B
:1042000013F0010018BF5808704700BF1C2300209E
:10421000044A1379022B9CBF0133137108B1FFF7D5
:10422000D5BF70471C2300200120FFF7F1BF00001D
:10423000044A13790BB1013B137108B1FFF7C6BFF4
:10424000704700BF1C2300200120FFF7F1BF0000D2
:10425000014B1879704700BF1C230020014B1871D7
:10426000704700BF1C230020014B5878704700BFE7
:104270001C230020014B9878704700BF1C230020AE
:10428000014BD878704700BF1C23002000F06EBEA1
:10429000104B11481A7870B5104C12F00102617879
:1042A00006D0237803EB43031844FFF7EFFF70BDFC
:1042B000A578E67805EB45030344AE4203F103031A
:1042C000EFD9013503F8022C03F8032C03F8012C75
:1042D000EDB2F2E71C23002024230020A30C0020D1
:1042E0000E4B1B78DB0770B416D50D4B0D4E9C782A
:1042F000DD7804EB44033344AC4203F1030302D3FF
:1043000070BCFFF7C5BF013403F8020C03F8031CAF
:1043100003F8012CE4B2EFE770BC70471C230020C7
:10432000A30C002024230020094B1B78DB0707B5D2
:104330000AD501ABFFF721FF9DF806209DF8041078
:104340009DF80500FFF7CCFF03B05DF804FB00BF4C
:104350001C230020064B0279064910B504468A5CEE
:1043600058789978FFF7E0FF23790133237110BD66
:104370001C2300200DAA0008054B10B50446DA786E
:1043800099780079FFF7D0FF23790133237110BDAD
:104390001C23002037B5164C0546207838B901ABF0
:1043A000D222FF21FFF7D5FE9DF805302370297931
:1043B000012911D0022913D0B1B920780A46FFF79C
:1043C0008FFF2B7903220133B3FBF2F202EB42029F
:1043D0009B1A2B7103B030BD002221781046EEE706
:1043E000002022780146EAE7002210461146E6E75F
:1043F000E00E00202DE9F04F374C94F800E085B036
:104400001EF0010F05460F461646019321D04FEAD4
:104410005E03DFF8D0C0DFF8D0801CF803C088F856
:1044200000C00EF0FE0EBEF1020F15D103ABFFF778
:10443000A4FE9DF80E209DF80C109DF80D00FFF7CE
:104440004FFF019B6570A770E67013B12068FFF7FE
:10445000B2FE05B0BDE8F08FBCF1020F01D1E678E5
:10446000EFE7BCF1060F01D16578EAE7BCF1090F6F
:10447000FAD0BCF1190FE4D1193B03F0010200920C
:10448000C3F34603154ADFF8649012F803B04FF007
:104490000008CA4699F804205FFA88F39A4202D8C5
:1044A000FFF7F6FECDE703FB0BF0B0FBF2F0009A4E
:1044B000C0B27AB928449AF802201344084A03EBA0
:1044C00043031344C0B232463946FFF756FE08F1A3
:1044D0000108DFE7281AEEE71C230020CCA900081A
:1044E00024230020E2A90008E20E0020A30C0020F3
:1044F000054910B44C78CA78897808340346E0B28C
:104500005DF8044BFFF776BF1C2300200120FFF766
:10451000EFBF0000054910B44C78CA788978083C90
:104520000346E0B25DF8044BFFF764BF1C23002094
:104530000120FFF7EFBF000010B4074CA178E2782C
:104540000831FF2928BFFF210346C9B260785DF812
:10455000044BFFF74FBF00BF1C2300200120FFF7D3
:10456000EBBF000010B4064CA178E278083921EACC
:10457000E1710346C9B260785DF8044BFFF73ABFBA
:104580001C2300200120FFF7EDBF000010B4074CF2
:10459000E278A1780832FF2A28BFFF220346D2B270
:1045A00060785DF8044BFFF725BF00BF1C23002097
:1045B0000120FFF7EBBF000010B4064CE278A178B1
:1045C000083A22EAE2720346D2B260785DF8044B00
:1045D000FFF710BF1C2300200120FFF7EDBF0023D1
:1045E000FFF708BF2DE9F041144EDFF85880144F53
:1045F000044600253179E8B281420DD8FFF748FE24
:10460000A37813F0010F237914BF013303F1FF33B3
:104610005BB22371BDE8F081B378FF22B2FBF1F207
:104620002179034403EB430302FB00104344FA786F
:10463000B978C0B2FFF7A1FD0135DBE7A30C00207C
:104640001C230020242300202DE9F04F8378314ED5
:10465000314D13F0010F85B00CBF01234FF0FF3334
:1046600001934FF0000933795FFA89F843450CD87C
:10467000FFF70EFE019B012B2B7843D103B9337951
:10468000013B2B7005B0BDE8F08FB2782349DFF80D
:1046900090A0424402EB4202531800245C70545430
:1046A0009DF804209C70029227464FF00A0B2A784E
:1046B0002244D1B252B20A2A1EDD92FBFBF10BFB5F
:1046C000112252B242450ED19AF803109AF8010015
:1046D0000393C7F104024A43C2F387029AF8021017
:1046E000FFF74BFD039B029A01371444042FE4B2F9
:1046F000DDD109F10109B6E7002AE3DA054A1279AA
:104700000A44DEE731790133B3FBF1F201FB1233E6
:10471000B7E700BFA30C0020E10E002024230020F7
:104720001C2300202DE9F8432B4C2C4DA278E07877
:1047300002EB42032B440021904203F1030320D8F3
:10474000274EDFF8A090DFF8A48000272179FAB285
:1047500091421FD8FFF79CFD224D23482A7801780B
:1047600033780A4452B20B445BB2002A33702A7089
:1047700003DD2279013A934201DB49420170BDE831
:10478000F883013203F8021C03F8031C03F8011C30
:10479000D2B2D1E7B2FBF1F301FB1323A1780B44B2
:1047A00096F90010DBB28A4203EB43030EDB99F962
:1047B00000108A420ADC98F8032098F8021098F852
:1047C00001002B44FFF7D9FC0137BFE7E9180022AD
:1047D000EA544A708A70F7E7A30C002024230020D3
:1047E000DF0E0020A00C0020A10C00201C230020C4
:1047F000037913FB03F25A43C3F120032DE9F04779
:1048000003FB03F15525554303FB0123B5FBF3F5EA
:10481000EDB2292D85BFC5F1550404EB440405EB29
:10482000450404EBD474DFF87480DFF874A094BFFF
:104830006FEA54046FEA64040646E4B20027C146F6
:1048400098F80420FBB29A420BD8FFF721FD337988
:10485000104AD3B901211170127813443371BDE8A5
:10486000F0879A0799F802200B49134458BFC5F105
:10487000550003EB4303897854BFC0B22846534424
:104880002246FFF77AFC0137DAE7202BE4D1FF213B
:10489000E1E700BFA20C00201C230020A30C002095
:1048A000242300202DE9F041164FDFF86080164EDA
:1048B000044600253A79AA4208DCFFF7E9FC23798F
:1048C000013303F001032371BDE8F081BB7894F854
:1048D00004C07078B1782B4403EB4303B5EB520F5F
:1048E000434407DABCF1000F07D0F278FFF745FC2C
:1048F0000135DFE7BCF1000FF7D00022FFF729FCFC
:10490000F6E700BFA30C00201C2300202423002076
:104910002DE9F74F83780193494D077901230371FE
:104920000026484B1B79F4B2A34204D803B0BDE87B
:10493000F04FFFF7ADBC019B022B4FEA840B09D867
:10494000414B0BEB040193F801C005F801C0681856
:104950009B784370A7B90BEB04032B44DF709F7067
:10496000384B3A4A9B7823445C44291903EB4303B0
:104970001344285D8A784978FFF7FFFB0136D0E7BA
:104980000BEB040A05EB0A09DFF8BC8099F8030079
:10499000E0B10138C0B299F804C02D4B89F803008A
:1049A000C0EB0020B0FBFCF0C0B298F80310185C1C
:1049B0002238C0B2C0EB00204FF0BB0CB0FBFCF0C3
:1049C000C0B24843001289F80200C9E7FBF7D4FFE0
:1049D00098F803C04FEA5C0C0CF17F0E4FF4017C99
:1049E0000CFB0EFCCCF3072C6045B9DA019B022BC3
:1049F00015D9FBF7C1FF4FF0FF0C90FBFCFC844482
:104A000005F80AC0FBF7B8FF98F802C04FEA5C0C43
:104A100090FBFCFE0EFB1C0EF44489F801C00BEB6E
:104A2000040028440023837098F80330C82B28BF63
:104A3000C823142B38BF14230371C37090E700BF41
:104A4000AD0E0020A30C00201C23002024230020F6
:104A50000DAA000808B5094B1A786FF300021A7006
:104A60001868FFF7A8FB064B002241F288305A7005
:104A700003F0D5FABDE80840FFF70ABC1C2300206C
:104A8000E20E002008B5084B1A786FF300021A7086
:104A9000064B002241F288305A7003F0C0FABDE89C
:104AA0000840FFF7F5BB00BF1C230020E20E0020EA
:104AB00008B5084B084819780B224908FBF7F0FDA8
:104AC00010B9064B01225A7002F036FA044B1880D6
:104AD00008BD00BF1C230020A80C0020E20E00200F
:104AE000A60E002010B5164C2378DA0726D5D8B9C3
:104AF000012262F34703237011B12068FFF75BFBCB
:104B0000217810480B224908FBF7CAFD98B10E4BDB
:104B100000225A700D4BA17860780122DA70E27899
:104B2000BDE81040FFF75BBD2A2801D92A22E0E743
:104B300060F34703DFE7FFF7BBFFEBE710BD00BF04
:104B40001C230020A80C0020E20E0020A60E00204E
:104B5000054B1B785B0801332B2B014634BF1846ED
:104B60000120FFF7BFBF00BF1C2300200120FFF77B
:104B7000EFBF0000064B1B78C3F34603013B13F065
:104B8000FF03014614BF18462A20FFF7ABBF00BF42
:104B90001C2300200120FFF7EDBF0121FFF7A2BF7A
:104BA000034B187840F0010018704008FFF7F5BF7C
:104BB0001C230020034B1B78DB0701D5FFF74ABFFE
:104BC000FFF7EEBF1C2300200021FFF78BBF000082
:104BD00038B5124D2A78FAB901F0EAFF18B902F097
:104BE00069F8FFF7FFFAFFF7E3FA0D4C10F0FE0F3C
:104BF000206004D1FFF7F6FAFFF7DAFA2060FFF73A
:104C0000C1FA084B207800225A70C30702D5400829
:104C1000FFF7DAFF01232B7038BD00BFAC0E002078
:104C20001C230020E20E0020034B187840F0010006
:104C300018704008FFF7C8BF1C230020344B5A7877
:104C40002DE9F041002A60D01A78324B324E1B78A1
:104C5000C2EB5303DBB2022AB3701AD12F4A304C95
:104C6000D55CF3782BB10027F77002F065F9B780B7
:104C7000308002F061F93388C01A80B247F6FE72C4
:104C8000904242D81D44358023462348BDE8F04178
:104C90001847062A03D1234A234CD55CE1E7092AA9
:104CA00004D1224A224C5B08D55CDAE70F2A04D1F2
:104CB000204A214C5B08D55CD3E7152A03D11F4A53
:104CC0001F4CD55CCDE7182A14D0232A03D11D4BE5
:104CD0001D4C1D88C5E7242A0FD0252A11D1032297
:104CE000B3FBF2F202EB42029B1ADBB2174A184CFA
:104CF000D55CB6E7174C2825B3E7174C4FF4FA7587
:104D0000AFE7164C4FF4FA65ABE7BDE8F08100BFA2
:104D1000E20E00201C230020A60E0020C8A90008D7
:104D200055430008D4A9000879430008D7A9000812
:104D3000E5450008DCA9000849460008D1A900089B
:104D400025470008DAA9000895430008DFA90008F4
:104D500011490008F1470008A5480008494100082A
:104D600000B11047084738B504460D46FFF746FA2C
:104D7000A04206D3FFF742FAA84202D2FFF7F6FE9E
:104D800038BD2046BDE83840FFF707BF38B58C78FE
:104D90000546002C65D001F01FFE45F6D5439D4227
:104DA00000F0220014D845F6C1439D4214D9A5F560
:104DB000B945433D122D11D8DFE805F014191C1F29
:104DC0002225282B2E3134383D404346494B4E0096
:104DD00045F65D539D4241D0204638BDFFF7EAFEBF
:104DE0000024F9E7204A2149FFF7BAFFF8E71F4AF4
:104DF0001D49F9E71E4A1F49F6E71E4A1C49F3E719
:104E00001D4A1E49F0E71D4A1B49EDE71C4A1D4992
:104E1000EAE71C4A1A49E7E71B4A1C49E4E71B4A30
:104E20001949E1E70120FFF7B8FED9E70521022083
:104E3000FFF799FFD4E708210620F9E70E210920A2
:104E4000F6E714210F20F3E717211520F0E71820CB
:104E5000E9E722211920EBE72320E4E72A21252096
:104E6000E6E70124B8E700BF954B00086D4B00084A
:104E7000314500080D450008854500085D450008DE
:104E8000D9450008B14500084942000829420008F8
:104E900038B51D4D00232A460C210133F02B42F872
:104EA000041BFAD10023194A19460133E02B42F8BA
:104EB000041BFAD14FF48D7280214FF0904004F022
:104EC00078F90023124C1A460A21022004F0CEF889
:104ED000104BA2695B6A104938329A604FF4E8724D
:104EE000DD605A6043F6B0221A601A6842F001028F
:104EF0001A60204603F0FFFB20460022BDE8384040
:104F0000012103F009BC00BFE80E0020A812002018
:104F1000AC250020C8AF000810AB000830B518253C
:104F2000114C6843073004EB8004002041FA00F57F
:104F300015F0010F14BF1C250C25256242FA00F55F
:104F400015F0010F14BF1C250C2544F8045943FA31
:104F500000F515F0010F00F1010014BF1C250C2510
:104F600008286564E2D130BDE80E002070B50D4D13
:104F70002B7804460E461BB9FFF78AFF01232B70DE
:104F80000025B542A8B204F1030400D170BD14F8A5
:104F9000013C14F8032C14F8021CFFF7BFFF013585
:104FA000EFE700BFE40E002008B52320FEF790FFD6
:104FB000212801D0002008BD2420FEF789FF072802
:104FC000F8D12520FEF784FFA0F113035842584181
:104FD000F1E710B5041E14BF2121FF212320FEF7A5
:104FE0007FFF002C14BF0721FF212420FEF778FF4C
:104FF000002C18BF1321BDE8104008BFFF21252059
:10500000FEF76EBF08B50020FFF7E3FFBDE80840DC
:1050100001F0C4BD08B52620FEF75AFF08BDC1B295
:105020002620FEF75DBF08B5FDF746F8FFF7BCFF89
:1050300050B9FFF7F4FF00F059F900F0F1F9BDE8BD
:1050400008400120FFF7C5BF08BD10B58C78FCB142
:10505000A0F5BE43123B0F2B24D81238C0B200F08B
:10506000EBF90024204610BD012001F095FB03223E
:1050700002210120FEF79AF8F3E7012001F096FBE8
:10508000032202210120FEF791F8EBE70220F5E769
:1050900045F610739842F0D045F611739842F5D05A
:1050A0000124DFE745F610739842DDD045F6117311
:1050B0009842D7D10220D8E710B50378803B044648
:1050C000032B06D8DFE803F00206090CFFF7D8F837
:1050D000607010BDFFF792F8FAE7FFF7B9F8F7E74D
:1050E000FFF7C2F86070FFF7C5F8A070F1E737B5B9
:1050F0000378803B0446032B2DD8DFE803F0020F32
:105100001E24FFF7B1F80546FFF7B4F862780146B0
:10511000284603B0BDE83040FFF761BA4078FFF79A
:1051200053FD637823B903B0BDE83040FFF7AABC54
:1051300003B0BDE83040FFF777BD407803B0BDE86D
:105140003040FFF78BB8817801914578FFF798F8E8
:1051500001990246DCE703B030BDF8B5044610F80B
:10516000013B013B0D46122B00F29580DFE803F076
:105170000A14363F454F52595C93935F6369727BC3
:105180007E818A00002363700923A370294620468C
:10519000BDE8F84002F00EBA6378022B0DD0032B65
:1051A0000ED0012B38D101F0A7FE030EA370030C23
:1051B000E370030A23716071E8E7FFF72BFFF4E760
:1051C00027460026F0B2FEF7F1FA0136030A052E53
:1051D000BB70F87007F10207F4D1D7E76378022BB0
:1051E0001AD1D4F8020000BAFFF719FFCEE7E2782F
:1051F000A178607800F05DF8DBE722796379A17827
:10520000607843EA0223E27800F061F8BEE700F03C
:105210006DF8BBE7FFF76BFF29462046FCF79AFFC6
:10522000B4E7FFF749FFF7E7FEF7D6FFF4E700F032
:10523000C6F86070AAE700F0C4F8030A6370A070B3
:10524000A4E76078A378E178221D43EA002000F00B
:10525000BBF89BE76078A378E178221D43EA002041
:1052600000F0C9F892E700F0DBF88FE700F016F8DD
:10527000DFE76078A378E178221D43EA002000F0A0
:105280005FF883E76078A378E178221D43EA002085
:1052900000F06DF87AE7FF23237077E7042070476A
:1052A00052001E2303FB0121962202FB001047300F
:1052B000704738B5FFF7F4FF0546FEF709FE040214
:1052C000681CFEF705FEA4B2204380B238BD38B595
:1052D0001C46FFF7E5FF210A0546FEF701FEE1B295
:1052E000681CBDE83840FEF7FBBD00002DE9F74F14
:1052F0000026DFF848B0344606EB0B0800255FFABD
:1053000084FA0FE0FAB239F8023B019150460137B6
:10531000FFF7DDFF0F2F0199F4D10135052D08F1BD
:105320001E0803D0C1460027E9B2EBE70134042C84
:1053300006F19606E0D103B0BDE8F08F40A6000864
:10534000F8B5144600F1470556180027B44200D1BD
:10535000F8BDA5F14703B3F5167F06DA2846FEF738
:10536000B7FD207001350134F0E72770FAE7F8B592
:105370000E46174600F147040025B54200D1F8BD9E
:10538000A4F14703B3F5167F03DA795D2046FEF7F3
:10539000A7FD01340135F0E782B00328ADF8041011
:1053A0000AD89DF80510042906D89DF804200E2A75
:1053B00002D802B0FFF77DBF002002B07047102076
:1053C000704740F261107047F8B5144600F29F250F
:1053D00056180027B44200D1F8BDA5F29F23B3F5BB
:1053E000B07F06DC2846FEF773FD207001350134DE
:1053F000F0E72770FAE7F8B50E46174600F29F244B
:105400000025B54200D1F8BDA4F29F23B3F5B07FCB
:1054100003DC795D2046FEF763FD01340135F0E7DA
:1054200010B540F29F24204600210134FEF758FDBC
:10543000B4F5806FF7D110BD0F28F7B5044620D81A
:1054400040F2FF30FEF744FDD8B940F29F25D4B9B1
:10545000019401272846FEF73BFD6E1C8DF80400E1
:105460008DF8054068B1431E022B17D88DF8050052
:1054700030468DF80470FEF72BFD02358DF80600DE
:1054800068B903B0F0BDB5F5806FFAD02846FEF7D5
:105490001FFD08B9013CE4B20135D8E7354601A843
:1054A000FDF780FFD6E70000F8B5144682789DF836
:1054B00018701D46284B92B11C7001F03DFD274B22
:1054C000188004F12003DBB2072B44D804F0070452
:1054D0000120A040C0B2BDE8F84000F0C2BB1E7879
:1054E000A6422ED11D4B188801F02BFDC72828D8C5
:1054F000AE4205F1200415D006F12003DBB2072BE4
:1055000006D806F007060120B040C0B200F0B2FB9A
:10551000E3B2072B06D805F0070301209840C0B27C
:1055200000F09FFB3846E4B200F095FB072C12D840
:1055300005F007050120A840BDE8F840C0B200F022
:1055400099BB04F12003DBB2072B04D804F0070455
:105550000120A040F0E7F8BD2C1600202E160020F8
:1055600013B545F6F64304469C4208460FD845F667
:10557000F2439C4212D845F6D8439C421DD045F6D2
:10558000D9439C423ED045F6D7439C420FD0807809
:1055900000283BD01E4B00221A701CE0A4F5B94431
:1055A000743C022C0ED8DFE804F0181F26002623D6
:1055B0000093E1231A4621460AE027230093E523BE
:1055C000E522F8E726230093E022E12345F6F341A4
:1055D000FFF76AFF002002B010BD27230093E422EA
:1055E000E52345F6F441F3E726230093E222E12385
:1055F00045F6F541ECE727230093E622E52345F63F
:10560000F641E5E7282300930123D9E70120E2E7EB
:105610002C16002038B505468878002800F0CF8089
:1056200045F615439D4216D845F601439D4217D9CC
:1056300001F0CEFA634C45F615439D42208021D8F7
:1056400045F601439D420CD8208801F0CDFA00F0C8
:1056500035FD002004E0A5F5B9437A3B082BE7D9D6
:1056600038BDA5F5B845033D122D1AD8DFE805F081
:105670001E222633373B3F455155595D696D717583
:105680007B978300A5F5B9457A3DABB2082BDBD8F3
:10569000082DD9D8DFE805F0161B4D51376B7A8DF0
:1056A0009100237843F001032370CDE7237843F082
:1056B0000203F9E7237843F00403F5E7237843F086
:1056C0000803F1E7637843F001036370BCE7637894
:1056D00043F00203F9E7237843F01003E4E723786B
:1056E00043F02003E0E7237843F04003DCE700F0D9
:1056F000E5FC237843F08003D6E7237823F00C03FE
:1057000043F00C03D0E7637823F0030343F0030373
:10571000DBE723786FF30003C6E723786FF34103D9
:10572000C2E723786FF38203BEE723786FF3C303E6
:10573000BAE763786FF30003C7E763786FF3410359
:10574000C3E723786FF30413AEE723786FF34513B1
:10575000AAE723786FF38613A6E700F0AFFC23785F
:105760006FF3C713A0E7237823F00C039CE763785B
:1057700023F00303A9E72378C3F3800282F0010238
:10578000D2B262F3820362F3C3038DE76378DA4334
:1057900002F0010262F3000362F3410395E700F0B7
:1057A0008DFC2378C3F3C01282F0010262F3C713A9
:1057B0007AE7012001F080FA46E70020FAE70120AD
:1057C0004EE700BF061B002045F61643984210B571
:1057D0000C461BD101F000F9A2780D4B72B100F01C
:1057E000AA00002815BF01220022352029201A70A6
:1057F00001F0A0F801F062F9002010BD1B78002B29
:1058000014BF3520292001F09DF8F3E70120F4E7CB
:105810003016002028B1202814BF4FF0FF306FF061
:1058200001007047124B07B51A78F2B901211970BF
:1058300010480192402103F0BCFC019A0D488021E0
:1058400003F0B7FC4FF47A7002F0E9FB094840F22C
:105850000622402103F0ADFC064840F206228021DA
:1058600003B05DF804EB03F0A4BC03B05DF804FBE7
:1058700032160020000400482DE9F043DFF85C8078
:10588000144C85B00D4620701349404616461F46FD
:1058900002F000FFDFF848C0247840F2E730002132
:1058A000ECFB07014FF47A720023FAF773FD4FF017
:1058B00000096408CDE90190CDF8009033462A46EE
:1058C0002146404602F0F4FE05B0BDE8F043FFF784
:1058D000A1BF00BF3116002054AC000838250020BD
:1058E000A0860100014B1860704700BF34160020ED
:1058F000024B186808B10368184770473416002037
:10590000084B1B686BB1084A127842B1074A92F9FA
:105910000020002ABFBF02784270052202705B6837
:105920001847704734160020100E0020061B002078
:10593000034A12681AB10221017093681847704730
:1059400034160020054A1188814205D0044B10808E
:105950001B680BB1DB681847704700BF3A16002080
:1059600034160020054A1188814205D0044B10806E
:105970001B680BB11B691847704700BF3816002021
:105980003416002008B501F0B7FA024B1860024B3C
:10599000186008BD3C160020401600207047704774
:1059A00008B5FFF7FCFF08BD704708B5FFF7FCFF1F
:1059B00008BD000008B5054801F002FBFEF726FA15
:1059C000FFF7ECFFFFF7ECFF08BD00BF996B000885
:1059D0000120704708B5FFF7FBFF08BD704770470F
:1059E00008B5FFF7FBFFFFF7FAFF08BD08B501F0A8
:1059F00081FAFDF70DFFFFF716FBFFF7E9F8FFF758
:105A0000D4FF08BD2DE9F74FFDF740FF08B1FFF7C0
:105A1000B9FFDFF8DCA0DFF8DC8000255646EFB2E6
:105A20003846FDF7C3FE3AF8024B8442814643D024
:105A300098F800309B0701D5FDF7BEFE84EA090403
:105A4000A3B20022012423425FFA82FB2FD0FFF78A
:105A5000C1FFA8B119EA040F14BF012300238DF878
:105A600002308DF800B08DF8017001F065FA40F059
:105A70000100ADF8040002AB13E9030000F03CF8AC
:105A800036F815305C4026F81540184CFFF7D6F86C
:105A9000FEF7E6F8FFF72CFF2378834222D0FFF7CA
:105AA00027FF207003B0BDE8F04FFDF785BC013241
:105AB00064000F2AA4B2C6D10135052DAFD14FF62F
:105AC000FF73ADF8003000238DF8023001F034FA96
:105AD00040F00100ADF8040002AB13E9030000F050
:105AE0000BF8D2E703B0BDE8F08F00BF44160020EA
:105AF00046160020FB1600201FB56C4684E8030004
:105B00009DF802300BB100F093FF0023ADF80E308A
:105B100094E8030004AB0290ADF80C1013E9030005
:105B200004B0BDE8104000F017BD008800F0D2BE00
:105B300010B50446002841D0031FDBB2A02B11D8BA
:105B40001F4B0146186801F0D9F820B1204600F03B
:105B5000F9FE00F0B3FF204600F0ECFEBDE8104077
:105B600000F0ACBF00F12003DBB2072B07D800F038
:105B700007040120A040C0B200F034FFEEE700F1BE
:105B80005B03DBB2022B05D82438BDE8104080B29D
:105B9000FFF7D8BE00F15803DBB2162B06D8094A2E
:105BA000BDE8104032F81300FFF7DCBEEF2805D93E
:105BB000FDF766FFBDE81040FEF736B810BD00BF28
:105BC000B40C002060AC000808B590B3021FD2B23C
:105BD000A02A05D800F0B6FEBDE8084000F06EBF70
:105BE00000F12002D2B2072A07D800F007030120F3
:105BF0009840C0B200F0FEFEEEE700F15B02D2B2C8
:105C0000022A04D8BDE808400020FFF79BBE00F13F
:105C10005802D2B2162A04D8BDE808400020FFF787
:105C2000A1BEEF2805D9FDF789FFBDE80840FDF7C3
:105C3000FBBF08BD38B505460C46FFF779FF24B910
:105C40002846BDE83840FFF7BFBF6420013C02F0A2
:105C5000E6F9A4B2F3E739280CBF50210021FFF781
:105C6000E9BF08B528B100F0BDFEBDE8084000F06E
:105C700025BF08BD08B528B100F0BCFEBDE808404E
:105C800000F01CBF08BD2DE9F34786798578804672
:105C90000C4600F075FE36090746A0B12F4695B1B7
:105CA000C4F3072303F0F003402B04D004F12003D6
:105CB000DBB2072B1ED9022000F050FF00F060FE7F
:105CC00080F00100C7B2C4F30339B9F10F0F3FD818
:105CD000DFE819F01200120063006300AF00C60095
:105CE0003E003E00D0002C013C013C0191013E00F1
:105CF0003E009A010027E6E7C4F30723C4F3032616
:105D000013F0F00F18BF3601E4B295B156B104F1AB
:105D10002003DBB2072B304600D93CB900F062FE0D
:105D200000F0CCFE2046FFF703FF11E000F070FE0C
:105D3000F6E72046FFF748FF56B104F12003DBB237
:105D4000072B304600D92CBB00F054FE00F0B6FE05
:105D5000A9F10809B9F1030F03D8FFF7C9FDFDF751
:105D60002BFB002F00F0578100F002FE10F0010025
:105D700040F0518188F8020000F0F2FD00F00CFDC7
:105D8000404600F05EF900F0EBFD02B0BDE8F047E0
:105D900000F00CBD00F044FED8E7C4F3072303F085
:105DA000F003C4F3032A202BE4B218BF4FEA0A1A07
:105DB00064B1012C28D07DB34EB398F80630D907D2
:105DC000B0D56FF3071388F8063020E095B13EB9DF
:105DD00000F04AFE40EA0A00C0B2FFF742FFB7E710
:105DE000012EF5D100F040FE40EA0A00C0B200F0FA
:105DF00047FEADE72EB900F055FE5046FFF73AFFDB
:105E0000A6E7012EA4D0F6E71DB1052EA0D8504676
:105E1000E3E7042E9CD8F0E7002EEED0392C0CBF1F
:105E20004FF4FA50012002F0FAF82046FFF7CCFEBA
:105E30008EE714F4406FC4F3812307D0012B87D180
:105E400065B1C4F30900FFF78DFD81E725B1C4F307
:105E50000900FFF777FD7BE72846FAE72846F2E7D7
:105E6000E0B225B1FDF70CFEFDF7DEFE70E7FDF7B1
:105E700065FEF9E714F4407F27D1002D7FF468AF69
:105E8000C4F34210E2064FEA800048BF0F25C0B2BB
:105E900048BF854004F00F03C4F3812448BFED439D
:105EA0008340022C45EA030009D0032C0AD0012CC0
:105EB00002D000F037FC4BE700F02CFC48E700F084
:105EC00039FC45E700F023FC42E7C4F3012215B397
:105ED00002F00103002B3FF43BAFC4F342108000FB
:105EE000C2B204F00F0000FA02F114F010001CBF5F
:105EF0000F2303FA02F0C4F3812414BFC343034603
:105F0000022C43EA01000BD0032C0CD0012C04D04E
:105F100000F06AFC1CE75308DCE700F05DFC17E7C3
:105F200000F06AFC14E700F013FC11E7E6B2C4F3DA
:105F3000032425B1204600F02FFC30464DE73046C3
:105F4000FFF798FE204600F031FC01E75FFA84FA83
:105F5000AAF1F003042B39D8DFE803F0030E151A79
:105F600023003DB1042E3FF6F3AEC4F3042000F04D
:105F700029FCEDE6052EF6E7C4F30420002DE2D05F
:105F800000F00AFCE4E6C4F30420002DF8D0DAE7C0
:105F900025B1C4F3042000F0F9FBD9E600F0E4FBDE
:105FA000D6E64DB1C4F30420019000F0F5FB019852
:105FB000032100F0AFFDCBE6012000F0CFFD012E64
:105FC0007FF6C6AE022000F0C9FDC1E62DB10EB1CC
:105FD0005046A8E6C4F30420D2E74EB1BAF1390F17
:105FE0000CBF4FF4FA50012002F019F850461DE79B
:105FF000C4F30420A7E7C4F30322E1B24046FDF74F
:10600000E3F900F017FBA3E6C4F30322E1B2404634
:10601000FDF7DCF99CE602B0BDE8F08713B5018816
:106020000446807800F062FC0146019100F0ECFB30
:1060300000F06CFB0199204602B0BDE81040FFF76C
:1060400022BE13B583880288ADF804200446CBB184
:10605000BDF804204FF6FF739A4213D0FDF7CBF83A
:1060600050B900F08DFC68B1A3785BB1022002B09A
:10607000BDE8104000F072BD2046FFF7CFFF20467C
:10608000FDF77CF802B010BD08B50020FFF75AFC00
:106090000020FFF767FC00F0CBFC00F0DFFC00F015
:1060A0000DFDFDF79FFEBDE80840FDF7BDBD08B53D
:1060B00000F050FCBDE80840FFF7E6BF08B500F06F
:1060C000A1FCBDE80840FFF7F2BFC0F30332023A7B
:1060D000C3B20D2A1CD8DFE802F007071B1B141BF4
:1060E0001B1B0707181B1B18F02B13D004D8E72B1A
:1060F0008CBF002001207047F42B14BF002001202A
:106100007047E72B06D9F12BF7E7C0F3C0207047A3
:10611000002070470120704707B5ADF804000198D2
:1061200000F0D8FB03B05DF804EBFFF7CEBF82B000
:1061300002AB03E9030002B0704782B002AB03E98F
:10614000030002B07047000070B5094B094E1C787F
:10615000094D3378A34200D170BD05EBC40355F857
:10616000340059680134FFF7E8FF04F00704F0E752
:106170009B1600209A1600205A160020024B186821
:106180005968FFF7DABF00BF52160020214BF7B560
:106190009A7912F0F00F0AD19A7842B11E4A1F4E36
:1061A00012781F4D4FF6FF773178914201D103B03D
:1061B000F0BD98881988ADF8041038B389B2B94297
:1061C00024D005EBC20493F801C061788C451DD141
:1061D00093F800C015F832108C4517D1A178A9B9F1
:1061E000A188091A89B2C72910D8997909480122CA
:1061F00062F307119971A37962F30713A371FFF793
:1062000020FF03B0BDE8F040FFF79EBF013202F06F
:106210000702C9E7521600209B1600209A1600209C
:106220005A1600202DE9FF47C74F0446B988006879
:10623000009038882378627894F80280B4F804A03B
:10624000ADF80800EC463D46002900F0D48080B24D
:106250004FF6FF7E704500F0CE80BE78002E00F035
:10626000CA80AAEB0101B87989B2C72900F0F00908
:1062700000F293803988ADF80810B9F1000F4BD1C6
:106280007145C1461BD08DF800308DF80120BDF856
:1062900000C08C4513D1B8F1000F40F01C810123E0
:1062A00063F30710B871FFF769FF3846FFF7C9FEBF
:1062B000BB79A3710026304604B0BDE8F087BAF17F
:1062C000000F40F00C81B8F1000FF3D0AB7943F030
:1062D0000103AB71EEE700EBC10595F801C09445F1
:1062E00006D110F831C09C4502D1AD78002DE1D126
:1062F000013101F0070106E110F4706F02D0002BAC
:1063000000F020812033DBB2072B40F21B812046B6
:10631000FFF797FEB14615E1714515D08DF80030B5
:106320008DF80120BDF800C08C450DD1B8F1000FEB
:106330000AD1A0712046FFF784FE23683B606368A2
:106340007B60FFF71BFFB6E78DF800308DF801206A
:106350000098FFF7E1FEE0B1B8F1000F19D0AB797A
:106360001F2B0CD92A88ADF8082002A800228DF82E
:106370000A20ADF80CA08DF80E30FFF762FE2368FE
:106380002B6063686B60FFF701FFFFF7F7FE0126E4
:1063900091E72046FFF755FEF9E7B9F1000F15D157
:1063A0008DF800308DF801208DF80280ADF804A042
:1063B0009CE80300FFF7BBFE3846FFF742FEC7F834
:1063C0000090C7F80490FFF7D9FEBBE08DF80030CD
:1063D0008DF801203988BDF800C08C45B4D1B8F1E2
:1063E000000FB1D1A0712046FFF72BFEC7F8008047
:1063F000C7F804805FE72888ADF80800002951D06D
:1064000086B24FF6FF7086424CD0AE78002E49D14E
:10641000AAEB010189B2C72935D84646002EB8D06B
:106420008DF800308DF801202988BDF800308B42AE
:106430001CD1AB79DA0714D413F0F00211D0F02A92
:10644000A37106D0DBB2C3F30312013262F3071368
:10645000A3712046FFF7F5FD23682B6063686B602E
:106460006FE723682B6063686B6024E70098FFF791
:1064700053FE002883D1AB79204643F00103AB7172
:10648000FFF7DFFD17E78DF80280ADF804A08DF867
:1064900000308DF801209CE80300FFF748FE2E60D5
:1064A0006E604EE7B8F1000F3FF473AF8DF8003027
:1064B0008DF801200098FFF72FFE064600283FF4D4
:1064C00068AF23682B6063681F486B60FFF72DFB84
:1064D000FFF75CFE35E7BAF1000F3FF4F7AE8DF839
:1064E00008308DF80920BDF808004FF6FF7188428A
:1064F0003FF4E9AEB8F1000F7FF4E8AE1348144959
:10650000077809781348B9427FF4E5AE8DF800307A
:106510008DF80120009800F0DDF9C0F30332012A64
:10652000C3B27FF6E9AE0E3202F00F02012A3FF647
:10653000EEAE10F4706F3FF4E5AEA27912F0F00FFA
:106540007FF4E0AE4E46B6E6521600209A160020C2
:106550009B1600205A160020F0B587B06D4685E8DE
:1065600003002846FFF75EFE2E4F2F4E044688B1EB
:10657000BDF80430BDF80020ADF8102043B192B250
:106580004FF6FF739A4203D095E80300FFF7D5FD5D
:10659000264C41E095E8030004AB83E80300BDF816
:1065A0000410BDF81020ADF80C200029F0D01FFA1F
:1065B00082FC4FF6FF7294453D783078E8D06A1C33
:1065C00002F0070282420DD0184CADF8141003CB34
:1065D00004EBC50C44F835003A70CCF80410FFF712
:1065E000B3FDD5E7FFF76AFD114B3C7034701C60BA
:1065F0005C60CDE704EBC000FFF714FE80B1337898
:1066000004EBC30254F833005168FFF796FD33786A
:10661000013303F00703337030783B788342E9D1CC
:1066200007B0F0BD9A1600209B1600205A160020D5
:1066300052160020F8B5034660B1002501261C461D
:1066400014F8010B74283FD00BD802282DD002D8A3
:10665000012812D0F8BD031F6F2BFBD8FFF768FA93
:106660001AE075283AD000F17C03DBB26F2BF1D829
:1066700000F07F00FFF7A8FA0EE09C1C5B7803F1A6
:106680002002D2B2072A0ED803F007039840C0B206
:1066900000F0D4F900F012FA2F46013FFFB2FF2FAD
:1066A0001FD12346CBE71846D8E758789C1C00F149
:1066B0002003DBB2072BDDD800F0070006FA00F05C
:1066C000C0B200F0C3F9E5E75F789C1C013FFFB260
:1066D000FF2FE1D0642001F0A2FCF7E75D789C1C5D
:1066E000DAE7642001F09BFCD7E7704708B5FFF7B5
:1066F000FCFF08BD08B5FFF7F9FF034B1860BDE8C4
:106700000840FFF7C1BC00BF9C1600207047FFF790
:10671000F1BF0000024B1B681843FFF7EBBF00BF3F
:106720009C160020024B1B681840FFF7E3BF00BF18
:106730009C160020024B1B685840FFF7DBBF00BFD0
:106740009C160020704708B5FFF7FCFF08BD00004D
:1067500008B5FFF7F8FF034B1860BDE80840FFF7E6
:1067600093BC00BFA01600200020FFF7F1BF00007F
:10677000054B1B681BB9B0FA80F04009704723FA3B
:1067800000F000F001007047A0160020012303FA7A
:1067900000F0FFF7DDBF0000012303FA00F0024B19
:1067A0001B681843FFF7D4BFA0160020012303FA8B
:1067B00000F0034B1B6823EA0000FFF7C9BF00BFCE
:1067C000A0160020012303FA00F0024B1B6858407A
:1067D000FFF7BEBFA0160020024B1B681843FFF74F
:1067E000B7BF00BFA0160020024B1B681840FFF780
:1067F000AFBF00BFA0160020024B1B685840FFF738
:10680000A7BF00BFA016002070470000C0F30723F9
:10681000C3EB031337B553FA80F000F007030122EE
:106820009A40C0F3C4000A4B00EB8000D2B2184477
:106830000024057821FA04F343F300036B4013406E
:1068400001346B40052C00F8013BF2D103B030BDA0
:10685000A4160020C0F30723C3EB031313B553FAA8
:1068600080F00B4900F00704C0F3C40000EB800087
:1068700000220144104611F8013BE34003F00103FC
:10688000934001321843052AC0B2F4D102B010BDC2
:10689000A41600200D4B73B51E680D4BADF8040017
:1068A0001B681F241E4326FA04F3DB07E5B205D458
:1068B000013CF8D20025284602B070BD0199284657
:1068C000FCF78CFD80B20128F2D0F4E7A01600207E
:1068D0009C16002007B5ADF804000198FFF7DAFF19
:1068E000019903B05DF804EBFCF778BD13B5104BCC
:1068F000ADF804101B782BB1019802B0BDE8104030
:10690000FFF7E8BF70B10198FFF7C4FF04460146E6
:106910000198FFF77BFF0199204602B0BDE81040C7
:10692000FCF75CBD0198FFF795FF0446F3E700BF55
:1069300050160020024B0146186800F04BBA00BF09
:10694000B40C0020024B0146186800F05DBA00BF8D
:10695000B40C0020014B186800F070BAB40C002091
:10696000024B93F90000C0F3C7007047F7160020F0
:10697000024B187800F00700704700BFF7160020A0
:10698000034B187810F0070018BF0120704700BFB4
:10699000F7160020064A5378C3F38001814205D0E0
:1069A00060F382035370108800F01EB9704700BF77
:1069B000061B0020044B5878C0F3800080F00100D3
:1069C00000F00100FFF7E6BF061B00200120FFF7E3
:1069D000E1BF0020FFF7DEBF014B1878704700BF12
:1069E000F9160020024B1A7810431870704700BF48
:1069F000F9160020024A137823EA0000107070474D
:106A0000F9160020014B00221A707047F916002079
:106A1000024B1A7810431870704700BFFA16002016
:106A2000024A137823EA000010707047FA1600201B
:106A3000014B00221A707047FA160020024B1A7898
:106A400010431870704700BFF6160020024A1378F2
:106A500023EA000010707047F6160020014B002258
:106A60001A707047F6160020014B1878704700BF67
:106A7000F8160020704708B5FFF7FCFF08BD0000BE
:106A8000064A5278520708B506D4054A1178814261
:106A900002D01070FFF7EFFF08BD00BF061B0020FB
:106AA000F816002008B5044B1A781AB100201870A7
:106AB000FFF7E1FF08BD00BFF816002010B50D4B31
:106AC0000D491B7809780D4C0B430D492068097856
:106AD0000B430C490370097831B10B43037000F08C
:106AE000EFF808B1FFF7DEFF2068BDE81040FEF7C1
:106AF00007BF00BFF9160020FA160020B40C0020D2
:106B0000F6160020F8160020704708B5FFF7FCFFC6
:106B100008BD00000A4A5278520710B50CD4094C3F
:106B200041EAC0012170FFF737FE94F90000C0F37D
:106B3000C700FFF7EAFF10BDBDE81040FFF72CBE0D
:106B4000061B0020F716002008B5034B0020187024
:106B5000FFF7DBFF08BD00BFF716002008B50C4AA1
:106B600092F9003023EA000040B21070420702D1CF
:106B7000DBB2834203D1074B5B785B0707D5C0F3D9
:106B8000C700FFF713FEBDE80840FFF7DDBF08BDF3
:106B9000F7160020061B00200020704708B5FDF7FF
:106BA0003BF9BDE808404FF6FF710020FDF7BBB987
:106BB00008B50020FDF797F94FF6EA63C31A58426B
:106BC000584108BD0220FDF783B90320FDF780B9C5
:106BD00010B50420FDF77CF904462220FDF778F972
:106BE00044EA002080B210BD10B5C1B204460420B2
:106BF000FDF776F9210A2220BDE81040FDF770B9B3
:106C000001460F20FDF7B8B901461320FDF7B4B9CE
:106C10000020FFF7F9BF08B50020FFF7F1FFFFF7ED
:106C2000F7FF08BD10B5FDF7F7F84FF6EA61002051
:106C3000FDF779F900210220FDF752F90021032028
:106C40000024FDF74DF91A4B214604201C60FDF786
:106C500047F921462220FDF743F921460520FDF79B
:106C60003FF921460620FDF73BF9FF210720FDF7FC
:106C700037F921460820FDF77FF921460D20FDF761
:106C80002FF921461820FDF777F921461720FDF747
:106C900027F921461C20FDF76FF921462020FDF73A
:106CA00042F921461820FDF767F9FFF7B4FF10BD40
:106CB0009C160020FFF7B6BF01460E20FDF710B965
:106CC0000C4B1B78821C63B10B4B93F90030002BEB
:106CD000ACBF06231E230020013BDBB2FF2B02D1F9
:106CE00070470623F7E712F8011B0029F4D00130A2
:106CF000C0B2F1E7100E0020061B0020F9B1124BC4
:106D00001B78A3B1114B93F90030002B0FDAEF2958
:106D10004FEAD10213D81044012301F0070103FA0E
:106D200001F18378194214BF012000207047831CB1
:106D3000083013F8012B8A4203D08342F9D1002096
:106D400070470120704700BF100E0020061B002076
:106D500030B54FF0FF32841C002314F8015B8D42E4
:106D60000ED0B2F1FF3F02D1002D08BF1A46013309
:106D7000DDB2062D5BB2F0D1531C01D010448170FE
:106D800030BD10B5831C0022083013F8014B8C4233
:106D900008BF03F8012C8342F7D110BDEF294FEA59
:106DA000D10308D8184401F00701012303FA01F1C7
:106DB0008378194381707047EF294FEAD10308D8CF
:106DC000184401F0070101238B40817821EA030177
:106DD0008170704710B40A4C247803460A4644B1C7
:106DE000084C94F90040002C03DA5DF8044BFFF7DF
:106DF000D5BF5DF8044B11461846FFF7A9BF00BF89
:106E0000100E0020061B002010B40A4C2478034604
:106E10000A4644B1084C94F90040002C03DA5DF8AE
:106E2000044BFFF7C9BF5DF8044B11461846FFF746
:106E3000A8BF00BF100E0020061B0020094A1278D0
:106E4000831C4AB1084A92F90020002A04DA1E2263
:106E500000211846F9F70EBD0022C0F802209A80E2
:106E6000704700BF100E0020061B002008B5002050
:106E7000FCF7A2FAFBF768F9BDE8084040F2A4600D
:106E800001F0CDB87047704710B5FFF7FBFFFCF776
:106E9000FDFCFFF7F8FF0024E0B2FCF787FC18B90F
:106EA0000134052CF8D110BD0120FCE708B5FFF72F
:106EB000A9FDFFF7BDFDFFF74DFDFCF793FF002097
:106EC000FEF740FD0020FEF74DFDFEF711FDFCF73B
:106ED00073FAFBF73CF908BD08B5202383F311884A
:106EE00001F0E8F9002383F31188014B186008BD15
:106EF000FC160020FFF7F0BF38B5202383F311887C
:106F000001F0D8F9002383F31188084B084C196865
:106F1000084A411A00254FF47A70E0FB014500232E
:106F200020462946F9F736FA38BD00BFFC16002086
:106F30009F860100A086010008B5FFF7DDFF80B243
:106F400008BD10B50446FFF7D7FF001B80B210BD87
:106F5000074B084A1A60BFF34F8F0749074BCA68AF
:106F600002F4E0621343CB60BFF34F8F00BFFDE735
:106F7000FC9F0020EFBEADDE00ED00E00400FA054E
:106F80000A4A08B552F8041C094B99420DD1002356
:106F900042F8043C83F31488064B1B6883F308888B
:106FA00062B6054B1B689847FEE708BD00A00020AD
:106FB000EFBEADDE00D8FF1F04D8FF1F00207047D2
:106FC000014B1860704700BFB80C002010B5084A8C
:106FD000084C117824784B1C03F00F039C421DBF12
:106FE000054C13706054002018BF012010BD00BF75
:106FF000522300205323002042230020704700002A
:1070000008B5202383F31188034800F083FC002394
:1070100083F3118808BD00BF900D002038B5094CDE
:10702000104622460D46002142F8041F40EA052082
:10703000194600F033FB20606068002818BF204626
:1070400038BD00BF2018002090F87A10074A0229A6
:10705000137807D103F0FB03012B05D1044B5278C1
:107060001A707047024A1370704700BF76180020EC
:107070005418002013B505292ED8DFE801F0322D71
:1070800003322F39202383F31188214C214A0190A8
:10709000012101F0B3FB204A0198042101F0AEFB6D
:1070A00094F8B410019804F1440201F0A7FB94F89D
:1070B000B510019804F1680201F0A0FB94F8B61035
:1070C000019819B104F18C0201F098FB134800F00B
:1070D000ECFB002383F3118802B010BD0420FFF7FE
:1070E00075FF202383F311880C4800F0BBFBF0E709
:1070F000202383F31188094800F0CCFB002383F39D
:107100001188052002B0BDE81040FFF75FBF00BF47
:10711000BC0C002090AC0008B4AC0008900D00201E
:1071200013B504460748C2680B461AB1019100F036
:107130009BFD019B044A0348214602B0BDE8104074
:1071400000F038BD401800204D71000870B52023B4
:10715000064683F311880378042B03D0002383F3BE
:10716000118870BD144B1B78DB09F7D1134C2278C2
:10717000002AF3D0124B1B78002BEFD003899B071A
:1071800004D4104A0823012101F08AFB0E4B247815
:1071900040F2E730A4FB034520184FF000014FF404
:1071A0007A724FF0000345EB0101F9F7F3F831462D
:1071B0008000FFF7B5FFD1E7061B00203C18002038
:1071C000100E002055180020A0860100F8B590F898
:1071D000743003F07F02212A044674D113F0800F2B
:1071E00090F8750021D0022819D003280ED001286C
:1071F00069D194F878302BB9464AA2662022E2661B
:107200002367F8BD0023C4E91A33F9E7B4F87830EE
:10721000002B58D1404AA2660120E066F0E73F4BC0
:10722000A3660120E0660023EAE70A2842D00B2883
:107230000ED0092847D194F8783013F0FD0F42D1D1
:10724000374BA3660223E366364B23670120D8E75A
:10725000B4F8783053BB94F876502F4B002D14BF00
:10726000012100211970304B1A7861F3C7121A708E
:107270001CD12A4B1A78CAB1202282F311881E78B9
:107280002A4B40F2E730A6FB036730184FF00001AD
:107290004FF47A724FF0000347EB0101F9F77AF8E7
:1072A00021468000FFF73CFF85F311880023C4E9E5
:1072B0001A33CAE71C49194B0D7894F877201A70D5
:1072C000ED09F3D1D7E7B4F8742040F281639A4214
:1072D00016D194F87920616894F878304D6894F864
:1072E000771043EA0223204694F87620A84708B98D
:1072F000002086E74368A3660368E3660023A4E7EB
:107300000B4B93F8B630002BF2D02046BDE8F84086
:1073100000F0E2BA55180020100E00203C180020A2
:107320007618002049700008061B0020A086010086
:10733000BC0C00207047000008B510220448002152
:10734000F9F798FA034A00231370034A137008BD33
:10735000422300205223002053230020F8B50C4C78
:107360000C4E2546307823780B4F0021984202D1ED
:1073700001B12870F8BD1A460133BA5C052A03F042
:107380000F034FF00101F1D12B70FFF78FFDE9E7FB
:1073900053230020522300204223002070B50446CE
:1073A000194800F10802826500F11C02C0F8802033
:1073B00000F13002C0F8A02000F1B001D43000F09C
:1073C0000FFA12494FF0904501F1240000F032FA13
:1073D0004FF4805601224FF480514FF0904001F05D
:1073E000E8FE0B486E8300F01AFE0A49204601F0C1
:1073F000C5F940F202723146284601F0DAFE064B2A
:107400000022DA6070BD00BFBC0C00206C0D0020B3
:10741000F0490200D8AC00084018002070B54FF0C9
:10742000904504464FF4805601F0BEF901224FF416
:1074300080514FF0904001F0BCFE204605496E831C
:1074400001F09CF93146284640F20272BDE87040D6
:1074500001F0AFBED8AC0008014B1878704700BFF0
:107460005418002070B52023044683F31188204D62
:107470002B78042B2E4625D11E4A2B8992F9002009
:10748000002A23DA1C4A127802B3DA0610D4202329
:1074900022460421164801F003FA184B224604F153
:1074A000200152F8040B43F8040B8A42F9D109E099
:1074B000EB6958694FF0FF310C3000F0BDFD2B78BF
:1074C000042BE4D0002383F3118870BD9B0703D401
:1074D000082322460121DDE7336958694FF0FF3167
:1074E0000C3000F0A9FD3378042BEBD1F0E700BF9E
:1074F000C8250020061B0020100E00205518002073
:1075000007B52023024683F311880F4B197804290D
:1075100005D0002383F3118803B05DF804FB1989BB
:10752000C9060AD5DB69019058694FF47A710C30AD
:1075300000F082FD0130019AEBD0034806230421BC
:1075400001F0AEF9E5E700BFC825002013B5202300
:1075500083F31188094C2178042904D0002383F394
:10756000118802B010BD0323ADF8050001AA204622
:107570008DF8043001F094F9F0E700BFC825002031
:1075800013B5202383F31188094C2178042904D0F2
:10759000002383F3118802B010BDADF8050003236A
:1075A00001AA20468DF8041001F07AF9F0E700BF37
:1075B000C8250020202910B4034609D1064850F8F8
:1075C000D42F54680A46194623465DF8044B1847E1
:1075D0005DF8044B704700BFBC0C002010B5084894
:1075E00050F8D43F88B01C6A202200236946A04787
:1075F00018B1C1B26846FDF7B0FD08B010BD00BFBC
:10760000BC0C0020FFF7BCBC7047704708B5FFF703
:10761000F9FF02F039FDFFF7F7FF08BD08B502F0EA
:1076200075FDFFF7F2FF08BD38B500F01DFE00F054
:107630007FFAFEF7BFF9FFF77FFE1648154DFFF7FB
:10764000ADFE41F2883000F0EAFCFEF7CFF91248B7
:10765000FEF748F92C46FFF781FE2B78052B11D059
:10766000FEF7D0F9FFF7BAFFFEF7BAF9F3E7FFF735
:10767000FDFBFFF709FC28B1204601F023F9204665
:10768000FFF7CCFE2378052BF1D0FFF717FAFCF7B4
:10769000CBFAE5E7C8250020140E002010B5040A37
:1076A000032C0FD007D8012C23D0022C07D1124B6A
:1076B0005B20136010BD212C0DD0222C12D0002095
:1076C0000346F6E7C0B20228F9D80C4B0C4953F830
:1076D0002030405CEDE70229F1D80A4B092053F82D
:1076E0002130E6E70229EAD8074B084853F8213051
:1076F000EFE7074B1220DCE713AD0008E8AC000809
:10770000F4AC0008F8AC000804AD000810AD0008A7
:107710006EAD000813B5446BE36F1A681178042945
:1077200015D1217A022912D11979128901238B40AE
:1077300013420CD101A904F1440000F0B1FE02464D
:1077400028B1E46F019B2179206801F0A9F802B00B
:1077500010BD0C3000F036BE4FF0FF330C3000F09F
:1077600031BE443000F004BF4FF0FF33443000F02E
:10777000FFBE0C3000F009BE4FF0FF310C3000F0BE
:1077800004BE443000F0D4BE4FF0FF32443000F06D
:10779000CFBE70B5C36F1A6811780429054601D0B1
:1077A000012070BD017A0229FAD1187901238340A2
:1077B000508913EA0004F3D105F10C0000F0A0FD9C
:1077C00002460028ECD0EE6FAB6A30687179043B5A
:1077D00001F054F82046E4E7406BFFF7DABF000001
:1077E0007FB50346104A43F8042B012643600F4B34
:1077F000067202900193CB6800930D4604464B69D4
:107800000A6A0C30314600F059FD094B0193AB6810
:107810000093EA692B690294314604F1440000F0B8
:107820001CFE04B070BD00BFD4AE0008D9770008BC
:10783000157700080B68202282F311880A7903EB80
:10784000820290624A79113243F822008A7912B199
:1078500003EB8203986202230372C167002383F360
:107860001188704738B5044601250221043000F024
:1078700089FC04F10C0025756FF0010100F00FFC8C
:1078800084F84C5004F144006FF00101BDE8384029
:1078900000F005BC10B501210446043000F072FC74
:1078A0000023237584F84C3010BD38B504460025FC
:1078B0000C3000F01AFD04F14400257500F0E4FDE1
:1078C000201D84F84C50012100F05CFC2046BDE8EE
:1078D0003840FFF75EBF000090F8743003F060039B
:1078E000202B07D190F87520212A4FF0000303D8F0
:1078F0001F2A06D800207047222AFBD1C0E91A337C
:1079000003E0034A82660722C266036701207047CC
:10791000280E002073B5C36F1A6811780429044635
:1079200027D1017A022924D11979158901238B40A5
:107930001D401ED100F14406304600F061FEC0B18A
:10794000304601A900F0ACFDE36F1A7E06464AB14D
:1079500001981A692946121A3044F8F78BFFE36F31
:107960001B690193E06F019B01790068324600F0CA
:1079700097FF02B070BDF0B500EB810385B09E6A41
:1079800004460D46FEB1202383F3118804EB8507DE
:10799000301D082100F0F6FBFB685B691B6806F1EF
:1079A00044001BB1019000F088FD019803A900F08C
:1079B00077FD024648B1039B2946204600F070FF40
:1079C000002383F3118805B0F0BDFB685A69126883
:1079D000002AF5D01B8A013B1342F1D1F36F1B7EC5
:1079E000002BEDD104F17402E6E7113110B550F827
:1079F0002140C4B1202383F311880421601800F0D2
:107A0000C1FBE26F1368527903EB820304F10C00AF
:107A1000DB689B69596800F07DFC2046FFF7B9FEE2
:107A2000002383F3118810BD70470000024B034A06
:107A30001A60034A5A6070475423002058260020D9
:107A400000A00020094B30B51C684D1E224449425D
:107A50002A440A4059681044814204D3844202D81F
:107A60001860104630BD0022FBE700BF5423002001
:107A7000074B10B55C684942201A08401968821A01
:107A8000914203D8944201D35A6010BD0020FCE714
:107A90005423002008B5202383F31188FFF7D2FF79
:107AA000002383F3118808BD08B5202383F31188D0
:107AB000FFF7DEFF002383F3118808BD0448054B60
:107AC00003600023C0E901330C3000F041BB00BF6C
:107AD0008C180020A97A000870477047FEE7000064
:107AE0001149F0B508200026D1E901340A681D4685
:107AF000043AAC4210D8E21CD21ADD1E22F0030276
:107B0000AC4238BF00221344CA689A4209D80138EF
:107B100001F11001E8D1F0BD52F8047F45F8047B73
:107B2000E7E743F8046BF0E7FCAE0008FEE700006F
:107B300010B5114C00F016F900F02EF8FFF776FFA3
:107B4000FFF7BCFF00F0ECFA0C498022204600F061
:107B5000FBF90B4BC361012380F8203044F8180C6B
:107B600000F034FB002383F3118862B60548BDE8BA
:107B7000104000F01FBA00BFF0240020ACAF000896
:107B80000004002084AF000872B6014BD862FEE703
:107B9000C024002000F0A4B8054B03F11C02C3E987
:107BA00007224FF0FF310022C3E90912704700BFDE
:107BB000C0240020F8B50D46C0E90323044600F0B8
:107BC00079FB022D2946274D2A4638BF022152F85B
:107BD0001C3F93422E4617460AD1A862C5E90744C6
:107BE0000844C4E90033A160BDE8F84000F051BB8F
:107BF000D5F828C0A0EB0C0289180D4627D34FF00A
:107C0000000E9D68AA421DD8BB420CEB020EACEBE5
:107C1000000018BFAA1AC6F828E001EB000518BF3B
:107C20009A60F3699A68AA4219D35A68236062601D
:107C300014605C60A5609A68551B9D604FF0FF332F
:107C40007362F8BDC3F808E0521B1B68D9E79B6854
:107C50009942E6D20CEB010000F028FBE1E71B683B
:107C6000AD1ADFE7C02400201C4AD169814238B533
:107C70000368154602F11C040DD0426813600368C6
:107C80005A60A3424FF00002C26003D09A68816834
:107C90000A449A6038BDD361A3424FF000025C6091
:107CA000CA6003D1BDE8384000F0FBBA9A68896821
:107CB000AC6A0A449A6000F0FDFAEB699B68021B0B
:107CC0009342E7D91C44201A0128A86A98BF931C44
:107CD0001844BDE8384000F0E9BA00BFC0240020D5
:107CE0002DE9F84F1E4C0027E56904F11C06B84643
:107CF00000F0E0FAA36AAA68A0EB03094A451CD881
:107D00004FF0200AAA68A36AD5F80CB01344A36206
:107D10002B68B3425E60A9EB0209E361EF6001D119
:107D200000F0BFFA88F311882869D8478AF31188D0
:107D3000E569AB684B45E5D9DAE7E269B2420DD0B7
:107D40009168A0620B441B1A9360AB68022B2CBF96
:107D5000C0180230BDE8F84F00F0A8BABDE8F88FAF
:107D6000C0240020034B0022C3E90033C3E90433DD
:107D70009A607047C0240020002380F82030826879
:107D8000054B1B6899689142FBD25A6803604260B8
:107D900010605860704700BFC024002008B5202341
:107DA00083F3118890F820200023072A07D8DFE802
:107DB00002F00C060604130F0613426A13604FF01C
:107DC000FF334362FFF7D8FF002383F3118808BD18
:107DD000426A936801339360D0E9003213605A60BD
:107DE000EDE70000002380F820308268054B1B6817
:107DF00099689142FBD85A680360426010605860ED
:107E0000704700BFC024002038B50D4CA56922681A
:107E100085F82000116821604C600121A26182F880
:107E20002010EFF30982E969643A914202D90548CA
:107E3000FFF7AAFEA0692946BDE83840F8F790BAD6
:107E4000C02400209CAF000830B54B1C0B4D87B000
:107E5000044610D0AB690A4A01A8FFF7ABFE2046E2
:107E6000FFF7D2FF049B13B101A8FFF7FDFEAB693A
:107E7000586A07B030BDFFF7C7FFF8E7C0240020FD
:107E80009D7D000870B5114E4162B36981689A68A2
:107E90009142044603D8BDE87040FFF76DBF184615
:107EA000FFF7A0FF01230546B46184F82030EFF30B
:107EB0000983C269643B9A4202D90548FFF764FE10
:107EC00029462046BDE87040F8F74ABAC024002091
:107ED0009CAF0008044B1A689B6990689B689842A5
:107EE00094BF002001207047C024002038B50E4CFC
:107EF0002368A0691A6822605460012283F8202058
:107F0000A361FFF76FFF0546EFF30983C269643B86
:107F10009A4202D90548FFF737FEA0692946BDE815
:107F20003840F8F71DBA00BFC02400209CAF0008FD
:107F300008B5FFF7CFFF18B1BDE80840FFF7D6BF7F
:107F400008BDFFF7D3BF00008260C2630022C0E912
:107F50000D2202220284012280F82220074A816138
:107F60005169026141610861506100F12802826239
:107F700000F12C02C0E90B22704700BFC024002092
:107F8000D0E9012343F82C2CA3F1AC0243F83C2C9C
:107F9000026943F86C2C426943F8682C044A016872
:107FA00043F84C2CC268A3F14800FFF7CDBF00BFD7
:107FB0007903000810B5202383F31188FFF7E0FF51
:107FC00000210446FFF75EFF002383F3118820465B
:107FD00010BD000038B50E4B9C69606204F12805A5
:107FE000A06AA8420FD194F822303BB994F821300E
:107FF0009B0702BFD4E9043213615A61BDE83840DF
:108000000F20FFF701BF0368A362FFF7B5FEE7E7A4
:10801000C0240020202383F31188FFF7DBBF08B5BD
:108020000146202383F311880820FFF70DFF00236A
:1080300083F3118808BD0000054B9B6921B10360E3
:1080400058620320FFF700BF4FF0FF30704700BFBA
:10805000C024002003682BB1002202605962184638
:10806000FFF78ABE7047000049B1064B42689B6922
:1080700018605A60136043600420FFF7E5BE4FF0BC
:10808000FF307047C02400200368984206D01A6869
:108090000260506059621846FFF76EBE704738B5EF
:1080A00004460D462068844200D138BD0368236031
:1080B0005C604562FFF760FEF4E700234FF0FF329B
:1080C000C0E90023C0E9023300220023C0E90423F1
:1080D00070470000014B5B6883607047001000E050
:1080E0000D4A0E4B516FC2685B68013230B5C260F9
:1080F000D0E9044582685B1A9B1A42688360E418E1
:1081000045F100059342026888BF43609342C0E98D
:10811000044538BF036030BDC0240020001000E0DB
:1081200030B50A4C87B0002368466367FFF7C5FF88
:1081300004256846FFF7CEFF6846FFF7D1FF013DF3
:10814000F7D1009B636707B030BD00BFC02400209B
:108150000023C0E9000083607047436B194390F827
:10816000203041630A2B03D1436A194205D170477D
:108170000B2B06D1436A8B4303D100234362FFF7E5
:10818000FBBD704770B5046806460D46B44200D189
:1081900070BDE3682B43E36015B123691D4203D032
:1081A000D4E90101FFF7D9FF2468EFE7EFF3098372
:1081B00005494A6822F001024A60683383F309885E
:1081C000002383F31188704730EF00E0202080F314
:1081D000118862B60B4B0C4AD96821F4E06109049E
:1081E000090C0A430949DA60CA6842F08072CA6021
:1081F00007490A6842F001020A601022DA7783F820
:108200002200704700ED00E00003FA05F0ED00E009
:10821000001000E010B5202383F311880E4B5B683B
:1082200013F4006314D0F1EE103AEFF30984683CC4
:108230004FF08073E361094BDB68236684F30988A0
:10824000FFF748FE10B1064BA36110BD054BFBE7DD
:1082500083F31188F9E700BF00ED00E030EF00E0A4
:108260008B0300088E03000808B500F0F9FD00F04C
:108270009FFF00F0E3F900F004FA00F033FA00F099
:108280006CFAFFF7CBF9BDE8084000F000B801F048
:10829000D5B94FF08043002258631A610222DA6098
:1082A00070474FF080430022DA6070474FF0804300
:1082B000586370474FF08043586A704730B5039C4D
:1082C0000172043304FB0325C0E90653049B0363D6
:1082D0000021059BC160C0E90000C0E90422C0E99B
:1082E0000842C0E90A11436330BD416A0022C0E977
:1082F0000411C0E90A22C2606FF00101FFF7CFBE8E
:10830000D0E90432934201D1C2680AB9181D7047FE
:108310000020704703691960C2680132C260C269F7
:10832000134482690361934224BF436A03610021BD
:10833000FFF7AABE38B504460D46E3683BB1626953
:10834000131D1268A3621344E362002007E0237A3E
:1083500033B929462046FFF787FE0028EDDA38BDFD
:108360006FF00100FBE7C368C269013BC36043696A
:10837000134482694361934224BF436A43610023EB
:108380008362036B03B11847704770B5202304461E
:1083900083F31188866A3EB9FFF7CCFF054618B112
:1083A00086F31188284670BDA36AE26A13F8015B60
:1083B000A362934202D32046FFF7D5FF002383F345
:1083C0001188EFE72DE9F84F04460E46904699468E
:1083D000202787F311880025AA46D4F828B0BBF1DE
:1083E000000F09D149462046FFF7A4FF20B18BF3C7
:1083F00011882846BDE8F88FD4E90A12A8EB050BCE
:10840000521A934528BF9346BBF1400F1BD9334600
:1084100001F1400251F8040B43F8040B9142F9D1E9
:10842000A36A40334036A3624035D4E90A239A4216
:1084300002D32046FFF797FF8AF311884545D8D22B
:1084400087F31188C9E730465A46F8F779F9A36AE5
:108450005B445E44A3625D44E7E710B5029C017291
:10846000043304FB0321C0E906130023C0E90A33E7
:10847000039B0363049BC460C0E90000C0E90422BD
:10848000C0E90842436310BD026AC260426AC0E9A3
:1084900004220022C0E90A226FF00101FFF7FFBDAC
:1084A000D0E904239A4201D1C26822B9184650F893
:1084B000043B0B60704700207047C368C2690133FA
:1084C000C3604369134482694361934224BF436A92
:1084D00043610021FFF7D8BD38B504460D46E36877
:1084E0003BB123691A1DA262E2691344E3620020D2
:1084F00007E0237A33B929462046FFF7B5FD002867
:10850000EDDA38BD6FF00100FBE703691960C2685E
:10851000013AC260C269134482690361934224BF75
:10852000436A036100238362036B03B118477047FA
:1085300070B520230D460446114683F31188866AE0
:108540002EB9FFF7C9FF10B186F3118870BDA36A79
:108550001D70A36AE26A01339342A36204D3E16906
:1085600020460439FFF7D1FF002080F31188EDE7A2
:108570002DE9F84F04460D4691469A464FF02008E3
:1085800088F311880026B346A76A4FB951462046A2
:10859000FFF7A2FF20B187F311883046BDE8F88FBE
:1085A000D4E90A073A1AA9EB0607974228BF1746EB
:1085B000402F1BD905F1400355F8042B40F8042B3C
:1085C0009D42F9D1A36A4033A3624036D4E90A231D
:1085D0009A4204D3E16920460439FFF796FF8BF3F2
:1085E00011884E45D9D288F31188CDE729463A46FD
:1085F000F8F7A6F8A36A3B443D44A3623E44E5E78E
:10860000D0E904239A4217D1C3689BB1836A8BB126
:10861000043B9B1A0ED01360C368013BC360C3695F
:108620001A44836902619A4224BF436A03610023AA
:1086300083620123184670470023FBE701F03EB830
:108640000123037000234360704710B520230446C4
:1086500083F31188416001F059F80223237000234D
:1086600083F3118810BD0323037001F0D3B808B55C
:10867000202383F31188FFF7F6FF002383F311888B
:1086800008BD00F007BF01230370002343600C30D6
:10869000FFF75EBD10B52023044683F311884160C7
:1086A00000F008FF02232370002383F3118810BD1C
:1086B0007FB50446202585F3118803260670002522
:1086C0000A9E85600296099E0196089E009600F01B
:1086D0004BFF431C14BF02230523237085F311882D
:1086E00004B070BD01F0F4B80123037000234360AF
:1086F000C3600374704710B52023044683F31188C8
:108700004B688360416001F0F1F800230222E360CE
:10871000227083F3118810BD70B5202585F3118870
:108720000126C46806FA01F52C43C46001F060F923
:10873000002383F3118870BD10B5044690F876309D
:1087400080F87E3001F0F2FA63681B6813B10121F2
:10875000204698470323237010BD01F0C5BA0123BA
:1087600003700023436000F12C0200F1480142F83D
:10877000043B8A429361FAD18360704738B504465E
:10878000202383F311880025C0E90355C0E905556E
:10879000C0E90755C0E90955416001F061FB0223BA
:1087A000237085F3118838BD70B52023044683F308
:1087B0001188254601F09EFA00260123666005F81F
:1087C0000C3B2C3455F8043B7BB1586920B16FF059
:1087D00001010C30FFF73EFC55F8043C986920B1CC
:1087E0006FF001010C30FFF735FCA54245F8046C31
:1087F000E8D1FFF79DFB86F3118870BD70B500EBE3
:10880000810305465069DA600E46144618B11422F9
:108810000021F8F72FF8A06918B114220021F8F709
:1088200029F831462846BDE8704001F089BAF8B50C
:10883000836803F001130446836000F1100500F122
:108840002C06002755F8043B7BB1586920B16FF026
:1088500001010C30FFF7FEFB55F8043C986920B18C
:108860006FF001010C30FFF7F5FBB54245F8047CD1
:10887000E8D12046BDE8F84001F018BBF0B400EBA9
:1088800081044789E4680125A4698D403D43458101
:1088900023600023A2606360E360F0BC01F050BB82
:1088A000F0B400EB81040789E468012564698D4018
:1088B0003D43058123600023A2606360E360F0BC58
:1088C00001F060BB10B50378052B0BD1064C236C6F
:1088D00043F010032364C820FFF7A1FB236C23F0AF
:1088E0001003236410BD00BF005C00402DE9F0417F
:1088F0000223002504460370C567856000F10C065D
:1089000000F12C074FF0200856F8043BABB188F378
:10891000118856F8043C586920B16FF001010C3001
:10892000FFF798FB56F8043C986920B16FF00101FD
:108930000C30FFF78FFB85F31188BE4246F8045CCC
:10894000E2D184F86450204601F06CFA63681B6839
:1089500023B120460021BDE8F0411847BDE8F08171
:10896000F8B5037880F880300523037043681B68EE
:1089700004460BB1042198470026A66004F10C05BB
:1089800020272C3455F8043BABB187F3118855F8F8
:10899000043C586920B16FF001010C30FFF75AFB1D
:1089A00055F8043C986920B16FF001010C30FFF7D5
:1089B00051FB86F31188A542E4D1F8BD90F88020E0
:1089C000436802701B680BB105211847704700000F
:1089D00070B590F86430044613B1002380F8643019
:1089E00004F17402204601F091FA63689B68B3B900
:1089F00094F8743013F0600539D00021204601F05E
:108A0000F5FA0021204601F0DFFA63681B6813B114
:108A1000062120469847062384F8643070BD20461E
:108A200098470028E4D094F87B2094F87A3043EA01
:108A30000223E26E9A4288BFE36694F97430E56ED1
:108A4000002B4FF0200380F2F580002D00F0E48031
:108A5000092284F8642083F311880021D4E91A23C1
:108A60002046FFF71DFF002383F31188D6E794F813
:108A7000752003F07F0343EA022340F2023293425F
:108A800000F0B78021D8B3F5807F4DD00DD8012BF1
:108A900044D0022B00F08580002BAED104F17C0283
:108AA000A2660222E2662367BDE7B3F5817F00F08C
:108AB0008D80B3F5407FA0D194F87630012B9CD106
:108AC000B4F87C3043F0020337E0B3F5006F3ED0DA
:108AD0001CD8B3F5A06F36D0A3F5C063012B8CD89A
:108AE00094F87920616894F878304E6894F877109B
:108AF00043EA0223204694F87620B04700283FF44A
:108B00007CAF4368A3660368E3661AE0B3F5106FB1
:108B100022D040F6024293427FF46FAF524BA366DD
:108B20000223E3660023BEE794F87630012B7FF43E
:108B300064AFB4F87C3023F00203C4E91A55A4F8FA
:108B40007C3025676FE7C4E91A55484BABE704F161
:108B50007F03A3660123D7E72378042B10D12023BA
:108B600083F311882046FFF762FE85F31188032105
:108B7000636884F87F5021701B680BB120469847CA
:108B800094F876304BB184F87F3004232370636807
:108B90001B6813B10221204698470023C4E91A3309
:108BA00081E794F878301D0603F00F0120460AD5BE
:108BB00001F09EF9012804D002287FF41EAF2C4B4F
:108BC000ADE72C4BABE701F085F9F3E794F876308D
:108BD000002B7FF412AF94F8783013F00F01DCD043
:108BE0001A06204602D501F029FAD6E701F010FA5C
:108BF000D3E794F87630002B7FF4FFAE94F878300A
:108C000013F00F01C9D01B06204602D501F0EEF982
:108C1000C3E701F0D9F9C0E7142284F8642083F394
:108C200011882B462A4629462046FFF727FE85F362
:108C30001188F3E65DB1152284F8642083F311886E
:108C40000021D4E91A232046FFF718FE0BE70B2278
:108C500084F8642083F311882B462A46294620464F
:108C6000FFF71EFEE3E700BFC6AF00083987000824
:108C7000C2AF0008C4AF000838B590F864300446AD
:108C8000002B42D0063BDAB20F2A38D80F2B36D849
:108C9000DFE803F03B3535082636353535353535D3
:108CA00035353B3B90F87B1090F87A20C36E42EA52
:108CB0000122934214D2C268128AB3FBF2F502FB7E
:108CC00015356DB9202383F311882B462A46294692
:108CD000FFF7E6FD85F311880A2384F864300EE07F
:108CE000142384F86430202383F3118800231A4668
:108CF00019462046FFF7C2FD002383F3118838BDD3
:108D0000036F03B198470023E7E70021204601F0F5
:108D10006DF90021204601F057F963681B6813B113
:108D20000621204698470623D7E710B590F864300F
:108D3000142B044629D017D8062B05D001D81BB117
:108D400010BD093B022BFBD80021204601F04EF953
:108D50000021204601F038F963681B6813B1062131
:108D600020469847062319E0152BE9D10B2380F8FC
:108D70006430202383F3118800231A461946FFF735
:108D80008FFD002383F31188DAE7C3689B695B6872
:108D9000002BD5D1036F03B19847002384F86430CA
:108DA000CEE700F1604303F561430901C9B283F8DE
:108DB0000013012200F01F039A4043099B0003F1B6
:108DC000604303F56143C3F880211A6070470000D7
:108DD00000F01F03012142099940044B203218443E
:108DE00043F82210002380F80033704700E100E0D0
:108DF000FFF710BAFFF70EBAFFF70CBAFFF70ABA7F
:108E0000062108B50846FFF7CCFF06210720FFF72B
:108E1000C8FF06210820FFF7C4FF06210920FFF73D
:108E2000C0FF06210A20FFF7BCFF06211720FFF72D
:108E3000B8FF06212820FFF7B4FF07211820FFF70D
:108E4000B0FF07211920FFF7ACFF07211A20FFF719
:108E5000A8FFBDE8084007211B20FFF7A2BF0000C4
:108E600010B5224CA26A62F4FC02A262A26A02F469
:108E7000FC02A2624FF0FF31A26A226921612269DD
:108E8000002222612069E068E160E168E260E16857
:108E9000E169174841F08051E161E169016841F4FD
:108EA00080710160216A01F44071B1F5007F1EBF3D
:108EB0004FF4803323622262236A1B0407D4236A9F
:108EC00043F400732362236A43F40043236200F0F7
:108ED0005FF8FFF795FFA369064A43F00103A3611A
:108EE000A369136843F02003136010BD0010024013
:108EF0000070004000000140224B1A6842F001025D
:108F00001A601A689207FCD55A6822F003025A6068
:108F10005A6812F00C02FBD1196801F0F9011960CE
:108F20005A601A6842F480321A601A689003FCD5BD
:108F30005A6A42F001025A625A6A9107FCD5124AF3
:108F40005A604FF40452DA6230221A631A6842F00F
:108F500080721A601A689201FCD50C4A12211160C5
:108F6000116801F007010229FAD15A6842F00202A1
:108F70005A605A6802F00C02082AFAD11A6B1A6376
:108F8000704700BF0010024000241D000020024076
:108F90000B4A0C48002310B5C2E900330121446894
:108FA000236042F8313001310D2900F11000F6D173
:108FB000054A4FF0FF335360C2F8043410BD00BFC0
:108FC000A8180020C8AF0008000002400B282DE9B7
:108FD000F84342D8224C0125276885403D423CD1C8
:108FE000204E4FEA001906EB001801302F4344F8D9
:108FF000302004EBC000276043606B0605D01A4B9D
:10900000586940F0010058615B6915F4786F05D02C
:10901000154B586940F0020058615B695AB106EB84
:109020000900626883681A4202D1C07BFFF7B9FE6B
:1090300063681D43656006EB090156F809004B683B
:10904000497B1A6822F00F021A600E228A404260A1
:1090500000221A604046BDE8F8834FF00008F9E7A7
:10906000A8180020C8AF00080010024010B5202446
:1090700084F31188FFF7AAFF002383F3118810BD42
:1090800010B40468437B21684268D940126801F03B
:109090000E010A420FD0827B01FA03F363600132B2
:1090A000064B53F8324034B103EBC20358682346F1
:1090B0005DF8044B18475DF8044B7047A818002072
:1090C00008B50348FFF7DCFFBDE80840FFF7A2B88A
:1090D000C8AF000808B50348FFF7D2FFBDE8084055
:1090E000FFF798B8D8AF000808B50348FFF7C8FFE6
:1090F000BDE80840FFF78EB8E8AF000808B50348A0
:10910000FFF7BEFFBDE80840FFF784B8F8AF0008DE
:1091100008B50348FFF7B4FFBDE80840FFF77AB889
:1091200008B0000808B50348FFF7AAFFBDE80840EB
:10913000FFF770B818B0000808B50348FFF7A0FFA4
:10914000BDE80840FFF766B828B0000808B5034836
:10915000FFF796FFBDE80840FFF75CB838B000089D
:1091600008B50348FFF78CFFBDE80840FFF752B889
:1091700048B0000808B50348FFF782FFBDE8084083
:10918000FFF748B858B0000808B50348FFF778FF64
:10919000BDE80840FFF73EB868B0000808B50348CE
:1091A000FFF76EFFBDE80840FFF734B878B000085D
:1091B00070472DE9F74FC2F3C31302F0030AC2F35D
:1091C0008009C2F3C108C2F3411E01935746002231
:1091D0004FF00F0BCB0737D5019C02F007039B0024
:1091E00004FA03FC01254468954024EA050444EA96
:1091F0000904446085680324560004FA06F625EA4B
:10920000060545EA08058560C56825EA060545EABC
:109210000E050BFA03F3BAF1020F6FEA0604C560FC
:109220006FEA03031BD1072A95BF056A456A2B40E5
:109230002B4095BF43EA0C0343EA0C0303624362ED
:1092400003681C403C43046049081AD04FEA4909AE
:109250004FEA88084FEA8E0EBF000132BAE7056870
:109260002C403C43072A046095BF046A446A2340AB
:10927000234095BF43EA0C0343EA0C0303624362B5
:10928000E2E703B0BDE8F08F836A5B6830B5046B3A
:109290005968436862689B68FF2988BFFF2122F0F4
:1092A000FF7243EA014322F4803294BF00254FF05D
:1092B000807513432B4343F48063636030BDD0E972
:1092C0000B315B6840685A684B68806810B523F0C2
:1092D000FF73FF2A23F4803394BF00244FF080747F
:1092E00043EA000388BFFF22234343EA02434B6063
:1092F00010BD00003F4838B5046BA36903F0FE02BF
:10930000D906E2612DD5C36A59680A6822F00F02B6
:109310000A605A7B19680E2303FA02F24A60826AD5
:109320005568296821F00F0129601168527B93402C
:109330004B60836843F004038360636843F48043B5
:109340006360236823F046032360202383F311889E
:109350006FF001011C30FEF77DFE002383F31188BE
:1093600006E01A060BD50378032B05D1FFF7A7FFFC
:10937000BDE83840FEF74EBFFFF786FFF8E75B0613
:10938000F6D50178836A03295A681BD1C36A5D68E0
:10939000296821F00F0129605D7B19680E23AB401D
:1093A0004B605368BBB1FFF76FFF836A5A6813685D
:1093B00043F001031360636843F4005363600423C4
:1093C0000370D5E7116821F00F011160597B1A680D
:1093D0000E238B405360636843F4804363602368CB
:1093E00023F040032360202383F3118802480021E7
:1093F000B1E700BF382500205425002038B5234BA5
:10940000196B8A6902F47C50C861D96A4C6820687B
:1094100020F00F002060487B0C680E2101FA00F05C
:109420006060986A45682C6824F00F042C6004681A
:10943000407B81406160D40542BF996841F00101E1
:109440009960900542BF996841F002019960510509
:1094500042BF996841F008019960D20499680ED51D
:1094600041F020019960202383F3118808486FF0B0
:109470000101FEF7EFFD002383F3118801E00029CD
:10948000F1D1BDE83840FEF7C5BE00BF3825002049
:109490005425002010B5054C2046FFF7F4F80023B2
:1094A000034AE361C4E90A33226310BD3825002072
:1094B0000054004038B5056B2B6823F001032B6086
:1094C0000378012B044633D18A239A22C0E908325B
:1094D000234B98422CD1234B1A6942F400121A6193
:1094E0001A6922F400121A611A69DA6942F4001248
:1094F000DA61DB69002203460A210620FFF766FDD8
:109500002346A06200220A210520FFF75FFD236A9F
:10951000E06243F480532362636A0A2143F4805378
:109520001F206362FFF73DFC0A212020FFF739FC72
:10953000A36A5B6805F124029A60E36A5B6805F13F
:1095400028029A606268536843F4404343F09003F2
:109550002B6013682B612B6843F001032B6038BD2F
:1095600038250020001002402DE9F047002704466E
:109570000E46056B876087F31188C16A406A4968A7
:109580000860CA604B60A36A226A5B681A60089A26
:10959000DA60099A5A60FEF78DFE4FF02009804686
:1095A00041F2873A89F31188AB69190408D5FEF7AF
:1095B00081FEA0EB080050453DD887F31188F1E704
:1095C0006268236B9268120558BF76005E60204681
:1095D000FFF775FEE36A0A995A68136843F00103BE
:1095E00013602B6843F040032B606B6843F4005317
:1095F0006B6004F11C00FEF71FFD431C19D16B6862
:1096000043F480436B60A36A59680A6822F00F0232
:109610000A605A7B19680E2303FA02F24A60E26A72
:109620005468216821F00F0121601168527B93403A
:109630004B60BDE8F0874FF0FF30FAE70F4BDA6977
:1096400042F00102DA610E4ADB69936843F00103DC
:1096500093604FF0804340F2CF229A624FF0FF3286
:10966000DA6200229A615A63DA605A6001225A6112
:1096700008211A601C20FFF794BB00BF00100240B5
:10968000002004E04FF0804208B51169D3680B4018
:10969000D9B2C9439B07116107D5202383F31188F1
:1096A000FEF778FA002383F3118808BD08B5FFF7A9
:1096B000E9FFBDE80840FEF7ADBD00000B4808B566
:1096C0000B4BC360FEF7BCFF0A480B4BC360FEF7B1
:1096D000B7FF0A480A4BC360FEF7B2FF09480A4BBE
:1096E000C360BDE80840FEF7ABBF00BF7C2500208B
:1096F000000800406C250020001000409C25002040
:10970000001400408C2500200034014010B503787F
:10971000012B04465FD1394B984214D1384BDA699A
:1097200042F00402DA61DA691A6942F004021A614D
:109730001A6922F004021A6107211E201B69FFF733
:1097400030FB304BA360304B9C4214D12C4BDA6978
:1097500042F01002DA61DA691A6942F010021A6105
:109760001A6922F010021A61072136201B69FFF7DF
:1097700018FB244BA360254B9C4214D1204BDA6983
:1097800042F02002DA61DA691A6942F020021A61B5
:109790001A6922F020021A61072137201B69FFF79E
:1097A00000FB184BA3601A4B9C4214D1144B9A69CE
:1097B00042F400529A619A69DA6842F40052DA601F
:1097C000DA6822F40052DA6007212C20DB68FFF708
:1097D000E8FA0C4BA360D4E901130A68B3FBF2F377
:1097E000E2688C68013B9BB2002010605460936279
:1097F000CB68106123F0FF03D36010BD7C250020EF
:109800000010024000A24A046C2500209C25002084
:109810008C250020C36801220139D9625A610022D7
:109820005A621A61426852681AB1DA6842F001025B
:10983000DA6085221A607047C36800221A601A61D4
:10984000DA6822F0FF02DA607047C26810B5146966
:10985000D3682340DCB2E443DB07014614610DD535
:109860000378042B03D102230370FFF7E5FF4B6855
:109870005B681BB1BDE810400846184710BD0000EA
:1098800008B50348FFF7E1FFBDE80840FEF7C2BC9A
:109890007C25002008B50348FFF7D7FFBDE8084046
:1098A000FEF7B8BC6C25002008B50348FFF7CDFFD4
:1098B000BDE80840FEF7AEBC9C25002008B5034873
:1098C000FFF7C3FFBDE80840FEF7A4BC8C250020CD
:1098D00010B5044C2046FEF707FF04232374024B07
:1098E000A36110BDAC2500200004004010B5037832
:1098F000012B044664D13B4B984214D13A4BDA69B0
:1099000042F00202DA61DA691A6942F002021A616F
:109910001A6922F002021A6107211D201B69FFF754
:1099200040FA324B6361A36946F668029A61DA61D4
:1099300002F1807202F580325A65616863690A68D3
:10994000B3FBF2F3A269013B9362A368013BD362CC
:10995000CB6B5360CB6803F00F03012B3ED0022B7F
:109960003ED143F00103486900F00F00012803D005
:10997000022803D143F0200343F01003C86900F02C
:109980000F00012803D0022803D143F4007343F4ED
:109990008073486A00F00F00012803D0022803D129
:1099A00043F4005343F480531362012353610023B3
:1099B00013610B6C23F0FF03D3608523136010BD8C
:1099C00082690023136053639363D3631364017C40
:1099D000042984BF9365D3655362AEE70023C0E7D3
:1099E0000023C0E7AC2500200010024000A24A047A
:1099F000032983699BBF0C3103EB810112314A605B
:109A000088BF43F821207047836970B51A69DD6803
:109A10001540EAB2D243AE0704461A6103D5436843
:109A20001B6903B19847680704D563689B690BB14C
:109A300020469847290704D563681B6A0BB1204666
:109A40009847EA0604D563689B6A0BB1204698479D
:109A5000EB0706D563689B681BB12046BDE87040E4
:109A6000184770BD08B50348FFF7CEFFBDE80840B2
:109A7000FEF7D0BBAC2500200C4B1B6D03F18043DF
:109A800003F5C04303EB001011440368426003F187
:109A9000005303F540535B00002AA1EB020000DCF9
:109AA0007047008843F8040B023AF5E7005C004079
:109AB0002DE9F84F894D6C6C670505D56FF480630F
:109AC00087486B64FEF712FF260509D52B6C844886
:109AD00043F008032B646FF400636B64FEF740FFF0
:109AE000E0040DD57D4DAB6C190406D42B6C7C487D
:109AF00023F008032B64FEF761FF6FF480536B645F
:109B0000A20508D576484368DB6803B19847734BD4
:109B10006FF400725A64724D724E230403D4BDE890
:109B2000F84FFEF777BB04F00F04A70007F180475A
:109B300007F5B84704F10209D7F800A005EB89033F
:109B40001AF0800FD3F8048025D03A68D8F8143082
:109B5000324042F400423A6019695A6818680A446F
:109B6000801A5A602DD0B8F81020824228BF0246D1
:109B700098681A61014499602046FFF77DFF3B68B1
:109B800023F4F04323F0400383F0300343F4004315
:109B900043F080033B601AF4004F0FD03B68334022
:109BA00043F080031AF4006F3B60E1B225D005EB6F
:109BB00089092846D9F804305B689847474B5C6CA4
:109BC000ABE7012303FA04F22B8923EA02032B817A
:109BD000D8F8083013B1214628469847202383F34C
:109BE000118805EB890300215B6858690C30FEF78A
:109BF00031FA002383F31188CDE7384BD8F81820C9
:109C00001B6DD2F808C003F1804303F5C04303EB9A
:109C10000410E1468368D0F80CE003F10053CEF362
:109C20000900CEF3480E03F540534FEA8E0A0AEBC3
:109C3000430A5B00534509F1020939D16FF001096C
:109C400009FB0E09B9F1000F02D01B680CF81E3099
:109C500093680344936053680344536013681B1A6A
:109C60001360138A013B9BB21382B8F81220824220
:109C700000D833BB012303FA04F26B89023423EAD0
:109C800002036B8105EB84035B68DB680BB128463C
:109C90009847202383F3118805EB8404636898694F
:109CA00041680C30FEF7D6F9002383F3118885E76D
:109CB00053F804BB09F802BC4FEA1B2B09F801BC9E
:109CC000B8E73B6823F4904323F0700383F44053D8
:109CD00043F4004343F080033B606FE7005C0040C7
:109CE000C82500200F07FFFF0148FEF738BD00BF61
:109CF000C825002008B50378012B12D0094B9842E3
:109D00000FD14A20FFF764F84B20FFF761F8064BAC
:109D100003221A6403F5DA33DA6922F40002DA6105
:109D2000DB6908BDC8250020005C004090F87E304B
:109D3000024A43F08003D364704700BF005C0040D8
:109D400000EB810370B5DD682B6803F00303032B80
:109D50005AD0002B0CBF4FF4007300232F4A146D10
:109D60006A6904F1804404F5C04404EB01146AB14B
:109D7000002262602A8AD0F88460013222F0010257
:109D80003244C0F8842043F020032660AA69C2B19F
:109D90006D8A3E2D05F1FF3239D942F01F02204E67
:109DA0000132521146EA822292B2E260D0F8842057
:109DB000013525F001051544C0F8845043F40053E3
:109DC000A2608A0002F1804202F5B84210684404A1
:109DD000106848BF43F48043400648BF43F0400347
:109DE000194321F4784148F2800021F0F001014349
:109DF00023F4F163116023F0070311685B045B0C2B
:109E00004B400343136070BD4FF4C063A6E742F0BC
:109E100001020132520202F47C42C6E7005C0040BB
:109E20000080FFFF0C4A10B40021802411655164AA
:109E3000D4644468E4688C420CBF4FF41C444FF473
:109E40001E4414644022C0F88420044A5DF8044B88
:109E5000C260FFF775BF00BF005C004088B000081B
:109E600038B501780129044619D10D4B984211D11A
:109E70000C4B0D4DDA6942F40002DA61DB692964AA
:109E80004A200D21FEF78DFF0E214B20FEF789FFA2
:109E900000232B642046BDE83840FFF7C3BF38BD20
:109EA000C825002000100240005C00404023C0F89C
:109EB0008430012248F28000930003F1804303F5CF
:109EC000B84301321968082A41EA00011960186094
:109ED000F2D17047054B53F8210010F4405004D0E4
:109EE000B0F5805F14BF022001207047005C004085
:109EF000054B53F8210010F0300003D0102814BF98
:109F000002200120704700BF005C00400B4B1B6D1E
:109F100003F1804303F5C04303EB011102F1080094
:109F20008B6803F1005303F540535B00196822F876
:109F3000021B904203F10403F8D17047005C00401B
:109F400000EB810010B5C36898690268C2B15C8AF1
:109F50001319013BB3FBF4F39BB2890001F180417B
:109F600001F5B84103820B6823F4904323F070039A
:109F700083F4405343F4004343F080030B6010BD6F
:109F80000123EAE700EB810010B50C46C1684B697C
:109F90000A8A18689968824228BF02461A612046D8
:109FA000FFF76AFDA00000F1804000F5B8400368AB
:109FB00023F4F04323F0400383F0300343F40043E1
:109FC00043F08003036010BD890001F1804101F579
:109FD000B8410B6823F4904323F0700383F480535B
:109FE00043F4004343F080030B607047890001F1A4
:109FF000804101F5B8410B6823F4F04323F040039E
:10A0000083F0100343F4004343F080030B60704778
:10A01000890001F1804101F5B8410B6803F4405318
:10A02000B3F5405F09D00B6823F4F04323F04003FD
:10A0300043F4204343F080030B607047890001F133
:10A04000804101F5B8410B6803F03003302B0BD091
:10A050000B6823F4F04323F0400383F0200343F420
:10A06000004343F080030B6070474B6843608B688C
:10A070008360CB68C3600B6943614B6903628B6982
:10A0800043620B680360704708B5194B9A6A42F443
:10A09000FC029A629A6A22F4FC029A629A6A5A69EB
:10A0A00042F4FC025A61134A5B6911464FF090403A
:10A0B000FFF7DBFF104802F11C01FFF7D6FF0F4846
:10A0C00002F13801FFF7D1FF0D4802F15401FFF70B
:10A0D000CCFF0C4802F17001FFF7C7FF0A4802F1FC
:10A0E0008C01FFF7C2FFBDE80840FEF705BF00BFC7
:10A0F00000100240ACB0000800040048000800480E
:10A10000000C004800100048001400487047162357
:10A1100003604FF0FF3070470020704718467047CB
:10A120000020704710B50022044608460121FDF7C3
:10A13000B1FC18B90C2323604FF0FF3010BD08B5F7
:10A140001346002158221846F6F794FB4FF40052AC
:10A150004260002008BD0120704708B5F6F796FA66
:10A16000012303604FF0FF3008BD01207047FEE778
:04A17000F8B500BF7F
:04A17400F8B500BF7B
:10A1780000202020202020202020282828282820CF
:10A1880020202020202020202020202020202020C7
:10A19800208810101010101010101010101010102F
:10A1A800100404040404040404040410101010101F
:10A1B80010104141414141410101010101010101E9
:10A1C800010101010101010101010101101010103B
:10A1D80010104242424242420202020202020202BB
:10A1E800020202020202020202020202101010100F
:10A1F8002000000000000000000000000000000037
:10A208000000000000000000000000000000000046
:10A218000000000000000000000000000000000036
:10A228000000000000000000000000000000000026
:10A238000000000000000000000000000000000016
:10A248000000000000000000000000000000000006
:10A2580000000000000000000000000000000000F6
:10A2680000000000000000000000000000000000E6
:10A2780000000000040C00200000000000000000A6
:10A2880000000000000000000000000000000000C6
:10A2980000000000000000000000000000000000B6
:10A2A80000000000000000000000000000000000A6
:10A2B8000000000000000000000000000000000096
:10A2C8000000000000000000000000000000000086
:10A2D8000000000000000000001000200040305086
:10A2E8000070608000A090B0001101210041315140
:10A2F8000071618100A191B1001202220042325224
:10A308000072628200A292B2001303230043335307
:10A318000073638300A393B30014042400443454EB
:10A328000074648400A494B40015052500453555CF
:10A338000075658500A595B50016062600463656B3
:10A348000076668600A696B6001707270047375797
:10A358000077678700A797B700180828004838587B
:10A368000078688800A898B800190929004939595F
:10A378000079698900A999B9001A0A2A004A3A5A43
:10A38800007A6A8A00AA9ABA001B0B2B004B3B5B27
:10A39800007B6B8B00AB9BBB001C0C2C004C3C5C0B
:10A3A800007C6C8C00AC9CBC001D0D2D004D3D5DEF
:10A3B800007D6D8D00AD9DBD001E0E2E004E3E5ED3
:10A3C800007E6E8E00AE9EBE001F0F2F004F3F5FB7
:10A3D800007F6F8F00AF9FBF0110002001403050F9
:10A3E8000170608001A090B001110121014131513B
:10A3F8000171618101A191B101120222014232521F
:10A408000172628201A292B2011303230143335302
:10A418000173638301A393B30114042401443454E6
:10A428000174648401A494B40115052501453555CA
:10A438000175658501A595B50116062601463656AE
:10A448000176668601A696B6011707270147375792
:10A458000177678701A797B7011808280148385876
:10A468000178688801A898B801190929014939595A
:10A478000179698901A999B9011A0A2A014A3A5A3E
:10A48800017A6A8A01AA9ABA011B0B2B014B3B5B22
:10A49800017B6B8B01AB9BBB011C0C2C014C3C5C06
:10A4A800017C6C8C01AC9CBC011D0D2D014D3D5DEA
:10A4B800017D6D8D01AD9DBD011E0E2E014E3E5ECE
:10A4C800017E6E8E01AE9EBE011F0F2F014F3F5FB2
:10A4D800017F6F8F01AF9FBF00000410061F0A2F76
:10A4E800100018101B1F232F1F0027102B1F332F9E
:10A4F8002F0037103B1F432F3F0047104B1F522F91
:10A508004F0056105A1F622F5E0066106A1F722F86
:10A518006E0076107A1F822F7E008510891F912F7A
:10A528008D009510991FA12F9D00A510A91FB12F6F
:10A53800AD00B510B81F9F3FBC00C410CE2FDC2F54
:10A54800D400D810D21FDC3F023F163F293F643F9A
:10A55800FFFFB33FC63FE03FEF00EF10FF10FF3FA4
:10A56800FF0060FF6DFF80F494FF5DFF6AF580C90E
:10A5780099E150FF67DB80A99CC857FF63C2808AB6
:10A58800A1B153FF5EAB806AA79D4FFF5798804BE0
:10A59800AE8D4AFF508A802BB78346FF4681810CD7
:10A5A800C18041FF3C80FF14CB853CFF3387FF33DC
:10A5B800D49137FF2A94FF53DBA232FF24A6FF72FF
:10A5C800CAFF2EFF1EBCE4CBE7E128FF19DBFFA57D
:10A5D800D9FFA0FFA4FFA8FFB7FFFFFFCFFFD5FF5C
:10A5E800DAFF23FF15FF13FFE0FF20FF0004080C2C
:10A5F8001014181C2024282C3034400105090D1192
:10A6080015191D2125292D31FF4102060A0E1216A2
:10A618001A1E22262A2E35364403FF070B0F13175E
:10A628001B1F23272B32334238393AFFFFFF3BFFEA
:10A63800FF2F3D3E3F374300165C1E001F002000E1
:10A6480021002200230024002500260027002D00D9
:10A658002E002A0049002B0014001A0008001500DB
:10A6680017001C0018000C00120013002F00300007
:10A6780000004C00390004001600070009000A0019
:10A688000B000D000E000F003300340031002800CD
:10A698004B00E10000001D001B000600190005002A
:10A6A80011001000360037003800E50052004E0057
:10A6B800E000E300E2000000000000002C000000C1
:10A6C8000000E6000151E400500051004F00350041
:10A6D8003A003B003C003D003E003F004000410086
:10A6E80042004300440045004C0049000100C25CA0
:10A6F800C35CC65CC55CC85CC75CCA5CC95C01005D
:10A7080001000100010000004C00010001000100EF
:10A718000100095F085F0D5F0C5F01000100010087
:10A728000100005C01004B0001000000035F025FB4
:10A73800075F065F0B5F0A5F015F005F055F045FED
:10A74800010001004E00A900AA00A80000000000B6
:10A7580000000100000000000100010001000100EC
:10A7680001000100010001000100010001000100D9
:10A7780001000100010001000100010001000100C9
:10A7880001000100010001000100010001000100B9
:10A7980001000100010001000100010000000100AA
:10A7A8000100010001000100010001000100010099
:10A7B8000100010001000100010001000100010089
:10A7C800000001000100010001000100010001007A
:10A7D8000100010001000100010001000100010069
:10A7E800010000000000000001000000000001005E
:10A7F8000100010001000100010001000100010049
:10A808000100010001000100010001000100010038
:10A818000100010001000100010001000100010028
:10A828000100010001000100010001000100010018
:10A838000100000001000100010001000100010009
:10A8480001000100010001000100010001000100F8
:10A8580001000100010000000100010001000100E9
:10A8680001000100010001000100010001000100D8
:10A8780001000100010001000000000000000100CB
:10A8880000000000010001000100010001000100BA
:10A8980000000000000000000000000000000000B0
:10A8A80000000000000000000000000000000000A0
:10A8B80000000000000000002A2B28000000000013
:10A8C8000000000000000000000000290000000057
:10A8D8002C1E3420212224342627252E362D3738C5
:10A8E800271E1F202122232425263333362E3738CE
:10A8F8001F0405060708090A0B0C0D0E0F1011128C
:10A90800131415161718191A1B1C1D2F3130232D57
:10A91800350405060708090A0B0C0D0E0F10111255
:10A92800131415161718191A1B1C1D2F3130354C06
:10A93800000000007E0F00D4FFFFFFC70000007872
:10A94800E200E900EA00B500B600B700CD008301D7
:10A95800CC008A01920194012102230224022502DB
:10A96800260227022A02B300B4006F00700000001C
:10A978000D0000480A000048090000480E00004881
:10A988000F00004808040048090400480D08004862
:10A998000E0800480F080048000000480100004861
:10A9A800020000480300004805000048030400486E
:10A9B8000404004805040048080000480400004852
:10A9C8001E140A05FFAA7F55407F3F1F783C1E646E
:10A9D800321400046432141E0F0500010202020240
:10A9E8000606060909090909090F0F0F0F0F0F15A8
:10A9F80015151819191919191919191919232425A7
:10AA080025252525252223252628292A2C2D2F30C2
:10AA180032333536383A3B3D3E4042434547494A52
:10AA28004C4E5051535557595A5C5E606264666883
:10AA3800696B6D6F71737577797B7D7F818385878E
:10AA4800898A8C8E90929496989A9C9E9FA1A3A591
:10AA5800A7A8AAACAEAFB1B3B4B6B8B9BBBCBEBFB9
:10AA6800C1C2C3C5C6C7C9CACBCCCDCED0D1D2D23C
:10AA7800D3D4D5D6D7D7D8D9D9DADADBDBDBDCDC47
:10AA8800DCDCDCDDDDDDDDDCDCDCDCDCDBDBDBDAFF
:10AA9800DAD9D9D8D7D7D6D5D4D3D2D2D1D0CECD6A
:10AAA800CCCBCAC9C7C6C5C3C2C1BFBEBCBBB9B877
:10AAB800B6B4B3B1AFAEACAAA8A7A5A3A19F9E9CFC
:10AAC8009A98969492908E8C8A89878583817F7DC7
:10AAD8007B79777573716F6D6B6968666462605EA8
:10AAE8005C5A5957555351504E4C4A494745434271
:10AAF800403E3D3B3A3836353332302F2D2C2A290B
:10AB0800282625232200000000512502C20100004A
:10AB1800000000000000000000000000010000002C
:10AB2800000000000000000000000000000000001D
:10AB3800000000000000000000000000000000000D
:10AB480000000000000000000001000000010101F9
:10AB580001010101010102020202020202020203D2
:10AB680003030303030303040404040404040505A2
:10AB78000505050606060606070707070708080865
:10AB880008090909090A0A0A0B0B0B0C0C0C0D0D14
:10AB98000D0E0E0E0F0F0F101011111112121313AC
:10ABA8001414151516161717181819191A1A1B1B25
:10ABB8001C1D1D1E1E1F2020212222232424252681
:10ABC80026272829292A2B2C2D2D2E2F30313232B9
:10ABD800333435363738393A3B3C3D3E3F404142C5
:10ABE800434445464748494A4C4D4E4F50515354AB
:10ABF800555658595A5B5D5E5F616264656668695F
:10AC08006B6C6D6F7072737577787A7B7D7E8082DE
:10AC1800838587888A8C8E8F91939596989A9C9E27
:10AC2800A0A2A3A5A7A9ABADAFB1B3B5B7BABCBE37
:10AC3800C0C2C4C6C9CBCDCFD1D4D6D8DBDDDFE204
:10AC4800E4E7E9EBEEF0F3F5F8FAFDFF8126700092
:10AC58000000000000000000E200E900EA00B50082
:10AC6800B600B700CD008301CC008A01920194019F
:10AC78002102230224022502260227022A02B30007
:10AC8800B4006F0070000000030000000000000026
:10AC9800FD6F0008000000000800000028180020D0
:10ACA8000000000002000000000000000300000097
:10ACB80000000000357300080000000020000000BC
:10ACC80078180020000000000200000000000000CA
:10ACD800757000081D700008CD710008017000082B
:10ACE800C0AD0008C4AD0008E6AD0008042012009D
:10ACF80025AD00083EAD00085EAD000880AD000837
:10AD0800FAAD00081CAE00084022B609025B000339
:10AD18000100A0FA09040000010301010009211142
:10AD28000100012240000705810308000A09040107
:10AD3800000203000000092111010001222200077E
:10AD4800058203200001070503032000010904020E
:10AD580000010300000009211101000122B60007CB
:10AD680005840320000A12011001000000406889D0
:10AD7800365301000102000105010906A10105077A
:10AD880019E029E71500250195087501810295014B
:10AD9800750881010507190029FF150026FF009590
:10ADA80006750881000508190129059505750191A1
:10ADB80002950175039101C0040309042003590099
:10ADC800690061006E006300610072002D0044009C
:10ADD80065007300690067006E00730000001203CD
:10ADE8004E004500420055004C0041003600380036
:10ADF80000000660FF0961A1010962150026FF0035
:10AE08009520750881020963150026FF00952075B5
:10AE1800089102C005010902A10185020901A100EA
:10AE280005091901290815002501950875018102F0
:10AE38000501093009311581257F950275088106BC
:10AE480009381581257F950175088106050C0A3892
:10AE5800021581257F950175088106C0C005010985
:10AE680080A101850319012AB700150126B70095AD
:10AE78000175108100C0050C0901A10185041901A3
:10AE88002AA002150126A002950175108100C005AF
:10AE9800010906A1018505050719E029E71500251F
:10AEA800019508750181020507190029EF1500258C
:10AEB8000195F075018102050819012905950575A7
:10AEC800019102950175039101C000000000000086
:10AED80069770008597700088977000879770008AA
:10AEE80083770008737700086377000853770008B2
:10AEF8000000000054B40008542600205426002006
:10AF08005426002054B4000800000000000000008F
:10AF18000000000054B40008000000000000000019
:10AF28000000000054B40008000000000000000009
:10AF38000000000054B400080000001000000010D9
:10AF48000000001054B400080000000000000000D9
:10AF58000000000054B400080000000000000000D9
:10AF68000000000054B400080000000000000000C9
:10AF78000000000069646C65000000007CAF0008F8
:10AF880060230020C0240020010000002D7B000861
:10AF980000000000737461636B206F766572666CE5
:10AFA8006F7700006D61696E001642300404440832
:10AFB8000C1014181C2021220000000001000000C1
:10AFC8000000024008000240010000000000000BE1
:10AFD800000002401C000240020000000004010CB6
:10AFE8000000024030000240040000000008020D8A
:10AFF800000002404400024008000000000C030E5C
:10B008000000024058000240100000000010040F29
:10B01800000002406C0002402000000000140510EF
:10B0280000000240800002404000000000180611A5
:10B0380000040240080402408000000000000738B5
:10B04800000402401C04024000010000000408390A
:10B058000004024030040240000200000008093ADF
:10B06800000402404404024000040000000C0A3BB3
:10B0780000040240580402400008000000100B3C85
:10B0880000000000D1890008798C00082B8D000889
:10B098004000400010190020101900200100000095
:10B0A8002419002000A8802A0000000000FCC03CF1
:10B0B80054111564FFFF00000000505500E00E0019
:10B0C80080A00000C0000000C0F000001505555524
:10B0D800FFFF00000000004400000000000A00001C
:10B0E80000000000000000F055555505FFFF000066
:10B0F80000007700000000000000000000000000D1
:10B108000000000055555555FFFF000000000000E5
:10B11800000000004000555500000000C000FFFF7F
:10B1280015551501FF000000000000000000000098
:10B1380000000000000000000F00000050555555A9
:10B14800FFFF000000000000000000005245454ECF
:10B1580054206D616C6C6F632073756363656564FF
:10B16800656400002E2E2F2E2E2F2E2E2F2E2E2FE2
:10B178002E2E2F2E2E2F2E2E2F2E2E2F6E65776CE5
:10B1880069622F6C6962632F7374646C69622F72D1
:10B19800616E642E630000002C2066756E6374690E
:10B1A8006F6E3A2000000000617373657274696FF6
:10B1B8006E2022257322206661696C65643A2066D8
:10B1C800696C6520222573222C206C696E65202508
:10B1D80064257325730A0000232D302B20000000FE
:10B1E800686C4C006566674546470000303132336D
:10B1F800343536373839414243444546000000006B
:10B2080030313233343536373839616263646566D4
:04B218000000000032
:08B21C00A851FF7F01000000B2
:10B22400040C002000000000C0A20008A0A2000836
:10B2340080A20008000000000000000000000000E0
:10B2440000000000000000000000000000000000FA
:10B2540000000000000000000000000000000000EA
:10B2640000000000000000000000000000000000DA
:10B2740000000000000000000000000000000000CA
:10B2840000000000FF000000FF060000FF7FFF0039
:10B2940000FF0000FF0000FF0000FF00016001400C
:10B2A40001600170077E0000400D0300B92700080B
:10B2B40000000000000000001E320A141E6408286A
:10B2C400020101000A000A0A01191A1B1C1D1E1F93
:10B2D40020212200D6160020BD6F000804000000C3
:10B2E4000400000000000000000000000000000056
:10B2F400000000000000000000000000000000004A
:10B304000000000000000000000000000000000039
:10B314000000000000000000000000000000000029
:10B32400030000000000000077790008000000001E
:10B3340020000000000000000000000002000000E7
:10B3440000000000030000000000000000000000F6
:10B35400EB7900080000200000000000000000005D
:10B3640002000000000000000300000000000000D4
:10B37400297A000800000000080000000000000016
:10B38400000000000200000000000000C8250020AA
:10B39400020300000400000004000000200000007C
:10B3A400200000000000000000170020901700207B
:10B3B4000000000000000000000000000000000089
:10B3C4000000000000000000000000000000000079
:10B3D4000000000000000000000000000000000069
:10B3E4000000000000000000000000000000000059
:10B3F4000000000000000000000000000000000049
:10B404000000000000000000000000000000000038
:10B414000000000000000000000000000000000028
:10B424000000000000000000000000000000000018
:10B4340001000000597400086574000801750008D3
:10B444004D75000881750008009600000000080092
:040000050800035993
:00000001FF
