:020000040800F2
:1000000000040020590300085B0300085B0300089C
:100010005B0300085B0300085B0300085B03000848
:100020005B0300085B0300085B030008A57200087F
:100030005B0300085B0300085B0300085B03000828
:100040005B0300085B0300085B0300085B03000818
:100050005B0300085B0300085B0300085B03000808
:100060005B0300085B0300085B030008A181000834
:10007000B5810008C9810008DD810008F181000810
:1000800005820008198200085B0300085B03000872
:100090005B0300085B0300085B0300085B030008C8
:1000A000B17E0008B57E0008B97E0008BD7E00085C
:1000B0008D8700085B03000861890008D58300086C
:1000C000DD8400085B0300085B0300085B03000895
:1000D0005B0300085B0300085B0300085B03000888
:1000E0005B0300085B0300085B0300085B03000878
:1000F0009D8900085B0300085B0300085B030008A0
:100100005B0300085B0300085B0300085B03000857
:100110005B0300085B0300087589000889890008F3
:100120002D8200084182000855820008698200087B
:100130007D8200085B0300085B0300085B03000886
:100140005B0300085B0300085B0300085B03000817
:100150005B0300085B0300085B0300085B03000807
:100160005B0300085B0300085B030008E9890008E3
:100170005B0300085B0300085B0300085B030008E7
:100180005B0300085B0300085B0300085B030008D7
:100190005B0300085B0300085B0300085B030008C7
:0801A00019020008F10100083A
:1001B0000348044B834202D0034B03B118477047F6
:1001C0001C0E00201C0E00200000000005480649FF
:1001D0000B1AD90F01EBA301491002D0034B03B155
:1001E000184770471C0E00201C0E00200000000065
:1001F00010B5064C237843B9FFF7DAFF044B13B16F
:100200000448AFF300800123237010BD200E0020AE
:100210000000000000A0000808B5044B1BB1044911
:100220000448AFF30080BDE80840CFE700000000BD
:10023000240E002000A0000872B6394880F3088818
:10024000384880F3098838484EF60851CEF200014C
:10025000086040F20000CCF200004EF63471CEF29D
:1002600000010860BFF34F8FBFF36F8F40F20000B3
:10027000C0F2F0004EF68851CEF200010860BFF3E4
:100280004F8FBFF36F8F4FF00000E1EE100A4EF674
:100290003C71CEF200010860062080F31488BFF3A1
:1002A0006F8F06F095FC06F02DFA4FF055301F4980
:1002B0001B4A91423CBF41F8040BFAE71C49194A1A
:1002C00091423CBF41F8040BFAE71A491A4A1B4B0A
:1002D0009A423EBF51F8040B42F8040BF8E70020A5
:1002E0001749184A91423CBF41F8040BFAE706F05F
:1002F00073FC06F06EFC144C144DAC4203DA54F857
:10030000041B8847F9E706F00BFA114C114DAC427B
:1003100003DA54F8041B8847F9E706F05BBC0000D9
:1003200000040020000C0020000000080000002055
:100330000004002000A00008000C00201C0E00207B
:10034000200E0020D81E0020A0010008A4010008F3
:10035000A4010008A80100086EE700F000F8FEE71D
:100360002DE9F04F2DED108AC1F80CD0C3689D46E1
:10037000BDEC108ABDE8F08F002383F31188284676
:10038000A047002006F0C2FEFEE706F056FE00DFA2
:10039000FEE7000053B94AB9002908BF00281CBF76
:1003A0004FF0FF314FF0FF3000F06EB9ADF1080CA7
:1003B0006DE904CE00F006F8DDF804E0DDE9022383
:1003C00004B070472DE9F047089D04468C46002B89
:1003D00040F083808A42174647D9B2FA82F242B18E
:1003E000C2F1200024FA00F09140974040EA010C4D
:1003F00094404FEA1748230CBCFBF8F61FFA87FE1F
:1004000008FB16C143EA014306FB0EF1994209D9E4
:10041000FB1806F1FF3080F01981994240F21681F5
:10042000023E3B445B1AA4B2B3FBF8F008FB103366
:1004300044EA034400FB0EFEA64509D93C1900F12D
:10044000FF3380F00581A64540F2028102383C442A
:1004500040EA0640A4EB0E0400261DB1D440002360
:10046000C5E900433146BDE8F08702B9FFDEB2FAC4
:1004700082F2002A50D1CB1B4FEA174E1FFA87F8A1
:100480000126B3FBFEFC210C0EFB1C3341EA0341A9
:1004900008FB0CF38B4207D979180CF1FF3002D21C
:1004A0008B4200F2E9808446C91AA3B2B1FBFEF088
:1004B0000EFB101143EA014408FB00F8A04507D9E0
:1004C0003C1900F1FF3302D2A04500F2D980184652
:1004D000A4EB080440EA0C40BFE78B4209D9002D89
:1004E00000F0B1800026C5E9000130463146BDE884
:1004F000F087B3FA83F6002E4AD18B4202D38242B0
:1005000000F2B880841A61EB030101208C46002DB3
:10051000A8D0C5E9004CA5E7C2F1200320FA03F6F4
:10052000974001FA02F04FEA174ED9403043030CCE
:10053000B1FBFEF61FFA87F80EFB161143EA0143E2
:1005400006FB08F1994204FA02F409D9FB1806F1F6
:10055000FF3C80F08D80994240F28A80023E3B440D
:100560005B1A81B2B3FBFEF00EFB103341EA03418C
:1005700000FB08F38B4207D9791800F1FF3C73D2D6
:100580008B4271D902383944CB1A40EA064678E7E3
:10059000C6F1200C03FA06F422FA0CF31C4320FAED
:1005A0000CF701FA06F34FEA144E21FA0CF11F433F
:1005B0003B0CB1FBFEF91FFA84F80EFB191143EA5C
:1005C000014109FB08FA8A4502FA06F200FA06F32D
:1005D00008D9611809F1FF3048D28A4546D9A9F1F6
:1005E00002092144A1EB0A01BFB2B1FBFEF00EFBF0
:1005F000101147EA014700FB08F8B84507D9E71989
:1006000000F1FF312ED2B8452CD90238274440EAF8
:100610000940A7EB0807A0FB02894F45C64649469B
:100620001AD317D05DB1B3EB0E0267EB010707FADF
:100630000CFCF2404CEA0202F740C5E90027002614
:100640003146BDE8F0872E4628460BE70646E9E628
:100650001846FDE64345E5D2B8EB020E69EB04010E
:100660000138DFE70846D2E760468DE78146B9E703
:10067000664675E730464AE7ACF1020C394413E7A9
:1006800002383C4424E700BF704700BF014B1868A4
:10069000704700BF000C0020844641EA000313F0BD
:1006A00003036DD1403A41D351F8043B40F8043B79
:1006B00051F8043B40F8043B51F8043B40F8043B3C
:1006C00051F8043B40F8043B51F8043B40F8043B2C
:1006D00051F8043B40F8043B51F8043B40F8043B1C
:1006E00051F8043B40F8043B51F8043B40F8043B0C
:1006F00051F8043B40F8043B51F8043B40F8043BFC
:1007000051F8043B40F8043B51F8043B40F8043BEB
:1007100051F8043B40F8043B51F8043B40F8043BDB
:1007200051F8043B40F8043B403ABDD2303211D37B
:1007300051F8043B40F8043B51F8043B40F8043BBB
:1007400051F8043B40F8043B51F8043B40F8043BAB
:10075000103AEDD20C3205D351F8043B40F8043B7B
:10076000043AF9D2043208D0D2071CBF11F8013B79
:1007700000F8013B01D30B8803806046704700BF3F
:10078000082A13D38B078DD010F003038AD0C3F14E
:100790000403D21ADB071CBF11F8013B00F8013B30
:1007A00080D331F8023B20F8023B7BE7043AD9D3EF
:1007B000013A11F8013B00F8013BF9D20B780370C4
:1007C0004B7843708B78837060467047F0B486072F
:1007D00046D0541E002A3CD0CAB2034602E014F1AF
:1007E000FF3436D303F8012B9D07F8D1032C29D908
:1007F000CDB245EA05250F2C45EA054533D9A4F1CC
:100800001006360903F1200707EB061703F1100263
:1008100042E9045542E902551032BA42F8D1721C3D
:1008200014F00C0F03EB021204F00F0613D0331F69
:1008300023F003030433134442F8045B9342FBD1D7
:1008400006F003042CB1C9B21C4403F8011B9C42FE
:10085000FBD1F0BC704734461346002CF3D1F8E7C7
:1008600014460346C2E71A462646E0E738B5124B5F
:100870001C68A26B05461AB10023C2E9045338BDB7
:10088000182000F0B3F80246A06378B101200021DF
:100890000A4B1360C2E904010B23094809499381FB
:1008A0000023C2E90101C2E9045338BD064B0748E1
:1008B000422100F055F800BF000C00200E33CDABF4
:1008C00034126DE6ECDE0500309F0008489F0008FA
:1008D00038B51A4B1C68A26B92B114691849536958
:1008E000184801FB04F100FB0313A4FB0045611C45
:1008F0001D4445F1000323F00040C2E9041338BD54
:10090000182000F073F80246A06388B1012000218E
:10091000C2E904010A480C4C0C4B0D490D4D146002
:1009200053600B24034695609481C2E9041338BDDB
:10093000094B0A484E2100F013F800BF000C0020BC
:100940002DF451582D7F954C0E33CDAB34126DE6FE
:100950002E7F954CECDE0500309F0008489F000874
:1009600000B50A4C2668054685B01C46F06852B1B1
:10097000074B0091CDE9013206492B46224600F093
:1009800021F800F071FD044B1A46F2E7000C00203C
:100990007C9F00088C9F0008889F000808B51346BC
:1009A0000022FFF7DDFF00BF0CB400B583B004AB3D
:1009B00053F8042B019300F027F903B05DF804EB22
:1009C00002B070470EB410B583B005AB064C53F8B7
:1009D000042B01930146206800F016F903B0BDE82E
:1009E000104003B0704700BF000C0020024B0146CE
:1009F000186800F061B800BF000C0020024B0146EF
:100A0000186800F003B800BF000C002000293CD09B
:100A100038B551F8043C0C1F002BB8BFE41805464C
:100A200001F00EFA234B1A682AB1A2420DD92168AF
:100A30006018824223D0626028461C60BDE83840BE
:100A400001F000BAA34203D81A465368002BF9D12B
:100A500011685018A04219D024D821686018834228
:100A600006D0636054602846BDE8384001F0EAB91A
:100A7000D3E900030144636021605460F3E7D2E9E5
:100A80000002014462602160D6E77047206801449B
:100A9000501883421160E6D1D3E90003014453604A
:100AA0001160E0E70C232B602846BDE8384001F0D8
:100AB000C9B900BF3C0E0020F8B5CD1C25F00305D8
:100AC00008350C2D38BF0C25002D064633DBA94216
:100AD00031D82A4F01F0B4F93A6852B113685B1B60
:100AE00004D43FE023685B1B29D522465468002CC0
:100AF000F8D1796800293BD02946304608F0AEFA93
:100B0000431C28D0C41C24F00304A04205D0211AA1
:100B1000304608F0A3FA01301DD02560304601F0C0
:100B200091F904F10B0020F00700231DC21A01D037
:100B30001B1AA350F8BD0C2232600020F8BD0B2B0D
:100B400005D8A242636811D05360E7E714462360DA
:100B50001C442560E2E70C233046336001F072F953
:100B60000020F8BD0B2BF1D8536814463B60D5E745
:100B7000304608F073FA7860BEE700BF3C0E0020F4
:100B80009368013B002B936011DA10B49469A3427F
:100B900009DB0A2907D01368581C10601970084631
:100BA0005DF8044B70475DF8044B00F07DBB1368A3
:100BB000581C106019700846704700BF9BB1F8B50B
:100BC00013440F4606465D1E541E01E0AC4208D099
:100BD0003A4614F8011F3046FFF7D2FF431CF5D107
:100BE000F8BD0020F8BD0020704700BF936810B525
:100BF000144613B95360184610BD00F01DFE0023C3
:100C0000C4E9013310BD00BF2DE9F04F9FB08B4602
:100C100090461C46039018B18369002B00F0B78002
:100C2000A24B9B4500F0B980A14B9B4500F0C780CB
:100C3000A04B9B4504BF039BD3F80CB0BBF80C3012
:100C4000180740F1B280DBF81030002B00F0AD80C7
:100C500030238DF8323098F800300594002120229E
:100C60000B918DF83120944E0127002B00F08780E6
:100C7000252B00F01581454603E0252B00F0A380CD
:100C800025466B786C1C002BF7D1B4EB080A76D0A4
:100C90004246534659460398FFF790FF01306ED005
:100CA0000B9B6A7853440B93002A68D000234FF0C3
:100CB000FF3201340693CDE908338DF85B301C9385
:100CC000079205E0069A07FA03F313432C460693AE
:100CD0002546052215F8011B304600F0F9FFAA460B
:100CE000831B0028EED1069BD90644BF20228DF835
:100CF0005B2021781A0744BF2B228DF85B202A291C
:100D000066D1059A1168043200290592C0F29D80CF
:100D100009916178A51C2E2973D0684C03222046C6
:100D200000F0D6FF002800F08680001B069B4024C0
:100D300004FA00F00343069305F10108297860489E
:100D40008DF83010062200F0C3FF002800F08380E9
:100D50005C4B002B72D005AB00935A465A4B03985C
:100D600006A9AFF300808146B9F1FF3F07D00B9B86
:100D70004B440B9398F80030002B7FF479AFBBF80D
:100D80000C305B0618D40B981FB0BDE8F08F00F054
:100D900033FD464B9B457FF447AF039BD3F804B02C
:100DA000BBF80C3018073FF54EAF5946039800F0DA
:100DB000DBFA00283FF44CAF4FF0FF30E4E7039B31
:100DC000D3F808B03AE7B4EB080A3FF46FAF5FE737
:100DD000A1F13002092A88BFA2469CD8099B01E0F4
:100DE0002C460135297803EB830302EB4303A1F181
:100DF0003002092AAA46F3D92E2904F102050993E3
:100E00008BD19AF801102A292FD1059B9AF802104C
:100E10001A6807920433002A05930AF103050AF1C0
:100E2000020338DB254C032220469A4600F050FF8F
:100E300000287FF47AAFA84655467FE7059B073325
:100E400023F007030833059391E7494243F0020377
:100E5000099106935DE705AB00935A461A4B039838
:100E600006A900F0D5F881467EE7A1F13002002303
:100E7000092A079301D915E05546697803EB8303E6
:100E800002EB4303A1F13002092A05F1010AF3D96B
:100E90000235079341E74FF0FF329A4607923CE74D
:100EA000444603E7AA46013537E700BFF89100083A
:100EB000D8910008B8910008BC9F0008C49F0008A2
:100EC000C89F000800000000BD0B000810B4044CCF
:100ED00013460A46014620685DF8044BFFF794BEAE
:100EE000000C00202DE9F0470C4691460A698968FC
:100EF000DDF820808A42B8BF0A46C9F8002094F87D
:100F0000431006461F4611B10132C9F8002023687C
:100F100099065CD5D9F800200232C9F80020236870
:100F200013F0060F19461DD1E1688A1A002AD8BFAE
:100F3000194617DD04F1190A002505E0E368D9F820
:100F400000209B1AAB420CDD012352463946304645
:100F5000C047013005F10105F0D14FF0FF30BDE889
:100F6000F087216894F84330003318BF01238A06C4
:100F70000AD5E1185A1C302081F84300224494F825
:100F8000451082F84310023304F1430239463046DB
:100F9000C0470130E1D02368A268216903F006034D
:100FA000042B1DD08A4226DD4FF00009521A9144CD
:100FB0001A34002501E04D451DDA01232246394649
:100FC0003046C047013005F10105F4D1C5E713F003
:100FD000060F13D094F84330003318BF0123D3E732
:100FE000D9F80000E3688A42A3EB000323EAE3791F
:100FF000DCDC002BDCDC0020BDE8F087E168D9F800
:1010000000208A1A002AD8BF194693DCAAE700BF3D
:101010002DE9F0430C46097E85B06E290646174639
:101020000C98984604F1430E6DD039D9732900F01D
:10103000F68044D9752900F00481782940F01181A7
:1010400078232268DFF858C284F845300168150615
:1010500051F8043B016040F1A180D10744BF42F048
:1010600020022260002B00F093801022002184F8DF
:1010700043106068A0600028C0F2C880216821F099
:1010800004012160002B40F0A380002840F0C080C4
:101090007546082A00F0AC80AEEB0503236141E001
:1010A000632900F0E5801AD8002938D0582940F08B
:1010B000D88084F845102268DFF8E8C1C6E76F29B8
:1010C00000F0BF80702940F0CC802268DFF8D0C1EA
:1010D00042F020027823226084F84530B6E7642984
:1010E00002D0692940F0BD8022680368110603F12F
:1010F000040557D5196805600B46002959DBDFF850
:10110000A4C10A22B5E70368226861691D1D056054
:1011100015061B6802D4500600F1BD80196000233B
:1011200075462361CDF800803B4603AA2146304630
:10113000FFF7D8FE013020D02A46236939463046D1
:10114000C047013019D022680398E368920719D587
:101150001A1A002A16DD04F11909002504E0E368D3
:1011600003981A1AAA420DDD01234A463946304631
:10117000C047013005F10105F1D14FF0FF3005B056
:10118000BDE8F0839842B8BF184605B0BDE8F083CB
:10119000226822F020022260102267E7500648BF32
:1011A0009BB25AE75106A5D5B3F900300560194640
:1011B000A3E76168A1602D200029C3F1000384F832
:1011C000430002DB22F004022260DFF8D8C00A22CA
:1011D000754600E00B46B3FBF2F102FB113093427F
:1011E0001CF8000005F8010DF4D2082A7FF454AF72
:1011F0002368DB077FF550AF626823699A423FF7A7
:101200004BAF302305F8013C013D45E7002BDFD112
:101210009CF8003084F8423004F1420539E7036855
:101220006268191D01601D680021284600F050FD0C
:10123000002832D0401B60602061002384F84330D6
:1012400070E72268036812F0800F03F104051AD0DA
:101250001B6805606F290CBF08220A22DFF844C012
:1012600004E7012384F84210236104F14205E4E716
:1012700003681A68191D0123016004F1420584F80E
:1012800042202361D9E712F0400F0DBF1B680560B3
:101290001B880560DEE7198041E76068CCE700BF86
:1012A000E49F0008D09F0008F8B50D461446064696
:1012B00008B1836943B3254B9C422AD0244B9C42FE
:1012C00029D0244B9C4208BFF468A389A269A2607C
:1012D0001A0722D5236903B322686169D31AEDB2D4
:1012E00099422F4629DD0133A168501C0139A160C4
:1012F0002060157062699A4216D0A389DB0701D578
:101300000A2D11D03846F8BD00F076FA0F4B9C42FA
:10131000D4D17468D9E7B468D7E72146304600F0E5
:1013200023F838B92369D7E72146304600F03AF967
:101330000028E7D04FF0FF37E4E72146304600F0C1
:1013400031F90028F6D122680123CDE7F891000891
:10135000D8910008B8910008024B0A460146186867
:10136000FFF7A2BF000C00203B4B70B51D6806467E
:101370000C460DB1AB69DBB1384B9C421ED0384BEB
:101380009C424AD0374B9C4208BFEC68B4F90C2011
:1013900093B2190718D5206908B313F001022CD0B5
:1013A000636900225B42A361A26060B3002070BD4C
:1013B000284600F021FA294B9C42E0D16C68B4F930
:1013C0000C2093B21907E6D4DD063CD5580726D485
:1013D000206942F00803A3819BB20028DDD103F409
:1013E0002072B2F5007FD8D03046214600F026FCAE
:1013F000A389206913F00102D2D1990758BF62690D
:10140000A2600028D2D1B4F90C301A06CFD543F02F
:101410004003A3814FF0FF3070BDAC68B6E7616B4D
:1014200051B104F14403994204D03046FFF7EEFA7B
:10143000B4F90C200023636300232069636022F069
:1014400024022060C5E742F04002092333604FF0D8
:10145000FF30A28170BD00BF000C0020F891000891
:10146000D8910008B891000808B5062000F098FD52
:10147000012007F018FE00BF8B891A072DE9F04103
:101480000C46804641D44A68002A59DDE66A002E9F
:1014900053D00022D8F80050216AC8F8002013F475
:1014A000805251D101234046B047431C5FD0A389ED
:1014B000E66A216A5F0705D56268636B801A0BB123
:1014C000236CC01A024600234046B047461C45D153
:1014D000D8F80030B4F90C20002B55D01D2B01D0CA
:1014E000162B5AD123690022C4E90032616BC8F877
:1014F000005011B304F14403994202D04046FFF773
:1015000085FA00206063BDE8F0810E69AEB10D6818
:101510000E6099070CBF63690023AD1BA3600AE04E
:101520002B463246A76A216A4046B8470028A5EBF9
:10153000000506440ADD002DF2DC0020BDE8F08144
:101540000A6C002AA2DCF8E7606DB3E7A38943F0D8
:101550004003A3814FF0FF30BDE8F0812269A389E9
:10156000226000226260DA04C0D56065BEE7D8F868
:101570000030002B9BD01D2B0CD0162B0AD0A3893A
:1015800043F04003A381D9E72169C4E90013D304E0
:10159000ACD5EAE7C8F80050CFE742F04002A2819C
:1015A000CCE700BF0B6923B310B5044682B008B185
:1015B0008369BBB1104B994212D0104B994216D09F
:1015C0000F4B994208BFE168B1F90C302BB12046AE
:1015D00002B0BDE81040FFF74FBF002002B010BDC1
:1015E0006168F1E7019100F007F90199E2E7A1686C
:1015F000EAE70020704700BFF8910008D891000882
:10160000B891000820B1054B01461868FFF7CABF22
:10161000034B0449186800F0B9BA00BF000C002061
:10162000B4910008A515000800207047014900F09A
:10163000ADBA00BFA51500080020704770B54A1E5E
:10164000682505FB02F50E4605F17401FFF734FA33
:10165000044640B100210C30666005F1680221604B
:10166000A060FFF7B3F8204670BD00BF1E4B70B5F9
:101670001D68AB69064643B34835D5E90134013BE3
:1016800005D51EE0013B5A1C04F1680419D0B4F9D9
:101690000C20002AF6D10025144B6566C4E90055DC
:1016A000A560C4E90455A5612946E360082204F158
:1016B0005C00FFF78BF8C4E90D55C4E912552046CC
:1016C00070BD2C682CB12546D7E7284600F010F8ED
:1016D000D2E704213046FFF7B1FF04462860002816
:1016E000F1D10C233360EAE7B49100080100FFFF59
:1016F0002DE9F84F334B34491A68816290424FF01C
:101700000003C0E91233036504BF0123836105466A
:10171000FFF7ACFF68602846FFF7A8FFA8602846DF
:10172000FFF7A4FF6E68E86000240423F36074668A
:10173000C6E90044B460C6E90444B461214606F138
:101740005C000822FFF742F8DFF888B0AF68DFF8E6
:1017500088A0DFF88890DFF888801C4BC6F83080BE
:10176000C6E9086BC6E90AA92146FB6008227C6627
:10177000C7E90044BC60C7E90444BC6107F15C00F0
:10178000FFF724F8EE68124BC7F83080C7E9087BF2
:10179000C7E90AA92146F3607466C6E90044B4604B
:1017A000C6E90444B46106F15C000822FFF70EF8B4
:1017B0000123C6E9086BC6E90AA9C6F83080AB6107
:1017C000BDE8F88FB49100082D160008090001004B
:1017D00012000200112000083920000879200008BA
:1017E00099200008024B0349186800F0CFB900BFE8
:1017F000B4910008A5150008836903B978E770471C
:10180000704700BF704700BF704700BF704700BF00
:10181000024B0349186800F093B900BF000C002088
:1018200029160008024B0349186800F089B900BF67
:10183000000C0020391600089368002B00F002818C
:101840002DE9F04FB1F90C309BB20C46190783B06B
:101850008246904635D522699AB313F00202D8F831
:1018600000603DD00027D4F828B0D4F820C0DFF8BD
:10187000CC923D464D452B463A4628BF4B466146E5
:101880005046D5B1D847002840F3D280D8F8083068
:101890001B1A07442D1AC8F80830002B00F0B78037
:1018A000D4F820C0D4F828B04D452B463A4628BF7E
:1018B0004B4661465046002DE4D1D6E90075083606
:1018C000D8E721465046FFF74FFD002840F0308111
:1018D000B4F90C30D8F800609BB213F00202C1D109
:1018E00013F0010940F0B080A76820684D46002D34
:1018F00054D09A0540F1BC80AF42BB4600F2E7806D
:1019000013F4906F2FD0D4E9041707EB4707A0EB2F
:10191000010B07EBD777681C7F105844B8423A4652
:1019200084BF07463A465B0540F1E98011465046C0
:10193000FFF7C2F8002800F0F5805A4621690190AF
:10194000FEF7AAFEA289019B22F4906242F0800277
:10195000A281A7EB0B0203EB0B0067612361206000
:10196000A2602F46AB465A46494600F001FAA268EB
:101970002368D21B5B442F46A26023600025D8F861
:101980000830DB1BB944C8F80830002B3FD0B4F94D
:101990000C30A76820689BB2002DAAD1D6E900952B
:1019A0000836A4E70BF1080353E902679B460833A6
:1019B000002FF9D03A460A21304600F089F9002874
:1019C00053D00130A0EB06094B46D4E9041220683D
:1019D000BB4228BF3B46884203D9A5681544AB42A9
:1019E00019DC9A427DDC1346A56A216A32465046CC
:1019F000A847051E1CDDB9EB05096BD00120D8F8FE
:101A000008305B1B2E447F1BC8F8083013BB002036
:101A100003B0BDE8F08F31462A4600F0A9F92368EB
:101A20002B44236021465046FFF7BCFD0028E2D03E
:101A3000B4F90C3043F040034FF0FF30A38103B002
:101A4000BDE8F08F00207047334691461046174698
:101A50004E469B46002FA5D00028B5D13A460A2114
:101A6000304600F035F90028ABD17B1C9946ACE735
:101A70002369834215D36169A94212D82E4BA76A04
:101A80009D4294BF2B466FF000434A4693FBF1F30F
:101A9000504601FB03F3216AB847071EC8DDED1B62
:101AA0006DE7AF4228BF2F463A46494600F060F93D
:101AB000A3682268DB1B3A44A3602260002BEED1AE
:101AC00021465046FFF76EFD0028E8D0B0E72F46CC
:101AD000AB4648E721465046FFF764FD00288ED00C
:101AE000A6E71A463146019300F042F9019BA1682E
:101AF0002268C91A1A44A16022601D467BE750463D
:101B000000F0A2F9034600287FF423AF2169504674
:101B1000FEF77CFFB4F90C300C2223F08003CAF8E6
:101B2000002087E70C23CAF80030B4F90C3081E7B5
:101B30004FF0FF306CE700BFFEFFFF7F00FCFF7F30
:101B40002DE9F04110F148071BD088460026D7E95F
:101B50000154013D0FD4A389012B05F1FF3506D9AE
:101B6000B4F90E300133204601D0C04706436B1C48
:101B700004F16804EFD13F68002FE8D13046BDE89A
:101B8000F0813E463046BDE8F08100BF2DE9F843C4
:101B900010F148071FD0884606464FF00009D7E9E4
:101BA0000154013D11D4A389012B05F1FF3508D95A
:101BB000B4F90E3001332146304602D0C04749EA1D
:101BC00000096B1C04F16804EDD13F68002FE6D1D9
:101BD0004846BDE8F883B9464846BDE8F88300BFEB
:101BE00070B50C46B1F90E10002996B016461D4688
:101BF00013DB6A4607F03FFA00280EDB019A02F475
:101C00007042A2F50052B2FA82F252094FF4806398
:101C100000202A60336016B070BDA38900221B0625
:101C20002A6004D540230020336016B070BD4FF405
:101C300080630020336016B070BD00BF8A899207B0
:101C40000B4606D501F1470201211A60C3E90421C0
:101C5000704770B582B001AB6A460C460646FFF786
:101C6000BFFF009905463046FEF726FFB4F90C3059
:101C700070B11649B162019A0099206043F0800367
:101C8000A381C4E904018AB92B43A38102B070BDCA
:101C90009A05FBD423F0030304F1470243F0020347
:101CA0000121A3812260C4E90421EFE73046B4F9A1
:101CB0000E1007F0ECF910B9B4F90C30E4E7A38981
:101CC00023F0030343F001031BB2DDE72D160008E8
:101CD00001F0FF01102A2BDB10F0070F08D010F8DD
:101CE000013B013A8B422DD010F0070F42B3F6D1E1
:101CF000F0B441EA012141EA014122F007047FF0FA
:101D000000070023F0E80256083C85EA010586EA50
:101D1000010685FA47F5A3FA87F586FA47F6A5FA8C
:101D200087F68EB9EED1F0BC01F0FF0102F0070298
:101D300032B110F8013B013A83EA010313B1F8D143
:101D40000020704701387047002D06BF3546033824
:101D5000073815F0010F07D1013015F4807F02BF5D
:101D6000013015F4C03F0130F0BC0138704700BFAE
:101D70008842F0B40DD98B1883420AD9841832B145
:101D8000224613F8014D02F8014D9942F9D1F0BCF9
:101D900070470F2A0ED80346541E002AF7D001348C
:101DA0000C44013B11F8012B03F8012FA142F9D19A
:101DB000F0BC704740EA01039B073BD1A2F110073A
:101DC0003F0901F1200606EB071601F1100300F1AF
:101DD000100453F8105C44F8105C53F80C5C44F8A1
:101DE0000C5C53F8085C44F8085C53F8045C44F855
:101DF000045C1033B34204F11004EAD17B1C1B01D4
:101E000012F00C0F194402F00F05034415D0043DE5
:101E1000AD0803EB850C1C1F0E4656F8047B44F8F6
:101E2000047F6445F9D10135AD002B44294402F00B
:101E30000302B1E7541E0346B1E72A46ACE700BFF0
:101E4000704700BF704700BF09B3F8B51446CAB168
:101E500006460D4600F024F9A04202D32F4638462C
:101E6000F8BD21463046FEF727FE07460028F6D08B
:101E700022462946FEF710FC30462946FEF7C6FDED
:101E80003846F8BD2746FEF7C1FD3846F8BD114675
:101E9000FEF712BE10B580210446FEF70DFE606409
:101EA00040B1031F00227C3043F8042F8342FBD152
:101EB000002010BD4FF0FF3010BD00BF436C0BB1D0
:101EC00000207047E6E700BF1F2970B5054608D817
:101ED000436C16460C464BB153F8240043F824607B
:101EE00070BD162202604FF0FF3070BDFFF7D2FFC9
:101EF00008B96B6CF0E74FF0FF3070BD1F2938B5A3
:101F000021D8426C05460C466AB152F8213053B1D3
:101F1000012B16D0591C10D00025204642F8245021
:101F20009847284638BD284600F070F822460146FA
:101F30002846BDE8384000F055B81623036001205C
:101F400038BD002038BD162303604FF0FF3038BD88
:101F50001F2921D838B5436C05460C4683B153F888
:101F6000242003EB84034AB1511C10D0012A0CD069
:101F7000002520461D609047284638BD012038BD09
:101F8000FFF788FF28B96B6CE9E7032038BD022012
:101F900038BD4FF0FF3038BD4FF0FF30704700BF05
:101FA000024B01461868FFF7A9BF00BF000C0020D4
:101FB000024B0A4601461868FFF786BF000C002056
:101FC000034B1868436C0BB10020704762E700BFF9
:101FD000000C0020024B01461868FFF7B9BF00BF94
:101FE000000C002038B50B46074C05461146184634
:101FF0000023236007F04DF8431C00D038BD236850
:10200000002BFBD02B6038BDD41E002007F049B850
:1020100010B50C46B1F90E1007F015F8002803DBD7
:10202000636D0344636510BDA38923F48053A381CA
:1020300010BD00BF002070472DE9F0411646B1F9F0
:102040000C201F46D3050C460546B1F90E1009D4E5
:1020500022F48052A2813B4632462846BDE8F04138
:1020600006F0F8BF0022022306F0F2FFB4F90C20BC
:10207000B4F90E10ECE700BF10B50C46B1F90E1024
:1020800006F0E6FFA389421C0EBF23F4805343F4FD
:1020900080536065A38110BDB1F90E1006F0DCBF5E
:1020A00051F8043C181F002BBCBF0B58C0187047D8
:1020B00008B502F0BDF848B100F030FD00F03EFD7B
:1020C00000F09CF8BDE8084000F0A0B800F02EFD3C
:1020D000F4E701F0A9B808B500F05AF8BDE80840E7
:1020E00001F0A3B838B504460D4600F0FBFD45F6F7
:1020F00010739C4209D045F611739C4211D02946B9
:102100002046BDE8384001F091B8AB7801205BB1C2
:1021100003F0BEFB03220221012001F0D5F80020CC
:1021200038BDAB780220F2E703F0BCFBF2E710B554
:10213000044600F079F82046BDE8104001F0BDB932
:10214000012000F06BB8002000F068B8034610F8DA
:10215000012B082A05D0092A05D0072A05D100F04D
:10216000DDBB00F057BC00F0E1BCFF221A707047E5
:10217000FF230428137007D80E2905D8034BC0EBA2
:1021800000101844435C1370704700BF2C95000882
:1021900008B50021502000F0FFFE0121522000F080
:1021A000FBFE0021502000F01BFFBDE8084001218C
:1021B000522000F015BFF8B505460E46174600241C
:1021C00020463B4632462946013400F06BFE452C42
:1021D000F6D1F8BD07B50DF10702FFF7C9FF9DF86D
:1021E0000720044900238B54034A136003B05DF8B1
:1021F00004FB00BF94110020440E00200149024856
:1022000005F0ABBA880C00201C1E0020024842F2E8
:10221000107105F0B4BA00BF1C1E0020014B1870ED
:10222000704700BF490E0020014B1870704700BF77
:10223000480E00200C4B1B68C3F30113022B0CD07B
:10224000032B0ED0012B4FF0000203D01146FF20CC
:10225000FFF7B1BFFF211046FAE70021FF22084631
:10226000F6E7FF22F2E700BF4C0E002000221146E5
:102270001046FFF7A0BF000007B50B4B5A798DF849
:1022800000209A799B788DF801208DF80230009813
:1022900000F03CFFC0F30742C1B2C0F3072003B017
:1022A0005DF804EBFFF787BF660C0020F0B52C4CFF
:1022B00087B063798DF80C30A3798DF80D30A37851
:1022C0008DF80E30039800F021FFC0F307238DF83E
:1022D0000930E3798DF81430237A8DF81530A3781E
:1022E0008DF816308DF80800C0F307408DF80A000D
:1022F000059800F00BFFC0F307238DF81000C0F322
:1023000007408DF811308DF8120016340026002594
:10231000F7B238460DF10702E9B2FFF729FF9DF841
:102320000700442812D823882B41DB075DBF9DF8A6
:102330000A309DF808209DF809109DF8123044BF1E
:102340009DF810209DF8111000F0ACFD01350F2D07
:10235000DFD10136052E04F10204D8D107B0F0BD5B
:10236000660C00202DE9F3411F4D6A79EB799B1A29
:102370007F2B9AB232DDA2F580731BB2002BB8BF5F
:102380000333AA79DFF8648043F38F042B7A9B1A16
:1023900048BF03339E10AB788DF80230002708EB5E
:1023A00047036A795B781B0904FB03228DF8002040
:1023B000AA7906FB03238DF80130009800F0A6FEF1
:1023C000C0F30743C2B2C0F307213846013700F01B
:1023D00069FD452FE3D102B0BDE8F08113F17F0F15
:1023E000CCDA02F58073C8E7660C00201894000868
:1023F0002DE9F74F224E7779F57996F80680337AF2
:10240000ED1B48BF0335B3EB080348BF03334FEA66
:10241000A30A8146FEF75CFA452490FBF4F303FB24
:102420001404AD104FF0000BE4B2B9F1000F01D16C
:102430005C451DD1FEF74CFA00F0030000FB05706F
:102440008DF80000FEF744FA00F00300B3788DF831
:10245000023000FB0A808DF80100009800F056FE63
:10246000C0F30743C2B2C0F30721584600F01AFD7B
:102470000BF1010BBBF1450FD7D103B0BDE8F08FD5
:10248000660C00202DE9F341154A164E1468337985
:10249000154F9C40E4B200254FF0FF0817F8013BB0
:1024A0008DF801809B003F2B9ABFC3F13F039BB285
:1024B000002323448DF80030B3788DF80230009863
:1024C00000F024FEC0F30743C2B2C0F30721284640
:1024D000013500F0E7FC452DE0D102B0BDE8F08108
:1024E0004C0E0020660C002094110020F7B5174B0D
:1024F00017491A790D689B78164E174F8DF80230E0
:102500009540FF22EDB28DF80120002416F8013B22
:1025100017F814209B003F2B9ABFC3F13F039BB2D7
:1025200000232A4413448DF80030009800F0EEFD9B
:10253000C0F30743C2B2C0F307212046013400F0C4
:10254000B1FC452CE2D103B0F0BD00BF660C002009
:102550004C0E00209411002018940008F7B5174B7A
:1025600017491A790D689B78164E174F8DF802306F
:102570009540FF22EDB28DF80120002416F8013BB2
:1025800007EB44029B003F2B52789ABFC3F13F03F5
:102590009BB200232A4413448DF80030009800F0C9
:1025A000B5FDC0F30743C2B2C0F307212046013492
:1025B00000F078FC452CE1D103B0F0BD660C0020A2
:1025C0004C0E00209411002018940008F7B5064620
:1025D000FEF77EF94523124F90FBF3F404FB13033F
:1025E0000025DCB20EB9AC4215D1FEF771F98DF8B9
:1025F0000000FEF76DF9BB788DF802308DF8010010
:10260000009800F083FDC0F30743C2B2C0F3072176
:10261000284600F047FC0135452DE3D103B0F0BD5D
:10262000660C002073B5114B11491A790C689B7820
:10263000104E8DF802309440E4B20025727816F8FE
:10264000023B8DF8012023448DF80030009800F003
:102650005DFDC0F30743C2B2C0F307212846013530
:1026600000F020FC452DE9D102B070BD660C0020C1
:102670004C0E0020A2940008F7B5174C174A237996
:102680001568174F9D40A3788DF80230EDB20026F3
:1026900039787B782944CAB2090648BFD2436179A8
:1026A00048BFD2B25B0801EB92027F338DF8002065
:1026B0008DF80130009800F029FDC0F30743C2B245
:1026C000C0F307213046013600F0ECFB452E07F140
:1026D0000207DDD103B0F0BD660C00204C0E0020D7
:1026E000A29400081FB5134BADF804108DF8081024
:1026F0009B788DF80A30C1F307218DF80910044644
:10270000029800F003FDFE2C0246C1B2C2F307425C
:10271000C0F3072004D104B0BDE81040FFF74BBD63
:1027200013460A460146204604B0BDE8104000F0BA
:10273000B9BB00BF660C002070B51B4CE07AFF28C7
:1027400009D01A4B1B789B0705D5637AA17A43EA17
:102750000121FFF7C7FF032003F086F8064638B1D2
:10276000207DFF281ED0618ABDE87040FFF7BABF08
:10277000022003F079F8054650B1607CFF2811D0A3
:10278000217CE37B43EA0123310C09041943EBE785
:10279000012003F069F828B1A07BFF2802D0A389AB
:1027A000290CF2E770BD00BF660C0020480E002027
:1027B00038B5384A1378132B02D80133137038BD5B
:1027C000354A3648136801331360354A13685C1C78
:1027D0001CBF01331360452110F8013BFF2B1CBFC8
:1027E000013300F8013C0139F6D12E48C378FF2BA4
:1027F000044603D1BDE83840FFF71CBD2A4D2D78B3
:1028000015B1007880061BD4647844B112684FF487
:1028100096614C4394422EBF002401240023234A96
:1028200010781370C01A03F1FF3318BF0120092B71
:1028300009D8DFE803F0101316191C1F2225282BD6
:1028400001240B46EBE7FFF711FD002CB7D1BDE8E3
:102850003840FFF771BFFFF70FFDF6E7FFF726FDE2
:10286000F3E7FFF77FFDF0E7FFF7C2FDEDE7FFF7C6
:1028700009FEEAE7FFF73AFEE7E7FFF76FFEE4E756
:10288000FFF7A4FEE1E7FFF7CDFEDEE7FFF7F4FE7A
:10289000DBE700BF500E00204C0E002094110020FA
:1028A000440E0020660C0020490E0020640C00201D
:1028B000034608460428114601D9187070471A4685
:1028C000FFF756BCFD282DE9F74305460F4616468F
:1028D0004FF000041FD84FF0FF094FF000085FFAD7
:1028E00088F10DF1070220468DF80790FFF740FCB4
:1028F0009DF80730AB4204D13C70317003B0BDE8A5
:10290000F08308F10108B8F10F0FE8D10134E4B207
:10291000052CE2D1F2E708701470EFE710B40378E9
:10292000073B0F2B12D8DFE803F00814181C2024F3
:102930002A30363D43474D51575B304A4378117832
:10294000003B18BF012363F3451111705DF8044B80
:1029500070472A4B42785A70F8E7284B42789A70B1
:10296000F4E7264B4278DA70F0E7244B42781A718C
:10297000ECE7224B42785A7182789A71E6E71F4B56
:102980004278DA7182781A72E0E71C4B42785A7208
:1029900082789A72DAE78278417819485DF8044BB8
:1029A000FFF786BF154B42781A7382785A73CDE7CA
:1029B000827841781348F1E7104B4278DA738278D5
:1029C0001A74C3E7827841780F48E7E70B4B4278E7
:1029D0009A748278DA74B9E7827841780B48DDE737
:1029E0000B4A00F10A01447810F8023F43EA04233D
:1029F000814222F8023BF6D1A8E700BF660C002016
:102A0000710C0020740C0020770C00207A0C002040
:102A10007C0C0020014611F8013B013B152B78D8B6
:102A2000DFE803F00B11161B202A252F3235383B27
:102A300041464B5055595E62676B364B1B7803F02D
:102A4000010343707047334B1B78C3F34003F8E72F
:102A5000304B1B78C3F38003F3E72E4B1B78C3F393
:102A6000C003EEE72B4B1B78C3F30013E9E7294BB8
:102A70001B78C3F34013E4E7264B1B78C3F38013A2
:102A8000DFE7244B5B78DCE7224B9B78D9E7214BCF
:102A9000DB78D6E71F4B1B79D3E71E4B5A79427080
:102AA0009B79837070471B4BDA7942701B7AF8E789
:102AB000184B5A7A42709B7AF3E7164B821CD87AED
:102AC000FFF700BF134B1A7B42705B7BE9E7114BAA
:102AD000821C987BF4E70F4BDA7B42701B7CE0E7AB
:102AE0000C4B821C587CEBE70A4B9A7C4270DB7CD7
:102AF000D7E7084B821C187DE2E7074B00F10A017B
:102B00001A88120A427033F8022B00F8022F88420A
:102B1000F6D17047660C00207C0C00200248202271
:102B2000272101F0DEBA00BF660C002002482022F7
:102B3000272101F0F1BA00BF660C002010B500F0AB
:102B4000F3FA0021502000F067F90021522000F034
:102B500063F900243C2C22D0452CCCBF0023012358
:102B6000E0B21A461946013400F0BCF9802CF1D1CC
:102B7000002319460122462000F0B4F9002150201C
:102B800000F02EFA0121522000F02AFA054A002313
:102B9000FF210133452B02F8011BFAD110BD0023A0
:102BA000DEE700BF94110020044AD37801330A2BDA
:102BB000A8BF0A23D370FFF7B9BF00BF660C00207F
:102BC000054AD378013B23EAE3730A2BA8BF0A2303
:102BD000D370FFF7ABBF00BF660C0020044A137927
:102BE0000133032BA8BF03231371FFF79FBF00BF5F
:102BF000660C0020034A1379013B83F3020313712F
:102C0000FFF794BF660C0020044A93780833FF2B2B
:102C1000A8BFFF239370FFF789BF00BF660C002099
:102C2000034A9378083B23EAE3739370FFF77EBF70
:102C3000660C0020044A53790833FF2BA8BFFF23FA
:102C40005371FFF773BF00BF660C0020034A53792E
:102C5000083B23EAE3735371FFF768BF660C00205B
:102C6000044A93790833FF2BA8BFFF239371FFF722
:102C70005DBF00BF660C0020034A9379083B23EA3E
:102C8000E3739371FFF752BF660C0020044AD379B7
:102C90000833FF2BA8BFFF23D371FFF747BF00BF47
:102CA000660C0020034AD379083B23EAE373D3710F
:102CB000FFF73CBF660C0020044A137A0833FF2B51
:102CC000A8BFFF231372FFF731BF00BF660C0020BF
:102CD000034A137A083B23EAE3731372FFF726BF14
:102CE000660C002038B58B7805460C461BB1097878
:102CF0006078FFF76FFAA5F5BE400D2854D8DFE8DD
:102D000000F0070D12171C21262B30353B41474D93
:102D1000A4787CB3FFF778FF00242BE0A4784CB3B1
:102D2000FFF77EFFF8E7A47824B3FFF73DFFF3E752
:102D3000A478FCB1FFF744FFEEE7A478D4B1FFF725
:102D40004DFFE9E7A478ACB1FFF754FFE4E7A478BE
:102D500084B1FFF76FFFDFE7A4785CB1FFF776FF80
:102D6000DAE7A47834B1FFF77BFFD5E7A4780CB19C
:102D7000FFF782FF204638BDA478002CFAD0FFF779
:102D800085FFC9E7A478002CF4D0FFF78BFFC3E7D9
:102D9000A478002CEED0FFF78FFFBDE7A478002CBD
:102DA000E8D0FFF795FFE5E70124E3E708B50B4618
:102DB000064940000B704A706423022200F0FE00B6
:102DC00000F0DCF9B0FA80F0400908BD591300208A
:102DD0002DE9F0410F4E40000F46C5B20024B04629
:102DE00034703A190023013312F8011B08F803105C
:102DF000102BF8D1642311223146284600F0BEF989
:102E000028B91034C02CEBD10120BDE8F08100209E
:102E1000FBE700BF5913002070B5C52204460D46DC
:102E2000FE21FFF7C3FF0022FD212046FFF7BEFF72
:102E30000026F1B2002220460136FFF7B7FF182E18
:102E4000F7D1C522FE212046FFF7B0FF0122FD2168
:102E50002046FFF7ABFF0026F1B2002220460136E4
:102E6000FFF7A4FFC02EF7D1C522FE212046FFF7B1
:102E70009DFF0322FD212046FFF798FFFF2201213D
:102E80002046FFF793FFAA0142F00102204602F01C
:102E9000C1020021FFF78AFFBDE870404FF47A704D
:102EA00004F039B97F28F0B514D80B4CDFF830C0E6
:102EB00004EB800514F82040AF78EE786D7804F0CC
:102EC0000304C02000FB04C04155C2558355034B89
:102ED00001221A55F0BD00BF18920008830E002091
:102EE000D91100202DE9F04F284D05EB800418265C
:102EF00094F801B094F802C0E77815F82040244D0A
:102F000004F003044FEADB0A06FB04560BF0070B40
:102F1000012000FA0BF04FEADC094FEAD70816F956
:102F20000AE00CF0070C07F0070740B221B34EEAA5
:102F3000000006F80A00182000FB0450012606FADB
:102F40000CFC10F909104FFA8CFCC2B141EA0C01DB
:102F5000182200F8091002FB0455012101FA07F7B5
:102F600015F908207FB26BB13A4305F80820094BE8
:102F700001221A55BDE8F08F2EEA0000D9E721EAB8
:102F80000C01E5E722EA0702EFE700BF189200080C
:102F9000510E0020810E002070B50E4E725C054669
:102FA0000C46A2B1C522FE21FFF700FFFD21012240
:102FB0002846FFF7FBFE084B04EB440103EB8111AD
:102FC0002846FFF705FF10B9044B01221A550023CC
:102FD000335570BD830E0020D9110020810E0020D2
:102FE000124B5A5C2DE9F04107460C469846BAB19F
:102FF000C522FE21FFF7DAFE0022FD213846FFF749
:10300000D5FE0B4B04EB440603EBC6060025E9B2E4
:1030100016F8012B38460135FFF7C8FE182DF6D1FA
:10302000002308F80430BDE8F08100BF810E0020C5
:10303000510E00207FB510F47F4F0190C0F307269A
:10304000C0F3074217D109B12F4B9A5C8DF80C20C1
:103050008DF80D208DF80E209DF80C30002063F3C4
:1030600007009DF80D3063F30F209DF80E3063F3D9
:10307000174004B070BD9DF8043061B322498A5CEA
:1030800003EB43046FF05400FF216400B4FBF1F440
:10309000604300EB430000EB4000C0B216FB00F3BE
:1030A0001B12081A8D1BCB1A06FB00F10912C1F185
:1030B000FF01554353435143C5F30725C3F307238A
:1030C000C1F30721D2B2062C19D8DFE804F00608B4
:1030D000110F1418060092B2D2E713460A468DF873
:1030E0000C208DF80D308DF80E50B5E711461A46BC
:1030F0002B460D46F3E70B4611462A46F9E71146E3
:103100002A461D460B46EAE70C99000884B00121C7
:1031100004B0FFF78FBF28B1202814BF4FF0FF3055
:103120006FF0010070470000124B07B51A78F2B932
:103130000121197010480192402105F0AAF8019A66
:103140000D48802105F0A5F84FF47A7003F0E3FFF5
:10315000094840F20622402105F09BF8064840F25B
:103160000622802103B05DF804EB05F092B803B0AD
:103170005DF804FB860E0020000400482DE9F043B2
:10318000DFF85C80144C85B00D4620701349404632
:1031900016461F4604F006FBDFF848C0247840F2CC
:1031A000E7300021ECFB07014FF47A720023FDF7B2
:1031B000F1F84FF000096408CDE90190CDF80090D6
:1031C00033462A462146404604F0FAFA05B0BDE8E7
:1031D000F043FFF7A0BF00BF850E002078950008E0
:1031E000D81D0020A086010038B5044600F066F91D
:1031F000054648B114F002031ABF0023FF221A4605
:1032000019464620FFF74EFE284638BD10B540F35C
:103210004003DBB240F380020446D2B21946452097
:10322000FFF740FE204610BD7047704701207047F1
:1032300001207047704708B5FFF7FCFF08BD00008C
:1032400013B502AB03E903000F4B1B78B3B99DF82C
:103250000230009873B16AB102F098FB044601464F
:10326000009802F04FFB0099204602B0BDE81040E4
:1032700001F07CB902F06AFB0446F4E7009802F022
:1032800085FB0099F1E700BFB80E002003460A460F
:1032900000689988FFF7D4BF10B500210446FFF7F6
:1032A000F5FF2146FFF7C7FF10BD10B5012404FA52
:1032B00002F204FA01F1114304FA03F331EA0002C5
:1032C0000CBF1843984310BD08B513460A46014683
:1032D00003480068FFF7E9FFBDE8084002F0B4BA10
:1032E000080F002008B500F0C3FABDE80840FEF75B
:1032F000F0BEFEF7F0BE704708B501F05DFFFFF7C6
:10330000FAFF46F2A81003F006FFBDE8084002F0FD
:103310009BBE38B501210546FFF7B8FF2946044694
:1033200000F0D7FF08B9002038BD29462046FEF737
:10333000D9FE0028F7D02946204601F0FBF90028E5
:10334000F1D02946204601F04FFA0028EBD029465B
:10335000204601F023FB0028E5D0AB785BB145F6B1
:103360005A539C421CD00AD8B4F5B84F12D045F637
:10337000DE439C4211D02846FFF75AFFD4E745F6BA
:103380005B539C420FD045F65C539C42F3D102F054
:103390008DFBF0E7FFF7B0FFC5E702F007FDC2E7DE
:1033A00002F090FBE7E702F090FBE4E7F8B5174B7B
:1033B00017491F5C174BC20800F007008D5C1649C7
:1033C0009B5C8E5C0341054113F0010446FA00F05A
:1033D00005F0010500F0010602D0E12001F026FC15
:1033E00015B1E62001F022FC384601F0B2FC15B11F
:1033F000E62001F067FC14B1E12001F063FC26B186
:10340000BDE8F8402C2001F0A4BCF8BDFC970008F2
:10341000DC9700087C980008EC9700082DE9F04143
:10342000234F04460E464FF00A08207800283CD06F
:10343000012837D16378012B0ED1A078A51C01F0AB
:1034400088FC2C4601343546013DEDB2FF2DECD011
:10345000642003F060FEF7E7022B04D1A078A51CDE
:1034600001F0E4FBEDE7032B04D1A078A51C01F0EB
:1034700029FCE6E7042B01D00134E3E722460025CE
:1034800012F8023FD95D4907144605D4013DD9D34E
:10349000642003F040FEF9E7303B08FB053512F8E5
:1034A000013FEFE7FFF782FFCCE7BDE8F08100BF07
:1034B000B19000080021FFF7B1BF704701207047AD
:1034C00010B50446FEF733FE2046FFF78DFE10BD13
:1034D0000020704770470000014B33F81000704720
:1034E000BA98000813B5ADF80410019901F03EF840
:1034F00000F0CCF8B0F5A04F044630D2B0F5804FC4
:1035000080F08A80E72817D8DF280AD8A7280BD8A8
:10351000A4286AD8012804D0031F9BB2A12B28BF7E
:103520000024204602B010BDBE2864D9C03880B245
:103530001F286AD90024F4E7B0F5405F09D2B0F53E
:10354000005F60D2FF2854D8EF28F3D940F4A040A0
:1035500024E00205C3B25CD443F44044E1E7B0F593
:10356000AA4F1DD2B0F5A84FC3B275D2B0F5A64F81
:103570000AD2B0F5A44F64D2B0F5A24F51D34AF2AB
:10358000F10040EA0324CCE79C08012003F0030388
:1035900000FA03F343EA441040F40A4084B2C0E75F
:1035A000B0F5B44F0FD2B0F5B24F61D2B0F5AC4F19
:1035B00055D3A0F5B0439BB2FF2BBBD84AF2F00025
:1035C00040EA0420EAE7A0F5C0439BB2B3F5005FF0
:1035D000B0D2C0F3042000F0D9F8000200F4F85390
:1035E000E4B21C4344F400549BE7A0F1240444F4E7
:1035F0008044A4B295E75834E4B2234B33F8140066
:1036000040F488448DE7C0F30B00FFF765FF0446E4
:1036100087E743F4484484E7C0F30B0040F42044B8
:103620007FE7C3F38104C0F30110640144EA00247E
:1036300003F00303012000FA03F31C4344F40C409D
:10364000ACE79C08012003F0030300FA03F343EA0C
:10365000441040F40C40A1E74AF2F40091E7C0B2F4
:1036600000F094F8000200F4F85040F4005458E7D9
:1036700000F00F0000F08AF8C4F3031440EA0420BD
:1036800040F410408AE700BF8C980008E7284DD826
:10369000DF2807D8312861D00ED8292857D02A280A
:1036A00063D07047A0F1E003072B3FD8DFE803F0B9
:1036B000123E2126303E3A3F392804D0822802D0DB
:1036C00035283DD07047304B1B7813F0030F18BFDF
:1036D000E02070472C4A1378D9074DD4527812F065
:1036E000010F23D013F0100F08BFE32018BF0020F4
:1036F0007047254B1B7813F0040FF2E7224A13782A
:1037000059073BD45278D2073AD413F0100FEDE7A3
:103710001D4B5A78910709D51B7813F0100F08BF7D
:10372000E720E3E7184B1B781A07F6D47047164AD0
:103730001378190726D452789207E6D5E420F5E7E6
:10374000114B1B7813F0200F18BF292070470E4B28
:103750001B7813F0200F18BF352070470A4B1B78D9
:1037600013F0400F18BF2A207047074B1B7813F047
:10377000400F18BF3120704739207047E220704752
:10378000E0207047E62070476E130020294B1A781E
:10379000510707D500F01801082927D100F0F700DC
:1037A00040F00400110707D500F01801182926D1B0
:1037B00000F0E70040F014005B78D90707D500F06F
:1037C0001801082924D100F0F70040F00100990702
:1037D00007D500F01803182B23D100F0E70040F0C4
:1037E0001100D30648BF00F0E700704700F0140155
:1037F000042904BF00F0FB0040F00800D2E700F00D
:103800001401142904BF00F0EB0040F01800D3E7C6
:1038100000F01101012904BF00F0FE0040F0080093
:10382000D5E700F01103112B04BF00F0EE0040F0CB
:103830001800D6E76E13002000F028BD08B500F090
:10384000A7F84FF47A7003F066FC00F0A1F80020AE
:1038500000F02EF8C30705D5FFF7EEFFBDE80840DE
:1038600002F0F2BB08BD08B5FFF7E8FF08BD000095
:1038700008B502F019FA08B902F098FA02F01EFA37
:10388000084B187002F020FA074B1880FFF7EBFF87
:1038900002F017FA01F0B9FF044B1868BDE80840C0
:1038A00001F0CEBF630F00206E130020080F002030
:1038B000014B33F8100070477A1300207047032043
:1038C00003F029BC00BF00BF00BF00BF00BF00BFA6
:1038D00000BF00BF00BF00BF00BF00BF00BF00BFF0
:1038E00000BF00BF00BF00BF704708B5FFF7E7FF8C
:1038F00008BD08B5202282F31188012100F00F03D2
:10390000994020F00F0004F0C4FC002383F31188D9
:1039100008BD000038B51648164DFFF7EAFF1648F7
:10392000FFF7E7FF1548FFF7E4FF1548FFF7E1FF52
:103930001448FFF7DEFF0F2455F8040B013CFFF796
:10394000D8FF14F0FF04F7D10F4B104A1C8005205C
:10395000148054805C8094809C80D480DC801481AE
:103960001C8100F077F8BDE83840FFF7BBBC00BF12
:1039700003040048BC9800080404004805040048FB
:1039800008000048040000487A130020701300204B
:103990002DE9F74F0025DFF8B8B02A4F05264FF084
:1039A00020094FF00108AA465BF8044B89F31188FF
:1039B00024F00F0004F00F0408FA04F42146012259
:1039C000019004F066FC0198A4B244838AF3118844
:1039D000FFF778FF00211C480C4650F8043B23F009
:1039E0000F0203F00F03126922FA03F3DB075ABF39
:1039F00008FA01F213B20023013123430F299CB2CC
:103A0000EBD15BF8040CFFF774FFFFF76EFF3B8808
:103A1000013EA3421ABF3C800123002316F0FF069B
:103A200045EA030507F10207BED1084905482B46C0
:103A3000052200F011F8FFF75CFC284603B0BDE852
:103A4000F08F00BF70130020BC9800087A1300208C
:103A5000F898000870470000F8B5104C06460F466D
:103A600015462BB10123237002F0E2FA0C4B1880AB
:103A700023782BB10A4B188802F0DFFA05280AD800
:103A8000F8BD36F8132027F8132001339D42F8DCE7
:103A900000232370F4E70023F8E700BF870E00201F
:103AA000880E0020194B1B78D90709D5184B1878B8
:103AB00000EB800080087F2824D828B3C0B270476C
:103AC0009A0705D5124B187800EB80004008F2E702
:103AD0005B0704D50E4B187800EB8000EBE70D4B2D
:103AE0001B786BB10C4A0A49127808789342F3D2DA
:103AF00010FB03F000EB8000B0FBF2F080B2DAE7DD
:103B00000520DBE77F20704701207047940E0020DE
:103B10009A0C0020950E00209B0C0020154B1B7862
:103B2000D90705D5144B1878800800B3C0B2704788
:103B30009A0703D5104B18784008F6E75B0705D5C0
:103B40000D4B18787F28F0D97F2070470B4B1B78DE
:103B50005BB10B4A084912780878934236BF10FBD4
:103B600003F080B2B0FBF2F0ECE70120DEE70120C9
:103B7000704700BF940E00209E0C0020960E00207F
:103B80009F0C0020F02808B505D1FFF78BFF4042BD
:103B9000294BD87008BDF12802D1FFF783FFF7E762
:103BA000F22805D1FFF77EFF4042234B9870F1E7E2
:103BB000F32802D1FFF776FFF7E7F92804D1FFF7E2
:103BC000ADFF1D4B1871E5E7FA2803D1FFF7A6FFFB
:103BD0004042F6E7FB2805D1FFF7A0FF4042164B15
:103BE0005871D7E7FC2802D1FFF798FFF7E700F1FB
:103BF0000C03DBB2042B08D80F4A0123F43803FA74
:103C000000F0537818435070C4E7FD2805D10B4AE3
:103C1000137843F001031370BCE7FE2804D1074A70
:103C2000137843F00203F6E7FF28B3D1034A137871
:103C300043F00403EFE700BF8E0E0020940E002037
:103C4000364BF02893F902200AD193F9031000298A
:103C50000CDA0021D97052B9314A0021117006E006
:103C6000F1280DD193F903100029F2DC72B11A7911
:103C70005B7913435AB2002B4FD12A4B1A7070470D
:103C8000F22806D1002AF1DA00229A7093F9032073
:103C9000E1E7F32802D1002AF6DCE7E7F92893F9F7
:103CA000041004D10029E1DD00211971DEE7FA28B2
:103CB00002D10029DADAF7E7FB2893F9051004D1DD
:103CC0000029D3DA00215971D0E7FC2802D100295C
:103CD000F8DCCBE700F10C01C9B2042907D8F438AD
:103CE00001218140587820EA01005870BEE7FD2884
:103CF00005D10D48017821F001010170B6E7FE28D9
:103D000004D10948017821F00201F6E7FF28ADD17E
:103D10000548017821F00401EFE770478E0E00207E
:103D2000950E0020960E0020940E002008B502F09B
:103D30007FF9094BDA7899780A431CBF074A10804B
:103D40001A795B7913431CBF054B1880BDE8084006
:103D5000014800F06FBE00BF8E0E00208A0E0020CA
:103D60008C0E00202DE9F047564C94F9028094F90E
:103D7000037094F9046094F9055094F800A094F845
:103D800001900023A370E3702371637158EA070365
:103D90000AD04D4B188802F050F94C490B783BB3D0
:103DA0004B4A127890422DDC56EA05030BD0494B62
:103DB000188802F042F948490B78002B4ED0474A48
:103DC0001278904254DCE278A378134322791343AB
:103DD0006279134301D0FFF7A9FF84F800A084F8AB
:103DE000019084F80280E77026716571BDE8F08764
:103DF0003B4A127802EB8202B0EB420FD4DD013372
:103E00000B7001E0FF2BFAD1B8F1000F08D0FFF7DB
:103E100049FEB8F1000FCCBF0123FF235843A07027
:103E20003FB1FFF73FFE002FCCBF0123FF235843D4
:103E3000E07094F90220002AB6D094F9031000290A
:103E4000B2D0B5235A43121203FB01F308BF01227B
:103E50001B1208BF0123A270E370A5E7214A127864
:103E600002EB8202B0EB420FADDD01330B7001E0DB
:103E7000FF2BFAD13EB1FFF751FE002ECCBF01233C
:103E8000FF23584320713DB1FFF748FE002DCCBF02
:103E90000123FF235843607194F90420002A92D033
:103EA00094F9051000298ED0B5235A43121203FB52
:103EB00001F308BF01221B1208BF012322716371A5
:103EC00081E700BF8E0E00208A0E0020950E002094
:103ED000990C00208C0E0020960E00209D0C0020D6
:103EE000980C00209C0C0020054A0023136093804E
:103EF000044A1370044A1370044A1370704700BFD9
:103F00008E0E0020950E0020960E0020940E0020AC
:103F100008B500F081F940F6FF7008BD38B5084DCE
:103F20000024288800F5FF3000F5FC7004EB8020A9
:103F300004F5006400F028F9B4F5005FF1D138BD54
:103F4000CCF7FF1FB0F5805F2DE9F84307468846A0
:103F500002D30020BDE8F8832B4E338803F5FF33EE
:103F600003F5FC7399024FEA40094FEAA02C09EBD4
:103F7000832031F817304FF6FF729BB2934204D181
:103F8000414600F023F980B2E4E7204D4FF400628F
:103F900001EBCC2128464FEACC24FCF77DFB33888B
:103FA00003F5FF3303F5FC739B0213F817309845B4
:103FB000CFD029F001094FEA49594FEA5959002752
:103FC00005F80980308800F5FF3000F5FC7004EB3F
:103FD000802000F0D9F815F8171061F0FF014B1C94
:103FE0004FEA47020AD0338803F5FF3303F5FC7329
:103FF00004EB832389B2981800F0E8F80137B7F58D
:10400000806FE8D1BFE700BFCCF7FF1F841300200B
:10401000044B1B8803F5FF3303F5FC739B0213F875
:1040200010007047CCF7FF1F80B2FFF7F1BF80B2DE
:10403000FFF788BF82B208B51046FFF7E9FF0132EB
:10404000014690B2FFF7E4FF41EA002080B208BDCC
:1040500038B584B20D462046C9B2FFF773FF601C25
:10406000290A80B2BDE83840FFF76CBFFFF7F0BF08
:104070002DE9F04186B230460D46FFF7C9FF06F143
:1040800001081FFA88F801464046FFF7C1FFB71C38
:10409000BFB202463846FFF7BBFF040444EA0223DE
:1040A000F41CA4B2204643EA0102FFF7B1FF42EA42
:1040B0000062AA4213D0E9B23046FFF743FFC5F3CE
:1040C00007214046FFF73EFFC5F307413846FFF79B
:1040D00039FF290E2046BDE8F041FFF733BFBDE8A8
:1040E000F08110B50A44441E914200D110BD88B23F
:1040F000FFF78EFF04F8010F0131F5E770B50446B4
:104100000D468618B44200D170BDA8B214F8011B48
:10411000FFF718FF0135F5E7FFF7F0BF0B4BDA6843
:10412000D0070CD4DA6851070BD4DA68D2060AD467
:10413000D86800F00100C0F10500C0B2704701204E
:104140007047022070470320704700BF00200240E4
:1041500073B50446FFF7E2FF0025FF2601280FD1C3
:1041600014B9062002B070BD01950196019B1BB9E0
:10417000FFF7D4FF013CF1E7019B013B0193F5E719
:10418000002C08BF0620EDE738B5054640F6FF7065
:10419000FFF7DEFF052815D10B4C236943F002031E
:1041A00023616561236943F04003236140F6FF709A
:1041B000FFF7CEFF06281EBF236923F00203236109
:1041C0003423E36038BD00BF00200240104B00F1F3
:1041D00078429A4270B505460E4616D81F20FFF762
:1041E000B7FF052810D10B4C236943F0010323616D
:1041F0001F202E80FFF7ACFF06281EBF236923F087
:10420000010323613423E36070BD0720FCE700BF96
:10421000FEFF070000200240034B044A5A6002F1EF
:1042200088325A60704700BF002002402301674572
:1042300008B52320FFF7F8FE212801D0002008BD93
:104240002420FFF7F1FE0728F8D12520FFF7ECFE28
:10425000A0F1130358425841F1E710B5041E14BFF2
:104260002121FF212320FFF7E2FE002C14BF0721AC
:10427000FF212420FFF7DBFE002C18BF1321BDE82F
:10428000104008BFFF212520FFF7D1BE08B5002050
:10429000FFF7E3FFBDE8084001F0FCBC08B52620AD
:1042A000FFF7C2FE08BDC1B22620FFF7C0BE08B5A9
:1042B000FDF7FEFEFFF7BCFF50B9FFF7F4FF00F07B
:1042C000FFF800F097F9BDE808400120FFF7C5BFEF
:1042D00008BD10B58C78FCB1A0F5BE43123B0F2B86
:1042E00024D81238C0B200F091F90024204610BD45
:1042F000012001F0CDFA032202210120FEF7E4FFA4
:10430000F3E7012001F0CEFA032202210120FEF79B
:10431000DBFFEBE70220F5E745F610739842F0D09B
:1043200045F611739842F5D00124DFE745F6107386
:104330009842DDD045F611739842D7D10220D8E7D4
:10434000F8B50378013B04460D46122B00F28D8030
:10435000DFE803F00A143B444A543636368B8B5759
:104360005B616A737679820000234370092383704E
:1043700029462046BDE8F84002F098B94378022B60
:104380000DD0032B0ED0012B1AD101F031FE030EFC
:10439000A370030CE370030A23716071E8E7FFF771
:1043A0007DFFF4E707460026F0B2FFF781FA0136F9
:1043B000030A052EBB70F87007F10207F4D1D7E7A6
:1043C00029462046FDF7C2FED2E74378022BF7D1FB
:1043D000D0F8020000BAFFF766FFC9E7C27881781B
:1043E000407800F050F8D6E702794379817843EAC3
:1043F0000223C278407800F054F8B9E700F060F882
:10440000B6E700F0C6F86070B2E700F0C4F8030A3F
:104410006370A070ACE7A3784078E178221D43EA8E
:10442000002000F0BBF8A3E7A3784078E178221DD4
:1044300043EA002000F0C9F89AE700F0DBF897E7BC
:1044400000F016F8DFE7A3784078E178221D43EA10
:10445000002000F05FF88BE7A3784078E178221D18
:1044600043EA002000F06DF882E7FF2303707FE746
:104470000420704752001E2303FB0121962202FBF9
:1044800000104730704738B5FFF7F4FF0546FFF7D7
:10449000CBFD0402681CFFF7C7FDA4B2204380B225
:1044A00038BD38B51C46FFF7E5FF210A0546FFF782
:1044B000BEFDE1B2681CBDE83840FFF7B8BD0000A2
:1044C0002DE9F74F0026DFF848B0344606EB0B081D
:1044D00000255FFA84FA0FE0FAB239F8023B019145
:1044E00050460137FFF7DDFF0F2F0199F4D1013559
:1044F000052D08F11E0803D0C1460027E9B2EBE7FD
:104500000134042C06F19606E0D103B0BDE8F08F2B
:1045100084950008F8B5144600F1470556180027A1
:10452000B44200D1F8BDA5F14703B3F5167F06DA12
:104530002846FFF779FD207001350134F0E7277038
:10454000FAE7F8B50E46174600F147040025B542D4
:1045500000D1F8BDA4F14703B3F5167F03DA795D06
:104560002046FFF764FD01340135F0E782B00328EF
:10457000ADF804100AD89DF80510042906D89DF856
:1045800004200E2A02D802B0FFF77DBF002002B03F
:1045900070471020704740F261107047F8B514461C
:1045A00000F29F2556180027B44200D1F8BDA5F2AD
:1045B0009F23B3F5B07F06DC2846FFF735FD20705A
:1045C00001350134F0E72770FAE7F8B50E461746D3
:1045D00000F29F240025B54200D1F8BDA4F29F232C
:1045E000B3F5B07F03DC795D2046FFF720FD013491
:1045F0000135F0E710B540F29F2420460021013438
:10460000FFF715FDB4F5806FF7D110BD0F28F7B592
:10461000044620D840F2FF30FFF706FDD8B940F23B
:104620009F25D4B9019401272846FFF7FDFC6E1C95
:104630008DF804008DF8054068B1431E022B17D891
:104640008DF8050030468DF80470FFF7EDFC02355B
:104650008DF8060068B903B0F0BDB5F5806FFAD0EB
:104660002846FFF7E1FC08B9013CE4B20135D8E780
:10467000354601A8FEF71EFFD6E70000F8B5144640
:1046800082789DF818701D46284B92B11C7001F07D
:10469000CFFC274B188004F12003DBB2072B44D852
:1046A00004F007040120A040C0B2BDE8F84000F0CB
:1046B00056BB1E78A6422ED11D4B188801F0BDFCBA
:1046C000C72828D8AE4205F1200415D006F12003F2
:1046D000DBB2072B06D806F007060120B040C0B2B7
:1046E00000F046FBE3B2072B06D805F007030120D4
:1046F0009840C0B200F033FB3846E4B200F029FB2A
:10470000072C12D805F007050120A840BDE8F840A5
:10471000C0B200F02DBB04F12003DBB2072B04D89C
:1047200004F007040120A040F0E7F8BD970E002038
:10473000980E002013B545F6F64304469C42084601
:104740000FD845F6F2439C4212D845F6D8439C4216
:104750001DD045F6D9439C423ED045F6D7439C42F6
:104760000FD0807800283BD01E4B00221A701CE02E
:10477000A4F5B944743C022C0ED8DFE804F0181FED
:10478000260026230093E1231A4621460AE0272328
:104790000093E523E522F8E726230093E022E123B6
:1047A00045F6F341FFF76AFF002002B010BD272352
:1047B0000093E422E52345F6F441F3E72623009332
:1047C000E222E12345F6F541ECE727230093E622B8
:1047D000E52345F6F641E5E7282300930123D9E7D1
:1047E0000120E2E7970E002038B5054688780028BA
:1047F00000F0CF8045F615439D4216D845F601439B
:104800009D4217D901F060FA634C45F615439D426D
:10481000208021D845F601439D420CD8208801F024
:104820005FFA00F0C9FC002004E0A5F5B9437A3B2B
:10483000082BE7D938BDA5F5B845033D122D1AD888
:10484000DFE805F01E222633373B3F455155595DC1
:10485000696D71757B978300A5F5B9457A3DABB25B
:10486000082BDBD8082DD9D8DFE805F0161B4D51F1
:10487000376B7A8D9100237843F001032370CDE7E5
:10488000237843F00203F9E7237843F00403F5E7C4
:10489000237843F00803F1E7637843F00103637082
:1048A000BCE7637843F00203F9E7237843F0100391
:1048B000E4E7237843F02003E0E7237843F0400364
:1048C000DCE700F079FC237843F08003D6E7237817
:1048D00023F00C0343F00C03D0E7637823F00303C9
:1048E00043F00303DBE723786FF30003C6E7237885
:1048F0006FF34103C2E723786FF38203BEE72378A7
:104900006FF3C303BAE763786FF30003C7E7637815
:104910006FF34103C3E723786FF30413AEE7237803
:104920006FF34513AAE723786FF38613A6E700F029
:1049300043FC23786FF3C713A0E7237823F00C031D
:104940009CE7637823F00303A9E72378C3F380028D
:1049500082F00102D2B262F3820362F3C3038DE7F5
:104960006378DA4302F0010262F3000362F3410369
:1049700095E700F021FC2378C3F3C01282F0010216
:1049800062F3C7137AE7012001F012FA46E700202C
:10499000FAE701204EE700BF6E13002045F61643EC
:1049A000984210B50C461BD101F092F8A2780D4B3D
:1049B00072B100F0AA00002815BF012200223520A4
:1049C00029201A7001F032F801F0F4F8002010BD2F
:1049D0001B78002B14BF3520292001F02FF8F3E7B6
:1049E0000120F4E79A0E0020014B1860704700BFC9
:1049F0009C0E0020024B186808B1036818477047E6
:104A00009C0E0020084B1B686BB1084A127842B11B
:104A1000074A92F90020002ABFBF0278427005229F
:104A200002705B68184770479C0E0020FC0D002048
:104A30006E130020034A12681AB1022101709368B4
:104A4000184770479C0E0020054A1188814205D006
:104A5000044B10801B680BB1DB681847704700BF20
:104A6000A20E00209C0E0020054A1188814205D02C
:104A7000044B10801B680BB11B691847704700BFBF
:104A8000A00E00209C0E002008B501F0B1FA024BE8
:104A90001860024B186008BDA40E0020A80E00206C
:104AA0007047704708B5FFF7FCFF08BD704708B5B1
:104AB000FFF7FCFF08BD000008B5054801F0FCFA4F
:104AC000FFF726FAFFF7ECFFFFF7ECFF08BD00BF8A
:104AD000915C00080120704708B5FFF7FBFF08BD97
:104AE0007047704708B5FFF7FBFFFFF7FAFF08BDF7
:104AF00008B501F07BFAFEF70DFFFFF7D8FBFFF7D3
:104B0000D6FF08BD2DE9F74FFEF742FF08B1FFF7CA
:104B1000BBFFDFF8D8A0DFF8D88000255646EFB2FB
:104B20003846FEF7C5FE3AF8024B8442814641D032
:104B300098F800309B0701D5FEF7C0FE84EA09040F
:104B4000A3B20022012423425FFA82FB2DD0FFF79B
:104B5000C3FFA8B119EA040F14BF012300238DF885
:104B600002308DF800B08DF8017001F061FA40F06C
:104B70000100ADF8040002AB13E9030000F03AF8BD
:104B800036F815305C4026F81540174CFFF7EAF868
:104B9000FFF730FF2378834222D0FFF72BFF2070EE
:104BA00003B0BDE8F04FFEF78BBC013264000F2A62
:104BB000A4B2C8D10135052DB1D14FF6FF73ADF8C0
:104BC000003000238DF8023001F032FA40F001008D
:104BD000ADF8040002AB13E9030000F00BF8D4E7D2
:104BE00003B0BDE8F08F00BFAC0E0020AE0E002079
:104BF000630F00201FB56C4684E803009DF8023067
:104C00000BB100F091FF0023ADF80E3094E80300E3
:104C100004AB0290ADF80C1013E9030004B0BDE83A
:104C2000104000F017BD008800F0D0BE10B504465B
:104C3000002841D0031FDBB2A02B11D81F4B014627
:104C4000186801F0D7F820B1204600F0F7FE00F018
:104C5000B1FF204600F0EAFEBDE8104000F0AABF18
:104C600000F12003DBB2072B07D800F00704012076
:104C7000A040C0B200F032FFEEE700F15B03DBB210
:104C8000022B05D82438BDE8104080B2FFF7DCBE07
:104C900000F15803DBB2162B06D8094ABDE81040D4
:104CA00032F81300FFF7E0BEEF2805D9FEF76AFFE0
:104CB000BDE81040FFF73AB810BD00BFA00C0020BF
:104CC0000C9A000808B590B3021FD2B2A02A05D8EA
:104CD00000F0B4FEBDE8084000F06CBF00F1200217
:104CE000D2B2072A07D800F0070301209840C0B2CB
:104CF00000F0FCFEEEE700F15B02D2B2022A04D81B
:104D0000BDE808400020FFF79FBE00F15802D2B274
:104D1000162A04D8BDE808400020FFF7A5BEEF28FA
:104D200005D9FEF78DFFBDE80840FEF7FFBF08BDBF
:104D300038B505460C46FFF779FF24B92846BDE88B
:104D40003840FFF7BFBF6420013C02F0E4F9A4B291
:104D5000F3E739280CBF50210021FFF7E9BF08B560
:104D600028B100F0BBFEBDE8084000F023BF08BD3D
:104D700008B528B100F0BAFEBDE8084000F01ABF3F
:104D800008BD2DE9F3478679857880460C4600F00A
:104D900073FE36090746A0B12F4695B1C4F3072329
:104DA00003F0F003402B04D004F12003DBB2072B07
:104DB0001ED9022000F04EFF00F05EFE80F00100E0
:104DC000C7B2C4F30339B9F10F0F3FD8DFE819F0C8
:104DD0001200120063006300AF00C6003E003E00F8
:104DE000D0002C013C013C0191013E003E009A01A3
:104DF0000027E6E7C4F30723C4F3032613F0F00FFC
:104E000018BF3601E4B295B156B104F12003DBB20C
:104E1000072B304600D93CB900F060FE00F0CAFE16
:104E20002046FFF703FF11E000F06EFEF6E7204694
:104E3000FFF748FF56B104F12003DBB2072B3046E1
:104E400000D92CBB00F052FE00F0B4FEA9F1080915
:104E5000B9F1030F03D8FFF7CDFDFEF731FB002FAB
:104E600000F0578100F000FE10F0010040F0518189
:104E700088F8020000F0F0FD00F00AFD404600F066
:104E80005EF900F0E9FD02B0BDE8F04700F00ABDB0
:104E900000F042FED8E7C4F3072303F0F003C4F3A5
:104EA000032A202BE4B218BF4FEA0A1A64B1012C7E
:104EB00028D07DB34EB398F80630D907B0D56FF33C
:104EC000071388F8063020E095B13EB900F048FE9F
:104ED00040EA0A00C0B2FFF742FFB7E7012EF5D162
:104EE00000F03EFE40EA0A00C0B200F045FEADE729
:104EF0002EB900F053FE5046FFF73AFFA6E7012E09
:104F0000A4D0F6E71DB1052EA0D85046E3E7042E45
:104F10009CD8F0E7002EEED0392C0CBF4FF4FA509D
:104F2000012002F0F8F82046FFF7CCFE8EE714F4DB
:104F3000406FC4F3812307D0012B87D165B1C4F33F
:104F40000900FFF791FD81E725B1C4F30900FFF7E0
:104F50007BFD7BE72846FAE72846F2E7E0B225B179
:104F6000FEF710FEFEF7E2FE70E7FEF769FEF9E7D6
:104F700014F4407F27D1002D7FF468AFC4F34210B2
:104F8000E2064FEA800048BF0F25C0B248BF854007
:104F900004F00F03C4F3812448BFED438340022C87
:104FA00045EA030009D0032C0AD0012C02D000F0FE
:104FB00037FC4BE700F02CFC48E700F039FC45E7F4
:104FC00000F023FC42E7C4F3012215B302F0010311
:104FD000002B3FF43BAFC4F342108000C2B204F098
:104FE0000F0000FA02F114F010001CBF0F2303FAA7
:104FF00002F0C4F3812414BFC3430346022C43EAE6
:1050000001000BD0032C0CD0012C04D000F068FC64
:105010001CE75308DCE700F05BFC17E700F068FCD6
:1050200014E700F011FC11E7E6B2C4F3032425B144
:10503000204600F02DFC30464DE73046FFF798FE45
:10504000204600F02FFC01E75FFA84FAAAF1F00392
:10505000042B39D8DFE803F0030E151A23003DB105
:10506000042E3FF6F3AEC4F3042000F027FCEDE677
:10507000052EF6E7C4F30420002DE2D000F008FC72
:10508000E4E6C4F30420002DF8D0DAE725B1C4F338
:10509000042000F0F7FBD9E600F0E2FBD6E64DB1C4
:1050A000C4F30420019000F0F3FB0198032100F009
:1050B000ADFDCBE6012000F0CDFD012E7FF6C6AEA2
:1050C000022000F0C7FDC1E62DB10EB15046A8E6A2
:1050D000C4F30420D2E74EB1BAF1390F0CBF4FF43C
:1050E000FA50012002F017F850461DE7C4F30420DF
:1050F000A7E7C4F30322E1B24046FEF7E9F900F066
:1051000017FBA3E6C4F30322E1B24046FEF7E2F93F
:105110009CE602B0BDE8F08713B5018804468078AC
:1051200000F060FC0146019100F0EAFB00F06CFB2E
:105130000199204602B0BDE81040FFF722BE13B52A
:1051400083880288ADF804200446CBB1BDF8042062
:105150004FF6FF739A4213D0FEF7DBF850B900F018
:105160008BFC68B1A3785BB1022002B0BDE81040AF
:1051700000F070BD2046FFF7CFFF2046FEF78CF809
:1051800002B010BD08B50020FFF75EFC0020FFF75D
:105190006BFC00F0C9FC00F0DDFC00F00BFDFEF73D
:1051A000A3FEBDE80840FEF7C1BD08B500F04EFC07
:1051B000BDE80840FFF7E6BF08B500F09FFCBDE87A
:1051C0000840FFF7F2BFC0F30332023AC3B20D2A20
:1051D0001CD8DFE802F007071B1B141B1B1B07076B
:1051E000181B1B18F02B13D004D8E72B8CBF002002
:1051F00001207047F42B14BF002001207047E72BDB
:1052000006D9F12BF7E7C0F3C020704700207047A4
:105210000120704707B5ADF80400019800F0D6FBF7
:1052200003B05DF804EBFFF7CEBF82B002AB03E939
:10523000030002B0704782B002AB03E9030002B082
:105240007047000070B5094B094E1C78094D337842
:10525000A34200D170BD05EBC40355F83400596872
:105260000134FFF7E8FF04F00704F0E7030F002024
:10527000020F0020C20E0020024B18685968FFF789
:10528000DABF00BFBA0E0020214BF7B59A7912F0B1
:10529000F00F0AD19A7842B11E4A1F4E12781F4D64
:1052A0004FF6FF773178914201D103B0F0BD988875
:1052B0001988ADF8041038B389B2B94224D005EB8F
:1052C000C20493F801C061788C451DD193F800C0E9
:1052D00015F832108C4517D1A178A9B9A188091AFF
:1052E00089B2C72910D899790948012262F30711B8
:1052F0009971A37962F30713A371FFF720FF03B03D
:10530000BDE8F040FFF79EBF013202F00702C9E797
:10531000BA0E0020030F0020020F0020C20E002052
:105320002DE9FF47C74F0446B988006800903888C8
:105330002378627894F80280B4F804A0ADF80800ED
:10534000EC463D46002900F0D48080B24FF6FF7E47
:10535000704500F0CE80BE78002E00F0CA80AAEB27
:105360000101B87989B2C72900F0F00900F29380F1
:105370003988ADF80810B9F1000F4BD17145C1461D
:105380001BD08DF800308DF80120BDF800C08C4591
:1053900013D1B8F1000F40F01C81012363F3071013
:1053A000B871FFF769FF3846FFF7C9FEBB79A371F3
:1053B0000026304604B0BDE8F087BAF1000F40F097
:1053C0000C81B8F1000FF3D0AB7943F00103AB715E
:1053D000EEE700EBC10595F801C0944506D110F841
:1053E00031C09C4502D1AD78002DE1D1013101F0F1
:1053F000070106E110F4706F02D0002B00F020814D
:105400002033DBB2072B40F21B812046FFF797FECB
:10541000B14615E1714515D08DF800308DF80120A9
:10542000BDF800C08C450DD1B8F1000F0AD1A071B4
:105430002046FFF784FE23683B6063687B60FFF7CC
:105440001BFFB6E78DF800308DF801200098FFF7BC
:10545000E1FEE0B1B8F1000F19D0AB791F2B0CD9E8
:105460002A88ADF8082002A800228DF80A20ADF89D
:105470000CA08DF80E30FFF762FE23682B60636886
:105480006B60FFF701FFFFF7F7FE012691E720466B
:10549000FFF755FEF9E7B9F1000F15D18DF800308F
:1054A0008DF801208DF80280ADF804A09CE803007F
:1054B000FFF7BBFE3846FFF742FEC7F80090C7F87B
:1054C0000490FFF7D9FEBBE08DF800308DF8012085
:1054D0003988BDF800C08C45B4D1B8F1000FB1D106
:1054E000A0712046FFF72BFEC7F80080C7F80480A4
:1054F0005FE72888ADF80800002951D086B24FF642
:10550000FF7086424CD0AE78002E49D1AAEB010143
:1055100089B2C72935D84646002EB8D08DF800305C
:105520008DF801202988BDF800308B421CD1AB7961
:10553000DA0714D413F0F00211D0F02AA37106D0C8
:10554000DBB2C3F30312013262F30713A3712046E7
:10555000FFF7F5FD23682B6063686B606FE72368D6
:105560002B6063686B6024E70098FFF753FE002808
:1055700083D1AB79204643F00103AB71FFF7DFFD28
:1055800017E78DF80280ADF804A08DF800308DF893
:1055900001209CE80300FFF748FE2E606E604EE796
:1055A000B8F1000F3FF473AF8DF800308DF8012093
:1055B0000098FFF72FFE064600283FF468AF2368E7
:1055C0002B6063681F486B60FFF72DFBFFF75CFEE5
:1055D00035E7BAF1000F3FF4F7AE8DF808308DF8DB
:1055E0000920BDF808004FF6FF7188423FF4E9AE8C
:1055F000B8F1000F7FF4E8AE134814490778097832
:105600001348B9427FF4E5AE8DF800308DF80120E3
:10561000009800F0DBF9C0F30332012AC3B27FF631
:10562000E9AE0E3202F00F02012A3FF6EEAE10F4A0
:10563000706F3FF4E5AEA27912F0F00F7FF4E0AEA8
:105640004E46B6E6BA0E0020020F0020030F0020DF
:10565000C20E0020F0B587B06D4685E803002846ED
:10566000FFF75EFE2E4F2F4E044688B1BDF8043082
:10567000BDF80020ADF8102043B192B24FF6FF7391
:105680009A4203D095E80300FFF7D5FD264C41E090
:1056900095E8030004AB83E80300BDF80410BDF8EF
:1056A0001020ADF80C200029F0D01FFA82FC4FF634
:1056B000FF7294453D783078E8D06A1C02F007020A
:1056C00082420DD0184CADF8141003CB04EBC50C7E
:1056D00044F835003A70CCF80410FFF7B3FDD5E775
:1056E000FFF76AFD114B3C7034701C605C60CDE7C5
:1056F00004EBC000FFF714FE80B1337804EBC30263
:1057000054F833005168FFF796FD3378013303F006
:105710000703337030783B788342E9D107B0F0BD9E
:10572000020F0020030F0020C20E0020BA0E00203E
:10573000F8B5034660B1002501261C4614F8010B9C
:1057400074283FD00BD802282DD002D8012812D0BF
:10575000F8BD031F6F2BFBD8FFF768FA1AE0752816
:105760003AD000F17C03DBB26F2BF1D800F07F0060
:10577000FFF7A8FA0EE09C1C5B7803F12002D2B27E
:10578000072A0ED803F007039840C0B200F0D2F900
:1057900000F010FA2F46013FFFB2FF2F1FD1234622
:1057A000CBE71846D8E758789C1C00F12003DBB201
:1057B000072BDDD800F0070006FA00F0C0B200F0B9
:1057C000C1F9E5E75F789C1C013FFFB2FF2FE1D0F4
:1057D000642001F0A0FCF7E75D789C1CDAE7642008
:1057E00001F099FCD7E7704708B5FFF7FCFF08BD4B
:1057F00008B5FFF7F9FF034B1860BDE80840FFF755
:10580000C1BC00BF040F00207047FFF7F1BF0000CC
:10581000024B1B681843FFF7EBBF00BF040F0020CB
:10582000024B1B681840FFF7E3BF00BF040F0020C6
:10583000024B1B685840FFF7DBBF00BF040F00207E
:1058400008B5FDF7E3FC08BD08B5FFF7F9FF034B0A
:105850001860BDE80840FFF795BC00BF080F0020A6
:105860000020FFF7F1BF0000054B1B681BB9B0FA21
:1058700080F04009704723FA00F000F00100704703
:10588000080F0020012303FA00F0FFF7DDBF00003E
:10589000012303FA00F0024B1B681843FFF7D4BF43
:1058A000080F0020012303FA00F0034B1B6823EAD2
:1058B0000000FFF7C9BF00BF080F0020012303FA53
:1058C00000F0024B1B685840FFF7BEBF080F0020D6
:1058D000024B1B681843FFF7B7BF00BF080F00203B
:1058E000024B1B681840FFF7AFBF00BF080F002036
:1058F000024B1B685840FFF7A7BF00BF080F0020EE
:1059000070470000C0F30723C3EB031337B553FA06
:1059100080F000F0070301229A40C0F3C4000A4B54
:1059200000EB8000D2B218440024057821FA04F379
:1059300043F300036B40134001346B40052C00F827
:10594000013BF2D103B030BD0C0F0020C0F30723A0
:10595000C3EB031313B553FA80F00B4900F00704AF
:10596000C0F3C40000EB800000220144104611F88F
:10597000013BE34003F00103934001321843052A41
:10598000C0B2F4D102B010BD0C0F00200D4B73B5A6
:105990001E680D4BADF804001B681F241E4326FA39
:1059A00004F3DB07E5B205D4013CF8D20025284614
:1059B00002B070BD01992846FDF794FD80B2012820
:1059C000F2D0F4E7080F0020040F002007B5ADF86F
:1059D00004000198FFF7DAFF019903B05DF804EBCA
:1059E000FDF780BD13B5104BADF804101B782BB13B
:1059F000019802B0BDE81040FFF7E8BF70B1019810
:105A0000FFF7C4FF044601460198FFF77BFF0199A9
:105A1000204602B0BDE81040FDF764BD0198FFF7D5
:105A200095FF0446F3E700BFB80E0020024B014685
:105A3000186800F04BBA00BFA00C0020024B0146D2
:105A4000186800F05DBA00BFA00C0020014B186878
:105A500000F070BAA00C0020024B93F90000C0F3D4
:105A6000C70070475F0F0020024B187800F0070056
:105A7000704700BF5F0F0020034B187810F007003D
:105A800018BF0120704700BF5F0F0020064A5378FF
:105A9000C3F38001814205D060F382035370108804
:105AA00000F01EB9704700BF6E130020044B5878F9
:105AB000C0F3800080F0010000F00100FFF7E6BFB6
:105AC0006E1300200120FFF7E1BF0020FFF7DEBFCB
:105AD000014B1878704700BF610F0020024B1A7805
:105AE00010431870704700BF610F0020024A1378FE
:105AF00023EA000010707047610F0020014B002264
:105B00001A707047610F0020024B1A78104318700A
:105B1000704700BF620F0020024A137823EA00009A
:105B200010707047620F0020014B00221A707047FE
:105B3000620F0020024B1A7810431870704700BFA4
:105B40005E0F0020024A137823EA000010707047AD
:105B50005E0F0020014B00221A7070475E0F00207C
:105B6000014B1878704700BF600F0020704708B5E0
:105B7000FFF7FCFF08BD0000064A5278520708B53F
:105B800006D4054A1178814202D01070FFF7EFFF6A
:105B900008BD00BF6E130020600F002008B5044B45
:105BA0001A781AB100201870FFF7E1FF08BD00BF96
:105BB000600F002010B50D4B0D491B7809780D4C76
:105BC0000B430D49206809780B430C490370097891
:105BD00031B10B43037000F0EFF808B1FFF7DEFFBF
:105BE0002068BDE81040FEF70DBF00BF610F002028
:105BF000620F0020A00C00205E0F0020600F00202C
:105C0000704708B5FFF7FCFF08BD00000A4A52784C
:105C1000520710B50CD4094C41EAC0012170FFF7BE
:105C200037FE94F90000C0F3C700FFF7EAFF10BD8C
:105C3000BDE81040FFF72CBE6E1300205F0F002060
:105C400008B5034B00201870FFF7DBFF08BD00BF4D
:105C50005F0F002008B50C4A92F9003023EA0000DB
:105C600040B21070420702D1DBB2834203D1074B2E
:105C70005B785B0707D5C0F3C700FFF713FEBDE8ED
:105C80000840FFF7DDBF08BD5F0F00206E13002046
:105C90000020704708B5FEF741F9BDE808404FF60F
:105CA000FF710020FEF7E2B908B50020FEF7C2F947
:105CB0004FF6EA63C31A5842584108BD0220FEF766
:105CC000B3B90320FEF7B0B910B50420FEF7ACF964
:105CD00004462220FEF7A8F944EA002080B210BD55
:105CE00010B5C1B204460420FEF7A1F9210A222012
:105CF000BDE81040FEF79BB901460F20FEF7B8B98A
:105D000001461320FEF7B4B90020FFF7F9BF08B52C
:105D10000020FFF7F1FFFFF7F7FF08BD10B5FEF712
:105D2000FDF84FF6EA610020FEF7A0F900210220FD
:105D3000FEF77DF9002103200024FEF778F91A4BC5
:105D4000214604201C60FEF772F921462220FEF74E
:105D50006EF921460520FEF76AF921460620FEF776
:105D600066F9FF210720FEF762F921460820FEF7B9
:105D70007FF921460D20FEF75AF921461820FEF73B
:105D800077F921461720FEF752F921461C20FEF72D
:105D90006FF921462020FEF769F921461820FEF709
:105DA00067F9FFF7B4FF10BD040F0020FFF7B6BF7F
:105DB00001460E20FEF73BB90C4B1B78821C63B1E9
:105DC0000B4B93F90030002BACBF06231E230020A1
:105DD000013BDBB2FF2B02D170470623F7E712F835
:105DE000011B0029F4D00130C0B2F1E7FC0D002006
:105DF0006E130020F9B1124B1B78A3B1114B93F92C
:105E00000030002B0FDAEF294FEAD10213D81044EB
:105E1000012301F0070103FA01F18378194214BF4D
:105E2000012000207047831C083013F8012B8A42A0
:105E300003D08342F9D1002070470120704700BF92
:105E4000FC0D00206E13002030B54FF0FF32841C93
:105E5000002314F8015B8D420ED0B2F1FF3F02D156
:105E6000002D08BF1A460133DDB2062D5BB2F0D11A
:105E7000531C01D01044817030BD10B5831C00222A
:105E8000083013F8014B8C4208BF03F8012C834201
:105E9000F7D110BDEF294FEAD10308D8184401F01B
:105EA0000701012303FA01F18378194381707047D8
:105EB000EF294FEAD10308D8184401F00701012364
:105EC0008B40817821EA03018170704710B40A4C3D
:105ED000247803460A4644B1084C94F90040002C4B
:105EE00003DA5DF8044BFFF7D5BF5DF8044B1146AC
:105EF0001846FFF7A9BF00BFFC0D00206E1300205D
:105F000010B40A4C247803460A4644B1084C94F96C
:105F10000040002C03DA5DF8044BFFF7C9BF5DF8C1
:105F2000044B11461846FFF7A8BF00BFFC0D002028
:105F30006E130020094A1278831C4AB1084A92F96C
:105F40000020002A04DA1E2200211846FAF73EBC7F
:105F50000022C0F802209A80704700BFFC0D00208C
:105F60006E13002008B50020FDF7AAFAFCF7E8F848
:105F7000BDE8084040F2A46001F0CDB8704770471A
:105F800010B5FFF7FBFFFDF703FDFFF7F8FF002457
:105F9000E0B2FDF78DFC18B90134052CF8D110BD25
:105FA0000120FCE708B5FFF7A9FDFFF7BDFDFFF7EE
:105FB0004DFDFDF799FF0020FEF746FD0020FEF79E
:105FC00053FDFEF717FDFDF77BFAFCF7BCF808BDA3
:105FD00008B5202383F3118801F0EAF9002383F345
:105FE0001188014B186008BD640F0020FFF7F0BF57
:105FF00038B5202383F3118801F0DAF9002383F305
:106000001188084B084C1968084A411A00254FF4BA
:106010007A70E0FB0145002320462946FAF7BAF9D9
:1060200038BD00BF640F00209F860100A0860100DC
:1060300008B5FFF7DDFF80B208BD10B50446FFF7D5
:10604000D7FF001B80B210BD074B084A1A60BFF390
:106050004F8F0749074BCA6802F4E0621343CB60D5
:10606000BFF34F8F00BFFDE7FC9F0020EFBEADDE0A
:1060700000ED00E00400FA050A4A08B552F8041CD5
:10608000094B99420DD1002342F8043C83F3148854
:10609000064B1B6883F3088862B6054B1B6898475C
:1060A000FEE708BD00A00020EFBEADDE00D8FF1F58
:1060B00004D8FF1F00207047014B1860704700BFD5
:1060C000A40C002010B5084A084C117824784B1C09
:1060D00003F00F039C421DBF054C13706054002059
:1060E00018BF012010BD00BF941B0020951B00208D
:1060F000841B00207047000008B5202383F311881B
:10610000034800F083FC002383F3118808BD00BF1F
:106110007C0D002038B5094C104622460D46002162
:1061200042F8041F40EA0520194600F033FB2060C6
:106130006068002818BF204638BD00BF88100020C6
:1061400090F87A10074A0229137807D103F0FB036D
:10615000012B05D1044B52781A707047024A137014
:10616000704700BFDE100020BC10002013B50529C9
:106170002ED8DFE801F0322D03322F39202383F3AC
:106180001188214C214A0190012101F096FB204AFF
:106190000198042101F091FB94F8B410019804F1E6
:1061A000440201F08AFB94F8B510019804F16802EA
:1061B00001F083FB94F8B610019819B104F18C0238
:1061C00001F07BFB134800F0ECFB002383F3118804
:1061D00002B010BD0420FFF775FF202383F3118860
:1061E0000C4800F0BBFBF0E7202383F3118809483B
:1061F00000F0CCFB002383F31188052002B0BDE83A
:106200001040FFF75FBF00BFA80C00203C9A0008B9
:10621000609A00087C0D002013B504460748C26848
:106220000B461AB1019100F09BFD019B044A034803
:10623000214602B0BDE8104000F038BDA810002093
:106240004562000870B52023064683F31188037861
:10625000042B03D0002383F3118870BD144B1B78EB
:10626000DB09F7D1134C2278002AF3D0124B1B78AC
:10627000002BEFD003899B0704D4104A0823012187
:1062800001F06DFB0E4B247840F2E730A4FB034590
:1062900020184FF000014FF47A724FF0000345EBE5
:1062A0000101FAF777F831468000FFF7B5FFD1E733
:1062B0006E130020A4100020FC0D0020BD10002053
:1062C000A0860100F8B590F8743003F07F02212A0F
:1062D000044674D113F0800F90F8750021D0022885
:1062E00019D003280ED0012869D194F878302BB941
:1062F000464AA2662022E2662367F8BD0023C4E96D
:106300001A33F9E7B4F87830002B58D1404AA26626
:106310000120E066F0E73F4BA3660120E066002322
:10632000EAE70A2842D00B280ED0092847D194F872
:10633000783013F0FD0F42D1374BA3660223E3669A
:10634000364B23670120D8E7B4F8783053BB94F874
:1063500076502F4B002D14BF012100211970304BB6
:106360001A7861F3C7121A701CD12A4B1A78CAB175
:10637000202282F311881E782A4B40F2E730A6FBD8
:10638000036730184FF000014FF47A724FF00003AA
:1063900047EB0101F9F7FEFF21468000FFF73CFFC4
:1063A00085F311880023C4E91A33CAE71C49194B45
:1063B0000D7894F877201A70ED09F3D1D7E7B4F887
:1063C000742040F281639A4216D194F87920616872
:1063D00094F878304D6894F8771043EA0223204609
:1063E00094F87620A84708B9002086E74368A3669A
:1063F0000368E3660023A4E70B4B93F8B630002B49
:10640000F2D02046BDE8F84000F0E2BABD1000200E
:10641000FC0D0020A4100020DE10002041610008C7
:106420006E130020A0860100A80C00207047000019
:1064300008B5102204480021FAF7C8F9034A0023DE
:106440001370034A137008BD841B0020941B0020A6
:10645000951B0020F8B50C4C0C4E2546307823785F
:106460000B4F0021984202D101B12870F8BD1A46A5
:106470000133BA5C052A03F00F034FF00101F1D19B
:106480002B70FFF78FFDE9E7951B0020941B002080
:10649000841B002070B50446194800F1080282658B
:1064A00000F11C02C0F8802000F13002C0F8A020EA
:1064B00000F1B001D43000F00FFA12494FF09045CE
:1064C00001F1240000F032FA4FF4805601224FF41B
:1064D00080514FF0904001F0DCFE0B486E8300F0DD
:1064E0001AFE0A49204601F0A8F940F2027231462C
:1064F000284601F0CEFE064B0022DA6070BD00BFD8
:10650000A80C0020580D0020F0490200849A0008D1
:10651000A810002070B54FF0904504464FF4805607
:1065200001F0A1F901224FF480514FF0904001F0A9
:10653000B0FE204605496E8301F07FF931462846BA
:1065400040F20272BDE8704001F0A3BE849A0008D8
:10655000014B1878704700BFBC10002070B5202395
:10656000044683F31188204D2B78042B2E4625D129
:106570001E4A2B8992F90020002A23DA1C4A12783D
:1065800002B3DA0610D4202322460421164801F073
:10659000E6F9184B224604F1200152F8040B43F8A7
:1065A000040B8A42F9D109E0EB6958694FF0FF31D9
:1065B0000C3000F0BDFD2B78042BE4D0002383F3D6
:1065C000118870BD9B0703D4082322460121DDE713
:1065D000336958694FF0FF310C3000F0A9FD337872
:1065E000042BEBD1F0E700BF4C1E00206E130020FF
:1065F000FC0D0020BD10002007B52023024683F3C8
:1066000011880F4B1978042905D0002383F31188D2
:1066100003B05DF804FB1989C9060AD5DB6901904E
:1066200058694FF47A710C3000F082FD0130019A04
:10663000EBD003480623042101F091F9E5E700BF00
:106640004C1E002013B5202383F31188094C2178B8
:10665000042904D0002383F3118802B010BD032362
:10666000ADF8050001AA20468DF8043001F077F955
:10667000F0E700BF4C1E002013B5202383F31188E0
:10668000094C2178042904D0002383F3118802B037
:1066900010BDADF80500032301AA20468DF80410B3
:1066A00001F05DF9F0E700BF4C1E0020202910B476
:1066B000034609D1064850F8D42F54680A461946B3
:1066C00023465DF8044B18475DF8044B704700BF44
:1066D000A80C002010B5084850F8D43F88B01C6AB8
:1066E000202200236946A04718B1C1B26846FDF7D1
:1066F00027FE08B010BD00BFA80C0020FFF7BCBCEF
:106700007047704708B5FFF7F9FF02F059FCFFF733
:10671000F7FF08BD08B502F095FCFFF7F2FF08BDD2
:1067200038B500F01DFE00F07FFAFEF7C5F9FFF75F
:106730007FFE1648154DFFF7ADFE41F2883000F0A0
:10674000EAFCFEF7D5F91248FEF74EF92C46FFF7A2
:1067500081FE2B78052B11D0FEF7D4F9FFF7BAFF95
:10676000FEF7C0F9F3E7FFF7FDFBFFF709FC28B1DF
:10677000204601F007F92046FFF7CCFE2378052BD1
:10678000F1D0FFF717FAFDF7D1FAE5E74C1E00202C
:10679000000E002010B5040A032C0FD007D8012CDE
:1067A00023D0022C07D1124B5B20136010BD212C8B
:1067B0000DD0222C12D000200346F6E7C0B20228EA
:1067C000F9D80C4B0C4953F82030405CEDE7022916
:1067D000F1D80A4B092053F82130E6E70229EAD81C
:1067E000074B084853F82130EFE7074B1220DCE74E
:1067F000BF9A0008949A0008A09A0008A49A00087A
:10680000B09A0008BC9A00081A9B000813B5446BA4
:10681000E36F1A681178042915D1217A022912D15F
:106820001979128901238B4013420CD101A904F17B
:10683000440000F0B3FE024628B1E46F019B2179C9
:10684000206801F08CF802B010BD0C3000F038BEAA
:106850004FF0FF330C3000F033BE443000F006BF81
:106860004FF0FF33443000F001BF0C3000F00BBE9E
:106870004FF0FF310C3000F006BE443000F0D6BEC1
:106880004FF0FF32443000F0D1BE70B5C36F1A68CC
:1068900011780429054601D0012070BD017A022932
:1068A000FAD1187901238340508913EA0004F3D107
:1068B00005F10C0000F0A2FD02460028ECD0EE6FBE
:1068C000AB6A30687179043B01F037F82046E4E7A1
:1068D000406BFFF7DABF00007FB50346104A43F86C
:1068E000042B012643600F4B067202900193CB6884
:1068F00000930D4604464B690A6A0C30314600F09D
:106900005BFD094B0193AB680093EA692B69029424
:10691000314604F1440000F01EFE04B070BD00BF1B
:10692000789C0008D16800080D6800080B682022D8
:1069300082F311880A7903EB820290624A7911325C
:1069400043F822008A7912B103EB82039862022392
:106950000372C167002383F31188704738B504467A
:1069600001250221043000F089FC04F10C0025759A
:106970006FF0010100F00FFC84F84C5004F144006A
:106980006FF00101BDE8384000F005BC10B50121F1
:106990000446043000F072FC0023237584F84C3068
:1069A00010BD38B5044600250C3000F01CFD04F184
:1069B0004400257500F0E6FD201D84F84C500121AF
:1069C00000F05CFC2046BDE83840FFF75EBF0000E9
:1069D00090F8743003F06003202B07D190F87520F5
:1069E000212A4FF0000303D81F2A06D80020704741
:1069F000222AFBD1C0E91A3303E0034A8266072248
:106A0000C266036701207047140E002073B5C36F80
:106A10001A6811780429044627D1017A022924D161
:106A20001979158901238B401D401ED100F14406C0
:106A3000304600F063FEC0B1304601A900F0AEFD63
:106A4000E36F1A7E06464AB101981A692946121A5E
:106A50003044F9F7BBFEE36F1B690193E06F019BC4
:106A600001790068324600F07AFF02B070BDF0B5DF
:106A700000EB810385B09E6A04460D46FEB12023DB
:106A800083F3118804EB8507301D082100F0F6FB25
:106A9000FB685B691B6806F144001BB1019000F0C4
:106AA0008AFD019803A900F079FD024648B1039BD5
:106AB0002946204600F053FF002383F3118805B0D8
:106AC000F0BDFB685A691268002AF5D01B8A013BA9
:106AD0001342F1D1F36F1B7E002BEDD104F1740250
:106AE000E6E7113110B550F82140C4B1202383F3FB
:106AF00011880421601800F0C1FBE26F136852791D
:106B000003EB820304F10C00DB689B69596800F019
:106B10007FFC2046FFF7B9FE002383F3118810BDE8
:106B200070470000024B034A1A60034A5A607047DC
:106B3000981B0020D81E002000A00020094B30B573
:106B40001C684D1E224449422A440A405968104498
:106B5000814204D3844202D81860104630BD00221E
:106B6000FBE700BF981B0020074B10B55C6849424B
:106B7000201A08401968821A914203D8944201D31E
:106B80005A6010BD0020FCE7981B002008B52023A8
:106B900083F31188FFF7D2FF002383F3118808BD28
:106BA00008B5202383F31188FFF7DEFF002383F36A
:106BB000118808BD0448054B03600023C0E9013378
:106BC0000C3000F041BB00BFF4100020A16B0008A6
:106BD00070477047FEE700001149F0B50820002615
:106BE000D1E901340A681D46043AAC4210D8E21CCF
:106BF000D21ADD1E22F00302AC4238BF0022134439
:106C0000CA689A4209D8013801F11001E8D1F0BDF3
:106C100052F8047F45F8047BE7E743F8046BF0E79C
:106C2000A09C0008FEE7000010B5114C00F016F91A
:106C300000F02EF8FFF776FFFFF7BCFF00F0ECFA4C
:106C40000C498022204600F0FBF90B4BC361012365
:106C500080F8203044F8180C00F034FB002383F354
:106C6000118862B60548BDE8104000F01FBA00BFA9
:106C7000301D0020509D000800040020289D0008C1
:106C800072B6014BD862FEE7001D002000F0A4B8E8
:106C9000054B03F11C02C3E907224FF0FF3100222C
:106CA000C3E90912704700BF001D0020F8B50D466A
:106CB000C0E90323044600F07BFB022D2946274D43
:106CC0002A4638BF022152F81C3F93422E461746EF
:106CD0000AD1A862C5E907440844C4E90033A160A9
:106CE000BDE8F84000F053BBD5F828C0A0EB0C027B
:106CF00089180D4627D34FF0000E9D68AA421DD873
:106D0000BB420CEB020EACEB000018BFAA1AC6F88F
:106D100028E001EB000518BF9A60F3699A68AA425F
:106D200019D35A682360626014605C60A5609A6839
:106D3000551B9D604FF0FF337362F8BDC3F808E048
:106D4000521B1B68D9E79B689942E6D20CEB010005
:106D500000F02AFBE1E71B68AD1ADFE7001D002009
:106D60001C4AD169814238B50368154602F11C04FA
:106D70000DD04268136003685A60A3424FF00002CE
:106D8000C26003D09A6881680A449A6038BDD361B2
:106D9000A3424FF000025C60CA6003D1BDE83840F6
:106DA00000F0FDBA9A688968AC6A0A449A6000F0FB
:106DB000FFFAEB699B68021B9342E7D91C44201A37
:106DC0000128A86A98BF931C1844BDE8384000F019
:106DD000EBBA00BF001D00202DE9F84F1E4C002724
:106DE000E56904F11C06B84600F0E2FAA36AAA6855
:106DF000A0EB03094A451CD84FF0200AAA68A36AF1
:106E0000D5F80CB01344A3622B68B3425E60A9EBC3
:106E10000209E361EF6001D100F0C1FA88F3118843
:106E20002869D8478AF31188E569AB684B45E5D9ED
:106E3000DAE7E269B2420DD09168A0620B441B1AF6
:106E40009360AB68022B2CBFC0180230BDE8F84F2E
:106E500000F0AABABDE8F88F001D0020034B002205
:106E6000C3E90033C3E904339A607047001D002072
:106E7000002380F820308268054B1B689968914296
:106E8000FBD25A680360426010605860704700BFD0
:106E9000001D002008B5202383F3118890F82020DE
:106EA0000023072A07D8DFE802F00C060604130FB8
:106EB0000613426A13604FF0FF334362FFF7D8FFB7
:106EC000002383F3118808BD426A936801339360FD
:106ED000D0E9003213605A60EDE70000002380F82B
:106EE00020308268054B1B6899689142FBD85A682C
:106EF0000360426010605860704700BF001D0020B2
:106F000038B50D4CA569226885F82000116821600C
:106F10004C600121A26182F82010EFF30982E96937
:106F2000643A914202D90548FFF7AAFEA0692946B2
:106F3000BDE83840F9F714BA001D0020409D000854
:106F400030B54B1C0B4D87B0044610D0AB690A4AD4
:106F500001A8FFF7ABFE2046FFF7D2FF049B13B159
:106F600001A8FFF7FDFEAB69586A07B030BDFFF717
:106F7000C7FFF8E7001D0020956E000870B5114EA0
:106F80004162B36981689A689142044603D8BDE8BA
:106F90007040FFF76DBF1846FFF7A0FF01230546BD
:106FA000B46184F82030EFF30983C269643B9A42EC
:106FB00002D90548FFF764FE29462046BDE8704027
:106FC000F9F7CEB9001D0020409D0008044B1A6857
:106FD0009B6990689B68984294BF0020012070478D
:106FE000001D002038B50E4C2368A0691A68226085
:106FF0005460012283F82020A361FFF76FFF05464C
:10700000EFF30983C269643B9A4202D90548FFF74E
:1070100037FEA0692946BDE83840F9F7A1B900BF9D
:10702000001D0020409D000808B5FFF7CFFF18B1F4
:10703000BDE80840FFF7D6BF08BDFFF7D3BF00008B
:107040008260C2630022C0E90D2202220284012272
:1070500080F82220074A816151690261416108611B
:10706000506100F12802826200F12C02C0E90B227B
:10707000704700BF001D0020D0E9012343F82C2CED
:10708000A3F1AC0243F83C2C026943F86C2C426932
:1070900043F8682C044A016843F84C2CC268A3F1F9
:1070A0004800FFF7CDBF00BF7903000810B52023CB
:1070B00083F31188FFF7E0FF00210446FFF75EFF2E
:1070C000002383F31188204610BD000038B50E4B15
:1070D0009C69606204F12805A06AA8420FD194F867
:1070E00022303BB994F821309B0702BFD4E9043227
:1070F00013615A61BDE838400F20FFF701BF0368F4
:10710000A362FFF7B5FEE7E7001D0020202383F30D
:107110001188FFF7DBBF08B50146202383F31188F0
:107120000820FFF70DFF002383F3118808BD00003E
:10713000054B9B6921B1036058620320FFF700BF34
:107140004FF0FF30704700BF001D002003682BB1D7
:107150000022026059621846FFF78ABE704700009D
:1071600049B1064B42689B6918605A6013604360DE
:107170000420FFF7E5BE4FF0FF307047001D0020F0
:107180000368984206D01A68026050605962184637
:10719000FFF76EBE704738B504460D46206884423E
:1071A00000D138BD036823605C604562FFF760FE74
:1071B000F4E700234FF0FF32C0E90023C0E90233B7
:1071C00000220023C0E9042370470000014B5B68E4
:1071D00083607047001000E00D4A0E4B516FC2688B
:1071E0005B68013230B5C260D0E9044582685B1A41
:1071F0009B1A42688360E41845F1000593420268D7
:1072000088BF43609342C0E9044538BF036030BD86
:10721000001D0020001000E030B50A4C87B00023AC
:1072200068466367FFF7C5FF04256846FFF7CEFF92
:107230006846FFF7D1FF013DF7D1009B636707B0B8
:1072400030BD00BF001D00200023C0E900008360A6
:107250007047436B194390F8203041630A2B03D1E8
:10726000436A194205D170470B2B06D1436A8B4301
:1072700003D100234362FFF7FBBD704770B504687C
:1072800006460D46B44200D170BDE3682B43E3606F
:1072900015B123691D4203D0D4E90101FFF7D9FFDD
:1072A0002468EFE7EFF3098305494A6822F00102F9
:1072B0004A60683383F30988002383F31188704799
:1072C00030EF00E0202080F3118862B60B4B0C4AAF
:1072D000D96821F4E0610904090C0A430949DA601C
:1072E000CA6842F08072CA6007490A6842F0010227
:1072F0000A601022DA7783F82200704700ED00E080
:107300000003FA05F0ED00E0001000E010B52023C6
:1073100083F311880E4B5B6813F4006314D0F1EE15
:10732000103AEFF30984683C4FF08073E361094B36
:10733000DB68236684F30988FFF748FE10B1064B2B
:10734000A36110BD054BFBE783F31188F9E700BF8C
:1073500000ED00E030EF00E08B0300088E03000832
:1073600008B500F0DDFD00F093FF00F0E5F900F056
:10737000EDF900F00EFA00F04FFA00F03BFAFFF7DB
:10738000C9F9BDE8084000F000B801F0C7B94FF0F6
:107390008043002258631A610222DA6070474FF07E
:1073A00080430022DA6070474FF080435863704793
:1073B0004FF08043586A704730B5039C0172043324
:1073C00004FB0325C0E90653049B03630021059BCE
:1073D000C160C0E90000C0E90422C0E90842C0E978
:1073E0000A11436330BD416A0022C0E90411C0E9BB
:1073F0000A22C2606FF00101FFF7CDBED0E904326E
:10740000934201D1C2680AB9181D70470020704725
:1074100003691960C2680132C260C269134482699B
:107420000361934224BF436A03610021FFF7A8BEB2
:1074300038B504460D46E3683BB16269131D126816
:10744000A3621344E362002007E0237A33B929469C
:107450002046FFF785FE0028EDDA38BD6FF0010009
:10746000FBE7C368C269013BC36043691344826997
:107470004361934224BF436A436100238362036BE9
:1074800003B11847704770B52023044683F3118871
:10749000866A3EB9FFF7CCFF054618B186F311881E
:1074A000284670BDA36AE26A13F8015BA3629342A7
:1074B00002D32046FFF7D5FF002383F31188EFE7BF
:1074C0002DE9F84F04460E4690469946202787F34B
:1074D00011880025AA46D4F828B0BBF1000F09D1C5
:1074E00049462046FFF7A4FF20B18BF311882846B8
:1074F000BDE8F88FD4E90A12A8EB050B521A9345A0
:1075000028BF9346BBF1400F1BD9334601F140021F
:1075100051F8040B43F8040B9142F9D1A36A4033AC
:107520004036A3624035D4E90A239A4202D320466A
:10753000FFF797FF8AF311884545D8D287F3118862
:10754000C9E730465A46F9F7A7F8A36A5B445E4498
:10755000A3625D44E7E710B5029C0172043304FBAB
:107560000321C0E906130023C0E90A33039B036328
:10757000049BC460C0E90000C0E90422C0E90842DD
:10758000436310BD026AC260426AC0E9042200225D
:10759000C0E90A226FF00101FFF7FDBDD0E9042325
:1075A0009A4201D1C26822B9184650F8043B0B60D8
:1075B000704700207047C368C2690133C3604369E4
:1075C000134482694361934224BF436A43610021AB
:1075D000FFF7D6BD38B504460D46E3683BB12369D5
:1075E0001A1DA262E2691344E362002007E0237AD5
:1075F00033B929462046FFF7B3FD0028EDDA38BD40
:107600006FF00100FBE703691960C268013AC260CC
:10761000C269134482690361934224BF436A0361D0
:1076200000238362036B03B11847704770B52023B2
:107630000D460446114683F31188866A2EB9FFF77A
:10764000C9FF10B186F3118870BDA36A1D70A36ACB
:10765000E26A01339342A36204D3E169204604390C
:10766000FFF7D1FF002080F31188EDE72DE9F84FF7
:1076700004460D4691469A464FF0200888F311883B
:107680000026B346A76A4FB951462046FFF7A2FF2E
:1076900020B187F311883046BDE8F88FD4E90A0796
:1076A0003A1AA9EB0607974228BF1746402F1BD965
:1076B00005F1400355F8042B40F8042B9D42F9D105
:1076C000A36A4033A3624036D4E90A239A4204D322
:1076D000E16920460439FFF796FF8BF311884E4588
:1076E000D9D288F31188CDE729463A46F8F7D4FF76
:1076F000A36A3B443D44A3623E44E5E7D0E904234A
:107700009A4217D1C3689BB1836A8BB1043B9B1A21
:107710000ED01360C368013BC360C3691A44836918
:1077200002619A4224BF436A0361002383620123FA
:10773000184670470023FBE700F08ABC0123037062
:107740000023C0E904331830FFF77EBD01F026B8EE
:107750000123037000234360704710B520230446C3
:1077600083F31188416001F041F802232370002364
:1077700083F3118810BD0323037001F0BBB808B573
:10778000202383F31188FFF7F6FF002383F311888A
:1077900008BD00F0EFBE01230370002343600C30EE
:1077A000FFF752BD10B52023044683F311884160D2
:1077B00000F0F0FE02232370002383F3118810BD34
:1077C0007FB50446202585F3118803260670002521
:1077D0000A9E85600296099E0196089E009600F01A
:1077E00033FF431C14BF02230523237085F3118844
:1077F00004B070BD704710B5044690F8763080F83C
:107800007E3001F02FFA63681B6813B10121204616
:1078100098470323237010BD01F002BA01230370BF
:107820000023436000F12C0200F1480142F8043BC0
:107830008A429361FAD18360704738B504462023A9
:1078400083F311880025C0E90355C0E90555C0E957
:107850000755C0E90955416001F09EFA02232370E3
:1078600085F3118838BD70B52023044683F3118851
:10787000254601F0DBF900260123666005F80C3B84
:107880002C3455F8043B7BB1586920B16FF00101ED
:107890000C30FFF75BFC55F8043C986920B16FF0A1
:1078A00001010C30FFF752FCA54245F8046CE8D109
:1078B000FFF7BAFB86F3118870BD70B500EB81034A
:1078C00005465069DA600E46144618B114220021AC
:1078D000F8F77CFFA06918B114220021F8F776FFB1
:1078E00031462846BDE8704001F0C6B9F8B5836856
:1078F00003F001130446836000F1100500F12C062B
:10790000002755F8043B7BB1586920B16FF00101A5
:107910000C30FFF71BFC55F8043C986920B16FF060
:1079200001010C30FFF712FCB54245F8047CE8D1A8
:107930002046BDE8F84001F055BAF0B400EB8104F0
:107940004789E4680125A4698D403D434581236052
:107950000023A2606360E360F0BC01F08DBAF0B474
:1079600000EB81040789E468012564698D403D438B
:10797000058123600023A2606360E360F0BC01F036
:107980009DBA000010B50378052B0BD1064C236C73
:1079900043F010032364C820FFF7BDFB236C23F0E2
:1079A0001003236410BD00BF005C00402DE9F041CE
:1079B0000223002504460370C567856000F10C06AC
:1079C00000F12C074FF0200856F8043BABB188F3C8
:1079D000118856F8043C586920B16FF001010C3051
:1079E000FFF7B4FB56F8043C986920B16FF0010131
:1079F0000C30FFF7ABFB85F31188BE4246F8045C00
:107A0000E2D184F86450204601F0A8F963681B684D
:107A100023B120460021BDE8F0411847BDE8F081C0
:107A2000F8B5037880F880300523037043681B683D
:107A300004460BB1042198470026A66004F10C050A
:107A400020272C3455F8043BABB187F3118855F847
:107A5000043C586920B16FF001010C30FFF776FB50
:107A600055F8043C986920B16FF001010C30FFF724
:107A70006DFB86F31188A542E4D1F8BD90F8802013
:107A8000436802701B680BB105211847704700005E
:107A900070B590F86430044613B1002380F8643068
:107AA00004F17402204601F0CDF963689B68B3B914
:107AB00094F8743013F0600539D00021204601F0AD
:107AC00031FA0021204601F01BFA63681B6813B1EC
:107AD000062120469847062384F8643070BD20466E
:107AE00098470028E4D094F87B2094F87A3043EA51
:107AF0000223E26E9A4288BFE36694F97430E56E21
:107B0000002B4FF0200380F2F580002D00F0E48080
:107B1000092284F8642083F311880021D4E91A2310
:107B20002046FFF71CFF002383F31188D6E794F863
:107B3000752003F07F0343EA022340F202329342AE
:107B400000F0B78021D8B3F5807F4DD00DD8012B40
:107B500044D0022B00F08580002BAED104F17C02D2
:107B6000A2660222E2662367BDE7B3F5817F00F0DB
:107B70008D80B3F5407FA0D194F87630012B9CD155
:107B8000B4F87C3043F0020337E0B3F5006F3ED029
:107B90001CD8B3F5A06F36D0A3F5C063012B8CD8E9
:107BA00094F87920616894F878304E6894F87710EA
:107BB00043EA0223204694F87620B04700283FF499
:107BC0007CAF4368A3660368E3661AE0B3F5106F01
:107BD00022D040F6024293427FF46FAF524BA3662D
:107BE0000223E3660023BEE794F87630012B7FF48E
:107BF00064AFB4F87C3023F00203C4E91A55A4F84A
:107C00007C3025676FE7C4E91A55484BABE704F1B0
:107C10007F03A3660123D7E72378042B10D1202309
:107C200083F311882046FFF761FE85F31188032155
:107C3000636884F87F5021701B680BB12046984719
:107C400094F876304BB184F87F3004232370636856
:107C50001B6813B10221204698470023C4E91A3358
:107C600081E794F878301D0603F00F0120460AD50D
:107C700001F0DAF8012804D002287FF41EAF2C4B63
:107C8000ADE72C4BABE701F0C1F8F3E794F87630A1
:107C9000002B7FF412AF94F8783013F00F01DCD092
:107CA0001A06204602D501F065F9D6E701F04CF935
:107CB000D3E794F87630002B7FF4FFAE94F8783059
:107CC00013F00F01C9D01B06204602D501F02AF996
:107CD000C3E701F015F9C0E7142284F8642083F3A8
:107CE00011882B462A4629462046FFF726FE85F3B3
:107CF0001188F3E65DB1152284F8642083F31188BE
:107D00000021D4E91A232046FFF717FE0BE70B22C8
:107D100084F8642083F311882B462A46294620469E
:107D2000FFF71DFEE3E700BF6A9D0008F777000834
:107D3000669D0008689D000838B590F864300446D8
:107D4000002B42D0063BDAB20F2A38D80F2B36D898
:107D5000DFE803F03B353508263635353535353522
:107D600035353B3B90F87B1090F87A20C36E42EAA1
:107D70000122934214D2C268128AB3FBF2F502FBCD
:107D800015356DB9202383F311882B462A462946E1
:107D9000FFF7E5FD85F311880A2384F864300EE0CF
:107DA000142384F86430202383F3118800231A46B7
:107DB00019462046FFF7C1FD002383F3118838BD23
:107DC000036F03B198470023E7E70021204601F045
:107DD000A9F80021204601F093F863681B6813B1ED
:107DE0000621204698470623D7E710B590F864305F
:107DF000142B044629D017D8062B05D001D81BB167
:107E000010BD093B022BFBD80021204601F08AF867
:107E10000021204601F074F863681B6813B1062145
:107E200020469847062319E0152BE9D10B2380F84B
:107E30006430202383F3118800231A461946FFF784
:107E40008EFD002383F31188DAE7C3689B695B68C2
:107E5000002BD5D1036F03B19847002384F8643019
:107E6000CEE700F1604303F561430901C9B283F82D
:107E70000013012200F01F039A4043099B0003F105
:107E8000604303F56143C3F880211A607047000026
:107E900000F01F03012142099940044B203218448D
:107EA00043F82210002380F80033704700E100E01F
:107EB000FFF72CBAFFF72ABAFFF728BAFFF726BA5E
:107EC000062108B50846FFF7CCFF06210720FFF77B
:107ED000C8FF06210820FFF7C4FF06210920FFF78D
:107EE000C0FF06210A20FFF7BCFF06211720FFF77D
:107EF000B8FF06212820FFF7B4FF07211820FFF75D
:107F0000B0FF07211920FFF7ACFF07211A20FFF768
:107F1000A8FFBDE8084007211B20FFF7A2BF000013
:107F200010B5224CA26A62F4FC02A262A26A02F4B8
:107F3000FC02A2624FF0FF31A26A2269216122692C
:107F4000002222612069E068E160E168E260E168A6
:107F5000E169174841F08051E161E169016841F44C
:107F600080710160216A01F44071B1F5007F1EBF8C
:107F70004FF4803323622262236A1B0407D4236AEE
:107F800043F400732362236A43F40043236200F046
:107F900079F8FFF795FFA369064A43F00103A3614F
:107FA000A369136843F02003136010BD0010024062
:107FB0000070004000000140224B1A6842F00102AC
:107FC0001A601A689207FCD55A6822F003025A60B8
:107FD0005A6812F00C02FBD1196801F0F90119601E
:107FE0005A601A6842F480321A601A689003FCD50D
:107FF0005A6A42F001025A625A6A9107FCD5124A43
:108000005A604FF40452DA6230221A631A6842F05E
:1080100080721A601A689201FCD50C4A1221116014
:10802000116801F007010229FAD15A6842F00202F0
:108030005A605A6802F00C02082AFAD11A6B1A63C5
:10804000704700BF0010024000241D0000200240C5
:1080500038B5084C2046FFF771FB0025064BA3629C
:10806000E562064C2046FFF769FB054BC4E90A357B
:1080700038BD00BF781D00206C9D0008A81D0020A1
:10808000889D00080B4A0C48002310B5C2E9003354
:1080900001214468236042F8313001310D2900F19B
:1080A0001000F6D1054A4FF0FF335360C2F8043494
:1080B00010BD00BF10110020A49D00080000024068
:1080C0000B282DE9F84342D8224C0125276885402A
:1080D0003D423CD1204E4FEA001906EB001801301A
:1080E0002F4344F8302004EBC000276043606B0648
:1080F00005D01A4B586940F0010058615B6915F4CE
:10810000786F05D0154B586940F0020058615B69E3
:108110005AB106EB0900626883681A4202D1C07B3B
:10812000FFF79FFE63681D43656006EB090156F883
:1081300009004B68497B1A6822F00F021A600E2270
:108140008A40426000221A604046BDE8F8834FF042
:108150000008F9E710110020A49D0008001002405B
:1081600010B40468437B21684268D940126801F06A
:108170000E010A420FD0827B01FA03F363600132E1
:10818000064B53F8324034B103EBC2035868234620
:108190005DF8044B18475DF8044B70471011002040
:1081A00008B50348FFF7DCFFBDE80840FFF7AEB8AD
:1081B000A49D000808B50348FFF7D2FFBDE80840BA
:1081C000FFF7A4B8B49D000808B50348FFF7C8FF3F
:1081D000BDE80840FFF79AB8C49D000808B50348F9
:1081E000FFF7BEFFBDE80840FFF790B8D49D000838
:1081F00008B50348FFF7B4FFBDE80840FFF786B8AD
:10820000E49D000808B50348FFF7AAFFBDE8084051
:10821000FFF77CB8F49D000808B50348FFF7A0FFFE
:10822000BDE80840FFF772B8049E000808B503488F
:10823000FFF796FFBDE80840FFF768B8149E0008F6
:1082400008B50348FFF78CFFBDE80840FFF75EB8AC
:10825000249E000808B50348FFF782FFBDE80840E8
:10826000FFF754B8349E000808B50348FFF778FFBD
:10827000BDE80840FFF74AB8449E000808B5034827
:10828000FFF76EFFBDE80840FFF740B8549E0008B6
:1082900070472DE9F74FC2F3C31302F0030AC2F38C
:1082A0008009C2F3C108C2F3411E01935746002260
:1082B0004FF00F0BCB0737D5019C02F007039B0053
:1082C00004FA03FC01254468954024EA050444EAC5
:1082D0000904446085680324560004FA06F625EA7A
:1082E000060545EA08058560C56825EA060545EAEC
:1082F0000E050BFA03F3BAF1020F6FEA0604C5602C
:108300006FEA03031BD1072A95BF056A456A2B4014
:108310002B4095BF43EA0C0343EA0C03036243621C
:1083200003681C403C43046049081AD04FEA4909DD
:108330004FEA88084FEA8E0EBF000132BAE705689F
:108340002C403C43072A046095BF046A446A2340DA
:10835000234095BF43EA0C0343EA0C0303624362E4
:10836000E2E703B0BDE8F08F836A5B6830B5046B69
:108370005968436862689B68FF2988BFFF2122F023
:10838000FF7243EA014322F4803294BF00254FF08C
:10839000807513432B4343F48063636030BDD0E9A1
:1083A0000B315B6840685A684B68806810B523F0F1
:1083B000FF73FF2A23F4803394BF00244FF08074AE
:1083C00043EA000388BFFF22234343EA02434B6092
:1083D00010BD00003F4838B5046BA36903F0FE02EE
:1083E000D906E2612DD5C36A59680A6822F00F02E6
:1083F0000A605A7B19680E2303FA02F24A60826A05
:108400005568296821F00F0129601168527B93405B
:108410004B60836843F004038360636843F48043E4
:108420006360236823F046032360202383F31188CD
:108430006FF001011C30FEF789FE002383F31188E1
:1084400006E01A060BD50378032B05D1FFF7A7FF2B
:10845000BDE83840FEF75ABFFFF786FFF8E75B0636
:10846000F6D50178836A03295A681BD1C36A5D680F
:10847000296821F00F0129605D7B19680E23AB404C
:108480004B605368BBB1FFF76FFF836A5A6813688C
:1084900043F001031360636843F4005363600423F3
:1084A0000370D5E7116821F00F011160597B1A683C
:1084B0000E238B405360636843F4804363602368FA
:1084C00023F040032360202383F311880248002116
:1084D000B1E700BFD81D0020F41D002038B5234BA4
:1084E000196B8A6902F47C50C861D96A4C682068AB
:1084F00020F00F002060487B0C680E2101FA00F08C
:108500006060986A45682C6824F00F042C60046849
:10851000407B81406160D40542BF996841F0010110
:108520009960900542BF996841F002019960510538
:1085300042BF996841F008019960D20499680ED54C
:1085400041F020019960202383F3118808486FF0DF
:108550000101FEF7FBFD002383F3118801E00029F0
:10856000F1D1BDE83840FEF7D1BE00BFD81D0020D4
:10857000F41D002010B5054C2046FFF70CF9002330
:10858000034AE361C4E90A33226310BDD81D002009
:108590000054004038B5056B2B6823F001032B60B5
:1085A0000378012B044633D18A239A22C0E908328A
:1085B000234B98422CD1234B1A6942F400121A61C2
:1085C0001A6922F400121A611A69DA6942F4001277
:1085D000DA61DB69002203460A210620FFF770FDFD
:1085E0002346A06200220A210520FFF769FD236AC5
:1085F000E06243F480532362636A0A2143F48053A8
:108600001F206362FFF72DFC0A212020FFF729FCC1
:10861000A36A5B6805F124029A60E36A5B6805F16E
:1086200028029A606268536843F4404343F0900321
:108630002B6013682B612B6843F001032B6038BD5E
:10864000D81D0020001002402DE9F0470027044605
:108650000E46056B876087F31188C16A406A4968D6
:108660000860CA604B60A36A226A5B681A60089A55
:10867000DA60099A5A60FEF79BFE4FF020098046A7
:1086800041F2873A89F31188AB69190408D5FEF7DE
:108690008FFEA0EB080050453DD887F31188F1E725
:1086A0006268236B9268120558BF76005E602046B0
:1086B000FFF775FEE36A0A995A68136843F00103ED
:1086C00013602B6843F040032B606B6843F4005346
:1086D0006B6004F11C00FEF72BFD431C19D16B6885
:1086E00043F480436B60A36A59680A6822F00F0262
:1086F0000A605A7B19680E2303FA02F24A60E26AA2
:108700005468216821F00F0121601168527B934069
:108710004B60BDE8F0874FF0FF30FAE70F4BDA69A6
:1087200042F00102DA610E4ADB69936843F001030B
:1087300093604FF0804340F2CF229A624FF0FF32B5
:10874000DA6200229A615A63DA605A6001225A6141
:1087500008211A601C20FFF784BB00BF00100240F4
:10876000002004E04FF0804208B51169D3680B4047
:10877000D9B2C9439B07116107D5202383F3118820
:10878000FEF784FA002383F3118808BD08B5FFF7CC
:10879000E9FFBDE80840FEF7B9BD00000B4808B589
:1087A0000B4BC360FEF7D4FF0A480B4BC360FEF7C8
:1087B000CFFF0A480A4BC360FEF7CAFF09480A4BBD
:1087C000C360BDE80840FEF7C3BF00BF1C1E002009
:1087D000000800400C1E0020001000403C1E00203D
:1087E000001400402C1E00200034014010B5037816
:1087F000012B04465FD1394B984214D1384BDA69CA
:1088000042F00402DA61DA691A6942F004021A617C
:108810001A6922F004021A6107211E201B69FFF762
:1088200020FB304BA360304B9C4214D12C4BDA69B7
:1088300042F01002DA61DA691A6942F010021A6134
:108840001A6922F010021A61072136201B69FFF70E
:1088500008FB244BA360254B9C4214D1204BDA69C2
:1088600042F02002DA61DA691A6942F020021A61E4
:108870001A6922F020021A61072137201B69FFF7CD
:10888000F0FA184BA3601A4B9C4214D1144B9A690E
:1088900042F400529A619A69DA6842F40052DA604E
:1088A000DA6822F40052DA6007212C20DB68FFF737
:1088B000D8FA0C4BA360D4E901130A68B3FBF2F3B6
:1088C000E2688C68013B9BB20020106054609362A8
:1088D000CB68106123F0FF03D36010BD1C1E002085
:1088E0000010024000A24A040C1E00203C1E002082
:1088F0002C1E0020C36801220139D9625A6100226E
:108900005A621A61426852681AB1DA6842F001028A
:10891000DA6085221A607047C36800221A601A6103
:10892000DA6822F0FF02DA607047C26810B5146995
:10893000D3682340DCB2E443DB07014614610DD564
:108940000378042B03D102230370FFF7E5FF4B6884
:108950005B681BB1BDE810400846184710BD000019
:1089600008B50348FFF7E1FFBDE80840FEF7CEBCBD
:108970001C1E002008B50348FFF7D7FFBDE80840DC
:10898000FEF7C4BC0C1E002008B50348FFF7CDFF5E
:10899000BDE80840FEF7BABC3C1E002008B50348FD
:1089A000FFF7C3FFBDE80840FEF7B0BC2C1E002057
:1089B0000C4B1B6D03F1804303F5C04303EB001028
:1089C00011440368426003F1005303F540535B0018
:1089D000002AA1EB020000DC7047008843F8040B7A
:1089E000023AF5E7005C00402DE9F84F894D6C6CC8
:1089F000670505D56FF4806387486B64FEF7D6FF83
:108A0000260509D52B6C844843F008032B646FF4CA
:108A100000636B64FFF704F8E0040DD57D4DAB6C8B
:108A2000190406D42B6C7C4823F008032B64FFF751
:108A300025F86FF480536B64A20508D57648436827
:108A4000DB6803B19847734B6FF400725A64724D40
:108A5000724E230403D4BDE8F84FFEF757BC04F070
:108A60000F04A70007F1804707F5B84704F1020992
:108A7000D7F800A005EB89031AF0800FD3F8048023
:108A800025D03A68D8F81430324042F400423A60B7
:108A900019695A6818680A44801A5A602DD0B8F8C3
:108AA0001020824228BF024698681A6101449960EA
:108AB0002046FFF77DFF3B6823F4F04323F040039B
:108AC00083F0300343F4004343F080033B601AF427
:108AD000004F0FD03B68334043F080031AF4006F1F
:108AE0003B60E1B225D005EB89092846D9F804306E
:108AF0005B689847474B5C6CABE7012303FA04F2D1
:108B00002B8923EA02032B81D8F8083013B12146C0
:108B100028469847202383F3118805EB8903002119
:108B20005B6858690C30FEF711FB002383F3118852
:108B3000CDE7384BD8F818201B6DD2F808C003F1E8
:108B4000804303F5C04303EB0410E1468368D0F88B
:108B50000CE003F10053CEF30900CEF3480E03F509
:108B600040534FEA8E0A0AEB430A5B00534509F172
:108B7000020939D16FF0010909FB0E09B9F1000FA3
:108B800002D01B680CF81E3093680344936053684E
:108B90000344536013681B1A1360138A013B9BB292
:108BA0001382B8F81220824200D833BB012303FAA3
:108BB00004F26B89023423EA02036B8105EB840320
:108BC0005B68DB680BB128469847202383F3118844
:108BD00005EB84046368986941680C30FEF7B6FAC7
:108BE000002383F3118885E753F804BB09F802BC1E
:108BF0004FEA1B2B09F801BCB8E73B6823F490430C
:108C000023F0700383F4405343F4004343F08003A4
:108C10003B606FE7005C00404C1E00200F07FFFF29
:108C20000148FEF7FBBD00BF4C1E002008B50378CD
:108C3000012B12D0094B98420FD14A20FFF728F997
:108C40004B20FFF725F9064B03221A6403F5DA33AC
:108C5000DA6922F40002DA61DB6908BD4C1E0020EB
:108C6000005C004090F87E30024A43F08003D364F9
:108C7000704700BF005C004000EB810370B5DD6809
:108C80002B6803F00303032B5AD0002B0CBF4FF4C7
:108C9000007300232F4A146D6A6904F1804404F5BF
:108CA000C04404EB01146AB1002262602A8AD0F841
:108CB0008460013222F001023244C0F8842043F083
:108CC00020032660AA69C2B16D8A3E2D05F1FF32EC
:108CD00039D942F01F02204E0132521146EA822257
:108CE00092B2E260D0F88420013525F001051544E8
:108CF000C0F8845043F40053A2608A0002F180421D
:108D000002F5B84210684404106848BF43F4804339
:108D1000400648BF43F04003194321F4784148F22C
:108D2000800021F0F001014323F4F163116023F08E
:108D3000070311685B045B0C4B400343136070BD79
:108D40004FF4C063A6E742F001020132520202F47E
:108D50007C42C6E7005C00400080FFFF0C4A10B474
:108D60000021802411655164D4644468E4688C4215
:108D70000CBF4FF41C444FF41E4414644022C0F84E
:108D80008420044A5DF8044BC260FFF775BF00BF42
:108D9000005C0040649E000838B501780129044653
:108DA00019D10D4B984211D10C4B0D4DDA6942F49B
:108DB0000002DA61DB6929644A200D21FFF751F8CE
:108DC0000E214B20FFF74DF800232B642046BDE811
:108DD0003840FFF7C3BF38BD4C1E002000100240D2
:108DE000005C00404023C0F88430012248F280003B
:108DF000930003F1804303F5B84301321968082A50
:108E000041EA000119601860F2D17047054B53F830
:108E1000210010F4405004D0B0F5805F14BF022050
:108E200001207047005C0040054B53F8210010F012
:108E3000300003D0102814BF02200120704700BF6B
:108E4000005C00400B4B1B6D03F1804303F5C043F6
:108E500003EB011102F108008B6803F1005303F5E5
:108E600040535B00196822F8021B904203F104038F
:108E7000F8D17047005C004000EB810010B5C3687A
:108E800098690268C2B15C8A1319013BB3FBF4F321
:108E90009BB2890001F1804101F5B84103820B6862
:108EA00023F4904323F0700383F4405343F40043CE
:108EB00043F080030B6010BD0123EAE700EB810063
:108EC00010B50C46C1684B690A8A186899688242D5
:108ED00028BF02461A612046FFF76AFDA00000F194
:108EE000804000F5B840036823F4F04323F04003CA
:108EF00083F0300343F4004343F08003036010BD6C
:108F0000890001F1804101F5B8410B6823F49043D9
:108F100023F0700383F4805343F4004343F0800351
:108F20000B607047890001F1804101F5B8410B6881
:108F300023F4F04323F0400383F0100343F4004391
:108F400043F080030B607047890001F1804101F517
:108F5000B8410B6803F44053B3F5405F09D00B6888
:108F600023F4F04323F0400343F4204343F0800311
:108F70000B607047890001F1804101F5B8410B6831
:108F800003F03003302B0BD00B6823F4F04323F0B5
:108F9000400383F0200343F4004343F080030B605D
:108FA00070474B6843608B688360CB68C3600B6914
:108FB00043614B6903628B6943620B6803607047CE
:108FC00008B5194B9A6A42F4FC029A629A6A22F432
:108FD000FC029A629A6A5A6942F4FC025A61134A84
:108FE0005B6911464FF09040FFF7DBFF104802F13C
:108FF0001C01FFF7D6FF0F4802F13801FFF7D1FF40
:109000000D4802F15401FFF7CCFF0C4802F170014A
:10901000FFF7C7FF0A4802F18C01FFF7C2FFBDE866
:109020000840FEF7C9BF00BF00100240889E00083C
:109030000004004800080048000C004800100048E8
:10904000001400487047162303604FF0FF3070474C
:1090500000207047184670470020704710B5002266
:10906000044608460121FDF791FD18B90C23236041
:109070004FF0FF3010BD08B51346002158221846A6
:10908000F7F7A4FB4FF400524260002008BD012016
:10909000704708B5F7F7FAFA012303604FF0FF3085
:0890A00008BD01207047FEE746
:0490A800F8B500BF58
:0490AC00F8B500BF54
:1090B00000202020202020202020282828282820A8
:1090C00020202020202020202020202020202020A0
:1090D0002088101010101010101010101010101008
:1090E00010040404040404040404041010101010F8
:1090F00010104141414141410101010101010101C2
:109100000101010101010101010101011010101013
:109110001010424242424242020202020202020293
:1091200002020202020202020202020210101010E7
:10913000200000000000000000000000000000000F
:10914000000000000000000000000000000000001F
:10915000000000000000000000000000000000000F
:1091600000000000000000000000000000000000FF
:1091700000000000000000000000000000000000EF
:1091800000000000000000000000000000000000DF
:1091900000000000000000000000000000000000CF
:1091A00000000000000000000000000000000000BF
:1091B00000000000040C002000000000000000007F
:1091C000000000000000000000000000000000009F
:1091D000000000000000000000000000000000008F
:1091E000000000000000000000000000000000007F
:1091F000000000000000000000000000000000006F
:10920000000000000000000000000000000000005E
:10921000000000000000000000100020004030505E
:109220000070608000A090B0001101210041315118
:109230000071618100A191B10012022200423252FC
:109240000072628200A292B20013032300433353E0
:109250000073638300A393B30014042400443454C4
:109260000074648400A494B40015052500453555A8
:109270000075658500A595B500160626004636568C
:109280000076668600A696B6001707270047375770
:109290000077678700A797B7001808280048385854
:1092A0000078688800A898B8001909290049395938
:1092B0000079698900A999B9001A0A2A004A3A5A1C
:1092C000007A6A8A00AA9ABA001B0B2B004B3B5B00
:1092D000007B6B8B00AB9BBB001C0C2C004C3C5CE4
:1092E000007C6C8C00AC9CBC001D0D2D004D3D5DC8
:1092F000007D6D8D00AD9DBD001E0E2E004E3E5EAC
:10930000007E6E8E00AE9EBE001F0F2F004F3F5F8F
:10931000007F6F8F00AF9FBF0110002001403050D1
:109320000170608001A090B0011101210141315113
:109330000171618101A191B10112022201423252F7
:109340000172628201A292B20113032301433353DB
:109350000173638301A393B30114042401443454BF
:109360000174648401A494B40115052501453555A3
:109370000175658501A595B5011606260146365687
:109380000176668601A696B601170727014737576B
:109390000177678701A797B701180828014838584F
:1093A0000178688801A898B8011909290149395933
:1093B0000179698901A999B9011A0A2A014A3A5A17
:1093C000017A6A8A01AA9ABA011B0B2B014B3B5BFB
:1093D000017B6B8B01AB9BBB011C0C2C014C3C5CDF
:1093E000017C6C8C01AC9CBC011D0D2D014D3D5DC3
:1093F000017D6D8D01AD9DBD011E0E2E014E3E5EA7
:10940000017E6E8E01AE9EBE011F0F2F014F3F5F8A
:10941000017F6F8F01AF9FBF0000041006200A304C
:10942000100018101C202430200028102C2034306C
:10943000300038103C204430400048104C2054305C
:10944000500058105C206430600068106C2074304C
:10945000700078107C208430800088108C2094303C
:10946000900098109C20A430A000A810AC20B4302C
:10947000B000B810BC20A040C000C810D230E0300E
:10948000D800DC10D620E040024016402A4066405A
:10949000FFFFB040C040D040F000F010F030F0408E
:1094A000F02060FF6DFF80F294FF5DFF69EE80C0E9
:1094B0009AD859FF65D0809B9FBC55FF60B58077D7
:1094C000A5A351FF599D8052AD8F4BFF518B802E2C
:1094D000B78346FF46818109C38040FF3A81FF1B65
:1094E000CE883AFF2F8BFF40D79835FF279DFF6529
:1094F000DEAF2FFF20B5FF89E4C92BFF1BD0FFAEE5
:10950000D0FF27FF17EEEBFFEBFF21FF13FFFFE973
:10951000E0FFA0FFA4FFA9FFBCFFFFFFDDFFE1FF0D
:10952000E5FF16FF0CFFF4FFEAFFFFFF0004080C45
:109530001014181C2024282C3034400105090D116A
:1095400015191D2125292D31FF4102060A0E12167B
:109550001A1E22262A2E35364403FF070B0F131737
:109560001B1F23272B32334238393AFFFFFF3BFFC3
:10957000FF2F3D3E3F374300812670000000000072
:1095800000000000165C1E001F00200021002200C9
:10959000230024002500260027002D002E002A008D
:1095A0004A002B0014001A000800150017001C00C8
:1095B00018000C00120013002F00300000004B00B8
:1095C000390004001600070009000A000B000D0016
:1095D0000E000F0033003400310028004E00E1007F
:1095E00000001D001B0006001900050011001000FE
:1095F000360037003800E50052004D00E000E3007F
:10960000E2000000000000002C0000000000E60066
:109610000151E400500051004F0035003A003B007A
:109620003C003D003E003F0040004100420043003E
:10963000440045004C000100010001000100010050
:109640000100010001000100010001000100010012
:109650000100000001000100010001000100095F9C
:10966000085F0D5F0C5F0100010001000100005C5C
:109670000100010001000000035F025F075F065F59
:109680000B5F0A5F015F005F055F045F010001007F
:109690000100A900AA00A8000000000000000100CD
:1096A00000000000010001000100010001000100B4
:1096B00001000100010001000100010001000100A2
:1096C0000100010001000100010001000100010092
:1096D0000100010001000100010001000100010082
:1096E0000100010001000100000001000100010073
:1096F0000100010001000100010001000100010062
:109700000100010001000100010001000000010052
:109710000100010001000100010001000100010041
:109720000100010001000100010001000100000032
:109730000000000001000000000001000100010025
:109740000100010001000100010001000100010011
:109750000100010001000100010001000100010001
:1097600001000100010001000100010001000100F1
:1097700001000100010001000100010001000000E2
:1097800001000100010001000100010001000100D1
:1097900001000100010001000100010001000100C1
:1097A00001000000010001000100010001000100B2
:1097B00001000100010001000100010001000100A1
:1097C0000100010000000000000001000000000096
:1097D0000100010001000100010001000000000083
:1097E0000000000000000000000000000000000079
:1097F0000000000000000000000000000000000069
:10980000000000002A2B28000000000000000000DB
:109810000000000000000029000000002C1E342081
:10982000212224342627252E362D3738271E1F20A7
:109830002122232425263333362E37381F040506EC
:109840000708090A0B0C0D0E0F1011121314151630
:109850001718191A1B1C1D2F3130232D350405062E
:109860000708090A0B0C0D0E0F1011121314151610
:109870001718191A1B1C1D2F3130354C0000000021
:109880007E0F00D4FFFFFFC700000078E200E90070
:10989000EA00B500B600B700CD008301CC008A0114
:1098A00092019401210223022402250226022702AA
:1098B0002A02B300B4006F00700000000D000048E1
:1098C0000A000048090000480E0000480F00004848
:1098D00008040048090400480D0800480E08004824
:1098E0000F0800480000004801000048020000483E
:1098F0000300004805000048030400480404004831
:109900000504004808000048040000480001010167
:10991000010101010101020202020202020202032C
:1099200003030303030303040404040404040505FC
:1099300005050506060606060707070707080808BF
:1099400008090909090A0A0A0B0B0B0C0C0C0D0D6E
:109950000D0E0E0E0F0F0F10101111111212131306
:109960001414151516161717181819191A1A1B1B7F
:109970001C1D1D1E1E1F20202122222324242526DB
:1099800026272829292A2B2C2D2D2E2F3031323213
:10999000333435363738393A3B3C3D3E3F4041421F
:1099A000434445464748494A4C4D4E4F5051535405
:1099B000555658595A5B5D5E5F61626465666869B9
:1099C0006B6C6D6F7072737577787A7B7D7E808239
:1099D000838587888A8C8E8F91939596989A9C9E82
:1099E000A0A2A3A5A7A9ABADAFB1B3B5B7BABCBE92
:1099F000C0C2C4C6C9CBCDCFD1D4D6D8DBDDDFE25F
:109A0000E4E7E9EBEEF0F3F5F8FAFDFFE200E90038
:109A1000EA00B500B600B700CD008301CC008A0192
:109A20009201940121022302240225022602270228
:109A30002A02B300B4006F007000000003000000B1
:109A400000000000F56000080000000008000000B1
:109A50009010002000000000020000000000000044
:109A600003000000000000002D640008000000005A
:109A700020000000E01000200000000002000000B4
:109A8000000000006D61000815610008C562000853
:109A9000F96000086C9B0008709B0008929B00080E
:109AA00004200A00D19A0008EA9A00080A9B0008DC
:109AB0002C9B00089E9B0008C09B00084022B60912
:109AC000025B00030100A0FA090400000103010188
:109AD000000921110100012240000705810308004F
:109AE0000A0904010002030000000921110100011C
:109AF000222200070582032000010705030320003E
:109B00000109040200010300000009211101000104
:109B100022B6000705840320000A1201100100008C
:109B2000004068894B4E0100010200010501090651
:109B3000A101050719E029E7150025019508750120
:109B400081029501750881010507190029FF15009B
:109B500026FF00950675088100050819012905955D
:109B60000575019102950175039101C00403090473
:109B700020035900690061006E00630061007200FB
:109B80002D00440065007300690067006E007300DB
:109B900000000A034E004B0036003500000006604E
:109BA000FF0961A1010962150026FF0095207508D3
:109BB00081020963150026FF00952075089102C0F7
:109BC00005010902A10185020901A1000509190188
:109BD0002908150025019508750181020501093044
:109BE00009311581257F950275088106093815818F
:109BF000257F950175088106050C0A380215812517
:109C00007F950175088106C0C005010980A1018505
:109C10000319012AB700150126B7009501751081B7
:109C200000C0050C0901A101850419012AA0021533
:109C30000126A002950175108100C005010906A149
:109C4000018505050719E029E71500250195087527
:109C50000181020507190029EF1500250195F0750E
:109C600001810205081901290595057501910295E3
:109C70000175039101C00000000000006168000848
:109C80005168000881680008716800087B68000856
:109C90006B6800085B6800084B6800080000000063
:109CA0001CA20008D81E0020D81E0020D81E0020AC
:109CB0001CA20008000000000000000000000000DE
:109CC0001CA20008000000000000000000000000CE
:109CD0001CA20008000000000000000000000000BE
:109CE0001CA200080000001000000010000000107E
:109CF0001CA200080000000000000000000000009E
:109D00001CA200080000000000000000000000008D
:109D10001CA200080000000000000000000000007D
:109D200069646C6500000000209D0008A01B0020F5
:109D3000001D002001000000256C0008000000004C
:109D4000737461636B206F766572666C6F77000069
:109D50006D61696E00164230040444080C1014183A
:109D60001C202122000000000100000000740040BF
:109D700000000000000000000000FFFF09000000DC
:109D8000BE2000000A000000007400400300000034
:109D900010000000FFFF00000A000000BE200000CD
:109DA0000A0000000000024008000240010000001C
:109DB0000000000B000002401C00024002000000F6
:109DC0000004010C000002403000024004000000CA
:109DD0000008020D0000024044000240080000009C
:109DE000000C030E0000024058000240100000006A
:109DF0000010040F000002406C0002402000000030
:109E000000140510000002408000024040000000E5
:109E100000180611000402400804024080000000FF
:109E200000000738000402401C040240000100004A
:109E3000000408390004024030040240000200001F
:109E40000008093A000402404404024000040000F3
:109E5000000C0A3B000402405804024000080000C5
:109E600000100B3C00000000917A0008397D0008CA
:109E7000EB7D0008400040007811002078110020A0
:109E8000010000008C11002000A8802A00000000C2
:109E900000FCC03C54111564FFFF00000000505549
:109EA00000E00E0080A00000C0000000C0F0000034
:109EB00015055555FFFF000000000044000000009C
:109EC000000A000000000000000000F05555550594
:109ED000FFFF00000000770000000000000000000D
:109EE000000000000000000055555555FFFF000020
:109EF0000000000000000000400055550000000078
:109F0000C000FFFF15551501FF0000000000000014
:109F10000000000000000000000000000F00000032
:109F200050555555FFFF00000000000000000000E4
:109F30005245454E54206D616C6C6F6320737563A0
:109F400063656564656400002E2E2F2E2E2F2E2E45
:109F50002F2E2E2F2E2E2F2E2E2F2E2E2F2E2E2F1B
:109F60006E65776C69622F6C6962632F7374646CC1
:109F700069622F72616E642E630000002C2066758A
:109F80006E6374696F6E3A20000000006173736540
:109F90007274696F6E2022257322206661696C6578
:109FA000643A2066696C6520222573222C206C6936
:109FB0006E65202564257325730A0000232D302B40
:109FC00020000000686C4C0065666745464700004D
:109FD00030313233343536373839414243444546DF
:109FE00000000000303132333435363738396162A1
:089FF0006364656600000000D7
:089FF800CC63FF7F01000000B3
:10A00000040C002000000000F8910008D89100081E
:10A01000B8910008000000000000000000000000EF
:10A020000000000000000000000000000000000030
:10A030000000000000000000000000000000000020
:10A040000000000000000000000000000000000010
:10A050000000000000000000000000000000000000
:10A0600000000000FF000000FF060000FF7FFF006F
:10A0700000FF0000FF0000FF0000FF000160014042
:10A0800001600170077E0000400D0300B127000849
:10A0900000000000000000001E320A141E640828A0
:10A0A0003E0F0020B560000804000000040000001E
:10A0B00000000000000000000000000000000000A0
:10A0C0000000000000000000000000000000000090
:10A0D0000000000000000000000000000000000080
:10A0E000000000000000000000000000030000006D
:10A0F000000000006F6A000800000000200000005F
:10A10000000000000000000002000000000000004D
:10A11000030000000000000000000000E36A0008E7
:10A12000000020000000000000000000020000000D
:10A13000000000000300000000000000216B000888
:10A140000000000008000000000000000000000007
:10A1500002000000000000004C1E0020020300006E
:10A1600004000000040000002000000020000000A7
:10A1700000000000680F0020F80F00200000000021
:10A1800000000000000000000000000000000000CF
:10A1900000000000000000000000000000000000BF
:10A1A00000000000000000000000000000000000AF
:10A1B000000000000000000000000000000000009F
:10A1C000000000000000000000000000000000008F
:10A1D000000000000000000000000000000000007F
:10A1E000000000000000000000000000000000006F
:10A1F000000000000000000000000000010000005E
:10A20000516500085D650008F965000845660008AD
:0CA21000796600080096000000000800BD
:040000050800035993
:00000001FF
