:020000040800F2
:100000000004002031020008298E00083302000895
:1000100033020008330200083302000833020008EC
:1000200033020008330200083302000833020008DC
:1000300033020008330200083302000833020008CC
:1000400033020008330200083302000833020008BC
:1000500033020008330200083302000833020008AC
:10006000330200083302000833020008330200089C
:1000700033020008899D000833020008899C0008AB
:100080005D9F0008330200083302000833020008B5
:10009000330200083302000833020008330200086C
:1000A000330200083302000833020008330200085C
:1000B000330200083302000833020008AD9F000835
:0800C0003D01000811010008D8
:1000C8000448054B10B5834203D0044B002B00D0E5
:1000D800984710BD840F0020840F00200000000006
:1000E80006480749091A8B10C90FC91810B54910D5
:1000F80003D0044B002B00D0984710BD840F00207C
:10010800840F00200000000010B5074C2378002B56
:1001180009D1FFF7D5FF054B002B02D0044800E0BA
:1001280000BF0123237010BD880F002000000000CD
:1001380094C20008054B10B5002B03D004490548AC
:1001480000E000BFFFF7CCFF10BDC0460000000074
:100158008C0F002094C2000872B6244880F30888E7
:10016800234880F30988022080F31488BFF36F8F37
:1001780008F0B2FB08F054F91E481F491B4A914287
:1001880002DA08600431FAE71C49194A914202DA96
:1001980008600431FAE71A491A4A1B4B9A4204DAF2
:1001A8000868106004310432F8E700201749184A3B
:1001B800914202DA08600431FAE708F091FB08F08E
:1001C8008CFB144C144DAC4203DA21688847043484
:1001D800F9E708F033F9114C114DAC4203DA216804
:1001E80088470434F9E70F49084700000004002055
:1001F800000C002055555555000000200004002033
:1002080094C20008000C0020840F0020880F0020F2
:10021800741E0020C0000008C4000008C4000008C4
:10022800C8000008E588000896E700F000F8FEE737
:10023800F0B544464D4656465F46F0B46B46CB6033
:10024800C3689D46F0BCA046A946B246BB46F0BD71
:1002580062B6281CA047002008F062FDFEE708F0FF
:1002680025FD024A024B1360FEE7C04604ED00E09C
:100278000000008002B47146490849000956490047
:100288008E4402BC7047C04602B471464908490012
:10029800095C49008E4402BC7047C04603B47146ED
:1002A800490840004900095A49008E4403BC704778
:1002B800002243088B4274D303098B425FD3030A9D
:1002C8008B4244D3030B8B4228D3030C8B420DD3B0
:1002D800FF22090212BA030C8B4202D3121209023E
:1002E80065D0030B8B4219D300E0090AC30B8B427C
:1002F80001D3CB03C01A5241830B8B4201D38B032A
:10030800C01A5241430B8B4201D34B03C01A5241CE
:10031800030B8B4201D30B03C01A5241C30A8B4211
:1003280001D3CB02C01A5241830A8B4201D38B02FC
:10033800C01A5241430A8B4201D34B02C01A5241A0
:10034800030A8B4201D30B02C01A5241CDD2C30912
:100358008B4201D3CB01C01A524183098B4201D38E
:100368008B01C01A524143098B4201D34B01C01A79
:10037800524103098B4201D30B01C01A5241C308F1
:100388008B4201D3CB00C01A524183088B4201D360
:100398008B00C01A524143088B4201D34B00C01A4C
:1003A8005241411A00D20146524110467047FFE7B8
:1003B80001B5002000F0F0F802BDC0460029F7D0D2
:1003C80076E7704703460B437FD4002243088B42ED
:1003D80074D303098B425FD3030A8B4244D3030BC4
:1003E8008B4228D3030C8B420DD3FF22090212BA89
:1003F800030C8B4202D31212090265D0030B8B4205
:1004080019D300E0090AC30B8B4201D3CB03C01AEE
:100418005241830B8B4201D38B03C01A5241430BC9
:100428008B4201D34B03C01A5241030B8B4201D3B9
:100438000B03C01A5241C30A8B4201D3CB02C01A24
:100448005241830A8B4201D38B02C01A5241430A9C
:100458008B4201D34B02C01A5241030A8B4201D38B
:100468000B02C01A5241CDD2C3098B4201D3CB0132
:10047800C01A524183098B4201D38B01C01A5241E1
:1004880043098B4201D34B01C01A524103098B42E5
:1004980001D30B01C01A5241C3088B4201D3CB00D0
:1004A800C01A524183088B4201D38B00C01A5241B3
:1004B80043088B4201D34B00C01A5241411A00D263
:1004C80001465241104670475DE0CA0F00D04942CC
:1004D800031000D34042534000229C4603098B423C
:1004E8002DD3030A8B4212D3FC22890112BA030AC4
:1004F8008B420CD3890192118B4208D38901921146
:100508008B4204D389013AD0921100E08909C309CA
:100518008B4201D3CB01C01A524183098B4201D3CC
:100528008B01C01A524143098B4201D34B01C01AB7
:10053800524103098B4201D30B01C01A5241C3082F
:100548008B4201D3CB00C01A524183088B4201D39E
:100558008B00C01A5241D9D243088B4201D34B00B9
:10056800C01A5241411A00D20146634652415B10FB
:10057800104601D34042002B00D5494270476346DC
:100588005B1000D3404201B5002000F005F802BD21
:100598000029F8D016E770477047C046002B11D1E4
:1005A800002A0FD1002900D1002802D00021C94318
:1005B800081C07B4024802A14018029003BDC046B7
:1005C800D9FFFFFF03B4684601B5029800F02EF882
:1005D800019B9E4602B00CBC7047C046F0B515049E
:1005E8002D0C0F0001002E00C64684460004140C92
:1005F800000C090C46434D43604361434019340CD9
:10060800241800B5A54203D9802040028046414401
:10061800250C6D18614659437A433004491924045E
:10062800000C2018891804BC9046F0BDF0B5574658
:100638004E464546DE46E0B504000D009246994612
:1006480083B08B4230D82DD04946504600F0BAF8D6
:1006580029000600200000F0B5F8331A9846203B20
:100668009B4633D45A465346934042461F0053464E
:1006780093401E00AF423AD8AF4200D178E05B46C3
:10068800A41BBD41002B00DA75E000220023009274
:10069800019301235A469340019301234246934014
:1006A800009328E08242CFD90022002300920193D0
:1006B8000C9B002B01D01C605D600098019903B071
:1006C8003CBC90469946A246AB46F0BD4246202324
:1006D8009B1A5246DA40414613004A468A401700A0
:1006E80042461F43534693401E00AF42C4D90022DE
:1006F8000023009201934346002BD9D0FB077208D0
:100708001A4346467B080EE0AB4201D1A2420CD800
:10071800A41A9D41012024196D410021013E24188D
:100728004D41002E06D0AB42EED9013E24196D4151
:10073800002EF8D1009801995B4600196941002BF9
:1007480024DB2B005A464446D3402A00E2401C00D2
:100758005B461500002B2ADB26009E40330026004E
:100768004746BE403200801A9941009001919FE7A8
:10077800A342BCD883E74246202300219B1A0022CB
:10078800009101920122DA40019286E74246202335
:100798009B1A2A0046469A402300F34044461343D6
:1007A8002A00E2401C005B461500002BD4DA4246C2
:1007B8002F002023260097409B1ADE403B0033433E
:1007C800CDE7C04610B5002903D100F007F8203066
:1007D80002E0081C00F002F810BDC0461C210123ED
:1007E8001B04984201D3000C10391B0A984201D30C
:1007F800000A08391B09984201D30009043902A2EA
:10080800105C40187047C046040302020101010150
:100818000000000000000000014B18687047C04647
:10082800000C002070B5CDB2830734D0531E002AC7
:100838001BD00278AA4219D0032404E0013B14D348
:100848000278AA4212D001302042F7D1032B0ED8E9
:10085800002B0AD00278AA4208D0C31802E0027816
:10086800AA4203D001308342F9D1002070BDFF2293
:100878000C06240C114021430C04084E0C4302685A
:1008880007496240511891433142E3D1043B043097
:10089800032BF4D8DCE71300D8E7C04680808080BB
:1008A800FFFEFEFEF0B5C64600B50F2A43D90B0081
:1008B800032603431E400C000300002E40D1150000
:1008C800103D2D09AC462D01A846804400E03B00B0
:1008D800676825685F60E7681D60DF601F00A568BE
:1008E80010379D6010344345F1D165460F230C2421
:1008F80001352D01491913404519144223D08C594B
:10090800AC5104369C1B032CF9D80324043B9B08E8
:1009180001339B002240ED18C918561E002A07D043
:10092800002300E02300CA5C5C1CEA549E42F9D113
:1009380004BC9046F0BD0500561E002AF0D1F7E72A
:10094800561E0500ECE71A00F6E7C046F0B50500AC
:1009580083074AD0541E002A44D0CEB20300032293
:1009680002E00135013C3DD301332E701342F8D12A
:10097800032C2FD9FF220A40150215432A041543D8
:100988000F2C35D92700103F3F093E01B4461E0001
:100998001A0010366644156055609560D5601032AF
:1009A800B242F8D10F260C2201373F012640DB194D
:1009B8003700224217D03E1FB608B400A4461A00DA
:1009C8001C1D644420C2A242FCD103240136B60097
:1009D8009B193C40002C05D0C9B21C191970013371
:1009E8009C42FBD1F0BD3400F4E714000300BFE7DC
:1009F8002700E0E7114B70B51C680500A06B0028C4
:100A080003D000230561436170BD183000F0AAF8D7
:100A1800A06300280CD00A4B01220360094B4360F5
:100A2800094B83600B238381002302614361E8E75C
:100A3800064B00224221064800F050F8000C002026
:100A48000E33CDAB34126DE6ECDE0500C4C10008F0
:100A5800DCC10008184B70B51D68AC6B002C0ED0BB
:100A680020696169154A164BFFF7B8FD012200237A
:100A780012184B41580040082261636170BD18206C
:100A880000F070F8041EA8630FD00E4B012203601B
:100A98000D4B43600D4B83600B2383810023026160
:100AA800436107480A4A064BE6E70A4B00224E21F3
:100AB800094800F013F8C046000C00202D7F954C23
:100AC8002DF451580E33CDAB34126DE6ECDE050033
:100AD8002E7F954CC4C10008DCC1000830B51C004D
:100AE8000A4B05001B6885B0D868002A0AD0084B55
:100AF8000292019300912B002200064900F020F891
:100B080000F0AAFD044B1A00F2E7C046000C0020D2
:100B180010C2000820C200081CC20008130010B54B
:100B28000022FFF7DBFFC0460CB400B583B004AB6E
:100B380004CB019300F01EF903B008BC02B01847BB
:100B48000EB400B582B003AB0100054804CB0068C1
:100B5800019300F00FF902B008BC03B01847C04673
:100B6800000C002010B5034B0100186800F064F871
:100B780010BDC046000C002010B5034B01001868DA
:100B880000F004F810BDC046000C002070B5050048
:100B9800002915D00C1F2368002B27DB280001F043
:100BA80005FA244B1A68002A05D0A2420CD92168FC
:100BB8006018824224D0626028001C6001F0F8F9B5
:100BC80070BDA34203D81A005368002BF9D11168ED
:100BD8005018A0421BD027D821686018834207D03C
:100BE80063605460280001F0E3F9E9E7E418D5E709
:100BF80018685B6884466144216063605460F1E76B
:100C0800106852688446614421606260D4E72068B5
:100C18000918501811608342E4D118685B6884464B
:100C2800614411605360DDE70C2328002B6001F05C
:100C3800BFF9C5E7A40F0020F8B50323CD1C9D43D9
:100C4800083506000C2D2AD20C25A94229D83000D7
:100C580001F0ACF92A4F3A68002A0AD013685B1BE6
:100C680004D441E023685B1B1FD522005468002C84
:100C7800F8D17B68002B3DD02900300009F0E2FC58
:100C8800431C2AD00323C41C9C43A04205D0211A2C
:100C9800300009F0D7FC431C1FD0256010E0002D60
:100CA800D3DA0C2300203360F8BD0B2B05D863681A
:100CB800A2421DD0536003E014002360E4182560AD
:100CC800300001F075F9200007220B30231D9043F6
:100CD800C21AE9D01B1AA350E6E70C233000336090
:100CE80001F066F90020DFE70B2BE5D81400536804
:100CF8003B60E5E70021300009F0A4FC7860BBE721
:100D0800A40F0020936810B5013B9360002B04DA10
:100D18009469A34207DB0A2905D01368581C1060A0
:100D28000800197010BD00F09BFBFBE7F8B5060042
:100D38000F00002B0DD01400D51802E00134AC428E
:100D480007D021783A003000FFF7DCFF431CF5D1CB
:100D5800F8BD0020FCE7C046936810B51400002BCE
:100D680002D10020536010BD00F07AFE0023A3607A
:100D78006360F8E7F0B54E46DE4657464546E0B5AF
:100D8800A1B00490039191461C00002804D0836907
:100D98000593002B00D1BEE0AD4B039A9A4200D1D7
:100DA800C0E0AC4B039A9A4200D1CDE0AA4B039A1B
:100DB8009A4200D147E1039A93891B0700D4B9E00E
:100DC80013690593002B00D1B4E0002308AD6B61D3
:100DD80020336B761033AB762F3B98464B461B7807
:100DE80007949E4F002B00D189E0252B00D125E1E7
:100DF8004E4603E0252B00D1AAE026007378741C28
:100E0800002BF7D14B46E31A9A4678D053464A4608
:100E180003990498FFF78AFF431C70D06B69534409
:100E28006B617378002B6AD00122002352426A60FA
:100E3800443201342B60EB60AB60AB54AB6506E029
:100E48004346C01B834034002A6813432B60217833
:100E580005223800FFF7E6FC661C0028F0D12B6855
:100E6800B246DA0602D543222021A9541A0702D530
:100E780043222B21A95421782A2900D06EE0079A11
:100E8800111D12680791002A00DABAE0EA60617859
:100E9800A61C2E2900D17AE0714B0322180099462E
:100EA800FFF7C0FC002800D18FE04B46C01A402352
:100EB80083402A68317813432B600622731C6948E3
:100EC80099462976FFF7AEFC002800D188E0664BEA
:100ED800002B00D18EE007AB0093039A634B2900E7
:100EE800049800E000BF83465B46013307D06B6976
:100EF8005B446B614B461B78002B00D075E7039B66
:100F08009B895B061DD4686921B03CBC9046994614
:100F1800A246AB46F0BD00F07BFD4D4B039A9A42CA
:100F280000D03EE7049B5B680393039A93891B07F1
:100F380000D545E70399049800F008FB002800D184
:100F480043E701204042DFE7049B9B68039332E7B5
:100F58004B46E31A9A4600D166E757E70A00303A4B
:100F6800A246092A95D8EB68180001E0340001363A
:100F780083001B1831785B0098180A00303A092A58
:100F8800F4D9B246E860A61C2E2900D084E753465F
:100F980059782A293BD1079B1A1D07925246917806
:100FA800D61C022294461B68E2446B60002B00DBCF
:100FB80072E701235B426B60294B032218009946B4
:100FC800FFF730FC002800D06FE7B146564631786D
:100FD800062224482976FFF725FC002800D076E76A
:100FE80007AB0093039A214B2900049800F0E4F81A
:100FF800834679E70722079B073393430833079310
:1010080075E75242EA60022213432B603FE70A0069
:101018000023303A6B601800092A01D910E01E003D
:1010280083001B1871785B0098180A00303A731C0B
:10103800092AF4D99A46023668602DE74C46F3E649
:10104800B246013628E7049BDB680393B3E6C04643
:10105800E8A70008C8A70008A8A7000850C2000809
:1010680058C200085CC2000800000000350D0008E6
:1010780010B504001300034A10680A002100FFF7A6
:1010880079FE10BD000C0020F0B54F464646D64606
:10109800C0B51F00089B914698468A680B690600F0
:1010A8000C00934200DA13004A4613604322A25C04
:1010B800002A02D04A460133136023689A065AD59B
:1010C8004B461B6806209A1C4B461A602368190079
:1010D800184208D1E16800258A1A19218A461900A0
:1010E800A244002A3FDC4323E35C5A1E93418A064C
:1010F8000AD53020E1184331087045215A1C615C3B
:10110800A2184332023311702200390043323000F2
:10111800C047431C19D006232068A26821690340F0
:10112800042B30D08A423ADD00239946521A914462
:101138001A34002502E001354D4530DA012322003A
:1011480039003000C047431CF5D1012040421CBC87
:1011580090469946A246F0BD4B46E2681B680135A9
:10116800D31AAB4220DD0123524639003000C04774
:10117800431CF1D1E9E706221A4212D04323E35C6B
:101188005A1E9341C0E74B46E0681B68C31AD84310
:10119800C017184081468A42C8DC002BC8DC0020F2
:1011A800D5E74A46126895E743232168E35C5A1E4F
:1011B80093418A069DD4A7E7F0B557469A4643233C
:1011C8009C464E464546DE468C446346E0B587B0AD
:1011D80003930B7E914680460C00109A6E2B00D12B
:1011E800D8E000D871E0732B00D11AE100D881E073
:1011F800752B00D1FFE0782B00D00BE10B6878202D
:101208004521605494498B46116840C911601806FD
:1012180003D4580601D53604360CDA0702D5202245
:10122800134323601027002E00D1C2E0432300227D
:10123800E2546368A360002B00DAC5E00422216849
:1012480091432160002E00D083E0002B00D0BDE048
:10125800039D082F00D18CE0039B5B1B2361534641
:1012680005AA009321004B464046FFF70DFF431C9B
:1012780022D023692A0049464046D047431C1BD048
:1012880022680598E368920700D47FE01A1A002ABA
:1012980000DC7BE026000025193606E0E3680598A7
:1012A80001351A1AAA4200DC70E0012332004946CF
:1012B8004046D047431CF1D10120404207B03CBC16
:1012C80090469946A246AB46F0BD632B00D184E018
:1012D8001FD8002B69D0582B00D09BE045216354C0
:1012E8005E4923688B46116840C91160180600D40E
:1012F8008FE792E76F2B7ED0702B00D08AE02023F7
:10130800096878200B4345212360605452498B4675
:101318007AE7642B01D0692B7CD111682368081DFA
:1013280010601D064AD50A681600002A03DB4B4BDD
:101338000A279B467DE743222D21A1546268764205
:10134800A260002A02DB042293432360434B0A274E
:101358009B46039D00E0060039003000FFF72EF899
:101368005B465B5C013D2B70BE42F4D2082F00D077
:1013780072E72368DB0700D46EE76368226993424B
:1013880000DD69E73023013D2B7065E7984295DA67
:10139800180093E7136809681D1D606915601B68CC
:1013A8000E0601D449064BD418600023039D23611F
:1013B80055E7202322689A43226037E75D06B2D5B5
:1013C80000228E5E3200B0E7002EC2D15B462500B7
:1013D8001A7842234235E2543BE713682500191D69
:1013E80011601A684223E254413B4235236143238A
:1013F8000022E25433E7116820680D1D15600606C7
:1014080001D440061ED40E686F2B1DD0134B0A273B
:101418009B460BE742222500A35401234235236152
:10142800E5E71368191D11601D686268002128002E
:10143800FFF7F8F900280BD0401B60602061D6E761
:101448001880B2E70E88DFE7044B08279B46EDE6D5
:1014580060682061CBE7C04678C2000864C2000813
:10146800F8B505000E001400002802D08369002B8F
:1014780029D02D4B9C422BD02C4B9C4246D02C4B38
:101488009C424ED0A369A360A3891B0726D5236974
:10149800002B23D0FF22F7B2616916402268D31AC5
:1014A80099422ADD0133A1680139A160511C2160EC
:1014B800177062699A422BD0A389DB0701D50A2EDF
:1014C80026D03000F8BD00F0A3FA174B9C42D3D1C8
:1014D8006C68A369A360A3891B07D8D421002800DE
:1014E80000F034F8002819D1FF222369F7B26169A6
:1014F80016402268D31A9942D4DC2100280000F053
:101508004DF900280AD122680123CCE7AC68B9E775
:101518002100280000F042F90028D2D001267642A6
:10152800CFE7EC68AEE7C046E8A70008C8A7000800
:10153800A8A7000810B5044B0A001B680100180092
:10154800FFF78EFF10BDC046000C00203E4B70B563
:101558001D6806000C00002D02D0AB69002B1BD0C3
:101568003A4B9C421ED03A4B9C424CD0394B9C4241
:1015780060D00C23E25E93B2190719D521690029BE
:1015880021D0DA072ED50023A360636900205B42CF
:10159800A36100292ED070BD280000F039FA2B4B2A
:1015A8009C42E0D16C680C23E25E93B21907E5D443
:1015B800D90641D55B0728D4216908231343A381A1
:1015C8009BB20029DDD1A0228020920080001A4021
:1015D8008242D6D02100300000F042FCA389216964
:1015E800DA07D0D400229B0700D46269A2600020E9
:1015F8000029D0D10C22A35E1A06CCD54022134371
:10160800A3810138C7E7AC68B3E7616B00290AD04A
:1016180023004433994204D03000FFF7B7FA0C2373
:10162800E25E0023636324239A43002321696360F5
:101638002160C2E7EC689CE709233360402301205E
:101648001A43A2814042A6E7000C0020E8A7000840
:10165800C8A70008A8A7000810B5062000F060FD7C
:10166800012009F013F8C046F0B5C64600B58B89CD
:1016780080460C001A0745D44A68002A63DDE56AEB
:10168800002D3BD042464146166800220A60216A76
:10169800DA045CD4012300224046A847431C61D0E9
:1016A800A389E56A216A5B0706D56368C01A636B7C
:1016B800002B01D0236CC01A002302004046A84723
:1016C800431C46D143461B680C21625E002B56D052
:1016D8001D2B01D0162B5DD1002363602369236085
:1016E8004346616B1E60002908D0230044339942A9
:1016F80002D04046FFF74AFA00236363002004BC87
:101708009046F0BD0E69002EF8D00A680E60951B51
:1017180000229B0700D14A69A260002D04DCEDE796
:1017280036182D1A002DE9DD2B003200216A4046BB
:10173800A76AB8470028F3DC40220120A389404269
:101748001343A381DBE70A6C002A98DCD6E7606DB7
:10175800A9E70023636023692360A389DB04BFD55D
:101768006065BDE743461B68002B99D01D2B0DD043
:10177800162B0BD04022A3891343A381BFE76360D4
:1017880023692360D304ABD56065A9E743460020ED
:101798001E60B4E740231A43A281B0E70B6970B515
:1017A80005000C00002B16D0002802D08369002BFE
:1017B80015D00E4B9C4210D00D4B9C4212D00D4BB5
:1017C8009C4211D00C22A35E002B04D021002800DB
:1017D800FFF74AFF00E0002070BD6C68F2E700F0F8
:1017E80017F9E6E7AC68EDE7EC68EBE7E8A700086F
:1017F800C8A70008A8A7000810B5011E04D0054B0B
:101808001868FFF7CBFF10BD034B0449186800F0B8
:10181800D9FAF8E7000C0020A4A70008A5170008CB
:101828000020704710B5024900F0CCFA10BDC04640
:10183800A51700080020704770B568244A1E544355
:101848000E0021007431FFF7F7F9051E09D00023B7
:101858002200036046600C30A86068320021FFF760
:1018680075F8280070BDC0461E4B70B51D6806008F
:10187800AB69002B27D048356B68AC68013B03D5B2
:101888001CE06834013B19D30C21625E002AF8D1B0
:1018980000252000144B656625606560A560E3603F
:1018A80025616561A561082200215C30FFF74EF8CB
:1018B8006563A563A564E564200070BD2C68002CF1
:1018C80005D02500D8E7280000F010F8D3E7042158
:1018D8003000FFF7B1FF041E2860F2D10C233360FB
:1018E800EAE7C046A4A700080100FFFFF0B5D64606
:1018F8004F464646384BC0B5836200238364C364B1
:101908000365364B82B01B6805000193984260D08E
:101918002800FFF7A9FF68602800FFF7A5FFA86067
:101928002800FFF7A1FF6E680024E8600423300058
:10193800746634607460B460F36034617461B46177
:10194800082200215C30FFF701F8254B254F9A4605
:101958007362254B37639946B362244B3662F36250
:10196800AE6898463000224B746634607460B46088
:10197800F36034617461B461082200215C30FEF7C1
:10198800E5FF534673624B46B36243463763F362DF
:101998003662EE68174B3000F3607466346074602A
:1019A800B46034617461B461082200215C30FEF7D0
:1019B800CDFF534673624B46B3624346F36201233D
:1019C80036623763AB6102B01CBC90469946A246AA
:1019D800F0BD012383619BE72D180008A4A7000828
:1019E800B52100084D220008E12100082122000845
:1019F800090001001200020010B5034B03491868E2
:101A080000F0E0F910BDC046A4A70008A51700081B
:101A1800836910B5002B01D1FFF768FF10BDC046E0
:101A28007047C0467047C0467047C0467047C046BA
:101A380010B5034B0349186800F0A2F910BDC04661
:101A4800000C00202918000810B5034B034918683A
:101A580000F096F910BDC046000C00203D180008A3
:101A6800F0B54546DE4657464E46E0B5936883B026
:101A780000900C009046002B6DD08B891A0700D47B
:101A880071E00A69002A00D16DE0424616689A079B
:101A980000D475E0A36A00279A46B54B00259946FD
:101AA800216A002D16D02B004D4500D9B04B3A00C5
:101AB8000098D047002800DCD5E043469B683F18D3
:101AC8002D1A181A4346986045D0A36A216A9A4687
:101AD800002DE8D1376875680836E2E74B461B6881
:101AE8009A464B465F6808239C46E144002FF5D090
:101AF8003A000A215046FEF795FE002800D1CEE0B4
:101B080053460130C61A3300BB469F4200D99B4654
:101B1800206822696369904204D9A2689D18AB4580
:101B280000DD92E05B4500DDF9E0A56A5246216AD6
:101B38000098A847051E00DC95E0761B0120002EC2
:101B480000D1E4E043469B68AA447F1B5D1B4346E3
:101B58009D6000D095E0002003B03CBC90469946BB
:101B6800A246AB46F0BD21000098FFF7EFFC002825
:101B780000D0F9E04246A38916689A0700D589E79C
:101B8800DA0778D4002291468022920000279346F3
:101B9800A5682068002F53D05A46134200D181E02F
:101BA800AA46BD4200D9AFE09022D20013422ED0FF
:101BB8002169451AAC466069019542001218D00F98
:101BC8008218781C521060449246904201D982468D
:101BD80002005B0500D4AFE011000098FFF72CF875
:101BE800051E00D1BAE0019A2169FEF75BFEA389C0
:101BF800604A134080221343A3815246019B25610A
:101C0800E818BA463D00D31A20606261A3605246C4
:101C1800494600F06DF9A3685D1BA5603D000027EB
:101C280023685344236043469B68A9445D1B43468D
:101C38009D6000D18FE7A5682068A389002FABD1EC
:101C48003268776891460836A4E751462A0000F0C2
:101C58004FF9236821005B1923600098FFF79EFD68
:101C6800002800D169E70C22A35E4022012013431B
:101C7800A381404270E70023B14600209A4600271E
:101C88001E00002F00D129E7002800D03BE73A00CA
:101C98000A215046FEF7C6FD002800D030E77B1C1D
:101CA8001E0031E72369834217D363699A46BB4212
:101CB80013D8314B38009F4200D930485146FEF7BF
:101CC80081FB53464A464343216A0098A56AA847C0
:101CD8000028C8DD05007F1BA5E7BD4200D93D00EF
:101CE8002A00494600F004F9A36822685B1B5219D0
:101CF800A3602260002BEED121000098FFF74EFD73
:101D08000028B0D17F1B8EE73D00BA467FE721004F
:101D18000098FFF743FD002800D113E7A3E75A46D0
:101D2800514600F0E5F85A46A3685D469B1AA36041
:101D380023685B44236000E7009800F03BF9051E28
:101D480000D05AE7009D21692800FEF71FFF802276
:101D5800A3899343743A1BB22A6086E70C23009A3E
:101D680013600C22A35E80E701204042F4E6C046DF
:101D780000FCFF7F7FFBFFFFFEFFFF7FFFFFFF7F72
:101D8800F0B5C646483000B588460700002600284A
:101D980013D07B68BC685D1E0CD4A389012B06D9BF
:101DA8000E22A35E013302D02000C04706436834E8
:101DB800013DF2D23F68002FEBD1300004BC9046C1
:101DC800F0BDC046F8B54746CE4680B5070048374F
:101DD800804689460026002F14D07B68BC685D1EAB
:101DE8000DD4A389012B07D90E22A35E013303D09A
:101DF80021004046C84706436834013DF1D23F6898
:101E0800002FEAD130000CBC90469946F8BDC04678
:101E180070B50C001D000E23C95E96B0160000298F
:101E280014DB6A4608F01BFC00280FDBF022019B3C
:101E380012021340094A944663445A4253412B60A4
:101E48008023DB003360002016B070BD00232B60B8
:101E5800A3891B06F4D540233360F4E700E0FFFFB5
:101E680070B58B8982B006000C009B0707D523004C
:101E78004733236023610123636102B070BD01AB66
:101E88006A46FFF7C5FF009905003000FEF7D4FE4B
:101E9800002810D08022154BB362A3892060134319
:101EA800009A1BB26261019AA3812061002A0CD1B9
:101EB8002B43A381E1E70C22A35E9A05DDD403221C
:101EC800934302221343A381D1E70E23E15E30003E
:101ED80008F0D1FB002802D10C22A35EE8E7032218
:101EE800A3899343012213431BB2E1E72D1800088D
:101EF800F0B5C64600B588420CD98B18984209D26D
:101F0800531E002A03D0CA5CC254013BFBD204BC56
:101F18009046F0BD0F2A0CD80500561E002AF6D0B0
:101F2800002300E02300CA5C5C1CEA549E42F9D1FD
:101F3800EDE70B00032603431E400C000300002EB0
:101F48002ED11500103D2D09AC462D01A846804420
:101F580000E02B001D00276810351F6067685F6070
:101F6800A7689F60E7681034DF604345F1D1654694
:101F78000F230C2401352D0149191340451914422A
:101F880011D08C59AC5104369C1B032CF9D803246E
:101F9800043B9B0801339B00ED18C9182240BCE79D
:101FA800561E0500BCE71A00B7E7C0467047C04692
:101FB8007047C046F8B507000C00150000291BD073
:101FC800002A15D000F044F92600A84201D33000B9
:101FD800F8BD29003800FEF72FFE061EF7D02100B5
:101FE8002A00FEF75FFC21003800FEF7CFFDEEE780
:101FF800FEF7CCFD0026EAE71100FEF71DFE0600FD
:10200800E5E7C04610B580210400FEF715FE6064C0
:10201800002807D002000023803208C09042FCD17B
:10202800002010BD01204042FBE7C046426C10B5BD
:102038000023002A01D0180010BDFFF7E3FF0300BA
:10204800F9E7C04670B505000C0016001F2907D82F
:10205800436C002B09D0A4001B1918681E6070BDC2
:102068001623036001204042F9E7FFF7CBFF002861
:1020780001D16B6CEFE701204042F0E770B5050035
:102088000C001F2920D8436C002B0ED08A009B1807
:102098001A68002A09D0012A14D0511C0ED0002138
:1020A800200019609047002070BD280000F07AF8E1
:1020B80022000100280000F061F8F5E7162303600C
:1020C8000120F1E70020EFE71623036001204042DA
:1020D800EAE7C04670B505000C001F291DD8436CFF
:1020E800002B10D0A2009B181A68002A09D0511C96
:1020F80011D0012A0DD0002120001960904700203E
:1021080070BD0120FCE7FFF77DFF002805D16B6C4F
:10211800E8E70320F4E70220F2E701204042EFE776
:1021280010B5034B01001868FFF7A8FF10BDC046A3
:10213800000C002010B5044B0A001B6801001800B1
:10214800FFF780FF10BDC046000C0020054B10B5FE
:102158001B6800205A6C002A00D010BD1800FFF739
:1021680051FFFAE7000C002010B5034B0100186876
:10217800FFF7B0FF10BDC046000C0020002370B56B
:10218800074C050008001100236008F076FA431C8C
:1021980000D070BD2368002BFBD02B60F9E7C04648
:1021A800701E002010B508F06FFA10BD70B50C0055
:1021B8000E25495F08F03BFA002803DB636D1B1806
:1021C800636570BDA389024A1340A381F9E7C0463D
:1021D800FFEFFFFF00207047F8B516001F000C2224
:1021E8008B5E0C0005000E22895EDA0508D4094AC8
:1021F80028001340A38132003B0008F01FFAF8BD05
:102208000022022308F018FA0C22A35E0E22A15E17
:10221800EDE7C046FFEFFFFF70B50C000E25495FE4
:1022280008F00AFA431C06D08023A2895B011343F5
:10223800A381606570BDA389014A1340A381F9E7B2
:10224800FFEFFFFF10B50E23C95E08F0F9F910BDC6
:102258000B1F1B68181F002B00DB70470B58C0189A
:10226800FBE7C04610B590248021E4052000012238
:10227800C90107F060FC802120000122090207F053
:102288005AFC01220821024807F055FC10BDC0463F
:102298000004004810B5041C00F0D7F900280FD03E
:1022A80090238022DB05D201E1070AD41A83084A69
:1022B800610708D41A830822064BA10705D41A839C
:1022C80010BD5A83F3E75A83F5E75A83F8E7C04607
:1022D8000080FFFF0004004801207047012070477C
:1022E80010B5FFF7FBFF10BD704710B5FFF7FCFFF7
:1022F80010BD000013B5104B00901B78002B16D1B1
:102308006B469B78002B0DD0002A0BD004F0B4FD4F
:1023180004000100009804F069FD2000009903F012
:10232800D2FA16BD009804F087FD0400F5E700987E
:1023380004F0A2FD0099F2E778100020030010B520
:102348000A0001884088000408439988FFF7D2FFF3
:1023580010BD10B504000021FFF7F0FF2100FFF7C2
:10236800C4FF10BD30B501240500200088400100DD
:102378002000904002009C4028002B000A43134094
:10238800A043934201D12000284330BD10B513006B
:102398000A00010003480068FFF7E4FF04F0CCFCE2
:1023A80010BDC046C810002010B500F037FB02F081
:1023B800B9FF00F054FB10BD10B500F055FB10BD7F
:1023C8007047000010B504F063F9FFF7F9FF034800
:1023D80006F0ABFC05F0E8F810BDC046C4090000E3
:1023E80070B501210500FFF7A9FF2900040003F0DB
:1023F8008DF8002801D1002070BD29002000FFF7CA
:102408006FFF0028F7D02900200002F0B9FE00284D
:10241800F1D02900200003F047FB0028EBD0290069
:10242800200003F0A3FB0028E5D02900200003F0DA
:1024380069FC0028DFD02900200002F06FFC00288A
:10244800D9D0AB78002B0CD01B4B9C422DD00CD88C
:102458001A4B9C4215D01A4B9C4223D0DE3B9C421F
:102468000CD02800FFF738FFC6E7164B9C421FD058
:10247800154B9C42F5D104F0A5FDF2E7FFF7A2FF4A
:10248800B9E7012111480278D307DB0F4B400B4015
:102498008A43134303700E480B4200D00D4805F0E1
:1024A800C1FBA8E704F01CFFA5E704F097FDD8E7F7
:1024B80004F099FDD5E7C0465A5D0000015C0000B4
:1024C800DE5C00005B5D00005C5D00003C110020EC
:1024D800D9AB0008C8AB0008F8B5184BC1081D5C9B
:1024E80007231840164B174C5A5C174F0241645C7F
:1024F8007F5C01231600044107411E401C401F4019
:102508001A4202D0E12003F09DFD002C02D0E62003
:1025180003F098FD280003F07EFE002C02D0E62090
:1025280003F010FE002E02D0E12003F00BFE002F76
:1025380002D02C2003F06FFEF8BDC0460BAC00089B
:102548008BAC0008EBAB0008FBAB0008F7B5040048
:1025580004270A260191207800283CD0012837D189
:102568006378012B0ED1A078A51C03F054FE2C0033
:10257800019D0134013DEDB2FF2DECD0300006F095
:10258800D4FBF7E7022B04D1A078A51C03F05AFD71
:10259800EDE7032B04D1A078A51C03F0D3FDE6E7F3
:1025A800042B01D00134E3E700250B49A37802345A
:1025B800CA5C601C3A4205D1013DD9D3300006F00F
:1025C800B4FBF9E77543303B5D1963780400EFE726
:1025D800FFF782FFCCE7F7BDA1A6000810B50021E0
:1025E800FFF7B4FF10BD030033221B090001184395
:1025F800C0B283008010104093430343DBB2223201
:1026080058005B10904313401843C0B2704770B530
:102618000500C0B2FFF7E7FF0400280AFFF7E3FF51
:102628002402204380B270BD70B5050080B2FFF768
:10263800EEFF0400280CFFF7EAFF2404204370BDD6
:10264800704710B5FFF7FCFF10BD0120704710B5AB
:102658000400FFF7F6FF201CFFF71CFE10BD00204A
:1026680070477047014B4000185A7047CAAC0008C1
:1026780037B501AB1980019903F025F900F0E6F8A8
:102688000400A020C001844239D28023DB019C428F
:1026980000D393E0E72C1AD8DF2C16D8A72C0AD839
:1026A800A42C00D974E0012C0FD0231F9BB2A02BBF
:1026B8000BD9002409E0BE2C00D86DE02000C038FA
:1026C80080B200241F2800D870E0201C3EBDC02323
:1026D8009B019C420ED280239B019C4264D2FF2C1A
:1026E80003D8EF2CE5D9044354E0200A80B2000255
:1026F800E4B2F8E7E3B222055CD4C0245BE0AA2385
:10270800DB019C421DD2A822E3B2D201944270D2CE
:10271800013AFF3A94420BD2013AFF3A944260D20E
:10272800013AFF3A94424ED33E481C020443CCE798
:10273800032498082340023C9C40400120433A4C23
:10274800D1E7B423DB019C420FD2013BFF3B9C4203
:102758005CD2AC23DB019C424ED3344BE3189BB2D2
:10276800FF2BA6D82002324CBDE78025314BAD01A6
:10277800E3189BB2AB429CD2E004C00E00F0E0F834
:10278800F82300025B011840E4B204432C439CE7A1
:10279800243C1C43A4B298E75834274BE4B26400A5
:1027A800E05A8824E401C1E72005000DFFF75AFF2D
:1027B80004008AE7C82424021C4386E71F482040F7
:1027C800A0242402B2E7200903249A0820402240CA
:1027D8001C400123A3400002520110431843184C27
:1027E80081E7032498082340023C9C404001204391
:1027F800F5E7144C1B02DFE7E0B200F0A1F8F8247B
:102808000002640120400134FF348FE70F252000C7
:10281800284000F095F824092C40240204430A4873
:1028280061E7C046F1A00000008AFFFF00A8FFFF93
:10283800F0A0FFFF00A0FFFF9CAC0008FF0F000006
:10284800008CFFFFF4A000000090FFFF030010B50C
:10285800E72808D8DF2808D831285CD00ED82928DE
:1028680053D02A285DD0180010BDE0380728FAD8C0
:10287800FDF700FD16F9232836F93D42392809D01D
:10288800822807D03528EED12C4A12789206EAD54C
:102898002923E8E7294A12789207E4D0E023E2E7FF
:1028A8000121264802780A4241D140780842DAD00C
:1028B800E323D206D7D50023D5E7204A127851075B
:1028C800F6D4D0E71D490A78500732D44978C907A9
:1028D800E4D410210A4051424A4152421340C2E70F
:1028E800164A51788907BED51278E723E1E7134ADB
:1028F80012781107F9D4B6E710490A7810071AD4E4
:1029080049788907E5D5E423ADE70C4A12789206A1
:10291800A9D53523A7E7094A12785206A3D52A2351
:10292800A1E7064A127852069DD531239BE7392341
:1029380099E7E22397E7E62395E7C04614140020B9
:1029480030B5042427490A78224205D018230340C9
:10295800082B27D198432043130708D518240500CE
:1029680014232540A54225D1A843C0B21843012409
:102978004978214206D018230340082B21D19843D7
:10298800C0B220438B0708D51821040011230C403E
:102998008C421FD1A043C0B21843D30601D5E72308
:1029A800184030BD14230340042BD5D19843043379
:1029B8001843D1E70340142BD9D19843C0B2204320
:1029C800D5E711230340012BDCD19843C0B207336C
:1029D8001843D7E70340112BDFD19843C0B208430F
:1029E800DBE7C0461414002010B502F06AFD10BDE4
:1029F80010B500F0CDF8642006F097F900F0C8F89B
:102A0800002000F035F8C30703D5FFF7EDFF04F009
:102A1800CBFD10BD10B5FFF7EBFF10BD10B504F0EE
:102A2800CFFB002801D104F05BFC04F0D5FB084B78
:102A3800187004F0DBFB074B1880FFF7EBFF04F07E
:102A4800D0FB04F050F9044B186804F070F910BD7D
:102A58003C11002014140020C8100020704710B545
:102A6800FFF7FCFF10BD704710B5FFF7FCFF10BD66
:102A7800014B8000C05870473014002010B50D4835
:102A880005F0D0F8002421000B4805F0CBF80B48DE
:102A980005F0C8F80A4AA300D058FFF7C5FD0100A1
:102AA800084805F0BFF80134074805F0BBF8062CC4
:102AB800E9D110BDCAAC0008F1AC0008B1B40008F7
:102AC80030140020F6AC00088EB7000810B50120BD
:102AD80006F02BF910BDC046C046C046C046C046E9
:102AE800C046C046C046C046C046C046C0467047FD
:102AF80010B5FFF7EBFF10BD10B572B60F2302003B
:102B080001211A4091409843202207F014F862B638
:102B180010BD000070B51548FFF7EEFF1448FFF729
:102B2800EBFF1448FFF7E8FF1348FFF7E5FF1348EA
:102B3800FFF7E2FF1248FFF7DFFF124C2500503580
:102B480001CCFFF7D9FFA542FAD100231A000E4C99
:102B58000E4819190A60191804330A60182BF8D19D
:102B6800062000F06BF8FFF71FFC70BD0900004855
:102B78000C0400480B0400480A04004802040048FA
:102B88000104004800AD000818140020301400208B
:102B9800F7B50027244C254D236872B60F2101266E
:102BA8001A000B409E408A4301923100012201988D
:102BB80006F0C1FF019BB6B25E8362B6FFF78BFFDA
:102BC80000231B4A1E00944661469A0052580F2162
:102BD8001000884300690A40D04002000E390020E6
:102BE8000A4201D10800984001330643142BEBD167
:102BF8002068FFF781FFFFF77BFF2A6800239642D2
:102C080001D02E6001331F430A4B043404359C4223
:102C1800C2D13B0006220849044800F011F8FFF72A
:102C2800CBFB3800FEBDC04650AD0008181400208C
:102C380000AD000868AD000830140020704700009F
:102C4800F8B506000F0014000E4D002B05D0012327
:102C58002B7004F09DFC0C4B18802B78002B0BD0AC
:102C6800094B188804F099FC052805D90023A4000D
:102C7800A34202D100232B70F8BDF258FA50043356
:102C8800F6E7C046AC0F0020AE0F002010B5044890
:102C980004F0C8FF01220521024804F0C3FF10BD5B
:102CA80068AD000863AE0008013810B505280FD8D4
:102CB800FDF7EAFA030F19232D371F4A13785B181B
:102CC800FF21FE2B00DCD9B21C48117004F0AAFFCA
:102CD80010BD1B4A13785B18FF21FE2B00DCD9B20C
:102CE80018481170F2E7184A13785B18FF21FE2B79
:102CF80000DCD9B215481170E8E7154A13785B185B
:102D0800FF21FE2B00DCD9B212481170DEE7124A0F
:102D180013785B18FF21FE2B00DCD9B20F48117025
:102D2800D4E70F4A13785B18FF21FE2B00DCD9B2D9
:102D38000C481170CAE7C046640C0020B1AE000808
:102D4800650C0020C0AE0008660C0020D2AE00085A
:102D5800670C0020E5AE00086A0C0020FAAE0008F7
:102D68006B0C002013AF000801380B0010B50528C4
:102D78000FD8FDF789FA030F19232D371E480021B4
:102D880002789A4201D9D31AD9B201701B4804F0CB
:102D980049FF10BD1A48002102789A4201D9D31A76
:102DA800D9B201701748F2E71748002102789A4211
:102DB80001D9D31AD9B201701448E8E714480021A0
:102DC80002789A4201D9D31AD9B201701148DEE7C4
:102DD8001148002102789A4201D9D31AD9B2017058
:102DE8000E48D4E70E48002102789A4201D9D31A36
:102DF800D9B201700B48CAE7640C0020B1AE0008D4
:102E0800650C0020C0AE0008660C0020D2AE000899
:102E1800670C0020E5AE00086A0C0020FAAE000836
:102E28006B0C002013AF000810B501000400054822
:102E380004F0F8FE0120A04003F055FF03F028FC41
:102E480010BDC0462EAF0008F8B5030005383E286F
:102E580000D9EFE1FDF722FA4C013D0152014B0088
:102E6800EE01EE013B01EE01EE017A01EE018B016C
:102E7800D201EE01EE01EE01EE01B201EE01EE012A
:102E8800A101EE016701EE013F00EC01EC01EC014C
:102E9800EC01EC01EC01EC01EC01EC01E501EE01C7
:102EA8004C013501EE01EE01EE01EE01EE01EE01FD
:102EB800EE01EE01EE01EE01E501EE01EE013B014E
:102EC800EE01E901E901E901E901E901E901E901A5
:102ED800E901E901E501DA4804F0A4FE04F0FEFE88
:102EE80002F040FFFFF7B3FB01242000F8BDD548EE
:102EF80004F098FED44804F095FE04F072F9D34D1E
:102F08000100280004F08EFED14C200004F08AFE57
:102F180004F062F90600CF4804F084FECE4F310079
:102F2800380004F07FFE200004F07CFECB4804F05B
:102F380079FEF107C90F280004F074FE200004F0A0
:102F480071FEC74804F06EFEB107C90F280004F0EF
:102F580069FE200004F066FEC24804F063FE7107B3
:102F6800C90F280004F05EFE200004F05BFEBE4896
:102F780004F058FE3107C90F280004F053FE200062
:102F880004F050FE04F032F90600B84804F04AFE96
:102F98003100380004F046FE200004F043FEB44837
:102FA80004F040FEF107C90F280004F03BFE2000A2
:102FB80004F038FEAF4804F035FEB107C90F280009
:102FC80004F030FE200004F02DFEAB4804F02AFE89
:102FD800F105C90F280004F025FE200004F022FEA8
:102FE800A64804F01FFEB105C90F280004F01AFE18
:102FF800200004F017FEA24804F014FE7107C90F60
:10300800280004F00FFE200004F00CFE9D4804F098
:1030180009FE3107C90F280004F004FE200004F05F
:1030280001FE994804F0FEFDF106C90F280004F0DE
:10303800F9FD200004F0F6FD944804F0F3FDB10614
:10304800C90F280004F0EEFD200004F0EBFD9048C5
:1030580004F0E8FD7106C90F280004F0E3FD200024
:1030680004F0E0FD8B4804F0DDFD3106C90F2800AF
:1030780004F0D8FD200004F0D5FD01F0D5FE0600CF
:10308800854804F0CFFD3100380004F0CBFD200066
:1030980004F0C8FD714804F0C5FDF107C90F280008
:1030A80004F0C0FD200004F0BDFD7C4804F0BAFD2A
:1030B80031062800C90E04F0B5FD200004F0B2FD69
:1030C80012E7774804F0AEFD04F00AF90CE77548FA
:1030D800F4E70F210124744A744813788B43137062
:1030E80004F0A0FD724804F09DFD724B1C70FCE6D4
:1030F800714804F097FDFFF765F9F5E601246A4D7C
:103108006E482A78D307DB0F63402340A24313435A
:103118002B70234217D16A4804F084FD0E222B78C5
:1031280093432B70E1E601245F4D02212A7865481C
:103138009307DB0F63402340A3408A4313432B705C
:103148000B4223D1604804F06DFDCEE60124042132
:10315800554D5E482A785307DB0F634023409B0098
:103168008A4313432B700B4210D15948EBE70124D3
:1031780008214D4D2A781307DB0F63402340DB00FD
:103188008A4313432B700B4205D0524804F04AFD82
:103198002B782343C5E75048D5E7504804F042FD53
:1031A8004F4804F03FFD4F4804F03CFD4E4804F002
:1031B80039FD4E4804F036FD4D487FE74D4804F090
:1031C80031FD02F0CFFD01004B4804F02BFD4B4BC5
:1031D8004B48197804F026FD4A4B4B48197804F0FF
:1031E80021FD4A4B4A481978C90904F01BFD04F02F
:1031F800B1F90100474804F015FD75E6012403F014
:1032080047FA7F2041490A78D3096340DB0102402D
:1032180013430B70DBB2834201D93F4893E73F4821
:1032280091E70020FFF700FE5EE6393BD8B2F9E7E8
:103238001D3BFBE73A4804F0F5FC002455E6C04680
:103248003EB2000833AF00083EAF00084EAF00089A
:103258008EB7000851AF0008F1AC000864AF000851
:103268006EAF000878AF000884AF00088DAF000883
:10327800A1AF0008BAAF0008D1AF0008E3AF00085B
:10328800F5AF000807B0000819B0000823B000081F
:1032980035B0000851B0000859B0000870B00008F7
:1032A80079B000088AB000083C1100204EB200082E
:1032B80075B20008B00F002079B2000895B2000876
:1032C800A1B20008AEB20008BBB20008C9B200083B
:1032D800D8B20008E8B20008F4B2000801B3000848
:1032E80010B3000848B300085FB3000899B300089A
:1032F800DAB30008E6B30008F4B30008640F00204E
:103308000EB40008A413002025B4000814140020EB
:1033180038B4000850B4000867B4000871B4000855
:103328007CB4000800207047002070471E38C3B2E4
:103338000020092B01D8014AD05C704716B5000857
:1033480070B57F4E05003478012C18D0022C43D07C
:103358000023002C00D07EE003F04AFE2300222840
:103368000BD12800FFF7DEFF0123002803D1280036
:10337800FFF76AFD030001200340180070BD03F049
:1033880037FE2228EDD02800FFF7CEFF002816D1FF
:10339800142D16D008D80B2D0AD0102D14D069483A
:1033A80004F040FC00240AE0292D0AD0382DF6D17B
:1033B800654804F037FC654804F034FC0124230018
:1033C800DBE700243470FAE7FFF760FC604804F09C
:1033D80029FC02233370F2E7292831D01FD813289B
:1033E8003BD008D8072800D193E00B2825D05548B2
:1033F80004F018FC11E0142822D003001E3B052B12
:10340800F5D8FFF793FF534B1870524B19780029E2
:1034180000D192E0504804F005FC0123ADE73828BC
:103428000BD04B38C3B2072BE1D80728DFD8FCF7FD
:1034380021FF68DEDE6CDEDE625CFFF727FCE4E776
:10344800444B1A78002A02D000221A70DDE73F4860
:1034580004F0E8FB012333708FE7404804F0E2FBF7
:103468003F4804F0DFFB3F4D3F4B2800197804F03C
:10347800D9FB3E4C200004F0D5FB3D4804F0D2FBBC
:103488003C4B2800197804F0CDFB200004F0CAFB5F
:10349800394804F0C7FB394B2800197804F0C2FBFF
:1034A800200004F0BFFB364804F0BCFB354B280075
:1034B800197804F0B7FB200004F0B4FB324804F09C
:1034C800B1FB324B2800197804F0ACFB200004F063
:1034D800A9FB2F4804F0A6FB2E4B2800197804F00E
:1034E800A1FB200004F09EFB8FE70121194B1878FF
:1034F800FFF7DAFB89E70121164B1878FFF734FC50
:1035080083E7144B0A211878F2E7124B0A2118783E
:10351800F4E71E22144B20481A70164B14321A7006
:10352800164B283A1A70174B0A321A70174B0C3A76
:103538001A70184B20321A70D4E7184858E7C0465A
:10354800B00F00207CB400084EB2000875B2000825
:103558007EB40008B10F00200DB5000882B4000841
:1035680090B400084EAF0008640C00208EB7000825
:10357800A2B40008650C0020B4B40008660C002052
:10358800C3B40008670C0020D4B400086A0C0020FB
:10359800E9B400086B0C002000B5000813B500085A
:1035A80010B5184B1A78D3070CD5174B1878052384
:1035B80043439B087F20834203D87E38002B00D0EA
:1035C800D8B210BD930705D50F4B18780523434390
:1035D8005B08EFE70523520703D50B4A10784343EE
:1035E800E8E70A4A1278002AEAD009490648097821
:1035F80000788A42F3D250435843FCF7E3FE83B283
:10360800D8E7C046BC0F0020660C0020BD0F002084
:10361800670C002010B5154B1A7801231A4207D001
:10362800134B1B789B080120002B0ED0D8B20CE05E
:10363800910703D50E4B1B785B08F4E7520705D5B5
:103648000B4B1B787F208342EDD910BD094A1278B5
:10365800002AEBD0084B1978054B18788A4201D319
:1036680083B2EFE75043FCF7ADFEF9E7BC0F00204B
:103678006A0C0020BE0F00206B0C002010B5F0284B
:1036880005D1FFF78DFF4042274BD87010BDF128B8
:1036980002D1FFF785FFF7E7F22805D1FFF780FF92
:1036A8004042214B9870F1E7F32802D1FFF778FFE9
:1036B800F7E7F92804D1FFF7ADFF1B4B1871E5E7D1
:1036C800FA2803D1FFF7A6FF4042F6E7FB2805D109
:1036D800FFF7A0FF4042144B5871D7E7FC2802D1EE
:1036E800FFF798FFF7E703000C33DBB2042B07D88A
:1036F8000123F43883400C4A51780B435370C5E7D3
:10370800FD2805D10123094A11780B431370BDE741
:10371800FE2803D1054A02231178F6E7FF28B5D120
:10372800024A04231178F0E7B60F0020BC0F0020EE
:10373800022210B5364B9A56F0280AD1D9787F293B
:103748000DD90021D9708A420BD10021314A11705C
:1037580007E0F1280ED1032159560029F1DC002A8F
:103768000ED01A795B7913435AB2002B01D12A4B38
:103778001A7010BDF22808D1002AF0DA00229A70D7
:1037880003229A56002AECD1DFE7F32802D1002A57
:10379800F4DCE4E704215956F92804D10029DEDDD8
:1037A80000211971DBE7FA2802D10029D7DAF7E7F7
:1037B80005215956FB2804D10029D0DA0021597176
:1037C800CDE7FC2802D10029F8DCC8E701000C315C
:1037D800C9B2042907D80121F43881400800597872
:1037E80081435970BBE7FD2805D101240B480178B6
:1037F800A1430170B3E7FE2803D1084802240178E9
:10380800F6E7FF28ABD1054804240178F0E7C04665
:10381800B60F0020BD0F0020BE0F0020BC0F0020F7
:103828002A4B70B51B782A4C1B073CD5294804F055
:10383800F9F96178284804F0F5F9284804F0F2F914
:103848000221274D6156280004F0ECF9254E30007E
:1038580004F0E8F903212800615604F0E3F9300088
:1038680004F0E0F904212800615604F0DBF9300087
:1038780004F0D8F905212800615604F0D3F91A4854
:1038880004F0D0F9194B1A4D1978280004F0CAF938
:10389800184804F0C7F9184B2800197804F0C2F941
:1038A800164804F0BFF903F073FEA378E2781343D7
:1038B80001D0134B188023796279134301D0114B3F
:1038C8001880200002F098FA70BDC0463C11002014
:1038D800B60F002020B50008F1AC000843B5000879
:1038E80045B5000893B2000848B50008BD0F002090
:1038F8004EAF00084BB50008BC0F00205CB30008B1
:10390800B20F0020B40F0020F0B55E4B85B01A78D6
:10391800022702925A7803260392052204259A5612
:103928009E57DF575D57019200229A70DA701A711C
:103938005A713B00334393420BD0534B188803F022
:103948002CFE52490B78002B28D0514A127890420D
:103958002DDC019B2B430BD04E4B188803F01DFE2A
:103968004D490B78002B51D04C4A1278904256DCC6
:10397800444CE278A37813432279134362791343C2
:1039880001D0FFF74DFF029BA7702370039BE670E1
:103998006370019B2571637105B0F0BD404A1478CE
:1039A8000A2262439042D4DD01330B7001E0FF2B01
:1039B800FAD1344C002F07D0FFF7F2FD0123002F76
:1039C80000DCFE334343A370002E07D0FFF7E8FD69
:1039D8000123002E00DCFE334343E37002216156CD
:1039E8000029B6D0032020560028B2D0B523594369
:1039F800091206D0A1704343224A1B1204D0D37087
:103A0800A7E70122A270F6E70123F8E7254A147810
:103A18000A2262439042ABDD01330B7001E0FF2BB9
:103A2800FAD1184C002D07D0FFF7F4FD0123002D23
:103A380000DCFE3343432371019B002B08D0FFF7C2
:103A4800E9FD019A0123002A00DCFE334343637138
:103A580004216156002900D18AE705202056002854
:103A680000D185E7B5235943091206D02171434394
:103A7800044A1B1204D053717AE701222271F6E737
:103A88000123F8E7B60F0020B20F0020BD0F002079
:103A9800650C0020B40F0020BE0F0020690C002028
:103AA800640C0020680C0020062210B5002105488F
:103AB800FCF74CFF0023044A1370044A1370044AAD
:103AC800137010BDB60F0020BD0F0020BE0F0020E0
:103AD800BC0F002010B500F061F9014810BDC046C8
:103AE800FF0F000010B5064800F014F9054800F073
:103AF80011F9054800F00EF9044800F00BF910BD63
:103B080000E0010800E8010800F0010800F80108D9
:103B18008023F7B55B010D00984201D30020FEBD5C
:103B2800194A43009F1801933A88184B84129A4205
:103B380005D1380089B200F00DF980B2EFE7802294
:103B4800114B134EE402E418210030001201FCF777
:103B5800A9FE3B789D42E1D00E48019B8027034097
:103B68002000F55400F0D6F800253F01735D0A499E
:103B780019434B1C03D089B2601900F0EBF80235E9
:103B8800BD42F3D1D9E7C04600E00108FFFF0000BD
:103B980048140020FE07000000FFFFFF034B80B21F
:103BA8004000C0180078C0B27047C04600E0010865
:103BB80010B580B2FFF7ACFF10BD0000064983B214
:103BC8005B005B1801301A7883B25B005B181878C9
:103BD800000210437047C04600E0010870B50D00B0
:103BE80084B22000C9B20134FFF792FF290AA0B2BB
:103BF800FFF78EFF70BD10B5FFF7F0FF10BD000096
:103C080010B583B2591C0C4C89B2580049000019F0
:103C1800091902780878991C89B2490003330919EF
:103C28009BB209785B001B191B7809040002084342
:103C380010431B06184310BD00E00108F7B51A4DE4
:103C480080B243005B191B78471C861CBFB2B6B212
:103C5800019372007B005B1952191B7812780C00D3
:103C680094462900C51CADB26A00521861461B0271
:103C780009040B431278019912060B431343A3421C
:103C880010D0E1B2FFF744FF210AC9B23800FFF7AC
:103C98003FFF210CC9B23000FFF73AFF2800210E80
:103CA800FFF736FFF7BDC04600E001080122094BC7
:103CB8001000D96811420CD1D9689018490708D466
:103CC800D9688018C90604D4D86802400520801A2B
:103CD800C0B270470020024037B50400FF25FFF747
:103CE800E5FF012811D1002C01D105303EBD00238C
:103CF80001930195019B002B03D1FFF7D7FF013CEE
:103D0800EFE7019B013B0193F4E7002CEED106207D
:103D1800ECE7000070B506000C48FFF7DDFF05284A
:103D280013D102250A4C094823692B4323614023F8
:103D38006661226913432361FFF7CEFF062802D08C
:103D48002369AB4323613423E36070BDFF0F000098
:103D580000200240F8B5F8231B06C2180D4B0500D9
:103D68000E0007209A4214D81830FFF7B5FF05282F
:103D78000FD10127084C1A3023693B4323612E8059
:103D8800FFF7AAFF062802D02369BB432361342327
:103D9800E360F8BDFEFF070000200240024B034A23
:103DA8005A60034A5A607047002002402301674561
:103DB800AB89EFCDF0B5050A85B0030CEDB20190E3
:103DC80003AED8B2002D0FD1002901D0284B185CC2
:103DD80030707070B07072783078B37812021B044B
:103DE8001043184305B0F0BD01AB1F7884B2002919
:103DF80001D01F4B1C5C0620FF217843FCF7E2FA38
:103E080055235B4243437F00FF1803235F43FF2191
:103E1800FFB23B00CF1B4A1B6B437D431B122D1285
:103E2800CB1A491B62436343614312121B120912E6
:103E3800D2B2DBB2C9B2E4B2062814D8FCF724FA2D
:103E480004060C0A0F13040023000C00347073706E
:103E5800B270C0E721001C0013000A00F6E70B004F
:103E680021001400F9E7210014001A000B00EDE707
:103E780081BB00081FB50121FFF79CFFFF2103004C
:103E8800020A0A400B4012021343000C034A08407E
:103E980013400004184305B000BDC046FFFF00FFF3
:103EA800704700001FB5FFF7E5FFFF210300020A76
:103EB8000A400B4012021343000C034A0840134007
:103EC8000004184305B000BDFFFF00FF13B51C0038
:103ED8006B4659709A7018700098FFF7E3FF020458
:103EE80003021B0E120E62702070A37013BD000037
:103EF800074A012113781800884304D10B40491858
:103F08000B4313707047552BFCD90B405421F7E72E
:103F1800481C002010B50820FFF772FE10BD10B530
:103F28000400FFF7E5FF21000820FFF787FE10BD1A
:103F380010B5024B1868FFF7F2FF10BD481C0020AF
:103F4800002210B5034B04481A711860FFF7E7FF09
:103F580010BDC046481C00200300FFFF70B50124B7
:103F68001A4D2B78234230D0194803F05BFE2B788A
:103F780023422AD0174E18483178C907C90F03F0D1
:103F880051FE2B78234220D031781448E14003F0C9
:103F980049FE2B78234218D07178114803F042FE6D
:103FA8002B78234211D0B1780E4803F03BFE2B78D2
:103FB80023420AD0F1780C4803F034FE2B782342D0
:103FC80003D03179094803F02DFE70BD3C11002063
:103FD8004DB50008481C002066B5000883B50008E8
:103FE8009EB50008B8B50008D2B50008ECB50008C1
:103FF800034B1B78DA07D00F002A00D05808704707
:10400800481C002010B5064A1379022B01D8013349
:104018001371002802D01068FFF781FF10BDC04659
:10402800481C002010B50120FFF7ECFF10BD000070
:1040380010B5064A1379002B01D0013B13710028F3
:1040480002D01068FFF76BFF10BDC046481C002067
:1040580010B50120FFF7ECFF10BD0000014B1879E7
:104068007047C046481C002070B50B4C0B4D2071A2
:1040780000290AD02068FFF752FF2B78DB0703D509
:104088002179074803F0CEFD70BD2B78DB07FBD5FF
:1040980001000448F6E7C046481C00203C110020F7
:1040A80008B6000829B6000810B50021FFF7DCFFA4
:1040B80010BD0000014B58787047C046481C0020CE
:1040C800014B98787047C046481C0020014BD878AF
:1040D8007047C046481C002010B501F097F910BD84
:1040E80070B50F4B0F4D1B786978DB070E48DC0F56
:1040F800002B06D003232A785343C018FFF7ECFFA0
:1041080070BD0323AA78EE785343C3189642F1D9B9
:1041180001325C701C709C70D2B20333F6E7C04663
:10412800481C00206F0C0020501C00200B4B70B561
:104138001B78DB070AD50A4B0A4E9C78DD780323E7
:1041480063439B19AC4202D3FFF7CAFF70BD013429
:10415800587019709A70E4B20333F3E7481C0020D2
:104168006F0C0020501C0020074B13B51B78DB0791
:1041780008D501AC2300FFF7A9FEA2782178607862
:10418800FFF7D4FF13BDC046481C002010B504003B
:104198000379054AD25C054B99785878FFF7E4FF14
:1041A80023790133237110BD29B90008481C002068
:1041B80010B50400044B0079DA789978FFF7D4FF3A
:1041C80023790133237110BD481C002073B5154DA8
:1041D80004002878002807D1FF2201AE330011001F
:1041E800FFF774FE73782B70217901290ED002290C
:1041F80010D0002912D10A002878FFF797FF2079FC
:1042080003210130FCF7C4F9217173BD002229781C
:104218001000F2E700202A780100EEE700221000E3
:104228001100EAE740100020F0B515000122424EC7
:10423800040030788BB002910693104228D03F4991
:104248004308C95C3E4F90433970022822D109AE19
:104258002A00200002993300FFF738FEB27831783F
:104268007078FFF763FF344E029B364FB370069B9E
:104278007470F570002B57D03068FFF750FE3B780C
:10428800DB0705D5F378B27871782F4803F0CAFCBC
:104298000BB0F0BD022901D1F578E4E7062902D177
:1042A800254B5C78DFE70929FAD01929DBD1193BBE
:1042B80018001040059010000027D9B298434B0809
:1042C80022490490CB5C07920393214B1979B94298
:1042D80002D8FFF705FFC6E703987843FCF772F8A2
:1042E800059BC0B2261AF6B2002B01D12018C6B21F
:1042F800144B079A1B78134207D0039B3200009394
:104308003900049B134803F08DFC0322104B300046
:104318009B780299DB1953430F4A01379B182A00EF
:10432800FFF7D4FDFFB2D0E73B78DB07B0D52B0011
:104338002100029A0948A9E7481C0020FEB8000895
:10434800421000203C11002073B60008E7B80008AE
:104358006F0C00204CB60008501C002098B60008CE
:1043680010B5030004484478C27808348178E0B274
:10437800FFF75AFF10BDC046481C002010B50120A9
:10438800FFF7EEFF10BD000010B5030004484478A5
:10439800C278083C8178E0B2FFF746FF10BDC046FE
:1043A800481C002010B50120FFF7EEFF10BD0000EB
:1043B80010B5030006488478C2781134211CFF2CFC
:1043C80000D9FF214078C9B2FFF72EFF10BDC046C3
:1043D800481C002010B50120FFF7EAFF10BD0000BF
:1043E80010B5030006488478C278113C24B2211C19
:1043F800002C00DA00214078C9B2FFF715FF10BD84
:10440800481C002010B50120FFF7EAFF10BD00008E
:1044180010B503000648C17811310A1CFF2900D9DC
:10442800FF228178D2B24078FFF7FEFE10BDC04669
:10443800481C002010B50120FFF7EAFF10BD00005E
:1044480010B503000648C178113909B20A1C0029C1
:1044580000DA00228178D2B24078FFF7E5FE10BD7D
:10446800481C002010B50120FFF7EAFF10BD10B569
:104478000023FFF7D9FE10BDF7B506000024144B42
:104488001979A14209D8FFF72BFEB2783379D20700
:104498001CD501335BB23371F7BD9D7803232D1909
:1044A8005D430C4BFF20ED180B4BDA7801929F7897
:1044B800FBF788FF604333793900C018019A2B0055
:1044C800C0B20134FFF702FDE4B2D8E7013BE1E7EF
:1044D8006F0C0020501C0020481C0020F7B501225A
:1044E80083780092134202D001235B420093002696
:1044F800274C2379B3420CD8FFF7F2FD009B254DDA
:10450800012B3DD12B78002B00D12379013B2B7057
:10451800F7BD0323A5780024AD195D431E4B270082
:10452800ED186B461B786C702C70AC700193194BAE
:1045380018782018C1B240B218281ADD1821FCF7E3
:1045480027F848B286420BD10422144BD21BD978E3
:1045580058784A4392109978D2B22B00FFF7B6FCEC
:10456800019B0137E418E4B2042FE0D10136F6B21A
:10457800BEE70028E6DA064B1879081840B2E1E7EA
:10458800287821790130FCF703F82970C0E7C04684
:104598006F0C002041100020501C0020481C0020F7
:1045A800F8B503230021264D264EAA78E878534310
:1045B8009B1990421AD800242979234FA1421CD86C
:1045C800FFF78EFD214C22483B7801782278CB18E2
:1045D8008A185BB252B23B702270002A03DD2A7936
:1045E800013A934201DB49420170F8BD013259702A
:1045F80019709970D2B20333DBE72000FBF7C8FFCC
:104608000022AB78BA56CB18DBB2944210DB0F4AC3
:10461800127852B294420BDC032253430D48F3182C
:10462800C27881784078FFF751FC0134E4B2C3E7DF
:10463800032253430022F1184A70F2548A70F4E7B7
:104648006F0C0020501C00203F1000206C0C002034
:104658006D0C0020481C0020F8B5027920231100B9
:10466800552551439B1A51431A00060028005A4306
:10467800534348435918FBF71BFEC7B20324C0B283
:10468800292F17D844436410E4430025E4B2164B9D
:104698001A79AA4213D8FFF723FD33790121134A67
:1046A800002B02D0202B01D1FF21117012789B180A
:1046B8003371F8BD2D1A6C43E00F0419E3E70222A9
:1046C8003800154202D15332D01BC0B29A78032366
:1046D80052195343064A01359B18064AEDB29178A0
:1046E8002200FFF7F3FBD2E76F0C00206E0C0020CE
:1046F800501C0020481C0020F8B5040000250326A3
:10470800124B1A79AA4207DCFFF7EAFC0122237947
:10471800013313402371F8BD9B780D495B1973432E
:104728000C4F5B18217978788C465208B978AA42E0
:1047380007DD6246002A07D0FA78FFF7C7FB013584
:10474800DEE76246002AF7D00022F6E76F0C002069
:10475800501C0020481C0020F0B5837885B00293D7
:10476800037900240193012305250371444B1B7928
:10477800A34203D8FFF7B4FC05B0F0BD029B414E3D
:10478800022B07D82B00404A63435178F1549278A2
:10479800F3185A70019B002B18D12B006343F618AD
:1047A800019BF370B370364B2E009A78032366434F
:1047B800121953433348354A81199B18305C8A785B
:1047C80001344978FFF782FBE4B2CFE72B0063435B
:1047D800F718F8780393002817D0FF260138C0B2DD
:1047E8003979F8707043FBF7EDFD294B3040185CC0
:1047F800BB212238C0B27043FBF7E4FD224B3040A6
:10480800DE7846433612BE70CDE7FCF723F98122E5
:104818001D4B9200DB785B087F335343063A1B122B
:10482800FF3A13409842BEDA029B022B10D9FCF7DC
:1048380011F9FF21FBF7ACFE039BF154FCF70AF9D1
:10484800114B9E7876083100FBF7A2FE76187E7031
:104858002A00002162430B4B9A1891700A4AD178BA
:104868000A1CC82907D90B4A1278290061435B182A
:104878001A71DA7097E7C9B21429F6D21422F4E74C
:104888006F0C0020C70F0020481C0020501C00207F
:1048980029B90008BFB600080C4B10B519780B22CF
:1048A8000B484908FBF7BEFF002802D10122094B3B
:1048B8005A7002F06DFE084B1880084B1B78DB0716
:1048C80002D5074803F0AEF910BDC046481C0020C9
:1048D800740C002042100020C00F00203C11002062
:1048E800C0B600080022054B10B55A70044B1B785F
:1048F800DB0702D5034803F095F910BD42100020EC
:104908003C110020D9B6000870B51F4C2378DA078F
:1049180026D50122002824D11340921813431B4D99
:104928002370002926D02068FFF7F9FA2B78DB07D7
:1049380004D521781648490803F074F921780B2228
:1049480014484908FBF76EFF00281AD0FFF7CAFF82
:104958000122114BDA70E278A1786078FFF787FDC1
:1049680070BD2A2802D913405422D7E740001340CB
:104978000343D4E72B78DB07E0D5217807484908BB
:10498800DAE7FFF789FFE3E7481C00203C11002025
:10499800F2B60008740C0020C00F00200EB7000803
:1049A800054B0100187810B5400801302A2800D9B5
:1049B8000120FFF7A9FF10BD481C002010B50120F9
:1049C800FFF7EEFF10BD0000064B0100187810B588
:1049D80040080138C0B2002800D12A30FFF794FF00
:1049E80010BDC046481C002010B50120FFF7ECFFA1
:1049F80010BD10B50121FFF787FF10BD012110B5CB
:104A0800074C23780B432370064B1B780B4202D0CC
:104A1800054803F007F920784008FFF7EAFF10BDC2
:104A2800481C00203C1100202CB7000810B50021BC
:104A3800FFF76AFF10BD000070B5224E3378002BD7
:104A48003ED10125204C23782B4208D01F4803F083
:104A5800E9F823782B4202D01D4803F0E3F802F06E
:104A6800AFFB002809D12378DB0702D5194803F0EA
:104A7800D9F802F035FCFFF763FAFFF74BFA012388
:104A8800154D28609843C0B200280AD122781A42EE
:104A980002D0124803F0C6F8FFF752FAFFF73AFAC5
:104AA8002860FFF725FAFFF759FA00220C4B2878FF
:104AB8005A70C30702D54008FFF7B8FF01233370C7
:104AC80070BDC046C60F00203C11002063B7000827
:104AD8007AB7000890B70008481C0020B8B700084B
:104AE80042100020012110B5074C23780B43237096
:104AF800064B1B780B4202D0054803F093F8207848
:104B08004008FFF793FF10BD481C00203C1100200F
:104B180001B8000870B501250C4C2378AB4323700D
:104B28002068FFF7FCF90A4B1B782B4205D0217847
:104B38000848C907C90F03F075F8FFF7D3FEFA2034
:104B4800400004F0F2F8FFF7CBFA70BD481C0020D3
:104B58003C1100203AB800080B4B10B51A78012315
:104B68000A4C1A4206D021780948C907C90F59408A
:104B780003F058F82378DB0702D5FFF7CBFF10BD09
:104B8800FFF73CFFFBE7C0463C110020481C002013
:104B980072B8000801220B4910B50B7893430B70CB
:104BA800094B1B78134203D00021084803F03AF858
:104BB800FFF798FEFA20400004F0B7F8FFF790FAE4
:104BC80010BDC046481C00203C110020A9B80008B0
:104BD800F8B5304B5A78002A21D02F4A1B78107824
:104BE8002E4C4008C01AC0B2A070022B18D12C4B12
:104BF8002C4D1E5CE378002B05D00027E77002F0EF
:104C0800C7FCA780208002F0C3FC2388264AC01A6C
:104C180080B2904203D89E1920002680A847F8BD8C
:104C2800062B03D1214B224D1E5CE3E7092B04D14F
:104C3800204B40081E5C204DDCE70F2B04D11F4B96
:104C480040081E5C1E4DD5E7152B03D11D4B1E4D8C
:104C58001E5CCFE7182B11D0232B03D11B4B1C4D07
:104C68001E88C7E7242B0CD0252B0ED10321FBF778
:104C7800A5FB184BC9B25E5C174DBBE72826174D3C
:104C8800B8E7FA26164D7600B4E7FA26154DF60071
:104C9800B0E7C04642100020481C0020C00F00208A
:104CA800E3B8000895410008FE7F0000EFB800084F
:104CB800B9410008F2B8000881440008F8B80008B3
:104CC800E5440008ECB80008A9450008F6B8000853
:104CD800D5410008FBB80008614700086146000894
:104CE80001470008A93E000810B5002801D09047E8
:104CF80010BD8847FCE770B504000D00FFF778F990
:104D0800A04206D3FFF774F9A84202D2FFF756FE75
:104D180070BD2000FFF76DFEFAE7000070B58C78D3
:104D28000500002C62D002F063F92223304A0340C8
:104D3800954212D82F4A954212D92F4AA8181228FC
:104D480010D8FBF7A1FA13191C1F2225282B2E3186
:104D580034383D404346494B4E00284B9D4242D093
:104D6800200070BDFFF7F8FE0024F9E7244A254922
:104D78001800FFF7B9FFF7E7224A2149F8E7224A66
:104D88002249F5E7214A2049F2E7214A2149EFE77C
:104D9800204A1F49ECE7204A2049E9E71F4A1E49F3
:104DA800E6E71F4A1F49E3E71E4A1D49E0E70120DD
:104DB800FFF71FFED8E705210220FFF79CFFD3E786
:104DC80008210620F9E70E210920F6E714210F2013
:104DD800F3E717211520F0E71820E9E72221192029
:104DE800EBE72320E4E72A212520E6E70124B7E7BB
:104DF800D55C0000C15C00003DA3FFFF5D5D0000C5
:104E0800F1490008C5490008AD430008854300087A
:104E18000D440008DD4300086D4400083D440008C7
:104E2800594000082D40000810B50620FEF7B6FED0
:104E380010BD10B501000620FEF7BAFE10BD000037
:104E480010B5024B1878FFF7F4FF10BD981C00202E
:104E58000422064910B50B781A403F235B421343DE
:104E68000B70D8B2FFF7E5FF10BDC046981C0020B4
:104E7800014B1878C0087047981C00200220094B85
:104E880010B51A7802420CD110431870FFF7D1FF01
:104E9800054B1B78DB0702D5044802F0C3FE00F07F
:104EA80033FA10BD981C00203C11002029BA0008D4
:104EB800094B10B5187882070DD502229043187057
:104EC800FFF7B7FF054B1B78DB0702D5044802F054
:104ED800A9FE00F043FA10BD981C00203C110020E8
:104EE80045BA00080A4B10B51C780A4BA4071B7872
:104EF800E40FDB0703D52100074802F093FE002CDE
:104F080002D0FFF7D5FF10BDFFF7B8FFFBE7C0469B
:104F1800981C00203C11002062BA0008024B187847
:104F28008007C00F7047C046981C0020014B1878B6
:104F38007047C0467F0C002010B502F041F90028E8
:104F480003D102F0CDF9FFF783FFFFF76DFF094B9F
:104F58001870C72804D907221040473A1043187020
:104F68001B78012218001040134200D0D80800F026
:104F780089F910BD981C002070B5104C2378DA0808
:104F8800BF2B07D81F2101320A401839D2000B4025
:104F9800134323700125207828432070FFF749FF29
:104FA800074B1B782B4204D021780648C90802F029
:104FB80039FE2078C00800F065F970BD981C002003
:104FC8003C11002082BA000810B5114C0722237842
:104FD800190091430DD0083BDBB2190091430A0038
:104FE80001218B43501E8241180010432070FFF7A7
:104FF80020FF084B1B78DB0704D521780648C90831
:1050080002F010FE2078C00800F03CF910BDC04640
:10501800981C00203C1100209ABA0008012310B502
:105028000C4C22781A4213D113432370012B01D15F
:10503800083323702078FFF7FCFE074B1B78DB074B
:1050480002D5064802F0EEFD2078C00800F01AF9F3
:1050580010BDC046981C00203C110020B2BA0008C0
:105068000A4B10B51878C2070ED50124A043187052
:10507800FFF7DFFE064B1B78234202D0054802F0FB
:10508800D1FD002000F0FEF810BDC046981C00209D
:105098003C110020C4BA00080A4B10B51C780A4B12
:1050A800E4071B78E40FDB0703D52100074802F06B
:1050B800B9FD002C02D0FFF7D3FF10BDFFF7AEFFFC
:1050C800FBE7C046981C00203C110020D7BA000816
:1050D8001F2170B5144C2378DA0801320A401839B8
:1050E800182A1FD8D2000B401343237023780722B5
:1050F8001900012591430A00AB43501E8241180054
:1051080010432070FFF795FE084B1B782B4204D004
:1051180021780748C90802F085FD2078C00800F00A
:10512800B1F870BD0B40E0E7981C00203C1100204E
:10513800EDBA000810B5031C182800D91823072257
:105148000949D8B20B78C40013402343DBB21C00D2
:1051580094432200541EA2410124A34313430B701D
:1051680000F090F810BDC046981C002010B5FFF75D
:10517800E1FF024B1878FFF75CFE10BD981C002079
:1051880010B58B78002B20D0114A8018062809D832
:10519800FBF77AF8040A0C0F121518001820FFF70D
:1051A800E5FF0023180010BD0020F8E7FFF70CFF0B
:1051B800F7E7FFF7E1FEF4E7FFF76EFFF1E7FFF728
:1051C80087FFEEE7FFF78EFEEBE70123EAE7C0462D
:1051D80045A3FFFF70B50400FFF7A8FE0500224EA7
:1051E800290230886D000130FBF7D2F988B230808F
:1051F800A9B2FBF75DF87F2318401C4B1821185CF7
:105208000002FBF755F885B2FFF732FE6843184BEA
:1052180080B2984215D80921FBF74AF883B272B6D2
:105228000122E1680A43E260124A13499068584330
:10523800FBF73EF800210200200004F035FE62B6BC
:1052480070BD0E4B0E49C0180002FBF731F8030081
:1052580080224343434352021B0A934201D09BB22C
:10526800DDE7054BDBE7C0464410002001BB000822
:105278007B140000CC1D0020FFFF0000F628000072
:10528800F528010070B50100194C182805D8002828
:1052980004D1200004F01CF870BD18210D046D1A0B
:1052A80028001821FBF704F8124B9D420FD809215A
:1052B80080B2FAF7FDFF80B2A3680F495843FAF7A6
:1052C800F7FF00210200200003F0F7FFE4E70B4B93
:1052D8000B49C0180002FAF7EBFF03004343584399
:1052E8008023000A5B029842E5D10348E4E7C04600
:1052F800CC1D00209FEB0100FFFF0000F6280000F6
:10530800F52801007047000010B5034B034A044814
:105318009A6003F0E8FF10BD800C0020DD51000802
:10532800CC1D0020902010B582224021C00504F039
:1053380002FC012307490848CB6003F0B0FFFFF7E0
:1053480097FDFFF79FFFFFF7E9FD002801D0FFF762
:10535800DBFF10BD800C0020CC1D0020002210B502
:10536800044B05489A6003F0C4FFFFF781FDFFF77F
:1053780089FF10BD800C0020CC1D002030B507230C
:10538800012510211B4A2C009C401183204219D072
:105398000324C046C046C046C046C046C046013C7D
:1053A800002CF6D15183C046C046C046C046C04610
:1053B800C046C046C046C046C046C046C046013B7F
:1053C800E1D230BDC046C046C046C046C046C04611
:1053D800C046C046C046C046C046C04603245183A6
:1053E800C046C046C046C046C046C046013C002C28
:1053F800F6D1E4E70004004810B501221021024864
:1054080004F099FB10BDC04600040048F7B5164CDF
:10541800050023780191002B03D1FFF7EDFF01234D
:10542800237072B600240327019B9C420CD3E0230F
:105438009B00C046C046C046C046C046C046013B69
:10544800002BF6D162B6F7BD3B006343EE18E85C6B
:10545800FFF794FF7078FFF791FF0134B078FFF7FA
:105468008DFFE4B2E0E7C0464610002010B52320C7
:10547800FEF794FB212801D0002010BD2420FEF760
:105488008DFB0728F8D11E30FEF788FB13384342FE
:105498005841F2E710B52121041E00D1DE31232046
:1054A800FEF786FB0721002C00D1F8312420FEF7F7
:1054B8007FFB1321002C00D1EC312520FEF778FB6F
:1054C80010BD10B50020FFF7E5FF01F06FFE10BD1D
:1054D800704710B52620FEF761FB10BD10B5C1B2AC
:1054E8002620FEF765FB10BD10B5FFF7F1FFFFF7AB
:1054F800BDFF002808D1FFF7F1FF00F095F900F093
:105508002FFA0120FFF7C6FF10BD000010B58C78F8
:10551800002C1ED0174BC3180F2B22D81238C0B23C
:1055280000F02CFA0024200010BD012001F01AFC24
:10553800032202210120FCF729FFF3E7012001F0F3
:105548001DFC032202210120FCF720FFEBE70220CB
:10555800F5E7094B9842F1D0084B9842F7D001245F
:10556800E1E7054B9842E0D0044B9842DBD102209A
:10557800DCE7C046EEA0FFFF105F0000115F0000EF
:10558800FF230370704710B503780400092B02D07D
:105598000A2B09D010BDFFF76BFCFF2318215843D5
:1055A800FAF710FF6070F5E7FFF7B8FCFAE710B5F7
:1055B8000378092B02D00A2B0AD010BD4378182093
:1055C800FF215843FAF7FEFEC0B2FFF7B3FDF4E738
:1055D8004378002B02D1FFF76BFCEEE7FFF74EFC98
:1055E800EBE710B5040000788038032806D8FAF7EE
:1055F8004BFE0206090CFEF769FD607010BDFEF750
:10560800F7FCFAE7FEF72AFDF7E7FEF753FD6070AF
:10561800FEF756FDA070F1E770B5040000788038F9
:10562800032816D8FAF730FE020D191DFEF742FDC1
:105638000500FEF745FD010062782800FEF717FF18
:1056480007E06078FFF7F2F96378002B02D1FFF7E3
:10565800A1FA70BDFFF746FAFBE76078FEF724FD74
:10566800F7E76578A478FEF731FD21000200E4E74A
:10567800F8B50400461C00780D000138122800D93E
:10568800A8E0FAF701FE0A133C4D535D60676EA768
:10569800A773777D868F92959E00002363700933E8
:1056A800A3702900200002F08BFEF8BD6378022B5E
:1056B8000DD0032B0ED0012B1CD101F04BFF030E94
:1056C800A370030CE370030A23716071E9E7FFF725
:1056D80000FFF4E70026A71C3000FDF7C9F90136E2
:1056E800030C3B70F6B2030A7B70B8700337062EC2
:1056F800F2D1D6E729002000FFF742FFD1E763780F
:10570800022BF7D1E378A0781B0203432079000429
:10571800034360790006184300BAFFF7DFFEC0E7CD
:10572800E278A178607800F063F8CCE722796379B1
:1057380012021343A178E278607800F067F8B0E7C6
:1057480000F072F8ADE73000FFF731FF3000FFF7E7
:1057580063FFA6E73000FFF716FF3000FFF741FFB1
:105768009FE7FFF76DFBFEF7E3FB9AE700F0BCF855
:10577800607096E700F0BAF8030A6370A07090E7CB
:105788006378A0781B02E178221D184300F0B2F874
:1057980087E76378A0781B02E178221D184300F0A0
:1057A800C5F87EE700F0DCF87BE700F016F8DFE7E5
:1057B8006378A0781B02E178221D184300F056F8A0
:1057C8006FE76378A0781B02E178221D184300F088
:1057D80065F866E7FF23237063E7042070472823F2
:1057E8004B4352009B18F02250431818273070473B
:1057F80070B5FFF7F4FF0500FEF7D0F90402681C46
:10580800FEF7CCF9A4B2204380B270BD70B51D007C
:10581800FFF7E5FF0400290AFEF7CAF9E9B2601CA0
:10582800FEF7C6F970BD0000F7B5002637000E4B2D
:105838000025F318019310E0019A6300D35AE9B2E6
:10584800E2B2F8B20134FFF7E1FF142CF4D1019B66
:10585800013528330193062D01D00024ECE70137E8
:10586800F036042FE3D1F7BD08A80008F8B52730B3
:10587800F027140005005618BF00B44200D1F8BD47
:105888002B00273BBB4206DA2800FEF787F9207079
:1058980001350134F1E700232370F9E7F8B5273023
:1058A800F027140005005618BF00B44200D1F8BD17
:1058B8002B00273BBB4203DA28002178FEF778F952
:1058C80001340135F1E707B501AA03001180002072
:1058D800032B08D85178052905D81278132A02D83D
:1058E8001800FFF785FF0EBD10207047004870476D
:1058F80019040000F8B5832714000A4B5618C51878
:10590800FF00B44200D1F8BD074BEB18BB4206DCE0
:105918002800FEF743F9207001350134F1E7002330
:105928002370F9E7E703000019FCFFFFF8B58327A8
:105938001400094B5618C518FF00B44200D1F8BD31
:10594800064BEB18BB4203DC28002178FEF730F940
:1059580001340135F1E7C046E703000019FCFFFFF9
:1059680070B58025044C2D01200000210134FEF77C
:105978001FF9AC42F8D170BDE7030000F7B5050088
:105988000F2821D81948FEF709F900281CD18026CC
:10599800174C3601002D18D1012701952000FEF77C
:1059A800FDF8002301AD661C28706B7098420BD07F
:1059B800431E022B14D8687030002F70FEF7EEF8E3
:1059C8000234A87000280CD1F7BDB442FCD02000E6
:1059D800FEF7E4F8002801D1013DEDB20134D9E722
:1059E80034002800FCF7FAFDD8E7C046FF0700009E
:1059F800E7030000F8B5140082781D0006AB1F7895
:105A0800274B002A11D01C7001F0C2FD254B1880CD
:105A180023002033DBB2072B06D8072201201440CD
:105A2800A040C0B200F0FFFBF8BD1E78A6422DD101
:105A38001C4B188801F0B1FDC72827D82C0020344A
:105A4800AE4215D033002033DBB2072B06D807232C
:105A580001201E40B040C0B200F0EDFBE3B2072BBE
:105A680006D8072301202B409840C0B200F0DBFB8A
:105A78003800E4B200F0CFFB072CD5D8072301206B
:105A88001D40A840C0B200F0D6FBCDE7230020336C
:105A9800DBB2072BC8D8072201201440A040F1E749
:105AA8004710002048100020264B13B50C009842E0
:105AB8000BD8254B98420FD8244B98421AD0244B28
:105AC800984237D0234B98420ED0A078002836D081
:105AD8000022214B1A701AE0204BC01802280DD85A
:105AE800FAF7D2FB161C220026230093BB331A00B8
:105AF800010008E027230093BE33F8E72623E022BD
:105B080017490093BB332000FFF774FF002016BD30
:105B18002723E42200931349BE33F4E72623E22225
:105B280000931149BB33EEE72723E622009305498A
:105B3800BE33E8E72823E5220093273BD8E7012076
:105B4800E5E7C046F65C0000F25C0000D85C0000A7
:105B5800D95C0000D75C0000471000200CA3FFFFB1
:105B6800F35C0000F45C0000F55C000070B5050013
:105B78008878002800D1B9E05D4EB54212D85D4B57
:105B88009D4213D901F032FB5B4C2080B5421ED8F0
:105B9800584B9D420BD8208801F034FB00F078FD6B
:105BA800002003E0554BEB18082BEBD970BD544B84
:105BB800E818122819D8FAF767FB1D20232E31346C
:105BC800373D45494C4F595C5F6268896E004B4BC5
:105BD800E81883B2082BDED80828DCD8FAF754FB7B
:105BE80013183F432E5869808400012322781343F9
:105BF8002370D0E702232278F9E704232278F6E716
:105C080008232278F3E70123627813436370C2E71D
:105C180002236278F9E710232278E8E72023227824
:105C2800E5E740232278E2E700F032FD802322787E
:105C38005B42DCE70C2322789A43D8E70323627897
:105C48009A43E2E7012223789343D1E7022223789B
:105C5800FAE704222378F7E708222378F4E70122F9
:105C680063789343D2E702226378FAE71022237815
:105C7800EAE720222378E7E740222378E4E700F0E8
:105C880007FD7F2223781340B2E70C222378DBE755
:105C980003226378E5E70121042023785A07D20F0D
:105CA8004A400A40910083430B430821D2008B43AA
:105CB8009DE701216378DA07D20F4A400A408B43F7
:105CC80013435100022293430B439FE700F0E0FC8B
:105CD80001222378D9094A407F21D2010B4086E767
:105CE800012001F001FB56E70020FAE701205DE7FB
:105CF800155C0000015C00001414002006A3FFFFDF
:105D0800FDA3FFFF124A10B501230C00904215D1E4
:105D180001F06EF9A17803000E4A002910D0AA20DC
:105D280003401900481E814135201170002B00D115
:105D38000C3801F0EFF801F0CDF90023180010BD80
:105D480013783520002B00D10C3801F0EDF8F2E77C
:105D5800165C00004A100020014B18607047C046CE
:105D68004C100020034B10B51B68181E01D01B688F
:105D7800984710BD4C100020F8B5184B04001B685C
:105D8800002B2AD0164A1278002A07D0154A127812
:105D98007F2A03D902784270052202705B682000CE
:105DA8009847114D2B785A0717D5DB0702D50F48AE
:105DB80001F038FF2600012708362B783B4203D034
:105DC80021780B4801F02EFF0134B442F5D12B782D
:105DD800DB0702D5074801F025FFF8BD4C1000206D
:105DE800640F0020141400203C11002081BC00081E
:105DF80093BC00088EB70008044B10B51B68002B35
:105E080003D0022202709B68984710BD4C100020F6
:105E1800064B10B51A88824206D01880044B1B68BE
:105E2800002B01D0DB68984710BDC04652100020F7
:105E38004C100020064B10B51A88824206D01880F4
:105E4800044B1B68002B01D01B69984710BDC04646
:105E5800501000204C10002010B501F07BFB024BC5
:105E68001860024B186010BD541000205810002014
:105E7800704710B5FCF7F6F910BD704710B5FFF77D
:105E8800FCFF10BD10B5054801F0E0FEFDF722FE4D
:105E9800FFF7EEFFFFF7EDFF10BDC0467D8300085A
:105EA8000120704710B5FFF7FBFF10BD7047704722
:105EB80010B5FFF7FBFFFFF7FAFF10BD10B501F0B3
:105EC80045FBFCF727FEFFF70FFBFFF735F8FEF75A
:105ED800B3FDFFF7D3FF10BD70B50E4E0400337845
:105EE8005A0712D501252B420FD00B4801F09AFE14
:105EF80033782B4209D02100084801F093FE33780B
:105F08002B4202D0064801F08DFE2000FCF79FFBD3
:105F180070BDC0463C11002099BC0008F1AC0008D7
:105F28008EB70008F0B585B0FCF732FE002801D026
:105F3800FFF792FF0025EBB2E8B20193FCF798FD5A
:105F48002E4BAF00FC580090844242D002222C4BCA
:105F58001B78134201D0FCF791FD009B012663409A
:105F680000241E4230D0FFF79DFF002813D0009870
:105F7800019A02AB30405A701C70431E984102AB24
:105F8800987001F005FB012302AA0343938002984D
:105F9800039900F039F8194BDB595E400093174B11
:105FA800DE51FEF715FEFFF7ADF9FDF7ADFCFFF783
:105FB800D9FE144C2378834204D0FFF7D3FE207017
:105FC800FFF78AFF05B0F0BD0134E4B27600142C67
:105FD800C7D10135062DAED1012302AA5B42138039
:105FE8000023937001F0D4FA012302AA034393809B
:105FF8000298039900F008F8D3E7C0466010002023
:106008003C1100205C1000201FB5030CDBB200908F
:106018000191002B01D001F017F80E2200216A44EB
:106028001180009A02AB02926A4692889A80009880
:10603800039900F07FFD05B000BD10B5008800F0A1
:106048003DFF10BD10B5041E13D0822812D1FFF7F2
:1060580089FE83070DD4392000F05CFF01F03AF87F
:10606800FA20800002F061FE392000F05DFF01F0A7
:1060780031F810BD83280ED1FFF774FEC307F8D49A
:10608800532000F047FF01F025F8FA20800002F0C5
:106098004CFE5320E9E784280ED1FFF763FE43073F
:1060A800E7D4472000F036FF01F014F8FA2080000A
:1060B80002F03BFE4720D8E7031FDBB2A02B13D822
:1060C800FDF73EF90028D4D11C4B2100186801F0D7
:1060D8002FF9002804D0200000F026FF00F0FAFF76
:1060E800200000F017FFC2E703002033DBB2072BC4
:1060F80007D8072004400638A040C0B200F07EFF51
:10610800B5E703005B33DBB2022B04D8243880B236
:10611800FFF77EFEADE703005833DBB2162B05D838
:10612800074A5B00985AFFF785FEA2E7EF28A0D937
:10613800FDF7A4FAFDF774FB9BE7C046B40C0020FA
:10614800ACBC000810B500280FD082280ED1FFF78C
:1061580009FE830709D5392000F0DCFE00F0BAFFFC
:10616800392000F0E1FE00F0B5FF10BD83280AD108
:10617800FFF7F8FDC307F8D5532000F0CBFE00F079
:10618800A9FF5320EDE784280AD1FFF7EBFD430769
:10619800EBD5472000F0BEFE00F09CFF4720E0E76B
:1061A800031FDBB2A02BDCD903002033DBB2072BA3
:1061B80007D80723034001209840C0B200F026FF0B
:1061C800D1E703005B33DBB2022B03D80020FFF7D3
:1061D8001FFECAE703005833DBB2162B03D8002092
:1061E800FFF728FEC1E7EF28BFD9FDF7A1FAFDF7B1
:1061F80017FBBAE770B505000C00FFF723FF002C6A
:1062080003D12800FFF79EFF70BD0A20013C02F071
:106218008CFDA4B2F3E7502110B5392800D0002135
:10622800FFF7E8FF10BD10B5002803D000F0E6FE28
:1062380000F050FF10BD10B5002803D000F0E6FEB6
:1062480000F048FF10BDF0B585B086790C1C857844
:10625800019000F08BFE2304360902900393002876
:1062680018D00295002D15D00F2223041B0E93433E
:10627800402B06D0230000222033DBB20292072BEA
:1062880008D9022000F076FF00F070FE0123434099
:10629800DBB2029323041B0F18000393F9F7FEFFE8
:1062A8001000100065006500B500C90041004100FC
:1062B800D4002B013C013C01970141004100A001A1
:1062C8000F22230426051B0E360F934300D03601F8
:1062D800E4B2002D14D0002E0BD023002033DBB203
:1062E8003000072B01D9002C07D100F087FE00F001
:1062F800F1FE2000FFF7A6FE13E000F095FEF6E79A
:106308002000FFF71FFF002E0BD023002033DBB245
:106318003000072B01D9002C24D100F077FE00F0C3
:10632800D9FE039B083B032B03D8FFF71BFDFCF7A3
:106338008EF9029B002B13D000F010FE01230200FF
:106348001A4018420CD1019B9A7000F0FFFD00F032
:1063580009FD019800F05CF900F0F8FD00F00EFD71
:1063680005B0F0BD00F068FED9E70F222304270529
:106378001B0E3F0F9343202B00D03F01E4B2002CAB
:106388000ED0012C2BD0002D32D0002E2BD0019B0B
:106398009B79DA07ADD50F221340019A937122E059
:1063A800002D11D0002E06D100F06AFE3843C0B28D
:1063B800FFF739FFB5E7012EF6D100F061FE38434B
:1063C800C0B200F069FEACE7002E05D100F076FE01
:1063D8003800FFF730FFA4E7012EA2D0F6E7002D22
:1063E80003D0052E9DD83800E2E7042E99D8EFE7B0
:1063F800002EEDD00120392C01D1C820800002F0F8
:1064080094FC2000FFF79EFE8BE723059B0F09D025
:10641800012B00D085E7281E01D0A005800DFFF7CD
:1064280009FD7EE7281E01D0A005800DFFF7F0FCCE
:1064380077E7E0B2002D04D0FDF720F9FDF7F0F979
:106448006FE7FDF775F9F9E723049B019B0F23D14B
:10645800002D00D065E723065B0F9B002007DBB209
:10646800000F9840E20602D50F359D40ED43240504
:10647800A40F2843022C09D0032C0AD0012C02D0E7
:1064880000F040FC4DE700F033FC4AE700F044FC24
:1064980047E700F028FC44E7A205920F0123D1B298
:1064A800002D1CD01340002B00D13AE72206520FD2
:1064B80092002007D2B2000F90400023E10602D5D7
:1064C8000F339340DB432405A40F1843022C0CD050
:1064D800032C0DD0012C05D000F072FC21E74908EF
:1064E8000B40E0E700F062FC1BE700F073FC18E7E4
:1064F80000F022FC15E7E6B22405240F002D04D095
:10650800200000F02FFC300052E73000FFF793FE28
:10651800200000F033FC04E7E7B23800F038042824
:106528003ED8F9F7B1FE0311181D2700002D07D03A
:10653800042E00D9F5E6E004C00E00F02BFCF0E6CE
:10654800052E00D9EDE6F6E7E004C00E002DE0D0F8
:1065580000F008FCE5E6E004C00E002DF8D0D8E70E
:10656800002D04D0E004C00E00F0F5FBD9E600F0E1
:10657800EDFBD6E6002D09D0E404E40E200000F07F
:10658800F1FB0321200000F0D1FDCAE6012000F054
:10659800F1FD012E00D8C4E6022000F0EBFDC0E6B4
:1065A800002D06D0002E01D03800A3E6E004C00E6E
:1065B800CEE7002E08D00120392F01D1C820800055
:1065C80002F0B3FB38001DE7E004C00EA1E7220586
:1065D800120FE1B20198FCF742F800F01BFBA0E6AD
:1065E80022050198120FE1B2FCF73BF899E670B565
:1065F80004008078218800F06BFC051C00F0F4FB97
:1066080000F070FB291C2000FFF71DFE70BD000084
:1066180073B5868801AD0400010002222800FAF74C
:1066280041F9002E12D02A880C4B9A420ED0200035
:10663800FBF7D6FE00280AD100F098FC002805D008
:10664800A378002B02D0022000F094FD73BD200037
:10665800FFF7CDFF2000FBF77CFEF7E7FFFF000008
:1066680010B50020FFF7D4FB0020FFF7E3FB00F094
:10667800EBFC00F0FFFC00F02DFDFDF715FAFDF72F
:10668800CFF810BD10B500F059FCFFF7E9FF10BDB9
:1066980010B500F0C3FCFFF7F5FF10BD031CC2B234
:1066A8001804000F023800B50D2821D8F9F7ECFDC1
:1066B800070720201620202007071D20201D012065
:1066C800F02A05D005D80020E72393424041C0B204
:1066D80000BDF43A100043425841F8E70120E72A88
:1066E800F6D9F13A50425041F1E71805C00FEFE7EB
:1066F8000020EDE707B501AB1880019800F0DEFB3C
:10670800FFF7CCFF0EBD82B002B0704782B002B076
:106718007047000070B507250B4B1C780B4B1B7896
:10672800A34200D170BD0A4BE200D15A9B18588889
:106738009A8800040843D988013409041143FFF7F3
:10674800E5FF2C40EAE7C046C3100020C210002035
:1067580082100020064B10B558881A88D988000482
:1067680010439A8809041143FFF7D0FF10BDC046B3
:106778007A100020F7B50F221E488379934334D14D
:106788008378002B31D01C4B01A91B781B4A127847
:106798009A422AD0028884880A80002C26D0184D74
:1067A80092B2AA4222D04778164DBC46DE00AA19FA
:1067B8005778BC451AD10778755DAF4216D19578E0
:1067C800002D13D195882C1BA4B2C72C0ED80F24EA
:1067D8001021837923400B43837193792340194314
:1067E8009171FFF715FFFFF795FFF7BD07220133FA
:1067F8001340CBE77A100020C3100020C2100020FD
:10680800FFFF000082100020F0B504008BB00100EB
:10681800062206A8FAF746F8A178C14E0191A18888
:1068280030880291B18803908C4608A90880604698
:1068380023786278002800D1CBE00888B94DA842B7
:1068480000D1C6E0B578002D00D1C2E0B1790F20A3
:106858000F000491614687430298401A80B2C72806
:1068680000D98AE0002F49D10199059106A90B703A
:106878004A7008880399884212D10199002900D0EA
:1068880017E10F230499194001331943B171FFF738
:1068980061FF3000FFF7BCFEB379A37100253CE12E
:1068A8000299002900D008E1019B002BF6D00123B2
:1068B8009B4A91790B439371F0E79B48CF00C61927
:1068C8007078904206D198483F5C9F4202D1B678D2
:1068D800002EE3D1072001310140FFE0000E014204
:1068E80002D0002B00D117E12033DBB2072B00D8F0
:1068F80012E12000FFF78CFE05950DE106A90B704B
:106908004A700888039988420FD1019900290CD14F
:10691800049B2000A371FFF77BFE082221003000B2
:10692800F9F7C0FFFFF716FFF7E006A90B704A70EA
:106938000698FFF7DFFE00281BD0019B002B18D01C
:10694800774A93791F2B09D9128808A80280002258
:106958008270029A83718280FFF75AFE0822210012
:106968006F48F9F79FFFFFF705FFFFF7F3FE0125D3
:10697800D3E02000FFF74CFEF9E706A9002F14D159
:1069880001980B70887002984A7088800799069859
:10699800FFF7B9FE3000FFF73BFE08223900300050
:1069A800F9F7D4FFFFF7D6FE78E70B704A7008882E
:1069B80003998842B9D101990029B6D1049B2000D6
:1069C800A371FFF725FE082230000199F9F7BEFFF1
:1069D800A3E06546524F38880880002D51D05149B0
:1069E80085B28D424DD0BD78002D4AD166460299B8
:1069F800891B89B2C72933D8019D002DB9D006A9B2
:106A08000B704A700B8883421DD1BA79D30714D40E
:106A18000F2113008B4310D0A271F02B06D0D3B2F4
:106A28001A09013212010B401343A3712000FFF72A
:106A3800EFFD08222100380072E708222100380003
:106A4800F9F730FF69E00698FFF754FE002885D172
:106A58000123BA7920001343BB71FFF7D9FD5CE02D
:106A6800019806A9887002980B704A708880069869
:106A78000799FFF748FE082229003800F9F766FF52
:106A880050E70199002900D173E706A90B704A70F5
:106A98000698FFF72FFE051E00D16AE7082221009D
:106AA8003000F9F7FFFE3000FFF7C7FAFFF762FE84
:106AB80038E70299002900D1F9E608A90B704A7055
:106AC80009881848814200D1EEE60199002900D0D2
:106AD800EDE6164816490078097801900198814238
:106AE80000D0EAE606A90B704A70069800F0E6F9AD
:106AF800C3B200040F21020F012A00D8EEE60E32BD
:106B08000A40012A00D9F4E6000E014200D1EBE662
:106B1800A2798A4300D0E7E6059D28000BB0F0BDB6
:106B28007A100020FFFF000082100020C210002011
:106B3800C3100020F0B587B06C460090200061605B
:106B4800FFF762FE04A9051E0DD02288A3880A80DB
:106B5800002B06D02A4B92B29A4202D003CCFFF700
:106B6800D5FD072644E00B00220041CA41C308882E
:106B7800A38803AA1080002BF3D0224F224E3C7822
:106B88003078A44614881E4A9442EAD00722441C4E
:106B9800144064450AD08B801C4BC0001818013281
:106BA800F9F780FE3470FFF7B5FDDAE7FFF770FDFF
:106BB80008222900164835703D70F9F7C7FED0E75E
:106BC800124CC0002018FFF71FFE002816D02B78A3
:106BD800DB001A5BE4186088E188A38800040904D4
:106BE80019431043FFF792FD2B78013333402B7084
:106BF800044D054B28781B788342E1D107B0F0BDDE
:106C0800FFFF0000C3100020C210002082100020E7
:106C18007A100020F8B5031E0BD000260727187835
:106C28005C1C74283DD00BD802282CD002D801282F
:106C380012D0F8BD031F6F2BFBD8FFF703FA19E03A
:106C4800752838D003007C33DBB26F2BF1D87F2353
:106C58001840FFF777FA0DE09C1C5B781A00203289
:106C6800D2B2072A0DD83B409840C0B200F0F2F9E2
:106C780000F030FA3500013DEDB2FF2D1ED12300A2
:106C8800CDE71800D9E758789C1C03002033DBB205
:106C9800072BDED8012338408340D8B200F0E2F950
:106CA800E6E75D789C1C013DEDB2FF2DE2D00A209D
:106CB80002F03BF8F7E75E789C1CDBE70A2002F05D
:106CC80034F8D8E7704710B5FFF7FCFF10BD000097
:106CD80010B5FFF7F8FF024B1860FFF7C1FC10BDB5
:106CE800C4100020704710B5FFF7F2FF10BD000078
:106CF80010B5034B1B681843FFF7EAFF10BDC046E9
:106D0800C410002010B5034B1B681840FFF7E0FFC4
:106D180010BDC046C410002010B5034B1B68584076
:106D2800FFF7D6FF10BDC046C4100020704710B54D
:106D3800FFF7FCFF10BD000010B5FFF7F8FF024B8E
:106D48001860FFF78DFC10BDC810002010B500209A
:106D5800FFF7F2FF10BD0123834010B51800FFF7BD
:106D6800EBFF10BD0123834010B5034A1068184398
:106D7800FFF7E2FF10BDC046C81000200123834082
:106D880010B5034A10689843FFF7D6FF10BDC046F8
:106D9800C81000200123834010B5034A10685840EA
:106DA800FFF7CAFF10BDC046C810002010B5034B3E
:106DB8001B681843FFF7C0FF10BDC046C81000206D
:106DC80010B5034B1B681840FFF7B6FF10BDC0464F
:106DD800C810002010B5034B1B685840FFF7ACFFE4
:106DE80010BDC046C81000207047000073B501AC44
:106DF800021C03042080142001251B0E584307237E
:106E08002E008018C2B21840D30805228640002000
:106E18005A43084BF6B29A180B00C34014782B401B
:106E28005B426340334063400130137001320528F0
:106E3800F2D173BDCC10002037B501A9021C0304A0
:106E4800088014201B0E58430721801800220524AF
:106E5800C3B2014001251000DB085C43054B1C1937
:106E6800A35CCB402B40934001321843C0B2052AA3
:106E7800F6D13EBDCC100020F7B51F2401270D4BDD
:106E880001AE1A680C4B30801B681A430092009BB5
:106E9800E5B2E3403B4204D1013CF8D2002528008A
:106EA800FEBD28003168FBF7E3FB80B20128F3D070
:106EB800F5E7C046C8100020C410002007B501AB94
:106EC80018800198FFF7D8FF0199FBF7D1FB0EBD99
:106ED80037B50F4B01AD1B782980002B03D00198E3
:106EE800FFF7ECFF3EBD00280CD02868FFF7C4FF71
:106EF800040001002868FFF779FF20000199FBF7DB
:106F0800B7FBEFE72868FFF797FF0400F5E7C046EF
:106F18007810002010B5034B0100186800F08AFAB9
:106F280010BDC046B40C002010B5034B0100186812
:106F380000F094FA10BDC046B40C002010B5024B06
:106F4800186800F09FFA10BDB40C00200020024B16
:106F58001856C010C0B2704738110020024B18787C
:106F6800072318407047C04638110020034B187893
:106F780007231840431E9841C0B2704738110020BB
:106F88000D4A70B5537804005907C90F814212D0D1
:106F98000100012504202940890083430B435370D5
:106FA800108800F02FF9054B1B782B4203D02100E5
:106FB800034800F037FE70BD141400203C11002077
:106FC800DABC0008044B10B5587801234007C00FFD
:106FD8005840FFF7D5FF10BD1414002010B501204C
:106FE800FFF7CEFF10BD10B50020FFF7C9FF10BD99
:106FF800014B18787047C0463A110020024B1A78A6
:10700800104318707047C0463A110020024A13789E
:10701800834313707047C0463A1100200022014B89
:107028001A7070473A110020024B1A7810431870F2
:107038007047C0463B110020024A137883431370FF
:107048007047C0463B1100200022014B1A70704760
:107058003B110020024B1A78104318707047C04645
:1070680037110020024A1378834313707047C046D3
:10707800371100200022014B1A7070473711002089
:10708800014B18787047C04639110020704710B579
:10709800FFF7FCFF10BD0000064B10B55B785B07DF
:1070A80006D4054B1A78824202D01870FFF7EFFF1A
:1070B80010BDC046141400203911002010B5044B2F
:1070C8001A78002A03D000201870FFF7E0FF10BDDF
:1070D8003911002010B50D4B0D4A1B7812780D4C54
:1070E80013430D4A2068127813430C4A0370127830
:1070F800002A07D01343037000F0FCF8002801D0E1
:10710800FFF7DCFF2068FEF737FE10BD3A110020BC
:107118003B110020B40C0020371100203911002049
:10712800704710B5FFF7FCFF10BD00000A4A0B00BE
:10713800527810B552070CD4084CC100194321707D
:10714800FFF710FE00202056C010C0B2FFF7E9FF7D
:1071580010BDFFF707FEFBE71414002038110020CC
:10716800002010B5024B1870FFF7DBFF10BDC046BA
:1071780038110020002310B50A4AD356190081435C
:1071880048B21070420702D1DBB2834203D1064BEA
:107198005B785B0705D5C010C0B2FFF7EFFDFFF7BE
:1071A800DFFF10BD381100201414002010B5FCF7C3
:1071B80099FC00200149FCF71EFD10BDFFFF0000EF
:1071C80010B50020FCF7FAFC024BC01843425841A6
:1071D800C0B210BD1601FFFF10B50220FCF7DEFC9F
:1071E80010BD10B50320FCF7D9FC10BD10B5042064
:1071F800FCF7D4FC04002220FCF7D0FC000220435A
:1072080080B210BD10B50400C1B20420FCF7D0FC58
:107218002220210AFCF7CCFC10BD10B501000F207C
:10722800FCF70CFD10BD10B501001320FCF706FD9E
:1072380010BD10B50020FFF7F6FF10BD10B50020F7
:10724800FFF7EBFFFFF7F5FF10BD000010B50024B6
:10725800FCF748FC00202049FCF7CDFC0021022067
:10726800FCF7A6FC00210320FCF7A2FC1B4B210025
:1072780004201C60FCF79CFC21002220FCF798FCF1
:1072880021000520FCF794FC21000620FCF790FC67
:10729800FF210720FCF78CFC21000820FCF7CEFC1E
:1072A80021000D20FCF784FC21001820FCF7C6FC07
:1072B80021001720FCF77CFC21001C20FCF7BEFCF9
:1072C80021002020FCF797FC21001820FCF7B6FCD1
:1072D800FFF7B4FF10BDC046EAFE0000C41000204E
:1072E80010B5FFF7B3FF10BD10B501000E20FCF775
:1072F8005FFC10BD0C4A030011780622002904D057
:107308000A4909787F2900D9183200200233013A46
:10731800D2B2FF2A00D170471978002901D0013074
:10732800C0B20133F3E7C046640F002014140020F4
:10733800030010B5081E15D0114A1278002A12D081
:10734800104A12787F2A0ED90020CC08EF2909D8D4
:1073580007221140063A8A401B1998781040431EAC
:107368009841C0B210BD9A1C08331078884204D0E6
:1073780001329A42F9D10020F4E70120F2E7C04631
:10738800640F00201414002001220023F0B552429B
:10739800851CEC5C5EB28C420BD0571C02D1002CD1
:1073A80000D132000133062BF3D1531C01D08018D1
:1073B8008170F0BD002210B5831C08301C788C4207
:1073C80000D11A7001338342F8D110BD10B5CB0833
:1073D800EF2908D8C01807231940063B8B4082784C
:1073E8001343837010BD044B1B78DB07FAD50348A1
:1073F80000F018FCF6E7C0463C110020EFBC00087E
:1074080010B5CB08EF2908D8C01807230122194066
:107418008A4083789343837010BD044B1B78DB0745
:10742800FAD5034800F0FEFBF6E7C0463C11002001
:107438000DBD000810B5074B1B78002B06D0064B76
:107448001B787F2B02D9FFF7C1FF10BDFFF79CFF08
:10745800FBE7C046640F00201414002010B5074B4A
:107468001B78002B06D0064B1B787F2B02D9FFF721
:10747800C7FF10BDFFF79EFFFBE7C046640F002063
:107488001414002010B5074B02301B78002B04D0D1
:10749800054B1E221B787F2B00D806220021F9F706
:1074A80055FA10BD640F002014140020704710B561
:1074B800FFF7FCFF10BD10B50020FDF7E3FE00202C
:1074C800FBF7C5F8FFF7F3FFAA2001F02EFC10BD6B
:1074D8007047704710B5FFF7FBFF0024FBF758FB18
:1074E800FFF7F7FF2000FBF7C3FA002804D10134A7
:1074F800E4B2062CF6D110BD0120FCE7704710B5A8
:10750800FFF7FCFF10BD10B5FFF788FDFFF79CFDE6
:10751800FFF714FDFCF7C8FA0020FEF779FC0020FD
:10752800FEF788FCFDF708FDFEF71CFCFBF78FF85B
:10753800FFF7E5FF10BD000010B572B601F0BFFC03
:1075480062B6014B186010BD4011002010B5FFF75E
:10755800F3FF10BD10B572B601F0B1FC62B6FA22A5
:10756800084B92001B680021C01A0023F9F736F86F
:107578000023054A801859410023044AF9F70EF8F8
:1075880010BDC046401100200F2700001027000042
:1075980010B5FFF7DFFF80B210BD10B50400FFF78C
:1075A800D9FF001B80B210BD054B064A1A60BFF315
:1075B8004F8F054B054ADA60BFF34F8FC046FDE792
:1075C800FC3F0020EFBEADDE00ED00E00400FA0550
:1075D8000A4B0B4A043B196810B591420CD10022A2
:1075E8001A6082F31488074B1B6883F3088862B615
:1075F800054B1B689847FEE710BDC04600400020B9
:10760800EFBEADDE00C8FF1F04C8FF1F7047F0B50E
:1076180091B0049316AB10CB1A9F1B781B9E029057
:10762800039100920593002C01D110239E438023DF
:107638003200DB001A4006921E4201D0002C20D0F6
:107648006123B20600D5412300222500DBB20A3BA4
:107658000192079328001899F8F7B0FE079BCAB261
:10766800D318DBB2092902D813003033DBB2019AF0
:107678000199541C08AA8B54189B9D4201D3202CB5
:1076880014D1022332001A4007921E4220D1013B36
:107698003340002F08D0002B06D0059A002A02D1CB
:1076A8000C32164200D0013F302205E0050001945B
:1076B800D0E708A9625401341999A14201D9202CB4
:1076C800F7D13022002B03D0A74201D91F2C1AD999
:1076D800F30651D5069B002B1AD1002C18D0199B04
:1076E800A34201D0BC4213D1631E012C0FD0189ABB
:1076F800023C102A0FD01C00189B022B36D11F2CDD
:107708000ED862232FE008A962540134DAE71C007E
:10771800189B102BF0D1B30622D478231F2C22D922
:10772800B3074DD0009B26000193019BE518AA1BC7
:10773800002E47D1079B002B0FD0009BEB1A1C0093
:107748000193009B1A19BC4244D3019B00229F421B
:1077580002D3009BDA19521BAD18280011B0F0BDF6
:1077680058231F2CDCD808AA135501341F2CD7D84E
:10777800302308AA135501341F2CD1D8059B002BA0
:1077880004D02D2308AA13550134C9E7730701D57E
:107798002B23F7E73307C3D52023F3E72020049BE7
:1077A8000399029EB0470135009B1A1B5219AF423C
:1077B800F4D80023A74200D33B1B009A9B18B2E7DA
:1077C8002500F1E708AB013EF05C0399049B029D9C
:1077D800A847AAE72020049B0399029EB0470134DA
:1077E800AFE710B5002801D000F036FA10BD000050
:1077F800F0B591B0169C09900A9108920693002959
:1078080001D1AB4B0993002617E1069B0133069380
:10781800252807D03200751C089B0A99099EB04795
:107828002E000AE100230120082505E02D2A15D0A5
:10783800302A0CD103430691069A06991278013131
:107848002B2A0ED0F2D8202A0DD0232A0DD01000D2
:10785800303809282AD800270A250CE002221343C9
:10786800E9E70422FBE72B43E5E71022F7E76F433C
:10787800303FCF190690069A1178501C0A00303A0A
:10788800092AF4D90021069A079112782E2A26D1BE
:107898008021C9000B430699069A497801320800ED
:1078A8003038092838D80A218C4611E000272A2ABE
:1078B800E8D180CC002F02DA283A13437F420691A0
:1078C800E0E76046079A4243303A8A1807922A004E
:1078D8001178551C080030380928F2D90692069A02
:1078E800117801326C2928D022D868292FD06A292A
:1078F80036D0069A157801320692782D00D983E1A0
:10790800612D30D8252D00D17EE1582D00D07BE1A6
:1079180020221343102153E02A29DFD104CC0792F7
:10792800D2430799D2171140069A07910232D5E738
:107938007A29DED1802149000EE0069949786C2920
:10794800F8D1C02292001343069A0232D2E7069970
:107958004978682902D080210B43CBE7C022F2E79F
:1079680080218900F8E728006238162800D94BE101
:10797800F8F794FC1700850017004A014A014A01EC
:107988004A0117004A014A014A014A014A011700FF
:1079980035014A014A01CA004A0117004A014A0151
:1079A8001700782DB6D06F2D00D136E1622D00D1A9
:1079B80035E110220A219343692D03D0642D01D0AB
:1079C8000C2293435A0501D5012293438022920049
:1079D8001A40692D01D0642D1AD1002A2DD1251DF8
:1079E800DA050CD522680593079B04970393D30FF8
:1079F8000193D317D21802915A40009215E02268D9
:107A0800580601D5D2B2EEE71806ECD512B2EAE76D
:107A1800002A12D1251DD80521D50593079B049767
:107A2800039302910192236800933200089B0A99FC
:107A38000998FFF7ECFD2C000600069B1878002833
:107A480000D0E2E6089B32009E4200D35A1E002076
:107A5800089B0A99099CA047300011B0F0BD226824
:107A6800580608D5D2B20593079B049703930023C1
:107A780002910193C1E71806F5D592B2F3E7022205
:107A88001A400C920222134229D0012307932300A3
:107A980001CB32000B930A99089B751CC0B2099E52
:107AA800B0470C9B002B2DD02A00079E22E0C04631
:107AB800157600082020089B0A99099DA847079A6F
:107AC800531C07939B1BBB42F4D300239F4200D057
:107AD8007B1EF6180223002FD8D07B1CD6E7320075
:107AE800EEE7531C0C932020089B0A99099CA04799
:107AF8000C9A0136BE42F4D3079A0023974200D36A
:107B0800BB1AED180B9C8BE6220002CA0C92079A4E
:107B18000B91002A01D1012252420B990C008A18BC
:107B28002178002901D0A24214D10B9A1900A41A75
:107B38008022D20011400D91134203D0079A94423B
:107B480000D9140002221A400E920222134216D1C2
:107B5800320009E00134E3E7531C0F932020089B0F
:107B68000A99099DA8470F9AA31B9B189F42F3D80F
:107B78000023A74200D33B1B0134F6181C1935001B
:107B880008E007936B1C2A000F93099D089B0A992C
:107B9800A8470F9D0B9B9B1B585D002807D00D9B8A
:107BA800002BEFD0079B079A013B002AE9D10E9BD7
:107BB800002B12D02A0007E0531C07932020089BB3
:107BC8000A99099EB047079A631BD318BB42F3D39F
:107BD8000023A74200D33B1BED180C9C20E6212272
:107BE8001343059308230493079B32000393102340
:107BF80002930023019308CC0A9900930998089BE3
:107C0800FFF705FD060018E732002800089B0A99CF
:107C1800099D771CA8473E000FE70821D0E60221FE
:107C2800CEE6C0460FB41FB5012206A908C95242C4
:107C380003910091034802A9FFF7DAFD05B008BCDB
:107C480004B01847EB77000800207047014B186014
:107C58007047C046B80C002010B5024B1B68984707
:107C680010BDC046B80C002010B50B4C238801335A
:107C78009BB22380DBB2002B02D10220FAF7E7FC8B
:107C8800637806499B082278CB5C9A4202D100208F
:107C9800FAF7DDFC10BDC046441100202BBD0008DA
:107CA80010B5FFF7E1FF10BD10B50249024801F019
:107CB800C9FA10BD6CBD0008BC1D002010B50F210D
:107CC800014801F0CFFA10BDBC1D002010B50248D4
:107CD80001F0D4FA10BDC046BC1D0020054B10B5FC
:107CE8001B78022B02D1FFF7E9FF10BDFFF7EEFF6B
:107CF800FBE7C046BC1D002002000F2030B5074935
:107D08000C78631C03400648057800209D4203D088
:107D180004480B700255012030BDC046A91C002044
:107D2800AA1C0020991C00207047000010B572B6EC
:107D3800034800F01DFD034800F01AFD62B610BDAF
:107D4800900D0020E40E002070B50D0019002D02E2
:107D580000232800064C10436360231D1A0000F01E
:107D6800BBFB20606068002800D0200070BDC046C2
:107D7800881300207A30084A01781378022907D13D
:107D880002318B43012B02D15278044B1A70704791
:107D9800024A1370FBE7C046DE130020BC13002024
:107DA80070B504000800052911D8F8F76DFA5410C9
:107DB8001154510372B62D4800F099FC62B672B6A0
:107DC8002B4800F094FC62B60520FFF795FF70BDC4
:107DD80072B601212000274A01F0F3FA042120009D
:107DE800254A01F0EEFA254D20002B00B43319780E
:107DF800234A01F0E6FA2B00B53319782000214A0E
:107E080001F0DFFA2B00B6331978002903D02000DF
:107E18001D4A01F0D6FA154800F074FC82239B0035
:107E2800E95C2000194A01F0CCFA194B2000E95C02
:107E3800184A01F0C6FA184BE95C002903D0200063
:107E4800164A01F0BEFA0A4800F05CFC62B6BEE7CA
:107E58000420FFF751FF72B6044800F030FC62B608
:107E680072B6034800F02BFCF0E7C046900D0020E6
:107E7800E40E00207CBD0008A0BD0008BC0C00205A
:107E8800000D0020240D0020480D0020540E002075
:107E980009020000780E00200A0200009C0E002053
:107EA80070B5084C0500E3680E00002B02D02000D6
:107EB80000F0C0FD330029002000034A00F066FDF1
:107EC80070BDC046A8130020D57E000870B5040018
:107ED80072B60378042B01D062B670BD134B1B78C1
:107EE800DB09F9D1124D2B78002BF5D0114B1B78FB
:107EF800002BF1D003899B0704D4082301210E4AE3
:107F080001F0B5FA002328780C4A0021F8F766FB3F
:107F180000230B4A80185941FA2200239200F8F7EF
:107F28003DFB21008000FFF7BBFFD5E714140020BC
:107F3800A4130020640F0020BD13002010270000A8
:107F4800E7030000020070B57432117804000B00DA
:107F58007F200340212B00D07AE0230049B27533FB
:107F6800002925DA187802281CD0032810D0012807
:107F780000D06DE003331B78002B05D14B4AA26675
:107F88002022E266236770BD0023A366E366F9E753
:107F9800230078331B88002B5AD10120444AE0661D
:107FA800A266EFE70120434BE066A3660023E9E7FA
:107FB8001B780A2B42D00B2B0ED0092B48D123005B
:107FC800022178331B788B4342D13B4BE166A36691
:107FD8003A4B01202367D6E7230078331B88002B10
:107FE80028D1230076331978354D0A00531E9A415B
:107FF800D3B22F4A13702A78DB01024013432B7047
:10800800002917D12B4B1A78002A13D072B62D4AA3
:1080180018780023F8F7E2FA00232B4A8018594110
:10802800FA2200239200F8F7B9FA21008000FFF73E
:1080380037FF62B60023A366E366CAE72300204938
:1080480077331A7809781B4BC9091A70F2D1DBE724
:108058001E4B12889A420BD01D4B1A00B63212786A
:10806800002A1ED11B4A9B5C002B1AD100208AE7EC
:10807800230079331A78013B1B781202210013433D
:1080880022006068763277314568127820000978D6
:10809800A8470028EAD04368A3660368E36600237C
:1080A80097E7200000F044FB6DE7C046BD130020B1
:1080B800640F0020A4130020DE1300207D7D00083B
:1080C8001414002010270000E703000081060000B8
:1080D800BC0C00200A02000070470000102210B5F6
:1080E80000210448F8F732FC0023034A1370034ABE
:1080F800137010BD991C0020A91C0020AA1C002088
:10810800F8B50F2401250020104B114A1978114F9A
:108118001378994207D1002800D01170F8BD137068
:10812800FFF7CCFDEFE7FE5C01332340042EF6D0C9
:108138002800052EEDD11370FFF7E5F9FFF7C6FD0E
:10814800FDF710FEFAF783FADDE7C046A91C002008
:10815800AA1C0020991C0020F8B51F4C1F4B204A70
:10816800A365231DDA6723001E4F1F4A1F4EA03345
:10817800050039001A60300000F062FA390030005A
:1081880000F086FAD6231A4A5B00E250194A2833CF
:10819800E250194A2033194EE250194C31002000A0
:1081A80000F04EFA2000174C310000F071FAA36D70
:1081B800154A16481340A36500F0B7FD2800144976
:1081C80001F0C4F88023A26D1B0213430022A365AB
:1081D800104BDA60F8BDC046BC0C0020C40C00206F
:1081E800D80C00206C0D0020EC0C0020900D002015
:1081F800180E00202C0E0020400E0020C00E00207B
:10820800E40E0020005C0040FF7FFFFF983A00006A
:10821800C4BD0008A813002070B50500084C01F083
:10822800A8F8A36D074A28001340A365064901F082
:108238008DF88023A26D1B021343A36570BDC04651
:10824800005C0040FF7FFFFFC4BD0008014B1878A9
:108258007047C046BC13002070B5050072B61C4CB0
:108268002378042B20D11B4A238912787F2A1DD911
:10827800194A1278002A19D0DB060BD420232A00C9
:108288000421200001F0F3F8202229001348F8F710
:1082980009FB09E00121E369494258690C3000F003
:1082A8004DFD2378042BE9D062B670BD9B0703D43B
:1082B80008232A000121E4E701212369494258697A
:1082C8000C3000F03BFD2378042BEDD1F0E7C046DD
:1082D800E81D002014140020640F0020BD130020A6
:1082E80070B5050072B60C4C2378042B01D062B629
:1082F80070BD2389DB0607D5E369642158690C3012
:1083080000F01CFD431CF2D006232A0004212000A3
:1083180001F0ADF8EBE7C046E81D002037B50400D2
:1083280072B608480178042901D062B637BD6D4697
:10833800032301AA6C71240A1370AC7101F097F839
:10834800F3E7C046E81D0020030013B572B60848DD
:108358000178042901D062B613BD6C4663711B0A0B
:1083680001AAA3710323117001F081F8F3E7C04655
:10837800E81D002037B56B46D91D0023074C08704F
:1083880022789A4200D1323305480268D569012221
:10839800A8474342434140B223703EBDF413002036
:1083A800900D002010B5054888B0036820221C6A8B
:1083B80069460023A04708B010BDC046900D0020B4
:1083C8000A0010B5202907D18A2304499B00CB58FD
:1083D80001005B680248984710BDC046BC0C0020ED
:1083E800E40E00208A2310B5084A9B00D35888B0B1
:1083F8001C6A2022002369460548A047002803D0AC
:10840800C1B26846FDF734F908B010BDBC0C0020B5
:10841800E40E002010B5FFF7DBF810BD7047704779
:1084280010B5FFF7F7FF02F0BBF8FFF7F7FF10BD35
:1084380010B502F0FBF8FFF7F2FF10BD10B500F021
:1084480019FD00F071FAFDF71DFDFFF747FE1D4C01
:108458002000FFF781FEFA20400000F066FC1A4871
:10846800FFF7E0FBFDF72AFD1848FDF775FCFFF75D
:108478001BFC1748FFF7D6FBFFF742FE2378052BB6
:1084880009D11448FFF7CEFB2378052B0CD0FEF753
:1084980021FEFBF7C5F9FDF745FDFFF783FFFFF761
:1084A800A1FFFDF705FDE7E7FFF705F8FFF712F86D
:1084B8000028E9D0200000F0EDFF2000FFF7ACFE17
:1084C800E2E7C046E81D0020D4BD0008680F002080
:1084D800E5BD0008F6BD000810B5040AE3B2032C98
:1084E80010D0032B07D8012B23D0022B07D17B20D8
:1084F800114B136010BD212B0DD0222B12D0002060
:108508000300F6E7C0B20228F9D80C4B8100CB581B
:108518000B49405CEDE70329F1D80A4B8900092093
:10852800CB58E6E70329EAD8074B8800C358074821
:10853800EFE71220064BDCE730BE0008FCBD000860
:1085480008BE00080CBE00081CBE00082CBE0008AF
:10855800CDBE000813B5446BE36F1A68117804297F
:1085680015D1217A022912D1197901238B40128958
:108578001A420CD1200001A9443000F08FFD021EE0
:1085880005D0E06F019B0179006800F070FF13BD12
:1085980010B50C3000F01FFD10BD012310B50C30D4
:1085A8005B4200F018FD10BD10B5443000F0E1FD4D
:1085B80010BD012310B544305B4200F0DAFD10BD58
:1085C80010B50C3000F0EFFC10BD012110B50C30D7
:1085D800494200F0E8FC10BD10B5443000F0ABFD96
:1085E80010BD012210B54430524200F0A4FD10BD68
:1085F800C36F70B51A6804001178042901D00120EE
:1086080070BD017A0229FAD11979012352898B4068
:1086180015001D401A42F2D10C3000F079FC021E00
:10862800EDD0E06FA36A4179043B006800F00CFFCD
:108638002800E5E710B5406BFFF7DAFF10BD000032
:108648007FB50300040001260E4A0D0004C34360F1
:108658000D4B067202940193CB680C3000934B6962
:108668000A6A310000F02FFC2000084B310001930A
:10867800AB68EA69009344302B69029400F0E8FC87
:108688007FBDC04624C000083D8600085D850008FF
:108698000A6872B60B7909339B00D31858604B7976
:1086A80011339B0098508B79002B03D009339B0022
:1086B800D31858600223C167037262B6704770B559
:1086C800040002210430022500F095FB0126200059
:1086D8006D42290026750C3000F069FB230020004C
:1086E8004C3329001E70443000F061FB70BD10B59A
:1086F80001210400043000F07EFB002323754C3474
:10870800237010BD70B504000C3000F0F4FB002598
:1087180020002575443000F0B3FC23004C331D7055
:108728000121201D00F067FB2000FFF761FF70BDED
:10873800020060217432127803000A400020202AC7
:1087480006D11A0075321278212A02D81F2A05D8B4
:108758007047222AFCD19866D86603E0034A9A66D5
:108768000722DA6618670120F2E7C0467C0F00206E
:10877800C36F73B51A680400117804292BD1017AE4
:10878800022928D11979012312898B4016001E402D
:108798001A4220D105004435280000F029FD0028A0
:1087A80019D0280001A900F079FCE36F05001A7EB2
:1087B800002A09D001981A693100121A2818F8F706
:1087C800C5F8E36F1B690193E06F2A000179019BEB
:1087D800006800F04CFE73BD0B00F0B509339B0038
:1087E800C3185E6804000D0085B0002E2CD072B648
:1087F8000821301D00F0FFFA3300AF004433E719B9
:108808000193FB685B691B68002B02D0019800F09C
:1088180051FC019803A900F041FC039B021E0ED1F4
:10882800FB685A691268002A0DD01B8A013B1A425C
:1088380009D1F36F1B7E002B05D122007432290069
:10884800200000F014FE62B605B0F0BD11318900B9
:1088580010B50C58002C15D072B60421201D00F05C
:10886800CAFA2000E36F0C301A685B7902339B0068
:10887800D3185B689B69596800F054FB2000FFF728
:10888800B7FE62B610BD7047024B034A1A60034A2E
:108898005A607047AC1C0020781E00200040002061
:1088A80030B5094C4B1E2568AA18D3184A421A40FD
:1088B80063681018834204D3854202D820601000F0
:1088C80030BD0022FBE7C046AC1C002010B572B6D4
:1088D800FFF7E6FF62B610BD70477047FEE700007D
:1088E800F0B5082400250E4A5368166819009068E8
:1088F800884210D8DE1E0021B04203D30330C11ACB
:10890800890889005B18D168994207D8013C103260
:10891800002CE9D1F0BD80CE80C1E9E720C3F3E7A0
:108928004CC0000830BFFDE710B500F0F5F800F0C6
:108938001FF8FFF7A9FF80220749084800F0BAF995
:10894800074B18610123037400F072FA62B60548F8
:1089580000F0D0F910BDC046CCC00008981D00201A
:10896800701D0020D8C0000810B500F09BF810BD9D
:10897800044B054A5A619A6101225242DA61002287
:108988001A627047701D0020841D0020F7B503612E
:10899800C2600C00050000F092FA022C00D20224FA
:1089A800224E234A7369934209D130627561B561D9
:1089B80020182B606B60AC6000F070FAF7BD376A66
:1089C800C21BA418944226D200218C4699680191B2
:1089D8008A421AD8B918316215498B4202D00199D6
:1089E8008A1A9A60381A241873699A68A24219D3A5
:1089F8005A682B606A6015605D60AC609A68141BE9
:108A08009C6001235B42F361D8E70199521A6146E1
:108A180099601B68DAE79B689C42E5D2381900F038
:108A28004AFAE1E71B68A41ADFE7C046701D002078
:108A3800841D002070B5194D03686A69184982427F
:108A48000CD04268136003685A600022C2608B42EF
:108A580003D0826899688A189A6070BD00206B619B
:108A68005960D0608B4202D100F020FAF5E799688E
:108A780092682C6A8A189A6000F021FA6B69021BC6
:108A88009B689342E9D9E418201A012800D8931C5E
:108A9800286A181800F00FFADFE7C046701D00209A
:108AA800841D0020F7B51A4D6C6900F008FA2B6A8E
:108AB800A268184FC61AB24219D8A2682B6AB61A09
:108AC8009B18E2682B620192002223685F606B6149
:108AD800E260BB4201D100F0E9F962B62069019B6E
:108AE800984772B66C69A368B342E6D9DDE76A694C
:108AF800BA420BD0916828625B181B1A9360A3686E
:108B0800022B00D20223181800F0D5F9F7BDC04691
:108B1800701D0020841D00200022024B1B605B603A
:108B28009A607047701D00204B68016043601860B0
:108B3800486070470300006802681A605360704715
:108B48004268036813605A60704700000023826817
:108B58000374054B1B6899689142FBD25A680360FD
:108B68004260106058607047701D002010B5040006
:108B780072B6007C052807D8F7F786FB0C060603B3
:108B8800120E002263691A6001235B4220006361B0
:108B9800FFF7DCFF62B610BD62699368013393602A
:108BA8002000FFF7CDFFEFE7002382680374054B31
:108BB8001B6899689142FBD85A680360426010604C
:108BC80058607047701D0020064B10B5196908746D
:108BD8001868026853601A60186101230374F7F774
:108BE80027FB10BD701D002030B504000C4D87B068
:108BF8004B1C11D02B690B4A01A8FFF7C7FE2000B8
:108C0800FFF7E2FF049B002B02D001A8FFF712FF39
:108C18002B69586907B030BDFFF7D6FFF8E7C046A3
:108C2800701D0020758B000870B504000A4DA368FC
:108C3800286961618268934203D82000FFF786FFA4
:108C480070BDFFF7B1FF012301002C6120002374E0
:108C5800F7F7EEFAF4E7C046701D0020044B1A69D6
:108C6800196890688B689842804140427047C046B6
:108C7800701D002010B5084C236820691A685460DC
:108C88002260012223611A74FFF78EFF0100206918
:108C9800F7F7CEFA10BDC046701D002010B5FFF7DB
:108CA800DDFF002801D0FFF7E5FF10BD10B5FFF785
:108CB800E1FF10BD02230382002382600262C361C8
:108CC80083617047836802001800116928384C3B9B
:108CD800C36019615169D268596105491962022353
:108CE80003740023826043740262C3618361704726
:108CF8005902000810B572B6FFF7E4FF002104001E
:108D0800FFF792FF62B6200010BD000010B5034BBC
:108D18001B6958610F20FFF757FF10BD701D002019
:108D280010B572B6FFF7F2FF10BD10B5010072B6AC
:108D38000820FFF759FF62B610BD0000064B10B5BA
:108D48001B69002905D0036058610320FFF74CFF19
:108D580010BD01204042FBE7701D002003000068A1
:108D680010B5002804D000221A604161FFF7EEFE1A
:108D780010BD000010B50C1E09D0064B0100186983
:108D8800FFF7D2FE21000420FFF72EFF10BD0120BF
:108D98004042FBE7701D0020036810B50C009842A4
:108DA80004D0FFF7C7FE4461FFF7D0FE10BD70B5D1
:108DB80004000D0023689C4200D170BD2000FFF71D
:108DC800B9FE4561FFF7C2FEF4E710B583691943A0
:108DD800037C81610A2B03D143690B4206D110BD84
:108DE8000B2BFCD1436919408B42F8D10023436116
:108DF800FFF7ACFEF3E770B506000D000468B44257
:108E080000D170BDE3682B43E360002D02D02369D5
:108E18002B4203D0A1686068FFF7D7FF2468EEE70C
:108E2800EFF30983203383F3098862B670470000A3
:108E3800024A0349136A0B401362704700ED00E0D1
:108E4800FFFF00FF10B50F300FD072B6EFF30984A3
:108E5800203C84F3098880235B04E361FFF7FEFE6E
:108E6800024B002800D1024BA36110BD6702000825
:108E78006A02000810B500F0CDFD00F05BFE00F0BE
:108E8800D8F900F001FA00F04EFAFFF7D1FA00F035
:108E980001F810BD10B500F0BFFE10BD8023002200
:108EA800DB0558631A610232DA60704780230022BA
:108EB800DB05DA6070478023DB0558637047802341
:108EC800DB05586A704730B5039D01722C000021FC
:108ED80004335C43C361049B14190363059B056257
:108EE80000604060C16042610261846142628162E7
:108EF800C162436330BD0023022110B5426AC360DA
:108F0800426102618362C3624942FFF750FF10BDAC
:108F180003694269934203D1C2680020824200D1AA
:108F2800181D7047036910B51960C2680132C26024
:108F3800C2699B1882690361934201D3436A036142
:108F48000021FFF729FF10BD70B504000D00E3688C
:108F5800002B07D062690020131D1268A3629B18BA
:108F6800E36208E0237A002B06D129002000FFF7EE
:108F780001FF0028EBDA70BD02204042FBE7C3681E
:108F8800C269013BC360436910B59B18826943619C
:108F9800934201D3436A436100238362036B002B2E
:108FA80000D0984710BD70B5040072B6836A002BD4
:108FB80006D1FFF7C9FF051E02D062B6280070BDB2
:108FC800A36AE26A1D780133A3629342F5D32000B5
:108FD800FFF7D5FFF1E7F7B504000D000092019304
:108FE80072B60026A36A002B08D120000199FFF76A
:108FF800ABFF002802D062B63000FEBDA16AE36A6A
:10900800009A5B1A971B9F4200D91F00402F15D961
:1090180028004022F7F746FCA36A40354033A36294
:109028004036A36AE26A934202D32000FFF7A7FF03
:1090380062B6009B9E42DFD272B6D3E728003A00A0
:10904800F7F730FCA36AED19DB19A362F619E8E714
:1090580010B5029C0172210004335943C3610023F7
:109068008362C362039B51180363049B00604060E2
:10907800C46042610261816104624262436310BD5F
:10908800036A0221C360436A10B543610361002388
:1090980049428362C362FFF78AFE10BD43690269D1
:1090A8009A4203D1C2680020824202D1180008C83F
:1090B8000B607047C368C2690133C360436910B568
:1090C8009B1882694361934201D3436A436100213B
:1090D800FFF762FE10BD70B504000D00E368002BB9
:1090E80007D0236900201A1DA262E2699B18E36277
:1090F80008E0237A002B06D129002000FFF73AFE6A
:109108000028EBDA70BD02204042FBE7036910B586
:109118001960C268013AC260C2699B18826903611A
:10912800934201D3436A036100238362036B002BDC
:1091380000D0984710BD70B50D000400110072B63C
:10914800836A002B05D1FFF7C6FF002801D062B65D
:1091580070BDA36A1D70A36AE26A0133A3629342D9
:1091680004D3E3692000191FFFF7D0FF62B600207F
:10917800EEE7F7B504000D000092019372B60026E1
:10918800A36A002B08D120000199FFF7A4FF00284B
:1091980002D062B63000FEBDA06AE36A009A1B1ACC
:1091A800971B9F4200D91F00402F17D92900402242
:1091B800F7F778FBA36A40354033A3624036A36AC9
:1091C800E26A934204D3E3692000191FFFF79EFF68
:1091D80062B6009B9E42DDD272B6D1E729003A0002
:1091E800F7F760FBA36AED19DB19A362F619E6E746
:1091F800030002695969002010B58A4218D1D9685C
:10920800814215D0996A814212D004398C1A914250
:109218000ED01460D9680139D960D9695218996992
:109228001A618A4201D35A6A1A61002201209A629D
:1092380010BD10B500F02CFD10BD012303700023F4
:109248004360704710B5040072B6416000F02CFD11
:109258000223237062B610BD032310B5037000F01B
:109268005BFD10BD10B572B6FFF7F6FF62B610BD14
:10927800022310B5037000F061FD10BD10B572B681
:10928800FFF7F6FF62B610BD10B500F085FD10BD02
:109298000123037000234360C3600374704710B553
:1092A800040072B64B684160836000F083FD0023C0
:1092B800E3600233237062B610BD10B572B60123A5
:1092C8008B40C4682343C36000F0EEFD62B610BD56
:1092D80010B572B601238B40C2689A43C26000F091
:1092E800E9FD62B610BD10B572B600F0F0FD62B6C9
:1092F80010BD10B572B600F0F5FD62B610BD0200E3
:10930800030010B50400763212787E331A7000F02C
:1093180087FF63681B68002B02D001212000984753
:109328000323237010BD10B500F056FF10BD0123B4
:1093380002000100037000232C324360483113609F
:10934800D36104328A42FAD18360704710B50400B1
:1093580072B600234160C360036143618361C361E6
:1093680003624362836200F0F9FF0223237062B64E
:1093780010BD70B5040072B600F036FF002325005A
:1093880002266360013323700C352C3476422B6837
:10939800002B0ED05869002803D031000C30FFF79D
:1093A800DDFC2B689869002803D031000C30FFF7EA
:1093B800D5FC002308C5A542E9D1FFF76FFC62B6CA
:1093C80070BD8B1C9B0070B5C318050050690E005A
:1093D80014005A60002803D014220021F7F7B6FAC7
:1093E800A069002803D014220021F7F7AFFA310052
:1093F800280000F01FFF70BDF8B505000700022621
:10940800040082680F4B1035134083602C37764276
:109418002B68002B0ED05869002803D031000C307F
:10942800FFF79CFC2B689869002803D031000C30AA
:10943800FFF794FC002308C5BD42E9D1200000F0E5
:10944800AFFFF8BD0100010070B501258D404489CA
:109458002C4344818C1CA40004196468A46923600B
:109468000023A2606360E36000F0ECFF70BD70B59C
:1094780001258D4004892C4304818C1CA400041907
:109488006468646923600023A2606360E36000F09D
:10949800FFFF70BD037870B5052B0AD11025054C68
:1094A8001420236C2B432364FFF73FFC236CAB434E
:1094B800236470BD005C00400223F7B503700023ED
:1094C800C367836003000500022704002C330C35B2
:1094D80001937F422B68002B11D072B62B68586914
:1094E800002803D039000C30FFF738FC2B68986946
:1094F800002803D039000C30FFF730FC62B6002694
:10950800019B40C59D42E5D1230064331E702000B5
:1095180000F006FF63681B68B34202D031002000E8
:109528009847F7BD03000278803370B51A70052399
:109538000370436804001B68002B01D0042198477E
:10954800250000230226A3600C352C3476422B68B4
:10955800002B11D072B62B685869002803D031004F
:109568000C30FFF7FBFB2B689869002803D031000B
:109578000C30FFF7F3FB62B60435A542E7D170BDA6
:10958800030010B580331B78037043681B68002BF9
:1095980001D00521984710BDF7B506006436337829
:1095A8000400002B01D000233370270074373A00E1
:1095B8002000019700F030FF63689B68002B18D1EA
:1095C800019B1A78602315001D401A4233D00021F0
:1095D800200000F095FF0021200000F07DFF636867
:1095E8001B68002B02D00621200098470623337001
:1095F800F7BD200098470028E2D023007B331A7873
:10960800013B1B7812021343E26E9A4200D9E366CB
:10961800019BE16E1B787F2B00D808E1002900D15F
:10962800FBE00923337072B60021E36EA26E2000BE
:10963800FFF71DFFF9E023007F2175331B780A40EF
:109648001B021343814A934200D1CEE026D88022E0
:109658005200934259D00DD8012B50D0022B00D183
:1096680094E0002BB3D122007C32A2660222E2668B
:109678002367C2E781225200934200D19DE0FF3266
:10968800FF329342A3D1230076331B78012B9ED15E
:1096980022007C32118801330B4341E08022120101
:1096A800934246D023D8A022D20093423DD0684AA4
:1096B8009B18012B00D98AE72300220079331B78F5
:1096C800783212781B022100134322006068763238
:1096D800406877310700127820000978B8470028D9
:1096E80000D174E74368A3660368E3661BE0902231
:1096F8001201934222D0574A934200D067E7564B53
:10970800A3660223E3660023B2E7230076331B78BF
:10971800012B00D05BE7220002217C3213888B43A7
:109728001380A566E566256767E74C4BA566E56681
:109738009EE723007F33A3660123D6E72378042B13
:109748000FD172B62000FFF757FE62B6230003213F
:109758007F331D70636821701B68002B01D02000C7
:109768009847230076331B78002B0BD022007F32DA
:1097780013700423237063681B68002B02D0022136
:10978800200098470023A366E36671E723000F21B2
:1097980078331B78200019405BB2002B0ADA00F0FE
:1097A80029FE012804D0022800D010E72C4BA7E797
:1097B8002C4BA5E700F008FEF3E7230076331B786F
:1097C800002B00D003E7230078331B780F22190001
:1097D80011401342D6D05BB22000002B02DA00F011
:1097E800B7FECFE700F09EFECCE7230076331B7868
:1097F800002B00D0EBE6230078331B780F221900EA
:1098080011401342BED05BB22000002B02DA00F0F8
:1098180077FEB7E700F060FEB4E71423337072B642
:109828000B000A002000FFF70FFE62B6E0E60029F1
:1098380006D01523337072B60021E36EA26EF1E7ED
:109848000B23337072B60B000A00F0E60203000027
:1098580000FAFFFF020C0000F4C00008079300089C
:10986800F0C00008F2C0000870B5050064350400B7
:10987800287800283BD00638C3B20F2B2FD80F28E2
:109888002DD8F6F701FD342C2C08222D2C2C2C2C4D
:109898002C2C2C2C343423007B331A78013B1B7876
:1098A800E06E1202134398420FD2E368198AF6F762
:1098B80085FD002909D172B60B000A002000FFF7C8
:1098C800D6FD62B60A232B7009E014232B7072B6FA
:1098D800002320001A001900FFF7B6FD62B670BD1C
:1098E800236F002B01D0200098470023EBE70021CD
:1098F800200000F005FE0021200000F0EDFD636867
:109908001B68002B02D00621200098470623DAE7BF
:1099180070B5050064352B780400142B26D019D8AF
:10992800062B06D002D8002B03D070BD093B022BB2
:10993800FBD80021200000F0E3FD0021200000F00A
:10994800CBFD63681B68002B02D0062120009847D6
:10995800062315E0152BE8D10A3B2B7072B60023BD
:109968001A001900FFF783FD62B6DEE7C3689B693A
:109978005B68002BD9D1036F002B00D098470023D8
:109988002B70D2E70322F0B5FF26C0250240D20093
:109998009640890191400A4F83089B00DB19AD006E
:1099A8005C591F22B4430C435C510123024093408D
:1099B800C02240098000C019520083500360F0BDE6
:1099C80000E100E01F21012201408A4043090949C2
:1099D80020339B0010B55A5083089B005B18032165
:1099E80008408840C024FC318140A4001A598A43A9
:1099F8001A5110BD00E100E010B503210520FFF762
:109A0800C1FF03210620FFF7BDFF03210720FFF751
:109A1800B9FF10BD1A4B1B4A996A10B50A43FC21BD
:109A28009A629A6AC9030A409A629A6A1A69012272
:109A3800002152421A611A6919611A69D868124AD2
:109A480002438020DA60DA68C0030240DA60DA682C
:109A58008022D86952050243DA61DA6980220B480C
:109A68005200046822430260C022186A9200104221
:109A780003D0802252021A621962FFF7BDFF10BD9F
:109A880000100240FFFF81FFFFFFBFFF0070004092
:109A98000122264B19680A431A60022219681142EA
:109AA800FCD003215A688A435A600C22596808007E
:109AB80010401142FAD1F9211A680A401A600122AD
:109AC8005860596B0A435A630222596B1142FCD001
:109AD8000122596A0A435A620222596A1142FCD089
:109AE800A02100228903DA6259601A63802219686A
:109AF80052040A431A608022920419681142FCD069
:109B080011210B4A1160103910680842FCD002225A
:109B180059680A430C215A605A680A40082AFBD13E
:109B28009969073A0A439A619B6970470010024095
:109B3800002002407047F0B51300032501278BB0C1
:109B48002B40059393083B400193D3082B400F26E5
:109B5800029353092B409C460023D2093240059CAE
:109B68000792069708950996069A11422ED007265D
:109B7800069F1E409F40079DB20003929540426891
:109B8800019EBA433243089E5F00BE403700F64349
:109B9800426082680496029EBA43324366468260F7
:109BA800C268BA433243C260039E099AB240059E16
:109BB800D243022E1DD1072B16D8066A32402A43FB
:109BC80002620268049D2A4022430260490821D0AB
:109BD800019AA40052000192029A01339200029263
:109BE800624692009446BFE7466A32402A43426280
:109BF800E7E70668049F3E4026430660072B04D823
:109C0800066A32402A430262E0E7466A32402A4343
:109C18004262DBE70BB0F0BD01220E4B10B5D969EB
:109C28000F201143D9610C49DB698B6813438B60A2
:109C380080230A49DB05996201214942D962002142
:109C480099615963D96059605A6102311A60FFF706
:109C580099FE10BD0010024000580140BF120000DC
:109C68008022D2051369D16810B50B40D9B2C94317
:109C780011619B0703D572B6FEF776FE62B610BD7A
:109C880010B57446FFF7ECFF2000FFF7DBF810BDB6
:109C980010B50348034BC360FFF7CFFA10BDC046A9
:109CA800BC1D0020002C0140037870B50400012B76
:109CB80017D1154B984214D18022144B120199697F
:109CC8000D20114399619969D9680A43DA60DA6805
:109CD8000F490A40DA600221DB68FFF753FE0D4B9B
:109CE800A3606568A0682968F6F7E2FA0022A96807
:109CF800E36801381A605960FF2180B298621A61DE
:109D0800EA688A43DA6070BDBC1D0020001002407A
:109D1800FFF7FFFF006CDC02C3680139D96201223A
:109D280000215A615962196141684968002902D0C5
:109D3800D9680A43DA6085221A6070470022FF2139
:109D4800C3681A601A61DA688A43DA607047C268C1
:109D580010B51369D16804000B40D9B2C943116129
:109D6800DB070CD50378042B03D1023B0370FFF704
:109D7800E5FF63685B68002B01D02000984710BDA1
:109D880010B574460348FFF7E2FF2000FFF75AF8C2
:109D980010BDC046BC1D002010B5044C2000FFF7C4
:109DA80077FA04232374024BA36110BDCC1D002055
:109DB80000040040037870B50400012B61D1364BD4
:109DC800984212D10221354B1020DA690A43DA6130
:109DD800DA691A690A431A611A698A431A610131F0
:109DE8001B69FFF7CFFD2E4B6361A3692D4A9A616A
:109DF800DA61656860692968F6F75AFA0F21A3687D
:109E0800A269013B01389062D362EB6A5360EB6848
:109E1800194001293ED00023022901D101230B4317
:109E28000F2168690140012903D0022903D11E319D
:109E38000B4310210B430F21E8690140012904D08D
:109E4800022905D1FF31FF310B43802149000B4323
:109E58000F21686A0140012904D0022905D1802117
:109E680089010B43802149010B431362012353618C
:109E78000023FF2113612B6B8B43D3608523136071
:109E880070BD002283691A605A639A63DA631A64A0
:109E98005A62AEE70021C1E7CC1D00200010024045
:109EA800006CDC026868000083690C31890059186D
:109EB8004A6070470B00826900200C339B00D3185E
:109EC800586002308840D3688343D36070470123C9
:109ED8008269D168194204D102200B4340421061C3
:109EE800D360704701218269D3688B43D360704780
:109EF800836970B51D69DA6804001540EAB2D24377
:109F08001A61AB0704D543681B69002B00D098473A
:109F18006B0705D563689B69002B01D02000984723
:109F28002B0705D563681B6A002B01D020009847D2
:109F3800EB0605D563689B6A002B01D02000984783
:109F4800EB0705D563689B68002B01D02000984774
:109F580070BD000010B574460348FFF7C9FF200024
:109F6800FEF770FF10BDC046CC1D00200B4B30B56E
:109F78001B6D0B4CC0001B19C018038889181B19CE
:109F880094B244808C1A002A00DC30BD60782578B1
:109F9800000228431880023A0233F3E7005C0040CD
:109FA800006000407346F0B5804C87B0656C05933F
:109FB8006B0504D57E4B7F486364FFF77DFA2B055C
:109FC80008D50823226C7B48134323647A4B6364C7
:109FD800FFF7A8FAEB040BD5A36C1B0406D40822E0
:109FE800236C744893432364FFF7CAFA734B636482
:109FF800AB0507D56F484368DB68002B00D098474E
:10A008006F4B636480231B021D4204D10598FEF741
:10A0180019FF07B0F0BD0F27644B2F40BD00ED18A6
:10A028002B68644E0293BB1C9B00F3185B6801937A
:10A03800029B1B0626D52A686249019B0A4080219B
:10A048005B6909020A432A601A69186894465A68C3
:10A05800196862445A60801A91422DD0019A128A76
:10A06800824200D9020099681A6161449960F8B285
:10A07800FFF77CFF2A68544B1A4030235A40534B51
:10A0880013432B608022029B1202134212D02B68CA
:10A098004C4A1A40802313432B60FBB29C46029B18
:10A0A8001B0521D54348BB1C9B00C3185B68614650
:10A0B8005B689847656CA5E70122BA4033899343EA
:10A0C8003381019B9B68002B02D03000F9B298477E
:10A0D80072B6BB1C9B00F6187368002158690C30D7
:10A0E800FEF73CFE62B6CDE7019B39489A69F90054
:10A0F80093680393236D1B185B18998809180491BA
:10A10800DB8802919B059B0D19000398012938D81B
:10A118000499039E5808400009183618834201D054
:10A12800098831709168C91891605168C9185160DF
:10A138001168C91A1160118A013989B21182019A0C
:10A14800528A9A4201D8002926D10122BA40194DD3
:10A15800BE1C6B8993436B81B300EB185B68DB68AB
:10A16800002B02D061462800984772B6B600AD1998
:10A178006B689B69180059680C30FEF7EFFD62B6F2
:10A1880098E7029E023936880670360A4670029EA3
:10A19800023002360296B9E72A680E4B1A40C023ED
:10A1A8009B015A40094B13432B6083E7005C004036
:10A1B800FFFBFFFFE81D0020FFF7FFFFFFEFFFFF9A
:10A1C800FFFDFFFF0F07FFFFBF87FFFF8080000035
:10A1D800006000408FB7FFFF10B50248FFF7A7F8EF
:10A1E80010BDC046E81D0020037810B5012B0ED025
:10A1F800074B98420BD11F20FFF7E4FB0322054BC6
:10A2080005491A64054BDA690A40DA61DB6910BD51
:10A21800E81D0020005C0040FFFF7FFF00100240A7
:10A2280080227E3003781343014AD3647047C046C6
:10A23800005C00408B1C9B00C318F7B55C680323C7
:10A2480022681340032B56D05A4253415B022E4AD0
:10A258002E4E126DCD009219AD186269002A13D0E6
:10A268000700002208376A80FA6F0192228A0132B9
:10A278001600012296433200019E9219FA676A4637
:10A28800968820222E801343A269002A18D0648A57
:10A29800661E3E2C32D91F223243013252119602D9
:10A2A8001B4A3243012692B20830EA800134C26F59
:10A2B800B443A41892B2C467AA80802292011343BF
:10A2C80011488A00121880201468C001044200D086
:10A2D800034340201468044200D003430D48194347
:10A2E80001400D480D4C01431160116823404B405B
:10A2F80003431360F7BDC023DB00A8E70122324304
:10A30800013252109202CDE7005C0040006000402C
:10A318000080FFFF0F07FFFF8080000070780000BB
:10A32800002180230B4A10B511655164D36443683A
:10A33800DB685C4263419E245B4224025B021B197A
:10A348001364030040220833DA67034BC360FFF746
:10A3580071FF10BD005C0040F8C00008017870B5BE
:10A368000400012914D10B4B98420ED180220A4BCC
:10A378001204D869094D0243DA61DB691F20296498
:10A388000231FFF7FFFA00232B642000FFF7C8FF14
:10A3980070BDC046E81D002000100240005C00406F
:10A3A800402301220830C3670548064993005B181B
:10A3B80019680132014319601860082AF5D17047FD
:10A3C80080800000005C0040084B8900C958C0220A
:10A3D8000B00920113401800114205D0044A9B1843
:10A3E8001800431E984101307047C046005C004089
:10A3F80000F0FFFF074B8900C95830220B001340BB
:10A408001800114204D0103B1800431E9841013037
:10A418007047C046005C0040084B09481B6DC900E6
:10A428001B18C9188B881B181000083019880233AC
:10A43800118002329042F9D17047C046005C00405A
:10A44800006000408B1C9B00C018426870B595697D
:10A458000C0028680123002805D0518A40180138CB
:10A46800F5F726FF83B22B82064BA400E418226876
:10A47800054B1A40C0239B015A40044B13432360E9
:10A4880070BDC046005C00408FB7FFFF80800000B1
:10A498008B1C9B0010B5C01842680C005369128AC7
:10A4A80019688A4200D90A00200099681A61FFF7E2
:10A4B8005DFD064BA400E4182268054B1A403023C2
:10A4C8005A40044B1343236010BDC046005C004053
:10A4D800BF87FFFF80800000064B8900C9180A6803
:10A4E800054B1A4080235B015A40044B13430B6011
:10A4F8007047C046005C00408FB7FFFF80800000B7
:10A50800054B8900C9180A68044B1A4010235A40A1
:10A51800034B13430B607047005C0040BF87FFFF8D
:10A5280080800000C022074B8900C9180B6892017F
:10A538001340934205D00B68034A1A40034B134358
:10A548000B607047005C0040BF87FFFF80A00000E1
:10A558003022084B8900C9180B681340934207D072
:10A568000A68054B1A4020235A40044B13430B60DA
:10A578007047C046005C0040BF87FFFF8080000036
:10A588004B6843608B688360CB68C3600B69436129
:10A598004B6903628B6943620B6803607047000074
:10A5A800FC22154BD203996A10B511439962996A36
:10A5B8001248014090209962996A5969C0050A4376
:10A5C8005A610F495B69FFF7DBFF0E490E48FFF739
:10A5D800D7FF0E490E48FFF7D3FF0E490E48FFF785
:10A5E800CFFF0E490E48FFF7CBFF0E490E48FFF785
:10A5F800C7FFFFF74DFA10BD00100240FFFF81FFB3
:10A608001CC1000838C100080004004854C10008F3
:10A618000008004870C10008000C00488CC1000800
:10A6280000100048A8C1000800140048704716230D
:10A6380003600120404270470020704718007047AF
:10A648000020704710B50022040008000121FEF721
:10A658003DF9002802D10C230138236010BD10B544
:10A668001400002158222000F6F770F980239B017E
:10A678000020636010BD0120704710B5F6F7CCF8D4
:0EA6880001230360584210BD01207047FEE719
:04A69800F8B5C0460B
:04A69C00F8B5C04607
:10A6A00000202020202020202020282828282820A2
:10A6B000202020202020202020202020202020209A
:10A6C0002088101010101010101010101010101002
:10A6D00010040404040404040404041010101010F2
:10A6E00010104141414141410101010101010101BC
:10A6F000010101010101010101010101101010100E
:10A70000101042424242424202020202020202028D
:10A7100002020202020202020202020210101010E1
:10A720002000000000000000000000000000000009
:10A730000000000000000000000000000000000019
:10A740000000000000000000000000000000000009
:10A7500000000000000000000000000000000000F9
:10A7600000000000000000000000000000000000E9
:10A7700000000000000000000000000000000000D9
:10A7800000000000000000000000000000000000C9
:10A7900000000000000000000000000000000000B9
:10A7A00000000000040C0020000000000000000079
:10A7B0000000000000000000000000000000000099
:10A7C0000000000000000000000000000000000089
:10A7D0000000000000000000000000000000000079
:10A7E0000000000000000000000000000000000069
:10A7F0000000000000000000000000000000000059
:10A80000000000000000000049004600480047002A
:10A8100029003A003B003C003D0000003E003F00A4
:10A8200040004100000042004300440045004C004D
:10A83000530054005500560035001E001F00200034
:10A8400021002200230024002500260027002D00DF
:10A850002E002A0000004A005F00600061005700DF
:10A860002B0014001A000800150017001C00180027
:10A870000C00120013002F003000000031004D00CA
:10A880005C005D005E000000390004001600070057
:10A8900009000A000B000D000E000F003300340009
:10A8A0000000000028004B0059005A005B005800CF
:10A8B000E10000001D001B0006001900050011004A
:10A8C00010003600370038000000E50052004E004E
:10A8D0006200000063000000E000E300E20000000E
:10A8E000000000002C0000000000E6000000015104
:10A8F0000000500051004F00000000000000000068
:10A90000BF5C00000000000000000000000000002C
:10A910000000000000000000000000000000005CDB
:10A920000000000000000000000000000000000027
:10A930000000000000000000000000000000000017
:10A940000000000000000000000000000000000007
:10A9500000000000000000000000000000000000F7
:10A9600000000000000000000000000000000000E7
:10A9700000000000000000000000000000000000D7
:10A9800000000000000000000000000000000000C7
:10A9900000000000000000000000000000000000B7
:10A9A00000000000000000000000000000000000A7
:10A9B000000000000000000000000000BE5C00007D
:10A9C0000000000000000000000000000000000087
:10A9D0000000000000000000000000000000010076
:10A9E0000000BC5CBD5CBB5C00000000000000001F
:10A9F0000000000000000000000000000000000057
:10AA00000000000000000000000000000000000046
:10AA10000000000000000000000000000000000036
:10AA20000000000000000000000000000000000026
:10AA30000000000000000000000000000000000016
:10AA40000000000000000000000000000000000006
:10AA500000000000000000000000000000000000F6
:10AA600000000000000000000000000000000000E6
:10AA700000000000000000000000000000000000D6
:10AA800000000000000000000000000000000000C6
:10AA900000000000000000000000000000000000B6
:10AAA00000000000000000000000000000000000A6
:10AAB0000000000000000000000000000000000096
:10AAC0000000000000000000000000000000010085
:10AAD0000000000000000000000000000000000076
:10AAE000BF5C00000000000000000000000000004B
:10AAF0000000000000000000000000000000000056
:10AB00000000000000000000000000000000000045
:10AB10000000000000000000000000000000000035
:10AB20000000000000000000000000000000000025
:10AB30000000000000000000000000000000000015
:10AB40000000000000000000000000000000000005
:10AB500000000000000000000000000000000000F5
:10AB600000000000000000000000000000000000E5
:10AB700000000000000000000000000000000000D5
:10AB800000000000000000000000000000000000C5
:10AB900000000000000000000000000000000000B5
:10ABA00000000000000000000000000000000000A5
:10ABB0000000000000000000000000000000010094
:10ABC000000000000000000044454255473A20655F
:10ABD0006E61626C65642E0A0044454255473A2016
:10ABE00064697361626C65642E0A000000000000F5
:10ABF0000000000000000000000000000000000055
:10AC00000000000000000000000000000000000044
:10AC10000000002A2B2800000000000000000000B7
:10AC200000000000000029000000002C1E3420213C
:10AC30002224342627252E362D3738271E1F202183
:10AC400022232425263333362E37381F04050607E2
:10AC500008090A0B0C0D0E0F1011121314151617FC
:10AC600018191A1B1C1D2F3130232D35040506071A
:10AC700008090A0B0C0D0E0F1011121314151617DC
:10AC800018191A1B1C1D2F3130354C000000007E96
:10AC90000F00D4FFFFFFC70000007800E200E900CA
:10ACA000EA00B500B600B700CD008301CC008A01F0
:10ACB0009201940121022302240225022602270286
:10ACC0002A02B300B4006F0070000A722F632030B4
:10ACD00031323334353637383941424344454630D2
:10ACE0003132333435363738394142434445460AE8
:10ACF000002530325800253033326C6200000000ED
:10AD00000D0400480E0400480F04004808000048E5
:10AD100000040048070000480500004804000048FF
:10AD200003000048090400480D0800480E080048C8
:10AD30000F080048001400480114004800000048B3
:10AD400001000048020000480804004807040048C9
:10AD5000090000480C0400480B0400480A0400489D
:10AD600002040048010400480A092D204D6F757344
:10AD7000656B6579202D0A4553432F713A0971752A
:10AD800069740A313A0964656C6179282A31306D39
:10AD900073290A323A09696E74657276616C286D9E
:10ADA00073290A333A096D61785F73706565640AC7
:10ADB000343A0974696D655F746F5F6D61780A3547
:10ADC0003A09776865656C5F6D61785F737065657A
:10ADD000640A363A09776865656C5F74696D655F0A
:10ADE000746F5F6D61780A0A703A097072696E74E7
:10ADF0002076616C7565730A643A09736574206422
:10AE0000656661756C74730A75703A092B310A6452
:10AE10006F776E3A092D310A706775703A092B31D8
:10AE2000300A7067646F776E3A092D31300A0A7301
:10AE300070656564203D2064656C7461202A206D16
:10AE400061785F7370656564202A2028726570657B
:10AE50006174202F2074696D655F746F5F6D617818
:10AE6000290A0077686572652064656C74613A2010
:10AE7000637572736F723D25642C20776865656C0D
:10AE80003D25640A53656520687474703A2F2F65F8
:10AE90006E2E77696B6970656469612E6F72672FBA
:10AEA00077696B692F4D6F7573655F6B6579730A91
:10AEB000006D6B5F64656C6179203D2025640A003C
:10AEC0006D6B5F696E74657276616C203D202564E0
:10AED0000A006D6B5F6D61785F7370656564203D1E
:10AEE0002025640A006D6B5F74696D655F746F5F28
:10AEF0006D6178203D2025640A006D6B5F77686581
:10AF0000656C5F6D61785F7370656564203D2025B9
:10AF1000640A006D6B5F776865656C5F74696D6569
:10AF20005F746F5F6D6178203D2025640A004C25B9
:10AF3000640A006565636F6E6669673A0A00646556
:10AF40006661756C745F6C617965723A2000257575
:10AF50000064656275675F636F6E6669672E726114
:10AF6000773A20002E656E61626C653A20002E6D86
:10AF700061747269783A20002E6B6579626F617234
:10AF8000643A20002E6D6F7573653A20006B657909
:10AF90006D61705F636F6E6669672E7261773A20CC
:10AFA000002E737761705F636F6E74726F6C5F6396
:10AFB0006170736C6F636B3A20002E636170736C09
:10AFC0006F636B5F746F5F636F6E74726F6C3A2048
:10AFD000002E737761705F6C63746C5F6C6775696A
:10AFE0003A20002E737761705F7263746C5F7267D2
:10AFF00075693A20002E737761705F6C616C745FC5
:10B000006C6775693A20002E737761705F72616CAE
:10B01000745F726775693A20002E6E6F5F6775699D
:10B020003A20002E737761705F67726176655F65A5
:10B0300073633A20002E737761705F6261636B7394
:10B040006C6173685F6261636B73706163653A2002
:10B05000002E6E6B726F3A20006261636B6C6967E1
:10B0600068745F636F6E6669672E7261773A20005D
:10B070002E6C6576656C3A2000436C656172696E72
:10B080006720454550524F4D0A000A092D204D6159
:10B09000676963202D0A443A094465627567204D4B
:10B0A00065737361676520546F67676C650A583A0A
:10B0B000094D6174726978204465627567204D6F2F
:10B0C000646520546F67676C65202D2053686F7727
:10B0D000206B65797072657373657320696E206D7E
:10B0E000617472697820677269640A4B3A094B652A
:10B0F00079626F61726420446562756720546F677E
:10B10000676C65202D2053686F77206B65797072AE
:10B11000657373207265706F72740A4D3A094465E5
:10B12000627567204D6F75736520546F67676C6536
:10B130000A563A0956657273696F6E0A533A095393
:10B1400074617475730A433A094163746976617472
:10B150006520436F6E736F6C65204D6F64650A46A2
:10B16000312D4631303A0953776974636820746F22
:10B17000204C6179657220302D39202846313020ED
:10B180003D204C30290A302D393A095377697463D0
:10B190006820746F204C6179657220302D390A4720
:10B1A000524156453A0953776974636820746F2099
:10B1B0004C6179657220302028616C7465726E6113
:10B1C0007465290A423A094A756D7020746F2042ED
:10B1D0006F6F746C6F616465720A4553433A094A34
:10B1E000756D7020746F20426F6F746C6F61646551
:10B1F000722028616C7465726E617465290A453A23
:10B20000095072696E7420454550524F4D20536568
:10B210007474696E67730A4253504143453A094357
:10B220006C65617220454550524F4D0A4E3A094EA9
:10B230004B524F20546F67676C650A5A3A09536C3A
:10B24000656570204C454420546573740A000A09F2
:10B250002D20436F6E736F6C65202D0A4553432F6D
:10B26000713A09717569740A6D3A096D6F75736584
:10B270006B65790A00433E20000A0A4A756D7069C1
:10B280006E6720746F20626F6F746C6F616465729B
:10B290002E2E2E20000A64656275673A206F6E0AB2
:10B2A000000A64656275673A206F66660A000A6D77
:10B2B00061747269783A206F6E0A000A6D61747267
:10B2C00069783A206F66660A000A6B6579626F6179
:10B2D00072643A206F6E0A000A6B6579626F617260
:10B2E000643A206F66660A000A6D6F7573653A20CE
:10B2F0006F6E0A000A6D6F7573653A206F66660A95
:10B30000000A092D2056657273696F6E202D0A00A0
:10B310005649443A203078423136422852616D6FA6
:10B320006E20496D62616F29205049443A2030787F
:10B3300030304235285765746529205645523A20E9
:10B340003078303031320A004255494C443A20209E
:10B35000284A756C2031332032303231290A0043BB
:10B36000484942494F533A2022627265616B696EC7
:10B37000675F323032315F7131222C20434F4E549F
:10B380005249423A2022627265616B696E675F3290
:10B390003032315F7131220A004F5054494F4E53C1
:10B3A0003A204D4F5553454B45592045585452412D
:10B3B0004B455920434F4E534F4C4520434F4D4D25
:10B3C000414E44204E4B524F20424F4F544C4F4120
:10B3D0004445525F53495A450A004743433A20398E
:10B3E0002E322E310A000A092D20537461747573B0
:10B3F000202D0A00686F73745F6B6579626F6172EC
:10B40000645F6C65647328293A2025580A006B65CF
:10B4100079626F6172645F70726F746F636F6C3AA0
:10B420002025580A006B6579626F6172645F6964F8
:10B430006C653A2025580A006B65796D61705F6311
:10B440006F6E6669672E6E6B726F3A2025580A0020
:10B4500074696D65725F72656164333228293A20C0
:10B460002530346C580A004E4B524F3A206F6E0A0A
:10B47000004E4B524F3A206F66660A003F004D3E29
:10B4800020000A092D2056616C756573202D0A0075
:10B49000313A2064656C6179282A31306D73293A1C
:10B4A0002000323A20696E74657276616C286D7383
:10B4B000293A2000333A206D61785F7370656564C6
:10B4C0003A2000343A2074696D655F746F5F6D6176
:10B4D000783A2000353A20776865656C5F6D617851
:10B4E0005F73706565643A2000363A207768656559
:10B4F0006C5F74696D655F746F5F6D61783A200091
:10B500007365742064656661756C740A004D25640A
:10B510003E20004D3E000102030405060708090015
:10B520006D6F7573656B6579205B62746E7C7820D6
:10B5300079207620685D287265702F61636C293AE6
:10B54000205B007C002564005D28002F007267628C
:10B550006C696768745F636F6E6669672045455004
:10B56000524F4D3A0A007267626C696768745F6394
:10B570006F6E6669672E656E61626C65203D202581
:10B58000640A007267686C696768745F636F6E66EF
:10B5900069672E6D6F6465203D2025640A0072671F
:10B5A000626C696768745F636F6E6669672E687541
:10B5B00065203D2025640A007267626C69676874C3
:10B5C0005F636F6E6669672E736174203D2025642A
:10B5D0000A007267626C696768745F636F6E6669A0
:10B5E000672E76616C203D2025640A007267626CCC
:10B5F000696768745F636F6E6669672E73706565EF
:10B6000064203D2025640A007267626C6967687473
:10B6100020736574207370656564205B45455052E6
:10B620004F4D5D3A2025750A007267626C69676844
:10B630007420736574207370656564205B4E4F459C
:10B640004550524F4D5D3A2025750A007267626C75
:10B6500069676874207261696E626F7720736574C0
:10B66000206873763A2025642C25642C25642C25CB
:10B67000750A007267626C6967687420736574206C
:10B68000687376205B454550524F4D5D3A202575D5
:10B690002C25752C25750A007267626C69676874C1
:10B6A0002073657420687376205B4E4F4545505279
:10B6B0004F4D5D3A2025752C25752C25750A00C83F
:10B6C0007267626C696768742074696D6572206561
:10B6D0006E61626C65642E0A007267626C696768ED
:10B6E000742074696D65722064697361626C652E83
:10B6F0000A007267626C69676874206D6F64652008
:10B700005B454550524F4D5D3A2025750A007267E2
:10B71000626C69676874206D6F6465205B4E4F458D
:10B720004550524F4D5D3A2025750A007267626C94
:10B730006967687420656E61626C65205B45455081
:10B74000524F4D5D3A207267626C696768745F633F
:10B750006F6E6669672E656E61626C65203D20259F
:10B76000750A007267626C696768745F696E6974F4
:10B770002063616C6C65642E0A007267626C696795
:10B7800068745F696E6974207374617274210A0051
:10B790007267626C696768745F696E697420656559
:10B7A000636F6E666967206973206E6F7420656EC3
:10B7B00061626C65642E0A007267626C6967687406
:10B7C0005F696E6974207267626C696768745F6331
:10B7D0006F6E6669672E6D6F6465203D20302E2088
:10B7E00057726974652064656661756C7420766152
:10B7F0006C75657320746F20454550524F4D2E0A6D
:10B80000007267626C6967687420656E61626C655E
:10B81000205B4E4F454550524F4D5D3A2072676256
:10B820006C696768745F636F6E6669672E656E61C9
:10B83000626C65203D2025750A007267626C69673D
:10B8400068742064697361626C65205B4545505281
:10B850004F4D5D3A207267626C696768745F636F11
:10B860006E6669672E656E61626C65203D20257588
:10B870000A007267626C6967687420746F67676C2E
:10B8800065205B454550524F4D5D3A207267626CB2
:10B89000696768745F636F6E6669672E656E616263
:10B8A0006C65203D2025750A007267626C696768C7
:10B8B000742064697361626C65205B4E4F4545502E
:10B8C000524F4D5D3A207267626C696768745F63BE
:10B8D0006F6E6669672E656E61626C65203D20251E
:10B8E000750A001E140A05FFAA7F55407F3F1F7886
:10B8F0003C1E6432140000046432141E0F05000163
:10B90000020202020606060909090909090F0F0FBA
:10B910000F0F0F15151518191919191919191919C2
:10B920001923242525252525252223252628292ACE
:10B930002C2D2F3032333536383A3B3D3E40424392
:10B940004547494A4C4E5051535557595A5C5E60D1
:10B9500062646668696B6D6F71737577797B7D7FE3
:10B9600081838587898A8C8E90929496989A9C9EE2
:10B970009FA1A3A5A7A8AAACAEAFB1B3B4B6B8B9FE
:10B98000BBBCBEBFC1C2C3C5C6C7C9CACBCCCDCE66
:10B99000D0D1D2D2D3D4D5D6D7D7D8D9D9DADADB49
:10B9A000DBDBDCDCDCDCDCDDDDDDDDDCDCDCDCDCD5
:10B9B000DBDBDBDADAD9D9D8D7D7D6D5D4D3D2D214
:10B9C000D1D0CECDCCCBCAC9C7C6C5C3C2C1BFBEFC
:10B9D000BCBBB9B8B6B4B3B1AFAEACAAA8A7A5A367
:10B9E000A19F9E9C9A98969492908E8C8A89878526
:10B9F00083817F7D7B79777573716F6D6B69686605
:10BA00006462605E5C5A5957555351504E4C4A49D6
:10BA100047454342403E3D3B3A3836353332302F7E
:10BA20002D2C2A2928262523226261636B6C6967E5
:10BA3000687420627265617468696E6720656E6102
:10BA4000626C650A006261636B6C6967687420628E
:10BA50007265617468696E672064697361626C65A0
:10BA60000A006261636B6C69676874206272656169
:10BA70007468696E6720746F67676C653A20257516
:10BA80000A006261636B6C6967687420696E637237
:10BA9000656173653A2025750A006261636B6C69A4
:10BAA0006768742064656372656173653A20257503
:10BAB0000A006261636B6C6967687420656E61621D
:10BAC0006C650A006261636B6C6967687420646905
:10BAD0007361626C650A006261636B6C69676874AC
:10BAE00020746F67676C653A2025750A0062616390
:10BAF0006B6C6967687420737465703A2025750AE9
:10BB0000000000000000000000000000010102032E
:10BB1000040506080A0C0F1114181C2024292E33C2
:10BB2000393F464C535B626A7179818A929AA2AA24
:10BB3000B2B9C1C8CFD5DCE1E7EBF0F4F7FAFCFD10
:10BB4000FEFFFEFDFCFAF7F4F0EBE7E1DCD5CFC831
:10BB5000C1B9B2AAA29A928A8179716A625B534C86
:10BB6000463F39332E2924201C1814110F0C0A08C3
:10BB700006050403020101000000000000000000AF
:10BB800000000101010101010101010202020202A2
:10BB90000202020203030303030303030404040475
:10BBA000040404050505050506060606060707073D
:10BBB000070708080808090909090A0A0A0B0B0BF4
:10BBC0000C0C0C0D0D0D0E0E0E0F0F0F1010111191
:10BBD0001112121313141415151616171718181915
:10BBE000191A1A1B1B1C1D1D1E1E1F20202122227C
:10BBF000232424252626272829292A2B2C2D2D2EBF
:10BC00002F30313232333435363738393A3B3C3DD8
:10BC10003E3F404142434445464748494A4C4D4EC9
:10BC20004F50515354555658595A5B5D5E5F61628F
:10BC300064656668696B6C6D6F7072737577787A1E
:10BC40007B7D7E8082838587888A8C8E8F91939579
:10BC500096989A9C9EA0A2A3A5A7A9ABADAFB1B39D
:10BC6000B5B7BABCBEC0C2C4C6C9CBCDCFD1D4D67D
:10BC7000D8DBDDDFE2E4E7E9EBEEF0F3F5F8FAFD1F
:10BC8000FF6B6579626F6172645F7265706F727469
:10BC90003A20002530325820006B6579626F61725E
:10BCA000645F7365745F6C65643A2000E200E900CC
:10BCB000EA00B500B600B700CD008301CC008A01D0
:10BCC0009201940121022302240225022602270266
:10BCD0002A02B300B4006F0070004F6E6573686F86
:10BCE000743A206163746976653A2025640A0061BC
:10BCF00064645F6B65795F6269743A2063616E2783
:10BD000074206164643A20253032580A0064656CFE
:10BD10005F6B65795F6269743A2063616E27742096
:10BD200064656C3A20253032580A0000000000009B
:10BD3000000000000000010204060A0F17202C3A40
:10BD40004A5D71879DB3C7DAE9F5FCFFFCF5E9DAD6
:10BD5000C7B39D87715D4A3A2C20170F0A0604026B
:10BD600001000000000000000000000040420F0041
:10BD7000A97C000800000000000000000300000093
:10BD800000000000317D00080000000008000000F5
:10BD900090130020000000000200000000000000DE
:10BDA0000300000000000000E18000080000000027
:10BDB00020000000E013002000000000020000004E
:10BDC00000000000A97D0008517D00084D7F00089B
:10BDD000357D000855534220636F6E666967757242
:10BDE00065642E0A004B6579626F6172642073741A
:10BDF0006172742E0A005B735D0000001FBF0008B3
:10BE000023BF00083DBF000804180A0042BE000816
:10BE10005BBE00087BBE000894BE0008DFBE0008C1
:10BE200049BF00086BBF0008ABBE00084022B62225
:10BE300009027B00040100A0FA09040000010301CB
:10BE400001000921110100012240000705810308BA
:10BE5000000A090401000203000000092111010089
:10BE600001222200070582032000010705030320A9
:10BE70000001090402000103000000092111010072
:10BE80000122B6000705840320000A09040300020A
:10BE9000030000000921110100012222000705858D
:10BEA00003200001070506032000010631FF097485
:10BEB000A1010975150026FF00952075088102096A
:10BEC00076150026FF00952075089102C01201101A
:10BED00001000000406BB1B5001200010200010535
:10BEE000010906A101050719E029E71500250195BB
:10BEF000087501810295017508810105071900295E
:10BF0000FF150026FF009506750881000508190138
:10BF10002905950575019102950175039101C004EC
:10BF20000309041803520061006D006F006E0020C9
:10BF30000049006D00620061006F0000000A0357B5
:10BF40000065007400650000000660FF0961A10142
:10BF50000962150026FF0095207508810209631506
:10BF60000026FF00952075089102C005010902A175
:10BF70000185020901A100050919012908150025FB
:10BF800001950875018102050109300931158125E6
:10BF90007F95027508810609381581257F95017501
:10BFA000088106050C0A38021581257F9501750860
:10BFB0008106C0C005010980A101850319012AB7C6
:10BFC00000150126B700950175108100C0050C0908
:10BFD00001A101850419012AA002150126A00295DC
:10BFE0000175108100C005010906A101850505073D
:10BFF00019E029E71500250195087501810205075B
:10C00000190029EF1500250195F075018102050839
:10C010001901290595057501910295017503910195
:10C02000C000000000000000BB850008A3850008D8
:10C03000EB850008D3850008E1850008C985000864
:10C04000B1850008998500080000000018C60008A6
:10C05000741E0020741E0020741E002018C60008E4
:10C0600000000000000000000000000018C60008EA
:10C0700000000000000000000000000018C60008DA
:10C0800000000000000000000000000018C60008CA
:10C0900000000000000000000000000018C60008BA
:10C0A00000000000000000000000000018C60008AA
:10C0B00000000000000000000000000018C600089A
:10C0C0000000000000000000000000006D61696ECB
:10C0D0000069646C65000000D1C00008B81C002035
:10C0E000701D0020010000002D89000800000000E4
:10C0F000000001000000000000000000A195000801
:10C10000719800081999000840004000F8130020B9
:10C11000F8130020010000000C140020A0040028E7
:10C12000000000005FF7FFFF05515565DFFF0000CD
:10C13000001100000000000080000000000000006E
:10C14000FFFFFFFF55555555FFFF000000000000A1
:10C15000000000000000000000000000FFFFFFFFE3
:10C1600055555501FFFF00000000000000000000D1
:10C170000000000000000000FFFFFFFF555555556F
:10C18000FFFF0000000000000000000000000000B1
:10C1900000000000FFFFFFFF55555555FFFF000051
:10C1A000000000000000000000000000000000008F
:10C1B000FFFFFFFF50555555FFFF00000000000036
:10C1C000000000005245454E54206D616C6C6F6359
:10C1D0002073756363656564656400002E2E2F2EE1
:10C1E0002E2F2E2E2F2E2E2F2E2E2F2E2E2F2E2E6A
:10C1F0002F2E2E2F6E65776C69622F6C6962632F0C
:10C200007374646C69622F72616E642E6300000047
:10C210002C2066756E6374696F6E3A200000000012
:10C22000617373657274696F6E20222573222066B4
:10C2300061696C65643A2066696C65202225732209
:10C240002C206C696E65202564257325730A000017
:10C25000232D302B20000000686C4C00656667457C
:10C2600046470000303132333435363738394142B1
:10C270004344454600000000303132333435363710
:0CC28000383961626364656600000000EC
:08C28C00A843FF7F0100000040
:10C29400040C002000000000E8A70008C8A700085C
:10C2A400A8A7000800000000000000000000000033
:10C2B400000000000000000000000000000000007A
:10C2C400000000000000000000000000000000006A
:10C2D400000000000000000000000000000000005A
:10C2E400000000000000000000000000000000004A
:10C2F400000000001E320A141E6408280201010016
:10C304001800181801191A1B1C1D1E1F20212206B3
:10C31400FFFF00000001000000000000000000001A
:10C324000000000000000000000000000000000009
:10C3340000000000000000000000000000000000F9
:10C344000000000017110020517C000804000000C8
:10C3540004000000000000000000000000000000D5
:10C3640000000000000000000000000000000000C9
:10C3740000000000000000000000000000000000B9
:10C3840000000000000000000000000000000000A9
:10C394000300000000000000E18700080000000026
:10C3A4002000000000000000000000000200000067
:10C3B4000000000003000000000000000000000076
:10C3C4005588000800002000000000000000000064
:10C3D4000200000000000000030000000000000054
:10C3E4008F88000800000000080000000000000022
:10C3F400000000000200000000000000E81D002012
:10C4040005060000040000000400000020000000F5
:10C41400200000000100000048110020D811002075
:10C424000000000000000000000000000000000008
:10C4340000000000000000000000000000000000F8
:10C4440000000000000000000000000000000000E8
:10C4540000000000000000000000000000000000D8
:10C4640000000000000000000000000000000000C8
:10C4740000000000000000000000000000000000B8
:10C4840000000000000000000000000000000000A8
:10C494000000000000000000000000000000000098
:10C4A4000400000004000000000000000000000080
:10C4B4000000000000000000000000000000000078
:10C4C4000000000000000000000000000000000068
:10C4D4000000000000000000000000000000000058
:10C4E400000000000300000000000000E1870008D5
:10C4F4000000000020000000000000000000000018
:10C504000200000000000000030000000000000022
:10C514000000000055880008000020000000000012
:10C524000000000002000000000000000300000002
:10C53400000000008F8800080000000008000000D0
:10C5440000000000000000000200000000000000E5
:10C55400E81D0020020300000400000004000000A5
:10C5640020000000200000000000000068120020ED
:10C57400F81200200000000000000000000000008D
:10C5840000000000000000000000000000000000A7
:10C594000000000000000000000000000000000097
:10C5A4000000000000000000000000000000000087
:10C5B4000000000000000000000000000000000077
:10C5C4000000000000000000000000000000000067
:10C5D4000000000000000000000000000000000057
:10C5E4000000000000000000000000000000000047
:10C5F400000000000100000055820008618200086C
:10C60400E982000825830008518300080096000091
:04C61400000008001A
:0400000508000231BC
:00000001FF
