:020000040800F2
:100000000004002031020008958600083302000831
:1000100033020008330200083302000833020008EC
:1000200033020008330200083302000833020008DC
:1000300033020008330200083302000833020008CC
:1000400033020008330200083302000833020008BC
:1000500033020008330200083302000833020008AC
:10006000330200083302000833020008330200089C
:100070003302000833020008330200083D940008F0
:10008000CD94000833020008330200083302000850
:10009000330200083302000833020008330200086C
:1000A000330200083302000833020008330200085C
:1000B0003302000833020008330200081D950008CF
:0800C0003D01000811010008D8
:1000C8000448054B10B5834203D0044B002B00D0E5
:1000D800984710BD500F0020500F0020000000006E
:1000E80006480749091A8B10C90FC91810B54910D5
:1000F80003D0044B002B00D0984710BD500F0020B0
:10010800500F00200000000010B5074C2378002B8A
:1001180009D1FFF7D5FF054B002B02D0044800E0BA
:1001280000BF0123237010BD500F00200000000005
:10013800D0B40008054B10B5002B03D0044905487E
:1001480000E000BFFFF7CCFF10BDC0460000000074
:10015800540F0020D0B4000872B6244880F30888F1
:10016800234880F30988022080F31488BFF36F8F37
:1001780007F0E8FF07F08CFD1E481F491B4A914213
:1001880002DA08600431FAE71C49194A914202DA96
:1001980008600431FAE71A491A4A1B4B9A4204DAF2
:1001A8000868106004310432F8E700201749184A3B
:1001B800914202DA08600431FAE707F0C7FF07F056
:1001C800C2FF144C144DAC4203DA2168884704344A
:1001D800F9E707F06BFD114C114DAC4203DA2168C9
:1001E80088470434F9E70F49084700000004002055
:1001F800000C002055555555000000200004002033
:10020800D0B40008000C0020500F0020500F002030
:10021800AC1D0020C0000008C4000008C40000088D
:10022800C80000085181000896E700F000F8FEE7D2
:10023800F0B544464D4656465F46F0B46B46CB6033
:10024800C3689D46F0BCA046A946B246BB46F0BD71
:1002580062B6281CA047002008F098F9FEE708F0CD
:100268005BF9024A024B1360FEE7C04604ED00E06A
:100278000000008002B47146490849000956490047
:100288008E4402BC7047C04602B471464908490012
:10029800095C49008E4402BC7047C04603B47146ED
:1002A800490840004900095A49008E4403BC704778
:1002B800002243088B4274D303098B425FD3030A9D
:1002C8008B4244D3030B8B4228D3030C8B420DD3B0
:1002D800FF22090212BA030C8B4202D3121209023E
:1002E80065D0030B8B4219D300E0090AC30B8B427C
:1002F80001D3CB03C01A5241830B8B4201D38B032A
:10030800C01A5241430B8B4201D34B03C01A5241CE
:10031800030B8B4201D30B03C01A5241C30A8B4211
:1003280001D3CB02C01A5241830A8B4201D38B02FC
:10033800C01A5241430A8B4201D34B02C01A5241A0
:10034800030A8B4201D30B02C01A5241CDD2C30912
:100358008B4201D3CB01C01A524183098B4201D38E
:100368008B01C01A524143098B4201D34B01C01A79
:10037800524103098B4201D30B01C01A5241C308F1
:100388008B4201D3CB00C01A524183088B4201D360
:100398008B00C01A524143088B4201D34B00C01A4C
:1003A8005241411A00D20146524110467047FFE7B8
:1003B80001B5002000F0F0F802BDC0460029F7D0D2
:1003C80076E7704703460B437FD4002243088B42ED
:1003D80074D303098B425FD3030A8B4244D3030BC4
:1003E8008B4228D3030C8B420DD3FF22090212BA89
:1003F800030C8B4202D31212090265D0030B8B4205
:1004080019D300E0090AC30B8B4201D3CB03C01AEE
:100418005241830B8B4201D38B03C01A5241430BC9
:100428008B4201D34B03C01A5241030B8B4201D3B9
:100438000B03C01A5241C30A8B4201D3CB02C01A24
:100448005241830A8B4201D38B02C01A5241430A9C
:100458008B4201D34B02C01A5241030A8B4201D38B
:100468000B02C01A5241CDD2C3098B4201D3CB0132
:10047800C01A524183098B4201D38B01C01A5241E1
:1004880043098B4201D34B01C01A524103098B42E5
:1004980001D30B01C01A5241C3088B4201D3CB00D0
:1004A800C01A524183088B4201D38B00C01A5241B3
:1004B80043088B4201D34B00C01A5241411A00D263
:1004C80001465241104670475DE0CA0F00D04942CC
:1004D800031000D34042534000229C4603098B423C
:1004E8002DD3030A8B4212D3FC22890112BA030AC4
:1004F8008B420CD3890192118B4208D38901921146
:100508008B4204D389013AD0921100E08909C309CA
:100518008B4201D3CB01C01A524183098B4201D3CC
:100528008B01C01A524143098B4201D34B01C01AB7
:10053800524103098B4201D30B01C01A5241C3082F
:100548008B4201D3CB00C01A524183088B4201D39E
:100558008B00C01A5241D9D243088B4201D34B00B9
:10056800C01A5241411A00D20146634652415B10FB
:10057800104601D34042002B00D5494270476346DC
:100588005B1000D3404201B5002000F005F802BD21
:100598000029F8D016E770477047C046002B11D1E4
:1005A800002A0FD1002900D1002802D00021C94318
:1005B800081C07B4024802A14018029003BDC046B7
:1005C800D9FFFFFF03B4684601B5029800F02EF882
:1005D800019B9E4602B00CBC7047C046F0B515049E
:1005E8002D0C0F0001002E00C64684460004140C92
:1005F800000C090C46434D43604361434019340CD9
:10060800241800B5A54203D9802040028046414401
:10061800250C6D18614659437A433004491924045E
:10062800000C2018891804BC9046F0BDF0B5574658
:100638004E464546DE46E0B504000D009246994612
:1006480083B08B4230D82DD04946504600F0BAF8D6
:1006580029000600200000F0B5F8331A9846203B20
:100668009B4633D45A465346934042461F0053464E
:1006780093401E00AF423AD8AF4200D178E05B46C3
:10068800A41BBD41002B00DA75E000220023009274
:10069800019301235A469340019301234246934014
:1006A800009328E08242CFD90022002300920193D0
:1006B8000C9B002B01D01C605D600098019903B071
:1006C8003CBC90469946A246AB46F0BD4246202324
:1006D8009B1A5246DA40414613004A468A401700A0
:1006E80042461F43534693401E00AF42C4D90022DE
:1006F8000023009201934346002BD9D0FB077208D0
:100708001A4346467B080EE0AB4201D1A2420CD800
:10071800A41A9D41012024196D410021013E24188D
:100728004D41002E06D0AB42EED9013E24196D4151
:10073800002EF8D1009801995B4600196941002BF9
:1007480024DB2B005A464446D3402A00E2401C00D2
:100758005B461500002B2ADB26009E40330026004E
:100768004746BE403200801A9941009001919FE7A8
:10077800A342BCD883E74246202300219B1A0022CB
:10078800009101920122DA40019286E74246202335
:100798009B1A2A0046469A402300F34044461343D6
:1007A8002A00E2401C005B461500002BD4DA4246C2
:1007B8002F002023260097409B1ADE403B0033433E
:1007C800CDE7C04610B5002903D100F007F8203066
:1007D80002E0081C00F002F810BDC0461C210123ED
:1007E8001B04984201D3000C10391B0A984201D30C
:1007F800000A08391B09984201D30009043902A2EA
:10080800105C40187047C046040302020101010150
:100818000000000000000000014B18687047C04647
:10082800000C002070B5CDB2830734D0531E002AC7
:100838001BD00278AA4219D0032404E0013B14D348
:100848000278AA4212D001302042F7D1032B0ED8E9
:10085800002B0AD00278AA4208D0C31802E0027816
:10086800AA4203D001308342F9D1002070BDFF2293
:100878000C06240C114021430C04084E0C4302685A
:1008880007496240511891433142E3D1043B043097
:10089800032BF4D8DCE71300D8E7C04680808080BB
:1008A800FFFEFEFEF0B5C64600B50F2A43D90B0081
:1008B800032603431E400C000300002E40D1150000
:1008C800103D2D09AC462D01A846804400E03B00B0
:1008D800676825685F60E7681D60DF601F00A568BE
:1008E80010379D6010344345F1D165460F230C2421
:1008F80001352D01491913404519144223D08C594B
:10090800AC5104369C1B032CF9D80324043B9B08E8
:1009180001339B002240ED18C918561E002A07D043
:10092800002300E02300CA5C5C1CEA549E42F9D113
:1009380004BC9046F0BD0500561E002AF0D1F7E72A
:10094800561E0500ECE71A00F6E7C046F0B50500AC
:1009580083074AD0541E002A44D0CEB20300032293
:1009680002E00135013C3DD301332E701342F8D12A
:10097800032C2FD9FF220A40150215432A041543D8
:100988000F2C35D92700103F3F093E01B4461E0001
:100998001A0010366644156055609560D5601032AF
:1009A800B242F8D10F260C2201373F012640DB194D
:1009B8003700224217D03E1FB608B400A4461A00DA
:1009C8001C1D644420C2A242FCD103240136B60097
:1009D8009B193C40002C05D0C9B21C191970013371
:1009E8009C42FBD1F0BD3400F4E714000300BFE7DC
:1009F8002700E0E7114B70B51C680500A06B0028C4
:100A080003D000230561436170BD183000F0AAF8D7
:100A1800A06300280CD00A4B01220360094B4360F5
:100A2800094B83600B238381002302614361E8E75C
:100A3800064B00224221064800F050F8000C002026
:100A48000E33CDAB34126DE6ECDE050000B40008C1
:100A580018B40008184B70B51D68AC6B002C0ED08C
:100A680020696169154A164BFFF7B8FD012200237A
:100A780012184B41580040082261636170BD18206C
:100A880000F070F8041EA8630FD00E4B012203601B
:100A98000D4B43600D4B83600B2383810023026160
:100AA800436107480A4A064BE6E70A4B00224E21F3
:100AB800094800F013F8C046000C00202D7F954C23
:100AC8002DF451580E33CDAB34126DE6ECDE050033
:100AD8002E7F954C00B4000818B4000830B51C00EF
:100AE8000A4B05001B6885B0D868002A0AD0084B55
:100AF8000292019300912B002200064900F020F891
:100B080000F0AAFD044B1A00F2E7C046000C0020D2
:100B18004CB400085CB4000858B40008130010B5C1
:100B28000022FFF7DBFFC0460CB400B583B004AB6E
:100B380004CB019300F01EF903B008BC02B01847BB
:100B48000EB400B582B003AB0100054804CB0068C1
:100B5800019300F00FF902B008BC03B01847C04673
:100B6800000C002010B5034B0100186800F064F871
:100B780010BDC046000C002010B5034B01001868DA
:100B880000F004F810BDC046000C002070B5050048
:100B9800002915D00C1F2368002B27DB280001F043
:100BA80005FA244B1A68002A05D0A2420CD92168FC
:100BB8006018824224D0626028001C6001F0F8F9B5
:100BC80070BDA34203D81A005368002BF9D11168ED
:100BD8005018A0421BD027D821686018834207D03C
:100BE80063605460280001F0E3F9E9E7E418D5E709
:100BF80018685B6884466144216063605460F1E76B
:100C0800106852688446614421606260D4E72068B5
:100C18000918501811608342E4D118685B6884464B
:100C2800614411605360DDE70C2328002B6001F05C
:100C3800BFF9C5E76C0F0020F8B50323CD1C9D4311
:100C4800083506000C2D2AD20C25A94229D83000D7
:100C580001F0ACF92A4F3A68002A0AD013685B1BE6
:100C680004D441E023685B1B1FD522005468002C84
:100C7800F8D17B68002B3DD02900300008F09AFF9E
:100C8800431C2AD00323C41C9C43A04205D0211A2C
:100C9800300008F08FFF431C1FD0256010E0002DA6
:100CA800D3DA0C2300203360F8BD0B2B05D863681A
:100CB800A2421DD0536003E014002360E4182560AD
:100CC800300001F075F9200007220B30231D9043F6
:100CD800C21AE9D01B1AA350E6E70C233000336090
:100CE80001F066F90020DFE70B2BE5D81400536804
:100CF8003B60E5E70021300008F05CFF7860BBE767
:100D08006C0F0020936810B5013B9360002B04DA48
:100D18009469A34207DB0A2905D01368581C1060A0
:100D28000800197010BD00F09BFBFBE7F8B5060042
:100D38000F00002B0DD01400D51802E00134AC428E
:100D480007D021783A003000FFF7DCFF431CF5D1CB
:100D5800F8BD0020FCE7C046936810B51400002BCE
:100D680002D10020536010BD00F07AFE0023A3607A
:100D78006360F8E7F0B54E46DE4657464546E0B5AF
:100D8800A1B00490039191461C00002804D0836907
:100D98000593002B00D1BEE0AD4B039A9A4200D1D7
:100DA800C0E0AC4B039A9A4200D1CDE0AA4B039A1B
:100DB8009A4200D147E1039A93891B0700D4B9E00E
:100DC80013690593002B00D1B4E0002308AD6B61D3
:100DD80020336B761033AB762F3B98464B461B7807
:100DE80007949E4F002B00D189E0252B00D125E1E7
:100DF8004E4603E0252B00D1AAE026007378741C28
:100E0800002BF7D14B46E31A9A4678D053464A4608
:100E180003990498FFF78AFF431C70D06B69534409
:100E28006B617378002B6AD00122002352426A60FA
:100E3800443201342B60EB60AB60AB54AB6506E029
:100E48004346C01B834034002A6813432B60217833
:100E580005223800FFF7E6FC661C0028F0D12B6855
:100E6800B246DA0602D543222021A9541A0702D530
:100E780043222B21A95421782A2900D06EE0079A11
:100E8800111D12680791002A00DABAE0EA60617859
:100E9800A61C2E2900D17AE0714B0322180099462E
:100EA800FFF7C0FC002800D18FE04B46C01A402352
:100EB80083402A68317813432B600622731C6948E3
:100EC80099462976FFF7AEFC002800D188E0664BEA
:100ED800002B00D18EE007AB0093039A634B2900E7
:100EE800049800E000BF83465B46013307D06B6976
:100EF8005B446B614B461B78002B00D075E7039B66
:100F08009B895B061DD4686921B03CBC9046994614
:100F1800A246AB46F0BD00F07BFD4D4B039A9A42CA
:100F280000D03EE7049B5B680393039A93891B07F1
:100F380000D545E70399049800F008FB002800D184
:100F480043E701204042DFE7049B9B68039332E7B5
:100F58004B46E31A9A4600D166E757E70A00303A4B
:100F6800A246092A95D8EB68180001E0340001363A
:100F780083001B1831785B0098180A00303A092A58
:100F8800F4D9B246E860A61C2E2900D084E753465F
:100F980059782A293BD1079B1A1D07925246917806
:100FA800D61C022294461B68E2446B60002B00DBCF
:100FB80072E701235B426B60294B032218009946B4
:100FC800FFF730FC002800D06FE7B146564631786D
:100FD800062224482976FFF725FC002800D076E76A
:100FE80007AB0093039A214B2900049800F0E4F81A
:100FF800834679E70722079B073393430833079310
:1010080075E75242EA60022213432B603FE70A0069
:101018000023303A6B601800092A01D910E01E003D
:1010280083001B1871785B0098180A00303A731C0B
:10103800092AF4D99A46023668602DE74C46F3E649
:10104800B246013628E7049BDB680393B3E6C04643
:10105800589D0008389D0008189D00088CB40008A9
:1010680094B4000898B4000800000000350D00088A
:1010780010B504001300034A10680A002100FFF7A6
:1010880079FE10BD000C0020F0B54F464646D64606
:10109800C0B51F00089B914698468A680B690600F0
:1010A8000C00934200DA13004A4613604322A25C04
:1010B800002A02D04A460133136023689A065AD59B
:1010C8004B461B6806209A1C4B461A602368190079
:1010D800184208D1E16800258A1A19218A461900A0
:1010E800A244002A3FDC4323E35C5A1E93418A064C
:1010F8000AD53020E1184331087045215A1C615C3B
:10110800A2184332023311702200390043323000F2
:10111800C047431C19D006232068A26821690340F0
:10112800042B30D08A423ADD00239946521A914462
:101138001A34002502E001354D4530DA012322003A
:1011480039003000C047431CF5D1012040421CBC87
:1011580090469946A246F0BD4B46E2681B680135A9
:10116800D31AAB4220DD0123524639003000C04774
:10117800431CF1D1E9E706221A4212D04323E35C6B
:101188005A1E9341C0E74B46E0681B68C31AD84310
:10119800C017184081468A42C8DC002BC8DC0020F2
:1011A800D5E74A46126895E743232168E35C5A1E4F
:1011B80093418A069DD4A7E7F0B557469A4643233C
:1011C8009C464E464546DE468C446346E0B587B0AD
:1011D80003930B7E914680460C00109A6E2B00D12B
:1011E800D8E000D871E0732B00D11AE100D881E073
:1011F800752B00D1FFE0782B00D00BE10B6878202D
:101208004521605494498B46116840C911601806FD
:1012180003D4580601D53604360CDA0702D5202245
:10122800134323601027002E00D1C2E0432300227D
:10123800E2546368A360002B00DAC5E00422216849
:1012480091432160002E00D083E0002B00D0BDE048
:10125800039D082F00D18CE0039B5B1B2361534641
:1012680005AA009321004B464046FFF70DFF431C9B
:1012780022D023692A0049464046D047431C1BD048
:1012880022680598E368920700D47FE01A1A002ABA
:1012980000DC7BE026000025193606E0E3680598A7
:1012A80001351A1AAA4200DC70E0012332004946CF
:1012B8004046D047431CF1D10120404207B03CBC16
:1012C80090469946A246AB46F0BD632B00D184E018
:1012D8001FD8002B69D0582B00D09BE045216354C0
:1012E8005E4923688B46116840C91160180600D40E
:1012F8008FE792E76F2B7ED0702B00D08AE02023F7
:10130800096878200B4345212360605452498B4675
:101318007AE7642B01D0692B7CD111682368081DFA
:1013280010601D064AD50A681600002A03DB4B4BDD
:101338000A279B467DE743222D21A1546268764205
:10134800A260002A02DB042293432360434B0A274E
:101358009B46039D00E0060039003000FFF72EF899
:101368005B465B5C013D2B70BE42F4D2082F00D077
:1013780072E72368DB0700D46EE76368226993424B
:1013880000DD69E73023013D2B7065E7984295DA67
:10139800180093E7136809681D1D606915601B68CC
:1013A8000E0601D449064BD418600023039D23611F
:1013B80055E7202322689A43226037E75D06B2D5B5
:1013C80000228E5E3200B0E7002EC2D15B462500B7
:1013D8001A7842234235E2543BE713682500191D69
:1013E80011601A684223E254413B4235236143238A
:1013F8000022E25433E7116820680D1D15600606C7
:1014080001D440061ED40E686F2B1DD0134B0A273B
:101418009B460BE742222500A35401234235236152
:10142800E5E71368191D11601D686268002128002E
:10143800FFF7F8F900280BD0401B60602061D6E761
:101448001880B2E70E88DFE7044B08279B46EDE6D5
:1014580060682061CBE7C046B4B40008A0B40008B7
:10146800F8B505000E001400002802D08369002B8F
:1014780029D02D4B9C422BD02C4B9C4246D02C4B38
:101488009C424ED0A369A360A3891B0726D5236974
:10149800002B23D0FF22F7B2616916402268D31AC5
:1014A80099422ADD0133A1680139A160511C2160EC
:1014B800177062699A422BD0A389DB0701D50A2EDF
:1014C80026D03000F8BD00F0A3FA174B9C42D3D1C8
:1014D8006C68A369A360A3891B07D8D421002800DE
:1014E80000F034F8002819D1FF222369F7B26169A6
:1014F80016402268D31A9942D4DC2100280000F053
:101508004DF900280AD122680123CCE7AC68B9E775
:101518002100280000F042F90028D2D001267642A6
:10152800CFE7EC68AEE7C046589D0008389D000834
:10153800189D000810B5044B0A001B68010018002C
:10154800FFF78EFF10BDC046000C00203E4B70B563
:101558001D6806000C00002D02D0AB69002B1BD0C3
:101568003A4B9C421ED03A4B9C424CD0394B9C4241
:1015780060D00C23E25E93B2190719D521690029BE
:1015880021D0DA072ED50023A360636900205B42CF
:10159800A36100292ED070BD280000F039FA2B4B2A
:1015A8009C42E0D16C680C23E25E93B21907E5D443
:1015B800D90641D55B0728D4216908231343A381A1
:1015C8009BB20029DDD1A0228020920080001A4021
:1015D8008242D6D02100300000F042FCA389216964
:1015E800DA07D0D400229B0700D46269A2600020E9
:1015F8000029D0D10C22A35E1A06CCD54022134371
:10160800A3810138C7E7AC68B3E7616B00290AD04A
:1016180023004433994204D03000FFF7B7FA0C2373
:10162800E25E0023636324239A43002321696360F5
:101638002160C2E7EC689CE709233360402301205E
:101648001A43A2814042A6E7000C0020589D0008DA
:10165800389D0008189D000810B5062000F060FDB0
:10166800012008F0CBFAC046F0B5C64600B58B8914
:1016780080460C001A0745D44A68002A63DDE56AEB
:10168800002D3BD042464146166800220A60216A76
:10169800DA045CD4012300224046A847431C61D0E9
:1016A800A389E56A216A5B0706D56368C01A636B7C
:1016B800002B01D0236CC01A002302004046A84723
:1016C800431C46D143461B680C21625E002B56D052
:1016D8001D2B01D0162B5DD1002363602369236085
:1016E8004346616B1E60002908D0230044339942A9
:1016F80002D04046FFF74AFA00236363002004BC87
:101708009046F0BD0E69002EF8D00A680E60951B51
:1017180000229B0700D14A69A260002D04DCEDE796
:1017280036182D1A002DE9DD2B003200216A4046BB
:10173800A76AB8470028F3DC40220120A389404269
:101748001343A381DBE70A6C002A98DCD6E7606DB7
:10175800A9E70023636023692360A389DB04BFD55D
:101768006065BDE743461B68002B99D01D2B0DD043
:10177800162B0BD04022A3891343A381BFE76360D4
:1017880023692360D304ABD56065A9E743460020ED
:101798001E60B4E740231A43A281B0E70B6970B515
:1017A80005000C00002B16D0002802D08369002BFE
:1017B80015D00E4B9C4210D00D4B9C4212D00D4BB5
:1017C8009C4211D00C22A35E002B04D021002800DB
:1017D800FFF74AFF00E0002070BD6C68F2E700F0F8
:1017E80017F9E6E7AC68EDE7EC68EBE7589D000809
:1017F800389D0008189D000810B5011E04D0054B3F
:101808001868FFF7CBFF10BD034B0449186800F0B8
:10181800D9FAF8E7000C0020149D0008A517000865
:101828000020704710B5024900F0CCFA10BDC04640
:10183800A51700080020704770B568244A1E544355
:101848000E0021007431FFF7F7F9051E09D00023B7
:101858002200036046600C30A86068320021FFF760
:1018680075F8280070BDC0461E4B70B51D6806008F
:10187800AB69002B27D048356B68AC68013B03D5B2
:101888001CE06834013B19D30C21625E002AF8D1B0
:1018980000252000144B656625606560A560E3603F
:1018A80025616561A561082200215C30FFF74EF8CB
:1018B8006563A563A564E564200070BD2C68002CF1
:1018C80005D02500D8E7280000F010F8D3E7042158
:1018D8003000FFF7B1FF041E2860F2D10C233360FB
:1018E800EAE7C046149D00080100FFFFF0B5D646A0
:1018F8004F464646384BC0B5836200238364C364B1
:101908000365364B82B01B6805000193984260D08E
:101918002800FFF7A9FF68602800FFF7A5FFA86067
:101928002800FFF7A1FF6E680024E8600423300058
:10193800746634607460B460F36034617461B46177
:10194800082200215C30FFF701F8254B254F9A4605
:101958007362254B37639946B362244B3662F36250
:10196800AE6898463000224B746634607460B46088
:10197800F36034617461B461082200215C30FEF7C1
:10198800E5FF534673624B46B36243463763F362DF
:101998003662EE68174B3000F3607466346074602A
:1019A800B46034617461B461082200215C30FEF7D0
:1019B800CDFF534673624B46B3624346F36201233D
:1019C80036623763AB6102B01CBC90469946A246AA
:1019D800F0BD012383619BE72D180008149D0008C2
:1019E800B52100084D220008E12100082122000845
:1019F800090001001200020010B5034B03491868E2
:101A080000F0E0F910BDC046149D0008A5170008B5
:101A1800836910B5002B01D1FFF768FF10BDC046E0
:101A28007047C0467047C0467047C0467047C046BA
:101A380010B5034B0349186800F0A2F910BDC04661
:101A4800000C00202918000810B5034B034918683A
:101A580000F096F910BDC046000C00203D180008A3
:101A6800F0B54546DE4657464E46E0B5936883B026
:101A780000900C009046002B6DD08B891A0700D47B
:101A880071E00A69002A00D16DE0424616689A079B
:101A980000D475E0A36A00279A46B54B00259946FD
:101AA800216A002D16D02B004D4500D9B04B3A00C5
:101AB8000098D047002800DCD5E043469B683F18D3
:101AC8002D1A181A4346986045D0A36A216A9A4687
:101AD800002DE8D1376875680836E2E74B461B6881
:101AE8009A464B465F6808239C46E144002FF5D090
:101AF8003A000A215046FEF795FE002800D1CEE0B4
:101B080053460130C61A3300BB469F4200D99B4654
:101B1800206822696369904204D9A2689D18AB4580
:101B280000DD92E05B4500DDF9E0A56A5246216AD6
:101B38000098A847051E00DC95E0761B0120002EC2
:101B480000D1E4E043469B68AA447F1B5D1B4346E3
:101B58009D6000D095E0002003B03CBC90469946BB
:101B6800A246AB46F0BD21000098FFF7EFFC002825
:101B780000D0F9E04246A38916689A0700D589E79C
:101B8800DA0778D4002291468022920000279346F3
:101B9800A5682068002F53D05A46134200D181E02F
:101BA800AA46BD4200D9AFE09022D20013422ED0FF
:101BB8002169451AAC466069019542001218D00F98
:101BC8008218781C521060449246904201D982468D
:101BD80002005B0500D4AFE011000098FFF72CF875
:101BE800051E00D1BAE0019A2169FEF75BFEA389C0
:101BF800604A134080221343A3815246019B25610A
:101C0800E818BA463D00D31A20606261A3605246C4
:101C1800494600F06DF9A3685D1BA5603D000027EB
:101C280023685344236043469B68A9445D1B43468D
:101C38009D6000D18FE7A5682068A389002FABD1EC
:101C48003268776891460836A4E751462A0000F0C2
:101C58004FF9236821005B1923600098FFF79EFD68
:101C6800002800D169E70C22A35E4022012013431B
:101C7800A381404270E70023B14600209A4600271E
:101C88001E00002F00D129E7002800D03BE73A00CA
:101C98000A215046FEF7C6FD002800D030E77B1C1D
:101CA8001E0031E72369834217D363699A46BB4212
:101CB80013D8314B38009F4200D930485146FEF7BF
:101CC80081FB53464A464343216A0098A56AA847C0
:101CD8000028C8DD05007F1BA5E7BD4200D93D00EF
:101CE8002A00494600F004F9A36822685B1B5219D0
:101CF800A3602260002BEED121000098FFF74EFD73
:101D08000028B0D17F1B8EE73D00BA467FE721004F
:101D18000098FFF743FD002800D113E7A3E75A46D0
:101D2800514600F0E5F85A46A3685D469B1AA36041
:101D380023685B44236000E7009800F03BF9051E28
:101D480000D05AE7009D21692800FEF71FFF802276
:101D5800A3899343743A1BB22A6086E70C23009A3E
:101D680013600C22A35E80E701204042F4E6C046DF
:101D780000FCFF7F7FFBFFFFFEFFFF7FFFFFFF7F72
:101D8800F0B5C646483000B588460700002600284A
:101D980013D07B68BC685D1E0CD4A389012B06D9BF
:101DA8000E22A35E013302D02000C04706436834E8
:101DB800013DF2D23F68002FEBD1300004BC9046C1
:101DC800F0BDC046F8B54746CE4680B5070048374F
:101DD800804689460026002F14D07B68BC685D1EAB
:101DE8000DD4A389012B07D90E22A35E013303D09A
:101DF80021004046C84706436834013DF1D23F6898
:101E0800002FEAD130000CBC90469946F8BDC04678
:101E180070B50C001D000E23C95E96B0160000298F
:101E280014DB6A4607F0D3FE00280FDBF022019B83
:101E380012021340094A944663445A4253412B60A4
:101E48008023DB003360002016B070BD00232B60B8
:101E5800A3891B06F4D540233360F4E700E0FFFFB5
:101E680070B58B8982B006000C009B0707D523004C
:101E78004733236023610123636102B070BD01AB66
:101E88006A46FFF7C5FF009905003000FEF7D4FE4B
:101E9800002810D08022154BB362A3892060134319
:101EA800009A1BB26261019AA3812061002A0CD1B9
:101EB8002B43A381E1E70C22A35E9A05DDD403221C
:101EC800934302221343A381D1E70E23E15E30003E
:101ED80007F089FE002802D10C22A35EE8E703225E
:101EE800A3899343012213431BB2E1E72D1800088D
:101EF800F0B5C64600B588420CD98B18984209D26D
:101F0800531E002A03D0CA5CC254013BFBD204BC56
:101F18009046F0BD0F2A0CD80500561E002AF6D0B0
:101F2800002300E02300CA5C5C1CEA549E42F9D1FD
:101F3800EDE70B00032603431E400C000300002EB0
:101F48002ED11500103D2D09AC462D01A846804420
:101F580000E02B001D00276810351F6067685F6070
:101F6800A7689F60E7681034DF604345F1D1654694
:101F78000F230C2401352D0149191340451914422A
:101F880011D08C59AC5104369C1B032CF9D803246E
:101F9800043B9B0801339B00ED18C9182240BCE79D
:101FA800561E0500BCE71A00B7E7C0467047C04692
:101FB8007047C046F8B507000C00150000291BD073
:101FC800002A15D000F044F92600A84201D33000B9
:101FD800F8BD29003800FEF72FFE061EF7D02100B5
:101FE8002A00FEF75FFC21003800FEF7CFFDEEE780
:101FF800FEF7CCFD0026EAE71100FEF71DFE0600FD
:10200800E5E7C04610B580210400FEF715FE6064C0
:10201800002807D002000023803208C09042FCD17B
:10202800002010BD01204042FBE7C046426C10B5BD
:102038000023002A01D0180010BDFFF7E3FF0300BA
:10204800F9E7C04670B505000C0016001F2907D82F
:10205800436C002B09D0A4001B1918681E6070BDC2
:102068001623036001204042F9E7FFF7CBFF002861
:1020780001D16B6CEFE701204042F0E770B5050035
:102088000C001F2920D8436C002B0ED08A009B1807
:102098001A68002A09D0012A14D0511C0ED0002138
:1020A800200019609047002070BD280000F07AF8E1
:1020B80022000100280000F061F8F5E7162303600C
:1020C8000120F1E70020EFE71623036001204042DA
:1020D800EAE7C04670B505000C001F291DD8436CFF
:1020E800002B10D0A2009B181A68002A09D0511C96
:1020F80011D0012A0DD0002120001960904700203E
:1021080070BD0120FCE7FFF77DFF002805D16B6C4F
:10211800E8E70320F4E70220F2E701204042EFE776
:1021280010B5034B01001868FFF7A8FF10BDC046A3
:10213800000C002010B5044B0A001B6801001800B1
:10214800FFF780FF10BDC046000C0020054B10B5FE
:102158001B6800205A6C002A00D010BD1800FFF739
:1021680051FFFAE7000C002010B5034B0100186876
:10217800FFF7B0FF10BDC046000C0020002370B56B
:10218800074C050008001100236007F02EFD431CD2
:1021980000D070BD2368002BFBD02B60F9E7C04648
:1021A800A81D002010B507F027FD10BD70B50C0064
:1021B8000E25495F07F0F3FC002803DB636D1B184D
:1021C800636570BDA389024A1340A381F9E7C0463D
:1021D800FFEFFFFF00207047F8B516001F000C2224
:1021E8008B5E0C0005000E22895EDA0508D4094AC8
:1021F80028001340A38132003B0007F0D7FCF8BD4C
:102208000022022307F0D0FC0C22A35E0E22A15E5E
:10221800EDE7C046FFEFFFFF70B50C000E25495FE4
:1022280007F0C2FC431C06D08023A2895B0113433C
:10223800A381606570BDA389014A1340A381F9E7B2
:10224800FFEFFFFF10B50E23C95E07F0B1FC10BD0C
:102258000B1F1B68181F002B00DB70470B58C0189A
:10226800FBE7C046012070470120704710B5FFF713
:10227800FBFF10BD704710B5FFF7FCFF10BD000055
:1022880013B5104B00901B78002B16D16B469B782A
:10229800002B0DD0002A0BD004F080FA04000100B6
:1022A800009804F039FA2000009902F0A4FF16BD46
:1022B800009804F055FA0400F5E7009804F06EFA67
:1022C8000099F2E710100020030010B50A000188F9
:1022D8004088000408439988FFF7D2FF10BD10B565
:1022E80004000021FFF7F0FF2100FFF7C4FF10BD35
:1022F80030B50124050020008840010020009040EE
:1023080002009C4028002B000A431340A04393423C
:1023180001D12000284330BD10B513000A00010088
:1023280003480068FFF7E4FF04F09CF910BDC046BD
:102338006010002010B500F027FB00F046FB10BD30
:1023480010B500F047FB10BD7047000010B503F052
:1023580035FEFFF7F9FF034806F01DF904F0B0FD5C
:1023680010BDC046C409000070B501210500FFF783
:10237800ABFF2900040002F09FFD002801D10020D6
:1023880070BD29002000FFF771FF0028F7D0290051
:10239800200003F021F80028F1D02900200003F0E4
:1023A8007DF80028EBD02900200003F043F900282D
:1023B800E5D02900200002F02FFC0028DFD0AB7800
:1023C800002B0CD01B4B9C422DD00CD81A4B9C4296
:1023D80015D01A4B9C4223D0DE3B9C420CD02800DF
:1023E800FFF740FFCCE7164B9C421FD0154B9C4291
:1023F800F5D104F079FAF2E7FFF7A8FFBFE701216A
:1024080011480278D307DB0F4B400B408A43134334
:1024180003700E480B4200D00D4805F08FF8AEE768
:1024280004F0F0FBABE704F06BFAD8E704F06DFAC0
:10243800D5E7C0465A5D0000015C0000DE5C000084
:102448005B5D00005C5D0000BB10002009A0000877
:10245800F89F0008F8B5184BC1081D5C0723184001
:10246800164B174C5A5C174F0241645C7F5C012382
:102478001600044107411E401C401F401A4202D06A
:10248800E12003F075FA002C02D0E62003F070FA80
:10249800280003F056FB002C02D0E62003F0E8FAEF
:1024A800002E02D0E12003F0E3FA002F02D02C2006
:1024B80003F047FBF8BDC0463BA00008BBA00008DE
:1024C8001BA000082BA00008F7B5040004270A2663
:1024D8000191207800283CD0012837D16378012B5E
:1024E8000ED1A078A51C03F02CFB2C00019D013413
:1024F800013DEDB2FF2DECD0300006F04CF8F7E7C7
:10250800022B04D1A078A51C03F032FAEDE7032BC7
:1025180004D1A078A51C03F0ABFAE6E7042B01D0A0
:102528000134E3E700250B49A3780234CA5C601C38
:102538003A4205D1013DD9D3300006F02CF8F9E72D
:102548007543303B5D1963780400EFE7FFF782FFBE
:10255800CCE7F7BD119C000810B50021FFF7B4FFC8
:1025680010BD030033221B0900011843C0B28300C9
:102578008010104093430343DBB2223258005B10B3
:10258800904313401843C0B2704770B50500C0B2FD
:10259800FFF7E7FF0400280AFFF7E3FF24022043C0
:1025A80080B270BD704710B5FFF7FCFF10BD012069
:1025B800704710B5FFF7FBFF10BD10B50400FFF71B
:1025C800F2FF201CFFF7F5FF10BD00207047704791
:1025D800014B4000185A7047FAA0000837B501AB04
:1025E8001980019902F007FE00F0E6F80400A02027
:1025F800C001844239D28023DB019C4200D393E09E
:10260800E72C1AD8DF2C16D8A72C0AD8A42C00D966
:1026180074E0012C0FD0231F9BB2A02B0BD90024F0
:1026280009E0BE2C00D86DE02000C03880B200243C
:102638001F2800D870E0201C3EBDC0239B019C428F
:102648000ED280239B019C4264D2FF2C03D8EF2C2E
:10265800E5D9044354E0200A80B20002E4B2F8E766
:10266800E3B222055CD4C0245BE0AA23DB019C42D0
:102678001DD2A822E3B2D201944270D2013AFF3AA5
:1026880094420BD2013AFF3A944260D2013AFF3A9F
:1026980094424ED33E481C020443CCE703249808D6
:1026A8002340023C9C40400120433A4CD1E7B423EC
:1026B800DB019C420FD2013BFF3B9C425CD2AC2326
:1026C800DB019C424ED3344BE3189BB2FF2BA6D8B8
:1026D8002002324CBDE78025314BAD01E3189BB297
:1026E800AB429CD2E004C00E00F0E0F8F8230002F0
:1026F8005B011840E4B204432C439CE7243C1C4390
:10270800A4B298E75834274BE4B26400E05A88240E
:10271800E401C1E72005000DFFF75AFF04008AE72E
:10272800C82424021C4386E71F482040A024240212
:10273800B2E7200903249A08204022401C400123C4
:10274800A3400002520110431843184C81E70324A8
:1027580098082340023C9C4040012043F5E7144C74
:102768001B02DFE7E0B200F0A1F8F82400026401E0
:1027780020400134FF348FE70F252000284000F067
:1027880095F824092C40240204430A4861E7C0460E
:10279800F1A00000008AFFFF00A8FFFFF0A0FFFFE4
:1027A80000A0FFFFCCA00008FF0F0000008CFFFF77
:1027B800F4A000000090FFFF030010B5E72808D838
:1027C800DF2808D831285CD00ED8292853D02A28E9
:1027D8005DD0180010BDE0380728FAD8FDF74AFD8B
:1027E80016F9232836F93D42392809D0822807D01E
:1027F8003528EED12C4A12789206EAD52923E8E743
:10280800294A12789207E4D0E023E2E7012126481A
:1028180002780A4241D140780842DAD0E323D2064E
:10282800D7D50023D5E7204A12785107F6D4D0E748
:102838001D490A78500732D44978C907E4D41021D1
:102848000A4051424A4152421340C2E7164A51785F
:102858008907BED51278E723E1E7134A12781107F2
:10286800F9D4B6E710490A7810071AD449788907C5
:10287800E5D5E423ADE70C4A12789206A9D53523AD
:10288800A7E7094A12785206A3D52A23A1E7064AE0
:10289800127852069DD531239BE7392399E7E22325
:1028A80097E7E62395E7C0468C13002030B504244B
:1028B80027490A78224205D018230340082B27D13C
:1028C80098432043130708D51824050014232540EE
:1028D800A54225D1A843C0B2184301244978214212
:1028E80006D018230340082B21D19843C0B22043B7
:1028F8008B0708D51821040011230C408C421FD1E6
:10290800A043C0B21843D30601D5E723184030BD11
:1029180014230340042BD5D1984304331843D1E73B
:102928000340142BD9D19843C0B22043D5E71123D3
:102938000340012BDCD19843C0B207331843D7E7D3
:102948000340112BDFD19843C0B20843DBE7C046F0
:102958008C13002010B502F08AFA10BD10B500F0F3
:10296800C9F8642005F017FE00F0C4F8002000F054
:1029780035F8C30703D5FFF7EDFF04F0A1FA10BD42
:1029880010B5FFF7EBFF10BD10B504F0ABF8002849
:1029980001D104F037F904F0B1F8084B187004F0CD
:1029A800B7F8074B1880FFF7EBFF04F0ACF803F01B
:1029B80030FE044B186803F050FE10BDBB10002019
:1029C8008C13002060100020704710B5FFF7FCFF43
:1029D80010BD704710B5FFF7FCFF10BD014B40005C
:1029E800185A70479813002010B50D4804F0A6FD3A
:1029F800002421000B4804F0A1FD0B4804F09EFDC3
:102A08000A4A6300D05AFFF7C0FD0100084804F0E5
:102A180095FD0134074804F091FD052CE9D110BD5E
:102A2800FAA0000811A100088CA80008981300203B
:102A380016A1000869AB000810B5012005F0ABFD30
:102A480010BDC046C046C046C046C046C046C04687
:102A5800C046C046C046C046C046704710B5FFF7DE
:102A6800EBFF10BD10B572B60F23020001211A400A
:102A780091409843202206F038FC62B610BD000051
:102A880070B51548FFF7EEFF1448FFF7EBFF9020ED
:102A9800C005FFF7E7FF1248FFF7E4FF1148FFF70B
:102AA800E1FF114C2500403501CCFFF7DBFFA542C3
:102AB800FAD100230D490E4A05200B8013804B8064
:102AC80053808B809380CB80D3800B81138100F05F
:102AD80067F8FFF72FFC70BD0F000048030400489B
:102AE8000A0400480B0400481CA100088E130020AB
:102AF80098130020F7B50025244C254F236872B69B
:102B08000F2101261A000B409E408A430192310092
:102B18000122019806F0E9FB019BB6B25E8362B61A
:102B2800FFF78FFF00231B4A1E00944661469A0058
:102B380052580F211000884300690A40D0400E39CE
:102B48000022084202D10A009A4012B21643013309
:102B5800B6B2102BEAD12068FFF784FFFFF77EFF9B
:102B68003A880023B24201D03E8001331D430A4B0C
:102B7800043402379C42C1D12B000522074904487E
:102B880000F010F8FFF7DCFB2800FEBD5CA1000890
:102B98008E1300201CA1000870A1000898130020C3
:102BA80070470000F8B506000F0014000E4D002B0A
:102BB80005D001232B7004F077F90C4B18802B7883
:102BC800002B0BD0094B188804F073F9052805D998
:102BD80000236400A34202D100232B70F8BDF25AEF
:102BE800FA520233F6E7C046740F0020760F002031
:102BF80010B5044804F0A2FC01220521024804F0A3
:102C08009DFC10BD70A100086BA20008013810B52A
:102C180005280FD8FDF738FB030F19232D371F4A56
:102C280013785B18FF21FE2B00DCD9B21C48117009
:102C380004F084FC10BD1B4A13785B18FF21FE2B9F
:102C480000DCD9B218481170F2E7184A13785B18FB
:102C5800FF21FE2B00DCD9B215481170E8E7154AB0
:102C680013785B18FF21FE2B00DCD9B212481170D3
:102C7800DEE7124A13785B18FF21FE2B00DCD9B27D
:102C88000F481170D4E70F4A13785B18FF21FE2B09
:102C980000DCD9B20C481170CAE7C046640C0020A9
:102CA800B9A20008650C0020C8A20008660C002024
:102CB800DAA20008670C0020EDA200086A0C0020C8
:102CC80002A300086B0C00201BA3000801380B00AE
:102CD80010B505280FD8FDF7D7FA030F19232D379C
:102CE8001E48002102789A4201D9D31AD9B201703C
:102CF8001B4804F023FC10BD1A48002102789A42B0
:102D080001D9D31AD9B201701748F2E71748002140
:102D180002789A4201D9D31AD9B201701448E8E767
:102D28001448002102789A4201D9D31AD9B2017005
:102D38001148DEE71148002102789A4201D9D31AD6
:102D4800D9B201700E48D4E70E48002102789A42A1
:102D580001D9D31AD9B201700B48CAE7640C002014
:102D6800B9A20008650C0020C8A20008660C002063
:102D7800DAA20008670C0020EDA200086A0C002007
:102D880002A300086B0C00201BA3000810B501006B
:102D98000400054804F0D2FB0120A04003F039FCF0
:102DA80003F00CF910BDC04636A30008F8B50300BF
:102DB80005383E2800D9C2E1FDF770FA1F010F015E
:102DC80025013F00C101C1010D01C101C1014D0132
:102DD800C1015E01A501C101C101C101C101850196
:102DE800C101C1017401C1013A01C101C101BF01A1
:102DF800BF01BF01BF01BF01BF01BF01BF01BF01CB
:102E0800B801C1011F010601C101C101C101C10110
:102E1800C101C101C101C101C101C101B801C101A3
:102E2800C1010D01C101BC01BC01BC01BC01BC0157
:102E3800BC01BC01BC01BC01B801C34804F07EFB65
:102E4800C24804F07BFB03F05EFEC14E0100300077
:102E580004F074FBBF4C200004F070FB03F04EFE3E
:102E68000500BD4804F06AFBBC4F2900380004F097
:102E780065FB200004F062FBB94804F05FFBE9073A
:102E8800C90F300004F05AFB200004F057FBB54886
:102E980004F054FBA907C90F300004F04FFB2000D1
:102EA80004F04CFBB04804F049FB6907C90F300037
:102EB80004F044FB200004F041FBAC4804F03EFB66
:102EC8002907C90F300004F039FB200004F036FB55
:102ED80003F01EFE0500A64804F030FB2900380068
:102EE80004F02CFB200004F029FBA24804F026FB88
:102EF800E907C90F300004F021FB200004F01EFB95
:102F08009D4804F01BFBA907C90F300004F016FB0D
:102F1800200004F013FB994804F010FBE905C90FE1
:102F2800300004F00BFB200004F008FB944804F088
:102F380005FBA905C90F300004F000FB200004F0D0
:102F4800FDFA904804F0FAFA6907C90F300004F056
:102F5800F5FA200004F0F2FA8B4804F0EFFA29079A
:102F6800C90F300004F0EAFA200004F0E7FA8748B5
:102F780004F0E4FAE906C90F300004F0DFFA200093
:102F880004F0DCFA824804F0D9FAA906C90F300027
:102F980004F0D4FA200004F0D1FA7E4804F0CEFA06
:102FA8006906C90F300004F0C9FA200004F0C6FA17
:102FB800794804F0C3FA29063000C90F04F0BEFAB4
:102FC800200004F0BBFA04E0744804F0B7FA03F0F8
:102FD80019FE01240FE07248F3E70F210124714A1A
:102FE800714813788B43137004F0A8FA6F4804F003
:102FF800A5FA6F4B1C702000F8BD6E4804F09EFACD
:10300800FFF7A4F9E5E70124664D6B482A78D30752
:10301800DB0F63402340A24313432B70234217D195
:10302800664804F08BFA0E222B7893432B70E2E764
:1030380001245C4D02212A7861489307DB0F634025
:103048002340A3408A4313432B700B4223D15D488E
:1030580004F074FACFE701240421524D5A482A7823
:103068005307DB0F634023409B008A4313432B70B5
:103078000B4210D15548EBE701240821494D2A7825
:103088001307DB0F63402340DB008A4313432B7095
:103098000B4205D04E4804F051FA2B782343C5E77C
:1030A8004C48D5E74C4804F049FA4C4804F046FA35
:1030B8004B4804F043FA4B4804F040FA4A4804F0FD
:1030C8003DFA4A487DE74A4804F038FA02F0E2FA45
:1030D8000100484804F032FA474B4848197804F090
:1030E8002DFA474B4748197804F028FA464B4748C9
:1030F8001978C90904F022FA03F0B8FE010044481F
:1031080004F01CFA65E7012402F058FF7F203E49CD
:103118000A78D3096340DB01024013430B70DBB22A
:10312800834201D93B4893E73B4891E70020FFF7EA
:103138002DFE4EE7393BD8B2F9E71D3BFBE7374890
:1031480004F0FCF9002456E73BA3000846A3000856
:1031580056A3000869AB000859A3000811A100088C
:103168006CA3000876A3000880A300088CA30008BD
:1031780095A30008A9A30008C2A30008D9A30008C2
:10318800EBA30008FDA300080FA4000821A4000871
:103198002BA400083DA4000859A4000861A4000855
:1031A80072A40008BB10002024A600084BA6000843
:1031B800780F00204FA600086BA6000877A6000825
:1031C80084A6000891A600089FA60008AEA60008DD
:1031D800BEA60008CAA60008D7A60008E6A60008EA
:1031E80023A700083AA7000874A70008B5A7000895
:1031F800C1A70008CFA70008300F0020E9A70008E2
:103208001C13002000A800088C13002013A8000835
:103218002BA8000842A800084CA8000857A80008D6
:1032280000207047002070471E38C3B20020092BC9
:1032380001D8014AD05C7047F1A8000870B57F4EEC
:1032480005003478012C18D0022C43D00023002C20
:1032580000D07EE003F05EFB230022280BD128007B
:10326800FFF7DEFF0123002803D12800FFF79EFDAA
:10327800030001200340180070BD03F04BFB222817
:10328800EDD02800FFF7CEFF002816D1142D16D058
:1032980008D80B2D0AD0102D14D0694804F04EF927
:1032A80000240AE0292D0AD0382DF6D1654804F00B
:1032B80045F9654804F042F901242300DBE70024BE
:1032C8003470FAE7FFF794FC604804F037F90223FA
:1032D8003370F2E7292831D01FD813283BD008D8FB
:1032E800072800D193E00B2825D0554804F026F98B
:1032F80011E0142822D003001E3B052BF5D8FFF758
:1033080093FF534B1870524B1978002900D192E063
:10331800504804F013F90123ADE738280BD04B3897
:10332800C3B2072BE1D80728DFD8FCF7A3FF68DE74
:10333800DE6CDEDE625CFFF75BFCE4E7444B1A7888
:10334800002A02D000221A70DDE73F4804F0F6F8A0
:10335800012333708FE7404804F0F0F83F4804F049
:10336800EDF83F4D3F4B2800197804F0E7F83E4C44
:10337800200004F0E3F83D4804F0E0F83C4B280056
:10338800197804F0DBF8200004F0D8F8394804F084
:10339800D5F8394B2800197804F0D0F8200004F04B
:1033A800CDF8364804F0CAF8354B2800197804F0EF
:1033B800C5F8200004F0C2F8324804F0BFF8324BD8
:1033C8002800197804F0BAF8200004F0B7F82F485C
:1033D80004F0B4F82E4B2800197804F0AFF8200058
:1033E80004F0ACF88FE70121194B1878FFF70EFCB1
:1033F80089E70121164B1878FFF768FC83E7144B1F
:103408000A211878F2E7124B0A211878F4E71E22ED
:10341800144B20481A70164B14321A70164B283A5F
:103428001A70174B0A321A70174B0C3A1A70184B4D
:1034380020321A70D4E7184858E7C046780F0020A1
:1034480057A8000824A600084BA6000859A8000899
:10345800790F0020E8A800085DA800086BA80008FC
:1034680056A30008640C002069AB00087DA800087A
:10347800650C00208FA80008660C00209EA8000894
:10348800670C0020AFA800086A0C0020C4A8000838
:103498006B0C0020DBA80008EEA8000810B5184B3C
:1034A8001A78D3070CD5174B1878052343439B0884
:1034B8007F20834203D87E38002B00D0D8B210BDBD
:1034C800930705D50F4B1878052343435B08EFE7AF
:1034D8000523520703D50B4A10784343E8E70A4A05
:1034E8001278002AEAD009490648097800788A4201
:1034F800F3D250435843FCF765FF83B2D8E7C04680
:10350800840F0020660C0020850F0020670C002027
:1035180010B5154B1A7801231A4207D0134B1B78A4
:103528009B080120002B0ED0D8B20CE0910703D5E0
:103538000E4B1B785B08F4E7520705D50B4B1B783D
:103548007F208342EDD910BD094A1278002AEBD0BA
:10355800084B1978054B18788A4201D383B2EFE7F4
:103568005043FCF72FFFF9E7840F00206A0C002076
:10357800860F00206B0C002010B5F02805D1FFF74E
:103588008DFF4042274BD87010BDF12802D1FFF7BC
:1035980085FFF7E7F22805D1FFF780FF4042214B6E
:1035A8009870F1E7F32802D1FFF778FFF7E7F928D9
:1035B80004D1FFF7ADFF1B4B1871E5E7FA2803D1DB
:1035C800FFF7A6FF4042F6E7FB2805D1FFF7A0FF6B
:1035D8004042144B5871D7E7FC2802D1FFF798FFF7
:1035E800F7E703000C33DBB2042B07D80123F438C8
:1035F80083400C4A51780B435370C5E7FD2805D129
:103608000123094A11780B431370BDE7FE2803D143
:10361800054A02231178F6E7FF28B5D1024A0423A8
:103628001178F0E77E0F0020840F0020022210B5E9
:10363800364B9A56F0280AD1D9787F290DD900211E
:10364800D9708A420BD10021314A117007E0F12864
:103658000ED1032159560029F1DC002A0ED01A791F
:103668005B7913435AB2002B01D12A4B1A7010BD53
:10367800F22808D1002AF0DA00229A7003229A561A
:10368800002AECD1DFE7F32802D1002AF4DCE4E7D2
:1036980004215956F92804D10029DEDD00211971C9
:1036A800DBE7FA2802D10029D7DAF7E705215956CE
:1036B800FB2804D10029D0DA00215971CDE7FC2874
:1036C80002D10029F8DCC8E701000C31C9B204298D
:1036D80007D80121F438814008005978814359708E
:1036E800BBE7FD2805D101240B480178A1430170EF
:1036F800B3E7FE2803D1084802240178F6E7FF283B
:10370800ABD1054804240178F0E7C0467E0F0020BD
:10371800850F0020860F0020840F00202A4B70B5EB
:103728001B782A4C1B073CD5294803F007FF617812
:10373800284803F003FF284803F000FF0221274D23
:103748006156280003F0FAFE254E300003F0F6FE1D
:1037580003212800615603F0F1FE300003F0EEFE6D
:1037680004212800615603F0E9FE300003F0E6FE6C
:1037780005212800615603F0E1FE1A4803F0DEFE39
:10378800194B1A4D1978280003F0D8FE184803F091
:10379800D5FE184B2800197803F0D0FE164803F020
:1037A800CDFE03F081FBA378E278134301D0134BDD
:1037B800188023796279134301D0114B18802000B7
:1037C80001F0B2FF70BDC046BB1000207E0F002084
:1037D800FBA8000811A100081EA9000820A90008DC
:1037E80069A6000823A90008850F002056A3000831
:1037F80026A90008840F002037A700087A0F0020A8
:103808007C0F0020F0B55E4B85B01A780227029233
:103818005A7803260392052204259A569E57DF57A5
:103828005D57019200229A70DA701A715A713B0042
:10383800334393420BD0534B188803F03AFB524959
:103848000B78002B28D0514A127890422DDC019B2E
:103858002B430BD04E4B188803F02BFB4D490B78AC
:10386800002B51D04C4A1278904256DC444CE278F6
:10387800A3781343227913436279134301D0FFF7E6
:103888004DFF029BA7702370039BE6706370019B3A
:103898002571637105B0F0BD404A14780A2262436D
:1038A8009042D4DD01330B7001E0FF2BFAD1344C88
:1038B800002F07D0FFF7F2FD0123002F00DCFE33B5
:1038C8004343A370002E07D0FFF7E8FD0123002E25
:1038D80000DCFE334343E370022161560029B6D071
:1038E800032020560028B2D0B5235943091206D028
:1038F800A1704343224A1B1204D0D370A7E70122C8
:10390800A270F6E70123F8E7254A14780A226243F1
:103918009042ABDD01330B7001E0FF2BFAD1184C5C
:10392800002D07D0FFF7F4FD0123002D00DCFE3346
:1039380043432371019B002B08D0FFF7E9FD019A4F
:103948000123002A00DCFE334343637104216156DE
:10395800002900D18AE705202056002800D185E7F4
:10396800B5235943091206D021714343044A1B1257
:1039780004D053717AE701222271F6E70123F8E7B0
:103988007E0F00207A0F0020850F0020650C002094
:103998007C0F0020860F0020690C0020640C00209A
:1039A800680C0020062210B500210548FCF7CEFF60
:1039B8000023044A1370044A1370044A137010BD9C
:1039C8007E0F0020850F0020860F0020840F002026
:1039D80010B500F061F9014810BDC046FF0F0000A6
:1039E80010B5064800F014F9054800F011F905482B
:1039F80000F00EF9044800F00BF910BD00E00108D2
:103A080000E8010800F0010800F801088023F7B574
:103A18005B010D00984201D30020FEBD194A430006
:103A28009F1801933A88184B84129A4205D138009E
:103A380089B200F00DF980B2EFE78022114B134EE6
:103A4800E402E418210030001201FCF72BFF3B7858
:103A58009D42E1D00E48019B802703402000F55489
:103A680000F0D6F800253F01735D0A4919434B1C45
:103A780003D089B2601900F0EBF80235BD42F3D1EA
:103A8800D9E7C04600E00108FFFF0000A2130020AC
:103A9800FE07000000FFFFFF034B80B24000C01884
:103AA8000078C0B27047C04600E0010810B580B287
:103AB800FFF7ACFF10BD0000064983B25B005B183E
:103AC80001301A7883B25B005B1818780002104343
:103AD8007047C04600E0010870B50D0084B22000B0
:103AE800C9B20134FFF792FF290AA0B2FFF78EFF8F
:103AF80070BD10B5FFF7F0FF10BD000010B583B220
:103B0800591C0C4C89B2580049000019091902784F
:103B18000878991C89B24900033309199BB20978BE
:103B28005B001B191B7809040002084310431B069D
:103B3800184310BD00E00108F7B51A4D80B24300E4
:103B48005B191B78471C861CBFB2B6B20193720082
:103B58007B005B1952191B7812780C0094462900D7
:103B6800C51CADB26A00521861461B0209040B431A
:103B78001278019912060B431343A34210D0E1B205
:103B8800FFF744FF210AC9B23800FFF73FFF210CB5
:103B9800C9B23000FFF73AFF2800210EFFF736FFC1
:103BA800F7BDC04600E001080122094B1000D968A2
:103BB80011420CD1D9689018490708D4D9688018DF
:103BC800C90604D4D86802400520801AC0B27047DC
:103BD8000020024037B50400FF25FFF7E5FF012864
:103BE80011D1002C01D105303EBD00230193019570
:103BF800019B002B03D1FFF7D7FF013CEFE7019BA7
:103C0800013B0193F4E7002CEED10620ECE700001D
:103C180070B506000C48FFF7DDFF052813D1022513
:103C28000A4C094823692B432361402366612269B2
:103C380013432361FFF7CEFF062802D02369AB4365
:103C480023613423E36070BDFF0F000000200240B1
:103C5800F8B5F8231B06C2180D4B05000E00072007
:103C68009A4214D81830FFF7B5FF05280FD101275D
:103C7800084C1A3023693B4323612E80FFF7AAFFC3
:103C8800062802D02369BB4323613423E360F8BDCF
:103C9800FEFF070000200240024B034A5A60034A15
:103CA8005A6070470020024023016745AB89EFCD79
:103CB800F0B5050A85B0030CEDB2019003AED8B299
:103CC800002D0FD1002901D0284B185C307070707E
:103CD800B07072783078B37812021B04104318431E
:103CE80005B0F0BD01AB1F7884B2002901D01F4B8D
:103CF8001C5C0620FF217843FCF764FB55235B42DC
:103D080043437F00FF1803235F43FF21FFB23B00BB
:103D1800CF1B4A1B6B437D431B122D12CB1A491B29
:103D280062436343614312121B120912D2B2DBB21F
:103D3800C9B2E4B2062814D8FCF7A6FA04060C0A9D
:103D48000F13040023000C0034707370B270C0E7C6
:103D580021001C0013000A00F6E70B0021001400E4
:103D6800F9E7210014001A000B00EDE703AE000884
:103D78001FB50121FFF79CFFFF210300020A0A403B
:103D88000B4012021343000C034A0840134000047E
:103D9800184305B000BDC046FFFF00FF7047000094
:103DA8001FB5FFF7E5FFFF210300020A0A400B4099
:103DB80012021343000C034A08401340000418433E
:103DC80005B000BDFFFF00FF13B51C006B4659701E
:103DD8009A7018700098FFF7E3FF020403021B0EA5
:103DE800120E62702070A37013BD0000074A0121F3
:103DF80013781800884304D10B4049180B431370FB
:103E08007047552BFCD90B405421F7E7A41B002021
:103E180010B50820FFF772FE10BD10B50400FFF7BB
:103E2800E5FF21000820FFF787FE10BD10B5024B03
:103E38001868FFF7F2FF10BDA41B0020002210B580
:103E4800034B04481A711860FFF7E7FF10BDC0461E
:103E5800A41B00200300FFFF70B501241A4D2B7826
:103E6800234230D0194803F069FB2B7823422AD02B
:103E7800174E18483178C907C90F03F05FFB2B7834
:103E8800234220D031781448E14003F057FB2B78C7
:103E9800234218D07178114803F050FB2B78234245
:103EA80011D0B1780E4803F049FB2B7823420AD091
:103EB800F1780C4803F042FB2B78234203D0317988
:103EC800094803F03BFB70BDBB10002028A900087F
:103ED800A41B002041A900085EA9000879A90008D0
:103EE80093A90008ADA90008C7A90008034B1B78CF
:103EF800DA07D00F002A00D058087047A41B00200A
:103F080010B5064A1379022B01D801331371002822
:103F180002D01068FFF781FF10BDC046A41B002027
:103F280010B50120FFF7ECFF10BD000010B5064AE0
:103F38001379002B01D0013B1371002802D01068BF
:103F4800FFF76BFF10BDC046A41B002010B5012071
:103F5800FFF7ECFF10BD0000014B18797047C04611
:103F6800A41B002070B50B4C0B4D207100290AD002
:103F78002068FFF752FF2B78DB0703D52179074824
:103F880003F0DCFA70BD2B78DB07FBD50100044891
:103F9800F6E7C046A41B0020BB100020E3A90008D8
:103FA80004AA000810B50021FFF7DCFF10BD0000CF
:103FB800014B58787047C046A41B0020014B9878E5
:103FC8007047C046A41B0020014BD8787047C046F4
:103FD800A41B002010B500F0EFFE10BD70B50F4B0C
:103FE8000F4D1B786978DB070E48DC0F002B06D0D5
:103FF80003232A785343C018FFF7ECFF70BD03234F
:10400800AA78EE785343C3189642F1D901325C700E
:104018001C709C70D2B20333F6E7C046A41B002084
:104028006F0C0020AC1B00200B4B70B51B78DB0716
:104038000AD50A4B0A4E9C78DD78032363439B1903
:10404800AC4202D3FFF7CAFF70BD01345870197033
:104058009A70E4B20333F3E7A41B00206F0C00202E
:10406800AC1B0020074B13B51B78DB0708D501AC48
:104078002300FFF7A9FEA27821786078FFF7D4FF24
:1040880013BDC046A41B002010B504000379054ADF
:10409800D25C054B99785878FFF7E4FF2379013310
:1040A800237110BD03AD0008A41B002010B5040047
:1040B800044B0079DA789978FFF7D4FF2379013334
:1040C800237110BDA41B002073B5154D040028787A
:1040D800002807D1FF2201AE33001100FFF774FE5C
:1040E80073782B70217901290ED0022910D000296C
:1040F80012D10A002878FFF797FF207903210130B1
:10410800FCF746FA217173BD002229781000F2E706
:1041180000202A780100EEE7002210001100EAE7EB
:10412800EA0F0020F0B515000122424E0400307855
:104138008BB002910693104228D03F494308C95CCE
:104148003E4F90433970022822D109AE2A00200040
:1041580002993300FFF738FEB27831787078FFF7AC
:1041680063FF344E029B364FB370069B7470F57034
:10417800002B57D03068FFF750FE3B78DB0705D59A
:10418800F378B27871782F4803F0D8F90BB0F0BD06
:10419800022901D1F578E4E7062902D1254B5C789C
:1041A800DFE70929FAD01929DBD1193B180010409B
:1041B800059010000027D9B298434B082249049073
:1041C800CB5C07920393214B1979B94202D8FFF7C8
:1041D80005FFC6E703987843FCF7F4F8059BC0B2DF
:1041E800261AF6B2002B01D12018C6B2144B079A32
:1041F8001B78134207D0039B320000933900049BBD
:10420800134803F09BF90322104B30009B78029966
:10421800DB1953430F4A01379B182A00FFF7D4FDD7
:10422800FFB2D0E73B78DB07B0D52B002100029A1C
:104238000948A9E7A41B0020D8AC0008EC0F00200F
:10424800BB1000204EAA0008C2AC00086F0C00206A
:1042580027AA0008AC1B002073AA000810B50300A9
:1042680004484478C27808348178E0B2FFF75AFFEE
:1042780010BDC046A41B002010B50120FFF7EEFFBB
:1042880010BD000010B5030004484478C278083C0B
:104298008178E0B2FFF746FF10BDC046A41B00209E
:1042A80010B50120FFF7EEFF10BD000010B50300A8
:1042B80006488478C2781134211CFF2C00D9FF21CC
:1042C8004078C9B2FFF72EFF10BDC046A41B0020DE
:1042D80010B50120FFF7EAFF10BD000010B503007C
:1042E80006488478C278113C24B2211C002C00DADC
:1042F80000214078C9B2FFF715FF10BDA41B0020AC
:1043080010B50120FFF7EAFF10BD000010B503004B
:104318000648C17811310A1CFF2900D9FF2281788B
:10432800D2B24078FFF7FEFE10BDC046A41B0020A5
:1043380010B50120FFF7EAFF10BD000010B503001B
:104348000648C178113909B20A1C002900DA00228E
:104358008178D2B24078FFF7E5FE10BDA41B00209B
:1043680010B50120FFF7EAFF10BD10B50023FFF7D5
:10437800D9FE10BDF7B506000024144B1979A142E7
:1043880009D8FFF72BFEB2783379D2071CD5013351
:104398005BB23371F7BD9D7803232D195D430C4B38
:1043A800FF20ED180B4BDA7801929F78FCF70AF89A
:1043B800604333793900C018019A2B00C0B2013428
:1043C800FFF702FDE4B2D8E7013BE1E76F0C0020FC
:1043D800AC1B0020A41B0020F7B5012283780092B3
:1043E800134202D001235B4200930026274C237915
:1043F800B3420CD8FFF7F2FD009B254D012B3DD1B0
:104408002B78002B00D12379013B2B70F7BD0323B8
:10441800A5780024AD195D431E4B2700ED186B46A7
:104428001B786C702C70AC700193194B187820189D
:10443800C1B240B212281ADD1221FCF7A9F848B21D
:1044480086420BD10422144BD21BD97858784A43A0
:1044580092109978D2B22B00FFF7B6FC019B013776
:10446800E418E4B2042FE0D10136F6B2BEE7002822
:10447800E6DA064B1879081840B2E1E7287821797E
:104488000130FCF785F82970C0E7C0466F0C0020A2
:10449800EB0F0020AC1B0020A41B0020F8B5032361
:1044A8000021264D264EAA78E87853439B1990425E
:1044B8001AD800242979234FA1421CD8FFF78EFD72
:1044C800214C22483B7801782278CB188A185BB2B5
:1044D80052B23B702270002A03DD2A79013A9342D6
:1044E80001DB49420170F8BD0132597019709970A9
:1044F800D2B20333DBE72000FCF74AF80022AB789E
:10450800BA56CB18DBB2944210DB0F4A127852B27B
:1045180094420BDC032253430D48F318C278817888
:104528004078FFF751FC0134E4B2C3E70322534358
:104538000022F1184A70F2548A70F4E76F0C0020D8
:10454800AC1B0020E90F00206C0C00206D0C002033
:10455800A41B0020F8B502792023110055255143EA
:104568009B1A51431A00060028005A4353434843F4
:104578005918FBF79DFEC7B20324C0B2292F17D8DC
:1045880044436410E4430025E4B2164B1A79AA4266
:1045980013D8FFF723FD33790121134A002B02D0EA
:1045A800202B01D1FF21117012789B183371F8BDAF
:1045B8002D1A6C43E00F0419E3E702223800154274
:1045C80002D15332D01BC0B29A78032352195343F5
:1045D800064A01359B18064AEDB291782200FFF78A
:1045E800F3FBD2E76F0C00206E0C0020AC1B002000
:1045F800A41B0020F8B5040000250326124B1A79E5
:10460800AA4207DCFFF7EAFC0122237901331340B1
:104618002371F8BD9B780D495B1973430C4F5B18E8
:10462800217978788C465208B978AA4207DD624623
:10463800002A07D0FA78FFF7C7FB0135DEE76246A4
:10464800002AF7D00022F6E76F0C0020AC1B0020F0
:10465800A41B0020F0B5837885B002930379002469
:104668000193012305250371444B1B79A34203D809
:10467800FFF7B4FC05B0F0BD029B414E022B07D8F2
:104688002B00404A63435178F1549278F3185A70DA
:10469800019B002B18D12B006343F618019BF37084
:1046A800B370364B2E009A7803236643121953438E
:1046B8003348354A81199B18305C8A780134497827
:1046C800FFF782FBE4B2CFE72B006343F718F878D3
:1046D8000393002817D0FF260138C0B23979F87043
:1046E8007043FBF76FFE294B3040185CBB21223822
:1046F800C0B27043FBF766FE224B3040DE7846437B
:104708003612BE70CDE7FCF7A5F981221D4B920049
:10471800DB785B087F335343063A1B12FF3A13409A
:104728009842BEDA029B022B10D9FCF793F9FF21BD
:10473800FBF72EFF039BF154FCF78CF9114B9E7885
:1047480076083100FBF724FF76187E702A000021D6
:1047580062430B4B9A1891700A4AD1780A1CC829EF
:1047680007D90B4A1278290061435B181A71DA706D
:1047780097E7C9B21429F6D21422F4E76F0C002087
:104788008F0F0020A41B0020AC1B002003AD0008E5
:104798009AAA00080C4B10B519780B220B48490847
:1047A800FCF740F8002802D10122094B5A7002F0A8
:1047B8007BFB084B1880084B1B78DB0702D50748A2
:1047C80002F0BCFE10BDC046A41B0020740C0020E3
:1047D800EC0F0020880F0020BB1000209BAA0008C7
:1047E8000022054B10B55A70044B1B78DB0702D525
:1047F800034802F0A3FE10BDEC0F0020BB10002000
:10480800B4AA000870B51F4C2378DA0726D5012210
:10481800002824D11340921813431B4D23700029FC
:1048280026D02068FFF7F9FA2B78DB0704D5217822
:104838001648490802F082FE21780B2214484908DC
:10484800FBF7F0FF00281AD0FFF7CAFF0122114B2F
:10485800DA70E278A1786078FFF787FD70BD2A28C2
:1048680002D913405422D7E7400013400343D4E74A
:104878002B78DB07E0D5217807484908DAE7FFF706
:1048880089FFE3E7A41B0020BB100020CDAA000885
:10489800740C0020880F0020E9AA0008054B0100CD
:1048A800187810B5400801302A2800D90120FFF7F0
:1048B800A9FF10BDA41B002010B50120FFF7EEFFD3
:1048C80010BD0000064B0100187810B540080138EB
:1048D800C0B2002800D12A30FFF794FF10BDC046AF
:1048E800A41B002010B50120FFF7ECFF10BD10B588
:1048F8000121FFF787FF10BD012110B5074C237870
:104908000B432370064B1B780B4202D0054802F07C
:1049180015FE20784008FFF7EAFF10BDA41B002011
:10492800BB10002007AB000810B50021FFF76AFF95
:1049380010BD000070B5224E3378002B3ED1012502
:10494800204C23782B4208D01F4802F0F7FD23782B
:104958002B4202D01D4802F0F1FD02F0C3F80028F6
:1049680009D12378DB0702D5194802F0E7FD02F0E8
:1049780049F9FFF763FAFFF74BFA0123154D286051
:104988009843C0B200280AD122781A4202D01248AD
:1049980002F0D4FDFFF752FAFFF73AFA2860FFF762
:1049A80025FAFFF759FA00220C4B28785A70C307EA
:1049B80002D54008FFF7B8FF0123337070BDC04629
:1049C8008E0F0020BB1000203EAB000855AB00083E
:1049D8006BAB0008A41B002093AB0008EC0F002071
:1049E800012110B5074C23780B432370064B1B7825
:1049F8000B4202D0054802F0A1FD20784008FFF7DD
:104A080093FF10BDA41B0020BB100020DCAB0008E6
:104A180070B501250C4C2378AB4323702068FFF751
:104A2800FCF90A4B1B782B4205D021780848C907A6
:104A3800C90F02F083FDFFF7D3FEFA20400003F010
:104A4800AAFDFFF7CBFA70BDA41B0020BB10002005
:104A580015AC00080B4B10B51A7801230A4C1A4202
:104A680006D021780948C907C90F594002F066FDE8
:104A78002378DB0702D5FFF7CBFF10BDFFF73CFF1C
:104A8800FBE7C046BB100020A41B00204DAC00086B
:104A980001220B4910B50B7893430B70094B1B7817
:104AA800134203D00021084802F048FDFFF798FEA2
:104AB800FA20400003F06FFDFFF790FA10BDC046E2
:104AC800A41B0020BB10002084AC0008F8B5304BB4
:104AD8005A78002A21D02F4A1B7810782E4C40088B
:104AE800C01AC0B2A070022B18D12C4B2C4D1E5CE2
:104AF800E378002B05D00027E77002F0D5F9A780EE
:104B0800208002F0D1F92388264AC01A80B2904248
:104B180003D89E1920002680A847F8BD062B03D18C
:104B2800214B224D1E5CE3E7092B04D1204B4008A2
:104B38001E5C204DDCE70F2B04D11F4B40081E5C88
:104B48001E4DD5E7152B03D11D4B1E4D1E5CCFE71F
:104B5800182B11D0232B03D11B4B1C4D1E88C7E7E4
:104B6800242B0CD0252B0ED10321FBF727FC184B47
:104B7800C9B25E5C174DBBE72826174DB8E7FA2681
:104B8800164D7600B4E7FA26154DF600B0E7C04694
:104B9800EC0F0020A41B0020880F0020BEAC0008EA
:104BA80091400008FE7F0000CAAC0008B54000082C
:104BB800CDAC00087D430008D2AC0008E1430008F2
:104BC800C7AC0008A5440008D0AC0008D1400008D4
:104BD800D5AC00085D4600085D450008FD450008A5
:104BE800A53D000810B5002801D0904710BD8847A2
:104BF800FCE770B504000D00FFF778F9A04206D372
:104C0800FFF774F9A84202D2FFF756FE70BD2000E4
:104C1800FFF76DFEFAE7000070B58C780500002CF0
:104C280062D001F077FE2223304A0340954212D821
:104C38002F4A954212D92F4AA818122810D8FBF7E4
:104C480023FB13191C1F2225282B2E3134383D40F5
:104C58004346494B4E00284B9D4242D0200070BD30
:104C6800FFF7F8FE0024F9E7244A25491800FFF762
:104C7800B9FFF7E7224A2149F8E7224A2249F5E72E
:104C8800214A2049F2E7214A2149EFE7204A1F49F2
:104C9800ECE7204A2049E9E71F4A1E49E6E71F4A90
:104CA8001F49E3E71E4A1D49E0E70120FFF71FFE01
:104CB800D8E705210220FFF79CFFD3E7082106204B
:104CC800F9E70E210920F6E714210F20F3E7172151
:104CD8001520F0E71820E9E722211920EBE7232027
:104CE800E4E72A212520E6E70124B7E7D55C0000A0
:104CF800C15C00003DA3FFFF5D5D0000ED480008BA
:104D0800C1480008A9420008814200080943000878
:104D1800D94200086943000839430008553F000894
:104D2800293F000830B5072301251C4A1C492C00DF
:104D38009C401183204219D00324C046C046C04677
:104D4800C046C046C046013C002CF6D15183C0463F
:104D5800C046C046C046C046C046C046C046C0461B
:104D6800C046C046C046013BE1D230BDC046C04641
:104D7800C046C046C046C046C046C046C046C046FB
:104D8800C046C04603245183C046C046C046C046FC
:104D9800C046C046013C002CF6D1E4E700040048B8
:104DA8000080FFFF802110B501220248090204F0AB
:104DB8009CFA10BD00040048F7B5164C050023788E
:104DC8000191002B03D1FFF7EDFF0123237072B689
:104DD80000240327019B9C420CD3E0239B00C04680
:104DE800C046C046C046C046C046013B002BF6D16F
:104DF80062B6F7BD3B006343EE18E85CFFF792FF2D
:104E08007078FFF78FFF0134B078FFF78BFFE4B2BB
:104E1800E0E7C046EE0F002010B52320FEF73CFE69
:104E2800212801D0002010BD2420FEF735FE0728D8
:104E3800F8D11E30FEF730FE133843425841F2E7EE
:104E480010B52121041E00D1DE312320FEF72EFEED
:104E58000721002C00D1F8312420FEF727FE13216A
:104E6800002C00D1EC312520FEF720FE10BD10B536
:104E78000020FFF7E5FF01F02BFE10BD704710B5CD
:104E88002620FEF709FE10BD10B5C1B22620FEF798
:104E98000DFE10BD10B5FFF7F1FFFFF7BDFF0028AD
:104EA80008D1FFF7F1FF00F05BF900F0F1F90120FC
:104EB800FFF7C6FF10BD000010B58C78002C1ED07F
:104EC800174BC3180F2B22D81238C0B200F0EEF9D6
:104ED8000024200010BD012001F0DAFB032202218A
:104EE8000120FDF719FAF3E7012001F0DDFB0322A9
:104EF80002210120FDF710FAEBE70220F5E7094B44
:104F08009842F1D0084B9842F7D00124E1E7054BCD
:104F18009842E0D0044B9842DBD10220DCE7C0463F
:104F2800EEA0FFFF105F0000115F0000FF23037079
:104F3800704710B5040000788038032806D8FBF7BE
:104F4800A3F90206090CFFF73FF8607010BDFEF7E1
:104F5800CDFFFAE7FFF700F8F7E7FFF729F86070E9
:104F6800FFF72CF8A070F1E770B5040000788038DE
:104F7800032816D8FBF788F9020D191DFFF718F852
:104F88000500FFF71BF8010062782800FFF7EDF92C
:104F980007E06078FFF7C8FC6378002B02D1FFF7C1
:104FA80077FD70BDFFF71CFDFBE76078FEF7FAFFA1
:104FB800F7E76578A478FFF707F821000200E4E72F
:104FC800F8B50400431C00780D000138122800D9F8
:104FD8009EE0FBF759F90A133A4B515B5E62669DF6
:104FE8009D696D737C85888B9400002363700933F9
:104FF800A3702900200002F01BFEF8BD6378022B85
:105008000DD0032B0ED0012B1AD101F02FFF030E68
:10501800A370030CE370030A23716071E9E7FFF7DB
:105028002EFFF4E70026A71C3000FDF7D7FC013659
:10503800030AF6B23B7078700237052EF4D1D8E730
:1050480029002000FFF772FFD3E76378022BF7D11E
:10505800E378A0781B0203432079000403436079B6
:105068000006184300BAFFF70FFFC2E7E278A178FD
:10507800607800F05AF8CEE7227963791202134378
:10508800A178E278607800F05EF8B2E700F068F89E
:10509800AFE71800FFF768FFABE71800FFF749FF15
:1050A800A7E7FEF7C3FEA4E700F0B6F86070A0E734
:1050B80000F0B4F8030A6370A0709AE76378A078E8
:1050C8001B02E178221D184300F0ACF891E76378E1
:1050D800A0781B02E178221D184300F0BFF888E78A
:1050E80000F0D6F885E700F016F8DFE76378A078D7
:1050F8001B02E178221D184300F050F879E7637825
:10510800A0781B02E178221D184300F05FF870E7D1
:10511800FF2323706DE70420704752004901891866
:10512800A022504308182730704770B5FFF7F5FFE5
:105138000500FEF7B1FC0402681CFEF7ADFCA4B242
:10514800204380B270BD70B51D00FFF7E6FF040074
:10515800290AFEF7ABFCE9B2601CFEF7A7FC70BD9C
:10516800F8B50025A0246C430B4B0027E4180DE08C
:105178007300F2B2E35AF9B2E8B20136FFF7E3FF7F
:10518800102EF5D101372034052F01D00026EFE786
:105198000135042DE6D1F8BD789D0008F8B5273013
:1051A800A027140005005618BF00B44200D1F8BD6E
:1051B8002B00273BBB4206DA2800FEF76DFC207067
:1051C80001350134F1E700232370F9E7F8B52730FA
:1051D800A027140005005618BF00B44200D1F8BD3E
:1051E8002B00273BBB4203DA28002178FEF75EFC40
:1051F80001340135F1E707B501AA03001180002049
:10520800032B08D85178042905D812780F2A02D818
:105218001800FFF78AFF0EBD10207047004870473E
:1052280059050000F8B5AB2714000A4B5618C518E5
:10523800FF00B44200D1F8BD074BEB18BB4206DCB7
:105248002800FEF729FC207001350134F1E700231E
:105258002370F9E7A702000059FDFFFFF8B5AB2757
:105268001400094B5618C518FF00B44200D1F8BD08
:10527800064BEB18BB4203DC28002178FEF716FC2E
:1052880001340135F1E7C046A702000059FDFFFFD0
:1052980070B58025044C2D01200000210134FEF753
:1052A80005FCAC42F8D170BDA7020000F7B50500B7
:1052B8000F2821D81948FEF7EFFB00281CD18026BB
:1052C800174C3601002D18D1012701952000FEF753
:1052D800E3FB002301AD661C28706B7098420BD06D
:1052E800431E022B14D8687030002F70FEF7D4FBD1
:1052F8000234A87000280CD1F7BDB442FCD02000BD
:10530800FEF7CAFB002801D1013DEDB20134D9E70F
:1053180034002800FDF720F9D8E7C046FF07000051
:10532800A7020000F8B5140082781D0006AB1F78AC
:10533800274B002A11D01C7001F0B6FD254B1880B0
:1053480023002033DBB2072B06D8072201201440A4
:10535800A040C0B200F0FDFBF8BD1E78A6422DD1DA
:105368001C4B188801F0A5FDC72827D82C0020342D
:10537800AE4215D033002033DBB2072B06D8072303
:1053880001201E40B040C0B200F0EBFBE3B2072B97
:1053980006D8072301202B409840C0B200F0D9FB63
:1053A8003800E4B200F0CDFB072CD5D80723012044
:1053B8001D40A840C0B200F0D4FBCDE72300203345
:1053C800DBB2072BC8D8072201201440A040F1E720
:1053D800EF0F0020F00F0020264B13B50C00984269
:1053E8000BD8254B98420FD8244B98421AD0244BFF
:1053F800984237D0234B98420ED0A078002836D058
:105408000022214B1A701AE0204BC01802280DD830
:10541800FAF73AFF161C220026230093BB331A0022
:10542800010008E027230093BE33F8E72623E02293
:1054380017490093BB332000FFF774FF002016BD07
:105448002723E42200931349BE33F4E72623E222FC
:1054580000931149BB33EEE72723E6220093054961
:10546800BE33E8E72823E5220093273BD8E701204D
:10547800E5E7C046F65C0000F25C0000D85C00007E
:10548800D95C0000D75C0000EF0F00200CA3FFFFE1
:10549800F35C0000F45C0000F55C000070B50500EA
:1054A8008878002800D1B9E05D4EB54212D85D4B2E
:1054B8009D4213D901F02CFB5B4C2080B5421ED8CD
:1054C800584B9D420BD8208801F02EFB00F076FD4A
:1054D800002003E0554BEB18082BEBD970BD544B5B
:1054E800E818122819D8FAF7CFFE1D20232E3134D8
:1054F800373D45494C4F595C5F6268896E004B4B9C
:10550800E81883B2082BDED80828DCD8FAF7BCFEE6
:1055180013183F432E5869808400012322781343CF
:105528002370D0E702232278F9E704232278F6E7EC
:1055380008232278F3E70123627813436370C2E7F4
:1055480002236278F9E710232278E8E720232278FB
:10555800E5E740232278E2E700F030FD8023227857
:105568005B42DCE70C2322789A43D8E7032362786E
:105578009A43E2E7012223789343D1E70222237872
:10558800FAE704222378F7E708222378F4E70122D0
:1055980063789343D2E702226378FAE710222378EC
:1055A800EAE720222378E7E740222378E4E700F0BF
:1055B80005FD7F2223781340B2E70C222378DBE72E
:1055C80003226378E5E70121042023785A07D20FE4
:1055D8004A400A40910083430B430821D2008B4381
:1055E8009DE701216378DA07D20F4A400A408B43CE
:1055F80013435100022293430B439FE700F0DEFC64
:1056080001222378D9094A407F21D2010B4086E73D
:10561800012001F0FBFA56E70020FAE701205DE7D8
:10562800155C0000015C00008C13002006A3FFFF3E
:10563800FDA3FFFF124A10B501230C00904215D1BB
:1056480001F068F9A17803000E4A002910D0AA20B9
:1056580003401900481E814135201170002B00D1EC
:105668000C3801F0E9F801F0C7F90023180010BD63
:1056780013783520002B00D10C3801F0E7F8F2E759
:10568800165C0000F20F0020014B18607047C046FE
:10569800F40F0020034B10B51B68181E01D01B68BF
:1056A800984710BDF40F0020F8B5184B04001B688C
:1056B800002B2AD0164A1278002A07D0154A1278E9
:1056C8007F2A03D902784270052202705B682000A5
:1056D8009847114D2B785A0717D5DB0702D50F4885
:1056E80001F02CFF2600012708362B783B4203D017
:1056F80021780B4801F022FF0134B442F5D12B7810
:10570800DB0702D5074801F019FFF8BDF40F0020A8
:10571800300F00208C130020BB10002003AF0008BE
:1057280015AF000869AB0008044B10B51B68002BC7
:1057380003D0022202709B68984710BDF40F002026
:10574800064B10B51A88824206D01880044B1B6895
:10575800002B01D0DB68984710BDC046FA0F002027
:10576800F40F0020064B10B51A88824206D0188024
:10577800044B1B68002B01D01B69984710BDC0461D
:10578800F80F0020F40F002010B501F06FFB024B5A
:105798001860024B186010BDFC0F0020001000209C
:1057A8007047704710B5FFF7FCFF10BD704710B584
:1057B800FFF7FCFF10BD000010B5054801F0D2FE50
:1057C800FEF706F9FFF7ECFFFFF7ECFF10BDC04648
:1057D800ED7B00080120704710B5FFF7FBFF10BDF7
:1057E8007047704710B5FFF7FBFFFFF7FAFF10BDD2
:1057F80010B501F037FBFDF743F9FFF74BFBFFF757
:1058080099F8FFF7D4FF10BD70B50E4E0400337839
:105818005A0712D501252B420FD00B4801F08EFEF6
:1058280033782B4209D02100084801F087FE3378ED
:105838002B4202D0064801F081FE2000FCF7BDFE95
:1058480070BDC046BB1000201BAF000811A10008A6
:1058580069AB0008F0B585B0FDF74CF9002801D018
:10586800FFF792FF0026F3B2F0B20193FDF7B6F806
:105878002D4B7700FC5A0090844241D002222B4BDA
:105888001B78134201D0FDF7AFF8009B00255C4060
:10589800A3B201241C422DD0FFF79EFF002813D08D
:1058A8000098019A02AB20405A701D70431E98411F
:1058B80002AB987001F0F8FA012302AA034393801F
:1058C8000298039900F036F8174BDB5B5C40164BE7
:1058D800DC53FFF7FBF8FDF795FFFFF7DBFE144CF1
:1058E8002378834204D0FFF7D5FE2070FFF78CFFA2
:1058F80005B0F0BD01356400EDB2A4B2102DC9D1D8
:105908000136052EAFD1012302AA5B421380002382
:10591800937001F0C9FA012302AA03439380029805
:10592800039900F007F8D4E706100020BB10002008
:10593800041000201FB5030CDBB200900191002B6E
:1059480001D001F013F80E2200216A441180009A58
:1059580002AB02926A4692889A800098039900F0F6
:105968007FFD05B000BD10B5008800F039FF10BDFF
:1059780010B5041E13D0822812D1FFF78BFE8307BF
:105988000DD4392000F058FF01F036F8FA208000D5
:1059980002F001FE392000F059FF01F02DF810BD8A
:1059A80083280ED1FFF776FEC307F8D4532000F002
:1059B80043FF01F021F8FA20800002F0ECFD5320AB
:1059C800E9E784280ED1FFF765FE4307E7D44720AF
:1059D80000F032FF01F010F8FA20800002F0DBFD41
:1059E8004720D8E7031FDBB2A02B13D8FDF726FC0E
:1059F8000028D4D11C4B2100186801F02BF900288D
:105A080004D0200000F022FF00F0F6FF200000F094
:105A180013FFC2E703002033DBB2072B07D80720A8
:105A280004400638A040C0B200F07AFFB5E7030092
:105A38005B33DBB2022B04D8243880B2FFF780FE38
:105A4800ADE703005833DBB2162B05D8074A5B00D5
:105A5800985AFFF787FEA2E7EF28A0D9FDF78CFD3B
:105A6800FDF75CFE9BE7C046800C00202EAF0008C7
:105A780010B500280FD082280ED1FFF70BFE830740
:105A880009D5392000F0D8FE00F0B6FF392000F023
:105A9800DDFE00F0B1FF10BD83280AD1FFF7FAFD43
:105AA800C307F8D5532000F0C7FE00F0A5FF532028
:105AB800EDE784280AD1FFF7EDFD4307EBD5472032
:105AC80000F0BAFE00F098FF4720E0E7031FDBB2C2
:105AD800A02BDCD903002033DBB2072B07D8072320
:105AE800034001209840C0B200F022FFD1E7030034
:105AF8005B33DBB2022B03D80020FFF721FECAE795
:105B080003005833DBB2162B03D80020FFF72AFE18
:105B1800C1E7EF28BFD9FDF789FDFDF7FFFDBAE71B
:105B280070B505000C00FFF723FF002C03D12800F7
:105B3800FFF79EFF70BD0A20013C02F02CFDA4B2C5
:105B4800F3E7502110B5392800D00021FFF7E8FF0E
:105B580010BD10B5002803D000F0E2FE00F04CFFA5
:105B680010BD10B5002803D000F0E2FE00F044FF9D
:105B780010BDF0B585B086790C1C8578019000F0D1
:105B880087FE2304360902900393002818D0029553
:105B9800002D15D00F2223041B0E9343402B06D053
:105BA800230000222033DBB20292072B08D90220FF
:105BB80000F072FF00F06CFE01234340DBB2029359
:105BC80023041B0F18000393FAF768FB100010005A
:105BD80065006500B500C90041004100D4002B01F3
:105BE8003C013C01970141004100A0010F22230420
:105BF80026051B0E360F934300D03601E4B2002D64
:105C080014D0002E0BD023002033DBB23000072B3A
:105C180001D9002C07D100F083FE00F0EDFE200032
:105C2800FFF7A6FE13E000F091FEF6E72000FFF76D
:105C38001FFF002E0BD023002033DBB23000072BD0
:105C480001D9002C24D100F073FE00F0D5FE039B8F
:105C5800083B032B03D8FFF71DFDFCF7AEFC029BA6
:105C6800002B13D000F00CFE012302001A4018424A
:105C78000CD1019B9A7000F0FBFD00F009FD019822
:105C880000F05CF900F0F4FD00F00EFD05B0F0BD89
:105C980000F064FED9E70F22230427051B0E3F0FEF
:105CA8009343202B00D03F01E4B2002C0ED0012CEE
:105CB8002BD0002D32D0002E2BD0019B9B79DA07F8
:105CC800ADD50F221340019A937122E0002D11D017
:105CD800002E06D100F066FE3843C0B2FFF739FF48
:105CE800B5E7012EF6D100F05DFE3843C0B200F0F2
:105CF80065FEACE7002E05D100F072FE3800FFF714
:105D080030FFA4E7012EA2D0F6E7002D03D0052E20
:105D18009DD83800E2E7042E99D8EFE7002EEDD0A1
:105D28000120392C01D1C820800002F034FC200069
:105D3800FFF79EFE8BE723059B0F09D0012B00D0B0
:105D480085E7281E01D0A005800DFFF70BFD7EE733
:105D5800281E01D0A005800DFFF7F2FC77E7E0B21E
:105D6800002D04D0FDF708FCFDF7D8FC6FE7FDF720
:105D78005DFCF9E723049B019B0F23D1002D00D084
:105D880065E723065B0F9B002007DBB2000F9840F6
:105D9800E20602D50F359D40ED432405A40F2843A4
:105DA800022C09D0032C0AD0012C02D000F040FCB0
:105DB8004DE700F033FC4AE700F044FC47E700F009
:105DC80028FC44E7A205920F0123D1B2002D1CD074
:105DD8001340002B00D13AE72206520F9200200709
:105DE800D2B2000F90400023E10602D50F33934052
:105DF800DB432405A40F1843022C0CD0032C0DD030
:105E0800012C05D000F072FC21E749080B40E0E7BF
:105E180000F062FC1BE700F073FC18E700F022FCBE
:105E280015E7E6B22405240F002D04D0200000F069
:105E38002FFC300052E73000FFF793FE200000F0FF
:105E480033FC04E7E7B23800F03804283ED8FAF704
:105E58001BFA0311181D2700002D07D0042E00D9A6
:105E6800F5E6E004C00E00F02BFCF0E6052E00D9A4
:105E7800EDE6F6E7E004C00E002DE0D000F008FCE7
:105E8800E5E6E004C00E002DF8D0D8E7002D04D0D8
:105E9800E004C00E00F0F5FBD9E600F0EDFBD6E615
:105EA800002D09D0E404E40E200000F0F1FB0321EA
:105EB800200000F0CDFDCAE6012000F0EDFD012E26
:105EC80000D8C4E6022000F0E7FDC0E6002D06D0A9
:105ED800002E01D03800A3E6E004C00ECEE7002E65
:105EE80008D00120392F01D1C820800002F053FBCF
:105EF80038001DE7E004C00EA1E72205120FE1B249
:105F08000198FCF762FB00F01BFBA0E62205019854
:105F1800120FE1B2FCF75BFB99E670B504008078DC
:105F2800218800F067FC051C00F0F4FB00F070FB12
:105F3800291C2000FFF71DFE70BD000073B5868880
:105F480001AD0400010002222800FAF7ABFC002E84
:105F580012D02A880C4B9A420ED02000FCF704FA83
:105F680000280AD100F094FC002805D0A378002B63
:105F780002D0022000F090FD73BD2000FFF7CDFF96
:105F88002000FCF7ACF9F7E7FFFF000010B5002090
:105F9800FFF7D6FB0020FFF7E5FB00F0E7FC00F079
:105FA800FBFC00F029FDFDF7FDFCFDF7B7FB10BD7C
:105FB80010B500F055FCFFF7E9FF10BD10B500F073
:105FC800BFFCFFF7F5FF10BD031CC2B21804000F99
:105FD800023800B50D2821D8FAF756F9070720200E
:105FE8001620202007071D20201D0120F02A05D09B
:105FF80005D80020E72393424041C0B200BDF43ADF
:10600800100043425841F8E70120E72AF6D9F13A4F
:1060180050425041F1E71805C00FEFE70020EDE7C7
:1060280007B501AB1880019800F0DAFBFFF7CCFF49
:106038000EBD82B002B0704782B002B07047000057
:1060480070B507250B4B1C780B4B1B78A34200D16E
:1060580070BD0A4BE200D15A9B1858889A880004F0
:106068000843D988013409041143FFF7E5FF2C40A0
:10607800EAE7C0465B1000205A1000201A100020E2
:10608800064B10B558881A88D988000410439A8896
:1060980009041143FFF7D0FF10BDC04612100020BD
:1060A800F7B50F221E488379934334D18378002BA8
:1060B80031D01C4B01A91B781B4A12789A422AD06E
:1060C800028884880A80002C26D0184D92B2AA42F1
:1060D80022D04778164DBC46DE00AA195778BC4531
:1060E8001AD10778755DAF4216D19578002D13D176
:1060F80095882C1BA4B2C72C0ED80F2410218379A5
:1061080023400B4383719379234019439171FFF71F
:1061180015FFFFF795FFF7BD072201331340CBE7C3
:10612800121000205B1000205A100020FFFF000012
:106138001A100020F0B504008BB00100062206A852
:10614800FAF7B0FBA178C14E0191A188308802917D
:10615800B18803908C4608A9088060462378627845
:10616800002800D1CBE00888B94DA84200D1C6E08C
:10617800B578002D00D1C2E0B1790F200F0004914D
:10618800614687430298401A80B2C72800D98AE03E
:10619800002F49D10199059106A90B704A7008880A
:1061A8000399884212D10199002900D017E10F23E1
:1061B8000499194001331943B171FFF761FF3000A9
:1061C800FFF7BCFEB379A37100253CE102990029D1
:1061D80000D008E1019B002BF6D001239B4A91795E
:1061E8000B439371F0E79B48CF00C6197078904233
:1061F80006D198483F5C9F4202D1B678002EE3D181
:10620800072001310140FFE0000E014202D0002BBF
:1062180000D117E12033DBB2072B00D812E12000B0
:10622800FFF78CFE05950DE106A90B704A700888EA
:10623800039988420FD1019900290CD1049B2000B1
:10624800A371FFF77BFE082221003000FAF72AFB32
:10625800FFF716FFF7E006A90B704A700698FFF7DC
:10626800DFFE00281BD0019B002B18D0774A9379BA
:106278001F2B09D9128808A8028000228270029A6E
:1062880083718280FFF75AFE082221006F48FAF7CF
:1062980009FBFFF705FFFFF7F3FE0125D3E0200018
:1062A800FFF74CFEF9E706A9002F14D101980B70EF
:1062B800887002984A70888007990698FFF7B9FE97
:1062C8003000FFF73BFE082239003000FAF73EFBAA
:1062D800FFF7D6FE78E70B704A7008880399884262
:1062E800B9D101990029B6D1049B2000A371FFF709
:1062F80025FE082230000199FAF728FBA3E065463D
:10630800524F38880880002D51D0514985B28D42AE
:106318004DD0BD78002D4AD166460299891B89B2B5
:10632800C72933D8019D002DB9D006A90B704A7032
:106338000B8883421DD1BA79D30714D40F211300D7
:106348008B4310D0A271F02B06D0D3B21A090132B8
:1063580012010B401343A3712000FFF7EFFD082241
:106368002100380072E7082221003800FAF79AFA6B
:1063780069E00698FFF754FE002885D10123BA7911
:1063880020001343BB71FFF7D9FD5CE0019806A913
:10639800887002980B704A70888006980799FFF7F2
:1063A80048FE082229003800FAF7D0FA50E7019988
:1063B800002900D173E706A90B704A700698FFF709
:1063C8002FFE051E00D16AE7082221003000FAF7E7
:1063D80069FA3000FFF7C7FAFFF762FE38E702995B
:1063E800002900D1F9E608A90B704A7009881848F5
:1063F800814200D1EEE60199002900D0EDE6164869
:1064080016490078097801900198814200D0EAE69F
:1064180006A90B704A70069800F0E2F9C3B20004AE
:106428000F21020F012A00D8EEE60E320A40012A97
:1064380000D9F4E6000E014200D1EBE6A2798A43C6
:1064480000D0E7E6059D28000BB0F0BD1210002033
:10645800FFFF00001A1000205A1000205B100020D7
:10646800F0B587B06C46009020006160FFF762FECF
:1064780004A9051E0DD02288A3880A80002B06D007
:106488002A4B92B29A4202D003CCFFF7D5FD0726D9
:1064980044E00B00220041CA41C30888A38803AA2C
:1064A8001080002BF3D0224F224E3C783078A4463F
:1064B80014881E4A9442EAD00722441C14406445BA
:1064C8000AD08B801C4BC00018180132FAF7EAF981
:1064D8003470FFF7B5FDDAE7FFF770FD08222900F1
:1064E800164835703D70FAF731FAD0E7124CC00003
:1064F8002018FFF71FFE002816D02B78DB001A5B48
:10650800E4186088E188A38800040904194310434B
:10651800FFF792FD2B78013333402B70044D054B68
:1065280028781B788342E1D107B0F0BDFFFF000057
:106538005B1000205A1000201A10002012100020B2
:10654800F8B5031E0BD00026072718785C1C7428A2
:106558003DD00BD802282CD002D8012812D0F8BD83
:10656800031F6F2BFBD8FFF703FA19E0752838D003
:1065780003007C33DBB26F2BF1D87F231840FFF781
:1065880077FA0DE09C1C5B781A002032D2B2072AF9
:106598000DD83B409840C0B200F0EEF900F02CFA5C
:1065A8003500013DEDB2FF2D1ED12300CDE71800C7
:1065B800D9E758789C1C03002033DBB2072BDED8C0
:1065C800012338408340D8B200F0DEF9E6E75D7871
:1065D8009C1C013DEDB2FF2DE2D00A2001F0DBFF4B
:1065E800F7E75E789C1CDBE70A2001F0D4FFD8E7C8
:1065F800704710B5FFF7FCFF10BD000010B5FFF79E
:10660800F8FF024B1860FFF7C1FC10BD5C100020BA
:10661800704710B5FFF7F2FF10BD000010B5034B2F
:106628001B681843FFF7EAFF10BDC0465C10002046
:1066380010B5034B1B681840FFF7E0FF10BDC046BC
:106648005C10002010B5034B1B685840FFF7D6FFBD
:1066580010BDC0465C100020704710B5FFF7FCFF66
:1066680010BD000010B5FFF7F8FF024B1860FFF7E8
:106678008DFC10BD6010002010B50020FFF7F2FF60
:1066880010BD0123834010B51800FFF7EBFF10BDC4
:106698000123834010B5034A10681843FFF7E2FF4F
:1066A80010BDC046601000200123834010B5034A86
:1066B80010689843FFF7D6FF10BDC0466010002051
:1066C8000123834010B5034A10685840FFF7CAFFFA
:1066D80010BDC0466010002010B5034B1B6818435E
:1066E800FFF7C0FF10BDC0466010002010B5034B77
:1066F8001B681840FFF7B6FF10BDC04660100020A9
:1067080010B5034B1B685840FFF7ACFF10BDC046DF
:10671800601000207047000073B5012503041B0EAC
:1067280001AA1B011080181807232E00C2B21840B6
:10673800D3080522864000205A43084BF6B29A181F
:106748000B00C34014782B405B42634033406340E6
:106758000130137001320528F2D173BD6410002096
:1067680037B503041B0E01AA1B011080002118185D
:1067780007230524C2B2034001250800D208544368
:10678800054A1419625CDA402A408A4001311043F4
:10679800C0B20529F6D13EBD64100020F7B51F240C
:1067A80001270D4B01AE1A680C4B30801B681A4349
:1067B8000092009BE5B2E3403B4204D1013CF8D291
:1067C80000252800FEBD28003168FBF707FF80B2CE
:1067D8000128F3D0F5E7C046601000205C100020C7
:1067E80007B501AB18800198FFF7D8FF0199FBF7AF
:1067F800F5FE0EBD37B50F4B01AD1B782980002B78
:1068080003D00198FFF7ECFF3EBD00280CD02868A4
:10681800FFF7C4FF040001002868FFF77DFF200090
:106828000199FBF7DBFEEFE72868FFF799FF040003
:10683800F5E7C0461010002010B5034B010018689A
:1068480000F08AFA10BDC046800C002010B5034B3A
:106858000100186800F094FA10BDC046800C0020B2
:1068680010B5024B186800F09FFA10BD800C00208C
:106878000020024B1856C010C0B27047B710002055
:10688800024B1878072318407047C046B7100020FD
:10689800034B187807231840431E9841C0B270472D
:1068A800B71000200D4A70B5537804005907C90F76
:1068B800814212D001000125042029408900834328
:1068C8000B435370108800F02FF9054B1B782B42AF
:1068D80003D02100034800F031FE70BD8C13002066
:1068E800BB1000205CAF0008044B10B5587801239A
:1068F8004007C00F5840FFF7D5FF10BD8C1300208C
:1069080010B50120FFF7CEFF10BD10B50020FFF72E
:10691800C9FF10BD014B18787047C046B910002058
:10692800024B1A78104318707047C046B9100020FF
:10693800024A1378834313707047C046B910002089
:106948000022014B1A707047B9100020024B1A78C8
:10695800104318707047C046BA100020024A1378D6
:10696800834313707047C046BA1000200022014BC1
:106978001A707047BA100020024B1A78104318702A
:106988007047C046B6100020024A1378834313703C
:106998007047C046B61000200022014B1A7070479D
:1069A800B6100020014B18787047C046B810002078
:1069B800704710B5FFF7FCFF10BD0000064B10B57F
:1069C8005B785B0706D4054B1A78824202D01870B0
:1069D800FFF7EFFF10BDC0468C130020B810002051
:1069E80010B5044B1A78002A03D000201870FFF75E
:1069F800E0FF10BDB810002010B50D4B0D4A1B78F4
:106A080012780D4C13430D4A2068127813430C4A30
:106A180003701278002A07D01343037000F0FCF8C3
:106A2800002801D0FFF7DCFF2068FEF73DFE10BD0F
:106A3800B9100020BA100020800C0020B6100020E9
:106A4800B8100020704710B5FFF7FCFF10BD00001C
:106A58000A4A0B00527810B552070CD4084CC100F2
:106A680019432170FFF714FE00202056C010C0B251
:106A7800FFF7E9FF10BDFFF70BFEFBE78C130020C3
:106A8800B7100020002010B5024B1870FFF7DBFF8D
:106A980010BDC046B7100020002310B50A4AD356CF
:106AA8001900814348B21070420702D1DBB2834219
:106AB80003D1064B5B785B0705D5C010C0B2FFF762
:106AC800F3FDFFF7DFFF10BDB71000208C13002087
:106AD80010B5FCF785FF00200149FDF70AF810BD45
:106AE800FFFF000010B50020FCF7E6FF024BC018BE
:106AF80043425841C0B210BD1601FFFF10B5022035
:106B0800FCF7CAFF10BD10B50320FCF7C5FF10BD88
:106B180010B50420FCF7C0FF04002220FCF7BCFFDE
:106B28000002204380B210BD10B50400C1B2042099
:106B3800FCF7BCFF2220210AFCF7B8FF10BD10B5F6
:106B480001000F20FCF7F8FF10BD10B5010013205D
:106B5800FCF7F2FF10BD10B50020FFF7F6FF10BDDF
:106B680010B50020FFF7EBFFFFF7F5FF10BD0000A1
:106B780010B50024FCF734FF00202049FCF7B9FFCA
:106B880000210220FCF792FF00210320FCF78EFF72
:106B98001B4B210004201C60FCF788FF21002220E9
:106BA800FCF784FF21000520FCF780FF2100062068
:106BB800FCF77CFFFF210720FCF778FF2100082065
:106BC800FCF7BAFF21000D20FCF770FF2100182008
:106BD800FCF7B2FF21001720FCF768FF21001C20FA
:106BE800FCF7AAFF21002020FCF783FF21001820D2
:106BF800FCF7A2FFFFF7B4FF10BDC046EAFE000095
:106C08005C10002010B5FFF7B3FF10BD10B50100F0
:106C18000E20FCF74BFF10BD0C4A0300117806222A
:106C2800002904D00A4909787F2900D918320020A0
:106C38000233013AD2B2FF2A00D1704719780029ED
:106C480001D00130C0B20133F3E7C046300F002055
:106C58008C130020030010B5081E15D0114A1278B5
:106C6800002A12D0104A12787F2A0ED90020CC08A8
:106C7800EF2909D807221140063A8A401B1998784B
:106C88001040431E9841C0B210BD9A1C08331078BA
:106C9800884204D001329A42F9D10020F4E7012059
:106CA800F2E7C046300F00208C1300200122002399
:106CB800F0B55242851CEC5C5EB28C420BD0571C7E
:106CC80002D1002C00D132000133062BF3D1531C22
:106CD80001D080188170F0BD002210B5831C0830E7
:106CE8001C788C4200D11A7001338342F8D110BD50
:106CF80010B5CB08EF2908D8C01807231940063B60
:106D08008B4082781343837010BD044B1B78DB07DC
:106D1800FAD5034800F012FCF6E7C046BB10002085
:106D280071AF000810B5CB08EF2908D8C0180723A1
:106D3800012219408A4083789343837010BD044B25
:106D48001B78DB07FAD5034800F0F8FBF6E7C046E6
:106D5800BB1000208FAF000810B5074B1B78002B25
:106D680006D0064B1B787F2B02D9FFF7C1FF10BD59
:106D7800FFF79CFFFBE7C046300F00208C13002074
:106D880010B5074B1B78002B06D0064B1B787F2BC2
:106D980002D9FFF7C7FF10BDFFF79EFFFBE7C0460C
:106DA800300F00208C13002010B5074B02301B78E1
:106DB800002B04D0054B1E221B787F2B00D80622FF
:106DC8000021F9F7C3FD10BD300F00208C130020FF
:106DD800704710B5FFF7FCFF10BD10B50020FBF79A
:106DE800ECFBFFF7F6FFAA2001F0D5FB10BD7047BA
:106DF800704710B5FFF7FBFF0024FBF77BFEFFF79A
:106E0800F7FF2000FBF7EAFD002804D10134E4B2C3
:106E1800052CF6D110BD0120FCE7704710B5FFF72F
:106E2800FCFF10BD10B5FFF78BFDFFF79FFDFFF7C7
:106E380017FDFCF7B7FD0020FEF782FC0020FEF7E7
:106E480091FCFEF727FCFBF7B8FBFFF7E7FF10BD47
:106E580010B572B601F067FC62B6014B186010BD40
:106E6800BC10002010B5FFF7F3FF10BD10B572B6C7
:106E780001F059FC62B6FA22084B92001B68002107
:106E8800C01A0023F9F7AAFB0023054A80185941C4
:106E98000023044AF9F782FB10BDC046BC1000204D
:106EA8000F2700001027000010B5FFF7DFFF80B2A2
:106EB80010BD10B50400FFF7D9FF001B80B210BD4C
:106EC800054B064A1A60BFF34F8F054B054ADA6037
:106ED800BFF34F8FC046FDE7FC3F0020EFBEADDE9D
:106EE80000ED00E00400FA050A4B0B4A043B196860
:106EF80010B591420CD100221A6082F31488074B16
:106F08001B6883F3088862B6054B1B689847FEE741
:106F180010BDC04600400020EFBEADDE00C8FF1F18
:106F280004C8FF1F7047F0B591B0049316AB10CB9F
:106F38001A9F1B781B9E0290039100920593002CC8
:106F480001D110239E4380233200DB001A400692B1
:106F58001E4201D0002C20D06123B20600D5412367
:106F680000222500DBB20A3B0192079328001899FA
:106F7800F9F724FA079BCAB2D318DBB2092902D859
:106F880013003033DBB2019A0199541C08AA8B54C0
:106F9800189B9D4201D3202C14D1022332001A40A1
:106FA80007921E4220D1013B3340002F08D0002B0E
:106FB80006D0059A002A02D10C32164200D0013FB1
:106FC800302205E005000194D0E708A96254013495
:106FD8001999A14201D9202CF7D13022002B03D0D6
:106FE800A74201D91F2C1AD9F30651D5069B002BAD
:106FF8001AD1002C18D0199BA34201D0BC4213D13E
:10700800631E012C0FD0189A023C102A0FD01C00C6
:10701800189B022B36D11F2C0ED862232FE008A90B
:1070280062540134DAE71C00189B102BF0D1B30628
:1070380022D478231F2C22D9B3074DD0009B2600D9
:107048000193019BE518AA1B002E47D1079B002B33
:107058000FD0009BEB1A1C000193009B1A19BC422D
:1070680044D3019B00229F4202D3009BDA19521B92
:10707800AD18280011B0F0BD58231F2CDCD808AA81
:10708800135501341F2CD7D8302308AA13550134BF
:107098001F2CD1D8059B002B04D02D2308AA1355EB
:1070A8000134C9E7730701D52B23F7E73307C3D5A5
:1070B8002023F3E72020049B0399029EB047013563
:1070C800009B1A1B5219AF42F4D80023A74200D3E1
:1070D8003B1B009A9B18B2E72500F1E708AB013E7D
:1070E800F05C0399049B029DA847AAE72020049B13
:1070F8000399029EB0470134AFE710B5002801D0CC
:1071080000F036FA10BD0000F0B591B0169C099059
:107118000A9108920693002901D1AB4B09930026E6
:1071280017E1069B01330693252807D03200751C0A
:10713800089B0A99099EB0472E000AE10023012006
:10714800082505E02D2A15D0302A0CD103430691D5
:10715800069A0699127801312B2A0ED0F2D8202AE5
:107168000DD0232A0DD01000303809282AD800273E
:107178000A250CE002221343E9E70422FBE72B432C
:10718800E5E71022F7E76F43303FCF190690069ADC
:107198001178501C0A00303A092AF4D90021069ABD
:1071A800079112782E2A26D18021C9000B4306990F
:1071B800069A4978013208003038092838D80A2157
:1071C8008C4611E000272A2AE8D180CC002F02DA69
:1071D800283A13437F420691E0E76046079A424304
:1071E800303A8A1807922A001178551C080030385E
:1071F8000928F2D90692069A117801326C2928D00A
:1072080022D868292FD06A2936D0069A15780132F3
:107218000692782D00D983E1612D30D8252D00D133
:107228007EE1582D00D07BE120221343102153E04A
:107238002A29DFD104CC0792D2430799D2171140EB
:10724800069A07910232D5E77A29DED180214900D2
:107258000EE0069949786C29F8D1C02292001343B0
:10726800069A0232D2E706994978682902D0802125
:107278000B43CBE7C022F2E780218900F8E728001A
:107288006238162800D94BE1F9F708F8170085008D
:1072980017004A014A014A014A0117004A014A01F6
:1072A8004A014A014A01170035014A014A01CA0048
:1072B8004A0117004A014A011700782DB6D06F2DF0
:1072C80000D136E1622D00D135E110220A21934325
:1072D800692D03D0642D01D00C2293435A0501D5A2
:1072E80001229343802292001A40692D01D0642D17
:1072F8001AD1002A2DD1251DDA050CD5226805934F
:10730800079B04970393D30F0193D317D2180291C5
:107318005A40009215E02268580601D5D2B2EEE72D
:107328001806ECD512B2EAE7002A12D1251DD805B5
:1073380021D50593079B0497039302910192236833
:1073480000933200089B0A990998FFF7ECFD2C007E
:107358000600069B1878002800D0E2E6089B320059
:107368009E4200D35A1E0020089B0A99099CA047F8
:10737800300011B0F0BD2268580608D5D2B2059386
:10738800079B04970393002302910193C1E7180612
:10739800F5D592B2F3E702221A400C920222134268
:1073A80029D001230793230001CB32000B930A99BC
:1073B800089B751CC0B2099EB0470C9B002B2DD0B2
:1073C8002A00079E22E0C0462D6F00082020089B57
:1073D8000A99099DA847079A531C07939B1BBB4210
:1073E800F4D300239F4200D07B1EF6180223002FFF
:1073F800D8D07B1CD6E73200EEE7531C0C93202034
:10740800089B0A99099CA0470C9A0136BE42F4D3FE
:10741800079A0023974200D3BB1AED180B9C8BE602
:10742800220002CA0C92079A0B91002A01D101226C
:1074380052420B990C008A182178002901D0A242E7
:1074480014D10B9A1900A41A8022D20011400D9170
:10745800134203D0079A944200D9140002221A401A
:107468000E920222134216D1320009E00134E3E7FA
:10747800531C0F932020089B0A99099DA8470F9A2F
:10748800A31B9B189F42F3D80023A74200D33B1BA2
:107498000134F6181C19350008E007936B1C2A0004
:1074A8000F93099D089B0A99A8470F9D0B9B9B1B4F
:1074B800585D002807D00D9B002BEFD0079B079A3B
:1074C800013B002AE9D10E9B002B12D02A0007E0CD
:1074D800531C07932020089B0A99099EB047079AD6
:1074E800631BD318BB42F3D30023A74200D33B1B33
:1074F800ED180C9C20E621221343059308230493DE
:10750800079B32000393102302930023019308CCB6
:107518000A9900930998089BFFF705FD060018E7EC
:1075280032002800089B0A99099D771CA8473E004D
:107538000FE70821D0E60221CEE6C0460FB41FB5FA
:10754800012206A908C9524203910091034802A9E1
:10755800FFF7DAFD05B008BC04B01847037100084E
:1075680000207047014B18607047C046840C00200B
:1075780010B5024B1B68984710BDC046840C00200C
:1075880002000F2030B507490C78631C03400648F9
:10759800057800209D4203D004480B700255012055
:1075A80030BDC046F21B0020F31B0020E21B002068
:1075B8007047000010B572B6034800F00FFD03488D
:1075C80000F00CFD62B610BD5C0D0020B00E00206E
:1075D80070B50D0019002D0200232800064C104339
:1075E8006360231D1A0000F0ADFB2060606800286E
:1075F80000D0200070BDC046001300207A30084A31
:1076080001781378022907D102318B43012B02D16B
:107618005278044B1A707047024A1370FBE7C04651
:10762800561300203413002070B504000800052903
:1076380011D8F8F729FE54101154510372B62D4889
:1076480000F08BFC62B672B62B4800F086FC62B67E
:107658000520FFF795FF70BD72B601212000274A6B
:1076680001F088FA04212000254A01F083FA254D0B
:1076780020002B00B4331978234A01F07BFA2B0041
:10768800B53319782000214A01F074FA2B00B6337B
:107698001978002903D020001D4A01F06BFA15481B
:1076A80000F066FC82239B00E95C2000194A01F087
:1076B80061FA194B2000E95C184A01F05BFA184B93
:1076C800E95C002903D02000164A01F053FA0A4861
:1076D80000F04EFC62B6BEE70420FFF751FF72B619
:1076E800044800F022FC62B672B6034800F01DFCA4
:1076F800F0E7C0465C0D0020B00E0020B0AF0008D7
:10770800D4AF0008880C0020CC0C0020F00C00201E
:10771800140D0020200E002009020000440E002055
:107728000A020000680E002070B5084C0500E368E6
:107738000E00002B02D0200000F0B2FD330029001B
:107748002000034A00F058FD70BDC04620130020F9
:107758005D77000870B5040072B60378042B01D079
:1077680062B670BD134B1B78DB09F9D1124D2B782B
:10777800002BF5D0114B1B78002BF1D003899B0708
:1077880004D4082301210E4A01F04BFA002328787B
:107798000C4A0021F8F722FF00230B4A80185941B0
:1077A800FA2200239200F8F7F9FE21008000FFF783
:1077B800BBFFD5E78C1300201C130020300F0020DE
:1077C8003513002010270000E7030000020070B501
:1077D8007432117804000B007F200340212B00D065
:1077E8007AE0230049B27533002925DA187802288F
:1077F8001CD0032810D0012800D06DE003331B787B
:10780800002B05D14B4AA2662022E266236770BD91
:107818000023A366E366F9E7230078331B88002B6F
:107828005AD10120444AE066A266EFE70120434BA3
:10783800E066A3660023E9E71B780A2B42D00B2BEE
:107848000ED0092B48D12300022178331B788B43B3
:1078580042D13B4BE166A3663A4B01202367D6E74A
:10786800230078331B88002B28D12300763319781E
:10787800354D0A00531E9A41D3B22F4A13702A7805
:10788800DB01024013432B70002917D12B4B1A78C8
:10789800002A13D072B62D4A18780023F8F79EFEF6
:1078A80000232B4A80185941FA2200239200F8F746
:1078B80075FE21008000FFF737FF62B60023A3663C
:1078C800E366CAE72300204977331A7809781B4B07
:1078D800C9091A70F2D1DBE71E4B12889A420BD005
:1078E8001D4B1A00B6321278002A1ED11B4A9B5C27
:1078F800002B1AD100208AE7230079331A78013B3C
:107908001B78120221001343220060687632773117
:107918004568127820000978A8470028EAD043680B
:10792800A3660368E366002397E7200000F036FBB0
:107938006DE7C04635130020300F00201C130020CF
:1079480056130020057600088C130020102700002D
:10795800E703000081060000880C00200A020000EE
:1079680070470000102210B500210448F8F7EEFF18
:107978000023034A1370034A137010BDE21B002052
:10798800F21B0020F31B0020F8B50F24012500206E
:107998000A4B0B4A1E780B4F13789E4203D10028DE
:1079A80000D01670F8BD1900795C01332800234017
:1079B8000529F2D11370FFF735FAE8E7F21B00202A
:1079C800F31B0020E21B0020F8B51F4C1F4B204A78
:1079D800A365231DDA6723001E4F1F4A1F4EA033DD
:1079E800050039001A60300000F060FA39003000F4
:1079F80000F084FAD6231A4A5B00E250194A283369
:107A0800E250194A2033194EE250194C3100200037
:107A180000F04CFA2000174C310000F06FFAA36D0B
:107A2800154A16481340A36500F0B5FD280014490F
:107A380001F065F88023A26D1B0213430022A365A1
:107A4800104BDA60F8BDC046880C0020900C00206E
:107A5800A40C0020380D0020B80C00205C0D00207C
:107A6800E40D0020F80D00200C0E00208C0E0020E4
:107A7800B00E0020005C0040FF7FFFFF983A000036
:107A8800F8AF00082013002070B50500084C01F07D
:107A980049F8A36D074A28001340A365064901F079
:107AA8002EF88023A26D1B021343A36570BDC04648
:107AB800005C0040FF7FFFFFF8AF0008014B18781B
:107AC8007047C0463413002070B5050072B61C4CD0
:107AD8002378042B20D11B4A238912787F2A1DD9A9
:107AE800194A1278002A19D0DB060BD420232A0061
:107AF8000421200001F095F8202229001348F8F706
:107B0800D1FE09E00121E369494258690C3000F0CF
:107B18004BFD2378042BE9D062B670BD9B0703D4D4
:107B280008232A000121E4E7012123694942586911
:107B38000C3000F039FD2378042BEDD1F0E7C04676
:107B4800201D00208C130020300F0020351300204A
:107B580070B5050072B60C4C2378042B01D062B6C0
:107B680070BD2389DB0607D5E369642158690C30A9
:107B780000F01AFD431CF2D006232A00042120003D
:107B880001F04FF8EBE7C046201D002037B5040090
:107B980072B608480178042901D062B637BD6D462F
:107BA800032301AA6C71240A1370AC7101F039F82F
:107BB800F3E7C046201D0020030013B572B608483D
:107BC8000178042901D062B613BD6C4663711B0AA3
:107BD80001AAA3710323117001F023F8F3E7C0464B
:107BE800201D002037B56B46D91D0023074C0870AF
:107BF80022789A4200D1323305480268D5690122B9
:107C0800A8474342434140B223703EBD6C13002055
:107C18005C0D002010B5054888B0036820221C6A56
:107C280069460023A04708B010BDC0465C0D00207F
:107C38000A0010B5202907D18A2304499B00CB5894
:107C480001005B680248984710BDC046880C0020B8
:107C5800B00E00208A2310B5084A9B00D35888B07C
:107C68001C6A2022002369460548A047002803D043
:107C7800C1B26846FDF7A4F908B010BD880C002011
:107C8800B00E002010B5FFF72FF910BD70477047F0
:107C980010B5FFF7F7FF01F03BFFFFF7F7FF10BD47
:107CA80010B501F07BFFFFF7F2FF10BD10B500F033
:107CB80017FD00F06FFAFDF77FFDFFF753FE1C4C30
:107CC8002000FFF781FEFA20400000F064FC19480C
:107CD800FFF734FCFDF78CFD1748FDF7D5FC174876
:107CE800FFF72CFCFFF750FE2378052B09D1144829
:107CF800FFF724FC2378052B0CD0FEF77DFEFBF75D
:107D08000DFDFDF7A7FDFFF785FFFFF7A3FFFDF7C3
:107D180069FDE7E7FFF761F8FFF76BF80028E9D09E
:107D2800200000F091FF2000FFF7AEFEE2E7C0461A
:107D3800201D002008B00008340F002019B00008EA
:107D48002AB0000810B5040AE3B2032C10D0032BA4
:107D580007D8012B23D0022B07D17B20114B1360AE
:107D680010BD212B0DD0222B12D000200300F6E7E6
:107D7800C0B20228F9D80C4B8100CB580B49405CA3
:107D8800EDE70329F1D80A4B89000920CB58E6E72B
:107D98000329EAD8074B8800C3580748EFE71220A1
:107DA800064BDCE764B0000830B000083CB00008BF
:107DB80040B0000850B0000860B0000801B10008E9
:107DC80013B5446BE36F1A681178042915D1217A29
:107DD800022912D1197901238B4012891A420CD138
:107DE800200001A9443000F08DFD021E05D0E06F8F
:107DF800019B0179006800F014FF13BD10B50C3029
:107E080000F01DFD10BD012310B50C305B4200F0E1
:107E180016FD10BD10B5443000F0DFFD10BD012384
:107E280010B544305B4200F0D8FD10BD10B50C30E1
:107E380000F0EDFC10BD012110B50C30494200F0F6
:107E4800E6FC10BD10B5443000F0A9FD10BD0122BC
:107E580010B54430524200F0A2FD10BDC36F70B59A
:107E68001A6804001178042901D0012070BD017A34
:107E78000229FAD11979012352898B4015001D4036
:107E88001A42F2D10C3000F077FC021EEDD0E06F00
:107E9800A36A4179043B006800F0B0FE2800E5E7DA
:107EA80010B5406BFFF7DAFF10BD00007FB5030087
:107EB800040001260E4A0D0004C343600D4B0672F0
:107EC80002940193CB680C3000934B690A6A310025
:107ED80000F02DFC2000084B31000193AB68EA69E3
:107EE800009344302B69029400F0E6FC7FBDC04645
:107EF80060B20008A97E0008C97D00080A6872B649
:107F08000B7909339B00D31858604B7911339B00C8
:107F180098508B79002B03D009339B00D3185860F5
:107F28000223C167037262B6704770B5040002216C
:107F38000430022500F095FB012620006D4229003F
:107F480026750C3000F069FB230020004C33290013
:107F58001E70443000F061FB70BD10B501210400B3
:107F6800043000F07EFB002323754C34237010BDD1
:107F780070B504000C3000F0F2FB002520002575D8
:107F8800443000F0B1FC23004C331D700121201D4A
:107F980000F067FB2000FFF761FF70BD0200602161
:107FA8007432127803000A400020202A06D11A00F1
:107FB80075321278212A02D81F2A05D87047222A3A
:107FC800FCD19866D86603E0034A9A660722DA6607
:107FD80018670120F2E7C046480F0020C36F73B549
:107FE8001A680400117804292BD1017A022928D1B2
:107FF8001979012312898B4016001E401A4220D19C
:1080080005004435280000F027FD002819D0280075
:1080180001A900F077FCE36F05001A7E002A09D059
:1080280001981A693100121A2818F8F78FFCE36FC3
:108038001B690193E06F2A000179019B006800F039
:10804800F0FD73BD0B00F0B509339B00C3185E68E3
:1080580004000D0085B0002E2CD072B60821301D0A
:1080680000F0FFFA3300AF004433E7190193FB68CF
:108078005B691B68002B02D0019800F04FFC019847
:1080880003A900F03FFC039B021E0ED1FB685A694E
:108098001268002A0DD01B8A013B1A4209D1F36FDE
:1080A8001B7E002B05D1220074322900200000F02D
:1080B800B8FD62B605B0F0BD1131890010B50C5895
:1080C800002C15D072B60421201D00F0CAFA200039
:1080D800E36F0C301A685B7902339B00D3185B6836
:1080E8009B69596800F052FB2000FFF7B7FE62B6A3
:1080F80010BD7047024B034A1A60034A5A60704722
:10810800F41B0020B01D00200040002030B5094CB1
:108118004B1E2568AA18D3184A421A4063681018DB
:10812800834204D3854202D82060100030BD00226B
:10813800FBE7C046F41B002010B572B6FFF7E6FF58
:1081480062B610BD70477047FEE70000F0B508241E
:1081580000250E4A5368166819009068884210D89E
:10816800DE1E0021B04203D30330C11A89088900FA
:108178005B18D168994207D8013C1032002CE9D12C
:10818800F0BD80CE80C1E9E720C3F3E788B20008DC
:1081980030BFFDE710B500F0F5F800F01FF8FFF765
:1081A800A9FF80220749084800F0BAF9074B18616F
:1081B8000123037400F072FA62B6054800F0D0F9A2
:1081C80010BDC04608B30008E01C0020B81C002001
:1081D80014B3000810B500F09BF810BD044B054A15
:1081E8005A619A6101225242DA6100221A6270478A
:1081F800B81C0020CC1C0020F7B50361C2600C003D
:10820800050000F090FA022C00D20224224E234AE4
:108218007369934209D130627561B56120182B608A
:108228006B60AC6000F06EFAF7BD376AC21BA41829
:10823800944226D200218C46996801918A421AD824
:10824800B918316215498B4202D001998A1A9A608D
:10825800381A241873699A68A24219D35A682B608D
:108268006A6015605D60AC609A68141B9C600123AD
:108278005B42F361D8E70199521A614699601B681D
:10828800DAE79B689C42E5D2381900F048FAE1E742
:108298001B68A41ADFE7C046B81C0020CC1C0020CD
:1082A80070B5194D03686A69184982420CD0426852
:1082B800136003685A600022C2608B4203D0826850
:1082C80099688A189A6070BD00206B615960D06007
:1082D8008B4202D100F01EFAF5E7996892682C6A81
:1082E8008A189A6000F01FFA6B69021B9B68934218
:1082F800E9D9E418201A012800D8931C286A18180C
:1083080000F00DFADFE7C046B81C0020CC1C0020A6
:10831800F7B51A4D6C6900F006FA2B6AA268184F77
:10832800C61AB24219D8A2682B6AB61A9B18E26814
:108338002B620192002223685F606B61E260BB429E
:1083480001D100F0E7F962B62069019B984772B63F
:108358006C69A368B342E6D9DDE76A69BA420BD013
:10836800916828625B181B1A9360A368022B00D2DD
:108378000223181800F0D3F9F7BDC046B81C002036
:10838800CC1C00200022024B1B605B609A60704787
:10839800B81C00204B680160436018604860704753
:1083A8000300006802681A605360704742680368F7
:1083B80013605A6070470000002382680374054BFD
:1083C8001B6899689142FBD25A680360426010604A
:1083D80058607047B81C002010B5040072B6007CC5
:1083E800052807D8F7F750FF0C060603120E0022DF
:1083F80063691A6001235B4220006361FFF7DCFFB9
:1084080062B610BD62699368013393602000FFF77C
:10841800CDFFEFE7002382680374054B1B6899685A
:108428009142FBD85A6803604260106058607047F8
:10843800B81C0020064B10B5196908741868026842
:1084480053601A60186101230374F7F7F1FE10BD39
:10845800B81C002030B504000C4D87B04B1C11D05F
:108468002B690B4A01A8FFF7C7FE2000FFF7E2FFC0
:10847800049B002B02D001A8FFF712FF2B69586953
:1084880007B030BDFFF7D6FFF8E7C046B81C00209C
:10849800E183000870B504000A4DA368286961618A
:1084A8008268934203D82000FFF786FF70BDFFF76C
:1084B800B1FF012301002C6120002374F7F7B8FEF7
:1084C800F4E7C046B81C0020044B1A691968906884
:1084D8008B689842804140427047C046B81C0020D3
:1084E80010B5084C236820691A685460226001227C
:1084F80023611A74FFF78EFF01002069F7F798FED1
:1085080010BDC046B81C002010B5FFF7DDFF0028DD
:1085180001D0FFF7E5FF10BD10B5FFF7E1FF10BD73
:1085280002230382002382600262C3618361704771
:10853800836802001800116928384C3BC360196130
:108548005169D268596105491962022303740023ED
:10855800826043740262C3618361704759020008F4
:1085680010B572B6FFF7E4FF00210400FFF792FF91
:1085780062B6200010BD000010B5034B1B6958619E
:108588000F20FFF757FF10BDB81C002010B572B6BA
:10859800FFF7F2FF10BD10B5010072B60820FFF713
:1085A80059FF62B610BD0000064B10B51B690029C3
:1085B80005D0036058610320FFF74CFF10BD012070
:1085C8004042FBE7B81C00200300006810B50028F3
:1085D80004D000221A604161FFF7EEFE10BD0000D2
:1085E80010B50C1E09D0064B01001869FFF7D2FE22
:1085F80021000420FFF72EFF10BD01204042FBE7B9
:10860800B81C0020036810B50C00984204D0FFF78E
:10861800C7FE4461FFF7D0FE10BD70B504000D0021
:1086280023689C4200D170BD2000FFF7B9FE456168
:10863800FFF7C2FEF4E710B583691943037C816133
:108648000A2B03D143690B4206D110BD0B2BFCD179
:10865800436919408B42F8D100234361FFF7ACFE10
:10866800F3E770B506000D000468B44200D170BD90
:10867800E3682B43E360002D02D023692B4203D02B
:10868800A1686068FFF7D7FF2468EEE7EFF3098376
:10869800203383F3098862B670470000024A034911
:1086A800136A0B401362704700ED00E0FFFF00FF04
:1086B80010B50F300FD072B6EFF30984203C84F365
:1086C800098880235B04E361FFF7FEFE024B002864
:1086D80000D1024BA36110BD670200086A020008BE
:1086E80010B500F071FD00F0FFFD00F0D6F900F0C4
:1086F800F3F9FFF7D5FA00F001F810BD10B500F056
:1087080065FE10BD80230022DB0558631A61023222
:10871800DA60704780230022DB05DA607047802327
:10872800DB05586370478023DB05586A704730B50E
:10873800039D01722C00002104335C43C361049B38
:1087480014190363059B056200604060C1604261C3
:108758000261846142628162C162436330BD002369
:10876800022110B5426AC360426102618362C3623A
:108778004942FFF752FF10BD03694269934203D192
:10878800C2680020824200D1181D7047036910B5E5
:108798001960C2680132C260C2699B1882690361AC
:1087A800934201D3436A03610021FFF72BFF10BDF9
:1087B80070B504000D00E368002B07D06269002043
:1087C800131D1268A3629B18E36208E0237A002B4A
:1087D80006D129002000FFF703FF0028EBDA70BD5F
:1087E80002204042FBE7C368C269013BC36043699A
:1087F80010B59B1882694361934201D3436A436170
:1088080000238362036B002B00D0984710BD70B51E
:10881800040072B6836A002B06D1FFF7C9FF051E54
:1088280002D062B6280070BDA36AE26A1D780133DF
:10883800A3629342F5D32000FFF7D5FFF1E7F7B520
:1088480004000D000092019372B60026A36A002B63
:1088580008D120000199FFF7ABFF002802D062B6CB
:108868003000FEBDA16AE36A009A5B1A971B9F421B
:1088780000D91F00402F15D928004022F8F712F818
:10888800A36A40354033A3624036A36AE26A934242
:1088980002D32000FFF7A7FF62B6009B9E42DFD2FB
:1088A80072B6D3E728003A00F7F7FCFFA36AED1980
:1088B800DB19A362F619E8E710B5029C01722100E2
:1088C80004335943C36100238362C362039B511875
:1088D8000363049B00604060C4604261026181617F
:1088E80004624262436310BD036A0221C360436AA3
:1088F80010B543610361002349428362C362FFF7F5
:108908008CFE10BD436902699A4203D1C2680020F7
:10891800824202D1180008C80B607047C368C26958
:108928000133C360436910B59B1882694361934260
:1089380001D3436A43610021FFF764FE10BD70B59F
:1089480004000D00E368002B07D0236900201A1DDE
:10895800A262E2699B18E36208E0237A002B06D141
:1089680029002000FFF73CFE0028EBDA70BD02204A
:108978004042FBE7036910B51960C268013AC2605A
:10898800C2699B1882690361934201D3436A0361F8
:1089980000238362036B002B00D0984710BD70B58D
:1089A8000D000400110072B6836A002B05D1FFF791
:1089B800C6FF002801D062B670BDA36A1D70A36A05
:1089C800E26A0133A362934204D3E3692000191FCA
:1089D800FFF7D0FF62B60020EEE7F7B504000D0000
:1089E8000092019372B60026A36A002B08D12000DA
:1089F8000199FFF7A4FF002802D062B63000FEBD3F
:108A0800A06AE36A009A1B1A971B9F4200D91F00AD
:108A1800402F17D929004022F7F744FFA36A4035B1
:108A28004033A3624036A36AE26A934204D3E369FF
:108A38002000191FFFF79EFF62B6009B9E42DDD201
:108A480072B6D1E729003A00F7F72CFFA36AED19AF
:108A5800DB19A362F619E6E70300026959690020E9
:108A680010B58A4218D1D968814215D0996A8142D5
:108A780012D004398C1A91420ED01460D968013989
:108A8800D960D969521899691A618A4201D35A6A18
:108A98001A61002201209A6210BD10B500F0D2FCC4
:108AA80010BD0123037000234360C3600374704743
:108AB8000200030010B50400763212787E331A7073
:108AC80000F066FE63681B68002B02D001212000BD
:108AD80098470323237010BD10B500F035FE10BD74
:108AE800012302000100037000232C324360483147
:108AF8001360D36104328A42FAD18360704710B59B
:108B0800040072B600234160C3600361436183615E
:108B1800C36103624362836200F0D8FE02232370BC
:108B280062B610BD70B5040072B600F015FE0023E1
:108B3800250002266360013323700C352C347642FD
:108B48002B68002B0ED05869002803D031000C3058
:108B5800FFF73AFD2B689869002803D031000C30E4
:108B6800FFF732FD002308C5A542E9D1FFF7CCFC89
:108B780062B670BD8B1C9B0070B5C31805005069A8
:108B88000E0014005A60002803D014220021F7F7C1
:108B9800DDFEA069002803D014220021F7F7D6FED5
:108BA8003100280000F0FEFD70BD0000F8B505009A
:108BB80007000226040082680F4B103513408360BB
:108BC8002C3776422B68002B0ED05869002803D02A
:108BD80031000C30FFF7F8FC2B689869002803D0A7
:108BE80031000C30FFF7F0FC002308C5BD42E9D185
:108BF800200000F08DFEF8BD0100010070B50125D0
:108C08008D4044892C4344818C1CA4000419646859
:108C1800A46923600023A2606360E36000F0CAFED9
:108C280070BD70B501258D4004892C4304818C1CCE
:108C3800A40004196468646923600023A260636067
:108C4800E36000F0DDFE70BD037870B5052B0AD136
:108C58001025054C1420236C2B432364FFF79BFC41
:108C6800236CAB43236470BD005C00400223F7B55E
:108C780003700023C3678360030005000227040014
:108C88002C330C3501937F422B68002B11D072B620
:108C98002B685869002803D039000C30FFF794FC82
:108CA8002B689869002803D039000C30FFF78CFC3A
:108CB80062B60026019B40C59D42E5D1230064337E
:108CC8001E70200000F0E4FD63681B68B34202D008
:108CD800310020009847F7BD03000278803370B553
:108CE8001A7005230370436804001B68002B01D029
:108CF80004219847250000230226A3600C352C3454
:108D080076422B68002B11D072B62B685869002860
:108D180003D031000C30FFF757FC2B689869002806
:108D280003D031000C30FFF74FFC62B60435A54282
:108D3800E7D170BD030010B580331B78037043681A
:108D48001B68002B01D00521984710BDF7B5060018
:108D5800643633780400002B01D0002333702700D9
:108D680074373A002000019700F00EFE63689B6894
:108D7800002B18D1019B1A78602315001D401A4258
:108D880033D00021200000F073FE0021200000F005
:108D98005BFE63681B68002B02D006212000984701
:108DA80006233370F7BD200098470028E2D023003F
:108DB8007B331A78013B1B7812021343E26E9A4206
:108DC80000D9E366019BE16E1B787F2B00D808E190
:108DD800002900D1FBE00923337072B60021E36E4D
:108DE800A26E2000FFF71DFFF9E023007F217533F5
:108DF8001B780A401B021343814A934200D1CEE0FC
:108E080026D880225200934259D00DD8012B50D039
:108E1800022B00D194E0002BB3D122007C32A26651
:108E28000222E2662367C2E781225200934200D100
:108E38009DE0FF32FF329342A3D1230076331B78A3
:108E4800012B9ED122007C32118801330B4341E073
:108E580080221201934246D023D8A022D200934206
:108E68003DD0684A9B18012B00D98AE723002200CD
:108E780079331B78783212781B02210013432200C1
:108E880060687632406877310700127820000978E8
:108E9800B847002800D174E74368A3660368E3660F
:108EA8001BE090221201934222D0574A934200D0ED
:108EB80067E7564BA3660223E3660023B2E7230065
:108EC80076331B78012B00D05BE7220002217C322D
:108ED80013888B431380A566E566256767E74C4BC7
:108EE800A566E5669EE723007F33A3660123D6E7E0
:108EF8002378042B0FD172B62000FFF757FE62B615
:108F0800230003217F331D70636821701B68002BC9
:108F180001D020009847230076331B78002B0BD014
:108F280022007F3213700423237063681B68002BB0
:108F380002D00221200098470023A366E36671E768
:108F480023000F2178331B78200019405BB2002BD7
:108F58000ADA00F007FD012804D0022800D010E743
:108F68002C4BA7E72C4BA5E700F0E6FCF3E7230022
:108F780076331B78002B00D003E7230078331B7867
:108F88000F22190011401342D6D05BB22000002BEB
:108F980002DA00F095FDCFE700F07CFDCCE7230076
:108FA80076331B78002B00D0EBE6230078331B7850
:108FB8000F22190011401342BED05BB22000002BD3
:108FC80002DA00F055FDB7E700F03EFDB4E71423E0
:108FD800337072B60B000A002000FFF70FFE62B66E
:108FE800E0E6002906D01523337072B60021E36E3F
:108FF800A26EF1E70B23337072B60B000A00F0E69D
:109008000203000000FAFFFF020C000030B3000862
:10901800B98A00082CB300082EB3000870B5050003
:1090280064350400287800283BD00638C3B20F2BDB
:109038002FD80F282DD8F7F727F9342C2C08222DF4
:109048002C2C2C2C2C2C2C2C343423007B331A78ED
:10905800013B1B78E06E1202134398420FD2E3687B
:10906800198AF7F7ABF9002909D172B60B000A0083
:109078002000FFF7D6FD62B60A232B7009E01423FF
:109088002B7072B6002320001A001900FFF7B6FDF6
:1090980062B670BD236F002B01D0200098470023D3
:1090A800EBE70021200000F0E3FC0021200000F0A5
:1090B800CBFC63681B68002B02D006212000984770
:1090C8000623DAE770B5050064352B780400142B05
:1090D80026D019D8062B06D002D8002B03D070BD95
:1090E800093B022BFBD80021200000F0C1FC002125
:1090F800200000F0A9FC63681B68002B02D0062141
:1091080020009847062315E0152BE8D10A3B2B7061
:1091180072B600231A001900FFF783FD62B6DEE776
:10912800C3689B695B68002BD9D1036F002B00D003
:10913800984700232B70D2E70322F0B5FF26C025FD
:109148000240D2009640890191400A4F83089B0053
:10915800DB19AD005C591F22B4430C435C51012359
:1091680002409340C02240098000C0195200835039
:109178000360F0BD00E100E01F21012201408A40A8
:109188004309094920339B0010B55A5083089B00B6
:109198005B18032108408840C024FC318140A400AA
:1091A8001A598A431A5110BD00E100E010B5032195
:1091B8000520FFF7C1FF03210620FFF7BDFF0321AC
:1091C8000720FFF7B9FF10BD1A4B1B4A996A10B563
:1091D8000A43FC219A629A6AC9030A409A629A6A07
:1091E8001A690122002152421A611A6919611A6921
:1091F800D868124A02438020DA60DA68C003024065
:10920800DA60DA688022D86952050243DA61DA69DD
:1092180080220B485200046822430260C022186A68
:109228009200104203D0802252021A621962FFF79C
:10923800BDFF10BD00100240FFFF81FFFFFFBFFF11
:10924800007000400122264B19680A431A60022266
:1092580019681142FCD003215A688A435A600C22CB
:109268005968080010401142FAD1F9211A680A40D9
:109278001A6001225860596B0A435A630222596BDB
:109288001142FCD00122596A0A435A620222596AE1
:109298001142FCD0A02100228903DA6259601A63C6
:1092A8008022196852040A431A60802292041968BD
:1092B8001142FCD011210B4A116010391068084284
:1092C800FCD0022259680A430C215A605A680A40A5
:1092D800082AFBD19969073A0A439A619B69704742
:1092E80000100240002002407047F0B5130003252B
:1092F80001278BB02B40059393083B400193D3087B
:109308002B400F26029353092B409C460023D20979
:109318003240059C0792069708950996069A1142CD
:109328002ED00726069F1E409F40079DB20003923D
:1093380095404268019EBA433243089E5F00BE4092
:109348003700F643426082680496029EBA4332436D
:1093580066468260C268BA433243C260039E099A75
:10936800B240059ED243022E1DD1072B16D8066A9D
:1093780032402A4302620268049D2A402243026066
:10938800490821D0019AA40052000192029A01339F
:1093980092000292624692009446BFE7466A3240C3
:1093A8002A434262E7E70668049F3E402643066078
:1093B800072B04D8066A32402A430262E0E7466A6D
:1093C80032402A434262DBE70BB0F0BD01220E4B6C
:1093D80010B5D9690F201143D9610C49DB698B6835
:1093E80013438B6080230A49DB05996201214942B6
:1093F800D962002199615963D96059605A61023173
:109408001A60FFF799FE10BD001002400058014095
:10941800BF1200008022D2051369D16810B50B4035
:10942800D9B2C94311619B0703D572B6FEF7D2FEC4
:1094380062B610BD10B57446FFF7ECFF2000FFF7C9
:1094480037F910BD10B5044C2000FFF72AFB0423A0
:109458002374024BA36110BD041D002000040040CA
:10946800836970B51D69DA6804001540EAB2D24311
:109478001A61AB0704D543681B69002B00D09847D5
:109488006B0705D563689B69002B01D020009847BE
:109498002B0705D563681B6A002B01D0200098476D
:1094A800EB0605D563689B6A002B01D0200098471E
:1094B800EB0705D563689B68002B01D0200098470F
:1094C80070BD000010B574460348FFF7C9FF2000BF
:1094D800FFF7EEF810BDC046041D00200B4B30B559
:1094E8001B6D0B4CC0001B19C018038889181B1969
:1094F80094B244808C1A002A00DC30BD607825784C
:10950800000228431880023A0233F3E7005C004067
:10951800006000407346F0B5804C87B0656C0593D9
:109528006B0504D57E4B7F486364FFF79FFB2B05D3
:1095380008D50823226C7B48134323647A4B636461
:10954800FFF7CAFBEB040BD5A36C1B0406D4082257
:10955800236C744893432364FFF7ECFB734B6364F9
:10956800AB0507D56F484368DB68002B00D09847E8
:109578006F4B636480231B021D4204D10598FFF7DB
:1095880097F807B0F0BD0F27644B2F40BD00ED18CA
:109598002B68644E0293BB1C9B00F3185B68019315
:1095A800029B1B0626D52A686249019B0A40802136
:1095B8005B6909020A432A601A69186894465A685E
:1095C800196862445A60801A91422DD0019A128A11
:1095D800824200D9020099681A6161449960F8B220
:1095E800FFF77CFF2A68544B1A4030235A40534BEC
:1095F80013432B608022029B1202134212D02B6865
:109608004C4A1A40802313432B60FBB29C46029BB2
:109618001B0521D54348BB1C9B00C3185B686146EA
:109628005B689847656CA5E70122BA403389934384
:109638003381019B9B68002B02D03000F9B2984718
:1096480072B6BB1C9B00F6187368002158690C3071
:10965800FEF7BAFF62B6CDE7019B39489A69F9006F
:1096680093680393236D1B185B1899880918049154
:10967800DB8802919B059B0D19000398012938D8B6
:109688000499039E5808400009183618834201D0EF
:10969800098831709168C91891605168C91851607A
:1096A8001168C91A1160118A013989B21182019AA7
:1096B800528A9A4201D8002926D10122BA40194D6E
:1096C800BE1C6B8993436B81B300EB185B68DB6846
:1096D800002B02D061462800984772B6B600AD1933
:1096E8006B689B69180059680C30FEF76DFF62B60D
:1096F80098E7029E023936880670360A4670029E3E
:10970800023002360296B9E72A680E4B1A40C02387
:109718009B015A40094B13432B6083E7005C0040D0
:10972800FFFBFFFF201D0020FFF7FFFFFFEFFFFFFC
:10973800FFFDFFFF0F07FFFFBF87FFFF80800000CF
:10974800006000408FB7FFFF10B50248FFF7C8F967
:1097580010BDC046201D0020037810B5012B0ED087
:10976800074B98420BD11F20FFF706FD0322054B3C
:1097780005491A64054BDA690A40DA61DB6910BDEC
:10978800201D0020005C0040FFFF7FFF001002400A
:1097980080227E3003781343014AD3647047C04661
:1097A800005C00408B1C9B00C318F7B55C68032362
:1097B80022681340032B56D05A4253415B022E4A6B
:1097C8002E4E126DCD009219AD186269002A13D081
:1097D8000700002208376A80FA6F0192228A013254
:1097E8001600012296433200019E9219FA676A46D2
:1097F800968820222E801343A269002A18D0648AF2
:10980800661E3E2C32D91F22324301325211960273
:109818001B4A3243012692B20830EA800134C26FF3
:10982800B443A41892B2C467AA8080229201134359
:1098380011488A00121880201468C001044200D020
:10984800034340201468044200D003430D481943E1
:1098580001400D480D4C01431160116823404B40F5
:1098680003431360F7BDC023DB00A8E7012232439E
:10987800013252109202CDE7005C004000600040C7
:109888000080FFFF0F07FFFF808000007078000056
:10989800002180230B4A10B511655164D3644368D5
:1098A800DB685C4263419E245B4224025B021B1915
:1098B8001364030040220833DA67034BC360FFF7E1
:1098C80071FF10BD005C004034B30008017870B52A
:1098D8000400012914D10B4B98420ED180220A4B67
:1098E8001204D869094D0243DA61DB691F20296433
:1098F8000231FFF721FC00232B642000FFF7C8FF8B
:1099080070BDC046201D002000100240005C0040D1
:10991800402301220830C3670548064993005B18B5
:1099280019680132014319601860082AF5D1704797
:1099380080800000005C0040084B8900C958C022A4
:109948000B00920113401800114205D0044A9B18DD
:109958001800431E984101307047C046005C004023
:1099680000F0FFFF074B8900C95830220B00134055
:109978001800114204D0103B1800431E98410130D2
:109988007047C046005C0040084B09481B6DC90081
:109998001B18C9188B881B18100008301988023347
:1099A800118002329042F9D17047C046005C0040F5
:1099B800006000408B1C9B00C018426870B5956918
:1099C8000C0028680123002805D0518A4018013866
:1099D800F6F76EFC83B22B82064BA400E4182268CB
:1099E800054B1A40C0239B015A40044B1343236084
:1099F80070BDC046005C00408FB7FFFF808000004C
:109A08008B1C9B0010B5C01842680C005369128A61
:109A180019688A4200D90A00200099681A61FFF77C
:109A28005DFD064BA400E4182268054B1A4030235C
:109A38005A40044B1343236010BDC046005C0040ED
:109A4800BF87FFFF80800000064B8900C9180A689D
:109A5800054B1A4080235B015A40044B13430B60AB
:109A68007047C046005C00408FB7FFFF8080000051
:109A7800054B8900C9180A68044B1A4010235A403C
:109A8800034B13430B607047005C0040BF87FFFF28
:109A980080800000C022074B8900C9180B6892011A
:109AA8001340934205D00B68034A1A40034B1343F3
:109AB8000B607047005C0040BF87FFFF80A000007C
:109AC8003022084B8900C9180B681340934207D00D
:109AD8000A68054B1A4020235A40044B13430B6075
:109AE8007047C046005C0040BF87FFFF80800000D1
:109AF8004B6843608B688360CB68C3600B694361C4
:109B08004B6903628B6943620B680360704700000E
:109B1800FC22154BD203996A10B511439962996AD0
:109B28001248014090209962996A5969C0050A4310
:109B38005A610F495B69FFF7DBFF0E490E48FFF7D3
:109B4800D7FF0E490E48FFF7D3FF0E490E48FFF71F
:109B5800CFFF0E490E48FFF7CBFF0E490E48FFF71F
:109B6800C7FFFFF76FFB10BD00100240FFFF81FF2A
:109B780058B3000874B300080004004890B3000804
:109B880000080048ACB30008000C0048C8B300083F
:109B980000100048E4B3000800140048704716237A
:109BA800036001204042704700207047180070474A
:109BB8000020704710B50022040008000121FEF7BC
:109BC800BBFA002802D10C230138236010BD10B560
:109BD8001400002158222000F6F7B8FE80239B01CC
:109BE8000020636010BD0120704710B5F6F714FE21
:0E9BF80001230360584210BD01207047FEE7B4
:049C0800F8B5C046A5
:049C0C00F8B5C046A1
:109C1000002020202020202020202828282828203C
:109C20002020202020202020202020202020202034
:109C3000208810101010101010101010101010109C
:109C4000100404040404040404040410101010108C
:109C50001010414141414141010101010101010156
:109C600001010101010101010101010110101010A8
:109C70001010424242424242020202020202020228
:109C8000020202020202020202020202101010107C
:109C900020000000000000000000000000000000A4
:109CA00000000000000000000000000000000000B4
:109CB00000000000000000000000000000000000A4
:109CC0000000000000000000000000000000000094
:109CD0000000000000000000000000000000000084
:109CE0000000000000000000000000000000000074
:109CF0000000000000000000000000000000000064
:109D00000000000000000000000000000000000053
:109D100000000000040C0020000000000000000013
:109D20000000000000000000000000000000000033
:109D30000000000000000000000000000000000023
:109D40000000000000000000000000000000000013
:109D50000000000000000000000000000000000003
:109D600000000000000000000000000000000000F3
:109D7000000000000000000029001E001F0020005D
:109D800021002200230024002500260027002D00AA
:109D90002E00350031004A002B0014001A00080084
:109DA000150017001C0018000C00120013002F00F3
:109DB000300000002A004B003900040016000700A4
:109DC00009000A000B000D000E000F0033003400E4
:109DD0000000000028004E00E10000001D001B00F4
:109DE0000600190005001100100036003700380089
:109DF000E500000052004D00E0000151E2000000CB
:109E0000000000002C0000000000E60001510000EE
:109E10005000000051004F00005C3A003B003C0045
:109E20003D003E003F00400041004200430044002E
:109E3000450001000100C75C0100010001000100B4
:109E4000010001000100010001000100010001000A
:109E5000010000004C00C55C010001000100010090
:109E600001000100010001000100010001000100EA
:109E7000000000000100C65C0100010001000100BB
:109E800001000100010001000100010001000100CA
:109E900001000000C95CC85C010001000100000075
:109EA00000000000C25C0000000001000100010091
:109EB000C35C0000CA5CC45C010001000100010039
:109EC000010001000100010001000100010001008A
:109ED000010001000100010001000100010001007A
:109EE000010001000100010001000100010001006A
:109EF000010000000100010001000100010001005B
:109F00000100010001000100010001000100010049
:109F1000000000000100010001000100010001003B
:109F20000100010001000100010001000100010029
:109F3000010000000100010001000100010000001B
:109F4000000000000100000000000100010001000D
:109F500001000000010001000100010001000100FA
:109F600001000100010001000100010001000100E9
:109F700001000100010001000100010001000100D9
:109F800001000100010001000100010001000100C9
:109F900001000000010001000100010001000100BA
:109FA00001000100010001000100010001000100A9
:109FB000000000000100010001000100010001009B
:109FC0000100010001000100010001000100010089
:109FD000010000000100010001000100010000007B
:109FE000000000000100000000000100010001006D
:109FF000010000000100010044454255473A206538
:10A000006E61626C65642E0A0044454255473A20F1
:10A0100064697361626C65642E0A000000000000D0
:10A020000000000000000000000000000000000030
:10A030000000000000000000000000000000000020
:10A040000000002A2B280000000000000000000093
:10A0500000000000000029000000002C1E34202118
:10A060002224342627252E362D3738271E1F20215F
:10A0700022232425263333362E37381F04050607BE
:10A0800008090A0B0C0D0E0F1011121314151617D8
:10A0900018191A1B1C1D2F3130232D3504050607F6
:10A0A00008090A0B0C0D0E0F1011121314151617B8
:10A0B00018191A1B1C1D2F3130354C000000007E72
:10A0C0000F00D4FFFFFFC70000007800E200E900A6
:10A0D000EA00B500B600B700CD008301CC008A01CC
:10A0E0009201940121022302240225022602270262
:10A0F0002A02B300B4006F0070000A722F63203090
:10A100003132333435363738394142434445460AD3
:10A1100000253032580025303136620009000048F1
:10A1200009040048070400480604004805040048E4
:10A1300004040048020400480104004800040048E8
:10A1400007000048060000480500004804000048D9
:10A150000A00004803000048020000480F000048C1
:10A1600003040048000000480A0400480B040048AB
:10A170000A092D204D6F7573656B6579202D0A4591
:10A1800053432F713A09717569740A313A0964654C
:10A190006C6179282A31306D73290A323A09696E67
:10A1A00074657276616C286D73290A333A096D61A2
:10A1B000785F73706565640A343A0974696D655F28
:10A1C000746F5F6D61780A353A09776865656C5F11
:10A1D0006D61785F73706565640A363A0977686502
:10A1E000656C5F74696D655F746F5F6D61780A0A95
:10A1F000703A097072696E742076616C7565730AC5
:10A20000643A097365742064656661756C74730AD9
:10A2100075703A092B310A646F776E3A092D310A4D
:10A22000706775703A092B31300A7067646F776E0A
:10A230003A092D31300A0A7370656564203D206447
:10A24000656C7461202A206D61785F737065656448
:10A25000202A2028726570656174202F2074696D32
:10A26000655F746F5F6D6178290A00776865726554
:10A270002064656C74613A20637572736F723D255A
:10A28000642C20776865656C3D25640A53656520FC
:10A29000687474703A2F2F656E2E77696B697065DC
:10A2A0006469612E6F72672F77696B692F4D6F75C7
:10A2B00073655F6B6579730A006D6B5F64656C61D4
:10A2C00079203D2025640A006D6B5F696E746572AC
:10A2D00076616C203D2025640A006D6B5F6D6178AE
:10A2E0005F7370656564203D2025640A006D6B5FB7
:10A2F00074696D655F746F5F6D6178203D202564C2
:10A300000A006D6B5F776865656C5F6D61785F7380
:10A3100070656564203D2025640A006D6B5F776879
:10A3200065656C5F74696D655F746F5F6D617820E2
:10A330003D2025640A004C25640A006565636F6E44
:10A340006669673A0A0064656661756C745F6C6182
:10A350007965723A200025750064656275675F63F0
:10A360006F6E6669672E7261773A20002E656E61A6
:10A37000626C653A20002E6D61747269783A200033
:10A380002E6B6579626F6172643A20002E6D6F7575
:10A3900073653A20006B65796D61705F636F6E66FF
:10A3A00069672E7261773A20002E737761705F6360
:10A3B0006F6E74726F6C5F636170736C6F636B3A16
:10A3C00020002E636170736C6F636B5F746F5F63EB
:10A3D0006F6E74726F6C3A20002E737761705F6CD1
:10A3E00063746C5F6C6775693A20002E73776170D7
:10A3F0005F7263746C5F726775693A20002E7377C1
:10A4000061705F6C616C745F6C6775693A20002ED7
:10A41000737761705F72616C745F726775693A20FF
:10A42000002E6E6F5F6775693A20002E737761703A
:10A430005F67726176655F6573633A20002E73779C
:10A4400061705F6261636B736C6173685F626163AB
:10A450006B73706163653A20002E6E6B726F3A20E9
:10A4600000436C656172696E6720454550524F4DDF
:10A470000A000A092D204D61676963202D0A443ABC
:10A48000094465627567204D657373616765205483
:10A490006F67676C650A583A094D61747269782074
:10A4A0004465627567204D6F646520546F67676C03
:10A4B00065202D2053686F77206B65797072657306
:10A4C00073657320696E206D61747269782067729C
:10A4D00069640A4B3A094B6579626F617264204482
:10A4E0006562756720546F67676C65202D2053681F
:10A4F0006F77206B65797072657373207265706F0A
:10A5000072740A4D3A094465627567204D6F757320
:10A510006520546F67676C650A563A095665727311
:10A52000696F6E0A533A095374617475730A433A3A
:10A5300009416374697661746520436F6E736F6C53
:10A5400065204D6F64650A46312D4631303A095316
:10A55000776974636820746F204C6179657220306C
:10A560002D392028463130203D204C30290A302D0D
:10A57000393A0953776974636820746F204C6179A4
:10A58000657220302D390A47524156453A095377B2
:10A590006974636820746F204C6179657220302083
:10A5A00028616C7465726E617465290A423A094AC1
:10A5B000756D7020746F20426F6F746C6F6164658D
:10A5C000720A4553433A094A756D7020746F2042F0
:10A5D0006F6F746C6F616465722028616C74657252
:10A5E0006E617465290A453A095072696E74204596
:10A5F0004550524F4D2053657474696E67730A421B
:10A6000053504143453A09436C65617220454550BA
:10A61000524F4D0A4E3A094E4B524F20546F6767C6
:10A620006C650A000A092D20436F6E736F6C6520FC
:10A630002D0A4553432F713A09717569740A6D3AB1
:10A64000096D6F7573656B65790A00433E20000ADA
:10A650000A4A756D70696E6720746F20626F6F743F
:10A660006C6F616465722E2E2E20000A646562751F
:10A67000673A206F6E0A000A64656275673A206F58
:10A6800066660A000A6D61747269783A206F6E0A14
:10A69000000A6D61747269783A206F66660A000A72
:10A6A0006B6579626F6172643A206F6E0A000A6BA3
:10A6B0006579626F6172643A206F66660A000A6D9E
:10A6C0006F7573653A206F6E0A000A6D6F7573655A
:10A6D0003A206F66660A000A092D20566572736972
:10A6E0006F6E202D0A005649443A203078423136A8
:10A6F000422852616D6F6E20496D62616F29205052
:10A7000049443A20307831304235285371756973A5
:10A710006879363529205645523A2030783030361F
:10A72000350A004255494C443A2020284A756C208D
:10A7300031332032303231290A0043484942494FEF
:10A74000533A2022627265616B696E675F32303204
:10A75000315F7131222C20434F4E545249423A20EE
:10A7600022627265616B696E675F323032315F7190
:10A7700031220A004F5054494F4E533A204D4F5505
:10A7800053454B45592045585452414B4559204358
:10A790004F4E534F4C4520434F4D4D414E44204E5C
:10A7A0004B524F20424F4F544C4F414445525F5300
:10A7B000495A450A004743433A20392E322E310A7E
:10A7C000000A092D20537461747573202D0A0068E6
:10A7D0006F73745F6B6579626F6172645F6C6564DF
:10A7E0007328293A2025580A006B6579626F6172D7
:10A7F000645F70726F746F636F6C3A2025580A0043
:10A800006B6579626F6172645F69646C653A20257B
:10A81000580A006B65796D61705F636F6E6669677A
:10A820002E6E6B726F3A2025580A0074696D65723E
:10A830005F72656164333228293A202530346C58C0
:10A840000A004E4B524F3A206F6E0A004E4B524F49
:10A850003A206F66660A003F004D3E20000A092D2F
:10A860002056616C756573202D0A00313A206465AD
:10A870006C6179282A31306D73293A2000323A20F0
:10A88000696E74657276616C286D73293A200033A5
:10A890003A206D61785F73706565643A2000343AE0
:10A8A0002074696D655F746F5F6D61783A20003563
:10A8B0003A20776865656C5F6D61785F7370656578
:10A8C000643A2000363A20776865656C5F74696D7C
:10A8D000655F746F5F6D61783A2000736574206402
:10A8E000656661756C740A004D25643E20004D3E1E
:10A8F00000010203040506070809006D6F75736502
:10A900006B6579205B62746E7C7820792076206894
:10A910005D287265702F61636C293A205B007C00B2
:10A920002564005D28002F007267626C6967687497
:10A930005F636F6E66696720454550524F4D3A0A16
:10A94000007267626C696768745F636F6E666967DF
:10A950002E656E61626C65203D2025640A00726779
:10A96000686C696768745F636F6E6669672E6D6F88
:10A970006465203D2025640A007267626C6967681F
:10A98000745F636F6E6669672E687565203D20256C
:10A99000640A007267626C696768745F636F6E66F1
:10A9A00069672E736174203D2025640A0072676216
:10A9B0006C696768745F636F6E6669672E76616C39
:10A9C000203D2025640A007267626C696768745FC5
:10A9D000636F6E6669672E7370656564203D202520
:10A9E000640A007267626C6967687420736574201A
:10A9F0007370656564205B454550524F4D5D3A204C
:10AA000025750A007267626C6967687420736574E3
:10AA1000207370656564205B4E4F454550524F4D25
:10AA20005D3A2025750A007267626C696768742058
:10AA30007261696E626F7720736574206873763A0D
:10AA40002025642C25642C25642C25750A0072674A
:10AA5000626C696768742073657420687376205B24
:10AA6000454550524F4D5D3A2025752C25752C25B6
:10AA7000750A007267626C69676874207365742078
:10AA8000687376205B4E4F454550524F4D5D3A20DE
:10AA900025752C25752C25750A00C87267626C69AE
:10AAA0006768742074696D657220656E61626C659B
:10AAB000642E0A007267626C696768742074696D3D
:10AAC00065722064697361626C652E0A0072676248
:10AAD0006C69676874206D6F6465205B45455052F2
:10AAE0004F4D5D3A2025750A007267626C69676890
:10AAF00074206D6F6465205B4E4F454550524F4D3D
:10AB00005D3A2025750A007267626C696768742077
:10AB1000656E61626C65205B454550524F4D5D3AF4
:10AB2000207267626C696768745F636F6E666967DD
:10AB30002E656E61626C65203D2025750A00726786
:10AB4000626C696768745F696E69742063616C6CBC
:10AB500065642E0A007267626C696768745F696E6B
:10AB60006974207374617274210A007267626C697F
:10AB70006768745F696E6974206565636F6E666986
:10AB800067206973206E6F7420656E61626C656406
:10AB90002E0A007267626C696768745F696E697417
:10ABA000207267626C696768745F636F6E6669675D
:10ABB0002E6D6F6465203D20302E205772697465BC
:10ABC0002064656661756C742076616C75657320B0
:10ABD000746F20454550524F4D2E0A007267626CCB
:10ABE0006967687420656E61626C65205B4E4F45D5
:10ABF0004550524F4D5D3A207267626C69676874C8
:10AC00005F636F6E6669672E656E61626C65203D7D
:10AC10002025750A007267626C6967687420646930
:10AC20007361626C65205B454550524F4D5D3A2023
:10AC30007267626C696768745F636F6E6669672EBE
:10AC4000656E61626C65203D2025750A0072676241
:10AC50006C6967687420746F67676C65205B454535
:10AC600050524F4D5D3A207267626C696768745F3D
:10AC7000636F6E6669672E656E61626C65203D204C
:10AC800025750A007267626C69676874206469736D
:10AC900061626C65205B4E4F454550524F4D5D3AA9
:10ACA000207267626C696768745F636F6E6669675C
:10ACB0002E656E61626C65203D2025750A001E14AC
:10ACC0000A05FFAA7F55407F3F1F783C1E6432145F
:10ACD00000046432141E0F0500010202020206067F
:10ACE000060909090909090F0F0F0F0F0F1515158F
:10ACF000181919191919191919191923242525258C
:10AD00002525252223252628292A2C2D2F303233AC
:10AD10003536383A3B3D3E4042434547494A4C4E22
:10AD20005051535557595A5C5E6062646668696B4E
:10AD30006D6F71737577797B7D7F81838587898A54
:10AD40008C8E90929496989A9C9E9FA1A3A5A7A85A
:10AD5000AAACAEAFB1B3B4B6B8B9BBBCBEBFC1C28A
:10AD6000C3C5C6C7C9CACBCCCDCED0D1D2D2D3D41D
:10AD7000D5D6D7D7D8D9D9DADADBDBDBDCDCDCDC3B
:10AD8000DCDDDDDDDDDCDCDCDCDCDBDBDBDADAD909
:10AD9000D9D8D7D7D6D5D4D3D2D2D1D0CECDCCCB8B
:10ADA000CAC9C7C6C5C3C2C1BFBEBCBBB9B8B6B4A9
:10ADB000B3B1AFAEACAAA8A7A5A3A19F9E9C9A9839
:10ADC000969492908E8C8A89878583817F7D7B790A
:10ADD000777573716F6D6B6968666462605E5C5AEB
:10ADE0005957555351504E4C4A4947454342403EAE
:10ADF0003D3B3A3836353332302F2D2C2A29282640
:10AE000025232200010101010101010101020202C9
:10AE10000202020202020303030303030303040406
:10AE200004040404040505050505060606060607D0
:10AE30000707070708080808090909090A0A0A0B89
:10AE40000B0B0C0C0C0D0D0D0E0E0E0F0F0F10102A
:10AE500011111112121313141415151616171718B1
:10AE60001819191A1A1B1B1C1D1D1E1E1F2020211C
:10AE70002222232424252626272829292A2B2C2D63
:10AE80002D2E2F30313232333435363738393A3B84
:10AE90003C3D3E3F404142434445464748494A4C79
:10AEA0004D4E4F50515354555658595A5B5D5E5F45
:10AEB000616264656668696B6C6D6F7072737577DB
:10AEC000787A7B7D7E8082838587888A8C8E8F913D
:10AED000939596989A9C9EA0A2A3A5A7A9ABADAF67
:10AEE000B1B3B5B7BABCBEC0C2C4C6C9CBCDCFD151
:10AEF000D4D6D8DBDDDFE2E4E7E9EBEEF0F3F5F8FA
:10AF0000FAFDFF6B6579626F6172645F7265706FE5
:10AF100072743A20002530325820006B6579626FD8
:10AF20006172645F7365745F6C65643A2000E2006F
:10AF3000E900EA00B500B600B700CD008301CC00FF
:10AF40008A01920194012102230224022502260291
:10AF500027022A02B300B4006F0070004F6E6573C1
:10AF6000686F743A206163746976653A2025640AD3
:10AF7000006164645F6B65795F6269743A20636144
:10AF80006E2774206164643A20253032580A0064C8
:10AF9000656C5F6B65795F6269743A2063616E27E7
:10AFA000742064656C3A20253032580A0000000095
:10AFB0000300000000000000B97500080000000058
:10AFC000080000000813002000000000020000003C
:10AFD0000000000003000000000000006979000884
:10AFE00000000000200000005813002000000000B6
:10AFF000020000000000000031760008D97500084A
:10B00000D5770008BD75000855534220636F6E6602
:10B010006967757265642E0A004B6579626F6172AB
:10B02000642073746172742E0A005B735D0000000B
:10B0300053B1000857B1000871B10008041814009A
:10B0400076B000088FB00008AFB00008C8B00008A4
:10B0500013B1000887B10008A9B10008DFB00008EB
:10B060004022B62209027B00040100A0FA09040074
:10B070000001030101000921110100012240000724
:10B0800005810308000A0904010002030000000909
:10B09000211101000122220007058203200001077F
:10B0A0000503032000010904020001030000000958
:10B0B000211101000122B6000705840320000A09BE
:10B0C00004030002030000000921110100012222F3
:10B0D000000705850320000107050603200001067F
:10B0E00031FF0974A1010975150026FF009520752F
:10B0F0000881020976150026FF0095207508910247
:10B10000C012011001000000406BB1B510650001D4
:10B1100002000105010906A101050719E029E7154B
:10B1200000250195087501810295017508810105C9
:10B1300007190029FF150026FF00950675088100F4
:10B1400005081901290595057501910295017503F9
:10B150009101C0040309041803520061006D006FDF
:10B16000006E00200049006D00620061006F000069
:10B1700000140353007100750069007300680079C2
:10B18000003600350000000660FF0961A101096278
:10B19000150026FF00952075088102096315002619
:10B1A000FF00952075089102C005010902A10185E3
:10B1B000020901A1000509190129081500250195B9
:10B1C00008750181020501093009311581257F9536
:10B1D000027508810609381581257F95017508815A
:10B1E00006050C0A38021581257F95017508810630
:10B1F000C0C005010980A101850319012AB7001506
:10B200000126B700950175108100C0050C0901A148
:10B2100001850419012AA002150126A002950175D5
:10B22000108100C005010906A1018505050719E087
:10B2300029E7150025019508750181020507190008
:10B2400029EF1500250195F0750181020508190106
:10B250002905950575019102950175039101C000BD
:10B2600000000000277E00080F7E0008577E0008BF
:10B270003F7E00084D7E0008357E00081D7E0008D8
:10B28000057E00080000000020B80008AC1D00206A
:10B29000AC1D0020AC1D002020B8000800000000FC
:10B2A000000000000000000020B8000800000000BE
:10B2B000000000000000000020B8000800000000AE
:10B2C000000000000000000020B80008000000009E
:10B2D000000000000000000020B80008000000008E
:10B2E000000000000000000020B80008000000007E
:10B2F000000000000000000020B80008000000006E
:10B3000000000000000000006D61696E0069646C5F
:10B31000650000000DB30008001C0020B81C0020D0
:10B3200001000000998100080000000000000100F9
:10B330000000000000000000558D00082590000866
:10B34000CD900008400040007013002070130020D2
:10B350000100000084130020A00400280000000069
:10B360005FF7FFFF05515565DFFF0000001100008A
:10B37000000000008000000000000000FFFFFFFF51
:10B3800055555555FFFF000000000000000000006B
:10B390000000000000000000FFFFFFFF55555501B1
:10B3A000FFFF00000000000000000000000000009F
:10B3B00000000000FFFFFFFF55555555FFFF00003F
:10B3C000000000000000000000000000000000007D
:10B3D000FFFFFFFF55555555FFFF0000000000001F
:10B3E000000000000000000000000000FFFFFFFF61
:10B3F00050555555FFFF0000000000000000000000
:10B400005245454E54206D616C6C6F6320737563BB
:10B4100063656564656400002E2E2F2E2E2F2E2E60
:10B420002F2E2E2F2E2E2F2E2E2F2E2E2F2E2E2F36
:10B430006E65776C69622F6C6962632F7374646CDC
:10B4400069622F72616E642E630000002C206675A5
:10B450006E6374696F6E3A2000000000617373655B
:10B460007274696F6E2022257322206661696C6593
:10B47000643A2066696C6520222573222C206C6951
:10B480006E65202564257325730A0000232D302B5B
:10B4900020000000686C4C00656667454647000068
:10B4A00030313233343536373839414243444546FA
:10B4B00000000000303132333435363738396162BC
:08B4C0006364656600000000F2
:08B4C8006C51FF7F0100000040
:10B4D000040C002000000000589D0008389D000862
:10B4E000189D00080000000000000000000000009F
:10B4F000000000000000000000000000000000004C
:10B50000000000000000000000000000000000003B
:10B51000000000000000000000000000000000002B
:10B52000000000000000000000000000000000001B
:10B53000000000001E320A141E64082802010100E7
:10B540001200121201191A1B1C1D1E1F202122009D
:10B550009610002069750008040000000400000037
:10B5600000000000000000000000000000000000DB
:10B5700000000000000000000000000000000000CB
:10B5800000000000000000000000000000000000BB
:10B5900000000000000000000000000003000000A8
:10B5A000000000004D8000080000000020000000A6
:10B5B0000000000000000000020000000000000089
:10B5C000030000000000000000000000C18000082F
:10B5D0000000200000000000000000000200000049
:10B5E000000000000300000000000000FB800008D5
:10B5F0000000000008000000000000000000000043
:10B600000200000000000000201D002005060000D0
:10B6100004000000040000002000000020000000E2
:10B6200001000000C01000205011002000000000A8
:10B63000000000000000000000000000000000000A
:10B6400000000000000000000000000000000000FA
:10B6500000000000000000000000000000000000EA
:10B6600000000000000000000000000000000000DA
:10B6700000000000000000000000000000000000CA
:10B6800000000000000000000000000000000000BA
:10B6900000000000000000000000000000000000AA
:10B6A0000000000000000000000000000400000096
:10B6B0000400000000000000000000000000000086
:10B6C000000000000000000000000000000000007A
:10B6D000000000000000000000000000000000006A
:10B6E000000000000000000000000000000000005A
:10B6F00003000000000000004D8000080000000072
:10B700002000000000000000000000000200000017
:10B710000000000003000000000000000000000026
:10B72000C1800008000020000000000000000000B0
:10B730000200000000000000030000000000000004
:10B74000FB8000080000000008000000000000006E
:10B75000000000000200000000000000201D00208A
:10B7600002030000040000000400000020000000AC
:10B770002000000000000000E011002070120020F6
:10B7800000000000000000000000000000000000B9
:10B7900000000000000000000000000000000000A9
:10B7A0000000000000000000000000000000000099
:10B7B0000000000000000000000000000000000089
:10B7C0000000000000000000000000000000000079
:10B7D0000000000000000000000000000000000069
:10B7E0000000000000000000000000000000000059
:10B7F0000000000000000000000000000000000049
:10B8000001000000C57A0008D17A0008597B0008C1
:10B81000957B0008C17B000800960000000008002E
:0400000508000231BC
:00000001FF
