:020000040800F2
:1020000000040020C9220008CB220008CB220008CF
:10201000CB220008CB220008CB220008CB220008EC
:10202000CB220008CB220008CB220008EF8B00084F
:10203000CB220008CB220008CB2200080D99000813
:10204000CB220008CB220008CB220008CB220008BC
:10205000CB220008CB220008CB220008CB220008AC
:10206000CB220008CB220008CB220008CB2200089C
:10207000CB220008CB220008CB220008CB2200088C
:10208000CB220008CB220008CB220008CB2200087C
:10209000E5990008CB220008CB220008CB220008DB
:1020A000CB220008CB220008CB220008CB2200085C
:1020B00095990008CB220008CB220008CB2200080B
:1020C000CB220008CB220008CB220008CB2200083C
:1020D000CB220008CB220008CB220008CB2200082C
:1020E000CB220008CB220008CB220008CB2200081C
:1020F000CB220008CB220008CB220008CB2200080C
:10210000CB220008CB220008CB220008CB220008FB
:10211000CB220008CB220008CB220008CB220008EB
:10212000CB220008CB220008CB220008CB220008DB
:10213000CB220008CB220008CB220008CB220008CB
:10214000CB220008CB220008CB220008CB220008BB
:10215000CB220008CB220008CB220008CB220008AB
:08216000D1210008A9210008AB
:102168000348044B834202D0034B03B1184770471E
:10217800080E0020080E002000000000054806494F
:102188000B1AD90F01EBA301491002D0034B03B17D
:1021980018477047080E0020080E002000000000B5
:1021A80010B5064C237843B9FFF7DAFF044B13B197
:1021B8000448AFF300800123237010BD080E0020EF
:1021C8000000000098AC000808B5044B1BB1044996
:1021D8000448AFF30080BDE80840CFE700000000E6
:1021E8000C0E002098AC000872B6274880F30888C7
:1021F800264880F3098826484EF60851CEF2000199
:102208000860022080F31488BFF36F8F06F0C6FAC7
:1022180006F085F84FF055301E491B4A91423CBFE5
:1022280041F8040BFAE71C49184A91423CBF41F8AF
:10223800040BFAE719491A4A1A4B9A423EBF51F859
:10224800040B42F8040BF8E700201749174A91429B
:102258003CBF41F8040BFAE706F0A4FA06F09FFA2F
:10226800134C144DAC4203DA54F8041B8847F9E7C1
:1022780006F064F8104C114DAC4203DA54F8041B14
:102288008847F9E706F08CBA00040020000C00200B
:1022980000200008000000200004002098AC00087E
:1022A800000C0020080E0020080E00204418002012
:1022B80060210008642100086421000868210008E2
:1022C80092E700F000F8FEE72DE9F04FC1F80CD0D6
:1022D800C3689D46BDE8F08F002383F31188284624
:1022E800A047002006F004FCFEE706F0BEFB00DF76
:1022F800FEE7000053B94AB9002908BF00281CBFEF
:102308004FF0FF314FF0FF3000F06EB9ADF1080C1F
:102318006DE904CE00F006F8DDF804E0DDE90223FB
:1023280004B070472DE9F047089E0D4604468E46D6
:10233800002B40F083808A42174647D9B2FA82F3CD
:102348004BB1C3F1200105FA03FE20FA01F19F40C9
:1023580041EA0E0E9C404FEA1748BEFBF8FC1FFAF4
:1023680087F908FB1CE20CFB09F0210C41EA024248
:1023780090420AD9BA180CF1FF3180F018819042C6
:1023880040F21581ACF1020C3A44121AB2FBF8F093
:1023980008FB102200FB09F1A4B244EA0244A1425E
:1023A80009D93C1900F1FF3280F00381A14240F2C3
:1023B800008102383C44641A002140EA0C401EB1F6
:1023C8000022DC40C6E90042BDE8F08702B9FFDE22
:1023D800B2FA82F3002B4FD18D1A01214FEA124E27
:1023E8001FFA82F8B5FBFEFC0EFB1C5508FB0CF02F
:1023F800220C42EA0545A84207D97D190CF1FF32A3
:1024080002D2A84200F2E98094462D1AB5FBFEF0EC
:102418000EFB105508FB00F8A4B244EA0544A04599
:1024280007D93C1900F1FF3202D2A04500F2D98049
:102438001046A4EB080440EA0C40C0E78B4208D9D8
:10244800002E00F0B1800021C6E900050846BDE86D
:10245800F087B3FA83F100294BD1AB4202D3824211
:1024680000F2B980841A65EB030301209E46002E12
:10247800AAD0C6E9004EA7E79F40C3F12002D14089
:102488004FEA174EB1FBFEF01FFA87F80EFB10114A
:1024980024FA02F29D4000FB08FC2A43150C45EA89
:1024A8000145AC4504FA03F409D97D1900F1FF315F
:1024B80080F08F80AC4540F28C8002383D44A5EB1B
:1024C8000C05B5FBFEF10EFB115C01FB08F995B29A
:1024D80045EA0C45A94507D97D1901F1FF3274D2A7
:1024E800A94572D902393D44A5EB090541EA0041E5
:1024F80078E7C1F120078B4022FA07FC4CEA030C6D
:1025080025FA07F44FEA1C4EB4FBFEF91FFA8CF8C3
:102518000EFB194420FA07F309FB08FA8D401D4306
:102528002B0C43EA0444A24502FA01F200FA01F333
:1025380009D91CEB040409F1FF3048D2A24546D959
:10254800A9F102096444A4EB0A04B4FBFEF00EFBF3
:10255800104400FB08FAADB245EA0444A24508D984
:102568001CEB040400F1FF352DD2A2452BD902380B
:10257800644440EA0940A0FB0289A4EB0A044C45E4
:10258800C6464D4619D316D05EB1B3EB0E0264EBC6
:10259800050404FA07F722FA01F31F43CC40C6E901
:1025A80000740021BDE8F087314630460CE78C46C0
:1025B800EBE61046FFE64345E6D2B8EB020E69EBC0
:1025C8000C050138E0E72846D3E711468CE7814639
:1025D800B9E7084673E7084649E7ACF1020C3D4401
:1025E80013E702383C4424E7704700BF014B1868E2
:1025F800704700BF000C0020830770B4CDB23DD0F7
:10260800541E0AB30378AB421FD0431C05E014F1F3
:10261800FF3419D30278AA4217D013F0030F1846D3
:1026280003F10103F3D1032C11D84CB30378AB4267
:102638000BD00444431C02E00278AA4205D09C4215
:10264800184603F10103F7D1002070BC7047024619
:102658000E02B6B22E4346EA064613681046734089
:10266800A3F1013121EA030313F0803F02F10402D0
:10267800DCD1043C032C1046EFD8D6E71446D2E749
:102688002046E2E7844641EA000313F0030349D1F8
:10269800403A23D30B6803604B6843608B688360C0
:1026A800CB68C3600B6903614B6943618B698361C4
:1026B800CB69C3610B6A03624B6A43628B6A8362AC
:1026C800CB6AC3620B6B03634B6B43638B6B836394
:1026D800CB6BC36340304031403ADBD230320BD34E
:1026E8000B6803604B6843608B688360CB68C3608A
:1026F80010301031103AF3D20C3205D351F8043BA4
:1027080040F8043B043AF9D2043208D0D2071CBF7F
:1027180011F8013B00F8013B01D30B8803806046A8
:10272800704700BF082A13D38B07B1D010F00303FA
:10273800AED0C3F10403D21ADB071CBF11F8013B6A
:1027480000F8013BA4D331F8023B20F8023B9FE795
:10275800043AD9D3013A11F8013B00F8013BF9D208
:102768000B7803704B7843708B78837060467047A2
:10277800F0B4860746D0541E002A3CD0CAB203469D
:1027880002E014F1FF3436D303F8012B9D07F8D18A
:10279800032C29D9CDB245EA05250F2C45EA054574
:1027A80033D9A4F11006360903F1200707EB061701
:1027B80003F1100242E9045542E902551032BA42C7
:1027C800F8D1721C14F00C0F03EB021204F00F0680
:1027D80013D0331F23F003030433134442F8045B7C
:1027E8009342FBD106F003042CB1C9B21C4403F890
:1027F800011B9C42FBD1F0BC704734461346002CA9
:10280800F3D1F8E714460346C2E71A462646E0E73E
:1028180038B5124B05461C68A06B18B10023C0E9F7
:10282800045338BD182000F0B5F8A06378B1012230
:102838000023C0E904230A4B0B24836000230949C1
:10284800094A8481C0E90012C0E9045338BD024630
:10285800064B4221064800F055F800BF000C002046
:10286800ECDE05000E33CDAB34126DE6C8AB0008C4
:10287800E0AB000838B51A4B1C68A26B92B114691A
:102888001849536901FB04F1174800FB0313A4FB23
:102898000045611C1D4445F1000323F00040C2E9D6
:1028A800041338BD182000F075F80246A06388B1FB
:1028B800012400250B21C0E904450C4B094813608D
:1028C80003460B4D0B4C91810B49C2E90154C2E9F7
:1028D800041338BD094B4E21094800F013F800BF16
:1028E800000C00202DF451582D7F954C0E33CDABA4
:1028F80034126DE6ECDE05002E7F954CC8AB00085F
:10290800E0AB000800B50A4C0546206885B01C46B7
:10291800C06852B1074BCDE9013200912B462246DF
:10292800054900F023F800F06DFD044B1A46F2E764
:10293800000C002014AC000824AC000820AC0008EF
:1029480008B513460022FFF7DDFF00BF0CB410B531
:1029580082B004AC54F8042B2346019400F024F907
:1029680002B0BDE8104002B0704700BF0EB430B5E9
:1029780082B005AC54F8042B054D0146234628685F
:10298800019400F011F902B0BDE8304003B070477F
:10299800000C0020024B0146186800F05FB800BF29
:1029A800000C0020024B0146186800F003B800BF75
:1029B800000C002000293AD038B551F8043C0C1F0F
:1029C800002BB8BFE418054601F0AEF9224B1A688F
:1029D8002AB1A2420DD921686018824221D06260D2
:1029E80028461C60BDE8384001F0A0B9A34203D8CE
:1029F8001A465368002BF9D111685018A04217D015
:102A080022D821686018834203BFD3E9000309185C
:102A1800C4E90013636054602846BDE8384001F0FB
:102A280085B9D2E900020144C4E90012D8E7704729
:102A380020680144501883421160EDD1D3E90003A6
:102A48000144C2E90013E7E70C2328462B60BDE8E0
:102A5800384001F06BB900BF240E0020F8B5CD1C3A
:102A680025F0030508350C2D38BF0C25002D06462A
:102A780033DBA94231D82A4F01F056F93A6852B1EE
:102A880013685B1B04D43FE023685B1B29D52246EF
:102A98005468002CF8D1796800293BD02946304683
:102AA80007F09DFA431C28D0C41C24F00304A0425C
:102AB80005D0211A304607F092FA01301DD0256062
:102AC800304601F033F904F10B0020F00700231D14
:102AD800C21A01D01B1AA350F8BD0C220020326084
:102AE800F8BD0B2B05D8A242636811D05360E7E705
:102AF800144623601C442560E2E70C23304633600B
:102B080001F014F90020F8BD0B2BF1D814465368D6
:102B18003B60D5E7304607F062FA7860BEE700BF51
:102B2800240E00209368013B002B93600FDA10B449
:102B38009469A34208DB0A2906D01368581C106060
:102B48001970084610BC704710BC00F07BBB1368B6
:102B5800581C106019700846704700BF9BB1F8B543
:102B680013440F4606465D1E541E01E0AC4208D0D1
:102B78003A4614F8011F3046FFF7D4FF431CF5D13D
:102B8800F8BD0020F8BD0020704700BF936810B55D
:102B9800144613B95360184610BD00F01BFE0023FD
:102BA800C4E9013310BD00BF2DE9F04F9FB08B463B
:102BB80090461C46039018B18369002B00F0B98039
:102BC800A34B9B4500F0BB80A24B9B4500F0C980FE
:102BD800A14B9B4504BF039BD3F80CB0BBF80C304A
:102BE800180740F1B480DBF81030002B00F0AF80FC
:102BF8003023002120228DF8323098F800300594D7
:102C08000B918DF83120954E0127002B00F089801B
:102C1800252B00F01781454603E0252B00F0A58001
:102C280025466B786C1C002BF7D1B4EB080A78D0DA
:102C38004246534659460398FFF790FF013070D03B
:102C48000B9B6A7853440B93002A6AD000234FF0F9
:102C5800FF3201340693CDE908338DF85B301C93BD
:102C6800079206E02C46069B801B07FA00F01843E3
:102C780006902546052215F8011B3046FFF7BCFCD7
:102C8800AA460028EED1069BD90644BF20228DF81B
:102C98005B201A0748BF2B22217848BF8DF85B209C
:102CA8002A2967D1059A1168043200290592C0F2D1
:102CB8009E8009916178A51C2E2974D0684C032246
:102CC8002046FFF799FC002800F087804022069BE9
:102CD800001B02FA00F00343069305F101082B7864
:102CE800062219465F488DF83030FFF785FC00282A
:102CF80000F083805C4B002B72D005AB00935A46E2
:102D08005A4B06A90398AFF300808146B9F1FF3FFB
:102D180007D00B9B4B440B9398F80030002B7FF4A3
:102D280077AFBBF80C305B0618D40B981FB0BDE822
:102D3800F08F00F02FFD464B9B457FF445AF039B7A
:102D4800D3F804B0BBF80C3018073FF54CAF594620
:102D5800039800F0D7FA00283FF44AAF4FF0FF304D
:102D6800E4E7039BD3F808B038E7B4EB080A3FF46C
:102D78006DAF5DE7A1F13002092A88BFA2469BD852
:102D8800099B01E02C460135297803EB830302EB0C
:102D98004303A1F13002092AAA46F3D92E2904F1E6
:102DA800020509938AD19AF801102A292FD1059B87
:102DB8000AF102001A680433002A079205939AF868
:102DC80002100AF1030538DB254C8246032220460F
:102DD800FFF712FC00287FF479AFA84655467EE736
:102DE800059B073323F007030833059391E749420E
:102DF80043F00203099106935CE705AB00935A463A
:102E08001A4B06A9039800F0D3F881467EE7002301
:102E1800A1F13002092A079301D915E055466978CE
:102E280003EB830302EB4303A1F13002092A05F106
:102E3800010AF3D90235079340E74FF0FF33824682
:102E480007933BE7444601E7AA46013536E700BF4A
:102E580084A1000864A1000844A1000854AC00083B
:102E68005CAC000860AC000800000000652B00089E
:102E780010B4044C13460A460146206810BCFFF7FC
:102E880093BE00BF000C00202DE9F0470C460969ED
:102E9800A56891468D42B8BF0D46156094F8431059
:102EA80006461F46DDF8208011B16A1CC9F80020CB
:102EB800236899065CD5D9F800200232C9F80020A9
:102EC800236813F0060F19461DD1E1688A1A002AF3
:102ED800D8BF194617DD002504F1190A05E0E36893
:102EE800D9F800209B1AAB420CDD01235246394623
:102EF8003046C047013005F10105F0D14FF0FF30F1
:102F0800BDE8F087216894F84330003318BF0123E7
:102F18008A060AD53021E21882F8431094F8451041
:102F28005A1C224482F84310023304F14302394602
:102F38003046C0470130E1D02368A26803F0060399
:102F4800042B21691DD08A4226DD4FF00009521A50
:102F5800914400251A3401E04D451DDA012322462B
:102F680039463046C047013005F10105F4D1C5E7BF
:102F780013F0060F13D094F84330003318BF012321
:102F8800D3E7D9F80000E3688A42A3EB000323EAF9
:102F9800E379DCDC002BDCDC0020BDE8F087E168AD
:102FA800D9F800208A1A002AD8BF194693DCAAE764
:102FB8002DE9F0430C46097E85B06E290646174672
:102FC800984604F1430C0C986DD039D9732900F058
:102FD800F48044D9752900F00281782940F00F81E6
:102FE80078232268DFF854E284F845300168150632
:102FF80051F8043B016040F1A180D10744BF42F081
:1030080020022260002B00F093801022002184F817
:10301800431060680028A060C0F2C680216821F0D3
:1030280004012160002B40F0A280002840F0BE80FF
:103038006546082A00F0AB80ACEB0503236141E04C
:10304800632900F0E3801AD8002938D0582940F0C5
:10305800D68084F845102268DFF8E4E1C6E76F29D6
:1030680000F0BD80702940F0CA8078232268DFF81C
:10307800CCE142F02002226084F84530B6E76429AA
:1030880002D0692940F0BB8022680368110603F169
:10309800040557D5196805600B46002959DB0A2233
:1030A800DFF89CE1B5E7036822681D1D61690560CA
:1030B80015061B6802D4500600F1BB801960002376
:1030C80065462361CDF800803B4603AA2146304679
:1030D800FFF7DAFE013020D02A4623693946304608
:1030E800C047013019D0226803989207E36819D5C0
:1030F8001A1A002A16DD002504F1190904E0E3680C
:1031080003981A1AAA420DDD01234A463946304669
:10311800C047013005F10105F1D14FF0FF3005B08E
:10312800BDE8F0839842B8BF184605B0BDE8F08303
:103138002168102221F02001216067E7500648BF6E
:103148009BB25AE75106A5D5B3F900300560194678
:10315800A3E72D2061685B42002984F84300A16041
:1031680002DB22F0040222600A22DFF8D4E065467E
:1031780000E00B46B3FBF2F102FB11301EF8000031
:10318800934205F8010DF4D2082A7FF455AF23685D
:10319800DB077FF551AF626823699A423FF74CAF6E
:1031A8003023013D2B7047E7002BE0D19EF800301B
:1031B80004F1420584F842303BE703686268191D50
:1031C80001601D6800212846FFF716FA002832D052
:1031D800401B60602061002384F8433072E7226856
:1031E800036812F0800F03F104051AD01B6805600C
:1031F8006F290CBF08220A22DFF844E006E7012302
:1032080084F84210236104F14205E4E701220368CF
:1032180004F14205191D1B68016084F842302261DF
:10322800D9E712F0400F0DBF1B6805601B880560C9
:10323800DEE7198043E76068CCE700BF7CAC000894
:1032480068AC0008F8B50D461446064608B183690F
:1032580043B3254B9C422AD0244B9C4229D0244B73
:103268009C4208BFF468A269A389A2601A0722D504
:10327800236903B322686169D31AEDB299422F46D4
:1032880029DD0133A168501C0139A1602060157047
:1032980062699A4216D0A389DB0701D50A2D11D09D
:1032A8003846F8BD00F076FA0F4B9C42D4D17468CA
:1032B800D9E7B468D7E72146304600F023F838B993
:1032C8002369D7E72146304600F03AF90028E7D0CD
:1032D8004FF0FF37E4E72146304600F031F9002887
:1032E800F6D101232268CDE784A1000864A1000873
:1032F80044A10008024B0A4601461868FFF7A2BF1E
:10330800000C00203B4B70B51D6806460C460DB1FD
:10331800AB69DBB1384B9C421ED0384B9C424AD03B
:10332800374B9C4208BFEC68B4F90C2093B21907DC
:1033380018D5206908B313F001022CD00022636964
:10334800A2605B42A36160B3002070BD284600F014
:1033580021FA294B9C42E0D16C68B4F90C2093B255
:103368001907E6D4DD063CD5580726D4206942F073
:103378000803A3819BB20028DDD103F42072B2F5C3
:10338800007FD8D03046214600F01EFCA389206972
:1033980013F00102D2D1990758BF6269A2600028D0
:1033A800D2D1B4F90C301A06CFD543F04003A3812B
:1033B8004FF0FF3070BDAC68B6E7616B51B104F1F6
:1033C8004403994204D03046FFF7F4FAB4F90C20CC
:1033D800002363630023206922F02402C4E9000368
:1033E800C5E7092342F0400233604FF0FF30A28165
:1033F80070BD00BF000C002084A1000864A1000873
:1034080044A1000808B5062000F03EFD012006F0A2
:103418000BFE00BF2DE9F0418F890C463A07804624
:1034280041D44B68002B59DDE66A002E53D00023A7
:1034380017F48052D8F80050216AC8F8003051D1EA
:1034480001234046B047431C5FD0A789E66A216A3A
:103458007F0705D56268636B801A0BB1236CC01AAD
:10346800024600234046B047461C45D1D8F80030F4
:10347800B4F90C20002B55D01D2B01D0162B5AD196
:1034880000222369C4E90032616BC8F8005011B307
:1034980004F14403994202D04046FFF78BFA00201A
:1034A8006063BDE8F0810E69AEB10D680E60B907C2
:1034B80014BF00236369AD1BA3600AE02B463246A4
:1034C800A76A216A4046B8470028A5EB00050644CC
:1034D8000ADD002DF2DC0020BDE8F0810B6C002B2A
:1034E800A2DCF8E7606DB3E7A3894FF0FF3043F043
:1034F8004003A381BDE8F081002322696360A389AA
:103508002260DA04C0D56065BEE7D8F80030002B29
:103518009BD01D2B0CD0162B0AD0A38943F0400357
:10352800A381D9E72169C4E90013D304ACD5EAE73C
:10353800C8F80050CFE742F04002A281CCE700BFB4
:103548000B6923B310B5044682B008B18369BBB1D7
:10355800104B994212D0104B994216D00F4B9942FA
:1035680008BFE168B1F90C302BB1204602B0BDE8C4
:103578001040FFF74FBF002002B010BD6168F1E7AF
:10358800019100F007F90199E2E7A168EAE7002054
:10359800704700BF84A1000864A1000844A1000886
:1035A80020B1054B01461868FFF7CABF034B044911
:1035B800186800F0B3BA00BF000C002040A1000852
:1035C8004935000800207047014900F0A7BA00BF3C
:1035D800493500080020704770B568254A1E05FB6C
:1035E80002F50E4605F17401FFF738FA044640B1BA
:1035F80000210C30666005F168022160A060FFF7C9
:10360800B7F8204670BD00BF1E4B70B51D68064652
:10361800AB6943B34835D5E90134013B05D51EE014
:10362800013B5A1C04F1680419D0B4F90C20002A93
:10363800F6D10025144B6566C4E90055A560C4E9B8
:103648000455A5612946E360082204F15C00FFF7F0
:103658008FF8C4E90D55C4E91255204670BD2C6891
:103668002CB12546D7E7284600F010F8D2E7042108
:103678003046FFF7B1FF044628600028F1D10C233B
:103688003360EAE740A100080100FFFF2DE9F84F89
:103698000023334AC0E9123312680365904208BF19
:1036A8000123304908BF836181620546FFF7ACFFFB
:1036B80068602846FFF7A8FFA86028460024FFF79F
:1036C800A3FF04236E68E8602146F3607466C6E9C8
:1036D8000044B460C6E90444B46106F15C00082201
:1036E800FFF746F8DFF888B0AF68DFF888A0DFF8A2
:1036F8008890DFF888801C4BC6E9086BC6E90AA9E0
:10370800C6F830802146FB6008227C66C7E9004481
:10371800BC60C7E90444BC6107F15C00FFF728F806
:10372800EE68124BC7E9087BC7E90AA9C7F83080D9
:103738002146F3607466C6E90044B460C6E90444EF
:10374800B46106F15C000822FFF712F80123C6E90C
:10375800086BC6E90AA9C6F83080AB61BDE8F88FE6
:1037680040A10008D135000809000100120002003C
:10377800013F0008293F0008693F0008893F000809
:10378800024B0349186800F0C9B900BF40A10008FE
:1037980049350008836903B978E77047704700BF67
:1037A800704700BF704700BF704700BF024B034916
:1037B800186800F08FB900BF000C0020CD35000854
:1037C800024B0349186800F085B900BF000C0020BF
:1037D800DD3500089368002B00F0FC802DE9F04FE0
:1037E800B1F90C300C469BB2190783B0824690465B
:1037F8002BD522694AB313F00202D8F8006033D0FF
:1038080000273D46D4F828B0216ADFF8C492C5B134
:103818004D452B463A4628BF4B465046D8470028C8
:1038280040F3CE80D8F8083007441B1A2D1AC8F880
:103838000830002B00F0B380D4F828B0216A002D9E
:10384800E6D1D6E900750836E1E721465046FFF78C
:1038580059FD002840F03781B4F90C30D8F80060E1
:103868009BB213F00202CBD113F0010940F0B480EF
:103878004D46A7682068002D55D09A0540F1C080B4
:10388800AF42BB4600F2EE8013F4906F2FD0D4E91C
:10389800041707EB4707A0EB010B07EBD777681C6A
:1038A8007F105844B8423A4684BF07463A465B05FB
:1038B80040F1F08011465046FFF7D0F8002800F09C
:1038C800FC805A4621690190FEF7DCFEA289019B23
:1038D80022F4906242F08002A281A7EB0B0203EB74
:1038E8000B006761AB462F4623612060A2605A46F1
:1038F800494600F0B3F92368A2685B44AB4600254B
:10390800D71BA7602360D8F80870D944A7EB0B072A
:10391800C8F80870002F42D0B4F90C30A7689BB2E1
:103928002068002DA9D1D6E900950836A3E70BF148
:10393800080353F8047C9B4653F8086C0833002F9F
:10394800F7D03A460A213046FEF756FE002854D0F2
:103958000130A0EB06094B4620682169BB4228BF0D
:103968003B468842626903D9A5681544AB421ADC14
:103978009A4200F381801346A56A3246216A50466E
:10398800A847051E1CDDB9EB05096ED00120D8F843
:1039980008302E445B1B7F1BC8F8083013BB00207F
:1039A80003B0BDE8F08F31462A4600F057F9236886
:1039B80021462B4423605046FFF7C2FD0028E2D081
:1039C800B4F90C304FF0FF3043F04003A38103B04B
:1039D800BDE8F08F002070473346914610461746E1
:1039E8004E469B46002FA2D00028B4D13A460A2161
:1039F8003046FEF701FE0028AAD17B1C9946ABE7AA
:103A08002369834217D36269AA4214D82F4BA76A45
:103A18009D4294BF2B466FF0004393FBF2F3216A5B
:103A280002FB03F350464A46B847B0F1000BC7DD26
:103A3800A5EB0B0567E7AF4228BF2F4649463A4634
:103A480000F00CF9A3682268DB1B3A44BB46A3606C
:103A58002260002BECD121465046FFF771FD00286B
:103A6800E6D0ADE72F46AB4641E721465046FFF783
:103A780067FD00288BD0A3E71A4631461D460193FF
:103A880000F0ECF8A1682268019BC91A1344A160F0
:103A9800236078E7504600F04BF9034600287FF48E
:103AA8001CAF21695046FEF785FF0C22B4F90C3093
:103AB800CAF8002023F0800384E70C22B4F90C3004
:103AC800CAF800207EE74FF0FF3069E7FEFFFF7F6E
:103AD80000FCFF7F2DE9F04110F148071AD0884615
:103AE8000026D7E90154013D0ED4A389013D012BDD
:103AF80006D9B4F90E30013302D02046C047064338
:103B08006B1C04F16804F0D13F68002FE9D13046FE
:103B1800BDE8F0813E463046BDE8F0812DE9F84326
:103B280010F148061ED0884607464FF00009D6E92E
:103B38000154013D10D4A389013D012B08D9B4F9E2
:103B48000E30013304D021463846C04749EA0009FF
:103B58006B1C04F16804EED13668002EE7D14846A4
:103B6800BDE8F883B1464846BDE8F88370B50C4611
:103B7800B1F90E1096B0002916461D4613DB6A46A9
:103B880006F03AFA00280EDB019A4FF4806302F43B
:103B98007042A2F50052B2FA82F2002052092A605D
:103BA800336016B070BD0022A3892A601B0604D5B5
:103BB80040230020336016B070BD4FF480630020AE
:103BC800336016B070BD00BF8A890B46920706D5D0
:103BD800012103F1470259611A601A61704770B5F3
:103BE80082B001AB6A460C460646FFF7BFFF009954
:103BF80005463046FEF732FFB4F90C3070B1164A6C
:103C08000099B262019A43F08003A3812060C4E95D
:103C180004018AB92B43A38102B070BD9A05FBD475
:103C2800012123F0030304F1470243F00203A381B7
:103C3800616122602261EFE73046B4F90E1006F0A8
:103C4800E7F910B9B4F90C30E4E7A38923F00303CA
:103C580043F001031BB2DDE7D13500088842F0B418
:103C68000DD98B1883420AD9841832B1224613F829
:103C7800014D994202F8014DF9D1F0BC70470F2A65
:103C88000ED80346541E002AF7D001340C44013BD9
:103C980011F8012BA14203F8012FF9D1F0BC7047AC
:103CA80040EA01039B073AD1A2F110073F0901F14D
:103CB800200606EB071601F1100300F1100453F873
:103CC800105C103344F8105C53F81C5C103444F852
:103CD8001C5C53F8185C44F8185C53F8145CB34245
:103CE80044F8145CEBD17B1C1B0112F00C0F194437
:103CF80002F00F05034415D00E46043DAD0803EB52
:103D0800850C1C1F56F8047B44F8047F6445F9D1E0
:103D18000135AD002B44294402F00302B2E7541EDA
:103D28000346B2E72A46ADE7704700BF704700BFB9
:103D380009B3F8B51446CAB106460D4600F024F991
:103D4800A04202D32F463846F8BD21463046FEF73A
:103D580085FE07460028F6D022462946FEF792FC43
:103D680030462946FEF726FE3846F8BD2746FEF7B8
:103D780021FE3846F8BD1146FEF770BE10B5802109
:103D88000446FEF76BFE606440B10022031F7C30DE
:103D980043F8042F8342FBD1002010BD4FF0FF30C1
:103DA80010BD00BF436C0BB100207047E6E700BFB1
:103DB8001F2970B5054608D8436C16460C464BB10A
:103DC80053F8240043F8246070BD16224FF0FF30EA
:103DD8002A6070BDFFF7D2FF08B96B6CF0E74FF0AF
:103DE800FF3070BD1F2938B5054620D8426C0C46F7
:103DF8006AB152F8213053B1012B16D0591C10D09A
:103E08000025204642F824509847284638BD2846C1
:103E180000F070F8224601462846BDE8384000F018
:103E280055B8162301202B6038BD002038BD162355
:103E38004FF0FF302B6038BD1F2921D838B5436CAF
:103E480005460C4683B153F8242003EB84034AB19A
:103E5800511C10D0012A0CD0002520461D60904727
:103E6800284638BD012038BDFFF788FF28B96B6C9C
:103E7800E9E7032038BD022038BD4FF0FF3038BDD8
:103E88004FF0FF30704700BF024B01461868FFF73C
:103E9800A9BF00BF000C0020024B0A460146186863
:103EA800FFF786BF000C0020034B1868436C0BB16A
:103EB8000020704762E700BF000C0020024B01465B
:103EC8001868FFF7B9BF00BF000C002070B50D4699
:103ED8000023074C064611462846236006F09AF848
:103EE800431C00D070BD2368002BFBD0336070BD2D
:103EF8004018002006F096B810B50C46B1F90E101F
:103F080006F062F8002803DB636D0344636510BDA7
:103F1800A38923F48053A38110BD00BF00207047FC
:103F28002DE9F041B1F90C409846E3050D461746D6
:103F3800B1F90E10064609D424F48054AC814346E6
:103F48003A463046BDE8F04106F045B80223002263
:103F580006F03FF8B5F90C40B5F90E10ECE700BFD4
:103F680010B50C46B1F90E1006F033F8A389421CBF
:103F78000EBF23F4805343F480536065A38110BDC2
:103F8800B1F90E1006F029B851F8043C181F002B9F
:103F9800BCBF0B58C018704713B5174CA3888BB11A
:103FA8004FF6FF722188A37891420BD053B10023BA
:103FB800A37003F071FE40F00101A180206889B26E
:103FC80002F0F2FC0D4CA388A3B14FF6FF722188D2
:103FD800A37891420ED06BB10023A37003F05CFE6E
:103FE80040F001012068A18089B202B0BDE810400C
:103FF80002F0DABC02B010BD640C00206A0C00208C
:10400800012310B561B1074CA37003F045FE40F0E1
:104018000101A180206889B202F0C6FC012010BD10
:10402800014CF1E76A0C0020640C00200120704765
:104038000120704708B5FFF7FBFF08BD704708B5BA
:10404800FFF7FCFF08BD000013B502AB03E903004E
:104058000F4B1B78B3B99DF80230009873B16AB161
:1040680003F054FB04460146009803F007FB204682
:10407800009902B0BDE8104002F04EB903F024FBED
:104088000446F4E7009803F041FB0099F1E700BF0C
:10409800F40E002003460A4600689988FFF7D4BF4B
:1040A80010B504460021FFF7F5FF2146FFF7C7FFCB
:1040B80010BD10B5012404FA02F204FA01F111430B
:1040C8009C4031EA00030CBF2043A04310BD000010
:1040D80008B513460A46014603480068FFF7E9FF9A
:1040E800BDE8084003F07EBA440F002008B500F090
:1040F800A9FABDE8084000F0C6BA00F0C8BA70478F
:1041080008B502F06CFFFFF7FAFF46F2A81004F0BA
:10411800F4FCBDE8084003F0CBBD38B501210546E5
:10412800FFF7B8FF2946044601F06CFF08B90020E4
:1041380038BD29462046FFF77DFF0028F7D02946DD
:10414800204602F0CBF90028F1D02946204602F09B
:104158001FFA0028EBD02946204602F0F3FA00287F
:10416800E5D02946204601F0A3FD0028DFD0AB7832
:104178005BB145F65A539C421CD00AD8B4F5B84FE7
:1041880012D045F6DE439C4211D02846FFF74EFF79
:10419800CEE745F65B539C420FD045F65C539C42F4
:1041A800F3D103F043FBF0E7FFF7AAFFBFE703F003
:1041B800ADFCBCE703F046FBE7E703F046FBE4E7AA
:1041C800F8B5174B1749C2081F5C174B8D5C174988
:1041D8009B5C00F007008E5C0341054113F001046D
:1041E80046FA00F005F0010500F0010602D0E120D2
:1041F80002F0F6FB15B1E62002F0F2FB384602F0B9
:10420800DDFC15B1E62002F06BFC14B1E12002F0F0
:1042180067FC26B1BDE8F8402C2002F0CFBCF8BD01
:104228009CA400087CA400081CA500088CA4000815
:104238002DE9F04104460E464FF00A08214F207838
:1042480000283CD0012837D16378012B0ED1A07803
:10425800A51C02F0B3FC2C4635460134013DEDB2F5
:10426800FF2DECD0642004F048FCF7E7022B04D1C2
:10427800A078A51C02F0B4FBEDE7032B04D1A078CD
:10428800A51C02F02DFCE6E7042B01D00134E3E77E
:104298002246002512F8023FD95D1446490705D485
:1042A800013DD9D3642004F028FCF9E7303B08FB32
:1042B800053512F8013FEFE7FFF782FFCCE7BDE8CD
:1042C800F08100BF3DA000080021FFF7B1BF704793
:1042D80008B5FFF7FCFF08BD0120704708B5FFF7D8
:1042E800FBFF08BD10B50446FFF7F2FF2046FFF7B5
:1042F800F5FF10BD13B5ADF80410019902F00CF8E4
:1043080000F0AEF8B0F5A44F04463AD2B0F5A24F8B
:1043180080F08B80FF2816D8EF287ED8A7280BD8E6
:10432800A4286DD8012804D0031F9BB2A12B28BF55
:104338000024204602B010BDBE2866D9A0F1E003D3
:104348009BB2082BF3E7B0F5A04F0AD2B0F5804F27
:1043580066D2A0F580739BB2B3F5F85F0FD3002443
:10436800E7E70124C0F38103C0F301125B0100F009
:10437800030043EA022384401C4344F40C44A4B2DF
:10438800D7E7B0F5AC4F1BD2B0F5AA4FC0B252D2A6
:10439800B4F5A84F0FD2B4F5A64F4FF001044FEA79
:1043A800900300F0030004FA00F040EA4314E4D359
:1043B80044F40A44E3E74AF2F40444EA0024B8E780
:1043C800B0F5B44F0CD2B0F5B24F3CD2A0F5B04323
:1043D8009BB2FF2BC3D84AF2F00040EA0424CEE790
:1043E800A0F5C0439BB2B3F5005FB8D2C0F3042078
:1043F80000F0B6F8030203F4F853E4B21C431FE0DC
:10440800A0F1240444F48044B9E7144B5834E4B2CE
:1044180033F8144044F488448BE740F4A044AEE7F2
:10442800C0F30B0444F4204483E74AF2F103C4B216
:1044380043EA04247DE700F093F8040204F4F854F6
:1044480044F4005475E700F00F0000F089F8C4F355
:10445800031440EA042444F4104490E72CA500080F
:10446800E7284DD8DF2807D8312861D00ED8292869
:1044780057D02A2863D07047A0F1E003072B3FD814
:10448800DFE803F0123E2126303E3A3F392804D0B7
:10449800822802D035283DD07047304B1B7813F066
:1044A800030F18BFE02070472C4A1378D9074DD462
:1044B800527812F0010F23D013F0100F08BFE32039
:1044C80018BF00207047254B1B7813F0040FF2E744
:1044D800224A137859073BD45278D2073AD413F0BA
:1044E800100FEDE71D4B5A78910709D51B7813F08B
:1044F800100F08BFE720E3E7184B1B781A07F6D41C
:104508007047164A1378190726D452789207E6D5C9
:10451800E420F5E7114B1B7813F0200F18BF292072
:1045280070470E4B1B7813F0200F18BF35207047CB
:104538000A4B1B7813F0400F18BF2A207047074B0F
:104548001B7813F0400F18BF31207047392070478F
:10455800E2207047E0207047E6207047D011002025
:10456800294B1A78510707D500F01801082927D1D7
:1045780000F0F70040F00400110707D500F018011B
:10458800182926D100F0E70040F014005B78D9071D
:1045980007D500F01801082924D100F0F70040F0F1
:1045A8000100990707D500F01803182B23D100F054
:1045B800E70040F01100D30648BF00F0E70070475D
:1045C80000F01401042904BF00F0FB0040F00800CB
:1045D800D2E700F01401142904BF00F0EB0040F00A
:1045E8001800D3E700F01101012904BF00F0FE0014
:1045F80040F00800D5E700F01103112B04BF00F0CC
:10460800EE0040F01800D6E7D011002001F0D6BC2B
:1046180008B500F0A3F84FF47A7004F06EFA00F0D1
:104628009DF8002000F038F8C30705D5FFF7EEFF26
:10463800BDE8084003F03CBB08BD08B5FFF7E8FF3C
:1046480008BD000008B503F0DFF908B903F05EFA09
:1046580003F0E4F9084B187003F0E6F9074B1880EB
:10466800FFF7EBFF03F0DDF902F09BFF044B18683E
:10467800BDE8084002F0B1BF3B100020D011002077
:10468800440F0020704708B5FFF7FCFF08BD08B5C8
:10469800FFF782FC08BD0000014B53F8200070476B
:1046A8000C1200207047032004F027BA00BF00BF97
:1046B80000BF00BF00BF00BF00BF00BF00BF00BFFA
:1046C80000BF00BF00BF00BF00BF00BF00BF00BFEA
:1046D800704708B5FFF7E7FF08BD08B5202383F347
:1046E8001188012100F00F039940032220F00F00E8
:1046F80005F0BEF8002383F3118808BD38B50E24F1
:10470800124D55F8040B013CFFF7E7FF14F0FF04C6
:10471800F7D11A240E4D55F8040B013CFFF7DDFFC5
:1047280014F0FF04F7D10E230A490B4A013B13F09A
:10473800FF0341F8044B42F8044BF7D10E2000F078
:104748006BF8BDE83840FFF7D1BC00BFC4A500082E
:104758005CA50008D41100200C1200202DE9F84FA8
:1047680000250E264FF00108A946DFF8A8A0264F1D
:104778005AF8044B202383F3118824F00F0B04F01C
:104788000F0408FA04F406222146584605F070F88A
:10479800CBF8144089F31188FFF788FF00231C46E3
:1047A8001A4850F8042B22F00F01896802F00F0212
:1047B80021FA02F2D2074CBF002208FA03F20133B1
:1047C8001A2B44EA0204ECD15AF8040CFFF785FFCF
:1047D800FFF77FFF3B68013E9C4216BF0123002381
:1047E8003C6016F0FF0645EA030507F10407BFD150
:1047F8002B460E220649044800F010F8FFF77DFC0E
:104808002846BDE8F88F00BFD41100205CA5000839
:104818000C120020C4A5000870470000F8B5064631
:104828000F4615460E4C2BB10123237003F034FAC2
:104838000C4B188023782BB10A4B188803F031FAF7
:1048480005280AD8F8BD56F8232047F82320013355
:104858009D42F8DC00232370F4E70023F8E700BF4B
:104868002C0E00202E0E0020194B1B78D90709D5D5
:10487800184B187800EB800080087F2823D820B3D5
:10488800C0B270479A0705D5124B187800EB800024
:104898004008F2E75B0704D50E4B187800EB800060
:1048A800EBE70D4B1B7863B10C4A0A49127808787C
:1048B8009342F3D2584300EB8000B0FBF2F080B291
:1048C800DBE70520DCE77F2070470120704700BF49
:1048D8003A0E0020720C00203B0E0020730C0020C2
:1048E800144B1B78D90705D5134B18788008F8B1F5
:1048F800C0B270479A0703D50F4B18784008F6E7FF
:104908005B0705D50C4B18787F28F0D97F207047B6
:104918000A4B1B7853B10A4A074912780878934220
:1049280036BF584380B2B0FBF2F0EDE70120DFE775
:10493800012070473A0E0020760C00203C0E002023
:10494800770C0020F02808B505D1FFF78DFF40420D
:10495800294BD87008BDF12802D1FFF785FFF7E78A
:10496800F22805D1FFF780FF4042234B9870F1E70A
:10497800F32802D1FFF778FFF7E7F92804D1FFF70A
:10498800AFFF1D4B1871E5E7FA2803D1FFF7A8FF21
:104998004042F6E7FB2805D1FFF7A2FF4042164B3D
:1049A8005871D7E7FC2802D1FFF79AFFF7E700F123
:1049B8000C03DBB2042B08D801230F4AF43803FA9E
:1049C80000F0537818435070C4E7FD2805D10B4A0E
:1049D800137843F001031370BCE7FE2804D1074A9B
:1049E800137843F00203F6E7FF28B3D1034A13789C
:1049F80043F00403EFE700BF340E00203A0E002016
:104A0800364BF02893F902200AD193F903100029B4
:104A18000CDA0021D97052B90021314A117006E030
:104A2800F1280DD193F903100029F2DC72B11A793B
:104A38005B7913435AB2002B4FD12A4B1A70704737
:104A4800F22806D1002AF1DA00229A7093F903209D
:104A5800E1E7F32802D1002AF6DCE7E7F92893F921
:104A6800041004D10029E1DD00211971DEE7FA28DC
:104A780002D10029DADAF7E7FB2893F9051004D107
:104A88000029D3DA00215971D0E7FC2802D1002986
:104A9800F8DCCBE700F10C01C9B2042907D80121E1
:104AA800F4388140587820EA01005870BEE7FD28A4
:104AB80005D10D48017821F001010170B6E7FE2803
:104AC80004D10948017821F00201F6E7FF28ADD1A9
:104AD8000548017821F00401EFE77047340E002003
:104AE8003B0E00203C0E00203A0E002008B503F0D3
:104AF800D3F8094BDA7899780A431CBF074A108023
:104B08001A795B7913431CBF054B18800248BDE82E
:104B1800084001F053BE00BF340E0020300E0020C4
:104B2800320E002000232DE9F047564C94F90280FC
:104B380094F9037094F9046094F90550A370E37034
:104B48002371637158EA070394F800A094F8019060
:104B58000AD04D4B188803F0A4F84C490B783BB3A6
:104B68004B4A127890422EDC56EA05030BD0494B8B
:104B7800188803F096F848490B78002B4ED0474A1E
:104B88001278904255DCE278A378134322791343D4
:104B98006279134301D0FFF7A9FF84F800A084F8D5
:104BA800019084F80280E77026716571BDE8F0878E
:104BB8003B4A92F800C00A2202FB0CF29042D3DD75
:104BC80001330B7001E0FF2BFAD1B8F1000F08D0C8
:104BD800FFF74AFEB8F1000FCCBF0123FF23434380
:104BE800A3703FB1FFF740FE002FCCBF0123FF2386
:104BF8004343E37094F90220002AB5D094F90310D6
:104C08000029B1D0B5235A434B43121208BF0122E1
:104C18001B1208BF0123A270E370A5E7214A92F88E
:104C280000C00A2202FB0CF29042ACDD01330B708B
:104C380001E0FF2BFAD13EB1FFF752FE002ECCBFA8
:104C48000123FF23434323713DB1FFF749FE002DA4
:104C5800CCBF0123FF234343637194F90420002A46
:104C680091D094F9051000298DD0B5235A434B43B0
:104C7800121208BF01221B1208BF0123227163719F
:104C880081E700BF340E0020300E00203B0E0020CC
:104C9800710C0020320E00203C0E0020750C002004
:104CA800700C0020740C00200023054A13609380C8
:104CB800044A1370044A1370044A1370704700BF03
:104CC800340E00203B0E00203C0E00203A0E00203F
:104CD80008B500F063F940F2FF3008BD08B5044894
:104CE80000F014F9BDE80840024800F00FB900BF11
:104CF80000F8010800FC0108B0F5806F2DE9F041CB
:104D0800884602D30020BDE8F0814FF6FF724500C7
:104D180005F1006404F5FC34238846129BB29342E3
:104D280004D1204600F014F980B2ECE7B602124F25
:104D380006F1006606F5FC364FF4806231463846C7
:104D4800FDF7A0FC23789845DCD040F2FE302840DF
:104D580007F80080304600F0D9F80024395D61F08A
:104D6800FF014B1C03D089B2301900F0F1F802346E
:104D7800B4F5806FF2D1D7E74412002080B240002A
:104D880000F1006000F5FC300078704780B2FFF752
:104D9800B3BF83B25B0003F1006303F5FC331A78F9
:104DA800431C9BB25B0003F1006303F5FC331878E6
:104DB80042EA0020704738B50D4684B22046C9B291
:104DC800FFF79AFF601C290A80B2BDE83840FFF758
:104DD80093BFFFF7F0BF10B583B25A0002F100622B
:104DE80002F5FC3211785A1C92B2520002F10062AC
:104DF80002F5FC3214789A1C92B25200033302F185
:104E080000629BB202F5FC325B00127803F100638A
:104E180003F5FC331878130443EA04230B4343EAED
:104E2800006010BDF8B50C4680B2471CBFB2430005
:104E38007A0003F1006302F10062861C03F5FC337B
:104E480002F5FC32B6B2197892F800C0720002F18D
:104E58000062C51C02F5FC32ADB213786A0002F19B
:104E6800006202F5FC321B04127843EA0C230B4360
:104E780043EA0263A34212D0E1B2FFF73DFFC4F355
:104E880007213846FFF738FFC4F307413046FFF7DC
:104E980033FF2846210EBDE8F840FFF72DBFF8BDC7
:104EA8000B4BDA68D0070CD4DA6851070BD4DA68F0
:104EB800D2060AD4D86800F00100C0F10500C0B2DB
:104EC800704701207047022070470320704700BFD9
:104ED8000020024073B504460025FFF7E1FFFF26D6
:104EE80001280FD114B9062002B070BD01950196B2
:104EF800019B1BB9FFF7D4FF013CF1E7019B013B84
:104F08000193F5E7002C08BF0620EDE738B5054604
:104F180040F6FF70FFF7DEFF052815D10B4C40F671
:104F2800FF70236943F0020323616561236943F03D
:104F380040032361FFF7CEFF06281EBF236923F035
:104F4800020323613423E36038BD00BF0020024020
:104F5800104B00F178429A4270B505460E4616D8B5
:104F68001F20FFF7B7FF052810D10B4C1F2023691E
:104F780043F0010323612E80FFF7ACFF06281EBF14
:104F8800236923F0010323613423E36070BD072004
:104F9800FCE700BFFEFF070000200240034B044A65
:104FA8005A6002F188325A60704700BF0020024000
:104FB800230167457FB510F47F4F0B460190C0F37E
:104FC8000721C0F3074217D10BB1304B9A5C8DF81B
:104FD8000C208DF80D208DF80E2000209DF80C3047
:104FE80063F307009DF80D3063F30F209DF80E3032
:104FF80063F3174004B070BD9DF8046063B3234B9E
:105008009A5C0625FF2375436FF05404B5FBF3F54E
:105018006C4304EB460404EB4404E4B2581A04FB62
:1050280001F3C4F1FF0461431B120912C3F1FF032A
:10503800C1F1FF01504353435143C0F30720C3F369
:105048000723C1F30721D2B2062D19D8DFE805F0EE
:105058000608110F1418060092B2D2E713460A4642
:105068008DF80C208DF80D308DF80E00B5E711463F
:105078001A4603460846F3E70B4611460246F9E787
:105088001146024618460B46EAE700BF41A700084A
:10509800012184B004B0FFF78DBF704784B004B01D
:1050A800FFF7F6BF13B58DF802208DF800008DF8D4
:1050B800011000981C46FFF7F1FFC0F30743C0F347
:1050C800072262702070A37002B010BD064A1378E0
:1050D80013F0FE0F04D1012161F3470313707047E9
:1050E800552BFCD92A21F7E7441600200820FFF7A2
:1050F80072BE08B5FFF7EAFFBDE808400146082080
:10510800FFF790BE014B1868FFF7F3BF4416002065
:10511800014B1868FFF7EDBF441600200022034B2F
:1051280003481A711860FFF7E4BF00BF4416002057
:105138000300FFFF034B1B7813F0010018BF58084A
:10514800704700BF44160020044A1379022B9CBF05
:105158000133137108B1FFF7D5BF7047441600201B
:105168000120FFF7F1BF0000044A13790BB1013B9E
:10517800137108B1FFF7C6BF704700BF441600207F
:105188000120FFF7F1BF0000014B1879704700BFFD
:1051980044160020014B1871704700BF44160020C8
:1051A800014B5878704700BF44160020014B98788F
:1051B800704700BF44160020014BD878704700BFE5
:1051C8004416002000F03CBE104B70B51B78104D03
:1051D80013F0010369780F4806D02B7803EB4303DB
:1051E8001844FFF7EFFF70BDAA78EE7802EB42048F
:1051F8000444964204F10304EFD9013204F8023C56
:1052080004F8033C04F8013CD2B2F2E7441600204B
:105218007B0C00204C1600200E4B70B41B78DB076B
:1052280016D50D4C0D4EA378E57803EB43043444B2
:10523800AB4204F1030402D370BCFFF7C5BF0133CE
:1052480004F8020C04F8031C04F8012CDBB2EFE7A5
:1052580070BC7047441600207B0C00204C160020C0
:10526800094B07B51B78DB070AD501ABFFF71AFF17
:105278009DF806209DF804109DF80500FFF7CCFF67
:1052880003B05DF804FB00BF4416002010B50446C7
:10529800054B0279054958788A5C9978FFF7E0FF51
:1052A80023790133237110BD4416002041A600085C
:1052B80010B50446044B0079DA789978FFF7D0FFE7
:1052C80023790133237110BD4416002037B5164CDD
:1052D8000546207838B9FF2201AB1146FFF7E2FEF8
:1052E8009DF8053023702979012911D0022913D09E
:1052F800B1B90A462078FFF78FFF03222B790133D3
:10530800B3FBF2F202EB42029B1A2B7103B030BDE1
:10531800002221781046EEE7002022780146EAE7CD
:10532800002210461146E6E7960E00202DE9F04FC0
:10533800374C85B094F800E005461EF0010F0F4683
:105348001646019321D0DFF8D4C04FEA5E031CF85B
:1053580003C0DFF8CC800EF0FE0EBEF1020F88F815
:1053680000C015D103ABFFF79DFE9DF80E209DF8F8
:105378000C109DF80D00FFF74FFF019B6570A7709B
:10538800E67013B12068FFF7B4FE05B0BDE8F08FF2
:10539800BCF1020F01D1E678EFE7BCF1060F01D1AD
:1053A8006578EAE7BCF1090FFAD0BCF1190FE4D12E
:1053B800DFF870904FF00008CA46193B03F001026D
:1053C8000092144AC3F3460312F803B099F8042074
:1053D8005FFA88F39A4202D8FFF7F6FECDE703FB9F
:1053E8000BF0B0FBF2F0009AC0B27AB928449AF8F0
:1053F800022039461344084A03EB43031344C0B25E
:105408003246FFF74FFE08F10108DFE7281AEEE7FA
:105418004416002000A600084C16002016A6000816
:10542800980E00207B0C0020054910B44C780346E8
:105438000834CA78E0B2897810BCFFF777BF00BF9C
:10544800441600200120FFF7EFBF0000054910B403
:105458004C780346083CCA78E0B2897810BCFFF75C
:1054680065BF00BF441600200120FFF7EFBF000012
:1054780010B4064C0346A178E2781131FF2928BF01
:10548800FF216078C9B210BCFFF750BF4416002056
:105498000120FFF7EDBF000010B4064C0346A178C9
:1054A800E278113921EAE1716078C9B210BCFFF7DE
:1054B8003DBF00BF441600200120FFF7EDBF0000EC
:1054C80010B4064C0346E278A1781132FF2A28BFAF
:1054D800FF226078D2B210BCFFF728BF4416002024
:1054E8000120FFF7EDBF000010B4064C0346E27838
:1054F800A178113A22EAE2726078D2B210BCFFF7C2
:1055080015BF00BF441600200120FFF7EDBF0023A0
:10551800FFF70CBF2DE9F04104460025134EDFF8D4
:105528005480134F3179E8B281420DD8FFF74CFE11
:10553800A37813F0010F237914BF013303F1FF336C
:105548005BB22371BDE8F081FF22B2FBF1F2B378C0
:105558002179034402FB001003EB4303FA78B9787E
:105568004344C0B2FFF79EFD0135DBE77B0C00200A
:10557800441600204C1600202DE9F74F83784FF091
:10558800000913F0010F0CBF4FF0010B4FF0FF3B68
:10559800294E2A4D33795FFA89F843450CD8FFF72D
:1055A80013FEBBF1010F2B783FD103B93379013BCF
:1055B8002B7003B0BDE8F08F00242746B27820494D
:1055C800424402EB420253185C70DFF878A054544E
:1055D8005FFA8BF29C7000922A782244D1B252B2C0
:1055E800102A1BDD02F00F0242450ED19AF8031073
:1055F800C7F104024A439AF801009AF80210C2F36C
:1056080087020193FFF74EFD019B009A013714446E
:10561800042FE4B2E0D109F10109BBE7002ABFBFBA
:10562800054A1279521852B2DEE731790133B3FBD9
:10563800F1F201FB1233BBE77B0C0020970E002030
:105648004C1600204416002000212DE9F8432C4C6C
:105658002C4DA378E07803EB43022A44984202F1E8
:10566800030220D80027284EDFF8A090DFF8A48096
:105678002279F9B28A421FD8FFF7A6FD234D2448A4
:105688002A78017833780A4452B20B445BB2002A74
:1056980033702A7003DD2279013A934201DB4942D3
:1056A8000170BDE8F883013302F8021C02F8031CFC
:1056B80002F8011CDBB2D1E7B1FBF2F302FB1313D2
:1056C800A278134496F90020DBB291424FEA4302D4
:1056D80013440EDB99F9000081420ADC98F8032094
:1056E80098F8021098F801002B44FFF7DBFC01370B
:1056F800BEE70022E9184A70EA548A70F7E700BF4B
:105708007B0C00204C160020950E0020780C002001
:10571800790C0020441600202DE9F047552503791F
:10572800DFF8A08003FB03F25A43C3F1200303FB15
:1057380003F1554303FB0123B5FBF3F5EDB2292D26
:1057480085BFC5F1550404EB440405EB450404EB9F
:10575800D47494BF6FEA54046FEA640406460027C1
:10576800C146DFF864A0E4B298F80420FBB29A427C
:105778000BD8FFF729FD3379104ADBB901211170E5
:10578800127813443371BDE8F0879A0799F802201C
:105798000B49134458BFC5F1550003EB430348BFF9
:1057A80028462246897858BFC0B25344FFF77AFC8E
:1057B8000137D9E7202BE3D1FF21E0E77A0C00205D
:1057C800441600207B0C00204C1600202DE9F041E7
:1057D80004460025144FDFF85880144E3A79AA423F
:1057E80008DCFFF7F1FC2379013303F0010323718F
:1057F800BDE8F081BB78B5EB520F2B4403EB4303B4
:1058080094F804C07078B178434407DABCF1000F0B
:1058180007D0F278FFF746FC0135DFE7BCF1000F4F
:10582800F7D00022F6E700BF7B0C002044160020CA
:105838004C1600202DE9F74F8378002601930123A9
:10584800484D07790371484BF4B21B79A34204D839
:1058580003B0BDE8F04FFFF7B7BC019B4FEA840BDC
:10586800022B09D8414B0BEB040193F801C09B783C
:10587800681805F801C04370A7B90BEB04032B4463
:10588800DF709F70384B3A4A9B78013623445C445A
:10589800291903EB43031344285D8A784978FFF7F5
:1058A80001FCD0E70BEB040A05EB0A0999F80300A1
:1058B800DFF8B880E0B1013899F804C0C0B289F8BF
:1058C8000300C0EB0020B0FBFCF04FF0BB0C294BF1
:1058D800C0B2185C98F803102238C0B2C0EB0020A0
:1058E800B0FBFCF0C0B24843001289F80200C9E7D7
:1058F800FCF7C0FF98F803C04FEA5C0C0CF17F0E70
:105908004FF4017C0CFB0EFCCCF3072C6045B9DA94
:10591800019B022B15D9FCF7ADFF4FF0FF0C90FB54
:10592800FCFC844405F80AC0FCF7A4FF98F802C000
:105938004FEA5C0C90FBFCFE0EFB1C0EF44489F84D
:1059480001C000230BEB04002844837098F803304F
:10595800C82B28BFC823142B38BF14230371C37066
:1059680090E700BF450E00207B0C00204416002065
:105978004C16002041A6000808B5094B1A786FF3A9
:1059880000021A701868FFF7B4FB0022054B41F2B9
:1059980088305A7003F0B1F8BDE80840FFF714BC2E
:1059A80044160020980E002008B5084B41F28830B4
:1059B8001A786FF300021A700022054B5A7003F030
:1059C8009CF8BDE80840FFF7FFBB00BF4416002065
:1059D800980E002008B5084B0B221978074849088B
:1059E800FCF70AFE10B90122054B5A7002F054F96F
:1059F800044B188008BD00BF44160020800C00200E
:105A0800980E00203E0E002010B5164C2378DA07B9
:105A180026D5D8B9012262F34703237011B1206853
:105A2800FFF767FB21780B220F484908FCF7E4FDD4
:105A380098B100220D4B5A7001220D4BA178607865
:105A4800DA70E278BDE81040FFF761BD2A2801D975
:105A58002A22E0E760F34703DFE7FFF7BBFFEBE746
:105A680010BD00BF44160020800C0020980E0020B6
:105A78003E0E0020054B01461B785B0801332B2B9B
:105A880034BF18460120FFF7BFBF00BF44160020EF
:105A98000120FFF7EFBF0000064B01461B78C3F358
:105AA8004603013B13F0FF0314BF18462A20FFF7F3
:105AB800ABBF00BF441600200120FFF7EDBF012156
:105AC800FFF7A2BF034B187840F001001870400898
:105AD800FFF7F5BF44160020034B1B78DB0701D501
:105AE800FFF74ABFFFF7EEBF441600200021FFF77B
:105AF8008BBF000038B5124D2A78FAB901F084FF3F
:105B080018B902F003F8FFF709FBFFF7EFFA0D4C9D
:105B180010F0FE0F206004D1FFF700FBFFF7E6FA54
:105B28002060FFF7D3FA0022074B20785A70C3078A
:105B380002D54008FFF7DAFF01232B7038BD00BFFC
:105B4800440E002044160020980E0020034B1878BD
:105B580040F0010018704008FFF7C8BF4416002045
:105B6800344B2DE9F0415A78002A60D01A78324B2C
:105B7800324E1B78022AC2EB5303DBB2B3701AD140
:105B88002F4A304CD55CF3782BB10027F77002F020
:105B980083F8B780308002F07FF847F6FE723388CA
:105BA800C01A80B2904242D81D4435802346BDE8D1
:105BB800F04122481847062A03D1234A234CD55CD2
:105BC800E1E7092A04D1224A5B08D55C214CDAE7CF
:105BD8000F2A04D1204A5B08D55C204CD3E7152A4C
:105BE80003D11F4A1F4CD55CCDE7182A14D0232AAD
:105BF80003D11D4B1D4C1D88C5E7242A0FD0252A2B
:105C080011D10322B3FBF2F202EB42029B1A184AAB
:105C1800DBB2D55C174CB6E72825174CB3E74FF431
:105C2800FA75164CAFE74FF4FA65154CABE7BDE8CB
:105C3800F08100BF980E0020441600203E0E002080
:105C4800FCA500089552000808A60008B9520008EB
:105C58000BA600081D55000810A60008815500086D
:105C680005A60008515600080EA60008D5520008DF
:105C780013A600083D58000821570008D55700080A
:105C8800A350000800B11047084738B504460D4630
:105C9800FFF750FAA04206D3FFF74CFAA84202D207
:105CA800FFF7F6FE38BD2046BDE83840FFF707BFCE
:105CB80038B58C780546002C65D001F0C9FD45F64D
:105CC800D5439D4200F0220014D845F6C1439D42B9
:105CD80014D9A5F5B945433D122D11D8DFE805F0D3
:105CE80014191C1F2225282B2E3134383D404346D9
:105CF800494B4E0045F65D539D4241D0204638BD84
:105D0800FFF7EAFE0024F9E7204A2149FFF7BAFF26
:105D1800F8E71F4A1D49F9E71E4A1F49F6E71E4AD8
:105D28001C49F3E71D4A1E49F0E71D4A1B49EDE7E8
:105D38001C4A1D49EAE71C4A1A49E7E71B4A1C495D
:105D4800E4E71B4A1949E1E70120FFF7B8FED9E764
:105D580005210220FFF799FFD4E708210620F9E77B
:105D68000E210920F6E714210F20F3E7172115204B
:105D7800F0E71820E9E722211920EBE72320E4E7E0
:105D88002A212520E6E70124B8E700BFC15A000808
:105D9800995A0008715400084D540008C15400086D
:105DA8009954000811550008E95400088951000861
:105DB8006951000830B5072301254FF400411B4AFB
:105DC80005FA03F40442116118D0052400BF00BF8E
:105DD80000BF00BF00BF00BF013CF7D1516100BF49
:105DE80000BF00BF00BF00BF00BF00BF00BF00BFB3
:105DF80000BF00BF00BF013BE2D230BD00BF00BF03
:105E080000BF00BF00BF00BF00BF00BF00BF00BF92
:105E180000BF00BF0524516100BF00BF00BF00BF25
:105E280000BF00BF013CF7D1E5E700BF001001400B
:105E380006224FF40041014803F01ABD001001404A
:105E4800F8B5164E044633780D461BB9FFF7F0FF38
:105E580001233370202383F311880023DAB2AA4286
:105E680003F101070CD34FF4A86300BF00BF00BFC4
:105E780000BF00BF00BF013BF7D183F31188F8BD15
:105E880002EB4202A618A05CFFF794FF7078FFF7B8
:105E980091FFB078FFF78EFF3B46DFE79A0E0020B0
:105EA80008B5FEF7ADF808BD10B50B4C032240212C
:105EB800204603F0DDFC03228021204603F0D8FCB5
:105EC800A268A368C2F380129B0903F0020313437C
:105ED800024A137010BD00BF000C01409C0E002048
:105EE8001A4B10B59A689B68C2F380129B0903F09D
:105EF80002031343164A174C117843EA8103DBB2B5
:105F08001549137003F00F03CB5C21780B445BB287
:105F1800002B237018DD0021104A0846137801333E
:105F28001370FFF7BDFF012094F90030002B08DA49
:105F38000A4A012113780020013B1370FFF7B0FFD4
:105F480001200023237010BD0020EDE7000C014064
:105F58009C0E00209B0E002041A800089D0E0020EA
:105F6800232008B5FEF70AFF212801D0002008BD2C
:105F78002420FEF703FF0728F8D12520FEF7FEFEB0
:105F8800A0F1130358425841F1E710B5041E14BF9D
:105F98002121FF212320FEF7F9FE002C14BF072141
:105FA800FF212420FEF7F2FE002C18BF1321BDE8C4
:105FB800104008BFFF212520FEF7E8BE08B50020E5
:105FC800FFF7E3FFBDE8084001F014BD704708B5CE
:105FD8002620FEF7D3FE08BDC1B22620FEF7D6BEA6
:105FE80008B5FFF7F3FFFFF7BBFF50B9FFF7F4FF62
:105FF80000F04AF900F0D3F9BDE808400120FFF7A6
:10600800C4BF08BD10B58C78FCB1A0F5BE43123BE7
:106018000F2B24D81238C0B200F0CDF90024204646
:1060280010BD012001F0F2FA032202210120FEF73F
:106038004FF8F3E7012001F0F3FA032202210120CF
:10604800FEF746F8EBE70220F5E745F610739842AD
:10605800F0D045F611739842F5D00124DFE745F6F4
:1060680010739842DDD045F611739842D7D10220BB
:10607800D8E7FF230370704710B503780446803BC8
:10608800032B06D8DFE803F00206090CFFF794F8A3
:10609800607010BDFFF74EF8FAE7FFF775F8F7E7FD
:1060A800FFF77EF86070FFF781F8A070F1E738B568
:1060B80003780446803B032B28D8DFE803F0020E60
:1060C8001B20FFF76DF80546FFF770F80146627868
:1060D8002846BDE83840FFF71ABA4078FFF706FDB2
:1060E80063781BB9BDE83840FFF75EBCBDE83840AF
:1060F800FFF72CBD4078BDE83840FFF74BB88478EF
:106108004578FFF759F821460246E1E738BD38B52A
:10611800044610F8013B0D46013B122B00F2888023
:10612800DFE803F00A142D363C46494C4F86865268
:10613800565C656E71747D00002363700923A3703B
:1061480029462046BDE8384002F0C0B86378022BE3
:106158000DD0032BF4D0012B0CD101F07BFD030EE5
:10616800A370030CE370030A23716071E8E7FFF77B
:106178002EFFF4E729462046FFF77BFFE0E7637828
:10618800022BF7D1D4F8020000BAFFF725FFD7E7B2
:10619800E278A178607800F05AF8E4E72279637928
:1061A800A17843EA02236078E27800F05EF8C7E756
:1061B80000F06AF8C4E7FFF77AFFC1E7FFF75CFF72
:1061C800BEE7FEF7A5FFBBE700F0B8F86070B7E7D9
:1061D80000F0B6F8030A6370A070B1E76078A3789E
:1061E800E178221D43EA002000F0ADF8A8E76078C6
:1061F800A378E178221D43EA002000F0BBF89FE76E
:1062080000F0CDF89CE700F016F8DFE76078A37897
:10621800E178221D43EA002000F052F890E7607808
:10622800A378E178221D43EA002000F060F887E7B0
:10623800FF23237084E7012070473423520003FBB7
:1062480001214FF4367202FB00102730704738B531
:10625800FFF7F3FF0546FEF791FD0402681CFEF701
:106268008DFDA4B2204380B238BD38B51C46FFF777
:10627800E4FF0546210AFEF789FDE1B2681CBDE886
:106288003840FEF783BD00002DE9F04100240B4E95
:10629800374600255FFA84F8EAB24146002037F80D
:1062A800023B0135FFF7E1FF1A2DF5D101340E2C21
:1062B80006F13406ECD1BDE8F08100BFA4A10008C6
:1062C800F8B51446002700F127055618B44200D146
:1062D800F8BDA5F12703B3F5367F06DA2846FEF7A1
:1062E8004DFD207001350134F0E72770FAE7F8B565
:1062F8000E461746002500F12704B54200D1F8BD27
:10630800A4F12703B3F5367F03DA2046795DFEF75B
:106318003DFD01340135F0E782B0ADF8041050B905
:106328009DF805100D2906D89DF80420192A02D8D1
:1063380002B0FFF78CBF002002B0704710207047F2
:1063480040F201107047F8B51446002700F2FF2507
:106358005618B44200D1F8BDA5F2FF23B3F5807FEB
:1063680006DC2846FEF70AFD207001350134F0E707
:106378002770FAE7F8B50E461746002500F2FF2405
:10638800B54200D1F8BDA4F2FF23B3F5807F03DC4A
:106398002046795DFEF7FAFC01340135F0E710B5C7
:1063A80040F2FF24204600210134FEF7EFFCB4F54B
:1063B800806FF7D110BD0F28F7B5044620D840F2FA
:1063C800FF30FEF7DBFCD8B940F2FF25D4B901272E
:1063D80001942846FEF7D2FC6E1C8DF804008DF857
:1063E800054068B1431E022B17D88DF805003046CA
:1063F8008DF80470FEF7C2FC02358DF8060068B906
:1064080003B0F0BDB5F5806FFAD02846FEF7B6FCAC
:1064180008B9013CE4B20135D8E7354601A8FDF7D3
:1064280053FFD6E7F8B5144682781D469DF81870D4
:10643800284B92B11C7001F02FFC274B188004F1F7
:106448002003DBB2072B44D8012004F00704A04046
:10645800C0B2BDE8F84000F0B7BB1E78A6422ED106
:106468001D4B188801F01DFCC72828D8AE4205F13D
:10647800200415D006F12003DBB2072B06D8012033
:1064880006F00706B040C0B200F0A7FBE3B2072B46
:1064980006D8012005F007039840C0B200F094FB2D
:1064A8003846E4B200F08AFB072C12D8012005F028
:1064B8000705A840C0B2BDE8F84000F08EBB04F163
:1064C8002003DBB2072B04D8012004F00704A04006
:1064D800F0E7F8BD9E0E0020A00E002013B545F68B
:1064E800F64304469C4208460FD845F6F2439C42C0
:1064F80012D845F6D8439C421DD045F6D9439C4254
:106508003ED045F6D7439C420FD0807800283BD038
:1065180000221E4B1A701CE0A4F5B944743C022CEE
:106528000ED8DFE804F0181F260026230093E12385
:106538001A4621460AE027230093E523E522F8E7D7
:106548002623E022009345F6F341E123FFF76AFF93
:10655800002002B010BD2723E422009345F6F44141
:10656800E523F3E72623E222009345F6F541E123EC
:10657800ECE72723E622009345F6F641E523E5E715
:10658800282300930123D9E70120E2E79E0E00208B
:1065980038B505468878002800F0CF8045F61543C1
:1065A8009D4216D845F601439D4217D901F03CFAA1
:1065B80045F61543624C9D42208021D845F601439B
:1065C8009D420CD8208801F03BFA00F008FD00201D
:1065D80004E0A5F5B9437A3B082BE7D938BDA5F502
:1065E800B845033D122D1AD8DFE805F01E222633E0
:1065F800373B3F455155595D696D71757B978300F0
:10660800A5F5B9457A3DABB2082BDBD8082DD9D80A
:10661800DFE805F0161B4D51376B7A8D9100237812
:1066280043F001032370CDE7237843F00203F9E731
:10663800237843F00403F5E7237843F00803F1E7F0
:10664800637843F001036370BCE7637843F00203A7
:10665800F9E7237843F01003E4E7237843F02003B5
:10666800E0E7237843F04003DCE700F0B8FC237848
:1066780043F08003D6E7237823F00C0343F00C03A0
:10668800D0E7637823F0030343F00303DBE72378C1
:106698006FF30003C6E723786FF34103C2E723785B
:1066A8006FF38203BEE723786FF3C303BAE7637817
:1066B8006FF30003C7E763786FF34103C3E72378F9
:1066C8006FF30413AEE723786FF34513AAE7237833
:1066D8006FF38613A6E700F082FC23786FF3C713E5
:1066E800A0E7237823F00C039CE7637823F00303E7
:1066F800A9E72378C3F3800282F00102D2B262F3E1
:10670800820362F3C3038DE76378DA4302F0010280
:1067180062F3000362F3410395E700F060FC23781D
:10672800C3F3C01282F0010262F3C7137AE70120B3
:1067380001F0EEF946E70020FAE701204EE700BF36
:10674800D011002045F61643984210B50C461BD1CF
:1067580001F07EF8A2780D4B72B100F0AA00002873
:1067680015BF01220022352029201A7001F01EF8D9
:1067780001F0D0F8002010BD1B78002B14BF352085
:10678800292001F01BF8F3E70120F4E7A20E00200E
:10679800014B1860704700BFA40E0020024B186818
:1067A80008B1036818477047A40E0020024B1B6805
:1067B8000BB15B6818477047A40E0020034A1268A3
:1067C8001AB102210170936818477047A40E00207F
:1067D800054A1188814205D0044B10801B680BB113
:1067E800DB681847704700BFAA0E0020A40E0020DF
:1067F800054A1188814205D0044B10801B680BB1F3
:106808001B691847704700BFA80E0020A40E00207F
:1068180008B501F01FFA024B1860024B186008BD5A
:10682800B00E0020B40E002008B501F013FA024B98
:106838001860024B186008BDB00E0020AC0E002096
:106848007047704708B5FFF7FCFF08BD704708B5EB
:10685800FFF7FCFF08BD000008B5054801F060FA25
:10686800FEF736FAFFF7ECFFFFF7ECFF08BD00BFB5
:10687800F97900080120704708B5FFF7FBFF08BD4C
:106888007047704708B5FFF7FBFFFFF7FAFF08BD31
:1068980008B501F0DDF9FDF731FFFFF7A1FBFFF7C0
:1068A80029F9FFF701FBFFF7D2FF08BD2DE9F74FE4
:1068B800FDF754FF08B1FFF7ABFFDFF8E4A00024B1
:1068C8005746DFF8E0905FFA84F84046FDF7E4FEAB
:1068D8005AF8045B0646854246D099F800309B0773
:1068E80001D5FDF7DFFE85EA0602002301252A42CD
:1068F8005FFA83FB33D0FFF7BFFFA0B12E4214BF6E
:10690800012300238DF800B08DF802308DF8018046
:1069180001F0C2F940F00100ADF8040002AB13E940
:10692800030000F041F857F824305D4047F8245040
:10693800FFF716F9FFF7D4FA08B1FFF775FFFEF76E
:10694800F1F8FFF72BFF154C2378834222D0FFF78D
:1069580025FF207003B0BDE8F04FFDF7C3BC01333D
:106968001A2B4FEA4505C2D101340E2CABD14FF694
:10697800FF73ADF8003000238DF8023001F08CF978
:1069880040F00100ADF8040002AB13E9030000F089
:106998000BF8CDE703B0BDE8F08F00BFB80E0020BC
:1069A800BC0E00203B1000201FB56C4684E8030095
:1069B8009DF802300BB100F077FF0023ADF80E30E0
:1069C80094E8030004AB0290ADF80C1013E903003F
:1069D80004B0BDE8104000F063BD008800F0B6BE0A
:1069E80010B50446002876D0822813D1FFF7D6FECA
:1069F800810770D4392000F0D9FE00F08BFF42F2F5
:106A0800107002F07AF8392000F0D8FEBDE8104086
:106A180000F080BF83280ED1FFF7C0FEC2075AD40A
:106A2800532000F0C3FE00F075FF42F2107002F030
:106A380064F85320E8E784280ED1FFF7AFFE430738
:106A480049D4472000F0B2FE00F064FF42F2107013
:106A580002F053F84720D7E7031FDBB2A02B0ED86C
:106A68001D4B0146186801F065F820B1204600F07A
:106A7800A5FE00F04FFF204600F098FEC6E700F1A3
:106A88002003DBB2072B07D800F007040120A04041
:106A9800C0B200F0E3FEB9E700F15B03DBB2022B02
:106AA80005D8BDE81040243880B2FFF791BE00F148
:106AB8005803DBB2162B06D8BDE81040074A32F857
:106AC8001300FFF795BEEF2805D9FDF73BFFBDE89A
:106AD8001040FEF70BB810BD8C0C002052A800081F
:106AE80008B5002858D082280FD1FFF757FE810734
:106AF80052D5392000F05AFE00F00CFF392000F082
:106B08005DFEBDE8084000F005BF83280AD1FFF705
:106B180045FEC20740D5532000F048FE00F0FAFEBB
:106B28005320ECE784280AD1FFF738FE430733D512
:106B3800472000F03BFE00F0EDFE4720DFE7021F94
:106B4800D2B2A02ADBD900F12002D2B2072A07D894
:106B580000F0070301209840C0B200F087FED0E79C
:106B680000F15B02D2B2022A04D8BDE80840002036
:106B7800FFF72EBE00F15802D2B2162A04D8BDE89B
:106B880008400020FFF734BEEF2805D9FDF738FF8D
:106B9800BDE80840FDF7AABF08BD38B505460C4654
:106BA800FFF71EFF24B92846BDE83840FFF798BF15
:106BB8006420013C01F0A1FFA4B2F3E739280CBF1F
:106BC80050210021FFF7E9BF08B528B100F046FEC3
:106BD800BDE8084000F09EBE08BD08B528B100F029
:106BE80045FEBDE8084000F095BE08BD2DE9F04718
:106BF800867980460C46857800F0FEFD3609074602
:106C0800A0B12F4695B1C4F3072303F0F003402B3E
:106C180004D004F12003DBB2072B1AD9022000F0BC
:106C2800C9FE00F0E9FD80F00107FFB2C4F30339A3
:106C3800B9F10B0F3BD8DFE819F00E000E005E002B
:106C48005E00A200B9003A003A00C3001D012D0100
:106C58002D010027EAE7C4F30723C4F3032613F042
:106C6800F00F18BF3601E4B295B156B104F1200314
:106C7800DBB2072B304600D93CB900F0EFFD00F03D
:106C880049FE2046FFF7ACFE11E000F0FDFDF6E7F7
:106C98002046FFF725FF56B104F12003DBB2072B8E
:106CA800304600D924BB00F0E1FD00F033FEA9F125
:106CB8000809B9F1030F03D8FFF770FDFDF712FBC0
:106CC800002F00F03C8100F08FFD10F0010040F033
:106CD800368188F8020000F07FFD00F097FC4046FE
:106CE80000F040F900F078FDBDE8F04700F098BCEE
:106CF80000F0D2FDD9E7C4F3072303F0F003C4F38F
:106D0800032A202BE4B218BF4FEA0A1A24B1012C37
:106D180020D03DB30EB3B4E795B13EB900F0D0FD35
:106D280040EA0A00C0B2FFF74FFFC0E7012EF5D1D5
:106D380000F0C6FD40EA0A00C0B200F0CDFDB6E79B
:106D48002EB900F0DBFD5046FFF747FFAFE7012EF5
:106D5800ADD0F6E71DB1052EA9D85046E3E7042EBD
:106D6800A5D8F0E7002EEED0392C0CBF4FF4FA501E
:106D7800012001F0C2FE2046FFF7B2FE97E714F4A7
:106D8800406FC4F3812307D0012B90D165B1C4F3C0
:106D98000900FFF72DFD8AE725B1C4F30900FFF7C5
:106DA80017FD84E72846FAE72846F2E7E0B225B15E
:106DB800FDF7C8FDFDF79AFE79E7FDF721FEF9E733
:106DC80014F4407F26D1002D7FF471AFE20648BF4E
:106DD8000F25C4F342104FEA8000C0B244BF85407B
:106DE800ED4304F00F03C4F381248340022C45EAE9
:106DF800030009D0032C0AD0012C02D000F0DCFBE0
:106E080055E700F0D1FB52E700F0DEFB4FE700F05A
:106E1800C8FB4CE7C4F301220DB302F00103002BB9
:106E28003FF445AFC4F342108000C2B204F00F0033
:106E380000FA02F114F010001DBF0F2303FA02F04C
:106E4800C3430346C4F38124022C43EA01000BD058
:106E5800032C0CD0012C04D000F0FEFB27E75308CC
:106E6800DDE700F0F1FB22E700F0FEFB1FE700F092
:106E7800B9FB1CE7E6B2C4F3032425B1204600F0B1
:106E8800C5FB30464FE73046FFF7A7FE204600F027
:106E9800C7FB0CE75FFA84FAAAF1F003042B39D890
:106EA800DFE803F0030E151A23003DB1042E3FF668
:106EB800FEAEC4F3042000F0BDFBF8E6052EF6E7AD
:106EC800C4F30420002DE2D000F0A0FBEFE6C4F3E9
:106ED8000420002DF8D0DAE725B1C4F3042000F02F
:106EE80090FBE4E600F08AFBE1E64DB1C4F304242C
:106EF800204600F08BFB0321204600F037FDD6E644
:106F0800012000F057FD012E7FF6D1AE022000F0DF
:106F180051FDCCE62DB10EB15046B3E6C4F30420C2
:106F2800D2E74EB1BAF1390F0CBF4FF4FA50012035
:106F380001F0E3FD50461FE7C4F30420A7E7BDE8CE
:106F4800F08738B501880446807800F00BFC0546C8
:106F580000F092FB00F024FB29462046BDE83840AB
:106F6800FFF744BE13B5028883880446ADF80420B1
:106F7800CBB14FF6FF73BDF804209A4213D0FDF74A
:106F8800CCF850B900F038FC68B1A3785BB10220A6
:106F980002B0BDE8104000F00DBD2046FFF7D1FF5C
:106FA8002046FDF77DF802B010BD08B50020FFF7B8
:106FB8000FFC0020FFF71CFC00F076FC00F07AFCC8
:106FC80000F0A8FCFDF770FEBDE80840FDF78EBD97
:106FD80008B500F0FBFBBDE80840FFF7E6BF08B5C1
:106FE80000F04CFCBDE80840FFF7F2BF0346C3F3CE
:106FF8000332023AC0B20D2A1CD8DFE802F00707B4
:107008001B1B141B1B1B0707181B1B18F02813D06E
:1070180004D8E7288CBF002001207047F42814BF4B
:10702800002001207047E72806D9F128F7E7C3F3C5
:10703800C0207047002070470120704707B5ADF8A1
:107048000400019800F082FB03B05DF804EBFFF741
:10705800CDBF82B002AB03E9030002B0704782B033
:1070680002AB03E9030002B07047000070B5094B9A
:10707800094E1C78094D3378A34200D170BD05EB49
:10708800C40355F8340059680134FFF7E8FF04F0E9
:107098000704F0E73F0F00203E0F0020FE0E0020FF
:1070A800024B18685968FFF7DABF00BFF60E0020D8
:1070B800F0B50D4B0D4C1B7826780D4CB34201D121
:1070C8000020F0BD04EBC3056F788F4206D114F899
:1070D8003370874202D1AD78954203D1013303F072
:1070E8000703EBE70120ECE73F0F00203E0F0020ED
:1070F800FE0E0020214BF7B59A7912F0F00F0AD155
:107108009A7842B14FF6FF771D4A1E4E12781E4DEF
:107118003178914201D103B0F0BD19889888ADF853
:10712800041038B389B2B94224D005EBC20493F8ED
:1071380001C061788C451DD193F800C015F8321054
:107148008C4517D1A178A9B9A188091A89B2C7298C
:1071580010D801229979094862F307119971A37926
:1071680062F30713A371FFF7FDFE03B0BDE8F0401B
:10717800FFF77CBF013202F00702C9E7F60E0020D4
:107188003F0F00203E0F0020FE0E00202DE9F04F9B
:107198000546DFF80883006887B00290B8F8043025
:1071A800B8F80000464695F800906978AF78B5F8C9
:1071B80004B002AAADF81000002B00F0FF804FF6D3
:1071C800FF7C80B2604500F0F98098F802A0BAF11F
:1071D800000F00F0F380ABEB030398F806009BB2B6
:1071E800C72B00F0F00400F2BF80B8F80030ADF80B
:1071F8001030002C79D163453C4619D08DF80890A1
:107208008DF80910BDF808209A4211D187B90123D9
:1072180063F3071088F80600FFF742FF4046FFF7C0
:10722800A1FE98F80630AB71204607B0BDE8F08F94
:10723800BBF1000F21D04FF6FF738DF804908DF845
:107248000510BDF804209A420DD067B93A46484661
:10725800FFF72EFF38B19148FFF784FE376077605B
:10726800FFF71EFFE0E74FF6FF738DF810908DF8DB
:107278001110BDF810209A4202D18FBB0024D3E729
:1072880077BB3A464846FFF713FF04460028F5D176
:107298008DF808908DF80910029800F057FAC0F39D
:1072A8000332012AC3B209D90E3202F00F02012AB1
:1072B8000ED92846FFF756FE5446B5E710F4706F0E
:1072C80001D0002BB0D02033DBB2072BACD9F0E7CC
:1072D80010F4706FF7D0AA7912F0F00FF3D1A3E78A
:1072E800B37943F00103B371C8E7634515D08DF84E
:1072F80008908DF80910BDF808209A420DD167B999
:10730800A8712846FFF72EFE2B68C8F800306B6876
:10731800C8F80430FFF7C4FECEE78DF808908DF862
:1073280009100298FFF78AFED0B1CFB1B3791F2BAD
:107338000CD9328804A8ADF810200022ADF814B09A
:107348008DF812208DF81630FFF70CFE2B6833608D
:107358006B687360FFF7CEFEFFF7A2FE012463E7B8
:107368002846FFF7FFFDF9E79CB98DF80A70ADF8DC
:107378000CB08DF808908DF8091092E80300FFF71B
:1073880068FE4046FFF7EEFDC8F80040C8F8044024
:1073980066E78DF808908DF80910B8F80030BDF848
:1073A80008209A42B9D1002FB7D1A8712846FFF713
:1073B800D9FDC8F80070C8F804707DE73088ADF8CA
:1073C8001000002B51D084B24FF6FF7084424CD08D
:1073D800B478002C49D1ABEB03039BB2C72B35D84B
:1073E8003C46002FBCD08DF808908DF809103388E2
:1073F800BDF808209A421CD1B379DA0714D413F0E7
:10740800F00211D0F02AAB7106D0DBB2C3F303123D
:10741800013262F30713AB712846FFF7A3FD2B680F
:1074280033606B6873601BE72B6833606B6873604D
:10743800FAE60298FFF702FE002887D1B3792846BA
:1074480043F00103B371FFF78DFDEDE68DF80A7087
:10745800ADF80CB08DF808908DF8091092E803008B
:10746800FFF7F7FD34607460FAE6002F3FF478AF59
:107478008DF808908DF809100298FFF7DFFD044693
:1074880000283FF46DAF2B68044833606B68736065
:10749800FFF7A3FAFFF72EFEE2E600BFF60E002084
:1074A800F0B587B06D4685E803002846FFF76EFE05
:1074B8002E4F04462E4E88B1BDF80020BDF804308A
:1074C800ADF8102043B14FF6FF7392B29A4203D041
:1074D80095E80300FFF7C3FD264C41E004AB95E8AF
:1074E800030083E80300BDF80410BDF81020ADF8D0
:1074F8000C200029F0D01FFA82FC4FF6FF72944549
:107508003D783078E8D06A1C02F0070282420DD03C
:10751800184CADF8141004EBC50C03CB3A7044F8C2
:107528003500CCF80410FFF7A1FDD5E7FFF757FDAC
:10753800114B3C7034701C605C60CDE704EBC000FC
:10754800FFF724FE80B1337804EBC30254F833000C
:107558005168FFF784FD3378013303F00703337074
:1075680030783B788342E9D107B0F0BD3E0F002068
:107578003F0F0020FE0E0020F60E0020704708B5D1
:10758800FFF7FCFF08BD000008B5FFF7F8FF034B45
:107598001860BDE80840FFF708BD00BF400F002095
:1075A8007047FFF7F1BF0000024B1B681843FFF755
:1075B800EBBF00BF400F0020024B1B681840FFF7CD
:1075C800E3BF00BF400F0020024B1B685840FFF785
:1075D800DBBF00BF400F0020704708B5FFF7FCFF76
:1075E80008BD000008B5FFF7F8FF034B1860BDE8B9
:1075F8000840FFF7DABC00BF440F00200020FFF767
:10760800F1BF012303FA00F0FFF7ECBF0123034A9F
:10761800834010681843FFF7E5BF00BF440F002000
:107628000123034A8340106820EA0300FFF7DABF0A
:10763800440F00200123034A834010685840FFF795
:10764800D1BF00BF440F0020024B1B681843FFF74F
:10765800C9BF00BF440F0020024B1B681840FFF74A
:10766800C1BF00BF440F0020024B1B685840FFF702
:10767800B9BF00BF440F002070470000C0F30723C4
:1076880037B503EB430203EB82030122002400EB2E
:10769800430000F007039A40C0F3C400094B00EB15
:1076A8008000D2B21844057821FA04F343F30003AA
:1076B8006B40134001346B40052C00F8013BF2D1BC
:1076C80003B030BD480F0020C0F3072303EB43028B
:1076D80003EB8203002213B500EB43000A4900F0D4
:1076E8000704C0F3C40000EB80000144104611F801
:1076F800013BE34003F00103934001321843052A9C
:10770800C0B2F4D102B010BD480F002073B51F24D9
:107718000C4BADF804001E680B4B1B681E4326FA81
:1077280004F3DB07E5B205D4013CF8D2002528466E
:1077380002B070BD28460199FCF7DCFD80B2012833
:10774800F2D0F4E7440F0020400F002007B5ADF851
:1077580004000198FFF7DAFF019903B05DF804EB24
:10776800FCF7C8BD13B5104BADF804101B782BB14E
:10777800019802B0BDE81040FFF7E8BF70B101986A
:10778800FFF7C4FF044601460198FFF777FF20463C
:10779800019902B0BDE81040FCF7ACBD0198FFF7B5
:1077A80093FF0446F3E700BFF40E0020024B0146A6
:1077B800186800F0F4B900BF8C0C0020024B014699
:1077C800186800F0EEB900BF8C0C0020014B186857
:1077D80000F0E9B98C0C0020024B93F90000C0F3CB
:1077E800C700704737100020024B187800F00700D8
:1077F800704700BF37100020034B187810F00700BF
:1078080018BF0120704700BF37100020064A537880
:10781800C3F38001814205D060F38203537010885E
:1078280000F00EB9704700BFD0110020044B587803
:10783800C0F3800080F0010000F00100FFF7E6BF10
:10784800D01100200120FFF7E1BF0020FFF7DEBFC5
:10785800014B1878704700BF39100020024B1A7886
:1078680010431870704700BF39100020024A13787F
:1078780023EA000313707047391000200022014BDF
:107888001A70704739100020024B1A78104318708C
:10789800704700BF3A100020024A137823EA000319
:1078A800137070473A1000200022014B1A7070477D
:1078B8003A1000200022014B1A7070473610002041
:1078C800014B1878704700BF38100020704708B582
:1078D800FFF7FCFF08BD0000064A08B552785207BA
:1078E80006D4054A1178814202D01070FFF7EFFFE5
:1078F80008BD00BFD01100203810002008B5044B87
:107908001A781AB100201870FFF7E1FF08BD00BF10
:107918003810002010B50D4B0D491B7809780D4C17
:107928000B430D49206809780B430C49037009780B
:1079380031B10B43037000F0EFF808B1FFF7DEFF39
:107948002068BDE81040FEF731BF00BF39100020A5
:107958003A1000208C0C002036100020381000202F
:10796800704708B5FFF7FCFF08BD00000A4A10B5CC
:10797800527852070CD4094C41EAC0012170FFF734
:1079880045FE94F90000C0F3C700FFF7EAFF10BDF9
:10799800BDE81040FFF73ABED01100203710002094
:1079A800002008B5024B1870FFF7DBFF08BD00BFC9
:1079B8003710002008B50C4A92F9003023EA00007D
:1079C80040B21070420702D1DBB2834203D1074BA9
:1079D8005B785B0707D5C0F3C700FFF721FEBDE85A
:1079E8000840FFF7DDBF08BD37100020D011002088
:1079F8000020704708B5FDF771F9BDE808404FF65B
:107A0800FF710020FDF7E5B908B50020FDF7C1F9C1
:107A18004FF6EA63C31A5842584108BD0220FDF7E1
:107A2800ADB90320FDF7AAB910B50420FDF7A6F9F2
:107A380004462220FDF7A2F944EA002080B210BDD6
:107A480010B50446C1B20420FDF7A0F9210A22208E
:107A5800BDE81040FDF79AB901460F20FDF7E2B9DD
:107A680001461320FDF7DEB90020FFF7F9BF08B57E
:107A78000020FFF7F1FFFFF7F7FF08BD10B500245E
:107A8800FDF72CF94FF6EA610020FDF7A2F9002175
:107A98000220FDF77BF900210320FDF777F91A4B47
:107AA800214604201C60FDF771F921462220FDF7CC
:107AB8006DF921460520FDF769F921460620FDF7F5
:107AC80065F9FF210720FDF761F921460820FDF738
:107AD800A9F921460D20FDF759F921461820FDF78F
:107AE800A1F921461720FDF751F921461C20FDF781
:107AF80099F921462020FDF76CF921461820FDF759
:107B080091F9FFF7B4FF10BD400F0020FFF7B6BF93
:107B180001460E20FDF73AB9821C00F10803002047
:107B28009A4200D1704712F8011B0029F8D00130A1
:107B3800C0B2F5E70346084651B19A1C083312F85B
:107B4800011B814203D09A42F9D1002070470120DD
:107B580070474FF0FF32002330B5841C14F8015BE6
:107B68008D420ED0B2F1FF3F02D1002D08BF1A4658
:107B78000133DDB2062D5BB2F0D1531C01D01044A5
:107B8800817030BD002210B5831C083013F8014BFA
:107B98008C4208BF03F8012C8342F7D110BDFFF7D0
:107BA800D8BFFFF7EFBF0023C0F80230C38070478B
:107BB800704708B5FFF7FCFF08BD08B50020FCF7C3
:107BC80091FBFFF7F6FFBDE8084040F2A46000F023
:107BD80094BF7047704710B5FFF7FBFF0024FCF710
:107BE800BDFDFFF7F7FFE0B2FCF756FD18B9013409
:107BF8000E2CF8D110BD0120FCE7704708B5FFF73F
:107C0800FCFF08BD08B5FFF739FEFFF74DFEFFF78B
:107C1800DDFDFDF749F80020FEF7DAFD0020FEF74C
:107C2800E7FDFEF7BBFDFCF75DFBFFF7E7FF08BDCF
:107C3800202383F31188044B1A6A002383F31188E5
:107C4800024B1A60704700BF501700203C100020FC
:107C5800FFF7EEBF38B5202383F311880A4B196A62
:107C6800002383F311884FF47A700025074B084CE2
:107C78001B68084AC91AE0FB01450023204629462B
:107C8800FAF738FB38BD00BF501700203C10002021
:107C98009F860100A086010008B5FFF7DBFF80B2D0
:107CA80008BD10B50446FFF7D5FF001B80B210BD14
:107CB800074B084A1A60BFF34F8F0749074BCA683A
:107CC80002F4E0621343CB60BFF34F8F00BFFDE7C0
:107CD800FC4F0020EFBEADDE00ED00E00400FA0529
:107CE8000B4A08B552F8041C0A4B99420ED10023DE
:107CF80042F8043C83F314884FF000431B6883F375
:107D0800088862B6044B1B689847FEE708BD00BFA9
:107D180000500020EFBEADDE040000800020704758
:107D2800014B1860704700BF900C002010B5084A3E
:107D3800084C117824784B1C03F00F039C421DBF9C
:107D4800054C13706054002018BF012010BD00BFFF
:107D58008C1600208D1600207C160020704700002D
:107D680008B5202383F31188034800F05FFC002343
:107D780083F3118808BD00BF680D002038B5094C91
:107D88000D4610460021224640EA052042F8041F0D
:107D9800194600F00DFB20606068002818BF2046D7
:107DA80038BD00BF6011002090F87A10074A0229F8
:107DB800137807D103F0FB03012B05D15278044B4C
:107DC8001A707047024A1370704700BF9E11002056
:107DD8009411002038B5044605292DD8DFE801F0B4
:107DE800302C03302D37202383F311881F4D0121B8
:107DF8001F4A01F086F9042120461E4A01F081F944
:107E0800204695F8B41005F1440201F07AF995F886
:107E1800B510204605F1680201F073F995F8B6101F
:107E280021B1204605F18C0201F06BF9124800F0EF
:107E3800C6FB002383F3118838BD0420FFF776FFC3
:107E4800202383F311880C4800F096FBF1E72023E8
:107E580083F31188084800F0A7FB002383F31188F7
:107E6800BDE838400520FFF761BF00BF940C002033
:107E780080A80008A4A80008680D002070B5044672
:107E880006480D46C3680BB100F000FD2B4621469D
:107E9800BDE87040024A014800F0DEBC80110020B5
:107EA800AD7E000870B52023064683F31188037859
:107EB800042B03D0002383F3118870BD124C227861
:107EC800002AF7D0114B1B78002BF3D003899B07AE
:107ED80004D4082301210E4A01F065F940F2E73085
:107EE80000210C4B24784FF47A72A4FB0345201828
:107EF8004FF0000345EB0101FAF7FCF93146800029
:107F0800FFF7BCFFD6E700BF7C110020E80D00207A
:107F180095110020A0860100F8B590F87430044649
:107F280003F07F02212A40F0858013F0800F90F83B
:107F3800750021D0022819D003280ED0012879D144
:107F480094F878302BB94F4AA2660822E266236774
:107F5800F8BD0023C4E91A33F9E7B4F87830002BE8
:107F680068D10120484AE066A266F0E70120474B45
:107F7800E066A3660023EAE70A283AD00B280ED069
:107F8800092857D194F8783013F0FD0F52D1404B9F
:107F9800A3660223E3663F4B01202367D8E7B4F8C2
:107FA800785015BB94F87630374A003B18BF012348
:107FB8001370364B1A78C2B1202282F3118840F22E
:107FC800E73000211E78344B4FF47A72A6FB036722
:107FD80030184FF0000347EB0101FAF78BF92146FF
:107FE8008000FFF74BFF85F311880023C4E91A339B
:107FF800D2E794F87720254B1A70002AF5D0202272
:1080080082F3118840F2E73000211E78224B4FF4AA
:108018007A72A6FB036730184FF0000347EB0101A3
:10802800FAF768F921468000FFF728FF002383F359
:108038001188DAE740F28163B4F874209A4216D1C5
:1080480094F87920616894F878304D6843EA0223FF
:10805800204694F8762094F87710A84708B90020AD
:1080680076E74368A3660368E366002394E70B4B4F
:1080780093F8B630002BF2D02046BDE8F84000F067
:10808800B5BA00BF95110020E80D00207C11002032
:108098009E110020B17D0008A0860100940C0020EC
:1080A80070470000102208B500210448FAF760FB69
:1080B8000023034A1370034A137008BD7C1600207E
:1080C8008C1600208D160020F8B50C4C0C4E254659
:1080D8000021307823780B4F984202D101B12870E3
:1080E800F8BD1A46BA5C0133052A4FF0010103F0C6
:1080F8000F03F1D12B70FFF785FDE9E78D160020FE
:108108008C1600207C16002070B5194C054604F129
:108118000802A26504F11C02C4F8802004F13002B0
:10812800C4F8A02004F1B006D4343146204600F04B
:10813800E1F931464FF4805620460E4C00F004FA1F
:1081480006224FF48051204601F092FB0A486661EE
:1081580000F0D3FC2846094900F093FF022231467B
:10816800204601F085FB0022054BDA6070BD00BF98
:10817800940C002000080140F0490200C8A800083B
:108188008011002070B505464FF480560A4C00F067
:108198008EFF062220464FF4805101F069FB2846E5
:1081A8000649666100F06DFF31462046BDE8704023
:1081B800022201F05DBB00BF00080140C8A800080A
:1081C800014B1878704700BF9411002038B5044659
:1081D800202383F31188104D2B78042B0DD12B8984
:1081E8009B070ED40823224601210B4800F0DBFF31
:1081F80023680A4A136063685360002383F3118875
:1082080038BD2B694FF0FF3158690C3000F082FC03
:108218002B78042BE6D0F0E7B81700209511002042
:1082280010B52023044683F311880D4B1A78042ACD
:1082380003D0002383F3118810BD1A89D20608D50C
:10824800DB694FF47A7158690C3000F063FC013037
:10825800EFD0062322460421014800F0A4FFE8E7F6
:10826800B817002007B52023024683F31188094870
:108278000178042905D0002383F3118803B05DF841
:1082880004FB0323ADF8052001AA8DF8043000F0A3
:108298008AFFF0E7B817002007B50346202282F3CB
:1082A800118809480178042905D0002383F311882F
:1082B80003B05DF804FBADF8053001AA03238DF87F
:1082C800041000F070FFF0E7B817002020290346DB
:1082D8000A4610B407D1054850F8D41F4C6819460F
:1082E800234610BC184710BC704700BF940C0020F0
:1082F80010B5084888B050F8D43F20221C6A694657
:108308000023A04718B1C1B26846FDF700FF08B0C6
:1083180010BD00BF940C002070477047704708B527
:10832800FFF7FAFF01F03BFEFFF7F7FF08BD08B5BE
:1083380001F03CFEFFF7F2FF08BD000038B500F081
:10834800A1FC00F057FAFEF787FAFFF7ABFE1648D4
:10835800FFF7DAFE144D41F2883000F0CEFBFEF74D
:1083680097FA1248FEF714FA2C46FFF7ADFE2B7861
:10837800052B11D0FEF79AFAFFF7BAFFFEF782FA3B
:10838800F3E7FFF71AFCFFF726FC28B1204600F0B8
:108398001DFF2046FFF7F6FE2378052BF1D0FFF7E7
:1083A800B9FAFCF7A3FBE5E7B8170020EC0D0020AD
:1083B80010B5040A032C0FD007D8012C23D0022CA7
:1083C80007D15B20114B136010BD212C0DD0222C3E
:1083D80012D000200346F6E7C0B20228F9D80C4BA9
:1083E8000C4953F82030405CEDE70229F1D80A4BDC
:1083F800092053F82130E6E70229EAD8074B084854
:1084080053F82130EFE71220064BDCE703A90008F8
:10841800D8A80008E4A80008E8A80008F4A80008FC
:1084280000A900085EA9000813B5446BE36F1A6839
:108438001178042915D1217A022912D11979012339
:1084480012898B4013420CD101A904F1440000F0B9
:108458001FFD024628B1E06F019B0179006800F01A
:10846800A2FE02B010BD0C3000F0A4BC4FF0FF33E8
:108478000C3000F09FBC443000F072BD4FF0FF3369
:10848800443000F06DBD0C3000F077BC4FF0FF3188
:108498000C3000F072BC443000F042BD4FF0FF32A7
:1084A800443000F03DBD38B5C36F05461A681178F1
:1084B800042901D0012038BD017A0229FAD118799E
:1084C80001238340508913EA0004F3D105F10C001D
:1084D80000F00EFC02460028ECD0E86FAB6A417948
:1084E800043B006800F04DFE2046E4E7406BFFF7D0
:1084F800DABF00007FB5034601260D4604460F4A41
:1085080043F8042B43600E4B067202900193CB682C
:108518000C3000934B690A6A314600F0C7FB094BDF
:1085280031460193AB68EA69009302942B6904F120
:10853800440000F08AFC04B070BD00BF84AA0008A3
:10854800F58400083184000820220B6882F3118822
:108558000A7903EB820290624A79113243F82200C9
:108568008A7912B103EB820398620223C16703720E
:10857800002383F31188704738B50446012502218A
:10858800043000F01CFB04F10C006FF001012575AC
:1085980000F0F3FA84F84C5004F144006FF0010144
:1085A800BDE8384000F0E9BA10B5012104460430AE
:1085B80000F005FB0023237584F84C3010BD38B556
:1085C800044600250C3000F088FB04F144002575B2
:1085D80000F052FC201D84F84C50012100F0EFFA05
:1085E8002046BDE83840FFF75EBF000090F87420D1
:1085F800034602F06002202A14D190F8752000206A
:10860800212A02D81F2A03D87047222A07D0704788
:10861800054A9A660722DA66186701207047C3E997
:108628001A00F9E700207047000E002073B5C36FE9
:1086380004461A681178042927D1017A022924D11D
:108648001979012315898B401D401ED100F144067C
:10865800304600F0CDFCC0B1304601A900F018FC4E
:10866800E36F06461A7E4AB101981A692946121A1A
:108678003044FAF77DF8E36F1B690193E06F3246E7
:108688000179019B006800F08EFD02B070BD00EB1F
:1086980081032DE9F3419E6A04460D46FEB120236D
:1086A80083F311880821301D04EB850700F087FA51
:1086B800FB6806F144085B691B6813B1404600F08B
:1086C800F4FB404601A900F0E3FB024650B1019BD0
:1086D8002946204600F067FD002383F3118802B085
:1086E800BDE8F081FB685A691268002AF4D01B8A39
:1086F800013B1342F0D1F36F1B7E002BECD104F148
:108708007402E5E7113110B550F82140C4B12023B7
:1087180083F311880421601800F051FAE26F04F124
:108728000C001368527903EB8203DB689B69596874
:1087380000F0E8FA2046FFF7B6FE002383F311881D
:1087480010BD7047024B034A1A60034A5A607047CB
:10875800901600204818002000500020094B30B522
:108768001C684D1E224449422A440A405968104454
:10877800814204D3844202D81860104630BD0022DA
:10878800FBE700BF9016002008B5202383F311886B
:10879800FFF7E4FF002383F3118808BD7047704793
:1087A800FEE70000F0B5082000261049D1E90134A1
:1087B8001D460A68043AAC4210D8E21CD21ADD1EE3
:1087C80022F00302AC4238BF00221344CA689A421E
:1087D80009D8013801F11001E8D1F0BD52F8047F41
:1087E80045F8047BE7E743F8046BF0E7ACAA000818
:1087F80030BFFDE710B50D4C00F07CF800F01EF816
:10880800FFF7A0FF80220A49204600F030F9012333
:1088180044F8180C037400F0EFF9002383F311886F
:1088280062B6BDE81040034800F04AB97817002046
:108838002CAB000838AB000800F03AB8054B03F140
:108848001402C3E905224FF0FF32DA6100221A62EE
:10885800704700BF5017002010B5C0E903230A4A2B
:1088680053699C688C420CD35C6803604460206048
:10887800586081609868411A99604FF0FF33D3615E
:1088880010BD1B68091BECE75017002003688168BE
:108898009A680A449A604268136003685A60002321
:1088A8004FF0FF32C360014BDA6170475017002068
:1088B800F8B50F4C226A01322262224652F8141F80
:1088C8009142154606D020268B68013B8B60636970
:1088D8009A6802B1F8BD1968DF68DA604D606161B5
:1088E80082F311881869B84786F31188EFE700BF4B
:1088F800501700200022024BC3E900339A607047EA
:1089080050170020002382680374054B1B68996880
:108918009142FBD25A680360426010605860704709
:108928005017002008B5202383F31188027C002308
:10893800052A06D8DFE802F00B050503120E426986
:1089480013604FF0FF334361FFF7DCFF002383F32D
:10895800118808BD4269936801339360D0E90032F9
:1089680013605A60EDE70000002382680374054B2A
:108978001B6899689142FBD85A680360426010608E
:108988005860704750170020054B1969087418681B
:10899800026853601A60186101230374F9F794BCE4
:1089A8005017002030B54B1C04460B4D87B010D033
:1089B8002B690A4A01A8FFF74FFF2046FFF7E4FF9B
:1089C800049B13B101A8FFF761FF2B69586907B031
:1089D80030BDFFF7D9FFF8E7501700202D890008B0
:1089E80038B50C4D41612B6981689A6804469142FB
:1089F80003D8BDE83840FFF785BF1846FFF7B4FF36
:108A080001232C61014623742046BDE83840F9F75C
:108A18005BBC00BF50170020044B1A681B699068A4
:108A28009B68984294BF002001207047501700208F
:108A380010B5084C236820691A6854602260012226
:108A480023611A74FFF790FF01462069BDE81040C2
:108A5800F9F73ABC5017002008B5FFF7DDFF18B149
:108A6800BDE80840FFF7E4BF08BDFFF7E1BF0221FA
:108A78008260026200220182C0E90622704700007B
:108A88008368C168A3F14C0243F81C2C026943F8BF
:108A98004C2C426943F8201C43F8482C074AA3F1A0
:108AA800280043F82C2C022203F8182C002243E952
:108AB800032103F8172C43F8102C7047E122000813
:108AC80010B5202383F31188FFF7DAFF002104464D
:108AD800FFF786FF002383F31188204610BD0000AE
:108AE800024B1B6958610F20FFF74EBF501700203B
:108AF800202383F31188FFF7F3BF08B5014620232D
:108B080083F311880820FFF74DFF002383F31188B2
:108B180008BD0000054B1B6921B1036058610320A3
:108B2800FFF740BF4FF0FF30704700BF50170020DD
:108B38000346006820B100221A604161FFF7E2BED7
:108B48007047000049B1064B42681B6918605A60BB
:108B5800136043600420FFF725BF4FF0FF307047D4
:108B68005017002003460068834205D002681A6047
:108B780053604161FFF7C6BE704738B504460D46DD
:108B88002068844200D138BD036823605C60456179
:108B9800FFF7B8FEF4E783691943037C81610A2B68
:108BA80003D14369194205D170470B2B06D143699C
:108BB8008B4303D100234361FFF7A4BE704770B510
:108BC80006460D460468B44200D170BDE3682B43E5
:108BD800E36015B123691D4203D0D4E90101FFF711
:108BE800DAFF2468EFE7EFF30983203383F309887A
:108BF800002383F311887047202080F3118862B620
:108C08000B4B0C4AD96821F4E0610904090C0A43AA
:108C18000949DA60CA6842F08072CA6007490A687E
:108C280042F001020A601022DA7783F822007047C6
:108C380000ED00E00003FA05F0ED00E0001000E0B0
:108C4800202310B583F311880B4B5B6813F4006382
:108C58000FD0EFF309844FF08073203CE36184F375
:108C68000988FFF7D9FE10B1044BA36110BD044B6E
:108C7800FBE783F31188F9E700ED00E0F322000831
:108C8800F622000808B500F05FFD064800F0BAFDBE
:108C980000F0CCF900F0E4F9FFF749FBBDE8084023
:108CA80000F002B88CAB000800F014BE017200217D
:108CB80030B5039C043304FB0325C0E90653049B29
:108CC800C0E900000363059BC0E90422C0E908422B
:108CD800C0E90A11C160436330BD0022416AC0E99E
:108CE8000A22C0E90411C2606FF00101FFF745BF15
:108CF800D0E90432934201D1C2680AB9181D7047FD
:108D08000020704703691960C26800210132C260FF
:108D1800C269134482690361934224BF436A0361B1
:108D2800FFF720BF38B504460D46E3683BB16269DA
:108D38000020131D1268A3621344E36207E0237A3C
:108D480033B929462046FFF7FDFE0028EDDA38BD85
:108D58006FF00100FBE7C368C269013BC360436968
:108D6800134482694361934224BF436A43610023E9
:108D78008362036B03B11847704770B5202304461C
:108D880083F31188866A3EB9FFF7CCFF054618B110
:108D980086F31188284670BDA36AE26A13F8015B5E
:108DA8009342A36202D32046FFF7D5FF002383F343
:108DB8001188EFE72DE9F84F04460E46904699468C
:108DC800202787F311880025AA46D4F828B0BBF1DC
:108DD800000F09D149462046FFF7A4FF20B18BF3C5
:108DE80011882846BDE8F88FA8EB050BD4E90A12CC
:108DF800521A934528BF9346BBF1400F1BD93346FF
:108E080001F1400251F8040B914243F8040BF9D1E7
:108E1800A36A40364033A3624035D4E90A239A4214
:108E280002D32046FFF797FF8AF311884545D8D229
:108E380087F31188C9E730465A46F9F723FCA36A35
:108E48005E445B44A3625D44E7E710B5029C0433CB
:108E5800017204FB0321C0E906130023C0E90A33A9
:108E6800039BC0E900000363049BC0E90422C0E936
:108E78000842C460436310BD026A6FF00101C2601A
:108E8800426AC0E904220022C0E90A22FFF775BE3F
:108E98000346D0E90420824201D1DB681BB950F8AF
:108EA800043B0B60704700207047C368C2690133F8
:108EB800C36043690021134482694361934224BF1C
:108EC800436A4361FFF74EBE38B504460D46E36872
:108ED8003BB1236900201A1DA262E2691344E362D0
:108EE80007E0237A33B929462046FFF72BFE0028EE
:108EF800EDDA38BD6FF00100FBE703691960C2685D
:108F0800013AC260C269134482690361934224BF73
:108F1800436A036100238362036B03B118477047F8
:108F280070B520230D460446114683F31188866ADE
:108F38002EB9FFF7C9FF10B186F3118870BDA36A77
:108F48001D70A36AE26A01339342A36204D3E16904
:108F580020460439FFF7D1FF002080F31188EDE7A0
:108F68002DE9F84F04460D4691469A464FF02008E1
:108F780088F311880026B346A76A4FB951462046A0
:108F8800FFF7A2FF20B187F311883046BDE8F88FBC
:108F9800D4E90A073A1AA9EB0607974228BF1746E9
:108FA800402F1BD905F1400355F8042B9D4240F88A
:108FB800042BF9D1A36A40364033A362D4E90A23CB
:108FC8009A4204D3E16920460439FFF796FF8BF3F0
:108FD80011884E45D9D288F31188CDE729463A46FB
:108FE800F9F750FBA36A3D443B44A3623E44E5E7DE
:108FF800D0E904218A42034616D1C068A8B1986A0C
:1090080098B10438801A10D01060D968012001394D
:10901800D960D9690A4499691A618A4224BF5A6A8F
:109028001A6100229A6270470020704700F072BCF3
:109038000123037000234360C3600374704710B5B5
:10904800044690F8763080F87E3000F007FE6368BA
:109058001B6813B10121204698470323237010BDD4
:1090680000F0DABD01230370002300F12C024360F5
:1090780000F1480142F8043B8A429361FAD18360C7
:10908800704738B50446202383F3118800254160D2
:10909800C0E90355C0E90555C0E90755C0E90955B8
:1090A80000F078FE0223237085F3118838BD70B56F
:1090B8002023044683F3118800F0B4FD25460026DA
:1090C8000123666005F80C3B2C3455F8043B7BB152
:1090D800586920B16FF001010C30FFF729FD55F8F0
:1090E800043C986920B16FF001010C30FFF720FDB6
:1090F800A54245F8046CE8D1FFF7AEFC86F3118869
:1091080070BD70B500EB8103054650690E461446E4
:10911800DA6018B114220021F9F72AFBA06918B106
:1091280014220021F9F724FB31462846BDE8704097
:1091380000F09EBDF8B504460027836800F11005CD
:1091480003F00113836000F12C0655F8043B7BB152
:10915800586920B16FF001010C30FFF7E9FC55F8B0
:10916800043C986920B16FF001010C30FFF7E0FC76
:10917800B54245F8047CE8D12046BDE8F84000F047
:109188002FBEF0B4012500EB8104E4684789A46987
:109198008D403D43458123600023A2606360E36006
:1091A800F0BC00F067BEF0B4012500EB8104E46870
:1091B800078964698D403D43058123600023A260CF
:1091C8006360E360F0BC00F077BE000010B5037880
:1091D800052B0BD1064CC820236C43F010032364E5
:1091E800FFF78BFC236C23F01003236410BD00BF32
:1091F800005C00402DE9F0410223002504464FF0B1
:1092080020080370C567856000F10C0600F12C0783
:1092180056F8043BABB188F3118856F8043C5869FA
:1092280020B16FF001010C30FFF782FC56F8043CC6
:10923800986920B16FF001010C30FFF779FC85F3D4
:109248001188BE4246F8045CE2D1204684F8645096
:1092580000F084FD63681B6823B12046BDE8F04137
:1092680000211847BDE8F081F8B50378044680F876
:1092780080300523037043681B680BB104219847AD
:1092880000262027A66004F10C052C3455F8043B71
:10929800ABB187F3118855F8043C586920B16FF0D9
:1092A80001010C30FFF744FC55F8043C986920B1E3
:1092B8006FF001010C30FFF73BFC86F31188A542E3
:1092C800E4D1F8BD90F88020436802701B680BB1A8
:1092D800052118477047000070B590F864300446BF
:1092E80013B1002380F86430204604F1740200F0C2
:1092F800A7FD63689B68B3B994F8743013F06005F0
:1093080039D00021204600F00BFE0021204600F055
:10931800F5FD63681B6813B10621204698470623AC
:1093280084F8643070BD204698470028E4D094F84B
:109338007B2094F87A3043EA0223E26E9A4288BF8F
:10934800E36694F97430E56E002B4FF0200380F249
:10935800F580002D00F0E480092284F8642083F36E
:1093680011880021D4E91A232046FFF71CFF0023A7
:1093780083F31188D6E794F8752003F07F0343EA56
:10938800022340F20232934200F0B78021D8B3F5AD
:10939800807F4DD00DD8012B44D0022B00F0858062
:1093A800002BAED104F17C02A2660222E26623679A
:1093B800BDE7B3F5817F00F08D80B3F5407FA0D184
:1093C80094F87630012B9CD1B4F87C3043F002033A
:1093D80037E0B3F5006F3ED01CD8B3F5A06F36D098
:1093E800A3F5C063012B8CD894F87920616894F8B0
:1093F80078304E6843EA0223204694F8762094F8A1
:109408007710B04700283FF47CAF4368A366036831
:10941800E3661AE0B3F5106F22D040F60242934299
:109428007FF46FAF524BA3660223E3660023BEE7C7
:1094380094F87630012B7FF464AFB4F87C3023F0D5
:109448000203C4E91A55A4F87C3025676FE7C4E91C
:109458001A55484BABE704F17F03A3660123D7E70E
:109468002378042B10D1202383F311882046FFF79B
:1094780061FE85F311880321636884F87F502170A9
:109488001B680BB12046984794F876304BB184F8A6
:109498007F300423237063681B6813B102212046C0
:1094A80098470023C4E91A3381E794F878302046B6
:1094B8001D0603F00F010AD500F0B4FC012804D002
:1094C80002287FF41EAF2C4BADE72C4BABE700F026
:1094D8009BFCF3E794F87630002B7FF412AF94F8F6
:1094E800783013F00F01DCD01A06204602D500F0C0
:1094F8003FFDD6E700F026FDD3E794F87630002B41
:109508007FF4FFAE94F8783013F00F01C9D01B0632
:10951800204602D500F004FDC3E700F0EFFCC0E7E9
:10952800142284F8642083F311882B462A4629469E
:109538002046FFF726FE85F31188F3E65DB1152274
:1095480084F8642083F311880021D4E91A23204683
:10955800FFF717FE0BE70B2284F8642083F31188CA
:109568002B462A4629462046FFF71DFEE3E700BFA3
:1095780054AB00084790000850AB000852AB0008F5
:1095880038B590F864300446002B42D0063BDAB276
:109598000F2A38D80F2B36D8DFE803F03B353508CB
:1095A800263635353535353535353B3B90F87B1026
:1095B80090F87A20C36E42EA0122934214D2C2681C
:1095C800128AB3FBF2F502FB15356DB9202383F33C
:1095D80011882B462A462946FFF7E5FD85F31188B1
:1095E8000A2384F864300EE0142384F864302023BE
:1095F80083F31188002320461A461946FFF7C1FD58
:10960800002383F3118838BD036F03B19847002303
:10961800E7E70021204600F083FC0021204600F007
:109628006DFC63681B6813B1062120469847062322
:10963800D7E710B590F864300446142B29D017D812
:10964800062B05D001D81BB110BD093B022BFBD856
:109658000021204600F064FC0021204600F04EFC6A
:1096680063681B6813B1062120469847062319E052
:10967800152BE9D10B2380F86430202383F311885C
:1096880000231A461946FFF78EFD002383F311883D
:10969800DAE7C3689B695B68002BD5D1036F03B118
:1096A8009847002384F86430CEE70122090100F1CD
:1096B800604303F56143C9B283F8001300F01F0348
:1096C8009A4043099B0003F1604303F56143C3F8E3
:1096D80080211A6070470000012100F01F03420931
:1096E8009940044B203243F822101844002380F894
:1096F8000033704700E100E0090100F16040C9B2A1
:1097080000F56D4001767047062108B50846FFF759
:10971800CCFF06210720FFF7C8FF06210820FFF726
:10972800C4FF06210920FFF7C0FF06210A20FFF722
:10973800BCFF06211720FFF7B8FFBDE80840062147
:109748002820FFF7B2BF00004FF0FF310E4B1A6917
:1097580019611A6900221A611869D868D960D9682C
:10976800DA60DA68DA6942F08052DA61DA69DA696D
:1097780042F00062DA61054ADB69136843F48073DA
:109788001360FFF7C1BF00BF001002400070004027
:10979800194B1A6842F001021A601A689007FCD542
:1097A8001A6802F0F9021A6000225A605A6812F028
:1097B8000C0FFBD11A6842F480321A601A689103C0
:1097C800FCD55A6842F4E8125A601A6842F080726E
:1097D8001A601A689201FCD51221084A5A60084A90
:1097E80011605A6842F002025A605A6802F00C028C
:1097F800082AFAD1704700BF0010024000641D001B
:1098080000200240184B9A6942F07D029A619B69D8
:109818000268164BDA6082685A6042681A60C26849
:1098280003F58063DA6042695A6002691A608269E6
:10983800C3F80C24026AC3F80424C269C3F80024DC
:10984800426AC3F80C28C26AC3F80428826AC3F8BB
:109858000028026BC3F80C2C826BC3F8042C426BF3
:10986800C3F8002C704700BF0010024000080140F8
:10987800032AF0B528D10161154B9F5C002308220B
:109888001D461C461E4611F0800F4FEA04144FEA8D
:1098980003134FEA06164FEA05150CBF44F00F04F0
:1098A8003B4311F4004F0CBF46F00F063D43013A0D
:1098B8004FEA4101E7D1426832402A4342600268D8
:1098C800224013430360F0BD042A08BF4161D3E777
:1098D80056AB000840F2CF22044B08215A60002200
:1098E8009A6007220B201A60FFF706BF10E000E01D
:1098F80008B5202383F31188FEF79EFF002383F326
:10990800118808BD08B5FFF7F3FFBDE80840FFF769
:1099180097B9000010B5054C2046FFF789FB0423D2
:1099280023744FF08043A36110BD00BF9C17002033
:10993800836970B51A69DD6804461540EAB2D243F6
:10994800AE071A6103D543681B6903B198476807D6
:1099580004D563689B690BB120469847290704D54D
:1099680063681B6A0BB120469847EA0604D563680A
:109978009B6A0BB120469847EB0706D563689B683E
:109988001BB12046BDE87040184770BD08B50348B4
:10999800FFF7CEFFBDE80840FFF752B99C1700203B
:1099A8000D4B10B51B6D040103F1804303F5C04353
:1099B80003EB0010E358114403F1005303F540533F
:1099C8005B004260002AA1EB020000DC10BD0088A9
:1099D800023A43F8040BF5E7005C00402DE9F84F24
:1099E8008A4D6C6C670505D56FF4806388486B6495
:1099F800FFF700FC260509D52B6C854843F00803C2
:109A08002B646FF400636B64FFF72EFCE0040DD544
:109A18007E4DAB6C190406D42B6C7D4823F00803EB
:109A28002B64FFF74FFC6FF480536B64A20508D5D5
:109A380077484368DB6803B198476FF40072734B4B
:109A48005A64734D734E230403D4BDE8F84FFFF7EF
:109A5800F7B804F00F04A70007F1804707F5B847E7
:109A6800D7F800A004F1020905EB89031AF0800F6A
:109A7800D3F8048025D03A68D8F81430324042F43C
:109A880000423A6019695A6818680A44801A5A608C
:109A98002ED0B8F81020824228BF024698681A6172
:109AA800014499602046FFF77BFF3B6823F4F043AD
:109AB80023F0400383F0300343F4004343F0800372
:109AC8003B601AF4004F10D03B681AF4006F03EAA9
:109AD800060343F080033B60E1B225D005EB89091A
:109AE800D9F8043028465B689847484B5C6CAAE76D
:109AF800012303FA04F22B8923EA02032B81D8F805
:109B0800083013B1214628469847202383F311884B
:109B180005EB89035B68002158690C30FFF708F8EA
:109B2800002383F31188CCE7D8F81820374BD2F8F4
:109B380008C01B6DE14603F1804303F5C04303EB06
:109B480004108368D0F80CE003F10053CEF3090049
:109B5800CEF3480E03F540534FEA8E0A0AEB430A48
:109B68005B00534509F1020939D16FF0010909FB7E
:109B78000E09B9F1000F02D01B680CF81E3093686B
:109B88000344936053680344536013681B1A1360BB
:109B9800138A013B9BB21382B8F81220824200D884
:109BA80033BB012303FA04F26B89023423EA02036C
:109BB8006B8105EB84035B68DB680BB1284698472B
:109BC800202383F3118805EB84046368986941684E
:109BD8000C30FEF7ADFF002383F3118885E753F8B7
:109BE80004BB09F802BC4FEA1B2B09F801BCB8E713
:109BF8003B6823F4904323F0700383F4405343F409
:109C0800004343F080033B606FE700BF005C004007
:109C1800B81700200F07FFFF0148FFF723BA00BF5E
:109C2800B817002008B50378012B12D0094B9842C9
:109C38000FD11320FFF750FD1420FFF74DFD03222D
:109C4800054B1A6403F5DA33DA6922F40002DA61A3
:109C5800DB6908BDB8170020005C004090F87E3032
:109C6800024A43F08003D364704700BF005C0040A1
:109C780000EB8103F0B5DE68336803F00303032BC0
:109C88005DD0002B0CBF4FF400730023314A4FEA1C
:109C9800011C146D726904F1804404F5C04404EB9E
:109CA800011572B100226A60328AD0F884700132DC
:109CB80022F001023A44C0F8842043F020034CF813
:109CC8000470B269C2B1748A3E2C04F1FF3239D9EA
:109CD80042F01F02204E0132521146EA822292B20D
:109CE800EA60D0F88420013424F001041444C0F858
:109CF800844043F40053AA608A0002F1804202F5CE
:109D0800B84210684404106848BF43F480434006D2
:109D180048F2800048BF43F04003194321F47841DA
:109D280021F0F001014323F4F163116023F00703EC
:109D380011685B045B0C4B4003431360F0BD4FF4A8
:109D4800C063A3E742F001020132520202F47C42EE
:109D5800C6E700BF005C00400080FFFF10B4002190
:109D680080240A4A11655164D4644468E4688C42CA
:109D78000CBF4FF41C444FF41E4414644022C0F836
:109D88008420034A10BCC260FFF772BF005C004029
:109D980068AB000838B501780446012919D10D4B84
:109DA800984211D10C4B0D4DDA69132042F4000290
:109DB800DA61DB6929640D21FFF777FC0E21142095
:109DC800FFF773FC00232B642046BDE83840FFF7FB
:109DD800C5BF38BDB817002000100240005C004025
:109DE80040230122C0F8843048F28000930003F138
:109DF800804303F5B843196801320143082A196002
:109E08001860F3D170470000054B53F8210010F497
:109E1800405004D0B0F5805F14BF02200120704785
:109E2800005C0040054B53F8210010F0300003D0CF
:109E3800102814BF02200120704700BF005C0040BA
:109E48000B4B02F108001B6D03F1804303F5C0437F
:109E580003EB01139B6803F1005303F540535B00C8
:109E68001968043322F8021B9042F9D1704700BFE9
:109E7800005C004000EB8100C36810B59869026877
:109E8800C2B15C8A1319013BB3FBF4F39BB289009E
:109E980001F1804101F5B84103820B6823F4904336
:109EA80023F0700383F4405343F4004343F08003EA
:109EB8000B6010BD0123EAE700EB810010B50C46EA
:109EC800C1684B690A8A18689968824228BF0246A5
:109ED80020461A61FFF764FDA00000F1804000F5FC
:109EE800B840036823F4F04323F0400383F03003C1
:109EF80043F4004343F08003036010BD890001F17F
:109F0800804101F5B8410B6823F4904323F07003B6
:109F180083F4805343F4004343F080030B6070479D
:109F2800890001F1804101F5B8410B6823F4F04341
:109F380023F0400383F0100343F4004343F080030D
:109F48000B607047890001F1804101F5B8410B6849
:109F580003F44053B3F5405F09D00B6823F4F04392
:109F680023F0400343F4204343F080030B60704721
:109F7800890001F1804101F5B8410B6803F0300315
:109F8800302B0BD00B6823F4F04323F0400383F00D
:109F9800200343F4004343F080030B60704708B587
:109FA800FDF79EFEBDE80840FFF7F2BB044A536880
:109FB80043F00073536044F24C22024B9A6270479C
:109FC80000000140006C0040162303604FF0FF3092
:109FD800704700207047184670470020704710B53A
:109FE8000022044608460121FEF7CEFB18B90C23CF
:109FF8004FF0FF30236010BD08B5134600215822EA
:10A008001846F8F7B5FB4FF400524260002008BD2F
:10A018000120704708B5F8F7E9FA012303604FF00B
:0AA02800FF3008BD01207047FEE77D
:04A03400F8B500BFBC
:04A03800F8B500BFB8
:10A03C00002020202020202020202828282828200C
:10A04C002020202020202020202020202020202004
:10A05C00208810101010101010101010101010106C
:10A06C00100404040404040404040410101010105C
:10A07C001010414141414141010101010101010126
:10A08C000101010101010101010101011010101078
:10A09C0010104242424242420202020202020202F8
:10A0AC00020202020202020202020202101010104C
:10A0BC002000000000000000000000000000000074
:10A0CC000000000000000000000000000000000084
:10A0DC000000000000000000000000000000000074
:10A0EC000000000000000000000000000000000064
:10A0FC000000000000000000000000000000000054
:10A10C000000000000000000000000000000000043
:10A11C000000000000000000000000000000000033
:10A12C000000000000000000000000000000000023
:10A13C0000000000040C00200000000000000000E3
:10A14C000000000000000000000000000000000003
:10A15C0000000000000000000000000000000000F3
:10A16C0000000000000000000000000000000000E3
:10A17C0000000000000000000000000000000000D3
:10A18C0000000000000000000000000000000000C3
:10A19C00000000000000000029003A003B003C00D9
:10A1AC003D00000000000000000000000000000066
:10A1BC000000000000000000000000000000000093
:10A1CC000000000000000000000000003E003F0006
:10A1DC0040004100000000000000000000000000F2
:10A1EC000000000000000000000000000000000063
:10A1FC000000000000000000000000000000000053
:10A20C004200430044004500A8000000000000008C
:10A21C000000000000000000000000000000000032
:10A22C000000000000000000000000000000000022
:10A23C000000000000000000000000000000000012
:10A24C000000000000000000000000000000000002
:10A25C000000000000000000000000004600470065
:10A26C00480000000000000000000000000000009A
:10A27C0000000000000000000000000000000000D2
:10A28C0000000000000000000000000000000000C2
:10A29C0049004A004B0000000000000000000000D4
:10A2AC0000000000000000000000000000000000A2
:10A2BC000000000000000000000000000000000092
:10A2CC00000000004C004D004E000000000000009B
:10A2DC000000000000000000000000000000000072
:10A2EC000000000000000000000000000000000062
:10A2FC000000000000000000000000000000000052
:10A30C0052000000000000000000000000000000EF
:10A31C000000000000000000000000000000000031
:10A32C000000000000000000000000000000000021
:10A33C000000500051004F00000000000000000021
:10A34C00000035001E001F00200021002200230009
:10A35C0024002500260027002D002E002A002A00AC
:10A36C0000000000000000000000000000000000E1
:10A37C000000000000002B0014001A00080015005B
:10A38C0017001C0018000C00120013002F003000E6
:10A39C000000310000000000000000000000000080
:10A3AC00000000000000000000003900040016004E
:10A3BC00070009000A000B000D000E000F0033000F
:10A3CC003400000028000000000000000000000025
:10A3DC000000000000000000000000000000E10090
:10A3EC0000001D001B0006001900050011001000E4
:10A3FC003600370038000000E500000000000000C7
:10A40C000000000000000000000000000000000040
:10A41C000000E000E300E20000000000000000008B
:10A42C0000002C000000E600E70000007600E400CD
:10A43C00000000000000000000000000A900AA00BD
:10A44C000000000000000000000000000000000000
:10A45C0000000000000000000000000000000000F0
:10A46C0000000000000000000000000000000000E0
:10A47C0000000000000000000000000000000000D0
:10A48C0000000000000000000000000000000000C0
:10A49C0000000000000000002A2B28000000000033
:10A4AC000000000000000000000000290000000077
:10A4BC002C1E3420212224342627252E362D3738E5
:10A4CC00271E1F202122232425263333362E3738EE
:10A4DC001F0405060708090A0B0C0D0E0F101112AC
:10A4EC00131415161718191A1B1C1D2F3130232D78
:10A4FC00350405060708090A0B0C0D0E0F10111276
:10A50C00131415161718191A1B1C1D2F3130354C26
:10A51C00000000007E0F00D4FFFFFFC70000007892
:10A52C00E200E900EA00B500B600B700CD008301F7
:10A53C00CC008A01920194012102230224022502FB
:10A54C00260227022A02B300B4006F00700000003C
:10A55C000F0801400A1001400B1001400C10014083
:10A56C00021401400708014004100140051001408D
:10A57C00000C0140010C0140020C01400A0C01408E
:10A58C000C0C01400D0C01400E0C01400F0C014055
:10A59C00061001400910014007100140081001404D
:10A5AC000A080140040801400E1001400308014054
:10A5BC000208014003100140030C0140040C01404F
:10A5CC00050C01400D100140090C0140080C014024
:10A5DC000008014001080140090801400808014039
:10A5EC000B0C014006080140050801400010014019
:10A5FC001E140A05FFAA7F55407F3F1F783C1E643E
:10A60C00321400046432141E0F050001020202020F
:10A61C000606060909090909090F0F0F0F0F0F1577
:10A62C001515181919191919191919191923242576
:10A63C0025252525252223252628292A2C2D2F3092
:10A64C0032333536383A3B3D3E4042434547494A22
:10A65C004C4E5051535557595A5C5E606264666853
:10A66C00696B6D6F71737577797B7D7F818385875E
:10A67C00898A8C8E90929496989A9C9E9FA1A3A561
:10A68C00A7A8AAACAEAFB1B3B4B6B8B9BBBCBEBF89
:10A69C00C1C2C3C5C6C7C9CACBCCCDCED0D1D2D20C
:10A6AC00D3D4D5D6D7D7D8D9D9DADADBDBDBDCDC17
:10A6BC00DCDCDCDDDDDDDDDCDCDCDCDCDBDBDBDACF
:10A6CC00DAD9D9D8D7D7D6D5D4D3D2D2D1D0CECD3A
:10A6DC00CCCBCAC9C7C6C5C3C2C1BFBEBCBBB9B847
:10A6EC00B6B4B3B1AFAEACAAA8A7A5A3A19F9E9CCC
:10A6FC009A98969492908E8C8A89878583817F7D97
:10A70C007B79777573716F6D6B6968666462605E77
:10A71C005C5A5957555351504E4C4A494745434240
:10A72C00403E3D3B3A3836353332302F2D2C2A29DA
:10A73C00282625232200010101010101010101024A
:10A74C0002020202020202020303030303030303D5
:10A75C0004040404040404050505050506060606A0
:10A76C0006070707070708080808090909090A0A5C
:10A77C000A0B0B0B0C0C0C0D0D0D0E0E0E0F0F0F00
:10A78C00101011111112121313141415151616178B
:10A79C0017181819191A1A1B1B1C1D1D1E1E1F20F9
:10A7AC0020212222232424252626272829292A2B46
:10A7BC002C2D2D2E2F30313232333435363738396B
:10A7CC003A3B3C3D3E3F4041424344454647484965
:10A7DC004A4C4D4E4F50515354555658595A5B5D37
:10A7EC005E5F616264656668696B6C6D6F707273D5
:10A7FC007577787A7B7D7E8082838587888A8C8E3C
:10A80C008F91939596989A9C9EA0A2A3A5A7A9AB6D
:10A81C00ADAFB1B3B5B7BABCBEC0C2C4C6C9CBCD5F
:10A82C00CFD1D4D6D8DBDDDFE2E4E7E9EBEEF0F311
:10A83C00F5F8FAFDFF00FF0100010000FFFF00002A
:10A84C00010001FF0000E200E900EA00B500B600DB
:10A85C00B700CD008301CC008A0192019401210242
:10A86C00230224022502260227022A02B300B40086
:10A87C006F0070000300000000000000657D000800
:10A88C00000000000800000068110020000000001B
:10A89C0002000000000000000300000000000000A7
:10A8AC00A98000080000000020000000A01100207A
:10A8BC00000000000200000000000000DD7D000828
:10A8CC00857D0008217F0008697D0008B0A900087B
:10A8DC00B4A90008CEA900080418160015A9000890
:10A8EC002EA900084EA9000870A90008E6A90008C6
:10A8FC0008AA000840227B09025B00030100A0FAB1
:10A90C0009040000010301010009211101000122C9
:10A91C0040000705810308000A0904010002030036
:10A92C0000000921110100012222000705820320E9
:10A93C0000010705030320000109040200010300C4
:10A94C000000092111010001227B0007058403206E
:10A95C00000A12011001000000406BB1B10000E5CB
:10A96C000102000105010906A101050719E029E70B
:10A97C001500250195087501810295017508810165
:10A98C000507190029FF150026FF0095067508819B
:10A99C0000050819012905950575019102950175A8
:10A9AC00039101C0040309041803520061006D00F7
:10A9BC006F006E00200049006D00620061006F00A6
:10A9CC0000001603530071007500690073006800E5
:10A9DC00790054004B004C0000000660FF0961A197
:10A9EC00010962150026FF00952075088102096394
:10A9FC00150026FF00952075089102C0050109027B
:10AA0C00A10185020901A1000509190129081500F8
:10AA1C00250195087501810205010930093115815F
:10AA2C00257F95027508810609381581257F9501CA
:10AA3C0075088106050C0A38021581257F9501756C
:10AA4C00088106C0C005010980A101850319012AEE
:10AA5C00B700150126B700950175108100C0050CD3
:10AA6C000901A101850419012AA002150126A002E1
:10AA7C00950175108100C00000000000858400085D
:10AA8C0075840008A5840008958400089F8400083C
:10AA9C008F8400087F8400086F8400080000000089
:10AAAC00A0AE0008441800204418002044180020D0
:10AABC00A0AE000800000000000000000000000034
:10AACC00A0AE000800000000000000000000000024
:10AADC00A0AE000800000000000000000000000014
:10AAEC00A0AE000800000000000000000000000004
:10AAFC00A0AE0008000000000000000000000000F4
:10AB0C00A0AE0008000000000000000000000000E3
:10AB1C00A0AE0008000000000000000000000000D3
:10AB2C006D61696E0069646C6500000031AB0008F2
:10AB3C00981600205017002001000000F98700082B
:10AB4C0000000000000001000000040204080800DE
:10AB5C00030708080808080808080B0F0000000085
:10AB6C00E1920008899500083B96000840004000DF
:10AB7C00B4110020B411002001000000C811002005
:10AB8C00FFFFFFFF884B8888B8848888FFFFFFFF92
:10AB9C008888888888838888FFFFFFFF8888888852
:10ABAC0088883888FFFFFFFF4488888888888888D1
:10ABBC00FFFFFFFF88888888888888885245454E23
:10ABCC0054206D616C6C6F63207375636365656491
:10ABDC00656400002E2E2F2E2E2F2E2E2F2E2E2F74
:10ABEC002E2E2F2E2E2F2E2E2F2E2E2F6E65776C77
:10ABFC0069622F6C6962632F7374646C69622F7263
:10AC0C00616E642E630000002C2066756E6374699F
:10AC1C006F6E3A2000000000617373657274696F87
:10AC2C006E2022257322206661696C65643A206669
:10AC3C00696C6520222573222C206C696E65202599
:10AC4C0064257325730A0000232D302B200000008F
:10AC5C00686C4C00656667454647000030313233FE
:10AC6C0034353637383941424344454600000000FC
:10AC7C003031323334353637383961626364656666
:04AC8C0000000000C4
:08AC90009C76FF7F010000002B
:10AC9800040C00200000000084A1000864A1000842
:10ACA80044A10008000000000000000000000000AF
:10ACB800000000000000000000000000000000008C
:10ACC800000000000000000000000000000000007C
:10ACD800000000000000000000000000000000006C
:10ACE800000000000000000000000000000000005C
:10ACF80000000000000D00000000010D0000000031
:10AD08001E320A141E6408280201010010001010E7
:10AD180001191A1B1C1D1E1F202122002E100020A5
:10AD2800257D000804000000040000000000000069
:10AD3800000000000000000000000000000000000B
:10AD480000000000000000000000000000000000FB
:10AD580000000000000000000000000000000000EB
:10AD680000000000000000000300000000000000D8
:10AD78009786000800000000200000000000000086
:10AD880000000000020000000000000003000000B6
:10AD980000000000000000000D87000800002000EF
:10ADA8000000000000000000020000000000000099
:10ADB80003000000000000004B87000800000000AE
:10ADC8000800000000000000000000000200000071
:10ADD80000000000B8170020020300000400000073
:10ADE8000400000020000000200000000000000017
:10ADF80040100020D01000200000000000000000DB
:10AE0800000000000000000000000000000000003A
:10AE1800000000000000000000000000000000002A
:10AE2800000000000000000000000000000000001A
:10AE3800000000000000000000000000000000000A
:10AE480000000000000000000000000000000000FA
:10AE580000000000000000000000000000000000EA
:10AE680000000000000000000000000000000000DA
:10AE7800000000000000000001000000C981000877
:10AE8800D5810008298200086D820008A182000887
:08AE9800009600000000080014
:04000005080022C904
:00000001FF
