:020000040800F2
:1020000000040020C9220008CB220008CB220008CF
:10201000CB220008CB220008CB220008CB220008EC
:10202000CB220008CB220008CB22000801B7000811
:10203000CB220008CB220008CB22000859CC000894
:10204000CB220008CB220008CB22000849CB000895
:10205000CB220008CB220008CB220008CB220008AC
:10206000CB220008CB220008CB220008F1C40008D4
:1020700005C5000819C500082DC5000841C50008A0
:1020800055C5000869C50008CB220008CB2200080E
:1020900031CD0008CB220008CB220008CB2200085B
:1020A000CB220008CB220008CB220008CB2200085C
:1020B000E1CC0008CB220008CB220008DDC60008D6
:1020C000E9C70008CB220008CB220008CB22000879
:1020D000CB220008CB220008CB220008CB2200082C
:1020E000CB220008CB220008CB220008CB2200081C
:1020F000CB220008CB220008CB220008CB2200080C
:10210000CB220008CB220008CB220008CB220008FB
:10211000CB220008CB220008CB220008CB220008EB
:10212000CB220008CB220008CB220008CB220008DB
:10213000CB220008CB220008CB220008CB220008CB
:10214000CB220008CB220008CB220008CB220008BB
:10215000CB220008CB220008CB220008CB220008AB
:08216000D1210008A9210008AB
:102168000348044B834202D0034B03B1184770471E
:10217800580F0020580F00200000000005480649AD
:102188000B1AD90F01EBA301491002D0034B03B17D
:1021980018477047580F0020580F00200000000013
:1021A80010B5064C237843B9FFF7DAFF044B13B197
:1021B8000448AFF300800123237010BD580F00209E
:1021C8000000000024F1000808B5044B1BB10449C5
:1021D8000448AFF30080BDE80840CFE700000000E6
:1021E8005C0F002024F1000872B6274880F30888A5
:1021F800264880F3098826484EF60851CEF2000199
:102208000860022080F31488BFF36F8F09F02CF860
:1022180008F0D7FD4FF055301E491B4A91423CBF8C
:1022280041F8040BFAE71C49184A91423CBF41F8AF
:10223800040BFAE719491A4A1A4B9A423EBF51F859
:10224800040B42F8040BF8E700201749174A91429B
:102258003CBF41F8040BFAE709F00AF809F005F861
:10226800134C144DAC4203DA54F8041B8847F9E7C1
:1022780008F0B6FD104C114DAC4203DA54F8041BBB
:102288008847F9E708F0F2BF00040020000C00209E
:1022980000200008000000200004002024F10008AD
:1022A800000C0020580F0020580F00208C1E002022
:1022B80060210008642100086421000868210008E2
:1022C80092E700F000F8FEE72DE9F04FC1F80CD0D6
:1022D800C3689D46BDE8F08F002383F31188284624
:1022E800A047002009F088F9FEE709F042F900DF6D
:1022F800FEE7000070B54FF0FF0C4CF4E06C1CEAF0
:1023080011541DBF1CEA135594EA0C0F95EA0C0FE3
:1023180000F0DEF82C4481EA030621EA4C5123EA56
:102328004C5350EA013518BF52EA033541F4801185
:1023380043F4801338D0A0FB02CE4FF00005E1FB38
:1023480002E506F00042E0FB03E54FF00006E1FB82
:1023580003569CF0000F18BF4EF0010EA4F1FF04C5
:10236800B6F5007F64F5407404D25FEA4E0E6D4105
:1023780046EB060642EAC62141EA55514FEAC52016
:1023880040EA5E504FEACE2EB4F1FD0C88BFBCF592
:10239800E06F1ED8BEF1004F08BF5FEA500E50F143
:1023A800000041EB045170BD06F0004646EA010109
:1023B80040EA020081EA0301B4EB5C04C2BFD4EB3B
:1023C8000C0541EA045170BD41F480114FF0000E34
:1023D800013C00F3AB8014F1360FDEBF002001F0A2
:1023E800004170BDC4F10004203C35DA0C341BDC1C
:1023F80004F11404C4F1200500FA05F320FA04F0EE
:1024080001FA05F240EA020001F0004221F0004121
:1024180010EBD37021FA04F642EB06015EEA430E94
:1024280008BF20EAD37070BDC4F10C04C4F12005C4
:1024380000FA04F320FA05F001FA04F240EA020077
:1024480001F0004110EBD37041F100015EEA430E48
:1024580008BF20EAD37070BDC4F1200500FA05F268
:102468004EEA020E20FA04F301FA05F243EA0203E7
:1024780021FA04F001F0004121FA04F220EA0200F6
:1024880000EBD3705EEA430E08BF20EAD37070BD3C
:1024980094F0000F0FD101F00046400041EB01011C
:1024A80011F4801F08BF013CF7D041EA060195F0FE
:1024B800000F18BF704703F00046520043EB0303B8
:1024C80013F4801F08BF013DF7D043EA06037047A5
:1024D80094EA0C0F0CEA135518BF95EA0C0F0CD0B0
:1024E80050EA410618BF52EA4306D1D181EA0301F6
:1024F80001F000414FF0000070BD50EA410606BFF0
:102508001046194652EA430619D094EA0C0F02D134
:1025180050EA013613D195EA0C0F05D152EA033679
:102528001CBF104619460AD181EA030101F0004197
:1025380041F0FE4141F470014FF0000070BD41F0E0
:10254800FE4141F4780170BD4FF0FF0C1CEAD052F7
:102558001EBF1CEAD15392EA0C0F93EA0C0F6FD0FE
:102568001A4480EA010C400218BF5FEA41211ED0DC
:102578004FF0006343EA501043EA5111A0FB0131C8
:102588000CF00040B1F5000F3EBF490041EAD3719D
:102598005B0040EA010062F17F02FD2A1DD8B3F119
:1025A800004F40EBC25008BF20F00100704790F088
:1025B800000F0CF0004C08BF49024CEA502040EADA
:1025C80051207F3AC2BFD2F1FF0340EAC2507047A0
:1025D80040F400004FF00003013A5DDC12F1190FDE
:1025E800DCBF00F000407047C2F10002410021FA50
:1025F80002F1C2F1200200FA02FC5FEA310040F168
:10260800000053EA4C0308BF20EADC70704792F0E0
:10261800000F00F0004C02BF400010F4000F013A18
:10262800F9D040EA0C0093F0000F01F0004C02BF13
:10263800490011F4000F013BF9D041EA0C018FE782
:102648000CEAD15392EA0C0F18BF93EA0C0F0AD088
:1026580030F0004C18BF31F0004CD8D180EA0100AE
:1026680000F00040704790F0000F17BF90F0004F47
:10267800084691F0000F91F0004F14D092EA0C0F29
:1026880001D142020FD193EA0C0F03D14B0218BFBC
:10269800084608D180EA010000F0004040F0FE4002
:1026A80040F40000704740F0FE4040F4400070479E
:1026B80081F0004102E000BF83F0004330B54FEAEB
:1026C80041044FEA430594EA050F08BF90EA020F58
:1026D8001FBF54EA000C55EA020C7FEA645C7FEAEB
:1026E800655C00F0E2804FEA5454D4EB5555B8BF0E
:1026F8006D420CDD2C4480EA020281EA030382EA7F
:10270800000083EA010180EA020281EA0303362D10
:1027180088BF30BD11F0004F4FEA01314FF4801CE3
:102728004CEA113102D0404261EB410113F0004FF5
:102738004FEA03334CEA133302D0524263EB4303AC
:1027480094EA050F00F0A780A4F10104D5F1200E4A
:102758000DDB02FA0EFC22FA05F2801841F10001A5
:1027680003FA0EF2801843FA05F359410EE0A5F179
:1027780020050EF1200E012A03FA0EFC28BF4CF0AA
:10278800020C43FA05F3C01851EBE37101F0004560
:1027980007D54FF0000EDCF1000C7EEB00006EEB6D
:1027A8000101B1F5801F1BD3B1F5001F0CD34908F7
:1027B8005FEA30004FEA3C0C04F101044FEA44524E
:1027C80012F5800F80F09A80BCF1004F08BF5FEAD5
:1027D800500C50F1000041EB045141EA050130BDB5
:1027E8005FEA4C0C404141EB0101013C28BFB1F5C7
:1027F800801FE9D291F0000F04BF01460020B1FA12
:1028080081F308BF2033A3F10B03B3F120020CDAE4
:102818000C3208DD02F1140CC2F10C0201FA0CF0C2
:1028280021FA02F10CE002F11402D8BFC2F1200C27
:1028380001FA02F120FA0CFCDCBF41EA0C019040DD
:10284800E41AA2BF01EB0451294330BD6FEA040426
:102858001F3C1CDA0C340EDC04F11404C4F1200211
:1028680020FA04F001FA02F340EA030021FA04F323
:1028780045EA030130BDC4F10C04C4F1200220FA7A
:1028880002F001FA04F340EA0300294630BD21FAB8
:1028980004F0294630BD94F0000F83F4801306BF7E
:1028A80081F480110134013D4EE77FEA645C18BF72
:1028B8007FEA655C29D094EA050F08BF90EA020F09
:1028C80005D054EA000C04BF1946104630BD91EA01
:1028D800030F1EBF0021002030BD5FEA545C05D104
:1028E8004000494128BF41F0004130BD14F5800443
:1028F8003CBF01F5801130BD01F0004545F0FE41B7
:1029080041F470014FF0000030BD7FEA645C1ABFEB
:10291800194610467FEA655C1CBF0B46024650EA22
:10292800013406BF52EA033591EA030F41F400214E
:1029380030BD00BF90F0000F04BF0021704730B5D4
:102948004FF4806404F132044FF000054FF00001A9
:1029580050E700BF90F0000F04BF0021704730B56A
:102968004FF4806404F1320410F0004548BF40423F
:102978004FF000013EE700BF42004FEAE2014FEA94
:1029880031014FEA02701FBF12F07F4393F07F4F6F
:1029980081F06051704732F07F4208BF704793F072
:1029A8007F4F04BF41F40021704730B54FF4607485
:1029B80001F0004521F000411CE700BF50EA010288
:1029C80008BF704730B54FF000050AE050EA010231
:1029D80008BF704730B511F0004502D5404261EBA1
:1029E80041014FF4806404F132045FEA915C3FF4E2
:1029F800D8AE4FF003025FEADC0C18BF03325FEA7F
:102A0800DC0C18BF033202EBDC02C2F1200300FA2F
:102A180003FC20FA02F001FA03FE40EA0E0021FA54
:102A280002F11444BDE600BF4A0011D212F50012AB
:102A380011D20DD56FF47873B3EB62520ED44FEA0E
:102A4800C12343F0004343EA505323FA02F070478E
:102A58004FF00000704750EA013002D14FF0FF30CC
:102A680070474FF00000704780F0004002E000BF60
:102A780081F0004142001FBF5FEA410392EA030F61
:102A88007FEA226C7FEA236C6AD04FEA1262D2EBAB
:102A98001363C1BFD218414048404140B8BF5B42B0
:102AA800192B88BF704710F0004F40F4000020F049
:102AB8007F4018BF404211F0004F41F4000121F05F
:102AC8007F4118BF494292EA030F3FD0A2F10102A9
:102AD80041FA03FC10EB0C00C3F1200301FA03F1E7
:102AE80000F0004302D5494260EB4000B0F5000F0A
:102AF80013D3B0F1807F06D340084FEA310102F1C9
:102B08000102FE2A51D2B1F1004F40EBC25008BF7A
:102B180020F0010040EA03007047490040EB000044
:102B2800013A28BFB0F5000FEDD2B0FA80FCACF145
:102B3800080CB2EB0C0200FA0CF0AABF00EBC25072
:102B480052421843BCBFD0401843704792F0000F60
:102B580081F4000106BF80F400000132013BB5E7B3
:102B68004FEA41037FEA226C18BF7FEA236C21D029
:102B780092EA030F04D092F0000F08BF084670478E
:102B880090EA010F1CBF0020704712F07F4F04D15C
:102B9800400028BF40F00040704712F100723CBF6F
:102BA80000F50000704700F0004343F0FE4040F499
:102BB800000070477FEA226216BF08467FEA236357
:102BC8000146420206BF5FEA412390EA010F40F442
:102BD800800070474FF0000304E000BF10F000438E
:102BE80048BF40425FEA000C08BF704743F0964375
:102BF80001464FF000001CE050EA010208BF704790
:102C08004FF000030AE000BF50EA010208BF704716
:102C180011F0004302D5404261EB41015FEA010C2B
:102C280002BF84460146002043F0B64308BFA3F123
:102C38008053A3F50003BCFA8CF2083AA3EBC25305
:102C480010DB01FA02FC634400FA02FCC2F1200224
:102C5800BCF1004F20FA02F243EB020008BF20F05B
:102C68000100704702F1200201FA02FCC2F12002C1
:102C780050EA4C0021FA02F243EB020008BF20EAB6
:102C8800DC70704753B94AB9002908BF00281CBF37
:102C98004FF0FF314FF0FF3000F06EB9ADF1080C86
:102CA8006DE904CE00F006F8DDF804E0DDE9022362
:102CB80004B070472DE9F047089E0D4604468E463D
:102CC800002B40F083808A42174647D9B2FA82F334
:102CD8004BB1C3F1200105FA03FE20FA01F19F4030
:102CE80041EA0E0E9C404FEA1748BEFBF8FC1FFA5B
:102CF80087F908FB1CE20CFB09F0210C41EA0242AF
:102D080090420AD9BA180CF1FF3180F0188190422C
:102D180040F21581ACF1020C3A44121AB2FBF8F0F9
:102D280008FB102200FB09F1A4B244EA0244A142C4
:102D380009D93C1900F1FF3280F00381A14240F229
:102D4800008102383C44641A002140EA0C401EB15C
:102D58000022DC40C6E90042BDE8F08702B9FFDE88
:102D6800B2FA82F3002B4FD18D1A01214FEA124E8D
:102D78001FFA82F8B5FBFEFC0EFB1C5508FB0CF095
:102D8800220C42EA0545A84207D97D190CF1FF3209
:102D980002D2A84200F2E98094462D1AB5FBFEF053
:102DA8000EFB105508FB00F8A4B244EA0544A04500
:102DB80007D93C1900F1FF3202D2A04500F2D980B0
:102DC8001046A4EB080440EA0C40C0E78B4208D93F
:102DD800002E00F0B1800021C6E900050846BDE8D4
:102DE800F087B3FA83F100294BD1AB4202D3824278
:102DF80000F2B980841A65EB030301209E46002E79
:102E0800AAD0C6E9004EA7E79F40C3F12002D140EF
:102E18004FEA174EB1FBFEF01FFA87F80EFB1011B0
:102E280024FA02F29D4000FB08FC2A43150C45EAEF
:102E38000145AC4504FA03F409D97D1900F1FF31C5
:102E480080F08F80AC4540F28C8002383D44A5EB81
:102E58000C05B5FBFEF10EFB115C01FB08F995B200
:102E680045EA0C45A94507D97D1901F1FF3274D20D
:102E7800A94572D902393D44A5EB090541EA00414B
:102E880078E7C1F120078B4022FA07FC4CEA030CD3
:102E980025FA07F44FEA1C4EB4FBFEF91FFA8CF82A
:102EA8000EFB194420FA07F309FB08FA8D401D436D
:102EB8002B0C43EA0444A24502FA01F200FA01F39A
:102EC80009D91CEB040409F1FF3048D2A24546D9C0
:102ED800A9F102096444A4EB0A04B4FBFEF00EFB5A
:102EE800104400FB08FAADB245EA0444A24508D9EB
:102EF8001CEB040400F1FF352DD2A2452BD9023872
:102F0800644440EA0940A0FB0289A4EB0A044C454A
:102F1800C6464D4619D316D05EB1B3EB0E0264EB2C
:102F2800050404FA07F722FA01F31F43CC40C6E967
:102F380000740021BDE8F087314630460CE78C4626
:102F4800EBE61046FFE64345E6D2B8EB020E69EB26
:102F58000C050138E0E72846D3E711468CE781469F
:102F6800B9E7084673E7084649E7ACF1020C3D4467
:102F780013E702383C4424E7704700BF014B186848
:102F8800704700BF000C0020931E222B16D80A2A77
:102F980010B506D00B460C46194600F0F9F9204644
:102FA80010BD0028F6DA0B462D2403F8014B0C4619
:102FB8004042194600F0ECF9204610BD0020087088
:102FC800704700BFFFF7E0BF830770B4CDB23DD0B4
:102FD800541E0AB30378AB421FD0431C05E014F11A
:102FE800FF3419D30278AA4217D013F0030F1846FA
:102FF80003F10103F3D1032C11D84CB30378AB428E
:103008000BD00444431C02E00278AA4205D09C423B
:10301800184603F10103F7D1002070BC704702463F
:103028000E02B6B22E4346EA0646136810467340AF
:10303800A3F1013121EA030313F0803F02F10402F6
:10304800DCD1043C032C1046EFD8D6E71446D2E76F
:103058002046E2E7032A70B412D940EA0105AD0719
:1030680004460B4620D11946204653F8045B54F811
:10307800046BAE4218D1043A032A20461946F2D806
:10308800541E72B103780A789A4208BF241806D0F1
:103098000CE010F8013F11F8012F934206D1A0422D
:1030A800F7D1002070BC7047541EEBE7981A70BC2B
:1030B800704700BF844641EA000313F0030349D177
:1030C800403A23D30B6803604B6843608B68836086
:1030D800CB68C3600B6903614B6943618B6983618A
:1030E800CB69C3610B6A03624B6A43628B6A836272
:1030F800CB6AC3620B6B03634B6B43638B6B83635A
:10310800CB6BC36340304031403ADBD230320BD313
:103118000B6803604B6843608B688360CB68C3604F
:1031280010301031103AF3D20C3205D351F8043B69
:1031380040F8043B043AF9D2043208D0D2071CBF45
:1031480011F8013B00F8013B01D30B88038060466E
:10315800704700BF082A13D38B07B1D010F00303C0
:10316800AED0C3F10403D21ADB071CBF11F8013B30
:1031780000F8013BA4D331F8023B20F8023B9FE75B
:10318800043AD9D3013A11F8013B00F8013BF9D2CE
:103198000B7803704B7843708B7883706046704768
:1031A800F0B4860746D0541E002A3CD0CAB2034663
:1031B80002E014F1FF3436D303F8012B9D07F8D150
:1031C800032C29D9CDB245EA05250F2C45EA05453A
:1031D80033D9A4F11006360903F1200707EB0617C7
:1031E80003F1100242E9045542E902551032BA428D
:1031F800F8D1721C14F00C0F03EB021204F00F0646
:1032080013D0331F23F003030433134442F8045B41
:103218009342FBD106F003042CB1C9B21C4403F855
:10322800011B9C42FBD1F0BC704734461346002C6E
:10323800F3D1F8E714460346C2E71A462646E0E704
:1032480038B5124B05461C68A06B18B10023C0E9BD
:10325800045338BD182000F02BF9A06378B101227F
:103268000023C0E904230A4B0B2483600023094987
:10327800094A8481C0E90012C0E9045338BD0246F6
:10328800064B4221064800F0CBF800BF000C002096
:10329800ECDE05000E33CDAB34126DE62CF00008E1
:1032A80044F0000838B51A4B1C68A26B92B1146937
:1032B8001849536901FB04F1174800FB0313A4FBE9
:1032C8000045611C1D4445F1000323F00040C2E99C
:1032D800041338BD182000F0EBF80246A06388B14B
:1032E800012400250B21C0E904450C4B0948136053
:1032F80003460B4D0B4C91810B49C2E90154C2E9BD
:10330800041338BD094B4E21094800F089F800BF65
:10331800000C00202DF451582D7F954C0E33CDAB69
:1033280034126DE6ECDE05002E7F954C2CF000087B
:1033380044F0000820F0030110F00300C0F1000081
:1033480051F8043B00F1040C4FEACC0C6FF000027A
:103358001CBF22FA0CF213434FF0010C4CEA0C2C60
:103368004CEA0C4CA3EB0C0222EA030212EACC1240
:1033780004BF51F8043B0430F4D0C2F1000102EA62
:103388000102B2FA82F2C2F11F0200EBD2007047CA
:10339800F0B48AB06F461646DFF87CC004460D4686
:1033A800BCE80F000FC7BCE80F000FC79CE803007C
:1033B800B31E47F8040B222B397028D86B1E9C4685
:1033C800002701E00F460446B4FBF6F006FB104266
:1033D8000AA90A4412F8282CA64207F101010CF8A0
:1033E800012FEFD900226A54294467B111F8012D41
:1033F8005C78981C5A700133DA432A44401B3A44DB
:1034080090420C70F2DB28460AB0F0BC70470020EE
:1034180028700AB0F0BC704778F00008FFF7B8BF12
:1034280000B50A4C0546206885B01C46C06852B1F4
:10343800074BCDE9013200912B462246054900F0A1
:1034480023F800F0B5FD044B1A46F2E7000C002003
:10345800A0F00008B0F00008ACF0000808B513466A
:103468000022FFF7DDFF00BF0CB410B582B004AC3A
:1034780054F8042B2346019400F024F902B0BDE867
:10348800104002B0704700BF0EB430B582B005AC32
:1034980054F8042B054D014623462868019400F092
:1034A80011F902B0BDE8304003B07047000C0020AD
:1034B800024B0146186800F05FB800BF000C0020FE
:1034C800024B0146186800F003B800BF000C00204A
:1034D80000293AD038B551F8043C0C1F002BB8BF6E
:1034E800E418054601F0F6F9224B1A682AB1A242FF
:1034F8000DD921686018824221D0626028461C607C
:10350800BDE8384001F0E8B9A34203D81A46536829
:10351800002BF9D111685018A04217D022D8216881
:103528006018834203BFD3E900030918C4E90013F4
:10353800636054602846BDE8384001F0CDB9D2E94F
:1035480000020144C4E90012D8E77047206801442A
:10355800501883421160EDD1D3E900030144C2E958
:103568000013E7E70C2328462B60BDE8384001F03C
:10357800B3B900BF740F0020F8B5CD1C25F00305C2
:1035880008350C2D38BF0C25002D064633DBA94223
:1035980031D82A4F01F09EF93A6852B113685B1B83
:1035A80004D43FE023685B1B29D522465468002CCD
:1035B800F8D1796800293BD02946304609F0B5FE94
:1035C800431C28D0C41C24F00304A04205D0211AAF
:1035D800304609F0AAFE01301DD02560304601F0C2
:1035E8007BF904F10B0020F00700231DC21A01D05B
:1035F8001B1AA350F8BD0C2200203260F8BD0B2B1B
:1036080005D8A242636811D05360E7E714462360E7
:103618001C442560E2E70C233046336001F05CF976
:103628000020F8BD0B2BF1D8144653683B60D5E752
:10363800304609F07AFE7860BEE700BF740F0020BC
:103648009368013B002B93600FDA10B49469A3428E
:1036580008DB0A2906D01368581C10601970084640
:1036680010BC704710BC00F0C3BB1368581C106036
:1036780019700846704700BF9BB1F8B513440F4650
:1036880006465D1E541E01E0AC4208D03A4614F8C6
:10369800011F3046FFF7D4FF431CF5D1F8BD0020C9
:1036A800F8BD0020704700BF936810B5144613B9E1
:1036B8005360184610BD00F063FE0023C4E90133CF
:1036C80010BD00BF2DE9F04F9FB08B4690461C46B9
:1036D800039018B18369002B00F0B980A34B9B4578
:1036E80000F0BB80A24B9B4500F0C980A14B9B45D5
:1036F80004BF039BD3F80CB0BBF80C30180740F19B
:10370800B480DBF81030002B00F0AF8030230021AC
:1037180020228DF8323098F8003005940B918DF8FE
:103728003120954E0127002B00F08980252B00F0D1
:103738001781454603E0252B00F0A58025466B78C8
:103748006C1C002BF7D1B4EB080A78D042465346DC
:1037580059460398FFF790FF013070D00B9B6A78A9
:1037680053440B93002A6AD000234FF0FF320134F0
:103778000693CDE908338DF85B301C93079206E079
:103788002C46069B801B07FA00F018430690254636
:10379800052215F8011B3046FFF716FCAA4600283B
:1037A800EED1069BD90644BF20228DF85B201A076C
:1037B80048BF2B22217848BF8DF85B202A2967D182
:1037C800059A1168043200290592C0F29E80099179
:1037D8006178A51C2E2974D0684C03222046FFF777
:1037E800F3FB002800F087804022069B001B02FAAA
:1037F80000F00343069305F101082B7806221946C9
:103808005F488DF83030FFF7DFFB002800F0838039
:103818005C4B002B72D005AB00935A465A4B06A955
:103828000398AFF300808146B9F1FF3F07D00B9BA7
:103838004B440B9398F80030002B7FF477AFBBF81C
:103848000C305B0618D40B981FB0BDE8F08F00F061
:1038580077FD464B9B457FF445AF039BD3F804B0F7
:10386800BBF80C3018073FF54CAF5946039800F0E9
:103878001FFB00283FF44AAF4FF0FF30E4E7039BFB
:10388800D3F808B038E7B4EB080A3FF46DAF5DE74A
:10389800A1F13002092A88BFA2469BD8099B01E002
:1038A8002C460135297803EB830302EB4303A1F18E
:1038B8003002092AAA46F3D92E2904F102050993F0
:1038C8008AD19AF801102A292FD1059B0AF1020002
:1038D8001A680433002A079205939AF802100AF12D
:1038E800030538DB254C824603222046FFF76CFB94
:1038F80000287FF479AFA84655467EE7059B073335
:1039080023F007030833059391E7494243F0020384
:10391800099106935CE705AB00935A461A4B06A932
:10392800039800F0D3F881467EE70023A1F1300226
:10393800092A079301D915E05546697803EB8303F3
:1039480002EB4303A1F13002092A05F1010AF3D978
:103958000235079340E74FF0FF33824607933BE772
:10396800444601E7AA46013536E700BFD0D400082F
:10397800B0D4000890D40008E0F00008E8F000088F
:10398800ECF00008000000008136000810B4044C78
:1039980013460A460146206810BCFFF793BE00BFD5
:1039A800000C00202DE9F0470C460969A5689146EE
:1039B8008D42B8BF0D46156094F8431006461F4661
:1039C800DDF8208011B16A1CC9F800202368990627
:1039D8005CD5D9F800200232C9F80020236813F01A
:1039E800060F19461DD1E1688A1A002AD8BF194660
:1039F80017DD002504F1190A05E0E368D9F800206D
:103A08009B1AAB420CDD0123524639463046C0476B
:103A1800013005F10105F0D14FF0FF30BDE8F08726
:103A2800216894F84330003318BF01238A060AD569
:103A38003021E21882F8431094F845105A1C2244A9
:103A480082F84310023304F1430239463046C04736
:103A58000130E1D02368A26803F00603042B216932
:103A68001DD08A4226DD4FF00009521A91440025E4
:103A78001A3401E04D451DDA012322463946304605
:103A8800C047013005F10105F4D1C5E713F0060F71
:103A980013D094F84330003318BF0123D3E7D9F883
:103AA8000000E3688A42A3EB000323EAE379DCDC45
:103AB800002BDCDC0020BDE8F087E168D9F80020A5
:103AC8008A1A002AD8BF194693DCAAE72DE9F043E1
:103AD8000C46097E85B06E2906461746984604F1BD
:103AE800430C0C986DD039D9732900F0F48044D96F
:103AF800752900F00281782940F00F817823226827
:103B0800DFF854E284F845300168150651F8043BA3
:103B1800016040F1A180D10744BF42F02002226039
:103B2800002B00F093801022002184F84310606875
:103B38000028A060C0F2C680216821F0040121603D
:103B4800002B40F0A280002840F0BE806546082A7D
:103B580000F0AB80ACEB0503236141E0632900F082
:103B6800E3801AD8002938D0582940F0D68084F844
:103B780045102268DFF8E4E1C6E76F2900F0BD8050
:103B8800702940F0CA8078232268DFF8CCE142F03F
:103B98002002226084F84530B6E7642902D06929FA
:103BA80040F0BB8022680368110603F1040557D56D
:103BB800196805600B46002959DB0A22DFF89CE1E9
:103BC800B5E7036822681D1D6169056015061B6855
:103BD80002D4500600F1BB801960002365462361BA
:103BE800CDF800803B4603AA21463046FFF7DAFEAF
:103BF800013020D02A46236939463046C047013073
:103C080019D0226803989207E36819D51A1A002A6E
:103C180016DD002504F1190904E0E36803981A1A6F
:103C2800AA420DDD01234A4639463046C0470130D5
:103C380005F10105F1D14FF0FF3005B0BDE8F08383
:103C48009842B8BF184605B0BDE8F0832168102235
:103C580021F02001216067E7500648BF9BB25AE770
:103C68005106A5D5B3F9003005601946A3E72D2004
:103C780061685B42002984F84300A16002DB22F0FE
:103C8800040222600A22DFF8D4E0654600E00B4611
:103C9800B3FBF2F102FB11301EF80000934205F865
:103CA800010DF4D2082A7FF455AF2368DB077FF5AE
:103CB80051AF626823699A423FF74CAF3023013D08
:103CC8002B7047E7002BE0D19EF8003004F1420545
:103CD80084F842303BE703686268191D01601D687B
:103CE80000212846FFF770F9002832D0401B606099
:103CF8002061002384F8433072E72268036812F0D9
:103D0800800F03F104051AD01B6805606F290CBFEA
:103D180008220A22DFF844E006E7012384F842106B
:103D2800236104F14205E4E70122036804F1420536
:103D3800191D1B68016084F842302261D9E712F02E
:103D4800400F0DBF1B6805601B880560DEE7198002
:103D580043E76068CCE700BF08F10008F4F000080A
:103D680010B50C46B1F90E1009F0D4FA002803DB9F
:103D7800636D0344636510BDA38923F48053A38155
:103D880010BD00BF002070472DE9F041B1F90C408B
:103D98009846E3050D461746B1F90E10064609D4B4
:103DA80024F48054AC8143463A463046BDE8F0419D
:103DB80009F0B7BA0223002209F0B1FAB5F90C40AC
:103DC800B5F90E10ECE700BF10B50C46B1F90E10AE
:103DD80009F0A5FAA389421C0EBF23F4805343F4CB
:103DE80080536065A38110BDB1F90E1009F09BBA2C
:103DF800F8B50D461446064608B1836943B3254B0A
:103E08009C422AD0244B9C4229D0244B9C4208BF78
:103E1800F468A269A389A2601A0722D5236903B3AB
:103E280022686169D31AEDB299422F4629DD013320
:103E3800A168501C0139A1602060157062699A421E
:103E480016D0A389DB0701D50A2D11D03846F8BD55
:103E580000F076FA0F4B9C42D4D17468D9E7B46865
:103E6800D7E72146304600F023F838B92369D7E769
:103E78002146304600F03AF90028E7D04FF0FF37E6
:103E8800E4E72146304600F031F90028F6D1012355
:103E98002268CDE7D0D40008B0D4000890D4000838
:103EA800024B0A4601461868FFF7A2BF000C002023
:103EB8003B4B70B51D6806460C460DB1AB69DBB1CE
:103EC800384B9C421ED0384B9C424AD0374B9C42C0
:103ED80008BFEC68B4F90C2093B2190718D520690B
:103EE80008B313F001022CD000226369A2605B4280
:103EF800A36160B3002070BD284600F021FA294B69
:103F08009C42E0D16C68B4F90C2093B21907E6D44E
:103F1800DD063CD5580726D4206942F00803A38162
:103F28009BB20028DDD103F42072B2F5007FD8D00F
:103F38003046214600F01EFCA389206913F00102D7
:103F4800D2D1990758BF6269A2600028D2D1B4F9CA
:103F58000C301A06CFD543F04003A3814FF0FF3051
:103F680070BDAC68B6E7616B51B104F14403994286
:103F780004D03046FFF7ACFAB4F90C200023636391
:103F88000023206922F02402C4E90003C5E70923BD
:103F980042F0400233604FF0FF30A28170BD00BF95
:103FA800000C0020D0D40008B0D4000890D4000839
:103FB80008B5062000F03EFD012009F0DBF900BF3E
:103FC8002DE9F0418F890C463A07804641D44B6869
:103FD800002B59DDE66A002E53D0002317F48052D7
:103FE800D8F80050216AC8F8003051D10123404662
:103FF800B047431C5FD0A789E66A216A7F0705D5C9
:104008006268636B801A0BB1236CC01A02460023E6
:104018004046B047461C45D1D8F80030B4F90C20CA
:10402800002B55D01D2B01D0162B5AD10022236905
:10403800C4E90032616BC8F8005011B304F14403BD
:10404800994202D04046FFF743FA00206063BDE87A
:10405800F0810E69AEB10D680E60B90714BF002378
:104068006369AD1BA3600AE02B463246A76A216A42
:104078004046B8470028A5EB000506440ADD002D98
:10408800F2DC0020BDE8F0810B6C002BA2DCF8E725
:10409800606DB3E7A3894FF0FF3043F04003A3817D
:1040A800BDE8F081002322696360A3892260DA04F5
:1040B800C0D56065BEE7D8F80030002B9BD01D2B1B
:1040C8000CD0162B0AD0A38943F04003A381D9E76B
:1040D8002169C4E90013D304ACD5EAE7C8F8005055
:1040E800CFE742F04002A281CCE700BF0B6923B3BF
:1040F80010B5044682B008B18369BBB1104B994230
:1041080012D0104B994216D00F4B994208BFE16864
:10411800B1F90C302BB1204602B0BDE81040FFF7D2
:104128004FBF002002B010BD6168F1E7019100F0B7
:1041380007F90199E2E7A168EAE70020704700BFA4
:10414800D0D40008B0D4000890D4000820B1054BA2
:1041580001461868FFF7CABF034B0449186800F006
:10416800B3BA00BF000C00208CD40008F54000084A
:1041780000207047014900F0A7BA00BFF5400008C9
:104188000020704770B568254A1E05FB02F50E46EB
:1041980005F17401FFF7F0F9044640B100210C3035
:1041A800666005F168022160A060FEF7F9FF20460D
:1041B80070BD00BF1E4B70B51D680646AB6943B3A2
:1041C8004835D5E90134013B05D51EE0013B5A1CB1
:1041D80004F1680419D0B4F90C20002AF6D100259E
:1041E800144B6566C4E90055A560C4E90455A5618A
:1041F8002946E360082204F15C00FEF7D1FFC4E918
:104208000D55C4E91255204670BD2C682CB12546C1
:10421800D7E7284600F010F8D2E704213046FFF728
:10422800B1FF044628600028F1D10C233360EAE787
:104238008CD400080100FFFF2DE9F84F0023334A12
:10424800C0E9123312680365904208BF0123304960
:1042580008BF836181620546FFF7ACFF68602846A6
:10426800FFF7A8FFA86028460024FFF7A3FF042350
:104278006E68E8602146F3607466C6E90044B4607D
:10428800C6E90444B46106F15C000822FEF788FF21
:10429800DFF888B0AF68DFF888A0DFF88890DFF82B
:1042A80088801C4BC6E9086BC6E90AA9C6F83080A5
:1042B8002146FB6008227C66C7E90044BC60C7E968
:1042C8000444BC6107F15C00FEF76AFFEE68124B1C
:1042D800C7E9087BC7E90AA9C7F830802146F36017
:1042E8007466C6E90044B460C6E90444B46106F1E2
:1042F8005C000822FEF754FF0123C6E9086BC6E9F3
:104308000AA9C6F83080AB61BDE8F88F8CD40008E4
:104318007D4100080900010012000200693D000803
:10432800913D0008D13D0008F13D0008024B0349CA
:10433800186800F0C9B900BF8CD40008F54000081F
:10434800836903B978E77047704700BF704700BFBB
:10435800704700BF704700BF024B0349186800F060
:104368008FB900BF000C002079410008024B0349B7
:10437800186800F085B900BF000C002089410008CA
:104388009368002B00F0FC802DE9F04FB1F90C3058
:104398000C469BB2190783B0824690462BD52269FA
:1043A8004AB313F00202D8F8006033D000273D4624
:1043B800D4F828B0216ADFF8C492C5B14D452B4620
:1043C8003A4628BF4B465046D847002840F3CE808F
:1043D800D8F8083007441B1A2D1AC8F80830002BE3
:1043E80000F0B380D4F828B0216A002DE6D1D6E9D0
:1043F80000750836E1E721465046FFF759FD0028C9
:1044080040F03781B4F90C30D8F800609BB213F053
:104418000202CBD113F0010940F0B4804D46A768E1
:104428002068002D55D09A0540F1C080AF42BB46A8
:1044380000F2EE8013F4906F2FD0D4E9041707EB45
:104448004707A0EB010B07EBD777681C7F10584490
:10445800B8423A4684BF07463A465B0540F1F080C9
:1044680011465046FFF788F8002800F0FC805A46AD
:1044780021690190FEF71EFEA289019B22F4906239
:1044880042F08002A281A7EB0B0203EB0B006761ED
:10449800AB462F4623612060A2605A46494600F089
:1044A800B3F92368A2685B44AB460025D71BA76015
:1044B8002360D8F80870D944A7EB0B07C8F8087030
:1044C800002F42D0B4F90C30A7689BB22068002DA9
:1044D800A9D1D6E900950836A3E70BF1080353F8EC
:1044E800047C9B4653F8086C0833002FF7D03A46F3
:1044F8000A213046FEF768FD002854D00130A0EBB1
:1045080006094B4620682169BB4228BF3B468842C2
:10451800626903D9A5681544AB421ADC9A4200F3D4
:1045280081801346A56A3246216A5046A847051E6F
:104538001CDDB9EB05096ED00120D8F808302E44EF
:104548005B1B7F1BC8F8083013BB002003B0BDE815
:10455800F08F31462A4600F057F9236821462B444C
:1045680023605046FFF7C2FD0028E2D0B4F90C30B2
:104578004FF0FF3043F04003A38103B0BDE8F08F54
:104588000020704733469146104617464E469B46D4
:10459800002FA2D00028B4D13A460A213046FEF7AF
:1045A80013FD0028AAD17B1C9946ABE723698342F7
:1045B80017D36269AA4214D82F4BA76A9D4294BFA9
:1045C8002B466FF0004393FBF2F3216A02FB03F3DF
:1045D80050464A46B847B0F1000BC7DDA5EB0B05BE
:1045E80067E7AF4228BF2F4649463A4600F00CF924
:1045F800A3682268DB1B3A44BB46A3602260002BF9
:10460800ECD121465046FFF771FD0028E6D0ADE712
:104618002F46AB4641E721465046FFF767FD002885
:104628008BD0A3E71A4631461D46019300F0ECF8FB
:10463800A1682268019BC91A1344A160236078E726
:10464800504600F04BF9034600287FF41CAF21695F
:104658005046FEF73DFF0C22B4F90C30CAF8002092
:1046680023F0800384E70C22B4F90C30CAF8002048
:104678007EE74FF0FF3069E7FEFFFF7F00FCFF7F1A
:104688002DE9F04110F148071AD088460026D7E9ED
:104698000154013D0ED4A389013D012B06D9B4F97B
:1046A8000E30013302D02046C04706436B1C04F18C
:1046B8006804F0D13F68002FE9D13046BDE8F081A9
:1046C8003E463046BDE8F0812DE9F84310F1480632
:1046D8001ED0884607464FF00009D6E90154013D2F
:1046E80010D4A389013D012B08D9B4F90E30013348
:1046F80004D021463846C04749EA00096B1C04F13A
:104708006804EED13668002EE7D14846BDE8F88344
:10471800B1464846BDE8F88370B50C46B1F90E10AD
:1047280096B0002916461D4613DB6A4608F00AFEB5
:1047380000280EDB019A4FF4806302F47042A2F560
:104748000052B2FA82F2002052092A60336016B091
:1047580070BD0022A3892A601B0604D540230020CF
:10476800336016B070BD4FF480630020336016B01C
:1047780070BD00BF8A890B46920706D5012103F157
:10478800470259611A601A61704770B582B001AB6F
:104798006A460C460646FFF7BFFF009905463046B5
:1047A800FEF7EAFEB4F90C3070B1164A0099B2620D
:1047B800019A43F08003A3812060C4E904018AB907
:1047C8002B43A38102B070BD9A05FBD4012123F0CD
:1047D800030304F1470243F00203A38161612260ED
:1047E8002261EFE73046B4F90E1008F0B7FD10B9B2
:1047F800B4F90C30E4E7A38923F0030343F0010381
:104808001BB2DDE77D4100088842F0B40DD98B1852
:1048180083420AD9841832B1224613F8014D9942CD
:1048280002F8014DF9D1F0BC70470F2A0ED80346A3
:10483800541E002AF7D001340C44013B11F8012B17
:10484800A14203F8012FF9D1F0BC704740EA0103F7
:104858009B073AD1A2F110073F0901F1200606EBA8
:10486800071601F1100300F1100453F8105C10331F
:1048780044F8105C53F81C5C103444F81C5C53F882
:10488800185C44F8185C53F8145CB34244F8145CA0
:10489800EBD17B1C1B0112F00C0F194402F00F0521
:1048A800034415D00E46043DAD0803EB850C1C1FD0
:1048B80056F8047B44F8047F6445F9D10135AD000E
:1048C8002B44294402F00302B2E7541E0346B2E720
:1048D8002A46ADE7704700BF704700BF09B3F8B577
:1048E8001446CAB106460D4600F0DCF8A04202D3D1
:1048F8002F463846F8BD21463046FEF73DFE0746AE
:104908000028F6D022462946FEF7D4FB3046294631
:10491800FEF7DEFD3846F8BD2746FEF7D9FD3846D6
:10492800F8BD1146FEF728BE10B580210446FEF7F3
:1049380023FE606440B10022031F7C3043F8042F3B
:104948008342FBD1002010BD4FF0FF3010BD00BFE7
:10495800436C0BB100207047E6E700BF1F2970B514
:10496800054608D8436C16460C464BB153F824004C
:1049780043F8246070BD16224FF0FF302A6070BDE6
:10498800FFF7D2FF08B96B6CF0E74FF0FF3070BD4E
:104998001F2938B5054620D8426C0C466AB152F832
:1049A800213053B1012B16D0591C10D000252046B8
:1049B80042F824509847284638BD284600F070F839
:1049C800224601462846BDE8384000F055B816236F
:1049D80001202B6038BD002038BD16234FF0FF3072
:1049E8002B6038BD1F2921D838B5436C05460C46C5
:1049F80083B153F8242003EB84034AB1511C10D02F
:104A0800012A0CD0002520461D609047284638BD55
:104A1800012038BDFFF788FF28B96B6CE9E7032050
:104A280038BD022038BD4FF0FF3038BD4FF0FF30A1
:104A3800704700BF024B01461868FFF7A9BF00BFC7
:104A4800000C0020024B0A4601461868FFF786BF93
:104A5800000C0020034B1868436C0BB10020704712
:104A680062E700BF000C0020024B01461868FFF700
:104A7800B9BF00BF000C002070B50D460023074CDD
:104A8800064611462846236008F06AFC431C00D0FD
:104A980070BD2368002BFBD0336070BD881E0020DA
:104AA80008F066BC51F8043C181F002BBCBF0B581B
:104AB800C018704708B538B921B1A92004F0E2F848
:104AC800012008BDAA20F9E70128F9D111B102F0A7
:104AD800A1F8F5E702F0B2F8F2E70220704700000B
:104AE80013B501F0DBFEFEF775F84FF07051FDF7D6
:104AF8002BFDFDF741FF234B0022FDF7FBFBFDF7E4
:104B080093FF0A2201A9C0B2FEF75CFA00211E48F1
:104B180003F074FA00211D4803F07FFA03F032FE17
:104B28001B4B10F0010FC4B24FF00001194808BF29
:104B3800184603F063FA184B14F0020F17484FF0A9
:104B4800000108BF184603F059FA154B14F0040F7A
:104B580014484FF0000108BF184603F04FFA00212F
:104B68000A4803F05AFA00210F4803F047FA01A84F
:104B7800002103F043FA00210C4803F04EFA02B07A
:104B880010BD00BF0000594054D50008D0E000080F
:104B9800F9D40008F0D40008FCD4000802D50008B5
:104BA80011D5000808D500081AD5000825D5000831
:104BB800012070470120704708B5FFF7FBFF08BDCB
:104BC800704708B5FFF7FCFF08BD000013B502AB3E
:104BD80003E903000F4B1B78B3B99DF80230009826
:104BE80073B16AB104F054FE04460146009804F01B
:104BF8000FFE2046009902B0BDE8104003F044B80B
:104C080004F028FE0446F4E7009804F041FE0099F9
:104C1800F1E700BF6610002003460A46006899883D
:104C2800FFF7D4BF10B504460021FFF7F5FF214672
:104C3800FFF7C7FF10BD10B5012404FA02F204FA09
:104C480001F111439C4031EA00030CBF2043A0430B
:104C580010BD000008B513460A460146034800681F
:104C6800FFF7E9FFBDE8084004F086BDB810002052
:104C780008B500F001FBBDE8084000F01EBB00F0DD
:104C880021BB704708B504F02CFAFFF7FAFF46F28B
:104C9800A81006F0B6FCBDE8084005F08BB9000086
:104CA80038B501210546FFF7B7FF2946044602F04B
:104CB8004FFE08B9002038BD29462046FFF77CFF83
:104CC8000028F7D02946204603F044FB0028F1D0FD
:104CD8002946204603F098FB0028EBD029462046B9
:104CE80003F06CFC0028E5D02946204602F048FC79
:104CF8000028DFD0AB787BB145F65A539C4232D0BE
:104D08000ED845F601439C4218D045F6DE439C4236
:104D180026D0B4F5B84F0ED02846FFF749FFCAE7AA
:104D280045F65B539C4221D045F65C539C42F3D137
:104D380004F04EFEF0E7FFF7A5FFBBE70D4A107839
:104D4800C0F3000383F0010363F3000010F00104D3
:104D5800107003D0084805F081FCABE70748FAE774
:104D680004F0B4FFA6E704F03FFED5E704F03FFEE9
:104D7800D2E700BFF010002094D50008A5D50008A0
:104D8800F8B5174B1749C2081F5C174B8D5C1749BC
:104D98009B5C00F007008E5C0341054113F00104A1
:104DA80046FA00F005F0010500F0010602D0E12006
:104DB80003F076FE15B1E62003F072FE384603F0E4
:104DC80061FF15B1E62003F0EFFE14B1E12003F016
:104DD800EBFE26B1BDE8F8402C2003F053BFF8BD28
:104DE800D7D50008B7D5000857D60008C7D500089A
:104DF8002DE9F04104460E464FF00A08214F20786D
:104E080000283CD0012837D16378012B0ED1A07837
:104E1800A51C03F037FF2C4635460134013DEDB2A1
:104E2800FF2DECD0642006F0ECFBF7E7022B04D151
:104E3800A078A51C03F034FEEDE7032B04D1A0787D
:104E4800A51C03F0B1FEE6E7042B01D00134E3E72B
:104E58002246002512F8023FD95D1446490705D4B9
:104E6800013DD9D3642006F0CCFBF9E7303B08FBC1
:104E7800053512F8013FEFE7FFF782FFCCE7BDE801
:104E8800F08100BF89D300080021FFF7B1BF0309F3
:104E980043EA0010C0B28300801000F0330003F032
:104EA800CC03034358005B1003F0550300F0AA003D
:104EB80018437047704708B5FFF7FCFF08BD01208D
:104EC800704708B5FFF7FBFF08BD10B50446FFF7AC
:104ED800F2FF2046FFF7F5FF10BD0020704770472E
:104EE800014B33F81000704796D6000813B5ADF89B
:104EF8000410019902F0C8FE00F0CCF8B0F5A04FFC
:104F0800044630D2B0F5804F80F08A80E72817D861
:104F1800DF280AD8A7280BD8A4286AD8012804D0E3
:104F2800031F9BB2A12B28BF0024204602B010BD4E
:104F3800BE2864D9C03880B21F286AD90024F4E793
:104F4800B0F5405F09D2B0F5005F60D2FF2854D8B1
:104F5800EF28F3D940F4A04024E00205C3B25CD4A2
:104F680043F44044E1E7B0F5AA4F1DD2B0F5A84F8D
:104F7800C3B275D2B0F5A64F0AD2B0F5A44F64D229
:104F8800B0F5A24F51D34AF2F10040EA0324CCE72E
:104F980001209C0803F0030300FA03F343EA4410DA
:104FA80040F40A4084B2C0E7B0F5B44F0FD2B0F570
:104FB800B24F61D2B0F5AC4F55D3A0F5B0439BB218
:104FC800FF2BBBD84AF2F00040EA0420EAE7A0F53C
:104FD800C0439BB2B3F5005FB0D2C0F3042000F029
:104FE800D9F8030203F4F853E4B21C4344F4005420
:104FF8009BE7A0F1240444F48044A4B295E7244B31
:105008005834E4B233F8140040F488448DE7C0F310
:105018000B00FFF765FF044687E743F4484484E73D
:10502800C0F30B0040F420447FE7C3F38104C0F3CE
:105038000110640144EA0024012003F0030300FA8C
:1050480003F31C4344F40C40ACE701209C0803F034
:10505800030300FA03F343EA441040F40C40A1E7C9
:105068004AF2F40091E7C0B200F094F8000200F4AC
:10507800F85040F4005458E700F00F0000F08AF8A8
:10508800C4F3031440EA042040F410408AE700BF48
:1050980068D60008E7284DD8DF2807D8312861D01E
:1050A8000ED8292857D02A2863D07047A0F1E003EA
:1050B800072B3FD8DFE803F0123E2126303E3A3F67
:1050C800392804D0822802D035283DD07047304B8B
:1050D8001B7813F0030F18BFE02070472C4A137891
:1050E800D9074DD4527812F0010F23D013F0100FC6
:1050F80008BFE32018BF00207047254B1B7813F02A
:10510800040FF2E7224A137859073BD45278D207A2
:105118003AD413F0100FEDE71D4B5A78910709D5D3
:105128001B7813F0100F08BFE720E3E7184B1B7834
:105138001A07F6D47047164A1378190726D45278F6
:105148009207E6D5E420F5E7114B1B7813F0200F02
:1051580018BF292070470E4B1B7813F0200F18BF7B
:10516800352070470A4B1B7813F0400F18BF2A20D0
:105178007047074B1B7813F0400F18BF312070475A
:1051880039207047E2207047E0207047E6207047DA
:1051980004140020294B1A78510707D500F018018C
:1051A800082927D100F0F70040F00400110707D5BF
:1051B80000F01801182926D100F0E70040F014008B
:1051C8005B78D90707D500F01801082924D100F029
:1051D800F70040F00100990707D500F01803182BD5
:1051E80023D100F0E70040F01100D30648BF00F0DB
:1051F800E700704700F01401042904BF00F0FB0029
:1052080040F00800D2E700F01401142904BF00F0B0
:10521800EB0040F01800D3E700F01101012904BFAA
:1052280000F0FE0040F00800D5E700F01103112B54
:1052380004BF00F0EE0040F01800D6E70414002088
:1052480002F062BB08B500F0E7F84FF47A7006F098
:10525800D8F900F0E1F8042000F038F8830705D504
:10526800FFF7EEFFBDE8084004F0A4BE08BD08B58E
:10527800FFF7E8FF08BD000008B504F0A5FC08B971
:1052880004F024FD04F0AAFC084B187004F0ACFCF0
:10529800074B1880FFF7EBFF04F0A3FC04F04BFA70
:1052A800044B1868BDE8084004F061BAF01000200B
:1052B80004140020B8100020704708B5FFF7FCFF61
:1052C80008BD704708B5FFF7FCFF08BD014B185C27
:1052D800704700BF0B1400202DE9F0410F4805F07E
:1052E800BDF900240E4DDFF848800E4F0E4E2146C2
:1052F800404605F0B3F9384605F0B0F915F8010B4A
:10530800FFF7C5FD0146304605F0A8F90134074806
:1053180005F0A4F9052CEAD1BDE8F08196D600087D
:105328000B140020F5DD0008AAD60008CFE000081D
:10533800A5D60008032006F064B900BF00BF00BF6F
:1053480000BF00BF00BF00BF00BF00BF00BF00BF5D
:1053580000BF00BF00BF00BF00BF00BF00BF704755
:1053680008B5FFF7E7FF08BD08B5202383F31188C8
:10537800012100F00F039940032220F00F0007F0ED
:105388002FF9002383F3118808BD000008B51748DA
:10539800FFF7EAFF1648FFF7E7FF1648FFF7E4FFB5
:1053A8001548FFF7E1FF1548FFF7DEFF1448FFF740
:1053B800DBFF1448FFF7D8FF1348FFF7D5FF134862
:1053C800FFF7D2FF00231249124A05200B70137011
:1053D8004B7053708B709370CB70D3700B711371CB
:1053E80000F078F8BDE80840FFF742BC0908014022
:1053F8000D0C01400E0C01400F0C0140030C014044
:10540800080C0140090C01400A0C01400B0C01403A
:10541800061400200B1400202DE9F84F002505265E
:105428004FF00108A946DFF8A8A0264F5AF8044B08
:10543800202383F3118824F00F0B04F00F0408FADB
:1054480004F406222146584607F0CAF8CBF814405F
:1054580089F31188FFF771FF00210C461A4850F8AC
:10546800043B23F00F02926803F00F0322FA03F3C0
:10547800DB074EBF002308FA01F253B20131234380
:105488000429DCB2EBD15AF8040CFFF76DFFFFF7E3
:1054980067FF3B78013EA34216BF012300233C70FF
:1054A80016F0FF0645EA030507F10107BED12B46B2
:1054B80005220649034800F00FF8FFF7E0FB2846ED
:1054C800BDE8F88F06140020B0D600080B140020A1
:1054D800C0D6000870470000F8B506460F461546C6
:1054E8000D4C2BB10123237004F058FD0B4B188091
:1054F80023782BB1094B188804F055FD052808D8E6
:10550800F8BDF25CFA5401339D42FADC00232370A3
:10551800F6E70023F8E700BF7C0F00207E0F00208D
:1055280008B5054805F09AF8BDE8084001220521AC
:10553800024805F093B800BFD4D60008CFD70008BA
:105548000138052841D8DFE800F0030E18222C3670
:105558001E4A1F4813781944FE29CCBFFF21C9B23F
:10556800117005F07BB81B4A1B4813781944FE29B3
:10557800CCBFFF21C9B21170F3E7184A1848137855
:105588001944FE29CCBFFF21C9B21170E9E7154AB9
:10559800154813781944FE29CCBFFF21C9B21170F0
:1055A800DFE7124A124813781944FE29CCBFFF21BD
:1055B800C9B21170D5E70F4A0F4813781944FE296C
:1055C800CCBFFF21C9B21170CBE77047640C002033
:1055D8001DD80008650C00202CD80008660C002097
:1055E8003ED80008670C002051D800086A0C00203B
:1055F80066D800086B0C00207FD800080138052801
:1056080041D8DFE800F0030E18222C361E4A1F4846
:1056180013788B4292BF0021591AC9B2117005F054
:105628001DB81B4A1B4813788B4292BF0021591A98
:10563800C9B21170F3E7184A184813788B4292BF21
:105648000021591AC9B21170E9E7154A15481378AB
:105658008B4292BF0021591AC9B21170DFE7124A72
:10566800124813788B4292BF0021591AC9B211709F
:10567800D5E70F4A0F4813788B4292BF0021591A79
:10568800C9B21170CBE77047640C00201DD8000820
:10569800650C00202CD80008660C00203ED80008B5
:1056A800670C002051D800086A0C002066D8000852
:1056B8006B0C00207FD8000810B501460446054849
:1056C80004F0CCFF0120A04004F035F8BDE81040FC
:1056D80003F007BD9AD80008431F10B53E2B00F20F
:1056E800B481DFE813F01B010C0121013F00B20176
:1056F800B2010A01B201B2014A01B201590199018C
:10570800B201B201B201B2017901B201B20168017C
:10571800B2013601B201B201B001B001B001B0016D
:10572800B001B001B001B001B001A901B2011B0183
:105738000301B201B201B201B201B201B201B20178
:10574800B201B201B201A901B201B2010A01B2016A
:10575800AD01AD01AD01AD01AD01AD01AD01AD01D1
:10576800AD01A901BB4804F079FFBB4804F076FFFE
:1057780004F037FA0146B94804F070FFB84804F05D
:105788006DFF04F02BFA0446B64804F067FF214683
:10579800B54804F063FFB24804F060FFB34804F072
:1057A8005DFF04F00101AD4804F058FFAC4804F077
:1057B80055FFAF4804F052FFC4F34001A74804F076
:1057C8004DFFA74804F04AFFAA4804F047FFC4F376
:1057D8008001A24804F042FFA14804F03FFFA64818
:1057E80004F03CFFC4F3C0019C4804F037FF9C4818
:1057F80004F034FF04F0F8F90446A04804F02EFF42
:105808002146994804F02AFF954804F027FF9C4850
:1058180004F024FF04F00101904804F01FFF9048B1
:1058280004F01CFF974804F019FFC4F340018B48AB
:1058380004F014FF8A4804F011FF934804F00EFFA7
:10584800C4F30021854804F009FF854804F006FFE9
:105858008E4804F003FFC4F34021804804F0FEFEA4
:105868007F4804F0FBFE8A4804F0F8FEC4F3800188
:105878007A4804F0F3FE7A4804F0F0FE854804F014
:10588800EDFEC4F3C001754804F0E8FE744804F066
:10589800E5FE814804F0E2FEC4F300116F4804F00D
:1058A800DDFE6F4804F0DAFE7C4804F0D7FEC4F34E
:1058B80040116A4804F0D2FE694804F0CFFE7848E7
:1058C80004F0CCFEC4F38011644804F0C7FE6448B9
:1058D80004F0C4FE734804F0C1FE6048C4F3C0116C
:1058E80004F0BCFE5E4804F0B9FE04E06E4804F023
:1058F800B5FE04F0EBF901200FE06C48F3E76C4AC1
:105908006C48137823F00F03137004F0A7FE6A485D
:1059180004F0A4FE0120694B187010BD684804F01B
:105928009DFEFFF7AFF9E6E7614C2378C3F3000269
:1059380082F0010262F300032370DB0701D561489E
:10594800D1E7614804F08AFE237823F00E03237020
:10595800D1E7574C2378C3F3400282F0010262F387
:1059680041039807237006D5584804F077FE23783A
:1059780043F00103EBE75648B5E74D4C2378C3F3F2
:10598800800282F0010262F382035907237001D575
:105998005048EAE75048A6E7454C2378C3F3C002CD
:1059A80082F0010262F3C3031A07237001D54B4842
:1059B800DBE74B4897E74B4804F050FE4A4804F0B1
:1059C8004DFE4A4804F04AFE494804F047FE49485B
:1059D80004F044FE484886E7484804F03FFE02F0D9
:1059E800C9FE0146464804F039FE464B4648197838
:1059F80004F034FE454B4648197804F02FFE454B19
:105A080045481978C90904F029FE04F0A5FA0146A9
:105A1800424804F023FE6EE703F063FB3D490B7830
:105A2800C3F3C01282F0010262F3C7130B701B06A6
:105A38004CBF3B483B4856E70020FFF73DFE5AE77E
:105A48003938C0B2F9E71D38FBE7374804F006FEDD
:105A5800002062E79FD80008AAD80008BAD8000832
:105A6800CFE00008BDD80008A5D60008D0D80008A7
:105A7800DAD80008E4D80008F0D80008F9D80008F7
:105A88000DD9000826D900083DD900084FD90008CB
:105A980061D9000873D9000885D900088FD9000892
:105AA800A1D90008BDD90008C5D90008D6D9000871
:105AB800F010002088DB0008AFDB0008800F002012
:105AC800B3DB0008CFDB0008DBDB0008E8DB0008FD
:105AD800F5DB000803DC000812DC000822DC000803
:105AE8002EDC00083BDC00084ADC00088CDC0008DF
:105AF800A3DC0008DDDC00081EDD00082ADD000844
:105B080038DD0008380F002052DD0008541300204B
:105B180069DD0008041400207CDD000894DD00081D
:105B2800ABDD0008B5DD0008C0DD000800207047C7
:105B3800002070471E38C0B209289ABF014B185C74
:105B4800002070475ADE0008F8B5834E05463478C1
:105B58003746012C14D0022C43D0002C40F0F8809A
:105B680003F048FF22283AD12846FFF7DFFF18B98B
:105B78002846FFF7B1FD00E0012000F00100F8BD64
:105B880003F038FF2228284605D1FFF7CFFF002869
:105B9800EED02046F1E7FFF7CBFF00BB142D14D061
:105BA80008D80B2D0AD0102D12D06C4804F056FDE1
:105BB8000020E4E7292D08D0382DF6D1684804F0F4
:105BC8004DFD684804F04AFD2AE000203870D6E709
:105BD800FFF7A6FC644804F041FD02233370204619
:105BE800CDE729283DD01DD8132845D006D8072849
:105BF80000F098800B2831D05848E3E7142830D0BB
:105C0800A0F11E05052DF7D8FFF794FF574B187024
:105C1800564B1978002900F09980554804F01EFD6C
:105C28000120ACE7382819D0A0F14B05EBB2072BBF
:105C3800E2D8072DE0D801A353F825F0255D000828
:105C4800015C0008015C0008295D0008015C00088F
:105C5800015C0008195D00080D5D0008FFF760FC95
:105C6800D6E7424B1A7812B100221A70D0E73D48A5
:105C780004F0F4FC0120A9E73E4804F0EFFC3E489C
:105C880004F0ECFC3D4B3E48197804F0E7FC3D4835
:105C980004F0E4FC3C4804F0E1FC3C4B384819783B
:105CA80004F0DCFC374804F0D9FC394804F0D6FC91
:105CB800384B3348197804F0D1FC324804F0CEFC54
:105CC800354804F0CBFC354B2D48197804F0C6FC58
:105CD8002C4804F0C3FC324804F0C0FC314B28487F
:105CE800197804F0BBFC274804F0B8FC2E4804F0EF
:105CF800B5FC2E4B2248197804F0B0FC214804F07A
:105D0800ADFC85E70121194B1878FFF719FC7FE7EF
:105D18000121164B1878FFF771FC79E70A21F2E7A1
:105D28000A21F6E71E22154B21481A703222174B1A
:105D38001A700A22174B1A701422184B1A7008226C
:105D4800184B1A702822194B1A70D8E7194839E7E6
:105D58000020307013E700BF800F0020C0DD00086E
:105D680088DB0008AFDB0008C2DD0008810F0020D7
:105D780051DE0008C6DD0008D4DD0008640C0020F0
:105D8800BAD80008CFE00008E6DD0008650C00205E
:105D9800F8DD0008660C002007DE0008670C00200C
:105DA80018DE00086A0C00202DDE00086B0C0020AD
:105DB80044DE000857DE0008194B1B78D90709D5BF
:105DC800184B187800EB800080087F2823D820B370
:105DD800C0B270479A0705D5124B187800EB8000BF
:105DE8004008F2E75B0704D50E4B187800EB8000FB
:105DF800EBE70D4B1B7863B10C4A0A491278087817
:105E08009342F3D2584300EB8000B0FBF2F080B22B
:105E1800DBE70520DCE77F2070470120704700BFE3
:105E28008C0F0020660C00208D0F0020670C0020CE
:105E3800144B1B78D90705D5134B18788008F8B18F
:105E4800C0B270479A0703D50F4B18784008F6E799
:105E58005B0705D50C4B18787F28F0D97F20704751
:105E68000A4B1B7853B10A4A0749127808789342BB
:105E780036BF584380B2B0FBF2F0EDE70120DFE710
:105E8800012070478C0F00206A0C00208E0F002024
:105E98006B0C0020F02808B505D1FFF78DFF4042B4
:105EA800294BD87008BDF12802D1FFF785FFF7E725
:105EB800F22805D1FFF780FF4042234B9870F1E7A5
:105EC800F32802D1FFF778FFF7E7F92804D1FFF7A5
:105ED800AFFF1D4B1871E5E7FA2803D1FFF7A8FFBC
:105EE8004042F6E7FB2805D1FFF7A2FF4042164BD8
:105EF8005871D7E7FC2802D1FFF79AFFF7E700F1BE
:105F08000C03DBB2042B08D801230F4AF43803FA38
:105F180000F0537818435070C4E7FD2805D10B4AA8
:105F2800137843F001031370BCE7FE2804D1074A35
:105F3800137843F00203F6E7FF28B3D1034A137836
:105F480043F00403EFE700BF860F00208C0F00200A
:105F5800364BF02893F902200AD193F9031000294F
:105F68000CDA0021D97052B90021314A117006E0CB
:105F7800F1280DD193F903100029F2DC72B11A79D6
:105F88005B7913435AB2002B4FD12A4B1A707047D2
:105F9800F22806D1002AF1DA00229A7093F9032038
:105FA800E1E7F32802D1002AF6DCE7E7F92893F9BC
:105FB800041004D10029E1DD00211971DEE7FA2877
:105FC80002D10029DADAF7E7FB2893F9051004D1A2
:105FD8000029D3DA00215971D0E7FC2802D1002921
:105FE800F8DCCBE700F10C01C9B2042907D801217C
:105FF800F4388140587820EA01005870BEE7FD283F
:1060080005D10D48017821F001010170B6E7FE289D
:1060180004D10948017821F00201F6E7FF28ADD143
:106028000548017821F00401EFE77047860F00204A
:106038008D0F00208E0F00208C0F00202A4B10B5EA
:106048001B782A4C13F0080F39D0294804F006FBB6
:106058006178284804F002FB274804F0FFFA94F915
:106068000210264804F0FAFA254804F0F7FA94F9E1
:106078000310224804F0F2FA214804F0EFFA94F9E8
:1060880004101E4804F0EAFA1D4804F0E7FA94F9EF
:1060980005101A4804F0E2FA1A4804F0DFFA1A4B1D
:1060A8001A48197804F0DAFA194804F0D7FA194BA3
:1060B8001648197804F0D2FA174804F0CFFA03F01A
:1060C8006DFFE378A278134318BF144B227918BFE9
:1060D80018806379BDE8104013431CBF104B18802B
:1060E800024802F09BBB00BFF0100020860F002082
:1060F80064DE0008A5D6000800D5000887DE000881
:1061080029D500088ADE00088D0F0020BAD80008BB
:106118008DDE00088C0F0020A0DC0008820F002014
:10612800840F002000232DE9F047564C94F9028093
:1061380094F9037094F9046094F90550A370E3701E
:106148002371637158EA070394F800A094F801904A
:106158000AD04D4B188803F026FF4C490B783BB307
:106168004B4A127890422EDC56EA05030BD0494B75
:10617800188803F018FF48490B78002B4ED0474A7F
:106188001278904255DCE278A378134322791343BE
:106198006279134301D0FFF751FF84F800A084F817
:1061A800019084F80280E77026716571BDE8F08778
:1061B8003B4A92F800C00A2202FB0CF29042D3DD5F
:1061C80001330B7001E0FF2BFAD1B8F1000F08D0B2
:1061D800FFF7F2FDB8F1000FCCBF0123FF234343C3
:1061E800A3703FB1FFF7E8FD002FCCBF0123FF23C9
:1061F8004343E37094F90220002AB5D094F90310C0
:106208000029B1D0B5235A434B43121208BF0122CB
:106218001B1208BF0123A270E370A5E7214A92F878
:1062280000C00A2202FB0CF29042ACDD01330B7075
:1062380001E0FF2BFAD13EB1FFF7FAFD002ECCBFEB
:106248000123FF23434323713DB1FFF7F1FD002DE7
:10625800CCBF0123FF234343637194F90420002A30
:1062680091D094F9051000298DD0B5235A434B439A
:10627800121208BF01221B1208BF01232271637189
:1062880081E700BF860F0020820F00208D0F0020BD
:10629800650C0020840F00208E0F0020690C002060
:1062A800640C0020680C00200023054A13609380CA
:1062B800044A1370044A1370044A1370704700BFED
:1062C800860F00208D0F00208E0F00208C0F0020DD
:1062D80008B500F063F940F2FF3008BD08B504487E
:1062E80000F014F9BDE80840024800F00FB900BFFB
:1062F80000F8010800FC0108B0F5806F2DE9F041B5
:10630800884602D30020BDE8F0814FF6FF724500B1
:1063180005F1006404F5FC34238846129BB29342CD
:1063280004D1204600F014F980B2ECE7B602124F0F
:1063380006F1006606F5FC364FF4806231463846B1
:10634800FCF7B8FE23789845DCD040F2FE302840B0
:1063580007F80080304600F0D9F80024395D61F074
:10636800FF014B1C03D089B2301900F0F1F8023458
:10637800B4F5806FF2D1D7E71014002080B2400046
:1063880000F1006000F5FC300078704780B2FFF73C
:10639800B3BF83B25B0003F1006303F5FC331A78E3
:1063A800431C9BB25B0003F1006303F5FC331878D0
:1063B80042EA0020704738B50D4684B22046C9B27B
:1063C800FFF79AFF601C290A80B2BDE83840FFF742
:1063D80093BFFFF7F0BF10B583B25A0002F1006215
:1063E80002F5FC3211785A1C92B2520002F1006296
:1063F80002F5FC3214789A1C92B25200033302F16F
:1064080000629BB202F5FC325B00127803F1006374
:1064180003F5FC331878130443EA04230B4343EAD7
:10642800006010BDF8B50C4680B2471CBFB24300EF
:106438007A0003F1006302F10062861C03F5FC3365
:1064480002F5FC32B6B2197892F800C0720002F177
:106458000062C51C02F5FC32ADB213786A0002F185
:10646800006202F5FC321B04127843EA0C230B434A
:1064780043EA0263A34212D0E1B2FFF73DFFC4F33F
:1064880007213846FFF738FFC4F307413046FFF7C6
:1064980033FF2846210EBDE8F840FFF72DBFF8BDB1
:1064A8000B4BDA68D0070CD4DA6851070BD4DA68DA
:1064B800D2060AD4D86800F00100C0F10500C0B2C5
:1064C800704701207047022070470320704700BFC3
:1064D8000020024073B504460025FFF7E1FFFF26C0
:1064E80001280FD114B9062002B070BD019501969C
:1064F800019B1BB9FFF7D4FF013CF1E7019B013B6E
:106508000193F5E7002C08BF0620EDE738B50546EE
:1065180040F6FF70FFF7DEFF052815D10B4C40F65B
:10652800FF70236943F0020323616561236943F027
:1065380040032361FFF7CEFF06281EBF236923F01F
:10654800020323613423E36038BD00BF002002400A
:10655800104B00F178429A4270B505460E4616D89F
:106568001F20FFF7B7FF052810D10B4C1F20236908
:1065780043F0010323612E80FFF7ACFF06281EBFFE
:10658800236923F0010323613423E36070BD0720EE
:10659800FCE700BFFEFF070000200240034B044A4F
:1065A8005A6002F188325A60704700BF00200240EA
:1065B800230167457FB510F47F4F0B460190C0F368
:1065C8000721C0F3074217D10BB1304B9A5C8DF805
:1065D8000C208DF80D208DF80E2000209DF80C3031
:1065E80063F307009DF80D3063F30F209DF80E301C
:1065F80063F3174004B070BD9DF8046063B3234B88
:106608009A5C0625FF2375436FF05404B5FBF3F538
:106618006C4304EB460404EB4404E4B2581A04FB4C
:1066280001F3C4F1FF0461431B120912C3F1FF0314
:10663800C1F1FF01504353435143C0F30720C3F353
:106648000723C1F30721D2B2062D19D8DFE805F0D8
:106658000608110F1418060092B2D2E713460A462C
:106668008DF80C208DF80D308DF80E00B5E7114629
:106678001A4603460846F3E70B4611460246F9E771
:106688001146024618460B46EAE700BF69E30008D0
:10669800012184B004B0FFF78DBF704784B004B007
:1066A800FFF7F6BF13B58DF802208DF800008DF8BE
:1066B800011000981C46FFF7F1FFC0F30743C0F331
:1066C800072262702070A37002B010BD802A28BF14
:1066D8008022FFF7E7BF0000094A137813F0FE0F86
:1066E80009D1012161F347031370D378802B84BF4C
:1066F8008023D3707047552BF7D92A21F2E700BFC2
:10670800101800200820FFF766BE08B5FFF7E4FF61
:10671800BDE8084001460820FFF784BE014B186811
:10672800FFF7F3BF101800200022034B03481A712B
:106738001860FFF7EABF00BF101800200300FF80B1
:1067480038B51C4C2378D90732D51B4803F086FF8F
:106758002378DA072CD5194D1948297801F0010159
:1067680003F07CFF2378DB0722D5297815484908F0
:1067780003F074FF2378D8071AD56978124803F014
:106788006DFF2378D90713D5A978104803F066FF61
:106798002378DA070CD5E9780D4803F05FFF2378F2
:1067A800DB0705D529790B48BDE8384003F056BF0B
:1067B80038BD00BFF01000208FDE00081018002040
:1067C800A8DE0008C5DE0008E0DE0008FADE0008E2
:1067D80014DF00082EDF0008034B1B7813F00100BC
:1067E80018BF5808704700BF10180020054B1A79C9
:1067F800022A9CBF01321A7110B11868FFF785BFD1
:10680800704700BF101800200120FFF7EFBF0000FD
:10681800044B1A790AB1013A1A7110B11868FFF7D6
:1068280074BF7047101800200120FFF7F1BF000067
:10683800014B1879704700BF1018002038B50B4C71
:106848000B4D207159B12068FFF75FFF2B78DA07ED
:106858000BD521790748BDE8384003F0FFBE2B78F7
:10686800DB0702D501460448F5E738BD10180020BB
:10687800F01000204ADF00086BDF00080021FFF756
:10688800DDBF0000014B5878704700BF101800208A
:10689800014B9878704700BF10180020014BD8783A
:1068A800704700BF1018002000F030BF104B70B5C3
:1068B8001B78104D13F0010369780F4806D02B7828
:1068C80003EB43031844FFF7EFFF70BDAA78EE7897
:1068D80002EB42040444964204F10304EFD9013266
:1068E80004F8023C04F8033C04F8013CD2B2F2E795
:1068F800101800206F0C0020181800200E4B70B4E0
:106908001B78DB0716D50D4C0D4EA378E57803EB05
:1069180043043444AB4204F1030402D370BCFFF7D0
:10692800C5BF013304F8020C04F8031C04F8012C59
:10693800DBB2EFE770BC7047101800206F0C002026
:1069480018180020094B07B51B78DB070AD501ABDF
:10695800FFF7BCFE9DF806209DF804109DF8050081
:10696800FFF7CCFF03B05DF804FB00BF1018002050
:1069780010B50446054B0279054958788A5C997820
:10698800FFF7E0FF23790133237110BD10180020B1
:1069980069E2000810B50446044B0079DA78997862
:1069A800FFF7D0FF23790133237110BD10180020A1
:1069B80037B5164C0546207838B901AB8022FF213F
:1069C800FFF770FE9DF8053023702979012911D051
:1069D800022913D0B1B90A462078FFF78FFF0322A6
:1069E8002B790133B3FBF2F202EB42029B1A2B71B3
:1069F80003B030BD002221781046EEE7002022784F
:106A08000146EAE7002210461146E6E7E90F0020B2
:106A18002DE9F04F474D89B095F800C006461CF0A7
:106A2800010F8846174604932DD0434C4FEA5C0368
:106A3800E45CDFF820E10CF0FE0CBCF1020FDFF89B
:106A480018918EF8004021D107ABFFF73FFE9DF863
:106A58001E209DF81C109DF81D00FFF74FFF049B9A
:106A68006E7085F80280EF70002B59D02868FFF708
:106A78004CFE99F80030DA0705D5EB78AA786978E2
:106A88002E4803F0EBFD09B0BDE8F08F022C01D1D0
:106A9800EF78E4E7062C01D16E78E0E7092CFBD00B
:106AA800192CDCD14FF0000A193B03F001020292C5
:106AB80082F001020392224AC3F3460312F803B09C
:106AC800204B5FFA8AF11B798B4202D8FFF7EEFE62
:106AD800C5E70BFB01F4B4FBF3F4029BE4B2EBB99A
:106AE800344499F80030E4B2D80708D52246039B0D
:106AF8001548CDF800B0059103F0B0FD0599114B8C
:106B08003A469B7820461944104B01EB41010B444F
:106B18004146FFF7DBFD0AF1010AD1E7341BE0E744
:106B280099F80030DB07AED53B4642463146084867
:106B3800A7E700BF101800203EE20008B5DF0008F4
:106B480028E200086F0C00208EDF000818180020CB
:106B5800DADF0008EC0F0020F0100020054910B41F
:106B68004C7803460834CA78E0B2897810BCFFF73D
:106B78004FBF00BF101800200120FFF7EFBF000033
:106B8800054910B44C780346083CCA78E0B28978C5
:106B980010BCFFF73DBF00BF101800200120FFF711
:106BA800EFBF000010B4064C0346A178E27811311B
:106BB800FF2928BFFF216078C9B210BCFFF728BFA2
:106BC800101800200120FFF7EDBF000010B4064C9C
:106BD8000346A178E278113921EAE1716078C9B2F7
:106BE80010BCFFF715BF00BF101800200120FFF7E9
:106BF800EDBF000010B4064C0346E278A1780832D5
:106C0800FF2A28BFFF226078D2B210BCFFF700BF6E
:106C1800101800200120FFF7EDBF000010B4064C4B
:106C28000346E278A178083A22EAE2726078D2B2A2
:106C380010BCFFF7EDBE00BF101800200120FFF7C1
:106C4800EDBF0023FFF7E4BE2DE9F041044600251F
:106C5800134EDFF85480134F3179E8B281420DD8D2
:106C6800FFF724FEA37813F0010F237914BF013333
:106C780003F1FF335BB22371BDE8F081FF22B2FB61
:106C8800F1F2B3782179034402FB001003EB4303CC
:106C9800FA78B9784344C0B2FFF718FD0135DBE74D
:106CA8006F0C002010180020181800202DE9F74F4D
:106CB80083784FF0000913F0010F0CBF4FF0010B60
:106CC8004FF0FF3B294E2A4D33795FFA89F8434547
:106CD8000CD8FFF7EBFDBBF1010F2B783FD103B9BF
:106CE8003379013B2B7003B0BDE8F08F00242746B1
:106CF800B2782049424402EB420253185C70DFF834
:106D080078A054545FFA8BF29C7000922A7822443F
:106D1800D1B252B2102A1BDD02F00F0242450ED149
:106D28009AF80310C7F104024A439AF801009AF846
:106D38000210C2F387020193FFF7C8FC019B009A77
:106D480001371444042FE4B2E0D109F10109BBE78B
:106D5800002ABFBF054A1279521852B2DEE73179CC
:106D68000133B3FBF1F201FB1233BBE76F0C0020D8
:106D7800EA0F0020181800201018002000212DE923
:106D8800F8432C4C2C4DA378E07803EB43022A44BB
:106D9800984202F1030220D80027284EDFF8A0907D
:106DA800DFF8A4802279F9B28A421FD8FFF77EFD66
:106DB800234D24482A78017833780A4452B20B4488
:106DC8005BB2002A33702A7003DD2279013A9342BC
:106DD80001DB49420170BDE8F883013302F8021C67
:106DE80002F8031C02F8011CDBB2D1E7B1FBF2F395
:106DF80002FB1313A278134496F90020DBB29142E8
:106E08004FEA430213440EDB99F9000081420ADC81
:106E180098F8032098F8021098F801002B44FFF71F
:106E280055FC0137BEE70022E9184A70EA548A7017
:106E3800F7E700BF6F0C002018180020E80F0020AB
:106E48006C0C00206D0C0020101800202DE9F04774
:106E580055250379DFF8A08003FB03F25A43C3F1F9
:106E6800200303FB03F1554303FB0123B5FBF3F5B3
:106E7800EDB2292D85BFC5F1550404EB440405EB9B
:106E8800450404EBD47494BF6FEA54046FEA6404B5
:106E980006460027C146DFF864A0E4B298F804204B
:106EA800FBB29A420BD8FFF701FD3379104ADBB9E0
:106EB80001211170127813443371BDE8F0879A07E5
:106EC80099F802200B49134458BFC5F1550003EB4C
:106ED800430348BF28462246897858BFC0B2534466
:106EE800FFF7F4FB0137D9E7202BE3D1FF21E0E7D7
:106EF8006E0C0020101800206F0C002018180020BD
:106F08002DE9F04104460025154FDFF85C80154E49
:106F18003A79AA4208DCFFF7C9FC2379013303F068
:106F280001032371BDE8F081BB78B5EB520F2B4408
:106F380003EB430394F804C07078B178434407DA4C
:106F4800BCF1000F07D0F278FFF7C0FB0135DFE78F
:106F5800BCF1000FF7D00022FFF7A4FBF6E700BF53
:106F68006F0C002010180020181800202DE9F74F8A
:106F78008378002601930123484D07790371484B14
:106F8800F4B21B79A34204D803B0BDE8F04FFFF771
:106F98008DBC019B4FEA840B022B09D8414B0BEBAC
:106FA800040193F801C09B78681805F801C0437084
:106FB800A7B90BEB04032B44DF709F70384B3A4A98
:106FC8009B78013623445C44291903EB430313449B
:106FD800285D8A784978FFF779FBD0E70BEB040A3C
:106FE80005EB0A0999F80300DFF8B880E0B1013829
:106FF80099F804C0C0B289F80300C0EB0020B0FBC8
:10700800FCF04FF0BB0C294BC0B2185C98F8031089
:107018002238C0B2C0EB0020B0FBFCF0C0B248433D
:10702800001289F80200C9E7FCF73CF998F803C098
:107038004FEA5C0C0CF17F0E4FF4017C0CFB0EFC4C
:10704800CCF3072C6045B9DA019B022B15D9FCF764
:1070580029F94FF0FF0C90FBFCFC844405F80AC0AA
:10706800FCF720F998F802C04FEA5C0C90FBFCFE94
:107078000EFB1C0EF44489F801C000230BEB04003E
:107088002844837098F80330C82B28BFC823142BD2
:1070980038BF14230371C37090E700BF980F002016
:1070A8006F0C0020101800201818002069E2000852
:1070B80008B50C4B0B2219780B484908FBF784FFDD
:1070C80010B90122094B5A7002F068FF084B18806A
:1070D800084B1B78DB0704D5BDE80840064803F0D9
:1070E800BDBA08BD10180020740C0020EC0F002059
:1070F800900F0020F010002001E000080022054B4E
:107108005A70054B1B78DB0702D5044803F0A6BA72
:10711800704700BFEC0F0020F01000201AE00008B4
:1071280038B51D4C2378DD0735D518BB012262F32D
:1071380047031A4D237021B32068FFF7E6FA2B782E
:10714800DA0704D521781648490803F087FA217828
:107158000B2214484908FBF737FFC8B1FFF7CEFFE9
:107168000122114BA178DA706078E278BDE83840E6
:10717800FFF767BD2A2801D92A22D8E760F3470319
:10718800D7E72B78DB07E2D5217808484908DCE700
:10719800FFF78EFFE4E738BD10180020F01000203C
:1071A80033E00008740C0020900F00204FE0000826
:1071B800054B01461B785B0801332B2B34BF18465F
:1071C8000120FFF7ADBF00BF101800200120FFF716
:1071D800EFBF0000064B01461B78C3F34603013B93
:1071E80013F0FF0314BF18462A20FFF799BF00BF0A
:1071F800101800200120FFF7EDBF0121FFF790BF15
:1072080010B5094C227842F001022270074A127820
:10721800D30703D50121064803F020FA2078BDE8FA
:1072280010404008FFF7E9BF10180020F0100020B8
:107238006DE000080021FFF773BF000070B5204E15
:107248003278002A3AD11F4C2378DD0708D51E482A
:1072580003F004FA2378D80702D51C4803F0FEF996
:1072680002F0B2FC48B92378D90702D5184803F0D0
:10727800F5F902F02BFDFFF757FAFFF743FA154D22
:1072880010F0FE0F28600AD12378DA0702D51248D9
:1072980003F0E4F9FFF748FAFFF734FA2860FFF73C
:1072A8001BFAFFF74DFA00220C4B28785A70C307D7
:1072B80002D54008FFF7BEFF0123337070BD00BF41
:1072C800960F0020F0100020A4E00008BBE00008A2
:1072D800D1E0000810180020F9E00008EC0F0020A9
:1072E80010B5094C227842F001022270074A127840
:1072F800D30703D50121064803F0B0F92078BDE88B
:1073080010404008FFF796BF10180020F01000202A
:1073180042E10008002208B5054B1A70054B1B789E
:107328000BB1FFF7DDFFBDE80840FFF7C1BE00BFA6
:10733800970F0020EB0F002010B50E4C23786FF349
:10734800000323702068FFF7E0F90B4B1B78DB077D
:1073580005D52178094801F0010103F07FF9FFF70D
:10736800CDFE41F2883004F04CF9BDE81040FFF73B
:107378009DBA00BF10180020F01000207BE1000823
:107388000C4B10B51B780C4C13F0010F06D021786C
:107398000A48C94301F0010103F060F92378DB07CB
:1073A80003D5BDE81040FFF7C7BFBDE81040FFF7A1
:1073B80027BF00BFF010002010180020B3E100081C
:1073C80008B50B4B1A786FF300021A70094B1B783B
:1073D800DB0703D50021084803F040F9FFF78EFECC
:1073E80041F2883004F00DF9BDE80840FFF75EBAB5
:1073F80010180020F0100020EAE1000808B5FFF797
:107408007DFE084B1A785AB901221A70064B074AB2
:107418001B78C3F300031370BDE80840FFF7D0BF23
:1074280008BD00BF970F002010180020EB0F0020A8
:10743800344B2DE9F0415A78002A60D01A78324B43
:10744800324E1B78022AC2EB5303DBB2B3701AD157
:107458002F4A304CD55CF3782BB10027F77002F037
:107468009DFDB780308002F099FD47F6FE723388A3
:10747800C01A80B2904242D81D4435802346BDE8E8
:10748800F04122481847062A03D1234A234CD55CE9
:10749800E1E7092A04D1224A5B08D55C214CDAE7E6
:1074A8000F2A04D1204A5B08D55C204CD3E7152A63
:1074B80003D11F4A1F4CD55CCDE7182A14D0232AC4
:1074C80003D11D4B1D4C1D88C5E7242A0FD0252A42
:1074D80011D10322B3FBF2F202EB42029B1A184AC3
:1074E800DBB2D55C174CB6E72825174CB3E74FF449
:1074F800FA75164CAFE74FF4FA65154CABE7BDE8E3
:10750800F08100BFEC0F002010180020900F002021
:1075180024E200087969000830E200089D69000843
:1075280033E20008516C000838E20008B56C000826
:107538002DE20008856D000836E20008B9690008E8
:107548003BE20008756F0008556E0008096F0008D7
:10755800A366000800B11047084738B504460D4631
:10756800FFF73AF9A04206D3FFF736F9A84202D24C
:10757800FFF72CFE38BD2046BDE83840FFF73DBE7A
:1075880038B58C780546002C65D002F033FA45F6FC
:10759800D5439D4200F0220014D845F6C1439D42D0
:1075A80014D9A5F5B945433D122D11D8DFE805F0EA
:1075B80014191C1F2225282B2E3134383D404346F0
:1075C800494B4E0045F65D539D4241D0204638BD9B
:1075D800FFF7D6FE0024F9E7204A2149FFF7BAFF52
:1075E800F8E71F4A1D49F9E71E4A1F49F6E71E4AF0
:1075F8001C49F3E71D4A1E49F0E71D4A1B49EDE700
:107608001C4A1D49EAE71C4A1A49E7E71B4A1C4974
:10761800E4E71B4A1949E1E70120FFF7EEFDD9E746
:1076280005210220FFF799FFD4E708210620F9E792
:107638000E210920F6E714210F20F3E71721152062
:10764800F0E71820E9E722211920EBE72320E4E7F7
:107658002A212520E6E70124B8E700BFFD710008CC
:10766800D5710008A56B0008816B0008F56B000850
:10767800CD6B0008456C00081D6C000831680008D7
:107688001168000830B50723012510211A4A05FAA8
:1076980003F40442116118D0052400BF00BF00BFE5
:1076A80000BF00BF00BF013CF7D1516100BF00BF60
:1076B80000BF00BF00BF00BF00BF00BF00BF00BFCA
:1076C80000BF00BF013BE2D230BD00BF00BF00BF1A
:1076D80000BF00BF00BF00BF00BF00BF00BF00BFAA
:1076E80000BF0524516100BF00BF00BF00BF00BF3D
:1076F80000BF013CF7D1E5E7000801400622102150
:10770800014804F06DBF00BF00080140F8B5164EEF
:10771800044633780D461BB9FFF7F0FF0123337099
:10772800202383F311880023DAB2AA4203F1010768
:107738000CD34FF4A86300BF00BF00BF00BF00BF59
:1077480000BF013BF7D183F31188F8BD02EB420279
:10775800A618A05CFFF796FF7078FFF793FFB07844
:10776800FFF790FF3B46DFE7EE0F002008B5FDF777
:10777800A1F908BD38B5144C03220121204604F0B4
:107788002FFF03220221204604F02AFFA268A368E3
:107798000E4D02F0010203F00203134304210322F9
:1077A80020462B7004F01CFF03220821204604F019
:1077B80017FFA268A368C2F380029B0803F00203C4
:1077C80013436B7038BD00BF00080140F10F002063
:1077D8002DE9F84F0026B246DFF8C4B0DFF8C480C0
:1077E8002C4F2D4D2D4CDFF8C09058F8040B57F84E
:1077F80004CB20F00F039A682CF00F039B680CF061
:107808000F0C23FA0CF300F00F005B00C2409BF84A
:10781800001002F0010203F00203134343EA81035C
:10782800DBB20BF8013B03F00F0395F9002019F8C0
:10783800033013445BB2032B05F8013B27DD2378A3
:107848000021013330462370FFF790FF012215F91C
:10785800013C033307DA23780121013B30462370CA
:10786800FFF784FF012215F9013C42EA0A0A59424E
:1078780001F0030103F0030358BF4B4205F8013C34
:10788800013416B15046BDE8F88F0126ADE7002255
:10789800DDE700BF84E40008EF0F0020F30F0020AD
:1078A800F10F00207CE4000869E40008232008B5F3
:1078B800FEF764FD212801D0002008BD2420FEF732
:1078C8005DFD0728F8D12520FEF758FDA0F1130328
:1078D80058425841F1E710B5041E14BF2121FF2179
:1078E8002320FEF753FD002C14BF0721FF2124207D
:1078F800FEF74CFD002C18BF1321BDE8104008BF4F
:10790800FF212520FEF742BD08B50020FFF7E3FF61
:10791800BDE8084002F04EB9704708B52620FEF7CA
:107928002DFD08BDC1B22620FEF730BD08B5FFF712
:10793800F3FFFFF7BBFF50B9FFF7F4FF00F052F970
:1079480000F0E6F9BDE808400120FFF7C4BF08BD14
:1079580010B58C78FCB1A0F5BE43123B0F2B24D890
:107968001238C0B200F0DFF90024204610BD012013
:1079780001F016FF032202210120FDF76BF9F3E75E
:10798800012001F017FF032202210120FDF762F90F
:10799800EBE70220F5E745F610739842F0D045F67C
:1079A80011739842F5D00124DFE745F61073984229
:1079B800DDD045F611739842D7D10220D8E7FF23CE
:1079C8000370704710B503780446803B032B06D834
:1079D800DFE803F00206090CFEF760FF607010BDD7
:1079E800FEF7FAFEFAE7FEF723FFF7E7FEF74AFF8E
:1079F8006070FEF74DFFA070F1E738B503780446D4
:107A0800803B032B28D8DFE803F0020E1B20FEF78B
:107A180039FF0546FEF73CFF014662782846BDE877
:107A28003840FFF70EB94078FFF704FC63781BB9BC
:107A3800BDE83840FFF7C4BCBDE83840FFF750BC8C
:107A48004078BDE83840FEF719BF84784578FEF7DE
:107A580025FF21460246E1E738BDF8B5044610F88F
:107A6800013B0E46013B122B00F29380DFE803F046
:107A78000A143841475154575A91915D616770799A
:107A88007C7F8800002363700923A3703146204659
:107A9800BDE8F84003F06AB96378022B0DD0032BD8
:107AA8000ED0012B17D102F057FA030EA370030C66
:107AB800E370030A23716071E8E7FFF72EFFF4E72C
:107AC80005460027F8B2FDF701FC0137052F05F838
:107AD800010FF7D1DAE731462046FFF770FFD5E707
:107AE8006378022BF7D1D4F8020000BAFFF71AFF27
:107AF800CCE7E278A178607800F058F8D9E72279E5
:107B08006379A17843EA02236078E27800F05CF8B0
:107B1800BCE700F067F8B9E7FFF76FFFB6E7FFF7D4
:107B280051FFB3E7FEF7FAFDB0E700F0C0F8607068
:107B3800ACE700F0BEF8030A6370A070A6E76078AF
:107B4800A378E178221D43EA002000F0B5F89DE70C
:107B58006078A378E178221D43EA002000F0C3F89A
:107B680094E700F0D5F891E700F016F8DFE76078C1
:107B7800A378E178221D43EA002000F05BF885E74E
:107B88006078A378E178221D43EA002000F068F8C5
:107B98007CE7FF23237079E704207047520002EB4B
:107BA800C102282101FB00202730704738B5FFF7B4
:107BB800F5FF0546FEF7E2FB0402681CFEF7DEFB54
:107BC800A4B2204380B238BD38B51C46FFF7E6FFA3
:107BD8000546190AFEF7DAFBE1B2681CBDE8384031
:107BE800FEF7D4BB2DE9F84F0024DFF84480474660
:107BF80000255FFA84FA0EE0F2B25946504639F889
:107C0800023B0136FFF7E0FF042EF5D10135052DC3
:107C180007F1080704D0B94600265FFA85FBEBE7B1
:107C28000134042C08F12808E1D1BDE8F88F00BF21
:107C38002CD50008F8B51446002700F1270556187A
:107C4800B44200D1F8BDA5F127039F2B06DC2846D6
:107C5800FEF794FB207001350134F1E72770FAE74D
:107C6800F8B50E461746002500F12704B54200D1A5
:107C7800F8BDA4F127039F2B03DC2046795DFEF7AE
:107C880085FB01340135F1E782B00328ADF8041013
:107C98000AD89DF80510042906D89DF80420032A5F
:107CA80002D802B0FFF782BF002002B07047102050
:107CB800704740F239307047F8B51446002700F194
:107CC800C7055618B44200D1F8BDA5F1C703B3F5EE
:107CD8004E7F06DC2846FEF751FB20700135013443
:107CE800F0E72770FAE7F8B50E461746002500F1C9
:107CF800C704B54200D1F8BDA4F1C703B3F54E7F60
:107D080003DC2046795DFEF741FB01340135F0E7DD
:107D180010B5C724204600210134FEF737FBB4F51F
:107D2800806FF7D110BD0F28F7B504461FD840F271
:107D3800FF30FEF723FBD0B9C725D4B9012701943A
:107D48002846FEF71BFB6E1C8DF804008DF80540D5
:107D580068B1431E022B17D88DF8050030468DF800
:107D68000470FEF70BFB02358DF8060068B903B006
:107D7800F0BDB5F5806FFAD02846FEF7FFFA08B9CE
:107D8800013CE4B20135D8E7354601A8FDF77CF897
:107D9800D6E7000008B5074B4FF48062184600216B
:107DA800FBF7FEF9044A054B10604FF6FF721A8084
:107DB80008BD00BF481800204C1C0020F60F00200A
:107DC80038B5FCF78AFE10F0010F0CBF8022402264
:107DD800204B214D1A70287000F01EFC64230D22E0
:107DE80078201E4900F03EFC20B11D4802F036FC08
:107DF800002038BD2878642310F002054FF00302F4
:107E080006D17820174900F02DFC40B11648EDE75F
:107E18007820164900F026FC08B11548E6E76423E7
:107E28000D227820134900F01DFC044608B11248C1
:107E3800DCE702F091F8114A00F56A406030106002
:107E4800FFF7A8FF01200E4B18700E4B18700E4B51
:107E58001C70CEE7FA0F0020F90F002087E5000814
:107E68008CE4000880E50008A8E400087DE5000827
:107E7800CEE4000894E50008E6E40008481C002069
:107E8800F80F0020F50F0020FB0F0020084B00EB37
:107E980040001B78400003FB010189B2B1F5806FF7
:107EA80028BF0021034B1944034B1960704700BFDA
:107EB800FA0F0020481800204C1C00200C4810B570
:107EC80002680C49531A0C4A063312789BB2B3FB6A
:107ED800F2F402FB1434121BD2B2052A9CBF9B1881
:107EE8009BB2B3F5806F28BF00230B44036010BD1D
:107EF8004C1C002048180020FA0F00200A2838B52A
:107F080004D10120BDE8384000F04AB80D2801D15D
:107F18000020F7E71D4A1E4C1368DF281D6888BF3C
:107F2800002025609D88A5809BBF0625194C1860F8
:107F380005FB00409EBF04681C608088988051B98A
:107F48001468134806222146FBF784F860B9BDE897
:107F58003840FFF7B3BF1368981D9842F0D01978DE
:107F6800C94303F8011BF8E701220B49641A0B49BE
:107F7800C4F38913A4B20888053402FA03F3A409E8
:107F8800034302FA04F41C430C80E0E74C1C002075
:107F9800FC0F0020A1E5000848180020F60F00207B
:107FA80070B5134E134B3168134C1A78091B8DB2F8
:107FB800B5FBF2F302FB1353D31ADBB260B106240C
:107FC800B3FBF4F4631EDCB2FF2C00D170BD0021BA
:107FD8002020FFF793FFF5E71D44B5F5806FA6BF96
:107FE8000346194689B2194421443160EEE700BFBF
:107FF8004C1C0020FA0F00204818002070B50446D9
:108008000E46FBF797F92518AC4200D370BD3146F0
:1080180014F8010BFFF772FFF6E708B5FFF7EEFF5C
:10802800BDE808400120FFF7BBBF00000F4B10B5AB
:108038001B780F4C0BB9207810BD01F08DFF0D4B4C
:1080480000F56A40603018602378002BF3D1642370
:1080580002227820084900F005FB18B1074802F011
:10806800FDFAE8E701232370E5E700BFF80F0020D9
:10807800F50F0020481C002085E50008FDE40008F5
:108088002DE9F04F564B85B01B78002B00F0A480EB
:10809800544B1A88002A00F09F80534B1B78002B02
:1080A80040F09A80DFB242FA07F1C9071C4603F193
:1080B8000103F7D54D4D2B7813F001014C4B17D127
:1080C800BA0102F040029A70C4F346003F32587178
:1080D800DA709971642307227820454900F0C2FAC2
:1080E800064678B1434805B0BDE8F04F02F0B6BA8D
:1080F800FA00D2B29A7007320021DA700722597159
:108108009A71E7E72B78E4B2DB074FEA84140CD4C2
:10811800642300934023384A19467820224400F00B
:10812800D7FA00284FD03548DDE7014640223448C9
:10813800FBF736F83146DFF8D0B0DFF8D0A00025DD
:108148001BF8013B2C4A234413441AF8012B0393D0
:108158002B4B013A1A4401230026C5F1070803FAFC
:1081680005F912F801EF5FFA88F85FFA89F9039BBD
:10817800985DA8EB060309EA000003F0070300FA7C
:1081880003FC5B4203F0070320FA03F34CEA030302
:1081980001364EEA0303082E5FFA83FEE7D1013564
:1081A800082D82F800E0D6D10131C9B20829C6D11C
:1081B80064230093402378201946114A00F088FA76
:1081C80008B110488FE7FFF731FF0123054ABB408C
:1081D800178827EA0307178005B0BDE8F08F00BFAE
:1081E800F80F0020F60F0020FB0F0020F90F0020E9
:1081F8007F0C002011E500084818002034E500082D
:10820800021000204DE50008E1EA0008E9EA00084C
:1082180038B50C4B0C4C1B782546207813B980F0E8
:1082280001000BE060B1642302227820074900F0C6
:1082380019FA20B1064802F011FA207838BD2070EA
:108248002878ECE7F80F0020F50F002083E50008F8
:1082580068E5000808B50E4B1B78BBB1002108463D
:10826800FFF714FEFCF73CFCFFF70AFF094B1B78ED
:1082780063B101F071FE084B1B68C01A6FF0004330
:10828800984203D2BDE80840FFF7C2BF08BD00BF4F
:10829800F80F0020F50F0020481C0020F8B5144600
:1082A80082781D469DF81870284B92B11C7001F019
:1082B80075FE274B188004F12003DBB2072B44D846
:1082C800012004F00704A040C0B2BDE8F84000F067
:1082D800DFBC1E78A6422ED11D4B188801F063FE24
:1082E800C72828D8AE4205F1200415D006F120038E
:1082F800DBB2072B06D8012006F00706B040C0B253
:1083080000F0CFFCE3B2072B06D8012005F00703E5
:108318009840C0B200F0BCFC3846E4B200F0B2FCB1
:10832800072C12D8012005F00705A840C0B2BDE807
:10833800F84000F0B6BC04F12003DBB2072B04D8E8
:10834800012004F00704A040F0E7F8BD4210002027
:108358004410002013B545F6F64304469C420846EF
:108368000FD845F6F2439C4212D845F6D8439C42B2
:108378001DD045F6D9439C423ED045F6D7439C4292
:108388000FD0807800283BD000221E4B1A701CE0CA
:10839800A4F5B944743C022C0ED8DFE804F0181F89
:1083A800260026230093E1231A4621460AE02723C4
:1083B8000093E523E522F8E72623E022009345F61B
:1083C800F341E123FFF76AFF002002B010BD272325
:1083D800E422009345F6F441E523F3E72623E2225D
:1083E800009345F6F541E123ECE72723E6220093C5
:1083F80045F6F641E523E5E7282300930123D9E76D
:108408000120E2E74210002038B5054688780028A8
:1084180000F0CF8045F615439D4216D845F6014336
:108428009D4217D901F0E0FB45F61543624C9D4289
:10843800208021D845F601439D420CD8208801F0C0
:10844800DFFB00F04EFE002004E0A5F5B9437A3BBF
:10845800082BE7D938BDA5F5B845033D122D1AD824
:10846800DFE805F01E222633373B3F455155595D5D
:10847800696D71757B978300A5F5B9457A3DABB2F7
:10848800082BDBD8082DD9D8DFE805F0161B4D518D
:10849800376B7A8D9100237843F001032370CDE781
:1084A800237843F00203F9E7237843F00403F5E760
:1084B800237843F00803F1E7637843F0010363701E
:1084C800BCE7637843F00203F9E7237843F010032D
:1084D800E4E7237843F02003E0E7237843F0400300
:1084E800DCE700F0FEFD237843F08003D6E723782D
:1084F80023F00C0343F00C03D0E7637823F0030365
:1085080043F00303DBE723786FF30003C6E7237820
:108518006FF34103C2E723786FF38203BEE7237842
:108528006FF3C303BAE763786FF30003C7E76378B1
:108538006FF34103C3E723786FF30413AEE723789F
:108548006FF34513AAE723786FF38613A6E700F0C5
:10855800C8FD23786FF3C713A0E7237823F00C0333
:108568009CE7637823F00303A9E72378C3F3800229
:1085780082F00102D2B262F3820362F3C3038DE791
:108588006378DA4302F0010262F3000362F3410305
:1085980095E700F0A6FD2378C3F3C01282F001022C
:1085A80062F3C7137AE7012001F092FB46E7002047
:1085B800FAE701204EE700BF0414002045F61643F1
:1085C800984210B50C461BD101F014FAA2780D4B55
:1085D80072B100F0AA00002815BF01220022352040
:1085E80029201A7001F0A4F901F076FA002010BDD4
:1085F8001B78002B14BF3520292001F0A1F9F3E7DF
:108608000120F4E74610002028B1202814BF4FF0BD
:10861800FF306FF00100704708B5104B1A78DAB9CF
:10862800012240211A700E48022203F0D9FF0222CB
:1086380080210B4803F0D4FF4FF47A7002F0E1FF79
:1086480011224021064803F0CBFFBDE80840112263
:108658008021034803F0C4BF08BD00BF48100020B4
:10866800000C01402DE9F043DFF85C80144C85B024
:108678000D4620701349404616461F4603F070FA0F
:1086880040F2E7300021DFF844C04FF47A72ECFB87
:1086980007010023FAF7F6FA4FF000092478334669
:1086A8006408CDE901902A4621464046CDF800905D
:1086B80003F064FA05B0BDE8F043FFF7A5BF00BFBB
:1086C80047100020F4EA0008741D0020A08601006D
:1086D8002DE9F047204D84B01C46884604AF287029
:1086E8001E491F48924603F03BFA6A4604F1080304
:1086F800DB08A2EBC3039D46002004F1010904AE88
:10870800C3B2A34200F1010220D340F2E7300021B6
:10871800B7F820E0DFF84CC04FF47A72ECFB0E019A
:10872800002386F80080FAF7ADFA2C780025640853
:108738004B4632462146CDE901500095084803F0E2
:108748001DFAFFF761FFBD46BDE8F087F1181AF87A
:10875800033010464B70D3E747100020F4EA0008B6
:10876800741D0020A0860100014B1860704700BFEF
:108778004C100020024B186808B10368184770476E
:108788004C10002008B5034B186808B103689847D7
:1087980008BD00BF4C100020F8B5194B04461B68F3
:1087A800002B2BD0174A127842B1174A92F90020B1
:1087B800002ABFBF0278427005220270134D20467E
:1087C8005B6898472B78580718D5D90702D5104801
:1087D80001F044FF00260F4F2B78DA0703D53846FF
:1087E800A15D01F03BFF0136082EF5D12B78DB07A0
:1087F80004D5BDE8F840084801F030BFF8BD00BF17
:108808004C100020380F002004140020F010002025
:1088180000EB000812EB0008CFE00008034A1268DA
:108828001AB1022101709368184770474C10002054
:10883800054A1188814205D0044B10801B680BB192
:10884800DB681847704700BF521000204C1000200A
:10885800054A1188814205D0044B10801B680BB172
:108868001B691847704700BF501000204C100020AB
:1088780008B501F071FB024B1860024B186008BD87
:10888800581000205C10002008B501F065FB024B71
:108898001860024B186008BD5810002054100020C2
:1088A8007047704708B5FFF7FCFF08BD704708B56B
:1088B800FFF7FCFF08BD000008B5054801F0E4FE1D
:1088C800FDF706FDFFF7ECFFFFF7ECFF08BD00BF63
:1088D80019AD00080120704708B5FFF7FBFF08BD78
:1088E8007047704708B5FFF7FBFFFFF7FAFF08BDB1
:1088F80008B501F02FFBFCF749FDFFF717F800203A
:10890800FFF75EFAFEF79AFCFEF734FFFFF7CFFF9A
:1089180008BD000038B50E4D04462B78580711D510
:10892800D9070FD50B4801F099FE2B78DA0709D53E
:108938002146094801F092FE2B78DB0702D507484B
:1089480001F08CFE2046BDE83840FCF7BEBA00BFF7
:10895800F010002018EB0008A5D60008CFE00008AA
:108968002DE9F74FFCF758FD064608B1FFF780FFE1
:10897800DFF8F0B000255F465FFA85F84046FCF75F
:10898800A5FC1BF8014B824684424DD0334B1B7823
:108998009B0701D5FCF7A0FC84EA0A04E3B2002295
:1089A800012423425FFA82F939D0FFF795FFA8B175
:1089B8001AEA040F14BF012300238DF800908DF8E4
:1089C80002308DF8018001F0E9FA40F00100ADF8BD
:1089D800040002AB13E9030000F046F87B5D5C403D
:1089E8007C55FEF725FDFEF7F3FE044608B1FFF7B8
:1089F8004BFFFFF72FFC06B90CB1FFF717FBFDF78C
:108A080091FBFFF7B7FE164C2378834222D0FFF77D
:108A1800B1FE207003B0BDE8F04FFFF77BBF013215
:108A28006400042AE4B2BCD10135052DA4D14FF667
:108A3800FF73ADF8003000238DF8023001F0AEFA74
:108A480040F00100ADF8040002AB13E9030000F0A8
:108A58000BF8C6E703B0BDE8F08F00BFF0100020A8
:108A680060100020611000201FB56C4684E80300E8
:108A78009DF802300BB100F0E9FF0023ADF80E308D
:108A880094E8030004AB0290ADF80C1013E903005E
:108A980004B0BDE8104000F073BD008800F018BFB6
:108AA80010B5044600287AD0822813D1FFF762FE59
:108AB800810774D4392000F03BFF01F00DF842F231
:108AC800107002F09EFD392000F03AFFBDE810401A
:108AD80001F002B883280ED1FFF74CFEC2075ED41E
:108AE800532000F025FF00F0F7FF42F2107002F06B
:108AF80088FD5320E8E784280ED1FFF73BFE4307A3
:108B08004DD4472000F014FF00F0E6FF42F2107049
:108B180002F077FD4720D7E7031FDBB2A02B12D85E
:108B2800FDF712F800283AD11D4B2146186801F0CC
:108B3800F1F820B1204600F003FF00F0CDFF2046F9
:108B480000F0F6FEC2E700F12003DBB2072B07D8DE
:108B580000F007040120A040C0B200F051FFB5E7C3
:108B680000F15B03DBB2022B05D8BDE810402438C6
:108B780080B2FFF75DBE00F15803DBB2162B06D8B2
:108B8800BDE81040074A32F81300FFF761BEEF282E
:108B980005D9FDF77FF9BDE81040FDF74FBA10BDC4
:108BA800880C00202CEB000808B5002858D0822833
:108BB8000FD1FFF7DFFD810752D5392000F0B8FE4D
:108BC80000F08AFF392000F0BBFEBDE8084000F045
:108BD80083BF83280AD1FFF7CDFDC20740D55320B4
:108BE80000F0A6FE00F078FF5320ECE784280AD1B5
:108BF800FFF7C0FD430733D5472000F099FE00F08A
:108C08006BFF4720DFE7021FD2B2A02ADBD900F1B1
:108C18002002D2B2072A07D800F0070301209840A3
:108C2800C0B200F0F5FED0E700F15B02D2B2022A32
:108C380004D8BDE808400020FFF7FABD00F158024B
:108C4800D2B2162A04D8BDE808400020FFF700BEBB
:108C5800EF2805D9FDF77CF9BDE80840FDF7EEB926
:108C680008BD38B505460C46FFF71AFF24B9284653
:108C7800BDE83840FFF798BF6420013C02F0C1FC12
:108C8800A4B2F3E739280CBF50211421FFF7E9BF3C
:108C980008B528B100F0B4FEBDE8084000F01CBFDC
:108CA80008BD08B528B100F0B3FEBDE8084000F0E3
:108CB80013BF08BD2DE9F047867980460C468578B4
:108CC80000F05CFE36090746A0B12F4695B1C4F303
:108CD800072303F0F003402B04D004F12003DBB298
:108CE800072B1ED9022000F047FF00F047FE80F056
:108CF8000107FFB2C4F30339B9F10F0F3FD8DFE81A
:108D080019F01200120062006200AF00C6003E00B7
:108D18003E00D0002A013A013A0190013E003E008F
:108D280099010027E6E7C4F30723C4F3032613F0E9
:108D3800F00F18BF3601E4B295B156B104F1200323
:108D4800DBB2072B304600D93CB900F059FE00F0E1
:108D5800C3FE2046FFF7A4FE11E000F067FEF6E729
:108D68002046FFF721FF56B104F12003DBB2072BA1
:108D7800304600D924BB00F04BFE00F0ADFEA9F14F
:108D88000809B9F1030F03D8FFF7F4FCFCF79DF8C5
:108D9800002F00F0568100F0E9FD10F0010040F0CE
:108DA800508188F8020000F0D9FD00F0F9FC404637
:108DB80000F05AF900F0D2FDBDE8F04700F0FABC27
:108DC80000F03CFED9E7C4F3072303F0F003C4F333
:108DD800032A202BE4B218BF4FEA0A1A64B1012C07
:108DE80028D07DB34EB398F80630D907B1D56FF3C4
:108DF800071388F8063020E095B13EB900F042FE2E
:108E080040EA0A00C0B2FFF743FFB8E7012EF5D1E8
:108E180000F038FE40EA0A00C0B200F03FFEAEE7BC
:108E28002EB900F04DFE5046FFF73BFFA7E7012E95
:108E3800A5D0F6E71DB1052EA1D85046E3E7042ECC
:108E48009DD8F0E7002EEED0392C0CBF4FF4FA5025
:108E58004FF4FA6002F0D5FB2046FFF7A5FE8EE737
:108E680014F4406FC4F3812307D0012B87D165B177
:108E7800C4F30900FFF7ECFC81E725B1C4F309004E
:108E8800FFF7D6FC7BE72846FAE72846F2E7E0B288
:108E980025B1FCF7FFFFFDF7D1F870E7FDF758F8AB
:108EA800F9E714F4407F26D1002D7FF468AFE2067D
:108EB80048BF0F25C4F342104FEA8000C0B244BF38
:108EC8008540ED4304F00F03C4F381248340022C52
:108ED80045EA030009D0032C0AD0012C02D000F087
:108EE80035FC4CE700F02AFC49E700F037FC46E780
:108EF80000F021FC43E7C4F301220DB302F00103A3
:108F0800002B3FF43CAFC4F342108000C2B204F01F
:108F18000F0000FA02F114F010001DBF0F2303FA2E
:108F280002F0C3430346C4F38124022C43EA010040
:108F38000BD0032C0CD0012C04D000F057FC1EE7FA
:108F48005308DDE700F04AFC19E700F057FC16E784
:108F580000F012FC13E7E6B2C4F3032425B120465F
:108F680000F01EFC30464EE73046FFF79AFE2046DA
:108F780000F020FC03E75FFA84FAAAF1F003042B5F
:108F880039D8DFE803F0030E151A23003DB1042E8B
:108F98003FF6F5AEC4F3042000F016FCEFE6052E0C
:108FA800F6E7C4F30420002DE2D000F0F9FBE6E672
:108FB800C4F30420002DF8D0DAE725B1C4F3042067
:108FC80000F0E9FBDBE600F0E3FBD8E64DB1C4F3C3
:108FD8000424204600F0E4FB0321204600F0A8FD0D
:108FE800CDE6012000F0C8FD012E7FF6C8AE0220B4
:108FF80000F0C2FDC3E62DB10EB15046AAE6C4F397
:109008000420D2E756B1BAF1390F0CBF4FF4FA5029
:109018004FF4FA6002F0F5FA50461EE7C4F3042054
:10902800A6E7C4F30322E1B24046FBF756FF00F07F
:1090380015FBA4E64046C4F30322E1B2FBF74FFF59
:109048009DE6BDE8F08738B501880446807800F0D1
:109058004BFC054600F0DAFB00F06CFB2946204685
:10906800BDE83840FFF726BE13B50288838804465A
:10907800ADF80420CBB14FF6FF73BDF804209A4237
:1090880013D0FBF70DFE50B900F078FC68B1A37857
:109098005BB1022002B0BDE8104000F06DBD204673
:1090A800FFF7D1FF2046FBF7BDFD02B010BD08B5A4
:1090B8000020FFF7BDFB0020FFF7CAFB00F0C6FC4D
:1090C80000F0DAFC00F008FDFDF7EEF8BDE8084016
:1090D800FCF7B4BF08B500F03BFCBDE80840FFF75B
:1090E800E6BF08B500F09CFCBDE80840FFF7F2BFFA
:1090F8000346C3F30332023AC0B20D2A1CD8DFE894
:1091080002F007071B1B141B1B1B0707181B1B1848
:10911800F02813D004D8E7288CBF0020012070471E
:10912800F42814BF002001207047E72806D9F12849
:10913800F7E7C3F3C020704700207047012070474D
:1091480007B5ADF80400019800F0C2FB03B05DF864
:1091580004EBFFF7CDBF82B002AB03E9030002B016
:10916800704782B002AB03E9030002B07047000009
:1091780070B5094B094E1C78094D3378A34200D1CC
:1091880070BD05EBC40355F8340059680134FFF786
:10919800E8FF04F00704F0E7B1100020B010002049
:1091A80070100020024B18685968FFF7DABF00BF3B
:1091B80068100020214BF7B59A7912F0F00F0AD108
:1091C8009A7842B14FF6FF771D4A1E4E12781E4D0F
:1091D8003178914201D103B0F0BD19889888ADF873
:1091E800041038B389B2B94224D005EBC20493F80D
:1091F80001C061788C451DD193F800C015F8321074
:109208008C4517D1A178A9B9A188091A89B2C729AB
:1092180010D801229979094862F307119971A37945
:1092280062F30713A371FFF71FFF03B0BDE8F04017
:10923800FFF79EBF013202F00702C9E7681000205D
:10924800B1100020B0100020701000202DE9FF4759
:109258000446C74F0068B98800903888EC463D46F8
:109268002378627894F80280B4F804A0ADF8080076
:10927800002900F0D4804FF6FF7E80B2704500F0E0
:10928800CE80BE78002E00F0CA80AAEB0101B87922
:1092980089B2C72900F0F00900F293803988ADF847
:1092A8000810B9F1000F4BD17145C1461BD08DF89C
:1092B80000308DF80120BDF800C08C4513D1B8F1FD
:1092C800000F40F01C81012363F30710B871FFF70A
:1092D80069FF3846FFF7C8FEBB79A3710026304600
:1092E80004B0BDE8F087BAF1000F40F00C81B8F186
:1092F800000FF3D0AB7943F00103AB71EEE700EB5D
:10930800C10595F801C0944506D110F831C09C45B7
:1093180002D1AD78002DE1D1013101F0070106E15C
:1093280010F4706F02D0002B00F020812033DBB2E4
:10933800072B40F21B812046FFF796FEB14615E148
:10934800714515D08DF800308DF80120BDF800C0AA
:109358008C450DD1B8F1000F0AD1A0712046FFF756
:1093680083FE23683B6063687B60FFF71BFFB6E7FB
:109378008DF800308DF801200098FFF7E1FEE0B18C
:10938800B8F1000F19D0AB791F2B0CD92A8802A885
:10939800ADF808200022ADF80CA08DF80A208DF851
:1093A8000E30FFF761FE23682B6063686B60FFF780
:1093B80001FFFFF7F7FE012691E72046FFF754FE6D
:1093C800F9E7B9F1000F15D18DF800308DF80120BB
:1093D8008DF80280ADF804A09CE80300FFF7BBFEFF
:1093E8003846FFF741FEC7F80090C7F80490FFF72A
:1093F800D9FEBBE08DF800308DF801203988BDF822
:1094080000C08C45B4D1B8F1000FB1D1A07120468D
:10941800FFF72AFEC7F80080C7F804805FE72888AE
:10942800ADF80800002951D086B24FF6FF70864289
:109438004CD0AE78002E49D1AAEB010189B2C729D8
:1094480035D84646002EB8D08DF800308DF801206A
:109458002988BDF800308B421CD1AB79DA0714D4C7
:1094680013F0F00211D0F02AA37106D0DBB2C3F3D7
:109478000312013262F30713A3712046FFF7F4FDCC
:1094880023682B6063686B606FE723682B606368F1
:109498006B6024E70098FFF753FE002883D1AB796F
:1094A800204643F00103AB71FFF7DEFD17E78DF8A7
:1094B8000280ADF804A08DF800308DF801209CE8FA
:1094C8000300FFF748FE2E606E604EE7B8F1000F0C
:1094D8003FF473AF8DF800308DF801200098FFF746
:1094E8002FFE064600283FF468AF236820482B600B
:1094F80063686B60FFF7D1FAFFF75CFE35E7BAF1F6
:10950800000F3FF4F7AE4FF6FF718DF808308DF875
:109518000920BDF8080088423FF4E9AEB8F1000F11
:109528007FF4E8AE13481449077809781348B9421C
:109538007FF4E5AE8DF800308DF80120009800F03A
:10954800C7F9C0F30332012AC3B27FF6E9AE0E327F
:1095580002F00F02012A3FF6EEAE10F4706F3FF4EE
:10956800E5AEA27912F0F00F7FF4E0AE4E46B6E613
:1095780068100020B0100020B110002070100020EA
:10958800F0B587B06D4685E803002846FFF75EFE14
:109598002E4F04462E4E88B1BDF80020BDF8043089
:1095A800ADF8102043B14FF6FF7392B29A4203D040
:1095B80095E80300FFF7D5FD264C41E004AB95E89C
:1095C800030083E80300BDF80410BDF81020ADF8CF
:1095D8000C200029F0D01FFA82FC4FF6FF72944548
:1095E8003D783078E8D06A1C02F0070282420DD03C
:1095F800184CADF8141004EBC50C03CB3A7044F8C2
:109608003500CCF80410FFF7B3FDD5E7FFF769FD87
:10961800114B3C7034701C605C60CDE704EBC000FB
:10962800FFF714FE80B1337804EBC30254F833001B
:109638005168FFF796FD3378013303F00703337061
:1096480030783B788342E9D107B0F0BDB0100020F4
:10965800B11000207010002068100020F8B50346F3
:1096680060B1002501261C4614F8010B74283FD070
:109678000BD802282DD002D8012812D0F8BD031F1C
:109688006F2BFBD8FFF70CFA1AE075283AD000F1D7
:109698007C03DBB26F2BF1D800F07F00FFF784FA70
:1096A8000EE09C1C5B7803F12002D2B2072A0ED888
:1096B80003F007039840C0B200F0CEF900F00CFAAE
:1096C8002F46013FFFB2FF2F1FD12346CBE7184695
:1096D800D8E758789C1C00F12003DBB2072BDDD8B3
:1096E80000F0070006FA00F0C0B200F0BDF9E5E7A7
:1096F8005F789C1C013FFFB2FF2FE1D0642001F08E
:1097080080FFF7E75D789C1CDAE7642001F079FFB9
:10971800D7E7704708B5FFF7FCFF08BD08B5FFF7A6
:10972800F9FF034B1860BDE80840FFF7C0BC00BF55
:10973800B41000207047FFF7F1BF0000024B1B6810
:109748001843FFF7EBBF00BFB4100020024B1B68A3
:109758001840FFF7E3BF00BFB4100020024B1B689E
:109768005840FFF7DBBF00BFB4100020704708B5B2
:10977800FFF7FCFF08BD000008B5FFF7F8FF034B33
:109788001860BDE80840FFF792BC00BFB810002081
:109798000020FFF7F1BF012303FA00F0FFF7ECBF49
:1097A8000123034A834010681843FFF7E5BF00BF51
:1097B800B81000200123034A8340106820EA030000
:1097C800FFF7DABFB81000200123034A834010686E
:1097D8005840FFF7D1BF00BFB8100020024B1B68EC
:1097E8001843FFF7C9BF00BFB8100020024B1B6821
:1097F8001840FFF7C1BF00BFB8100020024B1B681C
:109808005840FFF7B9BF00BFB810002070470000EC
:1098180037B501220024C0F3072300EB830000F0D2
:1098280007039A40C0F3C400094B00EB8000D2B292
:109838001844057821FA04F343F300036B401340FE
:1098480001346B40052C00F8013BF2D103B030BD68
:10985800BC1000200022C0F3072313B500EB8300DF
:109868000A4900F00704C0F3C40000EB800001447B
:10987800104611F8013BE34003F001039340013225
:109888001843052AC0B2F4D102B010BDBC100020A4
:1098980073B51F240C4BADF804001E680B4B1B68F6
:1098A8001E4326FA04F3DB07E5B205D4013CF8D2DF
:1098B8000025284602B070BD28460199FBF716FB23
:1098C80080B20128F2D0F4E7B8100020B4100020CC
:1098D80007B5ADF804000198FFF7DAFF019903B066
:1098E8005DF804EBFBF702BB13B5104BADF80410A1
:1098F8001B782BB1019802B0BDE81040FFF7E8BF14
:1099080070B10198FFF7C4FF044601460198FFF7BC
:109918007FFF2046019902B0BDE81040FBF7E6BA88
:109928000198FFF797FF0446F3E700BF6610002091
:10993800024B0146186800F071BA00BF880C00207D
:10994800024B0146186800F081BA00BF880C00205D
:10995800014B186800F092BA880C0020024B93F96A
:109968000000C0F3C7007047EC100020024B1878C5
:1099780000F00700704700BFEC100020034B187878
:1099880010F0070018BF0120704700BFEC1000203E
:109998000C4A10B553780446C3F3800181420FD0B6
:1099A80060F382035370108800F02AF9064B1B7885
:1099B800DB0705D52146BDE81040044800F04EBE3F
:1099C80010BD00BF04140020F01000205AEB00085E
:1099D800044B5878C0F3800080F0010000F00100CB
:1099E800FFF7D6BF041400200120FFF7D1BF0020E5
:1099F800FFF7CEBF014B1878704700BFEE1000206C
:109A0800024B1A7810431870704700BFEE10002000
:109A1800024A137823EA000313707047EE100020FF
:109A28000022014B1A707047EE100020024B1A7882
:109A380010431870704700BFEF100020024A1378D7
:109A480023EA000313707047EF1000200022014B37
:109A58001A707047EF100020024B1A7810431870E4
:109A6800704700BFEB100020024A137823EA000376
:109A780013707047EB1000200022014B1A707047DA
:109A8800EB100020014B1878704700BFED10002044
:109A9800704708B5FFF7FCFF08BD0000064A08B587
:109AA8005278520706D4054A1178814202D01070C4
:109AB800FFF7EFFF08BD00BF04140020ED100020E1
:109AC80008B5044B1A781AB100201870FFF7E1FFA7
:109AD80008BD00BFED10002010B50D4B0D491B78D7
:109AE80009780D4C0B430D49206809780B430C4944
:109AF8000370097831B10B43037000F0EDF808B139
:109B0800FFF7DEFF2068BDE81040FEF745BE00BF46
:109B1800EE100020EF100020880C0020EB10002031
:109B2800ED100020704708B5FFF7FCFF08BD0000E6
:109B38000A4A10B5527852070CD4094C41EAC001C0
:109B48002170FFF72DFE94F90000C0F3C700FFF75E
:109B5800EAFF10BDBDE81040FFF722BE0414002044
:109B6800EC100020002008B5024B1870FFF7DBFF4F
:109B780008BD00BFEC10002008B50C4A92F900306F
:109B880023EA000040B21070420702D1DBB28342E0
:109B980003D1074B5B785B0707D5C0F3C700FFF716
:109BA80009FEBDE80840FFF7DDBF08BDEC10002046
:109BB8000414002008B5FCF791FBBDE808404FF6F7
:109BC800FF710020FCF705BC08B50020FCF7E1FB9D
:109BD8004FF6EA63C31A5842584108BD0220FCF701
:109BE800CDBB0320FCF7CABB10B50420FCF7C6FBAD
:109BF80004462220FCF7C2FB44EA002080B210BDD4
:109C080010B50446C1B20420FCF7C0FB210A22208B
:109C1800BDE81040FCF7BABB01460F20FCF702BCB8
:109C280001461320FCF7FEBB0020FFF7F9BF08B57B
:109C38000020FFF7F1FFFFF7F7FF08BD10B500247C
:109C4800FCF74CFB4FF6EA610020FCF7C2FB002151
:109C58000220FCF79BFB00210320FCF797FB1A4B23
:109C6800214604201C60FCF791FB21462220FCF7CA
:109C78008DFB21460520FCF789FB21460620FCF7D1
:109C880085FBFF210720FCF781FB21460820FCF714
:109C9800C9FB21460D20FCF779FB21461820FCF76B
:109CA800C1FB21461720FCF771FB21461C20FCF75D
:109CB800B9FB21462020FCF78CFB21461820FCF735
:109CC800B1FBFFF7B4FF10BDB4100020FFF7B6BF1B
:109CD80001460E20FCF75ABB0C4B821C1B7863B163
:109CE8000B4B93F90030002BACBF06231E2300203A
:109CF800013BDBB2FF2B02D170470623F7E712F8CE
:109D0800011B0029F4D00130C0B2F1E7380F002060
:109D180004140020F9B1124B1B78A3B1114B93F92D
:109D28000030002B0FDAEF294FEAD10213D80123B4
:109D3800104401F0070103FA01F18378194214BFB6
:109D4800012000207047831C083013F8012B8A4239
:109D580003D08342F9D1002070470120704700BF2B
:109D6800380F0020041400204FF0FF32002330B5D4
:109D7800841C14F8015B8D420ED0B2F1FF3F02D172
:109D8800002D08BF1A460133DDB2062D5BB2F0D1B3
:109D9800531C01D01044817030BD002210B5831CC3
:109DA800083013F8014B8C4208BF03F8012C83429A
:109DB800F7D110BDEF294FEAD10209D801F0070306
:109DC80001211044827801FA03F31343837070472A
:109DD800034B1B78DB0702D5024800F03FBC7047F5
:109DE800F01000206FEB0008EF294FEAD10209D8E4
:109DF80001F00703012110449940837823EA010305
:109E080083707047034B1B78DB0702D5024800F0CC
:109E180025BC7047F01000208DEB000810B4094CE9
:109E2800034624780A463CB1074C94F90040002CBC
:109E380002DA10BCFFF7BEBF1146184610BCFFF788
:109E480093BF00BF380F00200414002010B4094C41
:109E5800034624780A463CB1074C94F90040002C8C
:109E680002DA10BCFFF7C0BF1146184610BCFFF756
:109E780094BF00BF380F002004140020094A03468D
:109E88001278023042B1084A92F90020002A03DA17
:109E98001E220021F9F784B90022C3F8022082802B
:109EA800704700BF380F002004140020704708B521
:109EB800FFF7FCFF08BD08B50020FBF706F8FDF723
:109EC8009DFAFFF7F4FFBDE8084040F2A46001F0F6
:109ED80098BB7047704710B5FFF7FBFF0024FBF7EE
:109EE8009BFAFFF7F7FFE0B2FBF7F0F918B9013476
:109EF800052CF8D110BD0120FCE7704708B5FFF725
:109F0800FCFF08BD08B5FFF78BFDFFF79FFDFFF7C6
:109F18001FFDFCF7C9F90020FEF78AFC0020FEF7B8
:109F280097FCFEF727FCFAF7D0FFFDF7F3F9FFF7E8
:109F3800E5FF08BD202383F31188044B1A6A002328
:109F480083F31188024B1A60704700BF281D002058
:109F5800F4100020FFF7EEBF38B5202383F31188F3
:109F68000A4B196A002383F311884FF47A7000258D
:109F7800074B084C1B68084AC91AE0FB0145002337
:109F880020462946F8F77EFE38BD00BF281D002070
:109F9800F41000209F860100A086010008B5FFF795
:109FA800DBFF80B208BD10B50446FFF7D5FF001BE4
:109FB80080B210BD074B084A1A60BFF34F8F07499C
:109FC800074BCA6802F4E0621343CB60BFF34F8FBC
:109FD80000BFFDE7FC4F0020EFBEADDE00ED00E066
:109FE8000400FA050B4A08B552F8041C0A4B9942BA
:109FF8000ED1002342F8043C83F314884FF0004349
:10A008001B6883F3088862B6044B1B689847FEE711
:10A0180008BD00BF00500020EFBEADDE0400008088
:10A0280070472DE9F04F8DB0169C994601928B46EA
:10A03800DDE91A529DF85C30189F02900CB922F0A5
:10A04800100212F4806800D004B312F0200FA44666
:10A0580018BF37214FF0000408BF57210DF1100A2F
:10A06800BCFBF7FE07FB1ECE5FFA8EF0BEF1090FB0
:10A0780094BF30304018C0B2BC450AF8010B04F157
:10A088000104BCFBF7F001D3202C0FD112F0020120
:10A0980003911DD102F001002DB120B113B912F0C6
:10A0A8000C0F00D0013D4FF0300C05E08446D7E797
:10A0B80004A901F804C001341999A14201D9202C3E
:10A0C800F6D14FF0300C18B1A54201D91F2C4AD94E
:10A0D800D10620D5B8F1000F4BD1002C49D01999E1
:10A0E800A14201D0AC4244D1601E41D0102F4AD1C8
:10A0F800023C960649D41F2C17D878270CA90819B2
:10A1080000F8207C01341F2C0FD830270CA908191F
:10A1180000F8207C01341F2C07D8002B3BD02D27BA
:10A128000CAB181900F8207C0134930750D0019F1C
:10A13800A24604EB0708A8EB0A02BAF1000F4CD1BB
:10A14800039B63B1019BA8EB03042746019BAF4225
:10A1580003EB07024BD32B44A54228BF9846404641
:10A168000DB0BDE8F08F04A901F804C00134AAE7D6
:10A178000446102FBDD0022FC5D11F2CD5D80CA94D
:10A1880062270819BCE70446F5E71F2CCDD80CA9AF
:10A1980058270819B4E7500703D50CAB2B27181913
:10A1A800C0E71107C1D50CAB20271819BAE74B46F1
:10A1B80059462020029EB0470137BD4208EB0702EE
:10A1C800F5D82F1BA54238BF0027019B1F44AFE7D6
:10A1D800019B2746A3EB0408EFE70AF1FF3A04A81E
:10A1E8004B46594610F80A00029EB047A1E74B4675
:10A1F80059462020029EB0470137A7E708B100F072
:10A2080049BA70472DE9F04FB1F1000B1F46C44B16
:10A2180018BF0346914600258FB0189E07933878DB
:10A2280078B94D4538BF2A464B4659464FF000008D
:10A23800079C28BF09F1FF32A04728460FB0BDE8A8
:10A24800F08F252807F1010707D02A466C1C4B46DA
:10A25800079D5946A8472546E1E7002306E02D2A31
:10A2680015D0302A0CD143F001030746384610F8C0
:10A27800012B2B2A0ED0F2D8202A0ED0232A0FD059
:10A28800A2F13004092C28D84FF0000811E043F05F
:10A298000203EAE743F00403E7E743F00803E4E7CF
:10A2A80043F01003E1E70A21074601FB0828A8F15B
:10A2B8003008384610F8012BA2F13004092CF2D9E5
:10A2C8003A782E2A4BD178787A1CA0F13004092CE0
:10A2D80043F480633AD8002414E02A2A0AD156F8B5
:10A2E800048B0746B8F1000FBCBF43F00203C8F166
:10A2F8000008E5E74FF00008E2E70A2202FB040441
:10A308003A46303C174617F8010BA0F1300CBCF167
:10A31800090FF2D917463A4612F8010B6C2825D0D6
:10A328001FD8682829D06A2830D03A46174617F827
:10A33800010B782889D861282BD8252885D058285A
:10A3480083D143F020034FF0100C69E02A2805D18F
:10A3580056F8044B023724EAE474DCE71746002475
:10A36800D9E77A28E1D143F48073DFE778786C285D
:10A37800F9D143F44073BA1CD8E77878682802D03A
:10A3880043F08003D2E743F0C003F4E743F40073DB
:10A39800CCE7A0F16202162A3FF657AF01A151F8A7
:10A3A80022F000BF09A40008CBA4000809A40008F3
:10A3B80053A2000853A2000853A2000853A20008A1
:10A3C80009A4000853A2000853A2000853A20008D9
:10A3D80053A2000853A2000809A400082FA60008E9
:10A3E80053A2000853A200085DA5000853A2000864
:10A3F80009A4000853A2000853A2000809A40008F1
:10A408007828A0D06F2800F02381622800F02381EB
:10A4180069284FF00A0C23F0100303D0642801D0F8
:10A4280023F00C03590548BF23F00103692803F4FE
:10A43800007201D064281DD1002A7FF4F0AEDA053D
:10A4480006F1040A0CD53268CDE902C4CDE90483CB
:10A45800002A4FEAD2730193B8BF5242009217E024
:10A4680013F0400F326801D0D2B2EDE71E0648BFA4
:10A4780012B2E9E7002A7FF4D2AED80506F1040A41
:10A488000FD5CDE90483CDE902C401923368009366
:10A498002A464B4659460798FFF7C3FD56460546D8
:10A4A800BDE613F0400F326807D0D2B2CDE904837D
:10A4B8000023CDE902C40193D0E7190648BF92B240
:10A4C800F4E713F0020309932CD04FF0010A56F871
:10A4D800040B6B1C08932A464B465946079CC0B28E
:10A4E800A047099B002B33D05446089A26E04B46D8
:10A4F80059462020079CA0470AEB05020AF1010AE9
:10A50800C245F4D3B8F1000F08F1FF3308BF0023A8
:10A5180008F1010A1D4408BF4FF0020AD7E700BF3F
:10A5280029A00008DDF824A0E6E7531C0993594642
:10A538004B462020079DA847099A01344445F4D387
:10A54800A8EB0A03D04538BF0023089A1A4408929A
:10A55800089D64E6324652F8041B002CCDE9081227
:10A5680014BF22464FF0FF320A44087808B18A42E5
:10A5780012D1089AA1EB020A13F480620A9202D05F
:10A58800A24528BFA24613F002030B931CD1AAEBE5
:10A5980005032A460C9309E00131E6E7531C0D93A5
:10A5A80059464B462020079EB0470D9A0C9B1344F2
:10A5B8004345F3D3A8EB0A03D04538BF00230AF17B
:10A5C80001021D4403EB020A089EAB1B089305E039
:10A5D8001C462A464B465946079DA847089B9D1985
:10A5E80016F8010B28B10A9B002BF2D0631E002C31
:10A5F800EED10B9BABB1AAEB05032A46089306E004
:10A60800561C4B4659462020079CA0473246089BBB
:10A61800D3189845F4D8A8EB0A03D04538BF0023CF
:10A628001D44099EFBE543F02103059308231022EE
:10A63800CDE903430023CDE9013256F8043B2A460D
:10A64800009359464B460798FFF7EBFC0546E6E5AD
:10A658004FF0080CE4E64FF0020CE1E60FB41FB52A
:10A6680006AA52F8043B02A90392009204484FF04C
:10A67800FF32FFF7C7FD05B05DF804EB04B0704783
:10A6880005A2000800207047014B1860704700BF02
:10A698008C0C0020014B1B68184700BF8C0C002055
:10A6A80010B5084A084C117824784B1C03F00F03A6
:10A6B8009C421DBF054C13706054002018BF012038
:10A6C80010BD00BF601C0020611C0020501C002031
:10A6D80070470000202310B583F31188064C04F15D
:10A6E800D40000F009FD04F50A7000F005FD002310
:10A6F80083F3118810BD00BF900C002038B5094CB9
:10A708000D4610460021224640EA052042F8041F63
:10A71800194600F0B3FB20606068002818BF204687
:10A7280038BD00BF3813002090F87A10074A022974
:10A73800137807D103F0FB03012B05D15278044BA2
:10A748001A707047024A1370704700BF8E130020BA
:10A758006C13002038B50546052958D8DFE801F004
:10A768005B57185B5803202585F31188324800F0A1
:10A7780081FC002484F3118885F311882F4800F0A8
:10A7880079FC84F31188BDE838400520FFF788BFBD
:10A79800202383F311882A4C01212A4A01F080FAE8
:10A7A80004212846284A01F07BFA284694F8B41078
:10A7B80004F1440201F074FA94F8B510284604F143
:10A7C800680201F06DFA94F8B61021B1284604F138
:10A7D8008C0201F065FA184800F057FC28461B4A1D
:10A7E80094F8081201F05CFA94F809122846184AFD
:10A7F80001F056FA94F80A1219B12846154A01F0E0
:10A808004FFA0E4800F041FC002383F3118838BD4D
:10A818000420FFF745FF202585F31188064800F03E
:10A8280011FC002484F3118885F31188034800F093
:10A8380009FC84F31188EAE7640D0020B80E0020B3
:10A84800900C0020ACEB0008D0EB0008280E00208C
:10A858004C0E0020700E002070B5044606480D46C8
:10A86800C3680BB100F096FD2B462146BDE8704049
:10A87800024A014800F074BD5813002089A8000856
:10A8880070B52023064683F311880378042B03D080
:10A89800002383F3118870BD144B1B78DB09F7D1B3
:10A8A800134C2278002AF3D0124B1B78002BEFD0E0
:10A8B80003899B0704D4082301210F4A01F042FAB7
:10A8C80040F2E73000210D4B24784FF47A72A4FB54
:10A8D800034520184FF0000345EB0101F8F7D2F9C2
:10A8E80031468000FFF7B8FFD2E700BF041400200C
:10A8F80054130020380F00206D130020A08601009B
:10A90800F8B590F87430044603F07F02212A73D119
:10A9180013F0800F90F8750021D0022819D0032871
:10A928000ED0012868D194F878302BB9474AA2662E
:10A938002022E2662367F8BD0023C4E91A33F9E749
:10A94800B4F87830002B57D10120414AE066A2665E
:10A95800F0E701203F4BE066A3660023EAE70A28F8
:10A9680041D00B280ED0092846D194F8783013F03E
:10A97800FD0F41D1384BA3660223E366374B012014
:10A988002367D8E7B4F878304BBB94F87650304B4F
:10A99800002D14BF012100211970314B1A7861F381
:10A9A800C7121A701BD12B4B1A78C2B1202282F31E
:10A9B800118840F2E73000211E782A4B4FF47A7252
:10A9C800A6FB036730184FF0000347EB0101F8F7C7
:10A9D80059F921468000FFF73FFF85F311880023CE
:10A9E800C4E91A33CBE71E4994F877200D78194B40
:10A9F800ED091A70F3D1D8E740F28163B4F87420F6
:10AA08009A4208D0184B93F8B620D2B993F80A3274
:10AA1800BBB900208FE794F87920616894F8783002
:10AA28004D6843EA0223204694F8762094F877107C
:10AA3800A8470028EDD04368A3660368E3660023AF
:10AA48009DE72046BDE8F84000F036BB6D130020B6
:10AA5800380F0020541300208E13002031A700085F
:10AA680004140020A0860100900C0020704700000C
:10AA7800102208B500210448F8F792FB0023034A86
:10AA88001370034A137008BD501C0020601C00207E
:10AA9800611C0020F8B50C4C0C4E2546002130787E
:10AAA80023780B4F984202D101B12870F8BD1A469D
:10AAB800BA5C0133052A4FF0010103F00F03F1D10D
:10AAC8002B70FFF71FFAE9E7611C0020601C0020CB
:10AAD800501C0020F8B5254C054604F10803A36571
:10AAE80004F11C0304F1D406C4F8803004F1B00763
:10AAF80004F13003C4F8A0303046394600F060FA5B
:10AB08003046394600F086FA04F5AE73C4F8AC3125
:10AB180004F5B873C4F8D43104F5C273C4F8F43139
:10AB280004F5017604F50A743146204600F048FA27
:10AB380031464FF4805620460D4C00F06BFA062241
:10AB48004FF48051204601F04BFD0A48666100F041
:10AB580058FD2846084901F063F80222314620468C
:10AB680001F03EFD0022054BDA60F8BD900C002094
:10AB780000080140F0490200F4EB000858130020D7
:10AB880070B505464FF480560A4C01F05FF806226E
:10AB980020464FF4805101F023FD2846064966619E
:10ABA80001F03EF831462046BDE87040022201F02F
:10ABB80017BD00BF00080140F4EB0008014B1878EE
:10ABC800704700BF6C13002070B52023044683F340
:10ABD8001188204D2B782E46042B25D11E4A2B890F
:10ABE80092F90020002A23DA1C4A127802B3DA0606
:10ABF80010D4202322460421164801F0A3F8204649
:10AC0800174B04F1200250F8041B904243F8041B30
:10AC1800F9D109E0EB694FF0FF3158690C3000F0C9
:10AC2800FDFC2B78042BE4D0002383F3118870BD3E
:10AC38009B0703D4082322460121DDE733694FF03F
:10AC4800FF3158690C3000F0E9FC3378042BEBD164
:10AC5800F0E700BF001E002004140020380F002079
:10AC68006D13002010B52023044683F311880D4B83
:10AC78001A78042A03D0002383F3118810BD1A8997
:10AC8800D20608D5DB694FF47A7158690C3000F0A8
:10AC9800C5FC0130EFD0062322460421014801F00B
:10ACA80051F8E8E7001E002007B52023024683F389
:10ACB800118809480178042905D0002383F31188F5
:10ACC80003B05DF804FB0323ADF8052001AA8DF855
:10ACD800043001F037F8F0E7001E002007B50346FE
:10ACE800202282F3118809480178042905D000231D
:10ACF80083F3118803B05DF804FBADF8053001AAB1
:10AD080003238DF8041001F01DF8F0E7001E002061
:10AD180037B50C4C8DF8070023780B48002B50F8FA
:10AD2800D43F4FF00102DD690DF107010CBF4FF46C
:10AD3800FA730023A847B0FA80F340B25B09237086
:10AD480003B030BDA4130020900C002010B50648B5
:10AD580088B0D0F8D43020221C6A69460023D43049
:10AD6800A04708B010BD00BF900C002020290A465B
:10AD780010B409D1054BD3F828124C68014603F5E5
:10AD88000A70234610BC184710BC7047900C00206E
:10AD980010B5094888B0D0F8283220221C6A6946C4
:10ADA800002300F50A70A04718B1C1B26846FCF745
:10ADB80054FE08B010BD00BF900C002070477047CB
:10ADC800704708B5FFF7FAFF02F08FFAFFF7F7FFB1
:10ADD80008BD08B502F090FAFFF7F2FF08BD0000C1
:10ADE80070B500F0D9FC00F06BFAFDF765FDFFF7D0
:10ADF8003FFE1D48FFF76EFE41F2883000F001FC6F
:10AE08001A48FFF72BFC184DFDF772FD1848FDF79F
:10AE1800ABFC1848FFF722FC2C46174EFFF73AFE0A
:10AE28002B78052B09D13046FFF718FC2378052B22
:10AE38000CD0FEF751FEFBF701F9FDF791FDFFF786
:10AE480085FFFFF7A5FFFDF74DFDE7E7FFF733F8AF
:10AE5800FFF741F80028E9D0204600F085FF20469A
:10AE6800FFF78EFEE2E700BF001E002004EC00089A
:10AE78003C0F002015EC000826EC000810B5040A69
:10AE8800032C0FD007D8012C23D0022C07D17B200C
:10AE9800114B136010BD212C0DD0222C12D0002094
:10AEA8000346F6E7C0B20228F9D80C4B0C4953F810
:10AEB8002030405CEDE70329F1D80A4B092053F80C
:10AEC8002130E6E70329EAD8074B084853F8213030
:10AED800EFE71220064BDCE760EC00082CEC0008DA
:10AEE80038EC00083CEC00084CEC00085CEC00086E
:10AEF800FDEC000813B5446BE36F1A681178042958
:10AF080015D1217A022912D11979012312898B408E
:10AF180013420CD101A904F1440000F049FD024696
:10AF280028B1E06F019B0179006800F00BFF02B0C7
:10AF380010BD0C3000F0CEBC4FF0FF330C3000F0E9
:10AF4800C9BC443000F09CBD4FF0FF33443000F0E2
:10AF580097BD0C3000F0A1BC4FF0FF310C3000F071
:10AF68009CBC443000F06CBD4FF0FF32443000F020
:10AF780067BD38B5C36F05461A681178042901D032
:10AF8800012038BD017A0229FAD1187901238340BA
:10AF9800508913EA0004F3D105F10C0000F038FCE5
:10AFA80002460028ECD0E86FAB6A4179043B0068A0
:10AFB80000F0B6FE2046E4E7406BFFF7DABF00007A
:10AFC8007FB5034601260D4604460F4A43F8042B75
:10AFD80043600E4B067202900193CB680C300093CD
:10AFE8004B690A6A314600F0F1FB094B314601937F
:10AFF800AB68EA69009302942B6904F1440000F0FD
:10B00800B4FC04B070BD00BF68EE0008C1AF000812
:10B01800FDAE000820220B6882F311880A7903EB41
:10B02800820290624A79113243F822008A7912B179
:10B0380003EB820398620223C1670372002383F340
:10B048001188704738B5044601250221043000F004
:10B058003FFB04F10C006FF00101257500F011FBB6
:10B0680084F84C5004F144006FF00101BDE8384009
:10B0780000F007BB10B501210446043000F028FB9E
:10B088000023237584F84C3010BD38B504460025DC
:10B098000C3000F0B2FB04F14400257500F07CFC94
:10B0A800201D84F84C50012100F012FB2046BDE819
:10B0B8003840FFF75EBF000090F87420034602F0A6
:10B0C8006002202A14D190F875200020212A02D885
:10B0D8001F2A03D87047222A07D07047054A9A6664
:10B0E8000722DA66186701207047C3E91A00F9E7F2
:10B0F80000207047500F002073B5C36F04461A68CC
:10B108001178042927D1017A022924D11979012338
:10B1180015898B401D401ED100F14406304600F0D1
:10B12800F7FCC0B1304601A900F042FCE36F0646C7
:10B138001A7E4AB101981A692946121A3044F8F75A
:10B148002FF8E36F1B690193E06F32460179019B89
:10B15800006800F0F7FD02B070BD00EB81032DE937
:10B16800F3419E6A04460D46FEB1202383F31188FD
:10B178000821301D04EB850700F0AAFAFB6806F1E8
:10B1880044085B691B6813B1404600F01EFC40464A
:10B1980001A900F00DFC024650B1019B294620464A
:10B1A80000F0D0FD002383F3118802B0BDE8F081E0
:10B1B800FB685A691268002AF4D01B8A013B1342C3
:10B1C800F0D1F36F1B7E002BECD104F17402E5E79C
:10B1D800113110B550F82140C4B1202383F31188F0
:10B1E8000421601800F074FAE26F04F10C0013688F
:10B1F800527903EB8203DB689B69596800F012FB04
:10B208002046FFF7B6FE002383F3118810BD704770
:10B21800024B034A1A60034A5A607047641C0020B4
:10B22800901E002000500020094B30B51C684D1EB0
:10B23800224449422A440A4059681044814204D3AE
:10B24800844202D81860104630BD0022FBE700BFD8
:10B25800641C002008B5202383F31188FFF7E4FF5E
:10B26800002383F3118808BD70477047FEE700008C
:10B27800F0B5082000261049D1E901341D460A68B6
:10B28800043AAC4210D8E21CD21ADD1E22F00302A6
:10B29800AC4238BF00221344CA689A4209D8013820
:10B2A80001F11001E8D1F0BD52F8047F45F8047BA4
:10B2B800E7E743F8046BF0E790EE000830BFFDE7DE
:10B2C80010B50D4C00F09AF800F03CF8FFF7A0FF1D
:10B2D80080220A49204600F04EF9012344F8180C50
:10B2E800037400F013FA002383F3118862B6BDE8F3
:10B2F8001040034800F068B9501D002010EF000806
:10B308001CEF000872B6014B5862FEE7281D0020AA
:10B3180000F052B8EFF3118020B9EFF30583202233
:10B3280082F31188704710B530B9EFF30584C4F380
:10B33800080414B180F3118810BD00F011F984F3EA
:10B348001188F9E7054B03F11402C3E905224FF010
:10B35800FF32DA6100221A62704700BF281D002000
:10B3680010B5C0E903230A4A53699C688C420CD380
:10B378005C68036044602060586081609868411A86
:10B3880099604FF0FF33D36110BD1B68091BECE7D0
:10B39800281D0020036881689A680A449A604268F8
:10B3A800136003685A6000234FF0FF32C360014BFB
:10B3B800DA617047281D0020F8B50F4C226A013267
:10B3C8002262224652F8141F9142154606D02026C2
:10B3D8008B68013B8B6063699A6802B1F8BD196894
:10B3E800DF68DA604D60616182F311881869B847D7
:10B3F80086F31188EFE700BF281D00200022024BCA
:10B40800C3E900339A607047281D00200023826832
:10B418000374054B1B6899689142FBD25A68036014
:10B428004260106058607047281D002008B520232E
:10B4380083F31188027C0023052A06D8DFE802F08E
:10B448000B050503120E426913604FF0FF33436189
:10B45800FFF7DCFF002383F3118808BD4269936876
:10B4680001339360D0E9003213605A60EDE70000C1
:10B47800002382680374054B1B6899689142FBD8C6
:10B488005A6803604260106058607047281D0020A9
:10B49800054B196908741868026853601A601861C6
:10B4A80001230374F6F710BF281D002030B54B1C8C
:10B4B80004460B4D87B010D02B690A4A01A8FFF744
:10B4C8004FFF2046FFF7E4FF049B13B101A8FFF7E5
:10B4D80061FF2B69586907B030BDFFF7D9FFF8E75E
:10B4E800281D002035B4000838B50C4D41612B6982
:10B4F80081689A680446914203D8BDE83840FFF74E
:10B5080085BF1846FFF7B4FF01232C610146237459
:10B518002046BDE83840F6F7D7BE00BF281D0020FA
:10B52800044B1A681B6990689B68984294BF002076
:10B5380001207047281D002010B5084C2368206999
:10B548001A6854602260012223611A74FFF790FF81
:10B5580001462069BDE81040F6F7B6BE281D002058
:10B5680008B5FFF7DDFF18B1BDE80840FFF7E4BFF5
:10B5780008BDFFF7E1BF022182600262002201825A
:10B58800C0E90622704700008368C168A3F14C0235
:10B5980043F81C2C026943F84C2C426943F8201CE0
:10B5A80043F8482C074AA3F1280043F82C2C022220
:10B5B80003F8182C002243E9032103F8172C43F859
:10B5C800102C7047E122000810B5202383F311885E
:10B5D800FFF7DAFF00210446FFF786FF002383F315
:10B5E8001188204610BD0000024B1B6958610F20CE
:10B5F800FFF74EBF281D0020202383F31188FFF793
:10B60800F3BF08B50146202383F311880820FFF70C
:10B618004DFF002383F3118808BD0000054B1B690B
:10B6280021B1036058610320FFF740BF4FF0FF309E
:10B63800704700BF281D00200346006820B1002283
:10B648001A604161FFF7E2BE7047000049B1064B3E
:10B6580042681B6918605A60136043600420FFF752
:10B6680025BF4FF0FF307047281D002003460068B3
:10B67800834205D002681A6053604161FFF7C6BE75
:10B68800704738B504460D462068844200D138BD5D
:10B69800036823605C604561FFF7B8FEF4E70023A8
:10B6A800C0E900008360704783691943037C8161A6
:10B6B8000A2B03D14369194205D170470B2B06D1D8
:10B6C80043698B4303D100234361FFF79FBE704753
:10B6D80070B506460D460468B44200D170BDE368F3
:10B6E8002B43E36015B123691D4203D0D4E901015E
:10B6F800FFF7DAFF2468EFE7EFF30983203383F3DA
:10B708000988002383F3118870470000202080F304
:10B71800118862B60B4B0C4AD96821F4E061090420
:10B72800090C0A430949DA60CA6842F08072CA60A3
:10B7380007490A6842F001020A601022DA7783F8A2
:10B748002200704700ED00E00003FA05F0ED00E08C
:10B75800001000E0202310B583F311880B4B5B68C1
:10B7680013F400630FD0EFF309844FF08073203C8B
:10B77800E36184F30988FFF7D3FE10B1044BA3619A
:10B7880010BD044BFBE783F31188F9E700ED00E0F7
:10B79800F3220008F622000808B500F0A3FD0948C6
:10B7A80000F0E8FE00F0D2F900F002FA00F00CFA1E
:10B7B80000F025FA00F005FAFFF70BFBBDE808409A
:10B7C80000F002B8F0EF000801F02ABA0172002177
:10B7D80030B5039C043304FB0325C0E90653049BDE
:10B7E800C0E900000363059BC0E90422C0E90842E0
:10B7F800C0E90A11C160436330BD0022416AC0E953
:10B808000A22C0E90411C2606FF00101FFF739BFD5
:10B81800D0E90432934201D1C2680AB9181D7047B1
:10B828000020704703691960C26800210132C260B4
:10B83800C269134482690361934224BF436A036166
:10B84800FFF714BF38B504460D46E3683BB162699B
:10B858000020131D1268A3621344E36207E0237AF1
:10B8680033B929462046FFF7F1FE0028EDDA38BD46
:10B878006FF00100FBE7C368C269013BC36043691D
:10B88800134482694361934224BF436A436100239E
:10B898008362036B03B11847704770B520230446D1
:10B8A80083F31188866A3EB9FFF7CCFF054618B1C5
:10B8B80086F31188284670BDA36AE26A13F8015B13
:10B8C8009342A36202D32046FFF7D5FF002383F3F8
:10B8D8001188EFE72DE9F84F04460E469046994641
:10B8E800202787F311880025AA46D4F828B0BBF191
:10B8F800000F09D149462046FFF7A4FF20B18BF37A
:10B9080011882846BDE8F88FA8EB050BD4E90A1280
:10B91800521A934528BF9346BBF1400F1BD93346B3
:10B9280001F1400251F8040B914243F8040BF9D19C
:10B93800A36A40364033A3624035D4E90A239A42C9
:10B9480002D32046FFF797FF8AF311884545D8D2DE
:10B9580087F31188C9E730465A46F7F7ABFBA36A65
:10B968005E445B44A3625D44E7E710B5029C043380
:10B97800017204FB0321C0E906130023C0E90A335E
:10B98800039BC0E900000363049BC0E90422C0E9EB
:10B998000842C460436310BD026A6FF00101C260CF
:10B9A800426AC0E904220022C0E90A22FFF769BE00
:10B9B8000346D0E90420824201D1DB681BB950F864
:10B9C800043B0B60704700207047C368C2690133AD
:10B9D800C36043690021134482694361934224BFD1
:10B9E800436A4361FFF742BE38B504460D46E36833
:10B9F8003BB1236900201A1DA262E2691344E36285
:10BA080007E0237A33B929462046FFF71FFE0028AE
:10BA1800EDDA38BD6FF00100FBE703691960C26811
:10BA2800013AC260C269134482690361934224BF28
:10BA3800436A036100238362036B03B118477047AD
:10BA480070B520230D460446114683F31188866A93
:10BA58002EB9FFF7C9FF10B186F3118870BDA36A2C
:10BA68001D70A36AE26A01339342A36204D3E169B9
:10BA780020460439FFF7D1FF002080F31188EDE755
:10BA88002DE9F84F04460D4691469A464FF0200896
:10BA980088F311880026B346A76A4FB95146204655
:10BAA800FFF7A2FF20B187F311883046BDE8F88F71
:10BAB800D4E90A073A1AA9EB0607974228BF17469E
:10BAC800402F1BD905F1400355F8042B9D4240F83F
:10BAD800042BF9D1A36A40364033A362D4E90A2380
:10BAE8009A4204D3E16920460439FFF796FF8BF3A5
:10BAF80011884E45D9D288F31188CDE729463A46B0
:10BB0800F7F7D8FAA36A3D443B44A3623E44E5E70D
:10BB1800D0E904218A42034616D1C068A8B1986AC0
:10BB280098B10438801A10D01060D9680120013902
:10BB3800D960D9690A4499691A618A4224BF5A6A44
:10BB48001A6100229A6270470020704700F0B4BE64
:10BB58000123037000230C3040F8083CFFF79FBD19
:10BB680010B52023044683F31188416000F0B4FE29
:10BB780002232370002383F3118810BD7FB5044688
:10BB8800202585F311880326002506700A9E856006
:10BB98000296099E0196089E009600F049FF431CF4
:10BBA80014BF02230523237085F3118804B070BDE8
:10BBB80001F056B80123037000234360C360037487
:10BBC800704700F0F9BF704701F014B80123037003
:10BBD8000023C0E901330C30FFF761BD10B50446FE
:10BBE80090F8763080F87E3001F0DEF963681B68E3
:10BBF80013B10121204698470323237010BD01F09B
:10BC0800B1B901230370002300F12C02436000F155
:10BC1800480142F8043B8A429361FAD18360704735
:10BC280038B50446202383F3118800254160C0E914
:10BC38000355C0E90555C0E90755C0E9095501F0A4
:10BC48004FFA0223237085F3118838BD70B520237D
:10BC5800044683F3118801F08BF925460026012359
:10BC6800666005F80C3B2C3455F8043B7BB15869E9
:10BC780020B16FF001010C30FFF7DEFC55F8043CF1
:10BC8800986920B16FF001010C30FFF7D5FCA5428F
:10BC980045F8046CE8D1FFF763FC86F3118870BDA2
:10BCA80070B500EB8103054650690E461446DA600C
:10BCB80018B114220021F7F773FAA06918B11422F9
:10BCC8000021F7F76DFA31462846BDE8704001F0CB
:10BCD80075B9F8B504460027836800F1100503F02C
:10BCE8000113836000F12C0655F8043B7BB15869B9
:10BCF80020B16FF001010C30FFF79EFC55F8043CB1
:10BD0800986920B16FF001010C30FFF795FCB5423E
:10BD180045F8047CE8D12046BDE8F84001F006BAB1
:10BD2800F0B4012500EB8104E4684789A4698D40DB
:10BD38003D43458123600023A2606360E360F0BC5B
:10BD480001F03EBAF0B4012500EB8104E4680789EC
:10BD580064698D403D43058123600023A2606360D0
:10BD6800E360F0BC01F04EBA10B50378052B0BD197
:10BD7800064CC820236C43F010032364FFF741FCF2
:10BD8800236C23F01003236410BD00BF005C004047
:10BD98002DE9F0410223002504464FF020080370E6
:10BDA800C567856000F10C0600F12C0756F8043BC6
:10BDB800ABB188F3118856F8043C586920B16FF08C
:10BDC80001010C30FFF738FC56F8043C986920B1A3
:10BDD8006FF001010C30FFF72FFC85F31188BE428C
:10BDE80046F8045CE2D1204684F8645001F05CF91E
:10BDF80063681B6823B12046BDE8F041002118475D
:10BE0800BDE8F081F8B50378044680F88030052352
:10BE1800037043681B680BB104219847002620274C
:10BE2800A66004F10C052C3455F8043BABB187F33C
:10BE3800118855F8043C586920B16FF001010C30A5
:10BE4800FFF7FAFB55F8043C986920B16FF001013F
:10BE58000C30FFF7F1FB86F31188A542E4D1F8BD59
:10BE680090F88020436802701B680BB105211847C1
:10BE78007047000070B590F86430044613B1002391
:10BE880080F86430204604F1740201F07FF9636899
:10BE98009B68B3B994F8743013F0600539D0002169
:10BEA800204601F0E3F90021204601F0CDF963684E
:10BEB8001B6813B1062120469847062384F864308E
:10BEC80070BD204698470028E4D094F87B2094F869
:10BED8007A3043EA0223E26E9A4288BFE36694F915
:10BEE8007430E56E002B4FF0200380F2F580002DB2
:10BEF80000F0E480092284F8642083F3118800218B
:10BF0800D4E91A232046FFF71DFF002383F3118885
:10BF1800D6E794F8752003F07F0343EA022340F242
:10BF28000232934200F0B78021D8B3F5807F4DD01C
:10BF38000DD8012B44D0022B00F08580002BAED108
:10BF480004F17C02A2660222E2662367BDE7B3F52C
:10BF5800817F00F08D80B3F5407FA0D194F87630D2
:10BF6800012B9CD1B4F87C3043F0020337E0B3F5E1
:10BF7800006F3ED01CD8B3F5A06F36D0A3F5C063D0
:10BF8800012B8CD894F87920616894F878304E6841
:10BF980043EA0223204694F8762094F87710B047B5
:10BFA80000283FF47CAF4368A3660368E3661AE0A1
:10BFB800B3F5106F22D040F6024293427FF46FAF80
:10BFC800524BA3660223E3660023BEE794F876305B
:10BFD800012B7FF464AFB4F87C3023F00203C4E98A
:10BFE8001A55A4F87C3025676FE7C4E91A55484B01
:10BFF800ABE704F17F03A3660123D7E72378042B7B
:10C0080010D1202383F311882046FFF762FE85F3C1
:10C0180011880321636884F87F5021701B680BB175
:10C028002046984794F876304BB184F87F30042343
:10C03800237063681B6813B10221204698470023C8
:10C04800C4E91A3381E794F8783020461D0603F0D6
:10C058000F010AD501F08CF8012804D002287FF4DA
:10C068001EAF2C4BADE72C4BABE701F073F8F3E7B1
:10C0780094F87630002B7FF412AF94F8783013F0F0
:10C088000F01DCD01A06204602D501F017F9D6E7D1
:10C0980001F0FEF8D3E794F87630002B7FF4FFAE7A
:10C0A80094F8783013F00F01C9D01B06204602D54A
:10C0B80001F0DCF8C3E701F0C7F8C0E7142284F800
:10C0C800642083F311882B462A4629462046FFF729
:10C0D80027FE85F31188F3E65DB1152284F8642004
:10C0E80083F311880021D4E91A232046FFF718FEAC
:10C0F8000BE70B2284F8642083F311882B462A4629
:10C1080029462046FFF71EFEE3E700BF38EF000888
:10C11800E5BB000834EF000836EF000838B590F8A2
:10C1280064300446002B42D0063BDAB20F2A38D8D6
:10C138000F2B36D8DFE803F03B3535082636353582
:10C148003535353535353B3B90F87B1090F87A20FE
:10C15800C36E42EA0122934214D2C268128AB3FB28
:10C16800F2F502FB15356DB9202383F311882B46B0
:10C178002A462946FFF7E6FD85F311880A2384F845
:10C1880064300EE0142384F86430202383F311888C
:10C19800002320461A461946FFF7C2FD002383F301
:10C1A800118838BD036F03B198470023E7E70021E2
:10C1B800204601F05BF80021204601F045F863684D
:10C1C8001B6813B10621204698470623D7E710B508
:10C1D80090F864300446142B29D017D8062B05D0C4
:10C1E80001D81BB110BD093B022BFBD8002120460A
:10C1F80001F03CF80021204601F026F863681B682E
:10C2080013B1062120469847062319E0152BE9D1DA
:10C218000B2380F86430202383F3118800231A4607
:10C228001946FFF78FFD002383F31188DAE7C36807
:10C238009B695B68002BD5D1036F03B19847002336
:10C2480084F86430CEE70122090100F1604303F568
:10C258006143C9B283F8001300F01F039A404309F1
:10C268009B0003F1604303F56143C3F880211A6022
:10C2780070470000012100F01F0342099940044B58
:10C28800203243F822101844002380F80033704706
:10C2980000E100E0090100F16040C9B200F56D401D
:10C2A80001767047062108B50846FFF7CCFF06213E
:10C2B8000720FFF7C8FF06210820FFF7C4FF062163
:10C2C8000920FFF7C0FF06210A20FFF7BCFF06215F
:10C2D8001720FFF7B8FFBDE8084006212820FFF720
:10C2E800B2BF00004FF0FF3110B51F4C2269216129
:10C2F8002269002222612069E068E160E168E26069
:10C30800E168E169194841F08051E161E169E16959
:10C3180041F00061E161E169016841F48071016007
:10C32800216A01F44071B1F5407F1EBF4FF480339C
:10C3380023622262236A43F001032362236A9A0775
:10C34800FCD5236A1B0409D4236A43F4407323628F
:10C3580000F01CFC236A43F40043236200F048F811
:10C36800BDE81040FFF79EBF00100240007000407B
:10C378001C4B1A6842F001021A601A689207FCD531
:10C388001A6802F0F9021A6000225A605A6812F01C
:10C398000C0FFBD11A6842F480321A601A689003B5
:10C3A800FCD55A6A42F001025A625A6A9107FCD5D2
:10C3B8005A6842F4E8125A601A6842F080721A60A9
:10C3C8001A689201FCD51221074A5A60074A11607F
:10C3D8005A6842F002025A605A6802F00C02082AAF
:10C3E800FAD170470010024000641D00002002408E
:10C3F80000230121084A10B5C2E900330748446800
:10C408001030236042F8313001310829F7D14FF05C
:10C41800FF32034B5A6010BDA81300203CEF000800
:10C428000000024006289C462DE9F04136D8012735
:10C438001B4C874023681F4230D11A4E3B43236070
:10C448004FEA0018184B06EB0015013044F830206D
:10C4580004EBC000C0F804C0586940F001005861FE
:10C468005B694AB16268AB681A4202D1E87BFFF7A0
:10C47800EAFE63681F43676006EB08014B68497B67
:10C488001A6856F8080022F00F021A600E228A4035
:10C49800426000221A602846BDE8F0810025FAE7CC
:10C4A800A81300203CEF00080010024010B40468F4
:10C4B800437B21684268D940126801F00E010A42A4
:10C4C8000ED0827B01FA03F36360064B013253F806
:10C4D80032402CB103EBC2035868234610BC1847FE
:10C4E80010BC7047A813002008B50348FFF7DEFF0B
:10C4F800BDE80840FFF72EB93CEF000808B503482F
:10C50800FFF7D4FFBDE80840FFF724B94CEF000857
:10C5180008B50348FFF7CAFFBDE80840FFF71AB996
:10C528005CEF000808B50348FFF7C0FFBDE8084006
:10C53800FFF710B96CEF000808B50348FFF7B6FF1E
:10C54800BDE80840FFF706B97CEF000808B50348C6
:10C55800FFF7ACFFBDE80840FFF7FCB88CEF000818
:10C5680008B50348FFF7A2FFBDE80840FFF7F2B897
:10C578009CEF0008184B9A6942F07D029A619B690A
:10C588000268164BDA6082685A6042681A60C268AC
:10C5980003F58063DA6042695A6002691A60826949
:10C5A800C3F80C24026AC3F80424C269C3F800243F
:10C5B800426AC3F80C28C26AC3F80428826AC3F81E
:10C5C8000028026BC3F80C2C826BC3F8042C426B56
:10C5D800C3F8002C704700BF00100240000801405B
:10C5E800032AF0B528D10161154B9F5C002308226E
:10C5F8001D461C461E4611F0800F4FEA04144FEAF0
:10C6080003134FEA06164FEA05150CBF44F00F0452
:10C618003B4311F4004F0CBF46F00F063D43013A6F
:10C628004FEA4101E7D1426832402A43426002683A
:10C63800224013430360F0BD042A08BF4161D3E7D9
:10C64800ACEF000838B50B070446456B02D509481E
:10C65800FEF758FE236B59680A6822F00F020A6039
:10C66800597B1A680E238B4053606B6843F4007340
:10C678006B6038BDBEEF000838B50B070546446B44
:10C6880002D51348FEF73EFEEB6A59680A6822F0A5
:10C698000F020A60597B1A680E238B405360636847
:10C6A80023F480536360236823F480632360236842
:10C6B80043F400732360202383F31188002105F1DC
:10C6C8001C00FEF7B9FF002383F3118838BD00BFB3
:10C6D800BEEF00083E4870B5446B3E4AA3696569E1
:10C6E80045EA034323F07F439342024628D014D8F7
:10C6F80039498B4205D001318B4225D0B3F1011F56
:10C7080011D1128C130A19D003F0060302F00102AA
:10C71800134343F0F003236105E0304A934229D0E4
:10C728000232934231D015F00A0F18BFA369EB0506
:10C7380042BF636923F48073636133E02261F2E7E7
:10C74800038CC3F34703E6E7636823F4007363606D
:10C75800C36A5B681A6842F001021A60626842F4B0
:10C76800805262605B68012BDDD8236823F4806304
:10C778002360D8E7636823F400736360036B5A6827
:10C78800136843F001031360CDE72369C36A5B684C
:10C798005E685EB1038C43F001030384236843F4AD
:10C7A800A0632360BDE87040FEF7D4BF636823F43C
:10C7B80000736360236843F400732360202383F3CA
:10C7C800118831461C30FEF737FF86F31188AAE737
:10C7D800741D002008000300010003008200070008
:10C7E800F8B5334B5A6B506900F45F44E443546125
:10C7F8001C6B81B26668356825F00F053560657B6E
:10C8080026680E2404FA05F57560DD6A6F683E68CF
:10C8180026F00F063E602E686D7BAC40746010F405
:10C8280080741DBF01249C6054699C601CBF24F463
:10C83800807454618C0542BF9C6844F002049C607B
:10C848004F050BD555689C6825F40075556015682B
:10C8580044F0040445F4007515609C600E0542BF61
:10C868009A6842F008029A604D0442BF9A6842F002
:10C8780020029A60CC0442BF9A6842F010029A6083
:10C8880001049A680ED542F040029A60202383F38F
:10C8980011886FF001010748FEF7CEFE002383F3ED
:10C8A800118801E0002AF1D1BDE8F840FEF752BF37
:10C8B800741D0020901D002010B5054C2046FFF780
:10C8C80047F90023034AC4E90B33E361626310BDEF
:10C8D800741D00200054004070B503780446012BF5
:10C8E800456B33D18A239A22C0E90932494B9842D1
:10C8F8002CD1494E05213369484A43F4001333616A
:10C90800336923F400133361336903460620FFF7C4
:10C9180089FD0521424A2346E0620846FFF782FD69
:10C92800F369206343F4001305211F20F361F369C1
:10C93800FFF789FC05212020FFF785FC636A43F493
:10C9480040536362A36A43F44053A362E36A616B92
:10C958005A6805F110039360226B6068526893600F
:10C968004FF400434FF410622B6000232B606A6081
:10C978004C68426824F03F042404240C067A4C6076
:10C988004C6844F024044C60264CA2421ADC264B26
:10C99800520093FBF2F32522C3F30B030A62CB6127
:10C9A80002780B68022A9BB22AD0032A2ED0012AC9
:10C9B80002D123F00A039BB20B602B6843F00103FA
:10C9C8002B6070BD194CA242E9DC022E0AD102EBA1
:10C9D8004204154AB2FBF4F292B21A4342F40043FD
:10C9E8000B22DBE7032E03BF192353430E4A40F6FD
:10C9F800FF7202BFB2FBF3F24FF4804392B2ECE74E
:10CA080023F008039BB243F00203D5E743F00A037F
:10CA1800D2E700BF741D00200010024081C6000844
:10CA28004DC60008A086010000512502801A0600A4
:10CA3800F8B5044600254900406BA560218485F3BC
:10CA48001188216BA66A496841F287370E60202653
:10CA5800CA604B60E36A626A5B681A60069ADA60C9
:10CA6800079A5A60274B196A86F3118882699207D8
:10CA780002D4026892051FD51A6A521ABA4218D906
:10CA8800236B59680A6822F00F020A605A7B1968FA
:10CA98000E2303FA02F24A60E26A5068016821F044
:10CAA8000F0101604FF0FF301168527B93404B60DB
:10CAB800F8BD85F31188D7E74368089943F40073F4
:10CAC8004360036843F48073036004F11C00FEF7BD
:10CAD800A5FD0028ECD0236B59680A6822F00F02E4
:10CAE8000A605A7B19680E2303FA02F24A60E26A66
:10CAF8005468216821F00F0121601168527B93402E
:10CB08004B60D5E7281D0020024A53681B07FCD557
:10CB1800704700BF00280040024A53689B06FCD5B6
:10CB2800704700BF0028004008B5FFF7F5FF034A2B
:10CB3800536843F01003536008BD00BF002800404D
:10CB480038B5114CFFF7E0FF2268136851680B40B5
:10CB580051689DB221F007015160D90703D5002122
:10CB6800204663689847AA0703D5012163680648E9
:10CB780098476B0703D50221636803489847BDE8C7
:10CB88003840FEF7E7BD00BFAC1D002008B5FEF732
:10CB9800C1FBFFF7C9FF0022064B9A604FF2234200
:10CBA800DA605A6822F010025A60BDE80840FEF7C1
:10CBB800BABB00BF0028004010B50C4C2046FFF758
:10CBC80002F80B4B5A68236022F008025A60FFF7FC
:10CBD8009BFFFFF7A1FF002322680F2113600320AA
:10CBE8006360BDE81040FFF72EBB00BFAC1D0020FE
:10CBF8000028004010B5084C2046FEF7E7FF002348
:10CC0800064A41F20A01C4E90723636241F21803A4
:10CC1800C4E90A1310BD00BFB41D00200030014054
:10CC280040F2CF22044B08215A6000229A60072262
:10CC38000B201A60FFF72EBB10E000E008B5202398
:10CC480083F31188FEF764FB002383F3118808BD82
:10CC580008B5FFF7F3FFBDE80840FEF77BBD00000D
:10CC680010B5054C2046FEF7A5FF042323744FF0AA
:10CC78008043A36110BD00BFE41D0020836970B527
:10CC88001A69DD6804461540EAB2D243AE071A6154
:10CC980003D543681B6903B19847680704D56368DF
:10CCA8009B690BB120469847290704D563681B6A1E
:10CCB8000BB120469847EA0604D563689B6A0BB116
:10CCC80020469847EB0706D563689B681BB120464A
:10CCD800BDE87040184770BD08B50348FFF7CEFFA0
:10CCE800BDE80840FEF736BDE41D00200D4B10B529
:10CCF8001B6D040103F1804303F5C04303EB0010EF
:10CD0800E358114403F1005303F540535B004260BC
:10CD1800002AA1EB020000DC10BD0088023A43F8AB
:10CD2800040BF5E7005C00402DE9F84F8A4D6C6C68
:10CD3800670505D56FF4806388486B64FFF728F8AA
:10CD4800260509D52B6C854843F008032B646FF43E
:10CD580000636B64FFF756F8E0040DD57E4DAB6CAD
:10CD6800190406D42B6C7D4823F008032B64FFF7C5
:10CD780077F86FF480536B64A20508D57748436849
:10CD8800DB6803B198476FF40072734B5A64734DB4
:10CD9800734E230403D4BDE8F84FFEF7DBBC04F060
:10CDA8000F04A70007F1804707F5B847D7F800A098
:10CDB80004F1020905EB89031AF0800FD3F8048007
:10CDC80025D03A68D8F81430324042F400423A602C
:10CDD80019695A6818680A44801A5A602ED0B8F837
:10CDE8001020824228BF024698681A61014499605F
:10CDF8002046FFF77BFF3B6823F4F04323F0400312
:10CE080083F0300343F4004343F080033B601AF49B
:10CE1800004F10D03B681AF4006F03EA060343F092
:10CE280080033B60E1B225D005EB8909D9F80430CD
:10CE380028465B689847484B5C6CAAE7012303FACD
:10CE480004F22B8923EA02032B81D8F8083013B1A6
:10CE5800214628469847202383F3118805EB890348
:10CE68005B68002158690C30FEF7E6FB002383F36A
:10CE78001188CCE7D8F81820374BD2F808C01B6DBA
:10CE8800E14603F1804303F5C04303EB04108368D4
:10CE9800D0F80CE003F10053CEF30900CEF3480EAE
:10CEA80003F540534FEA8E0A0AEB430A5B005345E9
:10CEB80009F1020939D16FF0010909FB0E09B9F12D
:10CEC800000F02D01B680CF81E309368034493606F
:10CED80053680344536013681B1A1360138A013B99
:10CEE8009BB21382B8F81220824200D833BB0123C8
:10CEF80003FA04F26B89023423EA02036B8105EB1F
:10CF080084035B68DB680BB128469847202383F3CA
:10CF1800118805EB84046368986941680C30FEF752
:10CF28008BFB002383F3118885E753F804BB09F8CA
:10CF380002BC4FEA1B2B09F801BCB8E73B6823F495
:10CF4800904323F0700383F4405343F4004343F0C9
:10CF580080033B606FE700BF005C0040001E0020BC
:10CF68000F07FFFF0148FEF74CBE00BF001E002060
:10CF780008B50378012B12D0094B98420FD1132022
:10CF8800FFF778F91420FFF775F90322054B1A64A7
:10CF980003F5DA33DA6922F40002DA61DB6908BDE5
:10CFA800001E0020005C004090F87E30024A43F0EA
:10CFB8008003D364704700BF005C004000EB81032E
:10CFC800F0B5DE68336803F00303032B5DD0002B54
:10CFD8000CBF4FF400730023314A4FEA011C146D53
:10CFE800726904F1804404F5C04404EB011572B180
:10CFF80000226A60328AD0F88470013222F001027D
:10D008003A44C0F8842043F020034CF80470B26915
:10D01800C2B1748A3E2C04F1FF3239D942F01F02A2
:10D02800204E0132521146EA822292B2EA60D0F8CA
:10D038008420013424F001041444C0F8844043F4EB
:10D048000053AA608A0002F1804202F5B8421068D3
:10D058004404106848BF43F48043400648F2800007
:10D0680048BF43F04003194321F4784121F0F0010F
:10D07800014323F4F163116023F0070311685B0493
:10D088005B0C4B4003431360F0BD4FF4C063A3E750
:10D0980042F001020132520202F47C42C6E700BFAC
:10D0A800005C00400080FFFF10B4002180240A4A81
:10D0B80011655164D4644468E4688C420CBF4FF431
:10D0C8001C444FF41E4414644022C0F88420034AD0
:10D0D80010BCC260FFF772BF005C0040CCEF0008D4
:10D0E80038B501780446012919D10D4B984211D160
:10D0F8000C4B0D4DDA69132042F40002DA61DB694A
:10D1080029640D21FFF79FF80E211420FFF79BF8E3
:10D1180000232B642046BDE83840FFF7C5BF38BD63
:10D12800001E002000100240005C00404023012245
:10D13800C0F8843048F28000930003F1804303F57F
:10D14800B843196801320143082A19601860F3D1FD
:10D1580070470000054B53F8210010F4405004D0EC
:10D16800B0F5805F14BF022001207047005C0040CA
:10D17800054B53F8210010F0300003D0102814BFDD
:10D1880002200120704700BF005C00400B4B02F1F9
:10D1980008001B6D03F1804303F5C04303EB011343
:10D1A8009B6803F1005303F540535B00196804338F
:10D1B80022F8021B9042F9D1704700BF005C004082
:10D1C80000EB8100C36810B598690268C2B15C8A37
:10D1D8001319013BB3FBF4F39BB2890001F18041C1
:10D1E80001F5B84103820B6823F4904323F07003E0
:10D1F80083F4405343F4004343F080030B6010BDB5
:10D208000123EAE700EB810010B50C46C1684B69C1
:10D218000A8A18689968824228BF024620461A611D
:10D22800FFF764FDA00000F1804000F5B8400368F6
:10D2380023F4F04323F0400383F0300343F4004326
:10D2480043F08003036010BD890001F1804101F5BE
:10D25800B8410B6823F4904323F0700383F48053A0
:10D2680043F4004343F080030B607047890001F1E9
:10D27800804101F5B8410B6823F4F04323F04003E3
:10D2880083F0100343F4004343F080030B607047BE
:10D29800890001F1804101F5B8410B6803F440535E
:10D2A800B3F5405F09D00B6823F4F04323F0400343
:10D2B80043F4204343F080030B607047890001F179
:10D2C800804101F5B8410B6803F03003302B0BD0D7
:10D2D8000B6823F4F04323F0400383F0200343F466
:10D2E800004343F080030B60704708B5FCF77AFEF3
:10D2F800BDE80840FFF73CB8044A536843F00073A0
:10D30800536044F24C22024B9A627047000001407D
:10D31800006C0040162303604FF0FF307047002078
:10D328007047184670470020704710B50022044621
:10D3380008460121FDF78EFF18B90C234FF0FF3086
:10D34800236010BD08B51346002158221846F5F78A
:10D3580027FF4FF400524260002008BD01207047AB
:10D3680008B5F5F70BFE012303604FF0FF3008BD49
:06D3780001207047FEE7F2
:04D38000F8B500BF3D
:04D38400F8B500BF39
:10D38800002020202020202020202828282828208D
:10D398002020202020202020202020202020202085
:10D3A80020881010101010101010101010101010ED
:10D3B80010040404040404040404041010101010DD
:10D3C80010104141414141410101010101010101A7
:10D3D80001010101010101010101010110101010F9
:10D3E8001010424242424242020202020202020279
:10D3F80002020202020202020202020210101010CD
:10D4080020000000000000000000000000000000F4
:10D418000000000000000000000000000000000004
:10D4280000000000000000000000000000000000F4
:10D4380000000000000000000000000000000000E4
:10D4480000000000000000000000000000000000D4
:10D4580000000000000000000000000000000000C4
:10D4680000000000000000000000000000000000B4
:10D4780000000000000000000000000000000000A4
:10D4880000000000040C0020000000000000000064
:10D498000000000000000000000000000000000084
:10D4A8000000000000000000000000000000000074
:10D4B8000000000000000000000000000000000064
:10D4C8000000000000000000000000000000000054
:10D4D8000000000000000000000000000000000044
:10D4E80000000000000000002020207C4E554D7CEC
:10D4F800002020207C2020207C007C4341507C00A0
:10D508007C5343527C202020007C2020207C20203B
:10D51800200020202020424B4C543A200025202077
:10D5280020200000C35C0000000053005F00600082
:10D5380061004C005C005D005E004D0059005A001F
:10D548005B00A9006200C25CA800AA0080818283F7
:10D558008485868788898A8B8C8D8E8F909192930B
:10D5680094A0A1A2A3A4A5A6A7A8A9AAABACADAE56
:10D57800AFB0B1B2B3B4C0C1C2C3C4C5C6C7C8C9CD
:10D58800CACBCCCDCECFD0D1D2D3D400444542558E
:10D59800473A20656E61626C65642E0A0044454214
:10D5A80055473A2064697361626C65642E0A00000D
:10D5B8000000000000000000000000000000000063
:10D5C8000000000000000000000000000000000053
:10D5D800000000000000002A2B28000000000000C6
:10D5E8000000000000000000000029000000002CDE
:10D5F8001E3420212224342627252E362D3738277D
:10D608001E1F202122232425263333362E37381F88
:10D618000405060708090A0B0C0D0E0F101112134A
:10D628001415161718191A1B1C1D2F3130232D35E8
:10D638000405060708090A0B0C0D0E0F101112132A
:10D648001415161718191A1B1C1D2F3130354C00CC
:10D658000000007E0F00D4FFFFFFC7000000780025
:10D66800E200E900EA00B500B600B700CD0083018A
:10D67800CC008A019201940121022302240225028E
:10D68800260227022A02B300B4006F0070000A7253
:10D698002F632030313233343536370A00253032A3
:10D6A8005800253038620000080C0140090C014080
:10D6B8000A0C01400B0C0140090801400D0C014007
:10D6C8000E0C01400F0C0140030C01400A092D20EB
:10D6D8004D6F7573656B6579202D0A4553432F711E
:10D6E8003A09717569740A313A0964656C61792877
:10D6F8002A31306D73290A323A09696E7465727677
:10D70800616C286D73290A333A096D61785F73700B
:10D718006565640A343A0974696D655F746F5F6D95
:10D7280061780A353A09776865656C5F6D61785F7D
:10D7380073706565640A363A09776865656C5F7465
:10D74800696D655F746F5F6D61780A0A703A097078
:10D7580072696E742076616C7565730A643A097330
:10D7680065742064656661756C74730A75703A092E
:10D778002B310A646F776E3A092D310A706775701C
:10D788003A092B31300A7067646F776E3A092D3188
:10D79800300A0A7370656564203D2064656C7461A5
:10D7A800202A206D61785F7370656564202A2028BF
:10D7B800726570656174202F2074696D655F746F80
:10D7C8005F6D6178290A0077686572652064656C09
:10D7D80074613A20637572736F723D25642C2077EB
:10D7E8006865656C3D25640A5365652068747470C6
:10D7F8003A2F2F656E2E77696B6970656469612EA3
:10D808006F72672F77696B692F4D6F7573655F6BE3
:10D818006579730A006D6B5F64656C6179203D20E2
:10D8280025640A006D6B5F696E74657276616C20A1
:10D838003D2025640A006D6B5F6D61785F737065CC
:10D848006564203D2025640A006D6B5F74696D6511
:10D858005F746F5F6D6178203D2025640A006D6BF1
:10D868005F776865656C5F6D61785F737065656427
:10D87800203D2025640A006D6B5F776865656C5FE5
:10D8880074696D655F746F5F6D6178203D202564F4
:10D898000A004C25640A006565636F6E6669673A1D
:10D8A8000A0064656661756C745F6C617965723ACB
:10D8B800200025750064656275675F636F6E666931
:10D8C800672E7261773A20002E656E61626C653A48
:10D8D80020002E6D61747269783A20002E6B65798C
:10D8E800626F6172643A20002E6D6F7573653A201D
:10D8F800006B65796D61705F636F6E6669672E7224
:10D9080061773A20002E737761705F636F6E74726F
:10D918006F6C5F636170736C6F636B3A20002E638A
:10D928006170736C6F636B5F746F5F636F6E74723B
:10D938006F6C3A20002E737761705F6C63746C5F54
:10D948006C6775693A20002E737761705F72637433
:10D958006C5F726775693A20002E737761705F6C2F
:10D96800616C745F6C6775693A20002E737761701B
:10D978005F72616C745F726775693A20002E6E6F12
:10D988005F6775693A20002E737761705F6772610F
:10D9980076655F6573633A20002E737761705F6206
:10D9A80061636B736C6173685F6261636B737061F1
:10D9B80063653A20002E6E6B726F3A2000436C65E7
:10D9C8006172696E6720454550524F4D0A000A0939
:10D9D8002D204D61676963202D0A443A0944656228
:10D9E8007567204D65737361676520546F67676C51
:10D9F800650A583A094D6174726978204465627500
:10DA080067204D6F646520546F67676C65202D2013
:10DA180053686F77206B65797072657373657320CF
:10DA2800696E206D617472697820677269640A4B47
:10DA38003A094B6579626F61726420446562756763
:10DA480020546F67676C65202D2053686F77206BB3
:10DA580065797072657373207265706F72740A4DA0
:10DA68003A094465627567204D6F75736520546F78
:10DA780067676C650A563A0956657273696F6E0A6C
:10DA8800533A095374617475730A433A09416374CC
:10DA9800697661746520436F6E736F6C65204D6F96
:10DAA80064650A46312D4631303A09537769746303
:10DAB8006820746F204C6179657220302D392028D8
:10DAC800463130203D204C30290A302D393A09534F
:10DAD800776974636820746F204C617965722030AF
:10DAE8002D390A47524156453A0953776974636894
:10DAF80020746F204C6179657220302028616C7425
:10DB080065726E617465290A423A094A756D70201A
:10DB1800746F20426F6F746C6F616465720A45534D
:10DB2800433A094A756D7020746F20426F6F746CA8
:10DB38006F616465722028616C7465726E617465CA
:10DB4800290A453A095072696E7420454550524F6A
:10DB58004D2053657474696E67730A42535041438C
:10DB6800453A09436C65617220454550524F4D0A4C
:10DB78004E3A094E4B524F20546F67676C650A0046
:10DB88000A092D20436F6E736F6C65202D0A45536B
:10DB9800432F713A09717569740A6D3A096D6F7589
:10DBA80073656B65790A00433E20000A0A4A756D61
:10DBB80070696E6720746F20626F6F746C6F616438
:10DBC80065722E2E2E20000A64656275673A206FF2
:10DBD8006E0A000A64656275673A206F66660A0015
:10DBE8000A6D61747269783A206F6E0A000A6D6175
:10DBF800747269783A206F66660A000A6B65796202
:10DC08006F6172643A206F6E0A000A6B6579626F01
:10DC18006172643A206F66660A000A6D6F757365F3
:10DC28003A206F6E0A000A6D6F7573653A206F6649
:10DC3800660A000A092D2056657273696F6E202DD9
:10DC48000A005649443A2030784230333428526F1B
:10DC5800636B6574626F61726429205049443A208D
:10DC680030784646313628526F636B6574626F614F
:10DC780072642D313629205645523A20307830309A
:10DC880030310A004255494C443A2020284A756CE4
:10DC98002031332032303231290A00434849424981
:10DCA8004F533A2022627265616B696E675F32304A
:10DCB80032315F7131222C20434F4E545249423A3F
:10DCC8002022627265616B696E675F323032315F44
:10DCD8007131220A004F5054494F4E533A204D4F4C
:10DCE8005553454B45592045585452414B455920A9
:10DCF800434F4E534F4C4520434F4D4D414E4420CA
:10DD08004E4B524F20424F4F544C4F414445525F67
:10DD180053495A450A004743433A20392E322E3197
:10DD28000A000A092D20537461747573202D0A00A6
:10DD3800686F73745F6B6579626F6172645F6C653D
:10DD4800647328293A2025580A006B6579626F6147
:10DD580072645F70726F746F636F6C3A2025580A33
:10DD6800006B6579626F6172645F69646C653A2003
:10DD780025580A006B65796D61705F636F6E66691F
:10DD8800672E6E6B726F3A2025580A0074696D65AC
:10DD9800725F72656164333228293A202530346C09
:10DDA800580A004E4B524F3A206F6E0A004E4B52A3
:10DDB8004F3A206F66660A003F004D3E20000A0970
:10DDC8002D2056616C756573202D0A00313A206448
:10DDD800656C6179282A31306D73293A2000323A0E
:10DDE80020696E74657276616C286D73293A20001B
:10DDF800333A206D61785F73706565643A2000344A
:10DE08003A2074696D655F746F5F6D61783A2000C0
:10DE1800353A20776865656C5F6D61785F7370650A
:10DE280065643A2000363A20776865656C5F7469E6
:10DE38006D655F746F5F6D61783A2000736574205B
:10DE480064656661756C740A004D25643E20004D5A
:10DE58003E00010203040506070809006D6F75738B
:10DE6800656B6579205B62746E7C782079207620FA
:10DE7800685D287265702F61636C293A205B002504
:10DE880064005D28002F007267626C696768745FC0
:10DE9800636F6E66696720454550524F4D3A0A00D8
:10DEA8007267626C696768745F636F6E6669672E14
:10DEB800656E61626C65203D2025640A00726768A2
:10DEC8006C696768745F636F6E6669672E6D6F64EF
:10DED80065203D2025640A007267626C6967687472
:10DEE8005F636F6E6669672E687565203D202564DF
:10DEF8000A007267626C696768745F636F6E66694F
:10DF0800672E736174203D2025640A007267626C75
:10DF1800696768745F636F6E6669672E76616C20E7
:10DF28003D2025640A007267626C696768745F63E4
:10DF38006F6E6669672E7370656564203D20256481
:10DF48000A007267626C696768742073657420736D
:10DF580070656564205B454550524F4D5D3A2025FC
:10DF6800750A007267626C6967687420736574204B
:10DF78007370656564205B4E4F454550524F4D5D4B
:10DF88003A2025750A007267626C696768742072A6
:10DF980061696E626F7720736574206873763A20C2
:10DFA80025642C25642C25642C25750A007267626B
:10DFB8006C696768742073657420687376205B45A4
:10DFC8004550524F4D5D3A2025752C25752C2575E9
:10DFD8000A007267626C69676874207365742068E8
:10DFE8007376205B4E4F454550524F4D5D3A202584
:10DFF800752C25752C25750A007267626C6967682F
:10E00800742074696D657220656E61626C65642E3A
:10E018000A007267626C696768742074696D65725A
:10E028002064697361626C652E0A007267626C69AC
:10E03800676874206D6F6465205B454550524F4D8D
:10E048005D3A2025750A007267626C6967687420FA
:10E058006D6F6465205B4E4F454550524F4D5D3A9C
:10E068002025750A007267626C6967687420656E9E
:10E0780061626C65205B454550524F4D5D3A207298
:10E0880067626C696768745F636F6E6669672E653F
:10E098006E61626C65203D2025750A007267626CAE
:10E0A800696768745F696E69742063616C6C656424
:10E0B8002E0A007267626C696768745F696E6974BA
:10E0C800207374617274210A007267626C696768F0
:10E0D800745F696E6974206565636F6E6669672031
:10E0E8006973206E6F7420656E61626C65642E0AB8
:10E0F800007267626C696768745F696E6974207220
:10E1080067626C696768745F636F6E6669672E6DB6
:10E118006F6465203D20302E205772697465206435
:10E12800656661756C742076616C75657320746FB3
:10E1380020454550524F4D2E0A007267626C696740
:10E14800687420656E61626C65205B4E4F45455072
:10E15800524F4D5D3A207267626C696768745F63FD
:10E168006F6E6669672E656E61626C65203D20255D
:10E17800750A007267626C69676874206469736104
:10E18800626C65205B454550524F4D5D3A20726781
:10E19800626C696768745F636F6E6669672E656E27
:10E1A80061626C65203D2025750A007267626C69A2
:10E1B80067687420746F67676C65205B45455052CB
:10E1C8004F4D5D3A207267626C696768745F636F70
:10E1D8006E6669672E656E61626C65203D202575E7
:10E1E8000A007267626C69676874206469736162A7
:10E1F8006C65205B4E4F454550524F4D5D3A20723D
:10E2080067626C696768745F636F6E6669672E65BD
:10E218006E61626C65203D2025750A001E140A0592
:10E22800FFAA7F55407F3F1F783C1E6432140004CC
:10E238006432141E0F0500010202020206060609D6
:10E2480009090909090F0F0F0F0F0F1515151819CF
:10E2580019191919191919191923242525252525D5
:10E26800252223252628292A2C2D2F3032333536EE
:10E27800383A3B3D3E4042434547494A4C4E50514F
:10E28800535557595A5C5E6062646668696B6D6F76
:10E2980071737577797B7D7F81838587898A8C8E79
:10E2A80090929496989A9C9E9FA1A3A5A7A8AAAC81
:10E2B800AEAFB1B3B4B6B8B9BBBCBEBFC1C2C3C5BB
:10E2C800C6C7C9CACBCCCDCED0D1D2D2D3D4D5D65D
:10E2D800D7D7D8D9D9DADADBDBDBDCDCDCDCDCDD90
:10E2E800DDDDDDDCDCDCDCDCDBDBDBDADAD9D9D874
:10E2F800D7D7D6D5D4D3D2D2D1D0CECDCCCBCAC90C
:10E30800C7C6C5C3C2C1BFBEBCBBB9B8B6B4B3B13A
:10E31800AFAEACAAA8A7A5A3A19F9E9C9A989694D5
:10E3280092908E8C8A89878583817F7D7B797775AA
:10E3380073716F6D6B6968666462605E5C5A595789
:10E34800555351504E4C4A4947454342403E3D3B48
:10E358003A3836353332302F2D2C2A2928262523D2
:10E368002200010101010101010101020202020270
:10E378000202020203030303030303030404040465
:10E38800040404050505050506060606060707072D
:10E39800070708080808090909090A0A0A0B0B0BE4
:10E3A8000C0C0C0D0D0D0E0E0E0F0F0F1010111181
:10E3B8001112121313141415151616171718181905
:10E3C800191A1A1B1B1C1D1D1E1E1F20202122226C
:10E3D800232424252626272829292A2B2C2D2D2EAF
:10E3E8002F30313232333435363738393A3B3C3DC9
:10E3F8003E3F404142434445464748494A4C4D4EBA
:10E408004F50515354555658595A5B5D5E5F61627F
:10E4180064656668696B6C6D6F7072737577787A0E
:10E428007B7D7E8082838587888A8C8E8F91939569
:10E4380096989A9C9EA0A2A3A5A7A9ABADAFB1B38D
:10E44800B5B7BABCBEC0C2C4C6C9CBCDCFD1D4D66D
:10E45800D8DBDDDFE2E4E7E9EBEEF0F3F5F8FAFD0F
:10E46800FF00FF0100010000FFFF0000010001FFA5
:10E4780000000000000801400208014001080140B6
:10E48800030801406F6C65645F696E697420636D91
:10E4980064207365742031206661696C65640A00C4
:10E4A8006F6C65645F696E697420636D64206E6F5C
:10E4B800726D616C20726F746174696F6E20666131
:10E4C800696C65640A00646973706C61795F666C75
:10E4D8006970706564206661696C65640A006469C6
:10E4E80073706C61795F73657475703220666169E9
:10E4F8006C65640A006F6C65645F6F6E20636D64A1
:10E50800206661696C65640A006F6C65645F72659A
:10E518006E646572206F666673657420636F6D6DD7
:10E52800616E64206661696C65640A006F6C65647D
:10E538005F72656E646572206461746120666169EA
:10E548006C65640A006F6C65645F72656E64657201
:10E5580039302064617461206661696C65640A0001
:10E568006F6C65645F6F666620636D6420666169C1
:10E578006C65640A0000A0C000A1C800AE00AF002E
:10E58800AED580A83FD300408D14200000DA128158
:10E59800FFD9F1DB20A4A62EAF07087F0807003EAD
:10E5A8005B4F5B3E003E6B4F6B3E001C3E7C3E1C4F
:10E5B80000183C7E3C18001C577D571C001C5E7FD1
:10E5C8005E1C0000183C180000FFE7C3E7FF0000CE
:10E5D8001824180000FFE7DBE7FF0030483A060E72
:10E5E80000262979292600407F05050700407F0578
:10E5F800253F005A3CE73C5A007F3E1C1C08000897
:10E608001C1C3E7F0014227F2214005F5F005F5FA6
:10E618000006097F017F00006689956A00606060D6
:10E6280060600094A2FFA2940008047E0408001011
:10E63800207E20100008082A1C0800081C2A080848
:10E64800001E10101010000C1E0C1E0C0030383E5E
:10E65800383000060E3E0E060000000000000000E4
:10E66800005F000000000700070000147F147F14FB
:10E6780000242A7F2A1200231308646200364956B0
:10E68800205000000807030000001C224100000081
:10E6980041221C00002A1C7F1C2A0008083E08088A
:10E6A80000008070300000080808080800000060BA
:10E6B8006000002010080402003E5149453E000059
:10E6C800427F4000007249494946002141494D3383
:10E6D800001814127F10002745454539003C4A4967
:10E6E8004931004121110907003649494936004698
:10E6F8004949291E000000140000000040340000B1
:10E7080000000814224100141414141400004122BB
:10E718001408000201590906003E415D594E007C6B
:10E728001211127C007F49494936003E414141227D
:10E73800007F4141413E007F49494941007F090925
:10E748000901003E41415173007F0808087F00001D
:10E75800417F4100002040413F01007F08142241D1
:10E76800007F40404040007F021C027F007F040879
:10E77800107F003E4141413E007F09090906003EE5
:10E788004151215E007F091929460026494949322D
:10E798000003017F0103003F4040403F001F20402D
:10E7A800201F003F4038403F0063140814630003F3
:10E7B80004780403006159494D4300007F414141F9
:10E7C80000020408102000004141417F00040201BA
:10E7D80002040040404040400000030708000020B9
:10E7E80054547840007F284444380038444444282E
:10E7F80000384444287F0038545454180000087ED8
:10E8080009020018A4A49C78007F0804047800007A
:10E81800447D4000002040403D00007F1028440017
:10E828000000417F4000007C04780478007C0804E4
:10E83800047800384444443800FC1824241800188C
:10E84800242418FC007C0804040800485454542468
:10E858000004043F4424003C4040207C001C20402D
:10E86800201C003C4030403C004428102844004C08
:10E878009090907C004464544C4400000836410059
:10E888000000007700000000413608000002010285
:10E898000402003C2623263C000000000000004043
:10E8A8004040F0F8F8FF38FFF8F83FF8F8FF38FF75
:10E8B800F8F8F040404000000000000080C0C0C0F0
:10E8C800800000C0C08000000080C0C000C0C00040
:10E8D8000080C0C00000000000C0C0C0C0C000C0B0
:10E8E800C000000000000000000000000000000060
:10E8F8000000000000000000000000000000000010
:10E9080000000000000000000000000000000000FF
:10E918000000000000000000C0F0F8FC3E1E0601E8
:10E928000000007F4141417F007F4141417F00005D
:10E9380080C0E07E5B4F5BFEC00000C000DCD7DE1D
:10E94800DEDED7DC00C00000000000000000000090
:10E958000000000000000000000000000000004966
:10E968004949FFFFFFFFE0DFBFBF00BFBFDFE0FF98
:10E97800FFFFFF49494900000000001F3F6060E0B9
:10E98800BF1F007F7F071E381E077F7F007F7F0E17
:10E998001F3B716000000000007F7F0C0C0C007EA4
:10E9A8007E007F7E0303007F7E03037E7E03037F5A
:10E9B8007E000F3E703C063C703E0F00327B49499A
:10E9C8003F7E007F7E0303001E3F69696F260000BB
:10E9D8000000000000000000030F1F3F3C7870603B
:10E9E8000000007F4141417F007F4141417F00306D
:10E9F8007B7F7830202030787F3B0003000F7F0F2B
:10EA08000F0F7F0F0003000000000000000000004F
:10EA180000000000000000000000000000000001ED
:10EA28000101070F0F7F0F7F0F0F7E0F0F7F0F7FE3
:10EA38000F0F0701010100000000000000000000A6
:10EA480001010000000000000000000000000000BC
:10EA580000000000000000000000000000000000AE
:10EA6800000000000000000000000000000000009E
:10EA7800000000000000000000000000000000008E
:10EA8800000000000000000000000000000000007E
:10EA9800000000000000000000000000000000006E
:10EAA800000000000000000000000000000000005E
:10EAB800000000000000000000000000000000004E
:10EAC800000000000000000000000000000000003E
:10EAD8000000000000000000000008101820283086
:10EAE8003838302820181008000000000100000005
:10EAF800A0860100010000006B6579626F61726495
:10EB08005F7265706F72743A2000253032582000A9
:10EB18006B6579626F6172645F7365745F6C65645D
:10EB28003A200000E200E900EA00B500B600B700AC
:10EB3800CD008301CC008A019201940121022302B5
:10EB480024022502260227022A02B300B4006F001D
:10EB580070004F6E6573686F743A206163746976EC
:10EB6800653A2025640A006164645F6B65795F62B9
:10EB780069743A2063616E2774206164643A2025C1
:10EB88003032580A0064656C5F6B65795F6269743E
:10EB98003A2063616E27742064656C3A2025303210
:10EBA800580A00000300000000000000D9A6000871
:10EBB80000000000080000004013002000000000D2
:10EBC8000200000000000000030000000000000038
:10EBD80075AA000800000000200000009013002023
:10EBE8000000000002000000000000005DA700080F
:10EBF80005A7000809A90008DDA60008555342200A
:10EC0800636F6E666967757265642E0A004B657975
:10EC1800626F6172642073746172742E0A005B7390
:10EC28005D0000004FED000853ED00086DED000891
:10EC380004181E0072EC00088BEC0008ABEC00080E
:10EC4800C4EC00080FED00088DED0008AFED0008DA
:10EC5800DBEC00084022B62209027B00040100A078
:10EC6800FA09040000010301010009211101000152
:10EC78002240000705810308000A09040100020375
:10EC8800000000092111010001222200070582036A
:10EC98002000010705030320000109040200010305
:10ECA80000000009211101000122B60007058403B4
:10ECB80020000A09040300020300000009211101D1
:10ECC800000122220007058503200001070506032D
:10ECD8002000010631FF0974A1010975150026FFFE
:10ECE800009520750881020976150026FF009520F9
:10ECF80075089102C0120110010000004034B016DE
:10ED0800FF01000102000105010906A1010507191B
:10ED1800E029E7150025019508750181029501751F
:10ED28000881010507190029FF150026FF0095062F
:10ED380075088100050819012905950575019102D5
:10ED4800950175039101C004030904180352006F6B
:10ED58000063006B006500740062006F0061007260
:10ED680000640000001E0352006F0063006B006522
:10ED780000740062006F006100720064002D0031B1
:10ED880000360000000660FF0961A1010962150054
:10ED980026FF009520750881020963150026FF00EB
:10EDA800952075089102C005010902A10185020993
:10EDB80001A1000509190129081500250195087503
:10EDC8000181020501093009311581257F950275F8
:10EDD80008810609381581257F9501750881060582
:10EDE8000C0A38021581257F950175088106C0C077
:10EDF80005010980A101850319012AB7001501261B
:10EE0800B700950175108100C0050C0901A10185A5
:10EE18000419012AA002150126A002950175108186
:10EE280000C005010906A1018505050719E029E7C4
:10EE3800150025019508750181020507190029EFBC
:10EE48001500250195F075018102050819012905AC
:10EE5800950575019102950175039101C0000000A7
:10EE68000000000051AF000841AF000871AF000872
:10EE780061AF00086BAF00085BAF00084BAF00083C
:10EE88003BAF0008000000007CF400088C1E002046
:10EE98008C1E00208C1E00207CF40008000000005E
:10EEA80000000000000000007CF4000800000000E2
:10EEB80000000000000000007CF4000800000000D2
:10EEC80000000000000000007CF4000800000000C2
:10EED80000000000000000007CF4000800000000B2
:10EEE80000000000000000007CF4000800000000A2
:10EEF80000000000000000007CF400080000000092
:10EF080000000000000000006D61696E0069646C1B
:10EF18006500000015EF0008701C0020281D002067
:10EF280001000000C5B20008000000000000010058
:10EF3800000000000000024008000240010000003C
:10EF48000000000B000002401C000240020000000C
:10EF58000004010C000002403000024004000000E0
:10EF68000008020D000002404400024008000000B2
:10EF7800000C030E00000240580002401000000080
:10EF88000010040F000002406C0002402000000046
:10EF980000140510000002408000024040000000FC
:10EFA80000180611040204080800030708080808E6
:10EFB800080808080B0F444D41206661696C75729A
:10EFC80065000000000000007DBE000825C10008A3
:10EFD800D7C1000840004000E8130020E8130020D3
:10EFE80001000000FC130020FFFFFFFF884B88880A
:10EFF800B8848888FFFFFFFF888888888883888886
:10F00800FFFFFFFF8888888888883888FFFFFFFF10
:10F018004488888888888888FFFFFFFF88888888D0
:10F02800888888885245454E54206D616C6C6F63A2
:10F038002073756363656564656400002E2E2F2E4A
:10F048002E2F2E2E2F2E2E2F2E2E2F2E2E2F2E2ED3
:10F058002F2E2E2F6E65776C69622F6C6962632F75
:10F068007374646C69622F72616E642E63000000B1
:10F078003031323334353637383961626364656626
:10F088006768696A6B6C6D6E6F7071727374757690
:10F098007778797A000000002C2066756E637469B1
:10F0A8006F6E3A2000000000617373657274696FB7
:10F0B8006E2022257322206661696C65643A206699
:10F0C800696C6520222573222C206C696E652025C9
:10F0D80064257325730A0000232D302B20000000BF
:10F0E800686C4C006566674546470000303132332E
:10F0F800343536373839414243444546000000002C
:10F108003031323334353637383961626364656695
:04F1180000000000F3
:08F11C00A03BFF7F0100000091
:10F12400040C002000000000D0D40008B0D4000873
:10F1340090D400080000000000000000000000005F
:10F1440000000000000000000000000000000000BB
:10F1540000000000000000000000000000000000AB
:10F16400000000000000000000000000000000009B
:10F17400000000000000000000000000000000008B
:10F18400000000001E320A141E6408280201010057
:10F194001000101001191A1B1C1D1E1F2021220013
:10F1A40021007F2200070000CB1000208DA600085C
:10F1B4000400000004000000000000000000000043
:10F1C400000000000000000000000000000000003B
:10F1D400000000000000000000000000000000002B
:10F1E400000000000000000000000000000000001B
:10F1F40000000000030000000000000063B10008EC
:10F2040000000000200000000000000000000000DA
:10F2140002000000000000000300000000000000E5
:10F2240000000000D9B10008000020000000000028
:10F2340000000000020000000000000003000000C5
:10F244000000000017B200080000000008000000E1
:10F2540000000000000000000200000000000000A8
:10F26400001E002005060000040000000400000049
:10F27400200000002000000001000000F810002021
:10F2840088110020000000000000000000000000C1
:10F29400000000000000000000000000000000006A
:10F2A400000000000000000000000000000000005A
:10F2B400000000000000000000000000000000004A
:10F2C400000000000000000000000000000000003A
:10F2D400000000000000000000000000000000002A
:10F2E400000000000000000000000000000000001A
:10F2F400000000000000000000000000000000000A
:10F3040000000000040000000400000000000000F1
:10F3140000000000000000000000000000000000E9
:10F3240000000000000000000000000000000000D9
:10F3340000000000000000000000000000000000C9
:10F3440000000000000000000300000000000000B6
:10F3540063B100080000000020000000000000006D
:10F364000000000002000000000000000300000094
:10F374000000000000000000D9B1000800002000D7
:10F384000000000000000000020000000000000077
:10F39400030000000000000017B200080000000095
:10F3A400080000000000000000000000020000004F
:10F3B40000000000001E0020020300000400000002
:10F3C40004000000200000002000000000000000F5
:10F3D40018120020A8120020000000000000000005
:10F3E4000000000000000000000000000000000019
:10F3F4000000000000000000000000000000000009
:10F4040000000000000000000000000000000000F8
:10F4140000000000000000000000000000000000E8
:10F4240000000000000000000000000000000000D8
:10F4340000000000000000000000000000000000C8
:10F4440000000000000000000000000000000000B8
:10F45400000000000000000001000000C5AB00082F
:10F46400D1AB00086DAC0008B1AC0008E5AC0008F5
:08F474000096000000000800F2
:04000005080022C904
:00000001FF
