:020000040800F2
:1000000000040020310200086B5B00083302000886
:1000100033020008330200083302000833020008EC
:1000200033020008330200083302000833020008DC
:1000300033020008330200083302000833020008CC
:1000400033020008330200083302000833020008BC
:1000500033020008330200083302000833020008AC
:1000600033020008A1690008116700083167000821
:10007000330200083302000833020008216F000831
:10008000330200083302000833020008330200087C
:10009000330200083302000833020008056B000831
:1000A000330200083302000833020008330200085C
:1000B000330200083302000833020008696F0008A9
:0800C0003D01000811010008D8
:1000C8000448054B10B5834203D0044B002B00D0E5
:1000D800984710BDD80E0020D80E00200000000060
:1000E80006480749091A8B10C90FC91810B54910D5
:1000F80003D0044B002B00D0984710BDD80E002029
:10010800D80E00200000000010B5074C2378002B03
:1001180009D1FFF7D5FF054B002B02D0044800E0BA
:1001280000BF0123237010BDD80E0020000000007E
:1001380078880008054B10B5002B03D00449054802
:1001480000E000BFFFF7CCFF10BDC0460000000074
:10015800DC0E00207888000872B6244880F30888EE
:10016800234880F30988022080F31488BFF36F8F37
:1001780005F04EFA05F00DF81E481F491B4A91423A
:1001880002DA08600431FAE71C49194A914202DA96
:1001980008600431FAE71A491A4A1B4B9A4204DAF2
:1001A8000868106004310432F8E700201749184A3B
:1001B800914202DA08600431FAE705F02DFA05F0F9
:1001C80028FA144C144DAC4203DA216888470434E9
:1001D800F9E704F0EDFF114C114DAC4203DA216848
:1001E80088470434F9E70F49084700000004002055
:1001F800000C002055555555000000200004002033
:1002080078880008000C0020D80E0020D80E0020A6
:1002180008150020C0000008C4000008C400000839
:10022800C80000081D56000896E700F000F8FEE731
:10023800F0B544464D4656465F46F0B46B46CB6033
:10024800C3689D46F0BCA046A946B246BB46F0BD71
:1002580062B6281CA047002005F0FEFBFEE705F06B
:10026800C1FB024A024B1360FEE7C04604ED00E002
:100278000000008002B47146490849000956490047
:100288008E4402BC7047C04602B471464908490012
:10029800095C49008E4402BC7047C04603B47146ED
:1002A800490840004900095A49008E4403BC704778
:1002B800002243088B4274D303098B425FD3030A9D
:1002C8008B4244D3030B8B4228D3030C8B420DD3B0
:1002D800FF22090212BA030C8B4202D3121209023E
:1002E80065D0030B8B4219D300E0090AC30B8B427C
:1002F80001D3CB03C01A5241830B8B4201D38B032A
:10030800C01A5241430B8B4201D34B03C01A5241CE
:10031800030B8B4201D30B03C01A5241C30A8B4211
:1003280001D3CB02C01A5241830A8B4201D38B02FC
:10033800C01A5241430A8B4201D34B02C01A5241A0
:10034800030A8B4201D30B02C01A5241CDD2C30912
:100358008B4201D3CB01C01A524183098B4201D38E
:100368008B01C01A524143098B4201D34B01C01A79
:10037800524103098B4201D30B01C01A5241C308F1
:100388008B4201D3CB00C01A524183088B4201D360
:100398008B00C01A524143088B4201D34B00C01A4C
:1003A8005241411A00D20146524110467047FFE7B8
:1003B80001B5002000F0F0F802BDC0460029F7D0D2
:1003C80076E7704703460B437FD4002243088B42ED
:1003D80074D303098B425FD3030A8B4244D3030BC4
:1003E8008B4228D3030C8B420DD3FF22090212BA89
:1003F800030C8B4202D31212090265D0030B8B4205
:1004080019D300E0090AC30B8B4201D3CB03C01AEE
:100418005241830B8B4201D38B03C01A5241430BC9
:100428008B4201D34B03C01A5241030B8B4201D3B9
:100438000B03C01A5241C30A8B4201D3CB02C01A24
:100448005241830A8B4201D38B02C01A5241430A9C
:100458008B4201D34B02C01A5241030A8B4201D38B
:100468000B02C01A5241CDD2C3098B4201D3CB0132
:10047800C01A524183098B4201D38B01C01A5241E1
:1004880043098B4201D34B01C01A524103098B42E5
:1004980001D30B01C01A5241C3088B4201D3CB00D0
:1004A800C01A524183088B4201D38B00C01A5241B3
:1004B80043088B4201D34B00C01A5241411A00D263
:1004C80001465241104670475DE0CA0F00D04942CC
:1004D800031000D34042534000229C4603098B423C
:1004E8002DD3030A8B4212D3FC22890112BA030AC4
:1004F8008B420CD3890192118B4208D38901921146
:100508008B4204D389013AD0921100E08909C309CA
:100518008B4201D3CB01C01A524183098B4201D3CC
:100528008B01C01A524143098B4201D34B01C01AB7
:10053800524103098B4201D30B01C01A5241C3082F
:100548008B4201D3CB00C01A524183088B4201D39E
:100558008B00C01A5241D9D243088B4201D34B00B9
:10056800C01A5241411A00D20146634652415B10FB
:10057800104601D34042002B00D5494270476346DC
:100588005B1000D3404201B5002000F005F802BD21
:100598000029F8D016E770477047C046002B11D1E4
:1005A800002A0FD1002900D1002802D00021C94318
:1005B800081C07B4024802A14018029003BDC046B7
:1005C800D9FFFFFF03B4684601B5029800F02EF882
:1005D800019B9E4602B00CBC7047C046F0B515049E
:1005E8002D0C0F0001002E00C64684460004140C92
:1005F800000C090C46434D43604361434019340CD9
:10060800241800B5A54203D9802040028046414401
:10061800250C6D18614659437A433004491924045E
:10062800000C2018891804BC9046F0BDF0B5574658
:100638004E464546DE46E0B504000D009246994612
:1006480083B08B4230D82DD04946504600F0BAF8D6
:1006580029000600200000F0B5F8331A9846203B20
:100668009B4633D45A465346934042461F0053464E
:1006780093401E00AF423AD8AF4200D178E05B46C3
:10068800A41BBD41002B00DA75E000220023009274
:10069800019301235A469340019301234246934014
:1006A800009328E08242CFD90022002300920193D0
:1006B8000C9B002B01D01C605D600098019903B071
:1006C8003CBC90469946A246AB46F0BD4246202324
:1006D8009B1A5246DA40414613004A468A401700A0
:1006E80042461F43534693401E00AF42C4D90022DE
:1006F8000023009201934346002BD9D0FB077208D0
:100708001A4346467B080EE0AB4201D1A2420CD800
:10071800A41A9D41012024196D410021013E24188D
:100728004D41002E06D0AB42EED9013E24196D4151
:10073800002EF8D1009801995B4600196941002BF9
:1007480024DB2B005A464446D3402A00E2401C00D2
:100758005B461500002B2ADB26009E40330026004E
:100768004746BE403200801A9941009001919FE7A8
:10077800A342BCD883E74246202300219B1A0022CB
:10078800009101920122DA40019286E74246202335
:100798009B1A2A0046469A402300F34044461343D6
:1007A8002A00E2401C005B461500002BD4DA4246C2
:1007B8002F002023260097409B1ADE403B0033433E
:1007C800CDE7C04610B5002903D100F007F8203066
:1007D80002E0081C00F002F810BDC0461C210123ED
:1007E8001B04984201D3000C10391B0A984201D30C
:1007F800000A08391B09984201D30009043902A2EA
:10080800105C40187047C046040302020101010150
:100818000000000000000000F0B5C64600B50F2A31
:1008280043D90B00032603431E400C000300002E8F
:1008380040D11500103D2D09AC462D01A846804435
:1008480000E03B00676825685F60E7681D60DF605F
:100858001F00A56810379D6010344345F1D16546E7
:100868000F230C2401352D01491913404519144251
:1008780023D08C59AC5104369C1B032CF9D8032483
:10088800043B9B0801339B002240ED18C918561EF3
:10089800002A07D0002300E02300CA5C5C1CEA544D
:1008A8009E42F9D104BC9046F0BD0500561E002AB0
:1008B800F0D1F7E7561E0500ECE71A00F6E7C04648
:1008C800F0B5050083074AD0541E002A44D0CEB2A2
:1008D8000300032202E00135013C3DD301332E70B1
:1008E8001342F8D1032C2FD9FF220A4015021543D1
:1008F8002A0415430F2C35D92700103F3F093E0124
:10090800B4461E001A00103666441560556095609E
:10091800D5601032B242F8D10F260C2201373F01C0
:100928002640DB193700224217D03E1FB608B40014
:10093800A4461A001C1D644420C2A242FCD1032410
:100948000136B6009B193C40002C05D0C9B21C19D1
:10095800197001339C42FBD1F0BD3400F4E7140058
:100968000300BFE72700E0E78022054B120519685E
:100978000A431A601A6803490A401A607047C04659
:1009880000000140FFFFFFFE012070470120704773
:1009980010B5FFF7FBFF10BD704710B5FFF7FCFF60
:1009A80010BD000013B5104B00901B78002B16D11A
:1009B8006B469B78002B0DD0002A0BD003F070F902
:1009C80004000100009803F025F92000009901F0C7
:1009D800F4FD16BD009803F043F90400F5E700980C
:1009E80003F05EF90099F2E7380F0020030010B514
:1009F8000A0001884088000408439988FFF7D2FF5D
:100A080010BD10B504000021FFF7F0FF2100FFF72B
:100A1800C4FF10BD30B50124050020008840010046
:100A28002000904002009C4028002B000A431340FD
:100A3800A043934201D12000284330BD10B51300D4
:100A48000A00010003480068FFF7E4FF03F088F894
:100A580010BDC046880F002010B500F02DFB00F037
:100A68004CFB10BD10B500F04DFB10BD70470000E9
:100A780010B502F021FDFFF7F9FF034804F0F1FF7C
:100A880003F0A0FC10BDC046C409000070B50121E8
:100A98000500FFF7ABFF2900040001F03BFC00282C
:100AA80001D1002070BD29002000FFF771FF002848
:100AB800F7D02900200001F071FE0028F1D02900AC
:100AC800200001F0CDFE0028EBD02900200001F025
:100AD80093FF0028E5D0AB78002B0CD01B4B9C4231
:100AE8002DD00CD81A4B9C4215D01A4B9C4223D0BF
:100AF800DE3B9C420CD02800FFF746FFD2E7164B9E
:100B08009C421FD0154B9C42F5D103F06FF9F2E7D8
:100B1800FFF7AEFFC5E7012111480278D307DB0FC5
:100B28004B400B408A43134303700E480B4200D0DE
:100B38000D4803F085FFB4E703F0E6FAB1E703F0E8
:100B480061F9D8E703F063F9D5E7C0465A5D0000BC
:100B5800015C0000DE5C00005B5D00005C5D000085
:100B6800E80F0020B7790008A6790008F8B5184BF7
:100B7800C1081D5C07231840164B174C5A5C174FC9
:100B88000241645C7F5C01231600044107411E405A
:100B98001C401F401A4202D0E12002F067F9002CE5
:100BA80002D0E62002F062F9280002F048FA002C90
:100BB80002D0E62002F0DAF9002E02D0E12002F09D
:100BC800D5F9002F02D02C2002F039FAF8BDC04622
:100BD800E9790008697A0008C9790008D979000814
:100BE800F7B5040004270A260191207800283CD094
:100BF800012837D16378012B0ED1A078A51C02F00B
:100C08001EFA2C00019D0134013DEDB2FF2DECD000
:100C1800300004F026FFF7E7022B04D1A078A51CCA
:100C280002F024F9EDE7032B04D1A078A51C02F00B
:100C38009DF9E6E7042B01D00134E3E700250B49D1
:100C4800A3780234CA5C601C3A4205D1013DD9D36D
:100C5800300004F006FFF9E77543303B5D1963780F
:100C68000400EFE7FFF782FFCCE7F7BDFD7500084A
:100C780010B50021FFF7B4FF10BD030033221B0994
:100C880000011843C0B2830080101040934303430F
:100C9800DBB2223258005B10904313401843C0B2B5
:100CA800704770B50500C0B2FFF7E7FF0400280AD7
:100CB800FFF7E3FF2402204380B270BD70B5050042
:100CC80080B2FFF7EEFF0400280CFFF7EAFF2404C8
:100CD800204370BD704710B5FFF7FCFF10BD012021
:100CE800704710B5FFF7FBFF10BD10B50400FFF704
:100CF800F2FF201CFFF7F5FF10BD0020704770477A
:100D0800014B4000185A7047A87A000837B501AB64
:100D18001980019901F051FC00F0E6F80400A020C8
:100D2800C001844239D28023DB019C4200D393E086
:100D3800E72C1AD8DF2C16D8A72C0AD8A42C00D94F
:100D480074E0012C0FD0231F9BB2A02B0BD90024D9
:100D580009E0BE2C00D86DE02000C03880B2002425
:100D68001F2800D870E0201C3EBDC0239B019C4278
:100D78000ED280239B019C4264D2FF2C03D8EF2C17
:100D8800E5D9044354E0200A80B20002E4B2F8E74F
:100D9800E3B222055CD4C0245BE0AA23DB019C42B9
:100DA8001DD2A822E3B2D201944270D2013AFF3A8E
:100DB80094420BD2013AFF3A944260D2013AFF3A88
:100DC80094424ED33E481C020443CCE703249808BF
:100DD8002340023C9C40400120433A4CD1E7B423D5
:100DE800DB019C420FD2013BFF3B9C425CD2AC230F
:100DF800DB019C424ED3344BE3189BB2FF2BA6D8A1
:100E08002002324CBDE78025314BAD01E3189BB27F
:100E1800AB429CD2E004C00E00F0E0F8F8230002D8
:100E28005B011840E4B204432C439CE7243C1C4378
:100E3800A4B298E75834274BE4B26400E05A8824F7
:100E4800E401C1E72005000DFFF75AFF04008AE717
:100E5800C82424021C4386E71F482040A0242402FB
:100E6800B2E7200903249A08204022401C400123AD
:100E7800A3400002520110431843184C81E7032491
:100E880098082340023C9C4040012043F5E7144C5D
:100E98001B02DFE7E0B200F0A1F8F82400026401C9
:100EA80020400134FF348FE70F252000284000F050
:100EB80095F824092C40240204430A4861E7C046F7
:100EC800F1A00000008AFFFF00A8FFFFF0A0FFFFCD
:100ED80000A0FFFF7A7A0008FF0F0000008CFFFFD8
:100EE800F4A000000090FFFF030010B5E72808D821
:100EF800DF2808D831285CD00ED8292853D02A28D2
:100F08005DD0180010BDE0380728FAD8FFF7B2F90D
:100F180016F9232836F93D42392809D0822807D006
:100F28003528EED12C4A12789206EAD52923E8E72B
:100F3800294A12789207E4D0E023E2E70121264803
:100F480002780A4241D140780842DAD0E323D20637
:100F5800D7D50023D5E7204A12785107F6D4D0E731
:100F68001D490A78500732D44978C907E4D41021BA
:100F78000A4051424A4152421340C2E7164A517848
:100F88008907BED51278E723E1E7134A12781107DB
:100F9800F9D4B6E710490A7810071AD449788907AE
:100FA800E5D5E423ADE70C4A12789206A9D5352396
:100FB800A7E7094A12785206A3D52A23A1E7064AC9
:100FC800127852069DD531239BE7392399E7E2230E
:100FD80097E7E62395E7C046FC12002030B50424C5
:100FE80027490A78224205D018230340082B27D125
:100FF80098432043130708D51824050014232540D7
:10100800A54225D1A843C0B21843012449782142FA
:1010180006D018230340082B21D19843C0B220439F
:101028008B0708D51821040011230C408C421FD1CE
:10103800A043C0B21843D30601D5E723184030BDFA
:1010480014230340042BD5D1984304331843D1E724
:101058000340142BD9D19843C0B22043D5E71123BC
:101068000340012BDCD19843C0B207331843D7E7BC
:101078000340112BDFD19843C0B20843DBE7C046D9
:10108800FC12002010B501F020F910BD10B500F0D9
:10109800CBF8642004F0E5FC00F0C6F8002000F06E
:1010A80035F8C30703D5FFF7EDFF03F08BF910BD43
:1010B80010B5FFF7EBFF10BD10B502F095FF002843
:1010C80001D103F021F802F09BFF084B187002F0E1
:1010D800A1FF074B1880FFF7EBFF02F096FF02F025
:1010E80016FD044B186802F036FD10BDE80F00200D
:1010F800FC120020880F0020704710B5FFF7FCFF96
:1011080010BD704710B5FFF7FCFF10BD014B800004
:10111800C05870471413002010B50D4803F090FC18
:10112800002421000B4803F08BFC0B4803F088FCDB
:101138000A4AA300D058FFF7C1FD0100084803F090
:101148007FFC0134074803F07BFC052CE9D110BD76
:10115800A87A0008CF7A00085482000814130020E7
:10116800D47A00083A81000810B5012004F079FC0F
:1011780010BDC046C046C046C046C046C046C04670
:10118800C046C046C046C046C046704710B5FFF7C7
:10119800EBFF10BD10B572B60F23020001211A40F3
:1011A80091409843202205F004FC62B610BD00006F
:1011B80070B51548FFF7EEFF1448FFF7EBFF14482A
:1011C800FFF7E8FF1348FFF7E5FF1348FFF7E2FFD3
:1011D800124C2500443501CCFFF7DCFFA542FAD1BB
:1011E80000230F490F4A05200B6013604B605360C2
:1011F8008B609360CB60D3600B61136100F06AF879
:10120800FFF72AFC70BDC0460F0000480E000048DA
:10121800010000480304004804040048DC7A000880
:101228000013002014130020F7B50027244C254D87
:10123800236872B60F2101261A000B409E408A438C
:10124800019231000122019805F0B3FB019BB6B26F
:101258005E8362B6FFF78DFF00231B4A1E0094468B
:1012680061469A0052580F211000884300690A40CD
:10127800D04002000E3900200A4201D108009840EF
:1012880001330643112BEBD12068FFF783FFFFF7EB
:101298007DFF2A680023964201D02E6001331F4348
:1012A8000A4B043404359C42C2D13B00052208494C
:1012B800044800F011F8FFF7D5FB3800FEBDC04622
:1012C800207B000800130020DC7A0008347B00082B
:1012D8001413002070470000F8B506000F00140032
:1012E8000E4D002B05D001232B7003F05FF80C4B3B
:1012F80018802B78002B0BD0094B188803F05BF86B
:10130800052805D90023A400A34202D100232B708D
:10131800F8BDF258FA500433F6E7C046F40E002040
:10132800F60E002010B5044803F08AFB01220521BF
:10133800024803F085FB10BD347B00082F7C0008B1
:10134800013810B505280FD8FEF79EFF030F1923A3
:101358002D371F4A13785B18FF21FE2B00DCD9B20A
:101368001C48117003F06CFB10BD1B4A13785B1806
:10137800FF21FE2B00DCD9B218481170F2E7184A99
:1013880013785B18FF21FE2B00DCD9B215481170C9
:10139800E8E7154A13785B18FF21FE2B00DCD9B269
:1013A80012481170DEE7124A13785B18FF21FE2BF2
:1013B80000DCD9B20F481170D4E70F4A13785B18D4
:1013C800FF21FE2B00DCD9B20C481170CAE7C046D9
:1013D800000C00207D7C0008010C00208C7C00089B
:1013E800020C00209E7C0008030C0020B17C000841
:1013F800060C0020C67C0008070C0020DF7C0008D3
:1014080001380B0010B505280FD8FEF73DFF030F74
:1014180019232D371E48002102789A4201D9D31A80
:10142800D9B201701B4803F00BFB10BD1A4800210C
:1014380002789A4201D9D31AD9B201701748F2E753
:101448001748002102789A4201D9D31AD9B20170FB
:101458001448E8E71448002102789A4201D9D31ABF
:10146800D9B201701148DEE71148002102789A428A
:1014780001D9D31AD9B201700E48D4E70E48002119
:1014880002789A4201D9D31AD9B201700B48CAE737
:10149800000C00207D7C0008010C00208C7C0008DA
:1014A800020C00209E7C0008030C0020B17C000880
:1014B800060C0020C67C0008070C0020DF7C000812
:1014C80010B501000400054803F0BAFA0120A04055
:1014D80002F01DFB01F0F0FF10BDC046FA7C0008C9
:1014E800F8B5030005383E2800D9C2E1FEF7D6FE5C
:1014F8001F010F0125013F00C101C1010D01C101FB
:10150800C1014D01C1015E01A501C101C101C101B6
:10151800C1018501C101C1017401C1013A01C101C3
:10152800C101BF01BF01BF01BF01BF01BF01BF01B1
:10153800BF01BF01B801C1011F010601C101C101FD
:10154800C101C101C101C101C101C101C101C10183
:10155800B801C101C1010D01C101BC01BC01BC013F
:10156800BC01BC01BC01BC01BC01BC01B801C34841
:1015780003F066FAC24803F063FA02F046FDC14E72
:101588000100300003F05CFABF4C200003F058FA69
:1015980002F036FD0500BD4803F052FABC4F2900A1
:1015A800380003F04DFA200003F04AFAB94803F076
:1015B80047FAE907C90F300003F042FA200003F0A8
:1015C8003FFAB54803F03CFAA907C90F300003F009
:1015D80037FA200003F034FAB04803F031FA69070B
:1015E800C90F300003F02CFA200003F029FAAC48A8
:1015F80003F026FA2907C90F300003F021FA20006A
:1016080003F01EFA02F006FD0500A64803F018FADA
:101618002900380003F014FA200003F011FAA24858
:1016280003F00EFAE907C90F300003F009FA2000A9
:1016380003F006FA9D4803F003FAA907C90F300022
:1016480003F0FEF9200003F0FBF9994803F0F8F9DC
:10165800E905C90F300003F0F3F9200003F0F0F9B1
:10166800944803F0EDF9A905C90F300003F0E8F933
:10167800200003F0E5F9904803F0E2F96907C90F83
:10168800300003F0DDF9200003F0DAF98B4803F0AD
:10169800D7F92907C90F300003F0D2F9200003F069
:1016A800CFF9874803F0CCF9E906C90F300003F0F9
:1016B800C7F9200003F0C4F9824803F0C1F9A9066C
:1016C800C90F300003F0BCF9200003F0B9F97E48D7
:1016D80003F0B6F96906C90F300003F0B1F920002C
:1016E80003F0AEF9794803F0ABF929063000C90FC9
:1016F80003F0A6F9200003F0A3F904E0744803F00E
:101708009FF902F001FD01240FE07248F3E70F2171
:101718000124714A714813788B43137003F090F9D0
:101728006F4803F08DF96F4B1C702000F8BD6E48B0
:1017380003F086F9FFF79CF9E5E70124664D6B484D
:101748002A78D307DB0F63402340A24313432B704F
:10175800234217D1664803F073F90E222B7893437E
:101768002B70E2E701245C4D02212A786148930737
:10177800DB0F63402340A3408A4313432B700B4283
:1017880023D15D4803F05CF9CFE701240421524DD1
:101798005A482A785307DB0F634023409B008A434B
:1017A80013432B700B4210D15548EBE70124082155
:1017B800494D2A781307DB0F63402340DB008A4337
:1017C80013432B700B4205D04E4803F039F92B78A0
:1017D8002343C5E74C48D5E74C4803F031F94C485A
:1017E80003F02EF94B4803F02BF94B4803F028F986
:1017F8004A4803F025F94A487DE74A4803F020F9AA
:1018080001F0C4F90100484803F01AF9474B484869
:10181800197803F015F9474B4748197803F010F980
:10182800464B47481978C90903F00AF902F0A0FDA8
:101838000100444803F004F965E7012401F03CFE87
:101848007F203E490A78D3096340DB0102401343F5
:101858000B70DBB2834201D93B4893E73B4891E7E1
:101868000020FFF72DFE4EE7393BD8B2F9E71D3BC4
:10187800FBE7374803F0E4F8002456E7FF7C00084C
:101888000A7D00081A7D00083A8100081D7D0008BD
:10189800CF7A0008307D00083A7D0008447D0008B2
:1018A800507D0008597D00086D7D0008867D000880
:1018B8009D7D0008AF7D0008C17D0008D37D00082C
:1018C800E57D0008EF7D0008017E00081D7E000808
:1018D800257E0008367E0008E80F0020E87F000813
:1018E8000F800008F80E0020138000082F800008E1
:1018F8003B80000848800008558000086380000885
:1019080072800008828000088E8000089B80000892
:10191800AA800008EB800008028100083C810008CA
:101928007D8100088981000897810008B80E002091
:10193800B18100084C120020C8810008FC12002068
:10194800DB810008F38100080A820008148200087D
:101958001F82000800207047002070471E38C3B25D
:101968000020092B01D8014AD05C7047B9820008D1
:1019780070B57F4E05003478012C18D0022C43D066
:101988000023002C00D07EE002F046FA2300222833
:101998000BD12800FFF7DEFF0123002803D1280020
:1019A800FFF79EFD030001200340180070BD02F000
:1019B80033FA2228EDD02800FFF7CEFF002816D1F1
:1019C800142D16D008D80B2D0AD0102D14D0694824
:1019D80003F036F800240AE0292D0AD0382DF6D174
:1019E800654803F02DF8654803F02AF80124230020
:1019F800DBE700243470FAE7FFF794FC604803F053
:101A08001FF802233370F2E7292831D01FD8132892
:101A18003BD008D8072800D193E00B2825D055489B
:101A280003F00EF811E0142822D003001E3B052B0A
:101A3800F5D8FFF793FF534B1870524B19780029CC
:101A480000D192E0504802F0FBFF0123ADE73828AF
:101A58000BD04B38C3B2072BE1D80728DFD8FEF7E5
:101A680009FC68DEDE6CDEDE625CFFF75BFCE4E747
:101A7800444B1A78002A02D000221A70DDE73F484A
:101A880002F0DEFF012333708FE7404802F0D8FFF1
:101A98003F4802F0D5FF3F4D3F4B2800197802F030
:101AA800CFFF3E4C200002F0CBFF3D4802F0C8FFBC
:101AB8003C4B2800197802F0C3FF200002F0C0FF59
:101AC800394802F0BDFF394B2800197802F0B8FFF9
:101AD800200002F0B5FF364802F0B2FF354B28006F
:101AE800197802F0ADFF200002F0AAFF324802F098
:101AF800A7FF324B2800197802F0A2FF200002F05D
:101B08009FFF2F4802F09CFF2E4B2800197802F007
:101B180097FF200002F094FF8FE70121194B1878F6
:101B2800FFF70EFC89E70121164B1878FFF768FCD0
:101B380083E7144B0A211878F2E7124B0A21187828
:101B4800F4E71E22144B20481A70164B14321A70F0
:101B5800164B283A1A70174B0A321A70174B0C3A60
:101B68001A70184B20321A70D4E7184858E7C04644
:101B7800F80E00201F820008E87F00080F80000888
:101B880021820008F90E0020B08200082582000892
:101B9800338200081A7D0008000C00203A810008F2
:101BA80045820008010C002057820008020C002022
:101BB80066820008030C002077820008060C0020CB
:101BC8008C820008070C0020A3820008B682000857
:101BD80010B5184B1A78D3070CD5174B187805236E
:101BE80043439B087F20834203D87E38002B00D0D4
:101BF800D8B210BD930705D50F4B1878052343437A
:101C08005B08EFE70523520703D50B4A10784343D7
:101C1800E8E70A4A1278002AEAD00949064809780A
:101C280000788A42F3D250435843FEF7CBFB83B285
:101C3800D8E7C046040F0020020C0020050F002042
:101C4800030C002010B5154B1A7801231A4207D04F
:101C5800134B1B789B080120002B0ED0D8B20CE048
:101C6800910703D50E4B1B785B08F4E7520705D59F
:101C78000B4B1B787F208342EDD910BD094A12789F
:101C8800002AEBD0084B1978054B18788A4201D303
:101C980083B2EFE75043FEF795FBF9E7040F002006
:101CA800060C0020060F0020070C002010B5F028B5
:101CB80005D1FFF78DFF4042274BD87010BDF128A2
:101CC80002D1FFF785FFF7E7F22805D1FFF780FF7C
:101CD8004042214B9870F1E7F32802D1FFF778FFD3
:101CE800F7E7F92804D1FFF7ADFF1B4B1871E5E7BB
:101CF800FA2803D1FFF7A6FF4042F6E7FB2805D1F3
:101D0800FFF7A0FF4042144B5871D7E7FC2802D1D7
:101D1800FFF798FFF7E703000C33DBB2042B07D873
:101D28000123F43883400C4A51780B435370C5E7BC
:101D3800FD2805D10123094A11780B431370BDE72B
:101D4800FE2803D1054A02231178F6E7FF28B5D10A
:101D5800024A04231178F0E7FE0E0020040F002049
:101D6800022210B5364B9A56F0280AD1D9787F2925
:101D78000DD90021D9708A420BD10021314A117046
:101D880007E0F1280ED1032159560029F1DC002A79
:101D98000ED01A795B7913435AB2002B01D12A4B22
:101DA8001A7010BDF22808D1002AF0DA00229A70C1
:101DB80003229A56002AECD1DFE7F32802D1002A41
:101DC800F4DCE4E704215956F92804D10029DEDDC2
:101DD80000211971DBE7FA2802D10029D7DAF7E7E1
:101DE80005215956FB2804D10029D0DA0021597160
:101DF800CDE7FC2802D10029F8DCC8E701000C3146
:101E0800C9B2042907D80121F4388140080059785B
:101E180081435970BBE7FD2805D101240B4801789F
:101E2800A1430170B3E7FE2803D1084802240178D2
:101E3800F6E7FF28ABD1054804240178F0E7C0464F
:101E4800FE0E0020050F0020060F0020040F0020C2
:101E58002A4B70B51B782A4C1B073CD5294802F041
:101E6800EFFD6178284802F0EBFD284802F0E8FD14
:101E78000221274D6156280002F0E2FD254E300070
:101E880002F0DEFD03212800615602F0D9FD300082
:101E980002F0D6FD04212800615602F0D1FD300081
:101EA80002F0CEFD05212800615602F0C9FD1A484E
:101EB80002F0C6FD194B1A4D1978280002F0C0FD32
:101EC800184802F0BDFD184B2800197802F0B8FD3B
:101ED800164802F0B5FD02F069FAA378E2781343D8
:101EE80001D0134B188023796279134301D0114B29
:101EF8001880200000F094FE70BDC046E80F002056
:101F0800FE0E0020C3820008CF7A0008E68200088F
:101F1800E88200082D800008EB820008050F0020E9
:101F28001A7D0008EE820008040F0020FF800008D8
:101F3800FA0E0020FC0E0020F0B55E4B85B01A7832
:101F4800022702925A7803260392052204259A56FC
:101F58009E57DF575D57019200229A70DA701A7106
:101F68005A713B00334393420BD0534B188802F00D
:101F780022FA52490B78002B28D0514A1278904205
:101F88002DDC019B2B430BD04E4B188802F013FA23
:101F98004D490B78002B51D04C4A1278904256DCB0
:101FA800444CE278A37813432279134362791343AC
:101FB80001D0FFF74DFF029BA7702370039BE670CB
:101FC8006370019B2571637105B0F0BD404A1478B8
:101FD8000A2262439042D4DD01330B7001E0FF2BEB
:101FE800FAD1344C002F07D0FFF7F2FD0123002F60
:101FF80000DCFE334343A370002E07D0FFF7E8FD53
:102008000123002E00DCFE334343E37002216156B6
:102018000029B6D0032020560028B2D0B523594352
:10202800091206D0A1704343224A1B1204D0D37070
:10203800A7E70122A270F6E70123F8E7254A1478FA
:102048000A2262439042ABDD01330B7001E0FF2BA3
:10205800FAD1184C002D07D0FFF7F4FD0123002D0D
:1020680000DCFE3343432371019B002B08D0FFF7AC
:10207800E9FD019A0123002A00DCFE334343637122
:1020880004216156002900D18AE70520205600283E
:1020980000D185E7B5235943091206D0217143437E
:1020A800044A1B1204D053717AE701222271F6E721
:1020B8000123F8E7FE0E0020FA0E0020050F00208D
:1020C800010C0020FC0E0020060F0020050C00204B
:1020D800000C0020040C0020062210B50021054841
:1020E800FEF7EEFB0023044A1370044A1370044AF7
:1020F800137010BDFE0E0020050F0020060F0020F3
:10210800040F002007B500236A46D3716B4601000F
:102118000122D81D00F05EF86B46D8790EBD07B5D0
:1021280000236A46D3806B4601000222981D00F006
:1021380051F86B46D8880EBD002307B5010004226C
:1021480001A8019300F046F801980EBD07B56A464C
:102158000300D01D01700122190000F04EF807BDE0
:1021680007B56A460300901D01800222190000F09D
:1021780044F807BD07B504220191010001A800F049
:102188003CF807BD70B50D000400FFF7BBFFA8427F
:1021980003D029002000FFF7D9FF70BD70B50D00EE
:1021A8000400FFF7BCFFA84203D029002000FFF776
:1021B800D7FF70BD70B50D000400FFF7BDFFA84242
:1021C80003D029002000FFF7D5FF70BD10B500F03F
:1021D80045FC10BD0B0037B50500140001A95BBA1A
:1021E8000B8002226423A02000F060FC29006423F5
:1021F800A2B2A02000F090FC37BDF0B50700150092
:102208000E008BB0002D01D10BB0F0BD1F24202390
:1022180034401C1BAC4200D92C0073BA01A90B80B6
:102228000023A3420CDBA21C642392B2A02000F07E
:102238003DFC322003F015FC3F1936192D1BE1E750
:10224800F85CCA1801339070DBB2EAE730B589B0A0
:102258002022002168468025FEF732FB0024AD01CC
:102268002100202268462034FFF7C7FFAC42F7D18F
:1022780009B030BD10B52320FFF744FF212801D055
:10228800002010BD2420FFF73DFF0728F8D11E309D
:10229800FFF738FF133843425841F2E710B52121C0
:1022A800041E00D1DE312320FFF76CFF0721002C2C
:1022B80000D1F8312420FFF765FF1321002C00D14D
:1022C800EC312520FFF75EFF10BD10B50020FFF7A9
:1022D800E5FF01F07FFE10BD704710B52620FFF71F
:1022E80011FF10BD10B5C1B22620FFF74BFF10BD7E
:1022F80010B5FFF7F1FFFFF7BDFF002808D1FFF782
:10230800F1FF00F00BF900F0A5F90120FFF7C6FF77
:1023180010BD000010B58C78002C1ED0174BC318C8
:102328000F2B22D81238C0B200F0A2F900242000E6
:1023380010BD012001F02AFC032202210120FEF732
:102348007DFBF3E7012001F02DFC0322022101208F
:10235800FEF774FBEBE70220F5E7094B9842F1D052
:10236800084B9842F7D00124E1E7054B9842E0D0AA
:10237800044B9842DBD10220DCE7C046EEA0FFFF09
:10238800105F0000115F0000FF2303707047F8B56D
:10239800040000780D000138122861D8FDF774FF99
:1023A8000A133C4D535D606060606063676D767FC3
:1023B80082858E00002363700933A37029002000F2
:1023C80002F0B8FEF8BD6378022B0DD0032B0ED0B7
:1023D800012B1CD101F0CCFF030EA370030CE3709A
:1023E800030A23716071E9E7FFF777FFF4E7002636
:1023F800A71C3000FEF78AFE0136030C3B70F6B2CC
:10240800030A7B70B8700337052EF2D1D6E729008E
:102418002000FFF7B9FFD1E76378022BF7D1E37803
:10242800A0781B0203432079000403436079000667
:10243800184300BAFFF756FFC0E7E278A178607842
:1024480000F050F8CCE72279637912021343A1789F
:10245800E278607800F054F8B0E700F05FF8ADE794
:10246800FF232370AAE700F0B9F86070A6E700F030
:10247800B7F8030A6370A070A0E76378A0781B021E
:10248800E178221D184300F0AFF897E76378A07849
:102498001B02E178221D184300F0C2F88EE700F015
:1024A800D9F88BE700F013F8DFE76378A0781B0210
:1024B800E178221D184300F053F87FE76378A0788D
:1024C8001B02E178221D184300F062F876E7042029
:1024D800704722234B4352009B18AA2250431818D6
:1024E8002730704770B5FFF7F4FF0500FFF70AFEC5
:1024F8000402681CFFF706FEA4B2204380B270BD38
:1025080070B51D00FFF7E5FF0400290AFFF73AFE42
:10251800E9B2601CFFF736FE70BD0000F7B5002673
:1025280037000E4B0025F318019310E0019A630061
:10253800D35AE9B2E2B2F8B20134FFF7E1FF112C45
:10254800F4D1019B013522330193052D01D00024DC
:10255800ECE70137AA36042FE3D1F7BDFE76000871
:10256800F8B52730AA27140005005618BF00B44252
:1025780000D1F8BD2B00273BBB4206DA2800FFF745
:10258800C1FD207001350134F1E700232370F9E71C
:10259800F8B52730AA27140005005618BF00B44222
:1025A80000D1F8BD2B00273BBB4203DA2800217875
:1025B800FFF7E8FD01340135F1E707B501AA03008B
:1025C80011800020032B08D85178042905D81278E7
:1025D800102A02D81800FFF785FF0EBD102070479B
:1025E80000487047310D0000F8B5D32714000A4B96
:1025F8005618C5183F01B44200D1F8BD074BEB1877
:10260800BB4206DC2800FFF77DFD20700135013450
:10261800F1E700232370F9E7CF02000031FDFFFF47
:10262800F8B5D3271400094B5618C5183F01B44212
:1026380000D1F8BD064BEB18BB4203DC280021781B
:10264800FFF7A0FD01340135F1E7C046CF020000D5
:1026580031FDFFFF70B58025044C6D01200000217D
:102668000134FFF78FFDAC42F8D170BDCF020000F6
:10267800F7B505000F2821D81948FFF743FD0028B2
:102688001CD18026174C7601002D18D10127019501
:102698002000FFF737FD002301AD661C28706B7022
:1026A80098420BD0431E022B14D8687030002F704C
:1026B800FFF728FD0234A87000280CD1F7BDB442FA
:1026C800FCD02000FFF71EFD002801D1013DEDB22E
:1026D8000134D9E734002800FEF7CAFAD8E7C04623
:1026E800FF0F0000CF020000F8B5140082781D002B
:1026F80006AB1F78274B002A11D01C7001F056FE3C
:10270800254B188023002033DBB2072B06D807227D
:1027180001201440A040C0B200F099FCF8BD1E781A
:10272800A6422DD11C4B188801F045FEC72827D892
:102738002C002034AE4215D033002033DBB2072BF7
:1027480006D8072301201E40B040C0B200F087FC25
:10275800E3B2072B06D8072301202B409840C0B2CC
:1027680000F075FC3800E4B200F069FC072CD5D8FD
:10277800072301201D40A840C0B200F070FCCDE73F
:1027880023002033DBB2072BC8D8072201201440CE
:10279800A040F1E7070F0020080F0020264B13B5D3
:1027A8000C0098420BD8254B98420FD8244B9842DE
:1027B8001AD0244B984237D0234B98420ED0A07899
:1027C800002836D00022214B1A701AE0204BC0187E
:1027D80002280DD8FDF758FD161C22002623009369
:1027E800BB331A00010008E027230093BE33F8E743
:1027F8002623E02217490093BB332000FFF774FF1C
:10280800002016BD2723E42200931349BE33F4E7C2
:102818002623E22200931149BB33EEE72723E62261
:1028280000930549BE33E8E72823E5220093273BB8
:10283800D8E70120E5E7C046F65C0000F25C00003E
:10284800D85C0000D95C0000D75C0000070F0020AE
:102858000CA3FFFFF35C0000F45C0000F55C0000D3
:1028680070B505008878002800D1B9E05D4EB54202
:1028780012D85D4B9D4213D901F0CCFB5B4C2080F4
:10288800B5421ED8584B9D420BD8208801F0CEFB8C
:1028980000F012FE002003E0554BEB18082BEBD993
:1028A80070BD544BE818122819D8FDF7EDFC1D200F
:1028B800232E3134373D45494C4F595C5F62688956
:1028C8006E004B4BE81883B2082BDED80828DCD8FA
:1028D800FDF7DAFC13183F432E5869808400012362
:1028E800227813432370D0E702232278F9E70423E0
:1028F8002278F6E708232278F3E701236278134366
:102908006370C2E702236278F9E710232278E8E7C8
:1029180020232278E5E740232278E2E700F0CCFD87
:10292800802322785B42DCE70C2322789A43D8E79D
:10293800032362789A43E2E7012223789343D1E79D
:1029480002222378FAE704222378F7E7082223787B
:10295800F4E7012263789343D2E702226378FAE727
:1029680010222378EAE720222378E7E74022237819
:10297800E4E700F0A1FD7F2223781340B2E70C22A0
:102988002378DBE703226378E5E701210420237835
:102998005A07D20F4A400A40910083430B4308214B
:1029A800D2008B439DE701216378DA07D20F4A40B2
:1029B8000A408B4313435100022293430B439FE782
:1029C80000F07AFD01222378D9094A407F21D201FB
:1029D8000B4086E7012001F09BFB56E70020FAE751
:1029E80001205DE7155C0000015C0000FC1200207E
:1029F80006A3FFFFFDA3FFFF124A10B501230C0039
:102A0800904215D101F008FAA17803000E4A002976
:102A180010D0AA2003401900481E814135201170AA
:102A2800002B00D10C3801F089F901F067FA002376
:102A3800180010BD13783520002B00D10C3801F098
:102A480087F9F2E7165C00000A0F0020031E04D085
:102A5800203B1800431E984102387047114B10B5AF
:102A68001C78002C1CD1012280211A700E482200EB
:102A7800490003F09EFF8021220089000A4803F0E4
:102A880098FF642002F0EDFF802186220648490065
:102A980003F08FFF802186220348890003F089FF15
:102AA80010BDC0460C0F002000040048F0B5154DBD
:102AB800154C87B0049128701449200016001F0097
:102AC80003F062FA2B7800255B0805933800002391
:102AD80029000F4AFDF782FD00230E4A801859414C
:102AE800FA2200239200FDF759FD3300049A059954
:102AF800029001952000009503F050FAFFF7A6FF19
:102B080007B0F0BD0B0F00204C140020F082000825
:102B180010270000E7030000F0B51F00134D144C08
:102B280085B00E00287013492000039203F02CFA98
:102B38002B7838005B081D000F4A00230021FDF7A1
:102B48004DFD00230D4A80185941FA2200239200B6
:102B5800FDF724FD32002900039B0090200003F0BC
:102B680035FAFFF773FF05B0F0BDC0460B0F002024
:102B78004C140020F082000810270000E703000032
:102B8800014B18607047C046100F0020034B10B56A
:102B98001B68181E01D01B68984710BD100F002035
:102BA800F8B5184B04001B68002B2AD0164A127877
:102BB800002A07D0154A12787F2A03D90278427072
:102BC800052202705B6820009847114D2B785A0740
:102BD80017D5DB0702D50F4801F032FF2600012781
:102BE80008362B783B4203D021780B4801F028FFA8
:102BF8000134B442F5D12B78DB0702D5074801F040
:102C08001FFFF8BD100F0020B80E0020FC12002096
:102C1800E80F0020FC8200080E8300083A810008B3
:102C2800044B10B51B68002B03D0022202709B686E
:102C3800984710BD100F0020064B10B51A88824225
:102C480006D01880044B1B68002B01D0DB6898471E
:102C580010BDC046160F0020100F0020064B10B5FF
:102C68001A88824206D01880044B1B68002B01D0BA
:102C78001B69984710BDC046140F0020100F002094
:102C880010B501F075FB024B1860024B186010BDBF
:102C9800180F00201C0F00207047704710B5FFF771
:102CA800FCFF10BD704710B5FFF7FCFF10BD00001A
:102CB80010B5054801F0D8FEFFF788FAFFF7ECFFDA
:102CC800FFF7ECFF10BDC046F15000080120704727
:102CD80010B5FFF7FBFF10BD7047704710B5FFF741
:102CE800FBFFFFF7FAFF10BD10B501F03DFBFEF743
:102CF8005FFAFFF7FDFAFFF7D6FF10BD70B50E4E6D
:102D0800040033785A0712D501252B420FD00B48FF
:102D180001F096FE33782B4209D02100084801F0D3
:102D28008FFE33782B4202D0064801F089FE20003E
:102D3800FDF7DBFF70BDC046E80F002014830008D4
:102D4800CF7A00083A810008F0B587B0FEF76CFA30
:102D5800002801D0FFF794FF00242500314E200001
:102D6800FEF7D4F937680290874235D002222E4BFD
:102D78001B78134201D0FEF7CFF9029B7B400393E7
:102D8800002301270193039B1F421ED0FFF7A0FFDA
:102D9800002813D0019A04AB1A705C70029B3B4068
:102DA8005A1E934104AA937001F000FB01231843B3
:102DB80004AB98800599049800F03AF83368013517
:102DC8007B40EDB23360032D1CD8019B7F0001339B
:102DD800DBB20193112BD6D10134E4B20436052CB1
:102DE800BDD1002D0ED1012304AA5B42138095703A
:102DF80001F0DCFA012304AA03439380049805999F
:102E080000F016F8FFF798F8FFF7C0FE074C237894
:102E1800834204D0FFF7BAFE2070FFF76FFF07B0B8
:102E2800F0BDC046240F0020E80F0020200F00202E
:102E38001FB5030CDBB200900191002B01D001F00B
:102E480017F80E2200216A441180009A02AB029200
:102E58006A4692889A800098039900F07FFD05B031
:102E680000BD10B5008800F03DFF10BD10B5041E70
:102E780013D0822812D1FFF789FE83070DD4392099
:102E880000F05CFF01F03AF8FA20800002F0E9FD5A
:102E9800392000F05DFF01F031F810BD83280ED114
:102EA800FFF774FEC307F8D4532000F047FF01F082
:102EB80025F8FA20800002F0D4FD5320E9E78428A1
:102EC8000ED1FFF763FE4307E7D4472000F036FF33
:102ED80001F014F8FA20800002F0C3FD4720D8E77B
:102EE800031FDBB2A02B13D8FEF742FD0028D4D174
:102EF8001C4B2100186801F02FF9002804D020008D
:102F080000F026FF00F0FAFF200000F017FFC2E7EC
:102F180003002033DBB2072B07D80720044006380C
:102F2800A040C0B200F07EFFB5E703005B33DBB220
:102F3800022B04D8243880B2FFF77EFEADE70300E9
:102F48005833DBB2162B05D8074A5B00985AFFF7AF
:102F580085FEA2E7EF28A0D9FEF7A8FEFEF778FFC6
:102F68009BE7C046080C00202883000810B50028FD
:102F78000FD082280ED1FFF709FE830709D5392023
:102F880000F0DCFE00F0BAFF392000F0E1FE00F0AE
:102F9800B5FF10BD83280AD1FFF7F8FDC307F8D5A0
:102FA800532000F0CBFE00F0A9FF5320EDE7842862
:102FB8000AD1FFF7EBFD4307EBD5472000F0BEFE33
:102FC80000F09CFF4720E0E7031FDBB2A02BDCD911
:102FD80003002033DBB2072B07D807230340012067
:102FE8009840C0B200F026FFD1E703005B33DBB2A4
:102FF800022B03D80020FFF71FFECAE7030058334F
:10300800DBB2162B03D80020FFF728FEC1E7EF2814
:10301800BFD9FEF7A5FEFEF71BFFBAE770B505009E
:103028000C00FFF723FF002C03D12800FFF79EFFB9
:1030380070BD0A20013C02F014FDA4B2F3E7502150
:1030480010B5392800D00021FFF7E8FF10BD10B5F2
:10305800002803D000F0E6FE00F050FF10BD10B5C8
:10306800002803D000F0E6FE00F048FF10BDF0B5E0
:1030780085B086790C1C8578019000F08BFE2304BE
:10308800360902900393002818D00295002D15D018
:103098000F2223041B0E9343402B06D0230000224B
:1030A8002033DBB20292072B08D9022000F076FF0A
:1030B80000F070FE01234340DBB2029323041B0F90
:1030C80018000393FDF7EAF810001000650065008A
:1030D800B500C90041004100D4002B013C013C016E
:1030E800970141004100A0010F22230426051B0E71
:1030F800360F934300D03601E4B2002D14D0002ED1
:103108000BD023002033DBB23000072B01D9002C71
:1031180007D100F087FE00F0F1FE2000FFF7A6FEC1
:1031280013E000F095FEF6E72000FFF71FFF002EE2
:103138000BD023002033DBB23000072B01D9002C41
:1031480024D100F077FE00F0D9FE039B083B032B47
:1031580003D8FFF71BFDFDF7C8FD029B002B13D01A
:1031680000F010FE012302001A4018420CD1019B06
:103178009A7000F0FFFD00F009FD019800F05CF97D
:1031880000F0F8FD00F00EFD05B0F0BD00F068FE9F
:10319800D9E70F22230427051B0E3F0F9343202B4B
:1031A80000D03F01E4B2002C0ED0012C2BD0002D12
:1031B80032D0002E2BD0019B9B79DA07ADD50F2298
:1031C8001340019A937122E0002D11D0002E06D1F0
:1031D80000F06AFE3843C0B2FFF739FFB5E7012EA9
:1031E800F6D100F061FE3843C0B200F069FEACE7EA
:1031F800002E05D100F076FE3800FFF730FFA4E777
:10320800012EA2D0F6E7002D03D0052E9DD8380058
:10321800E2E7042E99D8EFE7002EEDD00120392CF3
:1032280001D1C820800002F01CFC2000FFF79EFEA0
:103238008BE723059B0F09D0012B00D085E7281EBB
:1032480001D0A005800DFFF709FD7EE7281E01D0FB
:10325800A005800DFFF7F0FC77E7E0B2002D04D061
:10326800FEF724FDFEF7F4FD6FE7FEF779FDF9E7B9
:1032780023049B019B0F23D1002D00D065E7230673
:103288005B0F9B002007DBB2000F9840E20602D5D7
:103298000F359D40ED432405A40F2843022C09D087
:1032A800032C0AD0012C02D000F040FC4DE700F0BE
:1032B80033FC4AE700F044FC47E700F028FC44E709
:1032C800A205920F0123D1B2002D1CD01340002B70
:1032D80000D13AE72206520F92002007D2B2000F1F
:1032E80090400023E10602D50F339340DB432405C9
:1032F800A40F1843022C0CD0032C0DD0012C05D0A0
:1033080000F072FC21E749080B40E0E700F062FC9E
:103318001BE700F073FC18E700F022FC15E7E6B2A3
:103328002405240F002D04D0200000F02FFC3000CD
:1033380052E73000FFF793FE200000F033FC04E76B
:10334800E7B23800F03804283ED8FCF79DFF031197
:10335800181D2700002D07D0042E00D9F5E6E0043B
:10336800C00E00F02BFCF0E6052E00D9EDE6F6E7DE
:10337800E004C00E002DE0D000F008FCE5E6E00413
:10338800C00E002DF8D0D8E7002D04D0E004C00E00
:1033980000F0F5FBD9E600F0EDFBD6E6002D09D0EC
:1033A800E404E40E200000F0F1FB0321200000F00B
:1033B800D1FDCAE6012000F0F1FD012E00D8C4E6D7
:1033C800022000F0EBFDC0E6002D06D0002E01D053
:1033D8003800A3E6E004C00ECEE7002E08D0012096
:1033E800392F01D1C820800002F03BFB38001DE7CF
:1033F800E004C00EA1E72205120FE1B20198FDF723
:103408007CFC00F01BFBA0E622050198120FE1B23C
:10341800FDF775FC99E670B504008078218800F006
:103428006BFC051C00F0F4FB00F070FB291C20006D
:10343800FFF71DFE70BD000073B5868801AD04005E
:10344800010002222800FDF7E7F9002E12D02A8891
:103458000C4B9A420ED02000FDF718FB00280AD129
:1034680000F098FC002805D0A378002B02D0022099
:1034780000F094FD73BD2000FFF7CDFF2000FDF79D
:10348800C0FAF7E7FFFF000010B50020FFF7D4FBF4
:103498000020FFF7E3FB00F0EBFC00F0FFFC00F07E
:1034A8002DFDFEF719FEFEF7D3FC10BD10B500F098
:1034B80059FCFFF7E9FF10BD10B500F0C3FCFFF79A
:1034C800F5FF10BD031CC2B21804000F023800B586
:1034D8000D2821D8FCF7D8FE070720201620202029
:1034E80007071D20201D0120F02A05D005D800203F
:1034F800E72393424041C0B200BDF43A1000434272
:103508005841F8E70120E72AF6D9F13A50425041EC
:10351800F1E71805C00FEFE70020EDE707B501ABAD
:103528001880019800F0DEFBFFF7CCFF0EBD82B0DB
:1035380002B0704782B002B07047000070B507252E
:103548000B4B1C780B4B1B78A34200D170BD0A4B68
:10355800E200D15A9B1858889A8800040843D988F1
:10356800013409041143FFF7E5FF2C40EAE7C046A0
:10357800830F0020820F0020420F0020064B10B559
:1035880058881A88D988000410439A880904114376
:10359800FFF7D0FF10BDC0463A0F0020F7B50F2245
:1035A8001E488379934334D18378002B31D01C4B48
:1035B80001A91B781B4A12789A422AD0028884886B
:1035C8000A80002C26D0184D92B2AA4222D0477801
:1035D800164DBC46DE00AA195778BC451AD10778A3
:1035E800755DAF4216D19578002D13D195882C1BA7
:1035F800A4B2C72C0ED80F241021837923400B4383
:1036080083719379234019439171FFF715FFFFF7F1
:1036180095FFF7BD072201331340CBE73A0F00208F
:10362800830F0020820F0020FFFF0000420F0020C0
:10363800F0B504008BB00100062206A8FDF7ECF8EF
:10364800A178C14E0191A18830880291B188039078
:103658008C4608A90880604623786278002800D143
:10366800CBE00888B94DA84200D1C6E0B578002D56
:1036780000D1C2E0B1790F200F0004916146874361
:103688000298401A80B2C72800D98AE0002F49D191
:103698000199059106A90B704A7008880399884218
:1036A80012D10199002900D017E10F23049919407C
:1036B80001331943B171FFF761FF3000FFF7BCFE1A
:1036C800B379A37100253CE10299002900D008E1F3
:1036D800019B002BF6D001239B4A91790B439371F0
:1036E800F0E79B48CF00C6197078904206D19848F9
:1036F8003F5C9F4202D1B678002EE3D1072001310A
:103708000140FFE0000E014202D0002B00D117E17A
:103718002033DBB2072B00D812E12000FFF78CFE24
:1037280005950DE106A90B704A700888039988422F
:103738000FD1019900290CD1049B2000A371FFF738
:103748007BFE082221003000FDF766F8FFF716FF20
:10375800F7E006A90B704A700698FFF7DFFE00280D
:103768001BD0019B002B18D0774A93791F2B09D9BE
:10377800128808A8028000228270029A83718280CF
:10378800FFF75AFE082221006F48FDF745F8FFF7BA
:1037980005FFFFF7F3FE0125D3E02000FFF74CFEFD
:1037A800F9E706A9002F14D101980B7088700298C8
:1037B8004A70888007990698FFF7B9FE3000FFF72E
:1037C8003BFE082239003000FDF77AF8FFF7D6FEF5
:1037D80078E70B704A70088803998842B9D1019933
:1037E8000029B6D1049B2000A371FFF725FE08220B
:1037F80030000199FDF764F8A3E06546524F388818
:103808000880002D51D0514985B28D424DD0BD78E8
:10381800002D4AD166460299891B89B2C72933D837
:10382800019D002DB9D006A90B704A700B88834200
:103838001DD1BA79D30714D40F2113008B4310D0AC
:10384800A271F02B06D0D3B21A09013212010B4033
:103858001343A3712000FFF7EFFD08222100380071
:1038680072E7082221003800FCF7D6FF69E00698C5
:10387800FFF754FE002885D10123BA7920001343AD
:10388800BB71FFF7D9FD5CE0019806A98870029822
:103898000B704A70888006980799FFF748FE08223F
:1038A80029003800FDF70CF850E70199002900D1EC
:1038B80073E706A90B704A700698FFF72FFE051EDE
:1038C80000D16AE7082221003000FCF7A5FF30008C
:1038D800FFF7C7FAFFF762FE38E70299002900D11F
:1038E800F9E608A90B704A7009881848814200D186
:1038F800EEE60199002900D0EDE616481649007851
:10390800097801900198814200D0EAE606A90B7077
:103918004A70069800F0E6F9C3B200040F21020FBE
:10392800012A00D8EEE60E320A40012A00D9F4E650
:10393800000E014200D1EBE6A2798A4300D0E7E607
:10394800059D28000BB0F0BD3A0F0020FFFF0000D6
:10395800420F0020820F0020830F0020F0B587B0AF
:103968006C46009020006160FFF762FE04A9051E06
:103978000DD02288A3880A80002B06D02A4B92B249
:103988009A4202D003CCFFF7D5FD072644E00B008E
:10399800220041CA41C30888A38803AA1080002BCB
:1039A800F3D0224F224E3C783078A44614881E4A21
:1039B8009442EAD00722441C144064450AD08B8004
:1039C8001C4BC00018180132FCF726FF3470FFF7B3
:1039D800B5FDDAE7FFF770FD0822290016483570B3
:1039E8003D70FCF76DFFD0E7124CC0002018FFF7C0
:1039F8001FFE002816D02B78DB001A5BE4186088BD
:103A0800E188A3880004090419431043FFF792FDD5
:103A18002B78013333402B70044D054B28781B78E5
:103A28008342E1D107B0F0BDFFFF0000830F002003
:103A3800820F0020420F00203A0F0020F8B5031E25
:103A48000BD00026072718785C1C74283DD00BD8AB
:103A580002282CD002D8012812D0F8BD031F6F2BE2
:103A6800FBD8FFF703FA19E0752838D003007C3338
:103A7800DBB26F2BF1D87F231840FFF777FA0DE000
:103A88009C1C5B781A002032D2B2072A0DD83B4022
:103A98009840C0B200F0F2F900F030FA3500013D6C
:103AA800EDB2FF2D1ED12300CDE71800D9E75878D5
:103AB8009C1C03002033DBB2072BDED801233840DF
:103AC8008340D8B200F0E2F9E6E75D789C1C013D3E
:103AD800EDB2FF2DE2D00A2001F0C3FFF7E75E78D0
:103AE8009C1CDBE70A2001F0BCFFD8E7704710B543
:103AF800FFF7FCFF10BD000010B5FFF7F8FF024B01
:103B08001860FFF7C1FC10BD840F0020704710B586
:103B1800FFF7F2FF10BD000010B5034B1B681843F8
:103B2800FFF7EAFF10BDC046840F002010B5034B15
:103B38001B681840FFF7E0FF10BDC046840F002047
:103B480010B5034B1B685840FFF7D6FF10BDC046A1
:103B5800840F0020704710B5FFF7FCFF10BD000070
:103B680010B5FFF7F8FF024B1860FFF78DFC10BD8A
:103B7800880F002010B50020FFF7F2FF10BD0123C9
:103B8800834010B51800FFF7EBFF10BD01238340F9
:103B980010B5034A10681843FFF7E2FF10BDC0468E
:103BA800880F00200123834010B5034A106898430A
:103BB800FFF7D6FF10BDC046880F002001238340C1
:103BC80010B5034A10685840FFF7CAFF10BDC04639
:103BD800880F002010B5034B1B681843FFF7C0FF80
:103BE80010BDC046880F002010B5034B1B68184055
:103BF800FFF7B6FF10BDC046880F002010B5034B75
:103C08001B685840FFF7ACFF10BDC046880F002066
:103C18007047000073B501AC021C0304208011201A
:103C280001251B0E584307232E008018C2B21840E6
:103C3800D3080522864000205A43084BF6B29A184A
:103C48000B00C34014782B405B4263403340634011
:103C58000130137001320528F2D173BD8C0F00209A
:103C680037B501A9021C0304088011201B0E584314
:103C78000721801800220524C3B201400125100045
:103C8800DB085C43054B1C19A35CCB402B409340DD
:103C980001321843C0B2052AF6D13EBD8C0F002070
:103CA800F7B51F2401270D4B01AE1A680C4B308065
:103CB8001B681A430092009BE5B2E3403B4204D1E3
:103CC800013CF8D200252800FEBD28003168FDF728
:103CD8001DF880B20128F3D0F5E7C046880F002010
:103CE800840F002007B501AB18800198FFF7D8FFB3
:103CF8000199FDF70BF80EBD37B50F4B01AD1B78D9
:103D08002980002B03D00198FFF7ECFF3EBD002867
:103D18000CD02868FFF7C4FF040001002868FFF7EB
:103D280079FF20000199FCF7F1FFEFE72868FFF71A
:103D380097FF0400F5E7C046380F002010B5034B85
:103D48000100186800F08AFA10BDC046080C00206F
:103D580010B5034B0100186800F094FA10BDC04676
:103D6800080C002010B5024B186800F09FFA10BD2F
:103D7800080C00200020024B1856C010C0B2704733
:103D8800E40F0020024B1878072318407047C046FC
:103D9800E40F0020034B187807231840431E98416E
:103DA800C0B27047E40F00200D4A70B55378040084
:103DB8005907C90F814212D001000125042029406A
:103DC800890083430B435370108800F02FF9054B8B
:103DD8001B782B4203D02100034800F031FE70BD50
:103DE800FC120020E80F002056830008044B10B591
:103DF800587801234007C00F5840FFF7D5FF10BD82
:103E0800FC12002010B50120FFF7CEFF10BD10B541
:103E18000020FFF7C9FF10BD014B18787047C04656
:103E2800E60F0020024B1A78104318707047C046FE
:103E3800E60F0020024A1378834313707047C04688
:103E4800E60F00200022014B1A707047E60F002091
:103E5800024B1A78104318707047C046E70F0020CD
:103E6800024A1378834313707047C046E70F002057
:103E78000022014B1A707047E70F0020024B1A7896
:103E8800104318707047C046E30F0020024A1378A9
:103E9800834313707047C046E30F00200022014B94
:103EA8001A707047E30F0020014B18787047C0461E
:103EB800E50F0020704710B5FFF7FCFF10BD0000AC
:103EC800064B10B55B785B0706D4054B1A7882421F
:103ED80002D01870FFF7EFFF10BDC046FC1200209B
:103EE800E50F002010B5044B1A78002A03D00020F3
:103EF8001870FFF7E0FF10BDE50F002010B50D4B5F
:103F08000D4A1B7812780D4C13430D4A206812781D
:103F180013430C4A03701278002A07D01343037026
:103F280000F0FCF8002801D0FFF7DCFF2068FEF75E
:103F380037FE10BDE60F0020E70F0020080C002018
:103F4800E30F0020E50F0020704710B5FFF7FCFFD6
:103F580010BD00000A4A0B00527810B552070CD465
:103F6800084CC10019432170FFF710FE00202056AD
:103F7800C010C0B2FFF7E9FF10BDFFF707FEFBE76F
:103F8800FC120020E40F0020002010B5024B18702E
:103F9800FFF7DBFF10BDC046E40F0020002310B57B
:103FA8000A4AD3561900814348B21070420702D119
:103FB800DBB2834203D1064B5B785B0705D5C010A3
:103FC800C0B2FFF7EFFDFFF7DFFF10BDE40F0020E1
:103FD800FC12002010B5FEF739F900200149FEF760
:103FE800DDF810BDFFFF000010B50020FEF797F8C0
:103FF800024BC01843425841C0B210BD1601FFFF22
:1040080010B50220FEF77EF810BD10B50320FEF7AC
:1040180079F810BD10B50420FEF774F804002220CA
:10402800FEF770F80002204380B210BD10B50400FE
:10403800C1B20420FEF7A6F82220210AFEF7A2F852
:1040480010BD10B501000F20FEF7B4F810BD10B573
:1040580001001320FEF7AEF810BD10B50020FFF7E1
:10406800F6FF10BD10B50020FFF7EBFFFFF7F5FFD7
:1040780010BD000010B50024FEF7E8F80020204924
:10408800FEF78CF800210220FEF77CF800210320BF
:10409800FEF778F81B4B210004201C60FEF772F82D
:1040A80021002220FEF76EF821000520FEF76AF8AD
:1040B80021000620FEF766F8FF210720FEF762F8C8
:1040C80021000820FEF776F821000D20FEF75AF8A7
:1040D80021001820FEF76EF821001720FEF752F88D
:1040E80021001C20FEF766F821002020FEF756F874
:1040F80021001820FEF75EF8FFF7B4FF10BDC04698
:10410800EAFE0000840F002010B5FFF7B3FF10BDD2
:1041180010B501000E20FEF735F810BD0C4A03005B
:1041280011780622002904D00A4909787F2900D984
:10413800183200200233013AD2B2FF2A00D1704768
:104148001978002901D00130C0B20133F3E7C04625
:10415800B80E0020FC120020030010B5081E15D070
:10416800114A1278002A12D0104A12787F2A0ED9E2
:104178000020CC08EF2909D807221140063A8A40C6
:104188001B1998781040431E9841C0B210BD9A1C64
:1041980008331078884204D001329A42F9D10020BD
:1041A800F4E70120F2E7C046B80E0020FC12002018
:1041B80001220023F0B55242851CEC5C5EB28C42B1
:1041C8000BD0571C02D1002C00D132000133062B32
:1041D800F3D1531C01D080188170F0BD002210B5B6
:1041E800831C08301C788C4200D11A70013383423A
:1041F800F8D110BD10B5CB08EF2908D8C01807238F
:104208001940063B8B4082781343837010BD044BE2
:104218001B78DB07FAD5034800F012FCF6E7C04626
:10422800E80F00206B83000810B5CB08EF2908D8E9
:10423800C0180723012219408A408378934383706A
:1042480010BD044B1B78DB07FAD5034800F0F8FBD8
:10425800F6E7C046E80F00208983000810B5074B31
:104268001B78002B06D0064B1B787F2B02D9FFF753
:10427800C1FF10BDFFF79CFFFBE7C046B80E00204A
:10428800FC12002010B5074B1B78002B06D0064BFC
:104298001B787F2B02D9FFF7C7FF10BDFFF79EFFE2
:1042A800FBE7C046B80E0020FC12002010B5074BF3
:1042B80002301B78002B04D0054B1E221B787F2B65
:1042C80000D806220021FCF7FBFA10BDB80E00202A
:1042D800FC120020704710B5FFF7FCFF10BD10B5A9
:1042E8000020FCF702FDFFF7F6FFAA2001F0B9FB5A
:1042F80010BD7047704710B5FFF7FBFF0024FCF7AF
:1043080093FFFFF7F7FF2000FCF700FF002804D118
:104318000134E4B2052CF6D110BD0120FCE770474A
:1043280010B5FFF7FCFF10BD10B5FFF78BFDFFF7C9
:104338009FFDFFF717FDFDF7CFFE0020FEF77CFC81
:104348000020FEF78BFCFEF721FCFCF7CEFCFFF704
:10435800E7FF10BD10B572B601F04FFC62B6014B15
:10436800186010BDEC0F002010B5FFF7F3FF10BD6B
:1043780010B572B601F041FC62B6FA22084B920001
:104388001B680021C01A0023FCF728F90023054AFE
:10439800801859410023044AFCF700F910BDC046B3
:1043A800EC0F00200F2700001027000010B5FFF7C2
:1043B800DFFF80B210BD10B50400FFF7D9FF001B66
:1043C80080B210BD054B064A1A60BFF34F8F054BEC
:1043D800054ADA60BFF34F8FC046FDE7FC3F002077
:1043E800EFBEADDE00ED00E00400FA050A4B0B4A13
:1043F800043B196810B591420CD100221A6082F36F
:104408001488074B1B6883F3088862B6054B1B6842
:104418009847FEE710BDC04600400020EFBEADDE65
:1044280000C8FF1F04C8FF1F7047F0B591B0049380
:1044380016AB10CB1A9F1B781B9E0290039100921B
:104448000593002C01D110239E4380233200DB000A
:104458001A4006921E4201D0002C20D06123B206D9
:1044680000D5412300222500DBB20A3B01920793C5
:1044780028001899FBF7A2FF079BCAB2D318DBB232
:10448800092902D813003033DBB2019A0199541C70
:1044980008AA8B54189B9D4201D3202C14D10223C7
:1044A80032001A4007921E4220D1013B3340002FB0
:1044B80008D0002B06D0059A002A02D10C321642E9
:1044C80000D0013F302205E005000194D0E708A99B
:1044D800625401341999A14201D9202CF7D1302214
:1044E800002B03D0A74201D91F2C1AD9F30651D5A6
:1044F800069B002B1AD1002C18D0199BA34201D07F
:10450800BC4213D1631E012C0FD0189A023C102A0A
:104518000FD01C00189B022B36D11F2C0ED86223FB
:104528002FE008A962540134DAE71C00189B102B0D
:10453800F0D1B30622D478231F2C22D9B3074DD04B
:10454800009B26000193019BE518AA1B002E47D16A
:10455800079B002B0FD0009BEB1A1C000193009BBC
:104568001A19BC4244D3019B00229F4202D3009BEC
:10457800DA19521BAD18280011B0F0BD58231F2CB2
:10458800DCD808AA135501341F2CD7D8302308AA21
:10459800135501341F2CD1D8059B002B04D02D2393
:1045A80008AA13550134C9E7730701D52B23F7E788
:1045B8003307C3D52023F3E72020049B0399029EE9
:1045C800B0470135009B1A1B5219AF42F4D800239B
:1045D800A74200D33B1B009A9B18B2E72500F1E7DE
:1045E80008AB013EF05C0399049B029DA847AAE72B
:1045F8002020049B0399029EB0470134AFE710B511
:10460800002801D000F036FA10BD0000F0B591B0D6
:10461800169C09900A9108920693002901D1AB4B88
:104628000993002617E1069B01330693252807D036
:104638003200751C089B0A99099EB0472E000AE1B2
:1046480000230120082505E02D2A15D0302A0CD199
:1046580003430691069A0699127801312B2A0ED047
:10466800F2D8202A0DD0232A0DD01000303809287E
:104678002AD800270A250CE002221343E9E704227E
:10468800FBE72B43E5E71022F7E76F43303FCF19ED
:104698000690069A1178501C0A00303A092AF4D973
:1046A8000021069A079112782E2A26D18021C90066
:1046B8000B430699069A49780132080030380928D0
:1046C80038D80A218C4611E000272A2AE8D180CC64
:1046D800002F02DA283A13437F420691E0E760464A
:1046E800079A4243303A8A1807922A001178551CD3
:1046F800080030380928F2D90692069A1178013252
:104708006C2928D022D868292FD06A2936D0069A51
:10471800157801320692782D00D983E1612D30D8C1
:10472800252D00D17EE1582D00D07BE120221343B6
:10473800102153E02A29DFD104CC0792D2430799EC
:10474800D2171140069A07910232D5E77A29DED1AD
:10475800802149000EE0069949786C29F8D1C022D9
:1047680092001343069A0232D2E7069949786829DB
:1047780002D080210B43CBE7C022F2E780218900D9
:10478800F8E728006238162800D94BE1FBF786FDC8
:104798001700850017004A014A014A014A0117001B
:1047A8004A014A014A014A014A01170035014A01F2
:1047B8004A01CA004A0117004A014A011700782D28
:1047C800B6D06F2D00D136E1622D00D135E110222F
:1047D8000A219343692D03D0642D01D00C22934301
:1047E8005A0501D501229343802292001A40692D6F
:1047F80001D0642D1AD1002A2DD1251DDA050CD53A
:1048080022680593079B04970393D30F0193D3174B
:10481800D21802915A40009215E02268580601D534
:10482800D2B2EEE71806ECD512B2EAE7002A12D1A6
:10483800251DD80521D50593079B0497039302915D
:104848000192236800933200089B0A990998FFF7A0
:10485800ECFD2C000600069B1878002800D0E2E644
:10486800089B32009E4200D35A1E0020089B0A99DA
:10487800099CA047300011B0F0BD2268580608D541
:10488800D2B20593079B04970393002302910193E7
:10489800C1E71806F5D592B2F3E702221A400C9246
:1048A8000222134229D001230793230001CB3200AF
:1048B8000B930A99089B751CC0B2099EB0470C9BC4
:1048C800002B2DD02A00079E22E0C0463144000864
:1048D8002020089B0A99099DA847079A531C07930B
:1048E8009B1BBB42F4D300239F4200D07B1EF618CB
:1048F8000223002FD8D07B1CD6E73200EEE7531CEA
:104908000C932020089B0A99099CA0470C9A013611
:10491800BE42F4D3079A0023974200D3BB1AED187E
:104928000B9C8BE6220002CA0C92079A0B91002A74
:1049380001D1012252420B990C008A1821780029D2
:1049480001D0A24214D10B9A1900A41A8022D200D5
:1049580011400D91134203D0079A944200D91400D4
:1049680002221A400E920222134216D1320009E0A6
:104978000134E3E7531C0F932020089B0A99099DF3
:10498800A8470F9AA31B9B189F42F3D80023A7425E
:1049980000D33B1B0134F6181C19350008E00793B7
:1049A8006B1C2A000F93099D089B0A99A8470F9D25
:1049B8000B9B9B1B585D002807D00D9B002BEFD04D
:1049C800079B079A013B002AE9D10E9B002B12D0C6
:1049D8002A0007E0531C07932020089B0A99099E88
:1049E800B047079A631BD318BB42F3D30023A742EF
:1049F80000D33B1BED180C9C20E6212213430593A2
:104A080008230493079B3200039310230293002387
:104A1800019308CC0A9900930998089BFFF705FDB4
:104A2800060018E732002800089B0A99099D771CA0
:104A3800A8473E000FE70821D0E60221CEE6C0468F
:104A48000FB41FB5012206A908C95242039100916B
:104A5800034802A9FFF7DAFD05B008BC04B01847FF
:104A68000746000800207047014B18607047C04691
:104A78000C0C002010B5024B1B68984710BDC046AF
:104A88000C0C002002000F2030B507490C78631C7D
:104A980003400648057800209D4203D004480B7067
:104AA8000255012030BDC0463813002039130020BC
:104AB800281300207047000010B572B6034800F0B4
:104AC8000FFD034800F00CFD62B610BDE40C002099
:104AD800380E002070B50D0019002D0200232800A3
:104AE800064C10436360231D1A0000F0ADFB2060E4
:104AF8006068002800D0200070BDC0463012002039
:104B08007A30084A01781378022907D102318B4399
:104B1800012B02D15278044B1A707047024A137065
:104B2800FBE7C046861200206412002070B504001E
:104B38000800052911D8FBF7A7FB5410115451039D
:104B480072B62D4800F08BFC62B672B62B4800F0A6
:104B580086FC62B60520FFF795FF70BD72B601218D
:104B68002000274A01F0A7FA04212000254A01F075
:104B7800A2FA254D20002B00B4331978234A01F0FE
:104B88009AFA2B00B53319782000214A01F093FADC
:104B98002B00B6331978002903D020001D4A01F0F4
:104BA8008AFA154800F066FC82239B00E95C200025
:104BB800194A01F080FA194B2000E95C184A01F003
:104BC8007AFA184BE95C002903D02000164A01F054
:104BD80072FA0A4800F04EFC62B6BEE70420FFF7FE
:104BE80051FF72B6044800F022FC62B672B6034860
:104BF80000F01DFCF0E7C046E40C0020380E002051
:104C0800A8830008CC830008100C0020540C002056
:104C1800780C00209C0C0020A80D00200902000040
:104C2800CC0D00200A020000F00D002070B5084CE1
:104C38000500E3680E00002B02D0200000F096FD6E
:104C4800330029002000034A00F03CFD70BDC04637
:104C580050120020614C000870B5040072B6037849
:104C6800042B01D062B670BD134B1B78DB09F9D158
:104C7800124D2B78002BF5D0114B1B78002BF1D05F
:104C880003899B0704D4082301210E4A01F069FA1D
:104C9800002328780C4A0021FBF7A0FC00230B4ACC
:104CA80080185941FA2200239200FBF777FC210073
:104CB8008000FFF7BBFFD5E7FC1200204C12002054
:104CC800B80E00206512002010270000E70300003E
:104CD800020070B57432117804000B007F20034085
:104CE800212B00D07AE0230049B27533002925DA58
:104CF800187802281CD0032810D0012800D06DE0B5
:104D080003331B78002B05D14B4AA2662022E266AA
:104D1800236770BD0023A366E366F9E723007833B1
:104D28001B88002B5AD10120444AE066A266EFE7AF
:104D38000120434BE066A3660023E9E71B780A2BB2
:104D480042D00B2B0ED0092B48D1230002217833F7
:104D58001B788B4342D13B4BE166A3663A4B01205B
:104D68002367D6E7230078331B88002B28D123003C
:104D780076331978354D0A00531E9A41D3B22F4A1B
:104D880013702A78DB01024013432B70002917D1D6
:104D98002B4B1A78002A13D072B62D4A18780023A4
:104DA800FBF71CFC00232B4A80185941FA220023E8
:104DB8009200FBF7F3FB21008000FFF737FF62B694
:104DC8000023A366E366CAE72300204977331A78ED
:104DD80009781B4BC9091A70F2D1DBE71E4B128800
:104DE8009A420BD01D4B1A00B6321278002A1ED1F7
:104DF8001B4A9B5C002B1AD100208AE723007933D9
:104E08001A78013B1B7812022100134322006068C4
:104E1800763277314568127820000978A84700284B
:104E2800EAD04368A3660368E366002397E7200097
:104E380000F036FB6DE7C04665120020B80E002072
:104E48004C12002086120020094B0008FC1200209A
:104E580010270000E703000081060000100C002066
:104E68000A02000070470000102210B50021044813
:104E7800FBF726FD0023034A1370034A137010BD85
:104E8800281300203813002039130020F8B50F2408
:104E9800012500200A4B0B4A1E780B4F13789E42BF
:104EA80003D1002800D01670F8BD1900795C0133D1
:104EB800280023400529F2D11370FFF735FAE8E7F7
:104EC800381300203913002028130020F8B51F4C90
:104ED8001F4B204AA365231DDA6723001E4F1F4A74
:104EE8001F4EA033050039001A60300000F060FA48
:104EF8003900300000F084FAD6231A4A5B00E250E9
:104F0800194A2833E250194A2033194EE250194CF5
:104F18003100200000F04CFA2000174C310000F05E
:104F28006FFAA36D154A16481340A36500F099FD62
:104F38002800144901F084F88023A26D1B02134352
:104F48000022A365104BDA60F8BDC046100C0020A3
:104F5800180C00202C0C0020C00C0020400C002055
:104F6800E40C00206C0D0020800D0020940D002022
:104F7800140E0020380E0020005C0040FF7FFFFF69
:104F8800983A0000F08300085012002070B5050020
:104F9800084C01F068F8A36D074A28001340A36580
:104FA800064901F04DF88023A26D1B021343A36547
:104FB80070BDC046005C0040FF7FFFFFF083000823
:104FC800014B18787047C0466412002070B5050080
:104FD80072B61C4C2378042B20D11B4A23891278E3
:104FE8007F2A1DD9194A1278002A19D0DB060BD45A
:104FF80020232A000421200001F0B3F820222900F0
:105008001348FBF709FC09E00121E36949425869A3
:105018000C3000F02FFD2378042BE9D062B670BD68
:105028009B0703D408232A000121E4E7012123690F
:10503800494258690C3000F01DFD2378042BEDD14E
:10504800F0E7C04680140020FC120020B80E0020B3
:105058006512002070B5050072B60C4C2378042B3D
:1050680001D062B670BD2389DB0607D5E3696421E8
:1050780058690C3000F0FEFC431CF2D006232A00CD
:105088000421200001F06DF8EBE7C04680140020F1
:1050980037B5040072B608480178042901D062B611
:1050A80037BD6D46032301AA6C71240A1370AC71D5
:1050B80001F057F8F3E7C04680140020030013B549
:1050C80072B608480178042901D062B613BD6C464F
:1050D80063711B0A01AAA3710323117001F041F83F
:1050E800F3E7C0468014002037B56B46D91D00236E
:1050F800074C087022789A4200D13233054802687A
:10510800D5690122A8474342434140B223703EBDBE
:105118009C120020E40C002010B5054888B00368F4
:1051280020221C6A69460023A04708B010BDC0466B
:10513800E40C00200A0010B5202907D18A2304496D
:105148009B00CB5801005B680248984710BDC046D9
:10515800100C0020380E00208A2310B5084A9B0046
:10516800D35888B01C6A2022002369460548A04706
:10517800002803D0C1B26846FDF709F908B010BD90
:10518800100C0020380E002010B5FFF72FF910BDC5
:10519800704710B5FFF7F8FF02F0E0F9FFF7F8FFE6
:1051A80010BD10B502F020FAFBF7DEFB10BD0000C1
:1051B80010B500F0FFFC00F053FAFDF779FDFFF79A
:1051C80053FE1C4C2000FFF781FEFA20400000F03F
:1051D80048FC1948FFF734FCFDF786FD1748FDF732
:1051E800CFFC1748FFF72CFCFFF750FE2378052B60
:1051F80009D11448FFF724FC2378052B0CD0FEF7BF
:105208007DFEFCF725FEFDF79FFDFFF785FFFFF705
:10521800A3FFFDF763FDE7E7FFF761F8FFF76BF81A
:105228000028E9D0200000F0AFFF2000FFF7AEFE15
:10523800E2E7C0468014002000840008BC0E00206D
:10524800118400082284000810B5040AE3B2032C74
:1052580010D0032B07D8012B23D0022B07D17B209A
:10526800114B136010BD212B0DD0222B12D0002022
:105278000300F6E7C0B20228F9D80C4B8100CB58DE
:105288000B49405CEDE70329F1D80A4B8900092056
:10529800CB58E6E70329EAD8074B8800C3580748E4
:1052A800EFE71220064BDCE75C840008288400083E
:1052B80034840008388400084884000858840008AA
:1052C800F984000813B5446BE36F1A681178042950
:1052D80015D1217A022912D1197901238B4012891B
:1052E8001A420CD1200001A9443000F075FD021EBD
:1052F80005D0E06F019B0179006800F032FF13BD13
:1053080010B50C3000F005FD10BD012310B50C30B0
:105318005B4200F0FEFC10BD10B5443000F0C7FD44
:1053280010BD012310B544305B4200F0C0FD10BD34
:1053380010B50C3000F0D5FC10BD012110B50C30B3
:10534800494200F0CEFC10BD10B5443000F091FD8C
:1053580010BD012210B54430524200F08AFD10BD44
:10536800C36F70B51A6804001178042901D00120B0
:1053780070BD017A0229FAD11979012352898B402B
:1053880015001D401A42F2D10C3000F05FFC021EDD
:10539800EDD0E06FA36A4179043B006800F0CEFECF
:1053A8002800E5E710B5406BFFF7DAFF10BD0000F5
:1053B8007FB50300040001260E4A0D0004C34360B4
:1053C8000D4B067202940193CB680C3000934B6925
:1053D8000A6A310000F015FC2000084B31000193E7
:1053E800AB68EA69009344302B69029400F0CEFC64
:1053F8007FBDC04660860008AD530008CD52000846
:105408000A6872B60B7909339B00D31858604B7938
:1054180011339B0098508B79002B03D009339B00E4
:10542800D31858600223C167037262B6704770B51B
:10543800040002210430022500F07EFB0126200032
:105448006D42290026750C3000F04DFB230020002A
:105458004C3329001E70443000F045FB70BD10B578
:1054680001210400043000F067FB002323754C344D
:10547800237010BD70B504000C3000F0DAFB002575
:1054880020002575443000F099FC23004C331D7032
:105498000121201D00F050FB2000FFF761FF70BDC7
:1054A800020060217432127803000A400020202A8A
:1054B80006D11A0075321278212A02D81F2A05D877
:1054C8007047222AFCD19866D86603E0034A9A6698
:1054D8000722DA6618670120F2E7C046D00E0020DE
:1054E800C36F73B51A680400117804292BD1017AA7
:1054F800022928D11979012312898B4016001E40F0
:105508001A4220D105004435280000F00FFD00287C
:1055180019D0280001A900F05FFCE36F05001A7E8E
:10552800002A09D001981A693100121A2818FBF7C5
:10553800C7F9E36F1B690193E06F2A000179019BAA
:10554800006800F00EFE73BD0B00F0B509339B0038
:10555800C3185E6804000D0085B0002E2CD072B60A
:105568000821301D00F0E8FA3300AF004433E71992
:105578000193FB685B691B68002B02D0019800F05F
:1055880037FC019803A900F027FC039B021E0ED1EB
:10559800FB685A691268002A0DD01B8A013B1A421F
:1055A80009D1F36F1B7E002B05D12200743229002C
:1055B800200000F0D6FD62B605B0F0BD11318900BB
:1055C80010B50C58002C15D072B60421201D00F01F
:1055D800B3FA2000E36F0C301A685B7902339B0042
:1055E800D3185B689B69596800F03AFB2000FFF705
:1055F800B7FE62B610BD7047024B034A1A60034AF1
:105608005A6070473C130020081500200040002015
:1056180070477047FEE70000F0B5082400250E4AE1
:105628005368166819009068884210D8DE1E002159
:10563800B04203D30330C11A890889005B18D168C6
:10564800994207D8013C1032002CE9D1F0BD80CE38
:1056580080C1E9E720C3F3E78886000830BFFDE78B
:1056680010B500F0F5F800F01FF8FFF7C5FF80222D
:105678000749084800F0BAF9074B18610123037479
:1056880000F076FA62B6054800F0D0F910BDC046C1
:105698000887000828140020001400201487000838
:1056A80010B500F09BF810BD044B054A5A619A6189
:1056B80001225242DA6100221A6270470014002067
:1056C80014140020F7B50361C2600C00050000F057
:1056D80094FA022C00D20224224E234A7369934280
:1056E80009D130627561B56120182B606B60AC60C0
:1056F80000F072FAF7BD376AC21BA418944226D28A
:1057080000218C46996801918A421AD8B9183162E9
:1057180015498B4202D001998A1A9A60381A2418BE
:1057280073699A68A24219D35A682B606A60156037
:105738005D60AC609A68141B9C6001235B42F36156
:10574800D8E70199521A614699601B68DAE79B68A5
:105758009C42E5D2381900F04CFAE1E71B68A41A1C
:10576800DFE7C046001400201414002070B5194D5E
:1057780003686A69184982420CD04268136003685A
:105788005A600022C2608B4203D0826899688A18E6
:105798009A6070BD00206B615960D0608B4202D165
:1057A80000F022FAF5E7996892682C6A8A189A60DC
:1057B80000F023FA6B69021B9B689342E9D9E4184D
:1057C800201A012800D8931C286A181800F011FA2A
:1057D800DFE7C0460014002014140020F7B51A4D66
:1057E8006C6900F00AFA2B6AA268184FC61AB2420E
:1057F80019D8A2682B6AB61A9B18E2682B62019224
:10580800002223685F606B61E260BB4201D100F057
:10581800EBF962B62069019B984772B66C69A36878
:10582800B342E6D9DDE76A69BA420BD091682862CB
:105838005B181B1A9360A368022B00D20223181866
:1058480000F0D7F9F7BDC04600140020141400205A
:105858000022024B1B605B609A60704700140020B6
:105868004B68016043601860486070470300006837
:1058780002681A60536070474268036813605A6090
:1058880070470000002382680374054B1B68996801
:105898009142FBD25A6803604260106058607047BA
:1058A8000014002010B5040072B6007C052807D843
:1058B800FAF7EAFC0C060603120E002263691A6066
:1058C80001235B4220006361FFF7DCFF62B610BD75
:1058D80062699368013393602000FFF7CDFFEFE71B
:1058E800002382680374054B1B6899689142FBD8B2
:1058F8005A680360426010605860704700140020C6
:10590800064B10B5196908741868026853601A6064
:10591800186101230374FAF78BFC10BD00140020F2
:1059280030B504000C4D87B04B1C11D02B690B4AC5
:1059380001A8FFF7C7FE2000FFF7E2FF049B002B3A
:1059480002D001A8FFF712FF2B69586907B030BDD4
:10595800FFF7D6FFF8E7C04600140020AD5800084E
:1059680070B504000A4DA368286961618268934292
:1059780003D82000FFF786FF70BDFFF7B1FF0123B2
:1059880001002C6120002374FAF752FCF4E7C046AA
:1059980000140020044B1A69196890688B689842B3
:1059A800804140427047C0460014002010B5084CA2
:1059B800236820691A6854602260012223611A74DE
:1059C800FFF78EFF01002069FAF732FC10BDC046D0
:1059D8000014002010B5FFF7DDFF002801D0FFF705
:1059E800E5FF10BD10B5FFF7E1FF10BD02230382EC
:1059F800002382600262C36183617047836802008A
:105A08001800116928384C3BC36019615169D26884
:105A180059610549196202230374002382604374A3
:105A28000262C361836170475902000810B572B6FB
:105A3800FFF7E4FF00210400FFF792FF62B62000A1
:105A480010BD000010B5034B1B6958610F20FFF70C
:105A580057FF10BD0014002010B572B6FFF7F2FF13
:105A680010BD10B5010072B60820FFF759FF62B6E5
:105A780010BD0000064B10B51B69002905D0036056
:105A880058610320FFF74CFF10BD01204042FBE79F
:105A9800001400200300006810B5002804D000227C
:105AA8001A604161FFF7EEFE10BD000010B50C1E34
:105AB80009D0064B01001869FFF7D2FE2100042027
:105AC800FFF72EFF10BD01204042FBE70014002025
:105AD800036810B50C00984204D0FFF7C7FE446174
:105AE800FFF7D0FE10BD70B504000D0023689C427E
:105AF80000D170BD2000FFF7B9FE4561FFF7C2FE77
:105B0800F4E70023006040608360704710B5836944
:105B18001943037C81610A2B03D143690B4206D1E7
:105B280010BD0B2BFCD1436919408B42F8D10023DF
:105B38004361FFF7A7FEF3E770B506000D000468A0
:105B4800B44200D170BDE3682B43E360002D02D05E
:105B580023692B4203D0A1686068FFF7D7FF246848
:105B6800EEE7EFF30983203383F3098862B67047C1
:105B7800024A0349136A0B401362704700ED00E0C4
:105B8800FFFF00FF10B50F300FD072B6EFF3098496
:105B9800203C84F3098880235B04E361FFF7FAFE65
:105BA800024B002800D1024BA36110BD6702000818
:105BB8006A02000810B500F0D1FD00F0F9FE00F00F
:105BC800D6F900F02AFAFFF7ECFA00F001F810BD58
:105BD80010B501F06DF910BD80230022DB05586374
:105BE8001A610232DA60704780230022DB05DA602E
:105BF80070478023DB05586370478023DB05586AAC
:105C0800704730B5039D01722C00002104335C43BA
:105C1800C361049B14190363059B0562006040601F
:105C2800C16042610261846142628162C162436310
:105C380030BD0023022110B5426AC360426102618F
:105C48008362C3624942FFF74EFF10BD0369426990
:105C5800934203D1C2680020824200D1181D7047C8
:105C6800036910B51960C2680132C260C2699B1825
:105C780082690361934201D3436A03610021FFF7FC
:105C880027FF10BD70B504000D00E368002B07D096
:105C980062690020131D1268A3629B18E36208E082
:105CA800237A002B06D129002000FFF7FFFE0028E9
:105CB800EBDA70BD02204042FBE7C368C269013BD2
:105CC800C360436910B59B1882694361934201D34D
:105CD800436A436100238362036B002B00D098471B
:105CE80010BD70B5040072B6836A002B06D1FFF7A9
:105CF800C9FF051E02D062B6280070BDA36AE26A19
:105D08001D780133A3629342F5D32000FFF7D5FF36
:105D1800F1E7F7B504000D000092019372B6002672
:105D2800A36A002B08D120000199FFF7ABFF0028D8
:105D380002D062B63000FEBDA16AE36A009A5B1A1F
:105D4800971B9F4200D91F00402F15D928004022D9
:105D5800FAF762FDA36A40354033A3624036A36A6E
:105D6800E26A934202D32000FFF7A7FF62B6009BC6
:105D78009E42DFD272B6D3E728003A00FAF74CFD0C
:105D8800A36AED19DB19A362F619E8E710B5029CBE
:105D98000172210004335943C36100238362C36243
:105DA800039B51180363049B00604060C460426118
:105DB8000261816104624262436310BD036A022189
:105DC800C360436A10B5436103610023494283629B
:105DD800C362FFF788FE10BD436902699A4203D186
:105DE800C2680020824202D1180008C80B607047C0
:105DF800C368C2690133C360436910B59B188269DF
:105E08004361934201D3436A43610021FFF760FE77
:105E180010BD70B504000D00E368002B07D023699E
:105E280000201A1DA262E2699B18E36208E0237A47
:105E3800002B06D129002000FFF738FE0028EBDAF6
:105E480070BD02204042FBE7036910B51960C268C3
:105E5800013AC260C2699B1882690361934201D307
:105E6800436A036100238362036B002B00D09847C9
:105E780010BD70B50D000400110072B6836A002BC6
:105E880005D1FFF7C6FF002801D062B670BDA36A2E
:105E98001D70A36AE26A0133A362934204D3E369E3
:105EA8002000191FFFF7D0FF62B60020EEE7F7B514
:105EB80004000D000092019372B60026A36A002B1D
:105EC80008D120000199FFF7A4FF002802D062B68C
:105ED8003000FEBDA06AE36A009A1B1A971B9F4216
:105EE80000D91F00402F17D929004022FAF794FC47
:105EF800A36A40354033A3624036A36AE26A9342FC
:105F080004D3E3692000191FFFF79EFF62B6009BC8
:105F18009E42DDD272B6D1E729003A00FAF77CFC3E
:105F2800A36AED19DB19A362F619E6E70300026913
:105F38005969002010B58A4218D1D968814215D014
:105F4800996A814212D004398C1A91420ED0146099
:105F5800D9680139D960D969521899691A618A4290
:105F680001D35A6A1A61002201209A6210BD10B545
:105F780000F07CFE10BD012310B5037000234360C0
:105F88000C30FFF7BEFD10BD10B5040072B64160BD
:105F980000F07CFE0223237062B610BD1FB504001A
:105FA80072B60020A060033020700898029007980D
:105FB800019006980090200000F014FF0223421C74
:105FC80000D10333237062B604B010BD13B50400CA
:105FD80072B60020A0600430207004980090200061
:105FE80000F0ACFE0223421C00D10333237062B6DA
:105FF80016BD0200030010B50400763212787E3315
:106008001A7001F0EBF863681B68002B02D00121BD
:10601800200098470323237010BD10B501F0BAF88B
:1060280010BD012302000100037000232C324360DD
:1060380048311360D36104328A42FAD183607047D1
:1060480010B5040072B600234160C3600361436168
:106058008361C36103624362836201F05DF90223D5
:10606800237062B610BD70B5040072B601F09AF8DC
:106078000023250002266360013323700C352C347D
:1060880076422B68002B0ED05869002803D03100C7
:106098000C30FFF7FFFC2B689869002803D031000B
:1060A8000C30FFF7F7FC002308C5A542E9D1FFF73C
:1060B80091FC62B670BD8B1C9B0070B5C3180500BF
:1060C80050690E0014005A60002803D014220021E1
:1060D800FAF7F6FBA069002803D014220021FAF78A
:1060E800EFFB3100280001F083F870BDF8B505001A
:1060F80007000226040082680F4B103513408360A6
:106108002C3776422B68002B0ED05869002803D014
:1061180031000C30FFF7BEFC2B689869002803D0CB
:1061280031000C30FFF7B6FC002308C5BD42E9D1A9
:10613800200001F013F9F8BD0100010070B5012538
:106148008D4044892C4344818C1CA4000419646844
:10615800A46923600023A2606360E36001F050F942
:1061680070BD70B501258D4004892C4304818C1CB9
:10617800A40004196468646923600023A260636052
:10618800E36001F063F970BD037870B5052B0AD19F
:106198001025054C1420236C2B432364FFF761FC66
:1061A800236CAB43236470BD005C00400223F7B549
:1061B80003700023C36783600300050002270400FF
:1061C8002C330C3501937F422B68002B11D072B60B
:1061D8002B685869002803D039000C30FFF75AFCA7
:1061E8002B689869002803D039000C30FFF752FC5F
:1061F80062B60026019B40C59D42E5D12300643369
:106208001E70200001F06AF863681B68B34202D070
:10621800310020009847F7BD03000278803370B53D
:106228001A7005230370436804001B68002B01D013
:1062380004219847250000230226A3600C352C343E
:1062480076422B68002B11D072B62B68586900284B
:1062580003D031000C30FFF71DFC2B68986900282B
:1062680003D031000C30FFF715FC62B60435A542A7
:10627800E7D170BD030010B580331B780370436805
:106288001B68002B01D00521984710BDF7B5060003
:10629800643633780400002B01D0002333702700C4
:1062A80074373A002000019701F094F863689B68FE
:1062B800002B18D1019B1A78602315001D401A4243
:1062C80033D00021200001F0F9F80021200001F06E
:1062D800E1F863681B68002B02D00621200098476C
:1062E80006233370F7BD200098470028E2D023002A
:1062F8007B331A78013B1B7812021343E26E9A42F1
:1063080000D9E366019BE16E1B787F2B00D808E17A
:10631800002900D1FBE00923337072B60021E36E37
:10632800A26E2000FFF71DFFF9E023007F217533DF
:106338001B780A401B021343814A934200D1CEE0E6
:1063480026D880225200934259D00DD8012B50D024
:10635800022B00D194E0002BB3D122007C32A2663C
:106368000222E2662367C2E781225200934200D1EB
:106378009DE0FF32FF329342A3D1230076331B788E
:10638800012B9ED122007C32118801330B4341E05E
:1063980080221201934246D023D8A022D2009342F1
:1063A8003DD0684A9B18012B00D98AE723002200B8
:1063B80079331B78783212781B02210013432200AC
:1063C80060687632406877310700127820000978D3
:1063D800B847002800D174E74368A3660368E366FA
:1063E8001BE090221201934222D0574A934200D0D8
:1063F80067E7564BA3660223E3660023B2E7230050
:1064080076331B78012B00D05BE7220002217C3217
:1064180013888B431380A566E566256767E74C4BB1
:10642800A566E5669EE723007F33A3660123D6E7CA
:106438002378042B0FD172B62000FFF757FE62B6FF
:10644800230003217F331D70636821701B68002BB4
:1064580001D020009847230076331B78002B0BD0FF
:1064680022007F3213700423237063681B68002B9B
:1064780002D00221200098470023A366E36671E753
:1064880023000F2178331B78200019405BB2002BC2
:106498000ADA00F08DFF012804D0022800D010E7A6
:1064A8002C4BA7E72C4BA5E700F06CFFF3E7230084
:1064B80076331B78002B00D003E7230078331B7852
:1064C8000F22190011401342D6D05BB22000002BD6
:1064D80002DA01F01BF8CFE701F002F8CCE723005D
:1064E80076331B78002B00D0EBE6230078331B783B
:1064F8000F22190011401342BED05BB22000002BBE
:1065080002DA00F0DBFFB7E700F0C4FFB4E71423BA
:10651800337072B60B000A002000FFF70FFE62B658
:10652800E0E6002906D01523337072B60021E36E29
:10653800A26EF1E70B23337072B60B000A00F0E687
:106548000203000000FAFFFF020C00003087000879
:10655800FB5F00082C8700082E87000870B505002F
:1065680064350400287800283BD00638C3B20F2BC6
:106578002FD80F282DD8F9F787FE342C2C08222D78
:106588002C2C2C2C2C2C2C2C343423007B331A78D8
:10659800013B1B78E06E1202134398420FD2E36866
:1065A800198AF9F70BFF002909D172B60B000A0006
:1065B8002000FFF7D6FD62B60A232B7009E01423EA
:1065C8002B7072B6002320001A001900FFF7B6FDE1
:1065D80062B670BD236F002B01D0200098470023BE
:1065E800EBE70021200000F069FF0021200000F007
:1065F80051FF63681B68002B02D0062120009847D2
:106608000623DAE770B5050064352B780400142BEF
:1066180026D019D8062B06D002D8002B03D070BD7F
:10662800093B022BFBD80021200000F047FF002186
:10663800200000F02FFF63681B68002B02D00621A2
:1066480020009847062315E0152BE8D10A3B2B704C
:1066580072B600231A001900FFF783FD62B6DEE761
:10666800C3689B695B68002BD9D1036F002B00D0EE
:10667800984700232B70D2E70322F0B5FF26C025E8
:106688000240D2009640890191400A4F83089B003E
:10669800DB19AD005C591F22B4430C435C51012344
:1066A80002409340C02240098000C0195200835024
:1066B8000360F0BD00E100E01F21012201408A4093
:1066C8004309094920339B0010B55A5083089B00A1
:1066D8005B18032108408840C024FC318140A40095
:1066E8001A598A431A5110BD00E100E010B5032180
:1066F8000520FFF7C1FF03210620FFF7BDFF032197
:106708000720FFF7B9FF10BD10B57446044800F024
:1067180027F9044800F024F92000FFF733FA10BDE8
:10672800448700085487000810B57446074800F0ED
:1067380017F9074800F014F9064800F011F906485F
:1067480000F00EF92000FFF71DFA10BD648700085D
:10675800748700088487000894870008234B244A1C
:10676800996A10B50A43FC219A629A6AC9030A40D9
:106778009A629A6A1A690122002152421A611A69B8
:1067880019611A69D8681B4A02438020DA60DA68FE
:10679800C0030240DA60DA688022D86952050243F1
:1067A800DA61DA69802214485200046822430260E0
:1067B800C0201A6A800002400138FF38824203D0A4
:1067C800802252021A6219628022196A1202114248
:1067D80007D18021186A890001431962196A0A439E
:1067E8001A6200F05DF8FFF781FF10BD001002404B
:1067F800FFFF81FFFFFFBFFF007000400122264B13
:1068080019680A431A60022219681142FCD0032150
:106818005A688A435A600C2259680800104011428D
:10682800FAD1F9211A680A401A6001225860596B96
:106838000A435A630222596B1142FCD00122596A59
:106848000A435A620222596A1142FCD0A02100224E
:106858008903DA6259601A638022196852040A436C
:106868001A608022920419681142FCD011210B4A47
:106878001160103910680842FCD0022259680A4396
:106888000C215A605A680A40082AFBD19969073ACC
:106898000A439A619B697047001002400020024039
:1068A800002301220848094910B5036043604C6879
:1068B80010312360D40001320351082AF7D1044B68
:1068C800093A5A6010BDC046A0120020348700085B
:1068D80000000240F7B50024019100921900062833
:1068E80035D81C4B01271C688740A4466546002400
:1068F8003D422CD105010130C000C250181841603A
:1069080060460121384318601348144E42697419CF
:106918000A4342614269009A002A0BD05B68A26868
:106928001A4203D1E07B0199FFF7A6FE094B5A688A
:1069380017435F600F2071194B68497B1A688243BF
:106948001A600E228A407059426000221A602000A4
:10695800FEBDC046A0120020001002403487000887
:1069680010B50268447B11680E23E1401940436862
:106978001B6819420CD0837B0800A040013350608B
:10698800044ADB009C58002C02D0D3185868A04752
:1069980010BDC046A012002010B574460348FFF78A
:1069A800DFFF2000FFF7EEF810BDC046348700086F
:1069B8007047F0B51300032501278BB02B400593D2
:1069C80093083B400193D3082B400F2602935309A9
:1069D8002B409C460023D2093240059C079206971B
:1069E80008950996069A11422ED00726069F1E4042
:1069F8009F40079DB200039295404268019EBA43AA
:106A08003243089E5F00BE403700F643426082680A
:106A18000496029EBA43324366468260C268BA430D
:106A28003243C260039E099AB240059ED243022EA9
:106A38001DD1072B16D8066A32402A430262026823
:106A4800049D2A4022430260490821D0019AA400EB
:106A580052000192029A0133920002926246920019
:106A68009446BFE7466A32402A434262E7E706682F
:106A7800049F3E4026430660072B04D8066A32402E
:106A88002A430262E0E7466A32402A434262DBE771
:106A98000BB0F0BD836A10B55B6800245B68016BBE
:106AA800FF2B02D98024FF23640440681B048068FC
:106AB8004A68034304480240134380222343D20018
:106AC80013434B6010BDC046FFFF00FEC36A30B5DC
:106AD8005B6800245A68016BFF2A02D98024FF22D0
:106AE800640440684B68044D80682B40034323438B
:106AF800120413434B6030BDFFFF00FEFC22F8B5C3
:106B0800584C9201256B7646AB69EB6113423AD03B
:106B18000F25E26A50680168A9430160507B11683B
:106B28000E22170087404F60A16A4F683868A84353
:106B380038600868497B8A404260DA0503D501223B
:106B4800A1680A43A2609A0503D50222A1680A43F4
:106B5800A2605A0503D50822A1680A43A260A26868
:106B6800DB040AD520231343A36072B602214942ED
:106B78003D48FEF78FFF62B601E0002AF5D13000EC
:106B8800FFF700F8F8BDFE221342F8D0DA0622D546
:106B98000F20E36A59680A6882430A60597B1A68B9
:106BA8000E231F008F405760A26A576839688143D7
:106BB80039601168527B93404B600423A2681343E9
:106BC800A36080236A68DB01134346226B602B684D
:106BD80093432B60C9E71A0609D523782000032BB5
:106BE80002D1FFF773FFCAE7FFF754FFC7E75B0659
:106BF800C5D5A36A21780F205A6803291DD1E36AF5
:106C08005F68396881433960587B19680E2383406F
:106C18004B605368002B18D02000FFF73BFFA36A96
:106C28005A68012311680B43136080236A689B012B
:106C380013436B6004232370A1E71168814311603B
:106C4800597B1A680E238B40536080236A68DB01E6
:106C5800134340226B602B6893432B6072B600216C
:106C680086E7C0464C1400206814002010B5054C77
:106C78002000FFF780F90023034AE3612263A3623F
:106C8800E36210BD4C14002000540040012270B58E
:106C9800056B04002B6893432B60037893422FD134
:106CA8009A234362103B0362204B984228D18022EA
:106CB8001F4B920319691F48114319611969014053
:106CC80019611969D96906200A43DA61032100228A
:106CD800DB692300FFF7FEFD230000220321A062E9
:106CE8000520FFF7F7FD8023226A5B011A43226221
:106CF800626AE0621343032117206362FFF7BCFC5A
:106D08002A00A36A24325B689A60E36A04325B68EB
:106D18009A606268084B51680B432B6013682B61BB
:106D280001232A6813432B6070BDC0464C14002011
:106D380000100240FFFFDFFF90C00000F7B50E0013
:106D480000210400056B816062B6816A006A4968A7
:106D5800FA270860CA604B60FEF74FFF7F0001907A
:106D680072B68022AB691202134207D0FEF745FFC4
:106D7800019BC01AB84232D262B6F1E76268236B4F
:106D88009268120500D4760020005E60FFF782FE4C
:106D9800A36A20005A68012311681C300B43136052
:106DA80040232A68089913432B6080236A689B0153
:106DB80013436B60FEF75EFE431C0FD180236A68A5
:106DC800DB0113436B60A36A0F2459680A68A24366
:106DD8000A60597B1A680E238B405360FEBD012060
:106DE8004042FBE7F7B50E0000210400056B816007
:106DF80062B6C16A406A4968FA270860CA604B608F
:106E0800A36A226A5B687F001A60089ADA60099AA6
:106E18005A60FEF7F2FE019072B68022AB69120248
:106E2800134207D0FEF7E9FE019BC01AB8423CD2D4
:106E380062B6F1E76268236B9268120500D47600A7
:106E480020005E60FFF742FEE36A20005A680123D3
:106E580011681C300B43136040232A680A991343B6
:106E68002B6080236A689B0113436B60FEF702FE68
:106E7800431C19D180236A68DB0113436B600F251B
:106E8800A36A59680A68AA430A60597B1A680E23DC
:106E98001E008E405660E26A54682168A94321604A
:106EA8001168527B93404B60FEBD01204042FBE7D6
:106EB80001220E4B10B5D9690F201143D9610C4935
:106EC800DB698B6813438B6080230A49DB05996271
:106ED80001214942D962002199615963D9605960F9
:106EE8005A6102311A60FFF7C7FB10BD001002405B
:106EF80000580140BF1200008022D2051369D168F2
:106F080010B50B40D9B2C94311619B0703D572B6BE
:106F1800FEF7C6FB62B610BD10B57446FFF7ECFF6E
:106F28002000FEF72FFE10BD0B4B30B51B6D0B4C30
:106F3800C0001B19C018038889181B1994B2448013
:106F48008C1A002A00DC30BD6078257800022843BE
:106F58001880023A0233F3E7005C0040006000400A
:106F68007346F0B5804C87B0656C05936B0504D506
:106F78007E4B7F486364FFF719F92B0508D5082372
:106F8800226C7B48134323647A4B6364FFF744F90C
:106F9800EB040BD5A36C1B0406D40822236C74489D
:106FA80093432364FFF766F9734B6364AB0507D516
:106FB8006F484368DB68002B00D098476F4B6364C9
:106FC80080231B021D4204D10598FEF7DBFD07B0A4
:106FD800F0BD0F27644B2F40BD00ED182B68644EA1
:106FE8000293BB1C9B00F3185B680193029B1B0672
:106FF80026D52A686249019B0A4080215B690902FB
:107008000A432A601A69186894465A6819686244DB
:107018005A60801A91422DD0019A128A824200D970
:10702800020099681A6161449960F8B2FFF77CFF21
:107038002A68544B1A4030235A40534B13432B6051
:107048008022029B1202134212D02B684C4A1A402B
:10705800802313432B60FBB29C46029B1B0521D562
:107068004348BB1C9B00C3185B6861465B68984734
:10707800656CA5E70122BA40338993433381019BAC
:107088009B68002B02D03000F9B2984772B6BB1C3F
:107098009B00F6187368002158690C30FEF7FAFC5B
:1070A80062B6CDE7019B39489A69F9009368039362
:1070B800236D1B185B18998809180491DB880291C5
:1070C8009B059B0D19000398012938D80499039E44
:1070D8005808400009183618834201D009883170D1
:1070E8009168C91891605168C91851601168C91A26
:1070F8001160118A013989B21182019A528A9A4221
:1071080001D8002926D10122BA40194DBE1C6B892D
:1071180093436B81B300EB185B68DB68002B02D0EC
:1071280061462800984772B6B600AD196B689B692E
:10713800180059680C30FEF7ADFC62B698E7029E5D
:10714800023936880670360A4670029E02300236C8
:107158000296B9E72A680E4B1A40C0239B015A4091
:10716800094B13432B6083E7005C0040FFFBFFFFE4
:1071780080140020FFF7FFFFFFEFFFFFFFFDFFFF79
:107188000F07FFFFBF87FFFF8080000000600040FF
:107198008FB7FFFF10B50248FEF743FF10BDC0468A
:1071A80080140020037810B5012B0ED0074B9842AD
:1071B8000BD11F20FFF780FA0322054B05491A64FB
:1071C800054BDA690A40DA61DB6910BD80140020DA
:1071D800005C0040FFFF7FFF0010024080227E30ED
:1071E80003781343014AD3647047C046005C0040EB
:1071F8008B1C9B00C318F7B55C68032322681340F7
:10720800032B56D05A4253415B022E4A2E4E126D22
:10721800CD009219AD186269002A13D00700002228
:1072280008376A80FA6F0192228A01321600012219
:1072380096433200019E9219FA676A469688202280
:107248002E801343A269002A18D0648A661E3E2C39
:1072580032D91F2232430132521196021B4A32435D
:10726800012692B20830EA800134C26FB443A418F0
:1072780092B2C467AA8080229201134311488A00FF
:10728800121880201468C001044200D00343402033
:107298001468044200D003430D48194301400D48C7
:1072A8000D4C01431160116823404B4003431360A8
:1072B800F7BDC023DB00A8E7012232430132521098
:1072C8009202CDE7005C0040006000400080FFFFB4
:1072D8000F07FFFF808000007078000000218023E6
:1072E8000B4A10B511655164D3644368DB685C428E
:1072F80063419E245B4224025B021B191364030052
:1073080040220833DA67034BC360FFF771FF10BDF3
:10731800005C0040A4870008017870B504000129CA
:1073280014D10B4B98420ED180220A4B1204D86913
:10733800094D0243DA61DB691F2029640231FFF736
:107348009BF900232B642000FFF7C8FF70BDC046DF
:107358008014002000100240005C004040230122FD
:107368000830C3670548064993005B18196801325D
:10737800014319601860082AF5D170478080000021
:10738800005C0040084B8900C958C0220B009201DC
:1073980013401800114205D0044A9B181800431ED8
:1073A800984101307047C046005C004000F0FFFF84
:1073B800074B8900C95830220B00134018001142AE
:1073C80004D0103B1800431E984101307047C04656
:1073D800005C0040084B09481B6DC9001B18C91800
:1073E8008B881B181000083019880233118002326C
:1073F8009042F9D17047C046005C004000600040F0
:107408008B1C9B00C018426870B595690C002868F1
:107418000123002805D0518A40180138F8F748FFA1
:1074280083B22B82064BA400E4182268054B1A404D
:10743800C0239B015A40044B1343236070BDC046D0
:10744800005C00408FB7FFFF808000008B1C9B0012
:1074580010B5C01842680C005369128A19688A422C
:1074680000D90A00200099681A61FFF75DFD064BF4
:10747800A400E4182268054B1A4030235A40044BF4
:107488001343236010BDC046005C0040BF87FFFF68
:1074980080800000064B8900C9180A68054B1A400D
:1074A80080235B015A40044B13430B607047C0466E
:1074B800005C00408FB7FFFF80800000054B89000B
:1074C800C9180A68044B1A4010235A40034B134347
:1074D8000B607047005C0040BF87FFFF80800000A2
:1074E800C022074B8900C9180B68920113409342C8
:1074F80005D00B68034A1A40034B13430B607047CF
:10750800005C0040BF87FFFF80A000003022084BCE
:107518008900C9180B681340934207D00A68054BC5
:107528001A4020235A40044B13430B607047C0464F
:10753800005C0040BF87FFFF808000004B6843600D
:107548008B688360CB68C3600B6943614B690362D6
:107558008B6943620B68036070470000FC22154B7F
:10756800D203996A10B511439962996A1248014089
:1075780090209962996A5969C0050A435A610F496E
:107588005B69FFF7DBFF0E490E48FFF7D7FF0E498F
:107598000E48FFF7D3FF0E490E48FFF7CFFF0E49FD
:1075A8000E48FFF7CBFF0E490E48FFF7C7FFFFF75E
:1075B80025F910BD00100240FFFF81FFC8870008B1
:1075C800E487000800040048008800080008004814
:1075D8001C880008000C0048388800080010004883
:0A75E80054880008001400487047A2
:0475F400F8B5C046E0
:0475F800F8B5C046DC
:1075FC000020202020202020202028282828282077
:10760C00202020202020202020202020202020206E
:10761C0020881010101010101010101010101010D6
:10762C0010040404040404040404041010101010C6
:10763C001010414141414141010101010101010190
:10764C0001010101010101010101010110101010E2
:10765C001010424242424242020202020202020262
:10766C0002020202020202020202020210101010B6
:10767C0020000000000000000000000000000000DE
:10768C0000000000000000000000000000000000EE
:10769C0000000000000000000000000000000000DE
:1076AC0000000000000000000000000000000000CE
:1076BC0000000000000000000000000000000000BE
:1076CC0000000000000000000000000000000000AE
:1076DC00000000000000000000000000000000009E
:1076EC00000000000000000000000000000000008E
:1076FC00000035021E001F00200021002200230084
:10770C0024002500260027002D002E004C004900E7
:10771C004A004B002B0014001A000800150017003B
:10772C001C0018000C00120013002F003000310058
:10773C004C004D004E0039000400160007000900F3
:10774C000A000B000D000E000F003300340028005F
:10775C002A00000000000000E1001D001B000600D4
:10776C001900050005001100100036003700380024
:10777C00E500E700000052000000E0000000E2001D
:10778C0000002C00015100002C000000E60000005D
:10779C000000E4000000500051004F0001003A00CE
:1077AC003B003C003D003E003F00400041004200D9
:1077BC0043004400450001000100010001000100EC
:1077CC0001000100010001000100010001000100A5
:1077DC000100010001000100010001000100010095
:1077EC000100010001000100010001000100010085
:1077FC000100010001000100010001000000000077
:10780C000000010001000100010001000100010065
:10781C000100010001000100010001000100000055
:10782C000100000001000000010000000100010047
:10783C000000010000000100000000000100000039
:10784C000100010001000100010001000100010024
:10785C000100010001000100010001000100010014
:10786C000100010001000100010001000100010004
:10787C0001000100010001000100010001000100F4
:10788C0001000100010001000100010001000100E4
:10789C0001000100010001000100010001000100D4
:1078AC0001000100010000000000000001000100C7
:1078BC0001000100010001000100010001000100B4
:1078CC0001000100010001000000010000000100A6
:1078DC000000010000000100010000000100000098
:1078EC000100000000000100000001000100010087
:1078FC000100010001000100010001000100010074
:10790C000100010001000100010001000100010063
:10791C000100010001000100010001000100010053
:10792C000100010001000100010001000100010043
:10793C000100010001000100010001000100010033
:10794C000100010001000100010001000100010023
:10795C000000000000000100010001000100010016
:10796C000100010001000100010001000100010003
:10797C0001000000010000000100000001000000F7
:10798C0001000100000001000000010000000000E7
:10799C000100000001000100010044454255473A36
:1079AC0020656E61626C65642E0A00444542554741
:1079BC003A2064697361626C65642E0A00000000F1
:1079CC0000000000000000000000000000000000AB
:1079DC00000000000000000000000000000000009B
:1079EC0000000000002A2B2800000000000000000E
:1079FC00000000000000000029000000002C1E34D4
:107A0C0020212224342627252E362D3738271E1FD9
:107A1C00202122232425263333362E37381F040504
:107A2C00060708090A0B0C0D0E0F10111213141572
:107A3C00161718191A1B1C1D2F3130232D35040550
:107A4C00060708090A0B0C0D0E0F10111213141552
:107A5C00161718191A1B1C1D2F3130354C0000003D
:107A6C00007E0F00D4FFFFFFC70000007800E2008B
:107A7C00E900EA00B500B600B700CD008301CC00E8
:107A8C008A0192019401210223022402250226027A
:107A9C0027022A02B300B4006F0070000A722F6331
:107AAC00203031323334353637383941424344454E
:107ABC004630313233343536373839414243444518
:107ACC00460A002530325800253033326C620000F3
:107ADC0009000048080000480F0400480E04004844
:107AEC000D0400480C040048000000480B0400483A
:107AFC000A0400480204004801040048000400483D
:107B0C000700004806000048050000480400004833
:107B1C00030000480F0000480E0000480100004818
:107B2C0003040048040400480A092D204D6F7573A6
:107B3C00656B6579202D0A4553432F713A09717590
:107B4C0069740A313A0964656C6179282A31306D9F
:107B5C0073290A323A09696E74657276616C286D04
:107B6C0073290A333A096D61785F73706565640A2D
:107B7C00343A0974696D655F746F5F6D61780A35AD
:107B8C003A09776865656C5F6D61785F73706565E0
:107B9C00640A363A09776865656C5F74696D655F70
:107BAC00746F5F6D61780A0A703A097072696E744D
:107BBC002076616C7565730A643A09736574206488
:107BCC00656661756C74730A75703A092B310A64B9
:107BDC006F776E3A092D310A706775703A092B313F
:107BEC00300A7067646F776E3A092D31300A0A7368
:107BFC0070656564203D2064656C7461202A206D7D
:107C0C0061785F7370656564202A202872657065E1
:107C1C006174202F2074696D655F746F5F6D61787E
:107C2C00290A0077686572652064656C74613A2076
:107C3C00637572736F723D25642C20776865656C73
:107C4C003D25640A53656520687474703A2F2F655E
:107C5C006E2E77696B6970656469612E6F72672F20
:107C6C0077696B692F4D6F7573655F6B6579730AF7
:107C7C00006D6B5F64656C6179203D2025640A00A2
:107C8C006D6B5F696E74657276616C203D20256446
:107C9C000A006D6B5F6D61785F7370656564203D84
:107CAC002025640A006D6B5F74696D655F746F5F8E
:107CBC006D6178203D2025640A006D6B5F776865E7
:107CCC00656C5F6D61785F7370656564203D202520
:107CDC00640A006D6B5F776865656C5F74696D65D0
:107CEC005F746F5F6D6178203D2025640A004C2520
:107CFC00640A006565636F6E6669673A0A006465BD
:107D0C006661756C745F6C617965723A20002575DB
:107D1C000064656275675F636F6E6669672E72617A
:107D2C00773A20002E656E61626C653A20002E6DEC
:107D3C0061747269783A20002E6B6579626F61729A
:107D4C00643A20002E6D6F7573653A20006B65796F
:107D5C006D61705F636F6E6669672E7261773A2032
:107D6C00002E737761705F636F6E74726F6C5F63FC
:107D7C006170736C6F636B3A20002E636170736C6F
:107D8C006F636B5F746F5F636F6E74726F6C3A20AE
:107D9C00002E737761705F6C63746C5F6C677569D0
:107DAC003A20002E737761705F7263746C5F726738
:107DBC0075693A20002E737761705F6C616C745F2B
:107DCC006C6775693A20002E737761705F72616C15
:107DDC00745F726775693A20002E6E6F5F67756904
:107DEC003A20002E737761705F67726176655F650C
:107DFC0073633A20002E737761705F6261636B73FB
:107E0C006C6173685F6261636B73706163653A2068
:107E1C00002E6E6B726F3A2000436C656172696E56
:107E2C006720454550524F4D0A000A092D204D61DF
:107E3C00676963202D0A443A094465627567204DD1
:107E4C0065737361676520546F67676C650A583A90
:107E5C00094D6174726978204465627567204D6FB5
:107E6C00646520546F67676C65202D2053686F77AD
:107E7C00206B65797072657373657320696E206D04
:107E8C00617472697820677269640A4B3A094B65B0
:107E9C0079626F61726420446562756720546F6704
:107EAC00676C65202D2053686F77206B6579707235
:107EBC00657373207265706F72740A4D3A0944656C
:107ECC00627567204D6F75736520546F67676C65BD
:107EDC000A563A0956657273696F6E0A533A09531A
:107EEC0074617475730A433A0941637469766174F9
:107EFC006520436F6E736F6C65204D6F64650A4629
:107F0C00312D4631303A0953776974636820746FA8
:107F1C00204C6179657220302D3920284631302073
:107F2C003D204C30290A302D393A09537769746356
:107F3C006820746F204C6179657220302D390A47A6
:107F4C00524156453A0953776974636820746F201F
:107F5C004C6179657220302028616C7465726E6199
:107F6C007465290A423A094A756D7020746F204273
:107F7C006F6F746C6F616465720A4553433A094ABA
:107F8C00756D7020746F20426F6F746C6F616465D7
:107F9C00722028616C7465726E617465290A453AA9
:107FAC00095072696E7420454550524F4D205365EF
:107FBC007474696E67730A4253504143453A0943DE
:107FCC006C65617220454550524F4D0A4E3A094E30
:107FDC004B524F20546F67676C650A000A092D20BD
:107FEC00436F6E736F6C65202D0A4553432F713AA6
:107FFC0009717569740A6D3A096D6F7573656B65F6
:10800C00790A00433E20000A0A4A756D70696E6752
:10801C0020746F20626F6F746C6F616465722E2EAA
:10802C002E20000A64656275673A206F6E0A000A9A
:10803C0064656275673A206F66660A000A6D617442
:10804C007269783A206F6E0A000A6D6174726978F1
:10805C003A206F66660A000A6B6579626F6172641A
:10806C003A206F6E0A000A6B6579626F6172643A2E
:10807C00206F66660A000A6D6F7573653A206F6E25
:10808C000A000A6D6F7573653A206F66660A000AFE
:10809C00092D2056657273696F6E202D0A005649A2
:1080AC00443A203078353834352858656C75732946
:1080BC00205049443A203078343635342858656C91
:1080CC0075732056616C6F722046524C20544B4C89
:1080DC0029205645523A203078303030310A00424F
:1080EC0055494C443A2020284A756C2031332032B3
:1080FC00303231290A0043484942494F533A202231
:10810C00627265616B696E675F323032315F7131FB
:10811C00222C20434F4E545249423A20226272651F
:10812C00616B696E675F323032315F7131220A00E8
:10813C004F5054494F4E533A204D4F5553454B4594
:10814C00592045585452414B455920434F4E534F9B
:10815C004C4520434F4D4D414E44204E4B524F20E9
:10816C00424F4F544C4F414445525F53495A450A74
:10817C00004743433A20392E322E310A000A092D8A
:10818C0020537461747573202D0A00686F73745FCB
:10819C006B6579626F6172645F6C65647328293AF0
:1081AC002025580A006B6579626F6172645F70728A
:1081BC006F746F636F6C3A2025580A006B65796297
:1081CC006F6172645F69646C653A2025580A006BB4
:1081DC0065796D61705F636F6E6669672E6E6B7229
:1081EC006F3A2025580A0074696D65725F7265617B
:1081FC0064333228293A202530346C580A004E4B0F
:10820C00524F3A206F6E0A004E4B524F3A206F6617
:10821C00660A003F004D3E20000A092D2056616C75
:10822C00756573202D0A00313A2064656C617928DC
:10823C002A31306D73293A2000323A20696E746508
:10824C007276616C286D73293A2000333A206D6187
:10825C00785F73706565643A2000343A2074696DF8
:10826C00655F746F5F6D61783A2000353A207768EE
:10827C0065656C5F6D61785F73706565643A20004D
:10828C00363A20776865656C5F74696D655F746FED
:10829C005F6D61783A200073657420646566617562
:1082AC006C740A004D25643E20004D3E0001020313
:1082BC00040506070809006D6F7573656B657920F9
:1082CC005B62746E7C782079207620685D287265FC
:1082DC00702F61636C293A205B007C002564005D83
:1082EC0028002F00090331000000000000000000EE
:1082FC006B6579626F6172645F7265706F72743AEC
:10830C0020002530325820006B6579626F617264F1
:10831C005F7365745F6C65643A200000E200E900ED
:10832C00EA00B500B600B700CD008301CC008A018D
:10833C009201940121022302240225022602270223
:10834C002A02B300B4006F0070004F6E6573686F43
:10835C00743A206163746976653A2025640A006179
:10836C0064645F6B65795F6269743A2063616E2740
:10837C0074206164643A20253032580A0064656CBC
:10838C005F6B65795F6269743A2063616E27742054
:10839C0064656C3A20253032580A00000300000056
:1083AC0000000000BD4A00080000000008000000AA
:1083BC003812002000000000020000000000000045
:1083CC0003000000000000006D4E000800000000DB
:1083DC0020000000881200200000000002000000B5
:1083EC0000000000354B0008DD4A0008D94C00089D
:1083FC00C14A000855534220636F6E6669677572F7
:10840C0065642E0A004B6579626F61726420737427
:10841C006172742E0A005B735D0000004B850008CE
:10842C004F8500085D850008040C28006E84000848
:10843C0087840008A7840008C08400080B85000806
:10844C0087850008A9850008D78400084022B62239
:10845C0009027B00040100A0FA09040000010301D9
:10846C0001000921110100012240000705810308C8
:10847C0000010904010002030000000921110100A0
:10848C0001222200070582032000010705030320B7
:10849C000001090402000103000000092111010080
:1084AC000122B60007058403200001090403000221
:1084BC00030000000921110100012222000705859B
:1084CC0003200001070506032000010631FF097493
:1084DC00A1010975150026FF009520750881020978
:1084EC0076150026FF00952075089102C012011028
:1084FC0001000000404558544601000102000105EE
:10850C00010906A101050719E029E71500250195C8
:10851C00087501810295017508810105071900296B
:10852C00FF150026FF009506750881000508190146
:10853C002905950575019102950175039101C004FA
:10854C000309040C03580065006C007500730000EF
:10855C00002803580065006C00750073002000565D
:10856C000061006C006F0072002000460052004C4D
:10857C0000200054004B004C0000000660FF096115
:10858C00A1010962150026FF0095207508810209DA
:10859C0063150026FF00952075089102C00501099E
:1085AC0002A10185020901A100050919012908157B
:1085BC000025019508750181020501093009311565
:1085CC0081257F95027508810609381581257F95CF
:1085DC000175088106050C0A38021581257F950165
:1085EC0075088106C0C005010980A1018503190128
:1085FC002AB700150126B700950175108100C0053A
:10860C000C0901A101850419012AA002150126A05B
:10861C0002950175108100C005010906A1018505AF
:10862C00050719E029E71500250195087501810258
:10863C000507190029EF1500250195F07501810238
:10864C000508190129059505750191029501750318
:10865C009101C000000000002B53000813530008C8
:10866C005B5300084353000851530008395300086A
:10867C00215300080953000800000000508B00082B
:10868C00081500200815002008150020508B000844
:10869C00000000000000000000000000508B0008EB
:1086AC00000000000000000000000000508B0008DB
:1086BC00000000000000000000000000508B0008CB
:1086CC00000000000000000000000000508B0008BB
:1086DC00000000000000000000000000508B0008AB
:1086EC00000000000000000000000000508B00089B
:1086FC000000000000000000000000006D61696EC9
:10870C000069646C650000000D87000848130020A8
:10871C000014002001000000655600080000000055
:10872C0000000100000000000000024008000240B0
:10873C000100000000000009000002401C00024083
:10874C00060000000004010A000002403000024054
:10875C00060000000008020A00000240440002402B
:10876C0078000000000C030B00000240580002408F
:10877C00780000000010040B000002406C00024066
:10878C00780000000014050B00000240800002403D
:10879C00780000000018060B00000000956200082D
:1087AC00656500080D66000840004000E0120020DE
:1087BC00E012002001000000F4120020A0040028A8
:1087CC00000000005FF7FFFF05515565DFFF00005B
:1087DC0000110000000000008000000000000000FC
:1087EC00FFFFFFFF55555555FFFF0000000000002F
:1087FC00000000000000000000000000FFFFFFFF71
:10880C0055555501FFFF000000000000000000005E
:10881C000000000000000000FFFFFFFF55555555FC
:10882C00FFFF00000000000000000000000000003E
:10883C0000000000FFFFFFFF55555555FFFF0000DE
:10884C00000000000000000000000000000000001C
:10885C00FFFFFFFF50555555FFFF000000000000C3
:04886C000000000008
:08887000C47DFF7F0100000040
:108878001E320A141E640828C30F00206D4A00081F
:1088880004000000040000000000000000000000D8
:1088980000000000000000000000000000000000D0
:1088A80000000000000000000000000000000000C0
:1088B80000000000000000000000000000000000B0
:1088C80000000000030000000000000051550008EF
:1088D8000000000020000000000000000000000070
:1088E800020000000000000003000000000000007B
:1088F80000000000C555000800002000000000002E
:10890800000000000200000000000000030000005A
:1089180000000000FF5500080000000008000000EB
:10892800000000000000000002000000000000003D
:108938008014002005060000040000000400000068
:10894800200000002000000001000000F00F0020BF
:10895800801000200000000000000000000000005F
:1089680000000000000000000000000000000000FF
:1089780000000000000000000000000000000000EF
:1089880000000000000000000000000000000000DF
:1089980000000000000000000000000000000000CF
:1089A80000000000000000000000000000000000BF
:1089B80000000000000000000000000000000000AF
:1089C800000000000000000000000000000000009F
:1089D8000000000004000000040000000000000087
:1089E800000000000000000000000000000000007F
:1089F800000000000000000000000000000000006F
:108A0800000000000000000000000000000000005E
:108A1800000000000000000003000000000000004B
:108A28005155000800000000200000000000000070
:108A38000000000002000000000000000300000029
:108A48000000000000000000C555000800002000DC
:108A5800000000000000000002000000000000000C
:108A68000300000000000000FF550008000000009F
:108A780008000000000000000000000002000000E4
:108A88000000000080140020020300000400000021
:108A9800040000002000000020000000000000008A
:108AA80010110020A01100200000000000000000AC
:108AB80000000000000000000000000000000000AE
:108AC800000000000000000000000000000000009E
:108AD800000000000000000000000000000000008E
:108AE800000000000000000000000000000000007E
:108AF800000000000000000000000000000000006E
:108B0800000000000000000000000000000000005D
:108B1800000000000000000000000000000000004D
:108B2800000000000000000001000000C94F00081C
:108B3800D54F00085D50000899500008C55000083E
:088B4800009600000000080087
:0400000508000231BC
:00000001FF
