:020000040800F2
:100000000004002031020008AF7600083302000827
:1000100033020008330200083302000833020008EC
:1000200033020008330200083302000833020008DC
:1000300033020008330200083302000833020008CC
:1000400033020008330200083302000833020008BC
:1000500033020008330200083302000833020008AC
:100060003302000859850008C9820008E9820008A7
:10007000330200083302000833020008998A00089E
:10008000658C0008330200083302000833020008C0
:10009000330200083302000833020008BD8600085E
:1000A000330200083302000833020008330200085C
:1000B000330200083302000833020008B58C000840
:0800C0003D01000811010008D8
:1000C8000448054B10B5834203D0044B002B00D0E5
:1000D800984710BD300E0020300E002000000000B0
:1000E80006480749091A8B10C90FC91810B54910D5
:1000F80003D0044B002B00D0984710BD300E0020D1
:10010800300E00200000000010B5074C2378002BAB
:1001180009D1FFF7D5FF054B002B02D0044800E0BA
:1001280000BF0123237010BD300E00200000000026
:10013800C0A00008054B10B5002B03D004490548A2
:1001480000E000BFFFF7CCFF10BDC0460000000074
:10015800340E0020C0A0000872B6244880F3088836
:10016800234880F30988022080F31488BFF36F8F37
:1001780006F0A6FF06F05CFD1E481F491B4A914287
:1001880002DA08600431FAE71C49194A914202DA96
:1001980008600431FAE71A491A4A1B4B9A4204DAF2
:1001A8000868106004310432F8E700201749184A3B
:1001B800914202DA08600431FAE706F085FF06F09A
:1001C80080FF144C144DAC4203DA2168884704348C
:1001D800F9E706F03BFD114C114DAC4203DA2168FA
:1001E80088470434F9E70F49084700000004002055
:1001F800000C002055555555000000200004002033
:10020800C0A00008000C0020300E0020300E002096
:10021800881D0020C0000008C4000008C4000008B1
:10022800C8000008CD70000896E700F000F8FEE767
:10023800F0B544464D4656465F46F0B46B46CB6033
:10024800C3689D46F0BCA046A946B246BB46F0BD71
:1002580062B6281CA047002007F06AF9FEE707F0FD
:100268002DF9024A024B1360FEE7C04604ED00E098
:100278000000008002B47146490849000956490047
:100288008E4402BC7047C04602B471464908490012
:10029800095C49008E4402BC7047C04603B47146ED
:1002A800490840004900095A49008E4403BC704778
:1002B800002243088B4274D303098B425FD3030A9D
:1002C8008B4244D3030B8B4228D3030C8B420DD3B0
:1002D800FF22090212BA030C8B4202D3121209023E
:1002E80065D0030B8B4219D300E0090AC30B8B427C
:1002F80001D3CB03C01A5241830B8B4201D38B032A
:10030800C01A5241430B8B4201D34B03C01A5241CE
:10031800030B8B4201D30B03C01A5241C30A8B4211
:1003280001D3CB02C01A5241830A8B4201D38B02FC
:10033800C01A5241430A8B4201D34B02C01A5241A0
:10034800030A8B4201D30B02C01A5241CDD2C30912
:100358008B4201D3CB01C01A524183098B4201D38E
:100368008B01C01A524143098B4201D34B01C01A79
:10037800524103098B4201D30B01C01A5241C308F1
:100388008B4201D3CB00C01A524183088B4201D360
:100398008B00C01A524143088B4201D34B00C01A4C
:1003A8005241411A00D20146524110467047FFE7B8
:1003B80001B5002000F0F0F802BDC0460029F7D0D2
:1003C80076E7704703460B437FD4002243088B42ED
:1003D80074D303098B425FD3030A8B4244D3030BC4
:1003E8008B4228D3030C8B420DD3FF22090212BA89
:1003F800030C8B4202D31212090265D0030B8B4205
:1004080019D300E0090AC30B8B4201D3CB03C01AEE
:100418005241830B8B4201D38B03C01A5241430BC9
:100428008B4201D34B03C01A5241030B8B4201D3B9
:100438000B03C01A5241C30A8B4201D3CB02C01A24
:100448005241830A8B4201D38B02C01A5241430A9C
:100458008B4201D34B02C01A5241030A8B4201D38B
:100468000B02C01A5241CDD2C3098B4201D3CB0132
:10047800C01A524183098B4201D38B01C01A5241E1
:1004880043098B4201D34B01C01A524103098B42E5
:1004980001D30B01C01A5241C3088B4201D3CB00D0
:1004A800C01A524183088B4201D38B00C01A5241B3
:1004B80043088B4201D34B00C01A5241411A00D263
:1004C80001465241104670475DE0CA0F00D04942CC
:1004D800031000D34042534000229C4603098B423C
:1004E8002DD3030A8B4212D3FC22890112BA030AC4
:1004F8008B420CD3890192118B4208D38901921146
:100508008B4204D389013AD0921100E08909C309CA
:100518008B4201D3CB01C01A524183098B4201D3CC
:100528008B01C01A524143098B4201D34B01C01AB7
:10053800524103098B4201D30B01C01A5241C3082F
:100548008B4201D3CB00C01A524183088B4201D39E
:100558008B00C01A5241D9D243088B4201D34B00B9
:10056800C01A5241411A00D20146634652415B10FB
:10057800104601D34042002B00D5494270476346DC
:100588005B1000D3404201B5002000F005F802BD21
:100598000029F8D016E770477047C046002B11D1E4
:1005A800002A0FD1002900D1002802D00021C94318
:1005B800081C07B4024802A14018029003BDC046B7
:1005C800D9FFFFFF03B4684601B5029800F02EF882
:1005D800019B9E4602B00CBC7047C046F0B515049E
:1005E8002D0C0F0001002E00C64684460004140C92
:1005F800000C090C46434D43604361434019340CD9
:10060800241800B5A54203D9802040028046414401
:10061800250C6D18614659437A433004491924045E
:10062800000C2018891804BC9046F0BDF0B5574658
:100638004E464546DE46E0B504000D009246994612
:1006480083B08B4230D82DD04946504600F0BAF8D6
:1006580029000600200000F0B5F8331A9846203B20
:100668009B4633D45A465346934042461F0053464E
:1006780093401E00AF423AD8AF4200D178E05B46C3
:10068800A41BBD41002B00DA75E000220023009274
:10069800019301235A469340019301234246934014
:1006A800009328E08242CFD90022002300920193D0
:1006B8000C9B002B01D01C605D600098019903B071
:1006C8003CBC90469946A246AB46F0BD4246202324
:1006D8009B1A5246DA40414613004A468A401700A0
:1006E80042461F43534693401E00AF42C4D90022DE
:1006F8000023009201934346002BD9D0FB077208D0
:100708001A4346467B080EE0AB4201D1A2420CD800
:10071800A41A9D41012024196D410021013E24188D
:100728004D41002E06D0AB42EED9013E24196D4151
:10073800002EF8D1009801995B4600196941002BF9
:1007480024DB2B005A464446D3402A00E2401C00D2
:100758005B461500002B2ADB26009E40330026004E
:100768004746BE403200801A9941009001919FE7A8
:10077800A342BCD883E74246202300219B1A0022CB
:10078800009101920122DA40019286E74246202335
:100798009B1A2A0046469A402300F34044461343D6
:1007A8002A00E2401C005B461500002BD4DA4246C2
:1007B8002F002023260097409B1ADE403B0033433E
:1007C800CDE7C04610B5002903D100F007F8203066
:1007D80002E0081C00F002F810BDC0461C210123ED
:1007E8001B04984201D3000C10391B0A984201D30C
:1007F800000A08391B09984201D30009043902A2EA
:10080800105C40187047C046040302020101010150
:100818000000000000000000014B18687047C04647
:10082800000C002070B5CDB2830734D0531E002AC7
:100838001BD00278AA4219D0032404E0013B14D348
:100848000278AA4212D001302042F7D1032B0ED8E9
:10085800002B0AD00278AA4208D0C31802E0027816
:10086800AA4203D001308342F9D1002070BDFF2293
:100878000C06240C114021430C04084E0C4302685A
:1008880007496240511891433142E3D1043B043097
:10089800032BF4D8DCE71300D8E7C04680808080BB
:1008A800FFFEFEFEF0B5C64600B50F2A43D90B0081
:1008B800032603431E400C000300002E40D1150000
:1008C800103D2D09AC462D01A846804400E03B00B0
:1008D800676825685F60E7681D60DF601F00A568BE
:1008E80010379D6010344345F1D165460F230C2421
:1008F80001352D01491913404519144223D08C594B
:10090800AC5104369C1B032CF9D80324043B9B08E8
:1009180001339B002240ED18C918561E002A07D043
:10092800002300E02300CA5C5C1CEA549E42F9D113
:1009380004BC9046F0BD0500561E002AF0D1F7E72A
:10094800561E0500ECE71A00F6E7C046F0B50500AC
:1009580083074AD0541E002A44D0CEB20300032293
:1009680002E00135013C3DD301332E701342F8D12A
:10097800032C2FD9FF220A40150215432A041543D8
:100988000F2C35D92700103F3F093E01B4461E0001
:100998001A0010366644156055609560D5601032AF
:1009A800B242F8D10F260C2201373F012640DB194D
:1009B8003700224217D03E1FB608B400A4461A00DA
:1009C8001C1D644420C2A242FCD103240136B60097
:1009D8009B193C40002C05D0C9B21C191970013371
:1009E8009C42FBD1F0BD3400F4E714000300BFE7DC
:1009F8002700E0E7114B70B51C680500A06B0028C4
:100A080003D000230561436170BD183000F0AAF8D7
:100A1800A06300280CD00A4B01220360094B4360F5
:100A2800094B83600B238381002302614361E8E75C
:100A3800064B00224221064800F050F8000C002026
:100A48000E33CDAB34126DE6ECDE0500F09F0008E6
:100A580008A00008184B70B51D68AC6B002C0ED0B0
:100A680020696169154A164BFFF7B8FD012200237A
:100A780012184B41580040082261636170BD18206C
:100A880000F070F8041EA8630FD00E4B012203601B
:100A98000D4B43600D4B83600B2383810023026160
:100AA800436107480A4A064BE6E70A4B00224E21F3
:100AB800094800F013F8C046000C00202D7F954C23
:100AC8002DF451580E33CDAB34126DE6ECDE050033
:100AD8002E7F954CF09F000808A0000830B51C0038
:100AE8000A4B05001B6885B0D868002A0AD0084B55
:100AF8000292019300912B002200064900F020F891
:100B080000F0AAFD044B1A00F2E7C046000C0020D2
:100B18003CA000084CA0000848A00008130010B52D
:100B28000022FFF7DBFFC0460CB400B583B004AB6E
:100B380004CB019300F01EF903B008BC02B01847BB
:100B48000EB400B582B003AB0100054804CB0068C1
:100B5800019300F00FF902B008BC03B01847C04673
:100B6800000C002010B5034B0100186800F064F871
:100B780010BDC046000C002010B5034B01001868DA
:100B880000F004F810BDC046000C002070B5050048
:100B9800002915D00C1F2368002B27DB280001F043
:100BA80005FA244B1A68002A05D0A2420CD92168FC
:100BB8006018824224D0626028001C6001F0F8F9B5
:100BC80070BDA34203D81A005368002BF9D11168ED
:100BD8005018A0421BD027D821686018834207D03C
:100BE80063605460280001F0E3F9E9E7E418D5E709
:100BF80018685B6884466144216063605460F1E76B
:100C0800106852688446614421606260D4E72068B5
:100C18000918501811608342E4D118685B6884464B
:100C2800614411605360DDE70C2328002B6001F05C
:100C3800BFF9C5E74C0E0020F8B50323CD1C9D4332
:100C4800083506000C2D2AD20C25A94229D83000D7
:100C580001F0ACF92A4F3A68002A0AD013685B1BE6
:100C680004D441E023685B1B1FD522005468002C84
:100C7800F8D17B68002B3DD02900300008F066FBD6
:100C8800431C2AD00323C41C9C43A04205D0211A2C
:100C9800300008F05BFB431C1FD0256010E0002DDE
:100CA800D3DA0C2300203360F8BD0B2B05D863681A
:100CB800A2421DD0536003E014002360E4182560AD
:100CC800300001F075F9200007220B30231D9043F6
:100CD800C21AE9D01B1AA350E6E70C233000336090
:100CE80001F066F90020DFE70B2BE5D81400536804
:100CF8003B60E5E70021300008F028FB7860BBE79F
:100D08004C0E0020936810B5013B9360002B04DA69
:100D18009469A34207DB0A2905D01368581C1060A0
:100D28000800197010BD00F09BFBFBE7F8B5060042
:100D38000F00002B0DD01400D51802E00134AC428E
:100D480007D021783A003000FFF7DCFF431CF5D1CB
:100D5800F8BD0020FCE7C046936810B51400002BCE
:100D680002D10020536010BD00F07AFE0023A3607A
:100D78006360F8E7F0B54E46DE4657464546E0B5AF
:100D8800A1B00490039191461C00002804D0836907
:100D98000593002B00D1BEE0AD4B039A9A4200D1D7
:100DA800C0E0AC4B039A9A4200D1CDE0AA4B039A1B
:100DB8009A4200D147E1039A93891B0700D4B9E00E
:100DC80013690593002B00D1B4E0002308AD6B61D3
:100DD80020336B761033AB762F3B98464B461B7807
:100DE80007949E4F002B00D189E0252B00D125E1E7
:100DF8004E4603E0252B00D1AAE026007378741C28
:100E0800002BF7D14B46E31A9A4678D053464A4608
:100E180003990498FFF78AFF431C70D06B69534409
:100E28006B617378002B6AD00122002352426A60FA
:100E3800443201342B60EB60AB60AB54AB6506E029
:100E48004346C01B834034002A6813432B60217833
:100E580005223800FFF7E6FC661C0028F0D12B6855
:100E6800B246DA0602D543222021A9541A0702D530
:100E780043222B21A95421782A2900D06EE0079A11
:100E8800111D12680791002A00DABAE0EA60617859
:100E9800A61C2E2900D17AE0714B0322180099462E
:100EA800FFF7C0FC002800D18FE04B46C01A402352
:100EB80083402A68317813432B600622731C6948E3
:100EC80099462976FFF7AEFC002800D188E0664BEA
:100ED800002B00D18EE007AB0093039A634B2900E7
:100EE800049800E000BF83465B46013307D06B6976
:100EF8005B446B614B461B78002B00D075E7039B66
:100F08009B895B061DD4686921B03CBC9046994614
:100F1800A246AB46F0BD00F07BFD4D4B039A9A42CA
:100F280000D03EE7049B5B680393039A93891B07F1
:100F380000D545E70399049800F008FB002800D184
:100F480043E701204042DFE7049B9B68039332E7B5
:100F58004B46E31A9A4600D166E757E70A00303A4B
:100F6800A246092A95D8EB68180001E0340001363A
:100F780083001B1831785B0098180A00303A092A58
:100F8800F4D9B246E860A61C2E2900D084E753465F
:100F980059782A293BD1079B1A1D07925246917806
:100FA800D61C022294461B68E2446B60002B00DBCF
:100FB80072E701235B426B60294B032218009946B4
:100FC800FFF730FC002800D06FE7B146564631786D
:100FD800062224482976FFF725FC002800D076E76A
:100FE80007AB0093039A214B2900049800F0E4F81A
:100FF800834679E70722079B073393430833079310
:1010080075E75242EA60022213432B603FE70A0069
:101018000023303A6B601800092A01D910E01E003D
:1010280083001B1871785B0098180A00303A731C0B
:10103800092AF4D99A46023668602DE74C46F3E649
:10104800B246013628E7049BDB680393B3E6C04643
:10105800F0940008D0940008B09400087CA0000820
:1010680084A0000888A0000800000000350D0008D2
:1010780010B504001300034A10680A002100FFF7A6
:1010880079FE10BD000C0020F0B54F464646D64606
:10109800C0B51F00089B914698468A680B690600F0
:1010A8000C00934200DA13004A4613604322A25C04
:1010B800002A02D04A460133136023689A065AD59B
:1010C8004B461B6806209A1C4B461A602368190079
:1010D800184208D1E16800258A1A19218A461900A0
:1010E800A244002A3FDC4323E35C5A1E93418A064C
:1010F8000AD53020E1184331087045215A1C615C3B
:10110800A2184332023311702200390043323000F2
:10111800C047431C19D006232068A26821690340F0
:10112800042B30D08A423ADD00239946521A914462
:101138001A34002502E001354D4530DA012322003A
:1011480039003000C047431CF5D1012040421CBC87
:1011580090469946A246F0BD4B46E2681B680135A9
:10116800D31AAB4220DD0123524639003000C04774
:10117800431CF1D1E9E706221A4212D04323E35C6B
:101188005A1E9341C0E74B46E0681B68C31AD84310
:10119800C017184081468A42C8DC002BC8DC0020F2
:1011A800D5E74A46126895E743232168E35C5A1E4F
:1011B80093418A069DD4A7E7F0B557469A4643233C
:1011C8009C464E464546DE468C446346E0B587B0AD
:1011D80003930B7E914680460C00109A6E2B00D12B
:1011E800D8E000D871E0732B00D11AE100D881E073
:1011F800752B00D1FFE0782B00D00BE10B6878202D
:101208004521605494498B46116840C911601806FD
:1012180003D4580601D53604360CDA0702D5202245
:10122800134323601027002E00D1C2E0432300227D
:10123800E2546368A360002B00DAC5E00422216849
:1012480091432160002E00D083E0002B00D0BDE048
:10125800039D082F00D18CE0039B5B1B2361534641
:1012680005AA009321004B464046FFF70DFF431C9B
:1012780022D023692A0049464046D047431C1BD048
:1012880022680598E368920700D47FE01A1A002ABA
:1012980000DC7BE026000025193606E0E3680598A7
:1012A80001351A1AAA4200DC70E0012332004946CF
:1012B8004046D047431CF1D10120404207B03CBC16
:1012C80090469946A246AB46F0BD632B00D184E018
:1012D8001FD8002B69D0582B00D09BE045216354C0
:1012E8005E4923688B46116840C91160180600D40E
:1012F8008FE792E76F2B7ED0702B00D08AE02023F7
:10130800096878200B4345212360605452498B4675
:101318007AE7642B01D0692B7CD111682368081DFA
:1013280010601D064AD50A681600002A03DB4B4BDD
:101338000A279B467DE743222D21A1546268764205
:10134800A260002A02DB042293432360434B0A274E
:101358009B46039D00E0060039003000FFF72EF899
:101368005B465B5C013D2B70BE42F4D2082F00D077
:1013780072E72368DB0700D46EE76368226993424B
:1013880000DD69E73023013D2B7065E7984295DA67
:10139800180093E7136809681D1D606915601B68CC
:1013A8000E0601D449064BD418600023039D23611F
:1013B80055E7202322689A43226037E75D06B2D5B5
:1013C80000228E5E3200B0E7002EC2D15B462500B7
:1013D8001A7842234235E2543BE713682500191D69
:1013E80011601A684223E254413B4235236143238A
:1013F8000022E25433E7116820680D1D15600606C7
:1014080001D440061ED40E686F2B1DD0134B0A273B
:101418009B460BE742222500A35401234235236152
:10142800E5E71368191D11601D686268002128002E
:10143800FFF7F8F900280BD0401B60602061D6E761
:101448001880B2E70E88DFE7044B08279B46EDE6D5
:1014580060682061CBE7C046A4A0000890A00008FF
:10146800F8B505000E001400002802D08369002B8F
:1014780029D02D4B9C422BD02C4B9C4246D02C4B38
:101488009C424ED0A369A360A3891B0726D5236974
:10149800002B23D0FF22F7B2616916402268D31AC5
:1014A80099422ADD0133A1680139A160511C2160EC
:1014B800177062699A422BD0A389DB0701D50A2EDF
:1014C80026D03000F8BD00F0A3FA174B9C42D3D1C8
:1014D8006C68A369A360A3891B07D8D421002800DE
:1014E80000F034F8002819D1FF222369F7B26169A6
:1014F80016402268D31A9942D4DC2100280000F053
:101508004DF900280AD122680123CCE7AC68B9E775
:101518002100280000F042F90028D2D001267642A6
:10152800CFE7EC68AEE7C046F0940008D094000816
:10153800B094000810B5044B0A001B68010018009D
:10154800FFF78EFF10BDC046000C00203E4B70B563
:101558001D6806000C00002D02D0AB69002B1BD0C3
:101568003A4B9C421ED03A4B9C424CD0394B9C4241
:1015780060D00C23E25E93B2190719D521690029BE
:1015880021D0DA072ED50023A360636900205B42CF
:10159800A36100292ED070BD280000F039FA2B4B2A
:1015A8009C42E0D16C680C23E25E93B21907E5D443
:1015B800D90641D55B0728D4216908231343A381A1
:1015C8009BB20029DDD1A0228020920080001A4021
:1015D8008242D6D02100300000F042FCA389216964
:1015E800DA07D0D400229B0700D46269A2600020E9
:1015F8000029D0D10C22A35E1A06CCD54022134371
:10160800A3810138C7E7AC68B3E7616B00290AD04A
:1016180023004433994204D03000FFF7B7FA0C2373
:10162800E25E0023636324239A43002321696360F5
:101638002160C2E7EC689CE709233360402301205E
:101648001A43A2814042A6E7000C0020F09400084B
:10165800D0940008B094000810B5062000F060FD92
:10166800012007F097FEC046F0B5C64600B58B8945
:1016780080460C001A0745D44A68002A63DDE56AEB
:10168800002D3BD042464146166800220A60216A76
:10169800DA045CD4012300224046A847431C61D0E9
:1016A800A389E56A216A5B0706D56368C01A636B7C
:1016B800002B01D0236CC01A002302004046A84723
:1016C800431C46D143461B680C21625E002B56D052
:1016D8001D2B01D0162B5DD1002363602369236085
:1016E8004346616B1E60002908D0230044339942A9
:1016F80002D04046FFF74AFA00236363002004BC87
:101708009046F0BD0E69002EF8D00A680E60951B51
:1017180000229B0700D14A69A260002D04DCEDE796
:1017280036182D1A002DE9DD2B003200216A4046BB
:10173800A76AB8470028F3DC40220120A389404269
:101748001343A381DBE70A6C002A98DCD6E7606DB7
:10175800A9E70023636023692360A389DB04BFD55D
:101768006065BDE743461B68002B99D01D2B0DD043
:10177800162B0BD04022A3891343A381BFE76360D4
:1017880023692360D304ABD56065A9E743460020ED
:101798001E60B4E740231A43A281B0E70B6970B515
:1017A80005000C00002B16D0002802D08369002BFE
:1017B80015D00E4B9C4210D00D4B9C4212D00D4BB5
:1017C8009C4211D00C22A35E002B04D021002800DB
:1017D800FFF74AFF00E0002070BD6C68F2E700F0F8
:1017E80017F9E6E7AC68EDE7EC68EBE7F09400087A
:1017F800D0940008B094000810B5011E04D0054B21
:101808001868FFF7CBFF10BD034B0449186800F0B8
:10181800D9FAF8E7000C0020AC940008A5170008D6
:101828000020704710B5024900F0CCFA10BDC04640
:10183800A51700080020704770B568244A1E544355
:101848000E0021007431FFF7F7F9051E09D00023B7
:101858002200036046600C30A86068320021FFF760
:1018680075F8280070BDC0461E4B70B51D6806008F
:10187800AB69002B27D048356B68AC68013B03D5B2
:101888001CE06834013B19D30C21625E002AF8D1B0
:1018980000252000144B656625606560A560E3603F
:1018A80025616561A561082200215C30FFF74EF8CB
:1018B8006563A563A564E564200070BD2C68002CF1
:1018C80005D02500D8E7280000F010F8D3E7042158
:1018D8003000FFF7B1FF041E2860F2D10C233360FB
:1018E800EAE7C046AC9400080100FFFFF0B5D64611
:1018F8004F464646384BC0B5836200238364C364B1
:101908000365364B82B01B6805000193984260D08E
:101918002800FFF7A9FF68602800FFF7A5FFA86067
:101928002800FFF7A1FF6E680024E8600423300058
:10193800746634607460B460F36034617461B46177
:10194800082200215C30FFF701F8254B254F9A4605
:101958007362254B37639946B362244B3662F36250
:10196800AE6898463000224B746634607460B46088
:10197800F36034617461B461082200215C30FEF7C1
:10198800E5FF534673624B46B36243463763F362DF
:101998003662EE68174B3000F3607466346074602A
:1019A800B46034617461B461082200215C30FEF7D0
:1019B800CDFF534673624B46B3624346F36201233D
:1019C80036623763AB6102B01CBC90469946A246AA
:1019D800F0BD012383619BE72D180008AC94000833
:1019E800B52100084D220008E12100082122000845
:1019F800090001001200020010B5034B03491868E2
:101A080000F0E0F910BDC046AC940008A517000826
:101A1800836910B5002B01D1FFF768FF10BDC046E0
:101A28007047C0467047C0467047C0467047C046BA
:101A380010B5034B0349186800F0A2F910BDC04661
:101A4800000C00202918000810B5034B034918683A
:101A580000F096F910BDC046000C00203D180008A3
:101A6800F0B54546DE4657464E46E0B5936883B026
:101A780000900C009046002B6DD08B891A0700D47B
:101A880071E00A69002A00D16DE0424616689A079B
:101A980000D475E0A36A00279A46B54B00259946FD
:101AA800216A002D16D02B004D4500D9B04B3A00C5
:101AB8000098D047002800DCD5E043469B683F18D3
:101AC8002D1A181A4346986045D0A36A216A9A4687
:101AD800002DE8D1376875680836E2E74B461B6881
:101AE8009A464B465F6808239C46E144002FF5D090
:101AF8003A000A215046FEF795FE002800D1CEE0B4
:101B080053460130C61A3300BB469F4200D99B4654
:101B1800206822696369904204D9A2689D18AB4580
:101B280000DD92E05B4500DDF9E0A56A5246216AD6
:101B38000098A847051E00DC95E0761B0120002EC2
:101B480000D1E4E043469B68AA447F1B5D1B4346E3
:101B58009D6000D095E0002003B03CBC90469946BB
:101B6800A246AB46F0BD21000098FFF7EFFC002825
:101B780000D0F9E04246A38916689A0700D589E79C
:101B8800DA0778D4002291468022920000279346F3
:101B9800A5682068002F53D05A46134200D181E02F
:101BA800AA46BD4200D9AFE09022D20013422ED0FF
:101BB8002169451AAC466069019542001218D00F98
:101BC8008218781C521060449246904201D982468D
:101BD80002005B0500D4AFE011000098FFF72CF875
:101BE800051E00D1BAE0019A2169FEF75BFEA389C0
:101BF800604A134080221343A3815246019B25610A
:101C0800E818BA463D00D31A20606261A3605246C4
:101C1800494600F06DF9A3685D1BA5603D000027EB
:101C280023685344236043469B68A9445D1B43468D
:101C38009D6000D18FE7A5682068A389002FABD1EC
:101C48003268776891460836A4E751462A0000F0C2
:101C58004FF9236821005B1923600098FFF79EFD68
:101C6800002800D169E70C22A35E4022012013431B
:101C7800A381404270E70023B14600209A4600271E
:101C88001E00002F00D129E7002800D03BE73A00CA
:101C98000A215046FEF7C6FD002800D030E77B1C1D
:101CA8001E0031E72369834217D363699A46BB4212
:101CB80013D8314B38009F4200D930485146FEF7BF
:101CC80081FB53464A464343216A0098A56AA847C0
:101CD8000028C8DD05007F1BA5E7BD4200D93D00EF
:101CE8002A00494600F004F9A36822685B1B5219D0
:101CF800A3602260002BEED121000098FFF74EFD73
:101D08000028B0D17F1B8EE73D00BA467FE721004F
:101D18000098FFF743FD002800D113E7A3E75A46D0
:101D2800514600F0E5F85A46A3685D469B1AA36041
:101D380023685B44236000E7009800F03BF9051E28
:101D480000D05AE7009D21692800FEF71FFF802276
:101D5800A3899343743A1BB22A6086E70C23009A3E
:101D680013600C22A35E80E701204042F4E6C046DF
:101D780000FCFF7F7FFBFFFFFEFFFF7FFFFFFF7F72
:101D8800F0B5C646483000B588460700002600284A
:101D980013D07B68BC685D1E0CD4A389012B06D9BF
:101DA8000E22A35E013302D02000C04706436834E8
:101DB800013DF2D23F68002FEBD1300004BC9046C1
:101DC800F0BDC046F8B54746CE4680B5070048374F
:101DD800804689460026002F14D07B68BC685D1EAB
:101DE8000DD4A389012B07D90E22A35E013303D09A
:101DF80021004046C84706436834013DF1D23F6898
:101E0800002FEAD130000CBC90469946F8BDC04678
:101E180070B50C001D000E23C95E96B0160000298F
:101E280014DB6A4607F09FFA00280FDBF022019BBB
:101E380012021340094A944663445A4253412B60A4
:101E48008023DB003360002016B070BD00232B60B8
:101E5800A3891B06F4D540233360F4E700E0FFFFB5
:101E680070B58B8982B006000C009B0707D523004C
:101E78004733236023610123636102B070BD01AB66
:101E88006A46FFF7C5FF009905003000FEF7D4FE4B
:101E9800002810D08022154BB362A3892060134319
:101EA800009A1BB26261019AA3812061002A0CD1B9
:101EB8002B43A381E1E70C22A35E9A05DDD403221C
:101EC800934302221343A381D1E70E23E15E30003E
:101ED80007F055FA002802D10C22A35EE8E7032296
:101EE800A3899343012213431BB2E1E72D1800088D
:101EF800F0B5C64600B588420CD98B18984209D26D
:101F0800531E002A03D0CA5CC254013BFBD204BC56
:101F18009046F0BD0F2A0CD80500561E002AF6D0B0
:101F2800002300E02300CA5C5C1CEA549E42F9D1FD
:101F3800EDE70B00032603431E400C000300002EB0
:101F48002ED11500103D2D09AC462D01A846804420
:101F580000E02B001D00276810351F6067685F6070
:101F6800A7689F60E7681034DF604345F1D1654694
:101F78000F230C2401352D0149191340451914422A
:101F880011D08C59AC5104369C1B032CF9D803246E
:101F9800043B9B0801339B00ED18C9182240BCE79D
:101FA800561E0500BCE71A00B7E7C0467047C04692
:101FB8007047C046F8B507000C00150000291BD073
:101FC800002A15D000F044F92600A84201D33000B9
:101FD800F8BD29003800FEF72FFE061EF7D02100B5
:101FE8002A00FEF75FFC21003800FEF7CFFDEEE780
:101FF800FEF7CCFD0026EAE71100FEF71DFE0600FD
:10200800E5E7C04610B580210400FEF715FE6064C0
:10201800002807D002000023803208C09042FCD17B
:10202800002010BD01204042FBE7C046426C10B5BD
:102038000023002A01D0180010BDFFF7E3FF0300BA
:10204800F9E7C04670B505000C0016001F2907D82F
:10205800436C002B09D0A4001B1918681E6070BDC2
:102068001623036001204042F9E7FFF7CBFF002861
:1020780001D16B6CEFE701204042F0E770B5050035
:102088000C001F2920D8436C002B0ED08A009B1807
:102098001A68002A09D0012A14D0511C0ED0002138
:1020A800200019609047002070BD280000F07AF8E1
:1020B80022000100280000F061F8F5E7162303600C
:1020C8000120F1E70020EFE71623036001204042DA
:1020D800EAE7C04670B505000C001F291DD8436CFF
:1020E800002B10D0A2009B181A68002A09D0511C96
:1020F80011D0012A0DD0002120001960904700203E
:1021080070BD0120FCE7FFF77DFF002805D16B6C4F
:10211800E8E70320F4E70220F2E701204042EFE776
:1021280010B5034B01001868FFF7A8FF10BDC046A3
:10213800000C002010B5044B0A001B6801001800B1
:10214800FFF780FF10BDC046000C0020054B10B5FE
:102158001B6800205A6C002A00D010BD1800FFF739
:1021680051FFFAE7000C002010B5034B0100186876
:10217800FFF7B0FF10BDC046000C0020002370B56B
:10218800074C050008001100236007F0FAF8431C0B
:1021980000D070BD2368002BFBD02B60F9E7C04648
:1021A800841D002010B507F0F3F810BD70B50C00C1
:1021B8000E25495F07F0BFF8002803DB636D1B1885
:1021C800636570BDA389024A1340A381F9E7C0463D
:1021D800FFEFFFFF00207047F8B516001F000C2224
:1021E8008B5E0C0005000E22895EDA0508D4094AC8
:1021F80028001340A38132003B0007F0A3F8F8BD84
:102208000022022307F09CF80C22A35E0E22A15E96
:10221800EDE7C046FFEFFFFF70B50C000E25495FE4
:1022280007F08EF8431C06D08023A2895B01134374
:10223800A381606570BDA389014A1340A381F9E7B2
:10224800FFEFFFFF10B50E23C95E07F07DF810BD44
:102258000B1F1B68181F002B00DB70470B58C0189A
:10226800FBE7C046012070470120704710B5FFF713
:10227800FBFF10BD704710B5FFF7FCFF10BD000055
:1022880013B5104B00901B78002B16D16B469B782A
:10229800002B0DD0002A0BD003F032FE0400010001
:1022A800009803F0E7FD2000009902F008FC16BD35
:1022B800009803F005FE0400F5E7009803F020FEFF
:1022C8000099F2E760100020030010B50A000188A9
:1022D8004088000408439988FFF7D2FF10BD10B565
:1022E80004000021FFF7F0FF2100FFF7C4FF10BD35
:1022F80030B50124050020008840010020009040EE
:1023080002009C4028002B000A431340A04393423C
:1023180001D12000284330BD10B513000A00010088
:1023280003480068FFF7E4FF03F04AFD10BDC0460C
:10233800B010002010B500F013FB00F027F902F0F0
:10234800E3F800F02EFB10BD10B500F02FFB10BD18
:102358007047000010B503F037FAFFF7F9FF03489C
:1023680005F0EBF804F02CF910BDC046C4090000D4
:1023780070B501210500FFF7A7FF2900040002F04E
:10238800C7F9002801D1002070BD29002000FFF7FF
:102398006DFF0028F7D02900200001F0EFFF00288A
:1023A800F1D02900200002F07BFC0028EBD02900A6
:1023B800200002F0D7FC0028E5D02900200002F018
:1023C8009DFD0028DFD02900200001F015FE00281F
:1023D800D9D0AB78002B0AD0114B9C421AD00AD81E
:1023E8005B3BFF3B9C420FD00E4B9C420FD028001A
:1023F800FFF738FFC8E70C4B9C420ED00B4B9C42B2
:10240800F5D103F015FEF2E7FFF7A4FFBBE703F0F1
:102418008FFFB8E703F018FEE9E703F01AFEE6E7D6
:102428005A5D0000DE5C00005B5D00005C5D000042
:10243800F8B5184BC1081D5C07231840164B174CFC
:102448005A5C174F0241645C7F5C0123160004410B
:1024580007411E401C401F401A4202D0E12002F0F2
:10246800A3FE002C02D0E62002F09EFE280002F017
:1024780080FF002C02D0E62002F012FF002E02D0CE
:10248800E12002F00DFF002F02D02C2002F071FF96
:10249800F8BDC046889700080898000868970008A3
:1024A80078970008F7B5040004270A2601912078D8
:1024B80000283CD0012837D16378012B0ED1A078B1
:1024C800A51C02F056FF2C00019D0134013DEDB220
:1024D800FF2DECD0300005F030F8F7E7022B04D1DF
:1024E800A078A51C02F060FEEDE7032B04D1A078CC
:1024F800A51C02F0D5FEE6E7042B01D00134E3E782
:1025080000250B49A3780234CA5C601C3A4205D105
:10251800013DD9D3300005F010F8F9E77543303B99
:102528005D1963780400EFE7FFF782FFCCE7F7BD9A
:10253800A993000810B50021FFF7B4FF10BD70473C
:1025480010B5FFF7FCFF10BD0120704710B5041C43
:10255800FFF7FAFF00280FD001220B4BE1B222420D
:102568000BD01A83802252008C0708D51A83802248
:102578009200490705D51A8310BD5A83F2E75A839A
:10258800F5E75A83F8E7C0460004004870B5012211
:10259800802601250A4C11002000760005F0E5FF91
:1025A8002A0031002000658305F0DFFF6683B61935
:1025B8002A003100200005F0D8FF668370BDC046B0
:1025C8000004004810B50400FFF7BAFF201CFFF70D
:1025D800BDFF10BD37B501AB1980019902F06FFA44
:1025E80000F0D6F8A4230400DB01984245D2013B51
:1025F800FF3B984200D396E0FF2819D8EF2800D96E
:1026080089E0A7280AD8A42800D978E001280DD0A5
:10261800031F9BB2A02B09D9002407E0BE2800D8CD
:1026280071E00300E03B9BB2072BF5D8201C3EBDB0
:10263800A023DB0198420FD28023DB0198426DD2A0
:10264800F822431EFF3B9BB252019342E4D2000A98
:1026580080B20002E4B20DE00322C3B20409980874
:1026680014401040400124020443012013409840C4
:1026780004433D480443A4B2D8E7AC23DB019842A5
:102688001AD2013BFF3BC0B29C4259D2013BFF3BEF
:102698009C420DD2013BFF3B9C4248D20324830855
:1026A8002040023C84405B0123432F4C1C43E2E75B
:1026B8002E4C00020443B9E7B423DB0198420BD245
:1026C800013BFF3B984244D2294BC3189BB2FF2BD6
:1026D800A2D8284C0002CDE78025274BAD01C318AE
:1026E8009BB2AB4298D2C004C00E00F0CBF8F823DE
:1026F80000025B011840E4B204432C4396E78024AF
:102708002438E401B6E758341C4BE4B26400E05ABC
:102718008824E401CEE7A020C001ABE718480440B4
:10272800A0200002C6E7C4B224021648C2E7032468
:1027380083082040023C84405B012343124CB5E7E8
:1027480000F0A0F8F8240002640120400134FF34AE
:10275800B0E70F25284000F095F824092C40240202
:1027680004430A4886E7C046008CFFFFF4A0000037
:1027780000A8FFFFF0A0FFFF00A0FFFF18980008C7
:10278800FF0F0000F1A00000008AFFFF0090FFFF8C
:10279800030010B5E72808D8DF2808D831285CD00E
:1027A8000ED8292853D02A285DD0180010BDE0384B
:1027B8000728FAD8FDF75EFD16F9232836F93D42B9
:1027C800392809D0822807D03528EED12C4A12782A
:1027D8009206EAD52923E8E7294A12789207E4D035
:1027E800E023E2E70121264802780A4241D14078F5
:1027F8000842DAD0E323D206D7D50023D5E7204A0A
:1028080012785107F6D4D0E71D490A78500732D418
:102818004978C907E4D410210A4051424A4152423A
:102828001340C2E7164A51788907BED51278E723C4
:10283800E1E7134A12781107F9D4B6E710490A7884
:1028480010071AD449788907E5D5E423ADE70C4A7F
:1028580012789206A9D53523A7E7094A12785206B5
:10286800A3D52A23A1E7064A127852069DD531231B
:102878009BE7392399E7E22397E7E62395E7C046E4
:10288800FC12002030B5042427490A78224205D0DA
:1028980018230340082B27D198432043130708D552
:1028A8001824050014232540A54225D1A843C0B209
:1028B800184301244978214206D018230340082BE5
:1028C80021D19843C0B220438B0708D518210400B2
:1028D80011230C408C421FD1A043C0B21843D30629
:1028E80001D5E723184030BD14230340042BD5D16C
:1028F800984304331843D1E70340142BD9D19843A4
:10290800C0B22043D5E711230340012BDCD1984303
:10291800C0B207331843D7E70340112BDFD19843E0
:10292800C0B20843DBE7C046FC12002010B501F036
:10293800CAFE10BD10B500F0A3F8642004F0FDFD38
:1029480000F09EF8002000F035F8C30703D5FFF724
:10295800EDFF03F035FE10BD10B5FFF7EBFF10BD1E
:1029680010B503F055FC002801D103F0E1FC03F099
:102978005BFC084B187003F061FC074B1880FFF7ED
:10298800EBFF03F056FC03F0F2F9044B186803F070
:1029980012FA10BD0B110020FC120020B01000200C
:1029A800704710B5FFF7FCFF10BD704710B5FFF773
:1029B800FCFF10BD014B4000185A70470813002057
:1029C800704710B5012004F0B8FD10BDC046C046E0
:1029D800C046C046C046C046C046C046C046C046BF
:1029E800C046C046704710B5FFF7EBFF10BD10B5E5
:1029F80072B60F23020001211A4091409843202209
:102A080005F0B3FD62B610BD70B51548FFF7EFFFCE
:102A18001448FFF7ECFF1448FFF7E9FF1348FFF7E6
:102A2800E6FF1348FFF7E3FF124C25003C3501CCC5
:102A3800FFF7DDFFA542FAD100230F490F4A052011
:102A48000B8013804B8053808B809380CB80D38006
:102A58000B81138100F06AF8FFF76CFC70BDC0466B
:102A68000D0800480E08004805000048040000480A
:102A78000300004848980008FE12002008130020B0
:102A8800F7B50025244C254F236872B60F2101267F
:102A98001A000B409E408A4301923100012201989E
:102AA80005F063FD019BB6B25E8362B6FFF78EFF49
:102AB80000231B4A1E00944661469A0052580F2173
:102AC8001000884300690A40D0400E3900220842AD
:102AD80002D10A009A4012B216430133B6B20F2B44
:102AE800EAD12068FFF783FFFFF77DFF3A880023CC
:102AF800B24201D03E8001331D430A4B04340237F1
:102B08009C42C1D12B0005220749044800F010F867
:102B1800FFF71AFC2800FEBD84980008FE1200206A
:102B2800489800089898000808130020704700008B
:102B3800F8B506000F0014000E4D002B05D0012338
:102B48002B7003F031FD0C4B18802B78002B0BD029
:102B5800094B188803F02DFD052805D900236400CA
:102B6800A34202D100232B70F8BDF25AFA52023365
:102B7800F6E7C046540E0020560E002010B5184B3C
:102B88001A78D3070CD5174B1878052343439B08AD
:102B98007F20834203D87E38002B00D0D8B210BDE6
:102BA800930705D50F4B1878052343435B08EFE7D8
:102BB8000523520703D50B4A10784343E8E70A4A2E
:102BC8001278002AEAD009490648097800788A422A
:102BD800F3D250435843FDF7F5FB83B2D8E7C0461C
:102BE800620E0020660C0020630E0020670C002097
:102BF80010B5154B1A7801231A4207D0134B1B78CE
:102C08009B080120002B0ED0D8B20CE0910703D509
:102C18000E4B1B785B08F4E7520705D50B4B1B7866
:102C28007F208342EDD910BD094A1278002AEBD0E3
:102C3800084B1978054B18788A4201D383B2EFE71D
:102C48005043FDF7BFFBF9E7620E00206A0C002035
:102C5800640E00206B0C002010B5F02805D1FFF79A
:102C68008DFF4042274BD87010BDF12802D1FFF7E5
:102C780085FFF7E7F22805D1FFF780FF4042214B97
:102C88009870F1E7F32802D1FFF778FFF7E7F92802
:102C980004D1FFF7ADFF1B4B1871E5E7FA2803D104
:102CA800FFF7A6FF4042F6E7FB2805D1FFF7A0FF94
:102CB8004042144B5871D7E7FC2802D1FFF798FF20
:102CC800F7E703000C33DBB2042B07D80123F438F1
:102CD80083400C4A51780B435370C5E7FD2805D152
:102CE8000123094A11780B431370BDE7FE2803D16D
:102CF800054A02231178F6E7FF28B5D1024A0423D2
:102D08001178F0E75C0E0020620E0020022210B558
:102D1800364B9A56F0280AD1D9787F290DD9002147
:102D2800D9708A420BD10021314A117007E0F1288D
:102D38000ED1032159560029F1DC002A0ED01A7948
:102D48005B7913435AB2002B01D12A4B1A7010BD7C
:102D5800F22808D1002AF0DA00229A7003229A5643
:102D6800002AECD1DFE7F32802D1002AF4DCE4E7FB
:102D780004215956F92804D10029DEDD00211971F2
:102D8800DBE7FA2802D10029D7DAF7E705215956F7
:102D9800FB2804D10029D0DA00215971CDE7FC289D
:102DA80002D10029F8DCC8E701000C31C9B20429B6
:102DB80007D80121F43881400800597881435970B7
:102DC800BBE7FD2805D101240B480178A143017018
:102DD800B3E7FE2803D1084802240178F6E7FF2864
:102DE800ABD1054804240178F0E7C0465C0E00200A
:102DF800630E0020640E0020620E002010B503F060
:102E0800D3FB030007488278C1780A4301D0064AF9
:102E18001380027941790A4301D0044A138002F0F1
:102E2800C1F810BD5C0E0020580E00205A0E00207C
:102E3800F0B55E4B85B01A78022702925A780326BD
:102E48000392052204259A569E57DF575D57019233
:102E580000229A70DA701A715A713B003343934218
:102E68000BD0534B188803F0A4FB52490B78002B66
:102E780028D0514A127890422DDC019B2B430BD06D
:102E88004E4B188803F095FB4D490B78002B51D019
:102E98004C4A1278904256DC444CE278A3781343AB
:102EA800227913436279134301D0FFF7A7FF029BEE
:102EB800A7702370039BE6706370019B2571637193
:102EC80005B0F0BD404A14780A2262439042D4DD2E
:102ED80001330B7001E0FF2BFAD1344C002F07D0DF
:102EE800FFF74CFE0123002F00DCFE334343A370A1
:102EF800002E07D0FFF742FE0123002E00DCFE3330
:102F08004343E370022161560029B6D003202056BE
:102F18000028B2D0B5235943091206D0A170434303
:102F2800224A1B1204D0D370A7E70122A270F6E749
:102F38000123F8E7254A14780A2262439042ABDD60
:102F480001330B7001E0FF2BFAD1184C002D07D08C
:102F5800FFF74EFE0123002D00DCFE3343432371AF
:102F6800019B002B08D0FFF743FE019A0123002A9A
:102F780000DCFE334343637104216156002900D10C
:102F88008AE705202056002800D185E7B523594354
:102F9800091206D021714343044A1B1204D053710D
:102FA8007AE701222271F6E70123F8E75C0E002098
:102FB800580E0020630E0020650C00205A0E0020D9
:102FC800640E0020690C0020640C0020680C0020AE
:102FD800062210B500210548FDF7B8FC0023044A75
:102FE8001370044A1370044A137010BD5C0E00205D
:102FF800630E0020640E0020620E002010B500F061
:1030080061F9014810BDC046FF0F000010B5064821
:1030180000F014F9054800F011F9054800F00EF920
:10302800044800F00BF910BD00E0010800E80108B1
:1030380000F0010800F801088023F7B55B010D00D6
:10304800984201D30020FEBD194A43009F180193FE
:103058003A88184B84129A4205D1380089B200F098
:103068000DF980B2EFE78022114B134EE402E41809
:10307800210030001201FDF715FC3B789D42E1D09C
:103088000E48019B802703402000F55400F0D6F835
:1030980000253F01735D0A4919434B1C03D089B2CF
:1030A800601900F0EBF80235BD42F3D1D9E7C0460C
:1030B80000E00108FFFF000012130020FE070000D7
:1030C80000FFFFFF034B80B24000C0180078C0B279
:1030D8007047C04600E0010810B580B2FFF7ACFFAA
:1030E80010BD0000064983B25B005B1801301A78F6
:1030F80083B25B005B181878000210437047C04623
:1031080000E0010870B50D0084B22000C9B2013496
:10311800FFF792FF290AA0B2FFF78EFF70BD10B526
:10312800FFF7F0FF10BD000010B583B2591C0C4C1E
:1031380089B2580049000019091902780878991CC1
:1031480089B24900033309199BB209785B001B193E
:103158001B7809040002084310431B06184310BDDE
:1031680000E00108F7B51A4D80B243005B191B78DF
:10317800471C861CBFB2B6B2019372007B005B1974
:1031880052191B7812780C0094462900C51CADB260
:103198006A00521861461B0209040B431278019910
:1031A80012060B431343A34210D0E1B2FFF744FFCA
:1031B800210AC9B23800FFF73FFF210CC9B230001D
:1031C800FFF73AFF2800210EFFF736FFF7BDC0468C
:1031D80000E001080122094B1000D96811420CD106
:1031E800D9689018490708D4D9688018C90604D442
:1031F800D86802400520801AC0B2704700200240FB
:1032080037B50400FF25FFF7E5FF012811D1002C91
:1032180001D105303EBD002301930195019B002B90
:1032280003D1FFF7D7FF013CEFE7019B013B019377
:10323800F4E7002CEED10620ECE7000070B506009C
:103248000C48FFF7DDFF052813D102250A4C094871
:1032580023692B4323614023666122691343236159
:10326800FFF7CEFF062802D02369AB43236134233E
:10327800E36070BDFF0F000000200240F8B5F8239E
:103288001B06C2180D4B05000E0007209A4214D8E1
:103298001830FFF7B5FF05280FD10127084C1A3061
:1032A80023693B4323612E80FFF7AAFF062802D03B
:1032B8002369BB4323613423E360F8BDFEFF0700A5
:1032C80000200240024B034A5A60034A5A60704782
:1032D8000020024023016745AB89EFCDF0B5050A10
:1032E80085B0030CEDB2019003AED8B2002D0FD11A
:1032F800002901D0284B185C30707070B07072785B
:103308003078B37812021B041043184305B0F0BD9F
:1033180001AB1F7884B2002901D01F4B1C5C06202A
:10332800FF217843FDF74EF855235B4243437F0066
:10333800FF1803235F43FF21FFB23B00CF1B4A1B4B
:103348006B437D431B122D12CB1A491B6243634307
:10335800614312121B120912D2B2DBB2C9B2E4B233
:10336800062814D8FCF790FF04060C0A0F13040073
:1033780023000C0034707370B270C0E721001C0089
:1033880013000A00F6E70B0021001400F9E72100FA
:1033980014001A000B00EDE7749A00081FB501210C
:1033A800FFF79CFFFF210300020A0A400B401202AC
:1033B8001343000C034A084013400004184305B0A7
:1033C80000BDC046FFFF00FF704700001FB5FFF7B4
:1033D800E5FFFF210300020A0A400B4012021343D3
:1033E800000C034A084013400004184305B000BD10
:1033F800FFFF00FF13B51C006B4659709A701870D8
:103408000098FFF7E3FF020403021B0E120E62701E
:103418002070A37013BD0000074A0121137818001B
:10342800884304D10B4049180B4313707047552B40
:10343800FCD90B405421F7E7141B002010B50820D5
:10344800FFF772FE10BD10B50400FFF7E5FF21007D
:103458000820FFF787FE10BD10B5024B1868FFF76C
:10346800F2FF10BD141B002010B5024B1868FFF7BF
:10347800EAFF10BD141B0020002210B5034B0448BE
:103488001A711860FFF7DFFF10BDC046141B00203B
:103498000300FFFF034B1B78DA07D00F002A00D088
:1034A80058087047141B002010B5054A1379022BE1
:1034B80001D801331371002801D0FFF7CDFF10BDEB
:1034C800141B002010B50120FFF7EEFF10BD00000F
:1034D80010B5054A1379002B01D0013B1371002860
:1034E80001D0FFF7B9FF10BD141B002010B5012053
:1034F800FFF7EEFF10BD0000014B18797047C0467A
:10350800141B0020014B18717047C046141B002083
:10351800014B58787047C046141B0020014B98781F
:103528007047C046141B0020014BD8787047C0462E
:10353800141B002010B501F049F810BD70B50F4BF1
:103548000F4D1B786978DB070E48DC0F002B06D07F
:1035580003232A785343C018FFF7ECFF70BD0323F9
:10356800AA78EE785343C3189642F1D901325C70B9
:103578001C709C70D2B20333F6E7C046141B0020BF
:103588006F0C00201C1B00200B4B70B51B78DB0751
:103598000AD50A4B0A4E9C78DD78032363439B19AE
:1035A800AC4202D3FFF7CAFF70BD013458701970DE
:1035B8009A70E4B20333F3E7141B00206F0C002069
:1035C8001C1B0020074B13B51B78DB0708D501AC83
:1035D8002300FFF70FFFA27821786078FFF7D4FF68
:1035E80013BDC046141B002010B504000379054A1A
:1035F800D25C054B99785878FFF7E4FF23790133BB
:10360800237110BDDF980008141B002010B50400BA
:10361800044B0079DA789978FFF7D4FF23790133DE
:10362800237110BD141B002073B5154D04002878B4
:10363800002807D1FF2201AE33001100FFF7DAFEA0
:1036480073782B70217901290ED0022910D0002916
:1036580012D10A002878FFF797FF2079032101305B
:10366800FCF796FF217173BD002229781000F2E75C
:1036780000202A780100EEE7002210001100EAE796
:10368800D20E0020F0B50400012087B003932F4B21
:103698000F001978160001421DD02D4A4B08D25C44
:1036A8002C4D81432A70022917D105AD320039000B
:1036B80020002B00FFF79EFEAA7829786878FFF78C
:1036C80063FF224B039A5C709F70DE70002A02D061
:1036D8001868FFF7B8FE07B0F0BD022A02D11B4BED
:1036E800DE78EEE7062A02D1184B5C78E9E7092A6A
:1036F800FAD0192AE5D10025193BDAB20340019323
:103708005308154AD35C0293144B1979A94202D87D
:10371800FFF714FFD5E702986843FCF753FE019AB8
:10372800C3B2E01AC0B2002A01D1E318D8B203220A
:103738000A4B39009B785B195343094A01359B189A
:103748003200FFF757FEEDB2DEE7C046141B00203B
:10375800B4980008D40E00209D9800086F0C002033
:103768001C1B002010B5030004484478C2780834B4
:103778008178E0B2FFF786FF10BDC046141B002019
:1037880010B50120FFF7EEFF10BD000010B50300D3
:1037980004484478C278083C8178E0B2FFF772FFA9
:1037A80010BDC046141B002010B50120FFF7EEFF26
:1037B80010BD000010B5030006488478C2781134A3
:1037C800211CFF2C00D9FF214078C9B2FFF75AFF0E
:1037D80010BDC046141B002010B50120FFF7EAFFFA
:1037E80010BD000010B5030006488478C278113C6B
:1037F80024B2211C002C00DA00214078C9B2FFF75E
:1038080041FF10BD141B002010B50120FFF7EAFF8F
:1038180010BD000010B503000648C17811310A1C1C
:10382800FF2900D9FF228178D2B24078FFF72AFF1A
:1038380010BDC046141B002010B50120FFF7EAFF99
:1038480010BD000010B503000648C178113909B24F
:103858000A1C002900DA00228178D2B24078FFF7EA
:1038680011FF10BD141B002010B50120FFF7EAFF5F
:1038780010BD10B50023FFF705FF10BDF7B5060012
:103888000024144B1979A14209D8FFF757FEB278E2
:103898003379D2071CD501335BB23371F7BD9D78FC
:1038A80003232D195D430C4BFF20ED180B4BDA78E1
:1038B80001929F78FCF786FD604333793900C01880
:1038C800019A2B00C0B20134FFF794FDE4B2D8E7A7
:1038D800013BE1E76F0C00201C1B0020141B00209B
:1038E800F7B5012283780092134202D001235B428C
:1038F80000930026274C2379B3420CD8FFF71EFE0D
:10390800009B254D012B3DD12B78002B00D123792D
:10391800013B2B70F7BD0323A5780024AD195D4347
:103928001E4B2700ED186B461B786C702C70AC7022
:103938000193194B18782018C1B240B214281ADD27
:103948001421FCF725FE48B286420BD10422144B01
:10395800D21BD97858784A4392109978D2B22B0062
:10396800FFF748FD019B0137E418E4B2042FE0D1CA
:103978000136F6B2BEE70028E6DA064B18790818D1
:1039880040B2E1E7287821790130FCF701FE29707F
:10399800C0E7C0466F0C0020D30E00201C1B00207F
:1039A800141B0020F8B503230021264D264EAA78C3
:1039B800E87853439B1990421AD800242979234F59
:1039C800A1421CD8FFF7BAFD214C22483B78017868
:1039D8002278CB188A185BB252B23B702270002A48
:1039E80003DD2A79013A934201DB49420170F8BDAF
:1039F8000132597019709970D2B20333DBE7200095
:103A0800FCF7C6FD0022AB78BA56CB18DBB294425D
:103A180010DB0F4A127852B294420BDC0322534354
:103A28000D48F318C27881784078FFF7E3FC013439
:103A3800E4B2C3E7032253430022F1184A70F25458
:103A48008A70F4E76F0C00201C1B0020D10E0020A8
:103A58006C0C00206D0C0020141B0020F8B50279B6
:103A680020231100552551439B1A51431A00060083
:103A780028005A43534348435918FCF719FCC7B266
:103A88000324C0B2292F17D844436410E443002507
:103A9800E4B2164B1A79AA4213D8FFF74FFD3379CF
:103AA8000121134A002B02D0202B01D1FF211170D4
:103AB80012789B183371F8BD2D1A6C43E00F041966
:103AC800E3E702223800154202D15332D01BC0B2BC
:103AD8009A78032352195343064A01359B18064A1C
:103AE800EDB291782200FFF785FCD2E76F0C002039
:103AF8006E0C00201C1B0020141B0020F8B50400CD
:103B080000250326124B1A79AA4207DCFFF716FD97
:103B180001222379013313402371F8BD9B780D49A5
:103B28005B1973430C4F5B18217978788C465208DF
:103B3800B978AA4207DD6246002A07D0FA78FFF76B
:103B480059FC0135DEE76246002AF7D00022F6E785
:103B58006F0C00201C1B0020141B0020F0B583787C
:103B680085B002930379002401930123052503718D
:103B7800444B1B79A34203D8FFF7E0FC05B0F0BD26
:103B8800029B414E022B07D82B00404A63435178D1
:103B9800F1549278F3185A70019B002B18D12B001E
:103BA8006343F618019BF370B370364B2E009A7876
:103BB80003236643121953433348354A81199B1826
:103BC800305C8A7801344978FFF714FCE4B2CFE717
:103BD8002B006343F718F8780393002817D0FF26C3
:103BE8000138C0B23979F8707043FCF7EBFB294B08
:103BF8003040185CBB212238C0B27043FCF7E2FBAE
:103C0800224B3040DE7846433612BE70CDE7FCF7D3
:103C180021FF81221D4B9200DB785B087F335343E1
:103C2800063A1B12FF3A13409842BEDA029B022B57
:103C380010D9FCF70FFFFF21FCF7AAFC039BF154F6
:103C4800FCF708FF114B9E7876083100FCF7A0FCC2
:103C580076187E702A00002162430B4B9A189170E7
:103C68000A4AD1780A1CC82907D90B4A12782900B0
:103C780061435B181A71DA7097E7C9B21429F6D252
:103C88001422F4E76F0C00206D0E0020141B002096
:103C98001C1B0020DF980008989800080121094B98
:103CA80010B51A788A431A701868FFF7CCFBFA2007
:103CB8000022054B40005A7003F03FFCFFF73EFC22
:103CC80010BDC046141B0020D40E00200121074A55
:103CD800FA20137810B58B4313700022044B8840E8
:103CE8005A7003F02AFCFFF729FC10BD141B0020B2
:103CF800D40E0020084B10B519780B220748490844
:103D0800FCF790FD002802D10122054B5A7002F001
:103D18004BFC044B188010BD141B0020740C0020B1
:103D2800D40E0020660E002010B5184C2378DA0750
:103D38001ED5012200281CD113409218134323706A
:103D4800002902D02068FFF77EFB21780B2210485B
:103D58004908FCF767FD002814D000220D4B5A7063
:103D680001220D4BDA70E278A1786078FFF781FDC7
:103D780010BD2A2802D913405422DFE7400013401F
:103D88000343DCE7FFF7B6FFEAE7C046141B002051
:103D9800740C0020D40E0020660E0020054B010094
:103DA800187810B5400801302A2800D90120FFF7FB
:103DB800BBFF10BD141B002010B50120FFF7EEFF5C
:103DC80010BD0000064B0100187810B540080138F6
:103DD800C0B2002800D12A30FFF7A6FF10BDC046A8
:103DE800141B002010B50120FFF7ECFF10BD10B523
:103DF8000121FFF799FF10BD0120044B10B51A7877
:103E0800104318704008FFF7F2FF10BD141B002084
:103E1800054B10B51B78DB0702D5FFF73FFF10BD38
:103E2800FFF7EAFFFBE7C046141B002010B500218E
:103E3800FFF77AFF10BD000070B5134C2378002BF4
:103E480020D102F0E5F9002803D102F071FAFFF75A
:103E580013FBFFF7F3FAFE230C4D2860184204D138
:103E6800FFF70AFBFFF7EAFA2860FFF7D5FA002206
:103E7800074B28785A70C30702D54008FFF7D6FFCA
:103E88000123237070BDC0466C0E0020141B002057
:103E9800D40E00200120044B10B51A781043187076
:103EA8004008FFF7C3FF10BD141B0020F8B5304BC6
:103EB8005A78002A21D02F4A1B7810782E4C4008B7
:103EC800C01AC0B2A070022B18D12C4B2C4D1E5C0E
:103ED800E378002B05D00027E77002F065FBA78088
:103EE800208002F061FB2388264AC01A80B29042E3
:103EF80003D89E1920002680A847F8BD062B03D1B9
:103F0800214B224D1E5CE3E7092B04D1204B4008CE
:103F18001E5C204DDCE70F2B04D11F4B40081E5CB4
:103F28001E4DD5E7152B03D11D4B1E4D1E5CCFE74B
:103F3800182B11D0232B03D11B4B1C4D1E88C7E710
:103F4800242B0CD0252B0ED10321FCF737FA184B64
:103F5800C9B25E5C174DBBE72826174DB8E7FA26AD
:103F6800164D7600B4E7FA26154DF600B0E7C046C0
:103F7800D40E0020141B0020660E0020999800081B
:103F8800F1350008FE7F0000A598000815360008E6
:103F9800A898000885380008AE980008E938000895
:103FA800A2980008AD390008AC980008313600081E
:103FB800B1980008653B0008653A0008053B000811
:103FC800D133000810B5002801D0904710BD8847AC
:103FD800FCE770B504000D00FFF75CFAA04206D3B9
:103FE800FFF758FAA84202D2FFF7E6FE70BD20009C
:103FF800FFF7FDFEFAE7000070B58C780500002C8D
:1040080062D002F02BF82223304A0340954212D89E
:104018002F4A954212D92F4AA818122810D8FCF70F
:1040280033F913191C1F2225282B2E3134383D4013
:104038004346494B4E00284B9D4242D0200070BD5C
:10404800FFF7E6FE0024F9E7244A25491800FFF7A0
:10405800B9FFF7E7224A2149F8E7224A2249F5E75A
:10406800214A2049F2E7214A2149EFE7204A1F491E
:10407800ECE7204A2049E9E71F4A1E49E6E71F4ABC
:104088001F49E3E71E4A1D49E0E70120FFF7AFFE9D
:10409800D8E705210220FFF79CFFD3E70821062077
:1040A800F9E70E210920F6E714210F20F3E717217D
:1040B8001520F0E71820E9E722211920EBE7232053
:1040C800E4E72A212520E6E70124B7E7D55C0000CC
:1040D800C15C00003DA3FFFF5D5D0000ED3D0008F1
:1040E800C13D0008B13700088937000811380008B9
:1040F800E13700087138000841380008F534000835
:10410800CD34000810B50620FEF7DCFF10BD10B551
:1041180001000620FEF7E0FF10BD000010B5024BBD
:104128001878FFF7F4FF10BD581B00200423054A38
:1041380010B510780340192018431070FFF7E7FFF7
:1041480010BDC046581B0020014B1878C0087047A6
:10415800581B00200220064B10B51A78024205D1E0
:1041680010431870FFF7D3FF00F0C0F910BDC04628
:10417800581B0020064B10B51878820706D5022276
:1041880090431870FFF7C3FF00F0DAF910BDC0467E
:10419800581B0020054B10B51B789B0702D5FFF76D
:1041A800E9FF10BDFFF7D6FFFBE7C046581B00200C
:1041B800024B18788007C00F7047C046581B002074
:1041C800014B18787047C0467F0C002010B502F0EC
:1041D8001FF8002803D102F0ABF8FFF7A7FFFFF79D
:1041E80091FF094B18701F2804D90722104011327B
:1041F800104318701B78012218001040134200D099
:10420800D80800F03DF910BD581B002010B50C4C23
:104218002378DA08172B07D81F2101320A401839EA
:10422800D2000B40134323700120237818432070D9
:10423800FFF76DFF2078C00800F022F910BDC046D6
:10424800581B002010B50C4C072223781900914305
:104258000DD0083BDBB2190091430A0001218B43C2
:10426800501E8241180010432070FFF750FF20783D
:10427800C00800F005F910BD581B0020012310B537
:10428800084C22781A420CD113432370012B01D118
:10429800083323702078FFF73AFF2078C00800F031
:1042A800EFF810BD581B0020064B10B51878C20750
:1042B80007D5012290431870FFF729FF002000F06E
:1042C800DFF810BD581B0020054B10B51B78DB0725
:1042D80002D5FFF7E9FF10BDFFF7D0FFFBE7C046A7
:1042E800581B00201F2110B5104C2378DA08013222
:1042F8000A401839032A16D8D2000B4013432370FA
:1043080023780722190091430A0001218B43501E8C
:104318008241180010432070FFF7F9FE2078C0088A
:1043280000F0AEF810BD0B40E9E7C046581B00206E
:1043380010B5031C032800D9032307220949D8B262
:104348000B78C40013402343DBB21C0094432200C3
:10435800541EA2410124A34313430B7000F090F8AC
:1043680010BDC046581B002010B5FFF7E1FF024BF7
:104378001878FFF7CCFE10BD581B002010B58B78BD
:10438800002B20D0114A8018062809D8FBF77CFF9B
:10439800040A0C0F121518000320FFF7E5FF00238D
:1043A800180010BD0020F8E7FFF74CFFF7E7FFF70C
:1043B8002DFFF4E7FFF788FFF1E7FFF793FFEEE73C
:1043C800FFF7E8FEEBE70123EAE7C04645A3FFFF56
:1043D80070B50400FFF7F4FE0500224E290230886C
:1043E8006D000130FCF7D4F888B23080A9B2FBF731
:1043F8005FFF7F2318401C4B0321185C0002FBF76A
:1044080057FF85B2FFF7A0FE6843184B80B2984269
:1044180015D80921FBF74CFF83B272B60122E16877
:104428000A43E260124A134990685843FBF740FF79
:1044380000210200200004F0BBFB62B670BD0E4BE9
:104448000E49C0180002FBF733FF030080224343E4
:10445800434352021B0A934201D09BB2DDE7054B4E
:10446800DBE7C046D60E0020DF9900087B14000069
:10447800E01C0020FFFF0000F6280000F5280100DE
:1044880010B50100144C032805D8002804D12000D9
:1044980003F044FB10BD03210804401A0321FBF775
:1044A80007FF0E4B0E49C0180002FBF701FF03007F
:1044B800434358438023000A5B02984200D10948CD
:1044C800A36808495843FBF7F3FE002102002000C7
:1044D80003F019FBDEE7C046E01C0020F6280000C8
:1044E800F5280100FFFF00007047000010B5034BDE
:1044F800034A04489A6003F01CFB10BD800C00209E
:10450800D9430008E01C0020902010B582224021E9
:10451800C00504F02AF8012307490848CB6003F0D6
:10452800E4FAFFF711FEFFF7ABFFFFF741FE0028A3
:1045380001D0FFF7DBFF10BD800C0020E01C00203D
:10454800002210B5044B05489A6003F0F8FAFFF70B
:10455800FBFDFFF795FF10BD800C0020E01C00203C
:1045680003230200591A49000A4110B50B3304000D
:10457800D20700D4063B022218008A408038C0B215
:10458800144201D0203BD8B210BD0000802110B5E4
:104598000B4C02222000090203F0E7FF80210222CF
:1045A8002000890103F0E1FF064C200003F0F7FA30
:1045B8002000054903F0D7FA200003F0DEFA10BD09
:1045C80000040048B01C0020609A0008F0B5254C93
:1045D80087B0237801900491002B03D1FFF7D6FF11
:1045E800012323700024049B9C4207D3B2211E4A56
:1045F8001E48490003F0CBFA07B0F0BD03220C2790
:1046080000256243019B01999B1867438E5C5A7889
:104618009B7803920293144BFF183B1D05932900C6
:104628003000FFF79DFF059B58550135042DF6D145
:104638003E000025083629000398FFF791FF7055C2
:104648000135042DF7D13E0000250C3629000298CB
:10465800FFF786FF70550135042DF7D10134E4B218
:10466800C1E7C046D80E0020D90E0020B01C00209B
:1046780010B52320FEF726FD212801D0002010BD0B
:104688002420FEF71FFD0728F8D11E30FEF71AFD7B
:10469800133843425841F2E710B52121041E00D1D6
:1046A800DE312320FEF718FD0721002C00D1F83158
:1046B8002420FEF711FD1321002C00D1EC31252018
:1046C800FEF70AFD10BD10B50020FFF7E5FF01F069
:1046D80095FD10BD704710B52620FEF7F3FC10BD00
:1046E80010B5C1B22620FEF7F7FC10BD10B5FFF7D4
:1046F800F1FFFFF7BDFF002808D1FFF7F1FF00F039
:104708008FF900F029FA0120FFF7C6FF10BD00005D
:1047180010B58C78002C1ED0174BC3180F2B22D83D
:104728001238C0B200F026FA0024200010BD012083
:1047380001F05CFB032202210120FDF7EDFDF3E708
:10474800012001F05FFB032202210120FDF7E4FDB7
:10475800EBE70220F5E7094B9842F1D0084B984265
:10476800F7D00124E1E7054B9842E0D0044B98428A
:10477800DBD10220DCE7C046EEA0FFFF105F00009F
:10478800115F0000FF230370704710B50378040021
:10479800092B02D00A2B06D010BDFFF7D5FC5523F4
:1047A80043436370F8E7FFF703FD6070F4E710B563
:1047B8000378092B02D00A2B08D010BD5521407868
:1047C800FBF700FEC0B2FFF7B3FDF6E74378002B16
:1047D80002D1FFF7CFFCF0E7FFF7BCFCEDE710B51F
:1047E800040000788038032806D8FBF74DFD020640
:1047F800090CFEF799FE607010BDFEF74BFEFAE754
:10480800FEF77AFEF7E7FEF783FE6070FEF786FE96
:10481800A070F1E770B5040000788038032816D836
:10482800FBF732FD020D191DFEF772FE0500FEF7BB
:1048380075FE010062782800FFF71BF807E0607832
:10484800FFF7F4FA6378002B02D1FFF73FFA70BD47
:10485800FFF720FBFBE76078FEF754FEF7E7657883
:10486800A478FEF761FE21000200E4E7F8B5040031
:10487800461C00780D000138122800D9A6E0FBF785
:1048880003FD0A133A4B515B5E656CA5A571757BF8
:10489800848D90939C00002363700933A3702900D2
:1048A800200002F09DF9F8BD6378022B0DD0032B90
:1048B8000ED0012B1AD101F059FE030EA370030C80
:1048C800E370030A23716071E9E7FFF704FFF4E777
:1048D8000026A71C3000FEF76DF80136030AF6B271
:1048E8003B7078700237052EF4D1D8E729002000F4
:1048F800FFF748FFD3E76378022BF7D1E378A07876
:104908001B0203432079000403436079000618431F
:1049180000BAFFF7E5FEC2E7E278A178607800F018
:1049280063F8CEE72279637912021343A178E2781B
:10493800607800F067F8B2E700F072F8AFE730008F
:10494800FFF735FF3000FFF765FFA8E73000FFF7F6
:104958001CFF3000FFF743FFA1E7FFF7DFFBFEF77F
:1049680083FD9CE700F0BCF8607098E700F0BAF8A7
:10497800030A6370A07092E76378A0781B02E1785D
:10498800221D184300F0B2F889E76378A0781B026B
:10499800E178221D184300F0C5F880E700F0DCF844
:1049A8007DE700F016F8DFE76378A0781B02E1786E
:1049B800221D184300F056F871E76378A0781B02AF
:1049C800E178221D184300F065F868E7FF2323709B
:1049D80065E7042070471E234B4352009B1896221C
:1049E800504318182730704770B5FFF7F4FF0500DB
:1049F800FEF768FB0402681CFEF764FBA4B22043C0
:104A080080B270BD70B51D00FFF7E5FF0400290AEC
:104A1800FEF762FBE9B2601CFEF75EFB70BD0000AA
:104A2800F7B5002637000E4B0025F318019310E068
:104A3800019A6300D35AE9B2E2B2F8B20134FFF73F
:104A4800E1FF0F2CF4D1019B01351E330193052D95
:104A580001D00024ECE701379636042FE3D1F7BDE7
:104A680010950008F8B52730962714000500561849
:104A7800BF00B44200D1F8BD2B00273BBB4206DA89
:104A88002800FEF71FFB207001350134F1E70023F1
:104A98002370F9E7F8B52730962714000500561853
:104AA800BF00B44200D1F8BD2B00273BBB4203DA5C
:104AB80028002178FEF710FB01340135F1E707B52E
:104AC80001AA030011800020032B08D8517804297B
:104AD80005D812780E2A02D81800FFF785FF0EBDF8
:104AE800102070478220FF3070470000F8B5C027BB
:104AF80014000A4B5618C5187F00B44200D1F8BDFF
:104B0800074BEB18BB4206DC2800FEF7DBFA2070E7
:104B180001350134F1E700232370F9E77F02000033
:104B280081FDFFFFF8B5C0271400094B5618C518BA
:104B38007F00B44200D1F8BD064BEB18BB4203DC42
:104B480028002178FEF7C8FA01340135F1E7C0469C
:104B58007F02000081FDFFFF70B58025044CED0049
:104B6800200000210134FEF7B7FAAC42F8D170BD3D
:104B78007F020000F7B505000F2821D81948FEF775
:104B8800A1FA00281CD18026174CF600002D18D158
:104B9800012701952000FEF795FA002301AD661C58
:104BA80028706B7098420BD0431E022B14D8687083
:104BB80030002F70FEF786FA0234A87000280CD156
:104BC800F7BDB442FCD02000FEF77CFA002801D1E2
:104BD800013DEDB20134D9E734002800FDF7AAFC05
:104BE800D8E7C046FF0300007F020000F8B51400B4
:104BF80082781D0006AB1F78274B002A11D01C7045
:104C080001F0D2FC254B188023002033DBB2072BA0
:104C180006D8072201201440A040C0B200F0B1FB22
:104C2800F8BD1E78A6422DD11C4B188801F0C1FC96
:104C3800C72827D82C002034AE4215D033002033A3
:104C4800DBB2072B06D8072301201E40B040C0B2B4
:104C580000F09FFBE3B2072B06D8072301202B4067
:104C68009840C0B200F08DFB3800E4B200F081FB40
:104C7800072CD5D8072301201D40A840C0B200F05A
:104C880088FBCDE723002033DBB2072BC8D80722E7
:104C980001201440A040F1E73D1000203E10002004
:104CA800264B13B50C0098420BD8254B98420FD8C9
:104CB800244B98421AD0244B984237D0234B984221
:104CC8000ED0A078002836D00022214B1A701AE0A6
:104CD800204BC01802280DD8FBF7D6FA161C220064
:104CE80026230093BB331A00010008E02723009312
:104CF800BE33F8E72623E02217490093BB33200090
:104D0800FFF774FF002016BD2723E4220093134900
:104D1800BE33F4E72623E22200931149BB33EEE7C2
:104D28002723E62200930549BE33E8E72823E52236
:104D38000093273BD8E70120E5E7C046F65C000072
:104D4800F25C0000D85C0000D95C0000D75C000071
:104D58003D1000200CA3FFFFF35C0000F45C000092
:104D6800F55C000070B505008878002800D1B9E02E
:104D78005D4EB54212D85D4B9D4213D901F05EFAE3
:104D88005B4C2080B5421ED8584B9D420BD82088DA
:104D980001F060FA00F018FD002003E0554BEB1815
:104DA800082BEBD970BD544BE818122819D8FBF71B
:104DB8006BFA1D20232E3134373D45494C4F595C41
:104DC8005F6268896E004B4BE81883B2082BDED807
:104DD8000828DCD8FBF758FA13183F432E58698087
:104DE80084000123227813432370D0E7022322781A
:104DF800F9E704232278F6E708232278F3E701236A
:104E0800627813436370C2E702236278F9E71023DC
:104E18002278E8E720232278E5E740232278E2E7B2
:104E280000F0D2FC802322785B42DCE70C23227856
:104E38009A43D8E7032362789A43E2E7012223786A
:104E48009343D1E702222378FAE704222378F7E78D
:104E580008222378F4E7012263789343D2E70222F9
:104E68006378FAE710222378EAE720222378E7E735
:104E780040222378E4E700F0A7FC7F222378134040
:104E8800B2E70C222378DBE703226378E5E7012108
:104E9800042023785A07D20F4A400A4091008343DE
:104EA8000B430821D2008B439DE701216378DA0781
:104EB800D20F4A400A408B431343510002229343C6
:104EC8000B439FE700F080FC01222378D9094A4070
:104ED8007F21D2010B4086E7012001F02DFA56E729
:104EE8000020FAE701205DE7155C0000015C000086
:104EF800FC12002006A3FFFFFDA3FFFF124A10B516
:104F080001230C00904215D101F0A8F8A178030004
:104F18000E4A002910D0AA2003401900481E8141DA
:104F280035201170002B00D10C3801F037F801F052
:104F3800F7F80023180010BD13783520002B00D196
:104F48000C3801F035F8F2E7165C0000401000203C
:104F5800014B18607047C04644100020034B10B541
:104F68001B68181E01D01B68984710BD441000200C
:104F7800094B10B51B68002B0DD0084A1278002A7F
:104F880007D0074A12787F2A03D90278427005228F
:104F980002705B68984710BD44100020100E002076
:104FA800FC120020044B10B51B68002B03D0022212
:104FB80002709B68984710BD44100020064B10B53E
:104FC8001A88824206D01880044B1B68002B01D037
:104FD800DB68984710BDC0464A10002044100020E6
:104FE800064B10B51A88824206D01880044B1B68FD
:104FF800002B01D01B69984710BDC04648100020FF
:105008004410002010B501F0B1FA024B1860024BB1
:10501800186010BD4C1000205010002070477047D9
:1050280010B5FFF7FCFF10BD704710B5FFF7FCFF88
:1050380010BD000010B5054801F0F6FAFDF7DEFFD7
:10504800FFF7ECFFFFF7ECFF10BDC0460162000858
:105058000120704710B5FFF7FBFF10BD7047704780
:1050680010B5FFF7FBFFFFF7FAFF10BD10B501F011
:1050780079FAFDF7C9FCFFF739FBFFF7A7F8FEF748
:10508800DBFEFFF7D2FF10BDF0B585B0FDF7F8FCE9
:10509800002801D0FFF7B6FF0026F3B2F0B2019363
:1050A800FDF788FC2E4B7700FC5A0090844243D0D1
:1050B80002222C4B1B78134201D0FDF781FC009B88
:1050C80000255C40A3B201241C422FD0FFF7C2FF89
:1050D800002813D00098019A02AB20405A701D7026
:1050E800431E984102AB987001F05EFA012302AAB0
:1050F800034393800298039900F038F8184BDB5B60
:105108005C40174BDC53FEF7D1FEFFF7EDF9FDF7D6
:105118008FFEFFF723FF144C2378834204D0FFF758
:105128001DFF2070FDF74EFA05B0F0BD0135640093
:10513800EDB2A4B20F2DC7D10136052EADD1012392
:1051480002AA5B4213800023937001F02DFA012319
:1051580002AA034393800298039900F007F8D2E764
:10516800561000200B110020541000201FB5030C0E
:10517800DBB200900191002B01D000F09BFF0E22C2
:1051880000216A441180009A02AB02926A46928812
:105198009A800098039900F069FD05B000BD10B52C
:1051A800008800F0CFFE10BD10B5041E13D0822871
:1051B80012D1FFF7D3FE83070DD4392000F0EEFE9D
:1051C80000F0AEFFFA20800002F0B7F9392000F0B5
:1051D800EFFE00F0A5FF10BD83280ED1FFF7BEFE3D
:1051E800C307F8D4532000F0D9FE00F099FFFA2045
:1051F800800002F0A2F95320E9E784280ED1FFF7D6
:10520800ADFE4307E7D4472000F0C8FE00F088FF52
:10521800FA20800002F091F94720D8E7031FDBB29B
:10522800A02B0FD81C4B0100186801F0A9F8002822
:1052380004D0200000F0BCFE00F072FF200000F057
:10524800ADFEC6E703002033DBB2072B07D80720E3
:1052580004400638A040C0B200F006FFB9E70300DA
:105268005B33DBB2022B04D8243880B2FFF7A6FEEA
:10527800B1E703005833DBB2162B05D8074A5B00A9
:10528800985AFFF7ADFEA6E7EF28A4D9FDF7E4FC8E
:10529800FDF7B4FD9FE7C046B40C0020749B0008DE
:1052A80010B500280FD082280ED1FFF757FE8307CC
:1052B80009D5392000F072FE00F032FF392000F0E5
:1052C80077FE00F02DFF10BD83280AD1FFF746FEB8
:1052D800C307F8D5532000F061FE00F021FF5320EA
:1052E800EDE784280AD1FFF739FE4307EBD54720BD
:1052F80000F054FE00F014FF4720E0E7031FDBB284
:10530800A02BDCD903002033DBB2072B07D80723F7
:10531800034001209840C0B200F0AEFED1E7030080
:105328005B33DBB2022B03D80020FFF747FECAE746
:1053380003005833DBB2162B03D80020FFF750FECA
:10534800C1E7EF28BFD9FDF7E1FCFDF757FDBAE744
:1053580070B505000C00FFF727FF002C03D12800CB
:10536800FFF79EFF70BD0A20013C02F0E6F8A4B2E8
:10537800F3E7502110B5392800D00021FFF7E8FFE6
:1053880010BD10B5002803D000F06EFE00F0C8FE76
:1053980010BD10B5002803D000F06EFE00F0C0FE6E
:1053A80010BDF0B585B086790C1C8578019000F0A9
:1053B80021FE2304360902900393002818D0029591
:1053C800002D15D00F2223041B0E9343402B06D02B
:1053D800230000222033DBB20292072B08D90220D7
:1053E80000F0EEFE00F006FE01234340DBB202931C
:1053F80023041B0F03930B2B3FD81800FAF74EFF1B
:105408000C000C0061006100B100C5003D003D00CA
:10541800D0002701380138010F22230426051B0E6E
:10542800360F934300D03601E4B2002D14D0002E7D
:105438000BD023002033DBB23000072B01D9002C1E
:1054480007D100F011FE00F06BFE2000FFF7ACFE64
:1054580013E000F01FFEF6E72000FFF721FF002E03
:105468000BD023002033DBB23000072B01D9002CEE
:1054780024D100F001FE00F053FE039B083B032BF0
:1054880003D8FFF76BFDFDF79DF8029B002B13D0A7
:1054980000F0A8FD012302001A4018420CD1019B1C
:1054A8009A7000F097FD00F0A1FC019800F04CF90B
:1054B80000F090FD00F0A6FC05B0F0BD00F0F2FD94
:1054C800D9E70F22230427051B0E3F0F9343202BF8
:1054D80000D03F01E4B2002C0ED0012C2BD0002DBF
:1054E80032D0002E2BD0019B9B79DA07ADD50F2245
:1054F8001340019A937122E0002D11D0002E06D19D
:1055080000F0E4FD3843C0B2FFF73BFFB5E7012EDA
:10551800F6D100F0DBFD3843C0B200F0E3FDACE7A4
:10552800002E05D100F0F0FD3800FFF732FFA4E7A8
:10553800012EA2D0F6E7002D03D0052E9DD8380005
:10554800E2E7042E99D8EFE7002EEDD00120392CA0
:1055580001D1C820800001F0F0FF2000FFF7A0FE75
:105568008BE723059B0F09D0012B00D085E7281E68
:1055780001D0A005800DFFF733FD7EE7281E01D07E
:10558800A005800DFFF71AFD77E7E0B2002D04D0E3
:10559800FDF762FBFDF732FC6FE7FDF7B7FBF9E7B4
:1055A80023049B019B0F23D1002D00D065E7230620
:1055B8005B0F9B002007DBB2000F9840E20602D584
:1055C8000F359D40ED432405A40F2843022C09D034
:1055D800032C0AD0012C02D000F0D8FB4DE700F0D4
:1055E800CBFB4AE700F0DCFB47E700F0C0FB44E7F1
:1055F800A205920F0123D1B2002D1CD01340002B1D
:1056080000D13AE72206520F92002007D2B2000FCB
:1056180090400023E10602D50F339340DB43240575
:10562800A40F1843022C0CD0032C0DD0012C05D04C
:1056380000F00AFC21E749080B40E0E700F0FAFB1C
:105648001BE700F00BFC18E700F0BAFB15E7E6B221
:105658002405240F002D04D0200000F0C7FB3000E3
:1056680052E73000FFF795FE200000F0CBFB04E77F
:10567800E7B23800F03804283ED8FAF705FE0311DF
:10568800181D2700002D07D0042E00D9F5E6E004E8
:10569800C00E00F0C3FBF0E6052E00D9EDE6F6E7F4
:1056A800E004C00E002DE0D000F0A0FBE5E6E00429
:1056B800C00E002DF8D0D8E7002D04D0E004C00EAD
:1056C80000F08DFBD9E600F085FBD6E6002D09D069
:1056D800E404E40E200000F089FB0321200000F020
:1056E8004BFDCAE6012000F06BFD012E00D8C4E690
:1056F800022000F065FDC0E6002D06D0002E01D086
:105708003800A3E6E004C00ECEE7002E08D0012042
:10571800392F01D1C820800001F00FFF38001DE7A4
:10572800E004C00EA1E770B504008078218800F07D
:1057380013FC051C00F09CFB00F018FB291C200042
:10574800FFF72FFE70BD000073B5868801AD040019
:10575800010002222800FBF7A5F8002E12D02A88A3
:105768000C4B9A420ED02000FCF702FE00280AD10A
:1057780000F040FC002805D0A378002B02D00220BE
:1057880000F01EFD73BD2000FFF7CDFF2000FCF7E1
:10579800A6FDF7E7FFFF000010B50020FFF70EFC9D
:1057A8000020FFF71DFC00F085FC00F089FC00F0EC
:1057B800B7FCFDF70DFCFDF721FB10BD10B500F09F
:1057C80001FCFFF7E9FF10BD10B500F05DFCFFF725
:1057D800F5FF10BD031CC2B21804000F023800B553
:1057E8000D2821D8FAF750FD070720201620202081
:1057F80007071D20201D0120F02A05D005D800200C
:10580800E72393424041C0B200BDF43A100043423E
:105818005841F8E70120E72AF6D9F13A50425041B9
:10582800F1E71805C00FEFE70020EDE707B501AB7A
:105838001880019800F086FBFFF7CCFF0EBD82B000
:1058480002B0704782B002B07047000070B50725FB
:105858000B4B1C780B4B1B78A34200D170BD0A4B35
:10586800E200D15A9B1858889A8800040843D988BE
:10587800013409041143FFF7E5FF2C40EAE7C0466D
:10588800AB100020AA1000206A100020064B10B5AB
:1058980058881A88D988000410439A880904114343
:1058A800FFF7D0FF10BDC04662100020F7B50F22E9
:1058B8001E488379934334D18378002B31D01C4B15
:1058C80001A91B781B4A12789A422AD00288848838
:1058D8000A80002C26D0184D92B2AA4222D04778CE
:1058E800164DBC46DE00AA195778BC451AD1077870
:1058F800755DAF4216D19578002D13D195882C1B74
:10590800A4B2C72C0ED80F241021837923400B434F
:1059180083719379234019439171FFF715FFFFF7BE
:1059280095FFF7BD072201331340CBE76210002033
:10593800AB100020AA100020FFFF00006A10002012
:10594800F0B504008BB00100062206A8FAF7AAFFFA
:10595800A178C14E0191A18830880291B188039045
:105968008C4608A90880604623786278002800D110
:10597800CBE00888B94DA84200D1C6E0B578002D23
:1059880000D1C2E0B1790F200F000491614687432E
:105998000298401A80B2C72800D98AE0002F49D15E
:1059A8000199059106A90B704A70088803998842E5
:1059B80012D10199002900D017E10F230499194049
:1059C80001331943B171FFF761FF3000FFF7BCFEE7
:1059D800B379A37100253CE10299002900D008E1C0
:1059E800019B002BF6D001239B4A91790B439371BD
:1059F800F0E79B48CF00C6197078904206D19848C6
:105A08003F5C9F4202D1B678002EE3D107200131D6
:105A18000140FFE0000E014202D0002B00D117E147
:105A28002033DBB2072B00D812E12000FFF78CFEF1
:105A380005950DE106A90B704A70088803998842FC
:105A48000FD1019900290CD1049B2000A371FFF705
:105A58007BFE082221003000FAF724FFFFF716FF2B
:105A6800F7E006A90B704A700698FFF7DFFE0028DA
:105A78001BD0019B002B18D0774A93791F2B09D98B
:105A8800128808A8028000228270029A837182809C
:105A9800FFF75AFE082221006F48FAF703FFFFF7C5
:105AA80005FFFFF7F3FE0125D3E02000FFF74CFECA
:105AB800F9E706A9002F14D101980B708870029895
:105AC8004A70888007990698FFF7B9FE3000FFF7FB
:105AD8003BFE082239003000FAF738FFFFF7D6FE00
:105AE80078E70B704A70088803998842B9D1019900
:105AF8000029B6D1049B2000A371FFF725FE0822D8
:105B080030000199FAF722FFA3E06546524F388822
:105B18000880002D51D0514985B28D424DD0BD78B5
:105B2800002D4AD166460299891B89B2C72933D804
:105B3800019D002DB9D006A90B704A700B888342CD
:105B48001DD1BA79D30714D40F2113008B4310D079
:105B5800A271F02B06D0D3B21A09013212010B4000
:105B68001343A3712000FFF7EFFD0822210038003E
:105B780072E7082221003800FAF794FE69E00698D7
:105B8800FFF754FE002885D10123BA79200013437A
:105B9800BB71FFF7D9FD5CE0019806A988700298EF
:105BA8000B704A70888006980799FFF748FE08220C
:105BB80029003800FAF7CAFE50E70199002900D1F8
:105BC80073E706A90B704A700698FFF72FFE051EAB
:105BD80000D16AE7082221003000FAF763FE30009E
:105BE800FFF7DDFAFFF762FE38E70299002900D1D6
:105BF800F9E608A90B704A7009881848814200D153
:105C0800EEE60199002900D0EDE61648164900781D
:105C1800097801900198814200D0EAE606A90B7044
:105C28004A70069800F08EF9C3B200040F21020FE3
:105C3800012A00D8EEE60E320A40012A00D9F4E61D
:105C4800000E014200D1EBE6A2798A4300D0E7E6D4
:105C5800059D28000BB0F0BD62100020FFFF00007A
:105C68006A100020AA100020AB100020F0B587B001
:105C78006C46009020006160FFF762FE04A9051ED3
:105C88000DD02288A3880A80002B06D02A4B92B216
:105C98009A4202D003CCFFF7D5FD072644E00B005B
:105CA800220041CA41C30888A38803AA1080002B98
:105CB800F3D0224F224E3C783078A44614881E4AEE
:105CC8009442EAD00722441C144064450AD08B80D1
:105CD8001C4BC00018180132FAF7E4FD3470FFF7C6
:105CE800B5FDDAE7FFF770FD082229001648357080
:105CF8003D70FAF72BFED0E7124CC0002018FFF7D2
:105D08001FFE002816D02B78DB001A5BE418608889
:105D1800E188A3880004090419431043FFF792FDA2
:105D28002B78013333402B70044D054B28781B78B2
:105D38008342E1D107B0F0BDFFFF0000AB100020A7
:105D4800AA1000206A10002062100020704710B5C9
:105D5800FFF7FCFF10BD000010B5FFF7F8FF024B7E
:105D68001860FFF719FD10BDAC100020704710B582
:105D7800FFF7F2FF10BD000010B5034B1B68184376
:105D8800FFF7EAFF10BDC046AC10002010B5034B6A
:105D98001B681840FFF7E0FF10BDC046AC1000209C
:105DA80010B5034B1B685840FFF7D6FF10BDC0461F
:105DB800AC100020704710B5FFF7FCFF10BD0000C5
:105DC80010B5FFF7F8FF024B1860FFF7E5FC10BDB0
:105DD800B010002010B50020FFF7F2FF10BD01231E
:105DE800834010B51800FFF7EBFF10BD0123834077
:105DF80010B5034A10681843FFF7E2FF10BDC0460C
:105E0800B01000200123834010B5034A106898435E
:105E1800FFF7D6FF10BDC046B01000200123834015
:105E280010B5034A10685840FFF7CAFF10BDC046B6
:105E3800B010002010B5034B1B681843FFF7C0FFD4
:105E480010BDC046B010002010B5034B1B681840A9
:105E5800FFF7B6FF10BDC046B010002010B5034BC9
:105E68001B685840FFF7ACFF10BDC046B0100020BB
:105E78007047000073B501AC021C030420800F209A
:105E880001251B0E584307232E008018C2B2184064
:105E9800D3080522864000205A43084BF6B29A18C8
:105EA8000B00C34014782B405B426340334063408F
:105EB8000130137001320528F2D173BDB4100020EF
:105EC80037B501A9021C030408800F201B0E584394
:105ED8000721801800220524C3B2014001251000C3
:105EE800DB085C43054B1C19A35CCB402B4093405B
:105EF80001321843C0B2052AF6D13EBDB4100020C5
:105F0800F7B51F2401270D4B01AE1A680C4B3080E2
:105F18001B681A430092009BE5B2E3403B4204D160
:105F2800013CF8D200252800FEBD28003168FCF7A6
:105F380051FB80B20128F3D0F5E7C046B01000202D
:105F4800AC10002007B501AB18800198FFF7D8FF07
:105F58000199FCF73FFB0EBD37B50F4B01AD1B7820
:105F68002980002B03D00198FFF7ECFF3EBD0028E5
:105F78000CD02868FFF7C4FF040001002868FFF769
:105F880079FF20000199FCF725FBEFE72868FFF768
:105F980097FF0400F5E7C0466010002010B5034BDA
:105FA8000100186800F052FA10BDC046B40C002079
:105FB80010B5034B0100186800F05CFA10BDC0462C
:105FC800B40C002010B5024B186800F067FA10BD39
:105FD800B40C00200020024B1856C010C0B2704705
:105FE80007110020024B1878072318407047C04655
:105FF80007110020034B187807231840431E9841C7
:10600800C0B2704707110020084A10B553785907E5
:10601800C90F814209D001210840033180008B4318
:1060280018435070108800F015F910BDFC120020BC
:10603800044B10B5587801234007C00F5840FFF7AC
:10604800E3FF10BDFC12002010B50120FFF7DCFFB4
:1060580010BD10B50020FFF7D7FF10BD014B187811
:106068007047C04609110020024B1A781043187077
:106078007047C04609110020024A13788343137001
:106088007047C046091100200022014B1A70704762
:1060980009110020024B1A78104318707047C04647
:1060A8000A110020024A1378834313707047C046D0
:1060B8000A1100200022014B1A7070470A110020B3
:1060C8000022014B1A70704706110020014B187806
:1060D8007047C04608110020704710B5FFF7FCFF55
:1060E80010BD0000064B10B55B785B0706D4054B66
:1060F8001A78824202D01870FFF7EFFF10BDC04631
:10610800FC1200200811002010B5044B1A78002A50
:1061180003D000201870FFF7E0FF10BD0811002021
:1061280010B50D4B0D4A1B7812780D4C13430D4AD0
:106138002068127813430C4A03701278002A07D09B
:106148001343037000F0FEF8002801D0FFF7DCFFCE
:106158002068FEF70DFF10BD091100200A1100206C
:10616800B40C00200611002008110020704710B55B
:10617800FFF7FCFF10BD00000A4A0B00527810B56B
:1061880052070CD4084CC10019432170FFF72EFEAA
:1061980000202056C010C0B2FFF7E9FF10BDFFF77E
:1061A80025FEFBE7FC12002007110020002010B597
:1061B800024B1870FFF7DBFF10BDC0460711002027
:1061C800002310B50A4AD3561900814348B210700B
:1061D800420702D1DBB2834203D1064B5B785B07EF
:1061E80005D5C010C0B2FFF70DFEFFF7DFFF10BDE9
:1061F80007110020FC1200200020704710B5FCF7A2
:1062080005FF00200149FCF78AFF10BDFFFF0000D1
:1062180010B50020FCF766FF024BC01843425841F6
:10622800C0B210BD1601FFFF10B50220FCF74AFFEF
:1062380010BD10B50320FCF745FF10BD10B50420B4
:10624800FCF740FF04002220FCF73CFF000220433B
:1062580080B210BD10B50400C1B20420FCF73CFFA9
:106268002220210AFCF738FF10BD10B501000F20CD
:10627800FCF778FF10BD10B501001320FCF772FF82
:1062880010BD10B50020FFF7F6FF10BD10B50020B7
:10629800FFF7EBFFFFF7F5FF10BD000010B5002476
:1062A800FCF7B4FE00202049FCF739FF002102204A
:1062B800FCF712FF00210320FCF70EFF1B4B210007
:1062C80004201C60FCF708FF21002220FCF704FFD3
:1062D80021000520FCF700FF21000620FCF7FCFE4A
:1062E800FF210720FCF7F8FE21000820FCF73AFF01
:1062F80021000D20FCF7F0FE21001820FCF732FFEA
:1063080021001720FCF7E8FE21001C20FCF72AFFDB
:1063180021002020FCF703FF21001820FCF722FFB2
:10632800FFF7B4FF10BDC046EAFE0000AC10002025
:1063380010B5FFF7B3FF10BD10B501000E20FCF734
:10634800CBFE10BD0C4A030011780622002904D0A8
:106358000A4909787F2900D9183200200233013A06
:10636800D2B2FF2A00D170471978002901D0013034
:10637800C0B20133F3E7C046100E0020FC12002023
:10638800030010B5081E15D0114A1278002A12D041
:10639800104A12787F2A0ED90020CC08EF2909D894
:1063A80007221140063A8A401B1998781040431E6C
:1063B8009841C0B210BD9A1C08331078884204D0A6
:1063C80001329A42F9D10020F4E70120F2E7C046F1
:1063D800100E0020FC12002001220023F0B55242CA
:1063E800851CEC5C5EB28C420BD0571C02D1002C91
:1063F80000D132000133062BF3D1531C01D0801891
:106408008170F0BD002210B5831C08301C788C42C6
:1064180000D11A7001338342F8D110BDCB08EF299F
:1064280007D8C01807231940063B8B4082781343CE
:1064380083707047CB08EF2907D8C01807230122BB
:1064480019408A40837893438370704710B5074B8F
:106458001B78002B06D0064B1B787F2B02D9FFF741
:10646800DDFF10BDFFF7B8FFFBE7C046100E0020A8
:10647800FC12002010B5074B1B78002B06D0064BEA
:106488001B787F2B02D9FFF7D5FF10BDFFF7BAFFA6
:10649800FBE7C046100E0020FC12002010B5074B89
:1064A80002301B78002B04D0054B1E221B787F2B53
:1064B80000D806220021FAF749FA10BD100E002074
:1064C800FC120020704710B5FFF7FCFF10BD10B597
:1064D8000020FDF7D5FF0020FCF774F8FFF7F3FF65
:1064E800AA2001F02AF810BD7047704710B5FFF7D1
:1064F800FBFF0024FCF7C4FAFFF7F7FF2000FCF7C6
:1065080059FA002804D10134E4B2052CF6D110BDA3
:106518000120FCE7704710B5FFF7FCFF10BD10B570
:10652800FFF7B2FDFFF7C6FDFFF74CFDFCF750FD86
:106538000020FEF743FD0020FEF752FDFDF746FE62
:10654800FEF70CFDFCF73EF8FFF7E5FF10BD000075
:1065580010B572B601F0F7F862B6014B186010BDBD
:106568000C11002010B5FFF7F3FF10BD10B572B67F
:1065780001F0E9F862B6FA22084B92001B68002184
:10658800C01A0023FAF72AF80023054A801859414F
:106598000023044AFAF702F810BDC0460C11002087
:1065A8000F2700001027000010B5FFF7DFFF80B2AB
:1065B80010BD10B50400FFF7D9FF001B80B210BD55
:1065C800054B064A1A60BFF34F8F054B054ADA6040
:1065D800BFF34F8FC046FDE7FC3F0020EFBEADDEA6
:1065E80000ED00E00400FA050A4B0B4A043B196869
:1065F80010B591420CD100221A6082F31488074B1F
:106608001B6883F3088862B6054B1B689847FEE74A
:1066180010BDC04600400020EFBEADDE00C8FF1F21
:1066280004C8FF1F00207047014B18607047C04620
:10663800B80C002002000F2030B507490C78631C05
:1066480003400648057800209D4203D004480B709B
:106658000255012030BDC046691B00206A1B00207E
:10666800591B00207047000010B572B6024800F0B0
:1066780073FC62B610BDC046900D002070B50D00C9
:1066880019002D0200232800064C10436360231DC7
:106698001A0000F015FB20606068002800D0200078
:1066A80070BDC046301200207A30084A017813784D
:1066B800022907D102318B43012B02D15278044BB6
:1066C8001A707047024A1370FBE7C0468612002012
:1066D8006412002070B50400080005292AD8F9F7CB
:1066E800D3FD2D29032D2A3272B6012120001A4A22
:1066F80001F0BCFA04212000184A01F0B7FA184D3D
:1067080020002B00B4331978164A01F0AFFA2B0099
:10671800B53319782000144AB63501F0A7FA29785C
:10672800002903D02000114A01F0A0FA104800F017
:10673800DDFB62B670BD0420FFF77CFF72B60C4823
:1067480000F0B1FBF5E772B6094800F0C4FB62B689
:106758000520FFF76FFFEDE7A49B0008C89B000822
:10676800BC0C0020000D0020240D0020480D002046
:10677800900D002070B5084C0500E3680E00002B52
:1067880002D0200000F050FD330029002000034A09
:1067980000F0F6FC70BDC04650120020A967000842
:1067A80070B5040072B60378042B01D062B670BDD0
:1067B800134B1B78DB09F9D1124D2B78002BF5D040
:1067C800114B1B78002BF1D003899B0704D40823B5
:1067D80001210E4A01F0A1FA002328780C4A002171
:1067E800F9F7FCFE00230B4A80185941FA220023CE
:1067F8009200F9F7D3FE21008000FFF7BBFFD5E731
:10680800FC1200204C120020100E002065120020FF
:1068180010270000E7030000020070B574321178F9
:1068280004000B007F200340212B00D07AE02300D6
:1068380049B27533002925DA187802281CD00328B4
:1068480010D0012800D06DE003331B78002B05D150
:10685800484AA2662022E266236770BD0023A36629
:10686800E366F9E7230078331B88002B5AD101200F
:10687800414AE066A266EFE70120404BE066A36666
:106888000023E9E71B780A2B42D00B2B0ED0092BEB
:1068980048D12300022178331B788B4342D1384BEF
:1068A800E166A366374B01202367D6E723007833D8
:1068B8001B88002B28D1230076331978324D0A0023
:1068C800531E9A41D3B22C4A13702A78DB01024036
:1068D80013432B70002917D1284B1A78002A13D09C
:1068E80072B62A4A18780023F9F778FE0023284A56
:1068F80080185941FA2200239200F9F74FFE21002F
:106908008000FFF737FF62B60023A366E366CAE795
:1069180023001D4977331A780978184BC9091A706A
:10692800F2D1DBE71B4B12889A421AD12300793344
:106938001A78013B1B781202210013432200606879
:10694800763277314568127820000978A847002800
:1069580001D1002081E74368A3660368E36600234A
:10696800A1E70D4BB6331B78002BF2D0200000F0C6
:10697800D3FA72E765120020100E00204C12002096
:1069880086120020B1660008FC12002010270000C3
:10699800E703000081060000BC0C002070470000DF
:1069A800102210B500210448F9F7D0FF0023034A4C
:1069B8001370034A137010BD591B0020691B002077
:1069C8006A1B0020F8B50F24012500200A4B0B4A4A
:1069D8001E780B4F13789E4203D1002800D0167002
:1069E800F8BD1900795C0133280023400529F2D14C
:1069F8001370FFF794FDE8E7691B00206A1B00206D
:106A0800591B002070B50500134B144A14499A65A8
:106A18001A1D144E144CD167144AA03331001A6061
:106A2800200000F001FA2000114C310000F024FA97
:106A3800A36D104A10481340A36500F07EFD28009E
:106A48000E4901F0D8F88023A26D1B0213430022DF
:106A5800A3650B4BDA6070BDBC0C0020C40C002091
:106A6800D80C00206C0D0020900D0020EC0C0020AC
:106A7800005C0040FF7FFFFF983A0000EC9B000895
:106A88005012002070B50500084C01F0C7F8A36D3E
:106A9800074A28001340A365064901F0ACF8802393
:106AA800A26D1B021343A36570BDC046005C004085
:106AB800FF7FFFFFEC9B0008014B18787047C0462A
:106AC8006412002070B5050072B61C4C2378042BA4
:106AD80020D11B4A238912787F2A1DD9194A127896
:106AE800002A19D0DB060BD420232A000421200019
:106AF80001F013F9202229001348F9F7D3FE09E021
:106B08000121E369494258690C3000F01FFD2378E0
:106B1800042BE9D062B670BD9B0703D408232A0072
:106B28000121E4E701212369494258690C3000F04A
:106B38000DFD2378042BEDD1F0E7C046FC1C0020A6
:106B4800FC120020100E00206512002070B5050010
:106B580072B60C4C2378042B01D062B670BD238921
:106B6800DB0607D5E369642158690C3000F0EEFCB8
:106B7800431CF2D006232A000421200001F0CDF89E
:106B8800EBE7C046FC1C002037B5040072B6084885
:106B98000178042901D062B637BD6D46032301AAE6
:106BA8006C71240A1370AC7101F0B7F8F3E7C046B2
:106BB800FC1C0020030013B572B6084801780429AC
:106BC80001D062B613BD6C4663711B0A01AAA3719A
:106BD8000323117001F0A1F8F3E7C046FC1C002064
:106BE80003000A0010B5202904D1034801684C6845
:106BF8001900A04710BDC046900D002010B50848E8
:106C080088B0036820221C6A69460023A047002830
:106C180003D0C1B26846FDF729FE08B010BDC046D2
:106C2800900D002010B5FFF7DFFC10BD70477047CE
:106C380010B5FFF7F7FF02F037FBFFF7F7FF10BDBE
:106C480010B502F077FBFFF7F2FF10BD10B500F0AA
:106C580053FD00F05DFAFEF7EDF9FFF7A1FE164CC3
:106C68002000FFF7CFFEFA20400000F066FCFEF798
:106C7800FDF91248FEF76CF9FFF7A4FE2378052BFF
:106C880012D0FEF701FAFFF7B9FFFEF7E9F9F3E7CB
:106C9800FFF71DFCFFF72AFC002805D0200001F0B3
:106CA8004FF82000FFF7EEFE2378052BF0D0FFF712
:106CB80037FAFCF7A3F8E4E7FC1C0020140E0020C8
:106CC80010B5040AE3B2032C10D0032B07D8012B0C
:106CD80023D0022B07D15B20114B136010BD212B51
:106CE8000DD0222B12D000200300F6E7C0B20228F4
:106CF800F9D80C4B8100CB580B49405CEDE70229D1
:106D0800F1D80A4B89000920CB58E6E70229EAD8CE
:106D1800074B8800C3580748EFE71220064BDCE70B
:106D2800279C0008FC9B0008089C00080C9C000895
:106D3800189C0008249C0008829C000813B5446B2A
:106D4800E36F1A681178042915D1217A022912D122
:106D5800197901238B4012891A420CD1200001A90C
:106D6800443000F0DFFD021E05D0E06F019B017981
:106D7800006800F0D2FF13BD10B50C3000F06FFDB5
:106D880010BD012310B50C305B4200F068FD10BD4A
:106D980010B5443000F031FE10BD012310B5443069
:106DA8005B4200F02AFE10BD10B50C3000F03FFD2C
:106DB80010BD012110B50C30494200F038FD10BD5E
:106DC80010B5443000F0FBFD10BD012210B5443071
:106DD800524200F0F4FD10BDC36F70B51A6804008C
:106DE8001178042901D0012070BD017A0229FAD155
:106DF8001979012352898B4015001D401A42F2D19E
:106E08000C3000F0C9FC021EEDD0E06FA36A417996
:106E1800043B006800F06EFF2800E5E710B5406B02
:106E2800FFF7DAFF10BD00007FB50300040001265C
:106E38000E4A0D0004C343600D4B06720294019381
:106E4800CB680C3000934B690A6A310000F07FFC74
:106E58002000084B31000193AB68EA690093443085
:106E68002B69029400F038FD7FBDC046D49D000810
:106E7800256E0008456D00080A6872B60B7909335B
:106E88009B00D31858604B7911339B0098508B792D
:106E9800002B03D009339B00D31858600223C16725
:106EA800037262B6704770B50400022104300225EF
:106EB80000F0E4FB012620006D42290026750C3005
:106EC80000F07DFB230020004C3329001E70443065
:106ED80000F075FB70BD10B501210400043000F00E
:106EE800CDFB002323754C34237010BD70B504000E
:106EF8000C3000F044FC002520002575443000F0DB
:106F080003FD23004C331D700121201D00F0B6FB4A
:106F18002000FFF761FF70BD020060217432127813
:106F280003000A400020202A06D11A007532127880
:106F3800212A02D81F2A05D87047222AFCD1986630
:106F4800D86603E0034A9A660722DA6618670120C2
:106F5800F2E7C046280E0020C36F73B51A68040014
:106F6800117804292BD1017A022928D11979012312
:106F780012898B4016001E401A4220D10500443564
:106F8800280000F079FD002819D0280001A900F098
:106F9800C9FCE36F05001A7E002A09D001981A6916
:106FA8003100121A2818F9F7D1FCE36F1B69019315
:106FB800E06F2A000179019B006800F0AEFE73BD06
:106FC8000B00F0B509339B00C3185E6804000D0080
:106FD80085B0002E2CD072B60821301D00F04EFB73
:106FE8003300AF004433E7190193FB685B691B6802
:106FF800002B02D0019800F0A1FC019803A900F031
:1070080091FC039B021E0ED1FB685A691268002A84
:107018000DD01B8A013B1A4209D1F36F1B7E002B4E
:1070280005D1220074322900200000F076FE62B6F5
:1070380005B0F0BD1131890010B50C58002C15D0E1
:1070480072B60421201D00F019FB2000E36F0C30FC
:107058001A685B7902339B00D3185B689B6959688F
:1070680000F0A4FB2000FFF7B7FE62B610BD704722
:10707800024B034A1A60034A5A6070476C1B00208F
:10708800881D00200040002030B5094C4B1E2568A3
:10709800AA18D3184A421A4063681018834204D3C6
:1070A800854202D82060100030BD0022FBE7C046B0
:1070B8006C1B002010B572B6FFF7E6FF62B610BD74
:1070C80070477047FEE70000F0B5082400250E4A17
:1070D8005368166819009068884210D8DE1E00218F
:1070E800B04203D30330C11A890889005B18D168FC
:1070F800994207D8013C1032002CE9D1F0BD80CE6E
:1071080080C1E9E720C3F3E7FC9D000830BFFDE735
:1071180010B500F0FBF800F025F8FFF7A9FF802272
:107128000749084800F0CEF9074B1861012303749A
:1071380000F0C0FA62B6054800F0E4F910BDC04698
:107148007C9E0008581C0020301C0020889E0008E7
:1071580072B6014B5862FEE7301C002010B500F0F3
:107168009BF810BD044B054A5A619A6101225242AC
:10717800DA6100221A627047301C0020441C00208B
:10718800F7B50361C2600C00050000F0DCFA022CC0
:1071980000D20224224E234A7369934209D13062F5
:1071A8007561B56120182B606B60AC6000F0BAFAAD
:1071B800F7BD376AC21BA418944226D200218C4618
:1071C800996801918A421AD8B918316215498B42D7
:1071D80002D001998A1A9A60381A241873699A6831
:1071E800A24219D35A682B606A6015605D60AC6072
:1071F8009A68141B9C6001235B42F361D8E70199EC
:10720800521A614699601B68DAE79B689C42E5D28E
:10721800381900F094FAE1E71B68A41ADFE7C046C2
:10722800301C0020441C002070B5194D03686A69A1
:10723800184982420CD04268136003685A600022E1
:10724800C2608B4203D0826899688A189A6070BDC0
:1072580000206B615960D0608B4202D100F06AFA5D
:10726800F5E7996892682C6A8A189A6000F06BFAB8
:107278006B69021B9B689342E9D9E418201A01281C
:1072880000D8931C286A181800F059FADFE7C0469E
:10729800301C0020441C0020F7B51A4D6C6900F022
:1072A80052FA2B6AA268184FC61AB24219D8A268B5
:1072B8002B6AB61A9B18E2682B6201920022236897
:1072C8005F606B61E260BB4201D100F033FA62B6E5
:1072D8002069019B984772B66C69A368B342E6D9E6
:1072E800DDE76A69BA420BD0916828625B181B1AFD
:1072F8009360A368022B00D20223181800F01FFA2B
:10730800F7BDC046301C0020441C00200022024B60
:107318001B605B609A607047301C00200B001B6884
:10732800994204D09A68944682689445F7D25A687C
:10733800036042601060586070474B6801604360AA
:107348001860486070470300006802681A6053605C
:1073580070474268036813605A6070470023826868
:107368000374054B1B6899689142FBD25A68036005
:107378004260106058607047301C002010B504004F
:1073880072B6007C052807D8F8F77EFF0C060603BE
:10739800120E002263691A6001235B4220006361B8
:1073A800FFF7DCFF62B610BD626993680133936032
:1073B8002000FFF7CEFFEFE7002382680374054B38
:1073C8001B6899689142FBD85A6803604260106054
:1073D80058607047301C0020064B10B519690874B6
:1073E8001868026853601A60186101230374F8F77B
:1073F8001FFF10BD301C002030B504000C4D87B0B5
:107408004B1C11D02B690B4A01A8FFF7B9FE2000CD
:10741800FFF7E2FF049B002B02D001A8FFF704FF4F
:107428002B69586907B030BDFFF7D6FFF8E7C046AB
:10743800301C00208573000870B504000A4DA3684D
:10744800286961618268934203D82000FFF786FFAC
:1074580070BDFFF7B1FF012301002C6120002374E8
:10746800F8F7E6FEF4E7C046301C0020044B1A6922
:10747800196890688B689842804140427047C046BE
:10748800301C002010B5084C236820691A68546025
:107498002260012223611A74FFF78EFF0100206920
:1074A800F8F7C6FE10BDC046301C002010B5FFF727
:1074B800DDFF002801D0FFF7E5FF10BD10B5FFF78D
:1074C800E1FF10BD02230382002382600262C361D0
:1074D80083617047836802001800116928384C3BA3
:1074E800C36019615169D26859610549196202235B
:1074F80003740023826043740262C361836170472E
:107508005902000810B572B6FFF7E4FF0021040025
:10751800FFF792FF62B6200010BD000010B5034BC4
:107528001B6958610F20FFF757FF10BD301C002062
:1075380010B572B6FFF7F2FF10BD10B5010072B6B4
:107548000820FFF759FF62B610BD0000064B10B5C2
:107558001B69002905D0036058610320FFF74CFF21
:1075680010BD01204042FBE7301C002003000068EA
:1075780010B5002804D000221A604161FFF7EEFE22
:1075880010BD000010B50C1E09D0064B010018698B
:10759800FFF7D3FE21000420FFF72EFF10BD0120C6
:1075A8004042FBE7301C0020036810B50C009842ED
:1075B80004D0FFF7C8FE4461FFF7D0FE10BD70B5D8
:1075C80004000D0023689C4200D170BD2000FFF725
:1075D800BAFE4561FFF7C2FEF4E700230060406091
:1075E8008360704770B5164B846805001E69002CCF
:1075F80012D1F3698660C360F0611FE0A360237C49
:10760800002B0ED0062B11D12000FFF7A2FE6169D6
:10761800FFF784FE63699C68B368A2689A42EDD359
:1076280004E02000FFF795FEFFF798FE30002900E0
:10763800FFF774FE06207561FFF7CEFE70BDC046E9
:10764800301C002010B572B6FFF7CCFF62B610BD33
:1076580010B583691943037C81610A2B03D14369FF
:107668000B4206D110BD0B2BFCD1436919408B424C
:10767800F8D100234361FFF771FEF3E770B5060008
:107688000D000468B44200D170BDE3682B43E36089
:10769800002D02D023692B4203D0A1686068FFF750
:1076A800D7FF2468EEE7EFF30983203383F30988D3
:1076B80062B67047024A0349136A0B401362704767
:1076C80000ED00E0FFFF00FF10B50F300FD072B6DD
:1076D800EFF30984203C84F3098880235B04E36189
:1076E800FFF7C4FE024B002800D1024BA36110BD76
:1076F800670200086A02000810B500F00BFE00F0EF
:1077080033FF00F0DAF900F0E5F900F01EFA00F0B6
:107718005FFAFFF795FA00F001F810BD10B501F017
:1077280083F910BD80230022DB0558631A610232F9
:10773800DA60704780230022DB05DA607047802317
:10774800DB05586370478023DB05586A704730B5FE
:10775800039D01722C00002104335C43C361049B28
:1077680014190363059B056200604060C1604261B3
:107778000261846142628162C162436330BD002359
:10778800022110B5426AC360426102618362C3622A
:107798004942FFF714FF10BD03694269934203D1C0
:1077A800C2680020824200D1181D7047036910B5D5
:1077B8001960C2680132C260C2699B18826903619C
:1077C800934201D3436A03610021FFF7EDFE10BD28
:1077D80070B504000D00E368002B07D06269002033
:1077E800131D1268A3629B18E36208E0237A002B3A
:1077F80006D129002000FFF7C5FE0028EBDA70BD8E
:1078080002204042FBE7C368C269013BC360436989
:1078180010B59B1882694361934201D3436A43615F
:1078280000238362036B002B00D0984710BD70B50E
:10783800040072B6836A002B06D1FFF7C9FF051E44
:1078480002D062B6280070BDA36AE26A1D780133CF
:10785800A3629342F5D32000FFF7D5FFF1E7F7B510
:1078680004000D000092019372B60026A36A002B53
:1078780008D120000199FFF7ABFF002802D062B6BB
:107888003000FEBDA16AE36A009A5B1A971B9F420B
:1078980000D91F00402F15D928004022F9F702F817
:1078A800A36A40354033A3624036A36AE26A934232
:1078B80002D32000FFF7A7FF62B6009B9E42DFD2EB
:1078C80072B6D3E728003A00F8F7ECFFA36AED197F
:1078D800DB19A362F619E8E710B5029C01722100D2
:1078E80004335943C36100238362C362039B511865
:1078F8000363049B00604060C4604261026181616F
:1079080004624262436310BD036A0221C360436A92
:1079180010B543610361002349428362C362FFF7E4
:107928004EFE10BD436902699A4203D1C268002025
:10793800824202D1180008C80B607047C368C26948
:107948000133C360436910B59B1882694361934250
:1079580001D3436A43610021FFF726FE10BD70B5CD
:1079680004000D00E368002B07D0236900201A1DCE
:10797800A262E2699B18E36208E0237A002B06D131
:1079880029002000FFF7FEFD0028EBDA70BD022079
:107998004042FBE7036910B51960C268013AC2604A
:1079A800C2699B1882690361934201D3436A0361E8
:1079B80000238362036B002B00D0984710BD70B57D
:1079C8000D000400110072B6836A002B05D1FFF781
:1079D800C6FF002801D062B670BDA36A1D70A36AF5
:1079E800E26A0133A362934204D3E3692000191FBA
:1079F800FFF7D0FF62B60020EEE7F7B504000D00F0
:107A08000092019372B60026A36A002B08D12000C9
:107A18000199FFF7A4FF002802D062B63000FEBD2E
:107A2800A06AE36A009A1B1A971B9F4200D91F009D
:107A3800402F17D929004022F8F734FFA36A4035B0
:107A48004033A3624036A36AE26A934204D3E369EF
:107A58002000191FFFF79EFF62B6009B9E42DDD2F1
:107A680072B6D1E729003A00F8F71CFFA36AED19AE
:107A7800DB19A362F619E6E70300026959690020D9
:107A880010B58A4218D1D968814215D0996A8142C5
:107A980012D004398C1A91420ED01460D968013979
:107AA800D960D969521899691A618A4201D35A6A08
:107AB8001A61002201209A6210BD10B500F0B2FED2
:107AC80010BD012310B50370002343600C30FFF78D
:107AD80084FD10BD10B500F0E3FF10BD0123037055
:107AE80000234360C3600374704710B5040072B686
:107AF8004B684160836000F0E1FF0023E3600233DC
:107B0800237062B610BD10B572B601238B40C468ED
:107B18002343C36001F04CF862B610BD10B572B6CD
:107B280001238B40C2689A43C26001F047F862B6ED
:107B380010BD10B572B601F04EF862B610BD10B5A2
:107B480072B601F053F862B610BD10B500F0D2FE5F
:107B580010BD012310B503700023436083600C300F
:107B6800FFF73BFD10BD10B5040072B6416000F090
:107B7800D9FE0223237062B610BD72B64368D96875
:107B88009A6801238B409BB2538362B6704710B545
:107B980072B60323037000F02DFF62B610BD10B556
:107BA8000C30FFF74FFD10BD0200030010B50400B4
:107BB800763212787E331A7001F0B6F963681B6862
:107BC800002B02D00121200098470323237010BD09
:107BD80010B501F085F910BD012302000100037002
:107BE80000232C32436048311360D36104328A4247
:107BF800FAD18360704710B5040072B60023416063
:107C0800C360036143618361C3610362436283624A
:107C180001F028FA0223237062B610BD70B5040083
:107C280072B601F065F9002325000226636001336E
:107C380023700C352C3476422B68002B0ED05869F3
:107C4800002803D031000C30FFF790FC2B689869AE
:107C5800002803D031000C30FFF788FC002308C54A
:107C6800A542E9D1FFF722FC62B670BD8B1C9B00D0
:107C780070B5C318050050690E0014005A6000283A
:107C880003D014220021F8F761FEA069002803D070
:107C980014220021F8F75AFE3100280001F04EF9AD
:107CA80070BD0000F8B505000700022604008268D0
:107CB8000F4B1035134083602C3776422B68002B0E
:107CC8000ED05869002803D031000C30FFF74EFC65
:107CD8002B689869002803D031000C30FFF746FC68
:107CE800002308C5BD42E9D1200001F0DDF9F8BD47
:107CF8000100010070B501258D4044892C43448161
:107D08008C1CA40004196468A46923600023A26081
:107D18006360E36001F01AFA70BD70B501258D400B
:107D280004892C4304818C1CA400041964686469C8
:107D380023600023A2606360E36001F02DFA70BD48
:107D4800037870B5052B0AD11025054C1420236C37
:107D58002B432364FFF7F1FB236CAB43236470BD13
:107D6800005C00400223F7B503700023C3678360FB
:107D780003000500022704002C330C3501937F42D1
:107D88002B68002B11D072B62B685869002803D0D5
:107D980039000C30FFF7EAFB2B689869002803D0FC
:107DA80039000C30FFF7E2FB62B60026019B40C5A4
:107DB8009D42E5D1230064331E70200001F034F9A0
:107DC80063681B68B34202D0310020009847F7BDB2
:107DD80003000278803370B51A7005230370436876
:107DE80004001B68002B01D00421984725000023BC
:107DF8000226A3600C352C3476422B68002B11D058
:107E080072B62B685869002803D031000C30FFF790
:107E1800ADFB2B689869002803D031000C30FFF7C0
:107E2800A5FB62B60435A542E7D170BD030010B5C5
:107E380080331B78037043681B68002B01D0052131
:107E4800984710BDF7B50600643633780400002B58
:107E580001D000233370270074373A0020000197BF
:107E680001F05EF963689B68002B18D1019B1A78B2
:107E7800602315001D401A4233D00021200001F074
:107E8800C3F90021200001F0ABF963681B68002BDF
:107E980002D006212000984706233370F7BD200042
:107EA80098470028E2D023007B331A78013B1B78DF
:107EB80012021343E26E9A4200D9E366019BE16E17
:107EC8001B787F2B00D808E1002900D1FBE00923AB
:107ED800337072B60021E36EA26E2000FFF71DFF1B
:107EE800F9E023007F2175331B780A401B021343F6
:107EF800814A934200D1CEE026D880225200934294
:107F080059D00DD8012B50D0022B00D194E0002B72
:107F1800B3D122007C32A2660222E2662367C2E75E
:107F280081225200934200D19DE0FF32FF329342FA
:107F3800A3D1230076331B78012B9ED122007C32FB
:107F4800118801330B4341E080221201934246D04D
:107F580023D8A022D20093423DD0684A9B18012B17
:107F680000D98AE72300220079331B787832127807
:107F78001B02210013432200606876324068773183
:107F88000700127820000978B847002800D174E764
:107F98004368A3660368E3661BE0902212019342DC
:107FA80022D0574A934200D067E7564BA366022374
:107FB800E3660023B2E7230076331B78012B00D059
:107FC8005BE7220002217C3213888B431380A5666D
:107FD800E566256767E74C4BA566E5669EE72300DF
:107FE8007F33A3660123D6E72378042B0FD172B61B
:107FF8002000FFF757FE62B6230003217F331D7070
:10800800636821701B68002B01D02000984723006B
:1080180076331B78002B0BD022007F321370042399
:10802800237063681B68002B02D002212000984748
:108038000023A366E36671E723000F2178331B78DA
:10804800200019405BB2002B0ADA01F057F801282A
:1080580004D0022800D010E72C4BA7E72C4BA5E74B
:1080680001F036F8F3E7230076331B78002B00D0B5
:1080780003E7230078331B780F22190011401342BD
:10808800D6D05BB22000002B02DA01F0E5F8CFE78A
:1080980001F0CCF8CCE7230076331B78002B00D016
:1080A800EBE6230078331B780F22190011401342A6
:1080B800BED05BB22000002B02DA01F0A5F8B7E7CA
:1080C80001F08EF8B4E71423337072B60B000A007F
:1080D8002000FFF70FFE62B6E0E6002906D0152360
:1080E800337072B60021E36EA26EF1E70B23337092
:1080F80072B60B000A00F0E60203000000FAFFFF68
:10810800020C0000A49E0008B17B0008A09E000895
:10811800A29E000870B50500643504002878002880
:108128003BD00638C3B20F2B2FD80F282DD8F8F71D
:10813800ABF8342C2C08222D2C2C2C2C2C2C2C2C51
:10814800343423007B331A78013B1B78E06E12022B
:10815800134398420FD2E368198AF8F72FF90029D8
:1081680009D172B60B000A002000FFF7D6FD62B6EF
:108178000A232B7009E014232B7072B60023200009
:108188001A001900FFF7B6FD62B670BD236F002B09
:1081980001D0200098470023EBE70021200001F0E0
:1081A80033F80021200001F01BF863681B68002BDE
:1081B80002D00621200098470623DAE770B50500AB
:1081C80064352B780400142B26D019D8062B06D03A
:1081D80002D8002B03D070BD093B022BFBD800212D
:1081E800200001F011F80021200000F0F9FF636879
:1081F8001B68002B02D0062120009847062315E0B3
:10820800152BE8D10A3B2B7072B600231A0019000F
:10821800FFF783FD62B6DEE7C3689B695B68002BE6
:10822800D9D1036F002B00D0984700232B70D2E7D9
:108238000322F0B5FF26C0250240D20096408901EE
:1082480091400A4F83089B00DB19AD005C591F223F
:10825800B4430C435C51012302409340C0224009BF
:108268008000C019520083500360F0BD00E100E0B7
:108278001F21012201408A404309094920339B00FC
:1082880010B55A5083089B005B18032108408840AA
:10829800C024FC318140A4001A598A431A5110BDE8
:1082A80000E100E010B503210520FFF7C1FF03211D
:1082B8000620FFF7BDFF03210720FFF7B9FF10BD18
:1082C80010B57446044800F027F9044800F024F972
:1082D8002000FFF7F9F910BDB89E0008C89E0008F5
:1082E80010B57446074800F017F9074800F014F96C
:1082F800064800F011F9064800F00EF92000FFF7D3
:10830800E3F910BDD89E0008E89E0008F89E000812
:10831800089F0008234B244A996A10B50A43FC2198
:108328009A629A6AC9030A409A629A6A1A69012289
:10833800002152421A611A6919611A69D8681B4AE0
:1083480002438020DA60DA68C0030240DA60DA6843
:108358008022D86952050243DA61DA69802214481A
:108368005200046822430260C0201A6A800002405A
:108378000138FF38824203D0802252021A62196201
:108388008022196A1202114207D18021186A8900D5
:1083980001431962196A0A431A6200F05DF8FFF78F
:1083A80081FF10BD00100240FFFF81FFFFFFBFFFEC
:1083B800007000400122264B19680A431A60022205
:1083C80019681142FCD003215A688A435A600C226A
:1083D8005968080010401142FAD1F9211A680A4078
:1083E8001A6001225860596B0A435A630222596B7A
:1083F8001142FCD00122596A0A435A620222596A80
:108408001142FCD0A02100228903DA6259601A6364
:108418008022196852040A431A608022920419685B
:108428001142FCD011210B4A116010391068084222
:10843800FCD0022259680A430C215A605A680A4043
:10844800082AFBD19969073A0A439A619B697047E0
:108458000010024000200240002301220848094978
:1084680010B5036043604C6810312360D4000132BA
:108478000351082AF7D1044B093A5A6010BDC04687
:108488009C120020A89E000800000240F7B50024B6
:10849800019100921900062835D81C4B01271C6849
:1084A8008740A446654600243D422CD10501013091
:1084B800C000C25018184160604601213843186056
:1084C8001348144E426974190A4342614269009A7A
:1084D800002A0BD05B68A2681A4203D1E07B01999D
:1084E800FFF7A6FE094B5A6817435F600F20711902
:1084F8004B68497B1A6882431A600E228A40705979
:10850800426000221A602000FEBDC0469C12002076
:1085180000100240A89E000810B50268447B11684C
:108528000E23E140194043681B6819420CD0837B35
:108538000800A04001335060044ADB009C58002C1E
:1085480002D0D3185868A04710BDC0469C1200201E
:1085580010B574460348FFF7DFFF2000FFF7B4F8B3
:1085680010BDC046A89E00087047F0B5130003254B
:1085780001278BB02B40059393083B400193D30808
:108588002B400F26029353092B409C460023D20907
:108598003240059C0792069708950996069A11425B
:1085A8002ED00726069F1E409F40079DB2000392CB
:1085B80095404268019EBA433243089E5F00BE4020
:1085C8003700F643426082680496029EBA433243FB
:1085D80066468260C268BA433243C260039E099A03
:1085E800B240059ED243022E1DD1072B16D8066A2B
:1085F80032402A4302620268049D2A4022430260F4
:10860800490821D0019AA40052000192029A01332C
:1086180092000292624692009446BFE7466A324050
:108628002A434262E7E70668049F3E402643066005
:10863800072B04D8066A32402A430262E0E7466AFA
:1086480032402A434262DBE70BB0F0BD836A10B5C3
:108658005B6800245B68016BFF2B02D98024FF2331
:10866800640440681B0480684A6803430448024065
:10867800134380222343D20013434B6010BDC046EE
:10868800FFFF00FEC36A30B55B6800245A68016BBF
:10869800FF2A02D98024FF22640440684B68044DF5
:1086A80080682B4003432343120413434B6030BDBF
:1086B800FFFF00FEFC22F8B5584C9201256B764668
:1086C800AB69EB6113423AD00F25E26A5068016842
:1086D800A9430160507B11680E22170087404F6044
:1086E800A16A4F683868A84338600868497B8A409F
:1086F8004260DA0503D50122A1680A43A2609A05FF
:1087080003D50222A1680A43A2605A0503D50822AC
:10871800A1680A43A260A268DB040AD52023134398
:10872800A36072B6022149423D48FEF71FFF62B6B8
:1087380001E0002AF5D13000FEF7C6FFF8BDFE22A1
:108748001342F8D0DA0622D50F20E36A59680A687E
:1087580082430A60597B1A680E231F008F405760B6
:10876800A26A57683968814339601168527B93401F
:108778004B600423A2681343A36080236A68DB016B
:10878800134346226B602B6893432B60C9E71A0694
:1087980009D523782000032B02D1FFF773FFCAE71E
:1087A800FFF754FFC7E75B06C5D5A36A21780F20FA
:1087B8005A6803291DD1E36A5F68396881433960C3
:1087C800587B19680E2383404B605368002B18D0E0
:1087D8002000FFF73BFFA36A5A68012311680B4387
:1087E800136080236A689B0113436B600423237022
:1087F800A1E7116881431160597B1A680E238B40E9
:10880800536080236A68DB01134340226B602B6846
:1088180093432B6072B6002186E7C0467C1C00207B
:10882800981C002010B5054C2000FFF74AF90023DA
:10883800034AE3612263A362E36210BD7C1C00204B
:108848000054004010B50B0702D50248FEF780FC23
:1088580010BDC046189F000870B504000D000B0736
:1088680002D52348FEF774FC62681378002B16D0F3
:108878006B0704D55368002B01D020009847AB073D
:108888000CD563685B68002B08D004222000227096
:1088980098472378042B01D1013B237070BD0F2525
:1088A800636A58680168A9430160587B19680E23F8
:1088B8001E0086404E60216A4E683068A8433060CA
:1088C8000868497B8B4043605368002B06D004221C
:1088D8002000227098472378042B01D102232370AB
:1088E80072B6200000210830FEF740FE62B6D5E7D8
:1088F800189F000810B5074C2000FFF72AF9064B0F
:10890800E361002323626362044BA362044BE362C6
:1089180010BDC046B01C0020003800400A100000FE
:1089280018100000037870B50400012B1FD12B4BE1
:10893800984214D103000221294A0320FFF7A6FD1B
:1089480023000221274A20620420FFF79FFD80228E
:10895800254BD201D96960620A43DA61DB69236A6F
:108968005A68E3690C339360626A526893601F4DDA
:10897800E26AA36AE0262B401540F02261681201E2
:10898800488AF6000240B2421BD8A362E5620E781C
:108998002423A26AE56A002E1AD01A432B43A26246
:1089A800E3624022E3691C6894431C600C8A04213A
:1089B800214319600E490843586019680A431A6030
:1089C80070BDA022D20013432A43A362E262DEE70D
:1089D8009A439D43A262E562E3E7C046B01C0020CB
:1089E800618800084D88000800100240FFF0FFFF72
:1089F80007100000036A10B55C680A4BE360836ADD
:108A080061602360436A5B68DA6080225960C16AEA
:108A18000A431A60012221681143216019680A4338
:108A28001A6010BDDC12002001220E4B10B5D96966
:108A38000F201143D9610C49DB698B6813438B60A4
:108A480080230A49DB05996201214942D962002144
:108A580099615963D96059605A6102311A60FFF708
:108A6800E7FB10BD0010024000580140BF12000093
:108A78008022D2051369D16810B50B40D9B2C94319
:108A880011619B0703D572B6FEF768FB62B610BD8D
:108A980010B57446FFF7ECFF2000FEF715FE10BD79
:108AA80010B5044C2000FFF719F804232374024B77
:108AB800A36110BDE01C002000040040037870B5DD
:108AC8000400012B61D1364B984212D10221354B5B
:108AD8001020DA690A43DA61DA691A690A431A6105
:108AE8001A698A431A6101311B69FFF7A1FB2E4BF2
:108AF8006361A3692D4A9A61DA61656860692968CA
:108B0800F7F7D6FB0F21A368A269013B01389062F1
:108B1800D362EB6A5360EB68194001293ED0002309
:108B2800022901D101230B430F2168690140012962
:108B380003D0022903D11E310B4310210B430F210F
:108B4800E8690140012904D0022905D1FF31FF312C
:108B58000B43802149000B430F21686A014001291A
:108B680004D0022905D1802189010B4380214901C4
:108B78000B431362012353610023FF2113612B6B05
:108B88008B43D3608523136070BD002283691A600C
:108B98005A639A63DA631A645A62AEE70021C1E73E
:108BA800E01C002000100240006CDC026868000035
:108BB80083690C31890059184A6070470B00826933
:108BC80000200C339B00D318586002308840D368CB
:108BD8008343D360704701238269D168194204D165
:108BE80002200B4340421061D36070470121826923
:108BF800D3688B43D3607047836970B51D69DA68A1
:108C080004001540EAB2D2431A61AB0704D54368A1
:108C18001B69002B00D098476B0705D563689B69D3
:108C2800002B01D0200098472B0705D563681B6AE5
:108C3800002B01D020009847EB0605D563689B6A96
:108C4800002B01D020009847EB0705D563689B6887
:108C5800002B01D02000984770BD000010B5744665
:108C68000348FFF7C9FF2000FEF72EFD10BDC046E0
:108C7800E01C00200B4B30B51B6D0B4CC0001B19C2
:108C8800C018038889181B1994B244808C1A002ACA
:108C980000DC30BD60782578000228431880023A4D
:108CA8000233F3E7005C0040006000407346F0B513
:108CB800804C87B0656C05936B0504D57E4B7F4867
:108CC8006364FFF74FF82B0508D50823226C7B480F
:108CD800134323647A4B6364FFF77AF8EB040BD5EC
:108CE800A36C1B0406D40822236C744893432364A2
:108CF800FFF79CF8734B6364AB0507D56F4843686F
:108D0800DB68002B00D098476F4B636480231B02FD
:108D18001D4204D10598FEF7D7FC07B0F0BD0F2718
:108D2800644B2F40BD00ED182B68644E0293BB1CAA
:108D38009B00F3185B680193029B1B0626D52A68E3
:108D48006249019B0A4080215B6909020A432A6043
:108D58001A69186894465A68196862445A60801AF1
:108D680091422DD0019A128A824200D90200996854
:108D78001A6161449960F8B2FFF77CFF2A68544B86
:108D88001A4030235A40534B13432B608022029BD6
:108D98001202134212D02B684C4A1A408023134304
:108DA8002B60FBB29C46029B1B0521D54348BB1C8C
:108DB8009B00C3185B6861465B689847656CA5E7CC
:108DC8000122BA40338993433381019B9B68002B6E
:108DD80002D03000F9B2984772B6BB1C9B00F61857
:108DE8007368002158690C30FEF7C0FB62B6CDE706
:108DF800019B39489A69F90093680393236D1B18FE
:108E08005B18998809180491DB8802919B059B0DD2
:108E180019000398012938D80499039E580840007E
:108E280009183618834201D0098831709168C91829
:108E380091605168C91851601168C91A1160118A86
:108E4800013989B21182019A528A9A4201D80029BD
:108E580026D10122BA40194DBE1C6B8993436B8100
:108E6800B300EB185B68DB68002B02D06146280072
:108E7800984772B6B600AD196B689B6918005968B7
:108E88000C30FEF773FB62B698E7029E023936880B
:108E98000670360A4670029E023002360296B9E71C
:108EA8002A680E4B1A40C0239B015A40094B1343B2
:108EB8002B6083E7005C0040FFFBFFFFFC1C0020E9
:108EC800FFF7FFFFFFEFFFFFFFFDFFFF0F07FFFFAC
:108ED800BF87FFFF80800000006000408FB7FFFF62
:108EE80010B50248FEF778FE10BDC046FC1C0020F5
:108EF800037810B5012B0ED0074B98420BD11F20D9
:108F0800FFF7B6F90322054B05491A64054BDA69E0
:108F18000A40DA61DB6910BDFC1C0020005C0040DF
:108F2800FFFF7FFF0010024080227E30037813434A
:108F3800014AD3647047C046005C00408B1C9B000C
:108F4800C318F7B55C68032322681340032B56D077
:108F58005A4253415B022E4A2E4E126DCD00921991
:108F6800AD186269002A13D00700002208376A800A
:108F7800FA6F0192228A01321600012296433200CA
:108F8800019E9219FA676A46968820222E8013431A
:108F9800A269002A18D0648A661E3E2C32D91F2284
:108FA80032430132521196021B4A3243012692B2D1
:108FB8000830EA800134C26FB443A41892B2C4677F
:108FC800AA8080229201134311488A001218802037
:108FD8001468C001044200D00343402014680442CE
:108FE80000D003430D48194301400D480D4C01437F
:108FF8001160116823404B4003431360F7BDC02341
:10900800DB00A8E701223243013252109202CDE779
:10901800005C0040006000400080FFFF0F07FFFF7A
:109028008080000070780000002180230B4A10B572
:1090380011655164D3644368DB685C4263419E24D4
:109048005B4224025B021B191364030040220833AD
:10905800DA67034BC360FFF771FF10BD005C004087
:10906800249F0008017870B50400012914D10B4B26
:1090780098420ED180220A4B1204D869094D024346
:10908800DA61DB691F2029640231FFF7D1F8002378
:109098002B642000FFF7C8FF70BDC046FC1C0020F1
:1090A80000100240005C0040402301220830C367E2
:1090B8000548064993005B18196801320143196095
:1090C8001860082AF5D1704780800000005C0040D5
:1090D800084B8900C958C0220B00920113401800A0
:1090E800114205D0044A9B181800431E98410130CC
:1090F8007047C046005C004000F0FFFF074B890046
:10910800C95830220B0013401800114204D0103BFC
:109118001800431E984101307047C046005C00406B
:10912800084B09481B6DC9001B18C9188B881B18E8
:109138001000083019880233118002329042F9D1A8
:109148007047C046005C0040006000408B1C9B00DC
:10915800C018426870B595690C002868012300287A
:1091680005D0518A40180138F7F7A2F883B22B824C
:10917800064BA400E4182268054B1A40C0239B0143
:109188005A40044B1343236070BDC046005C004046
:109198008FB7FFFF808000008B1C9B0010B5C018A4
:1091A80042680C005369128A19688A4200D90A0079
:1091B800200099681A61FFF75DFD064BA400E418CA
:1091C8002268054B1A4030235A40044B134323604E
:1091D80010BDC046005C0040BF87FFFF80800000D4
:1091E800064B8900C9180A68054B1A4080235B01A1
:1091F8005A40044B13430B607047C046005C004064
:109208008FB7FFFF80800000054B8900C9180A68E6
:10921800044B1A4010235A40034B13430B6070470A
:10922800005C0040BF87FFFF80800000C022074B22
:109238008900C9180B6892011340934205D00B6846
:10924800034A1A40034B13430B607047005C00400D
:10925800BF87FFFF80A000003022084B8900C91893
:109268000B681340934207D00A68054B1A40202325
:109278005A40044B13430B607047C046005C0040E3
:10928800BF87FFFF808000004B6843608B68836066
:10929800CB68C3600B6943614B6903628B694362A6
:1092A8000B68036070470000FC22154BD203996AD3
:1092B80010B511439962996A124801409020996249
:1092C800996A5969C0050A435A610F495B69FFF7F2
:1092D800DBFF0E490E48FFF7D7FF0E490E48FFF790
:1092E800D3FF0E490E48FFF7CFFF0E490E48FFF790
:1092F800CBFF0E490E48FFF7C7FFFFF75BF810BD1D
:1093080000100240FFFF81FF489F0008649F00088B
:1093180000040048809F0008000800489C9F00083F
:10932800000C0048B89F000800100048D49F0008AF
:10933800001400487047162303600120404270471C
:1093480000207047180070470020704710B50022B1
:10935800040008000121FDF7ADFE002802D10C230E
:109368000138236010BD10B51400002158222000D8
:10937800F7F7ECFA80239B010020636010BD012001
:10938800704710B5F7F748FA01230360584210BD3B
:0693980001207047FEE712
:0493A000F8B5C04616
:0493A400F8B5C04612
:1093A80000202020202020202020282828282820AD
:1093B80020202020202020202020202020202020A5
:1093C800208810101010101010101010101010100D
:1093D80010040404040404040404041010101010FD
:1093E80010104141414141410101010101010101C7
:1093F8000101010101010101010101011010101019
:109408001010424242424242020202020202020298
:1094180002020202020202020202020210101010EC
:109428002000000000000000000000000000000014
:109438000000000000000000000000000000000024
:109448000000000000000000000000000000000014
:109458000000000000000000000000000000000004
:1094680000000000000000000000000000000000F4
:1094780000000000000000000000000000000000E4
:1094880000000000000000000000000000000000D4
:1094980000000000000000000000000000000000C4
:1094A80000000000040C0020000000000000000084
:1094B80000000000000000000000000000000000A4
:1094C8000000000000000000000000000000000094
:1094D8000000000000000000000000000000000084
:1094E8000000000000000000000000000000000074
:1094F8000000000000000000000000000000000064
:10950800000000000000000035021E001F002000BF
:1095180021002200230024002500260027002D001A
:109528002E002A004C0029002B0014001A00080005
:10953800150017001C0018000C00120013002F0063
:10954800300031004B003900040016000700090004
:109558000A000B000D000E000F0033003400280035
:1095680000004E00E1001D001B0006001900050068
:10957800050011001000360037003800E500E7004C
:109588000000E0000000E20000002C00E300000002
:109598002C000000E600000000000000E4000100CC
:1095A8003A003B003C003D003E003F0040004100C7
:1095B80042004300440045004C000100C25C010029
:1095C800010052000100010001000100010001003A
:1095D80001000100010001000100C35C010050000E
:1095E80051004F00010001000100010001000100CD
:1095F8000100010001000000C45C0100010001003D
:10960800010001000100010001000100010001004A
:10961800010001000100000001000000010000003D
:10962800010001000000010000000100000000002E
:10963800000001000100010001000100010001001B
:10964800010001000100010001000100010001000A
:1096580001000100010001000100010001000100FA
:1096680001000100010001000100010001000100EA
:1096780001000100010001000100010001000100DA
:1096880001000100010001000100010000000100CB
:1096980001000100010001000100010001000100BA
:1096A80001000100010001000100010000000100AB
:1096B800000001000000010001000000010000009E
:1096C800010000000000000001000100010001008D
:1096D800010001000100010001000100010001007A
:1096E800010001000100010001000100010001006A
:1096F800010001000100010001000100010001005A
:109708000100010001000100010001000100010049
:109718000100010001000100010001000100010039
:10972800010000000100010001000100010001002A
:109738000100010001000100010001000100010019
:10974800010000000100000001000000010001000C
:1097580000000100000001000000000000000100FE
:1097680000000000000000000000000000000000F1
:1097780000000000000000000000000000000000E1
:1097880000000000000000002A2B28000000000054
:109798000000000000000000000000290000000098
:1097A8002C1E3420212224342627252E362D373806
:1097B800271E1F202122232425263333362E37380F
:1097C8001F0405060708090A0B0C0D0E0F101112CD
:1097D800131415161718191A1B1C1D2F3130232D99
:1097E800350405060708090A0B0C0D0E0F10111297
:1097F800131415161718191A1B1C1D2F3130354C48
:10980800000000007E0F00D4FFFFFFC700000078B3
:10981800E200E900EA00B500B600B700CD00830118
:10982800CC008A019201940121022302240225021C
:10983800260227022A02B300B4006F00700000005D
:109848000A00004809000048080000480C040048C5
:109858000F0000480D0000480700004802000048BB
:1098680001000048000000480114004800140048A6
:109878000304004804040048050400480D08004893
:109888000E0800480500004804000048030000488E
:10989800C81E140A05FFAA7F55407F3F1F783C1E4B
:1098A8006432140000046432141E0F050001020221
:1098B80002020606060909090909090F0F0F0F0F09
:1098C8000F1515151819191919191919191919230D
:1098D800242525252525252223252628292A2C2D1A
:1098E8002F3032333536383A3B3D3E4042434547C8
:1098F800494A4C4E5051535557595A5C5E60626400
:109908006668696B6D6F71737577797B7D7F81830D
:109918008587898A8C8E90929496989A9C9E9FA10E
:10992800A3A5A7A8AAACAEAFB1B3B4B6B8B9BBBC2F
:10993800BEBFC1C2C3C5C6C7C9CACBCCCDCED0D1A4
:10994800D2D2D3D4D5D6D7D7D8D9D9DADADBDBDB9C
:10995800DCDCDCDCDCDDDDDDDDDCDCDCDCDCDBDB3D
:10996800DBDADAD9D9D8D7D7D6D5D4D3D2D2D1D091
:10997800CECDCCCBCAC9C7C6C5C3C2C1BFBEBCBB8E
:10998800B9B8B6B4B3B1AFAEACAAA8A7A5A3A19F06
:109998009E9C9A98969492908E8C8A8987858381CA
:1099A8007F7D7B79777573716F6D6B6968666462AB
:1099B800605E5C5A5957555351504E4C4A49474579
:1099C8004342403E3D3B3A3836353332302F2D2C1A
:1099D8002A29282625232200000000000000000074
:1099E800000001010203040506080A0C0F111418EF
:1099F8001C2024292E33393F464C535B626A717907
:109A0800818A929AA2AAB2B9C1C8CFD5DCE1E7EBA4
:109A1800F0F4F7FAFCFDFEFFFEFDFCFAF7F4F0EBBC
:109A2800E7E1DCD5CFC8C1B9B2AAA29A928A8179F6
:109A3800716A625B534C463F39332E2924201C1827
:109A480014110F0C0A0806050403020101000000A6
:109A580000000000000000000000000000000000FE
:109A6800000400480F000000180000000001010178
:109A780001010101010102020202020202020203C3
:109A88000303030303030304040404040404050593
:109A98000505050606060606070707070708080856
:109AA80008090909090A0A0A0B0B0B0C0C0C0D0D05
:109AB8000D0E0E0E0F0F0F1010111111121213139D
:109AC8001414151516161717181819191A1A1B1B16
:109AD8001C1D1D1E1E1F2020212222232424252672
:109AE80026272829292A2B2C2D2D2E2F30313232AA
:109AF800333435363738393A3B3C3D3E3F404142B6
:109B0800434445464748494A4C4D4E4F505153549B
:109B1800555658595A5B5D5E5F616264656668694F
:109B28006B6C6D6F7072737577787A7B7D7E8082CF
:109B3800838587888A8C8E8F91939596989A9C9E18
:109B4800A0A2A3A5A7A9ABADAFB1B3B5B7BABCBE28
:109B5800C0C2C4C6C9CBCDCFD1D4D6D8DBDDDFE2F5
:109B6800E4E7E9EBEEF0F3F5F8FAFDFFE200E900CF
:109B7800EA00B500B600B700CD008301CC008A0129
:109B880092019401210223022402250226022702BF
:109B98002A02B300B4006F00700000000300000048
:109BA800000000006D6600080000000008000000CA
:109BB8003812002000000000020000000000000031
:109BC8000300000000000000A56900080000000074
:109BD80020000000881200200000000002000000A1
:109BE80000000000DD66000885660008216800089E
:109BF80071660008D49C0008D89C0008EC9C0008FA
:109C080004120E00399C0008529C0008729C00083F
:109C1800949C0008FC9C00081E9D00084022B60980
:109C2800025B00030100A0FA09040000010301011E
:109C380000092111010001224000070581030800E5
:109C48000A090401000203000000092111010001B2
:109C580022220007058203200001070503032000D4
:109C6800010904020001030000000921110100019B
:109C780022B6000705840320000A12011001000023
:109C88000040000200E6010001020001050109068A
:109C9800A101050719E029E71500250195087501B7
:109CA80081029501750881010507190029FF150032
:109CB80026FF0095067508810005081901290595F4
:109CC8000575019102950175039101C0040309040A
:109CD80012037A006F006F002E00680061007500A3
:109CE800730000000E03570061006D0070007500DE
:109CF800730000000660FF0961A1010962150026D2
:109D0800FF009520750881020963150026FF00955C
:109D18002075089102C005010902A1018502090107
:109D2800A1000509190129081500250195087501E3
:109D380081020501093009311581257F95027508D1
:109D4800810609381581257F950175088106050C5E
:109D58000A38021581257F950175088106C0C0055E
:109D6800010980A101850319012AB700150126B749
:109D780000950175108100C0050C0901A101850439
:109D880019012AA002150126A0029501751081006B
:109D9800C005010906A1018505050719E029E71590
:109DA8000025019508750181020507190029EF159D
:109DB80000250195F075018102050819012905950D
:109DC8000575019102950175039101C0000000001D
:109DD800A36D00088B6D0008D36D0008BB6D0008EB
:109DE800C96D0008B16D0008996D0008816D000803
:109DF80000000000F0A20008881D0020881D002037
:109E0800881D0020F0A200080000000000000000EB
:109E180000000000F0A200080000000000000000A0
:109E280000000000F0A20008000000000000000090
:109E380000000000F0A20008000000000000000080
:109E480000000000F0A20008000000000000000070
:109E580000000000F0A20008000000000000000060
:109E680000000000F0A20008000000000000000050
:109E7800000000006D61696E0069646C6500000097
:109E8800819E0008781B0020301C00200100000083
:109E9800157100080000000000000100000000002B
:109EA8000000024008000240010000000000000914
:109EB800000002401C000240060000000004010AE5
:109EC8000000024030000240060000000008020ABC
:109ED800000002404400024078000000000C030B20
:109EE8000000024058000240780000000010040BF7
:109EF800000002406C000240780000000014050BCE
:109F08000000024080000240780000000018060BA4
:109F1800444D41206661696C75726500000000005F
:109F28004D7E00081D810008C581000840004000E2
:109F3800E0120020E012002001000000F4120020CE
:109F4800A0040028000000005FF7FFFF05515565D9
:109F5800DFFF00000011000000000000800000008A
:109F680000000000FFFFFFFF55555555FFFF00009B
:109F780000000000000000000000000000000000D9
:109F8800FFFFFFFF55555501FFFF000000000000CF
:109F9800000000000000000000000000FFFFFFFFBD
:109FA80055555555FFFF0000000000000000000057
:109FB8000000000000000000FFFFFFFF5555555549
:109FC800FFFF00000000000000000000000000008B
:109FD80000000000FFFFFFFF50555555FFFF000030
:109FE80000000000000000005245454E54206D61FD
:109FF8006C6C6F63207375636365656465640000EA
:10A008002E2E2F2E2E2F2E2E2F2E2E2F2E2E2F2E63
:10A018002E2F2E2E2F2E2E2F6E65776C69622F6CA9
:10A028006962632F7374646C69622F72616E642E47
:10A03800630000002C2066756E6374696F6E3A20A9
:10A0480000000000617373657274696F6E202225C9
:10A058007322206661696C65643A2066696C6520C4
:10A06800222573222C206C696E65202564257325B2
:10A07800730A0000232D302B20000000686C4C0070
:10A088006566674546470000303132333435363728
:10A0980038394142434445460000000030313233EC
:10A0A800343536373839616263646566000000000C
:08A0B8007C65FF7F0100000040
:10A0C000040C002000000000F0940008D094000868
:10A0D000B094000800000000000000000000000034
:10A0E0000000000000000000000000000000000070
:10A0F0000000000000000000000000000000000060
:10A10000000000000000000000000000000000004F
:10A11000000000000000000000000000000000003F
:10A12000000000001E320A141E640828020101000B
:10A130001400141401191A1B1C1D1E1F20212206B5
:10A14000FFFF000000010000000000000000000010
:10A1500000000000000000000000000000000000FF
:10A1600000000000000000000000000000000000EF
:10A1700000000000E61000202D660008040000002A
:10A1800004000000000000000000000000000000CB
:10A1900000000000000000000000000000000000BF
:10A1A00000000000000000000000000000000000AF
:10A1B000000000000000000000000000000000009F
:10A1C0000300000000000000C96F0008000000004C
:10A1D000200000000000000000000000020000005D
:10A1E000000000000300000000000000000000006C
:10A1F0003D7000080000200000000000000000008A
:10A200000200000000000000030000000000000049
:10A210007770000800000000080000000000000047
:10A22000000000000200000000000000FC1C0020F4
:10A2300002030000040000000400000020000000F1
:10A24000200000000000000010110020A0110020DC
:10A2500000000000000000000000000000000000FE
:10A2600000000000000000000000000000000000EE
:10A2700000000000000000000000000000000000DE
:10A2800000000000000000000000000000000000CE
:10A2900000000000000000000000000000000000BE
:10A2A00000000000000000000000000000000000AE
:10A2B000000000000000000000000000000000009E
:10A2C000000000000000000000000000000000008E
:10A2D00001000000C16A0008CD6A0008556B000843
:10A2E000916B0008BD6B000800960000000008009C
:0400000508000231BC
:00000001FF
